# Blender 5.0.1
# www.blender.org
mtllib hair.mtl
o Hair
v -7.348168 -12.858732 -358.874939
v -8.228486 -16.091726 -353.418732
v -11.132636 -12.159183 -353.833496
v -9.480971 -10.232760 -359.574921
v -16.972401 3.675427 -353.706299
v -16.600504 2.753182 -357.187042
v -16.633495 1.175919 -356.713409
v -16.930958 2.175871 -353.153320
v -14.726890 5.977783 -343.371979
v -14.524975 5.915939 -345.459564
v -14.604568 3.918011 -345.846680
v -14.696391 4.317427 -345.036743
v -15.562271 5.364769 -355.004242
v -15.639833 4.315299 -357.976929
v -14.329222 7.377178 -343.405334
v -14.228746 7.582558 -345.455933
v -14.830162 5.526601 -347.524414
v -15.719332 5.294650 -348.794495
v -15.262175 2.598681 -348.909698
v -15.197721 3.192497 -347.353851
v -14.361934 7.801478 -347.320587
v -14.901641 7.569786 -349.195953
v -15.708773 6.784483 -351.802979
v -16.485174 4.462808 -350.543884
v -17.741539 3.038485 -349.993744
v 12.491982 16.102831 -363.276184
v 13.422241 13.958166 -364.574860
v 14.317382 12.124226 -364.740021
v 12.598874 18.881031 -351.965485
v 15.038189 15.573119 -351.736816
v 15.838145 14.708974 -353.640289
v 12.904975 17.645153 -353.461243
v 13.566572 16.678577 -355.658997
v 15.933910 14.286316 -355.923126
v 15.664742 13.825834 -358.796173
v 14.053119 15.986098 -358.264160
v 15.046057 14.077087 -361.662231
v 13.768089 15.834947 -360.636963
v 15.487211 11.943753 -361.767639
v 16.485876 11.817745 -359.120148
v 17.428591 11.958873 -356.050720
v 16.753063 13.578926 -351.829346
v 17.021547 12.663460 -353.747772
v 12.423687 19.555925 -350.408264
v 13.784920 16.727341 -350.042969
v 15.213831 14.471133 -350.441193
v -4.053870 23.958855 -361.685486
v -3.142873 22.698858 -363.511932
v -1.412810 23.213825 -362.971619
v -1.597511 24.035313 -362.017914
v -5.220992 21.866411 -361.542145
v -4.082519 21.069216 -363.846832
v -3.844400 24.924923 -360.089203
v -5.584476 23.250788 -359.305298
v -4.853589 23.917847 -357.517426
v -2.897997 25.103100 -358.697205
v -1.770643 25.150686 -357.673157
v -3.586731 24.854797 -356.299805
v -1.646814 25.291014 -355.274200
v -0.493973 25.533936 -356.816498
v 1.386497 25.718533 -356.372986
v 0.633139 25.796318 -354.978607
v 3.136449 25.724182 -355.196686
v 4.701342 25.661245 -356.501251
v 1.074234 25.345957 -357.773651
v 2.800176 25.460951 -357.588593
v 6.254893 25.414103 -358.239105
v -0.039901 25.151821 -358.586517
v -0.753565 25.188070 -359.626434
v -1.455013 24.598494 -360.703766
v -0.270816 19.760180 -366.073059
v -0.036497 21.097322 -365.187012
v 0.215582 21.987921 -364.295776
v -2.609830 20.620317 -365.403137
v -1.699589 21.493296 -364.697723
v -0.576981 22.365791 -363.888397
v -14.171754 7.497546 -344.833405
v -14.248521 6.366298 -345.131256
v -14.299492 6.556304 -347.852234
v -14.317230 7.900249 -347.704193
v -13.250993 6.577816 -338.085449
v -13.597694 5.998398 -338.138245
v -14.283239 6.450303 -340.613495
v -13.757515 7.445338 -340.964020
v -14.018831 8.640705 -344.183563
v -14.239644 8.765952 -347.035645
v -12.993814 7.226560 -338.119019
v -13.563732 8.152056 -340.780518
v -14.181819 7.772830 -343.387512
v -14.373441 6.529905 -343.641754
v -13.935376 8.681109 -342.968933
v -15.886639 0.132082 -351.509155
v -16.017015 -3.216193 -351.029480
v -15.996981 -3.321160 -354.570099
v -15.994432 -0.166543 -355.259064
v -16.206038 -0.381582 -347.971161
v -15.212809 -2.871821 -347.201294
v -16.781700 -0.720328 -343.714020
v -14.469915 -1.555197 -343.182068
v -16.259739 1.669735 -336.783447
v -14.053196 0.301849 -335.637360
v -18.563704 -0.437779 -333.544830
v -15.556395 -1.632234 -331.703339
v -13.921127 -6.859552 -350.925415
v -13.948284 -6.214253 -354.609161
v -13.538666 -6.923447 -347.083679
v -12.729866 -4.119249 -342.563782
v -12.312920 -0.714889 -335.412384
v -13.015713 -1.643928 -332.133820
v -15.926914 1.031682 -339.877319
v -13.549609 0.406282 -339.062775
v -12.549000 -1.912935 -338.760742
v -17.152042 0.847288 -334.077545
v -14.934171 -0.463107 -332.692505
v -12.719805 -0.904083 -333.008606
v 5.254244 1.335314 -375.432037
v 3.567122 -0.157645 -375.576080
v 1.656632 1.368888 -375.508850
v 3.386714 2.366859 -375.372406
v 17.666977 -9.401966 -353.119568
v 15.646428 -13.118682 -353.534302
v 12.445575 -12.964184 -359.234985
v 15.331354 -8.617242 -358.635956
v 17.690840 -10.672891 -351.134094
v 15.968884 -13.873397 -351.722565
v 13.866394 -16.810051 -352.441833
v 13.311854 -16.084618 -354.109589
v 10.117644 -15.909526 -359.052673
v 12.921743 -5.204355 -368.698853
v 10.369501 -8.102821 -369.691040
v 8.568283 -4.950273 -372.623535
v 10.755187 -2.781341 -371.962311
v 10.872293 -10.968328 -366.081421
v 13.433843 -7.550490 -365.195038
v 8.546156 -13.560691 -366.162292
v 8.044971 -10.465220 -370.098846
v 6.589258 -6.746493 -372.442627
v 5.682995 -1.996803 -374.738190
v 7.767991 -0.045319 -374.243469
v 3.785955 -2.702785 -374.899017
v 2.270615 -1.006493 -375.530121
v 0.956381 0.081505 -375.620972
v 9.029362 -15.146120 -362.480530
v 12.225866 -12.736428 -362.441650
v 14.774185 -8.636532 -361.306488
v 11.753143 -15.544491 -356.944611
v 14.120855 -12.887217 -356.641388
v 16.122499 -8.678314 -355.962769
v 16.672834 -1.515595 -347.429932
v 16.165432 -3.869623 -345.779266
v 15.429259 -7.513889 -346.336426
v 16.128426 -6.490067 -348.039215
v 17.021196 -4.446252 -350.562988
v 17.669186 0.801288 -349.764160
v 16.722057 -0.359622 -348.660034
v 16.622004 -5.213721 -349.118866
v 14.805664 -10.038880 -348.860413
v 14.703029 -10.207043 -347.385162
v 15.085380 -9.085413 -350.958649
v 14.664476 -9.860792 -349.747772
v 15.403488 -4.647646 -344.137177
v 14.951427 -7.470594 -344.620880
v 15.322289 -8.691636 -345.337708
v 17.434557 1.393875 -349.597229
v 17.369932 0.903066 -348.562866
v 16.626144 0.192234 -347.347473
v 16.150097 -0.669260 -346.052795
v 15.272064 -1.786149 -344.859283
v 0.243745 1.936262 -375.542908
v 0.786694 3.052482 -375.004395
v 1.701442 2.205565 -375.236938
v 1.748728 1.228606 -375.642212
v -7.874157 -14.645911 -356.979736
v -8.053292 -12.022678 -360.773773
v -3.321508 -14.835515 -361.982971
v -3.018734 -17.390314 -357.667358
v -3.082544 -19.970200 -349.847565
v -5.429684 -18.852852 -351.112457
v -1.619274 -20.108032 -351.630341
v -0.987863 -20.517221 -349.996094
v 2.208897 -19.799255 -352.440948
v 2.390833 -20.328733 -350.481384
v -7.448381 -17.631981 -353.355865
v -2.662444 -19.067234 -354.198669
v 2.082778 -18.914587 -354.847473
v 2.363474 -17.901403 -358.392670
v 2.664703 -15.689548 -362.101532
v -3.055073 -7.710560 -371.630737
v -1.232528 -2.773376 -375.033081
v 0.933225 -3.537242 -375.290436
v 0.170713 -8.351516 -372.529816
v -7.161227 -11.571021 -366.629425
v -2.399006 -12.803669 -367.491302
v 3.291065 -12.939084 -367.420654
v 3.995628 -8.556715 -371.936981
v 3.423591 -4.127565 -374.225830
v -0.455858 -0.538714 -375.527283
v 1.650718 -0.898159 -375.933350
v 3.720321 -1.251390 -375.433197
v 3.383377 0.654898 -375.489685
v 3.272209 1.882485 -374.879028
v 9.217491 -4.064238 -371.567627
v 8.944307 -0.030319 -372.691864
v 12.245873 1.005792 -371.104950
v 12.903380 -2.384915 -369.813232
v 1.851733 -0.921403 -374.304626
v 5.632801 -0.625449 -373.891693
v 5.560419 -5.157332 -372.084229
v 1.693876 -5.632043 -372.559998
v 6.018767 7.260042 -373.827698
v 5.572037 3.375481 -374.347198
v 2.294835 3.289905 -374.628143
v 3.187021 7.280753 -374.595673
v 10.862386 7.344717 -370.798279
v 11.442190 4.062809 -371.805725
v 8.647812 3.654436 -372.917236
v 8.363876 7.273322 -373.129852
v 15.075749 5.408532 -364.700256
v 13.968205 4.831542 -368.555481
v 12.988297 7.677503 -367.855652
v 14.979445 8.162017 -364.536621
v 13.347525 -5.444420 -366.228668
v 9.682045 -6.874406 -368.036285
v 1.532901 -9.138019 -369.928040
v 5.591664 -8.695144 -369.381836
v 3.566575 11.096031 -372.755951
v 6.020221 10.886236 -372.302094
v 10.141891 10.475004 -369.372955
v 7.942360 10.707155 -371.101105
v 9.222262 15.784139 -365.839081
v 7.254027 16.036335 -367.463470
v 4.990981 15.847711 -369.003021
v 2.452823 15.834601 -369.691925
v 15.191611 -3.312821 -362.884338
v 16.450754 -1.225233 -359.735718
v 16.692177 -2.468914 -356.686951
v 15.506010 -4.658570 -359.120514
v 13.026353 -7.329758 -362.278931
v 9.677773 -8.711172 -365.185364
v 1.375638 -11.459435 -366.653290
v 5.398090 -10.569816 -366.686920
v 16.932688 5.794150 -360.384308
v 17.859655 3.686773 -359.443939
v 15.477071 2.802970 -364.055420
v 16.432281 8.119999 -360.811401
v 15.182824 -0.850893 -366.189453
v 14.092103 2.011309 -368.375183
v 12.327770 10.456749 -366.605591
v 11.203370 15.073818 -364.113159
v 17.373093 7.984617 -352.497681
v 17.650700 6.253589 -352.006561
v 17.930534 5.989586 -354.377258
v 17.746456 7.847571 -354.995728
v 17.043983 7.832816 -350.251099
v 17.317871 5.911825 -350.000519
v 16.633007 4.135693 -350.647217
v 17.859446 4.512476 -351.990112
v 18.105206 4.195845 -354.110077
v 17.837322 -0.236371 -354.422729
v 17.661854 0.549870 -356.725891
v 15.586229 0.451204 -362.377808
v 17.421947 1.828892 -358.482483
v 16.519543 11.286538 -352.994049
v 16.361465 11.247978 -350.851440
v 14.334188 14.885596 -353.283600
v 14.133144 15.481538 -350.968384
v 16.635033 11.051078 -355.471466
v 14.494048 14.366879 -355.846863
v 12.943457 14.135597 -362.703705
v 14.190408 10.654195 -363.972900
v 15.412597 10.667407 -361.097351
v 16.136507 10.867533 -358.190430
v 14.208042 14.088795 -358.277649
v 16.655466 2.744292 -350.729065
v 17.978212 3.120006 -352.049866
v 18.122622 2.828084 -353.972229
v 13.629922 13.768505 -360.860474
v 18.019569 2.164435 -352.484924
v 16.703133 1.761850 -351.013092
v 17.369211 7.851089 -357.661652
v 17.597500 5.913461 -357.133942
v 18.132238 4.225654 -356.349915
v 18.441803 2.347343 -353.368225
v 18.296833 1.655835 -354.618500
v 17.987545 1.209019 -353.154572
v 17.929972 2.455643 -355.882324
v 16.867493 0.809525 -351.494904
v -5.957040 -4.163531 -371.185425
v -10.806768 -1.831437 -367.760010
v -10.196034 1.244414 -369.542389
v -4.806426 -0.305326 -372.672150
v -2.081888 -5.315303 -371.992157
v -1.595043 -0.817430 -373.445557
v 0.173663 7.257607 -374.880096
v -1.205748 3.220852 -374.849457
v -7.313212 7.929945 -370.779114
v -3.352106 7.435418 -373.407349
v -4.414691 3.572296 -373.631470
v -8.951070 4.293117 -370.396942
v -13.608542 6.356439 -364.126129
v -12.473790 8.914171 -364.666290
v -10.714561 8.665331 -367.444580
v -12.171782 5.706233 -366.711945
v -6.864643 -8.222499 -367.916687
v -11.346807 -4.752275 -364.678619
v -2.259304 -9.850578 -368.916687
v 0.819978 10.994755 -372.914215
v -6.017174 11.229053 -370.311401
v -2.608259 11.009660 -372.369293
v -5.822248 16.618530 -366.791290
v -3.250142 16.378513 -368.373779
v -0.190776 15.971688 -369.463867
v -13.728081 -2.511127 -362.080139
v -14.227455 -4.740757 -359.303162
v -14.949672 -2.433824 -357.671356
v -14.655221 -0.761057 -360.344025
v -7.394078 -10.429879 -363.586578
v -11.697771 -7.316771 -361.259583
v -2.556207 -12.157126 -365.601074
v -14.459739 6.264808 -361.483978
v -14.226941 3.583998 -363.260986
v -14.946116 4.177019 -360.767975
v -13.779806 8.506759 -361.972229
v -13.439692 -0.121914 -364.353394
v -13.105328 2.703052 -365.723419
v -9.863008 11.048857 -367.131683
v -8.223068 15.778893 -364.834564
v -15.122967 7.186160 -354.710358
v -15.029417 7.421667 -357.018494
v -15.367441 5.794621 -356.627930
v -15.413063 5.452510 -354.353119
v -15.427631 6.794301 -352.177338
v -15.338673 5.011517 -352.006104
v -15.422997 3.373423 -351.853455
v -15.609299 3.791785 -354.186310
v -15.610512 4.255923 -356.245392
v -15.308653 -0.562342 -356.308563
v -15.353739 0.779328 -358.289032
v -15.231167 2.381953 -359.699463
v -14.785979 1.329020 -361.910065
v -15.381752 8.294606 -352.038452
v -14.918139 8.684601 -354.460754
v -14.208408 10.325741 -352.760498
v -14.127743 10.992459 -354.285248
v -13.399671 11.996940 -356.951935
v -14.641713 9.204009 -356.963257
v -10.311258 14.622693 -362.808594
v -11.597260 11.260371 -364.428589
v -12.890720 10.673505 -362.119019
v -12.564376 12.870090 -359.153412
v -13.866961 10.068398 -359.496796
v -15.514500 2.148522 -351.859680
v -15.677645 2.348684 -354.241241
v -15.722761 2.738883 -356.101196
v -11.591912 13.651228 -361.277069
v -15.751141 1.698436 -354.475037
v -15.875561 1.249671 -351.743378
v -14.666542 8.056861 -359.283630
v -15.194206 6.135023 -358.900970
v -15.420172 4.533958 -358.381317
v -15.750341 1.757042 -355.777222
v -15.680195 1.546806 -356.650879
v -15.651148 1.017609 -355.204163
v -15.684710 2.930966 -357.649292
v -15.636259 0.201615 -352.640259
v 6.827642 -9.788989 -334.608612
v 4.724125 -8.799835 -328.392944
v 1.494782 -9.672332 -327.907837
v 3.487493 -11.695812 -335.545074
v 4.958860 -16.259453 -345.091278
v 9.940250 -12.599930 -345.058380
v 9.604437 -12.286305 -340.785736
v 6.064295 -14.812233 -341.209991
v -0.359081 -12.362644 -337.066650
v -0.721526 -9.672845 -331.149445
v -0.102823 -16.928665 -344.550629
v 0.060658 -15.298579 -342.249695
v 4.317657 -10.455690 -326.495117
v 1.223521 -11.011928 -325.970703
v -1.024187 -9.472556 -327.410309
v 12.281559 -11.249461 -344.505646
v 10.579617 -10.728324 -341.879059
v 7.887111 -7.638646 -335.220062
v 6.312802 -7.854735 -329.371796
v 5.915350 -9.462406 -327.054565
v 6.851214 -7.552503 -331.332520
v 5.446576 -8.531233 -331.025482
v 2.959446 -9.551743 -331.019958
v -0.118830 -10.266212 -333.707886
v 6.022655 -8.581844 -327.613831
v 4.462016 -9.328632 -326.799988
v 1.340237 -10.279079 -326.698059
v -0.885633 -9.159246 -328.194397
v -4.008322 -9.901123 -333.581757
v -0.990666 -11.690636 -334.513153
v -1.350181 -9.670707 -326.760223
v -3.476616 -8.712668 -326.729523
v 2.620506 -17.826122 -344.866180
v 2.834711 -15.851488 -341.714294
v -2.072818 -14.121819 -340.116913
v -2.818520 -16.317242 -344.289886
v 3.489957 -13.253941 -337.228058
v 1.746214 -9.659765 -329.333923
v 6.919809 -16.129320 -344.847198
v 7.203930 -15.122462 -342.371613
v -1.035954 -11.885899 -324.861176
v -2.931266 -11.470551 -325.090149
v 1.329017 -11.731843 -326.478455
v -4.398421 -12.752020 -339.194641
v -5.282111 -14.380734 -343.224823
v -5.244940 -8.188054 -332.951843
v -4.549345 -7.738858 -327.351776
v -4.205133 -9.485478 -325.615265
v 1.520798 -10.916397 -326.433624
v -1.066706 -10.927806 -325.243530
v -3.049651 -10.205738 -325.274261
v -4.188157 -8.831837 -325.844971
v 2.519981 -10.862342 -332.923523
v -1.323920 -9.890526 -330.063965
v -3.711636 -8.026465 -330.320801
v -4.928090 -7.003670 -330.375580
v 11.507602 -4.369505 -337.039429
v 9.691208 -4.923264 -331.562347
v 8.244069 -6.454964 -331.547852
v 9.517100 -8.975010 -338.581909
v 13.190687 -11.365428 -346.214325
v 14.452870 -6.414572 -344.829651
v 12.671882 -5.257269 -340.342621
v 12.095608 -10.633793 -343.571045
v 9.626664 -12.913076 -341.061401
v 7.619132 -8.831975 -334.977386
v 10.862578 -13.967863 -346.032532
v 10.578312 -13.549780 -343.910980
v 9.015550 -6.365544 -327.839508
v 7.434291 -7.774589 -327.457031
v 6.136383 -8.540095 -327.712189
v 14.323538 -2.436914 -343.773651
v 12.512126 -2.449985 -339.459045
v 12.462008 -1.691690 -335.352203
v 11.644425 -2.871097 -332.393127
v 10.745823 -3.810394 -329.922119
v 6.748802 -7.782384 -330.952209
v 7.645106 -7.061991 -329.747772
v 9.105997 -5.681337 -329.938324
v 11.087057 -3.421279 -331.122223
v -4.556252 -8.742479 -331.418060
v -1.582756 -10.795515 -333.234528
v -1.401368 -11.094466 -327.034332
v -2.907644 -9.356070 -327.023285
v -1.989801 -17.262157 -344.375519
v -1.649573 -15.210788 -341.225555
v -4.707010 -12.682043 -339.040375
v -5.607618 -14.784442 -343.911377
v 1.557042 -12.313527 -333.504181
v 1.321628 -12.259496 -327.310455
v 0.996969 -18.060328 -344.178528
v 2.912505 -16.722775 -341.671661
v -1.710445 -12.792179 -326.244751
v -3.325486 -11.789904 -326.262238
v 1.001489 -13.613214 -326.463043
v -6.518087 -10.299388 -337.877228
v -7.805726 -12.065887 -342.754639
v -5.344832 -6.944090 -331.035004
v -4.463084 -8.381181 -327.059265
v -5.175180 -10.683326 -326.291107
v -4.282972 -7.796196 -328.758728
v -3.141148 -8.821459 -328.838806
v -1.392792 -10.547493 -329.104584
v 1.498821 -11.584269 -329.789948
v -10.542461 -9.666396 -344.016418
v -7.623345 -13.772353 -343.946014
v -7.010060 -11.951999 -338.787079
v -9.158472 -8.854656 -339.811768
v -8.121366 -13.242934 -349.523987
v -8.147822 -13.953318 -346.774689
v -11.271365 -9.956483 -346.352722
v -11.456877 -10.642804 -349.289093
v -4.869139 -15.855533 -344.701935
v -4.835645 -14.198132 -340.324005
v -5.047251 -15.865732 -349.336823
v -5.327229 -16.656570 -347.204956
v -6.273067 -7.917725 -325.507111
v -7.623688 -6.537722 -325.606445
v -5.014132 -8.356586 -325.986420
v -13.025096 -6.033888 -346.266144
v -13.465755 -6.145662 -349.232849
v -12.133665 -6.443210 -343.510773
v -10.512580 -6.379677 -339.659943
v -8.455793 -3.974590 -326.626404
v -8.863139 -3.468328 -331.827942
v -6.781725 -5.402740 -331.003204
v -5.856906 -7.249083 -330.445251
v -4.534093 -9.074668 -331.457947
v -4.128360 -8.175717 -329.011383
v -5.650184 -7.626638 -327.529083
v -6.892410 -5.751026 -328.412567
v -8.309044 -3.717111 -329.134033
v 17.533869 1.371050 -346.750244
v 15.937824 -1.721045 -345.899994
v 16.120459 -1.446185 -349.064697
v 16.885900 1.597396 -349.661072
v 15.566778 0.276738 -342.745667
v 14.213939 -2.795674 -342.065521
v 13.573156 -0.271581 -336.967438
v 12.764915 -2.536991 -337.146423
v 13.769937 -0.064511 -333.224518
v 12.266119 -2.100872 -332.935150
v 14.941475 -0.682208 -331.164825
v 12.706277 -2.421602 -331.222504
v 14.867084 -4.561623 -345.289062
v 15.579029 -5.618939 -348.415222
v 13.252398 -5.213827 -342.049377
v 11.379629 -4.788326 -337.160095
v 11.542328 -3.538241 -333.263000
v 12.508350 -3.631911 -332.035370
v 12.244923 -5.114082 -340.304657
v 13.404270 -2.815580 -340.147491
v 14.494030 -0.021190 -340.238770
v 17.489170 0.999799 -346.952942
v 16.080027 -1.694529 -346.783875
v 16.690441 -1.448091 -349.384796
v 16.800669 1.491092 -349.966827
v 16.850342 0.823602 -344.302429
v 15.591754 -2.123167 -343.780853
v 15.444810 2.272244 -340.464966
v 13.702186 -2.438492 -339.506134
v 14.097989 0.572050 -335.014008
v 13.001474 -1.792513 -334.737213
v 15.306851 -0.936094 -332.505524
v 13.527580 -2.616030 -332.005920
v 15.497997 -5.224699 -346.429382
v 15.938670 -6.261483 -349.434906
v 14.282640 -5.861300 -343.951202
v 12.509439 -5.176014 -340.007019
v 11.680255 -3.793671 -334.184601
v 12.658389 -4.047602 -332.388977
v 14.456764 1.431919 -336.893860
v 13.331535 -1.549895 -336.412659
v 11.832621 -3.915635 -336.106232
v 16.460545 -1.903766 -346.469238
v 16.638443 -4.005502 -348.732971
v 18.074867 1.515939 -350.370941
v 17.286503 1.971043 -349.135315
v 10.143573 -4.977174 -332.792267
v 9.162391 -6.704909 -333.419952
v 13.220181 -8.114618 -342.737366
v 13.279443 -5.741000 -341.468536
v 11.599525 -7.282001 -328.203857
v 13.225188 -6.329755 -328.467346
v 8.770782 -7.926952 -327.179840
v 8.035074 -8.162441 -334.071777
v 13.176675 -10.499144 -342.883636
v 15.114405 -7.200631 -345.374817
v 15.304316 -4.851347 -344.185089
v 14.961403 -9.692566 -346.906952
v 15.765246 -7.086857 -351.164825
v 18.243330 -1.899063 -352.962494
v 18.259539 3.858946 -352.559204
v 17.507305 5.439709 -349.895569
v 18.644701 2.015157 -355.487671
v 17.890213 7.356207 -355.319519
v 17.157846 9.129610 -352.692871
v 18.238604 5.855225 -357.370514
v 6.670561 -7.856625 -329.463623
v 8.648094 -6.442640 -329.493408
v 9.965895 -5.334308 -329.348816
v 11.220770 -9.870727 -339.011719
v 11.547119 -7.591028 -337.853394
v 11.624618 -5.074646 -336.289276
v 7.151386 -7.915880 -327.737244
v 9.456326 -7.391881 -327.872040
v 10.924947 -6.413520 -328.001038
v 7.069578 -7.644301 -331.170807
v 8.405684 -6.475170 -330.962402
v 9.594611 -5.224150 -330.633484
v 16.824738 -0.812059 -347.518097
v 15.296760 -6.858072 -347.217957
v 16.742996 -6.407419 -349.794220
v 17.433798 -1.220799 -350.187408
v 15.197145 -3.276113 -342.331512
v 13.554098 -7.438667 -342.667297
v 13.183233 -3.273906 -336.901886
v 11.857639 -5.967768 -336.829102
v 13.452058 -3.559990 -333.134399
v 11.304757 -5.315416 -332.007477
v 17.343668 -3.050237 -329.643860
v 14.170791 -4.397949 -329.723572
v 14.465304 -10.800946 -347.171265
v 13.911695 -11.405151 -349.979523
v 12.827587 -10.620365 -342.602814
v 10.443519 -7.894651 -336.464111
v 8.632870 -6.757715 -330.527344
v 11.997660 -6.316162 -328.715424
v 9.196282 -6.388933 -329.339996
v 12.137495 -4.808177 -330.289551
v 15.111951 -3.292293 -330.641235
v 14.207370 -10.665496 -344.773346
v 14.708375 -6.985700 -344.664856
v 16.275499 -1.691678 -344.965240
v -9.741326 -4.528047 -334.535461
v -8.629902 -7.262475 -335.621735
v -6.958462 -5.559777 -329.614716
v -8.201151 -4.207251 -330.064850
v -10.669636 -13.129770 -350.326385
v -9.659332 -9.818930 -340.970032
v -10.748289 -5.908814 -338.873413
v -13.044316 -8.334940 -348.612152
v -7.434400 -9.263930 -335.330414
v -5.916916 -7.352564 -330.335266
v -7.639297 -15.051207 -350.455322
v -7.321402 -13.217572 -341.371338
v -7.142555 -6.945227 -326.647705
v -8.802348 -5.639099 -327.166504
v -5.704998 -8.839827 -327.472748
v -11.418631 -2.004110 -338.114075
v -13.980413 -3.468686 -347.359497
v -10.548343 -2.024927 -333.793518
v -10.111576 -2.454916 -330.890686
v -10.322622 -3.352254 -328.744659
v -8.130986 -14.257580 -344.597198
v -10.696755 -11.398886 -344.309387
v -12.177249 -6.799337 -342.793549
v -13.060638 -2.401079 -342.328705
v 18.962664 2.374974 -350.172211
v 17.742126 0.755066 -349.400848
v 18.718929 -1.288058 -352.606079
v 18.515755 1.437829 -353.271301
v 18.439306 1.669688 -347.598755
v 17.183104 0.354887 -346.799835
v 17.737066 1.288300 -344.300781
v 15.873503 -1.464359 -343.483429
v 17.191395 0.948899 -340.314606
v 14.712064 -1.695583 -339.514984
v 19.156218 -1.771963 -337.870819
v 16.404486 -3.351901 -338.137207
v 17.426178 -4.292871 -349.195648
v 15.914350 -6.175519 -353.360016
v 16.243574 -4.627645 -346.668304
v 14.900032 -4.499346 -343.235718
v 13.725721 -2.840789 -339.327454
v 14.659132 -4.178035 -338.544159
v 17.565247 1.660776 -342.669189
v 15.178796 -1.128153 -341.566681
v 14.686046 -2.979675 -341.165985
v 17.996151 -0.061961 -338.481750
v 15.257030 -2.033261 -338.301880
v 13.627730 -3.122514 -338.442780
v 14.026267 -3.804938 -338.073639
v 15.978659 -2.878289 -337.819061
v 18.696136 -1.202716 -337.718658
v -7.134506 -14.775363 -342.650726
v -3.860702 -17.222063 -342.370056
v -1.858097 -11.605417 -332.795410
v -4.913944 -10.703971 -332.575684
v -1.355154 -17.432751 -351.815613
v -3.008731 -18.177572 -345.780975
v -6.883423 -15.791669 -345.993164
v -5.724330 -16.205902 -351.347229
v -0.214361 -17.968250 -342.484406
v 1.229627 -13.728487 -334.891785
v 2.051888 -18.271912 -351.441589
v 0.476703 -19.084116 -345.876038
v -2.307308 -12.304853 -327.093903
v -3.871567 -11.615685 -326.942505
v -0.152152 -12.889410 -327.484039
v -9.162608 -13.789393 -345.501038
v -8.535001 -14.710589 -350.531769
v -9.095622 -12.979060 -342.081512
v -6.175167 -9.975350 -334.160065
v -4.821726 -10.205845 -327.676392
v 0.324753 -16.316730 -338.549469
v -2.938166 -14.841407 -337.839539
v -6.377597 -12.828294 -337.758789
v -7.967470 -11.305743 -338.086578
v 0.950150 -12.061082 -330.521454
v -1.422803 -11.417342 -329.669312
v -3.261185 -10.437595 -329.521942
v -4.611105 -9.411016 -329.746796
v 12.909402 -12.496966 -345.731659
v 10.918020 -12.355599 -341.781921
v 8.405762 -14.707466 -341.688873
v 9.260261 -16.393316 -345.935577
v 7.483742 -15.265942 -358.284180
v 11.594472 -11.838853 -357.980133
v 11.727925 -13.069084 -350.966980
v 7.291139 -17.356144 -351.161774
v 4.894088 -17.868473 -346.553864
v 5.706261 -16.178843 -342.633545
v 4.100896 -16.624144 -357.738403
v 3.528618 -18.708225 -351.140076
v 8.356631 -11.303472 -339.082428
v 4.967496 -13.442492 -338.332397
v 3.651374 -14.422950 -339.430695
v 13.564878 -8.890854 -357.329407
v 13.896825 -10.170362 -350.493927
v 14.301133 -10.111954 -345.983704
v 12.590106 -10.039396 -342.826874
v 10.226271 -9.552032 -340.014496
v 9.800865 -15.112148 -342.285431
v 5.505145 -12.506533 -335.790466
v 2.941548 -14.287196 -335.480621
v 6.138556 -17.293327 -342.389465
v 2.269435 -18.976036 -349.670105
v 8.124124 -17.079391 -349.550995
v 9.257076 -16.972940 -344.928711
v 3.674591 -19.165968 -344.934052
v 0.522300 -18.384684 -343.065094
v 0.294266 -16.210920 -337.635529
v -1.211484 -18.816982 -348.865417
v -0.899294 -18.678055 -345.091797
v 4.380518 -10.832244 -330.889984
v 2.614088 -12.699305 -330.882019
v 1.274941 -13.919953 -332.807495
v 11.780449 -14.026905 -348.609344
v 12.168234 -13.025316 -345.106995
v 12.419213 -12.632207 -342.951294
v 8.171631 -12.581803 -337.240692
v 6.006649 -9.845072 -332.962585
v 10.844413 -12.466341 -340.845367
v 8.355226 -13.832195 -339.152435
v 4.496652 -15.713853 -338.525879
v 0.606049 -17.101210 -339.642456
v 6.117993 -11.084151 -334.859558
v 4.269555 -11.592267 -333.260376
v 2.392155 -13.185225 -333.249847
v 0.814725 -14.665334 -335.276550
v 15.119876 -6.028234 -343.294586
v 13.090330 -7.702397 -340.687073
v 11.807114 -11.292068 -339.802429
v 14.080734 -10.964355 -343.663361
v 13.632421 -12.328028 -348.773499
v 16.567440 -6.249076 -348.395386
v 16.393946 -5.858662 -345.501038
v 14.863769 -11.690245 -346.051453
v 12.261427 -14.258749 -344.272339
v 10.727048 -13.405499 -340.449097
v 10.470314 -15.545496 -348.449890
v 11.680839 -15.072833 -346.178894
v 10.939689 -6.693485 -332.819855
v 7.826014 -8.334044 -330.795868
v 6.100291 -9.774078 -330.230743
v 17.443565 -0.605901 -347.654572
v 16.781443 -0.398538 -345.566559
v 15.991356 -2.280440 -343.355743
v 14.381771 -3.871456 -339.847046
v 13.520205 -4.033224 -334.960999
v 7.475970 -12.163230 -335.262878
v 8.883772 -9.758012 -334.380463
v 11.179674 -7.233410 -335.499329
v 13.959626 -4.326621 -336.740021
v 9.450833 -13.302762 -338.418091
v 10.025695 -10.812310 -337.122528
v 11.910017 -7.876215 -338.011047
v 14.187956 -4.253666 -338.280121
v 12.099795 -13.612241 -342.769318
v 12.793226 -11.030580 -342.382690
v 14.639742 -6.447443 -342.050262
v 15.171889 -3.158813 -341.394440
v -0.223324 -15.991726 -336.141541
v 2.850164 -19.175674 -342.557281
v 0.468279 -19.714754 -350.320770
v 3.064072 -20.003044 -344.782288
v 0.211263 -18.628988 -342.508514
v -1.358764 -14.886684 -336.177368
v -1.560971 -19.190582 -349.967896
v 0.180370 -19.213585 -344.753174
v -3.127242 -14.969769 -332.741821
v -3.600902 -14.731740 -333.471100
v 3.566231 -19.759100 -350.070465
v 5.396411 -19.173441 -344.828339
v 5.001278 -18.171207 -343.006287
v 1.474650 -15.913418 -336.779144
v -2.388717 -14.703577 -332.408417
v 4.015121 -17.431690 -341.296570
v 1.743078 -18.337444 -340.633087
v -0.324319 -17.848186 -340.174683
v -0.511679 -14.210516 -334.095642
v -1.673546 -14.545541 -333.786804
v -2.436592 -14.183694 -334.139740
v -0.941127 -16.085081 -337.588348
v 0.659043 -17.165443 -337.931549
v 2.866158 -16.731949 -339.072906
v 5.017932 -19.225525 -346.767029
v 2.273497 -20.195429 -346.786011
v -0.475705 -19.144196 -346.792908
v 15.269785 -9.627328 -349.114777
v 15.749946 -10.423745 -346.027313
v 14.054854 -13.166381 -346.072174
v 13.250496 -12.546606 -349.793579
v 12.964793 -11.039353 -356.341644
v 15.237156 -7.008071 -355.867004
v 15.692888 -8.418623 -351.579010
v 13.246072 -11.542919 -352.278381
v 10.276449 -15.480708 -350.333405
v 10.276262 -16.359449 -346.938751
v 9.625298 -14.980492 -356.335297
v 9.772614 -15.524558 -352.593567
v 14.812239 -10.757087 -343.592590
v 13.720100 -12.584324 -343.441193
v 11.774652 -14.786543 -343.689056
v 17.261065 -3.663929 -354.762909
v 17.490265 -4.414882 -350.675842
v 17.130659 -5.761209 -348.205566
v 16.413250 -7.009806 -345.975098
v 14.913635 -8.886451 -343.986450
v 11.043153 -14.437172 -351.786011
v 11.564322 -15.222398 -346.836639
v 8.686501 -18.940672 -346.461945
v 8.268924 -17.337955 -351.845337
v 7.782260 -15.030790 -358.125092
v 11.927442 -11.586542 -357.979675
v 12.344404 -14.271589 -354.722229
v 9.344440 -16.748945 -355.037994
v 4.372886 -18.676645 -352.017548
v 5.942869 -19.838552 -346.372650
v 3.941132 -16.154827 -357.875580
v 4.929741 -17.966082 -355.176208
v 15.118804 -13.678292 -343.411255
v 11.870123 -16.181801 -343.391418
v 8.868743 -18.082130 -343.694244
v 14.126129 -8.834001 -357.134674
v 13.655867 -11.855571 -354.302307
v 13.455328 -12.145148 -351.472961
v 14.477765 -12.886987 -346.466156
v 17.076031 -12.099033 -343.924316
v 3.944377 -19.387943 -348.747101
v 6.898153 -18.574810 -348.804474
v 11.550460 -15.191424 -348.815857
v 13.709403 -12.723744 -348.602264
v -5.996972 -17.468700 -351.092987
v -2.986263 -18.332956 -344.344208
v -5.610540 -16.572821 -353.924316
v -2.939718 -14.963655 -358.168640
v -0.084066 -19.157135 -352.259460
v 2.059182 -20.084486 -344.800446
v 2.111962 -16.583296 -357.530273
v 0.795885 -18.358091 -354.312347
v -3.937447 -18.214081 -339.760559
v -0.511587 -18.538128 -340.541443
v -9.520673 -14.414084 -353.336517
v -7.571271 -12.831288 -357.375153
v -9.613903 -14.914383 -350.016479
v -6.459472 -16.327591 -344.417023
v -7.432537 -16.316666 -341.001099
v 0.950326 -20.141621 -349.367706
v -4.333716 -18.885645 -347.704437
v -7.835112 -15.844717 -347.243561
v 1.512078 -19.278873 -342.532990
v -2.842492 -17.785183 -341.845306
v -6.195260 -15.825529 -342.441772
v 0.279984 -20.549646 -347.707153
v 1.446731 -20.555109 -350.170380
v 0.310753 -16.444635 -357.805634
v 2.424118 -19.545223 -353.864410
v -3.779873 -19.215107 -349.959808
v -2.938573 -19.369827 -347.773010
v -5.123516 -15.026652 -356.937866
v -4.072170 -17.614531 -353.252411
v -0.113511 -22.626312 -345.969116
v -0.612210 -22.381535 -345.989288
v 6.412178 -16.144424 -357.816589
v 8.417736 -17.834414 -354.098969
v 6.985944 -18.480333 -350.480408
v 5.148715 -19.838232 -348.456390
v 0.745851 -22.856359 -346.015656
v 2.500034 -21.811323 -346.270264
v 0.080273 -21.278397 -345.816711
v -1.368281 -20.596783 -345.876709
v 3.797935 -20.748730 -346.816193
v 0.183956 -20.454330 -346.282898
v -2.134937 -19.657085 -346.273895
v -11.166521 -2.028527 -335.051819
v -10.886601 -2.760526 -329.964935
v -11.745664 -3.693295 -339.322815
v -14.228247 -5.196301 -350.160767
v -9.946870 -5.112435 -334.990417
v -9.912012 -4.575786 -329.943634
v -12.103667 -11.277949 -350.347778
v -10.732652 -7.517689 -339.710541
v -13.029891 -4.813806 -329.754700
v -11.995193 -5.998159 -329.911194
v -13.980093 1.773567 -338.353973
v -17.151470 -0.169749 -349.437286
v -12.974376 1.315912 -333.788666
v -12.737440 -0.551760 -330.333710
v -14.141887 -3.647413 -329.719666
v -11.979776 -10.599810 -345.992920
v -13.900061 -4.883848 -345.080475
v -14.603351 -0.119576 -344.761414
v -11.256966 -9.150930 -342.978577
v -12.909959 -4.508915 -342.863800
v -14.461209 0.613201 -341.799622
v -15.913719 -0.505083 -347.186127
v -14.093311 -5.125456 -347.618286
v -12.228835 -11.110595 -348.129578
v -10.971045 -5.195127 -329.397095
v -11.998089 -3.773083 -329.301544
v -13.389277 -2.174035 -329.323578
v -17.915342 -1.803765 -346.694122
v -15.883831 -4.666067 -348.320312
v -17.485281 0.140105 -352.605621
v -18.376139 2.158544 -349.691315
v -12.615778 -1.946648 -338.430237
v -11.709484 -3.907900 -336.302612
v -12.546139 -7.490090 -342.595551
v -13.208021 -4.125348 -342.336578
v -13.936166 -1.645516 -332.406158
v -14.366327 0.023108 -335.354919
v -12.126939 -2.180735 -331.120453
v -10.299454 -5.133301 -335.311249
v -11.776141 -9.242917 -343.358185
v -14.540402 -7.151588 -344.863892
v -14.296341 -3.882970 -344.000366
v -14.006308 -8.812188 -347.016235
v -14.814170 -7.297590 -350.703888
v -16.259529 -2.642370 -355.602997
v -17.548498 2.914988 -354.324463
v -16.292177 4.606873 -351.178894
v -16.130297 0.930336 -359.958832
v -17.102062 6.586624 -357.027740
v -15.785015 8.382262 -354.036621
v -15.096743 4.647412 -362.260101
v -15.172650 -5.763357 -353.301331
v -16.780664 -1.601348 -350.776855
v -18.987780 0.192763 -348.247772
v -10.334565 -8.745982 -340.614624
v -11.816340 -5.936359 -339.502899
v -13.169610 -3.457157 -339.939423
v -11.039428 -2.417754 -332.036896
v -11.765240 -1.641031 -334.196960
v -12.895948 -0.725965 -336.790741
v -16.223852 -3.699294 -343.703339
v -14.201332 -2.170067 -337.710938
v -16.530470 -4.272681 -348.855316
v -15.768229 -4.371515 -354.807159
v -12.912939 -8.297667 -343.213989
v -12.285467 -5.653048 -337.659271
v -14.389895 -7.157801 -354.457306
v -14.579815 -8.244050 -348.828583
v -17.856014 -2.648730 -335.382385
v -15.447714 -5.158753 -335.117523
v -19.160345 -0.254890 -348.254333
v -17.762047 0.350203 -354.253876
v -17.684229 -0.976141 -343.983307
v -16.602047 0.775896 -339.799133
v -19.496881 1.175326 -338.562683
v -12.315181 -7.281306 -340.941925
v -14.577863 -2.955443 -340.758179
v -16.111778 0.161987 -341.178192
v -14.631488 -7.878483 -351.776306
v -16.281158 -4.430194 -351.794586
v -18.199444 0.249027 -350.923279
v -14.193869 -8.548430 -345.917755
v -16.551060 -4.117208 -346.231934
v -19.028166 -0.692568 -346.042786
v -16.652948 -3.493829 -343.649536
v -18.216557 -2.788926 -339.797516
v -16.995800 -3.824528 -347.438873
v -16.920126 -3.621323 -352.311890
v -14.347413 -7.035914 -343.223541
v -15.523352 -4.216378 -339.624268
v -15.727142 -5.982040 -352.158142
v -15.521730 -7.014294 -347.405609
v -19.468273 -0.609139 -347.203339
v -18.530876 0.510336 -351.270599
v -17.800926 -1.283662 -343.932312
v -19.786489 -1.375540 -341.554169
v -13.817884 -4.921115 -340.311920
v -16.214134 -3.175887 -341.392639
v -18.239052 -1.365450 -342.376465
v -13.494187 -6.020577 -341.757416
v -15.657980 -3.299101 -342.467072
v -17.302515 -1.400360 -343.163055
v -15.156304 -7.211262 -345.183624
v -16.704525 -3.645690 -345.505920
v -18.948568 -1.019877 -345.620331
v -15.818991 -6.397648 -349.796295
v -16.883553 -3.594598 -349.939087
v -19.263786 0.179860 -349.147003
v -13.291839 -10.452834 -349.921112
v -11.364655 -13.100254 -350.532684
v -11.056676 -14.271510 -346.853546
v -12.683022 -11.829362 -346.721985
v -12.431768 -9.071483 -353.542816
v -11.536328 -7.864233 -359.346283
v -8.354915 -16.746445 -350.388428
v -8.187515 -17.507702 -346.303894
v -10.966844 -15.308247 -342.991974
v -12.496903 -13.157000 -343.166931
v -8.956309 -17.069939 -343.181824
v -13.636314 -6.371860 -353.320099
v -12.979300 -5.876284 -358.697968
v -14.202614 -7.829185 -349.260956
v -13.966585 -9.671227 -345.490692
v -13.500926 -11.711384 -343.166687
v -17.399691 -3.430889 -348.932892
v -15.875114 -7.083356 -349.846710
v -14.608362 -9.542500 -345.661499
v -16.003929 -5.871205 -344.986908
v -14.409627 -5.160598 -357.856201
v -16.325840 -5.351494 -353.336334
v -18.247381 -2.640836 -352.511536
v -17.028353 -2.420517 -357.442627
v -13.663115 -9.916792 -350.592285
v -12.785409 -11.945601 -347.072266
v -12.264063 -8.615514 -357.604767
v -14.334373 -8.534292 -353.562561
v -14.459539 -10.889174 -343.676514
v -15.051395 -7.152523 -343.101593
v -11.699480 -14.933030 -344.553986
v -19.364660 -0.615869 -351.590668
v -17.614794 -0.271688 -356.539520
v -19.229195 -1.225769 -348.188477
v -17.590860 -2.497968 -344.942444
v -16.903067 -3.413470 -343.460297
v -17.504499 -4.135938 -348.948914
v -17.142843 -5.249712 -345.736511
v -18.357376 -3.372481 -352.377777
v -18.053616 -2.973671 -357.009918
v -15.805264 -7.970493 -350.018677
v -14.468882 -10.141677 -346.089874
v -14.273649 -6.337115 -357.797119
v -16.379530 -6.476857 -353.317230
v -18.126402 -6.046937 -342.453979
v -15.196090 -11.244022 -342.836761
v -19.885368 0.190778 -351.502960
v -18.621777 0.514134 -356.437592
v -19.717632 -0.258579 -347.955139
v -19.029139 -1.471927 -345.623291
v -20.724743 -1.471844 -342.999817
v -14.791218 -10.806626 -343.666138
v -17.108490 -5.538441 -343.500336
v -19.597874 -1.342929 -344.245667
v -18.511286 -3.506278 -352.037445
v -16.192610 -6.596317 -353.420258
v -15.590115 -8.687157 -350.036987
v -16.961422 -6.084325 -349.212280
v -12.076936 -3.522211 -365.048981
v -16.442844 -4.722891 -358.332153
v -18.846979 -1.831962 -357.086243
v -14.194981 -0.462328 -363.874390
v -11.990327 -10.751824 -354.282166
v -13.020162 -11.756899 -351.019714
v -9.389922 -7.227236 -365.336792
v -11.100528 -9.041433 -359.051422
v -12.830529 -12.685587 -347.425201
v -14.937757 -9.699525 -346.533478
v -11.388222 -15.118263 -347.729340
v -19.268269 -0.028172 -356.128632
v -15.006413 1.337036 -362.761414
v -19.496071 -1.299618 -350.642944
v -18.046244 -3.146649 -348.754364
v -16.571985 -6.863567 -346.071655
v -10.426986 -7.993027 -362.226013
v -13.676025 -4.109654 -361.775208
v -15.913231 -1.135310 -360.689087
v -16.725290 0.676553 -359.713043
v 5.239017 1.596500 -374.971161
v 3.578742 0.115246 -375.185577
v 1.635861 1.754448 -374.496796
v 3.360952 2.657451 -374.689270
v 15.278784 -8.365095 -354.247162
v 13.186673 -13.905113 -354.993073
v 13.121496 -11.575149 -358.741333
v 14.218222 -7.503489 -357.830139
v 17.376158 -7.510243 -350.217346
v 13.958797 -13.153801 -351.389832
v 11.151144 -15.561272 -351.286865
v 10.841002 -16.676889 -355.365417
v 10.289780 -15.513737 -358.785126
v 13.832773 -4.639614 -366.773376
v 11.553452 -7.531352 -367.786743
v 8.524680 -4.623519 -372.170258
v 10.432955 -2.473039 -371.451172
v 12.783611 -9.663136 -363.139832
v 14.465007 -6.172036 -361.643341
v 10.366341 -13.337955 -363.832947
v 8.599029 -9.787258 -369.194733
v 6.353850 -6.137747 -372.536835
v 5.351420 -1.852366 -374.323303
v 7.379161 0.065351 -374.012268
v 3.645256 -2.521674 -374.231903
v 2.280943 -0.676531 -374.596100
v 0.951426 0.487178 -374.316437
v 6.038464 3.284803 -375.322296
v 4.683639 1.573532 -374.961304
v 2.496419 2.883313 -374.835022
v 4.026632 4.089747 -375.037811
v 16.733381 -5.723674 -354.030029
v 14.898295 -11.851124 -354.886108
v 15.566257 -7.351004 -357.975433
v 17.647123 -2.779990 -356.526672
v 18.294621 -7.620999 -350.880737
v 15.816451 -13.432627 -351.868317
v 14.231402 -15.909367 -351.644775
v 12.589501 -15.430881 -355.305115
v 13.465810 -11.740500 -358.235779
v 15.831829 -0.681647 -366.402405
v 14.241840 -3.813414 -366.880463
v 10.271482 -2.017809 -371.664612
v 11.997415 0.251354 -371.202972
v 16.204088 -5.390372 -362.028046
v 18.414635 -1.511224 -360.484222
v 13.797466 -8.752131 -362.622620
v 11.808970 -6.750885 -367.816895
v 8.350922 -4.008124 -372.482208
v 6.748005 -0.090412 -374.063721
v 8.439857 2.070514 -373.775269
v 5.361453 -1.357086 -374.285828
v 3.534558 0.547488 -375.212646
v 2.099443 1.795684 -375.250885
v 13.199731 -16.727053 -353.290741
v 15.256001 -13.600066 -353.287476
v 17.207485 -7.731241 -352.346558
v 3.804603 1.961976 -375.097839
v 3.071616 1.226822 -375.102905
v 2.191563 1.456266 -373.372101
v 2.737710 2.606213 -373.896851
v 11.155835 -14.875463 -356.749756
v 7.226452 -18.689770 -357.149933
v 9.181205 -15.015932 -362.012268
v 11.429347 -12.970292 -360.937714
v 9.361846 -17.108688 -349.425964
v 6.801655 -19.137562 -349.560913
v 6.102272 -19.337992 -351.520081
v 9.516464 -16.916914 -351.283936
v 3.500597 -20.399357 -349.837463
v 3.191790 -19.996202 -351.969208
v 7.001188 -19.248913 -353.844482
v 10.213151 -16.706293 -353.590118
v 3.852097 -20.404449 -354.193634
v 3.916663 -19.670998 -357.307129
v 5.267004 -15.860665 -362.038757
v 8.949989 -6.653442 -370.919800
v 6.604674 -7.514702 -371.681732
v 4.728622 -3.278653 -373.903625
v 6.837224 -2.246388 -373.750366
v 8.005039 -10.809692 -367.565186
v 10.903925 -9.617561 -366.854065
v 5.129554 -12.065284 -367.946930
v 3.876790 -8.437149 -372.086121
v 2.218395 -4.310999 -374.097687
v 3.999881 0.054828 -375.117920
v 5.250759 1.125149 -375.032104
v 2.300287 -0.942301 -374.400177
v 1.773764 -0.142984 -374.831055
v 0.845954 0.395451 -372.852814
v 1.495207 6.176391 -373.740784
v 1.305731 6.731686 -369.836517
v 1.578124 5.519936 -369.705109
v 2.032823 5.522541 -373.930023
v -2.388438 -16.496695 -363.301392
v -2.088331 -13.903236 -366.696198
v 0.954307 -15.338706 -367.648254
v 0.415301 -18.213974 -363.496521
v -2.575969 -20.912468 -354.081635
v -3.016378 -20.579977 -357.336487
v 1.471117 -20.605883 -357.215393
v 2.312630 -20.935633 -354.114380
v 2.367376 -20.626030 -350.868408
v -1.345882 -20.380819 -350.676575
v 6.890638 -19.511028 -350.827087
v 6.907521 -19.757107 -353.887238
v 6.223681 -19.225729 -356.837555
v -2.934634 -19.153822 -360.014191
v 0.513150 -18.897011 -359.838501
v 5.443830 -18.013405 -359.337982
v 5.337558 -15.678382 -363.044250
v 4.884200 -13.260082 -366.505554
v -1.139198 -5.631364 -374.568298
v -0.441116 -0.924770 -376.270477
v 1.575113 -0.462519 -376.343018
v 1.580253 -5.453375 -375.055573
v -1.078336 -9.984149 -370.668396
v 1.972646 -9.750051 -372.420990
v 5.647809 -8.921219 -371.255432
v 5.435820 -4.877785 -374.265472
v 4.479986 0.134386 -375.767059
v 0.851887 4.312291 -375.255371
v 2.529568 4.024590 -375.528534
v 4.135760 3.221949 -375.450867
v 3.921501 4.151710 -373.983521
v 3.299433 4.631738 -369.296570
v 4.980838 -2.417827 -375.071655
v 1.589326 -2.995307 -375.795990
v -0.788665 -3.319087 -375.615631
v 4.191705 1.798549 -375.678802
v 2.925983 1.012748 -376.164948
v 1.570081 3.518137 -375.950317
v 2.390447 4.629980 -375.340973
v 11.100752 -15.491242 -358.719147
v 7.210894 -18.693935 -357.863617
v 8.318941 -16.087151 -362.863220
v 12.370998 -13.102701 -362.342316
v 9.573799 -17.136913 -349.921204
v 7.426887 -19.057203 -350.006012
v 6.970681 -20.018309 -351.847839
v 10.528065 -17.209270 -351.613647
v 3.642265 -20.731157 -350.335632
v 3.355941 -21.459497 -352.323761
v 7.133319 -19.739206 -354.543945
v 11.220949 -16.412104 -355.983978
v 2.440310 -21.061701 -354.943237
v 2.522076 -20.570808 -357.902161
v 2.166287 -17.755651 -362.547150
v 9.988115 -7.120025 -370.480042
v 7.137072 -8.463820 -372.096680
v 4.763968 -3.644848 -374.934937
v 7.882860 -2.279135 -374.260956
v 8.252490 -12.282145 -368.250000
v 11.521100 -9.826751 -367.631256
v 3.170039 -13.637724 -368.566406
v 3.800105 -8.784235 -372.180511
v 2.209671 -4.668968 -375.051575
v 3.756732 -0.981433 -376.026062
v 5.772817 0.087054 -375.437927
v 1.464433 -1.845481 -375.816711
v 0.791381 0.694104 -376.243164
v 0.033447 2.628649 -376.153748
v 3.039299 -6.712268 -373.561584
v 5.952747 -6.079726 -373.581512
v 8.893103 -4.797084 -372.811462
v -1.162013 1.399116 -374.992981
v 0.934127 2.673475 -374.600677
v 2.446543 1.753057 -374.495209
v 0.303227 -0.042847 -375.457153
v -15.803156 -7.480800 -353.895660
v -15.810219 -6.037132 -357.177032
v -10.641672 -11.122976 -358.380127
v -10.625099 -13.925086 -354.280212
v -14.412901 -10.862808 -350.415710
v -9.778155 -15.985895 -350.079285
v -7.025796 -17.152363 -354.008942
v -5.418018 -19.054863 -350.234711
v -6.710951 -13.928820 -358.071564
v -11.188351 -4.258794 -365.832794
v -6.466654 -3.094936 -372.239532
v -4.118413 -5.220260 -373.148743
v -8.250587 -8.560482 -367.487518
v -14.542195 -5.323672 -360.711731
v -10.408753 -9.666786 -362.097656
v -5.884273 -12.552765 -362.155304
v -4.582825 -11.837456 -366.737579
v -1.790289 -7.285239 -371.813934
v -3.664809 -0.248331 -373.775726
v -1.692977 -2.133347 -374.895050
v 0.115859 -2.714317 -375.127747
v 1.479247 -0.757896 -375.318359
v 2.945894 0.486505 -374.711945
v -2.961545 -9.273430 -369.756592
v -5.607676 -6.703228 -370.334412
v -8.736686 -3.662220 -369.003754
v -1.184737 1.080393 -375.815430
v 0.954197 2.281272 -375.660217
v 2.473309 1.371686 -375.821075
v 0.274567 -0.330801 -376.101959
v -15.292953 -7.994982 -355.096924
v -14.990118 -7.042747 -358.036652
v -11.584347 -10.583361 -358.738220
v -12.180420 -12.235553 -355.412537
v -14.899008 -10.197186 -350.965210
v -11.675127 -14.241438 -351.364899
v -9.295003 -15.747787 -355.767731
v -9.401690 -17.069962 -351.350464
v -8.933796 -13.710415 -358.899048
v -11.534922 -5.115979 -366.419525
v -6.016291 -3.776341 -372.990448
v -3.740976 -5.956128 -373.668396
v -9.049294 -8.040291 -368.022095
v -13.522696 -6.310190 -361.679199
v -10.779819 -9.477325 -363.478577
v -8.284586 -11.787871 -363.476074
v -6.850001 -10.599577 -367.801605
v -1.840155 -7.704650 -372.519012
v -3.665451 -0.569452 -374.692841
v -1.737173 -2.461404 -375.588409
v 0.188649 -3.525543 -375.566467
v 1.463614 -1.068122 -376.086029
v 2.946263 0.165815 -375.627533
v -4.040347 -9.330408 -370.446655
v -5.502644 -7.337302 -370.832153
v -8.143053 -4.837246 -369.756165
v -0.770619 1.616568 -376.097443
v 0.462435 3.412555 -375.588531
v 1.159788 2.941509 -375.754211
v 0.298777 0.875081 -376.180817
v -10.448591 -15.586669 -356.660339
v -9.931985 -13.419978 -360.245636
v -6.719860 -15.724055 -361.653656
v -7.008122 -17.706758 -357.385681
v -7.086238 -18.439907 -349.676208
v -9.370769 -17.518600 -350.976685
v -6.353078 -19.187149 -351.457733
v -4.897551 -19.778509 -349.832916
v -2.825065 -20.680521 -352.174866
v -1.905879 -20.490360 -350.279816
v -10.382042 -16.456020 -353.788971
v -7.334839 -18.356710 -354.019348
v -3.615859 -19.399036 -354.592438
v -3.095039 -19.410921 -357.658142
v -2.459605 -17.068275 -362.242889
v -5.431229 -8.878800 -370.981659
v -3.242747 -2.852367 -374.814117
v -1.182634 -3.933044 -375.587555
v -2.700042 -10.023396 -371.445892
v -8.016187 -11.663698 -367.214264
v -4.283568 -12.823741 -368.092865
v -0.984591 -13.392976 -368.770813
v 0.298091 -10.425276 -371.921417
v 1.194326 -4.382618 -375.371368
v -1.820037 -0.129089 -376.029510
v -0.429539 -1.091990 -376.280060
v 1.374510 -1.781005 -375.931122
v 1.641018 0.462303 -376.315002
v 1.926845 2.678695 -376.142212
v 0.993911 -7.116798 -374.002625
v -1.818780 -6.655599 -373.907593
v -4.402823 -5.773678 -373.267059
v -2.142561 -15.083747 -365.601654
v -5.738486 -14.117634 -364.964752
v -9.226633 -12.365011 -363.809082
v -0.344370 2.852549 -376.824219
v 1.222465 4.587754 -376.276184
v 2.131084 4.016911 -376.810272
v 0.940955 1.910323 -377.129120
v -10.358494 -16.666622 -356.633667
v -10.984408 -14.068352 -360.725677
v -8.106566 -16.738037 -361.776428
v -7.313990 -19.643543 -357.042389
v -7.624278 -20.766426 -350.215057
v -7.443360 -19.457390 -351.106537
v -4.484801 -21.112823 -351.317566
v -5.111754 -21.763020 -350.324310
v -1.020106 -21.904383 -351.850159
v -1.877394 -22.789118 -350.656006
v -8.314853 -19.006245 -353.477570
v -5.150611 -21.131527 -353.722076
v -1.856543 -22.057341 -354.191132
v -4.019556 -20.126631 -357.460999
v -4.179402 -17.838985 -361.968109
v -8.604585 -9.039118 -370.100922
v -3.890381 -1.659507 -375.855103
v -1.958775 -2.957719 -376.308472
v -5.363782 -10.963480 -370.956909
v -10.310067 -12.077451 -366.148621
v -6.984221 -14.496115 -367.151428
v -3.086003 -14.545096 -367.154999
v -1.813600 -11.536100 -370.416595
v 0.641629 -4.103449 -376.038177
v -2.263748 0.656508 -376.603180
v -0.580853 -0.437516 -377.127533
v 1.427786 -1.809262 -376.795563
v 2.318008 0.765939 -377.320465
v 3.153772 3.450417 -376.762390
v -3.869134 -8.174276 -372.848816
v -0.951183 -8.751610 -372.820679
v -0.323513 -6.360187 -374.860962
v -2.928978 -5.426291 -375.039673
v -5.480974 -4.303633 -374.841125
v -6.981173 -6.921684 -372.884125
v 1.076112 5.836530 -375.159698
v 1.003431 7.777195 -373.958496
v 2.335632 7.010818 -374.259216
v 2.488795 5.611682 -375.130402
v -2.156056 -18.521391 -362.169861
v -1.447687 -14.281936 -367.509338
v 1.603930 -15.532336 -368.337799
v 1.360064 -19.306061 -362.546783
v -3.051338 -20.654922 -351.546570
v -2.997750 -21.082638 -354.550140
v 1.218052 -21.975855 -354.532074
v 1.082246 -21.810148 -351.479614
v 1.579106 -21.375746 -349.057587
v -1.866965 -20.197844 -348.963043
v 5.237939 -20.699444 -349.031281
v 4.891729 -20.596531 -351.315948
v 5.554593 -20.927893 -354.131683
v -2.618837 -20.586733 -357.830750
v 1.455083 -21.210957 -357.702209
v 5.520180 -19.966946 -357.178101
v 5.734677 -17.502239 -361.849396
v 5.707239 -14.289680 -367.292389
v -1.159097 -6.008965 -374.769104
v -0.441871 -0.756514 -376.595093
v 1.929924 -0.483196 -376.876282
v 1.566262 -5.768239 -375.267212
v -1.313732 -10.604320 -371.745453
v 1.967615 -10.092442 -372.661377
v 5.661782 -9.471586 -372.074646
v 5.450634 -5.227632 -374.583740
v 4.488063 -0.135405 -376.200867
v 0.623283 4.134656 -375.684906
v 2.503511 3.739910 -376.207153
v 4.120576 3.732327 -376.238861
v 3.979896 5.195082 -375.556183
v 3.500154 6.586173 -374.102478
v 4.344566 1.976647 -376.447632
v 2.245292 1.801373 -376.845123
v 0.107991 1.857521 -376.230652
v 4.986234 -2.724845 -375.423035
v 1.754665 -3.163623 -376.140228
v -0.793211 -3.433460 -376.012451
v -18.358450 -4.266173 -345.405853
v -19.862568 -3.879209 -348.799225
v -20.522558 -0.797063 -348.375549
v -18.959448 -2.158981 -345.680084
v 2.231024 3.639526 -374.220093
v 3.547288 3.782313 -371.666595
v 1.926203 6.631035 -369.502136
v 0.642268 6.593727 -374.092651
v -0.601161 6.286364 -375.232422
v 0.295353 3.772716 -375.758911
v -5.015018 5.556138 -374.702148
v -3.365489 2.774826 -375.394409
v -8.725024 4.334376 -373.148895
v -6.484631 1.458651 -374.403992
v -12.580433 3.391113 -370.161285
v -10.333040 0.520661 -371.396027
v -15.410629 2.632877 -365.588409
v -13.225590 -1.139405 -366.989288
v -17.421392 2.401695 -360.980347
v -15.540403 -2.091273 -361.808624
v -19.446171 0.563616 -356.913361
v -18.382820 -2.558555 -357.642761
v -20.068130 0.106477 -351.944275
v -19.357265 -3.096491 -353.142639
v -16.908438 -6.261539 -354.099152
v -16.103024 -5.515517 -358.230835
v -13.192528 -5.127059 -362.896576
v -10.723615 -4.517353 -367.768433
v -7.105355 -3.387936 -371.833221
v -4.124006 -1.542674 -374.516846
v -1.078757 0.217596 -375.844604
v 1.695978 1.278167 -375.835449
v 3.486385 1.562984 -374.924957
v 5.250412 2.019678 -373.276825
v -17.834574 -7.098227 -350.433472
v -17.517042 -7.465980 -346.084534
v -20.820360 -2.395226 -343.228912
v -19.971914 -4.126448 -342.790588
v -20.435398 -7.325505 -343.905853
v -18.457266 -7.376877 -344.628174
v -18.689152 -4.149330 -343.954376
v -19.415260 -2.234129 -344.224518
v -19.569752 -1.489463 -347.055145
v -18.704882 -4.085616 -347.103790
v -17.324276 -7.301311 -348.295959
v -20.840914 -0.319091 -350.063324
v -20.075123 -3.353203 -350.992493
v -17.817345 -6.522407 -352.217834
v -4.800613 5.844077 -374.737946
v -0.338762 7.008276 -375.053833
v 0.650349 5.662416 -375.379059
v -4.119598 3.378675 -375.594177
v -19.844637 1.547947 -352.709259
v -19.534000 2.465334 -356.667480
v -19.666710 -0.824176 -357.610565
v -20.475126 -1.712851 -353.404907
v -21.190414 -2.685404 -349.853271
v -20.847513 -5.291680 -350.271454
v -19.391815 -3.588099 -353.957672
v -20.019047 -7.266217 -350.262054
v -18.331881 -2.736141 -357.954956
v -16.725348 2.571739 -364.890259
v -11.527752 3.183478 -371.422363
v -10.196568 -0.081348 -372.924530
v -16.323761 -0.847260 -365.802002
v -19.166758 2.492907 -359.969666
v -18.731005 -0.535041 -361.365082
v -16.719559 -2.629570 -361.490295
v -13.726498 -3.193766 -365.610199
v -8.725589 -2.125535 -372.472656
v -7.897562 4.038553 -373.462769
v -6.906123 1.601938 -374.399597
v -5.391368 0.318773 -374.339874
v -3.337054 2.304399 -375.560181
v 0.503077 4.312978 -375.557007
v -1.476233 3.491852 -375.735382
v -1.787122 4.678896 -376.204956
v -2.694005 6.323121 -375.223663
v -11.035333 -2.953073 -369.335785
v -12.930307 -0.830077 -370.384613
v -14.409637 2.712300 -369.241028
v 17.768267 -6.603717 -348.297363
v 18.875834 -2.259859 -350.452606
v 17.911997 -1.090042 -355.674866
v 19.051418 -1.018682 -352.322510
v 17.016783 -6.752135 -351.791382
v 16.513226 -9.544198 -349.229065
v 15.936373 -5.166054 -356.737823
v 17.075794 -5.525661 -354.002533
v 15.742016 -10.417206 -345.429535
v 14.225790 -13.586438 -347.020691
v 18.820620 2.440398 -353.562683
v 18.977196 2.214367 -350.804718
v 18.980770 1.289941 -349.407166
v 17.355860 0.065036 -347.026764
v 15.793065 -7.104985 -344.504395
v 17.962608 1.133573 -346.621429
v 17.867651 -2.744170 -347.788696
v 19.431643 1.571941 -351.174255
v 18.706528 2.922104 -349.517578
v 15.099006 -5.778986 -339.931610
v 13.462881 -7.648983 -338.668488
v 15.879436 -9.141660 -343.609039
v 15.291317 -6.102864 -343.093597
v 17.866423 -3.842987 -335.561920
v 17.676096 -3.255279 -337.467346
v 15.793962 -4.342676 -333.209625
v 11.537578 -9.007237 -337.306976
v 15.416142 -11.566769 -344.177368
v 16.944876 -7.112105 -345.769714
v 16.443825 -3.916200 -344.562836
v 16.668640 -9.102303 -347.219757
v 18.056801 -6.303610 -349.681793
v 20.153450 -1.318328 -353.337372
v 19.395571 4.048857 -352.367310
v 17.425129 5.564381 -349.951447
v 20.204762 2.302014 -355.328705
v 18.202078 7.409029 -355.440796
v 17.321384 9.251624 -352.681366
v 19.806667 5.973020 -357.417999
v 18.788343 -4.752553 -351.755402
v 19.331060 -0.394667 -349.422852
v 19.083136 1.461304 -348.436340
v 13.191188 -11.432775 -341.404022
v 14.238913 -9.064267 -341.544403
v 14.794608 -6.406620 -341.653687
v 12.656659 -5.031686 -331.904388
v 14.523273 -4.120258 -334.617035
v 15.207310 -3.474678 -337.664825
v 15.049335 -4.881057 -338.310059
v 13.269607 -5.659558 -336.265778
v 11.799897 -6.489215 -334.216064
v 18.491766 -1.373268 -346.833923
v 19.559166 -1.902984 -349.192444
v 20.271307 1.102974 -349.133942
v 19.347956 0.885164 -347.312012
v 0.216397 3.581545 -373.712463
v -1.020713 3.810651 -370.223969
v 0.482864 6.644348 -368.735596
v 1.669764 6.597589 -374.078583
v 3.001951 6.476652 -374.149506
v 2.205733 3.825875 -375.518585
v 7.582777 5.810100 -373.784485
v 6.396317 2.711055 -375.109772
v 10.657871 4.601632 -371.453186
v 9.315681 1.445096 -373.836273
v 13.102348 3.990915 -369.450073
v 12.746978 0.892461 -370.944000
v 18.673018 4.378908 -363.394623
v 18.895550 1.014120 -364.526428
v 20.774899 3.709844 -358.986938
v 20.569727 0.318888 -360.021973
v 20.585218 2.289042 -355.072418
v 19.958206 -0.962129 -356.071198
v 19.846981 1.779978 -351.354248
v 20.790176 -1.908468 -352.393127
v 19.121490 -5.996319 -353.524902
v 18.533169 -4.303732 -356.854645
v 18.601023 -3.256704 -361.095520
v 17.398962 -2.909148 -365.060120
v 10.587370 -2.743694 -372.468964
v 7.775104 -1.600901 -374.005463
v 5.061824 -0.216021 -374.943512
v 0.948719 1.280624 -375.707977
v -0.897701 1.555163 -373.724884
v -2.565107 2.116278 -370.715515
v 18.728775 -6.257727 -350.494446
v 18.736954 -5.485663 -347.416260
v 18.867661 1.517295 -343.063965
v 18.067822 -0.174057 -342.855743
v 19.041012 -2.074851 -342.782654
v 17.994125 -4.743896 -345.473663
v 17.602684 -0.951519 -345.384583
v 18.000448 0.965319 -345.918365
v 18.033714 -3.754489 -344.037659
v 17.577593 -1.003755 -344.040314
v 17.761314 1.063470 -344.641144
v 14.041320 -2.421439 -368.877075
v 15.305485 1.201652 -367.965057
v 15.486799 4.368474 -366.814850
v 5.195567 6.129238 -374.447296
v 3.987183 3.361655 -375.740967
v 2.723953 0.729765 -375.702942
v 17.332939 -9.021974 -348.702454
v 18.977772 -8.488897 -351.149231
v 18.317205 -5.248726 -350.826813
v 18.322725 -5.598192 -348.562775
v 1.930317 3.262114 -375.564819
v 0.612561 3.374498 -374.184296
v 2.301478 6.344180 -371.267639
v 3.523921 6.416939 -373.906158
v 4.511997 6.407015 -374.133240
v 3.426521 3.038162 -375.598999
v 8.286234 5.595528 -373.353088
v 6.233520 2.837288 -375.447388
v 10.783215 4.572724 -371.697052
v 9.425071 1.984473 -373.601776
v 14.233476 2.484644 -369.217102
v 12.925319 0.150698 -370.856110
v 16.389002 -0.835877 -365.726685
v 13.977548 -3.765326 -367.566711
v 17.701044 -3.753463 -359.554688
v 15.963101 -6.838112 -361.322815
v 18.611689 -4.317027 -355.050598
v 17.479622 -7.757731 -356.683777
v 18.664257 -4.699459 -352.780823
v 17.800100 -8.239730 -353.740509
v 17.083977 -10.702920 -354.905914
v 15.602144 -10.494284 -358.048553
v 13.800741 -9.434029 -363.084076
v 12.189739 -6.878730 -368.808746
v 10.847941 -3.687635 -371.274689
v 7.566773 -1.065687 -374.184235
v 4.678460 0.654714 -375.232147
v 2.577534 1.039886 -375.641571
v 0.770519 1.269660 -375.544098
v -0.950315 1.735774 -374.089264
v 17.938070 -10.683210 -351.580841
v 16.372379 -11.357950 -349.126007
v 19.333254 -5.593633 -344.962250
v 19.536110 -7.184290 -344.220093
v 19.478580 -10.112548 -345.346466
v 12.511287 -8.440071 -366.518799
v 14.907250 -5.374062 -364.445007
v 17.513828 -2.396121 -362.875214
v 16.952415 -10.801730 -347.144318
v 17.450399 -8.558381 -346.334045
v 17.845064 -6.248863 -346.662079
v -3.844494 4.637284 -375.369385
v -0.712617 5.673398 -375.418701
v 0.595516 4.564373 -375.614685
v -2.756726 2.968496 -375.685760
v -18.106327 -4.995588 -354.630707
v -18.073524 -3.592931 -357.545288
v -16.270576 -5.895970 -358.959320
v -16.627216 -7.754632 -355.329010
v -17.358574 -8.702154 -351.720673
v -16.590153 -11.533841 -352.040192
v -15.207507 -10.053144 -355.635956
v -15.304958 -14.333027 -351.862366
v -13.862797 -8.027529 -359.189819
v -14.010124 -1.018123 -365.922363
v -10.645779 1.068249 -371.724854
v -8.549710 -1.256465 -372.465027
v -11.754231 -3.497234 -367.271729
v -16.815086 -2.646549 -361.181458
v -15.571463 -5.033913 -362.598755
v -12.768574 -7.068243 -362.597961
v -9.982816 -5.932508 -367.778229
v -6.445560 -3.496487 -372.331146
v -6.875087 3.336398 -373.649841
v -5.217365 1.135451 -374.602936
v -3.563413 -0.616194 -374.592133
v -1.683303 1.372294 -375.602966
v 0.828062 3.240094 -375.796692
v -8.512809 -4.753706 -370.011749
v -10.519629 -2.378675 -369.834106
v -12.710382 -0.027830 -369.009644
v 0.257692 4.157378 -376.258484
v 1.762889 4.784174 -375.207184
v 1.675667 5.423052 -375.285950
v -0.079176 4.808489 -376.089783
v -13.825274 -7.999757 -361.641998
v -13.005180 -7.338395 -365.947052
v -16.004128 -4.743649 -366.291199
v -17.521074 -5.477636 -361.426880
v -17.929388 -11.114532 -350.467163
v -16.920519 -7.471505 -355.417633
v -19.207499 -5.498688 -355.153076
v -19.482468 -9.718781 -350.636047
v -20.686075 -1.968687 -353.913513
v -20.650305 -6.733733 -349.188324
v -15.074101 -7.356570 -358.434479
v -17.943674 -5.187287 -358.490234
v -19.406309 -1.555851 -357.351105
v -17.910023 -2.322159 -360.304779
v -17.458708 -1.808203 -364.357971
v -8.514664 -3.385448 -372.199341
v -6.825380 -1.601144 -374.372253
v -8.778543 0.061517 -374.345032
v -11.743134 -1.597950 -372.342712
v -10.893371 -5.623538 -369.720459
v -14.656020 -3.658925 -369.019012
v -15.699896 -1.198201 -367.455933
v -13.176135 0.647919 -370.702759
v -10.477540 1.996502 -372.697723
v -4.867081 0.110763 -375.209839
v -6.245364 1.670037 -375.322662
v -7.427963 3.010843 -374.258850
v 1.379698 5.940522 -375.078064
v -0.445817 5.539320 -375.969543
v -4.546703 4.185034 -375.746582
v -3.929664 3.099699 -376.168304
v -3.012891 1.789092 -376.141479
v -21.182386 -4.079988 -350.637939
v -19.648212 -7.156628 -352.058411
v -17.396399 -9.133319 -352.482910
v -2.453151 4.894617 -376.010864
v -2.073890 4.003236 -376.314423
v -1.385637 3.027224 -376.444794
v -1.846214 1.094179 -375.963287
v 1.840385 5.390718 -375.921783
v 3.055572 4.757944 -376.112610
v -0.142476 0.192131 -377.111145
v -12.730407 -9.832020 -358.046722
v -13.839863 -8.361797 -362.821533
v -12.074697 -11.481319 -364.165405
v -10.959034 -13.444942 -358.632385
v -13.634434 -10.254834 -355.653381
v -12.107347 -13.800688 -356.171722
v -9.164708 -16.051474 -358.867401
v -10.237948 -16.795025 -356.398499
v -9.681157 -12.700931 -364.787537
v -11.957571 -5.713124 -369.391693
v -9.837461 -2.763148 -372.874725
v -7.415954 -4.741904 -373.635498
v -10.364029 -7.186320 -370.859070
v -13.495421 -7.546823 -365.747772
v -11.995796 -9.429249 -367.450867
v -8.834886 -10.937115 -368.186340
v -7.268312 -8.884143 -370.735565
v -4.874041 -6.885789 -372.446228
v -4.075244 -0.206145 -375.097046
v -2.409826 -1.448753 -375.521484
v -0.550660 -2.964454 -375.681549
v 1.358027 -1.243873 -376.985779
v 4.374276 4.077863 -376.230164
v -9.466978 -14.806926 -361.691284
v -11.540710 -12.495836 -361.445435
v -12.710682 -8.831155 -360.370422
v 2.776164 0.593479 -377.238678
v 1.822736 1.788352 -377.222015
v 0.140542 2.650958 -376.695038
v -2.525106 -4.893585 -374.003204
v -4.805750 -2.970590 -374.771271
v -6.780067 -1.500080 -374.438873
v 3.804387 2.480442 -376.790802
v 2.663581 3.432460 -376.800079
v 1.245341 4.125721 -376.515503
v 0.467940 2.048447 -377.179932
v 2.280416 3.554839 -374.637909
v 1.656580 4.573039 -375.246368
v -0.538885 3.542789 -377.176147
v -9.742792 -21.046297 -354.622833
v -6.393125 -18.950771 -359.294464
v -9.165250 -17.867332 -359.912292
v -12.728695 -18.953371 -355.201538
v -15.080665 -14.964136 -354.722015
v -11.543880 -14.326373 -360.148407
v -5.282745 -7.790808 -373.141235
v -4.482386 -4.649315 -375.071625
v -7.056565 -2.857023 -375.000916
v -8.558046 -5.731743 -373.386536
v -4.367955 -16.284414 -366.660797
v -7.863157 -16.069780 -366.765289
v -10.012554 -12.955936 -365.602509
v -10.672184 -3.629491 -372.346313
v -9.041121 -0.852653 -374.050323
v -3.077423 -1.964011 -376.253815
v -4.780068 -0.002966 -376.259216
v -6.425504 1.621693 -375.891846
v -1.500354 0.259732 -377.011292
v -2.844608 1.943490 -377.058319
v -4.046122 3.540723 -376.762543
v 1.053205 5.267126 -374.891510
v -1.838295 4.921018 -376.973267
v -11.646662 -6.395179 -370.429535
v -8.784461 -8.917517 -371.241638
v -5.230795 -10.497974 -371.251465
v -10.430102 -13.989555 -362.843994
v -8.162690 -16.945353 -364.016632
v -4.703525 -18.462498 -362.952789
v -5.055297 -13.121558 -369.641144
v -8.442195 -11.348272 -369.858490
v -11.024875 -9.174950 -368.729736
v -8.200255 -19.647339 -356.748291
v -11.044815 -18.024061 -356.853607
v -13.122608 -13.715134 -357.394073
v 1.701084 3.191339 -376.453735
v 0.924808 4.415750 -376.415100
v -0.066735 5.497843 -376.226807
v 0.928785 4.532928 -376.005951
v 1.349934 6.361823 -374.521881
v 1.949288 5.691605 -374.341736
v 2.379411 4.230463 -376.149536
v -2.427385 -18.661751 -361.879120
v -3.260482 -16.090704 -367.031952
v -0.233509 -16.856215 -368.015930
v 1.132420 -19.665724 -362.437622
v -0.919809 -22.209219 -352.487671
v -0.581489 -21.938082 -355.299042
v 3.936493 -21.898674 -355.212250
v 3.252183 -22.290964 -352.528046
v 1.473721 -23.410755 -349.290253
v -1.920116 -22.833019 -349.140930
v 4.974600 -22.409510 -349.282074
v 7.137011 -21.310497 -352.311829
v 7.360076 -20.802692 -354.945740
v -1.264609 -21.019239 -358.433044
v 2.983990 -21.180103 -358.307831
v 6.469945 -19.527878 -357.678802
v 4.778073 -18.337086 -361.801971
v 3.586965 -15.600572 -367.618683
v -2.355136 -7.302824 -374.667328
v -0.792316 -3.174164 -376.554260
v 1.400887 -2.994220 -376.762451
v 0.457054 -7.163002 -375.028625
v -3.498094 -10.553225 -372.567810
v -0.152246 -10.761731 -373.059296
v 3.245182 -9.803136 -372.598236
v 3.655773 -6.518322 -374.679291
v 3.955324 -2.935577 -376.151276
v 0.596758 2.503195 -377.070251
v 2.269580 2.340394 -377.004272
v 3.997711 1.935000 -376.533966
v 3.720899 3.890593 -376.348175
v 3.471277 4.802669 -374.599976
v 2.957418 -12.709224 -370.991333
v -0.509502 -13.794841 -371.171814
v -3.783493 -13.095979 -370.436737
v 3.978032 -0.172989 -376.663696
v 1.924100 -0.001669 -377.241791
v -0.008243 -0.109604 -377.184082
v 2.859520 2.479745 -376.554504
v 1.129624 4.171735 -376.095673
v 1.257583 4.758358 -375.585449
v 3.385524 3.338187 -376.431183
v 12.513380 -17.600727 -354.725922
v 10.835450 -17.666641 -358.073700
v 13.774432 -15.535693 -358.829559
v 15.290179 -15.187010 -355.289581
v 11.546483 -19.093142 -348.686676
v 12.885305 -16.734354 -350.254730
v 15.538956 -14.324401 -350.220184
v 14.392322 -16.218855 -348.190186
v 17.699654 -10.240141 -349.601471
v 16.609350 -13.555690 -347.708771
v 13.846047 -17.044195 -352.419830
v 16.292162 -14.526728 -352.658020
v 18.439236 -10.362224 -352.036285
v 17.359467 -10.775962 -354.520294
v 15.884107 -11.195216 -357.909851
v 6.518346 -8.486049 -372.089813
v 6.388908 -5.379662 -373.889038
v 9.102729 -3.678919 -374.038269
v 9.893905 -7.178212 -371.755188
v 8.368496 -14.265131 -366.164795
v 11.257154 -12.433482 -366.382660
v 14.102818 -9.000328 -364.409454
v 12.284161 -4.960127 -370.686676
v 10.601873 -1.381562 -373.731476
v 5.435218 -1.871823 -375.353943
v 7.192913 -0.236825 -375.484070
v 8.605229 1.018289 -374.955750
v 4.430341 0.318139 -376.180054
v 5.555043 1.701598 -376.288635
v 6.409951 2.649290 -375.959259
v 1.816295 5.454954 -375.183105
v 3.913346 4.200168 -376.305267
v 13.065568 -7.287994 -368.167358
v 10.390372 -9.424332 -369.927399
v 6.925562 -11.318238 -370.090912
v 15.087547 -10.037843 -361.408813
v 12.713278 -14.514463 -362.381104
v 9.832420 -16.289602 -361.955658
v 1.221890 4.581901 -375.467133
v 1.600900 5.327372 -372.684906
v 2.817164 4.328938 -374.056213
v 2.524364 4.459754 -375.968109
v 6.009542 -15.536580 -366.259583
v 5.515541 -13.220308 -369.194366
v 8.606031 -12.126293 -369.714661
v 9.560786 -15.124473 -366.286682
v 5.595462 -21.290693 -356.139374
v 3.950576 -20.974827 -358.236908
v 7.866301 -19.930494 -358.381195
v 8.645785 -21.074448 -355.877411
v 10.959669 -18.433617 -351.959503
v 8.197558 -20.347107 -352.274689
v 12.050203 -16.947435 -351.825714
v 11.474956 -19.139942 -354.893799
v 10.987302 -18.739502 -357.418732
v 3.931656 -19.312225 -361.568176
v 7.819126 -17.908312 -361.869049
v 11.512293 -16.480080 -360.732849
v 12.310817 -13.644534 -364.981384
v 11.543283 -10.938971 -368.622894
v 1.344713 -5.924561 -376.020477
v 0.654965 -2.733553 -376.949432
v 2.490197 -1.578533 -377.015747
v 3.322810 -4.685986 -376.171417
v 3.878033 -10.874604 -371.924591
v 6.726460 -9.980103 -372.168640
v 9.692141 -8.498269 -371.033508
v 6.423534 -3.396907 -375.326111
v 5.081127 -0.505277 -376.458710
v 1.019272 3.043128 -377.025452
v 2.527313 3.079299 -376.991241
v 3.995545 2.885196 -376.690277
v 3.792781 4.084884 -376.323883
v 3.778535 4.381882 -374.555969
v 4.408697 1.300710 -376.838226
v 2.507846 0.921000 -377.476105
v 0.612299 0.447887 -377.494110
v 7.798399 -6.014073 -373.558960
v 4.771445 -7.466430 -374.383362
v 2.553084 -8.548346 -373.941223
v 12.263505 -18.230450 -352.917023
v 9.885854 -20.873959 -353.380249
v 7.614601 -21.372993 -353.731628
v -0.052105 4.637428 -376.833038
v 1.566955 5.183906 -376.351074
v 1.917816 4.502695 -376.323273
v 1.165635 3.904407 -377.018677
v -4.692429 -18.029131 -366.290070
v -6.568471 -15.378933 -368.796417
v -3.276078 -15.868499 -370.095062
v -1.496759 -18.669342 -366.665253
v -7.432292 -19.939331 -357.626892
v -5.874681 -19.209257 -359.864594
v -2.413201 -20.773052 -359.524841
v -4.219091 -20.856743 -357.609894
v -8.032232 -21.745884 -355.469513
v -10.925946 -20.799698 -355.309113
v -4.891828 -23.005846 -355.258148
v -0.769965 -21.661661 -357.262421
v 0.939095 -21.185907 -359.174103
v -4.650594 -18.899633 -363.101746
v -1.267600 -20.148079 -362.707184
v 2.033911 -20.143688 -362.173767
v 1.754184 -18.106339 -366.044830
v 0.282118 -16.239830 -369.213135
v -6.310978 -5.310585 -375.602020
v -3.309525 0.345421 -377.584961
v -0.746973 -0.386422 -377.638000
v -2.862986 -6.035480 -375.790924
v -7.427070 -9.229050 -373.544525
v -3.901982 -9.529588 -373.976715
v -0.332820 -9.910314 -373.838837
v 0.441345 -5.887746 -375.612488
v 1.787899 -1.018926 -377.485779
v -1.838341 2.887570 -377.464355
v 0.352243 2.195605 -377.701385
v 2.303519 1.259724 -377.769257
v 2.702653 3.121894 -377.014221
v 3.199093 3.933561 -376.522064
v -0.278252 -13.387072 -371.643341
v -3.950052 -12.982341 -371.984619
v -7.429379 -12.425251 -371.089508
v 1.116410 -3.348528 -376.910309
v -1.905466 -3.086456 -377.028320
v -4.771363 -2.147126 -376.738220
v -14.858184 7.874008 -346.725464
v -14.678316 6.587388 -347.381683
v -15.173676 6.619229 -348.930328
v -14.750183 8.266371 -348.844452
v -14.862723 7.157684 -340.589905
v -14.664148 6.467122 -340.930511
v -14.644950 6.682009 -343.277405
v -15.166912 7.903225 -342.947357
v -14.078593 10.963203 -346.329590
v -14.315228 10.484105 -347.684753
v -14.244754 7.985558 -340.519196
v -14.144841 9.919632 -343.010834
v -14.961717 8.124407 -345.364471
v -14.435350 6.774605 -346.212372
v -13.990970 10.725057 -345.254028
v -17.179476 8.560256 -350.309814
v -16.696720 6.156041 -349.818726
v -17.341022 4.275719 -358.168304
v -17.212578 5.798584 -358.644897
v -15.391594 8.756498 -344.849213
v -14.709183 7.109287 -344.958557
v -14.858805 6.745471 -346.994080
v -15.420012 8.886179 -346.713989
v -16.130919 10.584649 -350.700165
v -15.722486 7.183613 -359.402191
v -14.392966 10.272528 -344.984711
v -14.293904 10.616144 -346.958130
v -16.439064 8.757765 -348.632599
v -15.984638 6.471290 -348.584991
v -15.236919 10.825541 -348.696594
v -16.805037 9.679033 -353.425232
v -17.810389 7.778346 -352.439575
v -17.549242 6.002015 -352.242859
v -17.682215 5.105171 -355.204102
v -17.849854 6.776278 -355.561188
v -16.304914 8.339531 -356.512024
v -14.987382 7.199317 -344.487549
v -15.644241 6.312566 -343.824860
v -16.170563 4.684564 -347.838440
v -15.575176 7.103673 -347.835266
v -15.505346 4.623755 -344.653931
v -15.875751 2.915862 -348.066864
v -2.911419 3.434553 -375.523010
v -3.769480 6.720335 -374.660950
v -8.142675 7.281737 -372.612701
v -7.560933 3.450665 -373.775757
v -15.407835 7.722725 -366.208099
v -13.665071 3.435993 -366.680389
v -16.245605 6.717130 -362.958679
v -14.687738 3.022794 -363.639709
v -19.667728 5.046533 -356.664917
v -18.884001 1.718500 -357.088928
v -19.082973 4.151330 -354.318207
v -18.558290 1.740641 -354.632385
v -17.656830 4.006693 -349.444580
v -18.067553 6.929413 -353.714050
v -16.927691 6.535394 -349.650452
v -18.175274 7.765584 -355.839325
v -16.547165 9.787197 -361.376801
v -15.034400 10.510309 -364.206696
v -8.723768 10.645259 -370.923248
v -3.855796 10.492300 -372.631744
v 1.079113 4.688460 -375.157990
v 1.062953 7.255050 -374.509583
v 1.007587 10.462467 -373.635406
v -17.526981 8.938560 -358.348145
v -18.502132 6.082457 -359.580933
v -17.292871 2.075924 -360.353210
v -15.732975 3.554845 -346.260101
v -15.816208 5.196070 -345.956787
v -15.002594 7.331055 -346.163452
v -17.309217 2.507435 -349.222931
v -11.572588 10.787109 -367.495483
v -12.542383 7.763367 -369.611267
v -11.158001 4.025993 -370.674683
v -18.793125 2.195225 -351.469025
v -18.938957 4.095744 -351.652771
v -17.784605 6.493685 -351.513245
v -15.568573 12.216593 -350.957916
v -16.851660 10.255786 -350.369415
v -17.370962 8.052122 -358.440338
v -17.215414 9.642673 -358.778839
v -14.719178 10.074217 -345.461609
v -15.421516 8.812062 -345.139801
v -15.499416 9.342671 -346.987305
v -14.968820 11.262504 -347.101288
v -13.504172 13.948704 -351.309631
v -16.408949 11.098340 -359.307892
v -13.791584 11.659850 -346.004486
v -13.512267 12.774314 -348.089905
v -15.337490 11.781275 -349.230682
v -16.246353 10.104986 -348.932495
v -13.157629 13.298281 -349.695953
v -14.832411 13.784207 -353.787292
v -16.344410 12.203409 -353.122162
v -17.362900 10.314637 -352.876129
v -17.432251 8.932843 -355.692841
v -16.941210 10.561208 -355.935638
v -16.103676 13.168877 -356.556946
v -6.110612 3.246923 -374.955933
v -7.021463 6.518330 -373.536438
v -10.497649 5.870383 -371.585327
v -9.873745 2.586698 -372.464935
v -16.702799 5.143559 -365.830231
v -16.453939 2.193740 -366.841797
v -18.402779 5.187488 -362.122192
v -17.831961 2.210953 -363.122803
v -20.387442 5.170165 -353.672760
v -19.648428 2.193933 -354.737854
v -20.055752 3.857847 -350.890503
v -20.244444 1.476045 -351.192902
v -19.827700 1.215733 -347.605194
v -17.794674 6.257977 -350.179779
v -17.097723 2.374125 -346.860077
v -18.821800 7.890531 -352.638458
v -18.226505 8.157299 -360.921967
v -16.134844 7.954871 -364.320129
v -10.876714 8.728055 -370.578644
v -7.078678 8.922544 -372.559723
v 2.447879 4.687194 -375.284790
v 2.150712 7.474340 -374.414215
v 2.364300 9.876470 -373.292755
v -19.771004 8.621834 -356.603363
v -20.138365 6.003994 -358.064331
v -19.972338 2.385038 -358.729248
v -20.106020 -0.149474 -348.365631
v -13.524331 8.847445 -368.132446
v -14.091325 6.156219 -369.256012
v -13.193054 2.488387 -370.556030
v -20.181063 0.507730 -349.413422
v -19.814077 2.610171 -348.853088
v -17.101370 4.206461 -348.273865
v -0.173562 4.042972 -376.275238
v -0.767500 7.048520 -375.458588
v -0.562053 9.481228 -374.773407
v -2.620275 3.678689 -376.145599
v -3.406111 6.858727 -374.763123
v -3.337398 9.291960 -374.083923
v -8.447931 6.817651 -372.664124
v -8.878718 9.360519 -372.051849
v -12.757850 9.299209 -368.933289
v -14.268274 6.894938 -368.881805
v -2.606431 9.940207 -374.395844
v -5.279668 10.027108 -373.560333
v -5.242858 7.625412 -373.946472
v -2.735204 8.026668 -374.714752
v -5.476540 11.898909 -372.944580
v -2.782795 11.832411 -373.666687
v 1.927682 10.195740 -374.187531
v 1.724290 8.308696 -374.047180
v 1.883283 11.999823 -372.769012
v -8.569608 11.337106 -371.689148
v -12.063156 10.913158 -368.120087
v -14.260201 11.169501 -365.563446
v -15.370346 9.645453 -366.143005
v -15.668789 7.367156 -366.237793
v -17.592073 11.949669 -348.843872
v -18.654711 9.886816 -348.384583
v -19.813793 10.651429 -356.914368
v -18.176203 12.463629 -356.674988
v -19.002901 10.822087 -359.874573
v -17.728760 12.745878 -359.558167
v -17.405035 10.468845 -363.056274
v -16.356157 12.290191 -362.356354
v -17.190725 8.296935 -363.121124
v -18.912813 8.694086 -360.255585
v -20.092001 8.250472 -357.037750
v -19.523848 7.742674 -348.479553
v -19.454399 7.874938 -353.837982
v -19.446278 10.258569 -354.052032
v -17.784679 12.196747 -353.784637
v -17.521746 12.104926 -352.046326
v -18.523949 10.193727 -351.758118
v -18.787535 7.983362 -351.870758
v -17.369375 12.021607 -350.191193
v -18.323711 9.995817 -349.800598
v -19.145147 7.967730 -349.949005
v -11.827365 6.741456 -370.729218
v -11.077706 9.249077 -370.624054
v -10.662081 11.134785 -369.971161
v -0.508190 8.152235 -374.634125
v -0.351704 10.074814 -374.486877
v -0.453717 11.887742 -373.666534
v 10.114813 9.751212 -371.070068
v 9.945504 12.136265 -370.454803
v 13.095143 12.180368 -367.107635
v 13.409707 9.936270 -367.219238
v 4.823794 12.153765 -373.245667
v 7.360543 12.254175 -372.210205
v 7.323881 9.911068 -372.561401
v 5.006505 10.244883 -373.832092
v 6.692213 14.121063 -370.531586
v 4.851441 14.012198 -371.533081
v -0.290667 12.113067 -373.080475
v -0.103115 10.232032 -373.622986
v -0.311719 14.019600 -370.891418
v 9.327545 13.874922 -368.284790
v 11.964570 14.159622 -365.119843
v 13.244262 14.045143 -363.425079
v 14.810774 12.375881 -364.520660
v 15.119452 10.184803 -364.717316
v 13.730853 17.421391 -349.989929
v 15.029046 14.872357 -349.772827
v 17.262836 12.401133 -355.828033
v 15.592433 15.066785 -355.361969
v 16.621336 11.987524 -358.796356
v 15.717928 14.298146 -358.073639
v 15.908545 12.219487 -361.675720
v 14.606967 14.004188 -360.679108
v 16.462816 10.011858 -361.748138
v 17.473227 9.955093 -359.033173
v 18.370407 10.199987 -355.914307
v 16.438736 12.727529 -350.223480
v 17.986883 10.982183 -353.568390
v 17.289978 13.017732 -353.500366
v 14.994352 15.848235 -353.047211
v 13.937650 16.901903 -351.311340
v 16.558109 13.827123 -351.662018
v 17.811182 11.914578 -351.580292
v 2.271711 13.950066 -371.860870
v 2.253946 12.112827 -373.780762
v 2.441915 10.223546 -374.212433
v 2.247522 4.189847 -376.214203
v 1.349620 5.071172 -375.101196
v 1.497797 5.377059 -375.416138
v 2.564731 4.841799 -376.153290
v 17.651329 -6.973541 -357.765900
v 18.932043 -5.412694 -361.411682
v 20.105612 -4.215092 -358.017944
v 18.768358 -8.132019 -347.974243
v 19.393675 -5.353333 -351.325684
v 20.680748 -1.696487 -350.808685
v 21.426718 -5.902668 -347.816467
v 22.386974 1.476835 -348.788666
v 22.413311 -2.698850 -346.384216
v 19.396641 -5.887475 -354.209686
v 20.785378 -2.852010 -354.339661
v 22.076010 1.340221 -351.784027
v 20.813904 -0.088302 -356.422058
v 19.661699 -1.875443 -360.923126
v 11.295926 -3.629287 -371.873749
v 9.878839 -1.763120 -373.353668
v 11.141144 0.045815 -373.281433
v 13.481912 -1.460338 -371.523743
v 12.985561 -6.549010 -368.869507
v 15.750887 -3.986021 -368.480042
v 16.351631 -1.225621 -367.731232
v 14.644516 0.903464 -370.213226
v 12.489414 2.054935 -372.518738
v 8.112427 0.370468 -374.871552
v 8.984546 1.665195 -374.738983
v 9.991273 3.269259 -374.162872
v 1.591950 5.980245 -374.837036
v 2.883484 5.944416 -376.193756
v 7.203510 4.405258 -375.541748
v 6.648441 3.277858 -375.834778
v 5.904631 2.033971 -375.716949
v 22.725561 0.293784 -347.396332
v 20.723425 -3.250503 -349.062683
v 18.793474 -5.940972 -349.404541
v 4.094724 3.117786 -376.124451
v 4.685712 4.159212 -376.280060
v 5.064472 5.184849 -376.118591
v 18.802055 -2.397899 -364.821655
v 17.661247 -6.067002 -365.505035
v 14.914580 -8.336550 -365.770294
v 15.764153 -8.550106 -361.928192
v 9.629868 22.769110 -352.327484
v 11.095637 21.484852 -352.075165
v 12.115143 19.019104 -355.153412
v 10.114064 20.823055 -355.738159
v 12.411349 16.846355 -357.327393
v 10.185190 19.262726 -357.844177
v 13.943062 15.121867 -356.527252
v 13.439306 17.354733 -353.964569
v 12.128448 19.704212 -351.368317
v 13.189726 18.938114 -352.080841
v 11.975393 21.337017 -353.178650
v 9.888920 22.653650 -353.726654
v 9.952914 23.132650 -352.575836
v 11.758197 21.949041 -352.142242
v 12.714321 19.322126 -351.511108
v 12.084225 18.571138 -362.141205
v 10.556858 21.516367 -361.617920
v 12.469566 15.649705 -363.069458
v 10.485032 23.133474 -353.960236
v 12.385253 20.303408 -353.365509
v 11.722504 22.079712 -353.055420
v 9.291008 23.243450 -353.333710
v 8.669568 23.798058 -354.362671
v 7.278257 24.236017 -353.399475
v 1.791621 16.040667 -368.800385
v 1.984210 18.562489 -366.927216
v 2.080800 20.403311 -365.575317
v 5.253795 21.542253 -366.007172
v 5.528565 19.886662 -367.845306
v 5.341612 17.074963 -369.444031
v 7.632169 21.581835 -364.845703
v 8.084126 20.071539 -367.063049
v 7.564223 17.423796 -368.181519
v 10.057641 16.705828 -366.097321
v 10.226830 19.635021 -364.645935
v 9.102042 21.424400 -363.669495
v 11.177715 21.557896 -360.264679
v 12.968207 17.859921 -360.307129
v 13.913903 14.764696 -360.797852
v 11.224121 21.587830 -359.267273
v 13.271346 17.959551 -358.950592
v 14.596971 14.846205 -358.715668
v 11.143339 21.667089 -358.051727
v 13.068619 18.249430 -357.405273
v 14.336943 15.606429 -356.653412
v 13.556719 16.620876 -354.994568
v 12.297918 19.199621 -356.120331
v 10.322837 22.099337 -356.479797
v 9.524947 22.466410 -355.344879
v 11.131243 21.539373 -354.835297
v 12.783777 18.706924 -353.859711
v 9.768849 16.351322 -366.855560
v 9.782989 19.042883 -366.679443
v 11.869603 18.985720 -364.234253
v 11.987000 16.139360 -363.998230
v 2.724571 18.667213 -368.476196
v 7.484322 18.956415 -368.329712
v 7.092349 16.333147 -369.351562
v 2.680527 16.371347 -369.871490
v 7.159314 21.409454 -366.521637
v 2.853813 20.914782 -366.775330
v 1.561120 18.354309 -367.951752
v 1.704139 16.301216 -369.364166
v 1.361717 19.989513 -366.131409
v 9.211481 21.485155 -365.271759
v 10.562461 21.396793 -363.670654
v 11.098288 21.616880 -361.632935
v 12.951985 18.556974 -361.883209
v 13.863980 15.729478 -361.394958
v 9.381689 23.620943 -352.123535
v 11.435919 22.289059 -351.910889
v 13.360287 19.281445 -355.147034
v 11.695518 22.106503 -355.675262
v 13.776824 18.567915 -356.936615
v 11.847801 21.519590 -357.678833
v 13.733412 18.457678 -359.317474
v 11.326360 21.626261 -359.673767
v 14.939082 15.551497 -358.472961
v 15.176332 16.358181 -356.106812
v 14.807700 17.189154 -354.037506
v 12.245914 20.379993 -351.378235
v 13.639793 19.173510 -352.576660
v 13.019593 21.470512 -353.499146
v 11.330786 23.195984 -353.930573
v 10.487632 23.836308 -352.673981
v 12.504344 22.301481 -352.329071
v 12.959218 20.243605 -351.690704
v 4.696023 16.301805 -370.164459
v 4.921589 18.770523 -368.919495
v 4.858213 21.116060 -367.132751
v 10.040917 13.701629 -368.721924
v 10.022396 16.240540 -368.769806
v 12.830323 16.387259 -364.596100
v 13.406073 13.897644 -364.696594
v 2.304345 15.301311 -371.058716
v 7.080710 15.831599 -370.450745
v 7.152372 13.373851 -371.608612
v 2.452760 13.489714 -372.626404
v 6.830641 17.366819 -369.239624
v 2.451153 17.082582 -369.360779
v 0.234339 15.331611 -370.339783
v 0.461138 13.604480 -371.098755
v 0.160279 17.332878 -368.124481
v 9.148751 17.860046 -367.815369
v 12.366597 17.958853 -363.581207
v 13.492603 17.535982 -361.356262
v 14.419624 15.879502 -362.259247
v 14.896615 13.848410 -362.195496
v 15.780143 17.136717 -354.356445
v 14.270677 18.697918 -355.017792
v 15.957737 16.491463 -356.304657
v 14.114524 18.059151 -356.820496
v 15.914634 15.820474 -359.138794
v 14.190356 17.640533 -358.934326
v 15.941409 13.952052 -358.780365
v 16.375736 14.496149 -355.787415
v 16.258368 14.965130 -353.661102
v 14.826863 16.160210 -350.167114
v 14.397406 18.490837 -350.857269
v 13.355130 20.556124 -351.520569
v 11.884384 21.563702 -349.518219
v 13.149899 19.822525 -349.104492
v 13.705336 17.634689 -348.457336
v 15.626347 15.526717 -351.843781
v 15.172950 17.783691 -352.552887
v 14.028292 19.552153 -353.204193
v 4.659171 13.474035 -372.289429
v 4.590979 15.560456 -371.157990
v 4.536765 17.183779 -369.861938
v 10.980793 18.195402 -365.566895
v 11.349695 16.360880 -366.787262
v 11.496048 13.865341 -366.714050
v 9.182131 22.829292 -364.053894
v 3.215788 20.531153 -367.572235
v 3.299186 21.772875 -365.858612
v 8.127680 22.880840 -362.848602
v 10.528489 21.568518 -364.571136
v 3.273999 18.882050 -368.707520
v 10.238791 23.104399 -361.356079
v 11.536293 21.434105 -361.547729
v 11.496821 21.899038 -358.615936
v 10.486056 23.375288 -358.841461
v 9.941179 23.265377 -356.382019
v 10.696570 22.123816 -356.002686
v 9.655262 23.667419 -354.183136
v 9.071880 24.072062 -354.496796
v 7.155837 24.861237 -352.987091
v 7.494630 24.582012 -352.617737
v 3.672819 24.274408 -351.761902
v 3.497589 24.541513 -351.954468
v 8.464622 23.905605 -354.798859
v 6.780974 24.624882 -353.432373
v 2.983848 24.545563 -352.348907
v 9.062549 23.283630 -356.286926
v 9.155455 23.674915 -358.800354
v 8.781358 23.374340 -361.019806
v 1.238939 18.196159 -368.451385
v 1.349822 19.899769 -367.185486
v 1.392126 21.267519 -365.834381
v 6.117011 20.010370 -368.300842
v 5.688302 21.528015 -367.051575
v 4.976094 22.196070 -365.464203
v 8.599436 21.019358 -366.631653
v 7.917818 22.505106 -365.645905
v 6.787166 22.711109 -364.352692
v 4.353395 23.984970 -363.285645
v 1.443151 22.180454 -365.004242
v 0.997355 22.701805 -363.579041
v 2.393823 23.695066 -362.233429
v 5.638801 22.382090 -364.728058
v 1.768584 20.930319 -366.000977
v 6.323123 24.849363 -361.266083
v 7.926202 22.355713 -361.621643
v 8.175611 22.001379 -358.344849
v 6.424197 25.124519 -358.846954
v 5.473249 25.071516 -357.362579
v 7.441543 22.616045 -356.477570
v 5.680547 24.163073 -354.634064
v 3.333501 25.509665 -355.764099
v 0.615606 25.636448 -354.684937
v 1.267907 24.941296 -353.857697
v -1.622210 24.886177 -353.168335
v -2.129525 25.595163 -353.702576
v 1.414211 25.139931 -356.893890
v -0.289960 25.061140 -355.818573
v -3.409898 25.233351 -354.783997
v 2.831480 24.869284 -357.726990
v 3.589598 24.615744 -359.319305
v 3.512571 24.183161 -360.754730
v -0.438057 19.753561 -366.885345
v -0.806408 21.131859 -365.152405
v -1.040314 21.851503 -364.298584
v 5.519887 23.873192 -363.424072
v 2.148676 22.876028 -364.772736
v 1.880211 23.939487 -363.540161
v 3.740515 25.068298 -362.210144
v 6.522162 22.122561 -364.933472
v 2.517032 21.344595 -366.114746
v 7.390762 24.705782 -361.488464
v 8.951953 22.214905 -361.959869
v 9.527143 21.744875 -358.574554
v 7.729241 24.984373 -359.090332
v 6.973558 25.397968 -357.517273
v 8.858546 22.180918 -356.635559
v 7.397798 23.485205 -354.817627
v 5.409318 25.766571 -355.744171
v 2.724236 25.761791 -354.441498
v 3.638218 24.786064 -353.535736
v 0.357093 25.039955 -352.974487
v -0.158684 25.764984 -353.441284
v 3.305614 26.432802 -356.619446
v 1.618506 26.243301 -355.474854
v -1.475216 25.903753 -354.222290
v 4.535153 25.901064 -357.565521
v 4.932205 26.100819 -359.250580
v 4.841279 25.698174 -360.724854
v 0.180674 20.383717 -366.217743
v 0.066080 21.800459 -364.843842
v -0.189588 22.789013 -363.916321
v 9.228729 24.285240 -363.139771
v 7.500147 24.577118 -362.128387
v 10.462488 22.103670 -364.544617
v 7.127119 25.575720 -353.882263
v 9.207452 24.459475 -353.583649
v 7.809237 24.797073 -352.864777
v 4.642905 25.126060 -352.954559
v 4.657537 25.631887 -354.489380
v 2.030232 24.894770 -353.284943
v -0.128736 19.723349 -366.597687
v -0.414687 21.518984 -364.956757
v -0.658194 22.522762 -363.793671
v 2.936258 24.055414 -363.951294
v 3.082286 23.017168 -365.556946
v 3.506105 21.288103 -367.292053
v 5.155994 24.394707 -363.408722
v 6.151499 23.804708 -365.203217
v 6.782744 22.038471 -366.932892
v 8.790283 22.096624 -366.043213
v 7.908666 24.361629 -364.278229
v 6.433735 24.644114 -362.770660
v 8.183092 24.985718 -360.959015
v 10.477339 24.444000 -361.341125
v 11.945110 21.742498 -361.660492
v 8.256286 25.213753 -359.859741
v 10.695812 24.688929 -359.489563
v 12.259091 21.593224 -359.282013
v 8.085313 25.275536 -358.519379
v 10.642636 24.821480 -357.861847
v 11.886756 21.812988 -357.379974
v 11.257323 22.586113 -355.612152
v 9.864140 24.960901 -355.965942
v 7.210139 25.212965 -356.768707
v 6.273480 25.410442 -355.476837
v 8.620893 25.348591 -354.854614
v 10.292393 23.471210 -354.457855
v 1.003803 23.889948 -364.113831
v 1.088040 22.776041 -365.518372
v 1.555821 20.716984 -367.199066
v -8.221645 8.451098 -369.725983
v -8.836761 12.502224 -370.218170
v -11.697167 12.377209 -366.969879
v -11.914021 8.939553 -366.604767
v -2.526340 12.030947 -373.356781
v -5.633231 12.361104 -372.480530
v -5.109961 8.408579 -372.022858
v -2.604137 8.546749 -373.233185
v -5.401777 14.277766 -371.290222
v -2.760130 13.988471 -371.933929
v 3.477205 11.639254 -372.250854
v 3.313162 9.428286 -373.278625
v 3.400188 14.105122 -370.877655
v -8.006639 14.170565 -368.911621
v -9.974468 13.992982 -365.468201
v -11.817245 13.613508 -363.744141
v -13.987839 12.240053 -364.921326
v -14.531898 8.900017 -364.528595
v -10.670010 17.205938 -349.222778
v -12.989872 14.281726 -348.925995
v -17.480160 11.928623 -356.381104
v -15.058689 14.584644 -356.061523
v -17.264471 11.326115 -359.365143
v -15.473841 13.669287 -358.782898
v -15.875488 11.525343 -362.269501
v -14.080267 13.317513 -361.335449
v -16.325937 8.596272 -362.328522
v -17.074278 8.818402 -359.668823
v -17.908308 9.523974 -356.493256
v -15.214872 12.011440 -349.195801
v -17.949759 10.320112 -354.034302
v -16.984634 12.454193 -354.178345
v -13.815718 15.459065 -353.759644
v -12.485538 16.169325 -351.868469
v -15.934956 12.939159 -352.180023
v -16.996841 10.866736 -352.091736
v 0.215105 9.283066 -374.298492
v 0.372319 11.437102 -373.451233
v 0.305855 13.856124 -372.027863
v -9.897092 9.441457 -370.385437
v -9.952203 11.907760 -370.431946
v -12.663543 11.562885 -367.126343
v -13.086480 9.447023 -367.245911
v -3.258496 11.481489 -373.560486
v -6.303916 11.751983 -372.659149
v -5.986179 9.319377 -372.467926
v -3.335361 9.238079 -373.707825
v -6.363886 14.395655 -371.692688
v -3.479734 13.979048 -372.287994
v 1.639169 10.736946 -373.936279
v 1.440875 8.824438 -374.191376
v 1.595141 13.076818 -372.377380
v -9.165807 14.479300 -369.618927
v -11.723123 13.715368 -366.325714
v -14.415088 12.954875 -364.167389
v -14.770127 10.833212 -364.718292
v -16.004200 8.901958 -364.955780
v -11.318898 16.483505 -348.470337
v -13.502931 13.725916 -348.281525
v -18.507757 10.816643 -355.317047
v -17.152660 12.844343 -355.023193
v -17.923779 10.049204 -358.825745
v -17.264523 12.177871 -358.214691
v -16.803690 9.973334 -362.252472
v -16.114063 12.111597 -361.526947
v -17.063622 8.008823 -362.245850
v -18.217731 7.815582 -358.760895
v -18.265364 8.291629 -355.486847
v -15.747574 11.497853 -348.353180
v -17.585093 9.026292 -352.666351
v -17.769810 11.391097 -352.792725
v -15.236822 13.756501 -352.422363
v -13.228474 15.005571 -349.984497
v -16.110363 12.310542 -350.278015
v -17.073387 10.231202 -350.125793
v -0.564066 9.165155 -374.364868
v -0.402288 11.101368 -373.811340
v -0.441946 13.309252 -372.696442
v -7.817802 14.434736 -370.955811
v -8.134526 11.824377 -371.841400
v -7.947248 9.366502 -371.692657
v -7.203668 13.892532 -370.188232
v -7.086815 16.445732 -369.599548
v -9.381478 16.300797 -365.702972
v -9.766285 13.752084 -365.934692
v 1.685387 15.311774 -370.357330
v -4.102029 15.869853 -371.339752
v -4.020215 13.445631 -372.115265
v 1.607990 13.350909 -371.608429
v -3.875308 17.435390 -369.792267
v 1.607457 17.143106 -368.710297
v 3.804707 15.471684 -369.782562
v 3.654714 13.731969 -371.123291
v 3.903708 17.317339 -368.006317
v -6.902562 17.959160 -367.648346
v -9.170325 17.966604 -363.926514
v -11.025852 17.925720 -361.939301
v -11.520517 15.731153 -362.789795
v -12.066008 13.236334 -363.025909
v -13.125611 17.010775 -353.611633
v -11.289511 18.598797 -354.638733
v -14.088795 16.114271 -356.903198
v -12.405173 17.915298 -357.277557
v -14.138310 15.293538 -359.961548
v -12.373478 17.868397 -359.604797
v -14.169065 13.200393 -359.626373
v -14.275782 13.748021 -356.426453
v -13.371522 14.711378 -352.951721
v -12.426385 15.622590 -351.732391
v -12.141804 18.053898 -352.698822
v -10.984151 19.666059 -353.821381
v -9.505070 20.142262 -353.763794
v -10.244983 19.512669 -352.647461
v -11.007092 17.632166 -351.592316
v -1.034169 13.339134 -372.202179
v -1.029814 15.380183 -371.378815
v -1.039096 17.098711 -369.569794
v -10.381399 20.355120 -353.536987
v -11.238333 18.839502 -352.417999
v -11.553003 16.424791 -351.636780
v -11.656859 18.127058 -356.104889
v -13.402549 16.462761 -355.387024
v -13.652040 14.183000 -354.826721
v -8.648300 13.902358 -369.707275
v -8.233459 16.486610 -368.817993
v -10.428535 16.168505 -365.293335
v -11.140575 13.624897 -365.457581
v 0.598277 15.222069 -371.160156
v -5.312313 15.932910 -371.553650
v -5.324931 13.500168 -372.330902
v 0.501519 13.289740 -372.250519
v -4.606673 17.683025 -369.060364
v 0.422354 17.115250 -368.836792
v 2.694311 15.515756 -369.857239
v 2.511287 13.638979 -371.344452
v 2.756453 17.364876 -368.017151
v -7.436824 18.001945 -366.685333
v -9.818789 18.011702 -363.744049
v -11.887808 17.867878 -361.951324
v -12.961102 15.497157 -362.695160
v -13.703137 13.276696 -362.740448
v -13.459432 17.122932 -353.671844
v -12.041821 18.533739 -354.141479
v -14.856999 16.267380 -355.624817
v -12.908253 17.940119 -356.050751
v -15.453787 15.307675 -359.873291
v -13.028808 17.813244 -359.571411
v -16.136395 13.258542 -359.471161
v -15.675528 13.956295 -355.041077
v -14.362935 14.839070 -352.909332
v -13.227135 15.728749 -351.341125
v -12.063878 18.288731 -352.062561
v -10.867496 20.109154 -352.465729
v -9.454026 21.748590 -350.512787
v -10.260447 20.060457 -350.341370
v -10.854757 17.501419 -349.978760
v -1.867281 13.398395 -372.338623
v -1.878155 15.460513 -371.680817
v -1.969034 17.236158 -369.635498
v -12.682740 17.828079 -360.774597
v -14.416100 15.366092 -361.374634
v -15.127421 13.243516 -361.183044
v -13.277226 17.842699 -358.062195
v -15.469141 15.752179 -358.000885
v -16.043203 13.562802 -357.529449
v -10.409711 18.075148 -361.994354
v -8.529586 20.498720 -361.385681
v -10.385193 14.992468 -363.142242
v -8.304593 21.753193 -355.023560
v -9.891188 19.679764 -354.469604
v -9.198569 20.470612 -354.178772
v -7.085223 22.456200 -354.903107
v -6.858887 22.599541 -356.066406
v -5.734412 22.942417 -356.280243
v 0.376593 16.050610 -369.108398
v 0.218124 18.589199 -366.998169
v 0.231263 20.268534 -365.584229
v -2.980468 21.236917 -365.901215
v -3.519330 19.888712 -367.633881
v -3.402449 17.064114 -369.649902
v -5.587759 21.050062 -364.652344
v -6.072088 19.989096 -366.075134
v -5.872106 17.396099 -368.634308
v -8.277897 16.424473 -365.907867
v -8.138506 19.030287 -364.256409
v -7.445082 20.876125 -363.156006
v -8.899053 20.010838 -360.060303
v -11.465794 17.535557 -360.537048
v -12.659333 14.177650 -361.466003
v -8.991520 19.957441 -359.256317
v -11.692217 17.890467 -359.294556
v -13.618739 14.286776 -359.432953
v -8.859917 20.267019 -358.231506
v -11.307860 18.471451 -357.936157
v -13.080745 15.082122 -357.335754
v -11.705388 16.370279 -355.764893
v -10.324181 19.455059 -356.548462
v -8.312050 20.930738 -357.231598
v -7.625519 22.050600 -356.532288
v -9.424281 20.793293 -355.759033
v -10.601721 18.316059 -355.065552
v -3.682072 22.898676 -362.770203
v -2.028464 21.645243 -364.292847
v -1.013340 22.565744 -363.225494
v -1.953380 22.808681 -362.222107
v -4.572780 21.107327 -363.118378
v -2.639236 20.360067 -365.507172
v -4.289445 24.084126 -360.902313
v -5.049339 22.169851 -360.966217
v -5.168479 23.190756 -358.616669
v -4.199795 24.283613 -358.894226
v -3.517884 24.449423 -357.271545
v -4.532438 23.552622 -356.902161
v -4.641542 23.669041 -355.696014
v -3.794089 24.440069 -355.513062
v -5.273711 23.771156 -353.981842
v -5.661286 23.264870 -354.352020
v -8.357693 23.103701 -352.778625
v -8.084212 23.423805 -352.442078
v -2.619255 24.926777 -355.126495
v -4.803367 24.148855 -353.466522
v -7.597750 23.639757 -352.078552
v -2.230639 24.782433 -357.457458
v -2.836411 24.060503 -358.934601
v -2.581314 23.534864 -360.754913
v 0.694214 19.838730 -365.565002
v 0.463425 21.172741 -364.667633
v 0.261503 21.982004 -364.016479
v -7.089997 23.130554 -353.649323
v -6.778517 23.569258 -353.273041
v -6.321963 23.792395 -352.871429
v -4.992222 23.452169 -354.915863
v -4.425710 23.982822 -354.649384
v -3.663503 24.551119 -354.134705
v -4.543258 23.678312 -356.246613
v -3.488312 24.634161 -356.379089
v -2.165014 24.593994 -356.360657
v -3.829041 24.019135 -363.095032
v -2.034905 22.650631 -364.246033
v -1.070517 23.072758 -363.347961
v -1.893498 24.244295 -362.127563
v -5.137123 22.095879 -363.535583
v -2.596821 21.227041 -365.419647
v -4.684167 24.593193 -361.431213
v -6.067963 22.166138 -361.224213
v -6.330687 22.335810 -359.157166
v -4.694374 25.158825 -359.673950
v -4.116158 25.494650 -358.262268
v -5.739117 23.143326 -357.644348
v -4.654915 23.785587 -356.361359
v -3.201821 25.863649 -357.027252
v -1.760800 26.245554 -355.989044
v -3.004863 25.499449 -354.900330
v -0.880717 25.635237 -354.429291
v 0.958150 26.159836 -355.220062
v -1.393864 25.841881 -357.459198
v -0.053947 26.087997 -356.791901
v 3.573583 26.036642 -356.333862
v -2.013750 25.664034 -358.546631
v -2.438683 25.466501 -359.520142
v -2.437884 24.965073 -360.911469
v 1.374878 19.792290 -366.208313
v 1.152331 21.171957 -365.217041
v 0.947816 22.109062 -364.203552
v -8.573650 15.176762 -370.069855
v -8.414246 17.330111 -368.931366
v -10.806613 17.142778 -365.129608
v -11.011121 14.535926 -365.650330
v 0.182979 16.086681 -370.717407
v -5.404073 17.041628 -371.377441
v -5.372777 14.790678 -372.227753
v 0.243836 14.400983 -371.969543
v -5.247226 18.737524 -368.202728
v -0.028905 18.144684 -368.036987
v 2.120146 16.390800 -369.268829
v 1.921007 14.421063 -370.819366
v 2.193994 18.140350 -367.332794
v -7.502132 18.922270 -366.405304
v -9.923154 19.046652 -363.709595
v -11.388562 19.010242 -361.746002
v -13.202765 16.576525 -362.533783
v -14.629287 13.996908 -362.532990
v -16.364017 15.278346 -355.114868
v -14.810660 16.494921 -355.385834
v -16.761143 15.029696 -357.013641
v -14.889312 16.554409 -357.229309
v -15.346754 16.187128 -359.675995
v -13.203701 18.105318 -359.392242
v -16.627108 13.281778 -359.229614
v -17.288671 13.135865 -356.683899
v -16.706316 13.424323 -354.683502
v -15.445829 14.175908 -353.212677
v -15.100677 15.699506 -353.497101
v -13.806046 17.112963 -353.730896
v -13.024306 17.352350 -352.827850
v -13.811945 15.891150 -352.568939
v -14.338711 14.709993 -352.256836
v -2.436746 14.557540 -372.536469
v -2.469433 16.352589 -371.327423
v -2.643401 18.474731 -369.151245
v 1.152016 7.084842 -375.056335
v 1.123419 9.402258 -374.531952
v -0.013761 9.635056 -374.919342
v -0.124130 7.220541 -375.916718
v -23.094055 3.528067 -353.000946
v -23.720184 2.712572 -353.578217
v -20.504887 2.745520 -354.762848
v -20.580536 4.341094 -354.005829
v 1.078926 11.436365 -373.904236
v -0.013107 11.328212 -374.048401
v -5.528353 11.132794 -373.224182
v -5.094325 9.099903 -374.453339
v -8.835369 10.943809 -371.674286
v -8.245155 8.414046 -373.151581
v -11.876828 9.873928 -369.918640
v -11.685627 7.150815 -371.353668
v -16.413784 8.279817 -366.182922
v -16.869146 5.418561 -366.767120
v -18.441256 8.163463 -362.612885
v -18.830608 5.464216 -363.534058
v -20.099480 7.526595 -356.089935
v -20.753700 5.571997 -356.921631
v -20.423986 5.877648 -353.729767
v -20.532829 3.640594 -357.694550
v -18.413212 2.845802 -363.644440
v -17.256760 2.395414 -367.084839
v -11.040033 4.234516 -372.293976
v -7.630994 5.516253 -374.471069
v -4.885793 6.490946 -375.766022
v -22.538807 4.300678 -352.474518
v -2.484926 11.328080 -374.011749
v -2.376721 9.315789 -374.981934
v -2.407558 6.820477 -376.031555
v -14.376837 3.234038 -370.358368
v -14.794597 5.979730 -369.423279
v -14.682450 8.702699 -368.204468
v -19.773531 8.239233 -358.777802
v -20.178185 5.945372 -359.678467
v -19.929890 3.698141 -360.099182
v -21.698355 2.585684 -353.616150
v -21.218882 3.772314 -352.949280
v -20.697870 4.910994 -352.564697
v -13.260708 -4.980069 -335.662567
v -15.746685 -2.413007 -335.491211
v -17.836891 1.033400 -338.744354
v 2.508049 5.168609 -374.288147
v 2.209969 6.154588 -374.284424
v 0.594790 6.035903 -375.709900
v 1.045398 4.521966 -376.122528
v -3.793379 5.134426 -376.082764
v -3.060545 3.162594 -376.463440
v -9.014071 3.189173 -373.761505
v -8.127872 0.878137 -374.742310
v -11.106462 1.897552 -373.019135
v -9.972257 -0.270152 -373.760406
v -18.579441 0.970756 -364.470978
v -17.476418 -1.608011 -365.108826
v -20.182673 0.896882 -359.635590
v -18.980083 -1.134323 -360.445770
v -22.519304 -0.876774 -357.589813
v -22.648970 -1.983009 -358.312744
v -20.145077 2.867223 -359.114410
v -18.880844 3.276803 -363.932556
v -11.691833 4.375413 -371.240051
v -9.688666 5.701803 -372.020813
v -4.028246 7.212038 -374.440735
v 0.205892 7.424933 -375.162170
v 2.187189 7.173808 -374.123383
v -21.666632 0.238007 -356.907959
v -25.869961 -0.605137 -359.344696
v -25.353067 0.023473 -358.375061
v -25.981403 -1.228902 -360.126190
v -14.632761 3.320220 -369.639282
v -13.437404 1.070014 -371.041687
v -12.381968 -1.246335 -371.932159
v -6.601448 6.782729 -373.804565
v -6.318876 4.337855 -375.351471
v -5.563040 1.980486 -375.713287
v -19.838684 3.491869 -360.994812
v -19.222225 1.154739 -361.922516
v -17.977951 -1.172854 -362.749268
v -17.442715 2.771310 -366.931274
v -16.289278 0.552935 -367.927917
v -14.994346 -1.734305 -368.970825
v -1.769833 7.531891 -374.988251
v -1.466096 5.798271 -376.003906
v -0.861577 4.055796 -376.379120
v -20.500574 -1.455579 -359.079193
v -20.823160 -0.027982 -358.059540
v -20.336494 1.135252 -357.305359
v -24.440617 -1.821267 -358.790405
v -24.267544 -0.898163 -358.137268
v -23.487732 0.050247 -357.392487
v -9.305605 5.634818 -373.419495
v -8.768638 3.953242 -374.983459
v -11.997571 3.525018 -372.620361
v -12.428190 5.143736 -371.433228
v -2.269224 6.278594 -377.099396
v -5.968359 5.222424 -376.340759
v -6.681617 6.859204 -374.876251
v -3.127082 8.188640 -375.712555
v -5.078060 3.451427 -376.760895
v -1.495978 4.411047 -377.609436
v 1.190703 6.024649 -375.781982
v 0.903669 6.680180 -375.319397
v 1.804991 4.992886 -376.124939
v -8.023675 2.349883 -375.359406
v -11.575697 1.955303 -372.693665
v -14.242636 2.141130 -370.650513
v -14.389301 3.481333 -370.848694
v -14.546900 4.861737 -369.956512
v -18.894821 4.965008 -365.324860
v -18.928898 4.263070 -364.930725
v -18.568056 4.175272 -366.384583
v -18.573582 3.337578 -366.296173
v -16.881933 3.562289 -368.360413
v -16.842445 2.481591 -368.114380
v -16.798126 4.512697 -367.721985
v -18.207233 4.879580 -366.336151
v -18.462507 5.437308 -365.297272
v -18.586399 7.450944 -363.682343
v -18.777441 7.250256 -363.612579
v -18.806719 7.014281 -363.405273
v -18.962055 5.573508 -363.811829
v -18.840986 5.994256 -364.164459
v -18.463654 6.294907 -364.225006
v 0.358893 4.527393 -376.999664
v -0.105632 6.364322 -376.458466
v -0.952497 7.848730 -375.555664
v 18.299696 7.374008 -351.391144
v 17.889614 6.606031 -349.151947
v 19.323368 4.262595 -349.658356
v 19.759863 4.711518 -352.032440
v 20.226517 5.652894 -356.647339
v 18.113911 8.310080 -356.516327
v 18.401903 7.882867 -353.857269
v 20.200729 5.256002 -354.376251
v 20.333607 2.452333 -352.623016
v 20.720510 2.709920 -350.600403
v 20.602009 2.526749 -356.542816
v 20.382149 2.176755 -354.728027
v 17.564638 5.874238 -347.309845
v 18.206451 4.108176 -348.100403
v 19.092342 2.951194 -348.963867
v 16.656336 10.415805 -355.142029
v 17.289101 9.843754 -353.099487
v 17.527069 9.141912 -350.580048
v 17.570333 8.457366 -348.818817
v 17.260084 7.246892 -347.266388
v 18.970966 5.766211 -350.242859
v 17.924637 6.134085 -348.713654
v 19.808483 5.223958 -352.516571
v 19.304258 5.555556 -351.389557
v 17.856440 6.102471 -347.546295
v 16.068832 11.494223 -356.182770
v 15.879733 12.178721 -354.111786
v 15.488211 12.022243 -352.186676
v 15.452577 11.950632 -350.549072
v 15.826112 11.271501 -348.375549
v 17.238554 10.133280 -349.007782
v 17.676264 7.878551 -348.668762
v 17.233835 10.208862 -350.837402
v 17.906328 7.958451 -350.505066
v 17.600952 9.302562 -355.100189
v 19.079668 7.205881 -353.871429
v 17.521795 10.106400 -352.936371
v 18.362589 7.843110 -352.234283
v 17.397720 7.708472 -347.314056
v 17.050833 9.843939 -347.214539
v 22.217304 -1.236161 -341.771454
v 22.398746 -2.810767 -342.458557
v 20.663853 -0.777612 -345.296783
v 20.634979 0.447514 -343.685455
v 21.939669 -4.032306 -344.208405
v 20.572346 -1.932199 -346.085724
v 6.690713 3.824661 -375.591522
v 6.801856 7.209847 -374.058105
v 10.052340 7.127923 -371.924164
v 9.788499 3.341319 -373.560211
v 15.797539 6.301202 -366.002808
v 16.287848 2.878552 -367.619720
v 18.461895 6.380554 -361.605530
v 20.145452 3.112061 -363.007355
v 21.063498 5.187054 -353.068207
v 21.216057 1.962389 -354.185272
v 21.038481 4.488592 -349.989319
v 20.609764 1.747205 -351.399994
v 20.487619 2.052898 -347.775238
v 21.794268 0.676283 -349.171906
v 18.773031 6.738681 -349.159607
v 19.574898 3.254094 -346.447510
v 19.050657 7.912742 -352.153748
v 16.863274 9.129324 -360.488739
v 14.810740 9.683925 -363.876099
v 9.993482 10.502058 -370.246521
v 6.470440 10.605862 -372.171295
v 1.596030 4.696465 -375.136932
v 1.778350 7.493554 -374.171570
v 1.521882 9.875219 -373.562012
v 18.329985 8.293433 -356.887451
v 20.240524 5.908654 -357.889740
v 21.488430 2.636724 -358.591156
v 20.650774 -3.736104 -344.890198
v 20.816000 -2.312203 -343.518555
v 20.825665 -0.821105 -342.425751
v 20.856184 -0.452069 -347.747986
v 21.625982 0.699380 -346.484467
v 20.307026 2.095632 -345.108185
v 12.867045 9.926163 -367.136810
v 13.199531 6.636717 -369.289886
v 13.429379 3.195680 -370.471466
v 21.293316 1.297200 -350.350861
v 20.560549 3.322265 -348.532837
v 18.543306 4.918684 -347.417908
v 3.755139 4.322353 -375.673370
v 4.035340 7.186782 -374.748108
v 3.782132 10.298929 -372.850494
v 16.430704 8.033392 -344.292175
v 16.534840 7.024358 -344.572113
v 16.495815 7.424631 -345.897186
v 16.468399 8.558548 -345.865753
v 15.915859 6.612529 -338.232941
v 16.371210 5.870087 -338.246826
v 16.826756 6.447497 -340.303955
v 16.098455 7.566351 -340.380920
v 16.330109 9.028450 -343.629456
v 16.347054 9.287322 -345.330719
v 15.631364 7.342610 -338.213593
v 15.897782 8.235294 -340.285095
v 16.515284 8.139076 -342.823486
v 16.884529 7.040956 -343.055695
v 16.304161 8.934992 -342.413269
v 16.598150 8.559254 -346.242340
v 16.522375 7.364295 -346.908234
v 16.611540 7.728678 -347.806549
v 16.568832 9.013489 -347.559448
v 16.938061 7.241400 -340.258453
v 17.133780 6.549217 -340.612610
v 16.937277 7.141693 -342.778595
v 17.158014 8.254081 -342.473785
v 16.119341 10.884752 -345.858398
v 16.356482 11.102465 -347.161957
v 16.260633 8.068960 -340.127258
v 16.128756 9.685349 -342.562531
v 16.808626 8.690073 -344.887665
v 16.489439 7.478707 -345.715302
v 16.029692 10.574958 -344.826691
v 16.787903 8.258266 -347.096100
v 16.639244 6.753966 -347.684875
v 16.842657 7.121020 -348.768951
v 16.710247 8.568985 -348.797333
v 21.799946 5.944870 -341.739899
v 21.750795 5.669595 -342.896423
v 17.395987 6.504725 -344.186890
v 17.385757 7.473012 -343.060760
v 16.622787 9.530236 -346.315704
v 16.617785 9.565850 -348.143677
v 21.734491 6.165581 -340.541718
v 17.242880 8.239656 -342.253723
v 16.955544 8.051452 -344.996643
v 16.563200 6.359466 -345.870331
v 16.878664 9.219487 -344.507568
v 19.696611 6.981761 -340.541412
v 19.673248 6.744086 -341.697815
v 19.687866 6.223197 -343.064209
v 18.230146 7.464713 -341.050262
v 18.186329 7.215562 -342.224304
v 18.185329 6.577239 -343.729828
v 18.114679 8.010677 -350.202942
v 18.460339 7.088634 -350.532166
v 18.391640 8.155764 -352.322021
v 18.214643 8.907429 -352.447205
v 24.113110 3.772409 -346.120453
v 24.272541 3.612120 -347.449646
v 18.013077 6.233199 -347.670349
v 17.741369 7.012317 -347.150696
v 17.922707 8.629122 -349.282074
v 17.867649 9.331725 -351.773163
v 24.159811 4.107014 -345.138428
v 17.545158 7.717068 -346.482941
v 17.958101 7.515133 -348.636078
v 18.075424 6.493223 -349.207184
v 17.717804 8.282597 -348.043457
v 18.786049 5.476001 -346.352783
v 18.547659 5.976983 -345.504028
v 18.255640 6.569309 -344.742737
v 21.846352 4.571857 -345.206604
v 22.064857 5.018414 -344.285065
v 21.667568 4.299047 -346.217102
v 17.406681 9.332272 -347.579865
v 17.330391 8.625451 -345.922272
v 17.711882 7.625123 -346.969666
v 18.020199 8.043427 -348.360260
v 18.509222 8.260016 -352.333008
v 17.830666 10.023276 -352.325806
v 17.698517 9.760571 -349.397003
v 18.291243 8.249714 -350.077606
v 18.370186 6.554541 -349.151520
v 18.076792 6.549309 -347.894806
v 19.435673 6.415990 -351.894806
v 18.931356 6.464608 -350.101654
v 23.903999 5.575733 -342.827759
v 24.022440 4.816154 -343.991119
v 24.470486 4.328584 -345.234253
v 16.939108 11.249255 -352.184998
v 16.921629 10.918243 -348.892883
v 16.564407 10.376678 -346.893280
v 16.825602 9.470290 -345.091980
v 23.257803 6.106346 -342.221252
v 20.960636 6.334926 -343.095428
v 20.334972 6.805282 -342.383392
v 21.731705 5.180485 -345.304871
v 21.619249 5.837111 -344.221893
v 18.970304 6.025468 -346.221252
v 18.853758 6.624564 -345.334656
v 18.527414 7.477139 -344.141266
v 17.877197 7.875339 -343.320343
v 18.005587 10.634841 -348.741455
v 18.630600 8.834515 -348.759827
v 19.675203 7.919369 -356.523621
v 18.497759 9.761232 -356.623413
v 16.922436 9.023249 -343.598846
v 18.249094 7.731718 -343.795441
v 17.916822 8.349093 -345.601685
v 17.369387 9.777319 -345.190491
v 16.027430 12.489103 -349.167267
v 16.837070 11.506552 -356.973633
v 15.967964 10.232413 -343.601074
v 15.951280 11.206888 -345.454010
v 17.797657 10.323082 -347.024109
v 18.198111 8.562748 -347.361725
v 16.084738 12.121292 -347.059967
v 16.179441 12.514660 -351.153046
v 18.212990 10.552075 -350.240540
v 18.890827 8.907167 -350.519531
v 16.530663 12.313147 -353.819305
v 18.670683 10.411351 -353.182007
v 19.222549 8.541280 -353.385651
v 12.183624 4.782269 -370.922791
v 11.335771 7.060284 -371.210388
v 14.117535 7.234207 -368.429016
v 14.862690 4.900719 -368.559021
v 6.137911 7.219196 -374.489014
v 8.790751 7.293860 -372.908234
v 9.839002 4.779417 -373.097046
v 6.711972 5.193332 -375.021393
v 8.623743 9.106568 -371.820435
v 6.224773 9.175944 -373.038300
v 1.576465 7.351424 -374.701538
v 2.951380 5.315185 -375.210480
v 1.575214 9.221164 -373.434326
v 11.016574 8.952986 -370.407104
v 13.820547 9.090512 -367.571655
v 15.148339 9.319433 -365.507233
v 15.768451 7.634284 -366.062042
v 16.673237 5.064815 -366.143646
v 17.726286 9.962104 -348.341034
v 18.715147 7.556954 -347.925110
v 19.356670 8.161534 -356.721954
v 17.516081 10.712709 -356.599121
v 19.194357 7.636829 -359.697144
v 16.788092 9.991529 -359.596497
v 17.323591 7.530587 -363.096130
v 16.183361 9.587567 -362.480194
v 18.586639 5.277987 -362.891693
v 20.316759 5.662299 -359.796814
v 20.980675 5.972675 -356.394470
v 19.981207 5.413524 -348.140961
v 20.626120 6.321646 -353.925720
v 19.086597 8.347398 -354.503296
v 17.939348 11.296972 -354.104828
v 17.902929 10.848776 -351.037048
v 19.110031 8.368551 -351.213348
v 19.954836 6.252601 -350.881409
v 3.541636 9.162453 -373.959656
v 3.500243 7.292634 -374.947845
v 4.799779 5.260132 -375.216278
v 10.396851 7.654099 -372.359497
v 10.361056 9.978655 -371.903656
v 13.318744 9.977648 -368.869751
v 13.662225 7.414629 -369.376923
v 4.943557 10.087266 -374.692413
v 7.622597 10.208533 -373.181976
v 7.743530 7.788730 -373.816772
v 5.104754 8.163839 -374.835388
v 7.414961 11.967652 -372.267395
v 4.997854 11.957024 -373.388184
v 0.437395 10.155798 -374.198029
v 0.637068 8.284236 -374.041626
v 0.445868 11.926657 -373.038452
v 10.009501 11.894258 -370.802643
v 12.978990 11.867467 -367.816040
v 14.596791 11.948705 -365.515472
v 15.281622 9.811069 -366.277374
v 15.845806 7.588614 -366.803894
v 14.888051 15.613955 -350.173492
v 16.448997 13.234489 -350.047882
v 18.550737 10.581203 -356.915863
v 17.016376 13.254607 -356.535248
v 18.116129 10.091224 -359.876678
v 16.608269 12.536385 -359.471558
v 16.881821 9.769807 -363.106720
v 15.847507 12.223536 -362.359802
v 17.212612 7.709863 -363.412598
v 19.003719 8.067585 -360.099213
v 19.733656 8.292665 -356.867004
v 18.451696 11.115354 -350.113312
v 19.564692 8.930163 -354.470642
v 18.396639 11.404355 -354.767761
v 16.756632 14.022173 -354.369171
v 16.006750 14.764220 -351.917938
v 17.804754 12.326680 -352.374969
v 19.067675 10.198867 -352.214386
v 2.350339 11.922967 -373.657684
v 2.317217 10.103804 -374.883179
v 2.500575 8.200078 -374.956909
v 13.053770 2.200617 -370.804413
v 13.793799 4.383486 -370.183441
v 15.391611 4.670900 -368.466980
v 15.644730 2.511390 -368.452301
v 8.019778 5.074525 -374.854523
v 10.349103 4.500765 -373.024292
v 10.486212 2.335991 -373.122375
v 8.045036 2.872868 -374.831024
v 10.090754 6.475540 -372.479828
v 8.239553 7.234107 -373.432678
v 2.211219 6.154444 -375.018524
v 2.408883 4.615164 -375.198059
v 2.150537 8.559835 -374.211426
v 12.651682 6.060086 -370.425385
v 14.932280 6.297355 -368.138916
v 16.737427 6.864620 -365.992523
v 17.107494 5.170307 -366.503418
v 17.383320 2.928817 -366.460876
v 19.996477 8.431832 -350.189667
v 21.026354 6.877563 -350.342285
v 20.958586 7.444983 -357.275513
v 19.345114 9.769137 -357.129242
v 20.133986 6.367901 -360.519257
v 18.959358 8.910721 -359.960144
v 19.080328 5.495563 -363.998901
v 17.901964 7.548262 -363.386963
v 19.405693 3.526673 -363.895844
v 20.909475 4.447209 -360.616669
v 21.221777 5.008030 -357.244293
v 21.877121 5.488126 -350.466644
v 21.139389 5.341213 -354.738525
v 20.638866 7.649804 -355.054779
v 19.518269 10.006924 -354.718719
v 19.280615 9.321036 -351.321533
v 20.029232 7.119758 -351.566162
v 21.024300 5.713525 -351.425232
v 3.994928 8.246421 -374.692688
v 4.003057 5.817104 -375.361237
v 3.868137 3.724858 -375.656799
v 21.011847 5.777606 -352.833069
v 20.787279 7.518038 -352.995575
v 19.429850 9.989554 -352.804352
v 5.991269 3.298243 -375.386047
v 6.028820 5.436080 -375.501465
v 6.131090 7.724977 -374.554260
v 9.856639 11.363570 -371.626068
v 9.990975 13.725415 -371.237427
v 12.583884 13.782988 -368.148834
v 12.972447 11.202019 -368.856628
v 5.024796 13.642014 -373.757690
v 7.461672 13.775410 -372.935181
v 7.574287 11.416348 -373.557892
v 5.208056 11.476232 -374.497162
v 7.388159 15.600541 -371.538239
v 5.094010 15.493543 -371.833313
v -0.299774 13.686025 -372.223907
v -0.107725 11.838022 -372.742371
v -0.345942 15.487573 -370.139404
v 9.906996 15.828120 -369.178009
v 11.712207 15.760732 -367.000092
v 13.403920 15.862765 -364.430084
v 14.694376 13.914674 -365.004333
v 15.306700 11.499521 -365.763214
v 19.732475 9.932492 -352.263824
v 20.454372 8.546657 -353.619415
v 17.169529 13.643359 -358.373474
v 16.219704 15.461928 -357.595276
v 16.528542 14.032468 -360.692413
v 15.784961 15.954141 -359.727509
v 15.795966 14.227857 -362.990021
v 14.705413 15.959926 -362.126678
v 16.083363 11.824224 -363.134125
v 16.847729 11.821803 -361.336761
v 17.589537 11.297009 -359.327850
v 21.477587 7.535702 -354.851868
v 18.684652 10.917317 -357.638062
v 17.917864 13.021817 -356.671112
v 16.505541 14.508675 -355.618011
v 17.658222 12.931776 -354.018524
v 18.619589 12.002311 -355.169037
v 19.154833 10.487587 -356.370850
v 20.171759 9.210122 -355.450134
v 19.510937 10.440648 -354.168457
v 18.830105 11.500051 -353.065948
v 2.353086 11.796074 -373.878967
v 2.167545 13.643518 -373.598328
v 2.179187 15.426236 -371.384277
v 0.527734 4.780678 -374.785980
v 0.534000 5.814455 -374.110229
v 1.477746 5.931743 -375.684448
v 1.356050 4.386566 -375.942444
v 7.016546 5.281119 -375.777435
v 6.324894 3.284811 -375.999298
v 11.066197 3.552817 -373.586700
v 10.594510 1.307581 -373.987946
v 13.316776 2.506105 -372.341614
v 12.655940 0.224733 -372.323181
v 20.838150 1.625392 -362.869934
v 19.431684 -1.164710 -363.587433
v 22.233521 1.896277 -357.160889
v 20.967155 -0.642001 -357.537048
v 22.223446 1.647653 -354.879333
v 21.287834 -0.691701 -355.146088
v 22.733854 1.507718 -352.792725
v 21.641779 -0.518405 -352.918152
v 22.271555 4.537921 -356.543549
v 22.537306 4.237674 -354.896423
v 20.568441 3.915470 -362.750183
v 13.988235 4.927056 -370.413391
v 11.577479 5.933112 -372.030273
v 7.143605 7.326235 -374.950104
v 1.457620 7.344108 -375.260101
v 0.569819 6.807089 -374.556885
v 23.366003 3.610055 -352.937683
v 24.861063 0.924290 -351.383759
v 24.814371 2.522887 -352.023499
v 24.705095 -0.324560 -351.081482
v 16.674580 3.587150 -367.540863
v 16.613211 1.150905 -368.816498
v 15.915974 -1.164338 -369.098541
v 9.228250 7.010559 -373.902618
v 9.115492 4.578104 -374.740753
v 8.544443 2.359428 -375.012909
v 21.688066 4.362832 -359.260254
v 21.907909 1.989093 -359.658997
v 20.811769 -0.737356 -360.214966
v 18.957937 3.294728 -365.246368
v 19.349396 1.044240 -365.852722
v 17.856651 -1.653552 -366.519806
v 5.326908 7.476315 -375.456512
v 5.093273 5.756615 -376.215790
v 4.555900 4.009862 -376.374054
v 2.751866 4.361105 -376.315369
v 3.088287 6.003726 -376.216858
v 3.237506 7.554523 -375.721497
v 22.899611 -0.415749 -351.199341
v 23.304237 1.459608 -351.372223
v 23.822853 3.046724 -352.323334
v 15.449413 4.240085 -369.168182
v 15.079247 1.776916 -370.618744
v 14.221213 -0.522762 -370.909882
v -5.943582 7.501149 -375.510040
v -4.809520 9.037064 -375.355042
v -6.924631 9.663162 -374.123993
v -7.651179 8.209825 -374.173218
v -1.093493 7.197026 -376.732330
v -3.262477 8.307867 -376.177277
v -3.980698 6.679698 -376.773224
v -1.546181 5.711087 -377.575531
v -2.467416 9.861705 -374.837189
v -0.301629 9.122680 -375.233368
v 4.109938 5.270666 -374.024902
v 3.362410 2.444621 -372.693390
v 4.599645 7.970789 -374.099731
v -4.174499 10.466640 -374.046082
v -6.235362 11.210907 -372.961609
v -8.808681 11.595630 -371.527252
v -9.506579 10.485424 -372.129578
v -9.392825 8.937131 -372.355499
v -14.970907 9.631313 -368.287109
v -14.900352 9.985929 -367.481354
v -13.009237 10.447565 -368.902954
v -12.613468 10.932347 -368.448608
v -10.897856 10.820024 -370.521118
v -10.381182 11.578187 -370.084778
v -11.148676 9.594551 -370.838928
v -12.817283 9.546440 -369.616364
v -14.721060 9.030590 -368.627350
v -16.537725 6.687094 -369.121185
v -16.711105 6.944479 -368.814758
v -16.753714 7.022397 -368.436615
v -16.076889 8.595688 -367.380707
v -16.070747 8.448006 -367.962372
v -15.856730 8.053972 -368.299072
v 0.705453 8.884345 -375.167084
v 0.632389 6.535780 -375.992828
v 0.428125 4.770127 -377.842682
v -8.550802 11.813745 -372.085632
v -8.663885 14.404521 -371.177338
v -10.844748 14.578443 -368.403290
v -11.589990 12.083117 -369.275604
v -2.666645 13.608751 -373.334198
v -5.566400 14.062327 -372.844116
v -5.435285 11.641474 -373.527191
v -2.723726 11.453133 -374.045502
v -5.571842 16.132687 -371.836273
v -2.956025 15.711738 -372.246460
v 1.771370 13.828110 -372.000183
v 1.732882 11.921310 -372.437134
v 1.722653 15.445560 -370.075409
v -8.293995 16.368044 -369.787994
v -10.110381 16.370407 -366.948517
v -11.099755 15.846112 -365.146484
v -12.832577 14.076735 -365.248169
v -13.816090 11.986413 -366.080719
v -20.140545 9.151612 -352.619507
v -21.011105 7.763955 -354.158295
v -17.984715 13.013432 -358.838013
v -16.593588 14.994039 -358.028076
v -16.485765 13.343138 -361.145142
v -15.687363 15.558288 -360.244812
v -14.692866 13.698396 -363.499176
v -13.582082 15.857759 -362.579407
v -15.955975 11.713943 -363.809967
v -17.702444 11.222113 -361.828796
v -19.099758 11.035866 -359.611328
v -21.519474 6.752295 -355.507507
v -19.896223 10.500857 -358.070160
v -18.686117 12.524925 -357.023163
v -17.334642 14.073126 -355.968231
v -17.918692 12.431285 -354.290833
v -19.387009 11.483215 -355.482056
v -20.281794 9.958952 -356.706360
v -20.127707 8.556079 -355.919708
v -19.928953 9.784050 -354.501312
v -19.077843 10.857697 -353.268036
v 0.345518 11.777236 -373.718933
v 0.494471 13.667910 -372.770203
v 0.339146 15.344998 -371.410431
v -6.284563 18.982485 -369.647491
v -6.171009 21.515135 -367.708893
v -8.912889 21.369844 -365.643768
v -8.893562 18.849436 -367.054504
v 0.003862 19.878386 -368.358978
v -2.725941 20.651264 -368.779114
v -2.796122 18.283522 -370.576965
v 0.060683 17.760233 -369.992126
v -2.475287 21.862261 -366.880096
v 0.006921 21.144653 -366.533417
v 2.007422 19.452221 -367.296265
v 1.969693 17.944771 -369.167206
v 2.040147 20.893501 -365.561157
v -5.633135 22.193451 -365.758942
v -8.186713 22.187292 -363.876984
v -9.785561 21.263714 -362.681458
v -10.645811 20.681170 -364.140167
v -10.929146 18.395046 -364.904633
v -10.909161 20.148067 -354.789825
v -12.307700 18.527826 -353.985901
v -15.178645 17.497118 -357.732117
v -12.402517 19.102833 -357.819489
v -14.255673 18.120352 -360.002045
v -12.054114 19.679916 -359.531891
v -12.358848 19.770208 -362.167297
v -10.951781 20.504560 -361.204956
v -13.182346 17.223099 -362.680359
v -15.806101 15.939702 -360.450165
v -16.825886 15.711949 -357.721649
v -14.056792 17.113054 -353.796326
v -11.861966 19.379057 -356.378601
v -13.880858 17.693380 -355.725281
v -15.588217 16.042450 -355.346405
v -5.950270 7.793324 -376.567749
v -7.393064 8.831186 -375.002502
v -6.900045 10.254183 -374.423370
v -5.469220 9.307842 -375.929962
v -0.858519 6.832915 -378.008484
v -0.864042 5.403665 -378.480011
v -4.034533 6.593987 -377.961823
v -3.777376 8.185539 -377.341309
v 0.626416 5.905492 -377.430389
v 0.701098 4.766145 -377.976868
v -8.173018 11.150578 -372.733490
v -8.583724 10.034991 -373.507751
v -11.038924 12.698029 -369.924103
v -12.633821 12.771676 -368.984039
v -9.303814 11.955127 -371.349854
v -9.595990 11.149826 -372.084778
v -11.091855 12.029479 -370.570496
v -12.558301 12.242615 -369.428558
v -14.111439 11.383650 -368.974060
v -14.185651 11.706942 -368.533905
v -15.187500 10.371109 -369.351868
v -15.104630 10.167154 -369.717346
v 2.188989 5.028680 -375.349731
v 3.083989 3.510907 -375.173004
v -2.317348 5.918499 -378.492004
v -2.189441 7.422946 -378.024200
v 1.488248 5.284376 -376.621216
v 1.956919 4.139612 -376.822205
v -7.044452 16.093180 -371.655090
v -7.306298 18.190477 -370.310486
v -9.557666 17.496414 -368.003326
v -9.450613 15.697938 -369.733398
v -0.673542 18.129725 -371.173523
v -4.249306 18.329554 -371.230682
v -4.010983 16.156033 -372.329681
v -0.473145 16.090582 -372.150818
v -4.422891 20.563704 -369.346985
v -0.646754 20.322075 -369.130676
v 2.468485 18.547777 -368.495331
v 2.073951 16.253181 -370.124115
v 2.673028 20.830532 -366.928894
v -7.552062 20.065216 -368.273956
v -9.758649 19.146286 -366.386963
v -11.480472 17.719227 -364.591522
v -11.768514 16.200777 -365.808807
v -11.949495 14.701756 -366.622437
v -17.327034 14.040261 -360.203400
v -16.598301 14.744962 -360.056152
v -15.528194 14.263214 -362.343994
v -14.915074 15.186726 -361.947327
v -13.713605 14.962930 -363.951721
v -13.008437 16.408688 -363.186310
v -14.027942 13.941939 -364.360291
v -16.410406 13.380638 -362.224426
v -17.459585 13.427860 -360.199280
v -16.622116 16.027704 -357.022797
v -16.391596 16.200003 -357.304901
v -16.116535 16.599091 -357.548004
v -16.902962 14.986605 -359.026184
v -17.423723 14.614563 -358.583069
v -17.543257 14.197953 -358.317413
v -16.819380 15.754422 -357.976013
v -17.155512 15.349576 -357.706360
v -17.162121 14.990641 -357.447998
v 1.162858 16.159927 -371.186096
v 1.274468 18.329868 -369.853271
v 1.461546 20.525368 -367.923889
v 8.696112 16.070440 -371.057892
v 9.146271 18.219410 -369.891907
v 10.727871 17.605389 -369.067322
v 10.123440 15.681008 -370.482239
v 4.516289 18.273283 -371.121521
v 7.086821 18.444122 -370.657745
v 6.865793 16.245310 -371.732178
v 4.538687 16.242966 -372.066772
v 7.224871 20.638205 -368.776886
v 4.892914 20.533705 -369.014740
v 0.378858 18.297438 -369.500000
v 0.687014 16.116627 -370.437866
v 0.355978 20.503315 -367.739929
v 9.415135 20.100334 -367.890411
v 11.109118 19.108791 -366.786377
v 12.843271 17.415276 -365.891235
v 12.478858 16.575888 -367.774292
v 11.696619 15.150165 -369.050751
v 15.890793 11.084894 -366.687897
v 16.059576 11.166074 -365.714478
v 15.225211 12.883999 -366.129456
v 15.323499 13.168877 -365.113037
v 13.940315 14.940087 -366.575378
v 14.319139 15.282125 -365.219543
v 13.319929 13.986787 -367.477722
v 14.575167 12.457322 -366.884796
v 15.255697 10.819104 -367.160706
v 15.092750 8.190404 -368.981964
v 15.400499 8.229807 -368.740692
v 15.492762 8.171723 -368.374969
v 16.008526 9.420993 -366.790619
v 15.849912 9.490337 -367.436066
v 15.358206 9.396604 -367.783997
v 2.503187 20.449642 -368.592621
v 2.306325 18.191029 -370.494019
v 2.432408 16.138126 -371.471069
v 8.396024 18.768011 -368.438232
v 8.577500 21.398657 -367.660736
v 10.802748 21.389761 -365.891541
v 10.785782 18.741083 -366.458984
v 1.529850 20.165545 -368.183228
v 6.285959 20.856712 -368.465912
v 6.167841 18.435163 -369.527313
v 1.573831 17.286133 -369.669220
v 6.238199 22.109177 -367.000854
v 1.411547 21.702696 -366.428894
v 0.217359 18.733572 -367.251556
v 0.392377 17.182917 -369.206360
v 0.013724 20.528860 -365.961792
v 8.133674 22.469000 -366.214569
v 10.033030 22.485893 -364.678436
v 11.323983 21.985023 -362.793854
v 12.264400 20.838451 -364.184906
v 12.829878 18.192459 -364.299194
v 13.578068 20.130579 -354.204132
v 14.905652 18.737007 -353.249817
v 15.577893 17.890430 -357.446167
v 13.781788 19.162827 -357.676910
v 14.834354 18.805468 -360.031342
v 13.098297 20.040741 -359.353577
v 13.812458 19.930775 -362.094940
v 12.364380 21.152559 -361.090057
v 14.611390 17.513391 -362.406525
v 15.999834 16.660824 -359.964355
v 16.554163 16.053513 -357.334290
v 15.666686 17.450020 -353.057068
v 13.925037 19.436844 -355.842560
v 15.406715 18.218454 -355.140045
v 16.427362 16.433693 -354.590698
v 3.594479 21.915152 -367.106476
v 3.684909 20.502829 -368.624329
v 3.572747 17.766935 -369.897003
v -4.773641 12.024429 -375.926025
v -2.688515 12.901313 -375.158600
v -3.516904 14.798118 -373.983856
v -5.634285 14.453941 -374.073059
v -0.131496 9.911488 -376.240234
v -1.345645 11.297427 -375.643585
v -3.293349 9.992963 -377.051575
v -1.794951 8.649093 -377.411346
v 0.127597 12.084226 -374.807770
v 0.912344 10.659239 -375.399078
v 0.398707 6.809588 -375.178650
v -1.703444 4.686181 -372.714874
v 2.247540 9.029092 -374.704407
v -0.666371 13.421454 -373.942688
v -0.918763 15.013988 -373.375214
v -0.493235 16.489796 -372.952209
v -2.553873 17.039333 -372.716339
v -5.194292 17.058939 -371.927887
v 4.790979 22.125620 -368.681946
v 4.457429 20.631319 -369.910187
v 1.876869 21.461855 -369.621002
v 2.783917 19.737104 -370.625122
v -1.245777 18.484467 -371.834686
v 0.519212 17.803823 -371.989197
v -3.594506 19.664829 -370.559906
v 1.024781 21.370293 -367.916138
v 5.167366 22.422573 -367.387512
v 10.549894 19.840090 -367.848297
v 10.378909 19.500721 -368.630127
v 10.170660 19.003277 -369.022003
v 7.373011 21.210770 -369.233002
v 7.390996 22.061743 -368.313080
v 7.545506 22.402103 -367.204773
v 1.710801 9.668609 -375.560791
v 0.808736 8.148565 -376.540741
v -0.389541 7.074438 -376.607452
v 8.850752 20.501959 -369.026276
v 9.144627 21.174189 -368.380341
v 9.204445 21.568186 -367.132050
v 1.233524 18.807766 -371.348877
v 0.121229 19.966873 -370.700714
v -1.367419 20.885174 -369.291748
v -2.246910 12.709859 -375.737335
v 0.511118 12.751262 -376.168762
v 0.626442 14.754994 -375.372986
v -2.071645 15.112513 -374.325409
v 0.967072 8.939243 -377.424255
v 0.547935 10.658379 -376.958893
v -1.828061 10.342768 -376.872681
v -1.152685 8.526189 -377.536804
v 2.536197 10.742840 -375.894592
v 2.183319 9.356524 -376.247375
v -0.252261 4.887434 -374.871948
v -3.187020 3.741406 -372.531128
v 2.358955 6.352771 -374.209045
v 2.937359 12.145280 -375.406769
v 3.491518 13.576435 -374.621002
v 4.248486 14.885025 -374.076416
v 2.014314 16.392164 -374.130005
v -0.391385 16.901381 -373.316132
v 9.760151 18.783329 -370.243286
v 9.431623 17.619045 -371.110870
v 7.492008 19.194679 -371.178314
v 7.543000 17.240513 -372.241302
v 3.433692 17.325142 -373.342377
v 5.168027 15.803245 -373.491333
v 2.004992 18.502256 -372.122559
v 6.899936 19.826845 -370.107910
v 9.744370 19.529242 -368.979034
v 14.300863 14.392509 -367.026428
v 14.121447 14.141313 -367.737122
v 14.003800 13.510535 -368.043213
v 11.488691 16.824430 -369.768066
v 11.719753 17.587740 -369.148041
v 12.029303 17.976471 -367.704407
v 2.435395 8.003642 -376.250793
v 0.633609 6.997000 -376.916962
v -0.980279 6.545151 -376.885681
v 12.939527 15.476571 -368.825500
v 13.088810 16.144352 -368.404419
v 13.408834 16.470184 -367.137085
v 6.267571 16.706905 -372.802002
v 5.337219 18.388748 -372.350433
v 4.247952 19.359392 -371.023407
v 5.221287 11.711022 -374.628082
v 6.490291 10.380592 -375.280334
v 7.722761 11.324903 -374.179901
v 6.397883 12.487783 -373.936737
v 2.483028 7.892606 -376.272797
v 4.868678 9.328391 -376.144501
v 3.785641 10.830581 -375.399841
v 1.794882 9.256428 -375.998108
v 5.993434 7.589639 -376.040619
v 3.817664 6.173588 -376.913086
v 0.933410 6.176865 -375.804016
v 0.875023 7.802633 -375.172394
v 1.276378 4.313175 -376.528992
v 7.637765 8.923740 -375.231842
v 8.857991 10.015559 -374.032593
v 9.781046 11.395355 -372.752258
v 8.830466 12.340045 -373.242035
v 7.343980 13.319451 -373.062103
v 9.891059 17.303371 -370.773346
v 9.932942 16.961090 -370.158478
v 9.626811 15.544768 -371.447510
v 10.229344 14.972507 -370.741302
v 9.386211 13.796655 -372.150269
v 10.180920 13.125750 -371.505585
v 8.157410 14.477270 -372.240448
v 8.762775 15.727931 -371.691406
v 8.708775 17.329622 -370.742859
v 7.272407 19.519825 -369.454102
v 7.602276 19.626108 -369.265167
v 7.775491 19.600912 -368.960876
v 9.026947 18.394859 -369.460907
v 8.697813 18.491142 -370.013733
v 8.189063 18.400669 -370.201172
v 7.921668 7.841206 -375.451263
v 7.978008 6.063033 -376.318787
v 9.734354 5.965587 -375.049713
v 9.450423 7.653158 -374.537262
v 2.840836 6.712691 -377.286041
v 5.750958 6.322885 -377.137939
v 6.009986 8.123050 -376.100372
v 3.698955 8.271693 -376.607178
v 5.370057 4.349771 -377.589386
v 2.653343 4.662289 -377.677795
v 0.780213 6.426280 -376.220337
v 1.320343 8.099144 -376.193176
v 0.508505 4.869214 -376.343628
v 7.866316 4.278283 -376.994141
v 10.070690 4.295015 -375.644348
v 12.345056 4.735420 -373.603088
v 11.362532 5.985368 -373.620728
v 10.932342 7.336119 -373.338623
v 14.906579 8.943635 -369.126801
v 15.109614 8.404931 -368.628448
v 14.005598 7.505383 -370.456635
v 14.771081 6.807545 -370.060150
v 12.651493 6.459279 -372.105408
v 13.536839 5.548399 -371.900330
v 12.262989 7.442821 -372.058228
v 13.435102 8.132748 -370.569763
v 14.352873 9.341415 -369.198303
v 14.510913 11.796178 -368.930206
v 14.828796 11.668392 -368.692169
v 14.971101 11.546504 -368.389618
v 15.351063 10.003070 -368.153870
v 15.154940 10.265483 -368.587585
v 14.683880 10.478160 -368.662811
v -5.442576 21.826857 -367.595062
v -5.194380 22.451384 -365.955658
v -7.952905 22.353085 -364.243103
v -8.804149 21.530634 -365.739349
v -0.528823 22.269016 -366.243988
v -2.706094 22.289345 -366.466675
v -2.817984 21.338245 -368.077942
v -0.383089 20.706812 -367.719452
v -2.730700 23.071779 -364.293579
v -0.862248 23.142826 -364.039398
v 1.586176 22.283009 -365.835541
v 1.819718 20.075466 -367.245697
v 1.379344 23.559528 -363.499939
v -4.793156 23.221165 -363.784790
v -6.911026 22.697176 -362.623962
v -8.020274 22.455023 -361.138062
v -10.103347 22.163420 -362.108398
v -11.326797 20.552675 -363.019104
v -4.894116 23.648359 -355.417694
v -6.979246 22.569622 -354.179840
v -9.671541 21.751810 -356.296509
v -7.972898 22.593410 -356.868835
v -10.521358 21.406759 -357.722198
v -8.393327 22.065691 -358.185425
v -10.878942 21.490284 -359.703583
v -8.412095 22.174198 -359.662903
v -12.519420 19.860495 -360.099579
v -11.963300 19.505527 -357.475342
v -11.165041 19.959322 -355.846191
v -8.681014 21.219275 -353.775543
v -10.024665 20.455870 -354.520050
v -8.615426 22.465273 -354.962738
v -7.247221 22.925426 -355.786774
v -6.208424 23.068712 -355.250854
v -7.803979 22.686264 -354.245605
v -9.312216 21.051439 -353.777527
vn -0.6802 -0.5951 -0.4280
vn -0.7275 -0.6080 -0.3178
vn -0.7708 -0.5432 -0.3329
vn -0.7538 -0.5407 -0.3734
vn -0.9377 0.3244 -0.1247
vn -0.9436 0.2931 -0.1538
vn -0.9958 -0.0315 -0.0861
vn -0.9812 0.1564 -0.1129
vn -0.9803 0.1818 -0.0768
vn -0.9876 0.1511 0.0435
vn -0.9850 0.0876 0.1489
vn -0.9907 0.0765 -0.1126
vn -0.8731 0.4645 -0.1484
vn -0.8474 0.4958 -0.1901
vn -0.9735 0.2197 -0.0635
vn -0.9793 0.1999 0.0321
vn -0.9533 0.1443 0.2652
vn -0.8979 0.2521 0.3608
vn -0.8133 0.1135 0.5707
vn -0.9590 0.0273 0.2820
vn -0.9477 0.2253 0.2259
vn -0.9046 0.3340 0.2648
vn -0.9107 0.4129 0.0115
vn -0.9159 0.3710 0.1534
vn -0.9130 0.3134 0.2613
vn 0.8165 0.5772 -0.0112
vn 0.7982 0.6013 0.0352
vn 0.7712 0.6311 -0.0833
vn 0.7331 0.6666 -0.1349
vn 0.7148 0.6915 -0.1041
vn 0.7882 0.6039 -0.1182
vn 0.8323 0.5242 -0.1803
vn 0.7519 0.6493 -0.1147
vn 0.8239 0.4801 -0.3010
vn 0.7494 0.6204 -0.2313
vn 0.7942 0.4708 -0.3841
vn 0.7082 0.6112 -0.3535
vn 0.8920 0.3123 -0.3269
vn 0.8582 0.3166 -0.4041
vn 0.8858 0.4000 -0.2352
vn 0.8545 0.4970 -0.1514
vn 0.8134 0.5801 0.0438
vn 0.8394 0.5422 -0.0384
vn 0.8447 0.5302 0.0728
vn 0.8376 0.5333 0.1181
vn 0.7727 0.5314 0.3472
vn -0.5403 0.6709 -0.5080
vn -0.0630 0.8366 -0.5442
vn -0.0494 0.7514 -0.6580
vn -0.4068 0.6207 -0.6703
vn -0.7446 0.4710 -0.4730
vn -0.5718 0.5010 -0.6496
vn -0.7223 0.6719 -0.1641
vn -0.4721 0.8472 -0.2436
vn -0.5050 0.8615 0.0526
vn -0.3069 0.9504 -0.0501
vn -0.3153 0.9487 -0.0241
vn -0.1901 0.9806 -0.0471
vn -0.1986 0.9790 -0.0455
vn -0.0931 0.9948 -0.0418
vn -0.0368 0.9928 -0.1141
vn -0.1428 0.9832 -0.1141
vn -0.0097 0.9827 -0.1848
vn -0.0496 0.9689 -0.2424
vn -0.0497 0.9911 -0.1237
vn -0.0296 0.9908 -0.1319
vn -0.0430 0.9270 -0.3727
vn -0.0000 0.9891 -0.1472
vn -0.0048 0.9849 -0.1731
vn 0.0202 0.9992 -0.0348
vn -0.2255 0.5928 -0.7731
vn -0.1400 0.6399 -0.7556
vn -0.0410 0.6351 -0.7713
vn -0.0438 0.5986 -0.7998
vn -0.0199 0.7087 -0.7053
vn -0.0347 0.7077 -0.7057
vn -0.9970 0.0733 0.0251
vn -0.9981 0.0362 0.0492
vn -0.9992 0.0172 0.0369
vn -0.9989 0.0446 0.0117
vn -0.8608 0.4165 0.2924
vn -0.9289 0.3114 0.2006
vn -0.8817 0.4186 0.2179
vn -0.8076 0.5051 0.3043
vn -0.9916 0.1231 0.0405
vn -0.9952 0.0683 0.0700
vn -0.9224 0.2771 0.2689
vn -0.9433 0.2335 0.2359
vn -0.9700 0.2300 0.0788
vn -0.9713 0.2347 0.0393
vn -0.9711 0.1884 0.1467
vn -0.9986 -0.0422 0.0322
vn -0.9997 0.0224 0.0108
vn -0.9605 -0.2779 -0.0157
vn -0.9498 -0.3082 0.0538
vn -0.8811 -0.4280 0.2010
vn -0.9317 -0.3549 0.0780
vn -0.7465 -0.5691 0.3449
vn -0.5848 -0.7636 0.2736
vn -0.6465 -0.7232 0.2429
vn -0.4004 -0.8632 0.3074
vn -0.4801 -0.8651 -0.1456
vn -0.1526 -0.8099 -0.5664
vn -0.1459 -0.8282 -0.5412
vn -0.3819 -0.9144 -0.1343
vn -0.8437 -0.5354 -0.0392
vn -0.8757 -0.4772 0.0741
vn -0.8752 -0.4189 0.2417
vn -0.8482 -0.4041 0.3426
vn -0.8364 -0.4835 0.2580
vn -0.6144 -0.7859 -0.0700
vn -0.3052 -0.8636 -0.4012
vn 0.0688 -0.6350 -0.7694
vn 0.1753 -0.6197 -0.7650
vn -0.1782 -0.6422 -0.7455
vn 0.2266 -0.0908 -0.9698
vn 0.1567 -0.0975 -0.9828
vn 0.0205 0.0522 -0.9984
vn 0.0220 0.0820 -0.9964
vn 0.8276 -0.3701 -0.4220
vn 0.7993 -0.4287 -0.4210
vn 0.7788 -0.4544 -0.4324
vn 0.8176 -0.3748 -0.4371
vn 0.8561 -0.4194 -0.3018
vn 0.8170 -0.4562 -0.3528
vn 0.7717 -0.4916 -0.4036
vn 0.7384 -0.5195 -0.4301
vn 0.7059 -0.5560 -0.4388
vn 0.6965 -0.4182 -0.5830
vn 0.6377 -0.4531 -0.6229
vn 0.4605 -0.3372 -0.8211
vn 0.5493 -0.2942 -0.7821
vn 0.8421 -0.4641 -0.2747
vn 0.7732 -0.5679 -0.2822
vn 0.7460 -0.5716 -0.3417
vn 0.8309 -0.4755 -0.2890
vn 0.6846 -0.6612 -0.3067
vn 0.6403 -0.6813 -0.3548
vn 0.7740 -0.4465 -0.4490
vn 0.7073 -0.5244 -0.4740
vn 0.6226 -0.6161 -0.4825
vn 0.5775 -0.5085 -0.6387
vn 0.3633 -0.4011 -0.8409
vn 0.3189 -0.2711 -0.9082
vn 0.4056 -0.1997 -0.8920
vn 0.2112 -0.3339 -0.9186
vn 0.0901 -0.1226 -0.9884
vn 0.0184 0.0137 -0.9997
vn 0.9745 -0.0745 0.2118
vn 0.9463 -0.1024 0.3066
vn 0.9617 -0.2229 0.1594
vn 0.9666 -0.2406 0.0881
vn 0.9345 -0.2169 0.2824
vn 0.9202 -0.1458 0.3633
vn 0.9442 -0.1276 0.3036
vn 0.9630 -0.2234 0.1508
vn 0.9372 -0.3487 0.0105
vn 0.9469 -0.3074 0.0944
vn 0.9185 -0.3913 0.0563
vn 0.9271 -0.3743 -0.0202
vn 0.9181 -0.1280 0.3750
vn 0.9535 -0.1920 0.2325
vn 0.9959 -0.0904 -0.0000
vn 0.9358 -0.2446 0.2538
vn 0.9512 -0.2267 0.2095
vn 0.9634 -0.0903 0.2523
vn 0.9089 0.0537 0.4135
vn 0.8265 0.1107 0.5520
vn -0.0476 0.1700 -0.9843
vn 0.1212 0.3840 -0.9153
vn 0.1796 0.4004 -0.8986
vn 0.0591 0.1761 -0.9826
vn -0.4770 -0.7544 -0.4510
vn -0.4734 -0.8077 -0.3514
vn -0.3006 -0.8635 -0.4049
vn -0.2994 -0.8369 -0.4582
vn -0.3056 -0.9353 -0.1785
vn -0.3217 -0.9206 -0.2215
vn -0.1450 -0.9500 -0.2765
vn -0.0904 -0.9681 -0.2336
vn -0.0006 -0.9454 -0.3260
vn 0.0205 -0.9662 -0.2570
vn -0.3948 -0.8203 -0.4139
vn -0.2393 -0.8971 -0.3715
vn -0.0573 -0.9323 -0.3572
vn -0.1187 -0.8839 -0.4523
vn -0.1048 -0.8855 -0.4527
vn -0.3045 -0.5812 -0.7547
vn -0.2751 -0.3853 -0.8808
vn -0.0515 -0.4209 -0.9057
vn -0.0897 -0.6258 -0.7748
vn -0.3981 -0.8120 -0.4269
vn -0.2013 -0.8191 -0.5372
vn -0.0291 -0.8336 -0.5516
vn 0.0668 -0.6655 -0.7434
vn 0.1826 -0.4491 -0.8746
vn -0.1648 -0.0721 -0.9837
vn 0.0514 -0.1438 -0.9883
vn 0.2298 -0.2393 -0.9434
vn 0.2082 0.1540 -0.9659
vn 0.2561 0.4197 -0.8708
vn 0.4384 -0.4691 -0.7667
vn 0.3995 -0.1761 -0.8996
vn 0.6549 -0.0885 -0.7505
vn 0.6997 -0.3553 -0.6199
vn -0.0100 -0.2592 -0.9658
vn 0.2264 -0.2264 -0.9473
vn 0.2572 -0.4922 -0.8316
vn -0.0063 -0.4707 -0.8823
vn 0.2857 0.2151 -0.9339
vn 0.2462 -0.0295 -0.9688
vn 0.0607 -0.0759 -0.9953
vn 0.1316 0.2132 -0.9681
vn 0.6496 0.3553 -0.6721
vn 0.6214 0.1160 -0.7748
vn 0.4240 0.0113 -0.9056
vn 0.4743 0.2615 -0.8406
vn 0.9161 0.1199 -0.3825
vn 0.8523 0.1766 -0.4923
vn 0.7716 0.3494 -0.5316
vn 0.8657 0.2596 -0.4281
vn 0.7251 -0.5618 -0.3984
vn 0.4982 -0.6775 -0.5410
vn 0.0343 -0.6903 -0.7227
vn 0.3133 -0.7010 -0.6407
vn 0.1233 0.5051 -0.8542
vn 0.3227 0.5013 -0.8029
vn 0.6370 0.4742 -0.6078
vn 0.5126 0.5011 -0.6973
vn 0.6334 0.4962 -0.5939
vn 0.5280 0.5300 -0.6635
vn 0.3433 0.5627 -0.7521
vn 0.0868 0.5645 -0.8209
vn 0.9127 -0.3342 -0.2353
vn 0.9490 -0.2101 -0.2349
vn 0.9360 -0.2979 -0.1875
vn 0.9043 -0.3795 -0.1956
vn 0.7534 -0.5968 -0.2760
vn 0.5242 -0.7402 -0.4212
vn 0.0682 -0.8182 -0.5708
vn 0.3271 -0.7851 -0.5259
vn 0.9276 0.1254 -0.3518
vn 0.9481 -0.0472 -0.3146
vn 0.9447 0.0043 -0.3280
vn 0.9229 0.2174 -0.3178
vn 0.9314 -0.1497 -0.3319
vn 0.8927 0.0092 -0.4505
vn 0.7082 0.4436 -0.5492
vn 0.6897 0.4703 -0.5506
vn 0.9655 0.2363 0.1092
vn 0.9788 0.0908 0.1837
vn 0.9907 0.1361 0.0090
vn 0.9710 0.2357 -0.0390
vn 0.9663 0.2165 0.1391
vn 0.9597 -0.0017 0.2809
vn 0.8336 -0.0992 0.5434
vn 0.9543 -0.0044 0.2989
vn 0.9968 0.0769 0.0204
vn 0.9524 -0.2771 -0.1274
vn 0.9512 -0.2111 -0.2251
vn 0.9553 -0.1208 -0.2697
vn 0.9331 -0.2094 -0.2925
vn 0.9104 0.4124 0.0325
vn 0.9230 0.3804 0.0589
vn 0.8612 0.5082 -0.0102
vn 0.8710 0.4912 0.0087
vn 0.9018 0.4249 -0.0786
vn 0.8473 0.5213 -0.1015
vn 0.7607 0.4611 -0.4569
vn 0.7898 0.4156 -0.4511
vn 0.8666 0.4058 -0.2904
vn 0.8816 0.4228 -0.2098
vn 0.8380 0.5035 -0.2103
vn 0.7341 -0.0927 0.6727
vn 0.8933 -0.0127 0.4492
vn 0.9974 0.0697 -0.0204
vn 0.8359 0.4750 -0.2751
vn 0.8652 -0.1737 0.4703
vn 0.7655 -0.2376 0.5980
vn 0.9518 0.2316 -0.2011
vn 0.9712 0.1738 -0.1630
vn 0.9933 0.0604 -0.0988
vn 0.9948 0.0038 0.1022
vn 0.9896 -0.1037 -0.1000
vn 0.9374 -0.2845 0.2006
vn 0.9868 -0.0932 -0.1327
vn 0.7917 -0.2744 0.5457
vn -0.5071 -0.3767 -0.7752
vn -0.7138 -0.3044 -0.6308
vn -0.6689 -0.1118 -0.7349
vn -0.4546 -0.2027 -0.8673
vn -0.2490 -0.4455 -0.8599
vn -0.2227 -0.2618 -0.9391
vn -0.1174 0.2299 -0.9661
vn -0.1993 -0.0778 -0.9768
vn -0.5807 0.2482 -0.7754
vn -0.4229 0.2540 -0.8699
vn -0.4715 0.0030 -0.8819
vn -0.6301 0.0736 -0.7731
vn -0.8847 0.1863 -0.4273
vn -0.8316 0.3038 -0.4650
vn -0.7021 0.2712 -0.6584
vn -0.7706 0.1530 -0.6186
vn -0.5610 -0.5744 -0.5962
vn -0.7408 -0.4527 -0.4963
vn -0.2531 -0.6934 -0.6746
vn -0.0914 0.5027 -0.8596
vn -0.5201 0.4301 -0.7380
vn -0.3177 0.4652 -0.8263
vn -0.5330 0.4922 -0.6882
vn -0.3326 0.5301 -0.7800
vn -0.1151 0.5589 -0.8212
vn -0.8595 -0.3236 -0.3957
vn -0.8691 -0.3267 -0.3714
vn -0.9637 -0.1623 -0.2119
vn -0.9525 -0.1830 -0.2433
vn -0.6049 -0.6497 -0.4605
vn -0.7427 -0.5117 -0.4320
vn -0.3021 -0.7927 -0.5295
vn -0.9398 0.1783 -0.2916
vn -0.9221 0.0376 -0.3851
vn -0.9626 0.0816 -0.2585
vn -0.9028 0.2978 -0.3102
vn -0.8544 -0.2270 -0.4673
vn -0.8332 -0.0292 -0.5522
vn -0.6595 0.4266 -0.6189
vn -0.6429 0.4846 -0.5932
vn -0.9891 0.1360 -0.0558
vn -0.9729 0.2214 -0.0670
vn -0.9853 0.1677 -0.0318
vn -0.9942 0.1078 0.0045
vn -0.9941 0.0726 -0.0811
vn -0.9969 0.0742 0.0243
vn -0.9943 0.0738 0.0770
vn -0.9949 0.0865 0.0513
vn -0.9933 0.1143 -0.0151
vn -0.9784 -0.1634 -0.1267
vn -0.9778 -0.1421 -0.1541
vn -0.9776 -0.0383 -0.2070
vn -0.9445 -0.1092 -0.3098
vn -0.9678 0.2365 -0.0863
vn -0.9549 0.2899 -0.0651
vn -0.9117 0.4106 -0.0158
vn -0.9221 0.3830 -0.0546
vn -0.9075 0.4016 -0.1233
vn -0.9367 0.3347 -0.1026
vn -0.7496 0.4883 -0.4467
vn -0.7768 0.4384 -0.4522
vn -0.8600 0.4063 -0.3087
vn -0.8796 0.4310 -0.2012
vn -0.9002 0.3880 -0.1980
vn -0.9867 0.1491 0.0643
vn -0.9923 0.1139 0.0486
vn -0.9983 0.0579 -0.0107
vn -0.8353 0.4572 -0.3054
vn -0.9999 -0.0066 -0.0153
vn -0.9985 0.0544 -0.0090
vn -0.9425 0.2692 -0.1980
vn -0.9693 0.1706 -0.1770
vn -0.9827 0.0929 -0.1601
vn -0.9993 -0.0343 -0.0130
vn -0.9866 -0.1286 -0.1008
vn -0.9845 -0.1647 -0.0607
vn -0.9900 0.0092 -0.1406
vn -0.9883 -0.1427 -0.0545
vn 0.5628 -0.6597 0.4980
vn 0.4720 -0.8283 0.3018
vn 0.1740 -0.9444 0.2790
vn 0.1437 -0.8528 0.5022
vn 0.3015 -0.9003 0.3140
vn 0.6010 -0.7832 0.1595
vn 0.6219 -0.6669 0.4104
vn 0.2936 -0.8659 0.4050
vn -0.0420 -0.8766 0.4794
vn -0.0782 -0.9190 0.3864
vn 0.0744 -0.8988 0.4321
vn 0.0178 -0.8867 0.4620
vn 0.0690 -0.9962 -0.0524
vn 0.3318 -0.9396 -0.0839
vn 0.1315 -0.7891 -0.6000
vn 0.0034 -0.8602 -0.5099
vn 0.0001 -0.9970 0.0777
vn -0.1909 -0.9705 -0.1470
vn 0.6585 -0.6990 0.2791
vn 0.7912 -0.4633 0.3992
vn 0.8377 -0.3228 0.4405
vn 0.7514 -0.5924 0.2907
vn 0.5170 -0.8558 -0.0155
vn 0.2428 -0.8661 -0.4368
vn -0.0109 -0.4683 -0.8835
vn -0.1932 -0.3674 -0.9098
vn -0.0172 -0.6178 -0.7861
vn -0.1022 -0.8098 -0.5777
vn -0.4352 -0.8007 0.4117
vn -0.1632 -0.8852 0.4358
vn -0.2480 -0.9310 0.2680
vn -0.5705 -0.7961 0.2021
vn -0.0001 -0.8727 0.4883
vn -0.0054 -0.8756 0.4830
vn -0.2739 -0.8490 0.4517
vn -0.2208 -0.8422 0.4918
vn 0.0887 -0.8738 0.4782
vn 0.0175 -0.9160 0.4007
vn 0.2724 -0.8600 0.4315
vn 0.1890 -0.8670 0.4610
vn -0.3302 -0.9132 -0.2390
vn -0.3096 -0.6302 -0.7120
vn -0.1919 -0.5920 -0.7828
vn -0.5228 -0.8232 -0.2214
vn -0.0433 -0.9963 0.0742
vn -0.3586 -0.7384 -0.5711
vn -0.4428 -0.7845 0.4343
vn -0.3722 -0.8107 0.4519
vn -0.5674 -0.7094 0.4180
vn -0.6580 -0.7286 0.1905
vn -0.4291 -0.6839 -0.5900
vn -0.6259 -0.7658 -0.1475
vn -0.4865 -0.1205 -0.8653
vn -0.2771 -0.1843 -0.9430
vn 0.0114 -0.2424 -0.9701
vn 0.1606 -0.2000 -0.9666
vn 0.8420 -0.4459 0.3037
vn 0.8039 -0.5581 0.2055
vn 0.7797 -0.5732 0.2519
vn 0.7858 -0.4523 0.4218
vn 0.8161 -0.4138 0.4034
vn 0.8706 -0.2591 0.4182
vn 0.8542 -0.2971 0.4267
vn 0.8100 -0.3875 0.4401
vn 0.8030 -0.3764 0.4621
vn 0.7733 -0.4797 0.4147
vn 0.7633 -0.5419 0.3517
vn 0.7936 -0.4384 0.4220
vn 0.6632 -0.7471 -0.0460
vn 0.7124 -0.6947 -0.0998
vn 0.6708 -0.7212 -0.1731
vn 0.6243 -0.7669 -0.1489
vn 0.6828 -0.7165 0.1426
vn 0.6093 -0.7841 -0.1178
vn 0.9203 -0.0708 0.3848
vn 0.9418 -0.1538 0.2988
vn 0.8741 -0.4559 0.1676
vn 0.8243 -0.5495 0.1360
vn 0.7392 -0.6721 -0.0441
vn 0.7475 -0.6542 -0.1150
vn -0.6462 -0.7602 0.0677
vn -0.5046 -0.8632 0.0150
vn -0.4368 -0.6664 -0.6042
vn -0.4963 -0.5681 -0.6565
vn -0.3176 -0.7938 0.5186
vn -0.3216 -0.8237 0.4670
vn -0.4675 -0.7681 0.4377
vn -0.4845 -0.7503 0.4498
vn -0.3823 -0.9240 0.0117
vn -0.3523 -0.7489 -0.5612
vn -0.2243 -0.7940 0.5651
vn -0.2746 -0.8355 0.4759
vn -0.3496 -0.8571 0.3785
vn -0.6001 -0.7194 0.3497
vn -0.3114 -0.8711 0.3799
vn -0.2442 -0.3766 -0.8936
vn -0.2126 -0.2877 -0.9338
vn -0.2338 -0.4218 -0.8760
vn -0.6921 -0.6155 0.3772
vn -0.6199 -0.6717 0.4057
vn -0.7374 -0.5824 0.3421
vn -0.3889 -0.5676 -0.7257
vn -0.7375 -0.6648 0.1190
vn -0.1480 -0.2717 -0.9509
vn -0.8104 -0.5052 0.2968
vn -0.6908 -0.6601 0.2951
vn -0.6996 -0.5984 0.3905
vn -0.8045 -0.4767 0.3543
vn -0.6969 -0.7114 -0.0910
vn -0.7094 -0.7010 0.0726
vn -0.8300 -0.5309 0.1709
vn -0.8136 -0.5760 0.0793
vn -0.5690 -0.7712 0.2856
vn -0.5294 -0.7643 0.3683
vn -0.6533 -0.7112 -0.2597
vn -0.6494 -0.7602 -0.0166
vn -0.7704 -0.5511 0.3205
vn -0.6580 -0.7335 -0.1705
vn -0.8083 -0.5687 -0.1522
vn -0.8136 -0.4971 0.3017
vn -0.5183 -0.7381 0.4320
vn -0.5480 -0.8314 0.0920
vn -0.8887 -0.4146 0.1960
vn -0.9016 -0.4055 0.1505
vn -0.8380 -0.4463 0.3139
vn -0.7757 -0.5074 0.3752
vn -0.7887 -0.6068 -0.0982
vn -0.7625 -0.5544 0.3336
vn -0.4596 -0.8610 -0.2179
vn -0.6307 -0.7124 -0.3077
vn -0.7572 -0.5837 -0.2932
vn -0.8347 -0.4976 -0.2357
vn 0.9256 -0.3721 0.0691
vn 0.9300 -0.3027 0.2085
vn 0.9544 -0.2979 0.0186
vn 0.9202 -0.3781 -0.1017
vn 0.8823 -0.3375 0.3279
vn 0.8770 -0.3277 0.3515
vn 0.8714 -0.3879 0.3002
vn 0.8961 -0.3327 0.2939
vn 0.8983 -0.4148 0.1448
vn 0.8761 -0.4499 0.1732
vn 0.8232 -0.5567 -0.1117
vn 0.8550 -0.5117 -0.0849
vn 0.6283 -0.6485 -0.4298
vn 0.7077 -0.5479 -0.4461
vn 0.9317 -0.2528 0.2610
vn 0.9677 -0.1934 0.1617
vn 0.8632 -0.3366 0.3762
vn 0.8379 -0.4456 0.3153
vn 0.8481 -0.4904 0.2005
vn 0.8840 -0.4631 0.0633
vn 0.8891 -0.1191 -0.4420
vn 0.9412 -0.3358 0.0381
vn 0.9539 -0.2578 0.1534
vn 0.9750 -0.2039 0.0879
vn 0.9627 -0.2661 -0.0484
vn 0.8963 -0.3225 0.3044
vn 0.8915 -0.3069 0.3331
vn 0.9016 -0.2846 0.3256
vn 0.8799 -0.3524 0.3188
vn 0.9311 -0.3208 0.1735
vn 0.9022 -0.3910 0.1822
vn 0.8147 -0.5363 -0.2204
vn 0.8521 -0.4873 -0.1910
vn 0.6714 -0.5686 -0.4753
vn 0.7176 -0.5448 -0.4337
vn 0.9555 -0.1921 0.2239
vn 0.9682 -0.1474 0.2023
vn 0.8825 -0.3226 0.3421
vn 0.8472 -0.3965 0.3537
vn 0.8501 -0.4808 0.2148
vn 0.8275 -0.5333 -0.1755
vn 0.7718 -0.5112 -0.3781
vn 0.9495 -0.1343 0.2837
vn 0.9507 -0.2280 0.2104
vn 0.9710 -0.0729 0.2278
vn 0.9468 -0.0156 0.3215
vn 0.7880 -0.4960 0.3648
vn 0.7271 -0.5401 0.4237
vn 0.8331 -0.3447 0.4325
vn 0.8446 -0.3525 0.4028
vn -0.1688 0.0246 -0.9853
vn 0.2854 -0.7409 -0.6080
vn 0.1543 -0.2894 -0.9447
vn -0.1798 0.0891 -0.9797
vn 0.0559 -0.8160 -0.5753
vn 0.3399 -0.8447 -0.4134
vn 0.6643 -0.5708 0.4827
vn 0.8383 -0.3019 0.4540
vn 0.8892 -0.2456 0.3860
vn 0.8808 -0.2189 0.4199
vn 0.9300 -0.2369 0.2811
vn 0.9093 -0.2356 0.3430
vn 0.8901 -0.1842 0.4170
vn 0.9485 -0.2329 0.2147
vn 0.9531 -0.2604 0.1545
vn 0.9626 -0.1946 0.1884
vn 0.9854 0.1058 0.1335
vn 0.9648 0.1732 0.1979
vn 0.9948 0.0570 0.0842
vn 0.9800 0.1732 0.0984
vn 0.9683 0.2060 0.1411
vn 0.9890 0.1380 0.0530
vn 0.4838 -0.8415 -0.2405
vn 0.6401 -0.7480 0.1754
vn 0.6882 -0.7110 0.1444
vn 0.5302 -0.7734 -0.3473
vn 0.5543 -0.6546 -0.5140
vn 0.7464 -0.6619 0.0686
vn 0.9394 -0.1990 0.2792
vn 0.9439 -0.2536 0.2117
vn 0.9261 -0.2382 0.2925
vn 0.9196 -0.1595 0.3590
vn 0.9424 -0.2676 0.2007
vn 0.8797 -0.3523 0.3195
vn 0.8686 -0.3147 0.3827
vn 0.9341 -0.2398 0.2646
vn 0.8514 -0.4626 0.2471
vn 0.8287 -0.4740 0.2976
vn 0.7078 -0.7063 -0.0155
vn 0.6643 -0.7381 0.1175
vn 0.4152 -0.8461 -0.3343
vn 0.4227 -0.8240 -0.3774
vn 0.3251 -0.7523 -0.5730
vn 0.2984 -0.7417 -0.6007
vn 0.9402 -0.2983 0.1645
vn 0.9123 -0.3762 0.1620
vn 0.8572 -0.2679 0.4398
vn 0.9309 -0.1666 0.3252
vn 0.7915 -0.5036 0.3463
vn 0.6170 -0.7664 0.1787
vn 0.4429 -0.8816 -0.1631
vn 0.2341 -0.7124 -0.6616
vn -0.8605 -0.4174 0.2920
vn -0.7966 -0.4854 0.3604
vn -0.8017 -0.5931 0.0742
vn -0.7680 -0.6388 0.0458
vn -0.7607 -0.6298 0.1569
vn -0.8026 -0.5402 0.2530
vn -0.9031 -0.3205 0.2859
vn -0.9121 -0.3625 0.1913
vn -0.7767 -0.5109 0.3684
vn -0.8352 -0.5144 0.1943
vn -0.6379 -0.7585 0.1334
vn -0.6640 -0.7091 0.2373
vn -0.7802 -0.4874 0.3921
vn -0.8700 -0.3407 0.3564
vn -0.7289 -0.5571 0.3980
vn -0.7514 -0.5835 -0.3081
vn -0.5378 -0.7293 -0.4229
vn -0.8495 -0.4748 -0.2299
vn -0.9296 -0.2256 0.2913
vn -0.9511 -0.2259 0.2108
vn -0.8920 -0.3874 0.2329
vn -0.9174 -0.2482 0.3112
vn -0.7932 -0.6073 0.0453
vn -0.5521 -0.7196 -0.4212
vn 0.9490 -0.2846 0.1357
vn 0.9469 -0.2758 0.1655
vn 0.9550 -0.2762 0.1077
vn 0.9712 -0.1733 0.1636
vn 0.7832 -0.6209 0.0332
vn 0.9198 -0.3264 0.2179
vn 0.8094 -0.5687 0.1463
vn 0.9033 -0.3156 0.2907
vn 0.7925 -0.5866 0.1669
vn 0.8408 -0.5194 0.1524
vn 0.7221 -0.6619 -0.2011
vn 0.6755 -0.7013 -0.2276
vn 0.4157 -0.5845 -0.6969
vn 0.4253 -0.5698 -0.7031
vn 0.9571 -0.2287 0.1782
vn 0.9485 -0.3030 0.0926
vn 0.9365 -0.1636 0.3101
vn 0.9253 -0.2126 0.3140
vn 0.9083 -0.2851 0.3062
vn 0.8058 -0.5915 -0.0292
vn 0.4555 -0.5288 -0.7161
vn 0.1256 -0.0797 -0.9889
vn 0.1217 -0.1460 -0.9818
vn -0.1257 0.3171 -0.9400
vn -0.1294 0.4163 -0.9000
vn 0.1566 -0.0134 -0.9876
vn -0.1323 0.5820 -0.8024
vn -0.5692 -0.7613 0.3107
vn -0.4125 -0.8465 0.3366
vn -0.3276 -0.8029 0.4980
vn -0.5098 -0.7264 0.4610
vn -0.3140 -0.9355 -0.1619
vn -0.3560 -0.9343 -0.0202
vn -0.5200 -0.8540 0.0161
vn -0.4455 -0.8906 -0.0915
vn -0.2202 -0.9084 0.3556
vn -0.2115 -0.8343 0.5091
vn -0.2336 -0.9530 -0.1929
vn -0.2319 -0.9705 -0.0659
vn -0.3112 -0.8587 0.4072
vn -0.3697 -0.9274 -0.0563
vn -0.4948 -0.8677 -0.0477
vn -0.4678 -0.7717 0.4309
vn -0.2245 -0.8257 0.5175
vn -0.3487 -0.9321 0.0978
vn -0.5994 -0.7946 0.0965
vn -0.5648 -0.8252 0.0090
vn -0.6198 -0.7111 0.3318
vn -0.6564 -0.6210 0.4284
vn -0.6950 -0.7108 0.1083
vn -0.7157 -0.5377 0.4456
vn -0.3382 -0.8598 -0.3826
vn -0.3875 -0.8231 -0.4152
vn -0.4800 -0.7651 -0.4292
vn -0.5812 -0.7071 -0.4027
vn 0.7728 -0.6261 0.1040
vn 0.6600 -0.5518 0.5098
vn 0.4770 -0.7150 0.5111
vn 0.5826 -0.8046 0.1149
vn 0.5638 -0.8010 -0.2013
vn 0.7294 -0.6665 -0.1540
vn 0.7339 -0.6656 -0.1358
vn 0.5250 -0.8409 -0.1315
vn 0.3159 -0.9355 0.1585
vn 0.2640 -0.8631 0.4306
vn 0.3245 -0.9098 -0.2587
vn 0.3284 -0.9357 -0.1286
vn 0.5165 -0.4957 0.6982
vn 0.3470 -0.6969 0.6276
vn 0.2130 -0.8074 0.5502
vn 0.8209 -0.5565 -0.1284
vn 0.8235 -0.5552 -0.1164
vn 0.8494 -0.5204 0.0882
vn 0.7958 -0.3762 0.4745
vn 0.6723 -0.2690 0.6897
vn 0.5765 -0.7116 0.4016
vn 0.4822 -0.6994 0.5275
vn 0.3195 -0.8077 0.4954
vn 0.3154 -0.8487 0.4246
vn 0.1582 -0.9860 -0.0528
vn 0.4668 -0.8803 -0.0847
vn 0.5342 -0.8427 0.0673
vn 0.1931 -0.9768 0.0928
vn 0.0912 -0.9104 0.4036
vn 0.1735 -0.8941 0.4130
vn -0.0793 -0.9968 0.0100
vn -0.0527 -0.9908 0.1245
vn 0.3672 -0.7635 0.5312
vn 0.4845 -0.6544 0.5806
vn 0.6181 -0.6988 0.3600
vn 0.5584 -0.7646 0.3220
vn 0.2007 -0.8588 0.4713
vn 0.2389 -0.8552 0.4600
vn 0.7310 -0.6810 -0.0439
vn 0.7470 -0.6631 0.0479
vn 0.7331 -0.6097 0.3013
vn 0.6339 -0.5669 0.5262
vn 0.5402 -0.6497 0.5349
vn 0.4878 -0.6968 0.5258
vn 0.6423 -0.6940 0.3252
vn 0.6693 -0.7114 0.2144
vn 0.6669 -0.7322 0.1383
vn 0.5789 -0.8060 0.1235
vn 0.8516 -0.2816 0.4422
vn 0.8564 -0.3308 0.3963
vn 0.8126 -0.3531 0.4637
vn 0.8237 -0.3410 0.4531
vn 0.8301 -0.5344 -0.1590
vn 0.9650 -0.2622 -0.0028
vn 0.9550 -0.2175 0.2017
vn 0.8949 -0.4419 0.0628
vn 0.8001 -0.4063 0.4414
vn 0.7731 -0.4385 0.4582
vn 0.7045 -0.6830 -0.1926
vn 0.7363 -0.6732 -0.0682
vn 0.8915 -0.2137 0.3994
vn 0.8367 -0.3518 0.4198
vn 0.7694 -0.5610 0.3054
vn 0.7034 -0.5661 0.4298
vn 0.7632 -0.5573 0.3269
vn 0.7145 -0.6275 0.3095
vn 0.6809 -0.6061 0.4111
vn 0.6709 -0.5447 0.5032
vn 0.6739 -0.5862 0.4497
vn 0.9764 -0.1220 0.1784
vn 0.9631 -0.1221 0.2397
vn 0.9235 -0.1398 0.3571
vn 0.8933 -0.2563 0.3692
vn 0.8602 -0.3766 0.3439
vn 0.7820 -0.5705 0.2509
vn 0.7670 -0.5994 0.2289
vn 0.6930 -0.4896 0.5292
vn 0.7505 -0.4391 0.4939
vn 0.8308 -0.4108 0.3756
vn 0.8410 -0.4838 0.2421
vn -0.1993 -0.9367 0.2877
vn 0.1222 -0.8975 0.4238
vn 0.1185 -0.8898 0.4408
vn -0.2506 -0.8993 0.3584
vn -0.3077 -0.9488 0.0711
vn -0.1337 -0.9908 0.0186
vn -0.0269 -0.9995 0.0149
vn -0.3076 -0.9470 0.0927
vn -0.2663 -0.9405 0.2111
vn 0.0706 -0.9757 0.2075
vn -0.6065 -0.7858 0.1213
vn -0.0452 -0.8406 0.5398
vn -0.0689 -0.9816 0.1780
vn -0.4034 -0.8951 -0.1899
vn 0.1592 -0.9849 -0.0682
vn 0.2399 -0.9692 -0.0558
vn 0.3705 -0.9039 0.2138
vn 0.4069 -0.7777 0.4792
vn 0.4366 -0.7255 0.5321
vn 0.3182 -0.7215 0.6150
vn 0.3449 -0.7355 0.5831
vn 0.0304 -0.8685 0.4947
vn 0.4123 -0.7636 0.4970
vn -0.4523 -0.8156 0.3608
vn 0.3007 -0.9526 0.0468
vn 0.1294 -0.9491 -0.2870
vn 0.0043 -0.8725 -0.4885
vn 0.8751 -0.4582 -0.1556
vn 0.9191 -0.3940 0.0099
vn 0.7574 -0.6491 -0.0711
vn 0.7493 -0.6242 -0.2214
vn 0.7948 -0.5856 -0.1592
vn 0.8650 -0.4660 -0.1863
vn 0.8695 -0.4680 -0.1577
vn 0.7884 -0.5906 -0.1721
vn 0.7016 -0.6784 -0.2179
vn 0.6849 -0.7162 -0.1343
vn 0.7545 -0.6438 -0.1278
vn 0.7463 -0.6473 -0.1550
vn 0.8757 -0.3638 0.3176
vn 0.7438 -0.6437 0.1799
vn 0.6651 -0.7340 0.1374
vn 0.8920 -0.4147 -0.1800
vn 0.8999 -0.4129 -0.1404
vn 0.9243 -0.3749 -0.0716
vn 0.9589 -0.2831 0.0196
vn 0.8918 -0.1005 0.4412
vn 0.6658 -0.7111 -0.2259
vn 0.6638 -0.6993 -0.2652
vn 0.5501 -0.8254 -0.1272
vn 0.4409 -0.8583 -0.2624
vn 0.3862 -0.7073 -0.5921
vn 0.6761 -0.5339 -0.5078
vn 0.7047 -0.6515 -0.2811
vn 0.4944 -0.8052 -0.3274
vn 0.2856 -0.9238 -0.2551
vn 0.3177 -0.9274 -0.1972
vn 0.2158 -0.7884 -0.5760
vn 0.2626 -0.8930 -0.3655
vn 0.6961 -0.7176 -0.0214
vn 0.5005 -0.8603 -0.0966
vn 0.2965 -0.9413 -0.1615
vn 0.6222 -0.7254 -0.2943
vn 0.6629 -0.7221 -0.1977
vn 0.4173 -0.8754 0.2441
vn 0.7986 -0.4426 -0.4078
vn 0.8195 -0.5289 -0.2207
vn 0.7521 -0.6565 -0.0578
vn 0.7026 -0.6806 -0.2078
vn 0.6179 -0.7363 -0.2757
vn 0.5887 -0.7439 -0.3162
vn -0.2990 -0.9061 -0.2992
vn -0.2779 -0.9602 -0.0283
vn -0.3973 -0.9172 0.0309
vn -0.4607 -0.8677 -0.1870
vn -0.2361 -0.8314 -0.5031
vn -0.2546 -0.8469 -0.4669
vn -0.3869 -0.8088 -0.4429
vn -0.3092 -0.7996 -0.5148
vn -0.2610 -0.9490 0.1770
vn -0.2866 -0.9395 0.1878
vn -0.3579 -0.9338 0.0040
vn -0.3610 -0.9096 0.2058
vn -0.5023 -0.7689 -0.3956
vn -0.4479 -0.7216 -0.5279
vn -0.5866 -0.8040 -0.0977
vn -0.5964 -0.7943 0.1156
vn -0.4530 -0.8840 -0.1157
vn -0.5404 -0.8034 0.2499
vn -0.2465 -0.9623 -0.1150
vn -0.3196 -0.8820 -0.3462
vn -0.3461 -0.8262 -0.4446
vn -0.2797 -0.9161 -0.2872
vn -0.0081 -0.9757 -0.2190
vn -0.1081 -0.9883 -0.1078
vn -0.2956 -0.9546 -0.0380
vn -0.2913 -0.8208 -0.4913
vn -0.1387 -0.8345 -0.5333
vn 0.0113 -0.9117 -0.4107
vn -0.2856 -0.8498 -0.4431
vn -0.1883 -0.8665 -0.4623
vn -0.3360 -0.9388 -0.0759
vn 0.1231 -0.8103 -0.5730
vn 0.2027 -0.8933 -0.4012
vn 0.2958 -0.9482 -0.1156
vn 0.2114 -0.9666 -0.1451
vn -0.0242 -0.9253 -0.3785
vn -0.0666 0.0779 -0.9947
vn -0.1279 -0.1816 -0.9750
vn -0.1884 -0.2724 -0.9436
vn -0.1350 0.0677 -0.9885
vn -0.1322 -0.3865 -0.9128
vn 0.0882 0.0997 -0.9911
vn -0.9195 -0.3496 0.1795
vn -0.8997 -0.4100 -0.1498
vn -0.8469 -0.4769 -0.2354
vn -0.8896 -0.4371 0.1328
vn -0.9457 -0.3176 0.0687
vn -0.9137 -0.3283 0.2396
vn -0.9100 -0.2979 0.2885
vn -0.9237 -0.3450 0.1664
vn -0.9004 -0.3035 0.3116
vn -0.8888 -0.3583 0.2857
vn -0.1062 0.0089 -0.9943
vn -0.1139 -0.0849 -0.9899
vn -0.9247 -0.2580 0.2799
vn -0.8905 -0.3706 0.2640
vn -0.8664 -0.4919 0.0857
vn -0.8706 -0.4202 0.2559
vn -0.8119 -0.5390 -0.2240
vn -0.1718 -0.2098 -0.9625
vn -0.8709 -0.3219 0.3714
vn -0.8916 -0.3157 0.3246
vn -0.8926 -0.3391 0.2971
vn -0.9189 -0.3789 0.1100
vn -0.8641 -0.4515 0.2225
vn -0.9490 -0.3147 0.0177
vn 0.2116 0.2585 -0.9425
vn 0.2049 0.2197 -0.9538
vn 0.1985 0.1843 -0.9626
vn -0.8678 -0.4967 -0.0100
vn -0.8614 -0.4246 -0.2789
vn -0.9114 -0.3863 -0.1421
vn -0.9109 -0.4066 0.0706
vn -0.9159 -0.2893 0.2782
vn -0.9110 -0.2875 0.2956
vn -0.8244 -0.4436 0.3515
vn -0.8503 -0.4228 0.3136
vn -0.3421 -0.9071 -0.2450
vn -0.4252 -0.8603 -0.2813
vn -0.8074 -0.5898 0.0153
vn -0.7248 -0.6881 0.0344
vn -0.2295 -0.9537 -0.1943
vn -0.6081 -0.7921 0.0537
vn -0.7253 -0.5414 0.4252
vn -0.7899 -0.5089 0.3421
vn -0.8748 -0.2399 0.4209
vn -0.8295 -0.3138 0.4621
vn -0.8392 -0.4181 0.3477
vn -0.7790 -0.4385 0.4482
vn -0.8774 -0.4584 0.1415
vn -0.6953 -0.5777 0.4277
vn -0.9344 -0.3559 -0.0165
vn -0.9388 -0.3414 -0.0461
vn -0.9754 0.0177 -0.2199
vn -0.9513 0.2940 0.0925
vn -0.9920 0.0554 -0.1138
vn -0.9747 -0.1569 -0.1595
vn -0.9618 -0.0641 -0.2662
vn -0.9583 -0.2564 -0.1257
vn -0.9304 0.2882 0.2264
vn -0.9881 0.0992 -0.1178
vn -0.9548 -0.0100 -0.2972
vn -0.7850 -0.4698 0.4038
vn -0.7965 -0.4606 0.3917
vn -0.8197 -0.4457 0.3597
vn -0.7918 -0.4466 0.4166
vn -0.8812 -0.4384 -0.1768
vn -0.8936 -0.4381 -0.0982
vn -0.9014 -0.4085 -0.1437
vn -0.9061 -0.3921 -0.1590
vn -0.8946 -0.4469 0.0061
vn -0.8545 -0.4768 0.2062
vn -0.8470 -0.5065 0.1613
vn -0.8826 -0.4651 -0.0691
vn -0.8625 -0.5002 0.0770
vn -0.6598 -0.4861 -0.5730
vn -0.3781 -0.5686 -0.7305
vn -0.7912 -0.5991 -0.1231
vn -0.9009 -0.3936 -0.1827
vn -0.9209 -0.3609 -0.1471
vn -0.8276 -0.5520 0.1019
vn -0.8619 -0.4914 -0.1255
vn -0.8349 -0.4250 0.3498
vn -0.7969 -0.4252 0.4292
vn -0.2726 -0.7307 -0.6259
vn -0.7107 -0.6737 -0.2024
vn -0.7957 -0.4182 0.4381
vn -0.7239 -0.5034 0.4718
vn -0.7445 -0.5698 0.3478
vn -0.8027 -0.4461 0.3959
vn -0.9145 -0.4023 -0.0437
vn -0.9178 -0.3952 -0.0371
vn -0.8890 -0.4424 -0.1185
vn -0.9052 -0.4094 -0.1142
vn -0.9157 -0.3964 0.0665
vn -0.8842 -0.4250 0.1938
vn -0.8482 -0.4948 0.1892
vn -0.8699 -0.4932 -0.0026
vn -0.8591 -0.4809 -0.1754
vn -0.8952 -0.4133 -0.1666
vn -0.7808 -0.6007 0.1719
vn -0.8135 -0.5761 -0.0797
vn -0.7613 -0.6373 0.1196
vn -0.7963 -0.5083 0.3280
vn -0.6504 -0.7587 -0.0369
vn -0.4433 -0.8375 -0.3196
vn -0.4038 -0.8182 -0.4092
vn -0.5344 -0.8010 -0.2698
vn -0.3874 -0.8085 -0.4429
vn -0.4329 -0.7919 -0.4307
vn -0.8863 -0.4229 -0.1890
vn -0.7987 -0.5757 -0.1752
vn -0.7706 -0.6253 -0.1227
vn -0.8559 -0.5041 -0.1158
vn -0.8621 -0.4289 -0.2698
vn -0.8436 -0.4688 -0.2619
vn -0.7569 -0.6361 -0.1500
vn -0.7301 -0.6724 -0.1217
vn -0.7505 -0.6466 -0.1368
vn -0.8285 -0.5369 -0.1589
vn -0.7050 -0.6975 -0.1284
vn -0.8880 -0.3984 -0.2297
vn -0.8695 -0.4558 -0.1901
vn -0.9167 -0.3495 -0.1936
vn -0.8972 -0.4273 -0.1118
vn -0.8571 -0.4822 -0.1812
vn -0.8731 -0.4858 0.0410
vn -0.8747 -0.4839 -0.0271
vn -0.8881 -0.4563 -0.0548
vn -0.9101 -0.4038 0.0930
vn -0.7807 -0.5270 -0.3357
vn -0.8193 -0.5326 -0.2123
vn -0.8710 -0.4634 -0.1633
vn -0.8269 -0.4833 -0.2875
vn -0.8140 -0.5692 -0.1161
vn -0.8217 -0.5394 -0.1842
vn -0.7869 -0.4918 -0.3727
vn -0.8088 -0.5229 -0.2692
vn -0.8837 -0.4411 -0.1562
vn -0.9454 -0.3085 0.1047
vn -0.8287 -0.4992 -0.2532
vn -0.8860 -0.4460 -0.1265
vn -0.9234 -0.2494 -0.2917
vn -0.8341 -0.5498 0.0445
vn -0.8547 -0.5099 0.0975
vn -0.8918 -0.4242 0.1577
vn -0.8888 -0.4581 0.0138
vn -0.8948 -0.4403 -0.0735
vn -0.8882 -0.4552 -0.0619
vn -0.8867 -0.4621 0.0137
vn -0.7563 -0.6102 -0.2361
vn -0.8149 -0.5638 -0.1342
vn -0.8894 -0.4468 -0.0965
vn -0.8615 -0.4606 -0.2137
vn -0.8385 -0.3953 -0.3750
vn -0.8111 -0.4380 -0.3877
vn -0.9306 -0.3611 -0.0593
vn -0.9530 -0.2474 -0.1748
vn -0.8861 -0.4631 0.0172
vn -0.8767 -0.4753 -0.0734
vn -0.7487 -0.4833 -0.4537
vn -0.6783 -0.3051 -0.6684
vn -0.6337 -0.3791 -0.6743
vn -0.5904 -0.4419 -0.6753
vn -0.8830 -0.4656 -0.0600
vn -0.7483 -0.6206 -0.2343
vn -0.8109 -0.5651 -0.1520
vn -0.8781 -0.4783 -0.0136
vn -0.7556 -0.4851 -0.4402
vn -0.7128 -0.4951 -0.4968
vn -0.7816 -0.2395 -0.5759
vn -0.8114 -0.3220 -0.4878
vn -0.6847 -0.6603 -0.3084
vn -0.7746 -0.5907 -0.2258
vn -0.7352 -0.5345 -0.4169
vn -0.6830 -0.5720 -0.4543
vn -0.7254 -0.5691 -0.3872
vn -0.8706 -0.3587 -0.3368
vn -0.6549 -0.6555 -0.3761
vn -0.8234 -0.5617 -0.0803
vn -0.8606 -0.5092 0.0052
vn -0.8151 -0.5699 -0.1043
vn -0.8223 0.0008 -0.5690
vn -0.8621 -0.1002 -0.4968
vn -0.9370 -0.3481 0.0284
vn -0.9487 -0.1937 -0.2501
vn -0.8969 -0.4233 0.1276
vn -0.9043 -0.4269 0.0062
vn 0.1635 -0.0586 -0.9848
vn 0.0208 -0.1039 -0.9944
vn -0.2136 0.0782 -0.9738
vn -0.1206 0.1803 -0.9762
vn 0.9049 -0.3417 -0.2536
vn 0.8389 -0.5051 -0.2025
vn 0.8769 -0.4135 -0.2452
vn 0.9383 -0.2845 -0.1964
vn 0.8849 -0.3931 -0.2499
vn 0.8551 -0.4919 -0.1640
vn 0.7052 -0.7054 0.0721
vn 0.7524 -0.6346 -0.1765
vn 0.7827 -0.5477 -0.2958
vn 0.7933 -0.3821 -0.4741
vn 0.7266 -0.4210 -0.5429
vn 0.5330 -0.3377 -0.7758
vn 0.6071 -0.2988 -0.7363
vn 0.8369 -0.4452 -0.3184
vn 0.9062 -0.3584 -0.2246
vn 0.7764 -0.5140 -0.3648
vn 0.6496 -0.4529 -0.6107
vn 0.4450 -0.3836 -0.8092
vn 0.3042 -0.2641 -0.9153
vn 0.4112 -0.2099 -0.8871
vn 0.1421 -0.3329 -0.9322
vn -0.1828 -0.2022 -0.9621
vn -0.3196 -0.0462 -0.9464
vn 0.1785 -0.2082 -0.9617
vn 0.1887 -0.1320 -0.9731
vn -0.0206 0.0548 -0.9983
vn -0.1289 -0.0637 -0.9896
vn 0.9319 -0.2918 -0.2152
vn 0.8575 -0.3426 -0.3837
vn 0.8997 -0.4096 -0.1508
vn 0.9141 -0.3996 -0.0684
vn 0.8516 -0.2466 -0.4626
vn 0.8507 -0.3303 -0.4088
vn 0.8117 -0.3599 -0.4600
vn 0.8609 -0.2218 -0.4580
vn 0.8079 -0.5347 -0.2478
vn 0.7518 -0.4677 -0.4648
vn 0.7693 -0.4305 -0.4721
vn 0.8417 -0.4469 -0.3030
vn 0.7904 -0.3268 -0.5182
vn 0.7514 -0.3720 -0.5450
vn 0.6054 -0.2888 -0.7417
vn 0.6312 -0.2871 -0.7205
vn 0.8547 -0.4307 -0.2899
vn 0.8899 -0.4029 -0.2139
vn 0.8172 -0.4785 -0.3212
vn 0.7072 -0.4014 -0.5820
vn 0.5793 -0.2754 -0.7672
vn 0.4157 -0.2068 -0.8857
vn 0.4332 -0.2388 -0.8691
vn 0.3990 -0.1635 -0.9023
vn 0.2366 0.0043 -0.9716
vn 0.1269 0.2130 -0.9688
vn -0.3343 0.1717 -0.9267
vn -0.4592 0.2250 -0.8594
vn -0.6934 0.5319 -0.4860
vn -0.7351 0.3366 -0.5885
vn 0.6885 -0.6924 -0.2156
vn 0.4588 -0.8169 -0.3495
vn 0.4817 -0.7402 -0.4692
vn 0.6452 -0.6638 -0.3782
vn 0.5986 -0.7967 -0.0836
vn 0.5022 -0.8591 -0.0984
vn 0.4295 -0.9023 0.0362
vn 0.5943 -0.8018 0.0632
vn 0.3061 -0.9441 -0.1222
vn 0.2853 -0.9578 0.0356
vn 0.5144 -0.8568 -0.0351
vn 0.6487 -0.7583 -0.0638
vn 0.3016 -0.9528 -0.0351
vn 0.2651 -0.8740 -0.4073
vn 0.2441 -0.7904 -0.5619
vn 0.3979 -0.5325 -0.7471
vn 0.3441 -0.5202 -0.7817
vn 0.2191 -0.3206 -0.9215
vn 0.2977 -0.3265 -0.8971
vn 0.4063 -0.6909 -0.5979
vn 0.5283 -0.6373 -0.5610
vn 0.3045 -0.7312 -0.6104
vn 0.3004 -0.5220 -0.7983
vn 0.1656 -0.3211 -0.9324
vn 0.1029 -0.2284 -0.9681
vn 0.1943 -0.2113 -0.9579
vn -0.0298 -0.2319 -0.9723
vn -0.5314 0.2827 -0.7986
vn -0.6737 0.5863 -0.4498
vn 0.8299 0.5324 -0.1670
vn 0.9168 0.3967 0.0457
vn 0.6598 0.7510 0.0269
vn 0.5606 0.8020 -0.2062
vn -0.3794 -0.7697 -0.5134
vn -0.4508 -0.6194 -0.6427
vn 0.0798 -0.7430 -0.6645
vn 0.1047 -0.8613 -0.4971
vn -0.0140 -0.9999 -0.0062
vn 0.0193 -0.9519 -0.3059
vn 0.1392 -0.9316 -0.3359
vn 0.1330 -0.9907 -0.0299
vn 0.1095 -0.9881 0.1079
vn -0.0275 -0.9910 0.1307
vn 0.2408 -0.9670 0.0838
vn 0.2570 -0.9653 -0.0462
vn 0.2608 -0.8982 -0.3539
vn -0.0762 -0.8738 -0.4803
vn 0.1439 -0.8757 -0.4609
vn 0.2927 -0.8446 -0.4482
vn 0.4148 -0.7937 -0.4450
vn 0.4519 -0.6909 -0.5644
vn -0.0610 -0.3046 -0.9505
vn -0.0578 -0.0200 -0.9981
vn 0.0617 0.0054 -0.9981
vn 0.1254 -0.2647 -0.9561
vn -0.3759 -0.5726 -0.7286
vn 0.1110 -0.6395 -0.7607
vn 0.3870 -0.6094 -0.6920
vn -0.2189 -0.5402 -0.8125
vn 0.0702 -0.4932 -0.8671
vn 0.2864 -0.4466 -0.8477
vn 0.1933 -0.0323 -0.9806
vn 0.2368 -0.2435 -0.9406
vn -0.0524 0.3145 -0.9478
vn 0.1234 0.3578 -0.9256
vn 0.2230 0.2688 -0.9370
vn 0.5226 0.8368 -0.1634
vn 0.5291 0.8484 0.0185
vn 0.2669 0.1625 -0.9499
vn 0.1385 0.0538 -0.9889
vn 0.1681 0.1818 -0.9689
vn 0.2612 0.2510 -0.9321
vn 0.5781 -0.7683 -0.2750
vn 0.4009 -0.8473 -0.3484
vn 0.3901 -0.7941 -0.4661
vn 0.5763 -0.6999 -0.4219
vn 0.5985 -0.7422 0.3014
vn 0.5046 -0.8045 0.3135
vn 0.4873 -0.8717 0.0513
vn 0.6227 -0.7818 0.0336
vn 0.3368 -0.8839 0.3246
vn 0.3384 -0.9407 -0.0218
vn 0.4807 -0.8629 -0.1560
vn 0.5900 -0.7871 -0.1799
vn 0.3252 -0.9246 -0.1984
vn 0.2899 -0.8826 -0.3701
vn 0.2429 -0.8311 -0.5002
vn 0.5350 -0.4558 -0.7114
vn 0.3269 -0.5477 -0.7702
vn 0.2896 -0.4287 -0.8558
vn 0.4345 -0.3667 -0.8226
vn 0.3710 -0.6997 -0.6105
vn 0.5652 -0.5954 -0.5710
vn 0.2026 -0.7630 -0.6138
vn 0.1428 -0.6062 -0.7824
vn 0.1249 -0.4940 -0.8604
vn 0.3446 -0.2879 -0.8935
vn 0.2447 -0.3314 -0.9112
vn 0.1877 -0.1748 -0.9666
vn 0.3156 -0.1418 -0.9382
vn 0.1296 -0.3901 -0.9116
vn 0.0610 -0.2290 -0.9715
vn 0.0258 -0.0131 -0.9996
vn 0.0466 0.0903 -0.9948
vn -0.2361 0.1176 -0.9646
vn 0.1046 0.2769 -0.9552
vn 0.1504 0.2575 -0.9545
vn -0.1163 0.0889 -0.9892
vn -0.7294 -0.6102 -0.3093
vn -0.7193 -0.6067 -0.3385
vn -0.6432 -0.6669 -0.3763
vn -0.6647 -0.6670 -0.3367
vn -0.7427 -0.6291 -0.2295
vn -0.6704 -0.7111 -0.2120
vn -0.5791 -0.7499 -0.3198
vn -0.6066 -0.7704 -0.1962
vn -0.5133 -0.7280 -0.4545
vn -0.6767 -0.3259 -0.6602
vn -0.6153 -0.3164 -0.7220
vn -0.4101 -0.4257 -0.8066
vn -0.5354 -0.5031 -0.6784
vn -0.7363 -0.5451 -0.4010
vn -0.6688 -0.6276 -0.3986
vn -0.5353 -0.7731 -0.3402
vn -0.7380 -0.4061 -0.5390
vn -0.6277 -0.5495 -0.5514
vn -0.5030 -0.7176 -0.4817
vn -0.2619 -0.6098 -0.7481
vn -0.3778 -0.6036 -0.7021
vn -0.4514 -0.0383 -0.8915
vn -0.2910 -0.2377 -0.9267
vn -0.0949 -0.3984 -0.9123
vn 0.0705 0.0540 -0.9961
vn 0.2224 0.2253 -0.9486
vn -0.2387 0.0490 -0.9698
vn -0.0151 0.1705 -0.9852
vn 0.0602 0.1168 -0.9913
vn -0.1296 -0.0017 -0.9916
vn -0.7638 -0.5800 -0.2833
vn -0.7475 -0.5721 -0.3375
vn -0.7279 -0.5900 -0.3494
vn -0.7586 -0.5838 -0.2894
vn -0.7849 -0.5819 -0.2131
vn -0.7736 -0.5986 -0.2081
vn -0.7483 -0.5947 -0.2939
vn -0.7647 -0.6112 -0.2043
vn -0.7045 -0.6015 -0.3767
vn -0.6405 -0.2987 -0.7075
vn -0.5844 -0.3266 -0.7429
vn -0.3977 -0.4380 -0.8062
vn -0.5476 -0.4665 -0.6947
vn -0.7693 -0.5208 -0.3701
vn -0.7334 -0.5600 -0.3854
vn -0.6718 -0.6446 -0.3649
vn -0.7626 -0.3904 -0.5157
vn -0.6711 -0.4399 -0.5968
vn -0.5816 -0.5810 -0.5694
vn -0.2555 -0.5741 -0.7779
vn -0.4387 -0.5429 -0.7161
vn -0.4354 -0.1120 -0.8932
vn -0.2960 -0.2452 -0.9232
vn -0.0998 -0.4075 -0.9077
vn 0.0194 -0.0826 -0.9964
vn 0.1680 0.0375 -0.9851
vn -0.0451 0.1331 -0.9901
vn 0.0179 0.2262 -0.9739
vn -0.0769 0.2069 -0.9753
vn -0.0508 0.0705 -0.9962
vn -0.5742 -0.7426 -0.3447
vn -0.5882 -0.6914 -0.4196
vn -0.4657 -0.7651 -0.4448
vn -0.4589 -0.8203 -0.3413
vn -0.4780 -0.8627 0.1651
vn -0.5109 -0.8568 -0.0694
vn -0.4250 -0.9018 -0.0779
vn -0.3452 -0.9317 0.1129
vn -0.3389 -0.9363 -0.0926
vn -0.3034 -0.9480 0.0966
vn -0.5295 -0.8288 -0.1808
vn -0.4515 -0.8746 -0.1765
vn -0.3541 -0.9158 -0.1894
vn -0.3564 -0.8701 -0.3404
vn -0.3372 -0.8183 -0.4654
vn -0.3731 -0.4350 -0.8195
vn -0.3938 -0.2809 -0.8752
vn -0.2113 -0.3364 -0.9177
vn -0.2512 -0.4737 -0.8441
vn -0.5354 -0.7340 -0.4177
vn -0.4148 -0.7327 -0.5396
vn -0.3310 -0.7254 -0.6035
vn -0.4073 -0.7884 -0.4610
vn -0.2503 -0.7305 -0.6354
vn -0.2968 -0.8136 -0.5001
vn -0.3610 -0.5699 -0.7382
vn -0.2816 -0.5939 -0.7537
vn -0.1946 -0.5994 -0.7764
vn -0.0137 -0.3896 -0.9209
vn -0.1213 -0.5097 -0.8518
vn -0.2824 -0.0943 -0.9547
vn -0.1360 -0.1447 -0.9801
vn 0.0598 -0.1899 -0.9800
vn -0.0397 0.0176 -0.9991
vn -0.1804 0.1836 -0.9663
vn -0.1803 0.1822 -0.9666
vn -0.1424 0.3140 -0.9387
vn -0.0413 0.2351 -0.9711
vn -0.0814 0.0961 -0.9920
vn -0.6875 -0.6861 -0.2380
vn -0.6763 -0.6556 -0.3359
vn -0.4779 -0.7767 -0.4103
vn -0.4832 -0.8262 -0.2896
vn -0.3258 -0.5822 -0.7449
vn -0.5103 -0.8501 -0.1302
vn -0.3721 -0.9030 -0.2148
vn -0.3048 -0.6289 -0.7153
vn -0.2626 -0.9552 -0.1367
vn -0.2737 -0.6901 -0.6700
vn -0.6085 -0.7935 -0.0073
vn -0.3928 -0.9145 -0.0965
vn -0.2398 -0.9660 -0.0966
vn -0.2333 -0.8881 -0.3959
vn -0.1797 -0.8629 -0.4723
vn -0.6136 -0.6057 -0.5066
vn -0.3701 -0.7374 -0.5651
vn -0.0754 -0.8047 -0.5888
vn -0.4789 -0.5203 -0.7071
vn -0.2643 -0.6162 -0.7419
vn -0.0220 -0.6806 -0.7323
vn -0.3002 -0.1981 -0.9331
vn -0.2756 -0.0198 -0.9611
vn -0.1504 -0.1107 -0.9824
vn -0.1863 -0.2845 -0.9404
vn -0.0338 -0.2256 -0.9736
vn -0.0680 -0.3692 -0.9269
vn -0.0042 -0.0204 -0.9998
vn 0.0536 0.1578 -0.9860
vn -0.2589 -0.4315 -0.8642
vn -0.1927 -0.4741 -0.8591
vn -0.1182 -0.5304 -0.8395
vn -0.0830 -0.6031 -0.7934
vn -0.1917 -0.5652 -0.8024
vn -0.3110 -0.5186 -0.7964
vn 0.0172 0.4690 -0.8830
vn 0.1080 0.5294 -0.8415
vn 0.1159 0.5715 -0.8124
vn 0.0255 0.5173 -0.8554
vn -0.2660 -0.8285 -0.4929
vn -0.3081 -0.7077 -0.6358
vn 0.0664 -0.7600 -0.6466
vn 0.0858 -0.8667 -0.4914
vn -0.2564 -0.9543 0.1535
vn -0.2081 -0.9764 -0.0583
vn 0.0307 -0.9967 -0.0752
vn -0.0305 -0.9906 0.1336
vn -0.0093 -0.9896 0.1435
vn -0.2832 -0.9233 0.2596
vn 0.2447 -0.9693 0.0244
vn 0.2528 -0.9644 0.0777
vn 0.2748 -0.9579 -0.0829
vn -0.1778 -0.9319 -0.3160
vn 0.1047 -0.9356 -0.3373
vn 0.3332 -0.8810 -0.3358
vn 0.3746 -0.8146 -0.4429
vn 0.3472 -0.7242 -0.5958
vn -0.0665 -0.3161 -0.9464
vn -0.1096 -0.1078 -0.9881
vn 0.0678 -0.1254 -0.9898
vn 0.1087 -0.2907 -0.9506
vn -0.2240 -0.6134 -0.7573
vn 0.0797 -0.6021 -0.7945
vn 0.2676 -0.5801 -0.7694
vn -0.1168 -0.4934 -0.8620
vn 0.0695 -0.4576 -0.8864
vn 0.2199 -0.4299 -0.8757
vn 0.2491 -0.1794 -0.9517
vn 0.2385 -0.2793 -0.9301
vn -0.2119 0.1924 -0.9582
vn -0.1564 0.3515 -0.9230
vn -0.0832 0.3384 -0.9373
vn -0.0267 0.1275 -0.9915
vn 0.0224 0.3258 -0.9452
vn 0.1747 0.0549 -0.9831
vn -0.0130 0.5196 -0.8543
vn 0.1309 0.6520 -0.7469
vn -0.9598 -0.2471 -0.1334
vn -0.9502 -0.3078 0.0496
vn -0.8624 -0.2705 0.4279
vn -0.8900 -0.3920 0.2329
vn 0.6619 0.5475 -0.5120
vn 0.7355 0.4956 -0.4620
vn 0.7806 0.5495 -0.2980
vn 0.7210 0.5965 -0.3525
vn 0.1148 0.2060 -0.9718
vn 0.0992 0.2372 -0.9664
vn -0.2353 0.0232 -0.9717
vn -0.2870 0.0998 -0.9527
vn -0.4606 -0.1711 -0.8709
vn -0.5307 -0.0628 -0.8452
vn -0.6447 -0.2982 -0.7039
vn -0.7287 -0.2431 -0.6402
vn -0.7686 -0.3716 -0.5207
vn -0.8298 -0.3030 -0.4687
vn -0.8037 -0.3532 -0.4789
vn -0.8391 -0.2586 -0.4786
vn -0.8479 -0.3526 -0.3958
vn -0.8990 -0.2127 -0.3827
vn -0.8944 -0.3569 -0.2695
vn -0.9527 -0.1699 -0.2521
vn -0.9734 -0.1733 -0.1497
vn -0.9169 -0.3430 -0.2041
vn -0.8851 -0.4287 0.1812
vn -0.9397 -0.2550 0.2277
vn -0.7713 -0.4823 -0.4153
vn -0.7990 -0.5320 -0.2804
vn -0.7637 -0.4475 -0.4653
vn -0.7012 -0.4283 -0.5700
vn -0.5819 -0.3800 -0.7190
vn -0.4205 -0.2655 -0.8676
vn -0.1733 -0.0396 -0.9841
vn 0.1779 0.2201 -0.9591
vn 0.5208 0.5932 -0.6139
vn 0.5262 0.6982 -0.4854
vn -0.8637 -0.4698 0.1824
vn -0.9598 -0.2472 -0.1333
vn -0.8288 -0.4936 -0.2635
vn -0.8377 -0.5418 0.0682
vn -0.7455 -0.0487 -0.6648
vn -0.7647 -0.3783 -0.5217
vn -0.7506 0.0930 -0.6542
vn -0.4803 0.2513 -0.8403
vn -0.5431 -0.0047 -0.8397
vn -0.5657 -0.3858 -0.7288
vn -0.1953 0.3368 -0.9211
vn 0.0413 0.4219 -0.9057
vn 0.1144 0.2659 -0.9572
vn -0.0648 0.1766 -0.9821
vn -0.9845 0.1244 -0.1237
vn -0.9865 0.0933 -0.1344
vn -0.9605 -0.1769 -0.2150
vn -0.9707 -0.0710 -0.2295
vn -0.9811 0.0814 -0.1753
vn -0.8955 -0.2094 -0.3927
vn -0.8296 -0.4020 -0.3876
vn -0.8125 -0.3363 -0.4762
vn -0.7896 -0.5392 -0.2930
vn -0.7884 -0.0383 -0.6140
vn -0.5922 0.0809 -0.8017
vn -0.5139 -0.1864 -0.8374
vn -0.6904 -0.3546 -0.6305
vn -0.9497 0.0337 -0.3113
vn -0.8888 -0.2532 -0.3820
vn -0.6798 -0.6559 -0.3280
vn -0.8683 -0.0023 -0.4961
vn -0.8018 -0.3528 -0.4824
vn -0.5980 -0.6908 -0.4064
vn -0.3869 -0.5107 -0.7678
vn -0.5423 -0.6677 -0.5100
vn -0.4822 0.1627 -0.8608
vn -0.3957 -0.0448 -0.9173
vn -0.2415 -0.3222 -0.9154
vn -0.4167 0.2036 -0.8860
vn -0.3497 0.0409 -0.9360
vn -0.1748 -0.2644 -0.9484
vn 0.2571 -0.0940 -0.9618
vn 0.0866 -0.1782 -0.9802
vn 0.9258 -0.3355 -0.1740
vn 0.9688 -0.1847 0.1653
vn 0.9533 -0.2060 0.2207
vn 0.9118 -0.4107 0.0020
vn 0.8891 -0.2984 -0.3470
vn 0.9226 -0.2245 -0.3136
vn 0.9675 -0.1680 -0.1890
vn 0.9093 -0.3187 -0.2678
vn 0.9238 -0.2960 0.2430
vn 0.8948 -0.4392 0.0807
vn 0.9781 -0.0092 -0.2077
vn 0.9947 -0.0138 -0.1017
vn 0.9502 -0.0558 0.3067
vn 0.8909 -0.0723 0.4484
vn 0.8885 -0.0677 0.4538
vn 0.8855 -0.1241 0.4478
vn 0.9249 -0.1411 0.3531
vn 0.9405 -0.1252 0.3160
vn 0.9291 -0.0270 0.3689
vn 0.8449 -0.4255 0.3243
vn 0.7898 -0.4483 0.4185
vn 0.8095 -0.3084 0.4996
vn 0.8984 -0.2110 0.3853
vn 0.0562 -0.9710 -0.2322
vn 0.4009 -0.9158 -0.0243
vn 0.4371 -0.8988 -0.0338
vn 0.0525 -0.9702 -0.2363
vn 0.0699 -0.9737 -0.2169
vn 0.5369 -0.8383 0.0946
vn 0.7584 -0.4703 0.4512
vn 0.7582 -0.3600 0.5436
vn 0.8524 -0.0080 0.5228
vn 0.8811 -0.1801 0.4374
vn 0.9351 -0.1221 0.3326
vn 0.9083 -0.0567 0.4144
vn 0.8547 -0.2789 0.4378
vn 0.9536 -0.2014 0.2236
vn 0.9440 -0.1823 0.2748
vn 0.9395 -0.1807 0.2908
vn 0.9134 0.2929 0.2826
vn 0.9697 0.0867 0.2282
vn 0.9213 0.3015 0.2454
vn 0.8906 0.3633 0.2736
vn 0.9744 -0.0406 0.2209
vn 0.9478 0.2422 0.2076
vn 0.9010 0.3665 0.2323
vn 0.8938 0.3715 0.2513
vn 0.9083 0.3608 0.2114
vn 0.7061 -0.6450 0.2923
vn 0.7462 -0.5817 0.3236
vn 0.7846 -0.5223 0.3342
vn 0.9135 -0.0853 0.3978
vn 0.9557 -0.1734 0.2378
vn 0.9656 -0.0721 0.2500
vn 0.8520 -0.1871 0.4890
vn -0.7613 0.4700 -0.4467
vn -0.8111 0.5062 -0.2931
vn -0.8450 0.4745 -0.2467
vn -0.7596 0.4508 -0.4689
vn -0.2250 0.4095 -0.8841
vn -0.2927 0.3193 -0.9013
vn 0.1879 0.3477 -0.9186
vn 0.1455 0.1545 -0.9772
vn 0.4950 0.2522 -0.8315
vn 0.6192 0.2554 -0.7425
vn 0.5398 0.0565 -0.8399
vn 0.3887 0.0788 -0.9180
vn 0.6887 0.2391 -0.6845
vn 0.6926 0.0388 -0.7203
vn 0.7016 0.2340 -0.6731
vn 0.8385 0.1772 -0.5153
vn 0.8411 -0.0367 -0.5396
vn 0.7251 0.0322 -0.6879
vn 0.9846 -0.0034 -0.1747
vn 0.9624 -0.1888 -0.1955
vn 0.9985 -0.0485 0.0252
vn 0.9682 -0.2358 -0.0836
vn 0.9976 0.0309 0.0616
vn 0.9831 -0.1829 0.0026
vn 0.9431 -0.3289 -0.0479
vn 0.9131 -0.3678 -0.1761
vn 0.8995 -0.3790 -0.2175
vn 0.8019 -0.2206 -0.5553
vn 0.7260 -0.1263 -0.6760
vn 0.6231 -0.1092 -0.7745
vn 0.4479 -0.1211 -0.8858
vn 0.2734 -0.1447 -0.9510
vn 0.1150 -0.0611 -0.9915
vn -0.4463 0.2623 -0.8556
vn -0.7049 0.4969 -0.5062
vn -0.7225 0.5694 -0.3922
vn 0.9373 -0.2675 0.2233
vn 0.9593 -0.0761 0.2720
vn 0.9632 -0.2243 -0.1482
vn 0.8786 -0.3084 -0.3646
vn 0.8533 -0.0952 -0.5127
vn 0.9436 0.0507 -0.3272
vn 0.7213 0.2109 -0.6597
vn 0.9631 0.1574 -0.2183
vn 0.9551 0.0075 0.2961
vn 0.9458 0.0599 0.3191
vn 0.8765 -0.0960 0.4717
vn 0.9378 -0.2730 0.2144
vn 0.9823 -0.1754 0.0656
vn 0.9976 -0.0318 0.0608
vn 0.9643 -0.1280 0.2318
vn -0.4401 0.4920 -0.7512
vn -0.6291 0.5770 -0.5208
vn -0.6397 0.6497 -0.4107
vn -0.4718 0.6259 -0.6210
vn 0.1339 0.4280 -0.8938
vn 0.0938 0.2493 -0.9639
vn 0.4379 0.3067 -0.8451
vn 0.3229 0.1546 -0.9337
vn 0.6241 0.1956 -0.7564
vn 0.5607 -0.0025 -0.8280
vn 0.7571 -0.0434 -0.6519
vn 0.6988 -0.1081 -0.7072
vn 0.7973 -0.2864 -0.5313
vn 0.7905 -0.2868 -0.5412
vn 0.8190 -0.4051 -0.4063
vn 0.8970 -0.3160 -0.3090
vn 0.8545 -0.3753 -0.3591
vn 0.8220 -0.3834 -0.4211
vn 0.9469 -0.2480 -0.2046
vn 0.9091 -0.3038 -0.2851
vn 0.9817 -0.1274 -0.1416
vn 0.9523 -0.2051 -0.2261
vn 0.9081 -0.2826 -0.3089
vn 0.8492 -0.3903 -0.3558
vn 0.8268 -0.3869 -0.4082
vn 0.8347 -0.3611 -0.4157
vn 0.7960 -0.3094 -0.5203
vn 0.6578 -0.2329 -0.7163
vn 0.4835 -0.1881 -0.8549
vn 0.2620 -0.1448 -0.9541
vn 0.0373 -0.0421 -0.9984
vn -0.4195 0.2975 -0.8576
vn -0.5787 0.4115 -0.7041
vn 0.9325 -0.3589 0.0411
vn 0.8858 -0.3923 0.2479
vn 0.9406 -0.2351 -0.2450
vn 0.7662 -0.2048 -0.6091
vn 0.7061 -0.0228 -0.7078
vn 0.8632 -0.0307 -0.5040
vn 0.5653 0.2353 -0.7906
vn 0.9063 -0.0866 -0.4136
vn -0.3139 0.0348 -0.9488
vn -0.0524 0.1373 -0.9891
vn -0.0425 0.0787 -0.9960
vn -0.2272 -0.0251 -0.9735
vn -0.8758 -0.3997 -0.2704
vn -0.8623 -0.4128 -0.2932
vn -0.7730 -0.5264 -0.3542
vn -0.8266 -0.4317 -0.3610
vn -0.9099 -0.3170 -0.2677
vn -0.8229 -0.3842 -0.4186
vn -0.7525 -0.4641 -0.4672
vn -0.7852 -0.4048 -0.4686
vn -0.6498 -0.6458 -0.4008
vn -0.7075 -0.4270 -0.5630
vn -0.5807 -0.2351 -0.7794
vn -0.5000 -0.2960 -0.8139
vn -0.6570 -0.4375 -0.6140
vn -0.8316 -0.2925 -0.4721
vn -0.7326 -0.4461 -0.5141
vn -0.6103 -0.6245 -0.4873
vn -0.7644 -0.2734 -0.5838
vn -0.6912 -0.4464 -0.5683
vn -0.6353 -0.5167 -0.5740
vn -0.4329 -0.4104 -0.8026
vn -0.6052 -0.4677 -0.6442
vn -0.4608 -0.0471 -0.8863
vn -0.3900 -0.1722 -0.9046
vn -0.3050 -0.3067 -0.9016
vn -0.1636 -0.1300 -0.9779
vn -0.0324 0.0195 -0.9993
vn 0.1685 0.1969 -0.9658
vn 0.1499 0.2561 -0.9550
vn 0.3607 0.3050 -0.8814
vn 0.4254 0.2014 -0.8823
vn -0.5854 -0.7857 -0.2000
vn -0.8015 -0.5581 -0.2149
vn -0.7393 -0.5311 -0.4139
vn -0.5467 -0.7381 -0.3953
vn -0.5751 -0.5877 -0.5691
vn -0.8227 -0.4143 -0.3893
vn -0.8224 -0.4325 -0.3696
vn -0.6108 -0.6896 -0.3890
vn -0.9101 -0.2872 -0.2989
vn -0.9033 -0.2709 -0.3328
vn -0.8095 -0.5182 -0.2760
vn -0.5939 -0.7916 -0.1436
vn -0.9119 -0.2268 -0.3420
vn -0.9515 -0.1684 -0.2574
vn -0.9403 -0.1497 -0.3056
vn -0.3456 -0.5419 -0.7661
vn -0.5486 -0.2737 -0.7900
vn -0.4478 -0.1380 -0.8834
vn -0.2811 -0.4080 -0.8686
vn -0.6489 -0.3909 -0.6528
vn -0.4103 -0.6092 -0.6787
vn -0.8302 -0.0372 -0.5562
vn -0.7304 0.0602 -0.6804
vn -0.5893 0.1713 -0.7895
vn -0.3668 -0.0070 -0.9303
vn -0.2171 -0.2355 -0.9473
vn -0.4912 0.2329 -0.8393
vn 0.1029 0.3036 -0.9472
vn 0.3018 0.3890 -0.8704
vn -0.1276 0.2463 -0.9608
vn -0.0945 0.1424 -0.9853
vn -0.2909 0.0141 -0.9567
vn -0.4046 0.1966 -0.8931
vn -0.1908 -0.1642 -0.9678
vn -0.0602 0.0587 -0.9965
vn -0.6818 -0.4406 -0.5840
vn -0.9191 -0.2772 -0.2801
vn -0.4911 -0.5000 -0.7133
vn -0.0531 0.3278 -0.9433
vn 0.0519 0.4268 -0.9029
vn 0.1098 0.3873 -0.9154
vn 0.0587 0.2897 -0.9553
vn -0.9110 -0.4072 0.0656
vn -0.8982 -0.4376 -0.0410
vn -0.7555 -0.6110 -0.2364
vn -0.8353 -0.5442 -0.0786
vn -0.8500 -0.3281 -0.4120
vn -0.9084 -0.3550 -0.2209
vn -0.8495 -0.4603 -0.2577
vn -0.8173 -0.3854 -0.4283
vn -0.7876 -0.5373 -0.3017
vn -0.7647 -0.4633 -0.4479
vn -0.5441 -0.7312 -0.4115
vn -0.7306 -0.6561 -0.1892
vn -0.7437 -0.2633 -0.6145
vn -0.5568 -0.2331 -0.7973
vn -0.3240 -0.3983 -0.8582
vn -0.5181 -0.4534 -0.7253
vn -0.8620 -0.3648 -0.3520
vn -0.6725 -0.5326 -0.5139
vn -0.4278 -0.6775 -0.5983
vn -0.2851 -0.6006 -0.7470
vn -0.1484 -0.5426 -0.8268
vn -0.3250 -0.1312 -0.9366
vn -0.3098 -0.0525 -0.9494
vn -0.2981 -0.2448 -0.9226
vn -0.1999 -0.3165 -0.9273
vn -0.2574 -0.3740 -0.8910
vn -0.1275 -0.4603 -0.8786
vn -0.4242 0.0202 -0.9053
vn -0.3056 -0.0959 -0.9473
vn -0.2166 -0.2533 -0.9428
vn 0.1816 0.3350 -0.9245
vn 0.1668 0.2224 -0.9606
vn -0.0831 0.1244 -0.9887
vn 0.0249 -0.0026 -0.9997
vn -0.2780 0.2178 -0.9356
vn 0.5522 0.3159 -0.7716
vn 0.4893 0.4250 -0.7615
vn 0.7401 0.5147 -0.4327
vn 0.8120 0.3986 -0.4263
vn -0.3580 -0.7860 -0.5040
vn -0.5912 -0.5551 -0.5851
vn -0.5811 -0.7277 -0.3643
vn -0.3272 -0.8941 -0.3059
vn -0.7079 -0.4141 -0.5722
vn -0.7784 -0.4944 -0.3870
vn -0.2569 -0.4956 -0.8297
vn -0.4395 -0.3791 -0.8143
vn -0.3837 -0.2459 -0.8901
vn -0.2461 -0.3573 -0.9010
vn -0.2425 -0.9079 -0.3420
vn -0.5276 -0.7692 -0.3605
vn -0.4432 -0.6891 -0.5733
vn -0.1486 -0.7628 -0.6293
vn -0.8017 -0.5065 -0.3174
vn -0.7799 -0.4831 -0.3980
vn -0.2397 -0.5254 -0.8164
vn -0.4465 -0.4923 -0.7472
vn -0.6122 -0.3990 -0.6826
vn -0.5847 -0.2648 -0.7668
vn -0.5052 -0.1427 -0.8511
vn -0.3113 -0.1597 -0.9368
vn -0.2278 -0.2330 -0.9454
vn -0.3926 -0.1006 -0.9142
vn -0.1784 -0.0631 -0.9819
vn -0.1385 -0.1283 -0.9820
vn -0.2248 -0.0123 -0.9743
vn 0.3556 0.4710 -0.8073
vn 0.6040 0.6730 -0.4269
vn 0.0674 0.1299 -0.9892
vn -0.0112 0.1604 -0.9870
vn 0.0822 0.0469 -0.9955
vn -0.5026 -0.5437 -0.6722
vn -0.6942 -0.4790 -0.5372
vn -0.1618 -0.5947 -0.7875
vn -0.3331 -0.6486 -0.6843
vn -0.5368 -0.4566 -0.7094
vn -0.6277 -0.3402 -0.7001
vn 0.1732 0.5514 -0.8160
vn 0.3290 0.6684 -0.6671
vn 0.3111 0.7292 -0.6095
vn 0.1924 0.5866 -0.7867
vn -0.2605 -0.8863 -0.3829
vn -0.3298 -0.8141 -0.4780
vn 0.0055 -0.8364 -0.5481
vn 0.0777 -0.8910 -0.4473
vn -0.0545 -0.9739 -0.2203
vn -0.0059 -0.9809 -0.1943
vn 0.1829 -0.9535 -0.2397
vn 0.1231 -0.9775 -0.1711
vn 0.0244 -0.9664 -0.2559
vn -0.0903 -0.9526 -0.2904
vn 0.2601 -0.9500 -0.1727
vn 0.2710 -0.9526 -0.1383
vn 0.3358 -0.9041 -0.2644
vn -0.1021 -0.9324 -0.3468
vn 0.1775 -0.9054 -0.3856
vn 0.3972 -0.8151 -0.4218
vn 0.3782 -0.8055 -0.4562
vn 0.3211 -0.7704 -0.5508
vn -0.1102 -0.4475 -0.8875
vn -0.0737 -0.3260 -0.9425
vn 0.0872 -0.3153 -0.9450
vn 0.0645 -0.4569 -0.8872
vn -0.2882 -0.6477 -0.7053
vn -0.1817 -0.5234 -0.8325
vn 0.0313 -0.5255 -0.8502
vn -0.0124 -0.6672 -0.7448
vn 0.2284 -0.5159 -0.8257
vn 0.2559 -0.6131 -0.7474
vn 0.2120 -0.4556 -0.8646
vn 0.2152 -0.3257 -0.9207
vn -0.0337 -0.0907 -0.9953
vn 0.0195 0.2214 -0.9750
vn 0.1211 0.1925 -0.9738
vn 0.1227 -0.0772 -0.9894
vn 0.2351 0.1252 -0.9639
vn 0.2552 -0.0992 -0.9618
vn 0.2091 0.5067 -0.8364
vn 0.2740 0.8233 -0.4971
vn 0.0638 0.0732 -0.9953
vn 0.0104 0.3976 -0.9175
vn -0.0994 0.4090 -0.9071
vn 0.0471 0.1855 -0.9815
vn 0.6062 -0.7714 -0.1937
vn 0.5191 -0.7983 -0.3054
vn 0.7275 -0.5982 -0.3360
vn 0.7882 -0.5544 -0.2672
vn 0.6716 -0.6664 -0.3238
vn 0.7041 -0.7045 -0.0896
vn 0.8123 -0.5794 0.0662
vn 0.7305 -0.6202 -0.2859
vn 0.8518 -0.4967 0.1665
vn 0.8365 -0.5100 -0.2004
vn 0.6853 -0.7247 0.0722
vn 0.8347 -0.5507 0.0073
vn 0.8869 -0.4586 0.0560
vn 0.8771 -0.3718 -0.3040
vn 0.8694 -0.3589 -0.3395
vn 0.2879 -0.5115 -0.8096
vn 0.2345 -0.4256 -0.8740
vn 0.4174 -0.3383 -0.8434
vn 0.4796 -0.4444 -0.7566
vn 0.4353 -0.7764 -0.4558
vn 0.3974 -0.7073 -0.5846
vn 0.6092 -0.5737 -0.5476
vn 0.6833 -0.5790 -0.4448
vn 0.7936 -0.3965 -0.4615
vn 0.8409 -0.3691 -0.3958
vn 0.3576 -0.6198 -0.6985
vn 0.5542 -0.5300 -0.6418
vn 0.6514 -0.3538 -0.6712
vn 0.7393 -0.4229 -0.5240
vn 0.5313 -0.2316 -0.8149
vn 0.1804 -0.3027 -0.9359
vn 0.2957 -0.2031 -0.9334
vn 0.4107 -0.1062 -0.9056
vn 0.1559 -0.1931 -0.9687
vn 0.2238 -0.0738 -0.9718
vn 0.3162 0.0116 -0.9486
vn -0.1564 0.4130 -0.8972
vn 0.0277 0.2536 -0.9669
vn 0.1589 0.8996 -0.4067
vn 0.2956 0.9409 -0.1655
vn 0.2510 0.9583 -0.1367
vn 0.1043 0.8723 -0.4777
vn 0.1569 -0.8041 -0.5734
vn 0.1281 -0.7272 -0.6744
vn 0.3451 -0.6197 -0.7049
vn 0.3689 -0.7613 -0.5333
vn 0.1665 -0.9322 -0.3213
vn 0.2216 -0.8703 -0.4399
vn 0.3347 -0.8353 -0.4363
vn 0.3674 -0.8916 -0.2647
vn 0.4842 -0.8476 0.2170
vn 0.1768 -0.9755 0.1306
vn 0.6551 -0.6823 0.3246
vn 0.6207 -0.7513 -0.2243
vn 0.4742 -0.7732 -0.4210
vn 0.2162 -0.8453 -0.4886
vn 0.3209 -0.8237 -0.4676
vn 0.4722 -0.7836 -0.4037
vn 0.5165 -0.7150 -0.4712
vn 0.5182 -0.5368 -0.6658
vn 0.1442 -0.4215 -0.8953
vn 0.0896 -0.2262 -0.9700
vn 0.2026 -0.1931 -0.9600
vn 0.2577 -0.3267 -0.9093
vn 0.1361 -0.6517 -0.7462
vn 0.3175 -0.5413 -0.7785
vn 0.4711 -0.4145 -0.7786
vn 0.1457 -0.5660 -0.8114
vn 0.3015 -0.4668 -0.8314
vn 0.3584 -0.2893 -0.8876
vn 0.4296 -0.3830 -0.8178
vn 0.3057 -0.1766 -0.9356
vn 0.0380 -0.0518 -0.9979
vn -0.0479 0.3776 -0.9247
vn 0.0536 0.3635 -0.9300
vn 0.1520 -0.0084 -0.9883
vn 0.2061 0.2759 -0.9388
vn 0.2851 -0.0251 -0.9582
vn 0.1110 0.7720 -0.6258
vn 0.1224 0.9910 -0.0540
vn 0.5480 -0.5512 0.6292
vn 0.4776 -0.5902 0.6508
vn 0.2372 -0.6851 0.6887
vn 0.0617 0.3470 -0.9358
vn 0.2559 0.3829 -0.8876
vn 0.2223 0.4645 -0.8572
vn 0.1199 0.3655 -0.9231
vn -0.2753 -0.8499 -0.4493
vn -0.3085 -0.6935 -0.6511
vn -0.1203 -0.7016 -0.7023
vn -0.0360 -0.8695 -0.4926
vn -0.2548 -0.7640 -0.5928
vn -0.3229 -0.8862 -0.3324
vn -0.2071 -0.9351 -0.2875
vn -0.2154 -0.8008 -0.5588
vn -0.2127 -0.7109 -0.6704
vn -0.2330 -0.7127 -0.6616
vn -0.1623 -0.7048 -0.6905
vn -0.1537 -0.8906 -0.4281
vn -0.0561 -0.9615 -0.2692
vn -0.3031 -0.9122 -0.2757
vn -0.0933 -0.9414 -0.3242
vn 0.0733 -0.9336 -0.3509
vn 0.1547 -0.8549 -0.4952
vn 0.1304 -0.7126 -0.6894
vn -0.1421 -0.2693 -0.9525
vn -0.0977 -0.1169 -0.9883
vn -0.0449 -0.1264 -0.9910
vn -0.0644 -0.3076 -0.9493
vn -0.2696 -0.5718 -0.7748
vn -0.1839 -0.4882 -0.8531
vn -0.0906 -0.4811 -0.8720
vn -0.1339 -0.5684 -0.8118
vn 0.0133 -0.4781 -0.8782
vn 0.0390 -0.5566 -0.8298
vn -0.1459 -0.3805 -0.9132
vn -0.0618 -0.4023 -0.9134
vn 0.0304 -0.4319 -0.9014
vn 0.0030 -0.1608 -0.9870
vn 0.0226 -0.3339 -0.9423
vn -0.0301 0.1193 -0.9924
vn 0.0153 0.1268 -0.9918
vn 0.0438 0.0600 -0.9972
vn 0.1594 0.3856 -0.9088
vn 0.1948 0.5252 -0.8284
vn -0.9929 0.1073 0.0519
vn -0.9865 0.1512 0.0631
vn -0.9923 0.0543 0.1111
vn -0.9934 -0.0285 0.1113
vn -0.9630 0.1815 0.1991
vn -0.9825 0.1675 0.0815
vn -0.9372 -0.3427 -0.0654
vn -0.9373 -0.3482 -0.0143
vn -0.9665 0.2563 0.0108
vn -0.9763 0.2144 0.0308
vn -0.8273 0.4763 0.2980
vn -0.9028 0.4206 0.0901
vn -0.9934 0.1129 -0.0195
vn -0.9444 -0.3289 -0.0001
vn -0.9365 0.3505 0.0055
vn -0.9427 0.2745 -0.1895
vn -0.8915 0.3477 -0.2903
vn -0.9882 -0.0500 -0.1449
vn -0.9957 -0.0813 -0.0433
vn -0.9932 0.0968 0.0642
vn -0.9349 0.1614 0.3160
vn -0.8968 -0.2634 0.3556
vn -0.9463 -0.3171 0.0622
vn -0.7918 0.5288 -0.3055
vn -0.7465 0.5636 -0.3537
vn -0.8327 0.5512 0.0526
vn -0.8028 0.5295 0.2739
vn -0.8744 0.1848 0.4486
vn -0.9325 0.2402 0.2695
vn -0.9125 -0.1178 0.3917
vn -0.8508 -0.1723 0.4965
vn -0.7869 0.4938 0.3700
vn -0.8537 0.4865 0.1856
vn -0.8652 0.4878 -0.1159
vn -0.9722 0.2303 0.0423
vn -0.9750 -0.1140 0.1908
vn -0.9045 0.4216 -0.0646
vn -0.9317 0.3555 0.0751
vn -0.9807 0.1399 0.1368
vn -0.9551 0.2962 -0.0047
vn -0.9760 -0.1255 0.1777
vn -0.9756 -0.1325 0.1748
vn -0.1910 0.2207 -0.9565
vn -0.4663 0.1433 -0.8730
vn -0.4670 0.2788 -0.8391
vn -0.2224 0.3042 -0.9263
vn -0.6835 -0.0271 -0.7295
vn -0.7028 0.1844 -0.6871
vn -0.8345 -0.2454 -0.4933
vn -0.8452 -0.2468 -0.4741
vn -0.8932 -0.0496 -0.4469
vn -0.8494 0.0989 -0.5185
vn -0.8235 -0.1677 -0.5420
vn -0.8989 0.0632 -0.4336
vn -0.9457 -0.1993 -0.2567
vn -0.9754 -0.2044 0.0819
vn -0.9883 0.0592 0.1405
vn -0.9886 0.0716 -0.1325
vn -0.9678 -0.1199 0.2215
vn -0.7667 -0.0935 0.6352
vn -0.8171 0.1171 0.5645
vn -0.9614 0.1380 0.2381
vn -0.8139 -0.1392 0.5641
vn -0.8832 0.1121 0.4553
vn -0.8130 0.2776 0.5119
vn -0.8923 0.3529 0.2814
vn -0.9132 0.3550 0.2001
vn -0.9124 0.4077 0.0352
vn -0.8958 0.3541 -0.2687
vn -0.9038 0.2470 -0.3496
vn -0.8057 0.3848 -0.4504
vn -0.6029 0.5019 -0.6201
vn -0.4728 0.4380 -0.7646
vn -0.2220 0.4025 -0.8881
vn -0.8889 0.2751 0.3663
vn -0.0588 0.3303 -0.9420
vn 0.0058 0.2507 -0.9680
vn -0.1006 0.3804 -0.9193
vn -0.9268 0.3735 -0.0398
vn -0.9566 0.2846 -0.0630
vn -0.9810 0.1926 -0.0246
vn -0.9575 0.2825 -0.0584
vn -0.8181 0.4782 0.3194
vn -0.7377 0.5806 0.3446
vn -0.8704 0.3814 0.3115
vn -0.8847 0.3798 0.2703
vn -0.8930 0.4498 0.0154
vn -0.9318 0.3512 -0.0911
vn -0.6120 0.6749 0.4123
vn -0.5799 0.7723 0.2594
vn -0.6885 0.6560 0.3092
vn -0.6796 0.6779 0.2802
vn -0.7995 0.5401 0.2628
vn -0.8267 0.4513 0.3360
vn -0.5438 0.7830 0.3020
vn -0.5796 0.7604 0.2931
vn -0.7540 0.6349 0.1684
vn -0.8136 0.5660 0.1327
vn -0.8870 0.4590 0.0515
vn -0.4285 0.2415 -0.8706
vn -0.5274 0.1593 -0.8346
vn -0.5223 0.2119 -0.8260
vn -0.4466 0.2488 -0.8595
vn -0.6347 0.1250 -0.7626
vn -0.7026 0.2330 -0.6723
vn -0.8339 0.0568 -0.5490
vn -0.9175 0.0029 -0.3977
vn -0.8961 0.1371 -0.4221
vn -0.8467 0.1893 -0.4973
vn -0.9681 -0.0579 -0.2437
vn -0.9739 0.1100 -0.1985
vn -0.9926 -0.1179 -0.0276
vn -0.9998 -0.0113 0.0140
vn -0.9056 0.2846 0.3145
vn -0.9816 0.1368 0.1330
vn -0.9843 0.1105 0.1376
vn -0.9815 0.1288 0.1414
vn -0.7093 0.4520 0.5410
vn -0.7292 0.4462 0.5188
vn -0.4544 0.5677 0.6865
vn -0.5415 0.5547 0.6317
vn -0.7086 0.4839 0.5135
vn -0.8856 0.3623 0.2905
vn -0.9567 0.2870 -0.0482
vn -0.8636 0.2893 -0.4129
vn -0.8139 0.3523 -0.4620
vn -0.7102 0.3631 -0.6032
vn -0.5307 0.2968 -0.7939
vn -0.4301 0.2870 -0.8559
vn 0.0337 0.3054 -0.9516
vn 0.3111 0.3052 -0.9000
vn 0.2752 0.3076 -0.9109
vn 0.0475 0.3084 -0.9501
vn 0.0966 0.3046 -0.9476
vn 0.3418 0.3028 -0.8896
vn -0.3013 0.2954 -0.9066
vn -0.2688 0.2973 -0.9162
vn -0.3167 0.2915 -0.9026
vn -0.4505 0.1481 -0.8804
vn -0.5700 0.2264 -0.7898
vn -0.5874 0.2730 -0.7618
vn -0.4736 0.1970 -0.8584
vn -0.1628 0.2408 -0.9568
vn -0.1931 0.1470 -0.9701
vn -0.3672 0.1501 -0.9179
vn -0.3522 0.2072 -0.9127
vn -0.3503 0.2629 -0.8990
vn -0.1656 0.3385 -0.9263
vn 0.1989 0.3059 -0.9311
vn 0.1937 -0.0165 -0.9809
vn 0.0834 0.0592 -0.9948
vn 0.0939 0.2675 -0.9590
vn 0.1892 0.5223 -0.8315
vn 0.0869 0.4627 -0.8823
vn -0.4750 0.2648 -0.8392
vn -0.6313 0.3796 -0.6763
vn -0.6583 0.3962 -0.6401
vn -0.7287 0.3654 -0.5792
vn -0.5751 0.5870 -0.5698
vn -0.6135 0.5384 -0.5777
vn -0.7021 0.2942 -0.6485
vn -0.8047 0.1867 -0.5636
vn -0.8351 0.5139 0.1966
vn -0.7719 0.6003 0.2094
vn -0.9149 0.3318 0.2299
vn -0.9206 0.3417 0.1890
vn -0.7708 0.6364 0.0306
vn -0.7514 0.5959 -0.2835
vn -0.8766 0.3381 -0.3424
vn -0.9320 0.3617 -0.0252
vn -0.6558 0.5741 -0.4902
vn -0.7889 0.3201 -0.5245
vn -0.8689 0.0156 -0.4948
vn -0.9160 0.0265 -0.4003
vn -0.9961 0.0692 -0.0546
vn -0.9656 0.0628 0.2525
vn -0.9703 0.1453 0.1936
vn -0.8985 0.4114 -0.1531
vn -0.8951 0.4454 0.0212
vn -0.9260 0.3733 -0.0570
vn -0.9045 0.3916 -0.1690
vn -0.9453 0.3111 -0.0977
vn -0.9081 0.3784 -0.1795
vn 0.6434 0.1840 -0.7431
vn 0.5928 0.4757 -0.6499
vn 0.6669 0.4855 -0.5653
vn 0.7628 0.1703 -0.6238
vn 0.2494 0.4910 -0.8347
vn 0.4493 0.4777 -0.7549
vn 0.4777 0.1958 -0.8564
vn 0.3123 0.2389 -0.9195
vn 0.3944 0.7077 -0.5862
vn 0.2047 0.6857 -0.6985
vn -0.2259 0.5672 -0.7920
vn -0.0542 0.5235 -0.8503
vn -0.0223 0.2526 -0.9673
vn -0.2392 0.2205 -0.9456
vn -0.2048 0.7234 -0.6593
vn -0.0638 0.7200 -0.6910
vn 0.4716 0.7377 -0.4831
vn 0.5112 0.7425 -0.4329
vn 0.6064 0.7241 -0.3285
vn 0.7701 0.4809 -0.4192
vn 0.8655 0.1780 -0.4682
vn 0.8004 0.5848 0.1316
vn 0.8101 0.5606 0.1714
vn 0.8491 0.5275 -0.0294
vn 0.7834 0.6214 0.0092
vn 0.8239 0.5548 -0.1160
vn 0.8674 0.4740 -0.1515
vn 0.8601 0.4455 -0.2486
vn 0.8354 0.5069 -0.2126
vn 0.8333 0.4627 -0.3025
vn 0.7361 0.6210 -0.2693
vn 0.9114 0.2631 -0.3163
vn 0.8886 0.3746 -0.2647
vn 0.8906 0.4138 -0.1886
vn 0.8777 0.4597 0.1350
vn 0.9123 0.4085 -0.0295
vn 0.8111 0.5612 0.1650
vn 0.8089 0.5469 0.2161
vn 0.7746 0.4698 0.4234
vn -0.1803 -0.0058 -0.9836
vn -0.6389 0.1085 -0.7616
vn -0.5953 0.2830 -0.7520
vn -0.2021 0.0948 -0.9748
vn 0.6662 -0.4224 -0.6146
vn 0.9160 -0.4001 0.0277
vn 0.9229 -0.3810 -0.0556
vn 0.8496 -0.3008 -0.4332
vn 0.9197 -0.3502 -0.1775
vn 0.8780 -0.2417 -0.4131
vn 0.8726 -0.4884 -0.0093
vn 0.9465 -0.3163 -0.0644
vn 0.9432 -0.3320 -0.0164
vn 0.7601 -0.6474 -0.0566
vn 0.9138 -0.3757 -0.1543
vn 0.9712 -0.1373 -0.1945
vn 0.5030 -0.3937 -0.7694
vn 0.4447 -0.2803 -0.8507
vn 0.5324 -0.1508 -0.8329
vn 0.6338 -0.2249 -0.7400
vn 0.6266 -0.6385 -0.4469
vn 0.5295 -0.4754 -0.7025
vn 0.6678 -0.2969 -0.6826
vn 0.7751 -0.4727 -0.4192
vn 0.7899 -0.0531 -0.6109
vn 0.9026 -0.1567 -0.4009
vn 0.7507 -0.0300 -0.6600
vn 0.6193 -0.0299 -0.7846
vn 0.3719 -0.2132 -0.9035
vn 0.4415 -0.1022 -0.8914
vn 0.5075 -0.0153 -0.8615
vn -0.5652 0.3697 -0.7375
vn -0.1988 0.1713 -0.9649
vn 0.1477 0.0707 -0.9865
vn 0.3961 0.0456 -0.9171
vn 0.3131 -0.0568 -0.9480
vn 0.1086 -0.0263 -0.9937
vn 0.2215 -0.1787 -0.9586
vn 0.0613 -0.1285 -0.9898
vn 0.8500 -0.1438 -0.5067
vn 0.6427 -0.2942 -0.7074
vn 0.4836 -0.3705 -0.7930
vn 0.9603 -0.1525 -0.2337
vn 0.8628 -0.4817 -0.1538
vn 0.6943 -0.7115 -0.1080
vn 0.5417 0.8336 0.1077
vn 0.6759 0.7036 0.2192
vn 0.7502 0.5509 -0.3658
vn 0.5928 0.6418 -0.4865
vn 0.6390 0.5804 -0.5048
vn 0.7594 0.5126 -0.4008
vn 0.7670 0.5255 -0.3682
vn 0.6888 0.5746 -0.4420
vn 0.8397 0.4449 -0.3113
vn 0.8086 0.4926 -0.3217
vn 0.8426 0.4559 0.2868
vn 0.8927 0.3958 -0.2154
vn 0.0389 0.3151 0.9483
vn 0.0876 0.3296 0.9400
vn 0.1338 0.3426 0.9299
vn 0.8285 0.3563 -0.4321
vn 0.7441 0.3994 -0.5356
vn 0.6577 0.6166 -0.4326
vn 0.7817 0.5025 -0.3693
vn 0.8422 0.2639 -0.4701
vn 0.7615 0.2349 -0.6041
vn 0.8822 0.3636 -0.2992
vn 0.8893 0.3122 -0.3341
vn 0.7906 0.5487 -0.2719
vn 0.8871 0.4421 -0.1326
vn 0.8831 0.4652 0.0610
vn 0.8633 0.5021 0.0511
vn 0.7903 0.6123 0.0202
vn 0.5971 0.6692 -0.4423
vn 0.8769 0.4767 -0.0614
vn 0.8464 0.5195 0.1174
vn 0.8766 0.4740 0.0825
vn 0.9002 0.4228 -0.1044
vn 0.8590 0.4507 -0.2427
vn 0.4326 0.8796 0.1978
vn 0.6214 0.6952 -0.3613
vn 0.4442 0.8920 -0.0844
vn 0.3548 0.8956 0.2684
vn 0.8273 0.4500 -0.3364
vn 0.6851 0.7221 -0.0960
vn -0.1612 0.5141 -0.8425
vn -0.3464 0.5290 -0.7747
vn -0.3542 0.5619 -0.7476
vn -0.0820 0.6012 -0.7949
vn -0.1021 0.7334 -0.6721
vn -0.3662 0.6169 -0.6966
vn 0.4067 0.7539 -0.5161
vn 0.5136 0.5006 -0.6968
vn 0.5206 0.3171 -0.7927
vn 0.9142 0.3774 -0.1475
vn 0.8983 0.4360 0.0544
vn 0.7118 0.0644 -0.6994
vn 0.6625 0.2783 -0.6955
vn 0.8146 0.2666 -0.5151
vn 0.8236 0.0516 -0.5647
vn 0.0325 0.5158 -0.8561
vn 0.4111 0.3979 -0.8202
vn 0.4286 0.2675 -0.8630
vn 0.0456 0.4366 -0.8985
vn 0.3174 0.5780 -0.7518
vn -0.0042 0.6066 -0.7950
vn -0.5059 0.5306 -0.6801
vn -0.3017 0.5463 -0.7814
vn -0.2483 0.4882 -0.8367
vn -0.4495 0.4772 -0.7551
vn -0.5383 0.5608 -0.6291
vn -0.3226 0.5927 -0.7380
vn 0.5775 0.5189 -0.6303
vn 0.7533 0.5052 -0.4211
vn 0.8156 0.5356 -0.2190
vn 0.8765 0.3505 -0.3299
vn 0.9044 0.2075 -0.3727
vn 0.5015 0.7170 0.4841
vn 0.7121 0.6174 0.3343
vn 0.8614 0.4919 -0.1268
vn 0.7424 0.6368 -0.2080
vn 0.8285 0.5217 -0.2036
vn 0.8680 0.4870 -0.0967
vn 0.8589 0.5044 -0.0888
vn 0.8344 0.5448 -0.0831
vn 0.8768 0.4415 -0.1905
vn 0.8174 0.5578 -0.1441
vn 0.9130 0.3497 -0.2099
vn 0.8773 0.4707 -0.0940
vn 0.8740 0.4823 -0.0594
vn 0.8240 0.3540 0.4424
vn 0.9246 0.3805 -0.0173
vn 0.2876 0.5596 0.7772
vn 0.3176 0.5006 0.8053
vn 0.3744 0.3703 0.8501
vn 0.6889 0.1213 -0.7146
vn 0.6247 0.3284 -0.7085
vn 0.7623 0.2897 -0.5788
vn 0.7963 0.0676 -0.6011
vn 0.0735 0.5670 -0.8204
vn 0.3930 0.4201 -0.8180
vn 0.4254 0.3190 -0.8469
vn 0.1277 0.5065 -0.8527
vn 0.2584 0.6180 -0.7425
vn 0.0013 0.6468 -0.7627
vn -0.3135 0.6249 -0.7149
vn -0.2099 0.6069 -0.7666
vn -0.1506 0.5445 -0.8251
vn -0.4146 0.4688 -0.7799
vn -0.2553 0.6976 -0.6695
vn -0.2169 0.6822 -0.6982
vn 0.4855 0.5970 -0.6386
vn 0.6922 0.5207 -0.4997
vn 0.7934 0.3260 -0.5140
vn 0.7541 0.5194 -0.4019
vn 0.7372 0.5994 -0.3119
vn 0.8447 0.3545 -0.4010
vn 0.8923 0.1348 -0.4307
vn 0.8089 0.1598 -0.5658
vn 0.8001 0.5517 0.2355
vn 0.8377 0.4671 0.2829
vn 0.8767 0.4014 0.2652
vn 0.8193 0.5415 0.1887
vn 0.7517 0.6426 -0.1484
vn 0.8930 0.4501 -0.0060
vn 0.8914 0.4366 -0.1215
vn 0.6958 0.6947 -0.1827
vn 0.8961 0.3667 -0.2503
vn 0.7033 0.6760 -0.2200
vn 0.9681 0.0868 -0.2350
vn 0.9878 0.1482 -0.0485
vn 0.9620 0.2436 0.1234
vn 0.8830 0.2994 0.3615
vn 0.8982 0.2836 0.3359
vn 0.8940 0.4209 0.1538
vn 0.9237 0.2708 0.2710
vn 0.8287 0.5589 0.0300
vn 0.4078 0.8492 -0.3354
vn 0.1890 0.8288 -0.5267
vn -0.0825 0.9617 -0.2614
vn -0.0014 0.9876 -0.1572
vn 0.6098 0.6863 -0.3965
vn 0.3171 0.6526 -0.6881
vn 0.5548 0.8095 -0.1923
vn 0.7416 0.6419 -0.1950
vn 0.6124 0.7906 -0.0005
vn 0.8067 0.5906 0.0193
vn 0.5849 0.8071 0.0800
vn 0.7867 0.6021 0.1367
vn 0.6993 0.7140 0.0354
vn 0.4304 0.8944 -0.1219
vn 0.1331 0.9840 0.1186
vn 0.3537 0.8525 0.3849
vn -0.0189 0.8983 -0.4389
vn -0.0635 0.9555 -0.2882
vn 0.0730 0.9914 -0.1083
vn 0.1676 0.9854 -0.0286
vn 0.0989 0.9824 -0.1584
vn -0.0373 0.9931 0.1108
vn -0.0996 0.9811 -0.1660
vn 0.0994 0.7574 0.6454
vn -0.2110 0.5756 -0.7901
vn -0.3145 0.5560 -0.7694
vn -0.3052 0.6387 -0.7063
vn -0.2032 0.6691 -0.7149
vn -0.2198 0.7999 -0.5584
vn -0.2883 0.7349 -0.6139
vn 0.0294 0.6145 -0.7884
vn -0.0052 0.7488 -0.6627
vn -0.1453 0.8883 -0.4356
vn 0.1248 0.8297 -0.5440
vn -0.1184 0.7418 -0.6601
vn -0.2895 0.8608 -0.4187
vn -0.2780 0.9189 -0.2801
vn 0.2988 0.6687 -0.6808
vn -0.0735 0.6731 -0.7359
vn 0.5056 0.8121 -0.2914
vn 0.7532 0.5915 -0.2877
vn 0.5827 0.8126 0.0135
vn 0.8325 0.5470 0.0886
vn 0.4467 0.8878 0.1106
vn 0.7020 0.6624 0.2615
vn 0.5240 0.8046 0.2794
vn 0.2367 0.9584 0.1594
vn 0.0603 0.9858 0.1565
vn 0.2220 0.8145 0.5360
vn -0.0810 0.9581 -0.2748
vn -0.0986 0.9517 -0.2907
vn -0.0519 0.9690 -0.2415
vn -0.1604 0.9758 -0.1487
vn -0.2250 0.9610 -0.1611
vn -0.0101 0.9993 -0.0359
vn -0.0869 0.9454 -0.3142
vn 0.1743 0.7559 0.6311
vn -0.1789 0.6856 -0.7056
vn -0.2080 0.7372 -0.6428
vn -0.2557 0.8150 -0.5201
vn 0.2678 0.7142 -0.6467
vn -0.0451 0.6900 -0.7224
vn -0.0451 0.7341 -0.6776
vn 0.1129 0.7982 -0.5918
vn 0.3084 0.6596 -0.6854
vn -0.0479 0.6672 -0.7434
vn 0.6048 0.7083 -0.3639
vn 0.7502 0.5687 -0.3374
vn 0.7291 0.6843 -0.0131
vn 0.8560 0.5161 0.0305
vn 0.6368 0.7447 0.1997
vn 0.7890 0.5586 0.2559
vn 0.6488 0.6452 0.4034
vn 0.4553 0.8030 0.3846
vn 0.2229 0.8327 0.5069
vn 0.3477 0.6956 0.6287
vn 0.1791 0.9598 0.2161
vn 0.0862 0.9525 0.2921
vn 0.2731 0.9618 -0.0158
vn 0.3212 0.9428 -0.0896
vn 0.2663 0.8915 -0.3664
vn 0.0992 0.9064 0.4105
vn 0.0465 0.9626 0.2670
vn 0.2002 0.7117 0.6733
vn -0.2617 0.6304 -0.7308
vn -0.2680 0.6413 -0.7189
vn -0.2796 0.6613 -0.6961
vn 0.5202 0.7484 -0.4114
vn 0.2696 0.8217 -0.5021
vn -0.0131 0.9729 -0.2308
vn 0.1142 0.9793 -0.1670
vn 0.6403 0.5986 -0.4813
vn 0.3641 0.6755 -0.6412
vn 0.6756 0.6845 -0.2738
vn 0.8182 0.5111 -0.2635
vn 0.3702 0.9256 0.0781
vn 0.6943 0.6247 0.3574
vn 0.8356 0.4874 0.2535
vn 0.5538 0.8148 0.1714
vn 0.1145 0.9920 -0.0540
vn 0.0751 0.9875 -0.1383
vn 0.2094 0.9712 -0.1140
vn 0.1559 0.9878 0.0015
vn 0.6669 0.7388 0.0965
vn 0.7154 0.6957 -0.0640
vn 0.1605 0.9626 -0.2182
vn -0.0578 0.9400 0.3363
vn 0.1528 0.9643 0.2165
vn -0.0599 0.9733 0.2217
vn -0.0900 0.9462 0.3110
vn 0.4924 0.8023 0.3373
vn 0.1928 0.8373 0.5116
vn -0.3800 0.5673 -0.7306
vn -0.5748 0.4668 -0.6721
vn -0.5931 0.5038 -0.6280
vn -0.3696 0.6383 -0.6753
vn -0.3211 0.7373 -0.5944
vn -0.6200 0.5646 -0.5448
vn -0.1022 0.9080 -0.4063
vn 0.0010 0.7862 -0.6179
vn -0.1063 0.7456 -0.6578
vn -0.0938 0.8572 -0.5064
vn 0.0393 0.6950 -0.7180
vn -0.1142 0.6700 -0.7335
vn 0.8946 0.4456 -0.0326
vn 0.8888 0.4388 0.1320
vn -0.6383 -0.1485 -0.7553
vn -0.6755 -0.0757 -0.7334
vn -0.6889 0.2945 -0.6624
vn -0.6669 0.1608 -0.7276
vn -0.1908 0.2472 -0.9500
vn -0.2973 -0.0105 -0.9547
vn -0.4867 -0.1430 -0.8618
vn -0.4719 0.1147 -0.8742
vn -0.3722 0.5856 -0.7201
vn -0.0664 0.5524 -0.8310
vn 0.2866 0.4369 -0.8526
vn 0.2968 0.3584 -0.8851
vn 0.0076 0.2360 -0.9717
vn 0.1057 0.3791 -0.9193
vn 0.2794 0.4832 -0.8297
vn 0.1760 0.5149 -0.8390
vn -0.5412 0.6931 -0.4761
vn -0.4984 0.7902 -0.3567
vn -0.6804 0.4410 -0.5853
vn -0.4597 0.8342 -0.3045
vn -0.7360 0.0464 -0.6754
vn -0.6946 0.6627 0.2801
vn -0.6934 0.7020 0.1626
vn -0.8009 0.5820 0.1407
vn -0.7342 0.6142 0.2895
vn -0.7282 0.6852 -0.0144
vn -0.7052 0.6699 -0.2323
vn -0.8853 0.3761 -0.2735
vn -0.8764 0.4751 -0.0790
vn -0.5773 0.7588 -0.3015
vn -0.7900 0.4252 -0.4416
vn -0.8729 0.0833 -0.4808
vn -0.9547 0.0665 -0.2900
vn -0.9829 0.1414 -0.1181
vn -0.9283 0.3488 0.1289
vn -0.8035 0.4906 0.3373
vn -0.6965 0.6522 0.2990
vn -0.7082 0.6343 0.3100
vn -0.7527 0.5549 0.3541
vn -0.6860 0.0217 -0.7272
vn -0.7207 0.1975 -0.6645
vn -0.7293 0.3073 -0.6114
vn -0.7071 0.2387 -0.6656
vn -0.1738 0.2644 -0.9486
vn -0.2582 0.0662 -0.9638
vn -0.3668 -0.0563 -0.9286
vn -0.3144 0.1736 -0.9333
vn -0.2791 0.3591 -0.8906
vn -0.1219 0.4111 -0.9034
vn 0.0837 0.3664 -0.9267
vn 0.0468 0.2012 -0.9784
vn -0.0656 0.1846 -0.9806
vn -0.0073 0.3539 -0.9353
vn 0.1146 0.5050 -0.8555
vn 0.0300 0.4724 -0.8809
vn -0.6933 0.4177 -0.5872
vn -0.7219 0.4292 -0.5428
vn -0.7527 0.3585 -0.5521
vn -0.7476 0.3756 -0.5477
vn -0.7951 0.3489 -0.4961
vn -0.6872 0.6518 0.3206
vn -0.6972 0.6888 0.1987
vn -0.8832 0.3868 0.2652
vn -0.7574 0.5844 0.2910
vn -0.8120 0.5793 0.0707
vn -0.8785 0.4235 -0.2212
vn -0.9474 0.2273 -0.2252
vn -0.9672 0.2497 0.0466
vn -0.8494 0.3596 -0.3862
vn -0.8808 0.2948 -0.3706
vn -0.9173 0.2052 -0.3412
vn -0.9776 0.0651 -0.2003
vn -0.9987 -0.0249 0.0455
vn -0.9550 0.0178 0.2959
vn -0.8908 0.2970 0.3438
vn -0.5183 0.3476 -0.7814
vn -0.5145 0.1330 -0.8471
vn -0.4921 -0.0824 -0.8666
vn -0.6861 0.6304 0.3632
vn -0.6960 0.6181 0.3655
vn -0.7401 0.5581 0.3752
vn -0.6921 0.2058 -0.6918
vn -0.8263 0.1808 -0.5334
vn -0.7906 0.3518 -0.5012
vn -0.6357 0.4256 -0.6440
vn 0.2078 0.6006 -0.7721
vn 0.2186 0.4852 -0.8466
vn 0.1293 0.3880 -0.9125
vn 0.1558 0.5389 -0.8278
vn 0.1867 0.6932 -0.6961
vn 0.2011 0.6764 -0.7085
vn 0.1500 0.6336 -0.7590
vn 0.1344 0.5629 -0.8155
vn 0.1585 0.6723 -0.7231
vn -0.5941 0.6397 -0.4877
vn -0.7094 0.5153 -0.4809
vn -0.7708 0.3067 -0.5584
vn -0.7157 0.4749 -0.5122
vn -0.7983 0.1406 -0.5856
vn -0.0105 0.7252 0.6884
vn -0.3289 0.7603 0.5602
vn -0.5690 0.5548 0.6070
vn -0.1187 0.6753 0.7280
vn -0.7335 0.6679 -0.1264
vn -0.6879 0.7252 0.0303
vn -0.8770 0.4573 0.1476
vn -0.8920 0.4203 0.1666
vn -0.7494 0.6620 0.0108
vn -0.7673 0.5495 -0.3306
vn -0.8902 0.2804 -0.3590
vn -0.9200 0.3875 0.0592
vn -0.9373 0.0709 -0.3411
vn -0.9896 0.0890 0.1126
vn -0.9618 0.1510 0.2285
vn -0.9421 0.1924 0.2745
vn -0.4791 0.3596 0.8007
vn -0.4494 0.4441 0.7752
vn -0.1014 0.7390 -0.6660
vn -0.2026 0.4961 -0.8443
vn -0.2304 0.2972 -0.9266
vn -0.7653 0.2878 0.5757
vn -0.7845 0.5050 0.3599
vn -0.7653 0.6421 0.0457
vn -0.7206 0.2949 -0.6275
vn -0.7834 0.2671 -0.5612
vn -0.7268 0.4575 -0.5124
vn -0.6177 0.5526 -0.5595
vn 0.2423 0.6168 -0.7489
vn 0.2264 0.4444 -0.8668
vn 0.0621 0.3420 -0.9376
vn 0.0979 0.5844 -0.8055
vn 0.1235 0.7747 -0.6201
vn 0.2223 0.7399 -0.6349
vn 0.2586 0.6717 -0.6942
vn 0.3448 0.5085 -0.7890
vn 0.2214 0.7283 -0.6486
vn -0.4906 0.7537 -0.4374
vn -0.6203 0.6159 -0.4856
vn -0.6890 0.3814 -0.6163
vn -0.6332 0.5432 -0.5513
vn -0.7123 0.2329 -0.6621
vn -0.8236 0.5106 0.2470
vn -0.8122 0.5485 0.1987
vn -0.7905 0.4897 0.3678
vn -0.8035 0.4676 0.3683
vn -0.7234 0.6855 0.0828
vn -0.6631 0.7448 0.0749
vn -0.8122 0.5532 0.1853
vn -0.7822 0.5685 0.2548
vn -0.6838 0.7282 -0.0470
vn -0.8437 0.5368 -0.0011
vn -0.6955 0.6760 -0.2434
vn -0.6740 0.5868 -0.4488
vn -0.7321 0.4177 -0.5381
vn -0.8385 0.4679 -0.2792
vn -0.7742 0.2066 -0.5982
vn -0.9346 0.2538 -0.2493
vn -0.9506 0.3041 0.0623
vn -0.8960 0.3705 0.2448
vn -0.8240 0.4334 0.3651
vn -0.7940 0.4314 0.4283
vn -0.7347 0.3724 0.5670
vn -0.1662 0.8218 -0.5451
vn -0.2885 0.5667 -0.7718
vn -0.3194 0.3178 -0.8927
vn -0.7665 0.4403 -0.4676
vn -0.7199 0.6248 -0.3023
vn -0.6607 0.6150 -0.4305
vn -0.7348 0.4482 -0.5091
vn -0.7554 0.3052 -0.5798
vn -0.7582 0.3599 -0.5437
vn -0.7806 0.3821 -0.4947
vn -0.7694 0.4830 -0.4181
vn -0.7687 0.6338 -0.0857
vn -0.7962 0.6017 0.0630
vn -0.8362 0.4671 0.2874
vn -0.8665 0.4650 0.1814
vn -0.6268 0.7129 -0.3145
vn -0.6061 0.7665 -0.2126
vn -0.6111 0.7698 -0.1843
vn -0.8132 0.5651 -0.1388
vn -0.8000 0.5929 0.0921
vn -0.6025 0.7828 -0.1557
vn -0.6881 0.7094 -0.1525
vn -0.4436 0.8920 0.0866
vn -0.4061 0.9132 0.0335
vn -0.4733 0.8807 -0.0162
vn -0.6409 0.7578 0.1225
vn -0.8047 0.5609 0.1947
vn -0.6181 0.6849 0.3858
vn 0.0992 0.6212 -0.7773
vn 0.0152 0.6753 -0.7373
vn 0.3027 0.6140 -0.7290
vn 0.2993 0.5914 -0.7488
vn 0.0606 0.7574 -0.6501
vn 0.3088 0.6577 -0.6870
vn -0.4536 0.7357 -0.5031
vn -0.5442 0.6020 -0.5844
vn -0.5070 0.5426 -0.6697
vn -0.8713 0.4557 -0.1823
vn -0.8715 0.4728 0.1303
vn -0.3993 0.7089 -0.5814
vn 0.1241 0.8799 -0.4586
vn 0.0063 0.8098 -0.5867
vn -0.1676 0.6761 -0.7175
vn -0.5882 0.5217 -0.6179
vn -0.1769 0.6175 -0.7664
vn -0.8314 0.4387 -0.3409
vn -0.4613 0.8161 -0.3482
vn -0.8124 0.5819 -0.0379
vn -0.4815 0.8694 -0.1112
vn -0.6821 0.7284 0.0652
vn -0.3852 0.9209 -0.0596
vn -0.6636 0.7431 -0.0864
vn -0.6004 0.7552 -0.2631
vn -0.5275 0.8332 -0.1658
vn -0.4610 0.8842 -0.0750
vn -0.4631 0.8811 -0.0956
vn -0.2876 0.9541 -0.0837
vn -0.0824 0.9857 -0.1468
vn 0.1174 0.9713 -0.2069
vn 0.2482 0.9144 -0.3200
vn -0.1324 0.9898 -0.0535
vn -0.3445 0.9348 -0.0871
vn -0.6741 0.7301 -0.1114
vn -0.3294 0.8463 -0.4186
vn -0.2811 0.9199 -0.2736
vn -0.3863 0.8803 -0.2755
vn -0.4003 0.8346 -0.3785
vn -0.4194 0.7367 -0.5304
vn -0.3751 0.7512 -0.5432
vn 0.0325 0.6440 -0.7644
vn 0.0482 0.6227 -0.7810
vn -0.0192 0.7092 -0.7047
vn -0.3857 0.7720 -0.5052
vn -0.3354 0.8546 -0.3964
vn -0.2523 0.9403 -0.2286
vn -0.3379 0.7102 -0.6176
vn 0.1111 0.8563 -0.5044
vn 0.1817 0.7759 -0.6042
vn -0.0302 0.6573 -0.7530
vn -0.5501 0.5417 -0.6356
vn -0.0812 0.5876 -0.8051
vn -0.8283 0.4890 -0.2735
vn -0.6123 0.7123 -0.3431
vn -0.8589 0.5101 -0.0451
vn -0.6593 0.7428 -0.1168
vn -0.8005 0.5687 0.1892
vn -0.6035 0.7901 0.1073
vn -0.7078 0.6421 0.2944
vn -0.5073 0.8191 0.2677
vn -0.2304 0.9643 0.1301
vn -0.5105 0.8545 0.0956
vn 0.0208 0.9944 -0.1033
vn -0.0561 0.9684 -0.2429
vn -0.0877 0.9799 -0.1791
vn -0.1037 0.9637 -0.2461
vn -0.0426 0.9314 -0.3616
vn 0.0052 0.9996 0.0280
vn 0.0347 0.9971 -0.0679
vn -0.1164 0.9009 0.4182
vn 0.0707 0.6422 -0.7633
vn 0.0518 0.6064 -0.7934
vn 0.1497 0.7767 -0.6118
vn -0.7017 0.3065 -0.6432
vn -0.7771 0.2583 -0.5739
vn -0.7067 0.4828 -0.5171
vn -0.6168 0.5687 -0.5442
vn 0.3116 0.6592 -0.6844
vn 0.3150 0.5566 -0.7688
vn 0.1235 0.5121 -0.8500
vn 0.1495 0.6699 -0.7273
vn 0.1574 0.7845 -0.5999
vn 0.2732 0.7429 -0.6111
vn 0.3154 0.6996 -0.6411
vn 0.4641 0.5278 -0.7113
vn 0.2615 0.7484 -0.6095
vn -0.4518 0.7873 -0.4196
vn -0.5946 0.6800 -0.4291
vn -0.7122 0.4740 -0.5177
vn -0.6452 0.6498 -0.4017
vn -0.7658 0.3325 -0.5505
vn -0.6166 0.5441 0.5690
vn -0.6418 0.6456 0.4138
vn -0.7101 0.5320 0.4612
vn -0.6299 0.4745 0.6149
vn -0.6345 0.7624 0.1273
vn -0.6428 0.7659 0.0166
vn -0.8690 0.4872 -0.0867
vn -0.8076 0.5301 0.2585
vn -0.6621 0.7032 -0.2592
vn -0.7794 0.5444 -0.3100
vn -0.8652 0.3274 -0.3798
vn -0.9531 0.2899 -0.0870
vn -0.8955 0.2717 0.3525
vn -0.7555 0.2996 0.5826
vn -0.6418 0.3566 0.6788
vn -0.1685 0.8519 -0.4958
vn -0.2281 0.6538 -0.7215
vn -0.2606 0.4262 -0.8663
vn 0.4745 0.2620 -0.8403
vn 0.1302 0.3584 -0.9244
vn 0.1162 0.3857 -0.9153
vn 0.3896 0.3025 -0.8699
vn -0.5156 0.4782 -0.7110
vn -0.9874 0.1349 -0.0823
vn -0.9922 0.0225 -0.1227
vn -0.4033 0.5063 -0.7622
vn 0.2352 0.3650 -0.9008
vn 0.0627 0.4212 -0.9048
vn -0.1481 0.4446 -0.8834
vn -0.1230 0.4192 -0.8995
vn -0.3391 0.3897 -0.8563
vn -0.3546 0.4111 -0.8398
vn -0.4983 0.3082 -0.8104
vn -0.4989 0.3624 -0.7873
vn -0.5579 0.2614 -0.7877
vn -0.5653 0.3457 -0.7490
vn -0.6775 0.2208 -0.7016
vn -0.6772 0.3127 -0.6661
vn -0.8088 0.2615 -0.5267
vn -0.8300 0.1649 -0.5329
vn -0.9035 0.1172 -0.4123
vn -0.8758 0.2634 -0.4045
vn -0.9338 0.2740 -0.2302
vn -0.9508 0.1305 -0.2808
vn -0.9926 0.1060 -0.0589
vn -0.9689 0.2466 -0.0224
vn -0.9759 0.2144 0.0416
vn -0.9902 -0.0633 -0.1242
vn -0.9474 -0.0769 -0.3108
vn -0.9186 -0.0186 -0.3947
vn -0.8438 0.0821 -0.5304
vn -0.6614 0.1524 -0.7344
vn -0.5470 0.1847 -0.8165
vn -0.5065 0.2582 -0.8227
vn -0.3449 0.3648 -0.8649
vn -0.1167 0.4000 -0.9091
vn -0.7991 0.3959 -0.4525
vn -0.0389 0.5212 -0.8526
vn -0.0131 0.5329 -0.8461
vn -0.1197 0.4813 -0.8683
vn -0.1348 -0.1480 -0.9797
vn -0.0662 -0.5592 -0.8264
vn -0.0401 -0.6736 -0.7380
vn 0.6536 0.3107 -0.6901
vn 0.3375 0.2960 -0.8936
vn 0.3086 0.3508 -0.8841
vn 0.6024 0.3165 -0.7328
vn 0.0201 0.2202 -0.9753
vn -0.0587 0.3803 -0.9230
vn -0.1921 0.1141 -0.9747
vn -0.3985 0.0764 -0.9140
vn -0.4493 0.2819 -0.8477
vn -0.2473 0.3381 -0.9080
vn -0.4653 0.1059 -0.8788
vn -0.5471 0.0544 -0.8353
vn -0.5727 0.1868 -0.7982
vn -0.5250 0.2750 -0.8055
vn -0.6742 -0.0514 -0.7367
vn -0.6803 0.0529 -0.7310
vn -0.8577 -0.2702 -0.4375
vn -0.8976 -0.3727 -0.2353
vn -0.9310 -0.2168 -0.2936
vn -0.9002 -0.2146 -0.3790
vn -0.8554 -0.2632 -0.4460
vn -0.6945 0.1719 -0.6986
vn -0.7688 0.3380 -0.5429
vn -0.9358 -0.0545 -0.3484
vn -0.9564 -0.0627 -0.2853
vn -0.9244 -0.1089 -0.3655
vn -0.6842 0.0975 -0.7228
vn -0.5738 0.3287 -0.7501
vn -0.5529 0.3837 -0.7396
vn -0.4837 0.4340 -0.7601
vn -0.2835 0.5276 -0.8008
vn -0.1299 0.5142 -0.8478
vn 0.2145 0.4181 -0.8827
vn 0.5433 0.3212 -0.7757
vn -0.9222 0.3268 -0.2067
vn -0.9718 0.0436 -0.2317
vn 0.4214 0.4632 -0.7796
vn 0.2963 0.4239 -0.8559
vn -0.3764 0.6434 -0.6666
vn -0.1218 0.5309 -0.8386
vn -0.1288 0.5340 -0.8356
vn 0.4772 0.4964 -0.7252
vn -0.8180 -0.0726 -0.5706
vn -0.7857 -0.1176 -0.6073
vn -0.7663 -0.1353 -0.6280
vn 0.6331 0.4606 -0.6221
vn 0.6029 0.4476 -0.6605
vn 0.5102 0.4052 -0.7586
vn -0.5561 0.4321 -0.7099
vn -0.5598 0.1832 -0.8081
vn -0.5938 0.1708 -0.7863
vn -0.5532 0.4151 -0.7223
vn -0.1252 0.3928 -0.9110
vn -0.3999 0.2989 -0.8665
vn -0.4589 0.4649 -0.7571
vn -0.2162 0.5370 -0.8154
vn -0.3225 0.0820 -0.9430
vn -0.0399 0.2275 -0.9730
vn 0.4554 0.4960 -0.7393
vn 0.3141 0.5026 -0.8054
vn 0.2215 0.6185 -0.7539
vn 0.4797 0.6383 -0.6020
vn 0.4346 0.4105 -0.8016
vn 0.3258 0.3693 -0.8703
vn -0.5007 -0.0419 -0.8646
vn -0.5893 -0.1175 -0.7993
vn -0.6466 -0.1652 -0.7447
vn -0.6467 0.1178 -0.7536
vn -0.6167 0.3991 -0.6785
vn -0.9847 0.0052 -0.1739
vn -0.9193 0.2382 -0.3133
vn -0.8048 0.1346 -0.5781
vn -0.8208 -0.1102 -0.5604
vn -0.7159 0.1122 -0.6891
vn -0.7205 -0.1617 -0.6743
vn -0.6311 0.4164 -0.6545
vn -0.6289 0.4616 -0.6256
vn -0.6459 0.5678 -0.5103
vn -0.8993 0.3063 -0.3122
vn -0.5629 0.4966 -0.6607
vn -0.9918 0.0934 -0.0876
vn -0.9851 0.1228 -0.1205
vn -0.7555 0.2883 -0.5884
vn -0.4914 0.3499 -0.7975
vn 0.8891 0.4179 0.1865
vn 0.9041 0.3126 0.2911
vn 0.8624 0.3714 0.3440
vn 0.9064 0.3872 0.1687
vn 0.9110 0.4071 0.0657
vn 0.8183 0.5746 0.0141
vn 0.8486 0.5235 0.0761
vn 0.9268 0.3576 0.1145
vn 0.9684 0.2332 0.0881
vn 0.8964 0.4218 0.1361
vn 0.9934 0.0861 0.0755
vn 0.9904 0.1012 0.0939
vn 0.8946 0.2418 0.3757
vn 0.8324 0.2747 0.4813
vn 0.7451 0.2049 0.6347
vn 0.8333 0.5509 -0.0461
vn 0.8698 0.4933 0.0123
vn 0.9326 0.3399 0.1217
vn 0.9568 0.2087 0.2026
vn 0.9518 0.1531 0.2657
vn 0.8882 0.3905 0.2420
vn 0.9257 0.3352 0.1750
vn 0.9541 0.2402 0.1788
vn 0.9252 0.2766 0.2598
vn 0.8634 0.4526 0.2228
vn 0.8792 0.4664 0.0977
vn 0.8941 0.4294 0.1271
vn 0.8702 0.4467 0.2077
vn 0.9691 0.1862 0.1620
vn 0.9700 0.1924 0.1487
vn 0.8380 0.5447 0.0327
vn 0.8541 0.5144 -0.0771
vn 0.8281 0.5432 -0.1384
vn 0.7914 0.6102 -0.0370
vn 0.8388 0.5352 0.0994
vn 0.7044 0.7025 0.1010
vn 0.8556 0.5048 0.1144
vn 0.6931 0.7181 0.0622
vn 0.8916 0.4197 0.1701
vn 0.6600 0.7363 0.1489
vn 0.5459 0.4434 -0.7109
vn 0.5418 0.5103 -0.6678
vn 0.8695 0.2972 -0.3945
vn 0.8946 0.2491 -0.3711
vn 0.5316 0.5907 -0.6070
vn 0.8772 0.2985 -0.3761
vn 0.3932 0.3383 -0.8550
vn 0.3822 0.4027 -0.8317
vn 0.5836 0.3573 -0.7292
vn 0.5848 0.2992 -0.7540
vn 0.6945 0.3614 -0.6222
vn 0.6750 0.2990 -0.6745
vn 0.7182 0.3992 -0.5700
vn 0.7305 0.4511 -0.5127
vn 0.7675 0.5174 -0.3785
vn 0.7718 0.4718 -0.4263
vn 0.8645 0.4808 -0.1466
vn 0.9235 0.3513 -0.1542
vn 0.9919 0.1265 0.0110
vn 0.9227 0.3834 0.0393
vn 0.9027 0.3445 0.2579
vn 0.9971 -0.0427 0.0626
vn 0.9767 0.2078 0.0540
vn 0.8479 0.3918 0.3571
vn 0.8755 0.4551 0.1626
vn 0.9505 0.2842 0.1258
vn 0.9923 -0.1161 0.0437
vn 0.9776 0.1566 0.1404
vn 0.9955 -0.0620 0.0718
vn 0.9857 -0.1611 -0.0494
vn 0.7048 0.4673 0.5336
vn 0.7961 0.5597 0.2302
vn 0.7871 0.6139 0.0607
vn 0.7544 0.5544 0.3515
vn 0.7743 0.6191 -0.1309
vn 0.7507 0.5683 -0.3369
vn 0.7440 0.5014 -0.4417
vn 0.7189 0.4343 -0.5427
vn 0.5894 0.4164 -0.6923
vn 0.3673 0.4651 -0.8055
vn 0.8942 0.4078 0.1850
vn 0.9867 0.0793 0.1419
vn 0.0257 0.3472 -0.9374
vn 0.0675 0.4091 -0.9100
vn 0.1268 0.4786 -0.8688
vn -0.1837 0.3248 -0.9278
vn -0.0709 0.3789 -0.9227
vn 0.0164 0.4164 -0.9090
vn 0.9886 0.1469 -0.0322
vn 0.9871 0.1486 -0.0595
vn 0.9981 0.0586 0.0183
vn 0.9964 0.0791 0.0293
vn 0.8436 0.4538 0.2870
vn 0.7976 0.5177 0.3096
vn 0.8471 0.4729 0.2424
vn 0.8989 0.3752 0.2265
vn 0.9889 0.1486 0.0044
vn 0.9942 0.0999 0.0405
vn 0.9251 0.3018 0.2305
vn 0.9445 0.2366 0.2277
vn 0.9480 0.3049 0.0910
vn 0.9262 0.3715 0.0640
vn 0.9698 0.1901 0.1525
vn 0.9958 0.0892 0.0193
vn 0.9983 -0.0579 -0.0072
vn 0.9996 -0.0205 0.0194
vn 0.9924 0.0885 0.0851
vn 0.9112 0.3531 0.2122
vn 0.9999 -0.0139 0.0002
vn 0.9896 -0.0975 -0.1055
vn 0.9491 0.3021 0.0894
vn 0.9775 0.2049 0.0500
vn 0.9845 0.1342 0.1125
vn 0.7552 0.5644 0.3333
vn 0.8497 0.5093 0.1364
vn 0.9791 0.1974 -0.0481
vn 0.9839 -0.1371 -0.1148
vn 0.9194 0.3931 0.0154
vn 0.9996 -0.0025 -0.0289
vn 0.9958 -0.0911 -0.0091
vn 0.9990 -0.0134 0.0418
vn 0.9987 0.0484 0.0172
vn 0.4898 0.8110 -0.3200
vn 0.4184 0.8147 -0.4016
vn 0.8997 0.2410 -0.3640
vn 0.8796 0.3848 -0.2796
vn 0.9886 0.1363 -0.0642
vn 0.9927 0.1200 -0.0115
vn 0.4692 0.8523 -0.2313
vn 0.8917 0.4049 -0.2022
vn 0.9856 0.0768 -0.1509
vn 0.9889 -0.0711 -0.1307
vn 0.9806 0.1672 -0.1024
vn 0.3547 0.9189 -0.1726
vn 0.3262 0.9148 -0.2384
vn 0.3484 0.9034 -0.2499
vn 0.3583 0.9155 -0.1831
vn 0.3019 0.9079 -0.2907
vn 0.3390 0.8852 -0.3185
vn 0.9585 0.2385 0.1561
vn 0.9615 0.2015 0.1868
vn 0.9495 0.2791 0.1432
vn 0.9466 0.2952 0.1294
vn 0.2082 0.9460 -0.2486
vn 0.2139 0.9602 -0.1795
vn 0.3006 0.9164 -0.2642
vn 0.3081 0.8767 -0.3695
vn 0.9697 0.1954 0.1464
vn 0.9430 0.3124 0.1144
vn 0.1921 0.8982 -0.3954
vn 0.3139 0.8372 -0.4479
vn 0.9766 0.1316 0.1700
vn 0.9739 0.1295 0.1864
vn 0.9760 0.1354 0.1704
vn 0.9451 0.3269 0.0036
vn 0.9463 0.3232 -0.0095
vn 0.9342 0.3565 -0.0151
vn 0.5793 0.7391 -0.3438
vn 0.5710 0.7679 -0.2903
vn 0.6218 0.7012 -0.3489
vn 0.8969 0.3838 0.2198
vn 0.8507 0.5250 0.0258
vn 0.9122 0.4084 -0.0335
vn 0.9462 0.2274 0.2303
vn 0.9204 0.3735 0.1153
vn 0.8865 0.4561 0.0778
vn 0.8881 0.4388 0.1365
vn 0.9293 0.3344 0.1570
vn 0.9424 0.1797 0.2821
vn 0.9526 0.3034 0.0223
vn 0.9001 0.4064 0.1567
vn 0.9158 0.3471 0.2022
vn 0.3743 0.8501 -0.3704
vn 0.3713 0.8706 -0.3227
vn 0.3063 0.8721 -0.3817
vn 0.3329 0.8730 -0.3566
vn 0.3704 0.8372 -0.4023
vn 0.3388 0.8740 -0.3483
vn 0.8262 0.5585 0.0732
vn 0.8369 0.5230 0.1612
vn 0.8531 0.4752 0.2155
vn 0.8086 0.5804 0.0965
vn 0.4022 0.8919 -0.2066
vn 0.2476 0.8717 -0.4228
vn 0.6254 0.6834 -0.3766
vn 0.6079 0.7259 -0.3216
vn 0.6156 0.7710 -0.1630
vn 0.6384 0.7689 -0.0356
vn 0.8048 0.5934 -0.0127
vn 0.9223 0.3865 0.0079
vn 0.9051 0.4229 -0.0433
vn 0.8034 0.5871 -0.0994
vn 0.7515 0.5778 0.3184
vn 0.8240 0.5151 0.2357
vn 0.8988 0.3682 0.2380
vn 0.7760 0.5367 0.3313
vn 0.6907 0.7214 -0.0502
vn 0.7042 0.6961 -0.1395
vn 0.6608 0.6345 0.4009
vn 0.6493 0.6527 0.3904
vn 0.8073 0.5282 0.2630
vn 0.9422 0.2368 0.2370
vn 0.9374 0.2936 0.1872
vn 0.7946 0.5908 0.1399
vn 0.6745 0.6975 0.2421
vn 0.6819 0.7247 0.0993
vn 0.7971 0.5985 0.0795
vn 0.6712 0.7393 0.0532
vn 0.9398 0.3234 0.1101
vn 0.6464 0.2129 -0.7327
vn 0.6132 0.3077 -0.7275
vn 0.6946 0.3100 -0.6492
vn 0.7165 0.2445 -0.6534
vn 0.3372 0.4025 -0.8511
vn 0.5084 0.3745 -0.7754
vn 0.5702 0.2603 -0.7792
vn 0.4033 0.2976 -0.8653
vn 0.4626 0.4776 -0.7470
vn 0.3366 0.5190 -0.7857
vn -0.1244 0.3982 -0.9088
vn 0.0440 0.3773 -0.9250
vn 0.0907 0.2283 -0.9694
vn -0.0615 0.1482 -0.9870
vn -0.1523 0.5116 -0.8456
vn 0.0707 0.5249 -0.8482
vn 0.5866 0.4173 -0.6941
vn 0.6844 0.4030 -0.6076
vn 0.7769 0.4608 -0.4291
vn 0.7843 0.3784 -0.4916
vn 0.7941 0.3245 -0.5139
vn 0.9097 0.4028 0.1013
vn 0.8910 0.4387 0.1165
vn 0.8694 0.4940 0.0061
vn 0.9021 0.4307 -0.0247
vn 0.7990 0.5732 -0.1819
vn 0.8022 0.5796 -0.1432
vn 0.7701 0.5580 -0.3090
vn 0.7193 0.6331 -0.2859
vn 0.7806 0.4732 -0.4083
vn 0.7426 0.5765 -0.3409
vn 0.7935 0.3959 -0.4622
vn 0.8107 0.4859 -0.3265
vn 0.8173 0.5705 -0.0804
vn 0.8702 0.4731 0.1380
vn 0.8303 0.5532 0.0678
vn 0.8897 0.4098 0.2013
vn 0.8848 0.4268 0.1869
vn 0.8803 0.4410 0.1746
vn 0.5939 0.2030 -0.7785
vn 0.5821 0.3226 -0.7464
vn 0.6996 0.3341 -0.6316
vn 0.7146 0.2259 -0.6621
vn 0.2472 0.3360 -0.9088
vn 0.4293 0.3462 -0.8342
vn 0.4424 0.2011 -0.8740
vn 0.2896 0.1400 -0.9468
vn 0.4070 0.4882 -0.7720
vn 0.2507 0.5310 -0.8094
vn -0.3386 0.2942 -0.8938
vn -0.1139 0.3064 -0.9451
vn -0.1223 0.0142 -0.9924
vn -0.3943 -0.0601 -0.9170
vn -0.2682 0.5352 -0.8010
vn -0.0763 0.5591 -0.8256
vn 0.5594 0.4762 -0.6784
vn 0.6859 0.4461 -0.5749
vn 0.7878 0.4308 -0.4403
vn 0.8047 0.3464 -0.4821
vn 0.8146 0.2693 -0.5137
vn 0.8152 0.5498 0.1821
vn 0.8275 0.5564 0.0754
vn 0.8669 0.4961 -0.0491
vn 0.8365 0.5478 -0.0106
vn 0.8355 0.5241 -0.1654
vn 0.8614 0.4794 -0.1675
vn 0.8454 0.4450 -0.2954
vn 0.8176 0.5108 -0.2658
vn 0.8426 0.3774 -0.3843
vn 0.8135 0.4684 -0.3448
vn 0.8662 0.2830 -0.4119
vn 0.8700 0.3703 -0.3255
vn 0.8872 0.4337 -0.1574
vn 0.8549 0.5181 0.0271
vn 0.8921 0.4489 -0.0508
vn 0.8016 0.5415 0.2534
vn 0.7996 0.5643 0.2055
vn 0.7877 0.6079 0.1003
vn 0.6641 0.0314 -0.7470
vn 0.6678 0.1530 -0.7284
vn 0.7015 0.1773 -0.6903
vn 0.7177 0.0501 -0.6945
vn 0.4916 0.2000 -0.8476
vn 0.6259 0.1637 -0.7625
vn 0.6324 0.0354 -0.7739
vn 0.4949 0.0124 -0.8689
vn 0.6065 0.3243 -0.7260
vn 0.5216 0.3744 -0.7666
vn -0.1726 0.2370 -0.9560
vn -0.0420 0.2124 -0.9763
vn -0.0309 0.0664 -0.9973
vn -0.1931 0.1240 -0.9733
vn -0.1628 0.2859 -0.9443
vn -0.0567 0.3045 -0.9508
vn 0.6285 0.3075 -0.7144
vn 0.6632 0.3348 -0.6694
vn 0.7038 0.4163 -0.5756
vn 0.7399 0.2338 -0.6308
vn 0.7587 0.0848 -0.6459
vn 0.8976 0.3923 0.2011
vn 0.9046 0.4246 0.0371
vn 0.9286 0.3456 0.1349
vn 0.8923 0.4208 0.1635
vn 0.8393 0.5116 -0.1838
vn 0.9126 0.3772 -0.1577
vn 0.8585 0.3837 -0.3402
vn 0.7904 0.5023 -0.3508
vn 0.8075 0.3254 -0.4920
vn 0.7565 0.4845 -0.4392
vn 0.8365 0.1692 -0.5212
vn 0.9166 0.2411 -0.3188
vn 0.9725 0.2056 -0.1095
vn 0.8664 0.4683 -0.1734
vn 0.9624 0.2523 0.1003
vn 0.9349 0.3548 0.0082
vn 0.9853 0.1677 0.0316
vn 0.8770 0.4804 -0.0082
vn 0.8163 0.4276 -0.3882
vn 0.7646 0.4541 -0.4574
vn 0.7198 0.4722 -0.5089
vn 0.2569 0.3682 -0.8935
vn 0.2204 0.2067 -0.9533
vn 0.1770 -0.0002 -0.9842
vn 0.6579 0.1784 -0.7316
vn 0.6280 0.3695 -0.6849
vn 0.7099 0.4024 -0.5780
vn 0.7339 0.2483 -0.6322
vn 0.0574 0.5183 -0.8533
vn 0.4149 0.4383 -0.7974
vn 0.4727 0.2290 -0.8510
vn 0.1271 0.2728 -0.9536
vn 0.3738 0.6235 -0.6867
vn 0.0176 0.7176 -0.6962
vn -0.2365 0.5250 -0.8176
vn -0.2547 0.2014 -0.9458
vn -0.2037 0.7441 -0.6363
vn 0.5931 0.5726 -0.5660
vn 0.6542 0.5704 -0.4966
vn 0.6708 0.5862 -0.4543
vn 0.7652 0.4274 -0.4815
vn 0.8047 0.2958 -0.5147
vn 0.7701 0.6323 0.0841
vn 0.8314 0.5554 -0.0182
vn 0.8445 0.5258 -0.1017
vn 0.7917 0.6089 0.0501
vn 0.8557 0.5143 -0.0579
vn 0.8895 0.4207 -0.1785
vn 0.8950 0.3668 -0.2539
vn 0.8459 0.4962 -0.1957
vn 0.8318 0.4101 -0.3740
vn 0.7404 0.5718 -0.3534
vn 0.9060 0.2131 -0.3657
vn 0.9338 0.2090 -0.2904
vn 0.9051 0.3043 -0.2971
vn 0.8782 0.4561 -0.1441
vn 0.8762 0.3981 -0.2716
vn 0.8780 0.4781 0.0254
vn 0.8480 0.5270 0.0563
vn 0.8555 0.5177 -0.0091
vn 0.8327 0.5516 0.0481
vn 0.8485 0.5291 -0.0061
vn 0.8336 0.5479 0.0699
vn -0.3693 0.5691 -0.7347
vn -0.4472 0.1452 -0.8826
vn -0.3055 0.7301 -0.6112
vn -0.8037 0.2374 -0.5456
vn -0.7990 0.1312 -0.5869
vn -0.5195 0.2002 -0.8307
vn -0.5190 0.1931 -0.8327
vn -0.1336 0.1097 -0.9850
vn -0.0946 0.2259 -0.9695
vn 0.1636 0.2075 -0.9645
vn 0.1183 0.0497 -0.9917
vn 0.3410 -0.0008 -0.9401
vn 0.3814 0.1591 -0.9106
vn 0.5321 0.1590 -0.8316
vn 0.4553 0.0014 -0.8903
vn 0.5158 -0.0288 -0.8562
vn 0.5836 0.1776 -0.7923
vn 0.6318 0.1391 -0.7625
vn 0.5905 -0.1170 -0.7985
vn 0.7335 0.0639 -0.6767
vn 0.6737 -0.1601 -0.7215
vn 0.8697 -0.3501 -0.3480
vn 0.9179 -0.1136 -0.3803
vn 0.9636 -0.1358 -0.2303
vn 0.9059 -0.3593 -0.2241
vn 0.9136 -0.3976 -0.0854
vn 0.9732 -0.2010 -0.1113
vn 0.9443 -0.2816 -0.1703
vn 0.9078 -0.4013 -0.1221
vn 0.8788 -0.3210 -0.3530
vn 0.8831 -0.3794 -0.2761
vn 0.9924 0.0059 -0.1231
vn 0.9745 -0.1193 -0.1903
vn 0.9641 0.1015 -0.2453
vn 0.8993 0.1642 -0.4054
vn 0.7605 0.2622 -0.5941
vn 0.6604 0.3284 -0.6753
vn 0.6166 0.3297 -0.7149
vn 0.5738 0.2792 -0.7699
vn 0.4080 0.3100 -0.8587
vn 0.2011 0.3503 -0.9148
vn -0.0641 0.3327 -0.9408
vn -0.7792 -0.0007 -0.6268
vn -0.4833 0.2020 -0.8518
vn 0.8944 -0.2387 -0.3782
vn -0.0239 -0.2637 -0.9643
vn 0.4682 -0.3649 -0.8047
vn 0.5040 -0.4572 -0.7328
vn -0.0797 -0.4359 -0.8965
vn 0.5950 -0.2936 -0.7482
vn 0.0111 -0.1523 -0.9883
vn 0.7685 0.2588 -0.5851
vn 0.8295 -0.0524 -0.5561
vn 0.7585 0.0217 -0.6513
vn 0.7371 0.2835 -0.6134
vn 0.7266 -0.1812 -0.6627
vn 0.7866 -0.2557 -0.5620
vn -0.3946 0.3624 -0.8444
vn -0.5342 0.2611 -0.8040
vn -0.3854 0.4919 -0.7807
vn -0.2512 0.5467 -0.7987
vn 0.1579 0.5170 -0.8413
vn 0.1581 0.5169 -0.8413
vn -0.1830 0.4249 -0.8865
vn -0.0846 0.5412 -0.8366
vn 0.0137 0.6425 -0.7662
vn 0.2073 0.5237 -0.8263
vn 0.5500 0.1163 -0.8271
vn 0.6538 0.1078 -0.7490
vn 0.3979 0.1778 -0.9001
vn -0.1401 0.6781 -0.7214
vn -0.2588 0.6531 -0.7117
vn -0.5189 0.4444 -0.7302
vn -0.3793 0.6418 -0.6665
vn -0.6247 0.1894 -0.7576
vn -0.5817 0.7538 -0.3058
vn -0.5034 0.7470 -0.4342
vn -0.5261 0.6108 -0.5917
vn -0.5746 0.6090 -0.5468
vn -0.5156 0.6760 -0.5265
vn -0.5875 0.4985 -0.6374
vn -0.6332 0.2611 -0.7286
vn -0.5478 0.3823 -0.7442
vn -0.4851 0.3772 -0.7889
vn -0.4156 0.4446 -0.7935
vn -0.7311 0.5217 -0.4397
vn -0.7788 0.5991 -0.1861
vn -0.8701 0.4681 -0.1542
vn -0.5171 0.5913 -0.6188
vn -0.2916 0.5786 -0.7617
vn 0.4020 0.0907 -0.9111
vn 0.6066 -0.0067 -0.7950
vn 0.7226 -0.0722 -0.6874
vn -0.5407 0.2873 -0.7906
vn -0.7238 0.3859 -0.5721
vn -0.7151 0.4840 -0.5043
vn -0.5701 0.3994 -0.7180
vn 0.0338 0.4178 -0.9079
vn -0.0165 0.3318 -0.9432
vn -0.2813 0.2744 -0.9195
vn -0.2890 0.3648 -0.8851
vn -0.3079 0.4805 -0.8212
vn 0.0572 0.4994 -0.8645
vn 0.4954 0.5146 -0.6998
vn 0.5712 0.2563 -0.7797
vn 0.2208 0.3535 -0.9090
vn 0.2854 0.4664 -0.8373
vn 0.4312 0.6503 -0.6255
vn 0.2916 0.5939 -0.7499
vn -0.5815 0.5439 -0.6051
vn -0.6969 0.6038 -0.3870
vn -0.6856 0.5389 -0.4895
vn -0.6806 0.6157 -0.3970
vn -0.7162 0.4828 -0.5039
vn -0.7547 0.6089 0.2441
vn -0.7677 0.6377 0.0627
vn -0.7983 0.6022 -0.0047
vn -0.8309 0.5314 0.1648
vn -0.7870 0.5795 -0.2118
vn -0.7391 0.5266 -0.4201
vn -0.7269 0.5363 -0.4288
vn -0.7768 0.5751 -0.2565
vn -0.6475 0.5467 -0.5308
vn -0.6616 0.5336 -0.5268
vn -0.6822 0.5294 -0.5043
vn -0.7164 0.5484 -0.4313
vn -0.7684 0.5602 -0.3096
vn -0.8318 0.5432 -0.1144
vn -0.9201 0.3862 0.0656
vn -0.8553 0.5126 0.0761
vn -0.8085 0.5522 0.2034
vn -0.8840 0.4567 0.1000
vn -0.8517 0.5116 -0.1132
vn -0.9128 0.4049 -0.0538
vn -0.8407 0.5055 -0.1943
vn -0.2936 0.5674 -0.7693
vn -0.6373 0.4094 -0.6529
vn -0.5583 0.6545 -0.5099
vn -0.2924 0.7192 -0.6302
vn 0.3254 0.6769 -0.6603
vn 0.3052 0.6080 -0.7329
vn 0.0850 0.6056 -0.7912
vn 0.0861 0.7112 -0.6977
vn 0.1395 0.8597 -0.4914
vn 0.3519 0.7575 -0.5499
vn 0.3862 0.6944 -0.6072
vn 0.3629 0.6486 -0.6691
vn 0.4025 0.7267 -0.5566
vn -0.1239 0.9225 -0.3655
vn -0.3654 0.9051 -0.2174
vn -0.7035 0.5615 -0.4357
vn -0.5064 0.8603 -0.0581
vn -0.7382 0.3233 -0.5921
vn -0.6070 0.7792 0.1561
vn -0.5396 0.8325 0.1252
vn -0.6754 0.7342 0.0691
vn -0.6192 0.7602 0.1968
vn -0.5513 0.8297 0.0877
vn -0.7089 0.6745 -0.2064
vn -0.5326 0.8451 0.0473
vn -0.7255 0.6159 -0.3070
vn -0.7591 0.4201 -0.4973
vn -0.7631 0.5734 -0.2982
vn -0.7382 0.6740 0.0298
vn -0.6593 0.7026 0.2677
vn -0.6565 0.7410 0.1413
vn -0.6517 0.7438 0.1486
vn -0.6386 0.7511 0.1677
vn -0.4060 0.4383 -0.8019
vn -0.4698 0.4880 -0.7356
vn -0.4638 0.5104 -0.7241
vn -0.4358 0.4508 -0.7790
vn 0.2638 0.3180 -0.9107
vn 0.3375 0.3267 -0.8828
vn -0.0215 0.3246 -0.9456
vn -0.0874 0.3344 -0.9384
vn 0.5706 0.3516 -0.7422
vn 0.6106 0.3556 -0.7076
vn -0.4271 0.5652 -0.7058
vn -0.3721 0.6112 -0.6986
vn -0.2799 0.6805 -0.6772
vn -0.2990 0.6663 -0.6831
vn -0.2989 0.6740 -0.6755
vn -0.3475 0.6470 -0.6787
vn -0.4573 0.5934 -0.6624
vn -0.4726 0.5876 -0.6568
vn -0.2671 0.3815 -0.8849
vn -0.3179 0.4024 -0.8585
vn -0.5036 0.6256 -0.5958
vn -0.5189 0.5939 -0.6149
vn -0.4640 0.6971 -0.5467
vn 0.7800 0.3916 -0.4881
vn 0.7994 0.4068 -0.4421
vn 0.8200 0.4235 -0.3850
vn -0.4245 0.4596 -0.7801
vn -0.7022 0.4188 -0.5758
vn -0.7226 0.4399 -0.5333
vn -0.4668 0.5321 -0.7064
vn 0.1854 0.5599 -0.8076
vn 0.1973 0.4513 -0.8703
vn -0.0785 0.4569 -0.8860
vn -0.0927 0.5761 -0.8121
vn -0.1111 0.6649 -0.7386
vn 0.1999 0.6496 -0.7335
vn 0.5955 0.4444 -0.6693
vn 0.6850 0.3472 -0.6405
vn 0.5305 0.4122 -0.7407
vn 0.4984 0.5037 -0.7056
vn 0.5580 0.4798 -0.6771
vn 0.4780 0.5430 -0.6904
vn -0.5185 0.5703 -0.6371
vn -0.7341 0.4566 -0.5027
vn -0.7626 0.4385 -0.4756
vn -0.7665 0.4689 -0.4388
vn -0.7572 0.4048 -0.5126
vn -0.6327 0.6634 -0.3995
vn -0.6474 0.6144 -0.4510
vn -0.6602 0.5608 -0.4995
vn -0.7590 0.5217 -0.3896
vn -0.7309 0.5408 -0.4164
vn -0.7156 0.4987 -0.4891
vn -0.7071 0.4465 -0.5484
vn -0.7119 0.4760 -0.5163
vn -0.8271 0.3994 -0.3953
vn -0.9745 0.2216 -0.0362
vn -0.8835 0.4350 -0.1740
vn -0.6964 0.6478 -0.3087
vn -0.7714 0.6323 0.0719
vn -0.7828 0.6093 -0.1264
vn -0.8602 0.5071 -0.0542
vn -0.7943 0.6004 0.0927
vn -0.9294 0.3413 0.1407
vn -0.8424 0.5200 0.1415
vn 0.4104 0.3805 -0.8288
vn 0.4579 0.5188 -0.7219
vn 0.6410 0.4611 -0.6136
vn 0.5782 0.3280 -0.7471
vn -0.0631 0.5588 -0.8269
vn 0.2228 0.5511 -0.8042
vn 0.2263 0.4090 -0.8840
vn -0.0530 0.4216 -0.9052
vn 0.2304 0.6473 -0.7265
vn -0.0495 0.6684 -0.7422
vn -0.3578 0.5256 -0.7718
vn -0.2997 0.5274 -0.7950
vn -0.3445 0.3739 -0.8611
vn -0.4505 0.3292 -0.8299
vn -0.3069 0.6107 -0.7300
vn -0.2482 0.6393 -0.7278
vn 0.5008 0.6025 -0.6215
vn 0.6651 0.5656 -0.4876
vn 0.7596 0.5119 -0.4011
vn 0.7467 0.3981 -0.5329
vn 0.7027 0.2305 -0.6731
vn 0.9292 0.3132 -0.1960
vn 0.8148 0.3197 -0.4836
vn 0.7985 0.3825 -0.4649
vn 0.8696 0.4203 -0.2591
vn 0.7959 0.3514 -0.4931
vn 0.8327 0.4478 -0.3256
vn 0.7091 0.1974 -0.6769
vn 0.6047 0.3072 -0.7348
vn 0.4945 0.3820 -0.7808
vn 0.8305 0.2014 -0.5193
vn 0.4418 0.4905 -0.7512
vn 0.9768 0.0536 -0.2073
vn 0.9647 -0.0834 -0.2498
vn 0.6491 0.4295 -0.6278
vn 0.4154 0.5857 -0.6960
vn 0.4693 0.2470 -0.8478
vn 0.4332 0.4674 -0.7706
vn 0.6534 0.4388 -0.6168
vn 0.6843 0.1669 -0.7098
vn -0.4321 0.5303 -0.7294
vn -0.1172 0.5572 -0.8221
vn -0.1233 0.4262 -0.8962
vn -0.4037 0.4543 -0.7941
vn -0.1540 0.7307 -0.6651
vn -0.4916 0.6011 -0.6301
vn -0.6666 0.4486 -0.5953
vn -0.6314 0.4559 -0.6272
vn -0.7075 0.4382 -0.5545
vn 0.2590 0.8024 -0.5377
vn 0.5075 0.7830 -0.3597
vn 0.6350 0.7555 -0.1611
vn 0.7618 0.4577 -0.4584
vn 0.7762 0.2189 -0.5913
vn 0.6578 0.7473 -0.0937
vn 0.7868 0.6165 -0.0295
vn 0.7980 0.6017 -0.0349
vn 0.6029 0.7964 0.0477
vn 0.7999 0.5956 -0.0738
vn 0.6241 0.7687 0.1398
vn 0.8000 0.5381 -0.2655
vn 0.6544 0.7561 0.0090
vn 0.8476 0.3411 -0.4066
vn 0.8818 0.4435 -0.1602
vn 0.8785 0.4755 -0.0470
vn 0.8700 0.4928 0.0176
vn 0.1134 0.5306 -0.8400
vn 0.0107 0.7663 -0.6424
vn 0.1222 0.3792 -0.9172
vn 0.7022 0.7080 -0.0745
vn 0.7765 0.6301 -0.0053
vn 0.8531 0.5150 0.0835
vn 0.0946 0.5426 -0.8346
vn -0.0796 0.5882 -0.8048
vn -0.0013 0.5513 -0.8343
vn 0.1521 0.5363 -0.8302
vn 0.2859 0.3933 -0.8739
vn 0.2734 0.3585 -0.8926
vn 0.1998 0.5124 -0.8352
vn 0.2187 0.5224 -0.8242
vn 0.2499 0.5383 -0.8049
vn 0.2911 0.4570 -0.8405
vn 0.5934 -0.2361 -0.7695
vn 0.4783 -0.4881 -0.7301
vn 0.6885 -0.0578 -0.7229
vn 0.2540 0.5176 -0.8171
vn 0.1695 0.4340 -0.8848
vn -0.0881 0.5399 -0.8371
vn 0.0891 0.4442 -0.8915
vn -0.1713 0.5891 -0.7897
vn 0.0905 0.6057 -0.7906
vn 0.0820 0.5544 -0.8282
vn -0.0972 0.8527 -0.5133
vn -0.0531 0.8888 -0.4552
vn 0.0830 0.5278 -0.8453
vn -0.0542 0.7194 -0.6924
vn 0.0874 0.5161 -0.8521
vn -0.0633 0.6080 -0.7914
vn -0.1444 0.6444 -0.7509
vn -0.1329 0.8067 -0.5759
vn -0.2091 0.9436 -0.2568
vn -0.0914 0.9791 -0.1817
vn 0.2333 0.9282 -0.2898
vn 0.1873 0.8323 -0.5218
vn 0.1592 0.6634 -0.7311
vn 0.4894 0.4518 -0.7459
vn 0.4166 0.5532 -0.7214
vn 0.5311 0.6953 -0.4842
vn 0.6144 0.5528 -0.5630
vn 0.5437 0.7798 -0.3104
vn 0.7138 0.6289 -0.3083
vn 0.8004 -0.4240 -0.4238
vn 0.5568 -0.7181 -0.4176
vn 0.4681 -0.7860 -0.4039
vn -0.1700 0.4209 -0.8910
vn -0.1900 0.5413 -0.8191
vn 0.0069 0.4846 -0.8747
vn 0.0649 0.3869 -0.9198
vn 0.2736 0.0425 -0.9609
vn 0.0179 0.0294 -0.9994
vn -0.0910 0.3507 -0.9321
vn 0.1227 0.3247 -0.9378
vn 0.4370 0.2641 -0.8598
vn 0.5547 0.0815 -0.8280
vn 0.3185 -0.6063 -0.7287
vn -0.0155 -0.6751 -0.7376
vn 0.5694 -0.5156 -0.6402
vn 0.3745 0.3108 -0.8736
vn 0.3325 0.3242 -0.8856
vn 0.0532 0.5484 -0.8345
vn 0.2836 0.3339 -0.8989
vn -0.1385 0.6558 -0.7421
vn 0.4679 0.4311 -0.7715
vn 0.3167 0.4418 -0.8394
vn 0.2423 0.7074 -0.6640
vn 0.4967 0.6438 -0.5821
vn 0.2590 0.4016 -0.8784
vn 0.1174 0.6455 -0.7547
vn 0.2505 0.3661 -0.8962
vn 0.0782 0.5902 -0.8034
vn -0.0528 0.7191 -0.6929
vn -0.0042 0.7911 -0.6117
vn 0.1346 0.8538 -0.5029
vn 0.4982 0.7720 -0.3947
vn 0.7066 0.6205 -0.3401
vn 0.6817 0.5422 -0.4913
vn 0.6379 0.3427 -0.6897
vn 0.7701 0.1838 -0.6109
vn 0.7346 0.2372 -0.6357
vn 0.7908 0.4117 -0.4530
vn 0.8417 0.2798 -0.4618
vn 0.8223 0.4656 -0.3271
vn 0.8779 0.3522 -0.3244
vn 0.5328 -0.6815 -0.5016
vn 0.1364 -0.7806 -0.6100
vn -0.0512 -0.7800 -0.6236
vn 0.1704 0.5253 -0.8337
vn 0.2445 0.5212 -0.8177
vn 0.3894 0.4156 -0.8220
vn 0.2977 0.3868 -0.8728
vn -0.2019 0.2132 -0.9559
vn -0.2101 0.2560 -0.9436
vn 0.0341 0.4149 -0.9092
vn 0.1172 0.2959 -0.9480
vn 0.1871 0.2043 -0.9609
vn -0.1307 0.2026 -0.9705
vn -0.3959 0.1702 -0.9024
vn -0.5656 0.1067 -0.8178
vn -0.3526 0.1845 -0.9174
vn 0.4004 0.2589 -0.8790
vn 0.5070 0.3112 -0.8038
vn 0.4682 0.3831 -0.7962
vn 0.6114 0.2796 -0.7403
vn 0.2642 0.4937 -0.8285
vn 0.9120 0.3317 -0.2415
vn 0.8254 0.1717 -0.5379
vn 0.5699 0.2901 -0.7689
vn 0.6106 0.4769 -0.6323
vn 0.7222 0.2450 -0.6468
vn 0.5374 0.3332 -0.7747
vn 0.2677 0.4104 -0.8717
vn 0.2098 0.3613 -0.9085
vn 0.1021 0.4728 -0.8753
vn 0.1133 0.5876 -0.8012
vn 0.4566 0.7133 -0.5317
vn 0.7229 0.6830 -0.1050
vn 0.6125 0.7489 -0.2528
vn 0.4248 0.7422 -0.5183
vn 0.1790 0.6499 -0.7386
vn 0.4412 0.3950 -0.8058
vn 0.5783 0.3463 -0.7387
vn 0.5662 0.3562 -0.7434
vn 0.4252 0.3370 -0.8400
vn -0.1461 0.2848 -0.9474
vn 0.0126 0.3967 -0.9179
vn 0.2592 0.4189 -0.8703
vn 0.2077 0.3107 -0.9276
vn 0.1590 0.2147 -0.9636
vn -0.1694 0.1989 -0.9653
vn -0.4339 0.2403 -0.8683
vn -0.3289 0.3352 -0.8829
vn -0.4898 0.1840 -0.8522
vn 0.3942 0.2766 -0.8764
vn 0.5526 0.3599 -0.7518
vn 0.6098 0.3849 -0.6928
vn 0.5941 0.4293 -0.6803
vn 0.6380 0.3295 -0.6960
vn 0.8299 0.1486 -0.5377
vn 0.6970 0.2989 -0.6518
vn 0.6413 0.3401 -0.6878
vn 0.7130 0.2433 -0.6576
vn 0.6111 0.4094 -0.6775
vn 0.6244 0.3872 -0.6784
vn 0.6431 0.3348 -0.6887
vn 0.5799 0.3773 -0.7221
vn 0.4425 0.3862 -0.8093
vn 0.3360 0.1346 -0.9322
vn 0.7432 0.1496 -0.6522
vn 0.9208 0.0291 -0.3890
vn 0.9260 0.1839 -0.3297
vn 0.5995 0.0230 -0.8001
vn 0.3439 -0.0650 -0.9367
vn -0.1145 0.9142 -0.3887
vn -0.3979 0.8547 -0.3333
vn -0.3300 0.9109 -0.2478
vn -0.1345 0.9348 -0.3286
vn 0.1195 0.8199 -0.5598
vn 0.2191 0.6763 -0.7033
vn 0.1117 0.8358 -0.5376
vn 0.0617 0.8925 -0.4468
vn 0.0075 0.9393 -0.3429
vn 0.0151 0.9187 -0.3947
vn 0.1187 0.7897 -0.6019
vn 0.2415 0.6051 -0.7587
vn 0.0037 0.9039 -0.4277
vn -0.1396 0.9567 -0.2552
vn -0.2038 0.9722 -0.1157
vn -0.4922 0.8630 -0.1139
vn -0.2060 0.9767 0.0608
vn -0.6450 0.7359 -0.2057
vn -0.1882 0.9351 0.3003
vn -0.2072 0.9545 0.2143
vn -0.3448 0.8215 0.4542
vn -0.1673 0.8477 0.5034
vn -0.4057 0.9091 -0.0951
vn -0.3248 0.9458 -0.0009
vn -0.6031 0.7843 0.1455
vn -0.6201 0.7733 0.1323
vn -0.2546 0.9584 0.1292
vn -0.5930 0.8016 0.0760
vn -0.7422 0.6686 0.0465
vn -0.7406 0.6359 0.2174
vn -0.7324 0.6285 0.2619
vn -0.6375 0.6285 0.4457
vn -0.0555 0.3346 0.9407
vn -0.7120 0.6249 0.3201
vn -0.5731 0.8005 0.1753
vn -0.3313 0.9435 -0.0086
vt 0.937864 0.317697
vt 0.940606 0.238539
vt 0.830826 0.238920
vt 0.835096 0.333894
vt 0.811714 0.622530
vt 0.806715 0.644488
vt 0.954146 0.640639
vt 0.957146 0.614483
vt 0.836044 0.361534
vt 0.839406 0.456248
vt 0.959858 0.453858
vt 0.960530 0.364586
vt 0.685457 0.618574
vt 0.691387 0.641463
vt 0.693579 0.367177
vt 0.681872 0.453958
vt 0.832812 0.498668
vt 0.826711 0.556658
vt 0.962175 0.558508
vt 0.961491 0.501018
vt 0.677309 0.502358
vt 0.678253 0.555198
vt 0.679528 0.595685
vt 0.816713 0.600573
vt 0.960145 0.588328
vt 0.259126 0.049347
vt 0.406839 0.048244
vt 0.406768 0.097903
vt 0.259126 0.092556
vt 0.259126 0.155989
vt 0.396913 0.161884
vt 0.397009 0.249176
vt 0.259126 0.241562
vt 0.383793 0.342022
vt 0.259126 0.335831
vt 0.370327 0.411902
vt 0.259126 0.411902
vt 0.491227 0.335175
vt 0.491227 0.411902
vt 0.491227 0.243813
vt 0.491227 0.157034
vt 0.491227 0.040850
vt 0.491227 0.087137
vt 0.259126 0.003457
vt 0.399720 0.001872
vt 0.491227 0.001160
vt 0.114039 0.739331
vt 0.009987 0.767105
vt 0.013625 0.853005
vt 0.123307 0.834709
vt 0.238654 0.758736
vt 0.239298 0.844635
vt 0.233569 0.638694
vt 0.122183 0.626672
vt 0.228918 0.486629
vt 0.128174 0.485037
vt 0.230952 0.328746
vt 0.122621 0.366636
vt 0.240262 0.239697
vt 0.238844 0.154728
vt 0.126121 0.134454
vt 0.128139 0.224970
vt 0.022488 0.135638
vt 0.024830 0.242416
vt 0.016366 0.351460
vt 0.013724 0.494998
vt 0.004903 0.647063
vt 0.130996 0.018997
vt 0.027066 0.005646
vt 0.244248 0.024916
vt 0.231894 0.917250
vt 0.129913 0.917634
vt 0.136518 0.998776
vt 0.234970 0.989864
vt 0.016701 0.925619
vt 0.019777 0.996756
vt 0.444785 0.478196
vt 0.443360 0.505348
vt 0.488797 0.499429
vt 0.485698 0.472437
vt 0.450066 0.420793
vt 0.443623 0.447586
vt 0.486314 0.441364
vt 0.488374 0.422190
vt 0.407764 0.484398
vt 0.409657 0.501633
vt 0.418663 0.431030
vt 0.412789 0.452577
vt 0.443776 0.460570
vt 0.485752 0.455418
vt 0.407238 0.468277
vt 0.492000 0.167744
vt 0.492000 0.208671
vt 0.398934 0.206230
vt 0.398934 0.163243
vt 0.398934 0.121185
vt 0.492000 0.125702
vt 0.398934 0.077287
vt 0.492000 0.082054
vt 0.398934 0.054957
vt 0.492000 0.061187
vt 0.398934 0.033520
vt 0.398934 0.020387
vt 0.492000 0.026173
vt 0.492000 0.040919
vt 0.260822 0.207146
vt 0.260822 0.159096
vt 0.260822 0.117139
vt 0.260822 0.072890
vt 0.260822 0.049219
vt 0.260822 0.026929
vt 0.260822 0.014930
vt 0.398934 0.007145
vt 0.491999 0.011446
vt 0.260822 0.002712
vt 0.466670 0.355180
vt 0.381380 0.355180
vt 0.381380 0.382100
vt 0.466670 0.382100
vt 0.466670 0.040466
vt 0.381380 0.040466
vt 0.381380 0.064838
vt 0.466670 0.064838
vt 0.466670 0.006191
vt 0.381380 0.006191
vt 0.280590 0.006191
vt 0.280590 0.040466
vt 0.280590 0.064838
vt 0.466670 0.211580
vt 0.381380 0.211580
vt 0.381380 0.267220
vt 0.466670 0.267220
vt 0.466670 0.089655
vt 0.381380 0.089655
vt 0.381380 0.119480
vt 0.466670 0.119480
vt 0.280590 0.089655
vt 0.280590 0.119480
vt 0.466670 0.149305
vt 0.381380 0.149305
vt 0.280590 0.149305
vt 0.280590 0.211580
vt 0.280590 0.267220
vt 0.381380 0.314410
vt 0.466670 0.314410
vt 0.280590 0.314410
vt 0.280590 0.355180
vt 0.280590 0.382100
vt 0.756850 0.158297
vt 0.761170 0.095480
vt 0.832613 0.096717
vt 0.832851 0.162334
vt 0.832851 0.281346
vt 0.756974 0.279579
vt 0.755520 0.202884
vt 0.829087 0.205978
vt 0.925097 0.165054
vt 0.926243 0.098657
vt 0.923397 0.268492
vt 0.925810 0.205677
vt 0.768909 0.025706
vt 0.833248 0.024333
vt 0.926101 0.032097
vt 0.689020 0.266669
vt 0.684295 0.199753
vt 0.681413 0.156090
vt 0.688324 0.095911
vt 0.706527 0.030403
vt 0.478130 0.364010
vt 0.478130 0.388530
vt 0.381490 0.388530
vt 0.381490 0.364010
vt 0.478130 0.092740
vt 0.478130 0.131540
vt 0.381490 0.131540
vt 0.381490 0.092740
vt 0.478130 0.008360
vt 0.478130 0.038897
vt 0.381490 0.038897
vt 0.381490 0.008360
vt 0.284960 0.038897
vt 0.284960 0.008360
vt 0.478130 0.062809
vt 0.381490 0.062809
vt 0.284960 0.062809
vt 0.284960 0.092740
vt 0.284960 0.131540
vt 0.478130 0.231430
vt 0.478130 0.282010
vt 0.381490 0.282010
vt 0.381490 0.231430
vt 0.478130 0.179170
vt 0.381490 0.179170
vt 0.284960 0.179170
vt 0.284960 0.231430
vt 0.284960 0.282010
vt 0.478130 0.327000
vt 0.381490 0.327000
vt 0.284960 0.327000
vt 0.284960 0.364010
vt 0.284960 0.388530
vt 0.265020 0.301220
vt 0.367960 0.303280
vt 0.367960 0.264600
vt 0.265020 0.260910
vt 0.367960 0.381630
vt 0.367960 0.346560
vt 0.265020 0.343650
vt 0.265020 0.381630
vt 0.378630 0.345550
vt 0.269250 0.340040
vt 0.269250 0.387830
vt 0.378630 0.387830
vt 0.378630 0.273470
vt 0.269250 0.263950
vt 0.269250 0.299780
vt 0.378630 0.307420
vt 0.269250 0.194890
vt 0.269250 0.230650
vt 0.378630 0.241140
vt 0.378630 0.206690
vt 0.478300 0.291060
vt 0.478300 0.245880
vt 0.417920 0.237740
vt 0.417920 0.284310
vt 0.417920 0.380390
vt 0.478300 0.386170
vt 0.478300 0.339980
vt 0.417920 0.334430
vt 0.473740 0.387830
vt 0.473740 0.349590
vt 0.473740 0.279200
vt 0.473740 0.312260
vt 0.486980 0.288957
vt 0.260850 0.283917
vt 0.260850 0.314807
vt 0.486980 0.319197
vt 0.486980 0.353627
vt 0.260850 0.350327
vt 0.260850 0.388217
vt 0.486980 0.388407
vt 0.417920 0.190870
vt 0.417920 0.144830
vt 0.291320 0.112830
vt 0.291320 0.170560
vt 0.291320 0.222390
vt 0.291320 0.271630
vt 0.291320 0.371990
vt 0.291320 0.322850
vt 0.460470 0.153090
vt 0.367960 0.145610
vt 0.367960 0.189720
vt 0.460470 0.194360
vt 0.378630 0.164140
vt 0.269250 0.151880
vt 0.478300 0.201400
vt 0.367960 0.228430
vt 0.265020 0.220890
vt 0.473740 0.247400
vt 0.486980 0.258357
vt 0.260850 0.254577
vt 0.378630 0.036704
vt 0.269250 0.034907
vt 0.269250 0.067770
vt 0.378630 0.073050
vt 0.378630 0.007587
vt 0.269250 0.007587
vt 0.367960 0.003499
vt 0.367960 0.040706
vt 0.460470 0.049848
vt 0.460470 0.003499
vt 0.367960 0.070250
vt 0.460470 0.077680
vt 0.291320 0.064899
vt 0.417920 0.101750
vt 0.478300 0.154190
vt 0.478300 0.110340
vt 0.460470 0.381630
vt 0.460470 0.349280
vt 0.460470 0.304290
vt 0.460470 0.265330
vt 0.460470 0.230400
vt 0.265020 0.176690
vt 0.265020 0.130570
vt 0.473740 0.036629
vt 0.473740 0.007587
vt 0.260850 0.050833
vt 0.486980 0.055292
vt 0.486980 0.013858
vt 0.260850 0.017616
vt 0.260850 0.092647
vt 0.486980 0.103297
vt 0.473740 0.076740
vt 0.486980 0.228837
vt 0.260850 0.223287
vt 0.473740 0.213190
vt 0.473740 0.171920
vt 0.260850 0.139807
vt 0.486980 0.149757
vt 0.265020 0.003499
vt 0.265020 0.045992
vt 0.265020 0.067660
vt 0.260850 0.185267
vt 0.486980 0.194107
vt 0.417920 0.036393
vt 0.478300 0.032716
vt 0.478300 0.003443
vt 0.417920 0.004036
vt 0.378630 0.117060
vt 0.473740 0.124250
vt 0.269250 0.107400
vt 0.460470 0.111620
vt 0.367960 0.104270
vt 0.478300 0.056897
vt 0.417920 0.053802
vt 0.417920 0.071159
vt 0.291320 0.044049
vt 0.265020 0.094300
vt 0.478300 0.080510
vt 0.291320 0.008482
vt 0.749883 0.156175
vt 0.749589 0.118446
vt 0.834206 0.121518
vt 0.837212 0.160854
vt 0.828162 0.332598
vt 0.747682 0.326246
vt 0.748836 0.234104
vt 0.833505 0.237826
vt 0.944752 0.162372
vt 0.944752 0.121798
vt 0.944752 0.316039
vt 0.944752 0.236837
vt 0.749883 0.180377
vt 0.837212 0.185056
vt 0.944752 0.186574
vt 0.831199 0.082182
vt 0.749295 0.080718
vt 0.757073 0.038502
vt 0.834488 0.038456
vt 0.944752 0.081224
vt 0.944752 0.040757
vt 0.747682 0.302043
vt 0.673616 0.289267
vt 0.673616 0.205099
vt 0.748836 0.209902
vt 0.673616 0.150997
vt 0.673616 0.114822
vt 0.673616 0.078647
vt 0.673616 0.039578
vt 0.764851 0.001969
vt 0.673616 0.005423
vt 0.837777 0.000837
vt 0.944752 0.005430
vt 0.755193 0.160116
vt 0.841201 0.164795
vt 0.838240 0.125459
vt 0.754903 0.122388
vt 0.832287 0.312338
vt 0.837550 0.217565
vt 0.754162 0.213844
vt 0.753026 0.305985
vt 0.947114 0.166314
vt 0.947114 0.125740
vt 0.947114 0.295778
vt 0.947114 0.216577
vt 0.835279 0.086123
vt 0.838518 0.042184
vt 0.762273 0.042367
vt 0.754612 0.084657
vt 0.947114 0.085166
vt 0.947114 0.044604
vt 0.680080 0.209040
vt 0.680080 0.293209
vt 0.680080 0.154939
vt 0.680080 0.118764
vt 0.680080 0.043414
vt 0.680080 0.082588
vt 0.947114 0.009005
vt 0.841757 0.003977
vt 0.769934 0.005544
vt 0.680080 0.008997
vt 0.743174 0.161253
vt 0.742555 0.086699
vt 0.828655 0.088145
vt 0.834977 0.165876
vt 0.825464 0.311654
vt 0.740860 0.305377
vt 0.742073 0.214338
vt 0.831080 0.218015
vt 0.949072 0.167376
vt 0.953835 0.087199
vt 0.952536 0.295292
vt 0.950915 0.217038
vt 0.832113 0.044716
vt 0.750732 0.044889
vt 0.758909 0.008324
vt 0.835571 0.006775
vt 0.953613 0.047092
vt 0.953390 0.011743
vt 0.658558 0.292753
vt 0.652224 0.209592
vt 0.648179 0.156138
vt 0.657865 0.084653
vt 0.670601 0.045809
vt 0.683336 0.011736
vt 0.566750 0.354652
vt 0.591229 0.355540
vt 0.590359 0.344161
vt 0.566665 0.343737
vt 0.589481 0.409602
vt 0.591026 0.382186
vt 0.566532 0.381109
vt 0.566198 0.407765
vt 0.623209 0.355621
vt 0.623209 0.343883
vt 0.623209 0.404812
vt 0.623209 0.381900
vt 0.592099 0.366920
vt 0.566835 0.365566
vt 0.623209 0.367359
vt 0.592262 0.318453
vt 0.571165 0.318953
vt 0.623209 0.320057
vt 0.544772 0.379719
vt 0.544772 0.404068
vt 0.544772 0.364068
vt 0.544772 0.343138
vt 0.544772 0.353603
vt 0.544772 0.320054
vt 0.744442 0.166539
vt 0.832662 0.171096
vt 0.826587 0.118396
vt 0.743847 0.116971
vt 0.823520 0.314765
vt 0.828917 0.222480
vt 0.743384 0.218857
vt 0.742219 0.308579
vt 0.942304 0.172574
vt 0.946881 0.117464
vt 0.945633 0.298640
vt 0.944076 0.221518
vt 0.827737 0.064263
vt 0.830485 0.030977
vt 0.754547 0.031894
vt 0.749532 0.064392
vt 0.944493 0.066496
vt 0.945473 0.034788
vt 0.657042 0.214179
vt 0.663129 0.296139
vt 0.653155 0.161498
vt 0.662463 0.114955
vt 0.679734 0.034169
vt 0.672528 0.065238
vt 0.946453 0.006504
vt 0.833233 0.001607
vt 0.759563 0.003134
vt 0.686940 0.006497
vt 0.937948 0.151444
vt 0.842765 0.147392
vt 0.842765 0.186083
vt 0.937948 0.188280
vt 0.937948 0.113605
vt 0.842765 0.109540
vt 0.842765 0.089783
vt 0.937948 0.093962
vt 0.937948 0.074319
vt 0.842765 0.070029
vt 0.937948 0.038463
vt 0.842765 0.032111
vt 0.937948 0.013692
vt 0.842765 0.009963
vt 0.701511 0.143660
vt 0.701511 0.186906
vt 0.701511 0.105896
vt 0.701511 0.085985
vt 0.701511 0.066072
vt 0.701511 0.025973
vt 0.701511 0.006121
vt 0.638983 0.170668
vt 0.588964 0.167140
vt 0.588964 0.200820
vt 0.638983 0.202731
vt 0.638982 0.137730
vt 0.588964 0.134190
vt 0.638982 0.103534
vt 0.588964 0.099798
vt 0.638982 0.090769
vt 0.588964 0.084623
vt 0.588964 0.070050
vt 0.638983 0.077660
vt 0.638982 0.045780
vt 0.588964 0.042202
vt 0.514736 0.163892
vt 0.514736 0.201537
vt 0.514736 0.131022
vt 0.514736 0.096355
vt 0.514736 0.078756
vt 0.514736 0.062632
vt 0.514736 0.038515
vt 0.251100 0.308251
vt 0.144240 0.308251
vt 0.144240 0.381290
vt 0.251100 0.381290
vt 0.251100 0.131729
vt 0.144240 0.131729
vt 0.144240 0.162419
vt 0.251100 0.162419
vt 0.144240 0.023720
vt 0.144240 0.087291
vt 0.251100 0.087291
vt 0.251100 0.023720
vt 0.017960 0.023720
vt 0.017960 0.087291
vt 0.017960 0.131729
vt 0.017960 0.162419
vt 0.251100 0.193109
vt 0.144240 0.193109
vt 0.144240 0.246582
vt 0.251100 0.246582
vt 0.017960 0.193109
vt 0.017960 0.246582
vt 0.017960 0.308251
vt 0.017960 0.381290
vt 0.144240 0.490380
vt 0.251100 0.490380
vt 0.017960 0.490380
vt 0.144240 0.616110
vt 0.251100 0.616110
vt 0.017960 0.616110
vt 0.017960 0.102104
vt 0.017960 0.116916
vt 0.144240 0.116916
vt 0.144240 0.102104
vt 0.251100 0.102104
vt 0.251100 0.116916
vt 0.964598 0.273383
vt 0.845358 0.265998
vt 0.845358 0.336523
vt 0.964598 0.340527
vt 0.964598 0.238896
vt 0.964598 0.204409
vt 0.845358 0.196999
vt 0.845358 0.231499
vt 0.964598 0.132800
vt 0.845359 0.124980
vt 0.964598 0.064357
vt 0.845358 0.051841
vt 0.845358 0.030642
vt 0.964598 0.039920
vt 0.964598 0.017221
vt 0.845358 0.010426
vt 0.668405 0.259196
vt 0.668405 0.338025
vt 0.668405 0.190361
vt 0.668405 0.224779
vt 0.668405 0.117768
vt 0.668405 0.041297
vt 0.668405 0.022726
vt 0.668405 0.003422
vt 0.750782 0.170574
vt 0.839440 0.174811
vt 0.833335 0.103569
vt 0.750185 0.102244
vt 0.830253 0.308418
vt 0.832965 0.265508
vt 0.749133 0.260947
vt 0.748548 0.302666
vt 0.949626 0.176186
vt 0.954226 0.102702
vt 0.952972 0.293423
vt 0.952189 0.257562
vt 0.835677 0.222597
vt 0.749719 0.219227
vt 0.951406 0.221702
vt 0.840014 0.009954
vt 0.765979 0.011373
vt 0.953796 0.014507
vt 0.666007 0.252986
vt 0.669065 0.291096
vt 0.666742 0.165886
vt 0.662949 0.214877
vt 0.668396 0.100369
vt 0.677595 0.014501
vt 0.494867 0.322772
vt 0.399128 0.314108
vt 0.399128 0.396851
vt 0.494867 0.401549
vt 0.494867 0.241848
vt 0.399128 0.233153
vt 0.494867 0.157833
vt 0.399128 0.148657
vt 0.494867 0.117664
vt 0.399128 0.105615
vt 0.399128 0.062572
vt 0.494867 0.077494
vt 0.494867 0.046717
vt 0.399128 0.035785
vt 0.257048 0.306126
vt 0.257048 0.398614
vt 0.257048 0.225365
vt 0.257048 0.140196
vt 0.257048 0.094111
vt 0.257048 0.048306
vt 0.257048 0.025099
vt 0.399128 0.023104
vt 0.494866 0.031329
vt 0.494866 0.015940
vt 0.399128 0.010329
vt 0.257048 0.013554
vt 0.257048 0.001795
vt 0.757010 0.181390
vt 0.841420 0.186212
vt 0.838514 0.145665
vt 0.756725 0.142500
vt 0.832673 0.338300
vt 0.837837 0.240608
vt 0.755997 0.236771
vt 0.754882 0.331751
vt 0.946328 0.187778
vt 0.948517 0.145954
vt 0.949513 0.321229
vt 0.948023 0.239589
vt 0.835608 0.105118
vt 0.838787 0.059473
vt 0.763959 0.059628
vt 0.756440 0.103609
vt 0.950707 0.104130
vt 0.950502 0.061852
vt 0.675395 0.231820
vt 0.674748 0.318581
vt 0.671665 0.176053
vt 0.672888 0.138764
vt 0.673419 0.060573
vt 0.674111 0.101475
vt 0.950298 0.023907
vt 0.841966 0.018724
vt 0.771477 0.020340
vt 0.672727 0.023899
vt 0.761396 0.168308
vt 0.756527 0.083802
vt 0.833834 0.085023
vt 0.843822 0.172210
vt 0.830968 0.339488
vt 0.755005 0.334189
vt 0.759329 0.244395
vt 0.839246 0.247499
vt 0.946266 0.173477
vt 0.946228 0.084224
vt 0.945062 0.325675
vt 0.946842 0.246675
vt 0.771211 0.017661
vt 0.840043 0.016353
vt 0.945828 0.020548
vt 0.676755 0.323533
vt 0.674303 0.240389
vt 0.671739 0.163989
vt 0.676133 0.082075
vt 0.673119 0.022498
vt 0.754925 0.146739
vt 0.754647 0.115271
vt 0.834514 0.117832
vt 0.837352 0.150641
vt 0.828811 0.340566
vt 0.752848 0.335267
vt 0.753937 0.191551
vt 0.833854 0.194655
vt 0.939795 0.151908
vt 0.941933 0.118066
vt 0.942905 0.326753
vt 0.941450 0.193831
vt 0.831677 0.084954
vt 0.754370 0.083794
vt 0.761712 0.048813
vt 0.834781 0.048672
vt 0.944071 0.084224
vt 0.943871 0.050648
vt 0.674598 0.324611
vt 0.668911 0.187545
vt 0.672968 0.142420
vt 0.669622 0.112247
vt 0.676427 0.049659
vt 0.673976 0.082075
vt 0.673744 0.020541
vt 0.769054 0.017661
vt 0.837886 0.016353
vt 0.943671 0.020548
vt 0.742864 0.123976
vt 0.831816 0.127010
vt 0.951454 0.127288
vt 0.653022 0.120395
vt 0.953724 0.066855
vt 0.830384 0.066208
vt 0.746644 0.065571
vt 0.664233 0.064953
vt 0.239023 0.197192
vt 0.122264 0.193220
vt 0.120998 0.153552
vt 0.240761 0.155422
vt 0.241551 0.413002
vt 0.117949 0.426781
vt 0.119195 0.337410
vt 0.240960 0.330970
vt 0.240368 0.248938
vt 0.120441 0.248039
vt 0.242499 0.113651
vt 0.119732 0.113883
vt 0.123978 0.068963
vt 0.242336 0.071255
vt 0.023480 0.410358
vt 0.021169 0.325769
vt 0.018858 0.241179
vt 0.022155 0.185481
vt 0.019436 0.148240
vt 0.024967 0.069925
vt 0.022975 0.110998
vt 0.120365 0.133718
vt 0.021205 0.129619
vt 0.241630 0.134536
vt 0.022786 0.028851
vt 0.128223 0.024042
vt 0.242173 0.028860
vt 0.328259 0.214059
vt 0.332518 0.114900
vt 0.402955 0.116853
vt 0.403189 0.220431
vt 0.403189 0.408298
vt 0.328381 0.405508
vt 0.326947 0.284442
vt 0.399479 0.289326
vt 0.494136 0.224725
vt 0.495266 0.119915
vt 0.492460 0.388006
vt 0.494839 0.288850
vt 0.340148 0.008075
vt 0.403580 0.006034
vt 0.495126 0.017577
vt 0.261384 0.385129
vt 0.256726 0.279500
vt 0.253884 0.210575
vt 0.260698 0.115580
vt 0.278644 0.015060
vt 0.751288 0.139255
vt 0.753739 0.099677
vt 0.834827 0.101234
vt 0.834962 0.142578
vt 0.748978 0.331669
vt 0.747327 0.235020
vt 0.940446 0.145514
vt 0.941097 0.103680
vt 0.748838 0.178833
vt 0.835096 0.183922
vt 0.939796 0.187348
vt 0.762524 0.017121
vt 0.835549 0.015551
vt 0.940936 0.024426
vt 0.671853 0.315402
vt 0.666489 0.231075
vt 0.663218 0.176054
vt 0.667140 0.138136
vt 0.671061 0.100218
vt 0.691722 0.022491
vt 0.928650 0.169352
vt 0.929286 0.130942
vt 0.785260 0.126721
vt 0.784129 0.163871
vt 0.926763 0.289029
vt 0.929442 0.216352
vt 0.781301 0.214912
vt 0.784196 0.302881
vt 0.929922 0.092532
vt 0.929843 0.054491
vt 0.788715 0.048963
vt 0.786392 0.089571
vt 0.661456 0.209500
vt 0.666697 0.286922
vt 0.658258 0.158982
vt 0.662091 0.124168
vt 0.676024 0.051971
vt 0.665925 0.089355
vt 0.929764 0.020542
vt 0.791039 0.013115
vt 0.686123 0.018763
vt 0.490737 0.224866
vt 0.364963 0.217426
vt 0.366933 0.116579
vt 0.491844 0.120597
vt 0.489093 0.400252
vt 0.365023 0.419051
vt 0.362503 0.286706
vt 0.491426 0.288662
vt 0.367944 0.088672
vt 0.491809 0.094465
vt 0.262769 0.397391
vt 0.258206 0.279360
vt 0.255423 0.210791
vt 0.262096 0.116283
vt 0.266490 0.090564
vt 0.370978 0.008260
vt 0.368955 0.060768
vt 0.270885 0.064835
vt 0.279674 0.016224
vt 0.491775 0.068332
vt 0.491706 0.016067
vt 0.949626 0.189391
vt 0.954226 0.102819
vt 0.791760 0.103060
vt 0.795111 0.185275
vt 0.952580 0.306384
vt 0.952189 0.285260
vt 0.791049 0.291934
vt 0.790225 0.316859
vt 0.951406 0.243013
vt 0.792698 0.242082
vt 0.954011 0.059087
vt 0.797378 0.056688
vt 0.666007 0.279869
vt 0.667536 0.302318
vt 0.659042 0.177256
vt 0.662949 0.234972
vt 0.668396 0.100071
vt 0.680696 0.057726
vt 0.951797 0.264137
vt 0.791874 0.267008
vt 0.664478 0.257421
vt 0.789400 0.341785
vt 0.669065 0.324766
vt 0.952972 0.327507
vt 0.953796 0.020026
vt 0.802997 0.015498
vt 0.692995 0.020019
vt 0.489106 0.204131
vt 0.489106 0.235381
vt 0.382246 0.235381
vt 0.382246 0.204131
vt 0.489106 0.088275
vt 0.489106 0.108818
vt 0.382246 0.108818
vt 0.382246 0.088275
vt 0.382246 0.009189
vt 0.489106 0.009189
vt 0.489106 0.068444
vt 0.382246 0.068444
vt 0.255966 0.009189
vt 0.255966 0.068444
vt 0.255966 0.108818
vt 0.255966 0.088275
vt 0.489106 0.129362
vt 0.489106 0.173482
vt 0.382246 0.173482
vt 0.382246 0.129362
vt 0.255966 0.173482
vt 0.255966 0.129362
vt 0.255966 0.204131
vt 0.255966 0.235381
vt 0.489106 0.266632
vt 0.489106 0.318320
vt 0.382246 0.318320
vt 0.382246 0.266632
vt 0.255966 0.318320
vt 0.255966 0.266632
vt 0.489106 0.402483
vt 0.382246 0.402483
vt 0.255966 0.402483
vt 0.944592 0.133065
vt 0.786885 0.131296
vt 0.788552 0.168817
vt 0.944854 0.260079
vt 0.784510 0.266170
vt 0.782869 0.311672
vt 0.943190 0.197046
vt 0.787351 0.194743
vt 0.786151 0.220668
vt 0.946881 0.093556
vt 0.946667 0.053882
vt 0.790808 0.051668
vt 0.785217 0.093775
vt 0.672892 0.255159
vt 0.675935 0.296139
vt 0.667905 0.187838
vt 0.669848 0.214179
vt 0.670615 0.126272
vt 0.665961 0.161498
vt 0.674702 0.052703
vt 0.671610 0.091047
vt 0.943448 0.152819
vt 0.787718 0.150057
vt 0.676376 0.255159
vt 0.679420 0.296139
vt 0.671389 0.187838
vt 0.673333 0.214179
vt 0.671773 0.143885
vt 0.669446 0.161498
vt 0.946881 0.008821
vt 0.785217 0.009020
vt 0.678754 0.006545
vt 0.674100 0.126272
vt 0.331914 0.184005
vt 0.400330 0.189349
vt 0.400116 0.102500
vt 0.335802 0.100865
vt 0.400330 0.346868
vt 0.396942 0.247114
vt 0.330715 0.243018
vt 0.332025 0.344529
vt 0.483371 0.192948
vt 0.484403 0.105069
vt 0.481840 0.329854
vt 0.484014 0.246714
vt 0.400687 0.009902
vt 0.342769 0.011614
vt 0.484276 0.016973
vt 0.266600 0.238874
vt 0.270853 0.327443
vt 0.264005 0.181084
vt 0.270226 0.101434
vt 0.286612 0.017469
vt 0.367959 0.101682
vt 0.366122 0.186677
vt 0.363828 0.245066
vt 0.366177 0.345699
vt 0.484340 0.061021
vt 0.369843 0.054704
vt 0.278419 0.058126
vt 0.371728 0.010758
vt 0.832961 0.286407
vt 0.748152 0.283345
vt 0.939235 0.278118
vt 0.669171 0.273239
vt 0.497864 0.376293
vt 0.390839 0.376293
vt 0.390839 0.407009
vt 0.497864 0.407009
vt 0.497864 0.044126
vt 0.390839 0.044126
vt 0.390839 0.091802
vt 0.497864 0.091802
vt 0.497864 0.007287
vt 0.390839 0.007287
vt 0.264364 0.007287
vt 0.264364 0.044126
vt 0.264364 0.091802
vt 0.497864 0.212442
vt 0.390839 0.212442
vt 0.390839 0.275929
vt 0.497864 0.275929
vt 0.390839 0.147849
vt 0.497864 0.147849
vt 0.264364 0.147849
vt 0.264364 0.212442
vt 0.264364 0.275929
vt 0.390839 0.329773
vt 0.497864 0.329773
vt 0.264364 0.329773
vt 0.264364 0.376293
vt 0.264364 0.407009
vt 0.390839 0.025569
vt 0.497864 0.025569
vt 0.264364 0.025569
vt 0.243882 0.913280
vt 0.243882 0.969680
vt 0.131541 0.969680
vt 0.131541 0.913280
vt 0.243882 0.289410
vt 0.243882 0.378640
vt 0.131541 0.378640
vt 0.131541 0.289410
vt 0.243882 0.088537
vt 0.243882 0.155556
vt 0.131541 0.155556
vt 0.131541 0.088537
vt 0.131541 0.023153
vt 0.243882 0.023153
vt 0.019318 0.023153
vt 0.019318 0.088537
vt 0.019318 0.155556
vt 0.243882 0.220261
vt 0.131541 0.220261
vt 0.019318 0.220261
vt 0.019318 0.289410
vt 0.019318 0.378640
vt 0.243882 0.666530
vt 0.243882 0.724690
vt 0.131541 0.724690
vt 0.131541 0.666530
vt 0.243882 0.488170
vt 0.131541 0.488170
vt 0.019318 0.488170
vt 0.243882 0.608370
vt 0.131541 0.608370
vt 0.019318 0.608370
vt 0.019318 0.724690
vt 0.019318 0.666530
vt 0.243882 0.828170
vt 0.131541 0.828170
vt 0.019318 0.828170
vt 0.019318 0.913280
vt 0.019318 0.969680
vt 0.495880 0.381782
vt 0.376452 0.381782
vt 0.376452 0.407668
vt 0.495880 0.407668
vt 0.495880 0.095393
vt 0.376452 0.095393
vt 0.376452 0.136355
vt 0.495880 0.136355
vt 0.495880 0.006255
vt 0.376452 0.006255
vt 0.376452 0.038460
vt 0.495880 0.038460
vt 0.257161 0.006255
vt 0.257161 0.038460
vt 0.376452 0.063795
vt 0.495880 0.063795
vt 0.257161 0.063795
vt 0.257161 0.095393
vt 0.257161 0.136355
vt 0.495880 0.241812
vt 0.376452 0.241812
vt 0.376452 0.268512
vt 0.495880 0.268512
vt 0.376452 0.186640
vt 0.495880 0.186640
vt 0.257161 0.186640
vt 0.257161 0.241812
vt 0.257161 0.268512
vt 0.495880 0.295212
vt 0.376452 0.295212
vt 0.376452 0.342709
vt 0.495880 0.342709
vt 0.257161 0.295212
vt 0.257161 0.342709
vt 0.257161 0.381782
vt 0.257161 0.407668
vt 0.494861 0.370110
vt 0.494861 0.399714
vt 0.390953 0.399714
vt 0.390953 0.370110
vt 0.494861 0.049902
vt 0.494861 0.095916
vt 0.390953 0.095916
vt 0.390953 0.049902
vt 0.494861 0.014158
vt 0.390953 0.014158
vt 0.268162 0.049902
vt 0.268162 0.014158
vt 0.268162 0.095916
vt 0.494861 0.242784
vt 0.494861 0.273378
vt 0.390953 0.273378
vt 0.390953 0.242784
vt 0.494861 0.149935
vt 0.390953 0.149935
vt 0.268162 0.149935
vt 0.494861 0.212190
vt 0.390953 0.212190
vt 0.268162 0.212190
vt 0.268162 0.273378
vt 0.268162 0.242784
vt 0.494861 0.325274
vt 0.390953 0.325274
vt 0.268162 0.325274
vt 0.268162 0.370110
vt 0.268162 0.399714
vt 0.466670 0.239400
vt 0.381380 0.239400
vt 0.280590 0.239400
vt 0.478130 0.256720
vt 0.381490 0.256720
vt 0.478130 0.155355
vt 0.381490 0.155355
vt 0.284960 0.155355
vt 0.284960 0.256720
vt 0.248680 0.936170
vt 0.248680 0.998577
vt 0.131530 0.998577
vt 0.131530 0.936170
vt 0.248680 0.226530
vt 0.248680 0.328030
vt 0.131530 0.328030
vt 0.131530 0.226530
vt 0.248680 0.021940
vt 0.248680 0.084060
vt 0.131530 0.084060
vt 0.131530 0.021940
vt 0.014500 0.084060
vt 0.014500 0.021940
vt 0.248680 0.148230
vt 0.131530 0.148230
vt 0.014500 0.148230
vt 0.014500 0.226530
vt 0.014500 0.328030
vt 0.248680 0.452620
vt 0.131530 0.452620
vt 0.014500 0.452620
vt 0.248680 0.589340
vt 0.131530 0.589340
vt 0.014500 0.589340
vt 0.248680 0.721650
vt 0.248680 0.839370
vt 0.131530 0.839370
vt 0.131530 0.721650
vt 0.014500 0.839370
vt 0.014500 0.721650
vt 0.014500 0.936170
vt 0.014500 0.998577
vt 0.248680 0.688573
vt 0.131530 0.688573
vt 0.014500 0.688573
vt 0.014500 0.638956
vt 0.131530 0.638956
vt 0.248680 0.638956
vt 0.207880 0.913280
vt 0.207880 0.969680
vt 0.131560 0.969680
vt 0.131560 0.913280
vt 0.207880 0.289410
vt 0.207880 0.378640
vt 0.131560 0.378640
vt 0.131560 0.289410
vt 0.207880 0.109550
vt 0.207880 0.164160
vt 0.131560 0.164160
vt 0.131560 0.109550
vt 0.131560 0.014645
vt 0.207880 0.014645
vt 0.055320 0.014645
vt 0.055320 0.109550
vt 0.055320 0.164160
vt 0.207880 0.220580
vt 0.131560 0.220580
vt 0.055320 0.220580
vt 0.055320 0.289410
vt 0.055320 0.378640
vt 0.207880 0.666530
vt 0.207880 0.724690
vt 0.131560 0.724690
vt 0.131560 0.666530
vt 0.207880 0.488170
vt 0.131560 0.488170
vt 0.055320 0.488170
vt 0.207880 0.608370
vt 0.131560 0.608370
vt 0.055320 0.608370
vt 0.055320 0.724690
vt 0.055320 0.666530
vt 0.207880 0.776430
vt 0.207880 0.828170
vt 0.131560 0.828170
vt 0.131560 0.776430
vt 0.055320 0.828170
vt 0.055320 0.776430
vt 0.055320 0.913280
vt 0.055320 0.969680
vt 0.354170 0.065210
vt 0.476030 0.074870
vt 0.476030 0.093820
vt 0.354170 0.086845
vt 0.354170 0.376320
vt 0.476030 0.384450
vt 0.476030 0.400650
vt 0.354170 0.396860
vt 0.354170 0.357740
vt 0.476030 0.366400
vt 0.354170 0.333330
vt 0.476030 0.336110
vt 0.354170 0.306940
vt 0.476030 0.309180
vt 0.354170 0.282040
vt 0.476030 0.280780
vt 0.354170 0.253330
vt 0.476030 0.252620
vt 0.354170 0.228860
vt 0.476030 0.226000
vt 0.354170 0.200860
vt 0.476030 0.198260
vt 0.354170 0.158510
vt 0.476030 0.156630
vt 0.476030 0.134700
vt 0.354170 0.133495
vt 0.354170 0.108480
vt 0.476030 0.112770
vt 0.272140 0.203190
vt 0.272140 0.159930
vt 0.272140 0.230070
vt 0.272140 0.253750
vt 0.272140 0.281320
vt 0.272140 0.304620
vt 0.272140 0.329660
vt 0.272140 0.350910
vt 0.272140 0.372490
vt 0.272140 0.389590
vt 0.272140 0.083030
vt 0.272140 0.061920
vt 0.272140 0.132035
vt 0.272140 0.104140
vt 0.354170 0.032156
vt 0.476030 0.036689
vt 0.272140 0.030629
vt 0.272140 0.001295
vt 0.354170 0.001295
vt 0.476030 0.001295
vt 0.484584 0.389282
vt 0.484584 0.403390
vt 0.382872 0.403390
vt 0.382872 0.389282
vt 0.484584 0.044844
vt 0.484584 0.096868
vt 0.382872 0.096868
vt 0.382872 0.044844
vt 0.484584 0.009045
vt 0.484584 0.045149
vt 0.382872 0.045149
vt 0.382872 0.009045
vt 0.262676 0.045149
vt 0.262676 0.009045
vt 0.262676 0.096868
vt 0.262676 0.044844
vt 0.484584 0.253821
vt 0.484584 0.282980
vt 0.382872 0.282980
vt 0.382872 0.253821
vt 0.484584 0.159389
vt 0.382872 0.159389
vt 0.262676 0.159389
vt 0.484584 0.224662
vt 0.382872 0.224662
vt 0.262676 0.224662
vt 0.262676 0.282980
vt 0.262676 0.253821
vt 0.484584 0.332441
vt 0.382872 0.332441
vt 0.262676 0.332441
vt 0.484584 0.375174
vt 0.382872 0.375174
vt 0.262676 0.375174
vt 0.262676 0.403390
vt 0.262676 0.389282
vt 0.942608 0.166832
vt 0.793554 0.161409
vt 0.795890 0.087919
vt 0.943920 0.090847
vt 0.940663 0.285206
vt 0.793624 0.298907
vt 0.790639 0.211896
vt 0.943425 0.213321
vt 0.800681 0.012427
vt 0.943758 0.019774
vt 0.672441 0.283121
vt 0.667034 0.206542
vt 0.663736 0.156574
vt 0.671645 0.087704
vt 0.692476 0.018016
vt 0.251100 0.287920
vt 0.144240 0.287920
vt 0.144240 0.334605
vt 0.251100 0.334605
vt 0.251100 0.082970
vt 0.144240 0.082970
vt 0.144240 0.113660
vt 0.251100 0.113660
vt 0.144240 0.053345
vt 0.251100 0.053345
vt 0.017960 0.053345
vt 0.017960 0.082970
vt 0.017960 0.113660
vt 0.251100 0.144350
vt 0.144240 0.144350
vt 0.144240 0.210260
vt 0.251100 0.210260
vt 0.017960 0.144350
vt 0.017960 0.210260
vt 0.017960 0.287920
vt 0.017960 0.334605
vt 0.017960 0.068158
vt 0.144240 0.068158
vt 0.251100 0.068158
vt 0.354170 0.065194
vt 0.476030 0.351255
vt 0.354170 0.345535
vt 0.476030 0.266700
vt 0.354170 0.267685
vt 0.272140 0.267535
vt 0.272140 0.340285
vt 0.476030 0.018931
vt 0.354170 0.017226
vt 0.272140 0.016451
vt 0.354170 0.032855
vt 0.272140 0.031318
vt 0.476030 0.239310
vt 0.354170 0.241095
vt 0.272140 0.241910
vt 0.963802 0.637969
vt 0.828236 0.637969
vt 0.828236 0.659689
vt 0.963802 0.659689
vt 0.963802 0.425543
vt 0.828236 0.425543
vt 0.828236 0.455632
vt 0.963802 0.455632
vt 0.963802 0.373327
vt 0.828236 0.373327
vt 0.828236 0.382822
vt 0.963802 0.382822
vt 0.682128 0.373327
vt 0.682128 0.382822
vt 0.828236 0.402231
vt 0.963802 0.402231
vt 0.682128 0.402231
vt 0.682128 0.425543
vt 0.682128 0.455632
vt 0.963802 0.533107
vt 0.828236 0.533107
vt 0.828236 0.573401
vt 0.963802 0.573401
vt 0.828236 0.492394
vt 0.963802 0.492394
vt 0.682128 0.492394
vt 0.682128 0.533107
vt 0.682128 0.573401
vt 0.828236 0.609964
vt 0.963802 0.609964
vt 0.682128 0.609964
vt 0.682128 0.637969
vt 0.682128 0.659689
vt 0.682128 0.631245
vt 0.828236 0.631245
vt 0.828236 0.624522
vt 0.682128 0.624522
vt 0.963802 0.624522
vt 0.963802 0.631245
vt 0.828236 0.363832
vt 0.682128 0.363832
vt 0.963802 0.363832
vt 0.959772 0.639840
vt 0.959772 0.645213
vt 0.831481 0.645213
vt 0.831481 0.639840
vt 0.959772 0.407845
vt 0.959772 0.424631
vt 0.831481 0.424631
vt 0.831481 0.407845
vt 0.959772 0.363138
vt 0.959772 0.391060
vt 0.831481 0.391060
vt 0.831481 0.363138
vt 0.679896 0.391060
vt 0.679896 0.363138
vt 0.679896 0.424631
vt 0.679896 0.407845
vt 0.959772 0.509061
vt 0.959772 0.553483
vt 0.831481 0.553483
vt 0.831481 0.509061
vt 0.959772 0.463854
vt 0.831481 0.463854
vt 0.679896 0.463854
vt 0.679896 0.509061
vt 0.679896 0.553483
vt 0.959772 0.572324
vt 0.959772 0.591165
vt 0.831481 0.591165
vt 0.831481 0.572324
vt 0.679896 0.591165
vt 0.679896 0.572324
vt 0.959772 0.623719
vt 0.831481 0.623719
vt 0.679896 0.623719
vt 0.679896 0.645213
vt 0.679896 0.639840
vt 0.831481 0.634466
vt 0.679896 0.634466
vt 0.959772 0.634466
vt 0.249618 0.942133
vt 0.110662 0.942133
vt 0.110662 0.995708
vt 0.249618 0.995708
vt 0.249618 0.167635
vt 0.110662 0.167635
vt 0.110662 0.250934
vt 0.249618 0.250934
vt 0.011692 0.167635
vt 0.011692 0.250934
vt 0.249618 0.519090
vt 0.110662 0.519090
vt 0.110662 0.637050
vt 0.249618 0.637050
vt 0.249618 0.329372
vt 0.110662 0.329372
vt 0.110662 0.411170
vt 0.249618 0.411170
vt 0.011692 0.329372
vt 0.011692 0.411170
vt 0.249618 0.465130
vt 0.110662 0.465130
vt 0.011692 0.465130
vt 0.011692 0.519090
vt 0.011692 0.637050
vt 0.110662 0.743080
vt 0.249618 0.743080
vt 0.011692 0.743080
vt 0.110662 0.834270
vt 0.249618 0.834270
vt 0.011692 0.834270
vt 0.011692 0.942133
vt 0.011692 0.995708
vt 0.110662 0.871010
vt 0.011692 0.871010
vt 0.249618 0.871010
vt 0.110662 0.438150
vt 0.011692 0.438150
vt 0.249618 0.438150
vt 0.249618 0.025532
vt 0.110662 0.025532
vt 0.011692 0.025532
vt 0.252002 0.939477
vt 0.252002 0.997971
vt 0.130840 0.997971
vt 0.130840 0.939477
vt 0.252002 0.274059
vt 0.252002 0.369232
vt 0.130840 0.369232
vt 0.130840 0.274059
vt 0.252002 0.082221
vt 0.252002 0.140468
vt 0.130840 0.140468
vt 0.130840 0.082221
vt 0.130840 0.019399
vt 0.252002 0.019399
vt 0.009805 0.019399
vt 0.009805 0.082221
vt 0.009805 0.140468
vt 0.252002 0.200645
vt 0.130840 0.200645
vt 0.009805 0.200645
vt 0.009805 0.274059
vt 0.009805 0.369232
vt 0.252002 0.614260
vt 0.252002 0.738327
vt 0.130840 0.738327
vt 0.130840 0.614260
vt 0.252002 0.427644
vt 0.252002 0.486056
vt 0.130840 0.486056
vt 0.130840 0.427644
vt 0.009805 0.486056
vt 0.009805 0.427644
vt 0.009805 0.614260
vt 0.009805 0.738327
vt 0.252002 0.793513
vt 0.252002 0.848698
vt 0.130840 0.848698
vt 0.130840 0.793513
vt 0.009805 0.848698
vt 0.009805 0.793513
vt 0.009805 0.939477
vt 0.009805 0.997971
vt 0.249618 0.245630
vt 0.249618 0.324860
vt 0.110662 0.324860
vt 0.110662 0.245630
vt 0.194770 0.014551
vt 0.249618 0.105740
vt 0.110662 0.105740
vt 0.119880 0.014551
vt 0.011692 0.105740
vt 0.066540 0.014551
vt 0.249618 0.172120
vt 0.110662 0.172120
vt 0.011692 0.172120
vt 0.011692 0.245630
vt 0.011692 0.324860
vt 0.249618 0.368015
vt 0.110662 0.368015
vt 0.011692 0.368015
vt 0.961421 0.657360
vt 0.961421 0.677415
vt 0.820880 0.677415
vt 0.820880 0.657360
vt 0.961421 0.435528
vt 0.961421 0.467256
vt 0.820880 0.467256
vt 0.820880 0.435528
vt 0.961421 0.371574
vt 0.961421 0.390992
vt 0.820880 0.390992
vt 0.820880 0.371574
vt 0.820880 0.361103
vt 0.961421 0.361103
vt 0.680486 0.361103
vt 0.680486 0.371574
vt 0.680486 0.390992
vt 0.961421 0.411054
vt 0.820880 0.411054
vt 0.680486 0.411054
vt 0.680486 0.435528
vt 0.680486 0.467256
vt 0.961421 0.548942
vt 0.961421 0.590303
vt 0.820880 0.590303
vt 0.820880 0.548942
vt 0.961421 0.506202
vt 0.820880 0.506202
vt 0.680486 0.506202
vt 0.961421 0.527572
vt 0.820880 0.527572
vt 0.680486 0.548942
vt 0.680486 0.527572
vt 0.680486 0.590303
vt 0.961421 0.608700
vt 0.961421 0.627097
vt 0.820880 0.627097
vt 0.820880 0.608700
vt 0.680486 0.627097
vt 0.680486 0.608700
vt 0.680486 0.657360
vt 0.680486 0.677415
vt 0.680486 0.350631
vt 0.820880 0.350631
vt 0.961421 0.350631
vt 0.252002 0.676293
vt 0.130840 0.676293
vt 0.009805 0.676293
vt 0.843367 0.604894
vt 0.788875 0.664375
vt 0.987649 0.666948
vt 0.987649 0.621685
vt 0.874107 0.335258
vt 0.795647 0.442076
vt 0.987649 0.449765
vt 0.987649 0.345762
vt 0.655531 0.571773
vt 0.655531 0.639962
vt 0.742391 0.325018
vt 0.667025 0.428779
vt 0.790723 0.548464
vt 0.987649 0.570331
vt 0.655531 0.522753
vt 0.043450 0.031198
vt 0.043450 0.096149
vt 0.124535 0.094769
vt 0.131714 0.001768
vt 0.243240 0.022898
vt 0.243240 0.097864
vt 0.243240 0.855910
vt 0.243240 0.765010
vt 0.132620 0.791350
vt 0.155400 0.866420
vt 0.243240 0.716795
vt 0.127985 0.735350
vt 0.243240 0.668580
vt 0.243240 0.568080
vt 0.124760 0.581480
vt 0.123350 0.679350
vt 0.243240 0.502660
vt 0.127010 0.519875
vt 0.243240 0.437240
vt 0.243240 0.338420
vt 0.125380 0.361460
vt 0.129260 0.458270
vt 0.243240 0.298720
vt 0.243240 0.237473
vt 0.132140 0.252227
vt 0.131335 0.316425
vt 0.243240 0.172830
vt 0.116690 0.194740
vt 0.043450 0.228405
vt 0.043450 0.302800
vt 0.043450 0.354760
vt 0.043450 0.447330
vt 0.043450 0.512265
vt 0.043450 0.577200
vt 0.043450 0.675850
vt 0.043450 0.735320
vt 0.043450 0.794790
vt 0.043450 0.894700
vt 0.043450 0.161100
vt 0.139520 0.982430
vt 0.243240 0.942190
vt 0.043450 0.988650
vt 0.809643 0.623130
vt 0.804644 0.645087
vt 0.952075 0.641238
vt 0.955075 0.615083
vt 0.833973 0.362133
vt 0.837335 0.456847
vt 0.957787 0.454457
vt 0.958459 0.365185
vt 0.683386 0.619173
vt 0.689315 0.642063
vt 0.691508 0.367777
vt 0.679801 0.454557
vt 0.830741 0.499267
vt 0.824640 0.557257
vt 0.960104 0.559107
vt 0.959420 0.501617
vt 0.675238 0.502957
vt 0.676182 0.555797
vt 0.677456 0.596284
vt 0.814642 0.601172
vt 0.958074 0.588927
vt 0.226513 0.855910
vt 0.226513 0.765010
vt 0.115893 0.791350
vt 0.138673 0.866420
vt 0.226513 0.716795
vt 0.111258 0.735350
vt 0.226513 0.668580
vt 0.226513 0.568080
vt 0.108033 0.581480
vt 0.106623 0.679350
vt 0.226513 0.502660
vt 0.110283 0.519875
vt 0.226513 0.437240
vt 0.226513 0.338420
vt 0.108653 0.361460
vt 0.112533 0.458270
vt 0.226513 0.298720
vt 0.226513 0.029250
vt 0.115413 0.044005
vt 0.114608 0.316425
vt 0.026723 0.020182
vt 0.026723 0.302800
vt 0.026723 0.354760
vt 0.026723 0.447330
vt 0.026723 0.512265
vt 0.026723 0.577200
vt 0.026723 0.675850
vt 0.026723 0.735320
vt 0.026723 0.794790
vt 0.026723 0.894700
vt 0.130733 0.924425
vt 0.122793 0.982430
vt 0.226513 0.942190
vt 0.226513 0.899050
vt 0.026723 0.941675
vt 0.026723 0.988650
vt 0.134703 0.895422
vt 0.226513 0.877480
vt 0.026723 0.918187
vt 0.224223 0.802796
vt 0.224223 0.756812
vt 0.133916 0.751711
vt 0.132608 0.797030
vt 0.132882 0.879010
vt 0.224223 0.880126
vt 0.224223 0.848305
vt 0.132770 0.845278
vt 0.039747 0.855627
vt 0.039747 0.892308
vt 0.125057 0.993928
vt 0.224223 0.993928
vt 0.224223 0.937551
vt 0.128969 0.936993
vt 0.039747 0.993928
vt 0.039747 0.943673
vt 0.039747 0.803167
vt 0.039747 0.755578
vt 0.135223 0.706393
vt 0.128131 0.592744
vt 0.039747 0.592384
vt 0.039747 0.707989
vt 0.224223 0.710829
vt 0.224223 0.603219
vt 0.039747 0.098655
vt 0.039747 0.142013
vt 0.131773 0.144789
vt 0.126433 0.098863
vt 0.039747 0.228728
vt 0.039747 0.315397
vt 0.123708 0.344350
vt 0.142453 0.236641
vt 0.039747 0.466113
vt 0.118094 0.463320
vt 0.224223 0.481478
vt 0.224223 0.356553
vt 0.224223 0.261038
vt 0.224223 0.169486
vt 0.224223 0.123710
vt 0.039747 0.027952
vt 0.039747 0.063304
vt 0.123763 0.062227
vt 0.121093 0.025591
vt 0.224223 0.080313
vt 0.224223 0.036915
vt 0.133604 0.996139
vt 0.133243 0.938266
vt 0.224223 0.938824
vt 0.224223 0.996139
vt 0.039747 0.996139
vt 0.039747 0.944922
vt 0.039747 0.057637
vt 0.126433 0.058103
vt 0.131773 0.103771
vt 0.039747 0.100994
vt 0.039747 0.187709
vt 0.142453 0.195623
vt 0.224223 0.220020
vt 0.224223 0.082691
vt 0.224223 0.128467
vt 0.039747 0.014279
vt 0.121093 0.013560
vt 0.963802 0.474013
vt 0.828236 0.474013
vt 0.682128 0.474013
vt 0.682128 0.448110
vt 0.828236 0.448110
vt 0.963802 0.448110
vt 0.263605 0.054461
vt 0.378957 0.055367
vt 0.380727 0.127061
vt 0.263605 0.134416
vt 0.263605 0.242920
vt 0.378680 0.248613
vt 0.371024 0.407825
vt 0.263605 0.407825
vt 0.489700 0.242920
vt 0.489700 0.407825
vt 0.489700 0.050362
vt 0.489700 0.134416
vt 0.263605 0.009548
vt 0.384228 0.006863
vt 0.489700 0.010831
vt 0.142457 0.698910
vt 0.121680 0.755094
vt 0.032230 0.755094
vt 0.032230 0.698910
vt 0.228445 0.698910
vt 0.228445 0.755094
vt 0.145256 0.614026
vt 0.228445 0.614026
vt 0.120432 0.232192
vt 0.228445 0.224081
vt 0.228445 0.345025
vt 0.125403 0.352007
vt 0.032230 0.349734
vt 0.032230 0.237685
vt 0.032230 0.533119
vt 0.032230 0.420428
vt 0.131598 0.420428
vt 0.138209 0.533119
vt 0.032230 0.614026
vt 0.133544 0.015332
vt 0.119152 0.142734
vt 0.032230 0.132609
vt 0.032230 0.013690
vt 0.228445 0.132758
vt 0.228445 0.013690
vt 0.228445 0.914302
vt 0.228445 0.987080
vt 0.125347 0.987080
vt 0.112060 0.914302
vt 0.032230 0.914302
vt 0.032230 0.987080
vt 0.032230 0.810930
vt 0.112604 0.810930
vt 0.228445 0.810930
vt 0.228445 0.533119
vt 0.228445 0.420428
vt 0.229054 0.704112
vt 0.128647 0.710744
vt 0.138611 0.636344
vt 0.229054 0.634464
vt 0.127923 0.862502
vt 0.126386 0.796881
vt 0.229054 0.793252
vt 0.229054 0.860688
vt 0.021633 0.793252
vt 0.021633 0.860688
vt 0.130645 0.991798
vt 0.129459 0.928124
vt 0.229054 0.928124
vt 0.229054 0.991798
vt 0.021633 0.991798
vt 0.021633 0.928124
vt 0.021633 0.704112
vt 0.021633 0.634464
vt 0.021633 0.554623
vt 0.146320 0.560292
vt 0.229054 0.554623
vt 0.021633 0.082520
vt 0.126596 0.081365
vt 0.140096 0.134383
vt 0.021633 0.134383
vt 0.021633 0.222248
vt 0.136832 0.222248
vt 0.152174 0.355785
vt 0.021633 0.355785
vt 0.158823 0.463968
vt 0.021633 0.462939
vt 0.229054 0.477967
vt 0.229054 0.355785
vt 0.229054 0.222248
vt 0.229054 0.079117
vt 0.229054 0.134383
vt 0.021633 0.030656
vt 0.113096 0.028347
vt 0.229054 0.023851
vt 0.238674 0.736833
vt 0.127648 0.730999
vt 0.129233 0.681638
vt 0.238674 0.686800
vt 0.127912 0.865768
vt 0.127844 0.810175
vt 0.238674 0.813238
vt 0.238674 0.867864
vt 0.015112 0.820648
vt 0.015112 0.877732
vt 0.129545 0.992276
vt 0.127980 0.921360
vt 0.238674 0.922490
vt 0.238674 0.992276
vt 0.015112 0.992276
vt 0.015112 0.934816
vt 0.015112 0.737209
vt 0.015112 0.685551
vt 0.130817 0.632277
vt 0.015112 0.633892
vt 0.015112 0.521581
vt 0.122222 0.521945
vt 0.238674 0.532545
vt 0.238674 0.636767
vt 0.015112 0.024182
vt 0.120164 0.024392
vt 0.130059 0.077657
vt 0.015112 0.093258
vt 0.015112 0.182690
vt 0.124822 0.190138
vt 0.133282 0.285119
vt 0.015112 0.278653
vt 0.144223 0.413096
vt 0.015112 0.403145
vt 0.238674 0.418693
vt 0.238674 0.282941
vt 0.238674 0.189133
vt 0.238674 0.029166
vt 0.238674 0.075488
vt 0.123124 0.126434
vt 0.238674 0.121809
vt 0.015112 0.126948
vt 0.320596 0.849524
vt 0.321191 0.861830
vt 0.272691 0.872618
vt 0.272691 0.861560
vt 0.363826 0.861560
vt 0.363826 0.872618
vt 0.326476 0.791792
vt 0.363826 0.799748
vt 0.324986 0.719119
vt 0.363826 0.721775
vt 0.320771 0.658140
vt 0.363826 0.640665
vt 0.363826 0.595093
vt 0.320058 0.585441
vt 0.319892 0.538871
vt 0.363826 0.551387
vt 0.272691 0.592184
vt 0.272691 0.537248
vt 0.272691 0.648052
vt 0.272691 0.721775
vt 0.272691 0.799748
vt 0.319747 0.469706
vt 0.272691 0.460606
vt 0.363826 0.484779
vt 0.363826 0.905792
vt 0.363826 0.980574
vt 0.325792 0.984282
vt 0.322976 0.898749
vt 0.272691 0.905792
vt 0.272691 0.980574
vt 0.363826 0.883676
vt 0.321786 0.874137
vt 0.272691 0.883676
vt 0.134012 0.709367
vt 0.138742 0.791176
vt 0.038817 0.802881
vt 0.038817 0.729370
vt 0.219917 0.729370
vt 0.219917 0.802881
vt 0.145697 0.613418
vt 0.219917 0.626641
vt 0.142736 0.492639
vt 0.219917 0.497054
vt 0.134360 0.391295
vt 0.219917 0.362253
vt 0.219917 0.286515
vt 0.132944 0.270473
vt 0.132614 0.193076
vt 0.219917 0.213878
vt 0.038817 0.281679
vt 0.038817 0.190379
vt 0.038817 0.374529
vt 0.038817 0.497054
vt 0.038817 0.626641
vt 0.132326 0.018679
vt 0.038817 0.015155
vt 0.219917 0.023430
vt 0.219917 0.927165
vt 0.144338 0.933329
vt 0.038817 0.927165
vt 0.120432 0.177023
vt 0.228445 0.168913
vt 0.228445 0.286611
vt 0.125403 0.293593
vt 0.032230 0.291320
vt 0.032230 0.182516
vt 0.131597 0.420428
vt 0.133544 0.005596
vt 0.119152 0.107037
vt 0.032230 0.096912
vt 0.032230 0.003954
vt 0.228445 0.097060
vt 0.228445 0.003954
vt 0.228445 0.950691
vt 0.118704 0.950691
vt 0.032230 0.950691
vt 0.039747 0.100451
vt 0.039747 0.151254
vt 0.131773 0.154031
vt 0.126433 0.100659
vt 0.039747 0.237970
vt 0.142453 0.245883
vt 0.224223 0.242358
vt 0.224223 0.150805
vt 0.224223 0.105029
vt 0.039747 0.025448
vt 0.121093 0.023087
vt 0.039747 0.829397
vt 0.132689 0.821154
vt 0.224223 0.825550
vt 0.226313 0.736833
vt 0.226313 0.636767
vt 0.130383 0.632277
vt 0.127564 0.730999
vt 0.127860 0.921360
vt 0.226313 0.922490
vt 0.226313 0.867864
vt 0.127799 0.865768
vt 0.027473 0.877732
vt 0.027473 0.934816
vt 0.129252 0.992276
vt 0.226313 0.992276
vt 0.027473 0.992276
vt 0.027473 0.737209
vt 0.027473 0.633892
vt 0.122738 0.521945
vt 0.027473 0.521581
vt 0.226313 0.532545
vt 0.027473 0.024182
vt 0.027473 0.088833
vt 0.123786 0.090343
vt 0.120908 0.024392
vt 0.027473 0.231700
vt 0.027473 0.274307
vt 0.128074 0.274281
vt 0.138176 0.239707
vt 0.027473 0.316915
vt 0.027473 0.403145
vt 0.111921 0.400319
vt 0.117971 0.308855
vt 0.226313 0.418693
vt 0.226313 0.321203
vt 0.226313 0.292799
vt 0.226313 0.264395
vt 0.226313 0.095042
vt 0.226313 0.029166
vt 0.027473 0.820648
vt 0.127739 0.810175
vt 0.226313 0.813238
vt 0.226313 0.166656
vt 0.126664 0.162033
vt 0.027473 0.159224
vt 0.027473 0.126701
vt 0.126664 0.129511
vt 0.027473 0.199177
vt 0.138176 0.207185
vt 0.027473 0.360030
vt 0.114946 0.354587
vt 0.027473 0.462363
vt 0.117329 0.461132
vt 0.226313 0.475619
vt 0.226313 0.369948
vt 0.226313 0.231872
vt 0.226313 0.134133
vt 0.322742 0.849524
vt 0.272074 0.861560
vt 0.272074 0.905792
vt 0.325260 0.898749
vt 0.368466 0.861560
vt 0.368466 0.905792
vt 0.368466 0.799748
vt 0.328962 0.791792
vt 0.370614 0.721775
vt 0.329534 0.719119
vt 0.370614 0.640665
vt 0.325075 0.658140
vt 0.370614 0.595093
vt 0.370614 0.573240
vt 0.324234 0.562155
vt 0.324322 0.585441
vt 0.274222 0.564716
vt 0.274222 0.592184
vt 0.274222 0.648052
vt 0.274222 0.721775
vt 0.272074 0.799748
vt 0.274222 0.620118
vt 0.324699 0.621790
vt 0.370614 0.617879
vt 0.324070 0.500053
vt 0.274222 0.494692
vt 0.274222 0.537248
vt 0.324147 0.538871
vt 0.370614 0.551387
vt 0.370614 0.513848
vt 0.328238 0.984282
vt 0.368466 0.980574
vt 0.272074 0.980574
vt 0.370614 0.476308
vt 0.323993 0.461235
vt 0.274222 0.452135
vt 0.137649 0.732076
vt 0.026713 0.755382
vt 0.026713 0.841027
vt 0.143161 0.827390
vt 0.237759 0.755382
vt 0.237759 0.841027
vt 0.237759 0.635695
vt 0.151266 0.620289
vt 0.237759 0.484716
vt 0.147816 0.479573
vt 0.237759 0.327664
vt 0.138054 0.361500
vt 0.237759 0.239424
vt 0.237759 0.154797
vt 0.136020 0.130561
vt 0.136404 0.220734
vt 0.026713 0.127419
vt 0.026713 0.233790
vt 0.026713 0.341967
vt 0.026713 0.484716
vt 0.026713 0.635695
vt 0.135684 0.027156
vt 0.026713 0.018255
vt 0.237759 0.025824
vt 0.149682 0.992219
vt 0.237759 0.985827
vt 0.026713 0.985827
vt 0.027473 0.088439
vt 0.126664 0.091249
vt 0.027473 0.160915
vt 0.027473 0.278653
vt 0.117971 0.270593
vt 0.138176 0.168922
vt 0.226313 0.282941
vt 0.226313 0.193610
vt 0.226313 0.095871
vt 0.025493 0.984468
vt 0.025493 0.855189
vt 0.130447 0.874862
vt 0.114701 0.999059
vt 0.123870 0.104768
vt 0.125004 0.165111
vt 0.025493 0.163327
vt 0.025493 0.123163
vt 0.234144 0.984468
vt 0.234144 0.872874
vt 0.234144 0.841035
vt 0.133528 0.838994
vt 0.136610 0.803127
vt 0.234144 0.809197
vt 0.137447 0.721529
vt 0.234144 0.731403
vt 0.129702 0.637292
vt 0.234144 0.639450
vt 0.129574 0.593271
vt 0.234144 0.594847
vt 0.234144 0.550244
vt 0.129447 0.549250
vt 0.125748 0.458056
vt 0.234144 0.461187
vt 0.234144 0.414548
vt 0.126621 0.410375
vt 0.127493 0.362695
vt 0.234144 0.367909
vt 0.234144 0.181023
vt 0.025493 0.361743
vt 0.025493 0.408318
vt 0.025493 0.454893
vt 0.025493 0.542229
vt 0.025493 0.584092
vt 0.025493 0.625954
vt 0.025493 0.704378
vt 0.025493 0.783636
vt 0.025493 0.819412
vt 0.234144 0.132011
vt 0.122736 0.006263
vt 0.025493 0.004621
vt 0.234144 0.004621
vt 0.946453 0.018577
vt 0.796398 0.014444
vt 0.675049 0.018570
vt 0.956217 0.626471
vt 0.956217 0.604771
vt 0.839570 0.606271
vt 0.818919 0.629484
vt 0.956217 0.592211
vt 0.842709 0.591716
vt 0.956217 0.579652
vt 0.956217 0.562933
vt 0.843760 0.561997
vt 0.845849 0.577160
vt 0.956217 0.546214
vt 0.956217 0.518059
vt 0.832641 0.518178
vt 0.841671 0.546834
vt 0.956217 0.499257
vt 0.819855 0.499350
vt 0.956217 0.480455
vt 0.956217 0.466365
vt 0.811744 0.466407
vt 0.807069 0.480522
vt 0.956217 0.435939
vt 0.956217 0.402801
vt 0.823611 0.404577
vt 0.817966 0.437073
vt 0.686834 0.465902
vt 0.686834 0.477413
vt 0.686834 0.495191
vt 0.686834 0.512970
vt 0.686834 0.547852
vt 0.686834 0.563835
vt 0.686834 0.579818
vt 0.686834 0.595558
vt 0.686834 0.611298
vt 0.686834 0.631780
vt 0.686834 0.406709
vt 0.686834 0.438448
vt 0.847442 0.371031
vt 0.686834 0.376155
vt 0.686834 0.390912
vt 0.827709 0.387299
vt 0.956217 0.385998
vt 0.956217 0.368145
vt 0.686834 0.486302
vt 0.813462 0.489936
vt 0.956217 0.489856
vt 0.956217 0.350291
vt 0.867174 0.354763
vt 0.686834 0.361399
vt 0.137113 0.128631
vt 0.224223 0.153178
vt 0.039747 0.123286
vt 0.039747 0.017845
vt 0.131773 0.020621
vt 0.224223 0.045318
vt 0.759474 0.523828
vt 0.758009 0.458204
vt 0.852697 0.454416
vt 0.854195 0.519308
vt 0.868996 0.645655
vt 0.778204 0.645655
vt 0.764529 0.569407
vt 0.854677 0.564545
vt 0.969758 0.511616
vt 0.970558 0.448479
vt 0.969325 0.645655
vt 0.973459 0.552651
vt 0.773297 0.362310
vt 0.858913 0.362310
vt 0.971312 0.362310
vt 0.698223 0.645655
vt 0.681631 0.572971
vt 0.671506 0.529703
vt 0.672374 0.467023
vt 0.693040 0.362310
vt 0.494691 0.199928
vt 0.416154 0.206337
vt 0.423492 0.098834
vt 0.492407 0.101813
vt 0.491107 0.408220
vt 0.416780 0.408220
vt 0.410006 0.306775
vt 0.496318 0.306280
vt 0.427119 0.004847
vt 0.493003 0.004847
vt 0.317986 0.303651
vt 0.328386 0.408220
vt 0.263818 0.408220
vt 0.252751 0.297105
vt 0.322851 0.196404
vt 0.250477 0.190772
vt 0.327456 0.102818
vt 0.258804 0.092558
vt 0.335372 0.004847
vt 0.269195 0.004847
vt 0.032066 0.031198
vt 0.120330 0.001768
vt 0.113151 0.094769
vt 0.032066 0.096149
vt 0.231856 0.022898
vt 0.231856 0.097864
vt 0.231856 0.855910
vt 0.144016 0.866420
vt 0.121236 0.791350
vt 0.231856 0.765010
vt 0.116601 0.735350
vt 0.231856 0.716795
vt 0.231856 0.668580
vt 0.111966 0.679350
vt 0.113376 0.581480
vt 0.231856 0.568080
vt 0.115626 0.519875
vt 0.231856 0.502660
vt 0.231856 0.437240
vt 0.117876 0.458270
vt 0.113996 0.361460
vt 0.231856 0.338420
vt 0.231856 0.298720
vt 0.119951 0.316425
vt 0.125906 0.271390
vt 0.231856 0.259020
vt 0.231856 0.215925
vt 0.115606 0.233065
vt 0.105306 0.194740
vt 0.231856 0.172830
vt 0.032066 0.302800
vt 0.032066 0.250840
vt 0.032066 0.447330
vt 0.032066 0.354760
vt 0.032066 0.512265
vt 0.032066 0.577200
vt 0.032066 0.675850
vt 0.032066 0.735320
vt 0.032066 0.794790
vt 0.032066 0.894700
vt 0.032066 0.205970
vt 0.032066 0.161100
vt 0.231856 0.899050
vt 0.136076 0.924425
vt 0.032066 0.941675
vt 0.231856 0.942190
vt 0.128136 0.982430
vt 0.032066 0.988650
vt 0.820350 0.585852
vt 0.961036 0.595734
vt 0.961036 0.638866
vt 0.820350 0.644312
vt 0.820350 0.427080
vt 0.961036 0.433239
vt 0.961036 0.455506
vt 0.820350 0.450218
vt 0.681833 0.560688
vt 0.681833 0.624623
vt 0.681833 0.415974
vt 0.681833 0.438461
vt 0.820350 0.537678
vt 0.961036 0.552598
vt 0.681832 0.519551
vt 0.681833 0.348511
vt 0.820350 0.347341
vt 0.820350 0.403942
vt 0.681833 0.393486
vt 0.961036 0.356114
vt 0.961036 0.410973
vt 0.575984 0.173026
vt 0.642759 0.172201
vt 0.642842 0.194183
vt 0.574662 0.207766
vt 0.582697 0.046462
vt 0.633706 0.046462
vt 0.636155 0.058688
vt 0.578073 0.058688
vt 0.508055 0.174216
vt 0.509534 0.199134
vt 0.522373 0.046462
vt 0.517201 0.058688
vt 0.575146 0.140059
vt 0.642722 0.139681
vt 0.508630 0.144650
vt 0.570382 0.112832
vt 0.640106 0.109200
vt 0.509447 0.113160
vt 0.577010 0.076833
vt 0.637649 0.081001
vt 0.511740 0.083719
vt 0.752123 0.527059
vt 0.750589 0.464695
vt 0.849707 0.461095
vt 0.851274 0.522764
vt 0.866767 0.642835
vt 0.771729 0.642835
vt 0.757415 0.570375
vt 0.851779 0.565754
vt 0.972243 0.515454
vt 0.973079 0.455453
vt 0.971789 0.642835
vt 0.976116 0.554450
vt 0.853773 0.406388
vt 0.760591 0.407738
vt 0.766592 0.354550
vt 0.856212 0.354550
vt 0.973573 0.404272
vt 0.973869 0.354550
vt 0.688009 0.642835
vt 0.670639 0.573762
vt 0.660041 0.532643
vt 0.660950 0.473077
vt 0.674470 0.410881
vt 0.682582 0.354550
vt 0.973276 0.434981
vt 0.851333 0.439212
vt 0.754590 0.441912
vt 0.666358 0.448199
vt 0.129103 0.080807
vt 0.039747 0.079315
vt 0.224223 0.105579
vt 0.039747 0.918611
vt 0.133062 0.908638
vt 0.224223 0.909475
vt 0.956217 0.598491
vt 0.841140 0.598993
vt 0.826248 0.508764
vt 0.956217 0.508658
vt 0.956217 0.452275
vt 0.816419 0.452291
vt 0.819512 0.421855
vt 0.956217 0.419603
vt 0.686834 0.454391
vt 0.686834 0.422506
vt 0.686834 0.504081
vt 0.686834 0.603428
vt 0.242514 0.783395
vt 0.244006 0.699833
vt 0.138496 0.695836
vt 0.132594 0.778000
vt 0.131868 0.920626
vt 0.230051 0.921696
vt 0.234718 0.868855
vt 0.132177 0.865943
vt 0.024407 0.875982
vt 0.028474 0.933408
vt 0.130197 0.995367
vt 0.214685 0.995367
vt 0.038835 0.995367
vt 0.019181 0.784333
vt 0.015612 0.699556
vt 0.132813 0.596707
vt 0.007950 0.598521
vt 0.242504 0.605800
vt 0.041482 0.127037
vt 0.030219 0.223460
vt 0.142184 0.231068
vt 0.157078 0.129708
vt 0.018529 0.385460
vt 0.130628 0.377710
vt 0.007886 0.492896
vt 0.129838 0.486640
vt 0.239844 0.499693
vt 0.244170 0.370596
vt 0.244050 0.233948
vt 0.239207 0.147836
vt 0.045266 0.030615
vt 0.146728 0.018998
vt 0.242779 0.030871
vt 0.224223 0.864215
vt 0.132826 0.862144
vt 0.127013 0.967193
vt 0.224223 0.967483
vt 0.039747 0.070565
vt 0.134443 0.074626
vt 0.224223 0.099248
vt 0.229934 0.790022
vt 0.134702 0.790022
vt 0.138782 0.730680
vt 0.229934 0.734696
vt 0.134200 0.943894
vt 0.134306 0.892317
vt 0.229934 0.892317
vt 0.229934 0.943894
vt 0.039775 0.892317
vt 0.039775 0.943894
vt 0.134492 0.996773
vt 0.229934 0.996773
vt 0.039775 0.996773
vt 0.039775 0.790022
vt 0.039775 0.734418
vt 0.039775 0.622726
vt 0.134853 0.620903
vt 0.229934 0.630041
vt 0.039775 0.115088
vt 0.151627 0.117773
vt 0.158782 0.259052
vt 0.039775 0.255471
vt 0.137867 0.400287
vt 0.039775 0.391401
vt 0.128272 0.510680
vt 0.039775 0.514148
vt 0.229934 0.526616
vt 0.229934 0.403993
vt 0.229934 0.270089
vt 0.229934 0.141626
vt 0.134413 0.848330
vt 0.039775 0.848330
vt 0.229934 0.848330
vt 0.039775 0.018193
vt 0.144473 0.015914
vt 0.229934 0.040059
vt 0.039747 0.390755
vt 0.120901 0.403835
vt 0.224223 0.419015
vt 0.229054 0.653277
vt 0.229054 0.507992
vt 0.138611 0.509872
vt 0.128647 0.659910
vt 0.229054 0.806596
vt 0.126386 0.810224
vt 0.021633 0.806596
vt 0.021633 0.653277
vt 0.021633 0.507992
vt 0.146320 0.457282
vt 0.021633 0.451613
vt 0.229054 0.451613
vt 0.021633 0.280147
vt 0.152174 0.280147
vt 0.021633 0.359929
vt 0.158823 0.360957
vt 0.229054 0.374957
vt 0.229054 0.280147
s 1
usemtl Hairmat
f 1/1/1 2/2/2 3/3/3 4/4/4
f 5/5/5 6/6/6 7/7/7 8/8/8
f 9/9/9 10/10/10 11/11/11 12/12/12
f 13/13/13 14/14/14 6/6/6 5/5/5
f 15/15/15 16/16/16 10/10/10 9/9/9
f 17/17/17 18/18/18 19/19/19 20/20/20
f 21/21/21 22/22/22 18/18/18 17/17/17
f 10/10/10 17/17/17 20/20/20 11/11/11
f 16/16/16 21/21/21 17/17/17 10/10/10
f 22/22/22 23/23/23 24/24/24 18/18/18
f 18/18/18 24/24/24 25/25/25 19/19/19
f 24/24/24 5/5/5 8/8/8 25/25/25
f 23/23/23 13/13/13 5/5/5 24/24/24
f 29/26/26 30/27/27 31/28/28 32/29/29
f 33/30/30 34/31/31 35/32/32 36/33/33
f 36/33/33 35/32/32 37/34/34 38/35/35
f 38/35/35 37/34/34 27/36/36 26/37/37
f 37/34/34 39/38/38 28/39/39 27/36/36
f 37/34/34 35/32/32 40/40/40 39/38/38
f 35/32/32 34/31/31 41/41/41 40/40/40
f 31/28/28 30/27/27 42/42/42 43/43/43
f 34/31/31 31/28/28 43/43/43 41/41/41
f 32/29/29 31/28/28 34/31/31 33/30/30
f 44/44/44 45/45/45 30/27/27 29/26/26
f 42/42/42 30/27/27 45/45/45 46/46/46
f 47/47/47 50/48/48 49/49/49 48/50/50
f 51/51/51 47/47/47 48/50/50 52/52/52
f 51/51/51 54/53/53 53/54/54 47/47/47
f 54/53/53 55/55/55 56/56/56 53/54/54
f 55/55/55 58/57/57 57/58/58 56/56/56
f 59/59/59 62/60/60 61/61/61 60/62/62
f 61/61/61 66/63/63 65/64/64 60/62/62
f 68/65/65 69/66/66 56/56/56 57/58/58
f 69/66/66 70/67/67 53/54/54 56/56/56
f 70/67/67 50/48/48 47/47/47 53/54/54
f 65/64/64 68/65/65 57/58/58 60/62/62
f 58/57/57 59/59/59 60/62/62 57/58/58
f 64/68/68 67/69/69 66/63/63 61/61/61
f 62/60/60 63/70/70 64/68/68 61/61/61
f 74/71/71 75/72/72 72/73/73 71/74/74
f 76/75/75 73/76/76 72/73/73 75/72/72
f 52/52/52 48/50/50 75/72/72 74/71/71
f 49/49/49 76/75/75 75/72/72 48/50/50
f 77/77/77 80/78/78 79/79/79 78/80/80
f 81/81/81 84/82/82 83/83/83 82/84/84
f 85/85/85 86/86/86 80/78/78 77/77/77
f 87/87/87 88/88/88 84/82/82 81/81/81
f 89/89/89 77/77/77 78/80/80 90/90/90
f 91/91/91 85/85/85 77/77/77 89/89/89
f 84/82/82 89/89/89 90/90/90 83/83/83
f 88/88/88 91/91/91 89/89/89 84/82/82
f 92/92/92 95/93/93 94/94/94 93/95/95
f 92/92/92 93/95/95 97/96/96 96/97/97
f 97/96/96 99/98/98 98/99/99 96/97/97
f 99/98/98 111/100/100 110/101/101 98/99/99
f 101/102/102 114/103/103 113/104/104 100/105/105
f 93/95/95 94/94/94 105/106/106 104/107/107
f 97/96/96 93/95/95 104/107/107 106/108/108
f 106/108/108 107/109/109 99/98/98 97/96/96
f 107/109/109 112/110/110 111/100/100 99/98/98
f 108/111/111 115/112/112 114/103/103 101/102/102
f 111/100/100 101/102/102 100/105/105 110/101/101
f 112/110/110 108/111/111 101/102/102 111/100/100
f 114/103/103 103/113/113 102/114/114 113/104/104
f 115/112/112 109/115/115 103/113/113 114/103/103
f 116/116/116 117/117/117 118/118/118 119/119/119
f 120/120/120 121/121/121 147/122/122 148/123/123
f 124/124/124 125/125/125 121/121/121 120/120/120
f 121/121/121 125/125/125 126/126/126 127/127/127
f 147/122/122 121/121/121 127/127/127 146/128/128
f 129/129/129 130/130/130 131/131/131 132/132/132
f 123/133/133 122/134/134 144/135/135 145/136/136
f 144/135/135 122/134/134 128/137/137 143/138/138
f 134/139/139 133/140/140 130/130/130 129/129/129
f 130/130/130 133/140/140 135/141/141 136/142/142
f 131/131/131 130/130/130 136/142/142 137/143/143
f 132/132/132 131/131/131 138/144/144 139/145/145
f 138/144/144 131/131/131 137/143/143 140/146/146
f 139/145/145 138/144/144 117/117/117 116/116/116
f 117/117/117 138/144/144 140/146/146 141/147/147
f 118/118/118 117/117/117 141/147/147 142/148/148
f 133/140/140 144/135/135 143/138/138 135/141/141
f 145/136/136 144/135/135 133/140/140 134/139/139
f 122/134/134 147/122/122 146/128/128 128/137/137
f 148/123/123 147/122/122 122/134/134 123/133/133
f 149/149/149 150/150/150 151/151/151 152/152/152
f 153/153/153 154/154/154 155/155/155 156/156/156
f 157/157/157 152/152/152 151/151/151 158/158/158
f 159/159/159 153/153/153 156/156/156 160/160/160
f 156/156/156 155/155/155 149/149/149 152/152/152
f 160/160/160 156/156/156 152/152/152 157/157/157
f 151/151/151 150/150/150 161/161/161 162/162/162
f 158/158/158 151/151/151 162/162/162 163/163/163
f 154/154/154 164/164/164 165/165/165 155/155/155
f 149/149/149 155/155/155 165/165/165 166/166/166
f 150/150/150 149/149/149 166/166/166 167/167/167
f 161/161/161 150/150/150 167/167/167 168/168/168
f 169/169/169 170/170/170 171/171/171 172/172/172
f 173/173/173 174/174/174 175/175/175 176/176/176
f 177/177/177 178/178/178 179/179/179 180/180/180
f 179/179/179 181/181/181 182/182/182 180/180/180
f 178/178/178 183/183/183 184/184/184 179/179/179
f 184/184/184 185/185/185 181/181/181 179/179/179
f 183/183/183 173/173/173 176/176/176 184/184/184
f 176/176/176 186/186/186 185/185/185 184/184/184
f 175/175/175 187/187/187 186/186/186 176/176/176
f 188/188/188 189/189/189 190/190/190 191/191/191
f 174/174/174 192/192/192 193/193/193 175/175/175
f 193/193/193 194/194/194 187/187/187 175/175/175
f 192/192/192 188/188/188 191/191/191 193/193/193
f 191/191/191 195/195/195 194/194/194 193/193/193
f 190/190/190 196/196/196 195/195/195 191/191/191
f 189/189/189 197/197/197 198/198/198 190/190/190
f 198/198/198 199/199/199 196/196/196 190/190/190
f 197/197/197 169/169/169 172/172/172 198/198/198
f 172/172/172 200/200/200 199/199/199 198/198/198
f 171/171/171 201/201/201 200/200/200 172/172/172
f 202/202/202 203/203/203 204/204/204 205/205/205
f 206/206/206 207/207/207 208/208/208 209/209/209
f 210/210/210 211/211/211 212/212/212 213/213/213
f 214/214/214 215/215/215 216/216/216 217/217/217
f 218/218/218 219/219/219 220/220/220 221/221/221
f 202/222/202 205/223/205 222/224/222 223/225/223
f 224/226/224 209/227/209 208/228/208 225/229/225
f 210/210/210 213/213/213 226/230/226 227/231/227
f 228/232/228 214/214/214 217/217/217 229/233/229
f 230/234/230 228/235/228 229/236/229 231/237/231
f 232/238/232 227/239/227 226/240/226 233/241/233
f 234/242/234 235/243/235 236/244/236 237/245/237
f 223/225/223 222/224/222 238/246/238 239/247/239
f 240/248/240 224/226/224 225/229/225 241/249/241
f 208/208/208 207/207/207 203/203/203 202/202/202
f 217/217/217 216/216/216 211/211/211 210/210/210
f 229/233/229 217/217/217 210/210/210 227/231/227
f 231/237/231 229/236/229 227/239/227 232/238/232
f 242/250/242 243/251/243 244/252/244 218/253/218
f 245/254/245 242/255/242 218/218/218 221/221/221
f 222/224/222 234/242/234 237/245/237 238/246/238
f 205/223/205 246/256/246 234/242/234 222/224/222
f 247/257/247 246/258/246 205/205/205 204/204/204
f 220/220/220 219/219/219 215/215/215 214/214/214
f 248/259/248 220/220/220 214/214/214 228/232/228
f 249/260/249 248/261/248 228/235/228 230/234/230
f 202/222/202 223/225/223 225/229/225 208/228/208
f 223/225/223 239/247/239 241/249/241 225/229/225
f 250/262/250 251/263/251 252/264/252 253/265/253
f 254/266/254 255/267/255 251/263/251 250/262/250
f 256/268/256 257/269/257 251/270/251 255/271/255
f 257/269/257 258/272/258 252/273/252 251/270/251
f 259/274/259 236/244/236 235/243/235 260/275/260
f 235/243/235 261/276/261 262/277/262 260/275/260
f 235/243/235 234/242/234 246/256/246 261/276/261
f 212/278/212 211/279/211 207/207/207 206/206/206
f 203/203/203 207/207/207 211/279/211 216/280/216
f 204/204/204 203/203/203 216/280/216 215/281/215
f 219/282/219 247/257/247 204/204/204 215/281/215
f 261/283/261 244/252/244 243/251/243 262/284/262
f 219/282/219 218/253/218 244/252/244 247/257/247
f 247/257/247 244/252/244 261/283/261 246/258/246
f 254/266/254 250/262/250 263/285/263 264/286/264
f 263/287/263 265/288/265 266/289/266 264/290/264
f 263/287/263 267/291/267 268/292/268 265/288/265
f 250/262/250 253/265/253 267/293/267 263/285/263
f 269/294/269 270/295/270 248/261/248 249/260/249
f 270/296/270 221/221/221 220/220/220 248/259/248
f 245/254/245 221/221/221 270/296/270 271/297/271
f 268/292/268 267/291/267 272/298/272 273/299/273
f 274/300/274 275/301/275 257/269/257 256/268/256
f 275/301/275 276/302/276 258/272/258 257/269/257
f 271/303/271 277/304/277 273/299/273 272/298/272
f 278/305/278 275/306/275 274/307/274 279/308/279
f 253/265/253 280/309/280 272/310/272 267/293/267
f 271/297/271 272/310/272 280/309/280 245/254/245
f 242/255/242 245/254/245 280/309/280 281/311/281
f 252/264/252 281/311/281 280/309/280 253/265/253
f 242/250/242 281/312/281 282/313/282 243/251/243
f 258/272/258 282/313/282 281/312/281 252/273/252
f 276/314/276 275/306/275 278/305/278 283/315/283
f 284/316/284 285/317/285 259/274/259 260/275/260
f 286/318/286 262/284/262 243/251/243 282/313/282
f 260/275/260 262/277/262 286/319/286 284/316/284
f 286/319/286 276/314/276 283/315/283 284/316/284
f 286/318/286 282/313/282 258/272/258 276/302/276
f 269/294/269 277/304/277 271/303/271 270/295/270
f 283/315/283 278/305/278 285/317/285 284/316/284
f 285/317/285 278/305/278 279/308/279 287/320/287
f 288/202/288 289/205/289 290/204/290 291/203/291
f 206/206/206 209/209/209 292/208/292 293/207/293
f 294/210/294 213/213/213 212/212/212 295/211/295
f 296/214/296 297/217/297 298/216/298 299/215/299
f 300/218/300 301/221/301 302/220/302 303/219/303
f 288/222/288 304/225/304 305/224/305 289/223/289
f 224/226/224 306/229/306 292/228/292 209/227/209
f 294/210/294 307/231/307 226/230/226 213/213/213
f 308/232/308 309/233/309 297/217/297 296/214/296
f 310/234/310 311/237/311 309/236/309 308/235/308
f 312/238/312 233/241/233 226/240/226 307/239/307
f 313/242/313 314/245/314 315/244/315 316/243/316
f 304/225/304 317/247/317 318/246/318 305/224/305
f 240/248/240 319/249/319 306/229/306 224/226/224
f 292/208/292 288/202/288 291/203/291 293/207/293
f 297/217/297 294/210/294 295/211/295 298/216/298
f 309/233/309 307/231/307 294/210/294 297/217/297
f 311/237/311 312/238/312 307/239/307 309/236/309
f 320/250/320 300/253/300 321/252/321 322/251/322
f 323/254/323 301/221/301 300/218/300 320/255/320
f 305/224/305 318/246/318 314/245/314 313/242/313
f 289/223/289 305/224/305 313/242/313 324/256/324
f 325/257/325 290/204/290 289/205/289 324/258/324
f 302/220/302 296/214/296 299/215/299 303/219/303
f 326/259/326 308/232/308 296/214/296 302/220/302
f 327/260/327 310/234/310 308/235/308 326/261/326
f 288/222/288 292/228/292 306/229/306 304/225/304
f 304/225/304 306/229/306 319/249/319 317/247/317
f 328/262/328 329/265/329 330/264/330 331/263/331
f 332/266/332 328/262/328 331/263/331 333/267/333
f 334/268/334 333/271/333 331/270/331 335/269/335
f 335/269/335 331/270/331 330/273/330 336/272/336
f 337/274/337 338/275/338 316/243/316 315/244/315
f 316/243/316 338/275/338 339/277/339 340/276/340
f 316/243/316 340/276/340 324/256/324 313/242/313
f 212/278/212 206/206/206 293/207/293 295/279/295
f 291/203/291 298/280/298 295/279/295 293/207/293
f 290/204/290 299/281/299 298/280/298 291/203/291
f 303/282/303 299/281/299 290/204/290 325/257/325
f 340/283/340 339/284/339 322/251/322 321/252/321
f 303/282/303 325/257/325 321/252/321 300/253/300
f 325/257/325 324/258/324 340/283/340 321/252/321
f 332/266/332 341/286/341 342/285/342 328/262/328
f 342/287/342 341/290/341 343/289/343 344/288/344
f 342/287/342 344/288/344 345/292/345 346/291/346
f 328/262/328 342/285/342 346/293/346 329/265/329
f 347/294/347 327/260/327 326/261/326 348/295/348
f 348/296/348 326/259/326 302/220/302 301/221/301
f 323/254/323 349/297/349 348/296/348 301/221/301
f 345/292/345 350/299/350 351/298/351 346/291/346
f 352/300/352 334/268/334 335/269/335 353/301/353
f 353/301/353 335/269/335 336/272/336 354/302/354
f 349/303/349 351/298/351 350/299/350 355/304/355
f 356/305/356 357/308/357 352/307/352 353/306/353
f 329/265/329 346/293/346 351/310/351 358/309/358
f 349/297/349 323/254/323 358/309/358 351/310/351
f 320/255/320 359/311/359 358/309/358 323/254/323
f 330/264/330 329/265/329 358/309/358 359/311/359
f 320/250/320 322/251/322 360/313/360 359/312/359
f 336/272/336 330/273/330 359/312/359 360/313/360
f 354/314/354 361/315/361 356/305/356 353/306/353
f 362/316/362 338/275/338 337/274/337 363/317/363
f 364/318/364 360/313/360 322/251/322 339/284/339
f 338/275/338 362/316/362 364/319/364 339/277/339
f 364/319/364 362/316/362 361/315/361 354/314/354
f 364/318/364 354/302/354 336/272/336 360/313/360
f 347/294/347 348/295/348 349/303/349 355/304/355
f 361/315/361 362/316/362 363/317/363 356/305/356
f 363/317/363 365/320/365 357/308/357 356/305/356
f 366/321/366 387/322/367 388/323/368 369/324/369
f 370/325/370 371/326/371 372/327/372 373/328/373
f 374/329/374 369/324/369 388/323/368 389/330/375
f 376/331/376 370/325/370 373/328/373 377/332/377
f 373/328/373 372/327/372 366/333/366 369/334/369
f 377/332/377 373/328/373 369/334/369 374/335/374
f 368/336/378 367/337/379 391/338/380 392/339/381
f 375/340/382 368/336/378 392/339/381 393/341/383
f 371/342/371 381/343/384 382/344/385 372/345/372
f 366/321/366 372/345/372 382/344/385 383/346/386
f 387/322/367 366/321/366 383/346/386 386/347/387
f 391/338/380 367/337/379 384/348/388 390/349/389
f 367/337/379 387/322/367 386/347/387 384/348/388
f 388/323/368 387/322/367 367/337/379 368/336/378
f 389/330/375 388/323/368 368/336/378 375/340/382
f 378/350/390 391/338/380 390/349/389 385/351/391
f 392/339/381 391/338/380 378/350/390 379/352/392
f 393/341/383 392/339/381 379/352/392 380/353/393
f 394/354/394 395/355/395 419/356/396 420/357/397
f 398/358/398 399/359/399 400/360/400 401/361/401
f 402/362/402 418/363/403 419/356/396 395/355/395
f 404/364/404 405/365/405 399/359/399 398/358/398
f 399/359/399 395/355/395 394/354/394 400/360/400
f 405/365/405 402/362/402 395/355/395 399/359/399
f 396/366/406 415/367/407 416/368/408 397/369/409
f 403/370/410 414/371/411 415/367/407 396/366/406
f 401/361/401 400/360/400 409/372/412 410/373/413
f 394/354/394 411/374/414 409/372/412 400/360/400
f 420/357/397 421/375/415 411/374/414 394/354/394
f 416/368/408 417/376/416 412/377/417 397/369/409
f 414/371/411 408/378/418 406/379/419 415/367/407
f 416/368/408 415/367/407 406/379/419 407/380/420
f 407/380/420 413/381/421 417/376/416 416/368/408
f 418/363/403 403/370/410 396/366/406 419/356/396
f 420/357/397 419/356/396 396/366/406 397/369/409
f 397/369/409 412/377/417 421/375/415 420/357/397
f 422/382/422 423/383/423 424/384/424 425/385/425
f 426/386/426 427/387/427 428/388/428 429/389/429
f 430/390/430 425/385/425 424/384/424 431/391/431
f 432/392/432 426/386/426 429/389/429 433/393/433
f 429/389/429 428/388/428 422/382/422 425/385/425
f 433/393/433 429/389/429 425/385/425 430/390/430
f 443/394/434 444/395/435 434/396/436 435/397/437
f 442/398/438 443/394/434 435/397/437 436/399/439
f 427/387/427 437/400/440 438/401/441 428/388/428
f 422/382/422 428/388/428 438/401/441 439/402/442
f 423/383/423 422/382/422 439/402/442 440/403/443
f 434/396/436 444/395/435 445/404/444 441/405/445
f 431/391/431 424/384/424 443/394/434 442/398/438
f 424/384/424 423/383/423 444/395/435 443/394/434
f 445/404/444 444/395/435 423/383/423 440/403/443
f 467/406/446 468/407/447 448/408/448 449/409/449
f 450/410/450 451/411/451 452/412/452 453/413/453
f 469/414/454 455/415/455 448/408/448 468/407/447
f 456/416/456 457/417/457 451/411/451 450/410/450
f 451/411/451 447/418/458 446/419/459 452/412/452
f 457/417/457 454/420/460 447/418/458 451/411/451
f 448/408/448 458/421/461 459/422/462 449/409/449
f 455/415/455 460/423/463 458/421/461 448/408/448
f 453/413/453 452/412/452 461/424/464 462/425/465
f 446/419/459 463/426/466 461/424/464 452/412/452
f 449/409/449 464/427/467 466/428/468 467/406/446
f 459/422/462 465/429/469 464/427/467 449/409/449
f 467/406/446 466/428/468 463/426/466 446/419/459
f 446/419/459 447/418/458 468/407/447 467/406/446
f 454/420/460 469/414/454 468/407/447 447/418/458
f 470/430/470 471/431/471 472/432/472 473/433/473
f 474/434/474 475/435/475 476/436/476 477/437/477
f 478/438/478 479/439/479 472/432/472 471/431/471
f 480/440/480 481/441/481 475/435/475 474/434/474
f 475/435/475 471/431/471 470/430/470 476/436/476
f 481/441/481 478/438/478 471/431/471 475/435/475
f 492/442/482 495/443/483 496/444/484 491/445/485
f 493/446/486 494/447/487 495/443/483 492/442/482
f 477/437/477 476/436/476 485/448/488 486/449/489
f 470/430/470 487/450/490 485/448/488 476/436/476
f 473/433/473 488/451/491 487/450/490 470/430/470
f 496/444/484 497/452/492 490/453/493 491/445/485
f 491/445/485 490/453/493 488/451/491 473/433/473
f 472/432/472 492/442/482 491/445/485 473/433/473
f 479/439/479 493/446/486 492/442/482 472/432/472
f 494/447/487 484/454/494 482/455/495 495/443/483
f 496/444/484 495/443/483 482/455/495 483/456/496
f 483/456/496 489/457/497 497/452/492 496/444/484
f 498/458/498 499/459/499 500/460/500 501/461/501
f 498/458/498 502/462/502 503/463/503 499/459/499
f 517/464/504 518/465/505 504/466/506 505/467/507
f 505/467/507 504/466/506 506/468/508 507/469/509
f 507/469/509 506/468/508 508/470/510 509/471/511
f 499/459/499 510/472/512 511/473/513 500/460/500
f 503/463/503 512/474/514 510/472/512 499/459/499
f 516/475/515 517/464/504 505/467/507 513/476/516
f 513/476/516 505/467/507 507/469/509 514/477/517
f 514/477/517 507/469/509 509/471/511 515/478/518
f 512/474/514 503/463/503 517/464/504 516/475/515
f 503/463/503 502/462/502 518/465/505 517/464/504
f 519/479/519 520/480/520 521/481/521 522/482/522
f 519/479/519 523/483/523 524/484/524 520/480/520
f 524/484/524 523/483/523 525/485/525 526/486/526
f 526/486/526 525/485/525 537/487/527 538/488/528
f 528/489/529 527/490/530 529/491/531 530/492/532
f 520/480/520 531/493/533 532/494/534 521/481/521
f 524/484/524 533/495/535 531/493/533 520/480/520
f 533/495/535 524/484/524 526/486/526 534/496/536
f 534/496/536 526/486/526 538/488/528 539/497/537
f 535/498/538 528/489/529 530/492/532 536/499/539
f 538/488/528 537/487/527 527/490/530 528/489/529
f 539/497/537 538/488/528 528/489/529 535/498/538
f 540/500/540 541/501/541 542/502/542 543/503/543
f 544/504/544 545/505/545 568/506/546 569/507/547
f 548/508/548 571/509/549 572/510/550 549/511/551
f 550/512/552 570/513/553 571/509/549 548/508/548
f 568/506/546 545/505/545 551/514/554 567/515/555
f 547/516/556 546/517/557 553/518/558 554/519/559
f 553/518/558 546/517/557 552/520/560 555/521/561
f 554/519/559 553/518/558 541/501/541 540/500/540
f 541/501/541 553/518/558 555/521/561 556/522/562
f 542/502/542 541/501/541 556/522/562 557/523/563
f 543/503/543 542/502/542 558/524/564 559/525/565
f 558/524/564 542/502/542 557/523/563 560/526/566
f 559/525/565 558/524/564 561/527/567 562/528/568
f 561/527/567 558/524/564 560/526/566 563/529/569
f 564/530/570 573/531/571 574/532/572 565/533/573
f 566/534/574 565/533/573 574/532/572 575/535/575
f 546/517/557 568/506/546 567/515/555 552/520/560
f 569/507/547 568/506/546 546/517/557 547/516/556
f 570/513/553 564/530/570 565/533/573 571/509/549
f 572/510/550 571/509/549 565/533/573 566/534/574
f 573/531/571 551/514/554 545/505/545 574/532/572
f 575/535/575 574/532/572 545/505/545 544/504/544
f 576/536/576 577/537/577 578/538/578 579/539/579
f 599/540/580 580/541/581 581/542/582 598/543/583
f 581/542/582 580/541/581 582/544/584 583/545/585
f 583/545/585 582/544/584 584/546/586 585/547/587
f 595/548/588 596/549/589 586/550/590 587/551/591
f 577/537/577 588/552/592 589/553/593 578/538/578
f 581/542/582 590/554/594 597/555/595 598/543/583
f 590/554/594 581/542/582 583/545/585 591/556/596
f 591/556/596 583/545/585 585/547/587 592/557/597
f 594/558/598 595/548/588 587/551/591 593/559/599
f 592/557/597 585/547/587 595/548/588 594/558/598
f 585/547/587 584/546/586 596/549/589 595/548/588
f 598/543/583 597/555/595 588/552/592 577/537/577
f 576/536/576 599/540/580 598/543/583 577/537/577
f 600/560/600 601/561/601 602/562/602 603/563/603
f 604/564/604 621/565/605 622/566/606 607/567/607
f 608/568/608 609/569/609 602/562/602 601/561/601
f 610/570/610 620/571/611 621/565/605 604/564/604
f 605/572/612 601/561/601 600/560/600 606/573/613
f 611/574/614 608/568/608 601/561/601 605/572/612
f 602/562/602 612/575/615 613/576/616 603/563/603
f 609/569/609 614/577/617 612/575/615 602/562/602
f 607/567/607 622/566/606 623/578/618 616/579/619
f 600/560/600 617/580/620 615/581/621 606/573/613
f 603/563/603 618/582/622 617/580/620 600/560/600
f 613/576/616 619/583/623 618/582/622 603/563/603
f 620/571/611 611/574/614 605/572/612 621/565/605
f 622/566/606 621/565/605 605/572/612 606/573/613
f 623/578/618 622/566/606 606/573/613 615/581/621
f 624/584/624 625/585/625 626/586/626 627/587/627
f 624/584/624 628/588/628 629/589/629 625/585/625
f 629/589/629 628/588/628 630/590/630 631/591/631
f 631/591/631 630/590/630 642/592/632 643/593/633
f 633/594/634 632/595/635 645/596/636 646/597/637
f 625/585/625 636/598/638 637/599/639 626/586/626
f 629/589/629 638/600/640 636/598/638 625/585/625
f 638/600/640 629/589/629 631/591/631 639/601/641
f 639/601/641 631/591/631 643/593/633 644/602/642
f 640/603/643 633/594/634 646/597/637 647/604/644
f 643/593/633 642/592/632 632/595/635 633/594/634
f 644/602/642 643/593/633 633/594/634 640/603/643
f 649/605/645 650/606/646 634/607/647 635/608/648
f 648/609/649 649/605/645 635/608/648 641/610/650
f 647/604/644 646/597/637 649/605/645 648/609/649
f 646/597/637 645/596/636 650/606/646 649/605/645
f 651/611/651 652/612/652 672/613/653 673/614/654
f 655/615/655 656/616/656 657/617/657 658/618/658
f 659/619/659 671/620/660 672/613/653 652/612/652
f 661/621/661 662/622/662 656/616/656 655/615/655
f 656/616/656 652/612/652 651/611/651 657/617/657
f 662/622/662 659/619/659 652/612/652 656/616/656
f 653/623/663 676/624/664 677/625/665 654/626/666
f 660/627/667 675/628/668 676/624/664 653/623/663
f 658/618/658 657/617/657 666/629/669 667/630/670
f 651/611/651 668/631/671 666/629/669 657/617/657
f 673/614/654 674/632/672 668/631/671 651/611/651
f 677/625/665 678/633/673 669/634/674 654/626/666
f 671/620/660 660/627/667 653/623/663 672/613/653
f 673/614/654 672/613/653 653/623/663 654/626/666
f 654/626/666 669/634/674 674/632/672 673/614/654
f 675/628/668 665/635/675 663/636/676 676/624/664
f 677/625/665 676/624/664 663/636/676 664/637/677
f 664/637/677 670/638/678 678/633/673 677/625/665
f 679/639/679 680/640/680 681/641/681 682/642/682
f 683/643/683 684/644/684 685/645/685 686/646/686
f 687/647/687 682/642/682 681/641/681 688/648/688
f 689/649/689 683/643/683 686/646/686 690/650/690
f 686/646/686 685/645/685 679/639/679 682/642/682
f 690/650/690 686/646/686 682/642/682 687/647/687
f 681/641/681 680/640/680 691/651/691 692/652/692
f 688/648/688 681/641/681 692/652/692 693/653/693
f 684/644/684 694/654/694 695/655/695 685/645/685
f 679/639/679 685/645/685 695/655/695 696/656/696
f 680/640/680 679/639/679 696/656/696 697/657/697
f 691/651/691 680/640/680 698/658/698
f 698/658/698 680/640/680 697/657/697
f 699/659/699 720/660/700 721/661/701 702/662/702
f 703/663/703 704/664/704 705/665/705 706/666/706
f 707/667/707 702/662/702 721/661/701 722/668/708
f 709/669/709 703/663/703 706/666/706 710/670/710
f 706/666/706 705/665/705 699/659/699 702/662/702
f 710/670/710 706/666/706 702/662/702 707/667/707
f 701/671/711 700/672/712 724/673/713 725/674/714
f 708/675/715 701/671/711 725/674/714 726/676/716
f 704/664/704 714/677/717 715/678/718 705/665/705
f 699/659/699 705/665/705 715/678/718 716/679/719
f 720/660/700 699/659/699 716/679/719 719/680/720
f 723/681/721 724/673/713 700/672/712 717/682/722
f 700/672/712 720/660/700 719/680/720 717/682/722
f 721/661/701 720/660/700 700/672/712 701/671/711
f 722/668/708 721/661/701 701/671/711 708/675/715
f 718/683/723 711/684/724 724/673/713 723/681/721
f 725/674/714 724/673/713 711/684/724 712/685/725
f 726/676/716 725/674/714 712/685/725 713/686/726
f 757/687/727 728/383/728 729/384/729 756/688/730
f 731/386/731 732/387/732 733/388/733 734/389/734
f 755/689/735 756/688/730 729/384/729 736/391/736
f 737/392/737 731/386/731 734/389/734 738/393/738
f 734/389/734 733/388/733 727/382/739 730/385/740
f 738/393/738 734/389/734 730/385/740 735/390/741
f 748/394/742 749/395/743 739/396/744 740/397/745
f 747/398/746 748/394/742 740/397/745 741/399/747
f 732/387/732 742/400/748 743/401/749 733/388/733
f 727/382/739 733/388/733 743/401/749 744/402/750
f 728/383/728 757/687/727 758/690/751 745/403/752
f 739/396/744 749/395/743 750/404/753 746/405/754
f 751/691/755 752/692/756 748/394/742 747/398/746
f 752/692/756 753/693/757 749/395/743 748/394/742
f 750/404/753 749/395/743 753/693/757 754/694/758
f 736/391/736 729/384/729 752/692/756 751/691/755
f 729/384/729 728/383/728 753/693/757 752/692/756
f 754/694/758 753/693/757 728/383/728 745/403/752
f 735/390/741 730/385/740 756/688/730 755/689/735
f 727/382/739 757/687/727 756/688/730 730/385/740
f 758/690/751 757/687/727 727/382/739 744/402/750
f 763/695/759 760/696/760 775/697/761 776/698/762
f 765/699/763 761/700/764 784/701/765 785/702/766
f 766/703/767 762/704/768 760/696/760 763/695/759
f 764/705/769 759/706/770 778/707/771 779/708/772
f 761/700/764 769/709/773 783/710/774 784/701/765
f 760/696/760 762/704/768 770/711/775 771/712/776
f 775/697/761 760/696/760 771/712/776 774/713/777
f 777/714/778 778/707/771 759/706/770 772/715/779
f 759/706/770 781/716/780 782/717/781 772/715/779
f 780/718/782 781/716/780 759/706/770 764/705/769
f 773/719/783 767/720/784 778/707/771 777/714/778
f 779/708/772 778/707/771 767/720/784 768/721/785
f 776/698/762 775/697/761 781/716/780 780/718/782
f 782/717/781 781/716/780 775/697/761 774/713/777
f 784/701/765 783/710/774 770/711/775 762/704/768
f 785/702/766 784/701/765 762/704/768 766/703/767
f 786/722/786 787/723/787 788/724/788 789/725/789
f 790/726/790 791/727/791 792/728/792 793/729/793
f 794/730/794 789/725/789 788/724/788 795/731/795
f 796/732/796 790/726/790 793/729/793 797/733/797
f 793/729/793 792/728/792 786/722/786 789/725/789
f 797/733/797 793/729/793 789/725/789 794/730/794
f 788/724/788 787/723/787 798/734/798 799/735/799
f 795/731/795 788/724/788 799/735/799 800/736/800
f 791/727/791 801/737/801 802/738/802 792/728/792
f 786/722/786 792/728/792 802/738/802 803/739/803
f 787/723/787 786/722/786 803/739/803 804/740/804
f 798/734/798 787/723/787 804/740/804 805/741/805
f 828/742/806 807/743/807 808/744/808 827/745/809
f 810/4/810 811/746/811 812/747/812 813/3/813
f 826/748/814 827/745/809 808/744/808 815/749/815
f 816/1/816 810/4/810 813/3/813 817/2/817
f 813/3/813 812/747/812 806/750/818 809/751/819
f 817/2/817 813/3/813 809/751/819 814/752/820
f 808/744/808 807/743/807 818/753/821 819/754/822
f 815/749/815 808/744/808 819/754/822 820/755/823
f 811/746/811 821/756/824 822/757/825 812/747/812
f 806/750/818 812/747/812 822/757/825 823/758/826
f 807/743/807 828/742/806 829/759/827 824/760/828
f 818/753/821 807/743/807 824/760/828 825/761/829
f 814/752/820 809/751/819 827/745/809 826/748/814
f 806/750/818 828/742/806 827/745/809 809/751/819
f 829/759/827 828/742/806 806/750/818 823/758/826
f 834/762/830 845/763/831 846/764/832 830/765/833
f 836/766/834 837/767/835 832/768/836 833/769/837
f 837/767/835 834/762/830 830/765/833 832/768/836
f 835/770/838 848/771/839 849/772/840 831/773/841
f 833/769/837 832/768/836 840/774/842 841/775/843
f 830/765/833 842/776/844 840/774/842 832/768/836
f 846/764/832 847/777/845 842/776/844 830/765/833
f 849/772/840 850/778/846 843/779/847 831/773/841
f 845/763/831 835/770/838 831/773/841 846/764/832
f 831/773/841 843/779/847 847/777/845 846/764/832
f 848/771/839 839/780/848 838/781/849 849/772/840
f 838/781/849 844/782/850 850/778/846 849/772/840
f 855/783/851 852/784/852 851/785/853 856/786/854
f 857/787/855 853/788/856 854/789/857 858/790/858
f 858/790/858 854/789/857 852/784/852 855/783/851
f 856/786/854 851/785/853 870/791/859 871/792/860
f 853/788/856 861/793/861 862/794/862 854/789/857
f 852/784/852 854/789/857 862/794/862 863/795/863
f 851/785/853 852/784/852 863/795/863 864/796/864
f 870/791/859 851/785/853 864/796/864 869/797/865
f 859/798/866 867/799/867 866/800/868 865/801/869
f 868/802/870 867/799/867 859/798/866 860/803/871
f 867/799/867 870/791/859 869/797/865 866/800/868
f 871/792/860 870/791/859 867/799/867 868/802/870
f 876/804/872 877/805/873 873/806/874 872/807/875
f 895/808/876 887/809/877 888/810/878 894/811/879
f 879/812/880 876/804/872 872/807/875 874/813/881
f 877/805/873 896/814/882 897/815/883 873/806/874
f 894/811/879 888/810/878 889/816/884 893/817/885
f 872/807/875 884/818/886 882/819/887 874/813/881
f 873/806/874 885/820/888 884/818/886 872/807/875
f 897/815/883 898/821/889 885/820/888 873/806/874
f 887/809/877 890/822/890 891/823/891 888/810/878
f 889/816/884 888/810/878 891/823/891 892/824/892
f 890/822/890 879/812/880 874/813/881 891/823/891
f 892/824/892 891/823/891 874/813/881 882/819/887
f 875/825/893 894/811/879 893/817/885 883/826/894
f 878/827/895 895/808/876 894/811/879 875/825/893
f 896/814/882 881/828/896 880/829/897 897/815/883
f 880/829/897 886/830/898 898/821/889 897/815/883
f 899/831/899 925/832/900 924/833/901 900/834/902
f 903/835/903 928/836/904 927/837/905 904/838/906
f 907/839/907 908/840/908 931/841/909 930/842/910
f 909/843/911 907/839/907 930/842/910 929/844/912
f 927/837/905 926/845/913 910/846/914 904/838/906
f 906/847/915 913/848/916 912/849/917 905/850/918
f 912/849/917 914/851/919 911/852/920 905/850/918
f 913/848/916 899/831/899 900/834/902 912/849/917
f 900/834/902 915/853/921 914/851/919 912/849/917
f 924/833/901 923/854/922 915/853/921 900/834/902
f 902/855/923 918/856/924 917/857/925 901/858/926
f 917/857/925 919/859/927 916/860/928 901/858/926
f 918/856/924 921/861/929 920/862/930 917/857/925
f 920/862/930 922/863/931 919/859/927 917/857/925
f 901/858/926 916/860/928 923/854/922 924/833/901
f 925/832/900 902/855/923 901/858/926 924/833/901
f 905/850/918 911/852/920 926/845/913 927/837/905
f 928/836/904 906/847/915 905/850/918 927/837/905
f 929/844/912 930/842/910 904/838/906 910/846/914
f 931/841/909 903/835/903 904/838/906 930/842/910
f 936/438/932 947/864/933 948/865/934 932/866/935
f 938/440/936 950/867/937 951/868/938 935/869/939
f 939/441/940 953/870/941 954/871/942 934/872/943
f 937/873/944 2822/874/945 2823/875/946 933/876/947
f 935/869/939 951/868/938 952/877/948 943/878/949
f 954/871/942 955/879/950 942/880/951 934/872/943
f 948/865/934 949/881/952 944/882/953 932/866/935
f 2823/875/946 2824/883/954 945/884/955 933/876/947
f 947/864/933 937/873/944 933/876/947 948/865/934
f 933/876/947 945/884/955 949/881/952 948/865/934
f 950/867/937 939/441/940 934/872/943 951/868/938
f 952/877/948 951/868/938 934/872/943 942/880/951
f 953/870/941 936/438/932 932/866/935 954/871/942
f 932/866/935 944/882/953 955/879/950 954/871/942
f 960/438/956 971/885/957 972/886/958 956/866/959
f 962/440/960 977/867/961 978/868/962 959/869/963
f 963/441/964 974/870/965 975/871/966 958/872/967
f 959/869/963 978/868/962 979/887/968 965/888/969
f 975/871/966 976/889/970 964/890/971 958/872/967
f 972/886/958 973/891/972 966/892/973 956/866/959
f 968/864/974 961/893/975 957/894/976 969/865/977
f 957/894/976 967/895/978 970/896/979 969/865/977
f 971/885/957 968/864/974 969/865/977 972/886/958
f 969/865/977 970/896/979 973/891/972 972/886/958
f 974/870/965 960/438/956 956/866/959 975/871/966
f 956/866/959 966/892/973 976/889/970 975/871/966
f 977/867/961 963/441/964 958/872/967 978/868/962
f 979/887/968 978/868/962 958/872/967 964/890/971
f 980/750/980 981/751/981 982/744/982 983/743/983
f 4/4/4 3/3/3 984/747/984 985/746/985
f 986/752/986 987/749/987 982/744/982 981/751/981
f 3/3/3 981/751/981 980/750/980 984/747/984
f 2/2/2 986/752/986 981/751/981 3/3/3
f 982/744/982 988/754/988 989/753/989 983/743/983
f 987/749/987 990/755/990 988/754/988 982/744/982
f 985/746/985 984/747/984 991/757/991 992/756/992
f 980/750/980 993/758/993 991/757/991 984/747/984
f 983/743/983 994/760/994 993/758/993 980/750/980
f 989/753/989 995/761/995 994/760/994 983/743/983
f 996/897/996 997/898/997 998/899/998 999/900/999
f 1000/901/1000 1001/902/1001 1002/903/1002 1003/904/1003
f 1004/905/1004 1005/906/1005 998/899/998 997/898/997
f 1006/907/1006 1007/908/1007 1001/902/1001 1000/901/1000
f 1001/902/1001 997/898/997 996/897/996 1002/903/1002
f 1007/908/1007 1004/905/1004 997/898/997 1001/902/1001
f 998/899/998 1008/909/1008 1009/910/1009 999/900/999
f 1005/906/1005 1010/911/1010 1008/909/1008 998/899/998
f 1003/904/1003 1002/903/1002 1011/912/1011 1012/913/1012
f 996/897/996 1013/914/1013 1011/912/1011 1002/903/1002
f 999/900/999 1014/915/1014 1013/914/1013 996/897/996
f 1009/910/1009 1015/916/1015 1014/915/1014 999/900/999
f 1020/905/1016 1021/906/1017 1017/917/1018 1016/918/1019
f 1022/907/1020 1023/908/1021 1018/919/1022 1019/920/1023
f 1023/908/1021 1020/905/1016 1016/918/1019 1018/919/1022
f 1021/906/1017 1031/921/1024 1032/922/1025 1017/917/1018
f 1019/920/1023 1018/919/1022 1026/912/1026 1027/913/1027
f 1016/918/1019 1028/914/1028 1026/912/1026 1018/919/1022
f 1017/917/1018 1029/915/1029 1028/914/1028 1016/918/1019
f 1032/922/1025 1033/923/1030 1029/915/1029 1017/917/1018
f 1031/921/1024 1025/911/1031 1024/924/1032 1032/922/1025
f 1024/924/1032 1030/916/1033 1033/923/1030 1032/922/1025
f 1034/750/1034 1035/751/1035 1036/744/1036 1037/743/1037
f 1038/4/1038 1055/925/1039 1056/926/1040 1041/746/1041
f 1042/752/1042 1043/749/1043 1036/744/1036 1035/751/1035
f 1044/1/1044 1054/927/1045 1055/925/1039 1038/4/1038
f 1039/3/1046 1035/751/1035 1034/750/1034 1040/747/1047
f 1045/2/1048 1042/752/1042 1035/751/1035 1039/3/1046
f 1036/744/1036 1046/754/1049 1047/753/1050 1037/743/1037
f 1043/749/1043 1048/755/1051 1046/754/1049 1036/744/1036
f 1041/746/1041 1056/926/1040 1057/928/1052 1050/756/1053
f 1034/750/1034 1051/758/1054 1049/757/1055 1040/747/1047
f 1037/743/1037 1052/760/1056 1051/758/1054 1034/750/1034
f 1047/753/1050 1053/761/1057 1052/760/1056 1037/743/1037
f 1054/927/1045 1045/2/1048 1039/3/1046 1055/925/1039
f 1056/926/1040 1055/925/1039 1039/3/1046 1040/747/1047
f 1057/928/1052 1056/926/1040 1040/747/1047 1049/757/1055
f 1058/929/1058 1059/930/1059 1060/931/1060 1061/932/1061
f 1062/933/1062 1063/934/1063 1064/935/1064 1065/936/1065
f 1066/937/1066 1067/938/1067 1063/934/1063 1062/933/1062
f 1063/934/1063 1067/938/1067 1068/939/1068 1069/940/1069
f 1064/935/1064 1063/934/1063 1069/940/1069 1070/941/1070
f 1071/942/1071 1072/943/1072 1073/944/1073 1074/945/1074
f 1065/936/1065 1064/935/1064 1075/946/1075 1076/947/1076
f 1075/946/1075 1064/935/1064 1070/941/1070 1077/948/1077
f 1076/947/1076 1075/946/1075 1072/943/1072 1071/942/1071
f 1072/943/1072 1075/946/1075 1077/948/1077 1078/949/1078
f 1073/944/1073 1072/943/1072 1078/949/1078 1079/950/1079
f 1074/945/1074 1073/944/1073 1080/951/1080 1081/952/1081
f 1080/951/1080 1073/944/1073 1079/950/1079 1082/953/1082
f 1081/952/1081 1080/951/1080 1059/930/1059 1058/929/1058
f 1059/930/1059 1080/951/1080 1082/953/1082 1083/954/1083
f 1060/931/1060 1059/930/1059 1083/954/1083 1084/955/1084
f 1085/929/1085 1086/930/1086 1087/931/1087 1088/932/1088
f 1089/933/1089 1090/934/1090 1091/935/1091 1092/936/1092
f 1093/937/1093 1094/938/1094 1113/956/1095 1114/957/1096
f 1113/956/1095 1094/938/1094 1095/939/1097 1112/958/1098
f 1091/935/1091 1090/934/1090 1096/940/1099 1097/941/1100
f 1098/942/1101 1099/943/1102 1100/944/1103 1101/945/1104
f 1092/936/1092 1091/935/1091 1102/946/1105 1103/947/1106
f 1102/946/1105 1091/935/1091 1097/941/1100 1104/948/1107
f 1103/947/1106 1102/946/1105 1099/943/1102 1098/942/1101
f 1099/943/1102 1102/946/1105 1104/948/1107 1105/949/1108
f 1100/944/1103 1099/943/1102 1105/949/1108 1106/950/1109
f 1101/945/1104 1100/944/1103 1107/951/1110 1108/952/1111
f 1107/951/1110 1100/944/1103 1106/950/1109 1109/953/1112
f 1108/952/1111 1107/951/1110 1086/930/1086 1085/929/1085
f 1086/930/1086 1107/951/1110 1109/953/1112 1110/954/1113
f 1087/931/1087 1086/930/1086 1110/954/1113 1111/955/1114
f 1090/934/1090 1113/956/1095 1112/958/1098 1096/940/1099
f 1114/957/1096 1113/956/1095 1090/934/1090 1089/933/1089
f 1115/169/1115 1116/172/1116 1117/171/1117 1118/170/1118
f 1119/173/1119 1120/176/1120 1121/175/1121 1122/174/1122
f 1123/177/1123 1124/180/1124 1125/179/1125 1126/178/1126
f 1125/179/1125 1124/180/1124 1127/182/1127 1128/181/1128
f 1126/178/1126 1125/179/1125 1129/184/1129 1130/183/1130
f 1129/184/1129 1125/179/1125 1128/181/1128 1131/185/1131
f 1130/183/1130 1129/184/1129 1120/176/1120 1119/173/1119
f 1120/176/1120 1129/184/1129 1131/185/1131 1132/186/1132
f 1121/175/1121 1120/176/1120 1132/186/1132 1133/187/1133
f 1134/188/1134 1135/191/1135 1136/190/1136 1137/189/1137
f 1122/174/1122 1121/175/1121 1138/193/1138 1139/192/1139
f 1138/193/1138 1121/175/1121 1133/187/1133 1140/194/1140
f 1139/192/1139 1138/193/1138 1135/191/1135 1134/188/1134
f 1135/191/1135 1138/193/1138 1140/194/1140 1141/195/1141
f 1136/190/1136 1135/191/1135 1141/195/1141 1142/196/1142
f 1137/189/1137 1136/190/1136 1143/198/1143 1144/197/1144
f 1143/198/1143 1136/190/1136 1142/196/1142 1145/199/1145
f 1144/197/1144 1143/198/1143 1116/172/1116 1115/169/1115
f 1116/172/1116 1143/198/1143 1145/199/1145 1146/200/1146
f 1117/171/1117 1116/172/1116 1146/200/1146 1147/201/1147
f 1148/959/1148 1149/960/1149 1150/961/1150 1151/962/1151
f 1152/963/1152 1153/964/1153 1154/965/1154 1155/966/1155
f 1156/967/1156 1157/968/1157 1158/969/1158 1159/970/1159
f 1160/971/1160 1161/972/1161 1156/967/1156 1159/970/1159
f 1162/973/1162 1160/971/1160 1159/970/1159 1163/974/1163
f 1158/969/1158 1164/975/1164 1163/974/1163 1159/970/1159
f 1157/968/1157 1165/976/1165 1166/977/1166 1158/969/1158
f 1166/977/1166 1167/978/1167 1164/975/1164 1158/969/1158
f 1165/976/1165 1152/963/1152 1155/966/1155 1166/977/1166
f 1155/966/1155 1168/979/1168 1167/978/1167 1166/977/1166
f 1154/965/1154 1169/980/1169 1168/979/1168 1155/966/1155
f 1186/981/1170 1171/982/1171 1172/983/1172 1185/984/1173
f 1153/964/1153 1174/985/1174 1175/986/1175 1154/965/1154
f 1175/986/1175 1176/987/1176 1169/980/1169 1154/965/1154
f 1174/985/1174 1170/988/1177 1173/989/1178 1175/986/1175
f 1173/989/1178 1177/990/1179 1176/987/1176 1175/986/1175
f 1172/983/1172 1178/991/1180 1184/992/1181 1185/984/1173
f 1171/982/1171 1179/993/1182 1180/994/1183 1172/983/1172
f 1180/994/1183 1181/995/1184 1178/991/1180 1172/983/1172
f 1179/993/1182 1148/959/1148 1151/962/1151 1180/994/1183
f 1151/962/1151 1182/996/1185 1181/995/1184 1180/994/1183
f 1150/961/1150 1183/997/1186 1182/996/1185 1151/962/1151
f 1185/984/1173 1184/992/1181 1177/990/1179 1173/989/1178
f 1170/988/1177 1186/981/1170 1185/984/1173 1173/989/1178
f 1187/998/1187 1188/999/1188 1189/1000/1189 1190/1001/1190
f 1191/1002/1191 1192/1003/1192 1193/1004/1193 1194/1005/1194
f 1195/1006/1195 1196/1007/1196 1197/1008/1197 1198/1009/1198
f 1197/1008/1197 1196/1007/1196 1199/1010/1199 1200/1011/1200
f 1198/1009/1198 1197/1008/1197 1201/1012/1201 1202/1013/1202
f 1201/1012/1201 1197/1008/1197 1200/1011/1200 1203/1014/1203
f 1202/1013/1202 1201/1012/1201 1192/1003/1192 1191/1002/1191
f 1192/1003/1192 1201/1012/1201 1203/1014/1203 1204/1015/1204
f 1193/1004/1193 1192/1003/1192 1204/1015/1204 1205/1016/1205
f 1206/1017/1206 1207/1018/1207 1221/1019/1208 1222/1020/1209
f 1194/1005/1194 1193/1004/1193 1210/1021/1210 1211/1022/1211
f 1210/1021/1210 1193/1004/1193 1205/1016/1205 1212/1023/1212
f 1211/1022/1211 1210/1021/1210 1207/1018/1207 1206/1017/1206
f 1207/1018/1207 1210/1021/1210 1212/1023/1212 1213/1024/1213
f 1221/1019/1208 1207/1018/1207 1213/1024/1213 1220/1025/1214
f 1209/1026/1215 1208/1027/1216 1215/1028/1217 1216/1029/1218
f 1215/1028/1217 1208/1027/1216 1214/1030/1219 1217/1031/1220
f 1216/1029/1218 1215/1028/1217 1188/999/1188 1187/998/1187
f 1188/999/1188 1215/1028/1217 1217/1031/1220 1218/1032/1221
f 1189/1000/1189 1188/999/1188 1218/1032/1221 1219/1033/1222
f 1208/1027/1216 1221/1019/1208 1220/1025/1214 1214/1030/1219
f 1222/1020/1209 1221/1019/1208 1208/1027/1216 1209/1026/1215
f 1223/1034/1223 1224/1035/1224 1225/1036/1225 1226/1037/1226
f 1227/1038/1227 1228/1039/1228 1229/1040/1229 1230/1041/1230
f 1231/1042/1231 1227/1038/1227 1230/1041/1230 1232/1043/1232
f 1230/1041/1230 1233/1044/1233 1234/1045/1234 1232/1043/1232
f 1229/1040/1229 1235/1046/1235 1233/1044/1233 1230/1041/1230
f 1252/1047/1236 1237/1048/1237 1238/1049/1238 1251/1050/1239
f 1228/1039/1228 1240/1051/1240 1241/1052/1241 1229/1040/1229
f 1241/1052/1241 1242/1053/1242 1235/1046/1235 1229/1040/1229
f 1240/1051/1240 1236/1054/1243 1239/1055/1244 1241/1052/1241
f 1239/1055/1244 1243/1056/1245 1242/1053/1242 1241/1052/1241
f 1238/1049/1238 1244/1057/1246 1250/1058/1247 1251/1050/1239
f 1237/1048/1237 1245/1059/1248 1246/1060/1249 1238/1049/1238
f 1246/1060/1249 1247/1061/1250 1244/1057/1246 1238/1049/1238
f 1245/1059/1248 1223/1034/1223 1226/1037/1226 1246/1060/1249
f 1226/1037/1226 1248/1062/1251 1247/1061/1250 1246/1060/1249
f 1225/1036/1225 1249/1063/1252 1248/1062/1251 1226/1037/1226
f 1251/1050/1239 1250/1058/1247 1243/1056/1245 1239/1055/1244
f 1236/1054/1243 1252/1047/1236 1251/1050/1239 1239/1055/1244
f 1253/116/1253 1254/119/1254 1255/118/1255 1256/117/1256
f 1257/120/1257 1258/133/1258 1259/134/1259 1260/121/1260
f 1261/124/1261 1257/120/1257 1260/121/1260 1262/125/1262
f 1260/121/1260 1263/127/1263 1264/126/1264 1262/125/1262
f 1259/134/1259 1265/137/1265 1263/127/1263 1260/121/1260
f 1282/1064/1266 1267/132/1267 1268/131/1268 1281/1065/1269
f 1258/133/1258 1270/139/1270 1271/140/1271 1259/134/1259
f 1271/140/1271 1272/141/1272 1265/137/1265 1259/134/1259
f 1270/139/1270 1266/129/1273 1269/130/1274 1271/140/1271
f 1269/130/1274 1273/142/1275 1272/141/1272 1271/140/1271
f 1268/131/1268 1274/143/1276 1280/1066/1277 1281/1065/1269
f 1267/132/1267 1275/145/1278 1276/144/1279 1268/131/1268
f 1276/144/1279 1277/146/1280 1274/143/1276 1268/131/1268
f 1275/145/1278 1253/116/1253 1256/117/1256 1276/144/1279
f 1256/117/1256 1278/147/1281 1277/146/1280 1276/144/1279
f 1255/118/1255 1279/148/1282 1278/147/1281 1256/117/1256
f 1281/1065/1269 1280/1066/1277 1273/142/1275 1269/130/1274
f 1266/129/1273 1282/1064/1266 1281/1065/1269 1269/130/1274
f 1283/169/1283 1284/170/1284 1285/171/1285 1286/172/1286
f 1287/173/1287 1288/174/1288 1289/175/1289 1290/176/1290
f 1291/177/1291 1292/178/1292 1293/179/1293 1294/180/1294
f 1293/179/1293 1295/181/1295 1296/182/1296 1294/180/1294
f 1292/178/1292 1297/183/1297 1298/184/1298 1293/179/1293
f 1298/184/1298 1299/185/1299 1295/181/1295 1293/179/1293
f 1297/183/1297 1287/173/1287 1290/176/1290 1298/184/1298
f 1290/176/1290 1300/186/1300 1299/185/1299 1298/184/1298
f 1289/175/1289 1301/187/1301 1300/186/1300 1290/176/1290
f 1318/1067/1302 1303/189/1303 1304/190/1304 1317/1068/1305
f 1321/1069/1306 1306/192/1307 1307/193/1308 1320/1070/1309
f 1307/193/1308 1308/194/1310 1319/1071/1311 1320/1070/1309
f 1306/192/1307 1302/188/1312 1305/191/1313 1307/193/1308
f 1305/191/1313 1309/195/1314 1308/194/1310 1307/193/1308
f 1304/190/1304 1310/196/1315 1316/1072/1316 1317/1068/1305
f 1303/189/1303 1311/197/1317 1312/198/1318 1304/190/1304
f 1312/198/1318 1313/199/1319 1310/196/1315 1304/190/1304
f 1311/197/1317 1283/169/1283 1286/172/1286 1312/198/1318
f 1286/172/1286 1314/200/1320 1313/199/1319 1312/198/1318
f 1285/171/1285 1315/201/1321 1314/200/1320 1286/172/1286
f 1317/1068/1305 1316/1072/1316 1309/195/1314 1305/191/1313
f 1302/188/1312 1318/1067/1302 1317/1068/1305 1305/191/1313
f 1320/1070/1309 1319/1071/1311 1301/187/1301 1289/175/1289
f 1288/174/1288 1321/1069/1306 1320/1070/1309 1289/175/1289
f 1322/1073/1322 1323/1074/1323 1324/1075/1324 1325/1076/1325
f 1326/1077/1326 1327/1078/1327 1328/1079/1328 1329/1080/1329
f 1330/1081/1330 1331/1082/1331 1332/1083/1332 1333/1084/1333
f 1332/1083/1332 1334/1085/1334 1335/1086/1335 1333/1084/1333
f 1331/1082/1331 1336/1087/1336 1337/1088/1337 1332/1083/1332
f 1337/1088/1337 1338/1089/1338 1334/1085/1334 1332/1083/1332
f 1336/1087/1336 1326/1077/1326 1329/1080/1329 1337/1088/1337
f 1329/1080/1329 1339/1090/1339 1338/1089/1338 1337/1088/1337
f 1328/1079/1328 1340/1091/1340 1339/1090/1339 1329/1080/1329
f 1327/1078/1327 1345/1092/1341 1346/1093/1342 1328/1079/1328
f 1346/1093/1342 1347/1094/1343 1340/1091/1340 1328/1079/1328
f 1345/1092/1341 1341/1095/1344 1344/1096/1345 1346/1093/1342
f 1344/1096/1345 1348/1097/1346 1347/1094/1343 1346/1093/1342
f 1342/1098/1347 1350/1099/1348 1351/1100/1349 1343/1101/1350
f 1351/1100/1349 1352/1102/1351 1349/1103/1352 1343/1101/1350
f 1350/1099/1348 1322/1073/1322 1325/1076/1325 1351/1100/1349
f 1325/1076/1325 1353/1104/1353 1352/1102/1351 1351/1100/1349
f 1324/1075/1324 1354/1105/1354 1353/1104/1353 1325/1076/1325
f 1359/1106/1355 1342/1098/1347 1343/1101/1350 1358/1107/1356
f 1343/1101/1350 1349/1103/1352 1357/1108/1357 1358/1107/1356
f 1358/1107/1356 1357/1108/1357 1356/1109/1358 1355/1110/1359
f 1360/1111/1360 1359/1106/1355 1358/1107/1356 1355/1110/1359
f 1355/1110/1359 1356/1109/1358 1348/1097/1346 1344/1096/1345
f 1341/1095/1344 1360/1111/1360 1355/1110/1359 1344/1096/1345
f 1361/1112/1361 1362/1113/1362 1363/1114/1363 1364/1115/1364
f 1365/1116/1365 1366/1117/1366 1367/1118/1367 1368/1119/1368
f 1369/1120/1369 1370/1121/1370 1371/1122/1371 1372/1123/1372
f 1373/1124/1373 1374/1125/1374 1369/1120/1369 1372/1123/1372
f 1375/1126/1375 1373/1124/1373 1372/1123/1372 1376/1127/1376
f 1371/1122/1371 1377/1128/1377 1376/1127/1376 1372/1123/1372
f 1370/1121/1370 1378/1129/1378 1379/1130/1379 1371/1122/1371
f 1379/1130/1379 1380/1131/1380 1377/1128/1377 1371/1122/1371
f 1378/1129/1378 1365/1116/1365 1368/1119/1368 1379/1130/1379
f 1368/1119/1368 1381/1132/1381 1380/1131/1380 1379/1130/1379
f 1367/1118/1367 1382/1133/1382 1381/1132/1381 1368/1119/1368
f 1402/1134/1383 1384/1135/1384 1385/1136/1385 1401/1137/1386
f 1366/1117/1366 1387/1138/1387 1388/1139/1388 1367/1118/1367
f 1388/1139/1388 1389/1140/1389 1382/1133/1382 1367/1118/1367
f 1387/1138/1387 1383/1141/1390 1386/1142/1391 1388/1139/1388
f 1386/1142/1391 1390/1143/1392 1389/1140/1389 1388/1139/1388
f 1385/1136/1385 1391/1144/1393 1400/1145/1394 1401/1137/1386
f 1399/1146/1395 1392/1147/1396 1393/1148/1397 1398/1149/1398
f 1393/1148/1397 1394/1150/1399 1397/1151/1400 1398/1149/1398
f 1392/1147/1396 1361/1112/1361 1364/1115/1364 1393/1148/1397
f 1364/1115/1364 1395/1152/1401 1394/1150/1399 1393/1148/1397
f 1363/1114/1363 1396/1153/1402 1395/1152/1401 1364/1115/1364
f 1398/1149/1398 1397/1151/1400 1391/1144/1393 1385/1136/1385
f 1384/1135/1384 1399/1146/1395 1398/1149/1398 1385/1136/1385
f 1401/1137/1386 1400/1145/1394 1390/1143/1392 1386/1142/1391
f 1383/1141/1390 1402/1134/1383 1401/1137/1386 1386/1142/1391
f 1403/1154/1403 1406/1155/1404 1445/1156/1405 1446/1157/1406
f 1407/1158/1407 1410/1159/1408 1409/1160/1409 1408/1161/1410
f 1410/1159/1408 1407/1158/1407 1412/1162/1411 1411/1163/1412
f 1411/1163/1412 1412/1162/1411 1414/1164/1413 1413/1165/1414
f 1413/1165/1414 1414/1164/1413 1416/1166/1415 1415/1167/1416
f 1415/1167/1416 1416/1166/1415 1418/1168/1417 1417/1169/1418
f 1417/1169/1418 1418/1168/1417 1420/1170/1419 1419/1171/1420
f 1419/1171/1420 1420/1170/1419 1422/1172/1421 1421/1173/1422
f 1421/1173/1422 1422/1172/1421 1424/1174/1423 1423/1175/1424
f 1423/1175/1424 1424/1174/1423 1426/1176/1425 1425/1177/1426
f 1448/1178/1427 1449/1179/1428 1404/1180/1429 1405/1181/1430
f 1424/1174/1423 1428/1182/1431 1427/1183/1432 1426/1176/1425
f 1424/1174/1423 1422/1172/1421 1429/1184/1433 1428/1182/1431
f 1429/1184/1433 1422/1172/1421 1420/1170/1419 1430/1185/1434
f 1430/1185/1434 1420/1170/1419 1418/1168/1417 1431/1186/1435
f 1431/1186/1435 1418/1168/1417 1416/1166/1415 1432/1187/1436
f 1432/1187/1436 1416/1166/1415 1414/1164/1413 1433/1188/1437
f 1433/1188/1437 1414/1164/1413 1412/1162/1411 1434/1189/1438
f 1434/1189/1438 1412/1162/1411 1407/1158/1407 1435/1190/1439
f 1435/1190/1439 1407/1158/1407 1408/1161/1410 1436/1191/1440
f 1447/1192/1441 1438/1193/1442 1403/1154/1403 1446/1157/1406
f 1450/1194/1443 1437/1195/1444 1404/1180/1429 1449/1179/1428
f 1406/1155/1404 1403/1154/1403 1443/1196/1445 1444/1197/1446
f 1403/1154/1403 1438/1193/1442 1442/1198/1447 1443/1196/1445
f 1443/1196/1445 1442/1198/1447 1441/1199/1448 1440/1200/1449
f 1444/1197/1446 1443/1196/1445 1440/1200/1449 1439/1201/1450
f 1446/1157/1406 1445/1156/1405 1405/1181/1430 1404/1180/1429
f 1437/1195/1444 1447/1192/1441 1446/1157/1406 1404/1180/1429
f 1425/1177/1426 1426/1176/1425 1449/1179/1428 1448/1178/1427
f 1427/1183/1432 1450/1194/1443 1449/1179/1428 1426/1176/1425
f 1480/1202/1451 1452/1203/1452 1453/1204/1453 1479/1205/1454
f 1455/1206/1455 1456/1207/1456 1457/1208/1457 1458/1209/1458
f 1459/1210/1459 1455/1211/1455 1458/1212/1458 1460/1213/1460
f 1458/1212/1458 1461/1214/1461 1462/1215/1462 1460/1213/1460
f 1457/1208/1457 1463/1216/1463 1461/1217/1461 1458/1209/1458
f 1483/1218/1464 1465/1219/1465 1466/1220/1466 1482/1221/1467
f 1456/1207/1456 1468/1222/1468 1469/1223/1469 1457/1208/1457
f 1469/1223/1469 1470/1224/1470 1463/1216/1463 1457/1208/1457
f 1468/1222/1468 1464/1225/1471 1467/1226/1472 1469/1223/1469
f 1467/1226/1472 1471/1227/1473 1470/1224/1470 1469/1223/1469
f 1466/1220/1466 1472/1228/1474 1481/1229/1475 1482/1221/1467
f 1465/1219/1465 1473/1230/1476 1474/1231/1477 1466/1220/1466
f 1474/1231/1477 1475/1232/1478 1472/1228/1474 1466/1220/1466
f 1473/1230/1476 1451/1233/1479 1454/1234/1480 1474/1231/1477
f 1454/1234/1480 1476/1235/1481 1475/1232/1478 1474/1231/1477
f 1453/1204/1453 1477/1236/1482 1478/1237/1483 1479/1205/1454
f 1479/1205/1454 1478/1237/1483 1476/1235/1481 1454/1234/1480
f 1451/1233/1479 1480/1202/1451 1479/1205/1454 1454/1234/1480
f 1482/1221/1467 1481/1229/1475 1471/1227/1473 1467/1226/1472
f 1464/1225/1471 1483/1218/1464 1482/1221/1467 1467/1226/1472
f 1488/1238/1484 1485/1239/1485 1484/1240/1486 1489/1241/1487
f 1490/1242/1488 1486/1243/1489 1487/1244/1490 1491/1245/1491
f 1491/1245/1491 1487/1244/1490 1485/1239/1485 1488/1238/1484
f 1489/1241/1487 1484/1240/1486 1492/1246/1492 1493/1247/1493
f 1486/1243/1489 1494/1248/1494 1495/1249/1495 1487/1244/1490
f 1485/1239/1485 1487/1244/1490 1495/1249/1495 1496/1250/1496
f 1484/1240/1486 1485/1239/1485 1496/1250/1496 1497/1251/1497
f 1492/1246/1492 1484/1240/1486 1497/1251/1497 1498/1252/1498
f 1499/1253/1499 1500/1254/1500 1524/1255/1501 1525/1256/1502
f 1503/1257/1503 1504/1258/1504 1527/1259/1505 1528/1260/1506
f 1507/508/1507 1530/1261/1508 1531/1262/1509 1508/511/1510
f 1509/512/1511 1529/1263/1512 1530/1261/1508 1507/508/1507
f 1527/1259/1505 1504/1258/1504 1510/1264/1513 1526/1265/1514
f 1506/1266/1515 1505/1267/1516 1512/1268/1517 1513/1269/1518
f 1512/1268/1517 1505/1267/1516 1511/1270/1519 1514/1271/1520
f 1513/1269/1518 1512/1268/1517 1500/1254/1500 1499/1253/1499
f 1500/1254/1500 1512/1268/1517 1514/1271/1520 1515/1272/1521
f 1524/1255/1501 1500/1254/1500 1515/1272/1521 1523/1273/1522
f 1502/503/1523 1501/502/1524 1517/524/1525 1518/525/1526
f 1517/524/1525 1501/502/1524 1516/523/1527 1519/526/1528
f 1518/525/1526 1517/524/1525 1520/527/1529 1521/528/1530
f 1520/527/1529 1517/524/1525 1519/526/1528 1522/529/1531
f 1501/502/1524 1524/1255/1501 1523/1273/1522 1516/523/1527
f 1525/1256/1502 1524/1255/1501 1501/502/1524 1502/503/1523
f 1505/1267/1516 1527/1259/1505 1526/1265/1514 1511/1270/1519
f 1528/1260/1506 1527/1259/1505 1505/1267/1516 1506/1266/1515
f 1534/1274/1532 1510/1264/1513 1504/1258/1504 1533/1275/1533
f 1532/1276/1534 1533/1275/1533 1504/1258/1504 1503/1257/1503
f 1531/1262/1509 1530/1261/1508 1533/1275/1533 1532/1276/1534
f 1529/1263/1512 1534/1274/1532 1533/1275/1533 1530/1261/1508
f 1535/1277/1535 1536/1180/1536 1537/1181/1537 1538/1155/1538
f 1539/1158/1539 1540/1161/1540 1541/1160/1541 1542/1159/1542
f 1542/1159/1542 1543/1163/1543 1544/1162/1544 1539/1158/1539
f 1543/1163/1543 1583/1278/1545 1584/1279/1546 1544/1162/1544
f 1545/1165/1547 1547/1167/1548 1548/1166/1549 1546/1164/1550
f 1547/1167/1548 1549/1169/1551 1550/1168/1552 1548/1166/1549
f 1582/1280/1553 1551/1171/1554 1552/1170/1555 1581/1281/1556
f 1551/1171/1554 1553/1173/1557 1554/1172/1558 1552/1170/1555
f 1553/1173/1557 1555/1175/1559 1556/1174/1560 1554/1172/1558
f 1555/1175/1559 1557/1177/1561 1558/1176/1562 1556/1174/1560
f 1557/1177/1561 1537/1181/1537 1536/1180/1536 1558/1176/1562
f 1556/1174/1560 1558/1176/1562 1559/1183/1563 1560/1182/1564
f 1556/1174/1560 1560/1182/1564 1561/1184/1565 1554/1172/1558
f 1561/1184/1565 1562/1185/1566 1552/1170/1555 1554/1172/1558
f 1562/1185/1566 1580/1282/1567 1581/1281/1556 1552/1170/1555
f 1563/1186/1568 1564/1187/1569 1548/1166/1549 1550/1168/1552
f 1564/1187/1569 1565/1188/1570 1546/1164/1550 1548/1166/1549
f 1585/1283/1571 1566/1189/1572 1544/1162/1544 1584/1279/1546
f 1566/1189/1572 1567/1190/1573 1539/1158/1539 1544/1162/1544
f 1567/1190/1573 1568/1191/1574 1540/1161/1540 1539/1158/1539
f 1569/1195/1575 1536/1180/1536 1535/1277/1535 1570/1193/1576
f 1559/1183/1563 1558/1176/1562 1536/1180/1536 1569/1195/1575
f 1579/1284/1577 1571/1201/1578 1572/1200/1579 1578/1285/1580
f 1578/1285/1580 1572/1200/1579 1573/1199/1581 1577/1286/1582
f 1535/1277/1535 1575/1287/1583 1574/1288/1584 1570/1193/1576
f 1538/1155/1538 1576/1197/1585 1575/1287/1583 1535/1277/1535
f 1575/1287/1583 1578/1285/1580 1577/1286/1582 1574/1288/1584
f 1576/1197/1585 1579/1284/1577 1578/1285/1580 1575/1287/1583
f 1580/1282/1567 1563/1186/1568 1550/1168/1552 1581/1281/1556
f 1549/1169/1551 1582/1280/1553 1581/1281/1556 1550/1168/1552
f 1583/1278/1545 1545/1165/1547 1546/1164/1550 1584/1279/1546
f 1565/1188/1570 1585/1283/1571 1584/1279/1546 1546/1164/1550
f 1586/1154/1586 1587/1180/1587 1588/1181/1588 1589/1155/1589
f 1590/1158/1590 1591/1161/1591 1592/1160/1592 1593/1159/1593
f 1593/1159/1593 1594/1163/1594 1595/1162/1595 1590/1158/1590
f 1594/1163/1594 1596/1165/1596 1597/1164/1597 1595/1162/1595
f 1596/1165/1596 1598/1167/1598 1599/1166/1599 1597/1164/1597
f 1598/1167/1598 1600/1169/1600 1601/1168/1601 1599/1166/1599
f 1600/1169/1600 1602/1171/1602 1603/1170/1603 1601/1168/1601
f 1627/1289/1604 1604/1173/1605 1605/1172/1606 1626/1290/1607
f 1604/1173/1605 1606/1175/1608 1607/1174/1609 1605/1172/1606
f 1606/1175/1608 1608/1177/1610 1609/1176/1611 1607/1174/1609
f 1608/1177/1610 1588/1181/1588 1587/1180/1587 1609/1176/1611
f 1607/1174/1609 1609/1176/1611 1610/1183/1612 1611/1182/1613
f 1607/1174/1609 1611/1182/1613 1612/1184/1614 1605/1172/1606
f 1612/1184/1614 1625/1291/1615 1626/1290/1607 1605/1172/1606
f 1613/1185/1616 1614/1186/1617 1601/1168/1601 1603/1170/1603
f 1614/1186/1617 1615/1187/1618 1599/1166/1599 1601/1168/1601
f 1615/1187/1618 1616/1188/1619 1597/1164/1597 1599/1166/1599
f 1616/1188/1619 1617/1189/1620 1595/1162/1595 1597/1164/1597
f 1617/1189/1620 1618/1190/1621 1590/1158/1590 1595/1162/1595
f 1618/1190/1621 1619/1191/1622 1591/1161/1591 1590/1158/1590
f 1620/1195/1623 1587/1180/1587 1586/1154/1586 1621/1193/1624
f 1610/1183/1612 1609/1176/1611 1587/1180/1587 1620/1195/1623
f 1630/1197/1625 1622/1201/1626 1623/1200/1627 1629/1196/1628
f 1629/1196/1628 1623/1200/1627 1624/1199/1629 1628/1198/1630
f 1625/1291/1615 1613/1185/1616 1603/1170/1603 1626/1290/1607
f 1602/1171/1602 1627/1289/1604 1626/1290/1607 1603/1170/1603
f 1586/1154/1586 1629/1196/1628 1628/1198/1630 1621/1193/1624
f 1589/1155/1589 1630/1197/1625 1629/1196/1628 1586/1154/1586
f 1631/1233/1631 1632/1203/1632 1633/1204/1633 1634/1234/1634
f 1635/1211/1635 1636/1207/1636 1637/1208/1637 1638/1212/1638
f 1639/1210/1639 1635/1211/1635 1638/1212/1638 1640/1213/1640
f 1638/1212/1638 1641/1214/1641 1642/1215/1642 1640/1213/1640
f 1637/1208/1637 1643/1216/1643 1641/1214/1641 1638/1212/1638
f 1660/1218/1644 1645/1219/1645 1646/1220/1646 1659/1221/1647
f 1636/1207/1636 1648/1222/1648 1649/1223/1649 1637/1208/1637
f 1649/1223/1649 1650/1224/1650 1643/1216/1643 1637/1208/1637
f 1648/1222/1648 1644/1225/1651 1647/1226/1652 1649/1223/1649
f 1647/1226/1652 1651/1227/1653 1650/1224/1650 1649/1223/1649
f 1646/1220/1646 1652/1228/1654 1658/1229/1655 1659/1221/1647
f 1645/1219/1645 1653/1230/1656 1654/1231/1657 1646/1220/1646
f 1654/1231/1657 1655/1232/1658 1652/1228/1654 1646/1220/1646
f 1653/1230/1656 1631/1233/1631 1634/1234/1634 1654/1231/1657
f 1634/1234/1634 1656/1235/1659 1655/1232/1658 1654/1231/1657
f 1633/1204/1633 1657/1236/1660 1656/1235/1659 1634/1234/1634
f 1659/1221/1647 1658/1229/1655 1651/1227/1653 1647/1226/1652
f 1644/1225/1651 1660/1218/1644 1659/1221/1647 1647/1226/1652
f 1661/1292/1661 1664/1293/1662 1663/1294/1663 1662/1295/1664
f 1665/1296/1665 1668/1297/1666 1667/1298/1667 1666/1299/1668
f 1699/1300/1669 1698/1301/1670 1671/1302/1671 1670/1303/1672
f 1671/1302/1671 1698/1301/1670 1697/1304/1673 1673/1305/1674
f 1670/1303/1672 1671/1302/1671 1676/1306/1675 1675/1307/1676
f 1676/1306/1675 1671/1302/1671 1673/1305/1674 1677/1308/1677
f 1675/1307/1676 1676/1306/1675 1668/1297/1666 1665/1296/1665
f 1668/1297/1666 1676/1306/1675 1677/1308/1677 1678/1309/1678
f 1667/1298/1667 1668/1297/1666 1678/1309/1678 1679/1310/1679
f 1680/1311/1680 1683/1312/1681 1682/1313/1682 1681/1314/1683
f 1666/1299/1668 1667/1298/1667 1685/1315/1684 1684/1316/1685
f 1685/1315/1684 1667/1298/1667 1679/1310/1679 1686/1317/1686
f 1684/1316/1685 1685/1315/1684 1683/1312/1681 1680/1311/1680
f 1683/1312/1681 1685/1315/1684 1686/1317/1686 1687/1318/1687
f 1682/1313/1682 1683/1312/1681 1687/1318/1687 1688/1319/1688
f 1681/1314/1683 1682/1313/1682 1690/1320/1689 1689/1321/1690
f 1690/1320/1689 1682/1313/1682 1688/1319/1688 1691/1322/1691
f 1664/1293/1662 1693/1323/1692 1692/1324/1693 1663/1294/1663
f 1700/1325/1694 1701/1326/1695 1695/1327/1696 1694/1328/1697
f 1696/1329/1698 1695/1327/1696 1701/1326/1695 1702/1330/1699
f 1694/1328/1697 1695/1327/1696 1690/1320/1689 1691/1322/1691
f 1689/1321/1690 1690/1320/1689 1695/1327/1696 1696/1329/1698
f 1698/1301/1670 1672/1331/1700 1674/1332/1701 1697/1304/1673
f 1669/1333/1702 1672/1331/1700 1698/1301/1670 1699/1300/1669
f 1693/1323/1692 1664/1293/1662 1701/1326/1695 1700/1325/1694
f 1702/1330/1699 1701/1326/1695 1664/1293/1662 1661/1292/1661
f 1741/1334/1703 1704/1335/1704 1705/1336/1705 1740/1337/1706
f 1732/1338/1707 1708/1339/1708 1709/1340/1709 1731/1341/1710
f 1711/1342/1711 1707/1343/1712 1710/1344/1713 1712/1345/1714
f 1710/1344/1713 1713/1346/1715 1714/1347/1716 1712/1345/1714
f 1709/1340/1709 1715/1348/1717 1730/1349/1718 1731/1341/1710
f 1716/1350/1719 1717/1351/1720 1718/1352/1721 1719/1353/1722
f 1708/1339/1708 1720/1354/1723 1721/1355/1724 1709/1340/1709
f 1721/1355/1724 1722/1356/1725 1715/1348/1717 1709/1340/1709
f 1720/1354/1723 1716/1350/1719 1719/1353/1722 1721/1355/1724
f 1719/1353/1722 1723/1357/1726 1722/1356/1725 1721/1355/1724
f 1718/1352/1721 1724/1358/1727 1723/1357/1726 1719/1353/1722
f 1738/1359/1728 1725/1360/1729 1726/1361/1730 1737/1362/1731
f 1726/1361/1730 1727/1363/1732 1736/1364/1733 1737/1362/1731
f 1725/1360/1729 1703/1365/1734 1706/1366/1735 1726/1361/1730
f 1706/1366/1735 1728/1367/1736 1727/1363/1732 1726/1361/1730
f 1705/1336/1705 1729/1368/1737 1739/1369/1738 1740/1337/1706
f 1731/1341/1710 1730/1349/1718 1713/1346/1715 1710/1344/1713
f 1707/1343/1712 1732/1338/1707 1731/1341/1710 1710/1344/1713
f 1734/1370/1739 1733/1371/1740 1728/1367/1736 1706/1366/1735
f 1703/1365/1734 1735/1372/1741 1734/1370/1739 1706/1366/1735
f 1737/1362/1731 1736/1364/1733 1724/1358/1727 1718/1352/1721
f 1717/1351/1720 1738/1359/1728 1737/1362/1731 1718/1352/1721
f 1740/1337/1706 1739/1369/1738 1733/1371/1740 1734/1370/1739
f 1735/1372/1741 1741/1334/1703 1740/1337/1706 1734/1370/1739
f 1781/1373/1742 1782/1374/1743 1744/1375/1744 1743/1376/1745
f 1778/1377/1746 1779/1378/1747 1748/1379/1748 1747/1380/1749
f 1748/1379/1748 1779/1378/1747 1780/1381/1750 1751/1382/1751
f 1752/1383/1752 1755/1384/1753 1754/1385/1754 1753/1386/1755
f 1774/1387/1756 1773/1388/1757 1757/1389/1758 1756/1390/1759
f 1757/1389/1758 1773/1388/1757 1772/1391/1760 1758/1392/1761
f 1771/1393/1762 1770/1394/1763 1755/1384/1753 1752/1383/1752
f 1755/1384/1753 1770/1394/1763 1769/1395/1764 1759/1396/1765
f 1754/1385/1754 1755/1384/1753 1759/1396/1765 1760/1397/1766
f 1753/1386/1755 1754/1385/1754 1762/1398/1767 1761/1399/1768
f 1762/1398/1767 1754/1385/1754 1760/1397/1766 1763/1400/1769
f 1761/1399/1768 1762/1398/1767 1765/1401/1770 1764/1402/1771
f 1765/1401/1770 1762/1398/1767 1763/1400/1769 1766/1403/1772
f 1744/1375/1744 1782/1374/1743 1783/1404/1773 1767/1405/1774
f 1745/1406/1775 1765/1401/1770 1766/1403/1772 1768/1407/1776
f 1764/1402/1771 1765/1401/1770 1745/1406/1775 1742/1408/1777
f 1770/1394/1763 1776/1409/1778 1777/1410/1779 1769/1395/1764
f 1775/1411/1780 1776/1409/1778 1770/1394/1763 1771/1393/1762
f 1773/1388/1757 1748/1379/1748 1751/1382/1751 1772/1391/1760
f 1747/1380/1749 1748/1379/1748 1773/1388/1757 1774/1387/1756
f 1756/1390/1759 1757/1389/1758 1776/1409/1778 1775/1411/1780
f 1777/1410/1779 1776/1409/1778 1757/1389/1758 1758/1392/1761
f 1746/1412/1781 1749/1413/1782 1779/1378/1747 1778/1377/1746
f 1780/1381/1750 1779/1378/1747 1749/1413/1782 1750/1414/1783
f 1742/1408/1777 1745/1406/1775 1782/1374/1743 1781/1373/1742
f 1783/1404/1773 1782/1374/1743 1745/1406/1775 1768/1407/1776
f 1784/1415/1784 1785/1416/1785 1786/1417/1786 1787/1418/1787
f 1788/1419/1788 1789/1420/1789 1790/1421/1790 1791/1422/1791
f 1792/1423/1792 1793/1424/1793 1794/1425/1794 1795/1426/1795
f 1796/1427/1796 1797/1428/1797 1792/1423/1792 1795/1426/1795
f 1798/1429/1798 1796/1427/1796 1795/1426/1795 1799/1430/1799
f 1794/1425/1794 1800/1431/1800 1799/1430/1799 1795/1426/1795
f 1793/1424/1793 1801/1432/1801 1802/1433/1802 1794/1425/1794
f 1802/1433/1802 1803/1434/1803 1800/1431/1800 1794/1425/1794
f 1801/1432/1801 1788/1419/1788 1791/1422/1791 1802/1433/1802
f 1791/1422/1791 1804/1435/1804 1803/1434/1803 1802/1433/1802
f 1790/1421/1790 1805/1436/1805 1804/1435/1804 1791/1422/1791
f 1806/1437/1806 1807/1438/1807 1808/1439/1808 1809/1440/1809
f 1822/1441/1810 1810/1442/1811 1811/1443/1812 1821/1444/1813
f 1811/1443/1812 1812/1445/1814 1820/1446/1815 1821/1444/1813
f 1810/1442/1811 1806/1437/1806 1809/1440/1809 1811/1443/1812
f 1809/1440/1809 1813/1447/1816 1812/1445/1814 1811/1443/1812
f 1808/1439/1808 1814/1448/1817 1813/1447/1816 1809/1440/1809
f 1825/1449/1818 1815/1450/1819 1816/1451/1820 1824/1452/1821
f 1816/1451/1820 1817/1453/1822 1823/1454/1823 1824/1452/1821
f 1815/1450/1819 1784/1415/1784 1787/1418/1787 1816/1451/1820
f 1787/1418/1787 1818/1455/1824 1817/1453/1822 1816/1451/1820
f 1786/1417/1786 1819/1456/1825 1818/1455/1824 1787/1418/1787
f 1821/1444/1813 1820/1446/1815 1805/1436/1805 1790/1421/1790
f 1789/1420/1789 1822/1441/1810 1821/1444/1813 1790/1421/1790
f 1824/1452/1821 1823/1454/1823 1814/1448/1817 1808/1439/1808
f 1807/1438/1807 1825/1449/1818 1824/1452/1821 1808/1439/1808
f 1826/1408/1826 1827/1376/1827 1828/1375/1828 1829/1406/1829
f 1830/1457/1830 1831/1458/1831 1832/1459/1832 1833/1460/1833
f 1834/1461/1834 1835/1462/1835 1836/1463/1836 1837/1464/1837
f 1836/1463/1836 1838/1465/1838 1839/1466/1839 1837/1464/1837
f 1835/1462/1835 1840/1467/1840 1841/1468/1841 1836/1463/1836
f 1841/1468/1841 1842/1469/1842 1838/1465/1838 1836/1463/1836
f 1840/1467/1840 1830/1457/1830 1833/1460/1833 1841/1468/1841
f 1833/1460/1833 1843/1470/1843 1842/1469/1842 1841/1468/1841
f 1832/1459/1832 1844/1471/1844 1843/1470/1843 1833/1460/1833
f 1845/1383/1845 1846/1386/1846 1847/1385/1847 1848/1384/1848
f 1867/1472/1849 1849/1390/1850 1850/1389/1851 1866/1473/1852
f 1850/1389/1851 1851/1392/1853 1865/1474/1854 1866/1473/1852
f 1864/1393/1855 1845/1383/1845 1848/1384/1848 1863/1394/1856
f 1848/1384/1848 1852/1396/1857 1862/1395/1858 1863/1394/1856
f 1847/1385/1847 1853/1397/1859 1852/1396/1857 1848/1384/1848
f 1846/1386/1846 1854/1399/1860 1855/1398/1861 1847/1385/1847
f 1855/1398/1861 1856/1400/1862 1853/1397/1859 1847/1385/1847
f 1854/1399/1860 1857/1402/1863 1858/1401/1864 1855/1398/1861
f 1858/1401/1864 1859/1403/1865 1856/1400/1862 1855/1398/1861
f 1828/1375/1828 1860/1405/1866 1861/1407/1867 1829/1406/1829
f 1829/1406/1829 1861/1407/1867 1859/1403/1865 1858/1401/1864
f 1857/1402/1863 1826/1408/1826 1829/1406/1829 1858/1401/1864
f 1863/1394/1856 1862/1395/1858 1851/1392/1853 1850/1389/1851
f 1849/1390/1850 1864/1393/1855 1863/1394/1856 1850/1389/1851
f 1866/1473/1852 1865/1474/1854 1844/1471/1844 1832/1459/1832
f 1831/1458/1831 1867/1472/1849 1866/1473/1852 1832/1459/1832
f 1868/1475/1868 1869/1476/1869 1870/1477/1870 1871/1478/1871
f 1872/1479/1872 1873/1480/1873 1874/1481/1874 1875/1482/1875
f 1876/1483/1876 1877/1484/1877 1878/1485/1878 1879/1486/1879
f 1911/1487/1880 1912/1488/1881 1876/1483/1876 1879/1486/1879
f 1910/1489/1882 1911/1487/1880 1879/1486/1879 1883/1490/1883
f 1878/1485/1878 1884/1491/1884 1883/1490/1883 1879/1486/1879
f 1877/1484/1877 1885/1492/1885 1886/1493/1886 1878/1485/1878
f 1886/1493/1886 1887/1494/1887 1884/1491/1884 1878/1485/1878
f 1885/1492/1885 1872/1479/1872 1875/1482/1875 1886/1493/1886
f 1875/1482/1875 1888/1495/1888 1887/1494/1887 1886/1493/1886
f 1874/1481/1874 1889/1496/1889 1888/1495/1888 1875/1482/1875
f 1890/1497/1890 1891/1498/1891 1892/1499/1892 1893/1500/1893
f 1873/1480/1873 1894/1501/1894 1895/1502/1895 1874/1481/1874
f 1895/1502/1895 1896/1503/1896 1889/1496/1889 1874/1481/1874
f 1909/1504/1897 1890/1497/1890 1893/1500/1893 1908/1505/1898
f 1893/1500/1893 1897/1506/1899 1907/1507/1900 1908/1505/1898
f 1892/1499/1892 1898/1508/1901 1897/1506/1899 1893/1500/1893
f 1906/1509/1902 1899/1510/1903 1900/1511/1904 1905/1512/1905
f 1900/1511/1904 1901/1513/1906 1904/1514/1907 1905/1512/1905
f 1899/1510/1903 1868/1475/1868 1871/1478/1871 1900/1511/1904
f 1871/1478/1871 1902/1515/1908 1901/1513/1906 1900/1511/1904
f 1870/1477/1870 1903/1516/1909 1902/1515/1908 1871/1478/1871
f 1905/1512/1905 1904/1514/1907 1898/1508/1901 1892/1499/1892
f 1891/1498/1891 1906/1509/1902 1905/1512/1905 1892/1499/1892
f 1908/1505/1898 1907/1507/1900 1896/1503/1896 1895/1502/1895
f 1894/1501/1894 1909/1504/1897 1908/1505/1898 1895/1502/1895
f 1882/1517/1910 1880/1518/1911 1911/1487/1880 1910/1489/1882
f 1880/1518/1911 1881/1519/1912 1912/1488/1881 1911/1487/1880
f 1913/1415/1913 1914/1416/1914 1915/1417/1915 1916/1418/1916
f 1917/1419/1917 1918/1420/1918 1919/1421/1919 1920/1422/1920
f 1921/1423/1921 1922/1424/1922 1923/1425/1923 1924/1426/1924
f 1925/1427/1925 1926/1428/1926 1921/1423/1921 1924/1426/1924
f 1927/1429/1927 1925/1427/1925 1924/1426/1924 1928/1430/1928
f 1923/1425/1923 1929/1431/1929 1928/1430/1928 1924/1426/1924
f 1922/1424/1922 1930/1432/1930 1931/1433/1931 1923/1425/1923
f 1931/1433/1931 1932/1434/1932 1929/1431/1929 1923/1425/1923
f 1930/1432/1930 1917/1419/1917 1920/1422/1920 1931/1433/1931
f 1920/1422/1920 1933/1435/1933 1932/1434/1932 1931/1433/1931
f 1919/1421/1919 1934/1436/1934 1933/1435/1933 1920/1422/1920
f 1954/1520/1935 1936/1438/1936 1937/1439/1937 1953/1521/1938
f 1951/1441/1939 1939/1442/1940 1940/1443/1941 1950/1444/1942
f 1940/1443/1941 1941/1445/1943 1949/1446/1944 1950/1444/1942
f 1939/1442/1940 1935/1437/1945 1938/1440/1946 1940/1443/1941
f 1938/1440/1946 1942/1447/1947 1941/1445/1943 1940/1443/1941
f 1937/1439/1937 1943/1448/1948 1952/1522/1949 1953/1521/1938
f 1936/1438/1936 1944/1450/1950 1945/1451/1951 1937/1439/1937
f 1945/1451/1951 1946/1453/1952 1943/1448/1948 1937/1439/1937
f 1944/1450/1950 1913/1415/1913 1916/1418/1916 1945/1451/1951
f 1916/1418/1916 1947/1455/1953 1946/1453/1952 1945/1451/1951
f 1915/1417/1915 1948/1456/1954 1947/1455/1953 1916/1418/1916
f 1950/1444/1942 1949/1446/1944 1934/1436/1934 1919/1421/1919
f 1918/1420/1918 1951/1441/1939 1950/1444/1942 1919/1421/1919
f 1953/1521/1938 1952/1522/1949 1942/1447/1947 1938/1440/1946
f 1935/1437/1945 1954/1520/1935 1953/1521/1938 1938/1440/1946
f 1955/1523/1955 1958/1524/1956 1957/1525/1957 1956/1526/1958
f 1959/1527/1959 1962/1528/1960 1961/1529/1961 1960/1530/1962
f 1963/1531/1963 1964/1532/1964 1958/1524/1956 1955/1523/1955
f 1965/1533/1965 1966/1534/1966 1962/1528/1960 1959/1527/1959
f 1967/1535/1967 1955/1523/1955 1956/1526/1958 1968/1536/1968
f 1969/1537/1969 1963/1531/1963 1955/1523/1955 1967/1535/1967
f 1962/1528/1960 1967/1535/1967 1968/1536/1968 1961/1529/1961
f 1966/1534/1966 1969/1537/1969 1967/1535/1967 1962/1528/1960
f 1989/5/1970 1973/6/1971 1972/7/1972 1988/8/1973
f 1974/9/1974 1977/10/1975 1976/11/1976 1975/12/1977
f 1990/13/1978 1979/14/1979 1973/6/1971 1989/5/1970
f 1980/15/1980 1981/16/1981 1977/10/1975 1974/9/1974
f 1982/17/1982 1970/18/1983 1971/19/1984 1983/20/1985
f 1984/21/1986 1978/22/1987 1970/18/1983 1982/17/1982
f 1977/10/1975 1982/17/1982 1983/20/1985 1976/11/1976
f 1981/16/1981 1984/21/1986 1982/17/1982 1977/10/1975
f 1978/22/1987 1985/23/1988 1986/24/1989 1970/18/1983
f 1970/18/1983 1986/24/1989 1987/25/1990 1971/19/1984
f 1986/24/1989 1989/5/1970 1988/8/1973 1987/25/1990
f 1985/23/1988 1990/13/1978 1989/5/1970 1986/24/1989
f 1991/1538/1991 2025/1539/1992 2024/1540/1993 1992/1541/1994
f 1995/1542/1995 1992/1541/1994 2024/1540/1993 2023/1543/1996
f 1997/1544/1997 2000/1545/1998 1999/1546/1999 1998/1547/2000
f 2000/1545/1998 2029/1548/2001 2028/1549/2002 1999/1546/1999
f 2002/1550/2003 2004/1551/2004 2003/1552/2005 2001/1553/2006
f 2004/1551/2004 2022/1554/2007 2021/1555/2008 2003/1552/2005
f 2006/1556/2009 2008/1557/2010 2007/1558/2011 2005/1559/2012
f 2030/1560/2013 2026/1561/2014 2009/1562/2015 2031/1563/2016
f 2026/1561/2014 1996/1564/2017 1993/1565/2018 2009/1562/2015
f 2031/1563/2016 2009/1562/2015 2011/1566/2019 2032/1567/2020
f 2007/1558/2011 2010/1568/2021 2012/1569/2022 2005/1559/2012
f 2020/1570/2023 2013/1571/2024 2003/1552/2005 2021/1555/2008
f 2013/1571/2024 2014/1572/2025 2001/1553/2006 2003/1552/2005
f 2027/1573/2026 2015/1574/2027 1999/1546/1999 2028/1549/2002
f 2015/1574/2027 2016/1575/2028 1998/1547/2000 1999/1546/1999
f 2011/1566/2019 2009/1562/2015 1993/1565/2018 1994/1576/2029
f 1998/1547/2000 2018/1577/2030 2017/1578/2031 1997/1544/1997
f 2016/1575/2028 2019/1579/2032 2018/1577/2030 1998/1547/2000
f 2012/1569/2022 2020/1570/2023 2021/1555/2008 2005/1559/2012
f 2022/1554/2007 2006/1556/2009 2005/1559/2012 2021/1555/2008
f 2023/1543/1996 2024/1540/1993 1993/1565/2018 1996/1564/2017
f 2025/1539/1992 1994/1576/2029 1993/1565/2018 2024/1540/1993
f 2014/1572/2025 2027/1573/2026 2028/1549/2002 2001/1553/2006
f 2029/1548/2001 2002/1550/2003 2001/1553/2006 2028/1549/2002
f 2008/1557/2010 2030/1560/2013 2031/1563/2016 2007/1558/2011
f 2007/1558/2011 2031/1563/2016 2032/1567/2020 2010/1568/2021
f 2052/1580/2033 2036/1581/2034 2035/1582/2035 2051/1583/2036
f 2037/1584/2037 2040/1585/2038 2039/1586/2039 2038/1587/2040
f 2053/1588/2041 2042/1589/2042 2036/1581/2034 2052/1580/2033
f 2043/1590/2043 2044/1591/2044 2040/1585/2038 2037/1584/2037
f 2045/1592/2045 2033/1593/2046 2034/1594/2047 2046/1595/2048
f 2047/1596/2049 2041/1597/2050 2033/1593/2046 2045/1592/2045
f 2040/1585/2038 2045/1592/2045 2046/1595/2048 2039/1586/2039
f 2044/1591/2044 2047/1596/2049 2045/1592/2045 2040/1585/2038
f 2041/1597/2050 2048/1598/2051 2049/1599/2052 2033/1593/2046
f 2033/1593/2046 2049/1599/2052 2050/1600/2053 2034/1594/2047
f 2049/1599/2052 2052/1580/2033 2051/1583/2036 2050/1600/2053
f 2048/1598/2051 2053/1588/2041 2052/1580/2033 2049/1599/2052
f 2054/1601/2054 2057/1602/2055 2056/1603/2056 2055/1604/2057
f 2057/1602/2055 2083/1605/2058 2082/1606/2059 2056/1603/2056
f 2059/1607/2060 2061/1608/2061 2060/1609/2062 2058/1610/2063
f 2061/1608/2061 2079/1611/2064 2078/1612/2065 2060/1609/2062
f 2063/1613/2066 2065/1614/2067 2064/1615/2068 2062/1616/2069
f 2084/1617/2070 2080/1618/2071 2066/1619/2072 2085/1620/2073
f 2085/1620/2073 2066/1619/2072 2068/1621/2074 2086/1622/2075
f 2064/1615/2068 2067/1623/2076 2069/1624/2077 2062/1616/2069
f 2077/1625/2078 2070/1626/2079 2060/1609/2062 2078/1612/2065
f 2070/1626/2079 2071/1627/2080 2058/1610/2063 2060/1609/2062
f 2081/1628/2081 2072/1629/2082 2056/1603/2056 2082/1606/2059
f 2072/1629/2082 2073/1630/2083 2055/1604/2057 2056/1603/2056
f 2088/1631/2084 2075/1632/2085 2074/1633/2086 2087/1634/2087
f 2089/1635/2088 2076/1636/2089 2075/1632/2085 2088/1631/2084
f 2069/1624/2077 2077/1625/2078 2078/1612/2065 2062/1616/2069
f 2079/1611/2064 2063/1613/2066 2062/1616/2069 2078/1612/2065
f 2071/1627/2080 2081/1628/2081 2082/1606/2059 2058/1610/2063
f 2083/1605/2058 2059/1607/2060 2058/1610/2063 2082/1606/2059
f 2065/1614/2067 2084/1617/2070 2085/1620/2073 2064/1615/2068
f 2064/1615/2068 2085/1620/2073 2086/1622/2075 2067/1623/2076
f 2091/1637/2090 2088/1631/2084 2087/1634/2087 2090/1638/2091
f 2092/1639/2092 2089/1635/2088 2088/1631/2084 2091/1637/2090
f 2055/1604/2057 2091/1637/2090 2090/1638/2091 2054/1601/2054
f 2073/1630/2083 2092/1639/2092 2091/1637/2090 2055/1604/2057
f 2093/1640/2093 2132/1641/2094 2133/1642/2095 2094/1643/2096
f 2097/1644/2097 2100/1645/2098 2099/1646/2099 2098/1647/2100
f 2101/1648/2101 2102/1649/2102 2097/1644/2097 2098/1647/2100
f 2103/1650/2103 2104/1651/2104 2135/1652/2105 2136/1653/2106
f 2105/1654/2107 2103/1650/2103 2136/1653/2106 2137/1655/2108
f 2106/1656/2109 2094/1643/2096 2133/1642/2095 2134/1657/2110
f 2095/1658/2111 2109/1659/2112 2108/1660/2113 2107/1661/2114
f 2095/1658/2111 2096/1662/2115 2110/1663/2116 2109/1659/2112
f 2126/1664/2117 2125/1665/2118 2124/1666/2119 2127/1667/2120
f 2114/1668/2121 2116/1669/2122 2115/1670/2123 2113/1671/2124
f 2116/1669/2122 2118/1672/2125 2117/1673/2126 2115/1670/2123
f 2118/1672/2125 2108/1660/2113 2109/1659/2112 2117/1673/2126
f 2117/1673/2126 2109/1659/2112 2110/1663/2116 2119/1674/2127
f 2117/1673/2126 2119/1674/2127 2120/1675/2128 2115/1670/2123
f 2115/1670/2123 2120/1675/2128 2121/1676/2129 2113/1671/2124
f 2124/1666/2119 2123/1677/2130 2128/1678/2131 2127/1667/2120
f 2106/1656/2109 2101/1648/2101 2098/1647/2100 2094/1643/2096
f 2099/1646/2099 2093/1640/2093 2094/1643/2096 2098/1647/2100
f 2113/1671/2124 2121/1676/2129 2123/1677/2130 2124/1666/2119
f 2125/1665/2118 2114/1668/2121 2113/1671/2124 2124/1666/2119
f 2111/1679/2132 2129/1680/2133 2130/1681/2134 2112/1682/2135
f 2131/1683/2136 2122/1684/2137 2112/1682/2135 2130/1681/2134
f 2129/1680/2133 2126/1664/2117 2127/1667/2120 2130/1681/2134
f 2128/1678/2131 2131/1683/2136 2130/1681/2134 2127/1667/2120
f 2132/1641/2094 2096/1662/2115 2095/1658/2111 2133/1642/2095
f 2134/1657/2110 2133/1642/2095 2095/1658/2111 2107/1661/2114
f 2136/1653/2106 2135/1652/2105 2100/1645/2098 2097/1644/2097
f 2137/1655/2108 2136/1653/2106 2097/1644/2097 2102/1649/2102
f 2138/1640/2138 2139/1643/2139 2140/1658/2140 2141/1662/2141
f 2142/1644/2142 2143/1647/2143 2144/1646/2144 2145/1645/2145
f 2146/1648/2146 2143/1647/2143 2142/1644/2142 2147/1649/2147
f 2148/1685/2148 2175/1686/2149 2176/1687/2150 2149/1688/2151
f 2150/1689/2152 2174/1690/2153 2175/1686/2149 2148/1685/2148
f 2151/1656/2154 2152/1661/2155 2140/1658/2140 2139/1643/2139
f 2140/1658/2140 2152/1661/2155 2153/1660/2156 2154/1659/2157
f 2140/1658/2140 2154/1659/2157 2155/1663/2158 2141/1662/2141
f 2171/1691/2159 2172/1692/2160 2169/1693/2161 2170/1694/2162
f 2159/1695/2163 2158/1696/2164 2160/1670/2165 2161/1669/2166
f 2161/1669/2166 2160/1670/2165 2162/1673/2167 2163/1672/2168
f 2163/1672/2168 2162/1673/2167 2154/1659/2157 2153/1660/2156
f 2162/1673/2167 2164/1674/2169 2155/1663/2158 2154/1659/2157
f 2162/1673/2167 2160/1670/2165 2165/1675/2170 2164/1674/2169
f 2160/1670/2165 2158/1696/2164 2166/1697/2171 2165/1675/2170
f 2169/1693/2161 2172/1692/2160 2173/1698/2172 2168/1699/2173
f 2151/1656/2154 2139/1643/2139 2143/1647/2143 2146/1648/2146
f 2144/1646/2144 2143/1647/2143 2139/1643/2139 2138/1640/2138
f 2158/1696/2164 2169/1693/2161 2168/1699/2173 2166/1697/2171
f 2170/1694/2162 2169/1693/2161 2158/1696/2164 2159/1695/2163
f 2156/1700/2174 2157/1701/2175 2172/1692/2160 2171/1691/2159
f 2173/1698/2172 2172/1692/2160 2157/1701/2175 2167/1684/2176
f 2174/1690/2153 2147/1649/2147 2142/1644/2142 2175/1686/2149
f 2176/1687/2150 2175/1686/2149 2142/1644/2142 2145/1645/2145
f 2177/1292/2177 2178/1295/2178 2179/1294/2179 2180/1293/2180
f 2214/1300/2181 2185/1303/2182 2186/1302/2183 2213/1301/2184
f 2186/1302/2183 2188/1305/2185 2212/1304/2186 2213/1301/2184
f 2185/1303/2182 2190/1307/2187 2191/1306/2188 2186/1302/2183
f 2191/1306/2188 2192/1308/2189 2188/1305/2185 2186/1302/2183
f 2190/1307/2187 2181/1296/2190 2183/1297/2191 2191/1306/2188
f 2183/1297/2191 2193/1309/2192 2192/1308/2189 2191/1306/2188
f 2195/1311/2193 2196/1314/2194 2197/1313/2195 2198/1312/2196
f 2220/1702/2197 2199/1316/2198 2200/1315/2199 2219/1703/2200
f 2200/1315/2199 2201/1317/2201 2218/1704/2202 2219/1703/2200
f 2199/1316/2198 2195/1311/2193 2198/1312/2196 2200/1315/2199
f 2198/1312/2196 2202/1318/2203 2201/1317/2201 2200/1315/2199
f 2197/1313/2195 2203/1319/2204 2202/1318/2203 2198/1312/2196
f 2196/1314/2194 2204/1321/2205 2205/1320/2206 2197/1313/2195
f 2205/1320/2206 2206/1322/2207 2203/1319/2204 2197/1313/2195
f 2180/1293/2180 2179/1294/2179 2207/1324/2208 2208/1323/2209
f 2217/1325/2210 2209/1328/2211 2210/1327/2212 2216/1326/2213
f 2211/1329/2214 2215/1330/2215 2216/1326/2213 2210/1327/2212
f 2209/1328/2211 2206/1322/2207 2205/1320/2206 2210/1327/2212
f 2204/1321/2205 2211/1329/2214 2210/1327/2212 2205/1320/2206
f 2213/1301/2184 2212/1304/2186 2189/1332/2216 2187/1331/2217
f 2184/1333/2218 2214/1300/2181 2213/1301/2184 2187/1331/2217
f 2215/1330/2215 2177/1292/2177 2180/1293/2180 2216/1326/2213
f 2208/1323/2209 2217/1325/2210 2216/1326/2213 2180/1293/2180
f 2219/1703/2200 2218/1704/2202 2194/1705/2219 2182/1706/2220
f 2221/1707/2221 2220/1702/2197 2219/1703/2200 2182/1706/2220
f 2182/1706/2220 2194/1705/2219 2193/1309/2192 2183/1297/2191
f 2181/1296/2190 2221/1707/2221 2182/1706/2220 2183/1297/2191
f 2234/1708/2222 2235/1709/2223 2232/1710/2224 2233/1711/2225
f 2225/1712/2226 2224/1713/2227 2226/1714/2228 2227/1715/2229
f 2226/1714/2228 2224/1713/2227 2229/1716/2230 2228/1717/2231
f 2232/1710/2224 2235/1709/2223 2236/1718/2232 2231/1719/2233
f 2224/1713/2227 2232/1710/2224 2231/1719/2233 2229/1716/2230
f 2233/1711/2225 2232/1710/2224 2224/1713/2227 2225/1712/2226
f 2222/1720/2234 2223/1721/2235 2235/1709/2223 2234/1708/2222
f 2236/1718/2232 2235/1709/2223 2223/1721/2235 2230/1722/2236
f 2237/1723/2237 2256/1724/2238 2257/1725/2239 2238/1726/2240
f 2239/1727/2241 2255/1728/2242 2256/1724/2238 2237/1723/2237
f 2239/1727/2241 2237/1723/2237 2259/1729/2243 2260/1730/2244
f 2271/1731/2245 2272/1732/2246 2267/1733/2247 2268/1734/2248
f 2269/1735/2249 2270/1736/2250 2271/1731/2245 2268/1734/2248
f 2261/1737/2251 2264/1738/2252 2265/1739/2253 2262/1740/2254
f 2258/1741/2255 2261/1737/2251 2262/1740/2254 2259/1729/2243
f 2258/1741/2255 2259/1729/2243 2237/1723/2237 2238/1726/2240
f 2243/1742/2256 2240/1743/2257 2244/1744/2258 2245/1745/2259
f 2241/1746/2260 2240/1743/2257 2243/1742/2256 2242/1747/2261
f 2251/1748/2262 2246/1749/2263 2247/1750/2264 2250/1751/2265
f 2249/1752/2266 2250/1751/2265 2247/1750/2264 2248/1753/2267
f 2252/1754/2268 2253/1755/2269 2250/1751/2265 2249/1752/2266
f 2254/1756/2270 2251/1748/2262 2250/1751/2265 2253/1755/2269
f 2253/1755/2269 2256/1724/2238 2255/1728/2242 2254/1756/2270
f 2252/1754/2268 2257/1725/2239 2256/1724/2238 2253/1755/2269
f 2263/1757/2271 2260/1730/2244 2259/1729/2243 2262/1740/2254
f 2266/1758/2272 2263/1757/2271 2262/1740/2254 2265/1739/2253
f 2265/1739/2253 2264/1738/2252 2269/1735/2249 2268/1734/2248
f 2267/1733/2247 2266/1758/2272 2265/1739/2253 2268/1734/2248
f 2240/1743/2257 2271/1731/2245 2270/1736/2250 2244/1744/2258
f 2272/1732/2246 2271/1731/2245 2240/1743/2257 2241/1746/2260
f 2273/1759/2273 2274/1760/2274 2275/1761/2275 2276/1762/2276
f 2310/1763/2277 2278/1764/2278 2279/1765/2279 2309/1766/2280
f 2281/1767/2281 2278/1764/2278 2310/1763/2277 2311/1768/2282
f 2283/1769/2283 2277/1770/2284 2280/1771/2285 2284/1772/2286
f 2285/1773/2287 2282/1774/2288 2277/1770/2284 2283/1769/2283
f 2286/1775/2289 2287/1776/2290 2275/1761/2275 2274/1760/2274
f 2275/1761/2275 2287/1776/2290 2288/1777/2291 2289/1778/2292
f 2275/1761/2275 2289/1778/2292 2290/1779/2293 2276/1762/2276
f 2306/1780/2294 2307/1781/2295 2304/1782/2296 2305/1783/2297
f 2294/1784/2298 2293/1785/2299 2295/1786/2300 2296/1787/2301
f 2296/1787/2301 2295/1786/2300 2297/1788/2302 2298/1789/2303
f 2298/1789/2303 2297/1788/2302 2289/1778/2292 2288/1777/2291
f 2297/1788/2302 2299/1790/2304 2290/1779/2293 2289/1778/2292
f 2297/1788/2302 2295/1786/2300 2300/1791/2305 2299/1790/2304
f 2295/1786/2300 2293/1785/2299 2301/1792/2306 2300/1791/2305
f 2304/1782/2296 2307/1781/2295 2308/1793/2307 2303/1794/2308
f 2286/1775/2289 2274/1760/2274 2278/1764/2278 2281/1767/2281
f 2279/1765/2279 2278/1764/2278 2274/1760/2274 2273/1759/2273
f 2293/1785/2299 2304/1782/2296 2303/1794/2308 2301/1792/2306
f 2305/1783/2297 2304/1782/2296 2293/1785/2299 2294/1784/2298
f 2291/1795/2309 2292/1796/2310 2307/1781/2295 2306/1780/2294
f 2308/1793/2307 2307/1781/2295 2292/1796/2310 2302/1797/2311
f 2277/1770/2284 2310/1763/2277 2309/1766/2280 2280/1771/2285
f 2311/1768/2282 2310/1763/2277 2277/1770/2284 2282/1774/2288
f 2312/1798/2312 2313/1799/2313 2352/1800/2314 2353/1801/2315
f 2349/1802/2316 2317/1803/2317 2318/1804/2318 2348/1805/2319
f 2320/1806/2320 2317/1803/2317 2349/1802/2316 2350/1807/2321
f 2322/1808/2322 2316/1809/2323 2319/1810/2324 2323/1811/2325
f 2324/1812/2326 2321/1813/2327 2316/1809/2323 2322/1808/2322
f 2325/1814/2328 2351/1815/2329 2352/1800/2314 2313/1799/2313
f 2314/1816/2330 2326/1817/2331 2327/1818/2332 2328/1819/2333
f 2314/1816/2330 2328/1819/2333 2329/1820/2334 2315/1821/2335
f 2342/1822/2336 2343/1823/2337 2340/1824/2338 2341/1825/2339
f 2331/1826/2340 2330/1827/2341 2332/1828/2342 2333/1829/2343
f 2333/1829/2343 2332/1828/2342 2334/1830/2344 2335/1831/2345
f 2335/1831/2345 2334/1830/2344 2328/1819/2333 2327/1818/2332
f 2334/1830/2344 2336/1832/2346 2329/1820/2334 2328/1819/2333
f 2334/1830/2344 2332/1828/2342 2337/1833/2347 2336/1832/2346
f 2332/1828/2342 2330/1827/2341 2338/1834/2348 2337/1833/2347
f 2340/1824/2338 2343/1823/2337 2344/1835/2349 2339/1836/2350
f 2325/1814/2328 2313/1799/2313 2317/1803/2317 2320/1806/2320
f 2318/1804/2318 2317/1803/2317 2313/1799/2313 2312/1798/2312
f 2346/1837/2351 2340/1824/2338 2339/1836/2350 2345/1838/2352
f 2341/1825/2339 2340/1824/2338 2346/1837/2351 2347/1839/2353
f 2330/1827/2341 2346/1837/2351 2345/1838/2352 2338/1834/2348
f 2347/1839/2353 2346/1837/2351 2330/1827/2341 2331/1826/2340
f 2316/1809/2323 2349/1802/2316 2348/1805/2319 2319/1810/2324
f 2350/1807/2321 2349/1802/2316 2316/1809/2323 2321/1813/2327
f 2351/1815/2329 2326/1817/2331 2314/1816/2330 2352/1800/2314
f 2353/1801/2315 2352/1800/2314 2314/1816/2330 2315/1821/2335
f 2354/1840/2354 2385/1841/2355 2386/1842/2356 2357/1843/2357
f 2358/1844/2358 2384/1845/2359 2385/1841/2355 2354/1840/2354
f 2358/1844/2358 2354/1840/2354 2360/1846/2360 2361/1847/2361
f 2361/1847/2361 2360/1846/2360 2363/1848/2362 2362/1849/2363
f 2362/1849/2363 2363/1848/2362 2364/1850/2364 2365/1851/2365
f 2366/1852/2366 2367/1853/2367 2368/1854/2368 2369/1855/2369
f 2368/1854/2368 2367/1853/2367 2372/1856/2370 2373/1857/2371
f 2375/1858/2372 2364/1850/2364 2363/1848/2362 2376/1859/2373
f 2376/1859/2373 2363/1848/2362 2360/1846/2360 2377/1860/2374
f 2377/1860/2374 2360/1846/2360 2354/1840/2354 2357/1843/2357
f 2372/1856/2370 2367/1853/2367 2364/1850/2364 2375/1858/2372
f 2365/1851/2365 2364/1850/2364 2367/1853/2367 2366/1852/2366
f 2371/1861/2375 2368/1854/2368 2373/1857/2371 2374/1862/2376
f 2369/1855/2369 2368/1854/2368 2371/1861/2375 2370/1863/2377
f 2359/1864/2378 2378/1865/2379 2379/1866/2380 2355/1867/2381
f 2356/1868/2382 2355/1867/2381 2379/1866/2380 2380/1869/2383
f 2381/1870/2384 2359/1864/2378 2355/1867/2381 2382/1871/2385
f 2383/1872/2386 2382/1871/2385 2355/1867/2381 2356/1868/2382
f 2384/1845/2359 2381/1870/2384 2382/1871/2385 2385/1841/2355
f 2386/1842/2356 2385/1841/2355 2382/1871/2385 2383/1872/2386
f 2387/1840/2387 2388/1867/2388 2389/1868/2389 2390/1843/2390
f 2391/1844/2391 2392/1864/2392 2388/1867/2388 2387/1840/2387
f 2391/1844/2391 2387/1840/2387 2393/1846/2393 2394/1847/2394
f 2394/1847/2394 2393/1846/2393 2396/1848/2395 2395/1849/2396
f 2395/1849/2396 2396/1848/2395 2397/1850/2397 2398/1851/2398
f 2399/1852/2399 2400/1853/2400 2401/1854/2401 2402/1855/2402
f 2401/1854/2401 2400/1853/2400 2405/1856/2403 2406/1857/2404
f 2408/1858/2405 2397/1850/2397 2396/1848/2395 2409/1859/2406
f 2409/1859/2406 2396/1848/2395 2393/1846/2393 2410/1860/2407
f 2410/1860/2407 2393/1846/2393 2387/1840/2387 2390/1843/2390
f 2405/1856/2403 2400/1853/2400 2397/1850/2397 2408/1858/2405
f 2398/1851/2398 2397/1850/2397 2400/1853/2400 2399/1852/2399
f 2404/1861/2408 2401/1854/2401 2406/1857/2404 2407/1862/2409
f 2402/1855/2402 2401/1854/2401 2404/1861/2408 2403/1863/2410
f 2392/1864/2392 2411/1865/2411 2412/1866/2412 2388/1867/2388
f 2389/1868/2389 2388/1867/2388 2412/1866/2412 2413/1869/2413
f 2414/1873/2414 2415/1874/2415 2416/1875/2416 2417/1876/2417
f 2418/1877/2418 2419/1878/2419 2415/1874/2415 2414/1873/2414
f 2418/1877/2418 2414/1873/2414 2420/1879/2420 2421/1880/2421
f 2421/1880/2421 2420/1879/2420 2423/1881/2422 2422/1882/2423
f 2422/1882/2423 2423/1881/2422 2424/1883/2424 2425/1884/2425
f 2426/1885/2426 2427/1886/2427 2428/1887/2428 2429/1888/2429
f 2428/1887/2428 2427/1886/2427 2432/1889/2430 2433/1890/2431
f 2435/1891/2432 2424/1883/2424 2423/1881/2422 2436/1892/2433
f 2436/1892/2433 2423/1881/2422 2420/1879/2420 2437/1893/2434
f 2437/1893/2434 2420/1879/2420 2414/1873/2414 2417/1876/2417
f 2432/1889/2430 2427/1886/2427 2424/1883/2424 2435/1891/2432
f 2425/1884/2425 2424/1883/2424 2427/1886/2427 2426/1885/2426
f 2431/1894/2435 2428/1887/2428 2433/1890/2431 2434/1895/2436
f 2429/1888/2429 2428/1887/2428 2431/1894/2435 2430/1896/2437
f 2419/1878/2419 2438/1897/2438 2439/1898/2439 2415/1874/2415
f 2416/1875/2416 2415/1874/2415 2439/1898/2439 2440/1899/2440
f 2441/1723/2441 2460/1724/2442 2461/1725/2443 2442/1726/2444
f 2443/1727/2445 2459/1728/2446 2460/1724/2442 2441/1723/2441
f 2443/1727/2445 2441/1723/2441 2463/1729/2447 2464/1730/2448
f 2475/1900/2449 2476/1901/2450 2471/1902/2451 2472/1903/2452
f 2473/1904/2453 2474/1905/2454 2475/1900/2449 2472/1903/2452
f 2465/1737/2455 2468/1738/2456 2469/1906/2457 2466/1740/2458
f 2462/1741/2459 2465/1737/2455 2466/1740/2458 2463/1729/2447
f 2462/1741/2459 2463/1729/2447 2441/1723/2441 2442/1726/2444
f 2447/1907/2460 2444/1908/2461 2448/1909/2462 2449/1910/2463
f 2445/1911/2464 2444/1908/2461 2447/1907/2460 2446/1912/2465
f 2479/1913/2466 2450/1749/2467 2451/1750/2468 2478/1914/2469
f 2477/1915/2470 2478/1914/2469 2451/1750/2468 2452/1753/2471
f 2456/1754/2472 2457/1755/2473 2454/1751/2474 2453/1752/2475
f 2458/1756/2476 2455/1748/2477 2454/1751/2474 2457/1755/2473
f 2457/1755/2473 2460/1724/2442 2459/1728/2446 2458/1756/2476
f 2456/1754/2472 2461/1725/2443 2460/1724/2442 2457/1755/2473
f 2467/1757/2478 2464/1730/2448 2463/1729/2447 2466/1740/2458
f 2470/1758/2479 2467/1757/2478 2466/1740/2458 2469/1906/2457
f 2469/1906/2457 2468/1738/2456 2473/1904/2453 2472/1903/2452
f 2471/1902/2451 2470/1758/2479 2469/1906/2457 2472/1903/2452
f 2444/1908/2461 2475/1900/2449 2474/1905/2454 2448/1909/2462
f 2476/1901/2450 2475/1900/2449 2444/1908/2461 2445/1911/2464
f 2453/1752/2475 2454/1751/2474 2478/1914/2469 2477/1915/2470
f 2455/1748/2477 2479/1913/2466 2478/1914/2469 2454/1751/2474
f 2480/1640/2480 2483/1662/2481 2482/1658/2482 2481/1643/2483
f 2484/1644/2484 2487/1645/2485 2486/1646/2486 2485/1647/2487
f 2488/1648/2488 2489/1649/2489 2484/1644/2484 2485/1647/2487
f 2490/1685/2490 2491/1688/2491 2516/1687/2492 2517/1686/2493
f 2492/1689/2494 2490/1685/2490 2517/1686/2493 2518/1690/2495
f 2493/1656/2496 2481/1643/2483 2482/1658/2482 2494/1661/2497
f 2482/1658/2482 2496/1659/2498 2495/1660/2499 2494/1661/2497
f 2482/1658/2482 2483/1662/2481 2497/1663/2500 2496/1659/2498
f 2513/1916/2501 2512/1917/2502 2511/1918/2503 2514/1919/2504
f 2501/1920/2505 2503/1669/2506 2502/1670/2507 2500/1921/2508
f 2503/1669/2506 2505/1672/2509 2504/1673/2510 2502/1670/2507
f 2505/1672/2509 2495/1660/2499 2496/1659/2498 2504/1673/2510
f 2504/1673/2510 2496/1659/2498 2497/1663/2500 2506/1674/2511
f 2504/1673/2510 2506/1674/2511 2507/1675/2512 2502/1670/2507
f 2502/1670/2507 2507/1675/2512 2508/1922/2513 2500/1921/2508
f 2511/1918/2503 2510/1923/2514 2515/1924/2515 2514/1919/2504
f 2493/1656/2496 2488/1648/2488 2485/1647/2487 2481/1643/2483
f 2486/1646/2486 2480/1640/2480 2481/1643/2483 2485/1647/2487
f 2500/1921/2508 2508/1922/2513 2510/1923/2514 2511/1918/2503
f 2512/1917/2502 2501/1920/2505 2500/1921/2508 2511/1918/2503
f 2498/1925/2516 2513/1916/2501 2514/1919/2504 2499/1926/2517
f 2515/1924/2515 2509/1684/2518 2499/1926/2517 2514/1919/2504
f 2517/1686/2493 2516/1687/2492 2487/1645/2485 2484/1644/2484
f 2518/1690/2495 2517/1686/2493 2484/1644/2484 2489/1649/2489
f 2519/1640/2519 2522/1662/2520 2521/1658/2521 2520/1643/2522
f 2523/1644/2523 2526/1645/2524 2525/1646/2525 2524/1647/2526
f 2527/1648/2527 2528/1649/2528 2523/1644/2523 2524/1647/2526
f 2529/1685/2529 2530/1688/2530 2555/1687/2531 2556/1686/2532
f 2531/1689/2533 2529/1685/2529 2556/1686/2532 2557/1690/2534
f 2532/1656/2535 2520/1643/2522 2521/1658/2521 2533/1661/2536
f 2521/1658/2521 2535/1659/2537 2534/1660/2538 2533/1661/2536
f 2521/1658/2521 2522/1662/2520 2536/1663/2539 2535/1659/2537
f 2552/1691/2540 2551/1694/2541 2550/1693/2542 2553/1692/2543
f 2540/1695/2544 2542/1669/2545 2541/1670/2546 2539/1696/2547
f 2542/1669/2545 2544/1672/2548 2543/1673/2549 2541/1670/2546
f 2544/1672/2548 2534/1660/2538 2535/1659/2537 2543/1673/2549
f 2543/1673/2549 2535/1659/2537 2536/1663/2539 2545/1674/2550
f 2543/1673/2549 2545/1674/2550 2546/1675/2551 2541/1670/2546
f 2541/1670/2546 2546/1675/2551 2547/1697/2552 2539/1696/2547
f 2550/1693/2542 2549/1699/2553 2554/1698/2554 2553/1692/2543
f 2532/1656/2535 2558/1927/2555 2559/1928/2556 2520/1643/2522
f 2560/1929/2557 2519/1640/2519 2520/1643/2522 2559/1928/2556
f 2539/1696/2547 2547/1697/2552 2549/1699/2553 2550/1693/2542
f 2551/1694/2541 2540/1695/2544 2539/1696/2547 2550/1693/2542
f 2537/1700/2558 2552/1691/2540 2553/1692/2543 2538/1701/2559
f 2554/1698/2554 2548/1684/2560 2538/1701/2559 2553/1692/2543
f 2556/1686/2532 2555/1687/2531 2526/1645/2524 2523/1644/2523
f 2557/1690/2534 2556/1686/2532 2523/1644/2523 2528/1649/2528
f 2558/1927/2555 2527/1648/2527 2524/1647/2526 2559/1928/2556
f 2525/1646/2525 2560/1929/2557 2559/1928/2556 2524/1647/2526
f 2561/1930/2561 2564/1931/2562 2563/1932/2563 2562/1933/2564
f 2565/1934/2565 2568/1935/2566 2594/1936/2567 2595/1937/2568
f 2596/1938/2569 2570/1939/2570 2565/1934/2565 2595/1937/2568
f 2571/1940/2571 2572/1941/2572 2568/1935/2566 2565/1934/2565
f 2573/1942/2573 2571/1940/2571 2565/1934/2565 2570/1939/2570
f 2574/1943/2574 2562/1933/2564 2563/1932/2563 2575/1944/2575
f 2563/1932/2563 2577/1945/2576 2576/1946/2577 2575/1944/2575
f 2563/1932/2563 2564/1931/2562 2578/1947/2578 2577/1945/2576
f 2591/1948/2579 2597/1949/2580 2598/1950/2581 2592/1951/2582
f 2580/1952/2583 2600/1953/2584 2601/1954/2585 2579/1955/2586
f 2582/1956/2587 2584/1957/2588 2583/1958/2589 2581/1959/2590
f 2584/1957/2588 2576/1946/2577 2577/1945/2576 2583/1958/2589
f 2583/1958/2589 2577/1945/2576 2578/1947/2578 2585/1960/2591
f 2583/1958/2589 2585/1960/2591 2586/1961/2592 2581/1959/2590
f 2601/1954/2585 2602/1962/2593 2587/1963/2594 2579/1955/2586
f 2598/1950/2581 2599/1964/2595 2593/1965/2596 2592/1951/2582
f 2574/1943/2574 2569/1966/2597 2566/1967/2598 2562/1933/2564
f 2567/1968/2599 2561/1930/2561 2562/1933/2564 2566/1967/2598
f 2579/1955/2586 2587/1963/2594 2588/1969/2600 2589/1970/2601
f 2590/1971/2602 2580/1952/2583 2579/1955/2586 2589/1970/2601
f 2595/1937/2568 2594/1936/2567 2567/1968/2599 2566/1967/2598
f 2569/1966/2597 2596/1938/2569 2595/1937/2568 2566/1967/2598
f 2597/1949/2580 2590/1971/2602 2589/1970/2601 2598/1950/2581
f 2589/1970/2601 2588/1969/2600 2599/1964/2595 2598/1950/2581
f 2600/1953/2584 2582/1956/2587 2581/1959/2590 2601/1954/2585
f 2581/1959/2590 2586/1961/2592 2602/1962/2593 2601/1954/2585
f 2603/1930/2603 2606/1931/2604 2605/1932/2605 2604/1933/2606
f 2607/1934/2607 2610/1935/2608 2636/1936/2609 2637/1937/2610
f 2638/1938/2611 2612/1939/2612 2607/1934/2607 2637/1937/2610
f 2613/1940/2613 2614/1941/2614 2610/1935/2608 2607/1934/2607
f 2615/1942/2615 2613/1940/2613 2607/1934/2607 2612/1939/2612
f 2616/1943/2616 2604/1933/2606 2605/1932/2605 2617/1944/2617
f 2605/1932/2605 2619/1945/2618 2618/1946/2619 2617/1944/2617
f 2605/1932/2605 2606/1931/2604 2620/1947/2620 2619/1945/2618
f 2633/1948/2621 2632/1972/2622 2631/1973/2623 2634/1951/2624
f 2622/1974/2625 2624/1956/2626 2623/1959/2627 2621/1975/2628
f 2624/1956/2626 2642/1976/2629 2643/1977/2630 2623/1959/2627
f 2626/1957/2631 2639/1978/2632 2640/1979/2633 2625/1958/2634
f 2625/1958/2634 2640/1979/2633 2641/1980/2635 2627/1960/2636
f 2643/1977/2630 2644/1981/2637 2628/1961/2638 2623/1959/2627
f 2623/1959/2627 2628/1961/2638 2629/1982/2639 2621/1975/2628
f 2631/1973/2623 2630/1983/2640 2635/1965/2641 2634/1951/2624
f 2616/1943/2616 2611/1966/2642 2608/1967/2643 2604/1933/2606
f 2609/1968/2644 2603/1930/2603 2604/1933/2606 2608/1967/2643
f 2621/1975/2628 2629/1982/2639 2630/1983/2640 2631/1973/2623
f 2632/1972/2622 2622/1974/2625 2621/1975/2628 2631/1973/2623
f 2637/1937/2610 2636/1936/2609 2609/1968/2644 2608/1967/2643
f 2611/1966/2642 2638/1938/2611 2637/1937/2610 2608/1967/2643
f 2639/1978/2632 2618/1946/2619 2619/1945/2618 2640/1979/2633
f 2641/1980/2635 2640/1979/2633 2619/1945/2618 2620/1947/2620
f 2642/1976/2629 2626/1957/2631 2625/1958/2634 2643/1977/2630
f 2625/1958/2634 2627/1960/2636 2644/1981/2637 2643/1977/2630
f 2645/1723/2645 2646/1726/2646 2665/1725/2647 2664/1724/2648
f 2647/1727/2649 2645/1723/2645 2664/1724/2648 2663/1728/2650
f 2647/1727/2649 2668/1730/2651 2667/1729/2652 2645/1723/2645
f 2679/1731/2653 2676/1734/2654 2675/1733/2655 2680/1732/2656
f 2677/1735/2657 2676/1734/2654 2679/1731/2653 2678/1736/2658
f 2669/1737/2659 2670/1740/2660 2673/1906/2661 2672/1738/2662
f 2666/1741/2663 2667/1729/2652 2670/1740/2660 2669/1737/2659
f 2666/1741/2663 2646/1726/2646 2645/1723/2645 2667/1729/2652
f 2651/1742/2664 2653/1745/2665 2652/1744/2666 2648/1743/2667
f 2649/1746/2668 2650/1747/2669 2651/1742/2664 2648/1743/2667
f 2659/1748/2670 2658/1751/2671 2655/1750/2672 2654/1749/2673
f 2657/1752/2674 2656/1753/2675 2655/1750/2672 2658/1751/2671
f 2660/1754/2676 2657/1752/2674 2658/1751/2671 2661/1755/2677
f 2662/1756/2678 2661/1755/2677 2658/1751/2671 2659/1748/2670
f 2661/1755/2677 2662/1756/2678 2663/1728/2650 2664/1724/2648
f 2660/1754/2676 2661/1755/2677 2664/1724/2648 2665/1725/2647
f 2671/1757/2679 2670/1740/2660 2667/1729/2652 2668/1730/2651
f 2674/1758/2680 2673/1906/2661 2670/1740/2660 2671/1757/2679
f 2673/1906/2661 2676/1734/2654 2677/1735/2657 2672/1738/2662
f 2675/1733/2655 2676/1734/2654 2673/1906/2661 2674/1758/2680
f 2648/1743/2667 2652/1744/2666 2678/1736/2658 2679/1731/2653
f 2680/1732/2656 2649/1746/2668 2648/1743/2667 2679/1731/2653
f 2681/1984/2681 2684/1985/2682 2683/1986/2683 2682/1987/2684
f 2685/1988/2685 2681/1984/2681 2682/1987/2684 2686/1989/2686
f 2685/1988/2685 2688/1990/2687 2687/1991/2688 2681/1984/2681
f 2688/1990/2687 2689/1992/2689 2690/1993/2690 2687/1991/2688
f 2689/1992/2689 2692/1994/2691 2691/1995/2692 2690/1993/2690
f 2693/1996/2693 2711/1997/2694 2712/1998/2695 2694/1999/2696
f 2712/1998/2695 2713/2000/2697 2699/2001/2698 2694/1999/2696
f 2702/2002/2699 2703/2003/2700 2690/1993/2690 2691/1995/2692
f 2703/2003/2700 2704/2004/2701 2687/1991/2688 2690/1993/2690
f 2704/2004/2701 2684/1985/2682 2681/1984/2681 2687/1991/2688
f 2716/2005/2702 2702/2002/2699 2691/1995/2692 2715/2006/2703
f 2692/1994/2691 2714/2007/2704 2715/2006/2703 2691/1995/2692
f 2709/2008/2705 2710/2009/2706 2700/2010/2707 2695/2011/2708
f 2696/2012/2709 2708/2013/2710 2709/2008/2705 2695/2011/2708
f 2686/1989/2686 2682/1987/2684 2706/2014/2711 2705/2015/2712
f 2683/1986/2683 2707/2016/2713 2706/2014/2711 2682/1987/2684
f 2708/2013/2710 2697/2017/2714 2698/2018/2715 2709/2008/2705
f 2698/2018/2715 2701/2019/2716 2710/2009/2706 2709/2008/2705
f 2711/1997/2694 2696/2012/2709 2695/2011/2708 2712/1998/2695
f 2695/2011/2708 2700/2010/2707 2713/2000/2697 2712/1998/2695
f 2714/2007/2704 2693/1996/2693 2694/1999/2696 2715/2006/2703
f 2699/2001/2698 2716/2005/2702 2715/2006/2703 2694/1999/2696
f 2717/2020/2717 2720/2021/2718 2719/2022/2719 2718/2023/2720
f 2721/2024/2721 2717/2020/2717 2718/2023/2720 2722/2025/2722
f 2721/2024/2721 2724/2026/2723 2723/2027/2724 2717/2020/2717
f 2724/2026/2723 2725/2028/2725 2726/2029/2726 2723/2027/2724
f 2725/2028/2725 2728/2030/2727 2727/2031/2728 2726/2029/2726
f 2729/2032/2729 2732/2033/2730 2731/2034/2731 2730/2035/2732
f 2731/2034/2731 2736/2036/2733 2735/2037/2734 2730/2035/2732
f 2738/2038/2735 2739/2039/2736 2726/2029/2726 2727/2031/2728
f 2739/2039/2736 2740/2040/2737 2723/2027/2724 2726/2029/2726
f 2740/2040/2737 2720/2021/2718 2717/2020/2717 2723/2027/2724
f 2735/2037/2734 2738/2038/2735 2727/2031/2728 2730/2035/2732
f 2728/2030/2727 2729/2032/2729 2730/2035/2732 2727/2031/2728
f 2734/2041/2738 2737/2042/2739 2736/2036/2733 2731/2034/2731
f 2732/2033/2730 2733/2043/2740 2734/2041/2738 2731/2034/2731
f 2722/2025/2722 2718/2023/2720 2742/2044/2741 2741/2045/2742
f 2719/2022/2719 2743/2046/2743 2742/2044/2741 2718/2023/2720
f 2744/1930/2744 2747/1931/2745 2746/1932/2746 2745/1933/2747
f 2748/1934/2748 2751/1935/2749 2777/1936/2750 2778/1937/2751
f 2779/1938/2752 2753/1939/2753 2748/1934/2748 2778/1937/2751
f 2754/1940/2754 2755/1941/2755 2751/1935/2749 2748/1934/2748
f 2756/1942/2756 2754/1940/2754 2748/1934/2748 2753/1939/2753
f 2757/1943/2757 2745/1933/2747 2746/1932/2746 2758/1944/2758
f 2746/1932/2746 2760/1945/2759 2759/1946/2760 2758/1944/2758
f 2746/1932/2746 2747/1931/2745 2761/1947/2761 2760/1945/2759
f 2774/1948/2762 2773/2047/2763 2772/2048/2764 2775/1951/2765
f 2763/2049/2766 2765/2050/2767 2764/2051/2768 2762/2052/2769
f 2765/2050/2767 2767/1957/2770 2766/1958/2771 2764/2051/2768
f 2767/1957/2770 2759/1946/2760 2760/1945/2759 2766/1958/2771
f 2766/1958/2771 2760/1945/2759 2761/1947/2761 2768/1960/2772
f 2766/1958/2771 2768/1960/2772 2769/2053/2773 2764/2051/2768
f 2764/2051/2768 2769/2053/2773 2770/2054/2774 2762/2052/2769
f 2772/2048/2764 2771/2055/2775 2776/1965/2776 2775/1951/2765
f 2757/1943/2757 2752/1966/2777 2749/1967/2778 2745/1933/2747
f 2750/1968/2779 2744/1930/2744 2745/1933/2747 2749/1967/2778
f 2762/2052/2769 2770/2054/2774 2771/2055/2775 2772/2048/2764
f 2773/2047/2763 2763/2049/2766 2762/2052/2769 2772/2048/2764
f 2778/1937/2751 2777/1936/2750 2750/1968/2779 2749/1967/2778
f 2752/1966/2777 2779/1938/2752 2778/1937/2751 2749/1967/2778
f 2780/2056/2780 2783/2057/2781 2782/2058/2782 2781/2059/2783
f 2820/2060/2784 2787/2061/2785 2786/2062/2786 2819/2063/2787
f 2788/2064/2788 2781/2059/2783 2782/2058/2782 2789/2065/2789
f 2810/2066/2790 2811/2067/2791 2791/2068/2792 2790/2069/2793
f 2790/2069/2793 2791/2068/2792 2793/2070/2794 2792/2071/2795
f 2792/2071/2795 2793/2070/2794 2795/2072/2796 2794/2073/2797
f 2794/2073/2797 2795/2072/2796 2814/2074/2798 2815/2075/2799
f 2796/2076/2800 2797/2077/2801 2799/2078/2802 2798/2079/2803
f 2816/2080/2804 2817/2081/2805 2801/2082/2806 2800/2083/2807
f 2802/2084/2808 2800/2083/2807 2801/2082/2806 2787/2061/2785
f 2803/2085/2809 2786/2062/2786 2787/2061/2785 2801/2082/2806
f 2803/2085/2809 2801/2082/2806 2817/2081/2805 2818/2086/2810
f 2804/2087/2811 2799/2078/2802 2797/2077/2801 2805/2088/2812
f 2813/2089/2813 2814/2074/2798 2795/2072/2796 2806/2090/2814
f 2806/2090/2814 2795/2072/2796 2793/2070/2794 2807/2091/2815
f 2807/2091/2815 2793/2070/2794 2791/2068/2792 2808/2092/2816
f 2808/2092/2816 2791/2068/2792 2811/2067/2791 2812/2093/2817
f 2802/2084/2808 2787/2061/2785 2820/2060/2784 2821/2094/2818
f 2789/2065/2789 2782/2058/2782 2811/2067/2791 2810/2066/2790
f 2812/2093/2817 2811/2067/2791 2782/2058/2782 2783/2057/2781
f 2805/2088/2812 2797/2077/2801 2814/2074/2798 2813/2089/2813
f 2815/2075/2799 2814/2074/2798 2797/2077/2801 2796/2076/2800
f 2798/2079/2803 2799/2078/2802 2817/2081/2805 2816/2080/2804
f 2818/2086/2810 2817/2081/2805 2799/2078/2802 2804/2087/2811
f 2784/2095/2819 2820/2060/2784 2819/2063/2787 2785/2096/2820
f 2821/2094/2818 2820/2060/2784 2784/2095/2819 2809/2097/2821
f 2822/874/945 941/2098/2822 940/2099/2823 2823/875/946
f 940/2099/2823 946/2100/2824 2824/883/954 2823/875/946
f 2825/2101/2825 2828/2102/2826 2827/2103/2827 2826/2104/2828
f 2828/2102/2826 2866/2105/2829 2865/2106/2830 2827/2103/2827
f 2830/2107/2831 2857/2108/2832 2856/2109/2833 2829/2110/2834
f 2832/2111/2835 2834/2112/2836 2833/2113/2837 2831/2114/2838
f 2834/2112/2836 2854/2115/2839 2853/2116/2840 2833/2113/2837
f 2836/2117/2841 2860/2118/2842 2859/2119/2843 2835/2120/2844
f 2838/2121/2845 2867/2122/2846 2868/2123/2847 2837/2124/2848
f 2858/2125/2849 2842/2126/2850 2835/2120/2844 2859/2119/2843
f 2852/2127/2851 2843/2128/2852 2833/2113/2837 2853/2116/2840
f 2843/2128/2852 2844/2129/2853 2831/2114/2838 2833/2113/2837
f 2855/2130/2854 2845/2131/2855 2829/2110/2834 2856/2109/2833
f 2864/2132/2856 2846/2133/2857 2827/2103/2827 2865/2106/2830
f 2847/2134/2858 2826/2104/2828 2827/2103/2827 2846/2133/2857
f 2868/2123/2847 2869/2135/2859 2841/2136/2860 2837/2124/2848
f 2871/2137/2861 2872/2138/2862 2848/2139/2863 2839/2140/2864
f 2840/2141/2865 2870/2142/2866 2871/2137/2861 2839/2140/2864
f 2861/2143/2867 2852/2127/2851 2853/2116/2840 2862/2144/2868
f 2854/2115/2839 2863/2145/2869 2862/2144/2868 2853/2116/2840
f 2844/2129/2853 2855/2130/2854 2856/2109/2833 2831/2114/2838
f 2857/2108/2832 2832/2111/2835 2831/2114/2838 2856/2109/2833
f 2841/2136/2860 2858/2125/2849 2859/2119/2843 2837/2124/2848
f 2860/2118/2842 2838/2121/2845 2837/2124/2848 2859/2119/2843
f 2842/2126/2850 2861/2143/2867 2862/2144/2868 2835/2120/2844
f 2863/2145/2869 2836/2117/2841 2835/2120/2844 2862/2144/2868
f 2845/2131/2855 2864/2132/2856 2865/2106/2830 2829/2110/2834
f 2866/2105/2829 2830/2107/2831 2829/2110/2834 2865/2106/2830
f 2867/2122/2846 2840/2141/2865 2839/2140/2864 2868/2123/2847
f 2839/2140/2864 2848/2139/2863 2869/2135/2859 2868/2123/2847
f 2870/2142/2866 2851/2146/2870 2849/2147/2871 2871/2137/2861
f 2849/2147/2871 2850/2148/2872 2872/2138/2862 2871/2137/2861
f 2873/1640/2873 2874/1643/2874 2875/1658/2875 2876/1662/2876
f 2877/1644/2877 2878/1647/2878 2879/1646/2879 2880/1645/2880
f 2881/1648/2881 2878/1647/2878 2877/1644/2877 2882/1649/2882
f 2883/1650/2883 2907/1653/2884 2908/1652/2885 2884/1651/2886
f 2885/1654/2887 2906/1655/2888 2907/1653/2884 2883/1650/2883
f 2886/1656/2889 2887/1661/2890 2875/1658/2875 2874/1643/2874
f 2875/1658/2875 2887/1661/2890 2888/1660/2891 2889/1659/2892
f 2875/1658/2875 2889/1659/2892 2890/1663/2893 2876/1662/2876
f 2892/1668/2894 2891/1671/2895 2893/1670/2896 2894/1669/2897
f 2894/1669/2897 2893/1670/2896 2895/1673/2898 2896/1672/2899
f 2896/1672/2899 2895/1673/2898 2889/1659/2892 2888/1660/2891
f 2895/1673/2898 2897/1674/2900 2890/1663/2893 2889/1659/2892
f 2895/1673/2898 2893/1670/2896 2898/1675/2901 2897/1674/2900
f 2893/1670/2896 2891/1671/2895 2899/1676/2902 2898/1675/2901
f 2886/1656/2889 2874/1643/2874 2878/1647/2878 2881/1648/2881
f 2879/1646/2879 2878/1647/2878 2874/1643/2874 2873/1640/2873
f 2891/1671/2895 2904/2149/2903 2905/2150/2904 2899/1676/2902
f 2903/2151/2905 2904/2149/2903 2891/1671/2895 2892/1668/2894
f 2902/2152/2906 2901/2153/2907 2904/2149/2903 2903/2151/2905
f 2905/2150/2904 2904/2149/2903 2901/2153/2907 2900/2154/2908
f 2906/1655/2888 2882/1649/2882 2877/1644/2877 2907/1653/2884
f 2908/1652/2885 2907/1653/2884 2877/1644/2877 2880/1645/2880
f 2909/2155/2909 2910/2156/2910 2911/2157/2911 2912/2158/2912
f 2913/2159/2913 2914/2160/2914 2915/2161/2915 2916/2162/2916
f 2917/2163/2917 2912/2158/2912 2911/2157/2911 2918/2164/2918
f 2919/2165/2919 2913/2159/2913 2916/2162/2916 2920/2166/2920
f 2916/2162/2916 2915/2161/2915 2909/2155/2909 2912/2158/2912
f 2920/2166/2920 2916/2162/2916 2912/2158/2912 2917/2163/2917
f 2911/2157/2911 2910/2156/2910 2921/2167/2921 2922/2168/2922
f 2918/2164/2918 2911/2157/2911 2922/2168/2922 2923/2169/2923
f 2914/2160/2914 2924/2170/2924 2925/2171/2925 2915/2161/2915
f 2909/2155/2909 2915/2161/2915 2925/2171/2925 2926/2172/2926
f 2910/2156/2910 2909/2155/2909 2926/2172/2926 2927/2173/2927
f 2921/2167/2921 2910/2156/2910 2927/2173/2927 2928/2174/2928
f 2929/2175/2929 2942/2176/2930 2940/2177/2931 2930/2178/2932
f 2931/2179/2933 2944/2180/2934 2946/2181/2935 2932/2182/2936
f 2932/2182/2936 2946/2181/2935 2942/2176/2930 2929/2175/2929
f 2930/2178/2932 2940/2177/2931 2947/2183/2937 2933/2184/2938
f 2945/2185/2939 2943/2186/2940 2934/2187/2941 2935/2188/2942
f 2941/2189/2943 2945/2185/2939 2935/2188/2942 2936/2190/2944
f 2939/2191/2945 2941/2189/2943 2936/2190/2944 2937/2192/2946
f 2948/2193/2947 2939/2191/2945 2937/2192/2946 2938/2194/2948
f 2940/2177/2931 2939/2191/2945 2948/2193/2947 2947/2183/2937
f 2939/2191/2945 2940/2177/2931 2942/2176/2930 2941/2189/2943
f 2941/2189/2943 2942/2176/2930 2946/2181/2935 2945/2185/2939
f 2944/2180/2934 2943/2186/2940 2945/2185/2939 2946/2181/2935
f 2949/2195/2949 2950/2196/2950 2983/2197/2951 2984/2198/2952
f 2953/2199/2953 2982/2200/2954 2983/2197/2951 2950/2196/2950
f 2955/2201/2955 2956/2202/2956 2957/2203/2957 2958/2204/2958
f 2958/2204/2958 2957/2203/2957 2989/2205/2959 2990/2206/2960
f 2960/2207/2961 2959/2208/2962 2961/2209/2963 2962/2210/2964
f 2962/2210/2964 2961/2209/2963 2980/2211/2965 2981/2212/2966
f 2964/2213/2967 2963/2214/2968 2965/2215/2969 2966/2216/2970
f 2991/2217/2971 2992/2218/2972 2967/2219/2973 2968/2220/2974
f 2985/2221/2975 2986/2222/2976 2951/2223/2977 2954/2224/2978
f 2992/2218/2972 2993/2225/2979 2970/2226/2980 2967/2219/2973
f 2965/2215/2969 2963/2214/2968 2971/2227/2981 2969/2228/2982
f 2979/2229/2983 2980/2211/2965 2961/2209/2963 2972/2230/2984
f 2972/2230/2984 2961/2209/2963 2959/2208/2962 2973/2231/2985
f 2988/2232/2986 2989/2205/2959 2957/2203/2957 2974/2233/2987
f 2974/2233/2987 2957/2203/2957 2956/2202/2956 2975/2234/2988
f 2987/2235/2989 2952/2236/2990 2951/2223/2977 2986/2222/2976
f 2956/2202/2956 2955/2201/2955 2994/2237/2991 2995/2238/2992
f 2975/2234/2988 2956/2202/2956 2995/2238/2992 2996/2239/2993
f 2971/2227/2981 2963/2214/2968 2980/2211/2965 2979/2229/2983
f 2981/2212/2966 2980/2211/2965 2963/2214/2968 2964/2213/2967
f 2982/2200/2954 2954/2224/2978 2951/2223/2977 2983/2197/2951
f 2984/2198/2952 2983/2197/2951 2951/2223/2977 2952/2236/2990
f 2968/2220/2974 2967/2219/2973 2986/2222/2976 2985/2221/2975
f 2970/2226/2980 2987/2235/2989 2986/2222/2976 2967/2219/2973
f 2973/2231/2985 2959/2208/2962 2989/2205/2959 2988/2232/2986
f 2990/2206/2960 2989/2205/2959 2959/2208/2962 2960/2207/2961
f 2966/2216/2970 2965/2215/2969 2992/2218/2972 2991/2217/2971
f 2965/2215/2969 2969/2228/2982 2993/2225/2979 2992/2218/2972
f 2995/2238/2992 2994/2237/2991 2976/2240/2994 2977/2241/2995
f 2996/2239/2993 2995/2238/2992 2977/2241/2995 2978/2242/2996
f 2997/77/2997 2998/80/2998 2999/79/2999 3000/78/3000
f 3001/81/3001 3002/84/3002 3003/83/3003 3004/82/3004
f 3005/85/3005 2997/77/2997 3000/78/3000 3006/86/3006
f 3007/87/3007 3001/81/3001 3004/82/3004 3008/88/3008
f 3009/89/3009 3010/90/3010 2998/80/2998 2997/77/2997
f 3011/91/3011 3009/89/3009 2997/77/2997 3005/85/3005
f 3004/82/3004 3003/83/3003 3010/90/3010 3009/89/3009
f 3008/88/3008 3004/82/3004 3009/89/3009 3011/91/3011
f 3012/1523/3012 3013/1526/3013 3014/1525/3014 3015/1524/3015
f 3016/1527/3016 3017/1530/3017 3018/1529/3018 3019/1528/3019
f 3020/1531/3020 3012/1523/3012 3015/1524/3015 3021/1532/3021
f 3022/1533/3022 3016/1527/3016 3019/1528/3019 3023/1534/3023
f 3024/1535/3024 3025/1536/3025 3013/1526/3013 3012/1523/3012
f 3026/1537/3026 3024/1535/3024 3012/1523/3012 3020/1531/3020
f 3019/1528/3019 3018/1529/3018 3025/1536/3025 3024/1535/3024
f 3023/1534/3023 3019/1528/3019 3024/1535/3024 3026/1537/3026
f 3027/2243/3027 3028/2244/3028 3029/2245/3029 3030/2246/3030
f 3046/2247/3031 3047/2248/3032 3033/2249/3033 3034/2250/3034
f 3035/2251/3035 3027/2243/3027 3030/2246/3030 3036/2252/3036
f 3045/2253/3037 3046/2247/3031 3034/2250/3034 3038/2254/3038
f 3039/2255/3039 3040/2256/3040 3028/2244/3028 3027/2243/3027
f 3041/2257/3041 3039/2255/3039 3027/2243/3027 3035/2251/3035
f 3034/2250/3034 3033/2249/3033 3040/2256/3040 3039/2255/3039
f 3038/2254/3038 3034/2250/3034 3039/2255/3039 3041/2257/3041
f 3037/2258/3042 3031/2259/3043 3043/2260/3044 3042/2261/3045
f 3031/2259/3043 3032/2262/3046 3044/2263/3047 3043/2260/3044
f 3042/2261/3045 3043/2260/3044 3046/2247/3031 3045/2253/3037
f 3043/2260/3044 3044/2263/3047 3047/2248/3032 3046/2247/3031
f 3048/2264/3048 3049/2265/3049 3050/2266/3050 3051/2267/3051
f 3052/2268/3052 3053/2269/3053 3068/2270/3054 3066/2271/3055
f 3056/2272/3056 3048/2264/3048 3051/2267/3051 3057/2273/3057
f 3058/2274/3058 3052/2268/3052 3066/2271/3055 3067/2275/3059
f 3060/2276/3060 3061/2277/3061 3049/2265/3049 3048/2264/3048
f 3062/2278/3062 3060/2276/3060 3048/2264/3048 3056/2272/3056
f 3055/2279/3063 3054/2280/3064 3061/2277/3061 3060/2276/3060
f 3059/2281/3065 3055/2279/3063 3060/2276/3060 3062/2278/3062
f 3064/2282/3066 3063/2283/3067 3054/2280/3064 3055/2279/3063
f 3065/2284/3068 3064/2282/3066 3055/2279/3063 3059/2281/3065
f 3066/2271/3055 3068/2270/3054 3063/2283/3067 3064/2282/3066
f 3067/2275/3059 3066/2271/3055 3064/2282/3066 3065/2284/3068
f 3069/2285/3069 3070/2286/3070 3071/2287/3071 3072/2288/3072
f 3073/2289/3073 3074/2290/3074 3075/2291/3075 3076/2292/3076
f 3077/2293/3077 3072/2288/3072 3071/2287/3071 3078/2294/3078
f 3079/2295/3079 3073/2289/3073 3076/2292/3076 3080/2296/3080
f 3076/2292/3076 3075/2291/3075 3069/2285/3069 3072/2288/3072
f 3080/2296/3080 3076/2292/3076 3072/2288/3072 3077/2293/3077
f 3092/2297/3081 3089/2298/3082 3081/2299/3083 3082/2300/3084
f 3091/2301/3085 3092/2297/3081 3082/2300/3084 3083/2302/3086
f 3074/2290/3074 3084/2303/3087 3085/2304/3088 3075/2291/3075
f 3069/2285/3069 3075/2291/3075 3085/2304/3088 3086/2305/3089
f 3070/2286/3070 3069/2285/3069 3086/2305/3089 3087/2306/3090
f 3081/2299/3083 3089/2298/3082 3090/2307/3091 3088/2308/3092
f 3093/2309/3093 3094/2310/3094 3092/2297/3081 3091/2301/3085
f 3094/2310/3094 3095/2311/3095 3089/2298/3082 3092/2297/3081
f 3090/2307/3091 3089/2298/3082 3095/2311/3095 3096/2312/3096
f 3078/2294/3078 3071/2287/3071 3094/2310/3094 3093/2309/3093
f 3071/2287/3071 3070/2286/3070 3095/2311/3095 3094/2310/3094
f 3096/2312/3096 3095/2311/3095 3070/2286/3070 3087/2306/3090
f 3116/5/3097 3117/8/3098 3099/7/3099 3100/6/3100
f 3101/9/3101 3102/12/3102 3103/11/3103 3104/10/3104
f 3115/13/3105 3116/5/3097 3100/6/3100 3106/14/3106
f 3107/15/3107 3101/9/3101 3104/10/3104 3108/16/3108
f 3109/17/3109 3110/20/3110 3098/19/3111 3097/18/3112
f 3111/21/3113 3109/17/3109 3097/18/3112 3105/22/3114
f 3104/10/3104 3103/11/3103 3110/20/3110 3109/17/3109
f 3108/16/3108 3104/10/3104 3109/17/3109 3111/21/3113
f 3105/22/3114 3097/18/3112 3113/24/3115 3112/23/3116
f 3097/18/3112 3098/19/3111 3114/25/3117 3113/24/3115
f 3112/23/3116 3113/24/3115 3116/5/3097 3115/13/3105
f 3113/24/3115 3114/25/3117 3117/8/3098 3116/5/3097
f 3118/1640/3118 3119/1643/3119 3120/1658/3120 3121/1662/3121
f 3122/1644/3122 3123/1647/3123 3124/1646/3124 3125/1645/3125
f 3126/1648/3126 3123/1647/3123 3122/1644/3122 3127/1649/3127
f 3128/1650/3128 3155/1653/3129 3156/1652/3130 3129/1651/3131
f 3130/1654/3132 3154/1655/3133 3155/1653/3129 3128/1650/3128
f 3131/1656/3134 3132/1661/3135 3120/1658/3120 3119/1643/3119
f 3120/1658/3120 3132/1661/3135 3133/1660/3136 3134/1659/3137
f 3120/1658/3120 3134/1659/3137 3135/1663/3138 3121/1662/3121
f 3151/1664/3139 3152/1667/3140 3149/1666/3141 3150/1665/3142
f 3139/1668/3143 3138/1671/3144 3140/1670/3145 3141/1669/3146
f 3141/1669/3146 3140/1670/3145 3142/1673/3147 3143/1672/3148
f 3143/1672/3148 3142/1673/3147 3134/1659/3137 3133/1660/3136
f 3142/1673/3147 3144/1674/3149 3135/1663/3138 3134/1659/3137
f 3142/1673/3147 3140/1670/3145 3145/1675/3150 3144/1674/3149
f 3140/1670/3145 3138/1671/3144 3146/1676/3151 3145/1675/3150
f 3149/1666/3141 3152/1667/3140 3153/1678/3152 3148/1677/3153
f 3131/1656/3134 3119/1643/3119 3123/1647/3123 3126/1648/3126
f 3124/1646/3124 3123/1647/3123 3119/1643/3119 3118/1640/3118
f 3138/1671/3144 3149/1666/3141 3148/1677/3153 3146/1676/3151
f 3150/1665/3142 3149/1666/3141 3138/1671/3144 3139/1668/3143
f 3136/1679/3154 3137/1682/3155 3152/1667/3140 3151/1664/3139
f 3153/1678/3152 3152/1667/3140 3137/1682/3155 3147/1684/3156
f 3154/1655/3133 3127/1649/3127 3122/1644/3122 3155/1653/3129
f 3156/1652/3130 3155/1653/3129 3122/1644/3122 3125/1645/3125
f 3157/1640/3157 3158/1643/3158 3159/1658/3159 3160/1662/3160
f 3161/1644/3161 3162/1647/3162 3163/1646/3163 3164/1645/3164
f 3165/1648/3165 3162/1647/3162 3161/1644/3161 3166/1649/3166
f 3167/1650/3167 3194/1653/3168 3195/1652/3169 3168/1651/3170
f 3169/1654/3171 3193/1655/3172 3194/1653/3168 3167/1650/3167
f 3170/1656/3173 3171/1661/3174 3159/1658/3159 3158/1643/3158
f 3159/1658/3159 3171/1661/3174 3172/1660/3175 3173/1659/3176
f 3159/1658/3159 3173/1659/3176 3174/1663/3177 3160/1662/3160
f 3190/1664/3178 3191/1667/3179 3188/1666/3180 3189/1665/3181
f 3178/1668/3182 3177/1671/3183 3179/1670/3184 3180/1669/3185
f 3180/1669/3185 3179/1670/3184 3181/1673/3186 3182/1672/3187
f 3182/1672/3187 3181/1673/3186 3173/1659/3176 3172/1660/3175
f 3181/1673/3186 3183/1674/3188 3174/1663/3177 3173/1659/3176
f 3181/1673/3186 3179/1670/3184 3184/1675/3189 3183/1674/3188
f 3179/1670/3184 3177/1671/3183 3185/1676/3190 3184/1675/3189
f 3188/1666/3180 3191/1667/3179 3192/1678/3191 3187/1677/3192
f 3170/1656/3173 3158/1643/3158 3162/1647/3162 3165/1648/3165
f 3163/1646/3163 3162/1647/3162 3158/1643/3158 3157/1640/3157
f 3177/1671/3183 3188/1666/3180 3187/1677/3192 3185/1676/3190
f 3189/1665/3181 3188/1666/3180 3177/1671/3183 3178/1668/3182
f 3175/1679/3193 3176/1682/3194 3191/1667/3179 3190/1664/3178
f 3192/1678/3191 3191/1667/3179 3176/1682/3194 3186/1684/3195
f 3193/1655/3172 3166/1649/3166 3161/1644/3161 3194/1653/3168
f 3195/1652/3169 3194/1653/3168 3161/1644/3161 3164/1645/3164
f 3196/1640/3196 3197/1643/3197 3198/1658/3198 3199/1662/3199
f 3200/1644/3200 3201/1647/3201 3202/1646/3202 3203/1645/3203
f 3204/1648/3204 3201/1647/3201 3200/1644/3200 3205/1649/3205
f 3206/1685/3206 3233/1686/3207 3234/1687/3208 3207/1688/3209
f 3208/1689/3210 3232/1690/3211 3233/1686/3207 3206/1685/3206
f 3209/1656/3212 3210/1661/3213 3198/1658/3198 3197/1643/3197
f 3198/1658/3198 3210/1661/3213 3211/1660/3214 3212/1659/3215
f 3198/1658/3198 3212/1659/3215 3213/1663/3216 3199/1662/3199
f 3229/1691/3217 3230/1692/3218 3236/2313/3219 3237/2314/3220
f 3217/1695/3221 3216/1696/3222 3218/1670/3223 3219/1669/3224
f 3219/1669/3224 3218/1670/3223 3220/1673/3225 3221/1672/3226
f 3221/1672/3226 3220/1673/3225 3212/1659/3215 3211/1660/3214
f 3220/1673/3225 3222/1674/3227 3213/1663/3216 3212/1659/3215
f 3220/1673/3225 3218/1670/3223 3223/1675/3228 3222/1674/3227
f 3218/1670/3223 3216/1696/3222 3224/1697/3229 3223/1675/3228
f 3236/2313/3219 3230/1692/3218 3231/1698/3230 3235/2315/3231
f 3209/1656/3212 3197/1643/3197 3201/1647/3201 3204/1648/3204
f 3202/1646/3202 3201/1647/3201 3197/1643/3197 3196/1640/3196
f 3216/1696/3222 3227/1693/3232 3226/1699/3233 3224/1697/3229
f 3228/1694/3234 3227/1693/3232 3216/1696/3222 3217/1695/3221
f 3214/1700/3235 3215/1701/3236 3230/1692/3218 3229/1691/3217
f 3231/1698/3230 3230/1692/3218 3215/1701/3236 3225/1684/3237
f 3240/2316/3238 3205/1649/3205 3200/1644/3200 3239/2317/3239
f 3238/2318/3240 3239/2317/3239 3200/1644/3200 3203/1645/3203
f 3227/1693/3232 3236/2313/3219 3235/2315/3231 3226/1699/3233
f 3237/2314/3220 3236/2313/3219 3227/1693/3232 3228/1694/3234
f 3234/1687/3208 3233/1686/3207 3239/2317/3239 3238/2318/3240
f 3232/1690/3211 3240/2316/3238 3239/2317/3239 3233/1686/3207
f 3241/1640/3241 3242/1643/3242 3243/1658/3243 3244/1662/3244
f 3245/1644/3245 3246/1647/3246 3247/1646/3247 3248/1645/3248
f 3249/1648/3249 3246/1647/3246 3245/1644/3245 3250/1649/3250
f 3281/1653/3251 3245/1644/3245 3248/1645/3248 3280/1652/3252
f 3282/1655/3253 3250/1649/3250 3245/1644/3245 3281/1653/3251
f 3254/1656/3254 3255/1661/3255 3243/1658/3243 3242/1643/3242
f 3243/1658/3243 3255/1661/3255 3256/1660/3256 3257/1659/3257
f 3243/1658/3243 3257/1659/3257 3258/1663/3258 3244/1662/3244
f 3274/1664/3259 3275/1667/3260 3272/1666/3261 3273/1665/3262
f 3262/1668/3263 3261/1671/3264 3263/1670/3265 3264/1669/3266
f 3264/1669/3266 3263/1670/3265 3265/1673/3267 3266/1672/3268
f 3266/1672/3268 3265/1673/3267 3257/1659/3257 3256/1660/3256
f 3265/1673/3267 3267/1674/3269 3258/1663/3258 3257/1659/3257
f 3265/1673/3267 3263/1670/3265 3268/1675/3270 3267/1674/3269
f 3263/1670/3265 3261/1671/3264 3269/1676/3271 3268/1675/3270
f 3272/1666/3261 3275/1667/3260 3276/1678/3272 3271/1677/3273
f 3254/1656/3254 3242/1643/3242 3246/1647/3246 3249/1648/3249
f 3247/1646/3247 3246/1647/3246 3242/1643/3242 3241/1640/3241
f 3261/1671/3264 3272/1666/3261 3271/1677/3273 3269/1676/3271
f 3273/1665/3262 3272/1666/3261 3261/1671/3264 3262/1668/3263
f 3259/1679/3274 3260/1682/3275 3278/1681/3276 3279/1680/3277
f 3277/1683/3278 3278/1681/3276 3260/1682/3275 3270/1684/3279
f 3276/1678/3272 3275/1667/3260 3278/1681/3276 3277/1683/3278
f 3279/1680/3277 3278/1681/3276 3275/1667/3260 3274/1664/3259
f 3251/1650/3280 3281/1653/3251 3280/1652/3252 3252/1651/3281
f 3253/1654/3282 3282/1655/3253 3281/1653/3251 3251/1650/3280
f 3283/2101/3283 3284/2104/3284 3285/2103/3285 3286/2102/3286
f 3328/2319/3287 3329/2320/3288 3326/2106/3289 3327/2105/3290
f 3288/2107/3291 3287/2110/3292 3317/2109/3293 3318/2108/3294
f 3290/2111/3295 3289/2114/3296 3291/2113/3297 3292/2112/3298
f 3292/2112/3298 3291/2113/3297 3335/2321/3299 3336/2322/3300
f 3294/2117/3301 3293/2120/3302 3320/2119/3303 3321/2118/3304
f 3296/2323/3305 3295/2324/3306 3297/2325/3307 3298/2326/3308
f 3298/2326/3308 3297/2325/3307 3299/2140/3309 3300/2141/3310
f 3297/2325/3307 3295/2324/3306 3301/2327/3311 3302/2328/3312
f 3319/2125/3313 3320/2119/3303 3293/2120/3302 3303/2126/3314
f 3334/2329/3315 3335/2321/3299 3291/2113/3297 3304/2128/3316
f 3304/2128/3316 3291/2113/3297 3289/2114/3296 3305/2129/3317
f 3316/2130/3318 3317/2109/3293 3287/2110/3292 3306/2131/3319
f 3325/2132/3320 3326/2106/3289 3329/2320/3288 3330/2330/3321
f 3308/2134/3322 3307/2133/3323 3285/2103/3285 3284/2104/3284
f 3299/2140/3309 3297/2325/3307 3302/2328/3312 3309/2139/3324
f 3310/2147/3325 3332/2137/3326 3333/2138/3327 3311/2148/3328
f 3331/2142/3329 3332/2137/3326 3310/2147/3325 3312/2146/3330
f 3322/2143/3331 3323/2144/3332 3314/2116/3333 3313/2127/3334
f 3315/2115/3335 3314/2116/3333 3323/2144/3332 3324/2145/3336
f 3305/2129/3317 3289/2114/3296 3317/2109/3293 3316/2130/3318
f 3318/2108/3294 3317/2109/3293 3289/2114/3296 3290/2111/3295
f 3301/2327/3311 3295/2324/3306 3320/2119/3303 3319/2125/3313
f 3321/2118/3304 3320/2119/3303 3295/2324/3306 3296/2323/3305
f 3303/2126/3314 3293/2120/3302 3323/2144/3332 3322/2143/3331
f 3324/2145/3336 3323/2144/3332 3293/2120/3302 3294/2117/3301
f 3306/2131/3319 3287/2110/3292 3326/2106/3289 3325/2132/3320
f 3327/2105/3290 3326/2106/3289 3287/2110/3292 3288/2107/3291
f 3286/2102/3286 3285/2103/3285 3329/2320/3288 3328/2319/3287
f 3330/2330/3321 3329/2320/3288 3285/2103/3285 3307/2133/3323
f 3300/2141/3310 3299/2140/3309 3332/2137/3326 3331/2142/3329
f 3333/2138/3327 3332/2137/3326 3299/2140/3309 3309/2139/3324
f 3313/2127/3334 3314/2116/3333 3335/2321/3299 3334/2329/3315
f 3336/2322/3300 3335/2321/3299 3314/2116/3333 3315/2115/3335
f 3337/1640/3337 3340/1662/3338 3339/1658/3339 3338/1643/3340
f 3341/1644/3341 3344/1645/3342 3343/1646/3343 3342/1647/3344
f 3345/1648/3345 3346/1649/3346 3341/1644/3341 3342/1647/3344
f 3371/1653/3347 3372/1652/3348 3344/1645/3342 3341/1644/3341
f 3370/1655/3349 3371/1653/3347 3341/1644/3341 3346/1649/3346
f 3350/1656/3350 3338/1643/3340 3339/1658/3339 3351/1661/3351
f 3339/1658/3339 3353/1659/3352 3352/1660/3353 3351/1661/3351
f 3339/1658/3339 3340/1662/3338 3354/1663/3354 3353/1659/3352
f 3356/1668/3355 3358/1669/3356 3357/1670/3357 3355/1671/3358
f 3358/1669/3356 3360/1672/3359 3359/1673/3360 3357/1670/3357
f 3360/1672/3359 3352/1660/3353 3353/1659/3352 3359/1673/3360
f 3359/1673/3360 3353/1659/3352 3354/1663/3354 3361/1674/3361
f 3359/1673/3360 3361/1674/3361 3362/1675/3362 3357/1670/3357
f 3357/1670/3357 3362/1675/3362 3363/1676/3363 3355/1671/3358
f 3350/1656/3350 3345/1648/3345 3342/1647/3344 3338/1643/3340
f 3343/1646/3343 3337/1640/3337 3338/1643/3340 3342/1647/3344
f 3355/1671/3358 3363/1676/3363 3369/2150/3364 3368/2149/3365
f 3367/2151/3366 3356/1668/3355 3355/1671/3358 3368/2149/3365
f 3366/2152/3367 3367/2151/3366 3368/2149/3365 3365/2153/3368
f 3369/2150/3364 3364/2154/3369 3365/2153/3368 3368/2149/3365
f 3349/1654/3370 3347/1650/3371 3371/1653/3347 3370/1655/3349
f 3347/1650/3371 3348/1651/3372 3372/1652/3348 3371/1653/3347
f 3373/1640/3373 3376/1662/3374 3375/1658/3375 3374/1643/3376
f 3377/1644/3377 3380/1645/3378 3379/1646/3379 3378/1647/3380
f 3381/1648/3381 3382/1649/3382 3377/1644/3377 3378/1647/3380
f 3383/1650/3383 3384/1651/3384 3412/1652/3385 3413/1653/3386
f 3385/1654/3387 3383/1650/3383 3413/1653/3386 3414/1655/3388
f 3386/1656/3389 3374/1643/3376 3375/1658/3375 3387/1661/3390
f 3375/1658/3375 3389/1659/3391 3388/1660/3392 3387/1661/3390
f 3375/1658/3375 3376/1662/3374 3390/1663/3393 3389/1659/3391
f 3406/1664/3394 3405/1665/3395 3404/1666/3396 3407/1667/3397
f 3394/1668/3398 3396/1669/3399 3395/1670/3400 3393/1671/3401
f 3396/1669/3399 3398/1672/3402 3397/1673/3403 3395/1670/3400
f 3398/1672/3402 3388/1660/3392 3389/1659/3391 3397/1673/3403
f 3397/1673/3403 3389/1659/3391 3390/1663/3393 3399/1674/3404
f 3397/1673/3403 3399/1674/3404 3400/1675/3405 3395/1670/3400
f 3395/1670/3400 3400/1675/3405 3401/1676/3406 3393/1671/3401
f 3404/1666/3396 3403/1677/3407 3408/1678/3408 3407/1667/3397
f 3386/1656/3389 3381/1648/3381 3378/1647/3380 3374/1643/3376
f 3379/1646/3379 3373/1640/3373 3374/1643/3376 3378/1647/3380
f 3393/1671/3401 3401/1676/3406 3403/1677/3407 3404/1666/3396
f 3405/1665/3395 3394/1668/3398 3393/1671/3401 3404/1666/3396
f 3391/1679/3409 3411/1680/3410 3410/1681/3411 3392/1682/3412
f 3409/1683/3413 3402/1684/3414 3392/1682/3412 3410/1681/3411
f 3408/1678/3408 3409/1683/3413 3410/1681/3411 3407/1667/3397
f 3411/1680/3410 3406/1664/3394 3407/1667/3397 3410/1681/3411
f 3413/1653/3386 3412/1652/3385 3380/1645/3378 3377/1644/3377
f 3414/1655/3388 3413/1653/3386 3377/1644/3377 3382/1649/3382
f 3415/2331/3415 3418/2332/3416 3417/2333/3417 3416/2334/3418
f 3419/2335/3419 3422/2336/3420 3421/2337/3421 3420/2338/3422
f 3423/2339/3423 3424/2340/3424 3419/2335/3419 3420/2338/3422
f 3425/2341/3425 3426/2342/3426 3422/2336/3420 3419/2335/3419
f 3427/2343/3427 3425/2341/3425 3419/2335/3419 3424/2340/3424
f 3428/2344/3428 3416/2334/3418 3417/2333/3417 3429/2345/3429
f 3417/2333/3417 3431/2346/3430 3430/2347/3431 3429/2345/3429
f 3417/2333/3417 3418/2332/3416 3432/2348/3432 3431/2346/3430
f 3445/2349/3433 3436/2350/3434 3435/2351/3435 3446/2352/3436
f 3436/2350/3434 3438/2353/3437 3437/2354/3438 3435/2351/3435
f 3438/2353/3437 3440/2355/3439 3439/2356/3440 3437/2354/3438
f 3440/2355/3439 3430/2347/3431 3431/2346/3430 3439/2356/3440
f 3439/2356/3440 3431/2346/3430 3432/2348/3432 3441/2357/3441
f 3439/2356/3440 3441/2357/3441 3442/2358/3442 3437/2354/3438
f 3437/2354/3438 3442/2358/3442 3443/2359/3443 3435/2351/3435
f 3435/2351/3435 3443/2359/3443 3447/2360/3444 3446/2352/3436
f 3428/2344/3428 3423/2339/3423 3420/2338/3422 3416/2334/3418
f 3421/2337/3421 3415/2331/3415 3416/2334/3418 3420/2338/3422
f 3433/2361/3445 3445/2349/3433 3446/2352/3436 3434/2362/3446
f 3447/2360/3444 3444/2363/3447 3434/2362/3446 3446/2352/3436
f 3448/1640/3448 3449/1662/3449 3450/1658/3450 3451/1643/3451
f 3452/1644/3452 3453/1645/3453 3472/2364/3454 3473/2365/3455
f 3456/1653/3456 3457/1652/3457 3453/1645/3453 3452/1644/3452
f 3450/1658/3450 3449/1662/3449 3459/1663/3458 3458/1659/3459
f 3462/1673/3460 3458/1659/3459 3459/1663/3458 3463/1674/3461
f 3462/1673/3460 3463/1674/3461 3464/1675/3462 3460/1670/3463
f 3460/1670/3463 3464/1675/3462 3465/1676/3464 3461/1671/3465
f 3454/1646/3466 3448/1640/3448 3451/1643/3451 3455/1647/3467
f 3461/1671/3465 3465/1676/3464 3466/2150/3468 3467/2149/3469
f 3466/2150/3468 3469/2154/3470 3468/2153/3470 3467/2149/3469
f 3474/2366/3471 3475/2367/3472 3457/1652/3457 3456/1653/3456
f 3473/2365/3455 3472/2364/3454 3454/1646/3466 3455/1647/3467
f 3470/1650/3473 3471/1651/3473 3475/2367/3472 3474/2366/3471
f 3476/1640/3474 3479/1662/3475 3478/1658/3476 3477/1643/3477
f 3480/1644/3478 3483/1645/3479 3482/1646/3480 3481/1647/3481
f 3484/1648/3482 3485/1649/3483 3480/1644/3478 3481/1647/3481
f 3486/1650/3484 3487/1651/3485 3512/1652/3486 3513/1653/3487
f 3488/1654/3488 3486/1650/3484 3513/1653/3487 3514/1655/3489
f 3489/1656/3490 3477/1643/3477 3478/1658/3476 3490/1661/3491
f 3478/1658/3476 3492/1659/3492 3491/1660/3493 3490/1661/3491
f 3478/1658/3476 3479/1662/3475 3493/1663/3494 3492/1659/3492
f 3495/1668/3495 3497/1669/3496 3496/1670/3497 3494/1671/3498
f 3497/1669/3496 3499/1672/3499 3498/1673/3500 3496/1670/3497
f 3499/1672/3499 3491/1660/3493 3492/1659/3492 3498/1673/3500
f 3498/1673/3500 3492/1659/3492 3493/1663/3494 3500/1674/3501
f 3498/1673/3500 3500/1674/3501 3501/1675/3502 3496/1670/3497
f 3496/1670/3497 3501/1675/3502 3502/1676/3503 3494/1671/3498
f 3489/1656/3490 3484/1648/3482 3481/1647/3481 3477/1643/3477
f 3482/1646/3480 3476/1640/3474 3477/1643/3477 3481/1647/3481
f 3494/1671/3498 3502/1676/3503 3508/2150/3504 3507/2149/3505
f 3506/2151/3506 3495/1668/3495 3494/1671/3498 3507/2149/3505
f 3505/2152/3507 3509/2368/3508 3510/2369/3509 3504/2153/3510
f 3511/2370/3511 3503/2154/3512 3504/2153/3510 3510/2369/3509
f 3509/2368/3508 3506/2151/3506 3507/2149/3505 3510/2369/3509
f 3508/2150/3504 3511/2370/3511 3510/2369/3509 3507/2149/3505
f 3513/1653/3487 3512/1652/3486 3483/1645/3479 3480/1644/3478
f 3514/1655/3489 3513/1653/3487 3480/1644/3478 3485/1649/3483
f 3515/1640/3513 3516/1643/3514 3517/1658/3515 3518/1662/3516
f 3519/1644/3517 3520/1647/3518 3521/1646/3519 3522/1645/3520
f 3523/1648/3521 3520/1647/3518 3519/1644/3517 3524/1649/3522
f 3525/1650/3523 3549/1653/3524 3550/1652/3525 3526/1651/3526
f 3527/1654/3527 3548/1655/3528 3549/1653/3524 3525/1650/3523
f 3528/1656/3529 3529/1661/3530 3517/1658/3515 3516/1643/3514
f 3517/1658/3515 3529/1661/3530 3530/1660/3531 3531/1659/3532
f 3517/1658/3515 3531/1659/3532 3532/1663/3533 3518/1662/3516
f 3534/1668/3534 3533/1671/3535 3535/1670/3536 3536/1669/3537
f 3536/1669/3537 3535/1670/3536 3537/1673/3538 3538/1672/3539
f 3538/1672/3539 3537/1673/3538 3531/1659/3532 3530/1660/3531
f 3537/1673/3538 3539/1674/3540 3532/1663/3533 3531/1659/3532
f 3537/1673/3538 3535/1670/3536 3540/1675/3541 3539/1674/3540
f 3535/1670/3536 3533/1671/3535 3541/1676/3542 3540/1675/3541
f 3528/1656/3529 3516/1643/3514 3520/1647/3518 3523/1648/3521
f 3521/1646/3519 3520/1647/3518 3516/1643/3514 3515/1640/3513
f 3533/1671/3535 3546/2149/3543 3547/2150/3544 3541/1676/3542
f 3545/2151/3545 3546/2149/3543 3533/1671/3535 3534/1668/3534
f 3544/2152/3546 3543/2153/3547 3546/2149/3543 3545/2151/3545
f 3547/2150/3544 3546/2149/3543 3543/2153/3547 3542/2154/3548
f 3548/1655/3528 3524/1649/3522 3519/1644/3517 3549/1653/3524
f 3550/1652/3525 3549/1653/3524 3519/1644/3517 3522/1645/3520
f 3551/2371/3549 3552/2372/3550 3553/2373/3551 3554/2374/3552
f 3555/2375/3553 3585/2376/3554 3586/2377/3555 3558/2378/3556
f 3584/2379/3557 3585/2376/3554 3555/2375/3553 3560/2380/3558
f 3561/2381/3559 3555/2375/3553 3558/2378/3556 3562/2382/3560
f 3563/2383/3561 3560/2380/3558 3555/2375/3553 3561/2381/3559
f 3564/2384/3562 3565/2385/3563 3553/2373/3551 3552/2372/3550
f 3553/2373/3551 3565/2385/3563 3566/2386/3564 3567/2387/3565
f 3553/2373/3551 3567/2387/3565 3568/2388/3566 3554/2374/3552
f 3581/2389/3567 3582/2390/3568 3571/2391/3569 3572/2392/3570
f 3572/2392/3570 3571/2391/3569 3573/2393/3571 3574/2394/3572
f 3574/2394/3572 3573/2393/3571 3575/2395/3573 3576/2396/3574
f 3576/2396/3574 3575/2395/3573 3567/2387/3565 3566/2386/3564
f 3575/2395/3573 3577/2397/3575 3568/2388/3566 3567/2387/3565
f 3575/2395/3573 3573/2393/3571 3578/2398/3576 3577/2397/3575
f 3573/2393/3571 3571/2391/3569 3579/2399/3577 3578/2398/3576
f 3571/2391/3569 3582/2390/3568 3583/2400/3578 3579/2399/3577
f 3564/2384/3562 3552/2372/3550 3556/2401/3579 3559/2402/3580
f 3557/2403/3581 3556/2401/3579 3552/2372/3550 3551/2371/3549
f 3569/2404/3582 3570/2405/3583 3582/2390/3568 3581/2389/3567
f 3583/2400/3578 3582/2390/3568 3570/2405/3583 3580/2406/3584
f 3559/2402/3580 3556/2401/3579 3585/2376/3554 3584/2379/3557
f 3586/2377/3555 3585/2376/3554 3556/2401/3579 3557/2403/3581
f 3587/1640/3585 3590/1662/3586 3589/1658/3587 3588/1643/3588
f 3591/1644/3589 3594/1645/3590 3593/1646/3591 3592/1647/3592
f 3595/1648/3593 3596/1649/3594 3591/1644/3589 3592/1647/3592
f 3621/1653/3595 3622/1652/3596 3594/1645/3590 3591/1644/3589
f 3620/1655/3597 3621/1653/3595 3591/1644/3589 3596/1649/3594
f 3600/1656/3598 3588/1643/3588 3589/1658/3587 3601/1661/3599
f 3589/1658/3587 3603/1659/3600 3602/1660/3601 3601/1661/3599
f 3589/1658/3587 3590/1662/3586 3604/1663/3602 3603/1659/3600
f 3606/1668/3603 3608/1669/3604 3607/1670/3605 3605/1671/3606
f 3608/1669/3604 3626/2407/3607 3627/2408/3608 3607/1670/3605
f 3610/1672/3609 3602/1660/3601 3603/1659/3600 3609/1673/3610
f 3609/1673/3610 3603/1659/3600 3604/1663/3602 3611/1674/3611
f 3627/2408/3608 3628/2409/3612 3612/1675/3613 3607/1670/3605
f 3607/1670/3605 3612/1675/3613 3613/1676/3614 3605/1671/3606
f 3600/1656/3598 3595/1648/3593 3592/1647/3592 3588/1643/3588
f 3593/1646/3591 3587/1640/3585 3588/1643/3588 3592/1647/3592
f 3605/1671/3606 3613/1676/3614 3619/2150/3615 3618/2149/3616
f 3617/2151/3617 3606/1668/3603 3605/1671/3606 3618/2149/3616
f 3616/2152/3618 3623/2368/3619 3624/2369/3620 3615/2153/3621
f 3625/2370/3622 3614/2154/3623 3615/2153/3621 3624/2369/3620
f 3599/1654/3624 3597/1650/3625 3621/1653/3595 3620/1655/3597
f 3597/1650/3625 3598/1651/3626 3622/1652/3596 3621/1653/3595
f 3623/2368/3619 3617/2151/3617 3618/2149/3616 3624/2369/3620
f 3619/2150/3615 3625/2370/3622 3624/2369/3620 3618/2149/3616
f 3626/2407/3607 3610/1672/3609 3609/1673/3610 3627/2408/3608
f 3609/1673/3610 3611/1674/3611 3628/2409/3612 3627/2408/3608
f 3629/1640/3627 3632/1662/3628 3631/1658/3629 3630/1643/3630
f 3633/1644/3631 3636/1645/3632 3635/1646/3633 3634/1647/3634
f 3637/1648/3635 3638/1649/3636 3633/1644/3631 3634/1647/3634
f 3663/1653/3637 3664/1652/3638 3636/1645/3632 3633/1644/3631
f 3662/1655/3639 3663/1653/3637 3633/1644/3631 3638/1649/3636
f 3642/1656/3640 3630/1643/3630 3631/1658/3629 3643/1661/3641
f 3631/1658/3629 3645/1659/3642 3644/1660/3643 3643/1661/3641
f 3631/1658/3629 3632/1662/3628 3646/1663/3644 3645/1659/3642
f 3648/1668/3645 3650/1669/3646 3649/1670/3647 3647/1671/3648
f 3650/1669/3646 3668/2407/3649 3669/2408/3650 3649/1670/3647
f 3652/1672/3651 3644/1660/3643 3645/1659/3642 3651/1673/3652
f 3651/1673/3652 3645/1659/3642 3646/1663/3644 3653/1674/3653
f 3669/2408/3650 3670/2409/3654 3654/1675/3655 3649/1670/3647
f 3649/1670/3647 3654/1675/3655 3655/1676/3656 3647/1671/3648
f 3642/1656/3640 3637/1648/3635 3634/1647/3634 3630/1643/3630
f 3635/1646/3633 3629/1640/3627 3630/1643/3630 3634/1647/3634
f 3647/1671/3648 3655/1676/3656 3661/2150/3657 3660/2149/3658
f 3659/2151/3659 3648/1668/3645 3647/1671/3648 3660/2149/3658
f 3658/2152/3660 3665/2368/3661 3666/2369/3662 3657/2153/3663
f 3667/2370/3664 3656/2154/3665 3657/2153/3663 3666/2369/3662
f 3641/1654/3666 3639/1650/3667 3663/1653/3637 3662/1655/3639
f 3639/1650/3667 3640/1651/3668 3664/1652/3638 3663/1653/3637
f 3665/2368/3661 3659/2151/3659 3660/2149/3658 3666/2369/3662
f 3661/2150/3657 3667/2370/3664 3666/2369/3662 3660/2149/3658
f 3668/2407/3649 3652/1672/3651 3651/1673/3652 3669/2408/3650
f 3651/1673/3652 3653/1674/3653 3670/2409/3654 3669/2408/3650
f 3671/1640/3669 3674/1662/3670 3673/1658/3671 3672/1643/3672
f 3675/1644/3673 3678/1645/3674 3677/1646/3675 3676/1647/3676
f 3679/1648/3677 3680/1649/3678 3675/1644/3673 3676/1647/3676
f 3681/1650/3679 3682/1651/3680 3678/1645/3674 3675/1644/3673
f 3683/1654/3681 3681/1650/3679 3675/1644/3673 3680/1649/3678
f 3684/1656/3682 3672/1643/3672 3673/1658/3671 3685/1661/3683
f 3673/1658/3671 3687/1659/3684 3686/1660/3685 3685/1661/3683
f 3673/1658/3671 3674/1662/3670 3688/1663/3686 3687/1659/3684
f 3690/1668/3687 3692/1669/3688 3691/1670/3689 3689/1671/3690
f 3692/1669/3688 3694/1672/3691 3693/1673/3692 3691/1670/3689
f 3694/1672/3691 3686/1660/3685 3687/1659/3684 3693/1673/3692
f 3693/1673/3692 3687/1659/3684 3688/1663/3686 3695/1674/3693
f 3693/1673/3692 3695/1674/3693 3696/1675/3694 3691/1670/3689
f 3691/1670/3689 3696/1675/3694 3697/1676/3695 3689/1671/3690
f 3684/1656/3682 3679/1648/3677 3676/1647/3676 3672/1643/3672
f 3677/1646/3675 3671/1640/3669 3672/1643/3672 3676/1647/3676
f 3689/1671/3690 3697/1676/3695 3703/2150/3696 3702/2149/3697
f 3701/2151/3698 3690/1668/3687 3689/1671/3690 3702/2149/3697
f 3700/2152/3699 3701/2151/3698 3702/2149/3697 3699/2153/3700
f 3703/2150/3696 3698/2154/3701 3699/2153/3700 3702/2149/3697
f 3704/1640/3702 3707/1662/3703 3706/1658/3704 3705/1643/3705
f 3708/1644/3706 3711/1645/3707 3710/1646/3708 3709/1647/3709
f 3712/1648/3710 3713/1649/3711 3708/1644/3706 3709/1647/3709
f 3714/1650/3712 3715/1651/3713 3711/1645/3707 3708/1644/3706
f 3716/1654/3714 3714/1650/3712 3708/1644/3706 3713/1649/3711
f 3717/1656/3715 3705/1643/3705 3706/1658/3704 3718/1661/3716
f 3706/1658/3704 3720/1659/3717 3719/1660/3718 3718/1661/3716
f 3706/1658/3704 3707/1662/3703 3721/1663/3719 3720/1659/3717
f 3723/1668/3720 3725/1669/3721 3724/1670/3722 3722/1671/3723
f 3725/1669/3721 3727/1672/3724 3726/1673/3725 3724/1670/3722
f 3727/1672/3724 3719/1660/3718 3720/1659/3717 3726/1673/3725
f 3726/1673/3725 3720/1659/3717 3721/1663/3719 3728/1674/3726
f 3726/1673/3725 3728/1674/3726 3729/1675/3727 3724/1670/3722
f 3724/1670/3722 3729/1675/3727 3730/1676/3728 3722/1671/3723
f 3717/1656/3715 3712/1648/3710 3709/1647/3709 3705/1643/3705
f 3710/1646/3708 3704/1640/3702 3705/1643/3705 3709/1647/3709
f 3722/1671/3723 3730/1676/3728 3736/2150/3729 3735/2149/3730
f 3734/2151/3731 3723/1668/3720 3722/1671/3723 3735/2149/3730
f 3733/2152/3732 3734/2151/3731 3735/2149/3730 3732/2153/3733
f 3736/2150/3729 3731/2154/3734 3732/2153/3733 3735/2149/3730
f 3737/2410/3735 3740/2411/3736 3739/2412/3737 3738/2413/3738
f 3741/1770/3739 3744/1771/3740 3743/2414/3741 3742/2415/3742
f 3745/2416/3743 3746/1774/3744 3741/1770/3739 3742/2415/3742
f 3747/1769/3745 3748/1772/3746 3744/1771/3740 3741/1770/3739
f 3749/1773/3747 3747/1769/3745 3741/1770/3739 3746/1774/3744
f 3750/2417/3748 3738/2413/3738 3739/2412/3737 3751/2418/3749
f 3739/2412/3737 3753/2419/3750 3752/2420/3751 3751/2418/3749
f 3739/2412/3737 3740/2411/3736 3754/2421/3752 3753/2419/3750
f 3755/1795/3753 3770/1780/3754 3771/1781/3755 3756/1796/3756
f 3758/1784/3757 3760/2422/3758 3759/2423/3759 3757/1785/3760
f 3760/2422/3758 3762/2424/3761 3761/2425/3762 3759/2423/3759
f 3762/2424/3761 3752/2420/3751 3753/2419/3750 3761/2425/3762
f 3761/2425/3762 3753/2419/3750 3754/2421/3752 3763/2426/3763
f 3761/2425/3762 3763/2426/3763 3764/2427/3764 3759/2423/3759
f 3759/2423/3759 3764/2427/3764 3765/1792/3765 3757/1785/3760
f 3771/1781/3755 3772/1793/3766 3766/1797/3767 3756/1796/3756
f 3750/2417/3748 3745/2416/3743 3742/2415/3742 3738/2413/3738
f 3743/2414/3741 3737/2410/3735 3738/2413/3738 3742/2415/3742
f 3757/1785/3760 3765/1792/3765 3767/1794/3768 3768/1782/3769
f 3769/1783/3770 3758/1784/3757 3757/1785/3760 3768/1782/3769
f 3770/1780/3754 3769/1783/3770 3768/1782/3769 3771/1781/3755
f 3768/1782/3769 3767/1794/3768 3772/1793/3766 3771/1781/3755
