# Blender 5.0.1
# www.blender.org
mtllib hand.mtl
o Ch31_Body.005
v -0.258523 0.983650 -0.031347
v -0.264798 0.982673 -0.041205
v -0.257652 0.965662 -0.029579
v -0.249695 0.984435 -0.025934
v -0.240618 0.984635 -0.025366
v -0.248735 0.966912 -0.024424
v -0.240079 0.967431 -0.023611
v -0.248797 0.951903 -0.022857
v -0.240484 0.952846 -0.021628
v -0.257461 0.950423 -0.028240
v -0.248536 0.941697 -0.021243
v -0.246961 0.934177 -0.018626
v -0.257553 0.937509 -0.025977
v -0.240749 0.943420 -0.019643
v -0.239788 0.936150 -0.016648
v -0.234000 0.943533 -0.021744
v -0.232618 0.936751 -0.018320
v -0.233830 0.952549 -0.024294
v -0.229000 0.942565 -0.026646
v -0.229316 0.951369 -0.029568
v -0.226057 0.941053 -0.033283
v -0.226854 0.936010 -0.023186
v -0.223555 0.930037 -0.018681
v -0.223479 0.934191 -0.030169
v -0.219712 0.927766 -0.026444
v -0.222117 0.932152 -0.037774
v -0.224594 0.939325 -0.040845
v -0.222312 0.930381 -0.043499
v -0.219184 0.924996 -0.034962
v -0.220889 0.923682 -0.042833
v -0.216510 0.915968 -0.031754
v -0.219910 0.913324 -0.040227
v -0.214169 0.905520 -0.027871
v -0.216278 0.919751 -0.022370
v -0.212986 0.911206 -0.018771
v -0.220321 0.922587 -0.013825
v -0.227870 0.922996 -0.008449
v -0.216585 0.914112 -0.009524
v -0.224649 0.914688 -0.003751
v -0.213501 0.906277 -0.005559
v -0.213173 0.908348 -0.012355
v -0.211337 0.906510 -0.016999
v -0.211614 0.903737 -0.010411
v -0.210356 0.901341 -0.014725
v -0.209108 0.896573 -0.007411
v -0.208375 0.893753 -0.011376
v -0.205959 0.891720 -0.005321
v -0.210532 0.899448 -0.002633
v -0.207171 0.894149 -0.000892
v -0.218348 0.899571 0.003804
v -0.211408 0.894280 0.004025
v -0.228992 0.896729 0.003029
v -0.221404 0.906690 0.000075
v -0.220836 0.894859 0.006676
v -0.221894 0.891644 0.007342
v -0.227605 0.893032 0.005127
v -0.215321 0.892313 0.006472
v -0.212042 0.887459 0.007022
v -0.219196 0.889484 0.007520
v -0.216285 0.885493 0.008003
v -0.223068 0.887202 0.006937
v -0.220139 0.883189 0.007354
v -0.225505 0.890009 0.006493
v -0.225960 0.884143 0.004842
v -0.228145 0.881475 0.002055
v -0.227997 0.887322 0.004877
v -0.222990 0.879889 0.005475
v -0.225093 0.876895 0.002674
v -0.220107 0.875425 0.006689
v -0.217006 0.878133 0.008053
v -0.216696 0.869887 0.008348
v -0.221296 0.872875 0.003305
v -0.218245 0.867512 0.005436
v -0.221430 0.870248 0.000054
v -0.218583 0.865330 0.002185
v -0.225470 0.874258 -0.001212
v -0.220069 0.868103 -0.003269
v -0.217502 0.863709 -0.001283
v -0.217617 0.866792 -0.006326
v -0.223198 0.871903 -0.005254
v -0.226314 0.874499 -0.007377
v -0.220395 0.869847 -0.008423
v -0.222972 0.871714 -0.010639
v -0.216714 0.869696 -0.010749
v -0.214194 0.867019 -0.008544
v -0.212643 0.871909 -0.012047
v -0.218947 0.871358 -0.013012
v -0.221091 0.872043 -0.015465
v -0.214640 0.874236 -0.014319
v -0.211062 0.878857 -0.014019
v -0.216806 0.875817 -0.017292
v -0.213604 0.882882 -0.018167
v -0.220762 0.874068 -0.021289
v -0.224034 0.871408 -0.023810
v -0.224062 0.871238 -0.018053
v -0.219313 0.878981 -0.023887
v -0.223816 0.875432 -0.026699
v -0.218876 0.889567 -0.029662
v -0.219347 0.901368 -0.036055
v -0.225060 0.885034 -0.033759
v -0.212999 0.894459 -0.023591
v -0.211528 0.897408 -0.019844
v -0.209906 0.888588 -0.015277
v -0.211880 0.903094 -0.022519
v -0.207870 0.883564 -0.012501
v -0.206204 0.888268 -0.009193
v -0.206030 0.879370 -0.010304
v -0.204338 0.883352 -0.007226
v -0.204003 0.874794 -0.008059
v -0.208993 0.875474 -0.011907
v -0.206816 0.871582 -0.009718
v -0.210345 0.868809 -0.009813
v -0.204794 0.867648 -0.007402
v -0.208257 0.865285 -0.007687
v -0.203281 0.864277 -0.005213
v -0.202000 0.870289 -0.005641
v -0.200291 0.872929 -0.002531
v -0.200442 0.866402 -0.003387
v -0.198612 0.862269 -0.001564
v -0.198543 0.868375 -0.000277
v -0.196720 0.864278 0.001502
v -0.197885 0.869814 0.003229
v -0.196045 0.865782 0.005015
v -0.198880 0.870550 0.006822
v -0.199853 0.874950 0.001109
v -0.201160 0.876041 0.004863
v -0.201911 0.880728 -0.001274
v -0.203309 0.882246 0.002532
v -0.203872 0.886487 -0.003533
v -0.202352 0.878099 -0.004929
v -0.205302 0.888394 0.000446
v -0.208071 0.888891 0.004572
v -0.206045 0.882678 0.005770
v -0.203662 0.876293 0.008048
v -0.209605 0.881917 0.007776
v -0.206958 0.875631 0.010068
v -0.213533 0.880371 0.008656
v -0.210708 0.874196 0.010925
v -0.208226 0.868656 0.013200
v -0.214077 0.872207 0.010289
v -0.211590 0.866688 0.012532
v -0.209804 0.862777 0.013954
v -0.214257 0.864532 0.010571
v -0.212522 0.860609 0.011918
v -0.215982 0.862431 0.007631
v -0.214256 0.858473 0.008938
v -0.216506 0.860661 0.004141
v -0.214833 0.856729 0.005598
v -0.215614 0.859551 0.000481
v -0.213894 0.855568 0.001967
v -0.213427 0.859399 -0.002795
v -0.211625 0.855224 -0.001137
v -0.215221 0.862996 -0.004483
v -0.210186 0.860365 -0.004856
v -0.206660 0.862130 -0.005717
v -0.208333 0.856283 -0.003249
v -0.211944 0.863599 -0.006618
v -0.206106 0.851456 -0.001149
v -0.204818 0.858010 -0.003948
v -0.202382 0.852671 -0.001394
v -0.201449 0.860129 -0.003381
v -0.198914 0.854517 -0.000638
v -0.196028 0.856613 0.001130
v -0.196729 0.849356 0.002334
v -0.200139 0.847539 0.001741
v -0.194582 0.844062 0.005824
v -0.193941 0.851435 0.003958
v -0.192127 0.853631 0.006669
v -0.191985 0.845986 0.007280
v -0.190192 0.847961 0.009779
v -0.191129 0.843361 0.009220
v -0.193556 0.841525 0.007879
v -0.190560 0.840981 0.011194
v -0.189446 0.845157 0.011499
v -0.189015 0.842577 0.013186
v -0.188608 0.846632 0.014267
v -0.188260 0.843778 0.015701
v -0.189249 0.847446 0.017153
v -0.189365 0.849651 0.012775
v -0.190143 0.850597 0.015824
v -0.191458 0.855574 0.009930
v -0.192512 0.856718 0.013183
v -0.193674 0.860795 0.007361
v -0.194958 0.862139 0.010834
v -0.194207 0.858850 0.003993
v -0.197055 0.866562 0.008660
v -0.197469 0.862752 0.013778
v -0.200760 0.862385 0.015552
v -0.199429 0.866832 0.011877
v -0.194944 0.857180 0.016036
v -0.198149 0.856635 0.017668
v -0.192343 0.850701 0.018337
v -0.195323 0.849951 0.019819
v -0.191304 0.847534 0.019564
v -0.190535 0.844504 0.020587
v -0.194077 0.846840 0.020986
v -0.192971 0.843929 0.022016
v -0.197231 0.845502 0.021715
v -0.195865 0.842590 0.022731
v -0.200192 0.843712 0.021285
v -0.198707 0.848598 0.020500
v -0.201807 0.846816 0.019990
v -0.201867 0.855309 0.018203
v -0.205239 0.853489 0.017408
v -0.204730 0.861287 0.016097
v -0.206401 0.864779 0.014733
v -0.208311 0.859562 0.015139
v -0.211064 0.857403 0.013040
v -0.207993 0.851366 0.015657
v -0.212795 0.855174 0.010103
v -0.213289 0.853208 0.006906
v -0.209830 0.849180 0.013035
v -0.210485 0.847332 0.009820
v -0.206239 0.842880 0.016186
v -0.206981 0.841274 0.013241
v -0.204432 0.839930 0.017703
v -0.204414 0.844816 0.018510
v -0.202724 0.841763 0.019906
v -0.200895 0.839075 0.021084
v -0.202508 0.837361 0.018983
v -0.198539 0.840884 0.022340
v -0.198896 0.837008 0.021873
v -0.196815 0.835276 0.021686
v -0.200718 0.835635 0.019812
v -0.196850 0.838475 0.022888
v -0.194669 0.840029 0.023275
v -0.194861 0.836584 0.022585
v -0.193130 0.838027 0.022993
v -0.192906 0.835737 0.021276
v -0.191171 0.837346 0.021605
v -0.191452 0.835565 0.019125
v -0.195386 0.834119 0.020135
v -0.194186 0.833917 0.018137
v -0.198008 0.833602 0.018705
v -0.197138 0.833408 0.016802
v -0.198591 0.834517 0.020221
v -0.200600 0.834384 0.017565
v -0.202877 0.836060 0.016439
v -0.199767 0.833957 0.015285
v -0.198496 0.834103 0.013287
v -0.202054 0.835377 0.013658
v -0.200370 0.835480 0.011361
v -0.204278 0.837525 0.011838
v -0.202331 0.837521 0.009333
v -0.206260 0.840263 0.009999
v -0.205051 0.838422 0.014929
v -0.209611 0.846082 0.006581
v -0.204179 0.840114 0.007356
v -0.207237 0.845624 0.003885
v -0.201051 0.840922 0.005805
v -0.203783 0.846227 0.002276
v -0.197722 0.842296 0.005304
v -0.199511 0.838416 0.007854
v -0.197932 0.836406 0.009955
v -0.196483 0.839792 0.007392
v -0.195258 0.837741 0.009552
v -0.194121 0.836307 0.011541
v -0.192711 0.839330 0.010037
v -0.192098 0.837580 0.012051
v -0.190318 0.838956 0.012895
v -0.191587 0.836272 0.014327
v -0.193412 0.835130 0.013767
v -0.191150 0.835605 0.016779
v -0.190111 0.837491 0.014929
v -0.189089 0.838991 0.015687
v -0.189681 0.837092 0.017463
v -0.190032 0.837163 0.019584
v -0.188794 0.838986 0.017674
v -0.189238 0.839199 0.019593
v -0.188271 0.841370 0.016927
v -0.188765 0.841782 0.019129
v -0.188894 0.840709 0.014425
v -0.188801 0.844402 0.018312
v -0.190037 0.841954 0.021141
v -0.192163 0.841772 0.022583
v -0.190157 0.839429 0.021442
v -0.191622 0.839664 0.022615
v -0.193648 0.834106 0.016058
v -0.196253 0.833565 0.015024
v -0.195438 0.834423 0.013418
v -0.196664 0.835189 0.011608
v -0.209717 0.850958 0.000878
v -0.212238 0.851730 0.003635
v -0.202667 0.866261 0.013882
v -0.204528 0.870110 0.012319
v -0.201270 0.870755 0.010190
v -0.226115 0.897697 -0.044211
v -0.228485 0.878355 -0.036614
v -0.230548 0.885768 -0.046667
v -0.227321 0.871043 -0.027481
v -0.229997 0.870939 -0.038632
v -0.230262 0.863627 -0.040468
v -0.231964 0.876087 -0.048636
v -0.229002 0.865615 -0.028899
v -0.229800 0.859525 -0.030694
v -0.230573 0.863400 -0.023313
v -0.233320 0.862149 -0.019263
v -0.227560 0.867881 -0.023687
v -0.231161 0.857629 -0.025146
v -0.231518 0.851150 -0.026273
v -0.234472 0.857270 -0.019890
v -0.235381 0.850868 -0.019301
v -0.239526 0.857205 -0.016436
v -0.245826 0.858358 -0.015229
v -0.238677 0.862528 -0.015449
v -0.240363 0.851012 -0.015515
v -0.241911 0.843708 -0.015722
v -0.245837 0.851797 -0.015046
v -0.251994 0.852180 -0.015316
v -0.246288 0.844725 -0.014755
v -0.246607 0.837202 -0.014597
v -0.251062 0.845433 -0.014729
v -0.250537 0.837669 -0.015040
v -0.255346 0.844760 -0.016944
v -0.256679 0.850902 -0.017479
v -0.254268 0.837649 -0.017034
v -0.258424 0.843857 -0.019685
v -0.257164 0.837284 -0.019616
v -0.260349 0.843441 -0.023010
v -0.259561 0.849879 -0.020018
v -0.261502 0.849698 -0.023050
v -0.260427 0.853212 -0.020561
v -0.262082 0.853428 -0.022797
v -0.259028 0.855252 -0.019147
v -0.262346 0.856633 -0.022515
v -0.255361 0.859101 -0.017141
v -0.262070 0.861483 -0.022955
v -0.255486 0.867095 -0.017982
v -0.254025 0.873156 -0.016376
v -0.262296 0.867980 -0.024960
v -0.244973 0.864000 -0.014418
v -0.243038 0.868453 -0.013266
v -0.240099 0.872353 -0.011822
v -0.236134 0.866473 -0.015047
v -0.232976 0.869582 -0.014733
v -0.230395 0.866166 -0.019419
v -0.227210 0.869282 -0.019480
v -0.229166 0.871652 -0.014115
v -0.225535 0.872337 -0.012807
v -0.235381 0.875167 -0.010685
v -0.244116 0.883779 -0.009098
v -0.230562 0.876286 -0.008733
v -0.235359 0.887571 -0.002125
v -0.241012 0.898587 -0.004435
v -0.229425 0.878917 -0.002051
v -0.230665 0.887318 0.003041
v -0.231479 0.903582 0.000170
v -0.250239 0.894005 -0.011952
v -0.244339 0.908720 -0.007535
v -0.252899 0.905098 -0.015416
v -0.246089 0.918376 -0.011430
v -0.234604 0.912240 -0.003274
v -0.237112 0.921012 -0.007787
v -0.238528 0.929169 -0.012677
v -0.246349 0.926851 -0.015504
v -0.230383 0.930488 -0.013605
v -0.253936 0.925592 -0.019542
v -0.260621 0.925817 -0.026708
v -0.252823 0.932254 -0.020914
v -0.254302 0.915994 -0.017506
v -0.261139 0.914483 -0.026014
v -0.261061 0.902157 -0.024577
v -0.266922 0.913565 -0.035520
v -0.267352 0.900677 -0.034877
v -0.269355 0.912844 -0.044917
v -0.266562 0.925804 -0.038794
v -0.264462 0.938293 -0.038141
v -0.267658 0.929673 -0.052638
v -0.268789 0.920361 -0.045532
v -0.268749 0.921882 -0.053230
v -0.267925 0.922237 -0.061150
v -0.269388 0.913585 -0.054135
v -0.268158 0.915236 -0.063282
v -0.269402 0.901853 -0.055561
v -0.268291 0.903736 -0.065307
v -0.269518 0.901061 -0.045424
v -0.268631 0.885448 -0.057647
v -0.268339 0.875665 -0.055166
v -0.267958 0.875256 -0.059129
v -0.268105 0.876663 -0.062752
v -0.268161 0.890294 -0.067264
v -0.269128 0.887491 -0.046724
v -0.268761 0.876334 -0.048099
v -0.267201 0.883918 -0.035598
v -0.259560 0.887583 -0.021546
v -0.265754 0.874542 -0.032020
v -0.267487 0.874594 -0.041040
v -0.266739 0.873616 -0.036716
v -0.265110 0.863601 -0.037256
v -0.265007 0.863410 -0.031560
v -0.262012 0.853452 -0.037666
v -0.266144 0.863874 -0.042319
v -0.262950 0.853265 -0.040474
v -0.268952 0.867412 -0.049231
v -0.267113 0.860046 -0.044146
v -0.264213 0.852327 -0.042412
v -0.267879 0.856704 -0.045826
v -0.269180 0.861443 -0.049560
v -0.269325 0.857460 -0.049878
v -0.268647 0.859000 -0.055055
v -0.268408 0.864762 -0.056618
v -0.268945 0.855622 -0.053780
v -0.266384 0.852124 -0.058255
v -0.262242 0.844815 -0.059353
v -0.265379 0.854433 -0.060344
v -0.267212 0.850378 -0.056059
v -0.267676 0.849212 -0.053524
v -0.264655 0.843066 -0.057164
v -0.261855 0.834731 -0.057299
v -0.265974 0.842481 -0.054012
v -0.266467 0.842457 -0.050467
v -0.264074 0.834987 -0.054169
v -0.264789 0.835091 -0.050459
v -0.263313 0.826669 -0.054146
v -0.263990 0.826835 -0.050195
v -0.262739 0.817340 -0.054064
v -0.260917 0.826378 -0.057381
v -0.260555 0.817177 -0.057383
v -0.257301 0.825896 -0.059792
v -0.256999 0.816891 -0.059713
v -0.258568 0.833740 -0.059843
v -0.253123 0.825272 -0.060700
v -0.252900 0.816445 -0.060442
v -0.248647 0.824527 -0.060391
v -0.254374 0.832602 -0.061429
v -0.260189 0.846443 -0.061294
v -0.253233 0.838179 -0.062697
v -0.248848 0.831080 -0.061413
v -0.249449 0.836816 -0.062435
v -0.243491 0.830627 -0.059363
v -0.241581 0.829493 -0.055639
v -0.238362 0.835505 -0.058398
v -0.244713 0.836290 -0.062564
v -0.244780 0.823783 -0.058529
v -0.245558 0.815489 -0.058006
v -0.242445 0.823250 -0.055472
v -0.243230 0.815133 -0.055081
v -0.241553 0.823051 -0.051510
v -0.242302 0.815007 -0.051298
v -0.242142 0.823263 -0.047535
v -0.240870 0.829348 -0.051602
v -0.241328 0.829573 -0.047531
v -0.237701 0.835071 -0.051608
v -0.238057 0.835193 -0.055273
v -0.235012 0.837932 -0.051770
v -0.237581 0.835179 -0.047881
v -0.237452 0.835413 -0.044656
v -0.234826 0.837794 -0.048245
v -0.232705 0.840665 -0.045152
v -0.232738 0.839486 -0.040348
v -0.230650 0.848250 -0.043756
v -0.233042 0.841727 -0.051972
v -0.231648 0.850618 -0.052092
v -0.233659 0.841582 -0.058654
v -0.234842 0.841287 -0.062530
v -0.231638 0.851694 -0.062082
v -0.235304 0.837915 -0.055255
v -0.233398 0.844504 -0.066867
v -0.231282 0.856568 -0.072340
v -0.231913 0.861891 -0.061367
v -0.232951 0.870771 -0.060491
v -0.230823 0.859075 -0.051335
v -0.232255 0.865340 -0.071844
v -0.232875 0.873849 -0.071781
v -0.232618 0.868266 -0.082417
v -0.233021 0.876203 -0.083714
v -0.231985 0.860051 -0.082497
v -0.233186 0.870267 -0.090596
v -0.233049 0.865655 -0.092283
v -0.236496 0.876864 -0.095746
v -0.236267 0.887289 -0.094753
v -0.246535 0.879539 -0.100269
v -0.237576 0.869579 -0.099054
v -0.246596 0.871863 -0.101848
v -0.237993 0.862413 -0.100646
v -0.245976 0.864710 -0.102747
v -0.240709 0.857226 -0.102269
v -0.235961 0.857633 -0.098198
v -0.233397 0.861218 -0.093650
v -0.232944 0.855849 -0.087490
v -0.234026 0.857341 -0.094289
v -0.233726 0.855585 -0.091026
v -0.235189 0.853660 -0.094143
v -0.235906 0.854559 -0.096926
v -0.236858 0.849280 -0.093725
v -0.235320 0.852248 -0.090796
v -0.238063 0.847899 -0.090137
v -0.235925 0.850397 -0.087739
v -0.241120 0.847477 -0.087030
v -0.236451 0.846321 -0.084345
v -0.242386 0.846955 -0.083600
v -0.235976 0.843230 -0.080591
v -0.233423 0.850555 -0.083768
v -0.232695 0.850572 -0.079557
v -0.232177 0.848261 -0.073112
v -0.234001 0.845455 -0.076508
v -0.233740 0.844697 -0.073439
v -0.235858 0.842112 -0.077272
v -0.240189 0.837825 -0.077852
v -0.235994 0.841191 -0.073619
v -0.239889 0.836959 -0.073981
v -0.237391 0.840555 -0.069728
v -0.241130 0.836422 -0.070185
v -0.237888 0.839283 -0.066448
v -0.234488 0.843097 -0.069906
v -0.243750 0.836559 -0.066364
v -0.239256 0.838662 -0.062266
v -0.249142 0.835957 -0.064276
v -0.244581 0.831784 -0.066958
v -0.248538 0.832401 -0.064858
v -0.244853 0.825730 -0.066986
v -0.242100 0.831495 -0.070180
v -0.242640 0.825392 -0.070103
v -0.241138 0.831705 -0.073951
v -0.241934 0.825411 -0.073720
v -0.241673 0.832265 -0.077583
v -0.243484 0.833128 -0.080663
v -0.242573 0.825737 -0.077195
v -0.244396 0.826313 -0.080164
v -0.243135 0.822148 -0.077087
v -0.243713 0.817765 -0.076966
v -0.242485 0.821890 -0.073664
v -0.244933 0.822506 -0.080017
v -0.247604 0.822889 -0.081947
v -0.245460 0.818031 -0.079859
v -0.248038 0.818342 -0.081835
v -0.245883 0.813356 -0.079700
v -0.248429 0.813637 -0.081638
v -0.246167 0.807187 -0.079465
v -0.244114 0.813154 -0.076890
v -0.243368 0.813037 -0.073622
v -0.244290 0.806979 -0.076783
v -0.244884 0.800531 -0.076484
v -0.243453 0.806886 -0.073599
v -0.244002 0.800475 -0.073446
v -0.243847 0.806890 -0.070234
v -0.244324 0.800513 -0.070248
v -0.245701 0.807035 -0.067281
v -0.243770 0.812987 -0.070097
v -0.243499 0.817514 -0.070067
v -0.245630 0.813072 -0.067010
v -0.248664 0.813294 -0.065006
v -0.245458 0.817561 -0.066943
v -0.245218 0.821839 -0.066965
v -0.248538 0.817728 -0.064873
v -0.252282 0.818042 -0.064539
v -0.248385 0.822020 -0.064864
v -0.252200 0.822357 -0.064512
v -0.248207 0.826329 -0.064921
v -0.252282 0.827152 -0.064657
v -0.253081 0.833378 -0.064771
v -0.255925 0.827924 -0.065773
v -0.258911 0.828616 -0.068030
v -0.256558 0.834362 -0.066053
v -0.255815 0.822716 -0.065552
v -0.255798 0.818391 -0.065571
v -0.258711 0.823093 -0.067824
v -0.258617 0.818756 -0.067817
v -0.260351 0.823406 -0.071011
v -0.260188 0.819020 -0.070971
v -0.260550 0.823607 -0.074813
v -0.260675 0.829126 -0.071142
v -0.260895 0.829372 -0.074891
v -0.261096 0.836047 -0.071378
v -0.261366 0.836536 -0.074990
v -0.261442 0.841985 -0.071583
v -0.259342 0.835317 -0.068343
v -0.259833 0.841176 -0.068620
v -0.257579 0.839626 -0.066215
v -0.262694 0.848142 -0.068823
v -0.261409 0.847964 -0.066481
v -0.263517 0.848190 -0.071822
v -0.265631 0.854216 -0.068594
v -0.265645 0.853676 -0.071451
v -0.267778 0.859812 -0.069357
v -0.265216 0.854912 -0.066289
v -0.264718 0.855384 -0.064496
v -0.267855 0.862865 -0.066765
v -0.267378 0.866132 -0.064591
v -0.268198 0.866057 -0.071457
v -0.267534 0.870672 -0.070418
v -0.266459 0.863980 -0.076697
v -0.267978 0.861711 -0.072578
v -0.267282 0.858633 -0.073231
v -0.266700 0.860523 -0.076042
v -0.266596 0.858613 -0.075372
v -0.264281 0.856717 -0.078378
v -0.264891 0.855013 -0.076553
v -0.263393 0.858999 -0.080004
v -0.261074 0.850758 -0.079911
v -0.262665 0.849558 -0.077593
v -0.257746 0.843390 -0.080515
v -0.258925 0.851918 -0.081880
v -0.254307 0.843462 -0.082227
v -0.256535 0.853353 -0.082626
v -0.255338 0.855700 -0.083510
v -0.250267 0.843525 -0.083407
v -0.262310 0.861025 -0.081541
v -0.261299 0.862137 -0.083547
v -0.265308 0.869388 -0.077374
v -0.266075 0.879454 -0.075468
v -0.263857 0.870445 -0.081364
v -0.263389 0.871513 -0.085267
v -0.264943 0.879565 -0.079196
v -0.264101 0.881476 -0.082524
v -0.265293 0.889464 -0.077343
v -0.260470 0.895746 -0.085598
v -0.265052 0.905588 -0.074790
v -0.259564 0.908117 -0.083390
v -0.264861 0.917963 -0.072338
v -0.258518 0.920279 -0.081239
v -0.265200 0.928821 -0.067003
v -0.257388 0.931537 -0.078785
v -0.263739 0.940478 -0.065928
v -0.256202 0.941927 -0.076884
v -0.263928 0.950303 -0.065478
v -0.266532 0.939481 -0.051823
v -0.266435 0.949773 -0.051526
v -0.266831 0.963870 -0.052176
v -0.263930 0.949774 -0.038531
v -0.264114 0.964553 -0.039474
v -0.267181 0.981757 -0.053799
v -0.264769 0.963511 -0.065914
v -0.264470 0.980960 -0.067239
v -0.257599 0.963384 -0.077279
v -0.257238 0.980195 -0.078496
v -0.246076 0.963251 -0.082022
v -0.256523 0.951001 -0.076456
v -0.245191 0.951362 -0.080905
v -0.234205 0.950838 -0.078855
v -0.245304 0.942585 -0.081774
v -0.247542 0.932756 -0.085068
v -0.232842 0.941189 -0.080016
v -0.225801 0.941188 -0.070160
v -0.226827 0.935331 -0.078959
v -0.236750 0.932160 -0.086449
v -0.239542 0.921768 -0.090650
v -0.227783 0.929418 -0.083103
v -0.229867 0.919908 -0.087014
v -0.222989 0.926215 -0.075079
v -0.224593 0.917192 -0.077753
v -0.223499 0.933468 -0.071669
v -0.222481 0.923255 -0.067606
v -0.223061 0.927566 -0.061025
v -0.224237 0.915495 -0.067190
v -0.228012 0.904951 -0.067743
v -0.224992 0.914841 -0.057513
v -0.229034 0.902718 -0.056310
v -0.223787 0.913188 -0.048276
v -0.223040 0.925131 -0.050538
v -0.224298 0.935971 -0.049246
v -0.224875 0.948305 -0.051999
v -0.224207 0.938677 -0.059795
v -0.225050 0.948861 -0.061094
v -0.223446 0.962330 -0.063852
v -0.227521 0.949910 -0.070934
v -0.226978 0.962539 -0.073055
v -0.224806 0.978913 -0.076024
v -0.234729 0.962928 -0.080181
v -0.233765 0.979134 -0.082447
v -0.245686 0.979610 -0.083571
v -0.220107 0.979075 -0.066929
v -0.219094 0.979668 -0.057589
v -0.222875 0.962601 -0.054814
v -0.220353 0.980610 -0.049134
v -0.223611 0.963358 -0.046715
v -0.223002 0.981716 -0.041478
v -0.225337 0.964405 -0.039204
v -0.227139 0.982891 -0.034649
v -0.228387 0.965666 -0.032552
v -0.233004 0.983998 -0.028940
v -0.233238 0.966862 -0.026950
v -0.226639 0.950106 -0.036218
v -0.225290 0.949002 -0.043741
v -0.232092 0.890876 -0.057494
v -0.230940 0.893662 -0.069290
v -0.233260 0.880176 -0.059234
v -0.232569 0.883143 -0.070938
v -0.232042 0.885432 -0.083606
v -0.229959 0.895698 -0.082083
v -0.234361 0.897714 -0.093053
v -0.227300 0.906669 -0.079948
v -0.232085 0.908924 -0.090394
v -0.241849 0.910368 -0.094211
v -0.251890 0.909958 -0.090560
v -0.243866 0.898863 -0.096964
v -0.253527 0.898284 -0.092790
v -0.245626 0.888489 -0.098768
v -0.254828 0.887878 -0.094660
v -0.255424 0.879293 -0.096437
v -0.261045 0.885313 -0.088056
v -0.261160 0.876931 -0.090254
v -0.261000 0.871094 -0.093885
v -0.255141 0.871372 -0.099361
v -0.262902 0.867025 -0.090074
v -0.260949 0.866689 -0.095505
v -0.260164 0.863289 -0.095994
v -0.258085 0.866683 -0.098695
v -0.261939 0.864211 -0.092590
v -0.260860 0.862473 -0.093996
v -0.260523 0.860370 -0.090741
v -0.259901 0.859740 -0.093330
v -0.257992 0.855665 -0.089708
v -0.260757 0.861449 -0.088181
v -0.256287 0.856217 -0.087268
v -0.260976 0.862371 -0.085765
v -0.255434 0.856012 -0.085587
v -0.249731 0.849308 -0.085686
v -0.252819 0.849833 -0.087600
v -0.245393 0.847225 -0.085568
v -0.249239 0.850015 -0.083419
v -0.248674 0.843933 -0.086807
v -0.245025 0.843596 -0.086841
v -0.248609 0.838935 -0.087087
v -0.251943 0.844213 -0.087962
v -0.251654 0.838902 -0.088223
v -0.254565 0.844508 -0.090087
v -0.254024 0.838900 -0.090311
v -0.255256 0.850214 -0.089806
v -0.256053 0.844812 -0.092895
v -0.255333 0.839019 -0.093110
v -0.256165 0.845185 -0.096157
v -0.256646 0.850492 -0.092667
v -0.258459 0.855456 -0.092838
v -0.256961 0.850818 -0.095932
v -0.255345 0.851448 -0.098791
v -0.257959 0.855822 -0.095986
v -0.259026 0.860001 -0.096017
v -0.256580 0.856361 -0.099029
v -0.253862 0.857491 -0.101293
v -0.257686 0.860769 -0.098644
v -0.255362 0.862772 -0.100636
v -0.258834 0.863674 -0.097947
v -0.251280 0.864763 -0.102199
v -0.249936 0.858489 -0.102325
v -0.249337 0.852586 -0.102379
v -0.245819 0.858380 -0.102729
v -0.245820 0.852722 -0.102748
v -0.241888 0.852262 -0.102548
v -0.245659 0.847012 -0.102884
v -0.249107 0.846655 -0.102571
v -0.245702 0.841197 -0.102663
v -0.242324 0.847150 -0.102204
v -0.242500 0.841506 -0.101965
v -0.239679 0.846874 -0.100364
v -0.239948 0.841455 -0.100220
v -0.238092 0.846067 -0.097332
v -0.239143 0.851595 -0.100620
v -0.237219 0.850583 -0.097438
v -0.237755 0.855400 -0.099990
v -0.238443 0.840898 -0.097385
v -0.237469 0.845081 -0.093827
v -0.239448 0.844236 -0.090722
v -0.238617 0.840030 -0.093926
v -0.239512 0.835395 -0.093670
v -0.240030 0.839369 -0.090827
v -0.242246 0.838931 -0.088517
v -0.240795 0.834869 -0.090700
v -0.241811 0.831099 -0.090283
v -0.242926 0.834596 -0.088419
v -0.243876 0.830992 -0.088091
v -0.245744 0.834546 -0.087090
v -0.246625 0.831047 -0.086884
v -0.248819 0.834650 -0.087209
v -0.245257 0.838856 -0.087066
v -0.249606 0.831246 -0.087137
v -0.251605 0.834704 -0.088379
v -0.252279 0.831461 -0.088372
v -0.253782 0.834800 -0.090399
v -0.254258 0.831652 -0.090477
v -0.254868 0.834843 -0.093211
v -0.255142 0.831771 -0.093285
v -0.254719 0.834945 -0.096437
v -0.254823 0.831833 -0.096428
v -0.255317 0.839327 -0.096349
v -0.253658 0.835195 -0.099297
v -0.253711 0.831979 -0.099219
v -0.251449 0.835570 -0.101354
v -0.254215 0.839759 -0.099236
v -0.251893 0.840280 -0.101293
v -0.254898 0.845672 -0.099052
v -0.252313 0.846169 -0.101171
v -0.252645 0.852080 -0.100924
v -0.248871 0.840832 -0.102575
v -0.248644 0.836007 -0.102505
v -0.248826 0.832250 -0.102298
v -0.245698 0.836293 -0.102461
v -0.246089 0.832264 -0.102115
v -0.242922 0.836354 -0.101372
v -0.243373 0.832291 -0.101036
v -0.240601 0.836280 -0.099544
v -0.241200 0.832218 -0.099208
v -0.239302 0.835914 -0.096828
v -0.240075 0.831854 -0.096505
v -0.240396 0.831423 -0.093385
v -0.240500 0.827534 -0.096386
v -0.241194 0.827070 -0.092905
v -0.241722 0.821995 -0.095681
v -0.241573 0.827908 -0.098993
v -0.243894 0.827940 -0.100502
v -0.242936 0.822264 -0.098282
v -0.243639 0.817235 -0.098100
v -0.244909 0.822596 -0.100128
v -0.245579 0.817503 -0.099826
v -0.247399 0.822925 -0.101171
v -0.249974 0.823163 -0.101295
v -0.248002 0.817769 -0.100766
v -0.246568 0.828062 -0.101681
v -0.249317 0.828187 -0.101802
v -0.251766 0.828362 -0.101071
v -0.251523 0.832129 -0.101217
v -0.252476 0.823314 -0.100369
v -0.254061 0.828385 -0.098979
v -0.255142 0.828319 -0.096303
v -0.254504 0.823389 -0.098637
v -0.255569 0.823354 -0.096152
v -0.254750 0.818177 -0.098288
v -0.255773 0.818169 -0.095936
v -0.254899 0.813751 -0.098070
v -0.252819 0.818108 -0.099932
v -0.250452 0.817970 -0.100838
v -0.252962 0.813673 -0.099691
v -0.253166 0.809417 -0.099608
v -0.250653 0.813556 -0.100581
v -0.250799 0.809274 -0.100508
v -0.248299 0.813392 -0.100503
v -0.248399 0.809104 -0.100405
v -0.246048 0.813175 -0.099543
v -0.246165 0.808904 -0.099372
v -0.244274 0.812961 -0.097830
v -0.244437 0.808721 -0.097585
v -0.243196 0.812795 -0.095418
v -0.243398 0.808614 -0.095135
v -0.243317 0.812749 -0.092725
v -0.242435 0.817007 -0.095589
v -0.242529 0.816922 -0.092771
v -0.241849 0.821887 -0.092798
v -0.243644 0.816981 -0.090143
v -0.245622 0.817149 -0.088146
v -0.243053 0.821930 -0.090125
v -0.244310 0.812829 -0.090182
v -0.244563 0.808715 -0.089902
v -0.246106 0.812992 -0.088215
v -0.246365 0.808884 -0.087955
v -0.248579 0.813195 -0.087214
v -0.248834 0.809082 -0.086990
v -0.251309 0.813410 -0.087522
v -0.248236 0.817382 -0.087171
v -0.251071 0.817645 -0.087560
v -0.247821 0.822370 -0.087115
v -0.250682 0.822674 -0.087502
v -0.247265 0.827219 -0.086916
v -0.245139 0.822100 -0.088103
v -0.244524 0.827046 -0.088034
v -0.242404 0.827002 -0.090156
v -0.250261 0.827500 -0.087218
v -0.252876 0.827812 -0.088518
v -0.254701 0.828046 -0.090630
v -0.253175 0.822908 -0.088786
v -0.253489 0.817864 -0.088818
v -0.255005 0.823093 -0.090833
v -0.255835 0.823254 -0.093354
v -0.255271 0.818033 -0.090818
v -0.256052 0.818133 -0.093249
v -0.255505 0.813708 -0.090644
v -0.256255 0.813766 -0.093060
v -0.255769 0.809522 -0.090492
v -0.253723 0.813584 -0.088705
v -0.253974 0.809419 -0.088530
v -0.251554 0.809276 -0.087322
v -0.254050 0.804686 -0.088188
v -0.251708 0.804594 -0.086984
v -0.253718 0.799758 -0.087881
v -0.255672 0.804742 -0.090240
v -0.256390 0.804748 -0.092668
v -0.255132 0.799747 -0.089945
v -0.255803 0.799732 -0.092292
v -0.254363 0.795226 -0.089811
v -0.254960 0.795063 -0.092002
v -0.253011 0.795351 -0.088029
v -0.253783 0.793543 -0.089974
v -0.252337 0.793482 -0.088528
v -0.252914 0.792310 -0.090380
v -0.254170 0.793100 -0.092074
v -0.253916 0.792979 -0.093973
v -0.252896 0.791723 -0.091964
v -0.251073 0.791095 -0.091267
v -0.252539 0.791544 -0.093670
v -0.250560 0.790803 -0.093340
v -0.252001 0.791701 -0.095296
v -0.251167 0.792316 -0.096658
v -0.253154 0.793116 -0.095726
v -0.249996 0.791060 -0.095234
v -0.248144 0.791308 -0.094830
v -0.249642 0.792075 -0.096854
v -0.248067 0.792295 -0.096535
v -0.249730 0.793525 -0.098036
v -0.250007 0.795391 -0.098783
v -0.251654 0.793606 -0.097372
v -0.247948 0.793678 -0.097864
v -0.246375 0.793943 -0.097118
v -0.247899 0.795496 -0.098762
v -0.248164 0.799688 -0.099583
v -0.246057 0.795679 -0.097819
v -0.246059 0.799667 -0.098598
v -0.244672 0.795863 -0.096187
v -0.244388 0.799667 -0.096817
v -0.243923 0.795929 -0.094024
v -0.245026 0.794421 -0.095756
v -0.245591 0.793269 -0.095207
v -0.244543 0.794264 -0.093736
v -0.244869 0.794296 -0.091824
v -0.245461 0.792908 -0.093671
v -0.246645 0.791900 -0.094164
v -0.245799 0.792925 -0.092060
v -0.246958 0.791773 -0.092468
v -0.246379 0.793007 -0.090505
v -0.247243 0.793370 -0.089232
v -0.245619 0.794345 -0.090044
v -0.247609 0.791970 -0.090713
v -0.249208 0.791349 -0.090883
v -0.248562 0.792748 -0.089039
v -0.250045 0.792342 -0.089148
v -0.248830 0.794015 -0.087912
v -0.250599 0.793699 -0.087914
v -0.248873 0.795748 -0.087192
v -0.246974 0.794514 -0.088537
v -0.246814 0.795944 -0.088053
v -0.246671 0.799770 -0.087526
v -0.245173 0.795979 -0.089593
v -0.244682 0.799736 -0.089232
v -0.244197 0.795945 -0.091721
v -0.243503 0.799698 -0.091688
v -0.243377 0.804205 -0.092005
v -0.243312 0.799679 -0.094351
v -0.243216 0.804186 -0.094739
v -0.244318 0.804230 -0.097242
v -0.246080 0.804317 -0.099053
v -0.248342 0.804427 -0.100085
v -0.250752 0.804532 -0.100130
v -0.250442 0.799725 -0.099496
v -0.253074 0.804628 -0.099116
v -0.252593 0.799748 -0.098334
v -0.255044 0.804697 -0.097469
v -0.256146 0.804734 -0.095236
v -0.254480 0.799731 -0.096714
v -0.255191 0.809529 -0.097982
v -0.256296 0.809570 -0.095637
v -0.255934 0.813764 -0.095745
v -0.256575 0.809572 -0.092937
v -0.255590 0.799715 -0.094669
v -0.253763 0.795116 -0.096213
v -0.252010 0.795308 -0.097785
v -0.254759 0.795003 -0.094239
v -0.243559 0.808614 -0.092437
v -0.244511 0.804271 -0.089462
v -0.246486 0.804369 -0.087620
v -0.249013 0.804486 -0.086721
v -0.249086 0.799776 -0.086653
v -0.251587 0.799768 -0.086753
v -0.251025 0.795521 -0.087145
v -0.251627 0.792073 -0.089558
v -0.248459 0.791045 -0.092932
v -0.246689 0.792664 -0.095975
v -0.255499 0.828225 -0.093303
v -0.241821 0.843656 -0.088302
v -0.245884 0.847691 -0.083586
v -0.245955 0.841730 -0.083017
v -0.241730 0.839856 -0.081499
v -0.246504 0.834169 -0.082514
v -0.250239 0.835160 -0.082805
v -0.247136 0.827033 -0.082080
v -0.250547 0.827798 -0.082611
v -0.254003 0.828455 -0.082153
v -0.250930 0.823240 -0.082534
v -0.254234 0.823493 -0.082142
v -0.251249 0.818651 -0.082470
v -0.254416 0.818896 -0.082055
v -0.251556 0.813951 -0.082239
v -0.254604 0.814230 -0.081763
v -0.251811 0.807835 -0.081597
v -0.254743 0.808160 -0.081056
v -0.252390 0.801354 -0.080997
v -0.248721 0.807492 -0.081200
v -0.249425 0.800996 -0.080642
v -0.246879 0.800707 -0.079033
v -0.250321 0.794992 -0.080211
v -0.250568 0.789720 -0.080021
v -0.247995 0.794852 -0.078606
v -0.253093 0.795252 -0.080598
v -0.255832 0.795537 -0.080015
v -0.253419 0.789730 -0.080447
v -0.252747 0.783752 -0.080178
v -0.256238 0.789775 -0.079850
v -0.258763 0.789967 -0.078319
v -0.255511 0.783463 -0.079511
v -0.258148 0.783388 -0.077819
v -0.254741 0.777307 -0.079121
v -0.257114 0.777040 -0.077217
v -0.254651 0.773310 -0.078782
v -0.252058 0.777681 -0.079886
v -0.249291 0.778161 -0.079394
v -0.252129 0.773632 -0.079549
v -0.249726 0.774070 -0.078924
v -0.252457 0.770673 -0.078225
v -0.250410 0.771122 -0.077882
v -0.254438 0.770459 -0.077869
v -0.252472 0.768477 -0.076225
v -0.254277 0.768239 -0.076114
v -0.252136 0.767604 -0.074045
v -0.250769 0.768948 -0.076006
v -0.250317 0.768312 -0.073869
v -0.249248 0.769789 -0.075512
v -0.248773 0.769524 -0.073772
v -0.248063 0.772061 -0.076604
v -0.246972 0.772027 -0.074241
v -0.247301 0.774782 -0.077353
v -0.245812 0.774981 -0.074878
v -0.246866 0.778651 -0.077809
v -0.245244 0.779001 -0.075347
v -0.247480 0.784418 -0.078120
v -0.245710 0.784739 -0.075618
v -0.249891 0.784092 -0.079730
v -0.248196 0.789859 -0.078358
v -0.246509 0.789915 -0.075858
v -0.245749 0.789984 -0.072922
v -0.246365 0.794774 -0.076145
v -0.245563 0.794726 -0.073233
v -0.245295 0.794805 -0.070158
v -0.245850 0.790020 -0.069895
v -0.246860 0.794907 -0.067430
v -0.247735 0.789919 -0.067217
v -0.249756 0.795106 -0.065534
v -0.246067 0.800689 -0.067412
v -0.248884 0.800999 -0.065521
v -0.248645 0.807322 -0.065355
v -0.252324 0.801412 -0.065117
v -0.252828 0.795444 -0.064994
v -0.252206 0.807737 -0.065043
v -0.255597 0.801817 -0.065837
v -0.258292 0.802139 -0.067643
v -0.255529 0.808141 -0.065889
v -0.255992 0.795786 -0.065613
v -0.256405 0.790298 -0.065318
v -0.258646 0.796044 -0.067330
v -0.260268 0.796172 -0.069926
v -0.259066 0.790444 -0.067036
v -0.260773 0.790433 -0.069623
v -0.258990 0.784184 -0.066741
v -0.260629 0.783975 -0.069293
v -0.256079 0.784158 -0.064954
v -0.257454 0.777427 -0.066566
v -0.257266 0.773564 -0.066598
v -0.259223 0.777021 -0.069045
v -0.254940 0.777906 -0.064820
v -0.252298 0.778381 -0.064176
v -0.254838 0.773858 -0.064995
v -0.252400 0.774279 -0.064553
v -0.254617 0.770929 -0.065840
v -0.256888 0.770832 -0.067007
v -0.252640 0.771299 -0.065637
v -0.254412 0.768544 -0.067512
v -0.254479 0.767358 -0.069603
v -0.256086 0.768651 -0.068040
v -0.252625 0.768917 -0.067504
v -0.252223 0.767803 -0.069449
v -0.250953 0.769463 -0.067799
v -0.249428 0.770292 -0.068355
v -0.250402 0.768549 -0.069750
v -0.250616 0.771805 -0.066083
v -0.249884 0.774788 -0.065173
v -0.248246 0.772657 -0.067433
v -0.247006 0.772316 -0.069774
v -0.247420 0.775371 -0.066846
v -0.247144 0.779081 -0.066625
v -0.245789 0.775302 -0.069344
v -0.245224 0.779269 -0.069178
v -0.245390 0.775175 -0.072096
v -0.246750 0.772198 -0.071994
v -0.244720 0.779203 -0.072258
v -0.245081 0.784869 -0.072568
v -0.245516 0.784898 -0.069464
v -0.247449 0.784648 -0.066808
v -0.250016 0.784524 -0.064970
v -0.253035 0.784354 -0.064355
v -0.250220 0.790002 -0.065283
v -0.249703 0.778768 -0.064875
v -0.253272 0.790118 -0.064703
v -0.248688 0.769647 -0.071866
v -0.250163 0.768331 -0.071740
v -0.248848 0.769779 -0.070019
v -0.251904 0.767497 -0.071648
v -0.254331 0.767117 -0.071678
v -0.254399 0.767267 -0.073869
v -0.256610 0.767849 -0.071769
v -0.256450 0.767930 -0.073764
v -0.256537 0.767918 -0.069775
v -0.258433 0.769965 -0.071828
v -0.259355 0.772799 -0.071872
v -0.258211 0.770072 -0.069491
v -0.258026 0.770060 -0.074120
v -0.256736 0.770602 -0.076562
v -0.258721 0.772880 -0.074560
v -0.257057 0.773256 -0.077028
v -0.258914 0.776851 -0.074851
v -0.260437 0.783773 -0.075426
v -0.259685 0.776847 -0.071995
v -0.260976 0.783737 -0.072419
v -0.261298 0.790406 -0.072848
v -0.260715 0.790312 -0.075888
v -0.260699 0.796161 -0.073155
v -0.260109 0.796049 -0.076146
v -0.260275 0.802335 -0.073602
v -0.259628 0.802235 -0.076610
v -0.260007 0.808753 -0.074090
v -0.259895 0.802315 -0.070312
v -0.259741 0.808695 -0.070677
v -0.258216 0.808483 -0.067858
v -0.260056 0.814584 -0.070907
v -0.258528 0.814361 -0.067868
v -0.260249 0.814679 -0.074537
v -0.259427 0.814643 -0.077780
v -0.260359 0.819171 -0.074731
v -0.259469 0.819186 -0.078066
v -0.259575 0.823696 -0.078182
v -0.257242 0.819078 -0.080603
v -0.257207 0.823643 -0.080719
v -0.257316 0.814472 -0.080281
v -0.257315 0.808446 -0.079594
v -0.257727 0.801994 -0.078981
v -0.259287 0.808675 -0.077180
v -0.255237 0.801693 -0.080435
v -0.258266 0.795816 -0.078532
v -0.257166 0.828987 -0.080700
v -0.257252 0.836403 -0.080610
v -0.259743 0.829344 -0.078212
v -0.260069 0.836667 -0.078167
v -0.260514 0.843118 -0.078018
v -0.261805 0.842482 -0.074954
v -0.263769 0.848684 -0.074909
v -0.265582 0.854149 -0.074244
v -0.253887 0.835891 -0.082146
v -0.255788 0.814025 -0.065709
v -0.252376 0.813655 -0.064711
v -0.255950 0.768515 -0.075528
v -0.258985 0.772978 -0.069132
v -0.249841 0.921712 -0.087949
v -0.267797 0.879175 -0.068946
v -0.267300 0.857774 -0.071076
v -0.267128 0.865315 -0.060713
v -0.264584 0.855074 -0.062538
v -0.258700 0.847265 -0.063231
v -0.259388 0.847559 -0.065004
v -0.254434 0.837812 -0.064424
v -0.243105 0.821780 -0.070087
v -0.243010 0.817595 -0.073634
v -0.231616 0.867422 -0.050215
v -0.229705 0.856133 -0.042199
v -0.230028 0.852922 -0.033415
v -0.230810 0.843898 -0.035690
v -0.234593 0.836322 -0.034417
v -0.231955 0.842589 -0.029554
v -0.232940 0.843568 -0.025016
v -0.233851 0.837437 -0.030037
v -0.237891 0.831732 -0.030465
v -0.234070 0.839044 -0.025149
v -0.236655 0.832840 -0.026166
v -0.235285 0.840620 -0.021169
v -0.237085 0.834043 -0.021853
v -0.238297 0.842466 -0.017929
v -0.234422 0.844892 -0.021562
v -0.239463 0.835338 -0.018228
v -0.242723 0.836393 -0.015743
v -0.239839 0.827967 -0.018269
v -0.242997 0.828745 -0.015767
v -0.240206 0.820290 -0.018203
v -0.237681 0.826987 -0.021931
v -0.237639 0.826171 -0.026122
v -0.238361 0.819687 -0.021739
v -0.238398 0.819192 -0.025732
v -0.239454 0.813405 -0.021562
v -0.239504 0.813064 -0.025279
v -0.240598 0.808185 -0.021559
v -0.241073 0.813845 -0.018221
v -0.241894 0.808362 -0.018376
v -0.243664 0.814194 -0.015741
v -0.244196 0.808504 -0.015870
v -0.246940 0.814354 -0.014310
v -0.243139 0.820908 -0.015719
v -0.246829 0.821300 -0.014407
v -0.250509 0.821298 -0.014472
v -0.246824 0.829282 -0.014525
v -0.250662 0.829526 -0.014760
v -0.254297 0.829465 -0.016506
v -0.253939 0.821049 -0.016010
v -0.257096 0.829187 -0.019078
v -0.256653 0.820720 -0.018561
v -0.258651 0.828729 -0.022578
v -0.258234 0.820274 -0.022096
v -0.258693 0.828272 -0.026367
v -0.258805 0.836724 -0.023033
v -0.258818 0.836283 -0.026649
v -0.260902 0.843201 -0.026622
v -0.257141 0.835834 -0.030074
v -0.260204 0.843404 -0.030137
v -0.254355 0.835243 -0.032990
v -0.256918 0.827747 -0.029807
v -0.253976 0.827167 -0.032476
v -0.256843 0.819522 -0.029429
v -0.258465 0.819862 -0.025959
v -0.256650 0.813432 -0.029031
v -0.253939 0.819231 -0.031961
v -0.250253 0.818953 -0.033419
v -0.253891 0.812967 -0.031474
v -0.254396 0.808286 -0.031205
v -0.250366 0.812596 -0.032809
v -0.250867 0.807961 -0.032431
v -0.246588 0.812468 -0.032974
v -0.247138 0.807904 -0.032448
v -0.243244 0.812574 -0.031448
v -0.246252 0.818656 -0.033727
v -0.246109 0.825717 -0.034527
v -0.242638 0.818533 -0.032266
v -0.239892 0.818745 -0.029419
v -0.242219 0.825305 -0.033054
v -0.239242 0.825492 -0.030034
v -0.240609 0.831546 -0.034640
v -0.242408 0.833302 -0.039171
v -0.245607 0.831785 -0.036224
v -0.246228 0.834048 -0.039073
v -0.250675 0.834660 -0.035604
v -0.249830 0.837111 -0.038743
v -0.256490 0.844565 -0.035339
v -0.250316 0.826518 -0.034099
v -0.255848 0.845145 -0.038264
v -0.262280 0.852728 -0.034401
v -0.258683 0.843745 -0.033173
v -0.262686 0.851450 -0.032041
v -0.262795 0.850299 -0.029205
v -0.264499 0.858200 -0.028466
v -0.263688 0.854520 -0.026260
v -0.262965 0.852594 -0.025070
v -0.262500 0.849525 -0.026264
v -0.257924 0.844837 -0.040832
v -0.252499 0.835211 -0.040791
v -0.260388 0.844786 -0.042716
v -0.256959 0.835440 -0.042172
v -0.263084 0.844270 -0.044067
v -0.260668 0.835614 -0.044157
v -0.265430 0.851310 -0.044203
v -0.265186 0.843142 -0.047016
v -0.263565 0.835406 -0.046963
v -0.266705 0.849869 -0.047018
v -0.267732 0.849105 -0.050354
v -0.268106 0.853987 -0.047470
v -0.268872 0.853997 -0.050123
v -0.268815 0.853365 -0.052668
v -0.262791 0.826904 -0.046496
v -0.262070 0.817394 -0.046142
v -0.259785 0.826753 -0.043629
v -0.256000 0.826396 -0.041734
v -0.259157 0.817240 -0.043232
v -0.255483 0.817014 -0.041452
v -0.258949 0.810201 -0.042816
v -0.261795 0.810516 -0.045780
v -0.259126 0.805171 -0.042851
v -0.255475 0.809837 -0.041164
v -0.251790 0.809488 -0.041048
v -0.255717 0.804884 -0.041243
v -0.252057 0.804613 -0.041155
v -0.255903 0.799903 -0.041527
v -0.252349 0.799748 -0.041449
v -0.256141 0.793300 -0.041979
v -0.259273 0.800055 -0.043086
v -0.262017 0.800152 -0.045889
v -0.259447 0.793473 -0.043400
v -0.259746 0.786337 -0.043546
v -0.262127 0.793573 -0.046065
v -0.263255 0.793542 -0.049698
v -0.262352 0.786391 -0.046050
v -0.262578 0.780416 -0.045909
v -0.263469 0.786316 -0.049501
v -0.263675 0.780320 -0.049391
v -0.263244 0.786146 -0.053224
v -0.263395 0.780193 -0.053131
v -0.263061 0.793397 -0.053552
v -0.261535 0.785947 -0.056312
v -0.261643 0.779991 -0.056211
v -0.258701 0.785749 -0.058449
v -0.261357 0.793173 -0.056735
v -0.261248 0.799780 -0.057027
v -0.258428 0.792898 -0.058934
v -0.258238 0.799481 -0.059367
v -0.254884 0.792666 -0.059698
v -0.251316 0.792538 -0.059271
v -0.254600 0.799234 -0.060157
v -0.255300 0.785587 -0.059217
v -0.255590 0.779573 -0.058960
v -0.251950 0.785472 -0.058836
v -0.252483 0.779453 -0.058504
v -0.249010 0.785435 -0.057342
v -0.246913 0.785462 -0.054905
v -0.249781 0.779383 -0.056998
v -0.248162 0.792510 -0.057657
v -0.246001 0.792550 -0.055057
v -0.247695 0.799174 -0.057710
v -0.245605 0.799249 -0.054947
v -0.247139 0.804077 -0.057678
v -0.250925 0.799133 -0.059567
v -0.250274 0.804167 -0.059644
v -0.249629 0.809169 -0.059692
v -0.254018 0.804344 -0.060345
v -0.253393 0.809457 -0.060405
v -0.257829 0.804738 -0.059612
v -0.260956 0.805097 -0.057253
v -0.257290 0.809895 -0.059720
v -0.260611 0.810306 -0.057389
v -0.262608 0.810531 -0.053951
v -0.262813 0.805339 -0.053825
v -0.262950 0.810636 -0.049731
v -0.263231 0.817413 -0.049971
v -0.263053 0.805426 -0.049657
v -0.263200 0.800150 -0.049666
v -0.261906 0.805380 -0.045758
v -0.263010 0.800015 -0.053690
v -0.246406 0.809018 -0.057714
v -0.248980 0.815952 -0.059872
v -0.244286 0.808792 -0.054828
v -0.245084 0.804008 -0.054837
v -0.243418 0.808725 -0.051163
v -0.244198 0.804040 -0.051231
v -0.243727 0.808904 -0.047510
v -0.244376 0.804143 -0.047636
v -0.245609 0.809091 -0.044392
v -0.242844 0.815269 -0.047509
v -0.245002 0.815613 -0.044339
v -0.244457 0.823923 -0.044247
v -0.248058 0.816106 -0.042185
v -0.251630 0.816593 -0.041180
v -0.247921 0.824869 -0.042061
v -0.248397 0.809286 -0.042178
v -0.248685 0.804491 -0.042307
v -0.246049 0.804320 -0.044542
v -0.249052 0.799652 -0.042585
v -0.246454 0.799540 -0.044791
v -0.249495 0.792949 -0.043088
v -0.246872 0.792810 -0.045197
v -0.250041 0.785864 -0.043377
v -0.252672 0.793107 -0.041981
v -0.253144 0.786020 -0.042303
v -0.253504 0.780008 -0.042353
v -0.256526 0.786201 -0.042245
v -0.256796 0.780208 -0.042185
v -0.259970 0.780359 -0.043405
v -0.257097 0.773973 -0.042143
v -0.260301 0.774118 -0.043367
v -0.257512 0.766782 -0.042214
v -0.253790 0.773781 -0.042308
v -0.254238 0.766483 -0.042172
v -0.250903 0.773592 -0.043512
v -0.250611 0.779815 -0.043540
v -0.248625 0.773441 -0.045629
v -0.251236 0.766220 -0.043292
v -0.248836 0.766000 -0.045500
v -0.251828 0.759354 -0.043346
v -0.249497 0.759273 -0.045628
v -0.252628 0.755432 -0.043838
v -0.254678 0.759492 -0.042297
v -0.255113 0.755450 -0.042934
v -0.257692 0.759719 -0.042581
v -0.257790 0.755636 -0.043118
v -0.260460 0.759950 -0.044002
v -0.260488 0.755988 -0.044346
v -0.262624 0.760081 -0.046317
v -0.260537 0.767053 -0.043536
v -0.262869 0.767232 -0.045981
v -0.263953 0.767260 -0.049333
v -0.262959 0.774174 -0.045854
v -0.264077 0.774107 -0.049316
v -0.263713 0.773960 -0.053069
v -0.263618 0.767136 -0.052866
v -0.261827 0.773749 -0.056164
v -0.259020 0.773550 -0.058226
v -0.261794 0.766911 -0.055868
v -0.259174 0.766631 -0.057934
v -0.261459 0.759937 -0.055357
v -0.261318 0.755998 -0.055066
v -0.259082 0.759701 -0.057455
v -0.263290 0.760088 -0.052546
v -0.263653 0.760132 -0.049377
v -0.263004 0.755892 -0.052293
v -0.263304 0.755885 -0.049453
v -0.262330 0.752852 -0.051958
v -0.260837 0.750423 -0.051826
v -0.261015 0.753245 -0.054584
v -0.262484 0.752845 -0.049612
v -0.261898 0.752891 -0.047317
v -0.260856 0.750411 -0.049868
v -0.259101 0.749439 -0.050100
v -0.260458 0.750523 -0.047953
v -0.259683 0.751094 -0.046294
v -0.258732 0.749699 -0.048086
v -0.258006 0.750639 -0.046068
v -0.256666 0.749553 -0.048198
v -0.257010 0.749195 -0.050357
v -0.256176 0.750581 -0.046235
v -0.254502 0.749726 -0.048707
v -0.254396 0.750652 -0.046664
v -0.252539 0.750663 -0.049119
v -0.254698 0.749461 -0.050642
v -0.254819 0.749610 -0.052594
v -0.252580 0.750564 -0.050923
v -0.252822 0.750573 -0.052704
v -0.250438 0.752654 -0.051252
v -0.248880 0.755291 -0.051509
v -0.250851 0.752661 -0.053400
v -0.250516 0.752740 -0.049010
v -0.251359 0.753146 -0.046544
v -0.249087 0.755375 -0.048670
v -0.248023 0.759178 -0.048445
v -0.250337 0.755607 -0.045966
v -0.247749 0.759130 -0.051676
v -0.247354 0.765848 -0.048388
v -0.247312 0.773338 -0.048445
v -0.247209 0.765798 -0.051706
v -0.247345 0.773267 -0.051639
v -0.248114 0.765827 -0.054796
v -0.248210 0.773209 -0.054671
v -0.250229 0.765928 -0.057136
v -0.248589 0.759143 -0.054666
v -0.249530 0.755306 -0.054169
v -0.250703 0.759225 -0.056962
v -0.253401 0.759315 -0.058397
v -0.251367 0.755531 -0.056452
v -0.253981 0.755377 -0.057776
v -0.252206 0.753076 -0.055588
v -0.254667 0.752678 -0.056571
v -0.253375 0.751089 -0.054310
v -0.255081 0.750564 -0.054630
v -0.256870 0.750466 -0.054599
v -0.257033 0.749410 -0.052554
v -0.258677 0.750534 -0.054301
v -0.256666 0.752649 -0.056617
v -0.256467 0.755422 -0.057910
v -0.258725 0.752784 -0.056020
v -0.258959 0.755640 -0.056965
v -0.256250 0.759464 -0.058576
v -0.256065 0.766347 -0.058844
v -0.252990 0.766113 -0.058572
v -0.255761 0.773396 -0.058938
v -0.252681 0.773284 -0.058496
v -0.250028 0.773219 -0.057006
v -0.259113 0.749558 -0.052159
v -0.260260 0.750968 -0.053625
v -0.247932 0.779360 -0.054653
v -0.247054 0.779412 -0.051606
v -0.247018 0.779472 -0.048426
v -0.245883 0.785505 -0.051677
v -0.245954 0.785601 -0.048320
v -0.245034 0.792632 -0.051642
v -0.245193 0.792708 -0.048180
v -0.244695 0.799352 -0.051402
v -0.244813 0.799452 -0.047850
v -0.247514 0.785720 -0.045413
v -0.248335 0.779632 -0.045629
v -0.252783 0.751150 -0.047433
v -0.253586 0.752747 -0.044863
v -0.255596 0.752719 -0.044231
v -0.257767 0.752827 -0.044227
v -0.260271 0.753288 -0.045028
v -0.262486 0.755888 -0.046681
v -0.258869 0.779765 -0.058269
v -0.251951 0.825789 -0.041247
v -0.247465 0.832251 -0.041067
v -0.243071 0.831010 -0.043578
v -0.236610 0.835694 -0.039690
v -0.240810 0.812797 -0.028728
v -0.241825 0.808100 -0.028248
v -0.243916 0.808037 -0.030832
v -0.242429 0.802961 -0.028388
v -0.240756 0.808077 -0.025045
v -0.241295 0.802852 -0.025258
v -0.241104 0.802828 -0.021833
v -0.241699 0.796442 -0.025374
v -0.241583 0.796462 -0.022003
v -0.242514 0.790688 -0.025240
v -0.243016 0.796501 -0.028417
v -0.245331 0.796635 -0.030753
v -0.243841 0.790762 -0.028221
v -0.246128 0.790857 -0.030481
v -0.244585 0.784459 -0.028029
v -0.246903 0.784603 -0.030239
v -0.244938 0.778821 -0.027981
v -0.243211 0.784380 -0.025073
v -0.242953 0.784410 -0.021754
v -0.243555 0.778735 -0.025060
v -0.243272 0.778756 -0.021753
v -0.243668 0.772482 -0.025112
v -0.245106 0.772560 -0.028033
v -0.243488 0.772541 -0.021751
v -0.244319 0.766385 -0.025023
v -0.244220 0.766475 -0.021777
v -0.245700 0.766445 -0.027837
v -0.245389 0.762356 -0.024792
v -0.246859 0.759439 -0.024445
v -0.246532 0.762449 -0.027319
v -0.245234 0.762457 -0.021933
v -0.246125 0.762784 -0.018895
v -0.246617 0.759526 -0.022173
v -0.248600 0.757205 -0.022003
v -0.247137 0.760026 -0.019364
v -0.248627 0.757765 -0.020138
v -0.249163 0.759657 -0.017498
v -0.251311 0.759683 -0.016586
v -0.248152 0.762719 -0.016644
v -0.250151 0.757222 -0.019199
v -0.250510 0.756197 -0.021191
v -0.251963 0.757129 -0.018531
v -0.252463 0.755883 -0.020605
v -0.253894 0.757154 -0.018105
v -0.255659 0.757759 -0.018258
v -0.253551 0.759808 -0.016282
v -0.254592 0.755997 -0.020079
v -0.255347 0.755681 -0.022401
v -0.256685 0.757125 -0.019914
v -0.257343 0.756951 -0.021863
v -0.258026 0.759922 -0.019300
v -0.258886 0.759828 -0.021405
v -0.258324 0.763373 -0.018712
v -0.256128 0.760370 -0.017025
v -0.256188 0.763488 -0.016460
v -0.255975 0.767746 -0.016280
v -0.253448 0.763090 -0.015292
v -0.253232 0.767489 -0.014915
v -0.250746 0.762859 -0.015453
v -0.250260 0.767195 -0.014975
v -0.249848 0.773194 -0.014870
v -0.247373 0.766904 -0.016299
v -0.245336 0.766676 -0.018672
v -0.246877 0.772912 -0.016215
v -0.246696 0.779027 -0.016426
v -0.244701 0.772707 -0.018596
v -0.244484 0.778879 -0.018701
v -0.244244 0.784527 -0.018723
v -0.246510 0.784658 -0.016509
v -0.243720 0.790737 -0.018913
v -0.243025 0.796559 -0.018918
v -0.242345 0.790688 -0.021930
v -0.246007 0.790755 -0.016678
v -0.248885 0.790861 -0.015345
v -0.245340 0.796651 -0.016594
v -0.248275 0.796819 -0.015181
v -0.244632 0.802925 -0.016243
v -0.242366 0.802882 -0.018693
v -0.247594 0.803068 -0.014731
v -0.250866 0.803393 -0.014376
v -0.247205 0.808610 -0.014337
v -0.250644 0.808664 -0.014040
v -0.254057 0.808742 -0.015251
v -0.250370 0.814216 -0.014151
v -0.253667 0.813989 -0.015452
v -0.256367 0.813926 -0.017967
v -0.256850 0.808866 -0.017732
v -0.257918 0.813883 -0.021543
v -0.258463 0.808936 -0.021329
v -0.258208 0.813770 -0.025495
v -0.258748 0.808872 -0.025298
v -0.257150 0.808647 -0.028842
v -0.258768 0.803739 -0.024974
v -0.257335 0.803533 -0.028380
v -0.258409 0.803849 -0.021212
v -0.258751 0.797457 -0.024786
v -0.258856 0.791644 -0.024615
v -0.257473 0.797289 -0.027972
v -0.258383 0.797564 -0.021289
v -0.258548 0.791706 -0.021299
v -0.256917 0.797577 -0.018094
v -0.254441 0.797435 -0.015904
v -0.257207 0.791660 -0.018227
v -0.256799 0.803872 -0.017783
v -0.254094 0.803729 -0.015449
v -0.254883 0.791476 -0.016111
v -0.257636 0.785500 -0.018254
v -0.255423 0.785323 -0.016149
v -0.257815 0.780226 -0.018147
v -0.258883 0.785588 -0.021245
v -0.259099 0.785581 -0.024422
v -0.259089 0.780325 -0.021111
v -0.259305 0.780275 -0.024255
v -0.259274 0.774144 -0.021105
v -0.259366 0.767959 -0.021167
v -0.259482 0.774078 -0.024155
v -0.257985 0.774062 -0.018240
v -0.255783 0.773850 -0.016067
v -0.258101 0.767902 -0.018452
v -0.255591 0.779986 -0.016033
v -0.252918 0.773532 -0.014762
v -0.252662 0.779620 -0.014896
v -0.252481 0.785075 -0.015035
v -0.249598 0.779265 -0.015103
v -0.249414 0.784834 -0.015232
v -0.251930 0.791148 -0.015080
v -0.251399 0.797127 -0.014874
v -0.258401 0.773850 -0.027085
v -0.259559 0.767888 -0.024073
v -0.259627 0.763373 -0.023860
v -0.258575 0.767696 -0.026970
v -0.258673 0.763508 -0.026836
v -0.256768 0.767416 -0.029385
v -0.256799 0.763109 -0.029125
v -0.254129 0.767111 -0.030692
v -0.256454 0.773524 -0.029449
v -0.253728 0.773183 -0.030816
v -0.256036 0.779679 -0.029360
v -0.255726 0.785206 -0.029479
v -0.258118 0.780042 -0.027160
v -0.253288 0.779319 -0.030706
v -0.250167 0.779097 -0.031143
v -0.252948 0.784950 -0.030819
v -0.249811 0.784752 -0.031258
v -0.252367 0.791035 -0.031202
v -0.249113 0.790923 -0.031596
v -0.251815 0.797027 -0.031702
v -0.255330 0.791239 -0.029848
v -0.255006 0.797162 -0.030327
v -0.257624 0.791466 -0.027624
v -0.257874 0.785443 -0.027318
v -0.254723 0.803300 -0.030777
v -0.251358 0.803106 -0.032109
v -0.247747 0.803026 -0.032285
v -0.244552 0.803032 -0.030856
v -0.248419 0.796827 -0.032001
v -0.250580 0.772921 -0.031181
v -0.247271 0.778965 -0.030152
v -0.247652 0.772736 -0.030189
v -0.248256 0.766634 -0.029939
v -0.248846 0.762812 -0.029481
v -0.251082 0.766838 -0.030941
v -0.251610 0.762742 -0.030423
v -0.254358 0.762868 -0.030233
v -0.252103 0.759749 -0.029341
v -0.254356 0.759754 -0.029141
v -0.249512 0.760114 -0.028677
v -0.252198 0.757310 -0.027525
v -0.251610 0.756184 -0.025654
v -0.250438 0.757860 -0.027390
v -0.254077 0.757191 -0.027286
v -0.253596 0.755848 -0.025287
v -0.255971 0.757217 -0.026764
v -0.257454 0.757805 -0.025771
v -0.255717 0.755959 -0.024752
v -0.256458 0.759885 -0.028368
v -0.258382 0.760428 -0.026500
v -0.259114 0.759921 -0.023624
v -0.257673 0.757116 -0.023850
v -0.252998 0.755485 -0.022993
v -0.250855 0.755935 -0.023504
v -0.248934 0.757088 -0.023953
v -0.249515 0.757220 -0.025799
v -0.247665 0.759535 -0.026523
v -0.259449 0.763344 -0.021197
v -0.261536 0.875950 -0.024129
v -0.250747 0.879190 -0.013452
vn -0.5317 0.6988 0.4786
vn -0.7022 0.6697 0.2419
vn -0.9254 0.0073 0.3788
vn -0.6956 0.0439 0.7171
vn -0.3135 0.0808 0.9462
vn -0.2176 0.7077 0.6722
vn 0.1453 0.7257 0.6725
vn 0.1805 0.1159 0.9767
vn 0.1140 0.1640 0.9799
vn -0.3541 0.1123 0.9284
vn -0.7081 0.0901 0.7004
vn 0.0067 0.2921 0.9563
vn -0.3847 0.1755 0.9062
vn -0.7117 0.1691 0.6819
vn -0.3781 0.2844 0.8810
vn -0.0931 0.4258 0.9000
vn -0.4772 0.3072 0.8234
vn 0.4955 0.3531 0.7936
vn 0.3736 0.5659 0.7350
vn 0.5927 0.1680 0.7877
vn 0.8044 0.3479 0.4816
vn 0.7018 0.5751 0.4205
vn 0.8627 0.1240 0.4903
vn 0.9309 0.2874 0.2253
vn 0.9641 0.0611 0.2585
vn 0.8595 0.4890 0.1488
vn 0.8717 0.4827 0.0842
vn 0.6607 0.6197 0.4235
vn 0.2578 0.6218 0.7395
vn 0.9390 0.3426 -0.0296
vn 0.9767 0.2105 0.0410
vn 0.9500 0.2766 -0.1446
vn 0.9714 0.2051 -0.1193
vn 0.9922 0.1219 -0.0269
vn 0.9649 0.0995 -0.2430
vn 0.9537 0.1486 -0.2616
vn 0.9110 -0.0600 -0.4080
vn 0.9171 0.3950 0.0539
vn 0.8286 -0.2012 -0.5223
vn 0.9160 0.0282 -0.4002
vn 0.9423 0.3343 -0.0198
vn 0.6852 0.5656 0.4589
vn 0.7268 0.5237 0.4444
vn 0.2281 0.5760 0.7850
vn 0.2301 0.5220 0.8213
vn 0.2048 0.5070 0.8373
vn 0.7422 0.5110 0.4336
vn 0.8871 0.4112 0.2098
vn 0.9634 0.2681 0.0037
vn 0.9229 0.3660 0.1192
vn 0.9795 0.1845 -0.0806
vn 0.9047 0.4226 -0.0537
vn 0.9467 0.2002 -0.2524
vn 0.7636 0.5373 0.3581
vn 0.9013 0.3961 -0.1756
vn 0.8857 0.1673 -0.4330
vn 0.8271 0.4770 0.2973
vn 0.5009 0.5295 0.6846
vn 0.2050 0.5406 0.8159
vn -0.0834 0.4205 0.9035
vn 0.2376 0.3352 0.9117
vn -0.4661 0.2417 0.8511
vn -0.4898 0.1947 0.8498
vn -0.3096 0.2669 0.9127
vn -0.1600 0.1229 0.9794
vn -0.0026 0.1001 0.9950
vn -0.3713 0.0044 0.9285
vn 0.2794 0.2685 0.9219
vn 0.6241 0.3981 0.6723
vn -0.0140 0.1128 0.9935
vn -0.2938 -0.0742 0.9530
vn -0.2842 -0.0966 0.9539
vn -0.4883 -0.2711 0.8295
vn -0.5417 -0.2037 0.8155
vn -0.5102 -0.1551 0.8460
vn -0.6846 -0.3851 0.6189
vn -0.6608 -0.4408 0.6076
vn -0.6768 -0.1362 0.7235
vn -0.6197 -0.1816 0.7635
vn -0.7608 -0.4305 0.4857
vn -0.3245 0.0600 0.9440
vn -0.4635 0.1226 0.8776
vn -0.6925 -0.1150 0.7122
vn -0.8601 -0.2521 0.4434
vn -0.8085 -0.5412 0.2310
vn -0.9046 -0.4058 0.1304
vn -0.7498 -0.6291 0.2048
vn -0.7774 -0.6129 -0.1410
vn -0.8184 -0.5257 -0.2321
vn -0.6878 -0.7243 -0.0481
vn -0.5489 -0.6892 -0.4730
vn -0.5584 -0.5921 -0.5810
vn -0.5068 -0.8164 -0.2769
vn -0.7678 -0.5696 0.2933
vn -0.5563 -0.8060 0.2019
vn -0.3833 -0.9232 -0.0275
vn 0.0347 -0.8699 -0.4920
vn -0.1027 -0.7733 -0.6256
vn -0.1824 -0.6477 -0.7398
vn 0.2492 -0.4920 -0.8342
vn 0.1549 -0.4691 -0.8695
vn 0.4236 -0.5294 -0.7350
vn 0.6020 -0.5406 -0.5876
vn 0.2298 -0.9360 -0.2665
vn -0.1427 -0.9426 0.3020
vn 0.4835 -0.2265 -0.8455
vn 0.5886 -0.2702 -0.7619
vn 0.7514 -0.2916 -0.5919
vn 0.7523 -0.4081 -0.5172
vn 0.6626 -0.6616 -0.3510
vn 0.3871 -0.9194 0.0703
vn 0.6910 -0.6562 -0.3030
vn 0.7402 -0.4082 -0.5342
vn 0.5577 -0.7713 0.3067
vn 0.7822 -0.3353 -0.5251
vn 0.7569 -0.3216 -0.5690
vn 0.8884 -0.1642 -0.4287
vn 0.8608 -0.2754 -0.4279
vn 0.8366 -0.0575 -0.5448
vn 0.9602 -0.0174 -0.2786
vn 0.9489 0.0273 -0.3144
vn 0.7401 -0.0463 -0.6709
vn 0.8894 0.1540 -0.4304
vn 0.7230 -0.0226 -0.6905
vn 0.8971 0.1604 -0.4118
vn 0.7373 -0.0186 -0.6753
vn 0.4623 -0.2414 -0.8532
vn 0.4901 -0.2759 -0.8268
vn 0.1598 -0.4513 -0.8779
vn 0.7547 -0.0468 -0.6544
vn 0.4867 -0.2428 -0.8392
vn 0.1760 -0.3891 -0.9042
vn 0.7359 -0.0367 -0.6761
vn 0.8890 0.1719 -0.4244
vn 0.9042 0.1629 -0.3949
vn 0.7126 -0.0022 -0.7016
vn 0.4633 -0.1959 -0.8643
vn 0.8737 0.1984 -0.4441
vn 0.9302 0.3607 -0.0679
vn 0.9178 0.3884 -0.0821
vn 0.9415 0.3356 -0.0293
vn 0.8150 0.4845 0.3179
vn 0.7982 0.5173 0.3088
vn 0.8171 0.4446 0.3670
vn 0.9493 0.3105 -0.0496
vn 0.8325 0.4118 0.3705
vn 0.9448 0.3167 -0.0843
vn 0.8694 0.3757 0.3210
vn 0.5799 0.3949 0.7126
vn 0.2573 0.3326 0.9073
vn 0.5631 0.4773 0.6746
vn 0.2311 0.4345 0.8705
vn -0.0657 0.2040 0.9768
vn -0.1232 0.3115 0.9422
vn 0.2340 0.4595 0.8568
vn -0.1298 0.3171 0.9395
vn -0.4672 0.1258 0.8752
vn -0.7141 -0.0571 0.6977
vn -0.1434 0.3031 0.9421
vn -0.4722 0.1031 0.8754
vn -0.7119 -0.0758 0.6981
vn -0.8712 -0.2140 0.4417
vn -0.8658 -0.2260 0.4464
vn -0.9254 -0.3646 0.1033
vn -0.9252 -0.3644 0.1057
vn -0.8316 -0.4800 -0.2794
vn -0.8273 -0.4781 -0.2949
vn -0.5555 -0.5315 -0.6395
vn -0.5526 -0.5176 -0.6532
vn -0.1767 -0.4853 -0.8563
vn -0.1761 -0.4514 -0.8748
vn -0.1908 -0.5594 -0.8066
vn 0.1713 -0.3381 -0.9254
vn -0.5204 -0.5655 -0.6398
vn -0.1232 -0.5129 -0.8495
vn 0.2226 -0.3876 -0.8946
vn 0.4841 -0.2355 -0.8427
vn 0.7204 -0.0446 -0.6921
vn 0.7332 -0.1082 -0.6714
vn 0.4868 -0.3026 -0.8194
vn 0.2157 -0.4602 -0.8612
vn 0.5050 -0.3665 -0.7814
vn 0.2450 -0.5050 -0.8276
vn 0.7385 -0.1825 -0.6491
vn 0.8982 0.0192 -0.4393
vn 0.8944 0.0987 -0.4363
vn 0.8830 0.1650 -0.4395
vn 0.7563 -0.2549 -0.6025
vn 0.9097 -0.0614 -0.4107
vn 0.5380 -0.4321 -0.7237
vn 0.5697 -0.4899 -0.6599
vn 0.7637 -0.3255 -0.5575
vn 0.9165 -0.1383 -0.3754
vn 0.9859 0.1445 -0.0838
vn 0.9982 0.0394 -0.0454
vn 0.9647 0.2423 -0.1032
vn 0.8636 0.3363 0.3755
vn 0.8995 0.2072 0.3848
vn 0.8306 0.4283 0.3560
vn 0.9424 0.3225 -0.0890
vn 0.8114 0.4826 0.3298
vn 0.9238 0.3749 -0.0783
vn 0.7965 0.5154 0.3162
vn 0.5442 0.5335 0.6474
vn 0.5527 0.5444 0.6310
vn 0.5339 0.4895 0.6894
vn 0.1886 0.3941 0.8995
vn 0.2012 0.4436 0.8733
vn 0.2176 0.4662 0.8575
vn 0.1850 0.3895 0.9023
vn 0.5143 0.4585 0.7248
vn 0.5321 0.4215 0.7343
vn 0.1948 0.4008 0.8952
vn 0.6020 0.3366 0.7241
vn 0.2396 0.3681 0.8984
vn -0.1066 0.3009 0.9477
vn -0.0758 0.2362 0.9687
vn -0.1209 0.2903 0.9493
vn -0.3966 0.1409 0.9071
vn -0.3488 0.0579 0.9354
vn -0.4113 0.1489 0.8993
vn -0.4484 0.1101 0.8870
vn -0.1507 0.2607 0.9536
vn -0.1565 0.2811 0.9468
vn -0.4771 0.0948 0.8737
vn -0.7141 -0.0692 0.6966
vn -0.6779 -0.0384 0.7342
vn -0.8669 -0.2187 0.4480
vn -0.8436 -0.2047 0.4965
vn -0.9214 -0.3736 0.1069
vn -0.9055 -0.3957 0.1531
vn -0.8774 -0.4413 0.1884
vn -0.8181 -0.2123 0.5345
vn -0.6447 -0.0133 0.7643
vn -0.8248 -0.5291 0.1993
vn -0.7962 -0.2650 0.5439
vn -0.6297 -0.0413 0.7757
vn -0.5737 -0.1354 0.8078
vn -0.7415 -0.3833 0.5507
vn -0.6065 -0.5606 0.5639
vn -0.4177 -0.3199 0.8504
vn -0.2212 -0.1449 0.9644
vn -0.1219 -0.6267 0.7697
vn 0.0487 -0.4811 0.8753
vn -0.3334 -0.7575 0.5612
vn -0.0007 0.0478 0.9989
vn 0.2360 -0.2948 0.9260
vn 0.3713 -0.7129 0.5949
vn 0.5990 -0.4727 0.6464
vn 0.1458 -0.8869 0.4384
vn 0.5831 -0.7754 0.2423
vn 0.7964 -0.5153 0.3165
vn 0.3135 -0.9401 0.1341
vn -0.0166 -0.9999 0.0027
vn -0.1699 -0.9564 0.2375
vn -0.5130 -0.8367 0.1915
vn -0.3222 -0.9418 -0.0957
vn -0.7176 -0.6684 0.1958
vn -0.5284 -0.8325 -0.1666
vn -0.1108 -0.9241 -0.3657
vn 0.1173 -0.9710 -0.2084
vn -0.2420 -0.8384 -0.4884
vn -0.6589 -0.7232 -0.2067
vn -0.3370 -0.7577 -0.5589
vn -0.7422 -0.6270 -0.2367
vn -0.4135 -0.6786 -0.6070
vn -0.7883 -0.5542 -0.2671
vn -0.4725 -0.6198 -0.6266
vn -0.0979 -0.5755 -0.8119
vn -0.0489 -0.6107 -0.7903
vn 0.0104 -0.6722 -0.7403
vn 0.2926 -0.5640 -0.7722
vn 0.0777 -0.7295 -0.6796
vn 0.3507 -0.6122 -0.7087
vn 0.4253 -0.6721 -0.6061
vn 0.1598 -0.7922 -0.5890
vn 0.5967 -0.5711 -0.5637
vn 0.7563 -0.4299 -0.4931
vn 0.6225 -0.6721 -0.4009
vn 0.4796 -0.7680 -0.4244
vn 0.7611 -0.5586 -0.3297
vn 0.4074 -0.9005 -0.1522
vn 0.6430 -0.7555 -0.1255
vn 0.8233 -0.5671 -0.0231
vn 0.9017 -0.3720 -0.2204
vn 0.9470 -0.3119 0.0772
vn 0.9187 -0.2292 -0.3217
vn 0.9075 -0.2238 0.3555
vn 0.9951 -0.0954 0.0267
vn 0.9228 0.0201 0.3848
vn 0.7120 0.1677 0.6818
vn 0.7697 -0.1358 0.6238
vn 0.3347 0.2453 0.9098
vn 0.4717 -0.0441 0.8807
vn 0.2677 -0.8577 -0.4389
vn -0.8117 -0.5049 -0.2936
vn 0.5714 0.5177 0.6368
vn 0.9403 -0.1923 -0.2808
vn 0.9096 -0.2220 -0.3512
vn 0.8456 -0.3885 -0.3661
vn 0.9853 -0.0232 -0.1693
vn 0.9790 -0.0761 -0.1890
vn 0.9730 -0.2248 -0.0523
vn 0.9927 -0.0977 0.0700
vn 0.9960 0.0316 -0.0833
vn 0.9913 0.0826 -0.1021
vn 0.8139 -0.5810 -0.0078
vn 0.8838 -0.3660 0.2914
vn 0.9210 -0.1625 0.3540
vn 0.7278 -0.1403 0.6713
vn 0.6742 -0.3438 0.6536
vn 0.6575 -0.5497 0.5153
vn 0.9410 -0.1058 0.3213
vn 0.9914 -0.0911 0.0939
vn 0.7446 -0.0610 0.6647
vn 0.3903 -0.0708 0.9180
vn 0.3668 -0.0113 0.9302
vn 0.3074 -0.2727 0.9117
vn -0.0178 -0.0543 0.9984
vn 0.0346 0.0337 0.9988
vn -0.1333 -0.1621 0.9777
vn 0.3521 -0.0696 0.9334
vn 0.5942 -0.1049 0.7975
vn 0.1103 0.0222 0.9936
vn -0.2140 0.0037 0.9768
vn -0.2225 0.1084 0.9689
vn -0.4118 0.1034 0.9054
vn 0.0903 0.0121 0.9958
vn 0.4391 -0.0368 0.8977
vn -0.2923 -0.0109 0.9563
vn -0.5461 -0.0619 0.8354
vn -0.5690 -0.0225 0.8220
vn -0.5412 -0.0067 0.8409
vn -0.7417 -0.0973 0.6637
vn -0.7570 -0.1239 0.6415
vn -0.7910 -0.0577 0.6091
vn -0.9204 -0.1913 0.3409
vn -0.9650 -0.1134 0.2365
vn -0.8895 -0.1660 0.4257
vn -0.7616 -0.0197 0.6477
vn -0.8631 -0.1326 0.4873
vn -0.6221 0.0668 0.7801
vn -0.8413 0.0220 0.5401
vn -0.7865 0.1410 0.6013
vn -0.5551 0.0021 0.8318
vn -0.8565 0.0761 0.5104
vn -0.1143 -0.2358 0.9651
vn -0.5597 -0.0789 0.8249
vn -0.8127 0.0178 0.5825
vn 0.3367 -0.3880 0.8580
vn -0.5199 -0.1149 0.8465
vn -0.0690 -0.3178 0.9456
vn 0.3172 -0.5672 0.7601
vn 0.1396 -0.7971 0.5875
vn -0.0950 -0.5245 0.8461
vn -0.3411 -0.6878 0.6408
vn -0.4607 -0.2803 0.8421
vn -0.6107 -0.2767 0.7419
vn -0.5391 0.0004 0.8422
vn -0.6610 -0.0383 0.7494
vn -0.2688 0.3287 0.9054
vn -0.5790 0.1436 0.8026
vn -0.7157 0.0432 0.6971
vn -0.7006 0.1059 0.7056
vn -0.5290 0.2951 0.7957
vn -0.2457 0.4279 0.8698
vn -0.2028 0.4676 0.8603
vn -0.4430 0.3506 0.8251
vn -0.6066 0.2195 0.7641
vn -0.8210 0.1247 0.5571
vn -0.8200 0.0654 0.5687
vn -0.8061 0.0467 0.5900
vn -0.9164 0.0884 0.3903
vn -0.9279 0.0074 0.3727
vn -0.9450 0.1460 0.2926
vn -0.9902 0.0442 0.1324
vn -0.9952 -0.0154 0.0967
vn -0.9798 0.1665 0.1108
vn -0.9340 0.0972 0.3437
vn -0.9979 0.0641 -0.0108
vn -0.9914 0.1268 -0.0324
vn -0.9928 0.1130 -0.0398
vn -0.9973 0.0447 -0.0581
vn -0.9201 0.1730 -0.3514
vn -0.9694 0.1826 -0.1643
vn -0.9718 0.0731 -0.2244
vn -0.9762 0.0344 -0.2143
vn -0.9978 -0.0150 -0.0649
vn -0.9864 0.0052 -0.1643
vn -0.9981 -0.0386 -0.0490
vn -0.9976 -0.0369 0.0583
vn -0.9970 -0.0162 -0.0751
vn -0.9983 -0.0154 0.0564
vn -0.9968 -0.0692 -0.0404
vn -0.9981 -0.0535 -0.0321
vn -0.9877 -0.0064 -0.1563
vn -0.9836 -0.1018 0.1491
vn -0.9527 -0.0237 0.3030
vn -0.7913 0.0063 0.6115
vn -0.9323 -0.0284 0.3606
vn -0.9753 -0.1234 0.1830
vn -0.9877 -0.0814 0.1336
vn -0.9691 -0.2273 0.0956
vn -0.9379 -0.1225 0.3247
vn -0.9013 -0.3592 -0.2421
vn -0.8936 -0.4415 0.0810
vn -0.8254 -0.3194 0.4656
vn -0.8520 -0.0452 0.5215
vn -0.7286 -0.2490 0.6381
vn -0.9897 0.0130 0.1426
vn -0.9914 0.0281 0.1277
vn -0.8753 -0.0923 0.4748
vn -0.7854 -0.2172 0.5796
vn -0.9921 -0.0399 0.1192
vn -0.9542 -0.0272 -0.2981
vn -0.9635 -0.0764 -0.2568
vn -0.9738 -0.0226 -0.2264
vn -0.8368 -0.2377 -0.4932
vn -0.8054 -0.2170 -0.5516
vn -0.8989 -0.2036 -0.3879
vn -0.5987 -0.1887 -0.7784
vn -0.7590 -0.1989 -0.6200
vn -0.6366 -0.3152 -0.7038
vn -0.9765 -0.1922 -0.0973
vn -0.9597 -0.2315 -0.1592
vn -0.9346 -0.2258 -0.2750
vn -0.9085 -0.1549 -0.3881
vn -0.7176 -0.1492 -0.6803
vn -0.4803 -0.0899 -0.8725
vn -0.9710 -0.2059 0.1218
vn -0.9653 -0.2106 0.1544
vn -0.9843 -0.1575 0.0791
vn -0.9935 -0.0857 0.0749
vn -0.9188 -0.0730 -0.3880
vn -0.6896 -0.0491 -0.7225
vn -0.9944 -0.0577 0.0880
vn -0.9384 -0.0414 -0.3431
vn -0.7070 -0.0113 -0.7071
vn -0.3882 -0.0439 -0.9205
vn -0.3670 -0.0025 -0.9302
vn -0.0705 -0.0668 -0.9953
vn -0.0134 -0.0175 -0.9998
vn -0.2171 -0.1451 -0.9653
vn 0.2379 -0.1148 -0.9645
vn 0.3121 -0.0630 -0.9480
vn 0.1330 -0.1822 -0.9742
vn -0.5866 -0.7033 -0.4015
vn -0.8137 -0.5357 -0.2258
vn -0.1723 -0.7989 -0.5763
vn 0.1573 -0.8118 -0.5623
vn 0.5391 -0.3358 -0.7724
vn 0.5985 -0.1524 -0.7865
vn 0.8830 -0.3027 -0.3587
vn 0.8928 -0.1218 -0.4337
vn 0.6966 -0.6317 -0.3402
vn 0.7838 -0.6087 -0.1229
vn 0.4697 -0.8213 -0.3239
vn 0.6334 -0.1132 -0.7655
vn 0.8873 -0.1360 -0.4408
vn 0.9942 -0.1016 -0.0362
vn 0.9895 -0.1356 -0.0507
vn 0.9530 -0.3018 -0.0280
vn 0.9259 -0.1046 0.3630
vn 0.9193 -0.0967 0.3815
vn 0.8962 -0.3148 0.3127
vn 0.7649 -0.6441 0.0045
vn 0.8065 -0.5888 -0.0536
vn 0.7633 -0.6205 -0.1802
vn 0.8156 -0.5741 -0.0727
vn 0.7518 -0.6588 0.0284
vn 0.6833 -0.7298 -0.0229
vn 0.5807 -0.5635 0.5876
vn 0.8966 -0.4353 -0.0814
vn 0.9496 -0.3008 -0.0878
vn 0.8123 -0.5827 0.0266
vn 0.5434 -0.8365 -0.0711
vn 0.9795 -0.1622 -0.1194
vn 0.9669 -0.2540 0.0230
vn 0.9889 -0.1249 -0.0803
vn 0.8884 -0.4183 -0.1892
vn 0.9949 -0.1003 -0.0111
vn 0.6846 -0.6884 -0.2398
vn 0.9022 -0.4309 -0.0190
vn 0.9681 -0.2438 -0.0581
vn 0.9999 -0.0013 -0.0142
vn 0.9961 0.0752 -0.0461
vn 0.9936 0.0093 -0.1128
vn 0.9961 0.0874 -0.0075
vn 0.9964 0.0761 -0.0369
vn 0.9998 0.0202 0.0012
vn 0.9973 0.0638 -0.0375
vn 0.9855 -0.0430 -0.1643
vn 0.9972 0.0022 -0.0751
vn 0.9527 0.2823 -0.1127
vn 0.7691 0.1498 -0.6214
vn 0.9496 0.0790 -0.3033
vn 0.6160 0.1941 -0.7635
vn 0.7104 0.0160 -0.7036
vn 0.9728 -0.1337 -0.1892
vn 0.0116 0.1800 -0.9836
vn -0.0115 0.1739 -0.9847
vn 0.0126 0.1582 -0.9873
vn 0.5979 0.0868 -0.7969
vn 0.0913 0.0665 -0.9936
vn 0.9295 -0.0276 -0.3679
vn 0.3378 0.0479 -0.9400
vn -0.0062 -0.0030 -1.0000
vn 0.8494 -0.0164 -0.5275
vn 0.7113 -0.0691 -0.6995
vn 0.9225 -0.1916 -0.3350
vn 0.9235 -0.3077 -0.2292
vn 0.9594 -0.2192 -0.1773
vn 0.8735 -0.4709 -0.1235
vn 0.9173 -0.3321 -0.2195
vn 0.8987 -0.1808 -0.3995
vn 0.8986 -0.2151 -0.3823
vn 0.9662 -0.2569 0.0232
vn 0.8178 -0.4210 0.3924
vn 0.6676 -0.6521 -0.3593
vn 0.4632 -0.8233 0.3281
vn 0.3991 -0.6581 -0.6385
vn -0.0563 -0.6922 -0.7195
vn 0.8222 -0.4222 -0.3819
vn 0.6748 -0.5836 -0.4517
vn 0.4339 -0.3631 -0.8246
vn 0.9556 -0.2342 -0.1787
vn 0.8932 -0.4117 -0.1810
vn 0.7927 -0.5748 -0.2029
vn 0.8902 -0.4459 -0.0932
vn 0.8004 -0.5992 0.0175
vn 0.8137 -0.4441 -0.3749
vn 0.8792 -0.4764 0.0124
vn 0.7029 -0.7109 -0.0244
vn 0.8194 -0.4269 0.3826
vn 0.7422 -0.6688 -0.0431
vn 0.5978 -0.7948 -0.1048
vn 0.5386 -0.7050 0.4615
vn 0.0600 -0.6218 0.7809
vn 0.6306 -0.1177 0.7671
vn 0.8924 -0.1228 0.4343
vn 0.2524 -0.0512 0.9663
vn 0.3113 0.0048 0.9503
vn 0.6808 -0.0468 0.7310
vn 0.9130 -0.0968 0.3962
vn 0.9904 -0.1380 0.0010
vn 0.9838 -0.1770 0.0294
vn 0.9076 -0.1991 -0.3697
vn 0.9162 -0.1514 -0.3711
vn 0.6427 -0.1970 -0.7404
vn 0.7029 -0.1365 -0.6981
vn 0.7193 -0.1189 -0.6844
vn 0.9178 -0.1426 -0.3705
vn 0.9902 -0.1384 -0.0159
vn 0.9219 -0.1088 -0.3718
vn 0.7341 -0.0983 -0.6719
vn 0.9941 -0.1014 -0.0381
vn 0.3831 -0.0665 -0.9213
vn 0.3557 -0.0790 -0.9312
vn 0.4038 -0.0664 -0.9124
vn 0.7321 -0.0724 -0.6773
vn 0.3963 -0.0781 -0.9148
vn 0.9208 -0.0600 -0.3855
vn 0.6914 -0.0903 -0.7169
vn 0.3456 -0.0996 -0.9331
vn 0.9029 -0.0696 -0.4241
vn 0.9972 -0.0466 -0.0580
vn 0.9962 -0.0504 -0.0707
vn 0.8788 -0.1737 -0.4445
vn 0.6658 -0.1527 -0.7304
vn 0.9801 -0.1652 -0.1100
vn 0.9428 -0.0462 0.3303
vn 0.9459 -0.1261 0.2990
vn 0.9455 -0.0393 0.3231
vn 0.7137 -0.0821 0.6956
vn 0.7125 -0.0484 0.7000
vn 0.7178 -0.0392 0.6951
vn 0.9371 -0.0718 0.3416
vn 0.7156 -0.0375 0.6976
vn 0.3185 -0.0460 0.9468
vn 0.3264 -0.0442 0.9442
vn 0.3309 -0.0254 0.9433
vn 0.7003 -0.0487 0.7121
vn 0.3308 -0.0076 0.9437
vn 0.9225 -0.1005 0.3726
vn -0.0996 -0.0205 0.9948
vn -0.1094 -0.0474 0.9929
vn -0.0915 0.0126 0.9957
vn -0.1050 0.0186 0.9943
vn -0.1737 -0.0641 0.9827
vn -0.4523 0.0104 0.8918
vn -0.4501 0.0121 0.8929
vn -0.5016 -0.0392 0.8642
vn -0.7689 -0.0094 0.6393
vn -0.7547 -0.0105 0.6559
vn -0.7631 -0.0260 0.6458
vn -0.4617 -0.0172 0.8869
vn -0.7780 -0.0198 0.6279
vn -0.9679 -0.0298 0.2496
vn -0.9653 -0.0402 0.2580
vn -0.9592 -0.0479 0.2788
vn -0.9934 -0.0367 -0.1090
vn -0.9914 -0.0531 -0.1197
vn -0.9885 -0.0643 -0.1368
vn -0.9560 -0.0475 0.2896
vn -0.9843 -0.0686 -0.1629
vn -0.9479 -0.1818 0.2615
vn -0.9669 -0.1850 -0.1755
vn -0.8327 -0.1942 0.5185
vn -0.6667 -0.1922 0.7201
vn -0.7280 -0.3696 0.5774
vn -0.8667 -0.3849 0.3172
vn -0.9332 -0.3399 0.1167
vn -0.9024 -0.3838 0.1958
vn -0.8780 -0.3738 0.2988
vn -0.9301 -0.3670 0.0156
vn -0.9500 -0.3122 0.0053
vn -0.9659 -0.2160 0.1429
vn -0.9459 -0.1272 0.2986
vn -0.9031 -0.3915 0.1762
vn -0.9923 -0.0838 0.0907
vn -0.7527 -0.4387 0.4908
vn -0.9858 0.1037 -0.1319
vn -0.9885 0.0592 -0.1389
vn -0.9815 -0.0668 -0.1794
vn -0.9236 0.0130 -0.3830
vn -0.8491 0.0477 -0.5261
vn -0.8724 -0.1026 -0.4780
vn -0.9520 -0.2307 -0.2014
vn -0.8927 -0.2470 -0.3769
vn -0.7809 -0.2173 -0.5856
vn -0.8549 -0.2649 -0.4460
vn -0.7201 -0.1574 -0.6758
vn -0.6724 -0.2164 -0.7078
vn -0.8128 -0.2333 -0.5338
vn -0.4400 -0.1329 -0.8881
vn -0.7865 -0.1323 -0.6033
vn -0.5371 -0.1031 -0.8372
vn -0.3409 -0.0779 -0.9369
vn -0.3060 -0.1044 -0.9463
vn -0.1024 -0.0442 -0.9938
vn -0.7393 -0.1801 -0.6488
vn -0.8336 -0.3917 -0.3894
vn -0.6123 -0.5692 -0.5487
vn -0.5018 -0.6337 -0.5888
vn -0.9548 -0.1355 -0.2646
vn -0.9630 0.0013 -0.2695
vn -0.9610 -0.0203 -0.2758
vn -0.9824 -0.0473 -0.1808
vn -0.8987 -0.4353 -0.0542
vn -0.9355 0.0530 -0.3494
vn -0.9362 0.0705 -0.3443
vn -0.9054 0.0877 -0.4154
vn -0.8365 0.1600 -0.5241
vn -0.8287 0.1641 -0.5352
vn -0.7805 0.1694 -0.6017
vn -0.8867 0.1423 -0.4398
vn -0.7291 0.1971 -0.6554
vn -0.7087 0.2138 -0.6724
vn -0.9218 0.0775 -0.3799
vn -0.6434 0.1143 -0.7569
vn -0.9291 -0.0342 -0.3682
vn -0.6306 -0.0454 -0.7748
vn -0.9999 -0.0068 0.0137
vn -0.9279 0.0333 0.3713
vn -0.9994 -0.0236 0.0266
vn -0.9362 -0.0409 -0.3490
vn -0.7609 0.6482 -0.0302
vn -0.6969 0.6339 -0.3354
vn -0.4763 0.6025 -0.6405
vn -0.6446 -0.0714 -0.7612
vn -0.0879 0.5754 -0.8131
vn -0.1189 -0.0951 -0.9883
vn -0.0943 -0.0032 -0.9955
vn -0.1214 0.2173 -0.9685
vn 0.4284 -0.1180 -0.8958
vn 0.5017 0.0460 -0.8638
vn 0.4896 0.3633 -0.7927
vn -0.3292 0.3363 -0.8823
vn 0.1608 0.4347 -0.8861
vn 0.8869 0.0016 -0.4620
vn 0.9158 0.2298 -0.3294
vn 0.9648 0.2290 -0.1293
vn 0.7750 0.4519 -0.4417
vn 0.6735 0.2520 -0.6949
vn 0.0690 0.3206 -0.9447
vn -0.4424 0.2905 -0.8485
vn 0.6604 0.1287 -0.7398
vn 0.9458 -0.1297 -0.2976
vn 0.9568 0.0552 -0.2856
vn 0.9959 -0.0884 0.0207
vn 0.9600 -0.2797 -0.0113
vn 0.9993 0.0168 0.0339
vn 0.9679 -0.2434 -0.0625
vn 0.9454 -0.2828 -0.1619
vn 0.9542 -0.2983 0.0202
vn 0.9576 -0.1925 -0.2145
vn 0.9403 -0.1677 -0.2962
vn 0.9922 0.0230 -0.1222
vn 0.9948 0.0897 -0.0490
vn 0.9993 -0.0341 0.0158
vn 0.9943 0.0115 0.1063
vn 0.9903 -0.0374 -0.1339
vn 0.9607 -0.1912 -0.2012
vn 0.9850 -0.1696 0.0311
vn 0.8162 -0.1684 -0.5527
vn 0.6627 0.5546 -0.5032
vn 0.8057 0.5408 -0.2415
vn 0.3529 0.5631 -0.7472
vn 0.8182 0.5721 -0.0578
vn 0.8097 0.5761 0.1116
vn 0.9774 -0.1181 0.1751
vn 0.9422 -0.0485 0.3314
vn 0.7559 0.6017 0.2580
vn 0.6485 0.6460 0.4027
vn 0.8433 0.0324 0.5365
vn 0.4629 0.6962 0.5486
vn 0.6169 0.1020 0.7804
vn 0.9814 -0.1734 -0.0829
vn 0.9768 -0.2098 0.0434
vn 0.9985 -0.0352 -0.0414
vn 0.9949 -0.0967 0.0295
vn 0.9663 -0.1812 -0.1828
vn 0.7018 0.0085 -0.7124
vn 0.6877 0.0605 -0.7235
vn -0.0057 0.2040 -0.9790
vn 0.0211 0.2589 -0.9657
vn -0.5291 0.2517 -0.8103
vn -0.5819 0.2226 -0.7822
vn -0.5973 0.2073 -0.7748
vn -0.5971 0.2304 -0.7684
vn -0.8769 0.1850 -0.4437
vn -0.8176 0.2474 -0.5199
vn -0.9895 -0.1019 -0.1021
vn -0.4657 0.2557 -0.8472
vn -0.6323 0.1597 -0.7581
vn -0.8622 0.0564 -0.5034
vn -0.9475 -0.2327 -0.2192
vn -0.8484 -0.1969 -0.4913
vn -0.8791 -0.3308 -0.3430
vn -0.7504 -0.0493 -0.6592
vn -0.9079 -0.3521 -0.2277
vn -0.9088 -0.4172 -0.0036
vn -0.8650 -0.4867 0.1222
vn -0.9425 -0.3339 -0.0131
vn -0.8289 -0.3985 0.3926
vn -0.7452 -0.5025 0.4383
vn -0.7586 -0.6414 0.1145
vn -0.6033 -0.2586 0.7545
vn -0.5250 -0.5406 0.6574
vn -0.4909 -0.1019 0.8652
vn -0.1789 -0.1503 0.9723
vn -0.0194 -0.7346 0.6782
vn 0.2123 -0.1802 0.9605
vn -0.2883 -0.6597 -0.6940
vn -0.1762 -0.0356 0.9837
vn 0.2254 -0.0471 0.9731
vn -0.5101 -0.0513 0.8586
vn -0.7989 -0.0834 0.5957
vn -0.7726 -0.1119 0.6249
vn -0.7819 -0.2627 0.5653
vn -0.9721 -0.1200 0.2015
vn -0.9625 -0.1197 0.2436
vn -0.9422 -0.2246 0.2485
vn -0.9716 -0.1304 -0.1976
vn -0.9701 -0.1312 -0.2040
vn -0.9612 -0.1605 -0.2244
vn -0.9258 -0.2141 -0.3114
vn -0.7906 -0.0533 -0.6100
vn -0.7361 -0.1218 -0.6658
vn -0.7528 -0.1783 -0.6336
vn -0.8725 -0.2603 -0.4135
vn -0.7402 -0.1302 -0.6596
vn -0.4988 -0.0822 -0.8628
vn -0.4241 -0.0795 -0.9021
vn -0.4969 0.0260 -0.8674
vn -0.2237 0.1395 -0.9646
vn -0.1676 -0.0124 -0.9858
vn -0.2539 0.0037 -0.9672
vn -0.0305 0.0127 -0.9995
vn 0.2937 -0.0561 -0.9542
vn 0.0666 0.0005 -0.9978
vn 0.3879 -0.0752 -0.9186
vn -0.2405 0.0066 -0.9706
vn 0.1091 -0.0404 -0.9932
vn -0.2127 -0.0177 -0.9770
vn 0.4138 -0.0872 -0.9062
vn 0.7292 -0.0966 -0.6775
vn 0.7364 -0.1156 -0.6666
vn 0.6860 -0.1320 -0.7155
vn 0.9267 -0.1283 -0.3533
vn 0.9578 -0.1330 -0.2547
vn 0.9710 -0.1789 0.1587
vn 0.9632 -0.1999 0.1797
vn 0.7863 -0.2416 0.5686
vn 0.8343 -0.1190 0.5383
vn 0.9603 -0.1947 -0.1999
vn 0.9595 -0.1892 0.2085
vn 0.8390 -0.1470 0.5239
vn 0.5932 -0.0820 0.8009
vn 0.5961 -0.0807 0.7989
vn 0.5796 -0.2226 0.7839
vn 0.8281 -0.1331 0.5445
vn 0.9563 -0.1615 0.2439
vn 0.5728 -0.0776 0.8160
vn 0.2086 -0.0129 0.9779
vn 0.1648 -0.0081 0.9863
vn -0.2049 0.0307 0.9783
vn -0.2518 0.0533 0.9663
vn -0.5342 0.0385 0.8445
vn -0.5796 0.0882 0.8101
vn -0.8238 0.0232 0.5664
vn -0.8537 0.1033 0.5104
vn -0.9898 0.0910 0.1094
vn -0.9868 -0.0120 0.1614
vn -0.9704 0.0570 -0.2349
vn -0.9773 -0.0445 -0.2069
vn -0.8193 0.0206 -0.5730
vn -0.8233 -0.0456 -0.5658
vn -0.8129 -0.0838 -0.5764
vn -0.5202 -0.0196 -0.8538
vn -0.5290 -0.0329 -0.8480
vn -0.5309 -0.0308 -0.8468
vn -0.5188 -0.0059 -0.8549
vn -0.1733 -0.0385 -0.9841
vn 0.1879 -0.0705 -0.9797
vn -0.1497 -0.0690 -0.9863
vn 0.2258 -0.1141 -0.9675
vn 0.5116 -0.1351 -0.8486
vn 0.4808 -0.1271 -0.8676
vn 0.7636 -0.1772 -0.6209
vn 0.7862 -0.1455 -0.6006
vn 0.9753 -0.1590 -0.1532
vn 0.9535 -0.1296 0.2721
vn 0.9745 -0.1687 -0.1482
vn 0.7741 -0.1702 -0.6098
vn 0.9610 -0.1322 0.2430
vn 0.9681 -0.1770 -0.1774
vn 0.7696 -0.1842 -0.6113
vn 0.4959 -0.1598 -0.8535
vn 0.4963 -0.1483 -0.8554
vn 0.9638 -0.1620 -0.2119
vn 0.7820 -0.1428 -0.6067
vn 0.5069 -0.1141 -0.8544
vn 0.1875 -0.0854 -0.9785
vn 0.2036 -0.1164 -0.9721
vn 0.2195 -0.1356 -0.9661
vn -0.1461 -0.0872 -0.9854
vn -0.1492 -0.0824 -0.9854
vn -0.1743 -0.0599 -0.9829
vn -0.5076 -0.0261 -0.8612
vn -0.5038 -0.0377 -0.8630
vn -0.8213 0.0374 -0.5693
vn -0.8071 0.0151 -0.5903
vn -0.9667 0.0752 -0.2445
vn -0.9676 0.0503 -0.2476
vn -0.8045 -0.0023 -0.5940
vn -0.9668 0.0264 -0.2540
vn -0.5130 -0.0340 -0.8577
vn -0.7977 0.0200 -0.6027
vn -0.9629 0.0500 -0.2652
vn -0.5088 -0.0115 -0.8608
vn -0.1699 -0.0306 -0.9850
vn -0.4978 -0.0462 -0.8660
vn -0.7857 -0.0231 -0.6182
vn -0.1634 -0.0462 -0.9855
vn 0.2099 -0.0503 -0.9764
vn 0.2299 -0.0457 -0.9721
vn 0.5422 -0.0811 -0.8364
vn 0.5727 -0.0477 -0.8184
vn 0.8067 -0.1102 -0.5806
vn 0.8302 -0.0422 -0.5559
vn 0.9732 -0.1223 -0.1945
vn 0.9849 -0.0171 -0.1723
vn 0.9726 -0.1114 0.2038
vn 0.9761 0.0099 0.2170
vn 0.9647 -0.1550 0.2129
vn 0.8126 -0.0992 0.5743
vn 0.8214 -0.1184 0.5579
vn 0.8456 -0.0782 0.5280
vn 0.5369 -0.0683 0.8409
vn 0.5691 -0.0318 0.8217
vn 0.5257 -0.0689 0.8479
vn 0.8455 0.0229 0.5335
vn 0.5630 0.0310 0.8259
vn 0.1357 0.0124 0.9907
vn 0.1271 0.0495 0.9907
vn 0.1079 -0.0197 0.9940
vn -0.2775 0.0437 0.9597
vn -0.2852 0.0712 0.9558
vn -0.3031 0.0189 0.9528
vn 0.1035 -0.0371 0.9939
vn -0.3007 -0.0098 0.9537
vn 0.1339 -0.0421 0.9901
vn -0.2842 -0.0042 0.9588
vn 0.5487 -0.0782 0.8323
vn 0.8198 -0.1031 0.5633
vn -0.6126 0.0310 0.7898
vn -0.6108 0.0149 0.7916
vn -0.8731 0.0641 0.4834
vn -0.8657 0.0401 0.4990
vn -0.6130 0.0440 0.7889
vn -0.8672 0.0563 0.4947
vn -0.9926 0.0822 0.0894
vn -0.9925 0.0555 0.1085
vn -0.9937 0.0466 0.1021
vn -0.9934 0.0649 0.0941
vn -0.8625 0.0694 0.5012
vn -0.5946 0.0617 0.8016
vn -0.9942 0.0236 0.1047
vn -0.8638 0.0396 0.5022
vn -0.6015 0.0676 0.7960
vn -0.6379 0.0350 0.7693
vn -0.2836 0.0584 0.9572
vn -0.8878 -0.0312 0.4592
vn -0.6637 -0.0629 0.7454
vn -0.2633 -0.0412 0.9638
vn -0.9002 -0.1058 0.4224
vn -0.9929 -0.0714 0.0947
vn -0.9856 -0.1397 0.0951
vn -0.9565 -0.2728 0.1032
vn -0.8641 -0.2316 0.4469
vn -0.5862 -0.2571 0.7683
vn -0.8442 -0.5294 0.0840
vn -0.7683 -0.4543 0.4509
vn -0.4276 -0.5247 0.7361
vn -0.5733 -0.7120 0.4054
vn -0.2344 -0.7774 0.5837
vn -0.5701 -0.8142 0.1102
vn -0.7997 -0.5578 -0.2222
vn -0.5259 -0.8398 -0.1346
vn -0.9174 -0.2967 -0.2653
vn -0.1622 -0.9467 0.2781
vn -0.1181 -0.9925 -0.0300
vn -0.4655 -0.7928 -0.3933
vn -0.0329 -0.9363 -0.3497
vn -0.6908 -0.5038 -0.5187
vn -0.3368 -0.6693 -0.6622
vn 0.0309 -0.7489 -0.6620
vn -0.4690 -0.4149 -0.7797
vn 0.2669 -0.9614 0.0664
vn 0.3246 -0.9027 -0.2825
vn 0.3206 -0.7541 -0.5732
vn -0.0820 -0.5088 -0.8570
vn 0.2830 -0.5553 -0.7820
vn -0.2028 -0.2820 -0.9377
vn 0.2497 -0.3012 -0.9203
vn -0.5350 -0.2351 -0.8115
vn 0.5684 -0.5141 -0.6423
vn 0.5157 -0.7230 -0.4597
vn 0.6167 -0.2707 -0.7392
vn 0.1916 -0.1353 -0.9721
vn 0.5808 -0.1158 -0.8057
vn -0.2630 -0.1618 -0.9511
vn 0.8312 -0.1069 -0.5455
vn 0.8492 -0.2377 -0.4716
vn 0.8107 -0.4246 -0.4030
vn 0.9810 -0.1024 -0.1647
vn 0.9597 -0.2618 -0.1019
vn 0.8893 -0.4561 -0.0328
vn 0.7152 -0.6260 -0.3108
vn 0.7477 -0.6640 -0.0063
vn 0.8413 -0.4758 0.2564
vn 0.7216 -0.6529 0.2303
vn 0.9238 -0.2772 0.2641
vn 0.5533 -0.8203 -0.1446
vn 0.5380 -0.8275 0.1606
vn 0.6374 -0.6489 0.4154
vn 0.4209 -0.8098 0.4088
vn 0.7432 -0.4523 0.4931
vn 0.4879 -0.6114 0.6230
vn 0.2663 -0.7126 0.6491
vn 0.5304 -0.4123 0.7407
vn 0.1737 -0.9064 0.3850
vn 0.0594 -0.7614 0.6456
vn 0.2338 -0.4945 0.8371
vn -0.0641 -0.5444 0.8364
vn -0.1678 -0.2627 0.9502
vn 0.2236 -0.2428 0.9440
vn 0.5388 -0.2254 0.8118
vn 0.7827 -0.2558 0.5674
vn 0.1482 -0.0549 0.9874
vn 0.4982 -0.0687 0.8643
vn 0.7878 -0.0785 0.6109
vn 0.9617 -0.0925 0.2579
vn 0.8145 0.0324 0.5792
vn 0.9712 0.0258 0.2367
vn 0.9843 -0.0062 -0.1763
vn 0.8279 -0.0429 -0.5592
vn 0.5734 -0.0608 -0.8170
vn 0.2157 -0.0798 -0.9732
vn -0.2019 -0.1109 -0.9731
vn -0.5585 -0.1788 -0.8100
vn -0.5260 -0.1411 -0.8387
vn -0.7804 -0.1341 -0.6107
vn -0.7667 -0.1835 -0.6152
vn -0.9630 0.0118 -0.2691
vn -0.9574 -0.0935 -0.2733
vn -0.9459 -0.1636 -0.2801
vn -0.7518 -0.2744 -0.5996
vn 0.5205 0.0225 0.8536
vn 0.1218 0.0334 0.9920
vn 0.1514 -0.0983 -0.9836
vn 0.2789 -0.1024 -0.9549
vn -0.0330 -0.0395 -0.9987
vn 0.0087 -0.0213 -0.9997
vn 0.0263 -0.0166 -0.9995
vn -0.2735 0.0079 -0.9618
vn -0.2947 -0.0087 -0.9555
vn -0.2793 0.0015 -0.9602
vn -0.2990 -0.0263 -0.9539
vn 0.0292 -0.0338 -0.9990
vn 0.0076 -0.0767 -0.9970
vn -0.3272 -0.0733 -0.9421
vn -0.0337 -0.0961 -0.9948
vn -0.3471 -0.0824 -0.9342
vn -0.3579 -0.0455 -0.9327
vn -0.0464 -0.0747 -0.9961
vn 0.3266 -0.1156 -0.9381
vn 0.3485 -0.0844 -0.9335
vn 0.6929 -0.1232 -0.7105
vn -0.0423 -0.0428 -0.9982
vn 0.3620 -0.0270 -0.9318
vn -0.0399 -0.0375 -0.9985
vn 0.7118 0.0010 -0.7024
vn -0.3718 -0.0133 -0.9282
vn -0.3736 -0.0449 -0.9265
vn 0.3646 -0.0097 -0.9311
vn -0.0357 -0.0502 -0.9981
vn -0.3933 -0.1027 -0.9136
vn -0.6646 0.0173 -0.7470
vn -0.6537 -0.0411 -0.7556
vn -0.6570 -0.1496 -0.7389
vn -0.4440 -0.0961 -0.8909
vn -0.6930 -0.1158 -0.7116
vn -0.0278 -0.0768 -0.9967
vn -0.4133 -0.1997 -0.8884
vn -0.7078 -0.1227 -0.6956
vn 0.0162 -0.2494 -0.9683
vn 0.3953 -0.0772 -0.9153
vn 0.4245 -0.2677 -0.8649
vn 0.4079 -0.5168 -0.7527
vn 0.0717 -0.5367 -0.8407
vn -0.2879 -0.4707 -0.8340
vn 0.3968 -0.7607 -0.5137
vn 0.1724 -0.7986 -0.5766
vn -0.1216 -0.7881 -0.6034
vn 0.2499 -0.9384 -0.2389
vn -0.0971 -0.9685 -0.2294
vn 0.4958 -0.8490 -0.1826
vn 0.6242 -0.6590 -0.4197
vn 0.7103 -0.6921 -0.1285
vn 0.6990 -0.4536 -0.5529
vn 0.8428 -0.4970 -0.2066
vn 0.9096 -0.2838 -0.3035
vn 0.7224 -0.2533 -0.6434
vn 0.7117 -0.0610 -0.6998
vn 0.9285 -0.0531 -0.3676
vn 0.6954 0.0461 -0.7171
vn 0.9118 0.0870 -0.4013
vn 0.9130 0.0304 -0.4069
vn 0.8923 -0.1499 -0.4258
vn 0.9939 0.0259 -0.1076
vn 0.9948 0.0895 -0.0478
vn 0.9775 -0.1548 -0.1431
vn 0.9565 -0.1382 0.2569
vn 0.9520 0.0064 0.3062
vn 0.7287 -0.0922 0.6786
vn 0.7210 0.0109 0.6928
vn 0.3783 -0.0240 0.9254
vn 0.3979 0.0326 0.9168
vn 0.3454 -0.0394 0.9376
vn -0.0826 -0.0336 0.9960
vn -0.0445 0.0060 0.9990
vn -0.0074 0.0381 0.9992
vn -0.3678 0.0682 0.9274
vn -0.3862 0.0361 0.9217
vn -0.4270 -0.0173 0.9041
vn -0.7067 0.0831 0.7026
vn -0.7196 0.0545 0.6922
vn -0.7526 -0.0039 0.6584
vn -0.3721 0.0592 0.9263
vn -0.0077 0.0576 0.9983
vn -0.7023 0.0529 0.7099
vn -0.9444 0.0593 0.3235
vn -0.9361 0.0899 0.3401
vn -0.9341 0.0484 0.3538
vn -0.9329 -0.0865 0.3496
vn -0.7025 -0.0589 0.7092
vn -0.3793 -0.0060 0.9253
vn -0.9154 -0.1176 0.3851
vn -0.6883 -0.0836 0.7206
vn -0.3866 -0.0534 0.9207
vn -0.3431 -0.1732 0.9232
vn -0.6835 -0.1144 0.7210
vn -0.9105 -0.1757 0.3743
vn 0.0274 -0.0294 0.9992
vn -0.0051 0.0414 0.9991
vn 0.0692 -0.2151 0.9741
vn -0.2058 -0.4355 0.8763
vn 0.1448 -0.4778 0.8664
vn -0.6231 -0.3424 0.7032
vn -0.4687 -0.6699 0.5758
vn -0.0448 -0.7403 0.6708
vn 0.2373 -0.7165 0.6560
vn -0.0610 -0.9514 0.3019
vn 0.2813 -0.8898 0.3594
vn -0.5359 -0.8117 0.2321
vn 0.4274 -0.6769 0.5993
vn 0.5146 -0.7971 0.3159
vn 0.4235 -0.4639 0.7781
vn 0.6098 -0.6012 0.5164
vn 0.6724 -0.4256 0.6056
vn 0.7022 -0.6642 0.2565
vn 0.4408 -0.2259 0.8687
vn 0.7042 -0.2144 0.6768
vn 0.8219 -0.4878 0.2941
vn 0.8962 -0.2657 0.3554
vn 0.4192 -0.0255 0.9075
vn 0.6958 -0.0201 0.7179
vn 0.9205 -0.0320 0.3895
vn 0.9575 -0.2878 0.0171
vn 0.9988 -0.0488 -0.0044
vn 0.8603 -0.5081 0.0399
vn 0.9246 0.0896 0.3703
vn 0.6966 0.0724 0.7138
vn 0.3973 0.0543 0.9161
vn 0.7370 -0.6732 0.0606
vn 0.5597 -0.8263 0.0623
vn 0.3046 -0.9510 0.0535
vn -0.0698 -0.9973 0.0225
vn -0.5559 -0.8311 -0.0149
vn -0.5590 -0.7977 -0.2265
vn -0.8720 -0.4884 -0.0336
vn -0.8331 -0.4428 -0.3313
vn -0.8355 -0.4518 0.3129
vn -0.9794 -0.1973 -0.0420
vn -0.8954 -0.1777 -0.4083
vn -0.5125 -0.6739 -0.5323
vn -0.6584 -0.3494 -0.6667
vn -0.8821 -0.1463 -0.4477
vn -0.9894 -0.1369 -0.0480
vn -0.8933 -0.1471 -0.4246
vn -0.9925 -0.1189 -0.0297
vn -0.9994 0.0309 -0.0159
vn -0.9066 -0.0033 -0.4219
vn -0.9960 0.0840 -0.0310
vn -0.9071 0.0566 -0.4170
vn -0.9975 0.0515 -0.0487
vn -0.9026 0.0237 -0.4298
vn -0.9971 -0.0058 -0.0759
vn -0.8970 -0.0292 -0.4410
vn -0.9591 -0.0011 0.2831
vn -0.7769 -0.0318 0.6288
vn -0.9666 -0.0335 0.2542
vn -0.9945 -0.0382 -0.0977
vn -0.8889 -0.0512 -0.4552
vn -0.8805 -0.0347 -0.4727
vn -0.8677 -0.0307 -0.4961
vn -0.5908 -0.0042 -0.8068
vn -0.6142 -0.0297 -0.7886
vn -0.6347 -0.0652 -0.7700
vn -0.6462 -0.0593 -0.7609
vn -0.6539 -0.0144 -0.7565
vn -0.8428 -0.0314 -0.5373
vn -0.5622 0.0053 -0.8270
vn -0.8111 -0.0382 -0.5836
vn -0.5404 -0.0106 -0.8413
vn -0.9301 -0.2909 -0.2242
vn -0.9284 -0.2940 -0.2272
vn -0.4630 -0.0389 0.8855
vn -0.9798 -0.1396 -0.1431
vn -0.8942 -0.3969 -0.2072
vn -0.5352 -0.3681 0.7603
vn 0.9987 -0.0163 -0.0482
vn 0.9506 -0.2480 0.1869
vn 0.7629 -0.6415 -0.0806
vn 0.8819 -0.4658 0.0727
vn 0.9178 -0.1811 0.3533
vn 0.9057 -0.3253 0.2717
vn 0.8579 -0.3765 -0.3498
vn 0.5360 -0.6050 -0.5888
vn 0.9639 -0.2645 -0.0311
vn 0.8064 -0.1927 0.5591
vn 0.9091 -0.1860 0.3729
vn 0.8714 -0.0705 0.4854
vn 0.7072 -0.0934 0.7008
vn 0.4705 -0.0117 0.8823
vn 0.7506 -0.0382 0.6597
vn 0.9564 -0.0832 0.2798
vn 0.5017 -0.0230 0.8648
vn 0.7723 -0.0682 0.6316
vn 0.9598 -0.1201 0.2538
vn 0.9774 -0.1276 -0.1684
vn 0.9732 -0.1535 -0.1710
vn 0.9556 -0.1840 0.2303
vn 0.9622 -0.2195 -0.1612
vn 0.7948 -0.1202 0.5948
vn 0.9721 -0.1563 0.1751
vn 0.9687 -0.1716 -0.1796
vn 0.8345 -0.1218 0.5373
vn 0.5981 -0.0868 0.7967
vn 0.5470 -0.0579 0.8351
vn 0.2257 -0.0051 0.9742
vn 0.2732 -0.0521 0.9606
vn 0.1654 0.0121 0.9862
vn 0.1249 0.0110 0.9921
vn -0.2182 0.0347 0.9753
vn -0.1609 0.0334 0.9864
vn -0.2531 0.0333 0.9669
vn -0.5633 0.0401 0.8253
vn -0.5562 0.0346 0.8303
vn -0.8127 0.0133 0.5825
vn -0.8164 0.0041 0.5775
vn -0.9759 -0.0211 0.2173
vn -0.9714 -0.0306 0.2356
vn -0.9736 -0.0305 -0.2260
vn -0.9815 -0.0449 -0.1862
vn -0.9652 -0.1560 -0.2099
vn -0.9634 -0.2674 -0.0200
vn -0.8867 -0.3245 -0.3292
vn -0.8113 -0.1836 -0.5550
vn -0.7950 -0.0386 -0.6054
vn -0.7304 -0.3405 -0.5921
vn -0.6446 -0.2016 -0.7375
vn -0.5514 -0.0674 -0.8315
vn -0.5241 -0.0642 -0.8492
vn -0.8012 -0.0497 -0.5964
vn -0.9851 0.0234 -0.1706
vn -0.8043 -0.0026 -0.5942
vn -0.5131 -0.0331 -0.8577
vn -0.2308 -0.0893 -0.9689
vn -0.1987 -0.0743 -0.9772
vn -0.2768 -0.1388 -0.9509
vn -0.1722 -0.0539 -0.9836
vn -0.5027 -0.0185 -0.8642
vn -0.8002 0.0178 -0.5995
vn 0.1936 -0.1333 -0.9720
vn 0.1456 -0.1216 -0.9818
vn 0.2312 -0.0983 -0.9679
vn 0.6287 -0.1387 -0.7652
vn 0.5902 -0.1827 -0.7863
vn 0.5553 -0.1487 -0.8182
vn 0.0988 -0.1950 -0.9758
vn 0.5210 -0.2307 -0.8218
vn 0.8361 -0.1588 -0.5251
vn 0.8446 -0.2120 -0.4916
vn 0.8268 -0.1706 -0.5359
vn -0.0340 -0.5351 -0.8441
vn 0.0775 -0.9970 0.0058
vn -0.4473 -0.8762 0.1793
vn -0.5386 -0.3715 -0.7563
vn -0.7123 -0.6748 0.1930
vn -0.7433 -0.4507 -0.4943
vn -0.7791 -0.6001 0.1814
vn -0.9233 -0.2911 -0.2507
vn -0.9605 -0.2685 -0.0730
vn -0.9689 -0.1440 0.2012
vn -0.9896 -0.0671 0.1270
vn -0.9165 -0.2167 0.3363
vn -0.9593 -0.2335 0.1586
vn -0.6291 -0.3784 0.6790
vn -0.2867 -0.2271 0.9307
vn -0.3814 -0.0395 0.9236
vn -0.5109 -0.2189 0.8313
vn -0.5819 -0.0919 0.8080
vn -0.6120 -0.1864 0.7686
vn -0.8500 -0.1869 0.4925
vn -0.8319 -0.1104 0.5439
vn -0.8751 -0.2309 0.4253
vn -0.9038 -0.1946 0.3812
vn -0.9741 -0.1799 0.1373
vn -0.8450 -0.0464 0.5327
vn -0.5744 -0.0062 0.8186
vn -0.8570 -0.0263 0.5147
vn -0.5794 0.0133 0.8150
vn -0.2829 0.0150 0.9590
vn -0.2546 0.0261 0.9667
vn -0.5788 0.0234 0.8152
vn -0.2299 0.0163 0.9731
vn -0.8630 0.0075 0.5052
vn -0.8633 0.0141 0.5045
vn -0.5831 -0.0030 0.8124
vn -0.2317 -0.0255 0.9725
vn 0.1450 -0.0071 0.9894
vn 0.1050 0.0128 0.9944
vn 0.1505 -0.0492 0.9874
vn -0.2275 -0.0525 0.9724
vn 0.1506 -0.0780 0.9855
vn -0.5771 -0.0221 0.8164
vn -0.2028 -0.0427 0.9783
vn 0.1634 -0.0715 0.9840
vn -0.5608 -0.0090 0.8279
vn -0.8555 0.0136 0.5175
vn -0.8590 0.0029 0.5119
vn -0.1837 -0.0045 0.9830
vn -0.5443 0.0229 0.8386
vn -0.8480 0.0363 0.5287
vn -0.9920 0.0203 0.1243
vn -0.9916 0.0344 0.1243
vn -0.9919 0.0172 0.1260
vn -0.8479 0.0503 0.5277
vn -0.5342 0.0363 0.8446
vn -0.9922 0.0509 0.1137
vn -0.9604 0.0160 -0.2781
vn -0.9555 0.0327 -0.2932
vn -0.9629 0.0069 -0.2699
vn -0.7572 -0.0084 -0.6532
vn -0.7474 0.0100 -0.6643
vn -0.7587 -0.0181 -0.6512
vn -0.4239 -0.0302 -0.9052
vn -0.4110 -0.0058 -0.9116
vn -0.4169 -0.0465 -0.9078
vn -0.9647 0.0156 -0.2627
vn -0.7677 -0.0007 -0.6408
vn -0.4272 -0.0274 -0.9038
vn -0.0330 -0.0510 -0.9982
vn -0.0488 -0.0662 -0.9966
vn -0.0572 -0.0522 -0.9970
vn 0.2843 -0.0813 -0.9553
vn 0.2909 -0.0732 -0.9540
vn 0.3304 -0.0586 -0.9420
vn -0.0333 -0.0217 -0.9992
vn 0.3178 -0.0456 -0.9470
vn 0.6448 -0.0753 -0.7606
vn 0.6118 -0.1154 -0.7825
vn 0.6251 -0.0788 -0.7765
vn 0.8828 -0.0831 -0.4624
vn 0.8656 -0.1424 -0.4801
vn 0.8842 -0.1027 -0.4557
vn 0.6596 -0.0607 -0.7491
vn 0.8977 -0.0680 -0.4353
vn 0.6765 -0.0896 -0.7310
vn 0.9004 -0.1196 -0.4182
vn 0.3602 -0.0571 -0.9311
vn -0.0050 -0.0235 -0.9997
vn 0.3597 -0.0581 -0.9312
vn 0.6703 -0.1144 -0.7332
vn 0.0097 -0.0095 -0.9999
vn -0.4061 0.0059 -0.9138
vn -0.3761 0.0172 -0.9264
vn -0.7554 0.0237 -0.6549
vn -0.7318 0.0197 -0.6812
vn -0.9534 0.0041 -0.3016
vn -0.9609 0.0299 -0.2754
vn -0.9930 0.0243 0.1157
vn -0.9947 -0.0076 0.1023
vn 0.8951 -0.1570 -0.4173
vn 0.9871 -0.1321 -0.0902
vn 0.9835 -0.1684 -0.0666
vn 0.9535 -0.1199 0.2763
vn 0.9393 -0.1354 0.3151
vn 0.7675 -0.0936 0.6342
vn 0.7463 -0.0825 0.6605
vn 0.7067 -0.0631 0.7047
vn 0.6648 -0.1250 0.7364
vn 0.4276 -0.0205 0.9037
vn 0.3544 -0.0839 0.9313
vn 0.4741 -0.0398 0.8796
vn 0.0379 -0.0200 0.9991
vn 0.4897 -0.0709 0.8690
vn 0.4888 -0.0907 0.8676
vn 0.7721 -0.0920 0.6288
vn 0.4820 -0.0842 0.8721
vn 0.7608 -0.0880 0.6430
vn 0.4815 -0.0713 0.8736
vn 0.7632 -0.1067 0.6373
vn 0.1725 -0.0373 0.9843
vn 0.2170 -0.0118 0.9761
vn 0.5313 -0.0469 0.8459
vn -0.1562 0.0156 0.9876
vn -0.1557 0.0062 0.9878
vn -0.5292 0.0148 0.8484
vn 0.2214 0.0001 0.9752
vn -0.5758 -0.0298 0.8171
vn -0.2141 -0.0213 0.9766
vn 0.1700 -0.0101 0.9854
vn 0.5425 -0.0109 0.8400
vn 0.5206 -0.0249 0.8534
vn 0.7982 -0.0828 0.5967
vn 0.8096 -0.0254 0.5864
vn 0.7916 -0.0505 0.6090
vn 0.5287 -0.1307 0.8387
vn 0.7911 -0.1601 0.5904
vn 0.1251 -0.0964 0.9875
vn 0.7624 -0.3246 0.5598
vn 0.4964 -0.3326 0.8018
vn 0.1216 -0.3055 0.9444
vn -0.2837 -0.0801 0.9556
vn -0.2582 -0.2387 0.9362
vn -0.6028 -0.0614 0.7955
vn -0.6002 -0.1479 0.7860
vn -0.8574 -0.0631 0.5107
vn -0.8640 -0.1679 0.4748
vn -0.8582 -0.0365 0.5120
vn -0.8447 0.0173 0.5350
vn -0.9933 -0.0306 0.1117
vn -0.9927 -0.0621 0.1030
vn -0.9940 0.0236 0.1068
vn -0.9486 0.0119 -0.3162
vn -0.9490 -0.0398 -0.3126
vn -0.7382 -0.0085 -0.6745
vn -0.7498 -0.0580 -0.6591
vn -0.4118 -0.0132 -0.9112
vn -0.4624 -0.0477 -0.8854
vn -0.5262 -0.0912 -0.8455
vn -0.7575 -0.0792 -0.6480
vn -0.9390 -0.0719 -0.3364
vn -0.7491 -0.1310 -0.6494
vn -0.9344 -0.1606 -0.3181
vn -0.5012 -0.2136 -0.8385
vn -0.9808 -0.1721 0.0912
vn -0.8886 -0.3796 -0.2574
vn -0.9068 -0.4125 0.0869
vn -0.7081 -0.3144 -0.6323
vn -0.6716 -0.7156 -0.1920
vn -0.6748 -0.7332 0.0840
vn -0.5832 -0.6173 -0.5281
vn -0.8175 -0.4088 0.4056
vn -0.5970 -0.7358 0.3197
vn -0.3051 -0.9504 0.0603
vn -0.2239 -0.9213 0.3179
vn -0.3014 -0.9203 -0.2493
vn -0.4550 -0.6530 0.6054
vn -0.5589 -0.3665 0.7439
vn -0.1137 -0.7735 0.6236
vn 0.0454 -0.9481 0.3146
vn 0.0993 -0.8021 0.5889
vn -0.0020 -0.9995 0.0321
vn 0.2989 -0.9244 0.2371
vn 0.2882 -0.9576 0.0042
vn 0.2998 -0.7949 0.5275
vn 0.5513 -0.7223 0.4176
vn 0.5856 -0.7953 0.1568
vn 0.5858 -0.8100 -0.0256
vn 0.2469 -0.9333 -0.2610
vn 0.5438 -0.8049 -0.2378
vn -0.0245 -0.9563 -0.2914
vn 0.7830 -0.5904 0.1961
vn 0.7853 -0.6171 -0.0504
vn 0.7267 -0.6033 -0.3285
vn 0.9145 -0.3981 -0.0725
vn 0.8905 -0.3799 0.2506
vn 0.8209 -0.3828 -0.4238
vn 0.6869 -0.5208 0.5069
vn 0.9426 -0.1856 0.2775
vn 0.9788 -0.1828 -0.0925
vn 0.4059 -0.5694 0.7149
vn 0.9921 -0.0310 -0.1215
vn 0.9646 -0.0511 0.2587
vn 0.9775 -0.0253 0.2093
vn 0.9896 -0.0132 -0.1433
vn 0.8914 -0.0106 -0.4531
vn 0.8720 -0.0262 -0.4887
vn 0.8596 -0.1678 -0.4827
vn 0.6514 -0.0148 -0.7586
vn 0.6104 -0.0331 -0.7914
vn 0.6033 -0.1385 -0.7854
vn 0.5915 -0.3203 -0.7400
vn 0.2784 -0.0216 -0.9602
vn 0.2694 -0.1143 -0.9562
vn 0.2501 -0.3171 -0.9148
vn 0.5398 -0.5320 -0.6524
vn 0.2002 -0.5646 -0.8007
vn 0.4456 -0.7279 -0.5212
vn 0.1725 -0.7938 -0.5832
vn -0.1210 -0.5429 -0.8310
vn -0.0487 -0.7908 -0.6101
vn -0.2728 -0.7415 -0.6130
vn -0.4046 -0.4442 -0.7994
vn -0.1578 -0.2810 -0.9466
vn -0.1593 -0.0927 -0.9829
vn -0.1007 -0.0225 -0.9947
vn -0.0353 -0.0077 -0.9993
vn 0.3222 -0.0083 -0.9466
vn 0.9828 -0.1175 -0.1425
vn 0.9789 -0.1518 -0.1371
vn 0.9697 -0.1097 0.2181
vn 0.9571 -0.1386 0.2546
vn 0.9900 -0.0821 -0.1147
vn 0.9581 -0.0871 0.2730
vn 0.9914 -0.0739 -0.1083
vn 0.9618 -0.0848 0.2603
vn 0.1143 -0.5711 0.8129
vn -0.1801 -0.4961 0.8494
vn 0.0669 -0.4438 0.8936
vn 0.8663 -0.1645 -0.4717
vn 0.8567 -0.0800 -0.5096
vn 0.5936 -0.0776 -0.8010
vn 0.9757 -0.0757 -0.2055
vn 0.9828 -0.0904 0.1612
vn 0.9748 -0.1027 0.1979
vn 0.9711 -0.1004 -0.2163
vn 0.8243 -0.1042 -0.5564
vn 0.9765 -0.1078 0.1867
vn 0.9641 -0.1273 -0.2331
vn 0.8136 -0.1251 -0.5678
vn 0.5477 -0.0966 -0.8311
vn 0.5321 -0.1058 -0.8400
vn 0.8076 -0.0844 -0.5836
vn 0.5157 -0.0720 -0.8537
vn 0.9637 -0.0861 -0.2527
vn 0.5122 -0.0365 -0.8581
vn 0.8053 -0.0360 -0.5918
vn 0.9646 -0.0372 -0.2610
vn 0.9835 -0.0731 0.1656
vn 0.9881 -0.0450 0.1468
vn 0.9845 -0.0767 0.1575
vn 0.9657 -0.0612 -0.2524
vn 0.7863 -0.0560 -0.6153
vn 0.9540 -0.1842 -0.2363
vn 0.7692 -0.1656 -0.6172
vn 0.9696 -0.1829 0.1626
vn 0.9313 -0.3398 0.1316
vn 0.9061 -0.3608 -0.2210
vn 0.7517 -0.3332 -0.5691
vn 0.8381 -0.5394 0.0813
vn 0.7996 -0.5677 -0.1956
vn 0.6938 -0.5362 -0.4808
vn 0.7675 -0.4687 0.4374
vn 0.8313 -0.2813 0.4794
vn 0.8500 -0.1474 0.5058
vn 0.6380 -0.7668 0.0704
vn 0.6125 -0.7758 -0.1515
vn 0.6291 -0.6887 0.3604
vn 0.4847 -0.5079 0.7121
vn 0.3831 -0.7580 0.5280
vn 0.5647 -0.2804 0.7762
vn 0.2127 -0.4958 0.8420
vn 0.1961 -0.7546 0.6262
vn 0.2190 -0.2462 0.9442
vn 0.3687 -0.9050 0.2121
vn 0.1337 -0.9400 0.3140
vn -0.0627 -0.7196 0.6916
vn -0.1880 -0.9072 0.3762
vn -0.1127 -0.4207 0.9002
vn -0.4445 -0.5784 0.6840
vn -0.6126 -0.6720 0.4162
vn -0.5354 -0.2810 0.7965
vn 0.0601 -0.9981 -0.0105
vn -0.3058 -0.9489 0.0785
vn -0.6993 -0.6929 0.1757
vn -0.9152 -0.3316 0.2289
vn -0.8019 -0.3146 0.5079
vn -0.9669 -0.0758 0.2436
vn -0.8257 -0.0787 0.5586
vn -0.5724 -0.0770 0.8163
vn -0.1856 -0.1766 0.9666
vn -0.2220 -0.0423 0.9741
vn -0.5877 -0.0073 0.8090
vn -0.8212 0.0015 0.5706
vn 0.2163 -0.0811 0.9730
vn 0.5921 -0.1169 0.7974
vn 0.2287 -0.0026 0.9735
vn -0.1928 0.0076 0.9812
vn 0.5865 -0.0247 0.8096
vn 0.8478 -0.0581 0.5270
vn 0.5765 0.0022 0.8171
vn 0.2476 0.0207 0.9686
vn 0.8387 -0.0268 0.5439
vn 0.8221 -0.0422 0.5678
vn 0.5567 -0.0145 0.8306
vn 0.5664 -0.0498 0.8226
vn 0.8155 -0.0744 0.5740
vn 0.5751 -0.0935 0.8127
vn 0.8151 -0.1013 0.5704
vn 0.2556 -0.0281 0.9664
vn 0.2346 0.0062 0.9721
vn 0.2646 -0.0756 0.9614
vn 0.2808 -0.0934 0.9552
vn 0.5996 -0.1062 0.7933
vn 0.8397 -0.1050 0.5328
vn -0.1092 -0.0641 0.9919
vn -0.1183 -0.0466 0.9919
vn -0.1281 -0.0155 0.9916
vn -0.5106 0.0198 0.8596
vn -0.4923 -0.0330 0.8698
vn -0.5281 0.0580 0.8472
vn -0.8107 0.0598 0.5824
vn -0.8060 0.0446 0.5902
vn -0.9683 0.0560 0.2433
vn -0.9688 0.0452 0.2437
vn -0.9832 0.0473 -0.1765
vn -0.8191 -0.0203 -0.5734
vn -0.9889 -0.0062 -0.1481
vn -0.9641 -0.0056 0.2656
vn -0.8284 -0.0150 -0.5599
vn -0.9904 0.0034 -0.1379
vn -0.9644 0.0097 0.2644
vn -0.9886 0.0241 -0.1489
vn -0.9677 0.0409 0.2488
vn -0.8283 -0.0031 -0.5602
vn -0.8030 0.0054 0.5959
vn -0.7949 -0.0147 0.6065
vn -0.8116 0.0405 0.5828
vn -0.5027 -0.0142 0.8643
vn -0.5108 0.0236 0.8594
vn -0.8233 0.0473 0.5657
vn -0.5329 0.0381 0.8453
vn -0.9723 0.0494 0.2285
vn -0.8186 0.0268 0.5737
vn -0.5327 0.0238 0.8460
vn -0.9710 0.0367 0.2362
vn -0.9856 0.0337 -0.1659
vn -0.9869 0.0296 -0.1588
vn -0.9896 0.0183 -0.1425
vn -0.9696 0.0208 0.2436
vn -0.8206 0.0051 0.5714
vn -0.9687 0.0138 0.2477
vn -0.9911 0.0097 -0.1327
vn -0.5665 0.0013 0.8241
vn -0.1469 0.0290 0.9887
vn -0.1503 0.0255 0.9883
vn -0.1246 -0.0021 0.9922
vn -0.8660 0.0245 -0.4994
vn -0.8842 0.0110 -0.4669
vn -0.8393 0.0269 -0.5430
vn -0.9897 -0.0727 -0.1230
vn -0.8781 -0.0600 -0.4747
vn -0.6405 -0.0085 -0.7679
vn -0.6144 -0.1425 -0.7760
vn -0.6196 0.0385 -0.7840
vn -0.2706 -0.0454 -0.9616
vn -0.2530 -0.2058 -0.9453
vn -0.2837 0.0180 -0.9587
vn -0.2910 0.0184 -0.9565
vn -0.5897 0.0338 -0.8069
vn -0.5813 0.0017 -0.8137
vn -0.2930 -0.0167 -0.9560
vn -0.8304 0.0136 -0.5571
vn 0.0950 -0.0131 -0.9954
vn 0.1046 -0.0244 -0.9942
vn 0.0929 -0.0454 -0.9946
vn -0.2729 -0.0445 -0.9610
vn 0.1153 -0.0745 -0.9905
vn -0.5654 -0.0244 -0.8244
vn -0.2451 -0.0522 -0.9681
vn 0.1431 -0.0734 -0.9870
vn -0.5516 -0.0364 -0.8333
vn -0.5326 -0.0371 -0.8455
vn -0.2136 -0.0470 -0.9758
vn 0.1836 -0.0606 -0.9811
vn 0.4894 -0.0542 -0.8704
vn 0.4812 -0.1299 -0.8669
vn 0.1235 -0.0945 -0.9878
vn 0.4840 -0.2617 -0.8350
vn 0.1221 -0.2480 -0.9610
vn 0.0937 -0.4765 -0.8742
vn -0.2092 -0.4581 -0.8639
vn 0.4561 -0.4491 -0.7683
vn 0.0997 -0.7268 -0.6796
vn -0.1198 -0.7231 -0.6803
vn 0.3839 -0.6613 -0.6444
vn 0.2326 -0.8942 -0.3826
vn -0.0257 -0.9326 -0.3599
vn 0.5284 -0.7586 -0.3813
vn -0.3494 -0.8987 -0.2652
vn -0.3894 -0.6839 -0.6170
vn -0.5262 -0.3809 -0.7603
vn -0.7159 -0.5467 -0.4343
vn -0.8408 -0.2523 -0.4789
vn -0.7439 -0.6607 -0.1000
vn -0.9484 -0.3034 -0.0918
vn 0.3513 -0.9323 -0.0861
vt 0.064581 0.926520
vt 0.057982 0.926359
vt 0.058273 0.916562
vt 0.064470 0.916919
vt 0.070067 0.917170
vt 0.070282 0.926473
vt 0.075286 0.926019
vt 0.074670 0.916913
vt 0.074234 0.910009
vt 0.070036 0.909770
vt 0.064942 0.909023
vt 0.715927 0.662768
vt 0.712327 0.666569
vt 0.709027 0.663768
vt 0.712827 0.659369
vt 0.704727 0.660769
vt 0.708927 0.654568
vt 0.716127 0.656668
vt 0.719127 0.659968
vt 0.713527 0.653768
vt 0.718727 0.665869
vt 0.721927 0.663368
vt 0.714927 0.669268
vt 0.721227 0.669168
vt 0.724327 0.667068
vt 0.717427 0.672269
vt 0.647227 0.665168
vt 0.651527 0.668168
vt 0.649227 0.671569
vt 0.645127 0.668868
vt 0.641627 0.667269
vt 0.643527 0.663068
vt 0.639527 0.661169
vt 0.637627 0.665968
vt 0.725427 0.660868
vt 0.728027 0.665069
vt 0.645727 0.659168
vt 0.649627 0.661368
vt 0.641927 0.656869
vt 0.647527 0.656268
vt 0.651827 0.656968
vt 0.644827 0.653468
vt 0.637227 0.653969
vt 0.640127 0.649568
vt 0.635027 0.659168
vt 0.633727 0.645868
vt 0.631727 0.651268
vt 0.630127 0.657268
vt 0.633227 0.664568
vt 0.628927 0.663168
vt 0.729527 0.658068
vt 0.732427 0.662569
vt 0.733827 0.655069
vt 0.737127 0.659669
vt 0.737827 0.652068
vt 0.741527 0.656568
vt 0.627827 0.659468
vt 0.628127 0.656568
vt 0.625327 0.661968
vt 0.625727 0.658768
vt 0.625627 0.656069
vt 0.622027 0.658269
vt 0.621227 0.655769
vt 0.622927 0.661469
vt 0.619827 0.658669
vt 0.618427 0.656368
vt 0.621327 0.661268
vt 0.746427 0.649168
vt 0.748627 0.651968
vt 0.745227 0.654068
vt 0.741527 0.649468
vt 0.742127 0.646268
vt 0.745427 0.646668
vt 0.737327 0.644768
vt 0.739227 0.643468
vt 0.734127 0.647268
vt 0.742627 0.644468
vt 0.744627 0.644068
vt 0.741327 0.642769
vt 0.748727 0.645168
vt 0.749927 0.647568
vt 0.747427 0.642869
vt 0.746227 0.640768
vt 0.743327 0.642069
vt 0.742527 0.639668
vt 0.745627 0.638169
vt 0.740627 0.640669
vt 0.741827 0.637268
vt 0.744927 0.635768
vt 0.739227 0.639668
vt 0.748727 0.636769
vt 0.748027 0.634269
vt 0.749727 0.639068
vt 0.753427 0.637168
vt 0.752527 0.634969
vt 0.751727 0.632769
vt 0.747827 0.631968
vt 0.751227 0.630669
vt 0.744427 0.633268
vt 0.747827 0.629668
vt 0.750827 0.628568
vt 0.744727 0.630468
vt 0.601227 0.651268
vt 0.603027 0.648468
vt 0.604727 0.650069
vt 0.602927 0.652668
vt 0.604427 0.645669
vt 0.606427 0.647469
vt 0.740927 0.634569
vt 0.741727 0.630669
vt 0.605327 0.643468
vt 0.607827 0.645168
vt 0.609927 0.646769
vt 0.608327 0.649068
vt 0.606427 0.651568
vt 0.610327 0.650868
vt 0.608327 0.653168
vt 0.612227 0.648668
vt 0.614427 0.646369
vt 0.611327 0.644468
vt 0.608727 0.643068
vt 0.612327 0.652768
vt 0.614527 0.651069
vt 0.617827 0.648768
vt 0.618827 0.642968
vt 0.615427 0.642268
vt 0.612327 0.641568
vt 0.616127 0.638869
vt 0.619627 0.638768
vt 0.612727 0.638768
vt 0.627227 0.638869
vt 0.626227 0.643969
vt 0.625227 0.649868
vt 0.636727 0.640168
vt 0.619527 0.652469
vt 0.625227 0.652368
vt 0.628627 0.652768
vt 0.616527 0.653668
vt 0.616027 0.657268
vt 0.614227 0.654969
vt 0.613527 0.658669
vt 0.611727 0.656668
vt 0.610027 0.654868
vt 0.608027 0.657068
vt 0.606327 0.655568
vt 0.609527 0.658768
vt 0.606427 0.659068
vt 0.604727 0.657468
vt 0.607827 0.660769
vt 0.609227 0.662668
vt 0.611127 0.660668
vt 0.606127 0.662768
vt 0.604527 0.661169
vt 0.607627 0.664568
vt 0.610527 0.664468
vt 0.609027 0.666268
vt 0.612627 0.662468
vt 0.611927 0.665968
vt 0.610327 0.667969
vt 0.614227 0.664168
vt 0.615127 0.660668
vt 0.616827 0.662569
vt 0.617627 0.659369
vt 0.619427 0.661469
vt 0.751727 0.649669
vt 0.753327 0.645369
vt 0.754927 0.647268
vt 0.752027 0.643368
vt 0.756927 0.643169
vt 0.758127 0.644969
vt 0.755727 0.641268
vt 0.750827 0.641268
vt 0.754527 0.639169
vt 0.759027 0.639468
vt 0.757827 0.637469
vt 0.756827 0.635468
vt 0.755827 0.633469
vt 0.760127 0.636268
vt 0.759127 0.634269
vt 0.758127 0.632168
vt 0.754927 0.631369
vt 0.757227 0.630068
vt 0.754127 0.629469
vt 0.756427 0.628168
vt 0.753427 0.627468
vt 0.755427 0.626269
vt 0.597827 0.655868
vt 0.599327 0.653668
vt 0.601127 0.654868
vt 0.599327 0.657268
vt 0.602927 0.656169
vt 0.601127 0.658468
vt 0.604627 0.654068
vt 0.602827 0.659769
vt 0.597527 0.659669
vt 0.599127 0.661068
vt 0.600727 0.662569
vt 0.602227 0.664168
vt 0.603827 0.665769
vt 0.601627 0.668269
vt 0.600127 0.666668
vt 0.598527 0.665268
vt 0.597827 0.669668
vt 0.596327 0.668369
vt 0.599127 0.671068
vt 0.600427 0.672669
vt 0.603127 0.669868
vt 0.605327 0.667368
vt 0.598027 0.672368
vt 0.599127 0.673769
vt 0.596727 0.670968
vt 0.595627 0.672368
vt 0.596827 0.673468
vt 0.597727 0.674868
vt 0.600027 0.675469
vt 0.598327 0.676368
vt 0.601627 0.674268
vt 0.600027 0.677369
vt 0.598927 0.677868
vt 0.602727 0.675869
vt 0.604727 0.671569
vt 0.606327 0.672969
vt 0.607027 0.668868
vt 0.608927 0.670169
vt 0.765027 0.638668
vt 0.766327 0.640468
vt 0.763927 0.641968
vt 0.762527 0.640068
vt 0.768527 0.636769
vt 0.769827 0.638569
vt 0.767327 0.635168
vt 0.763727 0.637069
vt 0.761327 0.638268
vt 0.771127 0.632769
vt 0.772327 0.634269
vt 0.773527 0.635768
vt 0.773827 0.632769
vt 0.772627 0.631568
vt 0.775627 0.633368
vt 0.776427 0.632469
vt 0.775127 0.631269
vt 0.773927 0.630269
vt 0.771427 0.629968
vt 0.772827 0.628968
vt 0.769827 0.631068
vt 0.770427 0.628368
vt 0.771927 0.627568
vt 0.768827 0.629268
vt 0.764827 0.631369
vt 0.765927 0.633268
vt 0.762227 0.635269
vt 0.760927 0.633268
vt 0.759927 0.631269
vt 0.763727 0.629368
vt 0.759127 0.629169
vt 0.762927 0.627369
vt 0.758427 0.627069
vt 0.762127 0.625368
vt 0.766427 0.623769
vt 0.767127 0.625569
vt 0.767827 0.627468
vt 0.768527 0.623369
vt 0.768827 0.624968
vt 0.769527 0.626669
vt 0.771227 0.626068
vt 0.770627 0.624569
vt 0.771827 0.624268
vt 0.772627 0.625668
vt 0.773227 0.626868
vt 0.773827 0.625269
vt 0.774527 0.626269
vt 0.773127 0.624268
vt 0.773927 0.627968
vt 0.775027 0.627268
vt 0.775627 0.625868
vt 0.776227 0.627168
vt 0.774627 0.624469
vt 0.776727 0.625169
vt 0.777127 0.626669
vt 0.775427 0.623769
vt 0.774127 0.622369
vt 0.773527 0.623369
vt 0.772027 0.623069
vt 0.772427 0.621969
vt 0.770427 0.623069
vt 0.770227 0.621368
vt 0.590127 0.672168
vt 0.591227 0.671869
vt 0.591227 0.673468
vt 0.590227 0.673868
vt 0.589927 0.670069
vt 0.591527 0.670268
vt 0.590327 0.668868
vt 0.592127 0.668369
vt 0.768927 0.621569
vt 0.591227 0.665769
vt 0.592927 0.666469
vt 0.765727 0.621969
vt 0.761527 0.623469
vt 0.593427 0.661668
vt 0.595227 0.662668
vt 0.596927 0.663868
vt 0.594627 0.667269
vt 0.593727 0.668968
vt 0.595327 0.669868
vt 0.593027 0.670668
vt 0.594427 0.671368
vt 0.593827 0.672669
vt 0.592627 0.671768
vt 0.594727 0.673468
vt 0.595627 0.674369
vt 0.593927 0.674668
vt 0.593127 0.673868
vt 0.594727 0.675368
vt 0.592027 0.674668
vt 0.593227 0.675869
vt 0.594227 0.676668
vt 0.595627 0.676068
vt 0.595427 0.677168
vt 0.596727 0.675469
vt 0.592227 0.676868
vt 0.593627 0.677468
vt 0.595427 0.678369
vt 0.596927 0.676969
vt 0.597027 0.678168
vt 0.776027 0.629968
vt 0.777127 0.630368
vt 0.776527 0.628469
vt 0.777627 0.628769
vt 0.774827 0.629368
vt 0.775527 0.628368
vt 0.591227 0.675368
vt 0.592327 0.673068
vt 0.595827 0.658269
vt 0.757927 0.624968
vt 0.760127 0.641369
vt 0.761227 0.643368
vt 0.634427 0.633169
vt 0.626927 0.633968
vt 0.619727 0.635068
vt 0.632827 0.627769
vt 0.626027 0.629268
vt 0.619327 0.631168
vt 0.618927 0.626969
vt 0.625027 0.624869
vt 0.631227 0.622868
vt 0.616227 0.635568
vt 0.615927 0.632069
vt 0.615827 0.628069
vt 0.612727 0.629768
vt 0.612827 0.632868
vt 0.612927 0.635969
vt 0.614827 0.624469
vt 0.618527 0.622468
vt 0.611127 0.626868
vt 0.609627 0.630768
vt 0.608327 0.628168
vt 0.609727 0.633568
vt 0.606327 0.632168
vt 0.605727 0.629869
vt 0.606427 0.633968
vt 0.606127 0.625569
vt 0.607527 0.623668
vt 0.604527 0.627468
vt 0.734927 0.611869
vt 0.737327 0.612969
vt 0.735527 0.615869
vt 0.732427 0.614568
vt 0.734027 0.618668
vt 0.728927 0.616868
vt 0.602527 0.625368
vt 0.603727 0.623268
vt 0.737627 0.608868
vt 0.739427 0.610268
vt 0.732927 0.609968
vt 0.735827 0.607368
vt 0.730427 0.612468
vt 0.729027 0.610869
vt 0.731427 0.608369
vt 0.734327 0.605769
vt 0.729927 0.606869
vt 0.732827 0.604069
vt 0.727427 0.609568
vt 0.727527 0.612269
vt 0.726227 0.611468
vt 0.727927 0.613769
vt 0.725327 0.613168
vt 0.723927 0.615569
vt 0.733427 0.621368
vt 0.726727 0.620569
vt 0.721427 0.618369
vt 0.733627 0.623868
vt 0.726727 0.623968
vt 0.720427 0.622669
vt 0.609627 0.636068
vt 0.606327 0.635568
vt 0.727827 0.628168
vt 0.734627 0.626269
vt 0.609527 0.638368
vt 0.606327 0.637369
vt 0.609327 0.640768
vt 0.606227 0.639468
vt 0.605727 0.641568
vt 0.736527 0.628668
vt 0.731027 0.632568
vt 0.739027 0.630368
vt 0.735827 0.637769
vt 0.730227 0.641868
vt 0.725427 0.636268
vt 0.730127 0.650568
vt 0.725827 0.645768
vt 0.721027 0.640868
vt 0.717727 0.645768
vt 0.722127 0.649768
vt 0.726027 0.653969
vt 0.722427 0.657169
vt 0.718927 0.653569
vt 0.715127 0.650468
vt 0.710227 0.648169
vt 0.712527 0.642268
vt 0.715427 0.636168
vt 0.707127 0.639269
vt 0.709427 0.632568
vt 0.703527 0.645168
vt 0.702227 0.637069
vt 0.703627 0.630569
vt 0.700827 0.640969
vt 0.701827 0.651968
vt 0.694627 0.650268
vt 0.695827 0.644768
vt 0.696627 0.640568
vt 0.697327 0.635868
vt 0.688427 0.642368
vt 0.692427 0.639569
vt 0.692227 0.635468
vt 0.692427 0.628869
vt 0.698127 0.629268
vt 0.692727 0.621068
vt 0.699127 0.619769
vt 0.705027 0.622968
vt 0.702227 0.614769
vt 0.706327 0.616669
vt 0.699827 0.613769
vt 0.697227 0.613968
vt 0.693027 0.614568
vt 0.710827 0.617269
vt 0.712027 0.623568
vt 0.719927 0.629469
vt 0.716027 0.619568
vt 0.713527 0.617768
vt 0.718927 0.613868
vt 0.715627 0.612368
vt 0.712427 0.611169
vt 0.720627 0.607368
vt 0.718627 0.606668
vt 0.716727 0.605968
vt 0.711927 0.608768
vt 0.715327 0.604968
vt 0.707327 0.611569
vt 0.708327 0.608168
vt 0.711527 0.606569
vt 0.714227 0.603868
vt 0.708927 0.605968
vt 0.705727 0.605668
vt 0.707227 0.604069
vt 0.703427 0.608568
vt 0.703027 0.601569
vt 0.705027 0.601068
vt 0.706827 0.600769
vt 0.705527 0.595968
vt 0.707727 0.596169
vt 0.703727 0.595369
vt 0.708327 0.603168
vt 0.708727 0.600568
vt 0.709927 0.596568
vt 0.711427 0.592169
vt 0.709327 0.591069
vt 0.707327 0.589568
vt 0.712027 0.597368
vt 0.710627 0.601169
vt 0.713627 0.593168
vt 0.715727 0.588668
vt 0.713627 0.587668
vt 0.711627 0.586469
vt 0.718427 0.583668
vt 0.716427 0.582568
vt 0.714527 0.581369
vt 0.709427 0.584969
vt 0.712527 0.579969
vt 0.707727 0.583169
vt 0.710727 0.578569
vt 0.704827 0.588468
vt 0.620527 0.589969
vt 0.623527 0.593269
vt 0.622227 0.595168
vt 0.618827 0.591368
vt 0.627327 0.594768
vt 0.625427 0.596968
vt 0.702227 0.588969
vt 0.701927 0.594968
vt 0.627427 0.595769
vt 0.627527 0.597468
vt 0.628027 0.599369
vt 0.624127 0.599669
vt 0.620727 0.596768
vt 0.621627 0.600968
vt 0.619027 0.597969
vt 0.625827 0.603568
vt 0.623827 0.604568
vt 0.629127 0.602368
vt 0.617327 0.592869
vt 0.615827 0.594168
vt 0.617127 0.599268
vt 0.614227 0.595369
vt 0.619327 0.602468
vt 0.612527 0.596469
vt 0.615227 0.600469
vt 0.616927 0.603868
vt 0.619327 0.607269
vt 0.621627 0.605869
vt 0.624927 0.606569
vt 0.622927 0.607768
vt 0.620827 0.608968
vt 0.617527 0.608669
vt 0.614527 0.605769
vt 0.620227 0.611869
vt 0.624427 0.609868
vt 0.617227 0.613369
vt 0.614727 0.611169
vt 0.622127 0.616068
vt 0.616727 0.617369
vt 0.627127 0.613868
vt 0.628127 0.607269
vt 0.632927 0.610668
vt 0.630227 0.605169
vt 0.633927 0.605469
vt 0.638727 0.605568
vt 0.640227 0.609868
vt 0.635527 0.616068
vt 0.629427 0.618268
vt 0.642327 0.614368
vt 0.637727 0.620869
vt 0.644627 0.618868
vt 0.649127 0.612868
vt 0.651827 0.616868
vt 0.647127 0.608268
vt 0.654227 0.611969
vt 0.659327 0.614368
vt 0.654227 0.609069
vt 0.659727 0.609769
vt 0.661127 0.620068
vt 0.654027 0.621868
vt 0.666727 0.614069
vt 0.667527 0.618868
vt 0.666027 0.609968
vt 0.659627 0.605769
vt 0.665027 0.606068
vt 0.654327 0.606368
vt 0.660927 0.602569
vt 0.664227 0.602668
vt 0.657127 0.603568
vt 0.658527 0.601968
vt 0.654327 0.603969
vt 0.652127 0.603468
vt 0.649627 0.604369
vt 0.651827 0.601268
vt 0.654227 0.601668
vt 0.656127 0.601869
vt 0.656627 0.599369
vt 0.654227 0.598768
vt 0.651727 0.597969
vt 0.649427 0.600868
vt 0.649127 0.597269
vt 0.646027 0.600469
vt 0.646227 0.597269
vt 0.646227 0.603269
vt 0.642627 0.600868
vt 0.642527 0.597068
vt 0.643427 0.604468
vt 0.640327 0.602969
vt 0.640227 0.601068
vt 0.638227 0.603669
vt 0.637627 0.601469
vt 0.639627 0.597569
vt 0.636927 0.597969
vt 0.634727 0.601668
vt 0.634127 0.598269
vt 0.635627 0.603669
vt 0.632327 0.601968
vt 0.631227 0.598568
vt 0.628827 0.597068
vt 0.631927 0.595168
vt 0.633927 0.594968
vt 0.629827 0.595069
vt 0.629327 0.591368
vt 0.631327 0.591168
vt 0.633327 0.590968
vt 0.635127 0.590769
vt 0.636127 0.594669
vt 0.638227 0.594369
vt 0.636927 0.590369
vt 0.640127 0.593868
vt 0.638727 0.589969
vt 0.638327 0.587768
vt 0.636527 0.588269
vt 0.634727 0.588569
vt 0.635927 0.585568
vt 0.637827 0.585168
vt 0.634127 0.585868
vt 0.640027 0.587368
vt 0.640427 0.589468
vt 0.639627 0.584868
vt 0.637327 0.582668
vt 0.639127 0.582268
vt 0.635527 0.582968
vt 0.636627 0.579168
vt 0.638227 0.578869
vt 0.634827 0.579468
vt 0.633627 0.583268
vt 0.633027 0.579669
vt 0.634127 0.575768
vt 0.635927 0.575468
vt 0.632427 0.575969
vt 0.631227 0.579868
vt 0.630727 0.576168
vt 0.631727 0.583468
vt 0.628827 0.576369
vt 0.629327 0.580068
vt 0.629627 0.583668
vt 0.632127 0.586069
vt 0.630127 0.586268
vt 0.627627 0.583969
vt 0.627327 0.580369
vt 0.628027 0.586568
vt 0.630727 0.588868
vt 0.628627 0.589068
vt 0.632727 0.588668
vt 0.625827 0.587068
vt 0.625527 0.584269
vt 0.626427 0.589369
vt 0.627227 0.592068
vt 0.627527 0.594669
vt 0.698027 0.579368
vt 0.700127 0.578869
vt 0.700427 0.581769
vt 0.698327 0.582469
vt 0.700527 0.585168
vt 0.698627 0.586469
vt 0.696027 0.579768
vt 0.696227 0.583169
vt 0.696527 0.587268
vt 0.697827 0.576669
vt 0.699827 0.576369
vt 0.695827 0.577069
vt 0.693927 0.577368
vt 0.694027 0.580068
vt 0.694227 0.583668
vt 0.691827 0.577568
vt 0.691927 0.580369
vt 0.692027 0.583869
vt 0.694527 0.587869
vt 0.692327 0.588169
vt 0.694727 0.591368
vt 0.692427 0.591769
vt 0.696827 0.590769
vt 0.698727 0.589669
vt 0.698727 0.595668
vt 0.696827 0.595568
vt 0.694727 0.595469
vt 0.696527 0.599968
vt 0.698127 0.600769
vt 0.694627 0.599168
vt 0.694327 0.601869
vt 0.695027 0.603269
vt 0.696327 0.605568
vt 0.699527 0.601268
vt 0.697427 0.607669
vt 0.700427 0.595168
vt 0.693027 0.606768
vt 0.693027 0.609469
vt 0.692927 0.603969
vt 0.688527 0.607768
vt 0.690027 0.604668
vt 0.690927 0.602768
vt 0.692927 0.602068
vt 0.691527 0.601768
vt 0.689427 0.600168
vt 0.691027 0.599369
vt 0.687727 0.601268
vt 0.688427 0.596268
vt 0.690527 0.595868
vt 0.686427 0.596768
vt 0.690227 0.591968
vt 0.687927 0.592068
vt 0.685427 0.591769
vt 0.684327 0.596869
vt 0.683027 0.591268
vt 0.685927 0.602068
vt 0.683927 0.602468
vt 0.682327 0.596968
vt 0.680527 0.592268
vt 0.685227 0.608068
vt 0.688727 0.613868
vt 0.686127 0.613568
vt 0.682227 0.608468
vt 0.682027 0.602668
vt 0.683727 0.614469
vt 0.686527 0.619368
vt 0.686627 0.628668
vt 0.679427 0.616468
vt 0.680427 0.622369
vt 0.680827 0.629368
vt 0.686827 0.635768
vt 0.680827 0.636268
vt 0.680827 0.642769
vt 0.687327 0.648969
vt 0.680427 0.648768
vt 0.686127 0.655468
vt 0.679827 0.655069
vt 0.692927 0.656568
vt 0.699227 0.658368
vt 0.051274 0.916397
vt 0.043675 0.916227
vt 0.044247 0.908432
vt 0.051748 0.908401
vt 0.058746 0.908566
vt 0.050784 0.926093
vt 0.042986 0.925821
vt 0.035289 0.925550
vt 0.036274 0.916258
vt 0.036944 0.908764
vt 0.028092 0.925183
vt 0.029376 0.916095
vt 0.030242 0.908902
vt 0.674327 0.649168
vt 0.674327 0.655268
vt 0.022981 0.915536
vt 0.024145 0.908546
vt 0.669327 0.656169
vt 0.667827 0.649969
vt 0.674827 0.643268
vt 0.669327 0.643668
vt 0.664727 0.657768
vt 0.662127 0.652968
vt 0.660127 0.649168
vt 0.664127 0.647768
vt 0.664327 0.643969
vt 0.669427 0.637469
vt 0.675027 0.636868
vt 0.663927 0.638469
vt 0.658327 0.639969
vt 0.659327 0.644969
vt 0.655227 0.645669
vt 0.652927 0.641868
vt 0.653627 0.649468
vt 0.648327 0.644269
vt 0.644227 0.638268
vt 0.650427 0.636168
vt 0.656927 0.634068
vt 0.643727 0.646469
vt 0.648627 0.651469
vt 0.656827 0.654868
vt 0.656827 0.662068
vt 0.654027 0.664968
vt 0.660427 0.659769
vt 0.013372 0.905547
vt 0.011906 0.912733
vt 0.007220 0.911190
vt 0.008888 0.903805
vt 0.018456 0.907394
vt 0.017091 0.914381
vt 0.015208 0.923364
vt 0.009722 0.921813
vt 0.021298 0.924421
vt 0.004836 0.920268
vt 0.094422 0.911395
vt 0.097241 0.920121
vt 0.092729 0.921380
vt 0.090211 0.912556
vt 0.086299 0.913820
vt 0.088518 0.922641
vt 0.084306 0.923902
vt 0.082487 0.915085
vt 0.079894 0.925162
vt 0.078676 0.916250
vt 0.077639 0.909440
vt 0.080949 0.908371
vt 0.084262 0.907001
vt 0.087976 0.905535
vt 0.092088 0.904173
vt 0.641527 0.631768
vt 0.648327 0.629869
vt 0.639527 0.625969
vt 0.646627 0.623968
vt 0.655527 0.627769
vt 0.662227 0.625969
vt 0.663227 0.632268
vt 0.668227 0.624668
vt 0.669027 0.631068
vt 0.674827 0.630168
vt 0.674427 0.623668
vt 0.673727 0.617868
vt 0.673027 0.613268
vt 0.678527 0.611768
vt 0.676527 0.608369
vt 0.679127 0.605869
vt 0.671527 0.608968
vt 0.673027 0.606169
vt 0.675627 0.605968
vt 0.677427 0.604369
vt 0.674927 0.604069
vt 0.676227 0.603369
vt 0.673527 0.604369
vt 0.676127 0.601668
vt 0.678027 0.601869
vt 0.680027 0.602169
vt 0.675427 0.599268
vt 0.677627 0.598768
vt 0.679627 0.598168
vt 0.680827 0.597569
vt 0.677627 0.594269
vt 0.678927 0.592768
vt 0.675927 0.591668
vt 0.677327 0.590468
vt 0.647727 0.595469
vt 0.646627 0.593669
vt 0.647727 0.592668
vt 0.649327 0.593669
vt 0.646327 0.595668
vt 0.646227 0.593969
vt 0.648427 0.590369
vt 0.650127 0.590868
vt 0.674727 0.589168
vt 0.676227 0.588368
vt 0.673127 0.589868
vt 0.674427 0.592768
vt 0.676127 0.595568
vt 0.671627 0.590568
vt 0.672827 0.593569
vt 0.674327 0.596469
vt 0.669827 0.591168
vt 0.671027 0.594369
vt 0.672427 0.597269
vt 0.673527 0.599868
vt 0.669227 0.594968
vt 0.670327 0.597969
vt 0.671427 0.600568
vt 0.674327 0.602169
vt 0.672527 0.602868
vt 0.668227 0.598669
vt 0.669327 0.601569
vt 0.670827 0.604268
vt 0.668227 0.605668
vt 0.666827 0.602368
vt 0.665927 0.599268
vt 0.663727 0.599669
vt 0.661227 0.599669
vt 0.663127 0.596469
vt 0.661027 0.596668
vt 0.665127 0.596069
vt 0.662727 0.593269
vt 0.664527 0.592869
vt 0.660827 0.593468
vt 0.658927 0.596668
vt 0.658927 0.593569
vt 0.659027 0.599669
vt 0.656727 0.596469
vt 0.657027 0.593269
vt 0.654527 0.596069
vt 0.655127 0.592768
vt 0.652427 0.595369
vt 0.653327 0.592268
vt 0.657127 0.590369
vt 0.655427 0.589969
vt 0.653727 0.589468
vt 0.651727 0.591568
vt 0.652127 0.588969
vt 0.650727 0.594568
vt 0.653827 0.587169
vt 0.655527 0.587668
vt 0.652227 0.586769
vt 0.650527 0.588368
vt 0.650627 0.586268
vt 0.648827 0.587968
vt 0.648927 0.585868
vt 0.674027 0.587068
vt 0.673527 0.585468
vt 0.675227 0.585068
vt 0.675627 0.586568
vt 0.672427 0.587569
vt 0.671927 0.585868
vt 0.670427 0.586268
vt 0.670827 0.588169
vt 0.668727 0.586769
vt 0.669127 0.588668
vt 0.667127 0.587169
vt 0.667527 0.589168
vt 0.668227 0.591769
vt 0.665527 0.587569
vt 0.665827 0.589568
vt 0.666427 0.592268
vt 0.667227 0.595568
vt 0.664127 0.590069
vt 0.662427 0.590468
vt 0.663927 0.587869
vt 0.662327 0.588169
vt 0.660727 0.588269
vt 0.660727 0.590668
vt 0.658927 0.590568
vt 0.659027 0.588169
vt 0.657327 0.587968
vt 0.655827 0.585168
vt 0.657427 0.585468
vt 0.659127 0.585669
vt 0.656127 0.582069
vt 0.657727 0.582268
vt 0.659327 0.582568
vt 0.660727 0.585769
vt 0.660827 0.582668
vt 0.658027 0.579269
vt 0.659627 0.579468
vt 0.661027 0.579569
vt 0.662527 0.579669
vt 0.662327 0.582668
vt 0.662327 0.585669
vt 0.663827 0.585568
vt 0.663827 0.582568
vt 0.663927 0.579569
vt 0.665327 0.585268
vt 0.665327 0.582368
vt 0.666927 0.584969
vt 0.666827 0.582169
vt 0.668527 0.584569
vt 0.668327 0.581868
vt 0.666827 0.579269
vt 0.668227 0.578968
vt 0.665327 0.579468
vt 0.666727 0.576769
vt 0.668227 0.576568
vt 0.665327 0.576968
vt 0.663927 0.577069
vt 0.665327 0.574569
vt 0.666727 0.574569
vt 0.663927 0.574569
vt 0.662527 0.577069
vt 0.662627 0.574569
vt 0.661227 0.577069
vt 0.661327 0.574468
vt 0.659827 0.576868
vt 0.659927 0.574368
vt 0.658327 0.576769
vt 0.658527 0.574169
vt 0.656727 0.576468
vt 0.657027 0.573869
vt 0.656427 0.578968
vt 0.654527 0.581769
vt 0.654927 0.578668
vt 0.655227 0.576168
vt 0.653327 0.578368
vt 0.653727 0.575768
vt 0.652927 0.581369
vt 0.655527 0.573568
vt 0.654027 0.573268
vt 0.652227 0.575468
vt 0.652627 0.572868
vt 0.651827 0.577968
vt 0.650727 0.575068
vt 0.651027 0.572568
vt 0.650227 0.577668
vt 0.651327 0.581069
vt 0.649727 0.580768
vt 0.650927 0.583969
vt 0.649227 0.583668
vt 0.652527 0.584368
vt 0.654127 0.584768
vt 0.673227 0.583569
vt 0.674827 0.583368
vt 0.672927 0.581069
vt 0.674527 0.580868
vt 0.671627 0.583869
vt 0.671327 0.581268
vt 0.672827 0.578368
vt 0.674327 0.578268
vt 0.671227 0.578569
vt 0.670127 0.584269
vt 0.669927 0.581568
vt 0.669827 0.578768
vt 0.669827 0.576369
vt 0.671327 0.576168
vt 0.672827 0.576069
vt 0.669727 0.574169
vt 0.671227 0.573968
vt 0.672827 0.573768
vt 0.674327 0.575969
vt 0.674327 0.573668
vt 0.672627 0.571168
vt 0.674227 0.570868
vt 0.671127 0.571468
vt 0.672327 0.568368
vt 0.673727 0.567968
vt 0.670927 0.568869
vt 0.669727 0.571769
vt 0.669627 0.569169
vt 0.669327 0.566669
vt 0.670527 0.566369
vt 0.671627 0.565868
vt 0.669027 0.565768
vt 0.670227 0.565668
vt 0.671027 0.564968
vt 0.669727 0.564869
vt 0.670127 0.564169
vt 0.668827 0.564869
vt 0.668127 0.565868
vt 0.668027 0.564869
vt 0.668127 0.566768
vt 0.669027 0.563869
vt 0.667827 0.563968
vt 0.667127 0.564968
vt 0.666727 0.564068
vt 0.667127 0.565868
vt 0.666227 0.565168
vt 0.665627 0.564569
vt 0.665927 0.565969
vt 0.667927 0.562868
vt 0.666427 0.563368
vt 0.665127 0.563769
vt 0.664927 0.565468
vt 0.664227 0.564869
vt 0.664527 0.566468
vt 0.663227 0.566068
vt 0.665727 0.566768
vt 0.661627 0.565368
vt 0.661027 0.564469
vt 0.661627 0.563769
vt 0.662427 0.564869
vt 0.661927 0.566369
vt 0.663127 0.568968
vt 0.661827 0.568869
vt 0.664327 0.569068
vt 0.660627 0.568869
vt 0.660727 0.566669
vt 0.660627 0.565868
vt 0.659127 0.568869
vt 0.659427 0.566669
vt 0.659427 0.565668
vt 0.660427 0.565068
vt 0.659527 0.564768
vt 0.658427 0.565468
vt 0.658627 0.564569
vt 0.658227 0.566369
vt 0.659927 0.563968
vt 0.658927 0.563668
vt 0.657827 0.564368
vt 0.657927 0.563469
vt 0.657427 0.565269
vt 0.656927 0.564268
vt 0.656627 0.563469
vt 0.656427 0.564968
vt 0.659027 0.562468
vt 0.658327 0.562568
vt 0.656227 0.562568
vt 0.655727 0.564068
vt 0.655227 0.563268
vt 0.654027 0.563968
vt 0.654927 0.564968
vt 0.655927 0.565668
vt 0.657027 0.566068
vt 0.653727 0.567168
vt 0.655027 0.567769
vt 0.656327 0.568268
vt 0.657727 0.568568
vt 0.655927 0.570868
vt 0.657327 0.571168
vt 0.658827 0.571468
vt 0.660227 0.571568
vt 0.661527 0.571669
vt 0.662827 0.571769
vt 0.664127 0.571868
vt 0.665627 0.569268
vt 0.665427 0.571968
vt 0.666827 0.571968
vt 0.667027 0.569368
vt 0.668227 0.574368
vt 0.668227 0.571868
vt 0.668327 0.569268
vt 0.667027 0.566868
vt 0.654427 0.570468
vt 0.653027 0.569969
vt 0.651527 0.569569
vt 0.652327 0.566468
vt 0.672627 0.565269
vt 0.671627 0.564268
vt 0.670727 0.563469
vt 0.668627 0.562968
vt 0.660427 0.563168
vt 0.644327 0.595469
vt 0.645827 0.593669
vt 0.641727 0.593068
vt 0.643627 0.592068
vt 0.642327 0.589468
vt 0.641827 0.586769
vt 0.685927 0.583169
vt 0.685827 0.587469
vt 0.683727 0.586868
vt 0.683927 0.582968
vt 0.686027 0.580269
vt 0.684227 0.579768
vt 0.686227 0.577368
vt 0.684427 0.577168
vt 0.641427 0.584468
vt 0.684527 0.574269
vt 0.686327 0.574569
vt 0.640827 0.581968
vt 0.684827 0.570669
vt 0.686527 0.571068
vt 0.640027 0.578469
vt 0.686727 0.567369
vt 0.685127 0.567069
vt 0.637527 0.575269
vt 0.639127 0.574869
vt 0.636927 0.571769
vt 0.635427 0.572069
vt 0.638627 0.571669
vt 0.636527 0.568769
vt 0.638127 0.568568
vt 0.634927 0.569068
vt 0.686827 0.563869
vt 0.685127 0.563869
vt 0.685027 0.560768
vt 0.686627 0.560668
vt 0.635927 0.565269
vt 0.637627 0.565068
vt 0.684827 0.557269
vt 0.686427 0.557168
vt 0.688427 0.563869
vt 0.688327 0.560668
vt 0.688127 0.557168
vt 0.686527 0.553469
vt 0.688227 0.553769
vt 0.684827 0.553568
vt 0.687027 0.551068
vt 0.688527 0.551669
vt 0.685927 0.549968
vt 0.635227 0.561568
vt 0.636827 0.561068
vt 0.634527 0.559069
vt 0.635327 0.557568
vt 0.633527 0.557369
vt 0.634027 0.556468
vt 0.687027 0.548769
vt 0.687827 0.549469
vt 0.632327 0.556269
vt 0.632827 0.555468
vt 0.688127 0.547669
vt 0.688827 0.548369
vt 0.690027 0.547069
vt 0.690127 0.548069
vt 0.631027 0.556168
vt 0.630927 0.555169
vt 0.631927 0.557168
vt 0.630927 0.557168
vt 0.632627 0.558668
vt 0.631327 0.558868
vt 0.631827 0.560569
vt 0.633327 0.560169
vt 0.633827 0.562268
vt 0.632227 0.562769
vt 0.634427 0.565768
vt 0.632727 0.566168
vt 0.633227 0.569368
vt 0.633627 0.572268
vt 0.631427 0.569569
vt 0.631027 0.566369
vt 0.631927 0.572469
vt 0.630127 0.572668
vt 0.629727 0.569668
vt 0.628327 0.572868
vt 0.627927 0.569869
vt 0.626527 0.573068
vt 0.626127 0.569969
vt 0.627027 0.576568
vt 0.625327 0.580568
vt 0.625027 0.576669
vt 0.624727 0.573368
vt 0.697227 0.563368
vt 0.699027 0.563368
vt 0.699227 0.566568
vt 0.697327 0.566868
vt 0.699427 0.570168
vt 0.697527 0.570569
vt 0.695427 0.563568
vt 0.695527 0.567168
vt 0.695627 0.570868
vt 0.697227 0.560269
vt 0.699027 0.560169
vt 0.695427 0.560368
vt 0.693727 0.567369
vt 0.693727 0.563769
vt 0.693627 0.560569
vt 0.693627 0.557068
vt 0.695427 0.556969
vt 0.697127 0.556768
vt 0.693327 0.553668
vt 0.695027 0.553469
vt 0.696727 0.553069
vt 0.695927 0.550668
vt 0.694527 0.551369
vt 0.692927 0.551669
vt 0.698327 0.552969
vt 0.698927 0.556669
vt 0.696827 0.549569
vt 0.694827 0.549268
vt 0.695527 0.548369
vt 0.693927 0.550068
vt 0.693127 0.548968
vt 0.693627 0.548168
vt 0.694327 0.547369
vt 0.692327 0.547969
vt 0.692527 0.546969
vt 0.692227 0.548968
vt 0.627427 0.556669
vt 0.626827 0.555968
vt 0.628527 0.555368
vt 0.628727 0.556368
vt 0.625827 0.557168
vt 0.626427 0.558069
vt 0.628027 0.557568
vt 0.627627 0.559169
vt 0.629027 0.557369
vt 0.624727 0.558469
vt 0.625827 0.559968
vt 0.627327 0.560768
vt 0.629027 0.559169
vt 0.628927 0.560969
vt 0.625627 0.562669
vt 0.627227 0.562968
vt 0.628927 0.563168
vt 0.630327 0.560869
vt 0.630627 0.563069
vt 0.630127 0.559069
vt 0.629327 0.566568
vt 0.627527 0.566468
vt 0.625827 0.566468
vt 0.624027 0.566468
vt 0.623927 0.562369
vt 0.624427 0.570168
vt 0.629927 0.557269
vt 0.629827 0.556168
vt 0.629727 0.554969
vt 0.691227 0.547868
vt 0.691127 0.546669
vt 0.691327 0.548968
vt 0.690427 0.549069
vt 0.691327 0.550368
vt 0.690327 0.550368
vt 0.692427 0.550269
vt 0.691527 0.551768
vt 0.690027 0.551768
vt 0.689427 0.549169
vt 0.688927 0.550368
vt 0.689927 0.553869
vt 0.691627 0.553869
vt 0.689927 0.557269
vt 0.691727 0.557168
vt 0.691827 0.560569
vt 0.690027 0.560668
vt 0.691827 0.563869
vt 0.690127 0.563869
vt 0.691827 0.567468
vt 0.690127 0.567468
vt 0.691827 0.571268
vt 0.690027 0.571268
vt 0.693827 0.571068
vt 0.695727 0.574368
vt 0.693827 0.574668
vt 0.691827 0.574768
vt 0.689927 0.574869
vt 0.689927 0.577668
vt 0.689927 0.580468
vt 0.687927 0.580369
vt 0.688027 0.577568
vt 0.688027 0.574768
vt 0.688227 0.571168
vt 0.688327 0.567468
vt 0.690027 0.583869
vt 0.687927 0.583569
vt 0.690227 0.588269
vt 0.688027 0.587968
vt 0.692627 0.595568
vt 0.692827 0.599168
vt 0.697627 0.574068
vt 0.699627 0.573568
vt 0.700427 0.607969
vt 0.701227 0.601469
vt 0.700827 0.588969
vt 0.628027 0.595469
vt 0.623727 0.620468
vt 0.613427 0.618968
vt 0.612627 0.614368
vt 0.611327 0.616669
vt 0.611627 0.621168
vt 0.609927 0.619368
vt 0.607727 0.614069
vt 0.608927 0.611368
vt 0.606827 0.616569
vt 0.608827 0.621468
vt 0.605827 0.618968
vt 0.610327 0.623168
vt 0.604827 0.621269
vt 0.600527 0.621368
vt 0.601427 0.619268
vt 0.602327 0.617068
vt 0.597027 0.619869
vt 0.597727 0.617868
vt 0.598527 0.615768
vt 0.603127 0.614869
vt 0.599127 0.613769
vt 0.595127 0.614968
vt 0.595627 0.612969
vt 0.594527 0.616969
vt 0.592227 0.614268
vt 0.592727 0.612368
vt 0.591727 0.616168
vt 0.591027 0.617968
vt 0.593827 0.618868
vt 0.593127 0.620768
vt 0.590427 0.619869
vt 0.596327 0.621969
vt 0.599727 0.623469
vt 0.744227 0.603468
vt 0.747527 0.601368
vt 0.748427 0.603068
vt 0.745427 0.605169
vt 0.742227 0.607669
vt 0.740727 0.606068
vt 0.739227 0.604369
vt 0.743027 0.601668
vt 0.737827 0.602768
vt 0.741827 0.600069
vt 0.736527 0.601169
vt 0.740527 0.598269
vt 0.735227 0.599468
vt 0.739227 0.596568
vt 0.731527 0.602468
vt 0.728427 0.605469
vt 0.726827 0.604369
vt 0.730127 0.600668
vt 0.734027 0.597668
vt 0.725327 0.603168
vt 0.728927 0.598768
vt 0.732827 0.595668
vt 0.736927 0.592869
vt 0.738027 0.594768
vt 0.742727 0.594369
vt 0.741627 0.592469
vt 0.740527 0.590769
vt 0.735827 0.590968
vt 0.739527 0.588868
vt 0.731727 0.593669
vt 0.742227 0.587469
vt 0.743227 0.589269
vt 0.744227 0.590968
vt 0.596327 0.606969
vt 0.596527 0.604868
vt 0.600427 0.605368
vt 0.600127 0.607669
vt 0.593527 0.606569
vt 0.593627 0.604568
vt 0.593427 0.608568
vt 0.596227 0.608968
vt 0.599927 0.609668
vt 0.604427 0.608369
vt 0.604227 0.610469
vt 0.604727 0.605968
vt 0.599627 0.611668
vt 0.595927 0.610968
vt 0.603827 0.612669
vt 0.608527 0.608669
vt 0.611927 0.608768
vt 0.610427 0.607669
vt 0.608327 0.605968
vt 0.609127 0.606169
vt 0.723927 0.602068
vt 0.722127 0.601169
vt 0.725127 0.596568
vt 0.727527 0.596869
vt 0.722427 0.607569
vt 0.724227 0.607969
vt 0.724127 0.610869
vt 0.721827 0.612068
vt 0.725427 0.610268
vt 0.725927 0.608468
vt 0.719927 0.600769
vt 0.723127 0.595568
vt 0.720527 0.595369
vt 0.717927 0.600469
vt 0.718027 0.594868
vt 0.716127 0.599769
vt 0.714127 0.598368
vt 0.715727 0.594068
vt 0.712627 0.602269
vt 0.711227 0.604568
vt 0.709627 0.604069
vt 0.717727 0.589568
vt 0.720027 0.590268
vt 0.720527 0.584669
vt 0.722627 0.585468
vt 0.722327 0.590868
vt 0.724727 0.586369
vt 0.724927 0.582069
vt 0.726927 0.582968
vt 0.722827 0.581069
vt 0.724527 0.578469
vt 0.726527 0.579569
vt 0.728427 0.580568
vt 0.728627 0.584168
vt 0.726627 0.587368
vt 0.730227 0.581568
vt 0.729827 0.578169
vt 0.731727 0.578968
vt 0.728027 0.577069
vt 0.731827 0.574969
vt 0.733527 0.575868
vt 0.730027 0.573869
vt 0.728227 0.572769
vt 0.726127 0.575969
vt 0.734027 0.571568
vt 0.732427 0.570468
vt 0.730727 0.569368
vt 0.726527 0.571468
vt 0.729027 0.568169
vt 0.724227 0.574668
vt 0.732727 0.566669
vt 0.734427 0.567868
vt 0.731027 0.565368
vt 0.727327 0.566868
vt 0.729327 0.564068
vt 0.724727 0.570269
vt 0.725727 0.565668
vt 0.727727 0.562769
vt 0.723127 0.568968
vt 0.724227 0.564368
vt 0.726227 0.561568
vt 0.721527 0.567668
vt 0.722427 0.573469
vt 0.720727 0.572168
vt 0.719127 0.570768
vt 0.717527 0.569268
vt 0.720027 0.566269
vt 0.722627 0.563168
vt 0.607327 0.577869
vt 0.608727 0.576568
vt 0.611527 0.579368
vt 0.610127 0.580868
vt 0.612827 0.583668
vt 0.614127 0.582169
vt 0.724727 0.560468
vt 0.605027 0.575269
vt 0.606327 0.574169
vt 0.603727 0.576568
vt 0.606027 0.579168
vt 0.608827 0.582368
vt 0.607527 0.583668
vt 0.604727 0.580468
vt 0.602427 0.577668
vt 0.611427 0.585268
vt 0.610027 0.586668
vt 0.613227 0.587469
vt 0.611727 0.588868
vt 0.614727 0.585968
vt 0.616127 0.584368
vt 0.616427 0.588269
vt 0.615027 0.589768
vt 0.618027 0.586868
vt 0.717127 0.573368
vt 0.715027 0.576168
vt 0.713327 0.574668
vt 0.715527 0.571968
vt 0.718827 0.574869
vt 0.716827 0.577568
vt 0.718727 0.578869
vt 0.720527 0.576069
vt 0.722527 0.577368
vt 0.720727 0.580068
vt 0.613527 0.591168
vt 0.610127 0.590268
vt 0.611927 0.592469
vt 0.608527 0.591469
vt 0.610227 0.593569
vt 0.606927 0.592569
vt 0.608527 0.594669
vt 0.610727 0.597468
vt 0.613427 0.601469
vt 0.609027 0.598468
vt 0.611527 0.602269
vt 0.606827 0.595769
vt 0.607427 0.599968
vt 0.605327 0.597068
vt 0.609227 0.603068
vt 0.605227 0.593669
vt 0.603627 0.594868
vt 0.603627 0.591469
vt 0.605327 0.590468
vt 0.601927 0.592469
vt 0.601427 0.588368
vt 0.603027 0.587268
vt 0.599827 0.589369
vt 0.598927 0.585068
vt 0.600427 0.584068
vt 0.597527 0.586268
vt 0.735527 0.572769
vt 0.595427 0.583569
vt 0.596727 0.582368
vt 0.736027 0.568968
vt 0.737527 0.570068
vt 0.738127 0.566068
vt 0.736527 0.564968
vt 0.739727 0.567168
vt 0.738627 0.561669
vt 0.740327 0.562468
vt 0.741927 0.563368
vt 0.593027 0.580669
vt 0.594427 0.579468
vt 0.591527 0.576069
vt 0.590027 0.577168
vt 0.598227 0.581268
vt 0.595827 0.578469
vt 0.593027 0.575068
vt 0.589127 0.572568
vt 0.590727 0.571868
vt 0.587527 0.573368
vt 0.589827 0.570068
vt 0.588027 0.570269
vt 0.586427 0.569668
vt 0.744727 0.555668
vt 0.743927 0.559469
vt 0.742427 0.558668
vt 0.743227 0.556269
vt 0.740727 0.558069
vt 0.741627 0.556068
vt 0.739127 0.557269
vt 0.740127 0.555368
vt 0.736927 0.560668
vt 0.734727 0.563769
vt 0.735327 0.559568
vt 0.737627 0.556368
vt 0.733127 0.562568
vt 0.731427 0.561269
vt 0.733727 0.558268
vt 0.729827 0.559968
vt 0.732227 0.556868
vt 0.728327 0.558668
vt 0.730927 0.555569
vt 0.733827 0.552369
vt 0.734927 0.553769
vt 0.736227 0.555169
vt 0.736527 0.552269
vt 0.737827 0.553568
vt 0.735927 0.550768
vt 0.738927 0.554569
vt 0.739027 0.552468
vt 0.739827 0.553268
vt 0.737827 0.551468
vt 0.740027 0.551369
vt 0.740827 0.551969
vt 0.739227 0.550768
vt 0.740827 0.553869
vt 0.741527 0.552568
vt 0.741427 0.551169
vt 0.742227 0.551969
vt 0.740427 0.550469
vt 0.742227 0.553169
vt 0.742027 0.554668
vt 0.743127 0.552868
vt 0.743227 0.551569
vt 0.744027 0.552568
vt 0.742027 0.550068
vt 0.588727 0.565969
vt 0.587627 0.565569
vt 0.588727 0.564169
vt 0.589527 0.565068
vt 0.587827 0.566969
vt 0.586827 0.566568
vt 0.588827 0.567268
vt 0.589527 0.566568
vt 0.590327 0.565969
vt 0.590427 0.564469
vt 0.591027 0.565368
vt 0.589827 0.563668
vt 0.590427 0.567868
vt 0.591327 0.567168
vt 0.592127 0.566468
vt 0.592427 0.568368
vt 0.591127 0.569268
vt 0.593427 0.567369
vt 0.589227 0.568668
vt 0.592327 0.570969
vt 0.593727 0.569969
vt 0.587727 0.568469
vt 0.596027 0.572868
vt 0.594627 0.573968
vt 0.597327 0.577368
vt 0.598727 0.576168
vt 0.600127 0.574969
vt 0.597427 0.571669
vt 0.594927 0.568769
vt 0.601427 0.573768
vt 0.598727 0.570368
vt 0.596027 0.567468
vt 0.594427 0.566168
vt 0.600027 0.569169
vt 0.597027 0.566068
vt 0.595027 0.564668
vt 0.593227 0.565468
vt 0.593327 0.563968
vt 0.591827 0.564869
vt 0.591627 0.563869
vt 0.593327 0.562968
vt 0.591527 0.562769
vt 0.740927 0.549569
vt 0.739227 0.549869
vt 0.739127 0.548769
vt 0.737627 0.550068
vt 0.737327 0.548968
vt 0.594627 0.563069
vt 0.735927 0.549069
vt 0.732627 0.551068
vt 0.598127 0.564869
vt 0.601327 0.568069
vt 0.729627 0.554268
vt 0.726827 0.557468
vt 0.604027 0.571369
vt 0.602627 0.572568
vt 0.601027 0.578968
vt 0.603327 0.581769
vt 0.599627 0.580168
vt 0.601927 0.582968
vt 0.606027 0.584969
vt 0.604527 0.586168
vt 0.608527 0.588068
vt 0.606927 0.589269
vt 0.586627 0.568268
vt 0.744427 0.554268
vt 0.743327 0.554469
vt 0.611827 0.606068
vt 0.609427 0.605869
vt 0.724727 0.591268
vt 0.593127 0.610469
vt 0.590127 0.609868
vt 0.590427 0.608068
vt 0.589727 0.611668
vt 0.589327 0.613568
vt 0.585627 0.612969
vt 0.586027 0.611068
vt 0.586327 0.609268
vt 0.582327 0.612468
vt 0.582627 0.610668
vt 0.582927 0.608868
vt 0.586527 0.607468
vt 0.583127 0.607068
vt 0.579227 0.608369
vt 0.579427 0.606569
vt 0.578927 0.610169
vt 0.576127 0.606169
vt 0.576027 0.607969
vt 0.575727 0.609769
vt 0.578627 0.612068
vt 0.575427 0.611668
vt 0.571927 0.611169
vt 0.572227 0.609369
vt 0.572427 0.607569
vt 0.568827 0.608968
vt 0.568927 0.607269
vt 0.568527 0.610668
vt 0.566427 0.610169
vt 0.566627 0.608669
vt 0.566727 0.607269
vt 0.564727 0.609568
vt 0.564927 0.608468
vt 0.565027 0.607368
vt 0.564527 0.611068
vt 0.565927 0.611768
vt 0.568027 0.612468
vt 0.563127 0.609168
vt 0.563227 0.608168
vt 0.563027 0.610268
vt 0.563427 0.612068
vt 0.562127 0.610768
vt 0.565027 0.613168
vt 0.562727 0.613168
vt 0.561127 0.611269
vt 0.563327 0.614069
vt 0.561927 0.609369
vt 0.560927 0.609168
vt 0.774427 0.579969
vt 0.775027 0.582069
vt 0.773927 0.581868
vt 0.773627 0.580568
vt 0.773227 0.583668
vt 0.774227 0.584368
vt 0.772927 0.581769
vt 0.772427 0.580768
vt 0.771927 0.583068
vt 0.774127 0.578668
vt 0.773027 0.579269
vt 0.772027 0.579868
vt 0.770527 0.580768
vt 0.771127 0.581769
vt 0.768927 0.581769
vt 0.769727 0.582968
vt 0.770727 0.584269
vt 0.772127 0.585268
vt 0.770127 0.587068
vt 0.768927 0.585769
vt 0.767827 0.584368
vt 0.771227 0.588368
vt 0.773927 0.585468
vt 0.567527 0.614069
vt 0.567027 0.615869
vt 0.767927 0.590568
vt 0.767027 0.589068
vt 0.571227 0.614869
vt 0.571127 0.616669
vt 0.571527 0.613069
vt 0.574827 0.615169
vt 0.574727 0.616969
vt 0.575127 0.613468
vt 0.578227 0.613968
vt 0.577927 0.615668
vt 0.581327 0.616168
vt 0.581827 0.614368
vt 0.584627 0.616569
vt 0.585127 0.614769
vt 0.580727 0.617868
vt 0.577527 0.617468
vt 0.584327 0.618369
vt 0.587727 0.619069
vt 0.588227 0.617168
vt 0.588727 0.615368
vt 0.753627 0.599669
vt 0.752527 0.598168
vt 0.755527 0.596069
vt 0.756527 0.597569
vt 0.751127 0.601469
vt 0.750127 0.599769
vt 0.749027 0.597969
vt 0.751427 0.596568
vt 0.746527 0.599669
vt 0.745327 0.597969
vt 0.747927 0.596268
vt 0.746627 0.594568
vt 0.744027 0.596169
vt 0.745427 0.592768
vt 0.746927 0.589568
vt 0.748027 0.591268
vt 0.749127 0.593068
vt 0.750327 0.587869
vt 0.751227 0.589568
vt 0.752327 0.591268
vt 0.754227 0.587968
vt 0.755127 0.589568
vt 0.753327 0.586369
vt 0.753327 0.592968
vt 0.750327 0.594868
vt 0.756227 0.591168
vt 0.754427 0.594568
vt 0.757227 0.592668
vt 0.759227 0.589369
vt 0.760227 0.590769
vt 0.758227 0.587768
vt 0.761827 0.587968
vt 0.762927 0.589369
vt 0.760827 0.586369
vt 0.757327 0.586268
vt 0.760027 0.584868
vt 0.763127 0.583169
vt 0.763927 0.584669
vt 0.764927 0.586168
vt 0.766927 0.582968
vt 0.766127 0.581469
vt 0.765927 0.587668
vt 0.763927 0.590868
vt 0.764927 0.592368
vt 0.761227 0.592169
vt 0.762227 0.593569
vt 0.759427 0.595369
vt 0.758327 0.594068
vt 0.762327 0.581469
vt 0.765527 0.579868
vt 0.759227 0.583268
vt 0.768327 0.580468
vt 0.767627 0.578968
vt 0.765127 0.578169
vt 0.767527 0.577268
vt 0.761727 0.579868
vt 0.764527 0.576669
vt 0.768327 0.575669
vt 0.760927 0.578368
vt 0.757727 0.580068
vt 0.758527 0.581668
vt 0.755827 0.583169
vt 0.754927 0.581668
vt 0.756527 0.584669
vt 0.576327 0.604568
vt 0.572627 0.604069
vt 0.572927 0.602269
vt 0.576627 0.602868
vt 0.579527 0.604868
vt 0.579827 0.603168
vt 0.582927 0.603369
vt 0.583227 0.605268
vt 0.752627 0.584768
vt 0.752127 0.582968
vt 0.586827 0.603768
vt 0.586727 0.605668
vt 0.749427 0.586168
vt 0.748527 0.584468
vt 0.746027 0.587768
vt 0.745127 0.585968
vt 0.590627 0.604168
vt 0.590527 0.606169
vt 0.572527 0.605668
vt 0.568927 0.605469
vt 0.568727 0.603768
vt 0.566727 0.605469
vt 0.566127 0.604069
vt 0.568727 0.602068
vt 0.564727 0.602868
vt 0.564427 0.604568
vt 0.563927 0.603468
vt 0.565227 0.605769
vt 0.562927 0.605469
vt 0.562027 0.604868
vt 0.563627 0.606169
vt 0.562327 0.606668
vt 0.561427 0.606268
vt 0.563427 0.607168
vt 0.772827 0.577469
vt 0.772227 0.578169
vt 0.771227 0.577268
vt 0.771727 0.576369
vt 0.769427 0.577069
vt 0.769327 0.575868
vt 0.770827 0.578268
vt 0.769227 0.578569
vt 0.771427 0.579068
vt 0.770027 0.579868
vt 0.562027 0.607969
vt 0.560727 0.607969
s 1
usemtl Ch31_body
f 1/1/1 2/2/2 621/3/3 3/4/4
f 6/5/5 4/6/6 1/1/1 3/4/4
f 5/7/7 4/6/6 6/5/5 7/8/8
f 9/9/9 7/8/8 6/5/5 8/10/10
f 8/10/10 6/5/5 3/4/4 10/11/11
f 14/12/12 9/13/9 8/14/10 11/15/13
f 11/15/13 8/14/10 10/16/11 13/17/14
f 14/12/12 11/15/13 12/18/15 15/19/16
f 359/20/17 12/18/15 11/15/13 13/17/14
f 16/21/18 14/12/12 15/19/16 17/22/19
f 9/13/9 14/12/12 16/21/18 18/23/20
f 19/24/21 16/21/18 17/22/19 22/25/22
f 20/26/23 18/23/20 16/21/18 19/24/21
f 21/27/24 673/28/25 20/29/23 19/30/21
f 19/30/21 22/31/22 24/32/26 21/27/24
f 25/33/27 24/32/26 22/31/22 23/34/28
f 356/35/29 23/36/28 22/25/22 17/22/19
f 21/27/24 24/32/26 26/37/30 27/38/31
f 29/39/32 26/37/30 24/32/26 25/33/27
f 27/38/31 26/37/30 28/40/33 651/41/34
f 30/42/35 28/40/33 26/37/30 29/39/32
f 29/39/32 31/43/36 32/44/37 30/42/35
f 25/33/27 34/45/38 31/43/36 29/39/32
f 99/46/39 32/44/37 31/43/36 33/47/40
f 35/48/41 33/47/40 31/43/36 34/45/38
f 35/48/41 34/45/38 36/49/42 38/50/43
f 23/34/28 36/49/42 34/45/38 25/33/27
f 37/51/44 36/52/42 23/36/28 356/35/29
f 36/52/42 37/51/44 39/53/45 38/54/43
f 38/54/43 39/53/45 53/55/46 40/56/47
f 41/57/48 42/58/49 35/48/41 38/50/43
f 41/57/48 38/50/43 40/59/47 43/60/50
f 43/60/50 44/61/51 42/58/49 41/57/48
f 44/61/51 43/60/50 45/62/52 46/63/53
f 43/60/50 40/59/47 48/64/54 45/62/52
f 47/65/55 106/66/56 46/63/53 45/62/52
f 45/62/52 48/64/54 49/67/57 47/65/55
f 51/68/58 49/69/57 48/70/54 50/71/59
f 40/56/47 53/55/46 50/71/59 48/70/54
f 50/71/59 54/72/60 57/73/61 51/68/58
f 54/72/60 50/71/59 52/74/62 56/75/63
f 52/74/62 50/71/59 53/55/46 347/76/64
f 54/72/60 55/77/65 59/78/66 57/73/61
f 55/77/65 54/72/60 56/75/63 63/79/67
f 58/80/68 132/81/69 51/68/58 57/73/61
f 60/82/70 58/80/68 57/73/61 59/78/66
f 62/83/71 60/82/70 59/78/66 61/84/72
f 55/77/65 63/79/67 61/84/72 59/78/66
f 64/85/73 67/86/74 62/83/71 61/84/72
f 61/84/72 63/79/67 66/87/75 64/85/73
f 67/86/74 64/85/73 65/88/76 68/89/77
f 346/90/78 65/88/76 64/85/73 66/87/75
f 69/91/79 67/86/74 68/89/77 72/92/80
f 70/93/81 62/83/71 67/86/74 69/91/79
f 140/94/82 70/93/81 69/91/79 71/95/83
f 71/95/83 69/91/79 72/92/80 73/96/84
f 73/96/84 72/92/80 74/97/85 75/98/86
f 72/92/80 68/89/77 76/99/87 74/97/85
f 75/98/86 74/97/85 77/100/88 78/101/89
f 74/97/85 76/99/87 80/102/90 77/100/88
f 78/103/89 77/104/88 79/105/91 153/106/92
f 77/104/88 80/107/90 82/108/93 79/105/91
f 76/99/87 345/109/94 81/110/95 80/102/90
f 80/107/90 81/111/95 83/112/96 82/108/93
f 82/108/93 83/112/96 87/113/97 84/114/98
f 79/105/91 82/108/93 84/114/98 85/115/99
f 86/116/100 112/117/101 85/115/99 84/114/98
f 89/118/102 86/116/100 84/114/98 87/113/97
f 91/119/103 89/118/102 87/113/97 88/120/104
f 83/112/96 339/121/105 88/120/104 87/113/97
f 110/122/106 86/116/100 89/118/102 90/123/107
f 90/123/107 89/118/102 91/119/103 92/124/108
f 96/125/109 92/124/108 91/119/103 93/126/110
f 93/126/110 91/119/103 88/120/104 95/127/111
f 93/126/110 94/128/112 97/129/113 96/125/109
f 95/127/111 337/130/114 94/128/112 93/126/110
f 96/125/109 97/129/113 100/131/115 98/132/116
f 98/132/116 101/133/117 92/124/108 96/125/109
f 33/47/40 101/133/117 98/132/116 99/46/39
f 99/46/39 98/132/116 100/131/115 287/134/118
f 103/135/119 92/124/108 101/133/117 102/136/120
f 104/137/121 102/136/120 101/133/117 33/47/40
f 104/137/121 42/58/49 44/61/51 102/136/120
f 102/136/120 44/61/51 46/63/53 103/135/119
f 104/137/121 33/47/40 35/48/41 42/58/49
f 105/138/122 90/123/107 92/124/108 103/135/119
f 106/66/56 105/138/122 103/135/119 46/63/53
f 108/139/123 107/140/124 105/138/122 106/66/56
f 107/140/124 110/122/106 90/123/107 105/138/122
f 130/141/125 109/142/126 107/140/124 108/139/123
f 109/142/126 111/143/127 110/122/106 107/140/124
f 86/116/100 110/122/106 111/143/127 112/117/101
f 113/144/128 114/145/129 112/117/101 111/143/127
f 116/146/130 113/144/128 111/143/127 109/142/126
f 115/147/131 155/148/132 114/145/129 113/144/128
f 118/149/133 115/147/131 113/144/128 116/146/130
f 120/150/134 118/149/133 116/146/130 117/151/135
f 117/151/135 116/146/130 109/142/126 130/141/125
f 119/152/136 161/153/137 115/147/131 118/149/133
f 119/152/136 118/149/133 120/150/134 121/154/138
f 122/155/139 123/156/140 121/154/138 120/150/134
f 122/155/139 120/150/134 117/151/135 125/157/141
f 123/156/140 122/155/139 124/158/142 186/159/143
f 124/158/142 122/155/139 125/157/141 126/160/144
f 126/160/144 125/157/141 127/161/145 128/162/146
f 125/157/141 117/151/135 130/141/125 127/161/145
f 128/162/146 127/161/145 129/163/147 131/164/148
f 127/161/145 130/141/125 108/139/123 129/163/147
f 131/164/148 129/163/147 47/65/55 49/67/57
f 129/163/147 108/139/123 106/66/56 47/65/55
f 132/81/69 131/165/148 49/69/57 51/68/58
f 133/166/149 128/167/146 131/165/148 132/81/69
f 135/168/150 133/166/149 132/81/69 58/80/68
f 134/169/151 126/170/144 128/167/146 133/166/149
f 136/171/152 134/169/151 133/166/149 135/168/150
f 135/168/150 137/172/153 138/173/154 136/171/152
f 58/80/68 60/82/70 137/172/153 135/168/150
f 138/173/154 137/172/153 70/93/81 140/94/82
f 60/82/70 62/83/71 70/93/81 137/172/153
f 285/174/155 136/171/152 138/173/154 139/175/156
f 139/175/156 138/173/154 140/94/82 141/176/157
f 141/176/157 140/94/82 71/95/83 143/177/158
f 206/178/159 139/175/156 141/176/157 142/179/160
f 142/179/160 141/176/157 143/177/158 144/180/161
f 144/180/161 143/177/158 145/181/162 146/182/163
f 143/177/158 71/95/83 73/96/84 145/181/162
f 146/182/163 145/181/162 147/183/164 148/184/165
f 145/181/162 73/96/84 75/98/86 147/183/164
f 148/184/165 147/183/164 149/185/166 150/186/167
f 147/183/164 75/98/86 78/101/89 149/185/166
f 150/187/167 149/188/166 151/189/168 152/190/169
f 149/188/166 78/103/89 153/106/92 151/189/168
f 151/189/168 154/191/170 156/192/171 152/190/169
f 151/189/168 153/106/92 157/193/172 154/191/170
f 155/148/132 154/191/170 157/193/172 114/145/129
f 154/191/170 155/148/132 159/194/173 156/192/171
f 112/117/101 114/145/129 157/193/172 85/115/99
f 153/106/92 79/105/91 85/115/99 157/193/172
f 282/195/174 152/190/169 156/192/171 158/196/175
f 159/194/173 160/197/176 158/196/175 156/192/171
f 159/194/173 161/153/137 162/198/177 160/197/176
f 155/148/132 115/147/131 161/153/137 159/194/173
f 161/153/137 119/152/136 163/199/178 162/198/177
f 167/200/179 164/201/180 162/198/177 163/199/178
f 164/201/180 165/202/181 160/197/176 162/198/177
f 166/203/182 252/204/183 165/202/181 164/201/180
f 169/205/184 166/203/182 164/201/180 167/200/179
f 170/206/185 169/205/184 167/200/179 168/207/186
f 168/207/186 167/200/179 163/199/178 185/208/187
f 171/209/188 169/205/184 170/206/185 174/210/189
f 172/211/190 166/203/182 169/205/184 171/209/188
f 258/212/191 172/211/190 171/209/188 173/213/192
f 173/213/192 171/209/188 174/210/189 175/214/193
f 175/214/193 174/210/189 176/215/194 177/216/195
f 174/210/189 170/206/185 179/217/196 176/215/194
f 177/216/195 176/215/194 178/218/197 273/219/198
f 176/215/194 179/217/196 180/220/199 178/218/197
f 180/220/199 179/217/196 181/221/200 182/222/201
f 179/217/196 170/206/185 168/207/186 181/221/200
f 182/222/201 181/221/200 183/223/202 184/224/203
f 181/221/200 168/207/186 185/208/187 183/223/202
f 184/224/203 183/223/202 123/156/140 186/159/143
f 183/223/202 185/208/187 121/154/138 123/156/140
f 119/152/136 121/154/138 185/208/187 163/199/178
f 187/225/204 184/226/203 186/227/143 189/228/205
f 190/229/206 182/230/201 184/226/203 187/225/204
f 191/231/207 190/229/206 187/225/204 188/232/208
f 188/232/208 187/225/204 189/228/205 284/233/209
f 193/234/210 192/235/211 190/229/206 191/231/207
f 192/235/211 180/236/199 182/230/201 190/229/206
f 194/237/212 192/235/211 193/234/210 196/238/213
f 178/239/197 180/236/199 192/235/211 194/237/212
f 273/240/198 178/239/197 194/237/212 195/241/214
f 195/241/214 194/237/212 196/238/213 197/242/215
f 197/242/215 196/238/213 198/243/216 199/244/217
f 196/238/213 193/234/210 201/245/218 198/243/216
f 199/244/217 198/243/216 200/246/219 221/247/220
f 198/243/216 201/245/218 202/248/221 200/246/219
f 204/249/222 202/248/221 201/245/218 203/250/223
f 201/245/218 193/234/210 191/231/207 203/250/223
f 204/249/222 203/250/223 205/251/224 207/252/225
f 203/250/223 191/231/207 188/232/208 205/251/224
f 206/178/159 142/179/160 207/252/225 205/251/224
f 284/233/209 206/178/159 205/251/224 188/232/208
f 207/252/225 142/179/160 144/180/161 208/253/226
f 204/249/222 207/252/225 208/253/226 209/254/227
f 208/253/226 144/180/161 146/182/163 210/255/228
f 209/254/227 208/253/226 210/255/228 212/256/229
f 210/255/228 146/182/163 148/184/165 211/257/230
f 212/256/229 210/255/228 211/257/230 213/258/231
f 215/259/232 214/260/233 212/256/229 213/258/231
f 214/260/233 217/261/234 209/254/227 212/256/229
f 214/260/233 215/259/232 246/262/235 216/263/236
f 216/263/236 218/264/237 217/261/234 214/260/233
f 209/254/227 217/261/234 202/248/221 204/249/222
f 217/261/234 218/264/237 200/246/219 202/248/221
f 200/246/219 218/264/237 219/265/238 221/247/220
f 220/266/239 219/265/238 218/264/237 216/263/236
f 224/267/240 222/268/241 219/265/238 220/266/239
f 222/268/241 225/269/242 221/247/220 219/265/238
f 225/269/242 222/268/241 223/270/243 227/271/244
f 236/272/245 223/270/243 222/268/241 224/267/240
f 221/247/220 225/269/242 226/273/246 199/244/217
f 226/273/246 225/269/242 227/271/244 228/274/247
f 229/275/248 230/276/249 228/274/247 227/271/244
f 232/277/250 229/275/248 227/271/244 223/270/243
f 231/278/251 267/279/252 230/276/249 229/275/248
f 233/280/253 231/278/251 229/275/248 232/277/250
f 235/281/254 233/280/253 232/277/250 234/282/255
f 232/277/250 223/270/243 236/272/245 234/282/255
f 237/283/256 239/284/257 235/281/254 234/282/255
f 237/283/256 234/282/255 236/272/245 224/267/240
f 239/284/257 237/283/256 238/285/258 241/286/259
f 220/266/239 238/285/258 237/283/256 224/267/240
f 239/287/257 240/288/260 279/289/261 235/290/254
f 240/288/260 239/287/257 241/291/259 242/292/262
f 243/293/263 244/294/264 242/292/262 241/291/259
f 246/262/235 243/295/263 241/286/259 238/285/258
f 244/294/264 243/293/263 245/296/265 248/297/266
f 243/295/263 246/262/235 215/259/232 245/298/265
f 216/263/236 246/262/235 238/285/258 220/266/239
f 245/298/265 215/259/232 213/258/231 247/299/267
f 248/297/266 245/296/265 247/300/267 249/301/268
f 248/297/266 249/301/268 251/302/269 250/303/270
f 253/304/271 244/294/264 248/297/266 250/303/270
f 252/204/183 250/303/270 251/302/269 165/202/181
f 255/305/272 253/304/271 250/303/270 252/204/183
f 254/306/273 242/292/262 244/294/264 253/304/271
f 254/306/273 253/304/271 255/305/272 256/307/274
f 256/307/274 255/305/272 172/211/190 258/212/191
f 255/305/272 252/204/183 166/203/182 172/211/190
f 256/307/274 257/308/275 281/309/276 254/306/273
f 258/212/191 259/310/277 257/308/275 256/307/274
f 260/311/278 259/310/277 258/212/191 173/213/192
f 259/310/277 261/312/279 262/313/280 257/308/275
f 260/311/278 264/314/281 261/312/279 259/310/277
f 278/315/282 262/313/280 261/312/279 263/316/283
f 264/314/281 266/317/284 263/316/283 261/312/279
f 266/317/284 264/314/281 265/318/285 268/319/286
f 265/318/285 264/314/281 260/311/278 272/320/287
f 231/321/251 263/316/283 266/317/284 267/322/252
f 267/322/252 266/317/284 268/319/286 269/323/288
f 270/324/289 268/319/286 265/318/285 272/320/287
f 271/325/290 269/323/288 268/319/286 270/324/289
f 273/219/198 271/325/290 270/324/289 177/216/195
f 177/216/195 270/324/289 272/320/287 175/214/193
f 272/320/287 260/311/278 173/213/192 175/214/193
f 195/241/214 274/326/291 271/327/290 273/240/198
f 274/326/291 276/328/292 269/329/288 271/327/290
f 274/326/291 275/330/293 277/331/294 276/328/292
f 197/242/215 275/330/293 274/326/291 195/241/214
f 267/279/252 269/329/288 276/328/292 230/276/249
f 230/276/249 276/328/292 277/331/294 228/274/247
f 226/273/246 228/274/247 277/331/294 275/330/293
f 199/244/217 226/273/246 275/330/293 197/242/215
f 233/332/253 278/315/282 263/316/283 231/321/251
f 278/315/282 279/289/261 280/333/295 262/313/280
f 235/290/254 279/289/261 278/315/282 233/332/253
f 280/333/295 279/289/261 240/288/260 281/309/276
f 257/308/275 262/313/280 280/333/295 281/309/276
f 281/309/276 240/288/260 242/292/262 254/306/273
f 249/301/268 282/195/174 158/196/175 251/302/269
f 160/197/176 165/202/181 251/302/269 158/196/175
f 247/300/267 283/334/296 282/195/174 249/301/268
f 283/334/296 150/187/167 152/190/169 282/195/174
f 211/257/230 148/184/165 150/186/167 283/335/296
f 213/258/231 211/257/230 283/335/296 247/299/267
f 285/174/155 139/175/156 206/178/159 284/233/209
f 284/233/209 189/228/205 286/336/297 285/174/155
f 285/174/155 286/336/297 134/169/151 136/171/152
f 189/228/205 186/227/143 124/337/142 286/336/297
f 286/336/297 124/337/142 126/170/144 134/169/151
f 289/338/298 287/134/118 100/131/115 288/339/299
f 97/129/113 290/340/300 288/339/299 100/131/115
f 293/341/301 289/338/298 288/339/299 291/342/302
f 291/342/302 288/339/299 290/340/300 294/343/303
f 294/343/303 295/344/304 292/345/305 291/342/302
f 291/342/302 292/345/305 1157/346/306 293/341/301
f 298/347/307 296/348/308 294/343/303 290/340/300
f 299/349/309 295/344/304 294/343/303 296/348/308
f 301/350/310 299/349/309 296/348/308 297/351/311
f 336/352/312 297/351/311 296/348/308 298/347/307
f 300/353/313 1159/354/314 295/344/304 299/349/309
f 299/349/309 301/350/310 302/355/315 300/353/313
f 303/356/316 306/357/317 302/355/315 301/350/310
f 303/356/316 301/350/310 297/351/311 305/358/318
f 303/356/316 304/359/319 308/360/320 306/357/317
f 304/359/319 303/356/316 305/358/318 331/361/321
f 306/357/317 307/362/322 1170/363/323 302/355/315
f 306/357/317 308/360/320 310/364/324 307/362/322
f 312/365/325 310/366/324 308/367/320 309/368/326
f 304/369/319 326/370/327 309/368/326 308/367/320
f 311/371/328 1173/372/329 307/362/322 310/364/324
f 310/366/324 312/365/325 313/373/330 311/374/328
f 312/365/325 314/375/331 316/376/332 313/373/330
f 312/365/325 309/368/326 315/377/333 314/375/331
f 320/378/334 317/379/335 314/375/331 315/377/333
f 317/379/335 318/380/336 316/376/332 314/375/331
f 319/381/337 1201/382/338 318/380/336 317/379/335
f 320/378/334 321/383/339 319/381/337 317/379/335
f 322/384/340 323/385/341 321/383/339 320/378/334
f 322/384/340 320/378/334 315/377/333 324/386/342
f 325/387/343 323/385/341 322/384/340 324/386/342
f 324/386/342 315/377/333 309/368/326 326/370/327
f 324/386/342 326/370/327 327/388/344 325/387/343
f 326/370/327 304/369/319 331/389/321 328/390/345
f 327/388/344 326/370/327 328/390/345 330/391/346
f 328/390/345 331/389/321 332/392/347 329/393/348
f 328/390/345 329/393/348 1662/394/349 330/391/346
f 331/361/321 305/358/318 334/395/350 332/396/347
f 1663/397/351 329/393/348 332/392/347 333/398/352
f 334/395/350 335/399/353 333/400/352 332/396/347
f 334/395/350 305/358/318 297/351/311 336/352/312
f 336/352/312 337/130/114 335/399/353 334/395/350
f 298/347/307 94/128/112 337/130/114 336/352/312
f 337/130/114 95/127/111 338/401/354 335/399/353
f 335/399/353 338/401/354 340/402/355 333/400/352
f 95/127/111 88/120/104 339/121/105 338/401/354
f 338/401/354 339/121/105 342/403/356 340/402/355
f 333/398/352 340/404/355 341/405/357 1663/397/351
f 341/405/357 340/404/355 342/406/356 343/407/358
f 345/109/94 343/407/358 342/406/356 81/110/95
f 81/111/95 342/403/356 339/121/105 83/112/96
f 341/405/357 343/407/358 344/408/359 348/409/360
f 344/408/359 343/407/358 52/74/62 347/76/64
f 346/90/78 56/75/63 52/74/62 343/407/358
f 346/90/78 343/407/358 345/109/94 65/88/76
f 66/87/75 63/79/67 56/75/63 346/90/78
f 68/89/77 65/88/76 345/109/94 76/99/87
f 347/76/64 352/410/361 349/411/362 344/408/359
f 350/412/363 348/409/360 344/408/359 349/411/362
f 360/413/364 350/412/363 349/411/362 351/414/365
f 349/411/362 352/410/361 353/415/366 351/414/365
f 347/76/64 53/55/46 39/53/45 352/410/361
f 352/410/361 39/53/45 37/51/44 353/415/366
f 356/35/29 354/416/367 353/415/366 37/51/44
f 354/416/367 355/417/368 351/414/365 353/415/366
f 15/19/16 12/18/15 355/417/368 354/416/367
f 17/22/19 15/19/16 354/416/367 356/35/29
f 355/417/368 12/18/15 359/20/17 357/418/369
f 357/418/369 360/413/364 351/414/365 355/417/368
f 358/419/370 361/420/371 360/413/364 357/418/369
f 359/20/17 13/17/14 358/419/370 357/418/369
f 350/412/363 360/413/364 361/420/371 362/421/372
f 362/421/372 361/420/371 363/422/373 364/423/374
f 363/422/373 361/420/371 358/419/370 366/424/375
f 364/423/374 363/422/373 365/425/376 376/426/377
f 363/422/373 366/424/375 369/427/378 365/425/376
f 367/428/379 617/429/380 368/430/381 366/424/375
f 358/419/370 13/17/14 367/428/379 366/424/375
f 368/430/381 370/431/382 369/427/378 366/424/375
f 369/427/378 370/431/382 372/432/383 365/425/376
f 368/430/381 612/433/384 371/434/385 370/431/382
f 371/434/385 373/435/386 372/432/383 370/431/382
f 372/432/383 373/435/386 375/436/387 374/437/388
f 365/425/376 372/432/383 374/437/388 376/426/377
f 381/438/389 377/439/390 374/437/388 375/436/387
f 382/440/391 376/426/377 374/437/388 377/439/390
f 377/439/390 378/441/392 383/442/393 382/440/391
f 378/441/392 377/439/390 379/443/394
f 377/439/390 380/444/395 379/443/394
f 1148/445/396 380/444/395 377/439/390 381/438/389
f 382/440/391 383/442/393 387/446/397 384/447/398
f 364/423/374 376/426/377 382/440/391 384/447/398
f 385/448/399 362/421/372 364/423/374 384/447/398
f 1662/394/349 385/448/399 384/447/398 386/449/400
f 386/449/400 384/447/398 388/450/401
f 384/447/398 387/446/397 388/450/401
f 390/451/402 386/449/400 388/450/401 389/452/403
f 388/450/401 387/446/397 392/453/404 389/452/403
f 1236/454/405 390/451/402 389/452/403 391/455/406
f 389/452/403 392/453/404 393/456/407 391/455/406
f 395/457/408 396/458/409 393/456/407 392/453/404
f 387/446/397 383/442/393 394/459/410 392/453/404
f 398/460/411 395/457/408 392/453/404 394/459/410
f 397/461/412 1250/462/413 396/458/409 395/457/408
f 397/461/412 395/457/408 398/460/411 399/463/414
f 400/464/415 402/465/416 399/463/414 398/460/411
f 401/466/417 400/464/415 398/460/411 394/459/410
f 400/464/415 401/466/417 405/467/418 403/468/419
f 402/465/416 400/464/415 403/468/419 406/469/420
f 404/470/421 408/471/422 406/469/420 403/468/419
f 405/467/418 426/472/423 404/470/421 403/468/419
f 1257/473/424 402/465/416 406/469/420 407/474/425
f 407/474/425 406/469/420 408/471/422 410/475/426
f 412/476/427 410/475/426 408/471/422 409/477/428
f 404/470/421 421/478/429 409/477/428 408/471/422
f 407/474/425 410/475/426 411/479/430 1254/480/431
f 413/481/432 411/479/430 410/475/426 412/476/427
f 415/482/433 413/481/432 412/476/427 414/483/434
f 414/483/434 412/476/427 409/477/428 417/484/435
f 1321/485/436 415/482/433 414/483/434 416/486/437
f 416/486/437 414/483/434 417/484/435 418/487/438
f 418/487/438 417/484/435 419/488/439 420/489/440
f 417/484/435 409/477/428 421/478/429 419/488/439
f 420/489/440 419/488/439 422/490/441 423/491/442
f 419/488/439 421/478/429 425/492/443 422/490/441
f 423/493/442 422/494/441 424/495/444 1327/496/445
f 422/494/441 425/497/443 428/498/446 424/495/444
f 427/499/447 425/492/443 426/472/423 1152/500/448
f 426/472/423 425/492/443 421/478/429 404/470/421
f 427/501/447 429/502/449 428/498/446 425/497/443
f 428/498/446 429/502/449 433/503/450 430/504/451
f 424/495/444 428/498/446 430/504/451 434/505/452
f 434/505/452 430/504/451 431/506/453 436/507/454
f 431/506/453 430/504/451 432/508/455 444/509/456
f 432/508/455 430/504/451 433/503/450 507/510/457
f 1327/496/445 424/495/444 434/505/452 435/511/458
f 435/511/458 434/505/452 436/507/454 437/512/459
f 437/512/459 436/507/454 438/513/460 439/514/461
f 436/507/454 431/506/453 441/515/462 438/513/460
f 1335/516/463 439/514/461 438/513/460 440/517/464
f 440/517/464 438/513/460 441/515/462 442/518/465
f 446/519/466 442/518/465 441/515/462 443/520/467
f 444/509/456 443/520/467 441/515/462 431/506/453
f 457/521/468 445/522/469 443/520/467 444/509/456
f 448/523/470 446/519/466 443/520/467 445/522/469
f 447/524/471 1475/525/472 442/518/465 446/519/466
f 448/523/470 449/526/473 447/524/471 446/519/466
f 448/523/470 445/522/469 452/527/474 449/526/473
f 450/528/475 1476/529/476 447/524/471 449/526/473
f 451/530/477 1160/531/478 450/528/475 449/526/473
f 452/527/474 453/532/479 451/530/477 449/526/473
f 454/533/480 456/534/481 453/532/479 452/527/474
f 457/521/468 454/533/480 452/527/474 445/522/469
f 455/535/482 454/533/480 432/508/455 507/510/457
f 454/533/480 455/535/482 458/536/483 456/534/481
f 457/521/468 444/509/456 432/508/455 454/533/480
f 456/534/481 458/536/483 495/537/484 459/538/485
f 456/534/481 460/539/486 462/540/487 453/532/479
f 460/539/486 456/534/481 459/538/485 463/541/488
f 461/542/489 460/539/486 463/541/488 464/543/490
f 460/539/486 461/542/489 1157/346/306 462/540/487
f 464/543/490 463/541/488 465/544/491 466/545/492
f 463/541/488 459/538/485 467/546/493 465/544/491
f 468/547/494 470/548/495 466/545/492 465/544/491
f 469/549/496 468/547/494 465/544/491 467/546/493
f 473/550/497 470/548/495 468/547/494 469/549/496
f 470/548/495 471/551/498 679/552/499 466/545/492
f 472/553/500 688/554/501 471/551/498 470/548/495
f 474/555/502 472/553/500 470/548/495 473/550/497
f 473/550/497 475/556/503 476/557/504 474/555/502
f 469/549/496 479/558/505 475/556/503 473/550/497
f 477/559/506 737/560/507 476/557/504 475/556/503
f 478/561/508 750/562/509 477/559/506 475/556/503
f 478/561/508 475/556/503 479/558/505 481/563/510
f 482/564/511 481/563/510 479/558/505 480/565/512
f 469/549/496 467/546/493 480/565/512 479/558/505
f 482/564/511 486/566/513 483/567/514 481/563/510
f 481/563/510 483/567/514 484/568/515 478/561/508
f 749/569/516 484/568/515 483/567/514 485/570/517
f 486/566/513 487/571/518 485/570/517 483/567/514
f 488/572/519 489/573/520 487/571/518 486/566/513
f 480/565/512 488/572/519 486/566/513 482/564/511
f 490/574/521 491/575/522 489/573/520 488/572/519
f 493/576/523 490/574/521 488/572/519 480/565/512
f 492/577/524 969/578/525 491/575/522 490/574/521
f 493/576/523 494/579/526 492/577/524 490/574/521
f 493/576/523 480/565/512 467/546/493 494/579/526
f 494/579/526 467/546/493 459/538/485 495/537/484
f 496/580/527 498/581/528 492/577/524 494/579/526
f 496/580/527 494/579/526 495/537/484 497/582/529
f 497/582/529 500/583/530 498/581/528 496/580/527
f 492/577/524 498/581/528 499/584/531 969/578/525
f 499/584/531 498/581/528 500/583/530 501/585/532
f 502/586/533 503/587/534 501/585/532 500/583/530
f 505/588/535 502/586/533 500/583/530 497/582/529
f 504/589/536 506/590/537 503/587/534 502/586/533
f 505/588/535 458/536/483 504/589/536 502/586/533
f 505/588/535 497/582/529 495/537/484 458/536/483
f 507/510/457 433/503/450 506/590/537 504/589/536
f 455/535/482 507/510/457 504/589/536 458/536/483
f 508/591/538 506/590/537 433/503/450 429/502/449
f 503/587/534 506/590/537 509/592/539 512/593/540
f 506/590/537 508/591/538 510/594/541 509/592/539
f 509/592/539 510/594/541 549/595/542 511/596/543
f 511/596/543 513/597/544 512/593/540 509/592/539
f 512/593/540 513/597/544 515/598/545 514/599/546
f 514/599/546 501/585/532 503/587/534 512/593/540
f 516/600/547 499/584/531 501/585/532 514/599/546
f 518/601/548 516/600/547 514/599/546 515/598/545
f 517/602/549 969/578/525 499/584/531 516/600/547
f 519/603/550 517/602/549 516/600/547 518/601/548
f 523/604/551 519/603/550 518/601/548 520/605/552
f 520/605/552 518/601/548 515/598/545 522/606/553
f 520/605/552 521/607/554 525/608/555 523/604/551
f 522/606/553 1156/609/556 521/607/554 520/605/552
f 524/610/557 972/611/558 519/603/550 523/604/551
f 526/612/559 524/610/557 523/604/551 525/608/555
f 525/608/555 527/613/560 528/614/561 526/612/559
f 521/607/554 530/615/562 527/613/560 525/608/555
f 527/613/560 529/616/563 984/617/564 528/614/561
f 530/615/562 532/618/565 529/616/563 527/613/560
f 531/619/566 534/620/567 532/618/565 530/615/562
f 1156/609/556 531/619/566 530/615/562 521/607/554
f 532/618/565 533/621/568 986/622/569 529/616/563
f 534/620/567 535/623/570 533/621/568 532/618/565
f 536/624/571 537/625/572 535/623/570 534/620/567
f 539/626/573 536/624/571 534/620/567 531/619/566
f 1034/627/574 537/625/572 536/624/571 538/628/575
f 539/626/573 541/629/576 538/628/575 536/624/571
f 540/630/577 543/631/578 541/629/576 539/626/573
f 540/630/577 539/626/573 531/619/566 1156/609/556
f 541/629/576 542/632/579 1036/633/580 538/628/575
f 543/631/578 545/634/581 542/632/579 541/629/576
f 545/634/581 543/631/578 544/635/582 547/636/583
f 544/635/582 543/631/578 540/630/577 1155/637/584
f 545/634/581 546/638/585 1144/639/586 542/632/579
f 546/638/585 545/634/581 547/636/583 548/640/587
f 548/640/587 547/636/583 549/595/542 550/641/588
f 547/636/583 544/635/582 511/596/543 549/595/542
f 510/594/541 551/642/589 550/641/588 549/595/542
f 555/643/590 548/644/587 550/645/588 552/646/591
f 552/646/591 550/645/588 551/647/589 554/648/592
f 557/649/593 555/643/590 552/646/591 553/650/594
f 553/650/594 552/646/591 554/648/592 567/651/595
f 556/652/596 546/653/585 548/644/587 555/643/590
f 558/654/597 556/652/596 555/643/590 557/649/593
f 560/655/598 558/654/597 557/649/593 559/656/599
f 559/656/599 557/649/593 553/650/594 562/657/600
f 1123/658/601 560/655/598 559/656/599 561/659/602
f 561/659/602 559/656/599 562/657/600 563/660/603
f 563/660/603 562/657/600 564/661/604 565/662/605
f 562/657/600 553/650/594 567/651/595 564/661/604
f 565/662/605 564/661/604 566/663/606 1139/664/607
f 564/661/604 567/651/595 568/665/608 566/663/606
f 567/651/595 554/648/592 569/666/609 568/665/608
f 571/667/610 570/668/611 568/665/608 569/666/609
f 566/663/606 568/665/608 570/668/611 572/669/612
f 573/670/613 570/668/611 571/667/610 576/671/614
f 570/668/611 573/670/613 574/672/615 572/669/612
f 1149/673/616 574/672/615 573/670/613 575/674/617
f 575/674/617 573/670/613 576/671/614 578/675/618
f 578/675/618 576/671/614 577/676/619 579/677/620
f 571/667/610 1153/678/621 577/676/619 576/671/614
f 580/679/622 578/675/618 579/677/620 581/680/623
f 583/681/624 575/674/617 578/675/618 580/679/622
f 580/679/622 581/680/623 600/682/625 582/683/626
f 583/681/624 580/679/622 582/683/626 585/684/627
f 584/685/628 1149/673/616 575/674/617 583/681/624
f 584/685/628 583/681/624 585/684/627 586/686/629
f 586/686/629 585/684/627 587/687/630 588/688/631
f 585/684/627 582/683/626 589/689/632 587/687/630
f 588/688/631 587/687/630 590/690/633 591/691/634
f 587/687/630 589/689/632 593/692/635 590/690/633
f 1138/693/636 591/691/634 590/690/633 592/694/637
f 592/694/637 590/690/633 593/692/635 594/695/638
f 594/695/638 593/692/635 595/696/639 597/697/640
f 598/698/641 595/696/639 593/692/635 589/689/632
f 595/696/639 598/698/641 599/699/642 596/700/643
f 595/696/639 596/700/643 711/701/644 597/697/640
f 582/683/626 600/682/625 598/698/641 589/689/632
f 602/702/645 599/699/642 598/698/641 600/682/625
f 600/682/625 601/703/646 604/704/647 602/702/645
f 581/680/623 1148/445/396 601/703/646 600/682/625
f 599/699/642 602/702/645 603/705/648 706/706/649
f 604/704/647 605/707/650 603/705/648 602/702/645
f 606/708/651 605/707/650 604/704/647
f 606/708/651 604/704/647 601/703/646
f 606/708/651 601/703/646 1148/445/396 381/438/389
f 381/438/389 375/436/387 608/709/652 606/708/651
f 691/710/653 605/707/650 606/708/651 607/711/654
f 607/711/654 606/708/651 608/709/652 609/712/655
f 610/713/656 611/714/657 609/712/655 608/709/652
f 373/435/386 610/713/656 608/709/652 375/436/387
f 613/715/658 611/714/657 610/713/656 612/433/384
f 371/434/385 612/433/384 610/713/656 373/435/386
f 614/716/659 615/717/660 613/715/658 612/433/384
f 368/430/381 617/429/380 614/716/659 612/433/384
f 616/718/661 628/719/662 615/717/660 614/716/659
f 614/716/659 617/429/380 618/720/663 616/718/661
f 617/429/380 367/428/379 620/721/664 618/720/663
f 619/722/665 623/723/666 616/724/661 618/725/663
f 621/3/3 619/722/665 618/725/663 620/726/664
f 3/4/4 621/3/3 620/726/664 10/11/11
f 367/428/379 13/17/14 10/16/11 620/721/664
f 2/2/2 622/727/667 619/722/665 621/3/3
f 622/727/667 624/728/668 623/723/666 619/722/665
f 624/728/668 626/729/669 625/730/670 623/723/666
f 623/723/666 625/730/670 628/731/662 616/724/661
f 626/729/669 661/732/671 627/733/672 625/730/670
f 625/730/670 627/733/672 629/734/673 628/731/662
f 631/735/674 615/717/660 628/719/662 629/736/673
f 627/733/672 659/737/675 630/738/676 629/734/673
f 630/739/676 633/740/677 631/735/674 629/736/673
f 615/717/660 631/735/674 632/741/678 613/715/658
f 631/735/674 633/740/677 636/742/679 632/741/678
f 633/740/677 630/739/676 656/743/680 634/744/681
f 634/744/681 642/745/682 635/746/683 633/740/677
f 636/742/679 633/740/677 635/746/683 638/747/684
f 632/741/678 636/742/679 637/748/685 1147/749/686
f 636/742/679 638/747/684 639/750/687 637/748/685
f 641/751/688 639/750/687 638/747/684 640/752/689
f 640/752/689 638/747/684 635/746/683 642/745/682
f 641/751/688 640/752/689 643/753/690 645/754/691
f 643/753/690 640/752/689 642/745/682 644/755/692
f 644/755/692 647/756/693 645/754/691 643/753/690
f 647/756/693 648/757/694 646/758/695 645/754/691
f 645/754/691 646/758/695 682/759/696 641/751/688
f 649/760/697 287/134/118 648/757/694 647/756/693
f 650/761/698 649/760/697 647/756/693 644/755/692
f 32/44/37 99/46/39 287/134/118 649/760/697
f 30/42/35 32/44/37 649/760/697 650/761/698
f 28/40/33 30/42/35 650/761/698 651/41/34
f 651/41/34 650/761/698 644/755/692 653/762/699
f 27/38/31 651/41/34 652/763/700 674/764/701
f 653/762/699 654/765/702 652/763/700 651/41/34
f 634/744/681 656/743/680 654/765/702 653/762/699
f 653/762/699 644/755/692 642/745/682 634/744/681
f 654/766/702 655/767/703 664/768/704 652/769/700
f 656/770/680 657/771/705 655/767/703 654/766/702
f 630/738/676 659/737/675 657/771/705 656/770/680
f 657/771/705 658/772/706 662/773/707 655/767/703
f 660/774/708 658/772/706 657/771/705 659/737/675
f 661/732/671 660/774/708 659/737/675 627/733/672
f 655/767/703 662/773/707 663/775/709 664/768/704
f 664/776/704 663/777/709 665/778/710 666/779/711
f 668/780/712 666/779/711 665/778/710 667/781/713
f 667/781/713 669/782/714 670/783/715 668/780/712
f 669/782/714 671/784/716 672/785/717 670/783/715
f 671/784/716 5/7/7 7/8/8 672/785/717
f 670/783/715 672/785/717 18/786/20 20/787/23
f 672/785/717 7/8/8 9/9/9 18/786/20
f 668/780/712 670/783/715 20/787/23 673/788/25
f 666/779/711 668/780/712 673/788/25 674/789/701
f 673/28/25 21/27/24 27/38/31 674/764/701
f 652/790/700 664/776/704 666/779/711 674/789/701
f 287/134/118 289/338/298 675/791/718 648/757/694
f 676/792/719 646/758/695 648/757/694 675/791/718
f 289/338/298 293/341/301 677/793/720 675/791/718
f 678/794/721 676/792/719 675/791/718 677/793/720
f 677/793/720 461/542/489 464/543/490 678/794/721
f 293/341/301 1157/346/306 461/542/489 677/793/720
f 678/794/721 464/543/490 466/545/492 679/552/499
f 679/552/499 680/795/722 676/792/719 678/794/721
f 681/796/723 680/795/722 679/552/499 471/551/498
f 680/795/722 681/796/723 683/797/724 682/759/696
f 680/795/722 682/759/696 646/758/695 676/792/719
f 682/759/696 683/797/724 639/750/687 641/751/688
f 681/796/723 686/798/725 684/799/726 683/797/724
f 683/797/724 684/799/726 637/748/685 639/750/687
f 684/799/726 685/800/727 1147/749/686 637/748/685
f 686/798/725 687/801/728 685/800/727 684/799/726
f 688/554/501 689/802/729 687/801/728 686/798/725
f 471/551/498 688/554/501 686/798/725 681/796/723
f 472/553/500 690/803/730 689/802/729 688/554/501
f 690/803/730 692/804/731 691/710/653 689/802/729
f 607/711/654 687/801/728 689/802/729 691/710/653
f 605/707/650 691/710/653 692/804/731 603/705/648
f 693/805/732 695/806/733 603/705/648 692/804/731
f 693/805/732 692/804/731 690/803/730 694/807/734
f 698/808/735 696/809/736 693/805/732 694/807/734
f 696/809/736 699/810/737 695/806/733 693/805/732
f 697/811/738 700/812/739 699/810/737 696/809/736
f 733/813/740 697/811/738 696/809/736 698/808/735
f 700/812/739 702/814/741 701/815/742 699/810/737
f 699/810/737 701/815/742 704/816/743 695/806/733
f 702/814/741 724/817/744 703/818/745 701/815/742
f 701/815/742 703/818/745 705/819/746 704/816/743
f 704/816/743 705/819/746 707/820/747 706/706/649
f 706/706/649 603/705/648 695/806/733 704/816/743
f 596/700/643 599/699/642 706/706/649 707/820/747
f 707/820/747 705/819/746 709/821/748 708/822/749
f 711/701/644 596/700/643 707/820/747 708/822/749
f 715/823/750 712/824/751 708/822/749 709/821/748
f 710/825/752 708/826/749 712/827/751 713/828/753
f 708/826/749 710/825/752 967/829/754 711/830/644
f 713/828/753 712/827/751 714/831/755 765/832/756
f 716/833/757 714/834/755 712/824/751 715/823/750
f 718/835/758 716/833/757 715/823/750 717/836/759
f 717/836/759 715/823/750 709/821/748 719/837/760
f 721/838/761 718/835/758 717/836/759 720/839/762
f 720/839/762 717/836/759 719/837/760 723/840/763
f 775/841/764 721/838/761 720/839/762 722/842/765
f 722/842/765 720/839/762 723/840/763 725/843/766
f 724/817/744 727/844/767 725/843/766 723/840/763
f 703/818/745 724/817/744 723/840/763 719/837/760
f 781/845/768 722/842/765 725/843/766 726/846/769
f 726/846/769 725/843/766 727/844/767 729/847/770
f 727/844/767 724/817/744 702/814/741 728/848/771
f 729/847/770 727/844/767 728/848/771 731/849/772
f 783/850/773 726/846/769 729/847/770 730/851/774
f 731/849/772 732/852/775 730/851/774 729/847/770
f 732/852/775 731/849/772 733/813/740 698/808/735
f 728/848/771 697/811/738 733/813/740 731/849/772
f 732/852/775 734/853/776 735/854/777 730/851/774
f 734/853/776 732/852/775 698/808/735 694/807/734
f 734/853/776 694/807/734 474/555/502 476/557/504
f 735/854/777 734/853/776 476/557/504 737/560/507
f 730/851/774 735/854/777 736/855/778 783/850/773
f 736/855/778 735/854/777 737/560/507 738/856/779
f 738/856/779 737/560/507 477/559/506 739/857/780
f 740/858/781 738/856/779 739/857/780 743/859/782
f 741/860/783 736/855/778 738/856/779 740/858/781
f 742/861/784 784/862/785 741/860/783 740/858/781
f 744/863/786 742/861/784 740/858/781 743/859/782
f 745/864/787 746/865/788 744/863/786 743/859/782
f 743/859/782 739/857/780 748/866/789 745/864/787
f 746/865/788 745/864/787 747/867/790 751/868/791
f 745/864/787 748/866/789 749/569/516 747/867/790
f 750/562/509 484/568/515 749/569/516 748/866/789
f 739/857/780 477/559/506 750/562/509 748/866/789
f 750/562/509 478/561/508 484/568/515
f 747/867/790 749/569/516 485/570/517 752/869/792
f 751/868/791 747/867/790 752/869/792 754/870/793
f 752/869/792 485/570/517 487/571/518 753/871/794
f 753/871/794 756/872/795 754/870/793 752/869/792
f 793/873/796 751/868/791 754/870/793 755/874/797
f 756/872/795 758/875/798 755/874/797 754/870/793
f 757/876/799 760/877/800 758/875/798 756/872/795
f 966/878/801 757/876/799 756/872/795 753/871/794
f 758/875/798 759/879/802 795/880/803 755/874/797
f 760/877/800 761/881/804 759/879/802 758/875/798
f 762/882/805 763/883/806 761/881/804 760/877/800
f 765/832/756 762/882/805 760/877/800 757/876/799
f 764/884/807 766/885/808 763/883/806 762/882/805
f 714/831/755 764/884/807 762/882/805 765/832/756
f 713/828/753 765/832/756 757/876/799 966/878/801
f 767/886/809 768/887/810 766/888/808 764/889/807
f 716/833/757 767/886/809 764/889/807 714/834/755
f 769/890/811 770/891/812 768/887/810 767/886/809
f 769/890/811 767/886/809 716/833/757 718/835/758
f 772/892/813 770/891/812 769/890/811 771/893/814
f 771/893/814 769/890/811 718/835/758 721/838/761
f 774/894/815 772/892/813 771/893/814 773/895/816
f 773/895/816 771/893/814 721/838/761 775/841/764
f 777/896/817 774/894/815 773/895/816 776/897/818
f 776/897/818 773/895/816 775/841/764 779/898/819
f 811/899/820 777/896/817 776/897/818 778/900/821
f 778/900/821 776/897/818 779/898/819 780/901/822
f 780/901/822 779/898/819 781/845/768 782/902/823
f 779/898/819 775/841/764 722/842/765 781/845/768
f 782/902/823 781/845/768 726/846/769 783/850/773
f 784/862/785 780/901/822 782/902/823 741/860/783
f 741/860/783 782/902/823 783/850/773 736/855/778
f 785/903/824 778/900/821 780/901/822 784/862/785
f 787/904/825 785/903/824 784/862/785 742/861/784
f 786/905/826 811/899/820 778/900/821 785/903/824
f 788/906/827 786/905/826 785/903/824 787/904/825
f 790/907/828 788/906/827 787/904/825 789/908/829
f 742/861/784 744/863/786 789/908/829 787/904/825
f 791/909/830 792/910/831 790/907/828 789/908/829
f 789/908/829 744/863/786 746/865/788 791/909/830
f 793/873/796 794/911/832 792/910/831 791/909/830
f 791/909/830 746/865/788 751/868/791 793/873/796
f 755/874/797 795/880/803 794/911/832 793/873/796
f 795/880/803 797/912/833 796/913/834 794/911/832
f 794/911/832 796/913/834 799/914/835 792/910/831
f 797/912/833 837/915/836 798/916/837 796/913/834
f 796/913/834 798/916/837 801/917/838 799/914/835
f 792/910/831 799/914/835 800/918/839 790/907/828
f 799/914/835 801/917/838 803/919/840 800/918/839
f 798/916/837 835/920/841 802/921/842 801/917/838
f 801/917/838 802/921/842 804/922/843 803/919/840
f 803/919/840 804/922/843 807/923/844 805/924/845
f 800/918/839 803/919/840 805/924/845 808/925/846
f 809/926/847 808/925/846 805/924/845 806/927/848
f 806/927/848 805/924/845 807/923/844 821/928/849
f 790/907/828 800/918/839 808/925/846 788/906/827
f 786/905/826 788/906/827 808/925/846 809/926/847
f 811/899/820 786/905/826 809/926/847 810/929/850
f 810/929/850 809/926/847 806/927/848 812/930/851
f 777/896/817 811/899/820 810/929/850 813/931/852
f 813/931/852 810/929/850 812/930/851 815/932/853
f 774/894/815 777/896/817 813/931/852 814/933/854
f 814/933/854 813/931/852 815/932/853 816/934/855
f 816/934/855 815/932/853 817/935/856 818/936/857
f 815/932/853 812/930/851 820/937/858 817/935/856
f 818/936/857 817/935/856 819/938/859 949/939/860
f 817/935/856 820/937/858 822/940/861 819/938/859
f 824/941/862 822/940/861 820/937/858 821/928/849
f 812/930/851 806/927/848 821/928/849 820/937/858
f 819/938/859 822/940/861 823/942/863 947/943/864
f 825/944/865 823/942/863 822/940/861 824/941/862
f 826/945/866 827/946/867 825/944/865 824/941/862
f 807/923/844 826/945/866 824/941/862 821/928/849
f 828/947/868 829/948/869 827/946/867 826/945/866
f 804/922/843 828/947/868 826/945/866 807/923/844
f 830/949/870 831/950/871 829/948/869 828/947/868
f 802/921/842 830/949/870 828/947/868 804/922/843
f 832/951/872 833/952/873 831/950/871 830/949/870
f 835/920/841 832/951/872 830/949/870 802/921/842
f 834/953/874 955/954/875 833/952/873 832/951/872
f 836/955/876 834/953/874 832/951/872 835/920/841
f 837/915/836 836/955/876 835/920/841 798/916/837
f 840/956/877 838/957/878 836/955/876 837/915/836
f 838/957/878 841/958/879 834/953/874 836/955/876
f 839/959/880 843/960/881 841/958/879 838/957/878
f 853/961/882 839/959/880 838/957/878 840/956/877
f 841/958/879 842/962/883 955/954/875 834/953/874
f 843/960/881 844/963/884 842/962/883 841/958/879
f 845/964/885 846/965/886 844/963/884 843/960/881
f 845/964/885 843/960/881 839/959/880 848/966/887
f 845/964/885 847/967/888 870/968/889 846/965/886
f 847/967/888 845/964/885 848/966/887 849/969/890
f 849/969/890 848/966/887 850/970/891 851/971/892
f 848/966/887 839/959/880 853/961/882 850/970/891
f 852/972/893 856/973/894 851/971/892 850/970/891
f 854/974/895 852/972/893 850/970/891 853/961/882
f 854/974/895 853/961/882 840/956/877 855/975/896
f 763/883/806 852/972/893 854/974/895 761/881/804
f 761/881/804 854/974/895 855/975/896 759/879/802
f 759/879/802 855/975/896 797/912/833 795/880/803
f 855/975/896 840/956/877 837/915/836 797/912/833
f 766/885/808 856/973/894 852/972/893 763/883/806
f 768/887/810 857/976/897 856/977/894 766/888/808
f 859/978/898 851/979/892 856/977/894 857/976/897
f 857/976/897 768/887/810 770/891/812 858/980/899
f 859/978/898 857/976/897 858/980/899 861/981/900
f 851/979/892 859/978/898 860/982/901 849/983/890
f 859/978/898 861/981/900 863/984/902 860/982/901
f 858/980/899 965/985/903 862/986/904 861/981/900
f 861/981/900 862/986/904 864/987/905 863/984/902
f 863/984/902 864/987/905 866/988/906 865/989/907
f 860/982/901 863/984/902 865/989/907 868/990/908
f 865/989/907 866/988/906 950/991/909 867/992/910
f 868/990/908 865/989/907 867/992/910 869/993/911
f 849/983/890 860/982/901 868/990/908 847/994/888
f 847/994/888 868/990/908 869/993/911 870/995/889
f 870/995/889 869/993/911 871/996/912 872/997/913
f 869/993/911 867/992/910 874/998/914 871/996/912
f 872/997/913 871/996/912 873/999/915 960/1000/916
f 871/996/912 874/998/914 876/1001/917 873/999/915
f 867/992/910 950/991/909 875/1002/918 874/998/914
f 874/998/914 875/1002/918 877/1003/919 876/1001/917
f 876/1001/917 877/1003/919 879/1004/920 878/1005/921
f 873/999/915 876/1001/917 878/1005/921 880/1006/922
f 879/1004/920 884/1007/923 881/1008/924 878/1005/921
f 881/1008/924 882/1009/925 880/1006/922 878/1005/921
f 882/1009/925 881/1008/924 883/1010/926 962/1011/927
f 884/1007/923 886/1012/928 883/1010/926 881/1008/924
f 885/1013/929 888/1014/930 886/1012/928 884/1007/923
f 954/1015/931 885/1013/929 884/1007/923 879/1004/920
f 887/1016/932 962/1011/927 883/1010/926 886/1012/928
f 889/1017/933 887/1016/932 886/1012/928 888/1014/930
f 890/1018/934 893/1019/935 889/1017/933 888/1014/930
f 890/1018/934 888/1014/930 885/1013/929 892/1020/936
f 893/1019/935 890/1018/934 891/1021/937 895/1022/938
f 891/1021/937 890/1018/934 892/1020/936 899/1023/939
f 963/1024/940 889/1017/933 893/1019/935 894/1025/941
f 894/1025/941 893/1019/935 895/1022/938 896/1026/942
f 897/1027/943 895/1022/938 891/1021/937 899/1023/939
f 897/1027/943 900/1028/944 896/1026/942 895/1022/938
f 897/1027/943 898/1029/945 902/1030/946 900/1028/944
f 898/1029/945 897/1027/943 899/1023/939 953/1031/947
f 901/1032/948 964/1033/949 896/1034/942 900/1035/944
f 901/1032/948 900/1035/944 902/1030/946 904/1036/950
f 902/1030/946 903/1037/951 905/1038/952 904/1036/950
f 898/1029/945 941/1039/953 903/1037/951 902/1030/946
f 904/1036/950 905/1038/952 907/1040/954 906/1041/955
f 909/1042/956 901/1032/948 904/1036/950 906/1041/955
f 906/1041/955 907/1040/954 935/1043/957 908/1044/958
f 908/1044/958 911/1045/959 909/1042/956 906/1041/955
f 910/1046/960 964/1033/949 901/1032/948 909/1042/956
f 911/1045/959 913/1047/961 910/1046/960 909/1042/956
f 912/1048/962 915/1049/963 913/1047/961 911/1045/959
f 932/1050/964 912/1048/962 911/1045/959 908/1044/958
f 914/1051/965 964/1033/949 910/1046/960 913/1047/961
f 916/1052/966 914/1051/965 913/1047/961 915/1049/963
f 916/1052/966 915/1049/963 917/1053/967 920/1054/968
f 912/1048/962 919/1055/969 917/1053/967 915/1049/963
f 920/1054/968 917/1053/967 918/1056/970 922/1057/971
f 918/1056/970 917/1053/967 919/1055/969 927/1058/972
f 963/1059/940 916/1052/966 920/1054/968 921/1060/973
f 921/1060/973 920/1054/968 922/1057/971 923/1061/974
f 924/1062/975 925/1063/976 923/1061/974 922/1057/971
f 924/1062/975 922/1057/971 918/1056/970 927/1058/972
f 961/1064/977 925/1063/976 924/1062/975 926/1065/978
f 926/1065/978 924/1062/975 927/1058/972 928/1066/979
f 927/1058/972 919/1055/969 930/1067/980 928/1066/979
f 959/1068/981 926/1065/978 928/1066/979 929/1069/982
f 930/1067/980 931/1070/983 929/1069/982 928/1066/979
f 932/1050/964 933/1071/984 931/1070/983 930/1067/980
f 919/1055/969 912/1048/962 932/1050/964 930/1067/980
f 908/1044/958 935/1043/957 933/1071/984 932/1050/964
f 956/1072/985 931/1070/983 933/1071/984 934/1073/986
f 934/1073/986 933/1071/984 935/1043/957 936/1074/987
f 936/1074/987 935/1043/957 907/1040/954 937/1075/988
f 955/954/875 934/1073/986 936/1074/987 833/952/873
f 833/952/873 936/1074/987 937/1075/988 831/950/871
f 937/1075/988 907/1040/954 905/1038/952 938/1076/989
f 831/950/871 937/1075/988 938/1076/989 829/948/869
f 938/1076/989 905/1038/952 903/1037/951 939/1077/990
f 829/948/869 938/1076/989 939/1077/990 827/946/867
f 939/1077/990 903/1037/951 941/1039/953 940/1078/991
f 827/946/867 939/1077/990 940/1078/991 825/944/865
f 941/1039/953 943/1079/992 942/1080/993 940/1078/991
f 940/1078/991 942/1080/993 823/942/863 825/944/865
f 944/1081/994 942/1080/993 943/1079/992 946/1082/995
f 947/943/864 823/942/863 942/1080/993 944/1081/994
f 948/1083/996 947/943/864 944/1081/994 945/1084/997
f 945/1084/997 944/1081/994 946/1082/995 951/1085/998
f 949/939/860 819/938/859 947/943/864 948/1083/996
f 866/988/906 949/939/860 948/1083/996 950/991/909
f 950/991/909 948/1083/996 945/1084/997 875/1002/918
f 864/987/905 818/936/857 949/939/860 866/988/906
f 952/1086/999 954/1015/931 951/1085/998 946/1082/995
f 953/1031/947 952/1086/999 946/1082/995 943/1079/992
f 899/1023/939 892/1020/936 952/1086/999 953/1031/947
f 892/1020/936 885/1013/929 954/1015/931 952/1086/999
f 877/1003/919 951/1085/998 954/1015/931 879/1004/920
f 898/1029/945 953/1031/947 943/1079/992 941/1039/953
f 875/1002/918 945/1084/997 951/1085/998 877/1003/919
f 842/962/883 956/1072/985 934/1073/986 955/954/875
f 957/1087/1000 929/1069/982 931/1070/983 956/1072/985
f 844/963/884 957/1087/1000 956/1072/985 842/962/883
f 958/1088/1001 959/1068/981 929/1069/982 957/1087/1000
f 846/965/886 958/1088/1001 957/1087/1000 844/963/884
f 872/1089/913 960/1090/916 959/1068/981 958/1088/1001
f 870/968/889 872/1089/913 958/1088/1001 846/965/886
f 959/1068/981 960/1090/916 961/1064/977 926/1065/978
f 960/1000/916 873/999/915 880/1006/922 961/1091/977
f 961/1091/977 880/1006/922 882/1009/925 925/1092/976
f 925/1092/976 882/1009/925 962/1011/927 923/1093/974
f 887/1016/932 921/1094/973 923/1093/974 962/1011/927
f 921/1094/973 887/1016/932 889/1017/933 963/1024/940
f 963/1059/940 894/1095/941 914/1051/965 916/1052/966
f 964/1033/949 914/1051/965 894/1095/941 896/1034/942
f 862/986/904 816/934/855 818/936/857 864/987/905
f 965/985/903 814/933/854 816/934/855 862/986/904
f 772/892/813 774/894/815 814/933/854 965/985/903
f 770/891/812 772/892/813 965/985/903 858/980/899
f 489/573/520 710/825/752 713/828/753 966/878/801
f 753/871/794 487/571/518 489/573/520 966/878/801
f 728/848/771 702/814/741 700/812/739 697/811/738
f 705/819/746 703/818/745 719/837/760 709/821/748
f 967/829/754 968/1096/1002 597/1097/640 711/830/644
f 491/575/522 969/578/525 968/1096/1002 967/829/754
f 710/825/752 489/573/520 491/575/522 967/829/754
f 970/1098/1003 968/1096/1002 969/578/525 517/602/549
f 971/1099/1004 597/1097/640 968/1096/1002 970/1098/1003
f 973/1100/1005 971/1099/1004 970/1098/1003 972/611/558
f 972/611/558 970/1098/1003 517/602/549 519/603/550
f 975/1101/1006 973/1100/1005 972/611/558 524/610/557
f 974/1102/1007 1142/1103/1008 971/1104/1004 973/1105/1005
f 976/1106/1009 974/1102/1007 973/1105/1005 975/1107/1006
f 978/1108/1010 976/1106/1009 975/1107/1006 977/1109/1011
f 524/610/557 526/612/559 977/1110/1011 975/1101/1006
f 977/1109/1011 979/1111/1012 980/1112/1013 978/1108/1010
f 526/612/559 528/614/561 979/1113/1012 977/1110/1011
f 979/1111/1012 981/1114/1014 982/1115/1015 980/1112/1013
f 528/614/561 984/617/564 981/1116/1014 979/1113/1012
f 1132/1117/1016 982/1115/1015 981/1114/1014 983/1118/1017
f 984/617/564 985/1119/1018 983/1120/1017 981/1116/1014
f 529/616/563 986/622/569 985/1119/1018 984/617/564
f 987/1121/1019 985/1119/1018 986/622/569 989/1122/1020
f 987/1121/1019 990/1123/1021 983/1120/1017 985/1119/1018
f 987/1121/1019 988/1124/1022 992/1125/1023 990/1123/1021
f 989/1122/1020 1024/1126/1024 988/1124/1022 987/1121/1019
f 991/1127/1025 1132/1117/1016 983/1118/1017 990/1128/1021
f 991/1127/1025 990/1128/1021 992/1129/1023 994/1130/1026
f 992/1125/1023 988/1124/1022 1023/1131/1027 993/1132/1028
f 994/1130/1026 992/1129/1023 993/1133/1028 996/1134/1029
f 1133/1135/1030 991/1127/1025 994/1130/1026 995/1136/1031
f 995/1136/1031 994/1130/1026 996/1134/1029 997/1137/1032
f 997/1137/1032 996/1134/1029 998/1138/1033 999/1139/1034
f 996/1134/1029 993/1133/1028 1001/1140/1035 998/1138/1033
f 999/1139/1034 998/1138/1033 1000/1141/1036 1104/1142/1037
f 998/1138/1033 1001/1140/1035 1003/1143/1038 1000/1141/1036
f 993/1132/1028 1023/1131/1027 1002/1144/1039 1001/1145/1035
f 1001/1145/1035 1002/1144/1039 1004/1146/1040 1003/1147/1038
f 1003/1147/1038 1004/1146/1040 1006/1148/1041 1005/1149/1042
f 1005/1150/1042 1007/1151/1043 1000/1141/1036 1003/1143/1038
f 1005/1149/1042 1006/1148/1041 1011/1152/1044 1008/1153/1045
f 1007/1151/1043 1005/1150/1042 1008/1154/1045 1009/1155/1046
f 1010/1156/1047 1094/1157/1048 1009/1155/1046 1008/1154/1045
f 1011/1152/1044 1012/1158/1049 1010/1159/1047 1008/1153/1045
f 1013/1160/1050 1014/1161/1051 1012/1158/1049 1011/1152/1044
f 1006/1148/1041 1015/1162/1052 1013/1160/1050 1011/1152/1044
f 1016/1163/1053 1014/1161/1051 1013/1160/1050 1015/1162/1052
f 1018/1164/1054 1016/1163/1053 1015/1162/1052 1017/1165/1055
f 1015/1162/1052 1006/1148/1041 1004/1146/1040 1017/1165/1055
f 1019/1166/1056 1020/1167/1057 1018/1164/1054 1017/1165/1055
f 1002/1144/1039 1019/1166/1056 1017/1165/1055 1004/1146/1040
f 1021/1168/1058 1022/1169/1059 1020/1167/1057 1019/1166/1056
f 1023/1131/1027 1021/1168/1058 1019/1166/1056 1002/1144/1039
f 1025/1170/1060 1022/1169/1059 1021/1168/1058 1024/1126/1024
f 1023/1131/1027 988/1124/1022 1024/1126/1024 1021/1168/1058
f 1027/1171/1061 1025/1170/1060 1024/1126/1024 989/1122/1020
f 1026/1172/1062 1081/1173/1063 1022/1169/1059 1025/1170/1060
f 1028/1174/1064 1026/1172/1062 1025/1170/1060 1027/1171/1061
f 535/623/570 1028/1174/1064 1027/1171/1061 533/621/568
f 533/621/568 1027/1171/1061 989/1122/1020 986/622/569
f 1029/1175/1065 1030/1176/1066 1026/1172/1062 1028/1174/1064
f 537/625/572 1029/1175/1065 1028/1174/1064 535/623/570
f 1031/1177/1067 1032/1178/1068 1030/1176/1066 1029/1175/1065
f 1034/627/574 1031/1177/1067 1029/1175/1065 537/625/572
f 1032/1178/1068 1031/1177/1067 1033/1179/1069 1086/1180/1070
f 1035/1181/1071 1033/1179/1069 1031/1177/1067 1034/627/574
f 538/628/575 1036/633/580 1035/1181/1071 1034/627/574
f 1036/633/580 1039/1182/1072 1037/1183/1073 1035/1181/1071
f 1038/1184/1074 1033/1179/1069 1035/1181/1071 1037/1183/1073
f 1043/1185/1075 1038/1186/1074 1037/1187/1073 1040/1188/1076
f 1040/1188/1076 1037/1187/1073 1039/1189/1072 1042/1190/1077
f 1045/1191/1078 1043/1185/1075 1040/1188/1076 1041/1192/1079
f 1041/1192/1079 1040/1188/1076 1042/1190/1077 1118/1193/1080
f 1044/1194/1081 1088/1195/1082 1038/1186/1074 1043/1185/1075
f 1047/1196/1083 1044/1194/1081 1043/1185/1075 1045/1191/1078
f 1041/1192/1079 1116/1197/1084 1046/1198/1085 1045/1191/1078
f 1045/1191/1078 1046/1198/1085 1048/1199/1086 1047/1196/1083
f 1047/1196/1083 1048/1199/1086 1050/1200/1087 1049/1201/1088
f 1049/1201/1088 1051/1202/1089 1044/1194/1081 1047/1196/1083
f 1050/1200/1087 1054/1203/1090 1052/1204/1091 1049/1201/1088
f 1055/1205/1092 1051/1202/1089 1049/1201/1088 1052/1204/1091
f 1057/1206/1093 1055/1205/1092 1052/1204/1091 1053/1207/1094
f 1053/1207/1094 1052/1204/1091 1054/1203/1090 1146/1208/1095
f 1056/1209/1096 1085/1210/1097 1051/1202/1089 1055/1205/1092
f 1058/1211/1098 1056/1209/1096 1055/1205/1092 1057/1206/1093
f 1057/1206/1093 1059/1212/1099 1061/1213/1100 1058/1211/1098
f 1053/1207/1094 1060/1214/1101 1059/1212/1099 1057/1206/1093
f 1060/1214/1101 1064/1215/1102 1062/1216/1103 1059/1212/1099
f 1059/1212/1099 1062/1216/1103 1065/1217/1104 1061/1213/1100
f 1062/1216/1103 1063/1218/1105 1066/1219/1106 1065/1217/1104
f 1064/1215/1102 1097/1220/1107 1063/1218/1105 1062/1216/1103
f 1067/1221/1108 1065/1222/1104 1066/1223/1106 1069/1224/1109
f 1061/1225/1100 1065/1222/1104 1067/1221/1108 1070/1226/1110
f 1070/1226/1110 1067/1221/1108 1068/1227/1111 1072/1228/1112
f 1068/1227/1111 1067/1221/1108 1069/1224/1109 1091/1229/1113
f 1058/1230/1098 1061/1225/1100 1070/1226/1110 1071/1231/1114
f 1071/1231/1114 1070/1226/1110 1072/1228/1112 1074/1232/1115
f 1072/1228/1112 1073/1233/1116 1076/1234/1117 1074/1232/1115
f 1073/1233/1116 1072/1228/1112 1068/1227/1111 1091/1229/1113
f 1087/1235/1118 1071/1231/1114 1074/1232/1115 1075/1236/1119
f 1075/1236/1119 1074/1232/1115 1076/1234/1117 1077/1237/1120
f 1076/1234/1117 1078/1238/1121 1080/1239/1122 1077/1237/1120
f 1078/1238/1121 1076/1234/1117 1073/1233/1116 1079/1240/1123
f 1079/1240/1123 1016/1163/1053 1018/1164/1054 1078/1238/1121
f 1020/1167/1057 1080/1239/1122 1078/1238/1121 1018/1164/1054
f 1082/1241/1124 1077/1237/1120 1080/1239/1122 1081/1173/1063
f 1022/1169/1059 1081/1173/1063 1080/1239/1122 1020/1167/1057
f 1030/1176/1066 1082/1241/1124 1081/1173/1063 1026/1172/1062
f 1083/1242/1125 1075/1236/1119 1077/1237/1120 1082/1241/1124
f 1032/1178/1068 1083/1242/1125 1082/1241/1124 1030/1176/1066
f 1086/1180/1070 1084/1243/1126 1083/1242/1125 1032/1178/1068
f 1084/1243/1126 1087/1235/1118 1075/1236/1119 1083/1242/1125
f 1085/1244/1097 1056/1245/1096 1087/1235/1118 1084/1243/1126
f 1088/1246/1082 1085/1244/1097 1084/1243/1126 1086/1180/1070
f 1056/1245/1096 1058/1230/1098 1071/1231/1114 1087/1235/1118
f 1033/1179/1069 1038/1184/1074 1088/1246/1082 1086/1180/1070
f 1044/1194/1081 1051/1202/1089 1085/1210/1097 1088/1195/1082
f 1079/1240/1123 1073/1233/1116 1091/1229/1113 1089/1247/1127
f 1016/1163/1053 1079/1240/1123 1089/1247/1127 1014/1161/1051
f 1090/1248/1128 1012/1158/1049 1014/1161/1051 1089/1247/1127
f 1091/1229/1113 1069/1224/1109 1090/1248/1128 1089/1247/1127
f 1069/1224/1109 1066/1223/1106 1092/1249/1129 1090/1248/1128
f 1012/1158/1049 1090/1248/1128 1092/1249/1129 1010/1159/1047
f 1093/1250/1130 1094/1157/1048 1010/1156/1047 1092/1251/1129
f 1066/1219/1106 1063/1218/1105 1093/1250/1130 1092/1251/1129
f 1093/1250/1130 1095/1252/1131 1096/1253/1132 1094/1157/1048
f 1093/1250/1130 1063/1218/1105 1097/1220/1107 1095/1252/1131
f 1098/1254/1133 1101/1255/1134 1096/1253/1132 1095/1252/1131
f 1098/1254/1133 1095/1252/1131 1097/1220/1107 1100/1256/1135
f 1101/1255/1134 1098/1254/1133 1099/1257/1136 1103/1258/1137
f 1099/1257/1136 1098/1254/1133 1100/1256/1135 1146/1208/1095
f 1145/1259/1138 1096/1253/1132 1101/1255/1134 1102/1260/1139
f 1102/1260/1139 1101/1255/1134 1103/1258/1137 1104/1142/1037
f 1104/1142/1037 1103/1258/1137 1105/1261/1140 999/1139/1034
f 1103/1258/1137 1099/1257/1136 1107/1262/1141 1105/1261/1140
f 1106/1263/1142 997/1137/1032 999/1139/1034 1105/1261/1140
f 1108/1264/1143 1106/1263/1142 1105/1261/1140 1107/1262/1141
f 1108/1264/1143 1107/1262/1141 1054/1203/1090 1050/1200/1087
f 1146/1208/1095 1054/1203/1090 1107/1262/1141 1099/1257/1136
f 1109/1265/1144 1110/1266/1145 1106/1263/1142 1108/1264/1143
f 1048/1199/1086 1109/1265/1144 1108/1264/1143 1050/1200/1087
f 1111/1267/1146 1112/1268/1147 1110/1266/1145 1109/1265/1144
f 1046/1198/1085 1111/1267/1146 1109/1265/1144 1048/1199/1086
f 1113/1269/1148 1114/1270/1149 1112/1268/1147 1111/1267/1146
f 1116/1197/1084 1113/1269/1148 1111/1267/1146 1046/1198/1085
f 1115/1271/1150 1131/1272/1151 1114/1270/1149 1113/1269/1148
f 1117/1273/1152 1115/1271/1150 1113/1269/1148 1116/1197/1084
f 1118/1193/1080 1117/1273/1152 1116/1197/1084 1041/1192/1079
f 1120/1274/1153 1119/1275/1154 1117/1273/1152 1118/1193/1080
f 1119/1275/1154 1121/1276/1155 1115/1271/1150 1117/1273/1152
f 560/655/598 1123/658/601 1121/1276/1155 1119/1275/1154
f 558/654/597 560/655/598 1119/1275/1154 1120/1274/1153
f 1121/1276/1155 1122/1277/1156 1131/1272/1151 1115/1271/1150
f 1123/658/601 1124/1278/1157 1122/1277/1156 1121/1276/1155
f 1124/1278/1157 1123/658/601 561/659/602 1125/1279/1158
f 1124/1278/1157 1125/1279/1158 1127/1280/1159 1126/1281/1160
f 1124/1278/1157 1126/1281/1160 1128/1282/1161 1122/1277/1156
f 976/1106/1009 978/1108/1010 1126/1281/1160 1127/1280/1159
f 978/1108/1010 980/1112/1013 1128/1282/1161 1126/1281/1160
f 1122/1277/1156 1128/1282/1161 1129/1283/1162 1131/1272/1151
f 980/1112/1013 982/1115/1015 1129/1283/1162 1128/1282/1161
f 1129/1283/1162 982/1115/1015 1132/1117/1016 1130/1284/1163
f 1131/1272/1151 1129/1283/1162 1130/1284/1163 1114/1270/1149
f 991/1127/1025 1133/1135/1030 1130/1284/1163 1132/1117/1016
f 1114/1270/1149 1130/1284/1163 1133/1135/1030 1112/1268/1147
f 1112/1268/1147 1133/1135/1030 995/1136/1031 1110/1266/1145
f 1125/1279/1158 1136/1285/1164 1134/1286/1165 1127/1280/1159
f 974/1102/1007 976/1106/1009 1127/1280/1159 1134/1286/1165
f 1136/1285/1164 1137/1287/1166 1135/1288/1167 1134/1286/1165
f 1134/1286/1165 1135/1288/1167 1142/1103/1008 974/1102/1007
f 1137/1287/1166 1136/1285/1164 563/660/603 565/662/605
f 1136/1285/1164 1125/1279/1158 561/659/602 563/660/603
f 1139/664/607 1138/693/636 1137/1287/1166 565/662/605
f 1137/1287/1166 1138/693/636 592/694/637 1135/1288/1167
f 1138/693/636 1139/664/607 1140/1289/1168 591/691/634
f 1139/664/607 566/663/606 572/669/612 1140/1289/1168
f 574/672/615 1141/1290/1169 1140/1289/1168 572/669/612
f 1141/1290/1169 588/688/631 591/691/634 1140/1289/1168
f 1141/1290/1169 574/672/615 1149/673/616 584/685/628
f 1141/1290/1169 584/685/628 586/686/629 588/688/631
f 1135/1288/1167 592/694/637 594/695/638 1142/1103/1008
f 1142/1103/1008 594/695/638 597/697/640 971/1104/1004
f 1120/1274/1153 1143/1291/1170 556/652/596 558/654/597
f 1118/1193/1080 1042/1190/1077 1143/1291/1170 1120/1274/1153
f 1143/1291/1170 1144/1292/586 546/653/585 556/652/596
f 1042/1190/1077 1039/1189/1072 1144/1292/586 1143/1291/1170
f 542/632/579 1144/639/586 1039/1182/1072 1036/633/580
f 1110/1266/1145 995/1136/1031 997/1137/1032 1106/1263/1142
f 1104/1142/1037 1000/1141/1036 1007/1151/1043 1102/1260/1139
f 1007/1151/1043 1009/1155/1046 1145/1259/1138 1102/1260/1139
f 1094/1157/1048 1096/1253/1132 1145/1259/1138 1009/1155/1046
f 1146/1208/1095 1100/1256/1135 1060/1214/1101 1053/1207/1094
f 1100/1256/1135 1097/1220/1107 1064/1215/1102 1060/1214/1101
f 472/553/500 474/555/502 694/807/734 690/803/730
f 609/712/655 685/800/727 687/801/728 607/711/654
f 611/714/657 1147/749/686 685/800/727 609/712/655
f 613/715/658 632/741/678 1147/749/686 611/714/657
f 581/680/623 579/677/620 380/444/395 1148/445/396
f 579/677/620 1150/1293/1171 379/443/394 380/444/395
f 577/676/619 1151/1294/1172 1150/1293/1171 579/677/620
f 1150/1293/1171 1151/1294/1172 405/467/418 401/466/417
f 401/466/417 378/441/392 379/443/394 1150/1293/1171
f 426/472/423 405/467/418 1151/1294/1172 1152/500/448
f 1151/1294/1172 577/676/619 1153/678/621 1152/500/448
f 1152/500/448 1153/678/621 1154/1295/1173 427/499/447
f 1153/678/621 571/667/610 569/666/609 1154/1295/1173
f 554/648/592 551/647/589 1154/1295/1173 569/666/609
f 508/591/538 429/502/449 427/501/447 1154/1296/1173
f 508/591/538 1154/1296/1173 551/642/589 510/594/541
f 511/596/543 544/635/582 1155/637/584 513/597/544
f 1155/637/584 540/630/577 1156/609/556 522/606/553
f 513/597/544 1155/637/584 522/606/553 515/598/545
f 292/345/305 1158/1297/1174 462/540/487 1157/346/306
f 1158/1297/1174 451/530/477 453/532/479 462/540/487
f 1159/354/314 1158/1297/1174 292/345/305 295/344/304
f 1159/354/314 1160/531/478 451/530/477 1158/1297/1174
f 1162/1298/1175 1160/531/478 1159/354/314 300/353/313
f 1161/1299/1176 1476/529/476 450/528/475 1160/531/478
f 1162/1298/1175 1164/1300/1177 1161/1299/1176 1160/531/478
f 1162/1298/1175 1163/1301/1178 1166/1302/1179 1164/1300/1177
f 1163/1301/1178 1162/1298/1175 300/353/313
f 1165/1303/1180 1227/1304/1181 1161/1299/1176 1164/1300/1177
f 1167/1305/1182 1165/1303/1180 1164/1300/1177 1166/1302/1179
f 1166/1302/1179 1168/1306/1183 1169/1307/1184 1167/1305/1182
f 1168/1306/1183 1166/1302/1179 1163/1301/1178 1171/1308/1185
f 1168/1306/1183 1170/363/323 1172/1309/1186 1169/1307/1184
f 1171/1308/1185 302/355/315 1170/363/323 1168/1306/1183
f 1171/1308/1185 1163/1301/1178 300/353/313 302/355/315
f 1173/372/329 1172/1309/1186 1170/363/323 307/362/322
f 1172/1309/1186 1173/372/329 1175/1310/1187 1174/1311/1188
f 1169/1307/1184 1172/1309/1186 1174/1311/1188 1177/1312/1189
f 1174/1311/1188 1175/1310/1187 1189/1313/1190 1176/1314/1191
f 1177/1312/1189 1174/1311/1188 1176/1314/1191 1179/1315/1192
f 1167/1305/1182 1169/1307/1184 1177/1312/1189 1178/1316/1193
f 1178/1316/1193 1177/1312/1189 1179/1315/1192 1180/1317/1194
f 1180/1317/1194 1179/1315/1192 1181/1318/1195 1182/1319/1196
f 1179/1315/1192 1176/1314/1191 1184/1320/1197 1181/1318/1195
f 1182/1319/1196 1181/1318/1195 1183/1321/1198 1481/1322/1199
f 1181/1318/1195 1184/1320/1197 1185/1323/1200 1183/1321/1198
f 1187/1324/1201 1185/1323/1200 1184/1320/1197 1186/1325/1202
f 1186/1325/1202 1184/1320/1197 1176/1314/1191 1189/1313/1190
f 1188/1326/1203 1557/1327/1204 1187/1324/1201 1186/1325/1202
f 1186/1325/1202 1189/1313/1190 1190/1328/1205 1188/1326/1203
f 1175/1310/1187 1192/1329/1206 1190/1328/1205 1189/1313/1190
f 1191/1330/1207 1560/1331/1208 1188/1332/1203 1190/1333/1205
f 1192/1334/1206 1193/1335/1209 1191/1330/1207 1190/1333/1205
f 311/374/328 313/373/330 1193/1335/1209 1192/1334/1206
f 1173/372/329 311/371/328 1192/1329/1206 1175/1310/1187
f 1191/1330/1207 1193/1335/1209 1194/1336/1210 1195/1337/1211
f 313/373/330 316/376/332 1194/1336/1210 1193/1335/1209
f 1195/1337/1211 1194/1336/1210 1196/1338/1212 1197/1339/1213
f 1194/1336/1210 316/376/332 318/380/336 1196/1338/1212
f 1197/1339/1213 1196/1338/1212 1198/1340/1214 1199/1341/1215
f 1196/1338/1212 318/380/336 1201/382/338 1198/1340/1214
f 1199/1341/1215 1198/1340/1214 1200/1342/1216 1210/1343/1217
f 1198/1340/1214 1201/382/338 1202/1344/1218 1200/1342/1216
f 1203/1345/1219 1202/1344/1218 1201/382/338 319/381/337
f 1202/1344/1218 1203/1345/1219 1205/1346/1220 1204/1347/1221
f 1200/1342/1216 1202/1344/1218 1204/1347/1221 1207/1348/1222
f 1204/1347/1221 1205/1346/1220 1237/1349/1223 1206/1350/1224
f 1207/1348/1222 1204/1347/1221 1206/1350/1224 1208/1351/1225
f 1208/1351/1225 1212/1352/1226 1209/1353/1227 1207/1348/1222
f 1210/1343/1217 1200/1342/1216 1207/1348/1222 1209/1353/1227
f 1566/1354/1228 1210/1343/1217 1209/1353/1227 1211/1355/1229
f 1212/1352/1226 1214/1356/1230 1211/1355/1229 1209/1353/1227
f 1213/1357/1231 1216/1358/1232 1214/1356/1230 1212/1352/1226
f 1234/1359/1233 1213/1357/1231 1212/1352/1226 1208/1351/1225
f 1214/1356/1230 1216/1358/1232 1217/1360/1234 1215/1361/1235
f 1214/1356/1230 1215/1361/1235 1568/1362/1236 1211/1355/1229
f 1218/1363/1237 1216/1364/1232 1213/1365/1231 1221/1366/1238
f 1219/1367/1239 1217/1368/1234 1216/1364/1232 1218/1363/1237
f 1479/1369/1240 1219/1367/1239 1218/1363/1237 1220/1370/1241
f 1220/1370/1241 1218/1363/1237 1221/1366/1238 1223/1371/1242
f 1221/1366/1238 1222/1372/1243 1225/1373/1244 1223/1371/1242
f 1213/1365/1231 1234/1374/1233 1222/1372/1243 1221/1366/1238
f 1223/1371/1242 1224/1375/1245 1477/1376/1246 1220/1370/1241
f 1225/1373/1244 1226/1377/1247 1224/1375/1245 1223/1371/1242
f 1227/1304/1181 1165/1303/1180 1226/1377/1247 1225/1373/1244
f 1229/1378/1248 1227/1304/1181 1225/1373/1244 1222/1372/1243
f 1476/529/476 1161/1299/1176 1227/1304/1181 1228/1379/1249
f 1229/1378/1248 1230/1380/1250 1228/1379/1249 1227/1304/1181
f 1231/1381/1251 1232/1382/1252 1230/1380/1250 1229/1378/1248
f 1234/1374/1233 1231/1381/1251 1229/1378/1248 1222/1372/1243
f 1233/1383/1253 1235/1384/1254 1232/1385/1252 1231/1386/1251
f 1206/1350/1224 1237/1349/1223 1233/1383/1253 1231/1386/1251
f 1208/1351/1225 1206/1350/1224 1231/1386/1251 1234/1359/1233
f 391/455/406 1235/1384/1254 1233/1383/1253 1236/454/405
f 1237/1349/1223 1238/1387/1255 1236/454/405 1233/1383/1253
f 1205/1346/1220 1239/1388/1256 1238/1387/1255 1237/1349/1223
f 1238/1387/1255 1239/1388/1256 1241/1389/1257 1240/1390/1258
f 1236/454/405 1238/1387/1255 1240/1390/1258 390/451/402
f 327/388/344 330/391/346 390/451/402 1240/1390/1258
f 325/387/343 327/388/344 1240/1390/1258 1241/1389/1257
f 323/385/341 325/387/343 1241/1389/1257 1242/1391/1259
f 1239/1388/1256 1243/1392/1260 1242/1391/1259 1241/1389/1257
f 321/383/339 323/385/341 1242/1391/1259 1243/1392/1260
f 1243/1392/1260 1203/1345/1219 319/381/337 321/383/339
f 1243/1392/1260 1239/1388/1256 1205/1346/1220 1203/1345/1219
f 1244/1393/1261 1245/1394/1262 1232/1385/1252 1235/1384/1254
f 1244/1393/1261 1235/1384/1254 391/455/406 393/456/407
f 1247/1395/1263 1245/1394/1262 1244/1393/1261 1246/1396/1264
f 1246/1396/1264 1244/1393/1261 393/456/407 396/458/409
f 1249/1397/1265 1247/1395/1263 1246/1396/1264 1248/1398/1266
f 1246/1396/1264 396/458/409 1250/462/413 1248/1398/1266
f 1251/1399/1267 1252/1400/1268 1249/1397/1265 1248/1398/1266
f 1253/1401/1269 1251/1399/1267 1248/1398/1266 1250/462/413
f 1252/1400/1268 1251/1399/1267 411/479/430 413/481/432
f 1254/480/431 411/479/430 1251/1399/1267 1253/1401/1269
f 1253/1401/1269 1255/1402/1270 1256/1403/1271 1254/480/431
f 1255/1402/1270 1253/1401/1269 1250/462/413 397/461/412
f 1255/1402/1270 397/461/412 399/463/414 1256/1403/1271
f 1257/473/424 407/474/425 1254/480/431 1256/1403/1271
f 1256/1403/1271 399/463/414 402/465/416 1257/473/424
f 415/482/433 1258/1404/1272 1252/1400/1268 413/481/432
f 1258/1404/1272 1260/1405/1273 1249/1397/1265 1252/1400/1268
f 1259/1406/1274 1262/1407/1275 1260/1405/1273 1258/1404/1272
f 1321/485/436 1259/1406/1274 1258/1404/1272 415/482/433
f 1260/1405/1273 1261/1408/1276 1247/1395/1263 1249/1397/1265
f 1262/1407/1275 1263/1409/1277 1261/1408/1276 1260/1405/1273
f 1264/1410/1278 1267/1411/1279 1263/1409/1277 1262/1407/1275
f 1265/1412/1280 1264/1410/1278 1262/1407/1275 1259/1406/1274
f 1264/1410/1278 1265/1412/1280 1324/1413/1281 1266/1414/1282
f 1267/1411/1279 1264/1410/1278 1266/1414/1282 1269/1415/1283
f 1267/1411/1279 1268/1416/1284 1339/1417/1285 1263/1409/1277
f 1268/1416/1284 1267/1411/1279 1269/1415/1283 1270/1418/1286
f 1270/1418/1286 1269/1415/1283 1271/1419/1287 1272/1420/1288
f 1269/1415/1283 1266/1414/1282 1274/1421/1289 1271/1419/1287
f 1272/1420/1288 1271/1419/1287 1273/1422/1290 1349/1423/1291
f 1271/1419/1287 1274/1421/1289 1276/1424/1292 1273/1422/1290
f 1278/1425/1293 1276/1424/1292 1274/1421/1289 1275/1426/1294
f 1266/1414/1282 1324/1413/1281 1275/1426/1294 1274/1421/1289
f 1352/1427/1295 1273/1422/1290 1276/1424/1292 1277/1428/1296
f 1276/1424/1292 1278/1425/1293 1280/1429/1297 1277/1428/1296
f 1278/1425/1293 1279/1430/1298 1282/1431/1299 1280/1429/1297
f 1323/1432/1300 1279/1430/1298 1278/1425/1293 1275/1426/1294
f 1281/1433/1301 1354/1434/1302 1277/1428/1296 1280/1429/1297
f 1281/1433/1301 1280/1429/1297 1282/1431/1299 1283/1435/1303
f 1283/1435/1303 1282/1431/1299 1284/1436/1304 1285/1437/1305
f 1284/1436/1304 1282/1431/1299 1279/1430/1298 1286/1438/1306
f 1285/1437/1305 1284/1436/1304 1287/1439/1307 1288/1440/1308
f 1284/1436/1304 1286/1438/1306 1290/1441/1309 1287/1439/1307
f 1288/1440/1308 1287/1439/1307 1289/1442/1310 1472/1443/1311
f 1292/1444/1312 1289/1442/1310 1287/1439/1307 1290/1441/1309
f 1286/1438/1306 1325/1445/1313 1291/1446/1314 1290/1441/1309
f 1290/1441/1309 1291/1446/1314 1293/1447/1315 1292/1444/1312
f 1292/1444/1312 1293/1447/1315 1296/1448/1316 1294/1449/1317
f 1289/1442/1310 1292/1444/1312 1294/1449/1317 1297/1450/1318
f 1299/1451/1319 1297/1452/1318 1294/1453/1317 1295/1454/1320
f 1309/1455/1321 1295/1454/1320 1294/1453/1317 1296/1456/1316
f 1472/1443/1311 1289/1442/1310 1297/1450/1318 1298/1457/1322
f 1300/1458/1323 1298/1459/1322 1297/1452/1318 1299/1451/1319
f 1303/1460/1324 1300/1458/1323 1299/1451/1319 1301/1461/1325
f 1301/1461/1325 1299/1451/1319 1295/1454/1320 1304/1462/1326
f 1304/1462/1326 1305/1463/1327 1302/1464/1328 1301/1461/1325
f 1301/1461/1325 1302/1464/1328 1455/1465/1329 1303/1460/1324
f 1306/1466/1330 1307/1467/1331 1305/1463/1327 1304/1462/1326
f 1309/1455/1321 1306/1466/1330 1304/1462/1326 1295/1454/1320
f 1308/1468/1332 1329/1469/1333 1307/1467/1331 1306/1466/1330
f 1306/1466/1330 1309/1455/1321 1310/1470/1334 1308/1468/1332
f 1309/1455/1321 1296/1456/1316 1312/1471/1335 1310/1470/1334
f 1308/1468/1332 1310/1470/1334 1311/1472/1336 1326/1473/1337
f 1310/1470/1334 1312/1471/1335 1313/1474/1338 1311/1472/1336
f 1314/1475/1339 1316/1476/1340 1313/1477/1338 1312/1478/1335
f 1314/1475/1339 1312/1478/1335 1296/1448/1316 1293/1447/1315
f 1316/1476/1340 1314/1475/1339 1315/1479/1341 1317/1480/1342
f 1291/1446/1314 1315/1479/1341 1314/1475/1339 1293/1447/1315
f 1316/1476/1340 420/489/440 423/491/442 1313/1477/1338
f 420/489/440 1316/1476/1340 1317/1480/1342 418/487/438
f 1318/1481/1343 416/486/437 418/487/438 1317/1480/1342
f 1319/1482/1344 1318/1481/1343 1317/1480/1342 1315/1479/1341
f 1319/1482/1344 1322/1483/1345 1320/1484/1346 1318/1481/1343
f 1321/485/436 416/486/437 1318/1481/1343 1320/1484/1346
f 1265/1412/1280 1320/1484/1346 1322/1483/1345 1324/1413/1281
f 1320/1484/1346 1265/1412/1280 1259/1406/1274 1321/485/436
f 1324/1413/1281 1322/1483/1345 1323/1432/1300 1275/1426/1294
f 1323/1432/1300 1322/1483/1345 1319/1482/1344 1325/1445/1313
f 1279/1430/1298 1323/1432/1300 1325/1445/1313 1286/1438/1306
f 1325/1445/1313 1319/1482/1344 1315/1479/1341 1291/1446/1314
f 1327/496/445 1311/1472/1336 1313/1474/1338 423/493/442
f 1326/1473/1337 1311/1472/1336 1327/496/445 435/511/458
f 1329/1469/1333 1308/1468/1332 1326/1473/1337 1328/1485/1347
f 1328/1485/1347 1326/1473/1337 435/511/458 437/512/459
f 1331/1486/1348 1329/1469/1333 1328/1485/1347 1330/1487/1349
f 1328/1485/1347 437/512/459 439/514/461 1330/1487/1349
f 1333/1488/1350 1331/1486/1348 1330/1487/1349 1332/1489/1351
f 1332/1489/1351 1330/1487/1349 439/514/461 1335/516/463
f 1343/1490/1352 1333/1488/1350 1332/1489/1351 1334/1491/1353
f 1332/1489/1351 1335/516/463 1336/1492/1354 1334/1491/1353
f 1336/1492/1354 1335/516/463 440/517/464 1337/1493/1355
f 1338/1494/1356 1336/1492/1354 1337/1493/1355 1340/1495/1357
f 1336/1492/1354 1338/1494/1356 1341/1496/1358 1334/1491/1353
f 1338/1494/1356 1339/1497/1285 1268/1498/1284 1341/1496/1358
f 1339/1497/1285 1338/1494/1356 1340/1495/1357 1473/1499/1359
f 1334/1491/1353 1341/1496/1358 1342/1500/1360 1343/1490/1352
f 1341/1496/1358 1268/1498/1284 1270/1501/1286 1342/1500/1360
f 1343/1490/1352 1342/1500/1360 1344/1502/1361 1345/1503/1362
f 1342/1500/1360 1270/1501/1286 1272/1504/1288 1344/1502/1361
f 1345/1503/1362 1344/1502/1361 1346/1505/1363 1347/1506/1364
f 1344/1502/1361 1272/1504/1288 1349/1507/1291 1346/1505/1363
f 1346/1505/1363 1348/1508/1365 1464/1509/1366 1347/1506/1364
f 1346/1505/1363 1349/1507/1291 1350/1510/1367 1348/1508/1365
f 1352/1427/1295 1350/1511/1367 1349/1423/1291 1273/1422/1290
f 1351/1512/1368 1361/1513/1369 1348/1508/1365 1350/1510/1367
f 1353/1514/1370 1351/1515/1368 1350/1511/1367 1352/1427/1295
f 1354/1434/1302 1353/1514/1370 1352/1427/1295 1277/1428/1296
f 1355/1516/1371 1353/1514/1370 1354/1434/1302 1356/1517/1372
f 1355/1516/1371 1358/1518/1373 1351/1515/1368 1353/1514/1370
f 1356/1517/1372 1375/1519/1374 1357/1520/1375 1355/1516/1371
f 1355/1516/1371 1357/1520/1375 1359/1521/1376 1358/1518/1373
f 1361/1513/1369 1351/1512/1368 1358/1522/1373 1360/1523/1377
f 1363/1524/1378 1360/1523/1377 1358/1522/1373 1359/1525/1376
f 1465/1526/1379 1361/1513/1369 1360/1523/1377 1362/1527/1380
f 1360/1523/1377 1363/1524/1378 1364/1528/1381 1362/1527/1380
f 1363/1524/1378 1365/1529/1382 1366/1530/1383 1364/1528/1381
f 1359/1525/1376 1368/1531/1384 1365/1529/1382 1363/1524/1378
f 1421/1532/1385 1366/1530/1383 1365/1529/1382 1367/1533/1386
f 1367/1533/1386 1365/1529/1382 1368/1531/1384 1369/1534/1387
f 1369/1535/1387 1368/1536/1384 1370/1537/1388 1371/1538/1389
f 1359/1521/1376 1357/1520/1375 1370/1537/1388 1368/1536/1384
f 1370/1537/1388 1372/1539/1390 1373/1540/1391 1371/1538/1389
f 1357/1520/1375 1375/1519/1374 1372/1539/1390 1370/1537/1388
f 1373/1540/1391 1372/1539/1390 1374/1541/1392 1471/1542/1393
f 1376/1543/1394 1374/1541/1392 1372/1539/1390 1375/1519/1374
f 1378/1544/1395 1376/1543/1394 1375/1519/1374 1356/1517/1372
f 1374/1541/1392 1376/1543/1394 1377/1545/1396 1390/1546/1397
f 1379/1547/1398 1377/1545/1396 1376/1543/1394 1378/1544/1395
f 1283/1435/1303 1379/1547/1398 1378/1544/1395 1281/1433/1301
f 1281/1433/1301 1378/1544/1395 1356/1517/1372 1354/1434/1302
f 1379/1547/1398 1283/1435/1303 1285/1437/1305 1380/1548/1399
f 1377/1545/1396 1379/1547/1398 1380/1548/1399 1381/1549/1400
f 1380/1548/1399 1285/1437/1305 1288/1440/1308 1382/1550/1401
f 1381/1549/1400 1380/1548/1399 1382/1550/1401 1384/1551/1402
f 1382/1550/1401 1288/1440/1308 1472/1443/1311 1383/1552/1403
f 1384/1551/1402 1382/1550/1401 1383/1552/1403 1385/1553/1404
f 1385/1553/1404 1388/1554/1405 1386/1555/1406 1384/1551/1402
f 1384/1551/1402 1386/1555/1406 1389/1556/1407 1381/1549/1400
f 1389/1556/1407 1386/1555/1406 1387/1557/1408 1391/1558/1409
f 1388/1554/1405 1446/1559/1410 1387/1557/1408 1386/1555/1406
f 1389/1556/1407 1390/1546/1397 1377/1545/1396 1381/1549/1400
f 1390/1546/1397 1389/1556/1407 1391/1558/1409 1392/1560/1411
f 1393/1561/1412 1396/1562/1413 1392/1560/1411 1391/1558/1409
f 1395/1563/1414 1393/1561/1412 1391/1558/1409 1387/1557/1408
f 1393/1561/1412 1394/1564/1415 1398/1565/1416 1396/1562/1413
f 1454/1566/1417 1394/1564/1415 1393/1561/1412 1395/1563/1414
f 1392/1560/1411 1396/1562/1413 1397/1567/1418 1471/1542/1393
f 1396/1562/1413 1398/1565/1416 1400/1568/1419 1397/1567/1418
f 1399/1569/1420 1402/1570/1421 1400/1568/1419 1398/1565/1416
f 1399/1569/1420 1398/1565/1416 1394/1564/1415 1453/1571/1422
f 1397/1567/1418 1400/1568/1419 1401/1572/1423 1470/1573/1424
f 1401/1572/1423 1400/1568/1419 1402/1570/1421 1403/1574/1425
f 1403/1574/1425 1402/1570/1421 1404/1575/1426 1406/1576/1427
f 1402/1570/1421 1399/1569/1420 1405/1577/1428 1404/1575/1426
f 1407/1578/1429 1404/1579/1426 1405/1580/1428 1410/1581/1430
f 1408/1582/1431 1406/1583/1427 1404/1579/1426 1407/1578/1429
f 1466/1584/1432 1408/1582/1431 1407/1578/1429 1409/1585/1433
f 1409/1585/1433 1407/1578/1429 1410/1581/1430 1412/1586/1434
f 1411/1587/1435 1413/1588/1436 1412/1586/1434 1410/1581/1430
f 1441/1589/1437 1411/1587/1435 1410/1581/1430 1405/1580/1428
f 1417/1590/1438 1409/1585/1433 1412/1586/1434 1414/1591/1439
f 1414/1591/1439 1412/1586/1434 1413/1588/1436 1416/1592/1440
f 1417/1590/1438 1414/1591/1439 1415/1593/1441 1419/1594/1442
f 1415/1593/1441 1414/1591/1439 1416/1592/1440 1431/1595/1443
f 1466/1584/1432 1409/1585/1433 1417/1590/1438 1418/1596/1444
f 1418/1596/1444 1417/1590/1438 1419/1594/1442 1421/1532/1385
f 1420/1597/1445 1366/1530/1383 1421/1532/1385 1419/1594/1442
f 1422/1598/1446 1420/1597/1445 1419/1594/1442 1415/1593/1441
f 1367/1533/1386 1467/1599/1447 1418/1596/1444 1421/1532/1385
f 1420/1597/1445 1422/1598/1446 1425/1600/1448 1423/1601/1449
f 1420/1597/1445 1423/1601/1449 1364/1528/1381 1366/1530/1383
f 1424/1602/1450 1362/1527/1380 1364/1528/1381 1423/1601/1449
f 1426/1603/1451 1424/1602/1450 1423/1601/1449 1425/1600/1448
f 1428/1604/1452 1426/1603/1451 1425/1600/1448 1427/1605/1453
f 1427/1605/1453 1425/1600/1448 1422/1598/1446 1430/1606/1454
f 1452/1607/1455 1428/1604/1452 1427/1605/1453 1429/1608/1456
f 1429/1608/1456 1427/1605/1453 1430/1606/1454 1432/1609/1457
f 1431/1595/1443 1430/1606/1454 1422/1598/1446 1415/1593/1441
f 1430/1606/1454 1431/1595/1443 1434/1610/1458 1432/1609/1457
f 1449/1611/1459 1429/1608/1456 1432/1609/1457 1433/1612/1460
f 1434/1610/1458 1435/1613/1461 1433/1612/1460 1432/1609/1457
f 1436/1614/1462 1437/1615/1463 1435/1613/1461 1434/1610/1458
f 1431/1595/1443 1416/1592/1440 1436/1614/1462 1434/1610/1458
f 1438/1616/1464 1439/1617/1465 1437/1615/1463 1436/1614/1462
f 1416/1592/1440 1413/1588/1436 1438/1616/1464 1436/1614/1462
f 1411/1587/1435 1439/1617/1465 1438/1616/1464 1413/1588/1436
f 1443/1618/1466 1437/1615/1463 1439/1617/1465 1440/1619/1467
f 1440/1619/1467 1439/1617/1465 1411/1587/1435 1441/1589/1437
f 1441/1620/1437 1453/1571/1422 1442/1621/1468 1440/1622/1467
f 1445/1623/1469 1443/1624/1466 1440/1622/1467 1442/1621/1468
f 1437/1615/1463 1443/1618/1466 1444/1625/1470 1435/1613/1461
f 1443/1624/1466 1445/1623/1469 1446/1559/1410 1444/1626/1470
f 1446/1559/1410 1445/1623/1469 1395/1563/1414 1387/1557/1408
f 1445/1623/1469 1442/1621/1468 1454/1566/1417 1395/1563/1414
f 1388/1554/1405 1447/1627/1471 1444/1626/1470 1446/1559/1410
f 1435/1613/1461 1444/1625/1470 1447/1628/1471 1433/1612/1460
f 1448/1629/1472 1449/1611/1459 1433/1612/1460 1447/1628/1471
f 1448/1630/1472 1447/1627/1471 1388/1554/1405 1385/1553/1404
f 1385/1553/1404 1383/1552/1403 1450/1631/1473 1448/1630/1472
f 1449/1611/1459 1448/1629/1472 1450/1632/1473 1451/1633/1474
f 1300/1458/1323 1451/1633/1474 1450/1632/1473 1298/1459/1322
f 1383/1552/1403 1472/1443/1311 1298/1457/1322 1450/1631/1473
f 1300/1458/1323 1303/1460/1324 1452/1607/1455 1451/1633/1474
f 1429/1608/1456 1449/1611/1459 1451/1633/1474 1452/1607/1455
f 1303/1460/1324 1455/1465/1329 1428/1604/1452 1452/1607/1455
f 1453/1571/1422 1394/1564/1415 1454/1566/1417 1442/1621/1468
f 1405/1577/1428 1399/1569/1420 1453/1571/1422 1441/1620/1437
f 1455/1465/1329 1456/1634/1475 1426/1603/1451 1428/1604/1452
f 1302/1464/1328 1458/1635/1476 1456/1634/1475 1455/1465/1329
f 1456/1634/1475 1457/1636/1477 1424/1602/1450 1426/1603/1451
f 1458/1635/1476 1459/1637/1478 1457/1636/1477 1456/1634/1475
f 1460/1638/1479 1461/1639/1480 1459/1637/1478 1458/1635/1476
f 1305/1463/1327 1460/1638/1479 1458/1635/1476 1302/1464/1328
f 1462/1640/1481 1463/1641/1482 1461/1639/1480 1460/1638/1479
f 1307/1467/1331 1462/1640/1481 1460/1638/1479 1305/1463/1327
f 1331/1486/1348 1333/1488/1350 1463/1641/1482 1462/1640/1481
f 1329/1469/1333 1331/1486/1348 1462/1640/1481 1307/1467/1331
f 1463/1641/1482 1345/1503/1362 1347/1506/1364 1461/1639/1480
f 1333/1488/1350 1343/1490/1352 1345/1503/1362 1463/1641/1482
f 1461/1639/1480 1347/1506/1364 1464/1509/1366 1459/1637/1478
f 1459/1637/1478 1464/1509/1366 1465/1526/1379 1457/1636/1477
f 1348/1508/1365 1361/1513/1369 1465/1526/1379 1464/1509/1366
f 1457/1636/1477 1465/1526/1379 1362/1527/1380 1424/1602/1450
f 1467/1599/1447 1408/1582/1431 1466/1584/1432 1418/1596/1444
f 1468/1642/1483 1406/1583/1427 1408/1582/1431 1467/1599/1447
f 1369/1534/1387 1468/1642/1483 1467/1599/1447 1367/1533/1386
f 1468/1643/1483 1369/1535/1387 1371/1538/1389 1469/1644/1484
f 1406/1576/1427 1468/1643/1483 1469/1644/1484 1403/1574/1425
f 1469/1644/1484 1470/1573/1424 1401/1572/1423 1403/1574/1425
f 1470/1573/1424 1469/1644/1484 1371/1538/1389 1373/1540/1391
f 1471/1542/1393 1397/1567/1418 1470/1573/1424 1373/1540/1391
f 1471/1542/1393 1374/1541/1392 1390/1546/1397 1392/1560/1411
f 1473/1499/1359 1340/1495/1357 1474/1645/1485 1245/1646/1262
f 1340/1495/1357 1337/1493/1355 1475/525/472 1474/1645/1485
f 1230/1380/1250 1232/1382/1252 1245/1646/1262 1474/1645/1485
f 1228/1379/1249 1230/1380/1250 1474/1645/1485 1475/525/472
f 1228/1379/1249 1475/525/472 447/524/471 1476/529/476
f 1337/1493/1355 440/517/464 442/518/465 1475/525/472
f 1263/1409/1277 1339/1417/1285 1473/1647/1359 1261/1408/1276
f 1261/1408/1276 1473/1647/1359 1245/1394/1262 1247/1395/1263
f 1226/1377/1247 1178/1316/1193 1180/1317/1194 1224/1375/1245
f 1165/1303/1180 1167/1305/1182 1178/1316/1193 1226/1377/1247
f 1224/1375/1245 1180/1317/1194 1182/1319/1196 1477/1376/1246
f 1220/1370/1241 1477/1376/1246 1478/1648/1486 1479/1369/1240
f 1477/1376/1246 1182/1319/1196 1481/1322/1199 1478/1648/1486
f 1479/1369/1240 1478/1648/1486 1480/1649/1487 1631/1650/1488
f 1478/1648/1486 1481/1322/1199 1482/1651/1489 1480/1649/1487
f 1481/1322/1199 1183/1321/1198 1483/1652/1490 1482/1651/1489
f 1482/1651/1489 1483/1652/1490 1485/1653/1491 1484/1654/1492
f 1480/1649/1487 1482/1651/1489 1484/1654/1492 1487/1655/1493
f 1485/1653/1491 1548/1656/1494 1486/1657/1495 1484/1654/1492
f 1487/1655/1493 1484/1654/1492 1486/1657/1495 1489/1658/1496
f 1631/1650/1488 1480/1649/1487 1487/1655/1493 1488/1659/1497
f 1488/1659/1497 1487/1655/1493 1489/1658/1496 1490/1660/1498
f 1490/1660/1498 1489/1658/1496 1491/1661/1499 1492/1662/1500
f 1489/1658/1496 1486/1657/1495 1494/1663/1501 1491/1661/1499
f 1634/1664/1502 1492/1662/1500 1491/1661/1499 1493/1665/1503
f 1491/1661/1499 1494/1663/1501 1496/1666/1504 1493/1665/1503
f 1548/1656/1494 1495/1667/1505 1494/1663/1501 1486/1657/1495
f 1494/1663/1501 1495/1667/1505 1497/1668/1506 1496/1666/1504
f 1500/1669/1507 1498/1670/1508 1496/1666/1504 1497/1668/1506
f 1496/1666/1504 1498/1670/1508 1499/1671/1509 1493/1665/1503
f 1499/1671/1509 1498/1670/1508 1501/1672/1510 1503/1673/1511
f 1498/1670/1508 1500/1669/1507 1502/1674/1512 1501/1672/1510
f 1507/1675/1513 1504/1676/1514 1501/1672/1510 1502/1674/1512
f 1506/1677/1515 1503/1673/1511 1501/1672/1510 1504/1676/1514
f 1509/1678/1516 1505/1679/1517 1504/1676/1514 1507/1675/1513
f 1504/1676/1514 1505/1679/1517 1660/1680/1518 1506/1677/1515
f 1511/1681/1519 1509/1678/1516 1507/1675/1513 1508/1682/1520
f 1508/1682/1520 1507/1675/1513 1502/1674/1512 1539/1683/1521
f 1505/1679/1517 1509/1678/1516 1510/1684/1522 1658/1685/1523
f 1512/1686/1524 1510/1684/1522 1509/1678/1516 1511/1681/1519
f 1513/1687/1525 1516/1688/1526 1512/1686/1524 1511/1681/1519
f 1515/1689/1527 1513/1687/1525 1511/1681/1519 1508/1682/1520
f 1514/1690/1528 1518/1691/1529 1516/1688/1526 1513/1687/1525
f 1535/1692/1530 1514/1690/1528 1513/1687/1525 1515/1689/1527
f 1512/1686/1524 1516/1688/1526 1517/1693/1531 1510/1684/1522
f 1519/1694/1532 1517/1693/1531 1516/1688/1526 1518/1691/1529
f 1519/1695/1532 1518/1696/1529 1520/1697/1533 1523/1698/1534
f 1522/1699/1535 1520/1697/1533 1518/1696/1529 1514/1700/1528
f 1523/1698/1534 1520/1697/1533 1521/1701/1536 1525/1702/1537
f 1522/1699/1535 1530/1703/1538 1521/1701/1536 1520/1697/1533
f 1656/1704/1539 1519/1695/1532 1523/1698/1534 1524/1705/1540
f 1524/1705/1540 1523/1698/1534 1525/1702/1537 1526/1706/1541
f 1528/1707/1542 1526/1706/1541 1525/1702/1537 1527/1708/1543
f 1527/1708/1543 1525/1702/1537 1521/1701/1536 1530/1703/1538
f 1661/1709/1544 1528/1707/1542 1527/1708/1543 1529/1710/1545
f 1529/1710/1545 1527/1708/1543 1530/1703/1538 1531/1711/1546
f 1530/1703/1538 1522/1699/1535 1533/1712/1547 1531/1711/1546
f 1534/1713/1548 1532/1714/1549 1531/1711/1546 1533/1712/1547
f 1531/1711/1546 1532/1714/1549 1595/1715/1550 1529/1710/1545
f 1536/1716/1551 1534/1713/1548 1533/1712/1547 1535/1717/1530
f 1533/1712/1547 1522/1699/1535 1514/1700/1528 1535/1717/1530
f 1515/1689/1527 1538/1718/1552 1536/1719/1551 1535/1692/1530
f 1537/1720/1553 1597/1721/1554 1534/1713/1548 1536/1716/1551
f 1540/1722/1555 1537/1723/1553 1536/1719/1551 1538/1718/1552
f 1542/1724/1556 1540/1722/1555 1538/1718/1552 1539/1683/1521
f 1508/1682/1520 1539/1683/1521 1538/1718/1552 1515/1689/1527
f 1537/1723/1553 1540/1722/1555 1541/1725/1557 1600/1726/1558
f 1540/1722/1555 1542/1724/1556 1543/1727/1559 1541/1725/1557
f 1500/1669/1507 1542/1724/1556 1539/1683/1521 1502/1674/1512
f 1542/1724/1556 1500/1669/1507 1497/1668/1506 1543/1727/1559
f 1544/1728/1560 1545/1729/1561 1541/1725/1557 1543/1727/1559
f 1495/1667/1505 1544/1728/1560 1543/1727/1559 1497/1668/1506
f 1549/1730/1562 1545/1729/1561 1544/1728/1560 1546/1731/1563
f 1546/1731/1563 1544/1728/1560 1495/1667/1505 1548/1656/1494
f 1551/1732/1564 1549/1730/1562 1546/1731/1563 1547/1733/1565
f 1547/1733/1565 1546/1731/1563 1548/1656/1494 1485/1653/1491
f 1550/1734/1566 1601/1735/1567 1545/1729/1561 1549/1730/1562
f 1552/1736/1568 1550/1734/1566 1549/1730/1562 1551/1732/1564
f 1555/1737/1569 1552/1736/1568 1551/1732/1564 1553/1738/1570
f 1553/1738/1570 1551/1732/1564 1547/1733/1565 1554/1739/1571
f 1187/1324/1201 1557/1327/1204 1555/1737/1569 1553/1738/1570
f 1185/1323/1200 1187/1324/1201 1553/1738/1570 1554/1739/1571
f 1555/1740/1569 1556/1741/1572 1603/1742/1573 1552/1743/1568
f 1557/1744/1204 1558/1745/1574 1556/1741/1572 1555/1740/1569
f 1560/1331/1208 1558/1745/1574 1557/1744/1204 1188/1332/1203
f 1558/1745/1574 1559/1746/1575 1581/1747/1576 1556/1741/1572
f 1561/1748/1577 1559/1746/1575 1558/1745/1574 1560/1331/1208
f 1195/1337/1211 1561/1748/1577 1560/1331/1208 1191/1330/1207
f 1562/1749/1578 1563/1750/1579 1559/1746/1575 1561/1748/1577
f 1562/1749/1578 1561/1748/1577 1195/1337/1211 1197/1339/1213
f 1565/1751/1580 1563/1750/1579 1562/1749/1578 1564/1752/1581
f 1564/1752/1581 1562/1749/1578 1197/1339/1213 1199/1341/1215
f 1567/1753/1582 1565/1751/1580 1564/1752/1581 1566/1354/1228
f 1199/1341/1215 1210/1343/1217 1566/1354/1228 1564/1752/1581
f 1567/1753/1582 1566/1354/1228 1211/1355/1229 1568/1362/1236
f 1570/1754/1583 1569/1755/1584 1567/1753/1582 1568/1362/1236
f 1569/1755/1584 1571/1756/1585 1565/1751/1580 1567/1753/1582
f 1569/1755/1584 1570/1754/1583 1574/1757/1586 1572/1758/1587
f 1575/1759/1588 1571/1756/1585 1569/1755/1584 1572/1758/1587
f 1572/1758/1587 1573/1760/1589 1576/1761/1590 1575/1759/1588
f 1573/1760/1589 1572/1758/1587 1574/1757/1586 1626/1762/1591
f 1577/1763/1592 1580/1764/1593 1571/1756/1585 1575/1759/1588
f 1579/1765/1594 1577/1763/1592 1575/1759/1588 1576/1761/1590
f 1578/1766/1595 1581/1747/1576 1580/1764/1593 1577/1763/1592
f 1582/1767/1596 1578/1766/1595 1577/1763/1592 1579/1765/1594
f 1571/1756/1585 1580/1764/1593 1563/1750/1579 1565/1751/1580
f 1580/1764/1593 1581/1747/1576 1559/1746/1575 1563/1750/1579
f 1556/1741/1572 1581/1747/1576 1578/1766/1595 1603/1742/1573
f 1583/1768/1597 1584/1769/1598 1582/1767/1596 1579/1765/1594
f 1586/1770/1599 1583/1768/1597 1579/1765/1594 1576/1761/1590
f 1584/1769/1598 1583/1768/1597 1585/1771/1600 1596/1772/1601
f 1583/1768/1597 1586/1770/1599 1588/1773/1602 1585/1771/1600
f 1587/1774/1603 1586/1770/1599 1576/1761/1590 1573/1760/1589
f 1586/1770/1599 1587/1774/1603 1589/1775/1604 1588/1773/1602
f 1589/1775/1604 1592/1776/1605 1590/1777/1606 1588/1773/1602
f 1585/1771/1600 1588/1773/1602 1590/1777/1606 1593/1778/1607
f 1593/1778/1607 1590/1777/1606 1591/1779/1608 1595/1715/1550
f 1592/1776/1605 1605/1780/1609 1591/1779/1608 1590/1777/1606
f 1596/1772/1601 1585/1771/1600 1593/1778/1607 1594/1781/1610
f 1594/1781/1610 1593/1778/1607 1595/1715/1550 1532/1714/1549
f 1529/1710/1545 1595/1715/1550 1591/1779/1608 1661/1709/1544
f 1598/1782/1611 1596/1772/1601 1594/1781/1610 1597/1721/1554
f 1597/1721/1554 1594/1781/1610 1532/1714/1549 1534/1713/1548
f 1600/1783/1558 1598/1782/1611 1597/1721/1554 1537/1720/1553
f 1599/1784/1612 1584/1769/1598 1596/1772/1601 1598/1782/1611
f 1601/1785/1567 1599/1784/1612 1598/1782/1611 1600/1783/1558
f 1545/1729/1561 1601/1735/1567 1600/1726/1558 1541/1725/1557
f 1599/1784/1612 1601/1785/1567 1550/1786/1566 1602/1787/1613
f 1584/1769/1598 1599/1784/1612 1602/1787/1613 1582/1767/1596
f 1582/1767/1596 1602/1787/1613 1603/1742/1573 1578/1766/1595
f 1602/1787/1613 1550/1786/1566 1552/1743/1568 1603/1742/1573
f 1604/1788/1614 1607/1789/1615 1605/1780/1609 1592/1776/1605
f 1616/1790/1616 1604/1788/1614 1592/1776/1605 1589/1775/1604
f 1606/1791/1617 1661/1709/1544 1591/1779/1608 1605/1780/1609
f 1608/1792/1618 1606/1791/1617 1605/1780/1609 1607/1789/1615
f 1609/1793/1619 1610/1794/1620 1608/1792/1618 1607/1789/1615
f 1612/1795/1621 1609/1793/1619 1607/1789/1615 1604/1788/1614
f 1611/1796/1622 1640/1797/1623 1610/1794/1620 1609/1793/1619
f 1613/1798/1624 1611/1796/1622 1609/1793/1619 1612/1795/1621
f 1617/1799/1625 1613/1798/1624 1612/1795/1621 1614/1800/1626
f 1614/1800/1626 1612/1795/1621 1604/1788/1614 1616/1790/1616
f 1614/1800/1626 1615/1801/1627 1619/1802/1628 1617/1799/1625
f 1616/1790/1616 1627/1803/1629 1615/1801/1627 1614/1800/1626
f 1618/1804/1630 1633/1805/1631 1613/1806/1624 1617/1807/1625
f 1620/1808/1632 1618/1804/1630 1617/1807/1625 1619/1809/1628
f 1620/1808/1632 1619/1809/1628 1621/1810/1633 1622/1811/1634
f 1624/1812/1635 1621/1813/1633 1619/1802/1628 1615/1801/1627
f 1622/1811/1634 1621/1810/1633 1623/1814/1636 1632/1815/1637
f 1625/1816/1638 1623/1817/1636 1621/1813/1633 1624/1812/1635
f 1574/1757/1586 1625/1816/1638 1624/1812/1635 1626/1762/1591
f 1624/1812/1635 1615/1801/1627 1627/1803/1629 1626/1762/1591
f 1587/1774/1603 1573/1760/1589 1626/1762/1591 1627/1803/1629
f 1589/1775/1604 1587/1774/1603 1627/1803/1629 1616/1790/1616
f 1570/1754/1583 1628/1818/1639 1625/1816/1638 1574/1757/1586
f 1628/1818/1639 1629/1819/1640 1623/1817/1636 1625/1816/1638
f 1215/1361/1235 1217/1360/1234 1629/1819/1640 1628/1818/1639
f 1568/1362/1236 1215/1361/1235 1628/1818/1639 1570/1754/1583
f 1632/1815/1637 1623/1814/1636 1629/1820/1640 1630/1821/1641
f 1630/1821/1641 1629/1820/1640 1217/1368/1234 1219/1367/1239
f 1488/1659/1497 1632/1815/1637 1630/1821/1641 1631/1650/1488
f 1631/1650/1488 1630/1821/1641 1219/1367/1239 1479/1369/1240
f 1490/1660/1498 1622/1811/1634 1632/1815/1637 1488/1659/1497
f 1492/1662/1500 1620/1808/1632 1622/1811/1634 1490/1660/1498
f 1620/1808/1632 1492/1662/1500 1634/1664/1502 1618/1804/1630
f 1618/1804/1630 1634/1664/1502 1635/1822/1642 1633/1805/1631
f 1493/1665/1503 1499/1671/1509 1635/1822/1642 1634/1664/1502
f 1636/1823/1643 1638/1824/1644 1633/1805/1631 1635/1822/1642
f 1499/1671/1509 1503/1673/1511 1636/1823/1643 1635/1822/1642
f 1638/1824/1644 1636/1823/1643 1637/1825/1645 1639/1826/1646
f 1503/1673/1511 1506/1677/1515 1637/1825/1645 1636/1823/1643
f 1633/1805/1631 1638/1824/1644 1611/1827/1622 1613/1806/1624
f 1611/1827/1622 1638/1824/1644 1639/1826/1646 1640/1828/1623
f 1640/1828/1623 1639/1826/1646 1641/1829/1647 1642/1830/1648
f 1643/1831/1649 1641/1829/1647 1639/1826/1646 1637/1825/1645
f 1642/1830/1648 1641/1829/1647 1644/1832/1650 1647/1833/1651
f 1641/1829/1647 1643/1831/1649 1646/1834/1652 1644/1832/1650
f 1644/1832/1650 1645/1835/1653 1648/1836/1654 1647/1833/1651
f 1646/1834/1652 1659/1837/1655 1645/1835/1653 1644/1832/1650
f 1648/1838/1654 1651/1839/1656 1649/1840/1657 1647/1841/1651
f 1652/1842/1658 1642/1843/1648 1647/1841/1651 1649/1840/1657
f 1652/1842/1658 1649/1840/1657 1650/1844/1659 1653/1845/1660
f 1650/1844/1659 1649/1840/1657 1651/1839/1656 1655/1846/1661
f 1640/1797/1623 1642/1843/1648 1652/1842/1658 1610/1794/1620
f 1610/1794/1620 1652/1842/1658 1653/1845/1660 1608/1792/1618
f 1653/1845/1660 1654/1847/1662 1606/1791/1617 1608/1792/1618
f 1650/1844/1659 1655/1846/1661 1654/1847/1662 1653/1845/1660
f 1528/1707/1542 1654/1847/1662 1655/1846/1661 1526/1706/1541
f 1654/1847/1662 1528/1707/1542 1661/1709/1544 1606/1791/1617
f 1655/1846/1661 1651/1839/1656 1524/1705/1540 1526/1706/1541
f 1651/1839/1656 1648/1838/1654 1656/1704/1539 1524/1705/1540
f 1645/1835/1653 1657/1848/1663 1656/1849/1539 1648/1836/1654
f 1517/1693/1531 1519/1694/1532 1656/1849/1539 1657/1848/1663
f 1510/1684/1522 1517/1693/1531 1657/1848/1663 1658/1685/1523
f 1659/1837/1655 1658/1685/1523 1657/1848/1663 1645/1835/1653
f 1505/1679/1517 1658/1685/1523 1659/1837/1655 1660/1680/1518
f 1660/1680/1518 1659/1837/1655 1646/1834/1652 1643/1831/1649
f 1506/1677/1515 1660/1680/1518 1643/1831/1649 1637/1825/1645
f 1183/1321/1198 1185/1323/1200 1554/1739/1571 1483/1652/1490
f 1483/1652/1490 1554/1739/1571 1547/1733/1565 1485/1653/1491
f 394/459/410 383/442/393 378/441/392 401/466/417
f 386/449/400 390/451/402 330/391/346 1662/394/349
f 1663/397/351 385/448/399 1662/394/349 329/393/348
f 348/409/360 385/448/399 1663/397/351 341/405/357
f 362/421/372 385/448/399 348/409/360 350/412/363
f 290/340/300 97/129/113 94/128/112 298/347/307
f 662/773/707 661/732/671 624/728/668
f 2/2/2 1/1/1 669/782/714
f 1/1/1 4/6/6 671/784/716
f 4/6/6 5/7/7 671/784/716
f 671/784/716 669/782/714 1/1/1
f 669/782/714 667/781/713 2/2/2
f 667/781/713 665/778/710 622/727/667
f 665/778/710 663/777/709 624/728/668
f 667/781/713 622/727/667 2/2/2
f 663/777/709 662/773/707 624/728/668
f 662/773/707 658/772/706 661/732/671
f 658/772/706 660/774/708 661/732/671
f 661/732/671 626/729/669 624/728/668
f 624/728/668 622/727/667 665/778/710
