# Blender 5.0.1
# www.blender.org
mtllib head_2.mtl
o Ch31_Body
v 0.033377 1.654674 0.086113
v 0.033378 1.656126 0.086085
v 0.033095 1.656097 0.086107
v 0.032824 1.656015 0.086128
v 0.032575 1.655882 0.086147
v 0.032355 1.655700 0.086164
v 0.032174 1.655480 0.086178
v 0.032040 1.655229 0.086188
v 0.031958 1.654958 0.086194
v 0.031931 1.654674 0.086197
v 0.031958 1.654391 0.086194
v 0.032040 1.654119 0.086188
v 0.032174 1.653867 0.086178
v 0.032354 1.653647 0.086164
v 0.032573 1.653467 0.086147
v 0.032824 1.653332 0.086128
v 0.033095 1.653250 0.086107
v 0.033377 1.653222 0.086086
v 0.033660 1.653250 0.086064
v 0.033932 1.653332 0.086043
v 0.034182 1.653467 0.086023
v 0.034401 1.653647 0.086007
v 0.034581 1.653866 0.085993
v 0.034715 1.654117 0.085983
v 0.034797 1.654389 0.085976
v 0.034826 1.654673 0.085974
v 0.034798 1.654957 0.085976
v 0.034715 1.655228 0.085983
v 0.034582 1.655481 0.085993
v 0.034402 1.655700 0.086007
v 0.034183 1.655880 0.086023
v 0.033931 1.656016 0.086043
v 0.033660 1.656097 0.086064
v 0.033378 1.657558 0.086045
v 0.033374 1.658835 0.085983
v 0.032565 1.658756 0.086044
v 0.032816 1.657503 0.086088
v 0.031786 1.658519 0.086105
v 0.032278 1.657339 0.086130
v 0.031069 1.658134 0.086160
v 0.031780 1.657073 0.086168
v 0.030440 1.657616 0.086209
v 0.031344 1.656713 0.086201
v 0.029925 1.656987 0.086248
v 0.030986 1.656276 0.086229
v 0.029541 1.656267 0.086278
v 0.030720 1.655778 0.086250
v 0.029304 1.655487 0.086295
v 0.030556 1.655237 0.086262
v 0.029224 1.654675 0.086302
v 0.030502 1.654675 0.086266
v 0.029304 1.653863 0.086295
v 0.030556 1.654112 0.086262
v 0.029540 1.653082 0.086278
v 0.030719 1.653571 0.086250
v 0.029922 1.652363 0.086248
v 0.030985 1.653073 0.086229
v 0.030439 1.651732 0.086209
v 0.031343 1.652635 0.086202
v 0.031067 1.651215 0.086160
v 0.031779 1.652276 0.086168
v 0.031784 1.650829 0.086105
v 0.032276 1.652009 0.086130
v 0.032562 1.650592 0.086045
v 0.032815 1.651845 0.086088
v 0.033372 1.650513 0.085983
v 0.033376 1.651789 0.086045
v 0.034181 1.650592 0.085920
v 0.033937 1.651844 0.086002
v 0.034959 1.650828 0.085861
v 0.034477 1.652008 0.085961
v 0.035677 1.651213 0.085805
v 0.034974 1.652274 0.085922
v 0.036306 1.651731 0.085757
v 0.035410 1.652633 0.085889
v 0.036823 1.652361 0.085717
v 0.035769 1.653070 0.085861
v 0.037206 1.653080 0.085688
v 0.036034 1.653569 0.085841
v 0.037442 1.653860 0.085669
v 0.036198 1.654111 0.085828
v 0.037522 1.654673 0.085664
v 0.036254 1.654673 0.085824
v 0.037443 1.655485 0.085669
v 0.036198 1.655236 0.085828
v 0.037207 1.656265 0.085688
v 0.036035 1.655777 0.085841
v 0.036824 1.656985 0.085717
v 0.035769 1.656276 0.085861
v 0.036307 1.657615 0.085757
v 0.035411 1.656713 0.085889
v 0.035679 1.658133 0.085805
v 0.034975 1.657072 0.085922
v 0.034962 1.658517 0.085861
v 0.034478 1.657339 0.085960
v 0.034184 1.658754 0.085920
v 0.033939 1.657503 0.086001
v 0.033355 1.661251 0.085649
v 0.033301 1.663354 0.084785
v 0.031612 1.663188 0.084899
v 0.032075 1.661125 0.085744
v 0.029987 1.662695 0.085008
v 0.030845 1.660749 0.085834
v 0.028490 1.661893 0.085109
v 0.029711 1.660143 0.085921
v 0.027176 1.660814 0.085197
v 0.028717 1.659325 0.085995
v 0.026098 1.659498 0.085269
v 0.027902 1.658329 0.086056
v 0.025298 1.657998 0.085324
v 0.027296 1.657193 0.086102
v 0.024804 1.656369 0.085357
v 0.026922 1.655959 0.086129
v 0.024638 1.654676 0.085368
v 0.026797 1.654676 0.086140
v 0.024803 1.652983 0.085356
v 0.026922 1.653393 0.086129
v 0.025296 1.651354 0.085324
v 0.027295 1.652159 0.086102
v 0.026096 1.649853 0.085270
v 0.027909 1.651030 0.086019
v 0.027173 1.648538 0.085198
v 0.028722 1.650035 0.085960
v 0.028485 1.647458 0.085110
v 0.029714 1.649219 0.085880
v 0.029982 1.646655 0.085008
v 0.030845 1.648613 0.085797
v 0.031607 1.646160 0.084899
v 0.032072 1.648241 0.085700
v 0.033297 1.645993 0.084786
v 0.033349 1.648112 0.085605
v 0.034986 1.646159 0.084672
v 0.034623 1.648240 0.085504
v 0.036611 1.646653 0.084563
v 0.035851 1.648612 0.085413
v 0.038108 1.647455 0.084462
v 0.036982 1.649219 0.085323
v 0.039422 1.648533 0.084374
v 0.037973 1.650034 0.085251
v 0.040498 1.649849 0.084301
v 0.038786 1.651029 0.085185
v 0.041300 1.651349 0.084247
v 0.039391 1.652162 0.085142
v 0.041792 1.652978 0.084214
v 0.039763 1.653392 0.085110
v 0.041960 1.654671 0.084203
v 0.039890 1.654672 0.085104
v 0.041793 1.656365 0.084214
v 0.039764 1.655951 0.085110
v 0.041301 1.657993 0.084247
v 0.039415 1.657189 0.085196
v 0.040501 1.659494 0.084301
v 0.038809 1.658327 0.085242
v 0.039425 1.660810 0.084373
v 0.037994 1.659324 0.085302
v 0.038112 1.661889 0.084461
v 0.037000 1.660143 0.085377
v 0.036615 1.662693 0.084562
v 0.035865 1.660751 0.085461
v 0.034991 1.663187 0.084672
v 0.034635 1.661124 0.085554
v 0.033172 1.665722 0.082846
v 0.031021 1.665510 0.082991
v 0.028953 1.664882 0.083130
v 0.027047 1.663862 0.083258
v 0.025376 1.662489 0.083370
v 0.024004 1.660815 0.083463
v 0.022985 1.658904 0.083532
v 0.022358 1.656832 0.083574
v 0.022145 1.654677 0.083589
v 0.022357 1.652521 0.083574
v 0.022983 1.650449 0.083532
v 0.024001 1.648539 0.083463
v 0.025371 1.646864 0.083372
v 0.027041 1.645489 0.083260
v 0.028947 1.644468 0.083131
v 0.031014 1.643838 0.082992
v 0.033165 1.643625 0.082847
v 0.035315 1.643837 0.082703
v 0.037384 1.644465 0.082564
v 0.039290 1.645486 0.082435
v 0.040961 1.646859 0.082323
v 0.042332 1.648533 0.082231
v 0.043351 1.650442 0.082162
v 0.043979 1.652515 0.082120
v 0.044192 1.654670 0.082106
v 0.043981 1.656826 0.082119
v 0.043354 1.658898 0.082162
v 0.042336 1.660810 0.082230
v 0.040965 1.662483 0.082322
v 0.039295 1.663858 0.082435
v 0.037389 1.664880 0.082563
v 0.035322 1.665509 0.082702
v 0.033014 1.667665 0.080484
v 0.030484 1.667416 0.080654
v 0.028053 1.666677 0.080818
v 0.025811 1.665478 0.080968
v 0.023846 1.663862 0.081100
v 0.022234 1.661895 0.081209
v 0.021035 1.659649 0.081289
v 0.020297 1.657212 0.081340
v 0.020047 1.654677 0.081356
v 0.020296 1.652143 0.081340
v 0.021033 1.649706 0.081290
v 0.022230 1.647459 0.081210
v 0.023842 1.645491 0.081101
v 0.025804 1.643875 0.080969
v 0.028045 1.642673 0.080818
v 0.030477 1.641933 0.080655
v 0.033006 1.641681 0.080486
v 0.035534 1.641931 0.080315
v 0.037967 1.642670 0.080152
v 0.040207 1.643869 0.080000
v 0.042172 1.645485 0.079869
v 0.043784 1.647453 0.079760
v 0.044983 1.649698 0.079679
v 0.045721 1.652136 0.079630
v 0.045971 1.654670 0.079612
v 0.045723 1.657204 0.079630
v 0.044986 1.659641 0.079679
v 0.043789 1.661887 0.079759
v 0.042178 1.663857 0.079867
v 0.040214 1.665474 0.080000
v 0.037973 1.666674 0.080150
v 0.035542 1.667415 0.080314
v 0.032832 1.669108 0.077789
v 0.030022 1.668832 0.077978
v 0.027321 1.668011 0.078160
v 0.024830 1.666678 0.078327
v 0.022647 1.664884 0.078474
v 0.020855 1.662697 0.078594
v 0.019523 1.660202 0.078684
v 0.018703 1.657494 0.078739
v 0.018426 1.654678 0.078757
v 0.018702 1.651862 0.078740
v 0.019520 1.649153 0.078685
v 0.020851 1.646657 0.078595
v 0.022641 1.644469 0.078474
v 0.024823 1.642674 0.078329
v 0.027313 1.641339 0.078160
v 0.030014 1.640517 0.077979
v 0.032823 1.640239 0.077790
v 0.035633 1.640515 0.077601
v 0.038336 1.641336 0.077419
v 0.040827 1.642669 0.077252
v 0.043009 1.644463 0.077105
v 0.044801 1.646650 0.076985
v 0.046133 1.649145 0.076895
v 0.046953 1.651853 0.076839
v 0.047231 1.654669 0.076821
v 0.046955 1.657485 0.076839
v 0.046136 1.660194 0.076894
v 0.044806 1.662689 0.076983
v 0.043016 1.664878 0.077104
v 0.040833 1.666673 0.077250
v 0.038344 1.668007 0.077418
v 0.035642 1.668830 0.077600
v 0.032636 1.669997 0.074864
v 0.029654 1.669704 0.075064
v 0.026784 1.668832 0.075258
v 0.024141 1.667417 0.075435
v 0.021823 1.665512 0.075592
v 0.019921 1.663191 0.075719
v 0.018507 1.660542 0.075815
v 0.017636 1.657668 0.075873
v 0.017342 1.654678 0.075893
v 0.017635 1.651688 0.075873
v 0.018504 1.648813 0.075815
v 0.019916 1.646164 0.075721
v 0.021817 1.643841 0.075592
v 0.024133 1.641934 0.075437
v 0.026777 1.640517 0.075259
v 0.029644 1.639645 0.075066
v 0.032627 1.639350 0.074866
v 0.035610 1.639643 0.074665
v 0.038478 1.640514 0.074472
v 0.041122 1.641929 0.074295
v 0.043440 1.643834 0.074138
v 0.045342 1.646156 0.074010
v 0.046756 1.648805 0.073915
v 0.047627 1.651679 0.073857
v 0.047921 1.654669 0.073836
v 0.047628 1.657659 0.073856
v 0.046759 1.660533 0.073915
v 0.045347 1.663183 0.074009
v 0.043446 1.665506 0.074137
v 0.041130 1.667413 0.074293
v 0.038487 1.668829 0.074471
v 0.035618 1.669702 0.074663
v 0.032432 1.670298 0.071823
v 0.029391 1.669998 0.072027
v 0.026465 1.669110 0.072224
v 0.023770 1.667667 0.072405
v 0.021407 1.665725 0.072565
v 0.019467 1.663357 0.072695
v 0.018026 1.660657 0.072792
v 0.017139 1.657725 0.072852
v 0.016838 1.654678 0.072872
v 0.017136 1.651630 0.072852
v 0.018023 1.648699 0.072792
v 0.019463 1.645996 0.072696
v 0.021400 1.643628 0.072565
v 0.023762 1.641685 0.072407
v 0.026457 1.640240 0.072226
v 0.029381 1.639350 0.072029
v 0.032422 1.639049 0.071824
v 0.035464 1.639348 0.071620
v 0.038388 1.640236 0.071423
v 0.041084 1.641679 0.071242
v 0.043447 1.643622 0.071083
v 0.045386 1.645988 0.070952
v 0.046827 1.648690 0.070856
v 0.047716 1.651620 0.070796
v 0.048017 1.654669 0.070775
v 0.047718 1.657717 0.070795
v 0.046831 1.660648 0.070855
v 0.045392 1.663350 0.070952
v 0.043454 1.665718 0.071082
v 0.041092 1.667662 0.071240
v 0.038397 1.669106 0.071422
v 0.035472 1.669996 0.071618
v 0.032227 1.669997 0.068781
v 0.029244 1.669704 0.068982
v 0.026375 1.668832 0.069175
v 0.023732 1.667417 0.069353
v 0.021415 1.665512 0.069509
v 0.019513 1.663191 0.069636
v 0.018098 1.660542 0.069732
v 0.017227 1.657668 0.069791
v 0.016933 1.654678 0.069811
v 0.017225 1.651688 0.069791
v 0.018095 1.648813 0.069733
v 0.019507 1.646164 0.069638
v 0.021408 1.643840 0.069511
v 0.023725 1.641934 0.069354
v 0.026367 1.640517 0.069176
v 0.029235 1.639644 0.068984
v 0.032218 1.639348 0.068783
v 0.035201 1.639643 0.068583
v 0.038069 1.640514 0.068390
v 0.040713 1.641929 0.068212
v 0.043031 1.643834 0.068056
v 0.044933 1.646156 0.067928
v 0.046346 1.648805 0.067833
v 0.047217 1.651679 0.067774
v 0.047512 1.654669 0.067753
v 0.047219 1.657658 0.067774
v 0.046350 1.660533 0.067832
v 0.044937 1.663183 0.067926
v 0.043037 1.665506 0.068054
v 0.040721 1.667412 0.068210
v 0.038078 1.668829 0.068388
v 0.035210 1.669702 0.068580
v 0.033367 1.660098 0.085858
v 0.032312 1.659994 0.085937
v 0.031298 1.659686 0.086017
v 0.030363 1.659185 0.086087
v 0.029542 1.658511 0.086152
v 0.028869 1.657689 0.086202
v 0.028369 1.656751 0.086242
v 0.028061 1.655733 0.086264
v 0.028006 1.654690 0.086276
v 0.028060 1.653617 0.086264
v 0.028368 1.652599 0.086242
v 0.028868 1.651661 0.086202
v 0.029540 1.650839 0.086152
v 0.030359 1.650164 0.086087
v 0.031295 1.649663 0.086017
v 0.032309 1.649354 0.085937
v 0.033364 1.649250 0.085858
v 0.034419 1.649353 0.085775
v 0.035434 1.649662 0.085699
v 0.036369 1.650164 0.085625
v 0.037188 1.650838 0.085564
v 0.037861 1.651659 0.085510
v 0.038360 1.652597 0.085474
v 0.038668 1.653615 0.085448
v 0.038772 1.654672 0.085442
v 0.038670 1.655730 0.085448
v 0.038362 1.656748 0.085473
v 0.037862 1.657686 0.085510
v 0.037190 1.658507 0.085564
v 0.036371 1.659182 0.085625
v 0.035437 1.659684 0.085698
v 0.034423 1.659993 0.085775
v 0.033358 1.660947 0.085704
v 0.032138 1.660828 0.085795
v 0.030965 1.660468 0.085882
v 0.029883 1.659889 0.085965
v 0.028935 1.659110 0.086037
v 0.028158 1.658159 0.086095
v 0.027580 1.657075 0.086139
v 0.027224 1.655899 0.086165
v 0.027104 1.654680 0.086175
v 0.027224 1.653452 0.086165
v 0.027579 1.652275 0.086139
v 0.028165 1.651198 0.086068
v 0.028941 1.650249 0.086011
v 0.029886 1.649472 0.085936
v 0.030965 1.648893 0.085856
v 0.032135 1.648538 0.085763
v 0.033353 1.648415 0.085672
v 0.034569 1.648537 0.085576
v 0.035740 1.648892 0.085489
v 0.036818 1.649471 0.085404
v 0.037764 1.650247 0.085334
v 0.038540 1.651196 0.085272
v 0.039117 1.652277 0.085230
v 0.039472 1.653451 0.085200
v 0.039593 1.654672 0.085194
v 0.039473 1.655892 0.085200
v 0.039139 1.657073 0.085269
v 0.038560 1.658158 0.085312
v 0.037783 1.659109 0.085371
v 0.036834 1.659890 0.085442
v 0.035752 1.660470 0.085523
v 0.034579 1.660826 0.085612
v 0.028826 1.659219 0.086022
v 0.029797 1.660018 0.085949
v 0.030905 1.660610 0.085864
v 0.032106 1.660978 0.085775
v 0.033357 1.661101 0.085682
v 0.034608 1.660977 0.085588
v 0.035810 1.660612 0.085497
v 0.036918 1.660018 0.085415
v 0.037890 1.659218 0.085342
v 0.038686 1.658243 0.085282
v 0.039279 1.657132 0.085237
v 0.039619 1.655922 0.085158
v 0.039743 1.654672 0.085152
v 0.039619 1.653422 0.085158
v 0.039255 1.652219 0.085189
v 0.038664 1.651112 0.085231
v 0.037870 1.650140 0.085295
v 0.036901 1.649344 0.085367
v 0.035796 1.648751 0.085455
v 0.034596 1.648387 0.085544
v 0.033351 1.648263 0.085642
v 0.032104 1.648388 0.085736
v 0.030904 1.648751 0.085831
v 0.029800 1.649344 0.085912
v 0.028831 1.650141 0.085990
v 0.028036 1.651113 0.086048
v 0.027436 1.652216 0.086127
v 0.027072 1.653422 0.086153
v 0.026949 1.654678 0.086163
v 0.027072 1.655929 0.086153
v 0.027436 1.657135 0.086126
v 0.028029 1.658245 0.086081
vn 0.0766 -0.0000 0.9971
vn 0.0763 0.0237 0.9968
vn 0.0715 0.0233 0.9972
vn 0.0676 0.0220 0.9975
vn 0.0636 0.0200 0.9978
vn 0.0599 0.0168 0.9981
vn 0.0567 0.0132 0.9983
vn 0.0547 0.0091 0.9985
vn 0.0532 0.0046 0.9986
vn 0.0529 -0.0000 0.9986
vn 0.0532 -0.0046 0.9986
vn 0.0546 -0.0089 0.9985
vn 0.0568 -0.0132 0.9983
vn 0.0598 -0.0169 0.9981
vn 0.0633 -0.0198 0.9978
vn 0.0678 -0.0221 0.9975
vn 0.0720 -0.0235 0.9971
vn 0.0765 -0.0237 0.9968
vn 0.0813 -0.0234 0.9964
vn 0.0857 -0.0220 0.9961
vn 0.0899 -0.0198 0.9958
vn 0.0933 -0.0168 0.9955
vn 0.0963 -0.0134 0.9953
vn 0.0985 -0.0090 0.9951
vn 0.0999 -0.0047 0.9950
vn 0.1003 -0.0000 0.9950
vn 0.0999 0.0048 0.9950
vn 0.0985 0.0090 0.9951
vn 0.0963 0.0133 0.9953
vn 0.0934 0.0168 0.9955
vn 0.0899 0.0197 0.9958
vn 0.0856 0.0220 0.9961
vn 0.0813 0.0234 0.9964
vn 0.0689 0.0384 0.9969
vn 0.0767 0.0390 0.9963
vn 0.0765 0.0756 0.9942
vn 0.0617 0.0744 0.9953
vn 0.0618 0.0360 0.9974
vn 0.0477 0.0699 0.9964
vn 0.0550 0.0325 0.9980
vn 0.0342 0.0635 0.9974
vn 0.0491 0.0276 0.9984
vn 0.0231 0.0535 0.9983
vn 0.0442 0.0218 0.9988
vn 0.0134 0.0425 0.9990
vn 0.0407 0.0148 0.9991
vn 0.0068 0.0290 0.9996
vn 0.0383 0.0075 0.9992
vn 0.0021 0.0147 0.9999
vn 0.0378 -0.0000 0.9993
vn 0.0018 -0.0000 1.0000
vn 0.0384 -0.0075 0.9992
vn 0.0021 -0.0146 0.9999
vn 0.0407 -0.0148 0.9991
vn 0.0068 -0.0289 0.9996
vn 0.0442 -0.0217 0.9988
vn 0.0136 -0.0421 0.9990
vn 0.0491 -0.0276 0.9984
vn 0.0235 -0.0533 0.9983
vn 0.0549 -0.0325 0.9980
vn 0.0345 -0.0630 0.9974
vn 0.0618 -0.0360 0.9974
vn 0.0476 -0.0698 0.9964
vn 0.0690 -0.0384 0.9969
vn 0.0618 -0.0748 0.9953
vn 0.0766 -0.0390 0.9963
vn 0.0765 -0.0752 0.9942
vn 0.0842 -0.0384 0.9957
vn 0.0912 -0.0743 0.9931
vn 0.0915 -0.0361 0.9951
vn 0.1053 -0.0695 0.9920
vn 0.0983 -0.0326 0.9946
vn 0.1185 -0.0630 0.9910
vn 0.1042 -0.0276 0.9942
vn 0.1295 -0.0532 0.9902
vn 0.1091 -0.0219 0.9938
vn 0.1393 -0.0422 0.9894
vn 0.1126 -0.0149 0.9935
vn 0.1461 -0.0289 0.9888
vn 0.1150 -0.0076 0.9933
vn 0.1506 -0.0148 0.9885
vn 0.1156 -0.0000 0.9933
vn 0.1518 -0.0000 0.9884
vn 0.1150 0.0077 0.9933
vn 0.1506 0.0148 0.9885
vn 0.1127 0.0149 0.9935
vn 0.1461 0.0288 0.9889
vn 0.1095 0.0218 0.9938
vn 0.1393 0.0420 0.9894
vn 0.1042 0.0276 0.9942
vn 0.1297 0.0534 0.9901
vn 0.0983 0.0326 0.9946
vn 0.1184 0.0630 0.9910
vn 0.0914 0.0362 0.9952
vn 0.1053 0.0698 0.9920
vn 0.0843 0.0385 0.9957
vn 0.0913 0.0743 0.9931
vn 0.0098 0.3013 0.9535
vn 0.0706 0.3041 0.9500
vn 0.0574 0.5200 0.8523
vn -0.0439 0.5114 0.8582
vn -0.0479 0.2881 0.9564
vn -0.1420 0.4829 0.8641
vn -0.1026 0.2621 0.9596
vn -0.2333 0.4361 0.8691
vn -0.1540 0.2247 0.9622
vn -0.3136 0.3718 0.8738
vn -0.1945 0.1780 0.9646
vn -0.3794 0.2928 0.8777
vn -0.2261 0.1235 0.9663
vn -0.4290 0.2019 0.8804
vn -0.2452 0.0631 0.9674
vn -0.4595 0.1029 0.8822
vn -0.2513 -0.0000 0.9679
vn -0.4695 0.0001 0.8829
vn -0.2451 -0.0630 0.9674
vn -0.4593 -0.1031 0.8823
vn -0.2205 -0.1374 0.9657
vn -0.4292 -0.2015 0.8805
vn -0.1884 -0.1911 0.9633
vn -0.3737 -0.2886 0.8815
vn -0.1542 -0.2272 0.9616
vn -0.3086 -0.3667 0.8777
vn -0.1037 -0.2643 0.9588
vn -0.2289 -0.4294 0.8736
vn -0.0476 -0.2904 0.9557
vn -0.1394 -0.4762 0.8682
vn 0.0125 -0.3037 0.9527
vn -0.0426 -0.5029 0.8633
vn 0.0728 -0.3064 0.9491
vn 0.0574 -0.5113 0.8575
vn 0.1316 -0.2963 0.9460
vn 0.1568 -0.4989 0.8523
vn 0.1866 -0.2754 0.9430
vn 0.2516 -0.4686 0.8468
vn 0.2359 -0.2447 0.9405
vn 0.3376 -0.4199 0.8424
vn 0.2783 -0.2059 0.9382
vn 0.4133 -0.3564 0.8379
vn 0.3122 -0.1603 0.9364
vn 0.4745 -0.2788 0.8350
vn 0.3371 -0.1098 0.9350
vn 0.5204 -0.1920 0.8320
vn 0.3520 -0.0557 0.9343
vn 0.5475 -0.0977 0.8310
vn 0.3572 -0.0001 0.9340
vn 0.5579 -0.0003 0.8299
vn 0.3563 0.0330 0.9338
vn 0.5477 0.0976 0.8310
vn 0.3436 0.0863 0.9351
vn 0.5297 0.1960 0.8252
vn 0.3092 0.1590 0.9376
vn 0.4833 0.2847 0.8278
vn 0.2756 0.2046 0.9392
vn 0.4203 0.3635 0.8314
vn 0.2329 0.2432 0.9416
vn 0.3433 0.4285 0.8358
vn 0.1840 0.2738 0.9440
vn 0.2550 0.4771 0.8410
vn 0.1296 0.2936 0.9471
vn 0.1582 0.5083 0.8465
vn 0.0473 0.7101 0.7025
vn -0.0908 0.6965 0.7118
vn -0.2236 0.6562 0.7207
vn -0.3462 0.5906 0.7289
vn -0.4535 0.5024 0.7362
vn -0.5417 0.3948 0.7421
vn -0.6073 0.2719 0.7465
vn -0.6476 0.1388 0.7492
vn -0.6613 0.0002 0.7501
vn -0.6477 -0.1384 0.7492
vn -0.6074 -0.2719 0.7465
vn -0.5422 -0.3939 0.7422
vn -0.4540 -0.5019 0.7362
vn -0.3465 -0.5904 0.7290
vn -0.2241 -0.6560 0.7208
vn -0.0914 -0.6964 0.7118
vn 0.0471 -0.7101 0.7025
vn 0.1853 -0.6965 0.6932
vn 0.3183 -0.6561 0.6843
vn 0.4407 -0.5905 0.6760
vn 0.5481 -0.5022 0.6688
vn 0.6363 -0.3946 0.6628
vn 0.7017 -0.2720 0.6584
vn 0.7422 -0.1388 0.6557
vn 0.7559 0.0003 0.6547
vn 0.7422 0.1383 0.6557
vn 0.7019 0.2715 0.6585
vn 0.6365 0.3944 0.6628
vn 0.5484 0.5021 0.6687
vn 0.4411 0.5903 0.6760
vn 0.3186 0.6560 0.6842
vn 0.1856 0.6964 0.6932
vn 0.0373 0.8334 0.5515
vn -0.1249 0.8174 0.5624
vn -0.2809 0.7700 0.5729
vn -0.4246 0.6931 0.5826
vn -0.5506 0.5895 0.5911
vn -0.6541 0.4632 0.5980
vn -0.7310 0.3191 0.6032
vn -0.7784 0.1628 0.6063
vn -0.7944 0.0002 0.6074
vn -0.7784 -0.1623 0.6064
vn -0.7311 -0.3186 0.6033
vn -0.6543 -0.4628 0.5981
vn -0.5510 -0.5891 0.5910
vn -0.4251 -0.6928 0.5826
vn -0.2814 -0.7698 0.5729
vn -0.1255 -0.8173 0.5624
vn 0.0368 -0.8334 0.5515
vn 0.1991 -0.8174 0.5406
vn 0.3550 -0.7700 0.5301
vn 0.4988 -0.6930 0.5205
vn 0.6249 -0.5893 0.5121
vn 0.7283 -0.4631 0.5051
vn 0.8052 -0.3191 0.4999
vn 0.8526 -0.1628 0.4966
vn 0.8686 -0.0003 0.4955
vn 0.8526 0.1623 0.4967
vn 0.8054 0.3187 0.4998
vn 0.7285 0.4628 0.5050
vn 0.6252 0.5891 0.5119
vn 0.4992 0.6928 0.5204
vn 0.3556 0.7699 0.5300
vn 0.1996 0.8173 0.5405
vn 0.0258 0.9248 0.3796
vn -0.1542 0.9071 0.3917
vn -0.3274 0.8545 0.4033
vn -0.4868 0.7691 0.4140
vn -0.6267 0.6542 0.4235
vn -0.7415 0.5141 0.4312
vn -0.8268 0.3542 0.4370
vn -0.8794 0.1806 0.4405
vn -0.8972 0.0002 0.4417
vn -0.8795 -0.1796 0.4406
vn -0.8270 -0.3536 0.4371
vn -0.7417 -0.5136 0.4313
vn -0.6270 -0.6537 0.4236
vn -0.4873 -0.7687 0.4143
vn -0.3278 -0.8543 0.4035
vn -0.1548 -0.9069 0.3918
vn 0.0252 -0.9248 0.3796
vn 0.2053 -0.9071 0.3676
vn 0.3783 -0.8545 0.3560
vn 0.5379 -0.7691 0.3453
vn 0.6778 -0.6540 0.3359
vn 0.7925 -0.5140 0.3282
vn 0.8778 -0.3541 0.3225
vn 0.9304 -0.1806 0.3189
vn 0.9482 -0.0003 0.3177
vn 0.9306 0.1801 0.3188
vn 0.8781 0.3537 0.3224
vn 0.7928 0.5136 0.3281
vn 0.6782 0.6537 0.3358
vn 0.5383 0.7688 0.3452
vn 0.3789 0.8543 0.3559
vn 0.2059 0.9070 0.3675
vn 0.0133 0.9810 0.1935
vn -0.1776 0.9622 0.2063
vn -0.3613 0.9064 0.2187
vn -0.5305 0.8159 0.2301
vn -0.6789 0.6939 0.2400
vn -0.8007 0.5453 0.2482
vn -0.8912 0.3757 0.2542
vn -0.9470 0.1916 0.2580
vn -0.9658 0.0003 0.2593
vn -0.9471 -0.1910 0.2581
vn -0.8914 -0.3751 0.2543
vn -0.8010 -0.5448 0.2483
vn -0.6793 -0.6935 0.2401
vn -0.5310 -0.8155 0.2301
vn -0.3618 -0.9062 0.2188
vn -0.1782 -0.9621 0.2064
vn 0.0127 -0.9810 0.1936
vn 0.2037 -0.9622 0.1807
vn 0.3873 -0.9065 0.1684
vn 0.5565 -0.8159 0.1570
vn 0.7050 -0.6938 0.1470
vn 0.8267 -0.5453 0.1388
vn 0.9172 -0.3757 0.1327
vn 0.9729 -0.1917 0.1290
vn 0.9918 -0.0003 0.1277
vn 0.9731 0.1911 0.1289
vn 0.9174 0.3751 0.1326
vn 0.8270 0.5448 0.1387
vn 0.7053 0.6935 0.1470
vn 0.5570 0.8156 0.1570
vn 0.3878 0.9062 0.1683
vn 0.2043 0.9621 0.1806
vn 0.0003 1.0000 -0.0000
vn -0.1943 0.9809 0.0131
vn -0.3816 0.9240 0.0257
vn -0.5541 0.8316 0.0373
vn -0.7053 0.7074 0.0474
vn -0.8294 0.5558 0.0557
vn -0.9217 0.3829 0.0619
vn -0.9785 0.1953 0.0658
vn -0.9977 0.0003 0.0671
vn -0.9786 -0.1948 0.0659
vn -0.9219 -0.3824 0.0620
vn -0.8297 -0.5553 0.0558
vn -0.7057 -0.7070 0.0475
vn -0.5546 -0.8313 0.0373
vn -0.3822 -0.9237 0.0258
vn -0.1949 -0.9807 0.0132
vn -0.0003 -1.0000 0.0002
vn 0.1944 -0.9808 -0.0130
vn 0.3815 -0.9240 -0.0257
vn 0.5540 -0.8317 -0.0372
vn 0.7054 -0.7073 -0.0474
vn 0.8295 -0.5558 -0.0558
vn 0.9217 -0.3829 -0.0621
vn 0.9785 -0.1955 -0.0659
vn 0.9977 -0.0003 -0.0671
vn 0.9786 0.1949 -0.0658
vn 0.9219 0.3824 -0.0620
vn 0.8298 0.5552 -0.0558
vn 0.7057 0.7069 -0.0475
vn 0.5545 0.8314 -0.0373
vn 0.3821 0.9238 -0.0257
vn 0.1950 0.9807 -0.0131
vn -0.0063 0.9952 -0.0978
vn -0.2000 0.9761 -0.0848
vn -0.3863 0.9195 -0.0724
vn -0.5580 0.8276 -0.0609
vn -0.7084 0.7039 -0.0508
vn -0.8320 0.5532 -0.0424
vn -0.9238 0.3811 -0.0361
vn -0.9804 0.1944 -0.0323
vn -0.9995 0.0004 -0.0310
vn -0.9805 -0.1938 -0.0322
vn -0.9240 -0.3806 -0.0361
vn -0.8324 -0.5526 -0.0423
vn -0.7088 -0.7036 -0.0506
vn -0.5585 -0.8273 -0.0606
vn -0.3870 -0.9193 -0.0721
vn -0.2007 -0.9760 -0.0849
vn -0.0067 -0.9952 -0.0973
vn 0.1870 -0.9760 -0.1112
vn 0.3731 -0.9196 -0.1233
vn 0.5448 -0.8277 -0.1348
vn 0.6954 -0.7039 -0.1449
vn 0.8189 -0.5530 -0.1533
vn 0.9107 -0.3811 -0.1595
vn 0.9672 -0.1946 -0.1633
vn 0.9864 -0.0004 -0.1646
vn 0.9673 0.1939 -0.1633
vn 0.9109 0.3806 -0.1594
vn 0.8192 0.5526 -0.1533
vn 0.6958 0.7035 -0.1451
vn 0.5452 0.8274 -0.1349
vn 0.3737 0.9193 -0.1233
vn 0.1875 0.9760 -0.1107
vn 0.0483 0.1395 0.9890
vn 0.0759 0.1410 0.9871
vn 0.0739 0.1590 0.9845
vn 0.0419 0.1573 0.9867
vn 0.0206 0.1340 0.9908
vn 0.0108 0.1536 0.9881
vn -0.0042 0.1202 0.9927
vn -0.0156 0.1360 0.9906
vn -0.0271 0.1032 0.9943
vn -0.0436 0.1176 0.9921
vn -0.0459 0.0814 0.9956
vn -0.0639 0.0927 0.9936
vn -0.0597 0.0562 0.9966
vn -0.0809 0.0645 0.9946
vn -0.0687 0.0286 0.9972
vn -0.0898 0.0325 0.9954
vn -0.0919 0.0001 0.9958
vn -0.0683 0.0003 0.9977
vn -0.0901 -0.0325 0.9954
vn -0.0692 -0.0284 0.9972
vn -0.0600 -0.0564 0.9966
vn -0.0765 -0.0750 0.9942
vn -0.0605 -0.0912 0.9940
vn -0.0890 -0.1223 0.9885
vn -0.0392 -0.1151 0.9926
vn -0.0684 -0.1437 0.9872
vn -0.0152 -0.1363 0.9906
vn -0.0388 -0.1706 0.9846
vn 0.0137 -0.1501 0.9886
vn -0.0027 -0.1879 0.9822
vn 0.0437 -0.1604 0.9861
vn 0.0351 -0.2011 0.9789
vn 0.0757 -0.1622 0.9839
vn 0.0748 -0.2041 0.9761
vn 0.1072 -0.1596 0.9813
vn 0.1149 -0.2020 0.9726
vn 0.1374 -0.1495 0.9792
vn 0.1531 -0.1893 0.9699
vn 0.1658 -0.1353 0.9768
vn 0.1890 -0.1714 0.9669
vn 0.1893 -0.1140 0.9753
vn 0.2192 -0.1449 0.9649
vn 0.2103 -0.0903 0.9735
vn 0.2464 -0.1150 0.9623
vn 0.2241 -0.0617 0.9726
vn 0.2638 -0.0785 0.9614
vn 0.2343 -0.0318 0.9716
vn 0.2772 -0.0404 0.9600
vn 0.2361 -0.0001 0.9717
vn 0.2796 -0.0001 0.9601
vn 0.2342 0.0316 0.9717
vn 0.2808 0.0231 0.9595
vn 0.2004 0.0516 0.9784
vn 0.2203 0.0403 0.9746
vn 0.1879 0.0748 0.9793
vn 0.1986 0.0831 0.9765
vn 0.1720 0.0962 0.9804
vn 0.1819 0.1078 0.9774
vn 0.1516 0.1136 0.9819
vn 0.1583 0.1266 0.9792
vn 0.1288 0.1281 0.9834
vn 0.1336 0.1443 0.9805
vn 0.1031 0.1365 0.9853
vn 0.1047 0.1529 0.9827
vn 0.0368 0.1794 0.9831
vn 0.0733 0.1812 0.9807
vn 0.0020 0.1740 0.9847
vn -0.0287 0.1552 0.9875
vn -0.0605 0.1340 0.9891
vn -0.0837 0.1056 0.9909
vn -0.1029 0.0734 0.9920
vn -0.1133 0.0373 0.9929
vn -0.1159 0.0001 0.9933
vn -0.1132 -0.0372 0.9929
vn -0.0978 -0.0863 0.9915
vn -0.1031 -0.1342 0.9856
vn -0.0814 -0.1565 0.9843
vn -0.0485 -0.1849 0.9816
vn -0.0094 -0.2034 0.9791
vn 0.0319 -0.2161 0.9759
vn 0.0747 -0.2196 0.9727
vn 0.1176 -0.2164 0.9692
vn 0.1583 -0.2021 0.9665
vn 0.1960 -0.1823 0.9635
vn 0.2283 -0.1541 0.9613
vn 0.2564 -0.1218 0.9589
vn 0.2749 -0.0832 0.9579
vn 0.2884 -0.0427 0.9565
vn 0.2915 -0.0001 0.9566
vn 0.2926 0.0219 0.9560
vn 0.2403 0.0447 0.9697
vn 0.2154 0.0947 0.9719
vn 0.1960 0.1225 0.9729
vn 0.1696 0.1443 0.9749
vn 0.1413 0.1641 0.9763
vn 0.1085 0.1743 0.9787
vt 0.488532 0.956228
vt 0.488532 0.959128
vt 0.487982 0.959078
vt 0.487432 0.958928
vt 0.486882 0.958628
vt 0.486482 0.958278
vt 0.486082 0.957828
vt 0.485832 0.957328
vt 0.485682 0.956778
vt 0.485582 0.956228
vt 0.485682 0.955678
vt 0.485832 0.955128
vt 0.486082 0.954578
vt 0.486482 0.954178
vt 0.486882 0.953778
vt 0.487432 0.953528
vt 0.487932 0.953378
vt 0.488532 0.953278
vt 0.489082 0.953378
vt 0.489632 0.953528
vt 0.490132 0.953778
vt 0.490582 0.954178
vt 0.490932 0.954578
vt 0.491232 0.955128
vt 0.491382 0.955628
vt 0.491432 0.956228
vt 0.491382 0.956778
vt 0.491232 0.957328
vt 0.490932 0.957828
vt 0.490582 0.958278
vt 0.490132 0.958628
vt 0.489632 0.958928
vt 0.489082 0.959078
vt 0.487432 0.961828
vt 0.488532 0.961928
vt 0.488532 0.964378
vt 0.486932 0.964228
vt 0.486332 0.961478
vt 0.485432 0.963778
vt 0.485382 0.960978
vt 0.483982 0.963028
vt 0.484532 0.960228
vt 0.482782 0.962028
vt 0.483782 0.959378
vt 0.481732 0.960778
vt 0.483282 0.958378
vt 0.480982 0.959328
vt 0.482932 0.957328
vt 0.480532 0.957828
vt 0.482832 0.956228
vt 0.480382 0.956228
vt 0.482932 0.955128
vt 0.480532 0.954628
vt 0.483282 0.954028
vt 0.480982 0.953078
vt 0.483782 0.953078
vt 0.481732 0.951678
vt 0.484482 0.952178
vt 0.482732 0.950428
vt 0.485382 0.951478
vt 0.483982 0.949428
vt 0.486332 0.950978
vt 0.485382 0.948678
vt 0.487432 0.950628
vt 0.486932 0.948228
vt 0.488532 0.950528
vt 0.488532 0.948028
vt 0.489632 0.950628
vt 0.490132 0.948228
vt 0.490732 0.950978
vt 0.491682 0.948678
vt 0.491682 0.951478
vt 0.493082 0.949428
vt 0.492532 0.952178
vt 0.494332 0.950428
vt 0.493282 0.953078
vt 0.495332 0.951678
vt 0.493782 0.954028
vt 0.496082 0.953078
vt 0.494132 0.955128
vt 0.496532 0.954628
vt 0.494232 0.956228
vt 0.496682 0.956228
vt 0.494132 0.957328
vt 0.496532 0.957828
vt 0.493782 0.958378
vt 0.496082 0.959328
vt 0.493282 0.959378
vt 0.495332 0.960778
vt 0.492582 0.960228
vt 0.494332 0.961978
vt 0.491682 0.960978
vt 0.493082 0.963028
vt 0.490732 0.961478
vt 0.491682 0.963778
vt 0.489632 0.961828
vt 0.490132 0.964228
vt 0.485682 0.970528
vt 0.488532 0.970828
vt 0.488582 0.975178
vt 0.484882 0.974828
vt 0.482982 0.969678
vt 0.481282 0.973728
vt 0.480432 0.968328
vt 0.478032 0.971978
vt 0.478232 0.966528
vt 0.475132 0.969628
vt 0.476432 0.964328
vt 0.472782 0.966778
vt 0.475082 0.961828
vt 0.471032 0.963478
vt 0.474232 0.959078
vt 0.469932 0.959928
vt 0.473982 0.956228
vt 0.469582 0.956228
vt 0.474232 0.953378
vt 0.469932 0.952528
vt 0.475082 0.950628
vt 0.471032 0.948978
vt 0.476432 0.948128
vt 0.472782 0.945678
vt 0.478232 0.945928
vt 0.475132 0.942828
vt 0.480432 0.944078
vt 0.478032 0.940478
vt 0.482982 0.942728
vt 0.481282 0.938728
vt 0.485682 0.941928
vt 0.484832 0.937628
vt 0.488532 0.941628
vt 0.488532 0.937278
vt 0.491382 0.941928
vt 0.492232 0.937628
vt 0.494132 0.942728
vt 0.495782 0.938728
vt 0.496632 0.944078
vt 0.499082 0.940478
vt 0.498832 0.945928
vt 0.501932 0.942828
vt 0.500682 0.948128
vt 0.504332 0.945678
vt 0.502032 0.950628
vt 0.506082 0.948978
vt 0.502832 0.953378
vt 0.507132 0.952528
vt 0.503132 0.956228
vt 0.507482 0.956228
vt 0.502832 0.959078
vt 0.507132 0.959928
vt 0.502032 0.961778
vt 0.506082 0.963478
vt 0.500682 0.964328
vt 0.504332 0.966728
vt 0.498882 0.966528
vt 0.501982 0.969628
vt 0.496632 0.968328
vt 0.499082 0.971978
vt 0.494132 0.969678
vt 0.495832 0.973728
vt 0.491382 0.970528
vt 0.492232 0.974828
vt 0.488582 0.980178
vt 0.483882 0.979728
vt 0.479382 0.978328
vt 0.475282 0.976128
vt 0.471632 0.973178
vt 0.468632 0.969528
vt 0.466432 0.965378
vt 0.465082 0.960878
vt 0.464632 0.956228
vt 0.465082 0.951578
vt 0.466432 0.947078
vt 0.468632 0.942928
vt 0.471632 0.939278
vt 0.475232 0.936328
vt 0.479382 0.934078
vt 0.483882 0.932728
vt 0.488532 0.932278
vt 0.493232 0.932728
vt 0.497732 0.934078
vt 0.501832 0.936328
vt 0.505482 0.939278
vt 0.508482 0.942928
vt 0.510682 0.947078
vt 0.512032 0.951528
vt 0.512482 0.956228
vt 0.512032 0.960878
vt 0.510682 0.965378
vt 0.508482 0.969528
vt 0.505482 0.973128
vt 0.501882 0.976128
vt 0.497732 0.978328
vt 0.493232 0.979678
vt 0.488582 0.984678
vt 0.483032 0.984128
vt 0.477682 0.982528
vt 0.472782 0.979878
vt 0.468432 0.976328
vt 0.464932 0.972028
vt 0.462282 0.967128
vt 0.460632 0.961778
vt 0.460082 0.956228
vt 0.460632 0.950678
vt 0.462282 0.945328
vt 0.464882 0.940428
vt 0.468432 0.936078
vt 0.472732 0.932578
vt 0.477682 0.929928
vt 0.483032 0.928328
vt 0.488582 0.927778
vt 0.494132 0.928328
vt 0.499432 0.929928
vt 0.504382 0.932528
vt 0.508682 0.936078
vt 0.512232 0.940378
vt 0.514882 0.945328
vt 0.516482 0.950678
vt 0.517032 0.956228
vt 0.516482 0.961778
vt 0.514882 0.967128
vt 0.512232 0.972028
vt 0.508682 0.976328
vt 0.504382 0.979878
vt 0.499482 0.982528
vt 0.494132 0.984128
vt 0.488582 0.988678
vt 0.482232 0.988028
vt 0.476182 0.986178
vt 0.470582 0.983178
vt 0.465632 0.979178
vt 0.461632 0.974228
vt 0.458632 0.968628
vt 0.456782 0.962578
vt 0.456132 0.956228
vt 0.456782 0.949878
vt 0.458582 0.943828
vt 0.461582 0.938228
vt 0.465632 0.933278
vt 0.470532 0.929278
vt 0.476132 0.926278
vt 0.482232 0.924428
vt 0.488582 0.923778
vt 0.494882 0.924378
vt 0.500982 0.926228
vt 0.506582 0.929228
vt 0.511482 0.933278
vt 0.515532 0.938178
vt 0.518532 0.943778
vt 0.520382 0.949878
vt 0.521032 0.956228
vt 0.520382 0.962528
vt 0.518532 0.968628
vt 0.515532 0.974228
vt 0.511532 0.979128
vt 0.506582 0.983178
vt 0.500982 0.986178
vt 0.494932 0.988028
vt 0.488582 0.992078
vt 0.481582 0.991378
vt 0.474882 0.989328
vt 0.468682 0.986028
vt 0.463232 0.981578
vt 0.458782 0.976128
vt 0.455482 0.969928
vt 0.453432 0.963228
vt 0.452732 0.956228
vt 0.453432 0.949228
vt 0.455482 0.942528
vt 0.458782 0.936328
vt 0.463232 0.930878
vt 0.468682 0.926428
vt 0.474832 0.923128
vt 0.481582 0.921078
vt 0.488582 0.920378
vt 0.495582 0.921078
vt 0.502282 0.923078
vt 0.508482 0.926378
vt 0.513932 0.930878
vt 0.518382 0.936278
vt 0.521682 0.942478
vt 0.523732 0.949228
vt 0.524432 0.956228
vt 0.523732 0.963228
vt 0.521732 0.969928
vt 0.518382 0.976128
vt 0.513932 0.981578
vt 0.508482 0.986028
vt 0.502282 0.989328
vt 0.495582 0.991378
vt 0.798453 0.572852
vt 0.795953 0.573052
vt 0.795953 0.572252
vt 0.798253 0.572052
vt 0.800853 0.572152
vt 0.800453 0.571352
vt 0.803053 0.570952
vt 0.802553 0.570252
vt 0.804953 0.569352
vt 0.804353 0.568752
vt 0.806553 0.567352
vt 0.805853 0.566952
vt 0.807753 0.565152
vt 0.806953 0.564852
vt 0.808553 0.562752
vt 0.807653 0.562552
vt 0.808753 0.560252
vt 0.807953 0.560252
vt 0.808553 0.557752
vt 0.807653 0.557952
vt 0.807753 0.555352
vt 0.807053 0.555652
vt 0.806553 0.553152
vt 0.805853 0.553552
vt 0.805053 0.551152
vt 0.804353 0.551752
vt 0.803053 0.549552
vt 0.802553 0.550252
vt 0.800853 0.548352
vt 0.800553 0.549152
vt 0.798453 0.547652
vt 0.798253 0.548452
vt 0.795953 0.547352
vt 0.795953 0.548252
vt 0.793453 0.547652
vt 0.793553 0.548452
vt 0.790953 0.548352
vt 0.791353 0.549152
vt 0.788753 0.549552
vt 0.789253 0.550252
vt 0.786853 0.551152
vt 0.787453 0.551752
vt 0.785253 0.553052
vt 0.785953 0.553552
vt 0.784053 0.555352
vt 0.784853 0.555652
vt 0.783353 0.557752
vt 0.784153 0.557852
vt 0.783053 0.560252
vt 0.783953 0.560252
vt 0.783353 0.562752
vt 0.784153 0.562552
vt 0.784053 0.565152
vt 0.784853 0.564852
vt 0.785253 0.567352
vt 0.785953 0.566952
vt 0.786853 0.569352
vt 0.787453 0.568752
vt 0.788753 0.570952
vt 0.789253 0.570252
vt 0.790953 0.572152
vt 0.791353 0.571352
vt 0.793353 0.572852
vt 0.793553 0.572052
vt 0.795953 0.571552
vt 0.798153 0.571252
vt 0.800253 0.570652
vt 0.802153 0.569652
vt 0.803853 0.568252
vt 0.805253 0.566552
vt 0.806353 0.564552
vt 0.806953 0.562452
vt 0.807153 0.560252
vt 0.806953 0.558052
vt 0.806353 0.555952
vt 0.805253 0.553952
vt 0.803853 0.552252
vt 0.802153 0.550852
vt 0.800253 0.549852
vt 0.798153 0.549152
vt 0.795953 0.548952
vt 0.793753 0.549152
vt 0.791653 0.549852
vt 0.789653 0.550852
vt 0.787953 0.552252
vt 0.786553 0.553952
vt 0.785553 0.555952
vt 0.784853 0.558052
vt 0.784653 0.560252
vt 0.784853 0.562452
vt 0.785553 0.564552
vt 0.786553 0.566452
vt 0.787953 0.568252
vt 0.789653 0.569652
vt 0.791553 0.570652
vt 0.793753 0.571252
vt 0.486482 0.966678
vt 0.488532 0.966878
vt 0.488532 0.969778
vt 0.485882 0.969528
vt 0.484432 0.966078
vt 0.483382 0.968728
vt 0.482632 0.965128
vt 0.481032 0.967478
vt 0.480982 0.963778
vt 0.478982 0.965828
vt 0.479682 0.962178
vt 0.477282 0.963778
vt 0.478682 0.960328
vt 0.476032 0.961428
vt 0.478082 0.958328
vt 0.475232 0.958878
vt 0.474982 0.956228
vt 0.477882 0.956228
vt 0.475232 0.953578
vt 0.478082 0.954128
vt 0.478682 0.952128
vt 0.476032 0.951028
vt 0.479682 0.950278
vt 0.477282 0.948678
vt 0.480982 0.948678
vt 0.478982 0.946628
vt 0.482582 0.947328
vt 0.481032 0.944978
vt 0.484432 0.946378
vt 0.483332 0.943728
vt 0.486432 0.945728
vt 0.485882 0.942928
vt 0.488532 0.945528
vt 0.488532 0.942678
vt 0.490632 0.945728
vt 0.491182 0.942928
vt 0.492632 0.946378
vt 0.493732 0.943678
vt 0.494482 0.947328
vt 0.496082 0.944978
vt 0.496082 0.948678
vt 0.498132 0.946628
vt 0.497432 0.950278
vt 0.499832 0.948678
vt 0.498382 0.952128
vt 0.501082 0.951028
vt 0.499032 0.954128
vt 0.501832 0.953578
vt 0.499232 0.956228
vt 0.502082 0.956228
vt 0.499032 0.958278
vt 0.501832 0.958878
vt 0.498382 0.960328
vt 0.501082 0.961428
vt 0.497432 0.962128
vt 0.499832 0.963728
vt 0.496082 0.963778
vt 0.498132 0.965778
vt 0.494482 0.965078
vt 0.496082 0.967478
vt 0.492632 0.966078
vt 0.493732 0.968728
vt 0.490632 0.966678
vt 0.491182 0.969528
vt 0.485776 0.970059
vt 0.488532 0.970336
vt 0.483170 0.969232
vt 0.480714 0.967929
vt 0.478584 0.966200
vt 0.476831 0.964070
vt 0.475528 0.961641
vt 0.474702 0.958984
vt 0.474452 0.956228
vt 0.474702 0.953472
vt 0.475528 0.950816
vt 0.476831 0.948386
vt 0.478584 0.946257
vt 0.480714 0.944501
vt 0.483146 0.943197
vt 0.485776 0.942398
vt 0.488532 0.942121
vt 0.491288 0.942398
vt 0.493945 0.943174
vt 0.496374 0.944501
vt 0.498504 0.946257
vt 0.500283 0.948386
vt 0.501586 0.950816
vt 0.502362 0.953472
vt 0.502640 0.956228
vt 0.502362 0.958984
vt 0.501586 0.961614
vt 0.500283 0.964047
vt 0.498530 0.966176
vt 0.496374 0.967929
vt 0.493945 0.969232
vt 0.491288 0.970059
s 1
usemtl Ch31_body.001
f 1/1/1 2/2/2 3/3/3
f 1/1/1 3/3/3 4/4/4
f 1/1/1 4/4/4 5/5/5
f 1/1/1 5/5/5 6/6/6
f 1/1/1 6/6/6 7/7/7
f 1/1/1 7/7/7 8/8/8
f 1/1/1 8/8/8 9/9/9
f 1/1/1 9/9/9 10/10/10
f 1/1/1 10/10/10 11/11/11
f 1/1/1 11/11/11 12/12/12
f 1/1/1 12/12/12 13/13/13
f 1/1/1 13/13/13 14/14/14
f 1/1/1 14/14/14 15/15/15
f 1/1/1 15/15/15 16/16/16
f 1/1/1 16/16/16 17/17/17
f 1/1/1 17/17/17 18/18/18
f 1/1/1 18/18/18 19/19/19
f 1/1/1 19/19/19 20/20/20
f 1/1/1 20/20/20 21/21/21
f 1/1/1 21/21/21 22/22/22
f 1/1/1 22/22/22 23/23/23
f 1/1/1 23/23/23 24/24/24
f 1/1/1 24/24/24 25/25/25
f 1/1/1 25/25/25 26/26/26
f 1/1/1 26/26/26 27/27/27
f 1/1/1 27/27/27 28/28/28
f 1/1/1 28/28/28 29/29/29
f 1/1/1 29/29/29 30/30/30
f 1/1/1 30/30/30 31/31/31
f 1/1/1 31/31/31 32/32/32
f 1/1/1 32/32/32 33/33/33
f 1/1/1 33/33/33 2/2/2
f 37/34/34 34/35/35 35/36/36 36/37/37
f 39/38/38 37/34/34 36/37/37 38/39/39
f 41/40/40 39/38/38 38/39/39 40/41/41
f 43/42/42 41/40/40 40/41/41 42/43/43
f 45/44/44 43/42/42 42/43/43 44/45/45
f 47/46/46 45/44/44 44/45/45 46/47/47
f 49/48/48 47/46/46 46/47/47 48/49/49
f 51/50/50 49/48/48 48/49/49 50/51/51
f 53/52/52 51/50/50 50/51/51 52/53/53
f 55/54/54 53/52/52 52/53/53 54/55/55
f 57/56/56 55/54/54 54/55/55 56/57/57
f 59/58/58 57/56/56 56/57/57 58/59/59
f 61/60/60 59/58/58 58/59/59 60/61/61
f 63/62/62 61/60/60 60/61/61 62/63/63
f 65/64/64 63/62/62 62/63/63 64/65/65
f 67/66/66 65/64/64 64/65/65 66/67/67
f 69/68/68 67/66/66 66/67/67 68/69/69
f 71/70/70 69/68/68 68/69/69 70/71/71
f 73/72/72 71/70/70 70/71/71 72/73/73
f 75/74/74 73/72/72 72/73/73 74/75/75
f 77/76/76 75/74/74 74/75/75 76/77/77
f 79/78/78 77/76/76 76/77/77 78/79/79
f 81/80/80 79/78/78 78/79/79 80/81/81
f 83/82/82 81/80/80 80/81/81 82/83/83
f 85/84/84 83/82/82 82/83/83 84/85/85
f 87/86/86 85/84/84 84/85/85 86/87/87
f 89/88/88 87/86/86 86/87/87 88/89/89
f 91/90/90 89/88/88 88/89/89 90/91/91
f 93/92/92 91/90/90 90/91/91 92/93/93
f 95/94/94 93/92/92 92/93/93 94/95/95
f 97/96/96 95/94/94 94/95/95 96/97/97
f 34/35/35 97/96/96 96/97/97 35/36/36
f 101/98/98 98/99/99 99/100/100 100/101/101
f 103/102/102 101/98/98 100/101/101 102/103/103
f 105/104/104 103/102/102 102/103/103 104/105/105
f 107/106/106 105/104/104 104/105/105 106/107/107
f 109/108/108 107/106/106 106/107/107 108/109/109
f 111/110/110 109/108/108 108/109/109 110/111/111
f 113/112/112 111/110/110 110/111/111 112/113/113
f 115/114/114 113/112/112 112/113/113 114/115/115
f 117/116/116 115/114/114 114/115/115 116/117/117
f 119/118/118 117/116/116 116/117/117 118/119/119
f 121/120/120 119/118/118 118/119/119 120/121/121
f 123/122/122 121/120/120 120/121/121 122/123/123
f 125/124/124 123/122/122 122/123/123 124/125/125
f 127/126/126 125/124/124 124/125/125 126/127/127
f 129/128/128 127/126/126 126/127/127 128/129/129
f 131/130/130 129/128/128 128/129/129 130/131/131
f 133/132/132 131/130/130 130/131/131 132/133/133
f 135/134/134 133/132/132 132/133/133 134/135/135
f 137/136/136 135/134/134 134/135/135 136/137/137
f 139/138/138 137/136/136 136/137/137 138/139/139
f 141/140/140 139/138/138 138/139/139 140/141/141
f 143/142/142 141/140/140 140/141/141 142/143/143
f 145/144/144 143/142/142 142/143/143 144/145/145
f 147/146/146 145/144/144 144/145/145 146/147/147
f 149/148/148 147/146/146 146/147/147 148/149/149
f 151/150/150 149/148/148 148/149/149 150/151/151
f 153/152/152 151/150/150 150/151/151 152/153/153
f 155/154/154 153/152/152 152/153/153 154/155/155
f 157/156/156 155/154/154 154/155/155 156/157/157
f 159/158/158 157/156/156 156/157/157 158/159/159
f 161/160/160 159/158/158 158/159/159 160/161/161
f 98/99/99 161/160/160 160/161/161 99/100/100
f 100/101/101 99/100/100 162/162/162 163/163/163
f 102/103/103 100/101/101 163/163/163 164/164/164
f 104/105/105 102/103/103 164/164/164 165/165/165
f 106/107/107 104/105/105 165/165/165 166/166/166
f 108/109/109 106/107/107 166/166/166 167/167/167
f 110/111/111 108/109/109 167/167/167 168/168/168
f 112/113/113 110/111/111 168/168/168 169/169/169
f 114/115/115 112/113/113 169/169/169 170/170/170
f 116/117/117 114/115/115 170/170/170 171/171/171
f 118/119/119 116/117/117 171/171/171 172/172/172
f 120/121/121 118/119/119 172/172/172 173/173/173
f 122/123/123 120/121/121 173/173/173 174/174/174
f 124/125/125 122/123/123 174/174/174 175/175/175
f 126/127/127 124/125/125 175/175/175 176/176/176
f 128/129/129 126/127/127 176/176/176 177/177/177
f 130/131/131 128/129/129 177/177/177 178/178/178
f 132/133/133 130/131/131 178/178/178 179/179/179
f 134/135/135 132/133/133 179/179/179 180/180/180
f 136/137/137 134/135/135 180/180/180 181/181/181
f 138/139/139 136/137/137 181/181/181 182/182/182
f 140/141/141 138/139/139 182/182/182 183/183/183
f 142/143/143 140/141/141 183/183/183 184/184/184
f 144/145/145 142/143/143 184/184/184 185/185/185
f 146/147/147 144/145/145 185/185/185 186/186/186
f 148/149/149 146/147/147 186/186/186 187/187/187
f 150/151/151 148/149/149 187/187/187 188/188/188
f 152/153/153 150/151/151 188/188/188 189/189/189
f 154/155/155 152/153/153 189/189/189 190/190/190
f 156/157/157 154/155/155 190/190/190 191/191/191
f 158/159/159 156/157/157 191/191/191 192/192/192
f 160/161/161 158/159/159 192/192/192 193/193/193
f 99/100/100 160/161/161 193/193/193 162/162/162
f 163/163/163 162/162/162 194/194/194 195/195/195
f 164/164/164 163/163/163 195/195/195 196/196/196
f 165/165/165 164/164/164 196/196/196 197/197/197
f 166/166/166 165/165/165 197/197/197 198/198/198
f 167/167/167 166/166/166 198/198/198 199/199/199
f 168/168/168 167/167/167 199/199/199 200/200/200
f 169/169/169 168/168/168 200/200/200 201/201/201
f 170/170/170 169/169/169 201/201/201 202/202/202
f 171/171/171 170/170/170 202/202/202 203/203/203
f 172/172/172 171/171/171 203/203/203 204/204/204
f 173/173/173 172/172/172 204/204/204 205/205/205
f 174/174/174 173/173/173 205/205/205 206/206/206
f 175/175/175 174/174/174 206/206/206 207/207/207
f 176/176/176 175/175/175 207/207/207 208/208/208
f 177/177/177 176/176/176 208/208/208 209/209/209
f 178/178/178 177/177/177 209/209/209 210/210/210
f 179/179/179 178/178/178 210/210/210 211/211/211
f 180/180/180 179/179/179 211/211/211 212/212/212
f 181/181/181 180/180/180 212/212/212 213/213/213
f 182/182/182 181/181/181 213/213/213 214/214/214
f 183/183/183 182/182/182 214/214/214 215/215/215
f 184/184/184 183/183/183 215/215/215 216/216/216
f 185/185/185 184/184/184 216/216/216 217/217/217
f 186/186/186 185/185/185 217/217/217 218/218/218
f 187/187/187 186/186/186 218/218/218 219/219/219
f 188/188/188 187/187/187 219/219/219 220/220/220
f 189/189/189 188/188/188 220/220/220 221/221/221
f 190/190/190 189/189/189 221/221/221 222/222/222
f 191/191/191 190/190/190 222/222/222 223/223/223
f 192/192/192 191/191/191 223/223/223 224/224/224
f 193/193/193 192/192/192 224/224/224 225/225/225
f 162/162/162 193/193/193 225/225/225 194/194/194
f 195/195/195 194/194/194 226/226/226 227/227/227
f 196/196/196 195/195/195 227/227/227 228/228/228
f 197/197/197 196/196/196 228/228/228 229/229/229
f 198/198/198 197/197/197 229/229/229 230/230/230
f 199/199/199 198/198/198 230/230/230 231/231/231
f 200/200/200 199/199/199 231/231/231 232/232/232
f 201/201/201 200/200/200 232/232/232 233/233/233
f 202/202/202 201/201/201 233/233/233 234/234/234
f 203/203/203 202/202/202 234/234/234 235/235/235
f 204/204/204 203/203/203 235/235/235 236/236/236
f 205/205/205 204/204/204 236/236/236 237/237/237
f 206/206/206 205/205/205 237/237/237 238/238/238
f 207/207/207 206/206/206 238/238/238 239/239/239
f 208/208/208 207/207/207 239/239/239 240/240/240
f 209/209/209 208/208/208 240/240/240 241/241/241
f 210/210/210 209/209/209 241/241/241 242/242/242
f 211/211/211 210/210/210 242/242/242 243/243/243
f 212/212/212 211/211/211 243/243/243 244/244/244
f 213/213/213 212/212/212 244/244/244 245/245/245
f 214/214/214 213/213/213 245/245/245 246/246/246
f 215/215/215 214/214/214 246/246/246 247/247/247
f 216/216/216 215/215/215 247/247/247 248/248/248
f 217/217/217 216/216/216 248/248/248 249/249/249
f 218/218/218 217/217/217 249/249/249 250/250/250
f 219/219/219 218/218/218 250/250/250 251/251/251
f 220/220/220 219/219/219 251/251/251 252/252/252
f 221/221/221 220/220/220 252/252/252 253/253/253
f 222/222/222 221/221/221 253/253/253 254/254/254
f 223/223/223 222/222/222 254/254/254 255/255/255
f 224/224/224 223/223/223 255/255/255 256/256/256
f 225/225/225 224/224/224 256/256/256 257/257/257
f 194/194/194 225/225/225 257/257/257 226/226/226
f 227/227/227 226/226/226 258/258/258 259/259/259
f 228/228/228 227/227/227 259/259/259 260/260/260
f 229/229/229 228/228/228 260/260/260 261/261/261
f 230/230/230 229/229/229 261/261/261 262/262/262
f 231/231/231 230/230/230 262/262/262 263/263/263
f 232/232/232 231/231/231 263/263/263 264/264/264
f 233/233/233 232/232/232 264/264/264 265/265/265
f 234/234/234 233/233/233 265/265/265 266/266/266
f 235/235/235 234/234/234 266/266/266 267/267/267
f 236/236/236 235/235/235 267/267/267 268/268/268
f 237/237/237 236/236/236 268/268/268 269/269/269
f 238/238/238 237/237/237 269/269/269 270/270/270
f 239/239/239 238/238/238 270/270/270 271/271/271
f 240/240/240 239/239/239 271/271/271 272/272/272
f 241/241/241 240/240/240 272/272/272 273/273/273
f 242/242/242 241/241/241 273/273/273 274/274/274
f 243/243/243 242/242/242 274/274/274 275/275/275
f 244/244/244 243/243/243 275/275/275 276/276/276
f 245/245/245 244/244/244 276/276/276 277/277/277
f 246/246/246 245/245/245 277/277/277 278/278/278
f 247/247/247 246/246/246 278/278/278 279/279/279
f 248/248/248 247/247/247 279/279/279 280/280/280
f 249/249/249 248/248/248 280/280/280 281/281/281
f 250/250/250 249/249/249 281/281/281 282/282/282
f 251/251/251 250/250/250 282/282/282 283/283/283
f 252/252/252 251/251/251 283/283/283 284/284/284
f 253/253/253 252/252/252 284/284/284 285/285/285
f 254/254/254 253/253/253 285/285/285 286/286/286
f 255/255/255 254/254/254 286/286/286 287/287/287
f 256/256/256 255/255/255 287/287/287 288/288/288
f 257/257/257 256/256/256 288/288/288 289/289/289
f 226/226/226 257/257/257 289/289/289 258/258/258
f 259/290/259 258/291/258 290/292/290 291/293/291
f 260/294/260 259/290/259 291/293/291 292/295/292
f 261/296/261 260/294/260 292/295/292 293/297/293
f 262/298/262 261/296/261 293/297/293 294/299/294
f 263/300/263 262/298/262 294/299/294 295/301/295
f 264/302/264 263/300/263 295/301/295 296/303/296
f 265/304/265 264/302/264 296/303/296 297/305/297
f 266/306/266 265/304/265 297/305/297 298/307/298
f 267/308/267 266/306/266 298/307/298 299/309/299
f 268/310/268 267/308/267 299/309/299 300/311/300
f 269/312/269 268/310/268 300/311/300 301/313/301
f 270/314/270 269/312/269 301/313/301 302/315/302
f 271/316/271 270/314/270 302/315/302 303/317/303
f 272/318/272 271/316/271 303/317/303 304/319/304
f 273/320/273 272/318/272 304/319/304 305/321/305
f 274/322/274 273/320/273 305/321/305 306/323/306
f 275/324/275 274/322/274 306/323/306 307/325/307
f 276/326/276 275/324/275 307/325/307 308/327/308
f 277/328/277 276/326/276 308/327/308 309/329/309
f 278/330/278 277/328/277 309/329/309 310/331/310
f 279/332/279 278/330/278 310/331/310 311/333/311
f 280/334/280 279/332/279 311/333/311 312/335/312
f 281/336/281 280/334/280 312/335/312 313/337/313
f 282/338/282 281/336/281 313/337/313 314/339/314
f 283/340/283 282/338/282 314/339/314 315/341/315
f 284/342/284 283/340/283 315/341/315 316/343/316
f 285/344/285 284/342/284 316/343/316 317/345/317
f 286/346/286 285/344/285 317/345/317 318/347/318
f 287/348/287 286/346/286 318/347/318 319/349/319
f 288/350/288 287/348/287 319/349/319 320/351/320
f 289/352/289 288/350/288 320/351/320 321/353/321
f 258/291/258 289/352/289 321/353/321 290/292/290
f 291/293/291 290/292/290 322/354/322 323/355/323
f 292/295/292 291/293/291 323/355/323 324/356/324
f 293/297/293 292/295/292 324/356/324 325/357/325
f 294/299/294 293/297/293 325/357/325 326/358/326
f 295/301/295 294/299/294 326/358/326 327/359/327
f 296/303/296 295/301/295 327/359/327 328/360/328
f 297/305/297 296/303/296 328/360/328 329/361/329
f 298/307/298 297/305/297 329/361/329 330/362/330
f 299/309/299 298/307/298 330/362/330 331/363/331
f 300/311/300 299/309/299 331/363/331 332/364/332
f 301/313/301 300/311/300 332/364/332 333/365/333
f 302/315/302 301/313/301 333/365/333 334/366/334
f 303/317/303 302/315/302 334/366/334 335/367/335
f 304/319/304 303/317/303 335/367/335 336/368/336
f 305/321/305 304/319/304 336/368/336 337/369/337
f 306/323/306 305/321/305 337/369/337 338/370/338
f 307/325/307 306/323/306 338/370/338 339/371/339
f 308/327/308 307/325/307 339/371/339 340/372/340
f 309/329/309 308/327/308 340/372/340 341/373/341
f 310/331/310 309/329/309 341/373/341 342/374/342
f 311/333/311 310/331/310 342/374/342 343/375/343
f 312/335/312 311/333/311 343/375/343 344/376/344
f 313/337/313 312/335/312 344/376/344 345/377/345
f 314/339/314 313/337/313 345/377/345 346/378/346
f 315/341/315 314/339/314 346/378/346 347/379/347
f 316/343/316 315/341/315 347/379/347 348/380/348
f 317/345/317 316/343/316 348/380/348 349/381/349
f 318/347/318 317/345/317 349/381/349 350/382/350
f 319/349/319 318/347/318 350/382/350 351/383/351
f 320/351/320 319/349/319 351/383/351 352/384/352
f 321/353/321 320/351/320 352/384/352 353/385/353
f 290/292/290 321/353/321 353/385/353 322/354/322
f 355/386/354 354/387/355 386/388/356 387/389/357
f 356/390/358 355/386/354 387/389/357 388/391/359
f 357/392/360 356/390/358 388/391/359 389/393/361
f 358/394/362 357/392/360 389/393/361 390/395/363
f 359/396/364 358/394/362 390/395/363 391/397/365
f 360/398/366 359/396/364 391/397/365 392/399/367
f 361/400/368 360/398/366 392/399/367 393/401/369
f 394/402/370 362/403/371 361/400/368 393/401/369
f 394/402/370 395/404/372 363/405/373 362/403/371
f 364/406/374 363/405/373 395/404/372 396/407/375
f 365/408/376 364/406/374 396/407/375 397/409/377
f 366/410/378 365/408/376 397/409/377 398/411/379
f 367/412/380 366/410/378 398/411/379 399/413/381
f 368/414/382 367/412/380 399/413/381 400/415/383
f 369/416/384 368/414/382 400/415/383 401/417/385
f 370/418/386 369/416/384 401/417/385 402/419/387
f 371/420/388 370/418/386 402/419/387 403/421/389
f 372/422/390 371/420/388 403/421/389 404/423/391
f 373/424/392 372/422/390 404/423/391 405/425/393
f 374/426/394 373/424/392 405/425/393 406/427/395
f 375/428/396 374/426/394 406/427/395 407/429/397
f 376/430/398 375/428/396 407/429/397 408/431/399
f 377/432/400 376/430/398 408/431/399 409/433/401
f 378/434/402 377/432/400 409/433/401 410/435/403
f 379/436/404 378/434/402 410/435/403 411/437/405
f 380/438/406 379/436/404 411/437/405 412/439/407
f 381/440/408 380/438/406 412/439/407 413/441/409
f 382/442/410 381/440/408 413/441/409 414/443/411
f 383/444/412 382/442/410 414/443/411 415/445/413
f 384/446/414 383/444/412 415/445/413 416/447/415
f 385/448/416 384/446/414 416/447/415 417/449/417
f 354/387/355 385/448/416 417/449/417 386/388/356
f 36/37/37 35/36/36 354/387/355 355/386/354
f 38/39/39 36/37/37 355/386/354 356/390/358
f 40/41/41 38/39/39 356/390/358 357/392/360
f 42/43/43 40/41/41 357/392/360 358/394/362
f 44/45/45 42/43/43 358/394/362 359/396/364
f 46/47/47 44/45/45 359/396/364 360/398/366
f 48/49/49 46/47/47 360/398/366 361/400/368
f 362/403/371 50/51/51 48/49/49 361/400/368
f 362/403/371 363/405/373 52/53/53 50/51/51
f 54/55/55 52/53/53 363/405/373 364/406/374
f 56/57/57 54/55/55 364/406/374 365/408/376
f 58/59/59 56/57/57 365/408/376 366/410/378
f 60/61/61 58/59/59 366/410/378 367/412/380
f 62/63/63 60/61/61 367/412/380 368/414/382
f 64/65/65 62/63/63 368/414/382 369/416/384
f 66/67/67 64/65/65 369/416/384 370/418/386
f 68/69/69 66/67/67 370/418/386 371/420/388
f 70/71/71 68/69/69 371/420/388 372/422/390
f 72/73/73 70/71/71 372/422/390 373/424/392
f 74/75/75 72/73/73 373/424/392 374/426/394
f 76/77/77 74/75/75 374/426/394 375/428/396
f 78/79/79 76/77/77 375/428/396 376/430/398
f 80/81/81 78/79/79 376/430/398 377/432/400
f 82/83/83 80/81/81 377/432/400 378/434/402
f 84/85/85 82/83/83 378/434/402 379/436/404
f 86/87/87 84/85/85 379/436/404 380/438/406
f 88/89/89 86/87/87 380/438/406 381/440/408
f 90/91/91 88/89/89 381/440/408 382/442/410
f 92/93/93 90/91/91 382/442/410 383/444/412
f 94/95/95 92/93/93 383/444/412 384/446/414
f 96/97/97 94/95/95 384/446/414 385/448/416
f 35/36/36 96/97/97 385/448/416 354/387/355
f 3/3/3 2/2/2 34/35/35 37/34/34
f 4/4/4 3/3/3 37/34/34 39/38/38
f 5/5/5 4/4/4 39/38/38 41/40/40
f 6/6/6 5/5/5 41/40/40 43/42/42
f 7/7/7 6/6/6 43/42/42 45/44/44
f 8/8/8 7/7/7 45/44/44 47/46/46
f 9/9/9 8/8/8 47/46/46 49/48/48
f 10/10/10 9/9/9 49/48/48 51/50/50
f 11/11/11 10/10/10 51/50/50 53/52/52
f 12/12/12 11/11/11 53/52/52 55/54/54
f 13/13/13 12/12/12 55/54/54 57/56/56
f 14/14/14 13/13/13 57/56/56 59/58/58
f 15/15/15 14/14/14 59/58/58 61/60/60
f 16/16/16 15/15/15 61/60/60 63/62/62
f 17/17/17 16/16/16 63/62/62 65/64/64
f 18/18/18 17/17/17 65/64/64 67/66/66
f 19/19/19 18/18/18 67/66/66 69/68/68
f 20/20/20 19/19/19 69/68/68 71/70/70
f 21/21/21 20/20/20 71/70/70 73/72/72
f 22/22/22 21/21/21 73/72/72 75/74/74
f 23/23/23 22/22/22 75/74/74 77/76/76
f 24/24/24 23/23/23 77/76/76 79/78/78
f 25/25/25 24/24/24 79/78/78 81/80/80
f 26/26/26 25/25/25 81/80/80 83/82/82
f 27/27/27 26/26/26 83/82/82 85/84/84
f 28/28/28 27/27/27 85/84/84 87/86/86
f 29/29/29 28/28/28 87/86/86 89/88/88
f 30/30/30 29/29/29 89/88/88 91/90/90
f 31/31/31 30/30/30 91/90/90 93/92/92
f 32/32/32 31/31/31 93/92/92 95/94/94
f 33/33/33 32/32/32 95/94/94 97/96/96
f 2/2/2 33/33/33 97/96/96 34/35/35
f 421/450/418 422/451/419 98/99/99 101/98/98
f 420/452/420 421/450/418 101/98/98 103/102/102
f 419/453/421 420/452/420 103/102/102 105/104/104
f 418/454/422 419/453/421 105/104/104 107/106/106
f 449/455/423 418/454/422 107/106/106 109/108/108
f 448/456/424 449/455/423 109/108/108 111/110/110
f 447/457/425 448/456/424 111/110/110 113/112/112
f 446/458/426 447/457/425 113/112/112 115/114/114
f 445/459/427 446/458/426 115/114/114 117/116/116
f 444/460/428 445/459/427 117/116/116 119/118/118
f 443/461/429 444/460/428 119/118/118 121/120/120
f 442/462/430 443/461/429 121/120/120 123/122/122
f 441/463/431 442/462/430 123/122/122 125/124/124
f 440/464/432 441/463/431 125/124/124 127/126/126
f 439/465/433 440/464/432 127/126/126 129/128/128
f 438/466/434 439/465/433 129/128/128 131/130/130
f 437/467/435 438/466/434 131/130/130 133/132/132
f 436/468/436 437/467/435 133/132/132 135/134/134
f 435/469/437 436/468/436 135/134/134 137/136/136
f 434/470/438 435/469/437 137/136/136 139/138/138
f 433/471/439 434/470/438 139/138/138 141/140/140
f 432/472/440 433/471/439 141/140/140 143/142/142
f 431/473/441 432/472/440 143/142/142 145/144/144
f 430/474/442 431/473/441 145/144/144 147/146/146
f 429/475/443 430/474/442 147/146/146 149/148/148
f 428/476/444 429/475/443 149/148/148 151/150/150
f 427/477/445 428/476/444 151/150/150 153/152/152
f 426/478/446 427/477/445 153/152/152 155/154/154
f 425/479/447 426/478/446 155/154/154 157/156/156
f 424/480/448 425/479/447 157/156/156 159/158/158
f 423/481/449 424/480/448 159/158/158 161/160/160
f 422/451/419 423/481/449 161/160/160 98/99/99
f 386/388/356 422/451/419 421/450/418 387/389/357
f 387/389/357 421/450/418 420/452/420 388/391/359
f 388/391/359 420/452/420 419/453/421 389/393/361
f 389/393/361 419/453/421 418/454/422 390/395/363
f 390/395/363 418/454/422 449/455/423 391/397/365
f 391/397/365 449/455/423 448/456/424 392/399/367
f 392/399/367 448/456/424 447/457/425 393/401/369
f 393/401/369 447/457/425 446/458/426 394/402/370
f 394/402/370 446/458/426 445/459/427 395/404/372
f 395/404/372 445/459/427 444/460/428 396/407/375
f 396/407/375 444/460/428 443/461/429 397/409/377
f 397/409/377 443/461/429 442/462/430 398/411/379
f 398/411/379 442/462/430 441/463/431 399/413/381
f 399/413/381 441/463/431 440/464/432 400/415/383
f 400/415/383 440/464/432 439/465/433 401/417/385
f 401/417/385 439/465/433 438/466/434 402/419/387
f 402/419/387 438/466/434 437/467/435 403/421/389
f 403/421/389 437/467/435 436/468/436 404/423/391
f 404/423/391 436/468/436 435/469/437 405/425/393
f 405/425/393 435/469/437 434/470/438 406/427/395
f 406/427/395 434/470/438 433/471/439 407/429/397
f 407/429/397 433/471/439 432/472/440 408/431/399
f 408/431/399 432/472/440 431/473/441 409/433/401
f 409/433/401 431/473/441 430/474/442 410/435/403
f 410/435/403 430/474/442 429/475/443 411/437/405
f 411/437/405 429/475/443 428/476/444 412/439/407
f 412/439/407 428/476/444 427/477/445 413/441/409
f 413/441/409 427/477/445 426/478/446 414/443/411
f 414/443/411 426/478/446 425/479/447 415/445/413
f 415/445/413 425/479/447 424/480/448 416/447/415
f 416/447/415 424/480/448 423/481/449 417/449/417
f 417/449/417 423/481/449 422/451/419 386/388/356
o Ch31_Eyelashes
v -0.048028 1.653302 0.079986
v -0.038326 1.658093 0.088005
v -0.054199 1.657011 0.083852
v -0.043853 1.662836 0.091826
v -0.041090 1.660464 0.089915
v -0.049082 1.660016 0.087895
v -0.051216 1.654730 0.081938
v -0.043577 1.656021 0.084116
v -0.046524 1.657067 0.086773
v -0.052713 1.655808 0.082898
v -0.048954 1.655704 0.084590
v -0.049685 1.653915 0.080956
v -0.045978 1.654729 0.082189
v -0.045086 1.656299 0.085635
v -0.041021 1.657168 0.085984
v -0.039708 1.659279 0.088960
v -0.046428 1.661445 0.089828
v -0.047860 1.658299 0.087526
v -0.043842 1.658624 0.088477
v -0.042471 1.661650 0.090870
v -0.051702 1.658511 0.085925
v -0.045158 1.659863 0.089288
v -0.050383 1.656915 0.085402
v -0.047513 1.654953 0.083521
v -0.042463 1.657731 0.087379
v -0.045225 1.655070 0.083197
v -0.033637 1.658165 0.087988
v -0.050528 1.662135 0.091260
v -0.038051 1.665180 0.096309
v -0.035288 1.661807 0.092420
v -0.044290 1.663658 0.093785
v -0.048105 1.658591 0.087407
v -0.039954 1.657481 0.086429
v -0.041997 1.659160 0.091001
v -0.049317 1.660363 0.089334
v -0.045095 1.658608 0.089390
v -0.046657 1.656833 0.085280
v -0.042757 1.656441 0.085188
v -0.040886 1.657996 0.088964
v -0.036943 1.657989 0.087385
v -0.034374 1.660037 0.090185
v -0.041170 1.664419 0.095047
v -0.043175 1.661049 0.092602
v -0.038682 1.660280 0.092160
v -0.036703 1.663453 0.094413
v -0.047409 1.662896 0.092523
v -0.039978 1.662046 0.093736
v -0.046270 1.660497 0.091154
v -0.043974 1.657267 0.087496
v -0.037660 1.658979 0.090063
v -0.041686 1.656872 0.086042
v -0.028091 1.657871 0.088079
v -0.043504 1.664127 0.095049
v -0.029799 1.665184 0.096838
v -0.028945 1.661527 0.092459
v -0.036651 1.664656 0.095944
v -0.043084 1.660445 0.090575
v -0.035074 1.658192 0.087412
v -0.035915 1.660199 0.092427
v -0.043213 1.662293 0.092835
v -0.039590 1.660181 0.091817
v -0.042585 1.658094 0.088584
v -0.038516 1.657817 0.087026
v -0.035579 1.658916 0.090146
v -0.031552 1.658118 0.087587
v -0.028518 1.659699 0.090269
v -0.033225 1.664920 0.096391
v -0.036250 1.662118 0.094372
v -0.032402 1.660638 0.092620
v -0.029372 1.663356 0.094649
v -0.040077 1.664391 0.095497
v -0.032818 1.662560 0.094665
v -0.039738 1.662041 0.093781
v -0.039226 1.658721 0.089599
v -0.031980 1.659155 0.090257
v -0.037290 1.658216 0.087931
v -0.023175 1.655871 0.086578
v -0.035325 1.665434 0.096842
v -0.021316 1.663032 0.095663
v -0.022467 1.659173 0.091406
v -0.028321 1.664233 0.096252
v -0.036306 1.661897 0.092391
v -0.030142 1.657979 0.087096
v -0.029396 1.659677 0.092754
v -0.035816 1.663665 0.094616
v -0.032875 1.660532 0.092810
v -0.036816 1.660088 0.090159
v -0.033693 1.658150 0.087532
v -0.029845 1.658433 0.090188
v -0.026606 1.657131 0.086616
v -0.022961 1.657294 0.089124
v -0.024818 1.663633 0.095957
v -0.028897 1.661606 0.094758
v -0.025978 1.659167 0.092223
v -0.021819 1.661241 0.093454
v -0.031823 1.664833 0.096547
v -0.025373 1.661220 0.094281
v -0.032378 1.662421 0.094870
v -0.033364 1.659134 0.090355
v -0.026465 1.657698 0.089618
v -0.032266 1.658159 0.087814
v -0.020353 1.653358 0.086156
v -0.029288 1.665079 0.095344
v -0.015939 1.661588 0.093436
v -0.018032 1.656151 0.090215
v -0.022648 1.663369 0.094408
v -0.031145 1.661643 0.091685
v -0.025384 1.656875 0.086778
v -0.024569 1.658570 0.091781
v -0.030195 1.663330 0.093517
v -0.027845 1.660062 0.092034
v -0.031840 1.659938 0.089776
v -0.028736 1.657754 0.087444
v -0.025175 1.657442 0.089560
v -0.022641 1.655614 0.086328
v -0.019491 1.654463 0.088237
v -0.019330 1.662472 0.093981
v -0.023639 1.660577 0.093396
v -0.021299 1.657373 0.091271
v -0.016678 1.658858 0.091842
v -0.025965 1.664231 0.094869
v -0.020220 1.659615 0.092942
v -0.026861 1.661936 0.093601
v -0.028483 1.658706 0.089966
v -0.022212 1.656181 0.088984
v -0.024398 1.656379 0.087057
v -0.018478 1.652140 0.087040
v -0.023134 1.659066 0.090110
v -0.016411 1.653618 0.089337
v -0.017643 1.652816 0.088351
v -0.019182 1.656352 0.089859
v -0.023971 1.657569 0.088602
v -0.020620 1.654712 0.087031
v -0.020322 1.654947 0.088981
v -0.023628 1.658304 0.089391
v -0.022000 1.656061 0.089041
v -0.024200 1.656920 0.087804
v -0.022196 1.655540 0.086714
v -0.020583 1.654676 0.088123
v -0.019540 1.653631 0.086996
v -0.018075 1.652476 0.087725
v -0.017797 1.655064 0.089589
v -0.019840 1.655509 0.089576
v -0.019123 1.653918 0.088756
v -0.017100 1.653190 0.088894
v -0.021033 1.657606 0.090116
v -0.018565 1.654394 0.089321
v -0.021618 1.656713 0.089716
v -0.022181 1.655666 0.087933
v -0.019436 1.653667 0.087963
v -0.021386 1.648836 0.087141
v -0.031869 1.648981 0.086773
v -0.020722 1.647057 0.089572
v -0.031955 1.647584 0.089431
v -0.031916 1.648380 0.088151
v -0.025782 1.647080 0.089482
v -0.021172 1.647961 0.088364
v -0.025925 1.649075 0.087349
v -0.025904 1.648337 0.088637
v -0.020969 1.647521 0.088976
v -0.023810 1.648199 0.088642
v -0.021316 1.648394 0.087749
v -0.023938 1.649074 0.087364
v -0.025930 1.648780 0.088039
v -0.028648 1.649058 0.087050
v -0.031893 1.648692 0.087467
v -0.028730 1.647445 0.089503
v -0.025852 1.647773 0.089124
v -0.028706 1.648513 0.088416
v -0.031937 1.648018 0.088811
v -0.023452 1.646993 0.089611
v -0.028722 1.648051 0.089005
v -0.023645 1.647614 0.089174
v -0.023910 1.648706 0.088032
v -0.028682 1.648843 0.087759
v -0.023803 1.649372 0.087040
v -0.036882 1.649324 0.085482
v -0.024017 1.645622 0.090669
v -0.037885 1.646629 0.089339
v -0.037519 1.648533 0.087658
v -0.030878 1.645573 0.089928
v -0.023848 1.647422 0.088818
v -0.030322 1.648878 0.087197
v -0.030727 1.648047 0.089409
v -0.023899 1.646537 0.089750
v -0.027215 1.647926 0.089451
v -0.023858 1.648407 0.087893
v -0.027117 1.649101 0.087342
v -0.030543 1.648681 0.088495
v -0.033628 1.648943 0.086600
v -0.037218 1.649032 0.086593
v -0.034455 1.646142 0.089913
v -0.030853 1.646996 0.089905
v -0.034204 1.648576 0.088853
v -0.037749 1.647731 0.088602
v -0.027436 1.645657 0.090411
v -0.034395 1.647611 0.089604
v -0.027323 1.646926 0.090084
v -0.027146 1.648651 0.088532
v -0.033937 1.649013 0.087820
v -0.028597 1.649053 0.087563
v -0.041494 1.649868 0.083977
v -0.029889 1.645361 0.091043
v -0.042701 1.646208 0.087184
v -0.042095 1.648082 0.085600
v -0.036295 1.645785 0.089113
v -0.029243 1.647207 0.089303
v -0.035090 1.649188 0.085860
v -0.035768 1.647980 0.087859
v -0.029566 1.646284 0.090173
v -0.032511 1.647648 0.088605
v -0.028920 1.648130 0.088433
v -0.031804 1.649053 0.086564
v -0.035458 1.648727 0.086995
v -0.038450 1.649517 0.085456
v -0.041809 1.648995 0.084849
v -0.039501 1.646001 0.088161
v -0.036040 1.646978 0.088531
v -0.039059 1.648270 0.087260
v -0.042383 1.647136 0.086333
v -0.033092 1.645573 0.090078
v -0.039283 1.647211 0.087738
v -0.032818 1.646694 0.089413
v -0.032173 1.648434 0.087656
v -0.038789 1.649057 0.086525
v -0.034263 1.649127 0.086249
v -0.044867 1.651189 0.081896
v -0.035670 1.645995 0.088191
v -0.046273 1.648057 0.083839
v -0.045570 1.649623 0.082867
v -0.040972 1.647026 0.086015
v -0.034966 1.647561 0.087220
v -0.039544 1.649871 0.083884
v -0.040417 1.648948 0.085576
v -0.035318 1.646778 0.087706
v -0.037729 1.648344 0.086531
v -0.034615 1.648344 0.086734
v -0.036898 1.649427 0.085019
v -0.040020 1.649535 0.084886
v -0.042200 1.650458 0.082843
v -0.045218 1.650406 0.082382
v -0.043623 1.647541 0.084927
v -0.040734 1.648112 0.085952
v -0.043031 1.649375 0.084354
v -0.045922 1.648840 0.083353
v -0.038321 1.646510 0.087103
v -0.043357 1.648552 0.084758
v -0.038055 1.647521 0.086934
v -0.037343 1.648979 0.085892
v -0.042645 1.650010 0.083716
v -0.038939 1.649377 0.085088
v -0.047370 1.651559 0.079420
v -0.040374 1.647515 0.086498
v -0.049656 1.650013 0.080520
v -0.048511 1.650863 0.080073
v -0.045168 1.648799 0.083196
v -0.039603 1.648516 0.086027
v -0.043856 1.650854 0.081876
v -0.044730 1.650289 0.083230
v -0.039989 1.648041 0.086324
v -0.042177 1.649633 0.085101
v -0.039247 1.648950 0.085603
v -0.041571 1.650106 0.083853
v -0.044347 1.650682 0.082721
v -0.045796 1.651439 0.080881
v -0.047921 1.651208 0.079781
v -0.047523 1.649487 0.081878
v -0.045009 1.649658 0.083394
v -0.046904 1.650951 0.081866
v -0.049101 1.650473 0.080315
v -0.042793 1.648185 0.084987
v -0.047276 1.650329 0.082012
v -0.042521 1.649020 0.085234
v -0.041846 1.649997 0.084641
v -0.046403 1.651320 0.081490
v 0.048227 1.653302 0.079986
v 0.038525 1.658093 0.088005
v 0.054397 1.657011 0.083852
v 0.044052 1.662836 0.091826
v 0.041289 1.660464 0.089915
v 0.049281 1.660016 0.087895
v 0.051415 1.654730 0.081938
v 0.043775 1.656021 0.084116
v 0.046723 1.657067 0.086773
v 0.052912 1.655808 0.082898
v 0.049153 1.655704 0.084590
v 0.049883 1.653915 0.080956
v 0.046177 1.654729 0.082189
v 0.045285 1.656299 0.085635
v 0.041220 1.657168 0.085984
v 0.039907 1.659279 0.088960
v 0.046627 1.661445 0.089828
v 0.048059 1.658299 0.087526
v 0.044041 1.658624 0.088477
v 0.042670 1.661650 0.090870
v 0.051901 1.658511 0.085925
v 0.045357 1.659863 0.089288
v 0.050582 1.656915 0.085402
v 0.047711 1.654953 0.083521
v 0.042662 1.657731 0.087379
v 0.045424 1.655070 0.083197
v 0.033835 1.658165 0.087988
v 0.050727 1.662135 0.091260
v 0.038250 1.665180 0.096309
v 0.035487 1.661807 0.092420
v 0.044489 1.663658 0.093785
v 0.048304 1.658591 0.087407
v 0.040153 1.657481 0.086429
v 0.042196 1.659160 0.091001
v 0.049515 1.660363 0.089334
v 0.045294 1.658608 0.089390
v 0.046856 1.656833 0.085280
v 0.042956 1.656441 0.085188
v 0.041085 1.657996 0.088964
v 0.037142 1.657989 0.087385
v 0.034573 1.660037 0.090185
v 0.041369 1.664419 0.095047
v 0.043374 1.661049 0.092602
v 0.038881 1.660280 0.092160
v 0.036902 1.663453 0.094413
v 0.047608 1.662896 0.092523
v 0.040177 1.662046 0.093736
v 0.046469 1.660497 0.091154
v 0.044173 1.657267 0.087496
v 0.037859 1.658979 0.090063
v 0.041885 1.656872 0.086042
v 0.028290 1.657871 0.088079
v 0.043703 1.664127 0.095049
v 0.029997 1.665184 0.096838
v 0.029144 1.661527 0.092459
v 0.036850 1.664656 0.095944
v 0.043283 1.660445 0.090575
v 0.035273 1.658192 0.087412
v 0.036114 1.660199 0.092427
v 0.043412 1.662293 0.092835
v 0.039788 1.660181 0.091817
v 0.042784 1.658094 0.088584
v 0.038715 1.657817 0.087026
v 0.035778 1.658916 0.090146
v 0.031751 1.658118 0.087587
v 0.028717 1.659699 0.090269
v 0.033424 1.664920 0.096391
v 0.036449 1.662118 0.094372
v 0.032601 1.660638 0.092620
v 0.029571 1.663356 0.094649
v 0.040276 1.664391 0.095497
v 0.033016 1.662560 0.094665
v 0.039937 1.662041 0.093781
v 0.039425 1.658721 0.089599
v 0.032179 1.659155 0.090257
v 0.037489 1.658216 0.087931
v 0.023374 1.655871 0.086578
v 0.035524 1.665434 0.096842
v 0.021515 1.663032 0.095663
v 0.022666 1.659173 0.091406
v 0.028520 1.664233 0.096252
v 0.036505 1.661897 0.092391
v 0.030341 1.657979 0.087096
v 0.029595 1.659677 0.092754
v 0.036015 1.663665 0.094616
v 0.033074 1.660532 0.092810
v 0.037015 1.660088 0.090159
v 0.033892 1.658150 0.087532
v 0.030044 1.658433 0.090188
v 0.026805 1.657131 0.086616
v 0.023160 1.657294 0.089124
v 0.025017 1.663633 0.095957
v 0.029096 1.661606 0.094758
v 0.026177 1.659167 0.092223
v 0.022018 1.661241 0.093454
v 0.032022 1.664833 0.096547
v 0.025572 1.661220 0.094281
v 0.032577 1.662421 0.094870
v 0.033563 1.659134 0.090355
v 0.026663 1.657698 0.089618
v 0.032465 1.658159 0.087814
v 0.020552 1.653358 0.086156
v 0.029487 1.665079 0.095344
v 0.016138 1.661588 0.093436
v 0.018231 1.656151 0.090215
v 0.022847 1.663369 0.094408
v 0.031344 1.661643 0.091685
v 0.025583 1.656875 0.086778
v 0.024768 1.658570 0.091781
v 0.030394 1.663330 0.093517
v 0.028044 1.660062 0.092034
v 0.032039 1.659938 0.089776
v 0.028935 1.657754 0.087444
v 0.025374 1.657442 0.089560
v 0.022840 1.655614 0.086328
v 0.019690 1.654463 0.088237
v 0.019529 1.662472 0.093981
v 0.023838 1.660577 0.093396
v 0.021498 1.657373 0.091271
v 0.016877 1.658858 0.091842
v 0.026164 1.664231 0.094869
v 0.020419 1.659615 0.092942
v 0.027060 1.661936 0.093601
v 0.028682 1.658706 0.089966
v 0.022411 1.656181 0.088984
v 0.024597 1.656379 0.087057
v 0.018677 1.652140 0.087040
v 0.023333 1.659066 0.090110
v 0.016610 1.653618 0.089337
v 0.017842 1.652816 0.088351
v 0.019381 1.656352 0.089859
v 0.024170 1.657569 0.088602
v 0.020819 1.654712 0.087031
v 0.020521 1.654947 0.088981
v 0.023827 1.658304 0.089391
v 0.022199 1.656061 0.089041
v 0.024399 1.656920 0.087804
v 0.022395 1.655540 0.086714
v 0.020782 1.654676 0.088123
v 0.019739 1.653631 0.086996
v 0.018274 1.652476 0.087725
v 0.017996 1.655064 0.089589
v 0.020039 1.655509 0.089576
v 0.019322 1.653918 0.088756
v 0.017299 1.653190 0.088894
v 0.021232 1.657606 0.090116
v 0.018764 1.654394 0.089321
v 0.021817 1.656713 0.089716
v 0.022380 1.655666 0.087933
v 0.019635 1.653667 0.087963
v 0.021585 1.648836 0.087141
v 0.032068 1.648981 0.086773
v 0.020921 1.647057 0.089572
v 0.032154 1.647584 0.089431
v 0.032115 1.648380 0.088151
v 0.025981 1.647080 0.089482
v 0.021371 1.647961 0.088364
v 0.026124 1.649075 0.087349
v 0.026103 1.648337 0.088637
v 0.021168 1.647521 0.088976
v 0.024009 1.648199 0.088642
v 0.021515 1.648394 0.087749
v 0.024137 1.649074 0.087364
v 0.026129 1.648780 0.088039
v 0.028847 1.649058 0.087050
v 0.032092 1.648692 0.087467
v 0.028929 1.647445 0.089503
v 0.026051 1.647773 0.089124
v 0.028905 1.648513 0.088416
v 0.032136 1.648018 0.088811
v 0.023651 1.646993 0.089611
v 0.028921 1.648051 0.089005
v 0.023844 1.647614 0.089174
v 0.024109 1.648706 0.088032
v 0.028881 1.648843 0.087759
v 0.024002 1.649372 0.087040
v 0.037080 1.649324 0.085482
v 0.024216 1.645622 0.090669
v 0.038084 1.646629 0.089339
v 0.037718 1.648533 0.087658
v 0.031077 1.645573 0.089928
v 0.024047 1.647422 0.088818
v 0.030521 1.648878 0.087197
v 0.030926 1.648047 0.089409
v 0.024098 1.646537 0.089750
v 0.027414 1.647926 0.089451
v 0.024057 1.648407 0.087893
v 0.027316 1.649101 0.087342
v 0.030742 1.648681 0.088495
v 0.033827 1.648943 0.086600
v 0.037417 1.649032 0.086593
v 0.034654 1.646142 0.089913
v 0.031051 1.646996 0.089905
v 0.034403 1.648576 0.088853
v 0.037948 1.647731 0.088602
v 0.027635 1.645657 0.090411
v 0.034594 1.647611 0.089604
v 0.027522 1.646926 0.090084
v 0.027344 1.648651 0.088532
v 0.034136 1.649013 0.087820
v 0.028796 1.649053 0.087563
v 0.041693 1.649868 0.083977
v 0.030088 1.645361 0.091043
v 0.042900 1.646208 0.087184
v 0.042294 1.648082 0.085600
v 0.036494 1.645785 0.089113
v 0.029442 1.647207 0.089303
v 0.035289 1.649188 0.085860
v 0.035967 1.647980 0.087859
v 0.029765 1.646284 0.090173
v 0.032710 1.647648 0.088605
v 0.029119 1.648130 0.088433
v 0.032003 1.649053 0.086564
v 0.035657 1.648727 0.086995
v 0.038649 1.649517 0.085456
v 0.042008 1.648995 0.084849
v 0.039700 1.646001 0.088161
v 0.036239 1.646978 0.088531
v 0.039258 1.648270 0.087260
v 0.042582 1.647136 0.086333
v 0.033291 1.645573 0.090078
v 0.039481 1.647211 0.087738
v 0.033017 1.646694 0.089413
v 0.032372 1.648434 0.087656
v 0.038988 1.649057 0.086525
v 0.034462 1.649127 0.086249
v 0.045066 1.651189 0.081896
v 0.035869 1.645995 0.088191
v 0.046472 1.648057 0.083839
v 0.045769 1.649623 0.082867
v 0.041170 1.647026 0.086015
v 0.035165 1.647561 0.087220
v 0.039743 1.649871 0.083884
v 0.040616 1.648948 0.085576
v 0.035517 1.646778 0.087706
v 0.037928 1.648344 0.086531
v 0.034813 1.648344 0.086734
v 0.037097 1.649427 0.085019
v 0.040219 1.649535 0.084886
v 0.042399 1.650458 0.082843
v 0.045417 1.650406 0.082382
v 0.043821 1.647541 0.084927
v 0.040933 1.648112 0.085952
v 0.043230 1.649375 0.084354
v 0.046121 1.648840 0.083353
v 0.038520 1.646510 0.087103
v 0.043556 1.648552 0.084758
v 0.038254 1.647521 0.086934
v 0.037542 1.648979 0.085892
v 0.042844 1.650010 0.083716
v 0.039138 1.649377 0.085088
v 0.047569 1.651559 0.079420
v 0.040573 1.647515 0.086498
v 0.049855 1.650013 0.080520
v 0.048710 1.650863 0.080073
v 0.045367 1.648799 0.083196
v 0.039802 1.648516 0.086027
v 0.044055 1.650854 0.081876
v 0.044929 1.650289 0.083230
v 0.040188 1.648041 0.086324
v 0.042376 1.649633 0.085101
v 0.039446 1.648950 0.085603
v 0.041770 1.650106 0.083853
v 0.044546 1.650682 0.082721
v 0.045995 1.651439 0.080881
v 0.048120 1.651208 0.079781
v 0.047722 1.649487 0.081878
v 0.045208 1.649658 0.083394
v 0.047103 1.650951 0.081866
v 0.049300 1.650473 0.080315
v 0.042992 1.648185 0.084987
v 0.047475 1.650329 0.082012
v 0.042720 1.649020 0.085234
v 0.042045 1.649997 0.084641
v 0.046602 1.651320 0.081490
vn -0.1760 -0.5933 0.7855
vn -0.2514 -0.5480 0.7978
vn -0.3418 -0.5051 0.7925
vn -0.2695 -0.5918 0.7597
vn -0.1741 -0.5915 0.7873
vn -0.1106 -0.7430 0.6601
vn -0.0397 -0.6897 0.7230
vn -0.1048 -0.6096 0.7858
vn -0.0082 -0.6551 0.7555
vn -0.3268 -0.5888 0.7393
vn -0.2977 -0.6583 0.6914
vn -0.2894 -0.6602 0.6931
vn -0.2899 -0.7097 0.6421
vn -0.2446 -0.7828 0.5721
vn -0.1965 -0.7744 0.6014
vn -0.0346 -0.8417 0.5389
vn 0.0571 -0.8522 0.5201
vn -0.1078 -0.8112 0.5747
vn -0.0199 -0.8081 0.5887
vn 0.0647 -0.8546 0.5153
vn 0.1388 -0.8875 0.4395
vn 0.0408 -0.8009 0.5974
vn -0.0018 -0.7540 0.6569
vn 0.0619 -0.8560 0.5133
vn -0.0200 -0.8081 0.5887
vn -0.0276 -0.6291 0.7768
vn -0.1028 -0.5704 0.8149
vn -0.0215 -0.6217 0.7830
vn 0.0622 -0.6433 0.7631
vn -0.2096 -0.5170 0.8299
vn -0.1618 -0.6156 0.7713
vn -0.0560 -0.7876 0.6136
vn 0.0879 -0.7334 0.6741
vn 0.1563 -0.6937 0.7031
vn -0.2461 -0.6055 0.7569
vn -0.2562 -0.6790 0.6880
vn -0.2453 -0.6822 0.6887
vn -0.2876 -0.7287 0.6215
vn -0.2875 -0.8020 0.5236
vn -0.2091 -0.8058 0.5540
vn -0.0524 -0.8912 0.4505
vn 0.0546 -0.9090 0.4132
vn -0.1197 -0.8540 0.5064
vn 0.0042 -0.8607 0.5091
vn 0.0613 -0.9117 0.4062
vn 0.1075 -0.9462 0.3051
vn 0.0909 -0.8563 0.5085
vn 0.0819 -0.8048 0.5878
vn 0.0562 -0.9130 0.4041
vn 0.0040 -0.8608 0.5089
vn 0.0581 -0.6756 0.7350
vn 0.0129 -0.6203 0.7842
vn 0.0653 -0.6705 0.7390
vn 0.1259 -0.6978 0.7052
vn -0.0638 -0.5646 0.8229
vn -0.0491 -0.6487 0.7595
vn -0.0176 -0.7958 0.6053
vn 0.1169 -0.7714 0.6255
vn 0.1834 -0.7493 0.6363
vn -0.1189 -0.6305 0.7671
vn -0.1499 -0.6871 0.7109
vn -0.1412 -0.6909 0.7090
vn -0.1950 -0.7225 0.6633
vn -0.2247 -0.7807 0.5832
vn -0.1550 -0.7923 0.5901
vn -0.0612 -0.8793 0.4724
vn 0.0152 -0.9077 0.4193
vn -0.0989 -0.8409 0.5320
vn 0.0003 -0.8613 0.5080
vn 0.0189 -0.9109 0.4122
vn 0.0315 -0.9475 0.3181
vn 0.0705 -0.8691 0.4895
vn 0.0856 -0.8267 0.5561
vn 0.0141 -0.9113 0.4115
vn -0.0000 -0.8614 0.5079
vn 0.0620 -0.6892 0.7219
vn 0.0397 -0.6140 0.7883
vn 0.0722 -0.6854 0.7246
vn 0.1228 -0.7320 0.6701
vn -0.0193 -0.5293 0.8482
vn -0.0425 -0.6289 0.7764
vn -0.0878 -0.8020 0.5908
vn 0.0727 -0.8113 0.5801
vn 0.1544 -0.8032 0.5753
vn -0.1119 -0.5880 0.8011
vn -0.1762 -0.6428 0.7455
vn -0.1683 -0.6497 0.7413
vn -0.2474 -0.6685 0.7013
vn -0.3158 -0.7227 0.6148
vn -0.2417 -0.7574 0.6066
vn -0.1911 -0.8751 0.4446
vn -0.1276 -0.9229 0.3634
vn -0.2079 -0.8257 0.5244
vn -0.1102 -0.8751 0.4713
vn -0.1262 -0.9266 0.3542
vn -0.1440 -0.9592 0.2433
vn -0.0396 -0.9011 0.4318
vn 0.0052 -0.8623 0.5064
vn -0.1317 -0.9257 0.3546
vn -0.1105 -0.8751 0.4712
vn 0.0587 -0.6278 0.7762
vn 0.0491 -0.5530 0.8317
vn 0.0682 -0.6249 0.7777
vn 0.1059 -0.6752 0.7300
vn 0.0071 -0.4679 0.8838
vn -0.0253 -0.5624 0.8265
vn -0.0899 -0.7313 0.6761
vn 0.0498 -0.7511 0.6583
vn 0.1223 -0.7507 0.6493
vn -0.0821 -0.5196 0.8505
vn -0.1462 -0.5701 0.8084
vn -0.1400 -0.5771 0.8046
vn -0.2142 -0.5935 0.7758
vn -0.2848 -0.6468 0.7075
vn -0.2215 -0.6818 0.6971
vn -0.1970 -0.8059 0.5583
vn -0.1504 -0.8614 0.4852
vn -0.2022 -0.7526 0.6266
vn -0.1234 -0.8075 0.5769
vn -0.1502 -0.8659 0.4771
vn -0.1773 -0.9078 0.3801
vn -0.0659 -0.8394 0.5395
vn -0.0183 -0.7995 0.6003
vn -0.1549 -0.8647 0.4778
vn -0.1236 -0.8074 0.5769
vn -0.0818 -0.2517 0.9643
vn -0.0290 -0.1358 0.9903
vn -0.0720 -0.2483 0.9660
vn -0.0864 -0.3370 0.9375
vn 0.0017 -0.0125 0.9999
vn -0.0946 -0.1427 0.9852
vn -0.2928 -0.4093 0.8641
vn -0.1983 -0.4564 0.8674
vn -0.1430 -0.4709 0.8705
vn -0.1071 -0.0779 0.9912
vn -0.2024 -0.1519 0.9674
vn -0.2027 -0.1622 0.9657
vn -0.2834 -0.1914 0.9397
vn -0.3956 -0.2841 0.8733
vn -0.3657 -0.3328 0.8692
vn -0.4469 -0.5337 0.7180
vn -0.4527 -0.6223 0.6386
vn -0.4079 -0.4468 0.7962
vn -0.3871 -0.5353 0.7507
vn -0.4560 -0.6295 0.6291
vn -0.5071 -0.6940 0.5111
vn -0.3686 -0.5916 0.7171
vn -0.2959 -0.5297 0.7949
vn -0.4588 -0.6275 0.6291
vn -0.3873 -0.5352 0.7507
vn -0.0715 0.5696 0.8188
vn -0.0661 0.5209 0.8511
vn -0.0732 0.5664 0.8209
vn -0.0832 0.5965 0.7983
vn -0.0538 0.4710 0.8805
vn -0.0521 0.5387 0.8409
vn -0.0476 0.6628 0.7473
vn -0.0757 0.6567 0.7504
vn -0.0904 0.6496 0.7549
vn -0.0390 0.5209 0.8527
vn -0.0291 0.5666 0.8235
vn -0.0307 0.5698 0.8212
vn -0.0171 0.5970 0.8020
vn -0.0057 0.6503 0.7597
vn -0.0199 0.6571 0.7536
vn -0.0303 0.7396 0.6723
vn -0.0418 0.7738 0.6321
vn -0.0269 0.7014 0.7122
vn -0.0446 0.7246 0.6877
vn -0.0421 0.7777 0.6272
vn -0.0384 0.8237 0.5657
vn -0.0574 0.7395 0.6707
vn -0.0647 0.7012 0.7100
vn -0.0411 0.7778 0.6272
vn -0.0446 0.7246 0.6878
vn -0.2539 0.4301 0.8663
vn -0.2392 0.3177 0.9175
vn -0.2596 0.4225 0.8684
vn -0.2883 0.4923 0.8213
vn -0.2017 0.2087 0.9570
vn -0.1940 0.3591 0.9129
vn -0.1613 0.6492 0.7433
vn -0.2539 0.6326 0.7317
vn -0.3021 0.6134 0.7297
vn -0.1536 0.3185 0.9354
vn -0.1171 0.4238 0.8982
vn -0.1217 0.4314 0.8939
vn -0.0732 0.4944 0.8662
vn -0.0262 0.6159 0.7874
vn -0.0714 0.6342 0.7699
vn -0.0850 0.8061 0.5857
vn -0.1107 0.8639 0.4913
vn -0.0843 0.7313 0.6768
vn -0.1353 0.7786 0.6128
vn -0.1101 0.8699 0.4808
vn -0.0833 0.9303 0.3572
vn -0.1709 0.8053 0.5678
vn -0.2066 0.7302 0.6513
vn -0.1071 0.8699 0.4815
vn -0.1351 0.7785 0.6129
vn -0.2280 0.6264 0.7454
vn -0.2302 0.5678 0.7903
vn -0.2323 0.6227 0.7472
vn -0.2434 0.6592 0.7115
vn -0.2178 0.5065 0.8343
vn -0.1975 0.5873 0.7849
vn -0.1514 0.7325 0.6637
vn -0.2096 0.7284 0.6523
vn -0.2411 0.7210 0.6497
vn -0.1760 0.5642 0.8067
vn -0.1438 0.6169 0.7738
vn -0.1460 0.6210 0.7701
vn -0.1105 0.6505 0.7514
vn -0.0711 0.7096 0.7010
vn -0.0976 0.7210 0.6861
vn -0.0890 0.8148 0.5729
vn -0.0984 0.8523 0.5138
vn -0.0965 0.7725 0.6276
vn -0.1235 0.8010 0.5858
vn -0.0973 0.8563 0.5073
vn -0.0698 0.9003 0.4296
vn -0.1432 0.8184 0.5565
vn -0.1723 0.7775 0.6049
vn -0.0953 0.8561 0.5079
vn -0.1235 0.8009 0.5860
vn -0.3369 0.4230 0.8412
vn -0.3522 0.3033 0.8854
vn -0.3442 0.4161 0.8417
vn -0.3505 0.4948 0.7952
vn -0.3424 0.1842 0.9213
vn -0.3005 0.3375 0.8921
vn -0.1841 0.6358 0.7496
vn -0.2746 0.6360 0.7212
vn -0.3242 0.6254 0.7098
vn -0.2730 0.2879 0.9179
vn -0.2122 0.3904 0.8959
vn -0.2144 0.3992 0.8915
vn -0.1510 0.4562 0.8770
vn -0.0681 0.5757 0.8148
vn -0.1052 0.6032 0.7906
vn -0.0510 0.7876 0.6140
vn -0.0467 0.8539 0.5183
vn -0.0817 0.7082 0.7013
vn -0.1098 0.7678 0.6312
vn -0.0431 0.8600 0.5085
vn 0.0175 0.9194 0.3930
vn -0.1303 0.8031 0.5814
vn -0.1951 0.7303 0.6547
vn -0.0403 0.8595 0.5095
vn -0.1097 0.7678 0.6312
vn 0.4824 -0.3214 -0.8148
vn 0.4819 -0.4168 -0.7707
vn 0.4904 -0.3124 -0.8136
vn 0.5109 -0.1684 -0.8430
vn 0.4605 -0.2113 -0.8622
vn 0.5090 -0.0249 -0.8604
vn 0.3725 -0.6046 -0.7040
vn 0.2852 -0.6042 -0.7441
vn 0.4229 -0.5914 -0.6866
vn 0.3703 -0.2804 -0.8856
vn 0.4403 -0.1496 -0.8853
vn 0.2988 -0.3680 -0.8805
vn 0.3710 -0.2917 -0.8816
vn 0.2165 -0.5632 -0.7975
vn 0.1868 -0.5287 -0.8280
vn 0.0631 -0.8688 -0.4910
vn 0.0969 -0.7946 -0.5993
vn 0.1585 -0.6984 -0.6979
vn 0.0566 -0.8753 -0.4803
vn 0.1634 -0.7713 -0.6152
vn -0.0325 -0.9325 -0.3598
vn 0.2618 -0.7258 -0.6362
vn 0.1679 -0.8135 -0.5567
vn 0.0541 -0.8748 -0.4815
vn 0.1633 -0.7716 -0.6148
vn 0.1748 -0.5982 0.7821
vn 0.1047 -0.6096 0.7858
vn 0.1741 -0.5914 0.7873
vn 0.2513 -0.5480 0.7978
vn 0.2695 -0.5918 0.7597
vn 0.3418 -0.5051 0.7925
vn 0.0395 -0.6899 0.7228
vn 0.1106 -0.7430 0.6601
vn 0.0082 -0.6551 0.7555
vn 0.2977 -0.6583 0.6914
vn 0.3268 -0.5888 0.7393
vn 0.2899 -0.7097 0.6421
vn 0.2894 -0.6602 0.6931
vn 0.1964 -0.7744 0.6014
vn 0.2446 -0.7828 0.5722
vn -0.0571 -0.8522 0.5201
vn 0.0346 -0.8417 0.5388
vn 0.1078 -0.8113 0.5746
vn -0.0647 -0.8546 0.5153
vn 0.0198 -0.8082 0.5886
vn -0.1387 -0.8875 0.4395
vn 0.0018 -0.7540 0.6569
vn -0.0408 -0.8009 0.5974
vn -0.0619 -0.8560 0.5133
vn 0.0200 -0.8081 0.5887
vn 0.0276 -0.6291 0.7768
vn -0.0622 -0.6433 0.7631
vn 0.0215 -0.6217 0.7830
vn 0.1028 -0.5704 0.8149
vn 0.1618 -0.6156 0.7713
vn 0.2096 -0.5170 0.8299
vn -0.0879 -0.7333 0.6742
vn 0.0560 -0.7876 0.6136
vn -0.1563 -0.6937 0.7031
vn 0.2562 -0.6790 0.6880
vn 0.2461 -0.6055 0.7568
vn 0.2876 -0.7286 0.6216
vn 0.2453 -0.6822 0.6887
vn 0.2091 -0.8058 0.5540
vn 0.2875 -0.8020 0.5236
vn -0.0547 -0.9090 0.4133
vn 0.0524 -0.8912 0.4505
vn 0.1197 -0.8540 0.5063
vn -0.0613 -0.9117 0.4062
vn -0.0042 -0.8607 0.5091
vn -0.1075 -0.9462 0.3051
vn -0.0819 -0.8048 0.5878
vn -0.0909 -0.8563 0.5085
vn -0.0563 -0.9131 0.4038
vn -0.0040 -0.8608 0.5090
vn -0.0581 -0.6756 0.7350
vn -0.1259 -0.6978 0.7052
vn -0.0653 -0.6705 0.7390
vn -0.0129 -0.6203 0.7842
vn 0.0491 -0.6487 0.7594
vn 0.0639 -0.5646 0.8229
vn -0.1169 -0.7714 0.6256
vn 0.0176 -0.7958 0.6053
vn -0.1835 -0.7491 0.6365
vn 0.1499 -0.6871 0.7109
vn 0.1189 -0.6304 0.7671
vn 0.1950 -0.7225 0.6633
vn 0.1413 -0.6909 0.7090
vn 0.1550 -0.7923 0.5901
vn 0.2247 -0.7807 0.5832
vn -0.0152 -0.9077 0.4193
vn 0.0612 -0.8793 0.4724
vn 0.0989 -0.8409 0.5320
vn -0.0189 -0.9109 0.4121
vn -0.0003 -0.8613 0.5080
vn -0.0315 -0.9475 0.3181
vn -0.0857 -0.8266 0.5562
vn -0.0705 -0.8691 0.4896
vn -0.0141 -0.9113 0.4115
vn -0.0620 -0.6892 0.7219
vn -0.1228 -0.7320 0.6701
vn -0.0722 -0.6854 0.7246
vn -0.0396 -0.6140 0.7883
vn 0.0425 -0.6289 0.7764
vn 0.0193 -0.5293 0.8482
vn -0.0727 -0.8113 0.5801
vn 0.0878 -0.8020 0.5908
vn -0.1544 -0.8032 0.5753
vn 0.1761 -0.6428 0.7455
vn 0.1120 -0.5880 0.8010
vn 0.2477 -0.6686 0.7012
vn 0.1683 -0.6497 0.7413
vn 0.2417 -0.7574 0.6066
vn 0.3158 -0.7227 0.6148
vn 0.1276 -0.9229 0.3634
vn 0.1911 -0.8751 0.4446
vn 0.2079 -0.8257 0.5243
vn 0.1262 -0.9266 0.3542
vn 0.1102 -0.8751 0.4712
vn 0.1440 -0.9592 0.2433
vn -0.0052 -0.8623 0.5064
vn 0.0396 -0.9011 0.4318
vn 0.1317 -0.9257 0.3546
vn 0.1105 -0.8751 0.4712
vn -0.0587 -0.6278 0.7762
vn -0.1059 -0.6752 0.7300
vn -0.0682 -0.6249 0.7777
vn -0.0491 -0.5530 0.8317
vn 0.0252 -0.5624 0.8265
vn -0.0071 -0.4679 0.8838
vn -0.0498 -0.7511 0.6583
vn 0.0899 -0.7313 0.6761
vn -0.1223 -0.7507 0.6493
vn 0.1462 -0.5701 0.8084
vn 0.0821 -0.5196 0.8505
vn 0.2142 -0.5935 0.7758
vn 0.1400 -0.5771 0.8046
vn 0.2215 -0.6818 0.6971
vn 0.2848 -0.6468 0.7075
vn 0.1504 -0.8614 0.4852
vn 0.1970 -0.8059 0.5583
vn 0.2022 -0.7526 0.6266
vn 0.1501 -0.8659 0.4772
vn 0.1234 -0.8075 0.5769
vn 0.1773 -0.9078 0.3802
vn 0.0183 -0.7995 0.6003
vn 0.0659 -0.8394 0.5395
vn 0.1549 -0.8647 0.4778
vn 0.1237 -0.8074 0.5769
vn 0.0818 -0.2517 0.9643
vn 0.0864 -0.3370 0.9375
vn 0.0719 -0.2483 0.9660
vn 0.0290 -0.1358 0.9903
vn 0.0946 -0.1427 0.9852
vn -0.0018 -0.0125 0.9999
vn 0.1983 -0.4564 0.8674
vn 0.2928 -0.4092 0.8642
vn 0.1429 -0.4708 0.8706
vn 0.2024 -0.1519 0.9674
vn 0.1071 -0.0779 0.9912
vn 0.2834 -0.1915 0.9397
vn 0.2028 -0.1623 0.9657
vn 0.3656 -0.3329 0.8692
vn 0.3957 -0.2842 0.8733
vn 0.4527 -0.6223 0.6386
vn 0.4470 -0.5337 0.7179
vn 0.4080 -0.4469 0.7962
vn 0.4560 -0.6295 0.6291
vn 0.3871 -0.5353 0.7508
vn 0.5071 -0.6940 0.5110
vn 0.2959 -0.5297 0.7949
vn 0.3686 -0.5916 0.7171
vn 0.4588 -0.6275 0.6291
vn 0.3873 -0.5352 0.7507
vn 0.0715 0.5696 0.8188
vn 0.0832 0.5965 0.7983
vn 0.0732 0.5663 0.8209
vn 0.0661 0.5208 0.8511
vn 0.0520 0.5387 0.8409
vn 0.0538 0.4710 0.8805
vn 0.0757 0.6566 0.7504
vn 0.0476 0.6629 0.7472
vn 0.0904 0.6496 0.7549
vn 0.0291 0.5667 0.8234
vn 0.0390 0.5210 0.8527
vn 0.0171 0.5971 0.8020
vn 0.0307 0.5698 0.8212
vn 0.0199 0.6571 0.7536
vn 0.0057 0.6503 0.7597
vn 0.0418 0.7738 0.6321
vn 0.0303 0.7396 0.6723
vn 0.0269 0.7014 0.7123
vn 0.0421 0.7777 0.6273
vn 0.0447 0.7246 0.6877
vn 0.0384 0.8237 0.5657
vn 0.0648 0.7012 0.7100
vn 0.0539 0.7396 0.6709
vn 0.0411 0.7777 0.6272
vn 0.2539 0.4301 0.8663
vn 0.2883 0.4923 0.8213
vn 0.2596 0.4225 0.8684
vn 0.2392 0.3177 0.9175
vn 0.1940 0.3591 0.9129
vn 0.2017 0.2086 0.9570
vn 0.2539 0.6325 0.7317
vn 0.1613 0.6492 0.7433
vn 0.3021 0.6134 0.7297
vn 0.1171 0.4238 0.8982
vn 0.1536 0.3185 0.9354
vn 0.0732 0.4943 0.8662
vn 0.1217 0.4314 0.8939
vn 0.0715 0.6342 0.7698
vn 0.0262 0.6159 0.7874
vn 0.1106 0.8639 0.4914
vn 0.0850 0.8061 0.5857
vn 0.0843 0.7313 0.6768
vn 0.1101 0.8699 0.4808
vn 0.1353 0.7786 0.6128
vn 0.0833 0.9303 0.3572
vn 0.2066 0.7302 0.6513
vn 0.1708 0.8052 0.5678
vn 0.1071 0.8699 0.4815
vn 0.1352 0.7785 0.6129
vn 0.2280 0.6264 0.7454
vn 0.2434 0.6592 0.7115
vn 0.2323 0.6227 0.7472
vn 0.2302 0.5678 0.7903
vn 0.1975 0.5873 0.7849
vn 0.2177 0.5065 0.8343
vn 0.2097 0.7283 0.6524
vn 0.1514 0.7325 0.6637
vn 0.2411 0.7210 0.6497
vn 0.1438 0.6168 0.7738
vn 0.1759 0.5641 0.8067
vn 0.1105 0.6505 0.7514
vn 0.1459 0.6210 0.7701
vn 0.0976 0.7210 0.6861
vn 0.0711 0.7096 0.7010
vn 0.0984 0.8523 0.5138
vn 0.0890 0.8148 0.5728
vn 0.0964 0.7725 0.6277
vn 0.0972 0.8563 0.5073
vn 0.1235 0.8010 0.5858
vn 0.0699 0.9003 0.4296
vn 0.1723 0.7775 0.6048
vn 0.1432 0.8184 0.5565
vn 0.0953 0.8561 0.5079
vn 0.1235 0.8009 0.5859
vn 0.3369 0.4230 0.8412
vn 0.3505 0.4950 0.7951
vn 0.3442 0.4161 0.8417
vn 0.3522 0.3033 0.8854
vn 0.3006 0.3375 0.8921
vn 0.3424 0.1842 0.9213
vn 0.2746 0.6360 0.7212
vn 0.1841 0.6358 0.7496
vn 0.3241 0.6256 0.7097
vn 0.2122 0.3904 0.8959
vn 0.2730 0.2879 0.9179
vn 0.1510 0.4562 0.8770
vn 0.2144 0.3992 0.8915
vn 0.1051 0.6031 0.7907
vn 0.0681 0.5757 0.8148
vn 0.0467 0.8539 0.5183
vn 0.0510 0.7876 0.6141
vn 0.0817 0.7082 0.7013
vn 0.0431 0.8600 0.5085
vn 0.1098 0.7678 0.6312
vn -0.0175 0.9194 0.3929
vn 0.1951 0.7303 0.6547
vn 0.1304 0.8031 0.5814
vn 0.0403 0.8595 0.5095
vn 0.1097 0.7678 0.6312
vn -0.4824 -0.3214 -0.8148
vn -0.5109 -0.1684 -0.8430
vn -0.4904 -0.3124 -0.8136
vn -0.4819 -0.4168 -0.7707
vn -0.5091 -0.0249 -0.8604
vn -0.4605 -0.2113 -0.8622
vn -0.2852 -0.6042 -0.7441
vn -0.3725 -0.6046 -0.7041
vn -0.4229 -0.5914 -0.6866
vn -0.4403 -0.1496 -0.8853
vn -0.3703 -0.2804 -0.8856
vn -0.3710 -0.2917 -0.8816
vn -0.2989 -0.3680 -0.8805
vn -0.1868 -0.5287 -0.8280
vn -0.2165 -0.5632 -0.7975
vn -0.0969 -0.7947 -0.5993
vn -0.0631 -0.8689 -0.4910
vn -0.1585 -0.6984 -0.6979
vn -0.1634 -0.7713 -0.6152
vn -0.0566 -0.8753 -0.4803
vn 0.0325 -0.9325 -0.3598
vn -0.1679 -0.8135 -0.5568
vn -0.2618 -0.7258 -0.6361
vn -0.0542 -0.8748 -0.4815
vn -0.1633 -0.7716 -0.6148
vt 0.769260 0.922523
vt 0.731183 0.922523
vt 0.731183 0.891791
vt 0.769260 0.891791
vt 0.693107 0.922523
vt 0.693107 0.891791
vt 0.693107 0.861058
vt 0.731183 0.861058
vt 0.769260 0.861058
vt 0.655030 0.922523
vt 0.655030 0.891791
vt 0.616954 0.922523
vt 0.616954 0.891791
vt 0.616954 0.861058
vt 0.655030 0.861058
vt 0.655030 0.830326
vt 0.693107 0.830326
vt 0.616954 0.830326
vt 0.616954 0.799593
vt 0.655030 0.799593
vt 0.693107 0.799593
vt 0.731183 0.830326
vt 0.769260 0.830326
vt 0.731183 0.799593
vt 0.769260 0.799593
s 1
usemtl Ch31_hair
f 453/482/450 466/483/450 471/484/450 469/485/450
f 466/483/451 455/486/452 467/487/453 471/484/454
f 471/484/454 467/487/453 458/488/455 468/489/456
f 469/485/457 471/484/454 468/489/456 454/490/458
f 455/486/452 470/491/459 472/492/460 467/487/453
f 470/491/459 452/493/461 459/494/462 472/492/460
f 472/492/460 459/494/462 456/495/463 460/496/464
f 467/487/453 472/492/460 460/496/464 458/488/455
f 458/488/455 460/496/464 473/497/465 463/498/466
f 460/496/464 456/495/463 461/499/467 473/497/465
f 473/497/465 461/499/467 450/500/468 462/501/469
f 463/498/466 473/497/465 462/501/469 457/502/470
f 454/490/458 468/489/456 474/503/471 465/504/472
f 468/489/456 458/488/455 463/498/466 474/503/471
f 474/503/471 463/498/466 457/502/470 464/505/473
f 465/504/472 474/503/471 464/505/473 451/506/474
f 478/482/475 491/483/476 496/484/477 494/485/478
f 491/483/476 480/486/479 492/487/480 496/484/477
f 496/484/477 492/487/480 483/488/481 493/489/482
f 494/485/478 496/484/477 493/489/482 479/490/483
f 480/486/479 495/491/484 497/492/485 492/487/480
f 495/491/484 477/493/486 484/494/487 497/492/485
f 497/492/485 484/494/487 481/495/488 485/496/489
f 492/487/480 497/492/485 485/496/489 483/488/481
f 483/488/481 485/496/489 498/497/490 488/498/491
f 485/496/489 481/495/488 486/499/492 498/497/490
f 498/497/490 486/499/492 475/500/493 487/501/494
f 488/498/491 498/497/490 487/501/494 482/502/495
f 479/490/483 493/489/482 499/503/496 490/504/497
f 493/489/482 483/488/481 488/498/491 499/503/496
f 499/503/496 488/498/491 482/502/495 489/505/498
f 490/504/497 499/503/496 489/505/498 476/506/499
f 503/482/500 516/483/501 521/484/502 519/485/503
f 516/483/501 505/486/504 517/487/505 521/484/502
f 521/484/502 517/487/505 508/488/506 518/489/507
f 519/485/503 521/484/502 518/489/507 504/490/508
f 505/486/504 520/491/509 522/492/510 517/487/505
f 520/491/509 502/493/511 509/494/512 522/492/510
f 522/492/510 509/494/512 506/495/513 510/496/514
f 517/487/505 522/492/510 510/496/514 508/488/506
f 508/488/506 510/496/514 523/497/515 513/498/516
f 510/496/514 506/495/513 511/499/517 523/497/515
f 523/497/515 511/499/517 500/500/518 512/501/519
f 513/498/516 523/497/515 512/501/519 507/502/520
f 504/490/508 518/489/507 524/503/521 515/504/522
f 518/489/507 508/488/506 513/498/516 524/503/521
f 524/503/521 513/498/516 507/502/520 514/505/523
f 515/504/522 524/503/521 514/505/523 501/506/524
f 528/482/525 541/483/526 546/484/527 544/485/528
f 541/483/526 530/486/529 542/487/530 546/484/527
f 546/484/527 542/487/530 533/488/531 543/489/532
f 544/485/528 546/484/527 543/489/532 529/490/533
f 530/486/529 545/491/534 547/492/535 542/487/530
f 545/491/534 527/493/536 534/494/537 547/492/535
f 547/492/535 534/494/537 531/495/538 535/496/539
f 542/487/530 547/492/535 535/496/539 533/488/531
f 533/488/531 535/496/539 548/497/540 538/498/541
f 535/496/539 531/495/538 536/499/542 548/497/540
f 548/497/540 536/499/542 525/500/543 537/501/544
f 538/498/541 548/497/540 537/501/544 532/502/545
f 529/490/533 543/489/532 549/503/546 540/504/547
f 543/489/532 533/488/531 538/498/541 549/503/546
f 549/503/546 538/498/541 532/502/545 539/505/548
f 540/504/547 549/503/546 539/505/548 526/506/549
f 553/482/550 566/483/551 571/484/552 569/485/553
f 566/483/551 555/486/554 567/487/555 571/484/552
f 571/484/552 567/487/555 558/488/556 568/489/557
f 569/485/553 571/484/552 568/489/557 554/490/558
f 555/486/554 570/491/559 572/492/560 567/487/555
f 570/491/559 552/493/561 559/494/562 572/492/560
f 572/492/560 559/494/562 556/495/563 560/496/564
f 567/487/555 572/492/560 560/496/564 558/488/556
f 558/488/556 560/496/564 573/497/565 563/498/566
f 560/496/564 556/495/563 561/499/567 573/497/565
f 573/497/565 561/499/567 550/500/568 562/501/569
f 563/498/566 573/497/565 562/501/569 557/502/570
f 554/490/558 568/489/557 574/503/571 565/504/572
f 568/489/557 558/488/556 563/498/566 574/503/571
f 574/503/571 563/498/566 557/502/570 564/505/573
f 565/504/572 574/503/571 564/505/573 551/506/574
f 578/482/575 591/483/576 596/484/577 594/485/578
f 591/483/576 580/486/579 592/487/580 596/484/577
f 596/484/577 592/487/580 583/488/581 593/489/582
f 594/485/578 596/484/577 593/489/582 579/490/583
f 580/486/579 595/491/584 597/492/585 592/487/580
f 595/491/584 577/493/586 584/494/587 597/492/585
f 597/492/585 584/494/587 581/495/588 585/496/589
f 592/487/580 597/492/585 585/496/589 583/488/581
f 583/488/581 585/496/589 598/497/590 588/498/591
f 585/496/589 581/495/588 586/499/592 598/497/590
f 598/497/590 586/499/592 575/500/593 587/501/594
f 588/498/591 598/497/590 587/501/594 582/502/595
f 579/490/583 593/489/582 599/503/596 590/504/597
f 593/489/582 583/488/581 588/498/591 599/503/596
f 599/503/596 588/498/591 582/502/595 589/505/598
f 590/504/597 599/503/596 589/505/598 576/506/599
f 603/482/600 616/483/601 621/484/602 619/485/603
f 616/483/601 605/486/604 617/487/605 621/484/602
f 621/484/602 617/487/605 608/488/606 618/489/607
f 619/485/603 621/484/602 618/489/607 604/490/608
f 605/486/604 620/491/609 622/492/610 617/487/605
f 620/491/609 602/493/611 609/494/612 622/492/610
f 622/492/610 609/494/612 606/495/613 610/496/614
f 617/487/605 622/492/610 610/496/614 608/488/606
f 608/488/606 610/496/614 623/497/615 613/498/616
f 610/496/614 606/495/613 611/499/617 623/497/615
f 623/497/615 611/499/617 600/500/618 612/501/619
f 613/498/616 623/497/615 612/501/619 607/502/620
f 604/490/608 618/489/607 624/503/621 615/504/622
f 618/489/607 608/488/606 613/498/616 624/503/621
f 624/503/621 613/498/616 607/502/620 614/505/623
f 615/504/622 624/503/621 614/505/623 601/506/624
f 628/482/625 641/483/626 646/484/627 644/485/628
f 641/483/626 630/486/629 642/487/630 646/484/627
f 646/484/627 642/487/630 633/488/631 643/489/632
f 644/485/628 646/484/627 643/489/632 629/490/633
f 630/486/629 645/491/634 647/492/635 642/487/630
f 645/491/634 627/493/636 634/494/637 647/492/635
f 647/492/635 634/494/637 631/495/638 635/496/639
f 642/487/630 647/492/635 635/496/639 633/488/631
f 633/488/631 635/496/639 648/497/640 638/498/641
f 635/496/639 631/495/638 636/499/642 648/497/640
f 648/497/640 636/499/642 625/500/643 637/501/644
f 638/498/641 648/497/640 637/501/644 632/502/645
f 629/490/633 643/489/632 649/503/646 640/504/647
f 643/489/632 633/488/631 638/498/641 649/503/646
f 649/503/646 638/498/641 632/502/645 639/505/648
f 640/504/647 649/503/646 639/505/648 626/506/649
f 653/482/650 666/483/651 671/484/652 669/485/653
f 666/483/651 655/486/654 667/487/655 671/484/652
f 671/484/652 667/487/655 658/488/656 668/489/657
f 669/485/653 671/484/652 668/489/657 654/490/658
f 655/486/654 670/491/659 672/492/660 667/487/655
f 670/491/659 652/493/661 659/494/662 672/492/660
f 672/492/660 659/494/662 656/495/663 660/496/664
f 667/487/655 672/492/660 660/496/664 658/488/656
f 658/488/656 660/496/664 673/497/665 663/498/666
f 660/496/664 656/495/663 661/499/667 673/497/665
f 673/497/665 661/499/667 650/500/668 662/501/669
f 663/498/666 673/497/665 662/501/669 657/502/670
f 654/490/658 668/489/657 674/503/671 665/504/672
f 668/489/657 658/488/656 663/498/666 674/503/671
f 674/503/671 663/498/666 657/502/670 664/505/673
f 665/504/672 674/503/671 664/505/673 651/506/674
f 678/482/675 691/483/676 696/484/677 694/485/678
f 691/483/676 680/486/679 692/487/680 696/484/677
f 696/484/677 692/487/680 683/488/681 693/489/682
f 694/485/678 696/484/677 693/489/682 679/490/683
f 680/486/679 695/491/684 697/492/685 692/487/680
f 695/491/684 677/493/686 684/494/687 697/492/685
f 697/492/685 684/494/687 681/495/688 685/496/689
f 692/487/680 697/492/685 685/496/689 683/488/681
f 683/488/681 685/496/689 698/497/690 688/498/691
f 685/496/689 681/495/688 686/499/692 698/497/690
f 698/497/690 686/499/692 675/500/693 687/501/694
f 688/498/691 698/497/690 687/501/694 682/502/695
f 679/490/683 693/489/682 699/503/696 690/504/697
f 693/489/682 683/488/681 688/498/691 699/503/696
f 699/503/696 688/498/691 682/502/695 689/505/698
f 690/504/697 699/503/696 689/505/698 676/506/699
f 703/493/700 719/494/701 721/492/702 716/491/703
f 716/491/703 721/492/702 717/487/704 705/486/705
f 721/492/702 718/496/706 708/488/707 717/487/704
f 719/494/701 704/495/708 718/496/706 721/492/702
f 705/486/705 717/487/704 722/484/709 720/483/710
f 720/483/710 722/484/709 709/485/711 702/482/712
f 722/484/709 710/489/713 706/490/714 709/485/711
f 717/487/704 708/488/707 710/489/713 722/484/709
f 708/488/707 713/498/715 723/503/716 710/489/713
f 710/489/713 723/503/716 711/504/717 706/490/714
f 723/503/716 712/505/718 700/506/719 711/504/717
f 713/498/715 707/502/720 712/505/718 723/503/716
f 704/495/708 715/499/721 724/497/722 718/496/706
f 718/496/706 724/497/722 713/498/715 708/488/707
f 724/497/722 714/501/723 707/502/720 713/498/715
f 715/499/721 701/500/724 714/501/723 724/497/722
f 728/493/725 744/494/726 746/492/727 741/491/728
f 741/491/728 746/492/727 742/487/729 730/486/730
f 746/492/727 743/496/731 733/488/732 742/487/729
f 744/494/726 729/495/733 743/496/731 746/492/727
f 730/486/730 742/487/729 747/484/734 745/483/735
f 745/483/735 747/484/734 734/485/736 727/482/737
f 747/484/734 735/489/738 731/490/739 734/485/736
f 742/487/729 733/488/732 735/489/738 747/484/734
f 733/488/732 738/498/740 748/503/741 735/489/738
f 735/489/738 748/503/741 736/504/742 731/490/739
f 748/503/741 737/505/743 725/506/744 736/504/742
f 738/498/740 732/502/745 737/505/743 748/503/741
f 729/495/733 740/499/746 749/497/747 743/496/731
f 743/496/731 749/497/747 738/498/740 733/488/732
f 749/497/747 739/501/748 732/502/745 738/498/740
f 740/499/746 726/500/749 739/501/748 749/497/747
f 753/493/750 769/494/751 771/492/752 766/491/753
f 766/491/753 771/492/752 767/487/754 755/486/755
f 771/492/752 768/496/756 758/488/757 767/487/754
f 769/494/751 754/495/758 768/496/756 771/492/752
f 755/486/755 767/487/754 772/484/759 770/483/760
f 770/483/760 772/484/759 759/485/761 752/482/762
f 772/484/759 760/489/763 756/490/764 759/485/761
f 767/487/754 758/488/757 760/489/763 772/484/759
f 758/488/757 763/498/765 773/503/766 760/489/763
f 760/489/763 773/503/766 761/504/767 756/490/764
f 773/503/766 762/505/768 750/506/769 761/504/767
f 763/498/765 757/502/770 762/505/768 773/503/766
f 754/495/758 765/499/771 774/497/772 768/496/756
f 768/496/756 774/497/772 763/498/765 758/488/757
f 774/497/772 764/501/773 757/502/770 763/498/765
f 765/499/771 751/500/774 764/501/773 774/497/772
f 778/493/775 794/494/776 796/492/777 791/491/778
f 791/491/778 796/492/777 792/487/779 780/486/780
f 796/492/777 793/496/781 783/488/782 792/487/779
f 794/494/776 779/495/783 793/496/781 796/492/777
f 780/486/780 792/487/779 797/484/784 795/483/785
f 795/483/785 797/484/784 784/485/786 777/482/787
f 797/484/784 785/489/788 781/490/789 784/485/786
f 792/487/779 783/488/782 785/489/788 797/484/784
f 783/488/782 788/498/790 798/503/791 785/489/788
f 785/489/788 798/503/791 786/504/792 781/490/789
f 798/503/791 787/505/793 775/506/794 786/504/792
f 788/498/790 782/502/795 787/505/793 798/503/791
f 779/495/783 790/499/796 799/497/797 793/496/781
f 793/496/781 799/497/797 788/498/790 783/488/782
f 799/497/797 789/501/798 782/502/795 788/498/790
f 790/499/796 776/500/524 789/501/798 799/497/797
f 803/493/799 819/494/800 821/492/801 816/491/802
f 816/491/802 821/492/801 817/487/803 805/486/804
f 821/492/801 818/496/805 808/488/806 817/487/803
f 819/494/800 804/495/807 818/496/805 821/492/801
f 805/486/804 817/487/803 822/484/808 820/483/809
f 820/483/809 822/484/808 809/485/810 802/482/811
f 822/484/808 810/489/812 806/490/813 809/485/810
f 817/487/803 808/488/806 810/489/812 822/484/808
f 808/488/806 813/498/814 823/503/815 810/489/812
f 810/489/812 823/503/815 811/504/816 806/490/813
f 823/503/815 812/505/817 800/506/818 811/504/816
f 813/498/814 807/502/819 812/505/817 823/503/815
f 804/495/807 815/499/820 824/497/821 818/496/805
f 818/496/805 824/497/821 813/498/814 808/488/806
f 824/497/821 814/501/822 807/502/819 813/498/814
f 815/499/820 801/500/823 814/501/822 824/497/821
f 828/493/824 844/494/825 846/492/826 841/491/827
f 841/491/827 846/492/826 842/487/828 830/486/829
f 846/492/826 843/496/830 833/488/831 842/487/828
f 844/494/825 829/495/832 843/496/830 846/492/826
f 830/486/829 842/487/828 847/484/833 845/483/834
f 845/483/834 847/484/833 834/485/835 827/482/836
f 847/484/833 835/489/837 831/490/838 834/485/835
f 842/487/828 833/488/831 835/489/837 847/484/833
f 833/488/831 838/498/839 848/503/840 835/489/837
f 835/489/837 848/503/840 836/504/841 831/490/838
f 848/503/840 837/505/842 825/506/843 836/504/841
f 838/498/839 832/502/844 837/505/842 848/503/840
f 829/495/832 840/499/845 849/497/846 843/496/830
f 843/496/830 849/497/846 838/498/839 833/488/831
f 849/497/846 839/501/847 832/502/844 838/498/839
f 840/499/845 826/500/848 839/501/847 849/497/846
f 853/493/849 869/494/850 871/492/851 866/491/852
f 866/491/852 871/492/851 867/487/853 855/486/854
f 871/492/851 868/496/855 858/488/856 867/487/853
f 869/494/850 854/495/857 868/496/855 871/492/851
f 855/486/854 867/487/853 872/484/858 870/483/859
f 870/483/859 872/484/858 859/485/860 852/482/861
f 872/484/858 860/489/862 856/490/863 859/485/860
f 867/487/853 858/488/856 860/489/862 872/484/858
f 858/488/856 863/498/864 873/503/865 860/489/862
f 860/489/862 873/503/865 861/504/866 856/490/863
f 873/503/865 862/505/867 850/506/868 861/504/866
f 863/498/864 857/502/869 862/505/867 873/503/865
f 854/495/857 865/499/870 874/497/871 868/496/855
f 868/496/855 874/497/871 863/498/864 858/488/856
f 874/497/871 864/501/872 857/502/869 863/498/864
f 865/499/870 851/500/873 864/501/872 874/497/871
f 878/493/874 894/494/875 896/492/876 891/491/877
f 891/491/877 896/492/876 892/487/878 880/486/879
f 896/492/876 893/496/880 883/488/881 892/487/878
f 894/494/875 879/495/882 893/496/880 896/492/876
f 880/486/879 892/487/878 897/484/883 895/483/884
f 895/483/884 897/484/883 884/485/885 877/482/886
f 897/484/883 885/489/887 881/490/888 884/485/885
f 892/487/878 883/488/881 885/489/887 897/484/883
f 883/488/881 888/498/889 898/503/890 885/489/887
f 885/489/887 898/503/890 886/504/891 881/490/888
f 898/503/890 887/505/892 875/506/893 886/504/891
f 888/498/889 882/502/894 887/505/892 898/503/890
f 879/495/882 890/499/895 899/497/896 893/496/880
f 893/496/880 899/497/896 888/498/889 883/488/881
f 899/497/896 889/501/897 882/502/894 888/498/889
f 890/499/895 876/500/893 889/501/897 899/497/896
f 903/493/898 919/494/899 921/492/900 916/491/901
f 916/491/901 921/492/900 917/487/902 905/486/903
f 921/492/900 918/496/904 908/488/905 917/487/902
f 919/494/899 904/495/906 918/496/904 921/492/900
f 905/486/903 917/487/902 922/484/907 920/483/908
f 920/483/908 922/484/907 909/485/909 902/482/910
f 922/484/907 910/489/911 906/490/912 909/485/909
f 917/487/902 908/488/905 910/489/911 922/484/907
f 908/488/905 913/498/913 923/503/914 910/489/911
f 910/489/911 923/503/914 911/504/915 906/490/912
f 923/503/914 912/505/916 900/506/917 911/504/915
f 913/498/913 907/502/918 912/505/916 923/503/914
f 904/495/906 915/499/919 924/497/920 918/496/904
f 918/496/904 924/497/920 913/498/913 908/488/905
f 924/497/920 914/501/921 907/502/918 913/498/913
f 915/499/919 901/500/922 914/501/921 924/497/920
f 928/493/923 944/494/924 946/492/925 941/491/926
f 941/491/926 946/492/925 942/487/927 930/486/928
f 946/492/925 943/496/929 933/488/930 942/487/927
f 944/494/924 929/495/931 943/496/929 946/492/925
f 930/486/928 942/487/927 947/484/932 945/483/933
f 945/483/933 947/484/932 934/485/934 927/482/935
f 947/484/932 935/489/936 931/490/937 934/485/934
f 942/487/927 933/488/930 935/489/936 947/484/932
f 933/488/930 938/498/938 948/503/939 935/489/936
f 935/489/936 948/503/939 936/504/940 931/490/937
f 948/503/939 937/505/941 925/506/942 936/504/940
f 938/498/938 932/502/943 937/505/941 948/503/939
f 929/495/931 940/499/944 949/497/945 943/496/929
f 943/496/929 949/497/945 938/498/938 933/488/930
f 949/497/945 939/501/946 932/502/943 938/498/938
f 940/499/944 926/500/947 939/501/946 949/497/945
f 953/493/948 969/494/949 971/492/950 966/491/951
f 966/491/951 971/492/950 967/487/952 955/486/953
f 971/492/950 968/496/954 958/488/955 967/487/952
f 969/494/949 954/495/956 968/496/954 971/492/950
f 955/486/953 967/487/952 972/484/957 970/483/958
f 970/483/958 972/484/957 959/485/959 952/482/960
f 972/484/957 960/489/961 956/490/962 959/485/959
f 967/487/952 958/488/955 960/489/961 972/484/957
f 958/488/955 963/498/963 973/503/964 960/489/961
f 960/489/961 973/503/964 961/504/965 956/490/962
f 973/503/964 962/505/966 950/506/967 961/504/965
f 963/498/963 957/502/968 962/505/966 973/503/964
f 954/495/956 965/499/969 974/497/970 968/496/954
f 968/496/954 974/497/970 963/498/963 958/488/955
f 974/497/970 964/501/971 957/502/968 963/498/963
f 965/499/969 951/500/972 964/501/971 974/497/970
f 978/482/973 991/483/974 996/484/975 994/485/976
f 991/483/974 980/486/977 992/487/978 996/484/975
f 996/484/975 992/487/978 983/488/979 993/489/980
f 994/485/976 996/484/975 993/489/980 979/490/981
f 980/486/977 995/491/982 997/492/983 992/487/978
f 995/491/982 977/493/984 984/494/985 997/492/983
f 997/492/983 984/494/985 981/495/986 985/496/987
f 992/487/978 997/492/983 985/496/987 983/488/979
f 983/488/979 985/496/987 998/497/988 988/498/989
f 985/496/987 981/495/986 986/499/990 998/497/988
f 998/497/988 986/499/990 975/500/991 987/501/992
f 988/498/989 998/497/988 987/501/992 982/502/993
f 979/490/981 993/489/980 999/503/994 990/504/995
f 993/489/980 983/488/979 988/498/989 999/503/994
f 999/503/994 988/498/989 982/502/993 989/505/996
f 990/504/995 999/503/994 989/505/996 976/506/997
o Ch31_Body.001
v -0.032781 1.654674 0.086113
v -0.032498 1.656097 0.086107
v -0.032781 1.656126 0.086085
v -0.032227 1.656015 0.086128
v -0.031978 1.655882 0.086147
v -0.031758 1.655700 0.086164
v -0.031578 1.655480 0.086178
v -0.031444 1.655229 0.086188
v -0.031362 1.654958 0.086194
v -0.031334 1.654674 0.086197
v -0.031362 1.654391 0.086194
v -0.031443 1.654119 0.086188
v -0.031578 1.653867 0.086178
v -0.031757 1.653647 0.086164
v -0.031976 1.653467 0.086147
v -0.032227 1.653332 0.086128
v -0.032498 1.653250 0.086107
v -0.032780 1.653222 0.086086
v -0.033064 1.653250 0.086064
v -0.033335 1.653332 0.086043
v -0.033585 1.653467 0.086023
v -0.033804 1.653647 0.086007
v -0.033984 1.653866 0.085993
v -0.034119 1.654117 0.085983
v -0.034201 1.654389 0.085976
v -0.034229 1.654673 0.085974
v -0.034202 1.654957 0.085976
v -0.034119 1.655228 0.085983
v -0.033985 1.655481 0.085993
v -0.033805 1.655700 0.086007
v -0.033586 1.655880 0.086023
v -0.033335 1.656016 0.086043
v -0.033064 1.656097 0.086064
v -0.033342 1.657503 0.086001
v -0.033587 1.658754 0.085920
v -0.033882 1.657339 0.085960
v -0.032782 1.657558 0.086045
v -0.032778 1.658835 0.085983
v -0.032219 1.657503 0.086088
v -0.031969 1.658756 0.086044
v -0.031681 1.657339 0.086130
v -0.031190 1.658519 0.086105
v -0.031183 1.657073 0.086168
v -0.030473 1.658134 0.086160
v -0.030748 1.656713 0.086201
v -0.029844 1.657616 0.086209
v -0.030390 1.656276 0.086229
v -0.029328 1.656987 0.086248
v -0.030124 1.655778 0.086250
v -0.028944 1.656267 0.086278
v -0.029960 1.655237 0.086262
v -0.028707 1.655487 0.086295
v -0.029905 1.654675 0.086266
v -0.028627 1.654675 0.086302
v -0.029960 1.654112 0.086262
v -0.028708 1.653863 0.086295
v -0.030123 1.653571 0.086250
v -0.028943 1.653082 0.086278
v -0.030389 1.653073 0.086229
v -0.029326 1.652363 0.086248
v -0.030747 1.652635 0.086202
v -0.029843 1.651732 0.086209
v -0.031182 1.652276 0.086168
v -0.030471 1.651215 0.086160
v -0.031679 1.652009 0.086130
v -0.031188 1.650829 0.086105
v -0.032219 1.651845 0.086088
v -0.031965 1.650592 0.086045
v -0.032779 1.651789 0.086045
v -0.032776 1.650513 0.085983
v -0.033340 1.651844 0.086002
v -0.033585 1.650592 0.085920
v -0.033880 1.652008 0.085961
v -0.034363 1.650828 0.085861
v -0.034378 1.652274 0.085922
v -0.035081 1.651213 0.085805
v -0.034813 1.652633 0.085889
v -0.035710 1.651731 0.085757
v -0.035172 1.653070 0.085861
v -0.036226 1.652361 0.085717
v -0.035437 1.653569 0.085841
v -0.036610 1.653080 0.085688
v -0.035602 1.654111 0.085828
v -0.036845 1.653860 0.085669
v -0.035657 1.654673 0.085824
v -0.036926 1.654673 0.085664
v -0.035602 1.655236 0.085828
v -0.036846 1.655485 0.085669
v -0.035439 1.655777 0.085841
v -0.036611 1.656265 0.085688
v -0.035172 1.656276 0.085861
v -0.036227 1.656985 0.085717
v -0.034814 1.656713 0.085889
v -0.035711 1.657615 0.085757
v -0.034379 1.657072 0.085922
v -0.035083 1.658133 0.085805
v -0.034366 1.658517 0.085861
v -0.035774 1.659182 0.085625
v -0.036238 1.659890 0.085442
v -0.036594 1.658507 0.085564
v -0.034840 1.659684 0.085698
v -0.035156 1.660470 0.085523
v -0.033826 1.659993 0.085775
v -0.033982 1.660826 0.085612
v -0.032771 1.660098 0.085858
v -0.032762 1.660947 0.085704
v -0.031715 1.659994 0.085937
v -0.031541 1.660828 0.085795
v -0.030701 1.659686 0.086017
v -0.030368 1.660468 0.085882
v -0.029766 1.659185 0.086087
v -0.029287 1.659889 0.085965
v -0.028946 1.658511 0.086152
v -0.028339 1.659110 0.086037
v -0.028272 1.657689 0.086202
v -0.027561 1.658159 0.086095
v -0.027772 1.656751 0.086242
v -0.026983 1.657075 0.086139
v -0.027465 1.655733 0.086264
v -0.026627 1.655899 0.086165
v -0.027409 1.654690 0.086276
v -0.026507 1.654680 0.086175
v -0.027463 1.653617 0.086264
v -0.026627 1.653452 0.086165
v -0.027771 1.652599 0.086242
v -0.026982 1.652275 0.086139
v -0.028271 1.651661 0.086202
v -0.027569 1.651198 0.086068
v -0.028943 1.650839 0.086152
v -0.028344 1.650249 0.086011
v -0.029763 1.650164 0.086087
v -0.029290 1.649472 0.085936
v -0.030698 1.649663 0.086017
v -0.030368 1.648893 0.085856
v -0.031712 1.649354 0.085937
v -0.031539 1.648538 0.085763
v -0.032768 1.649250 0.085858
v -0.032756 1.648415 0.085672
v -0.033823 1.649353 0.085775
v -0.033972 1.648537 0.085576
v -0.034837 1.649662 0.085699
v -0.035143 1.648892 0.085489
v -0.035772 1.650164 0.085625
v -0.036222 1.649471 0.085404
v -0.036591 1.650838 0.085564
v -0.037168 1.650247 0.085334
v -0.037264 1.651659 0.085510
v -0.037943 1.651196 0.085272
v -0.037764 1.652597 0.085474
v -0.038521 1.652277 0.085230
v -0.038072 1.653615 0.085448
v -0.038876 1.653451 0.085200
v -0.038176 1.654672 0.085442
v -0.038996 1.654672 0.085194
v -0.038073 1.655730 0.085448
v -0.038876 1.655892 0.085200
v -0.037766 1.656748 0.085473
v -0.038542 1.657073 0.085269
v -0.037266 1.657686 0.085510
v -0.037964 1.658158 0.085312
v -0.037186 1.659109 0.085371
v -0.038090 1.658243 0.085282
v -0.038212 1.658327 0.085242
v -0.038682 1.657132 0.085237
v -0.037293 1.659218 0.085342
v -0.037397 1.659324 0.085302
v -0.036322 1.660018 0.085415
v -0.036403 1.660143 0.085377
v -0.035213 1.660612 0.085497
v -0.035268 1.660751 0.085461
v -0.034011 1.660977 0.085588
v -0.034038 1.661124 0.085554
v -0.032760 1.661101 0.085682
v -0.032758 1.661251 0.085649
v -0.031510 1.660978 0.085775
v -0.031479 1.661125 0.085744
v -0.030308 1.660610 0.085864
v -0.030249 1.660749 0.085834
v -0.029200 1.660018 0.085949
v -0.029115 1.660143 0.085921
v -0.028229 1.659219 0.086022
v -0.028121 1.659325 0.085995
v -0.027432 1.658245 0.086081
v -0.027306 1.658329 0.086056
v -0.026840 1.657135 0.086126
v -0.026699 1.657193 0.086102
v -0.026475 1.655929 0.086153
v -0.026326 1.655959 0.086129
v -0.026352 1.654678 0.086163
v -0.026200 1.654676 0.086140
v -0.026475 1.653422 0.086153
v -0.026326 1.653393 0.086129
v -0.026839 1.652216 0.086127
v -0.026698 1.652159 0.086102
v -0.027440 1.651113 0.086048
v -0.027313 1.651030 0.086019
v -0.028234 1.650141 0.085990
v -0.028126 1.650035 0.085960
v -0.029203 1.649344 0.085912
v -0.029117 1.649219 0.085880
v -0.030308 1.648751 0.085831
v -0.030248 1.648613 0.085797
v -0.031507 1.648388 0.085736
v -0.031475 1.648241 0.085700
v -0.032754 1.648263 0.085642
v -0.032752 1.648112 0.085605
v -0.034000 1.648387 0.085544
v -0.034027 1.648240 0.085504
v -0.035200 1.648751 0.085455
v -0.035255 1.648612 0.085413
v -0.036304 1.649344 0.085367
v -0.036385 1.649219 0.085323
v -0.037273 1.650140 0.085295
v -0.037377 1.650034 0.085251
v -0.038067 1.651112 0.085231
v -0.038189 1.651029 0.085185
v -0.038659 1.652219 0.085189
v -0.038795 1.652162 0.085142
v -0.039022 1.653422 0.085158
v -0.039167 1.653392 0.085110
v -0.039146 1.654672 0.085152
v -0.039293 1.654672 0.085104
v -0.039023 1.655922 0.085158
v -0.039167 1.655951 0.085110
v -0.041197 1.656365 0.084214
v -0.038819 1.657189 0.085196
v -0.040704 1.657993 0.084247
v -0.039905 1.659494 0.084301
v -0.042758 1.658898 0.082162
v -0.043384 1.656826 0.082119
v -0.041739 1.660810 0.082230
v -0.044390 1.659641 0.079679
v -0.045127 1.657204 0.079630
v -0.043192 1.661887 0.079759
v -0.045539 1.660194 0.076894
v -0.046358 1.657485 0.076839
v -0.044210 1.662689 0.076983
v -0.046163 1.660533 0.073915
v -0.047031 1.657659 0.073856
v -0.044751 1.663183 0.074009
v -0.046234 1.660648 0.070855
v -0.047121 1.657717 0.070795
v -0.044795 1.663350 0.070952
v -0.045754 1.660533 0.067832
v -0.046623 1.657658 0.067774
v -0.044341 1.663183 0.067926
v -0.042441 1.665506 0.068054
v -0.042857 1.665718 0.071082
v -0.040124 1.667412 0.068210
v -0.040495 1.667662 0.071240
v -0.037481 1.668829 0.068388
v -0.037800 1.669106 0.071422
v -0.034613 1.669702 0.068580
v -0.034876 1.669996 0.071618
v -0.031630 1.669997 0.068781
v -0.028647 1.669704 0.068982
v -0.031835 1.670298 0.071823
v -0.028794 1.669998 0.072027
v -0.032040 1.669997 0.074864
v -0.029057 1.669704 0.075064
v -0.032236 1.669108 0.077789
v -0.035022 1.669702 0.074663
v -0.035045 1.668830 0.077600
v -0.037890 1.668829 0.074471
v -0.037747 1.668007 0.077418
v -0.040533 1.667413 0.074293
v -0.040237 1.666673 0.077250
v -0.042850 1.665506 0.074137
v -0.042419 1.664878 0.077104
v -0.041581 1.663857 0.079867
v -0.040369 1.662483 0.082322
v -0.039617 1.665474 0.080000
v -0.038698 1.663858 0.082435
v -0.037377 1.666674 0.080150
v -0.036793 1.664880 0.082563
v -0.034945 1.667415 0.080314
v -0.034725 1.665509 0.082702
v -0.032417 1.667665 0.080484
v -0.029887 1.667416 0.080654
v -0.032575 1.665722 0.082846
v -0.030424 1.665510 0.082991
v -0.032704 1.663354 0.084785
v -0.031016 1.663188 0.084899
v -0.034394 1.663187 0.084672
v -0.036018 1.662693 0.084562
v -0.037516 1.661889 0.084461
v -0.038828 1.660810 0.084373
v -0.029390 1.662695 0.085008
v -0.027893 1.661893 0.085109
v -0.028357 1.664882 0.083130
v -0.026450 1.663862 0.083258
v -0.027456 1.666677 0.080818
v -0.025214 1.665478 0.080968
v -0.026724 1.668011 0.078160
v -0.029426 1.668832 0.077978
v -0.024233 1.666678 0.078327
v -0.026188 1.668832 0.075258
v -0.023544 1.667417 0.075435
v -0.025868 1.669110 0.072224
v -0.023173 1.667667 0.072405
v -0.025779 1.668832 0.069175
v -0.023136 1.667417 0.069353
v -0.020818 1.665512 0.069509
v -0.020810 1.665725 0.072565
v -0.018916 1.663191 0.069636
v -0.018870 1.663357 0.072695
v -0.017502 1.660542 0.069732
v -0.017429 1.660657 0.072792
v -0.016631 1.657668 0.069791
v -0.016542 1.657725 0.072852
v -0.016336 1.654678 0.069811
v -0.016241 1.654678 0.072872
v -0.016629 1.651688 0.069791
v -0.016540 1.651630 0.072852
v -0.017499 1.648813 0.069733
v -0.017426 1.648699 0.072792
v -0.018910 1.646164 0.069638
v -0.018866 1.645996 0.072696
v -0.020811 1.643840 0.069511
v -0.020804 1.643628 0.072565
v -0.023128 1.641934 0.069354
v -0.023166 1.641685 0.072407
v -0.025770 1.640517 0.069176
v -0.025861 1.640240 0.072226
v -0.028638 1.639644 0.068984
v -0.028784 1.639350 0.072029
v -0.031621 1.639348 0.068783
v -0.031826 1.639049 0.071824
v -0.034604 1.639643 0.068583
v -0.034867 1.639348 0.071620
v -0.037472 1.640514 0.068390
v -0.037792 1.640236 0.071423
v -0.040117 1.641929 0.068212
v -0.040488 1.641679 0.071242
v -0.042434 1.643834 0.068056
v -0.042851 1.643622 0.071083
v -0.044336 1.646156 0.067928
v -0.044790 1.645988 0.070952
v -0.045749 1.648805 0.067833
v -0.046231 1.648690 0.070856
v -0.046620 1.651679 0.067774
v -0.047119 1.651620 0.070796
v -0.046916 1.654669 0.067753
v -0.047420 1.654669 0.070775
v -0.047325 1.654669 0.073836
v -0.046634 1.654669 0.076821
v -0.047030 1.651679 0.073857
v -0.046356 1.651853 0.076839
v -0.046159 1.648805 0.073915
v -0.045536 1.649145 0.076895
v -0.044745 1.646156 0.074010
v -0.044204 1.646650 0.076985
v -0.042843 1.643834 0.074138
v -0.042412 1.644463 0.077105
v -0.040526 1.641929 0.074295
v -0.040230 1.642669 0.077252
v -0.037881 1.640514 0.074472
v -0.037739 1.641336 0.077419
v -0.035013 1.639643 0.074665
v -0.035037 1.640515 0.077601
v -0.032030 1.639350 0.074866
v -0.032227 1.640239 0.077790
v -0.029047 1.639645 0.075066
v -0.029417 1.640517 0.077979
v -0.026180 1.640517 0.075259
v -0.026717 1.641339 0.078160
v -0.023537 1.641934 0.075437
v -0.024227 1.642674 0.078329
v -0.021220 1.643841 0.075592
v -0.022045 1.644469 0.078474
v -0.019319 1.646164 0.075721
v -0.020254 1.646657 0.078595
v -0.017907 1.648813 0.075815
v -0.018923 1.649153 0.078685
v -0.017039 1.651688 0.075873
v -0.018105 1.651862 0.078740
v -0.016745 1.654678 0.075893
v -0.017829 1.654678 0.078757
v -0.017040 1.657668 0.075873
v -0.018106 1.657494 0.078739
v -0.017911 1.660542 0.075815
v -0.018926 1.660202 0.078684
v -0.019325 1.663191 0.075719
v -0.020258 1.662697 0.078594
v -0.021227 1.665512 0.075592
v -0.022050 1.664884 0.078474
v -0.023250 1.663862 0.081100
v -0.024780 1.662489 0.083370
v -0.021637 1.661895 0.081209
v -0.023408 1.660815 0.083463
v -0.020439 1.659649 0.081289
v -0.022389 1.658904 0.083532
v -0.019701 1.657212 0.081340
v -0.021761 1.656832 0.083574
v -0.019451 1.654677 0.081356
v -0.021548 1.654677 0.083589
v -0.019700 1.652143 0.081340
v -0.021760 1.652521 0.083574
v -0.020436 1.649706 0.081290
v -0.022387 1.650449 0.083532
v -0.021633 1.647459 0.081210
v -0.023405 1.648539 0.083463
v -0.023245 1.645491 0.081101
v -0.024774 1.646864 0.083372
v -0.025208 1.643875 0.080969
v -0.026445 1.645489 0.083260
v -0.027449 1.642673 0.080818
v -0.028350 1.644468 0.083131
v -0.029881 1.641933 0.080655
v -0.030418 1.643838 0.082992
v -0.032409 1.641681 0.080486
v -0.032569 1.643625 0.082847
v -0.034938 1.641931 0.080315
v -0.034719 1.643837 0.082703
v -0.037370 1.642670 0.080152
v -0.036787 1.644465 0.082564
v -0.039611 1.643869 0.080000
v -0.038694 1.645486 0.082435
v -0.041576 1.645485 0.079869
v -0.040364 1.646859 0.082323
v -0.043188 1.647453 0.079760
v -0.041735 1.648533 0.082231
v -0.044387 1.649698 0.079679
v -0.042754 1.650442 0.082162
v -0.045124 1.652136 0.079630
v -0.043383 1.652515 0.082120
v -0.045374 1.654670 0.079612
v -0.043595 1.654670 0.082106
v -0.041363 1.654671 0.084203
v -0.041196 1.652978 0.084214
v -0.040703 1.651349 0.084247
v -0.039902 1.649849 0.084301
v -0.038825 1.648533 0.084374
v -0.037512 1.647455 0.084462
v -0.036014 1.646653 0.084563
v -0.034389 1.646159 0.084672
v -0.032700 1.645993 0.084786
v -0.031010 1.646160 0.084899
v -0.029385 1.646655 0.085008
v -0.027889 1.647458 0.085110
v -0.026576 1.648538 0.085198
v -0.025500 1.649853 0.085270
v -0.024699 1.651354 0.085324
v -0.024207 1.652983 0.085356
v -0.024041 1.654676 0.085368
v -0.024208 1.656369 0.085357
v -0.024701 1.657998 0.085324
v -0.025502 1.659498 0.085269
v -0.026580 1.660814 0.085197
vn -0.0766 -0.0000 0.9971
vn -0.0676 0.0220 0.9975
vn -0.0715 0.0233 0.9972
vn -0.0766 0.0237 0.9968
vn -0.0813 0.0234 0.9964
vn -0.0636 0.0200 0.9978
vn -0.0599 0.0168 0.9981
vn -0.0567 0.0132 0.9983
vn -0.0547 0.0091 0.9985
vn -0.0532 0.0046 0.9986
vn -0.0529 -0.0000 0.9986
vn -0.0532 -0.0046 0.9986
vn -0.0546 -0.0089 0.9985
vn -0.0568 -0.0132 0.9983
vn -0.0599 -0.0169 0.9981
vn -0.0633 -0.0198 0.9978
vn -0.0678 -0.0221 0.9975
vn -0.0720 -0.0235 0.9971
vn -0.0765 -0.0237 0.9968
vn -0.0813 -0.0234 0.9964
vn -0.0857 -0.0220 0.9961
vn -0.0899 -0.0198 0.9958
vn -0.0933 -0.0168 0.9955
vn -0.0963 -0.0134 0.9953
vn -0.0985 -0.0090 0.9951
vn -0.0999 -0.0047 0.9950
vn -0.1003 -0.0000 0.9950
vn -0.0999 0.0048 0.9950
vn -0.0985 0.0090 0.9951
vn -0.0963 0.0133 0.9953
vn -0.0934 0.0168 0.9955
vn -0.0899 0.0197 0.9958
vn -0.0856 0.0220 0.9961
vn -0.0843 0.0384 0.9957
vn -0.0914 0.0362 0.9952
vn -0.0767 0.0390 0.9963
vn -0.0765 0.0756 0.9942
vn -0.0913 0.0743 0.9931
vn -0.1053 0.0698 0.9920
vn -0.0689 0.0384 0.9969
vn -0.0616 0.0747 0.9953
vn -0.0618 0.0360 0.9974
vn -0.0477 0.0699 0.9964
vn -0.0550 0.0325 0.9980
vn -0.0345 0.0630 0.9974
vn -0.0491 0.0276 0.9984
vn -0.0231 0.0535 0.9983
vn -0.0442 0.0218 0.9988
vn -0.0136 0.0422 0.9990
vn -0.0407 0.0148 0.9991
vn -0.0068 0.0290 0.9996
vn -0.0384 0.0075 0.9992
vn -0.0020 0.0146 0.9999
vn -0.0378 -0.0000 0.9993
vn -0.0018 -0.0000 1.0000
vn -0.0384 -0.0075 0.9992
vn -0.0021 -0.0146 0.9999
vn -0.0407 -0.0148 0.9991
vn -0.0068 -0.0289 0.9996
vn -0.0442 -0.0217 0.9988
vn -0.0136 -0.0421 0.9990
vn -0.0491 -0.0276 0.9984
vn -0.0232 -0.0534 0.9983
vn -0.0549 -0.0325 0.9980
vn -0.0343 -0.0633 0.9974
vn -0.0618 -0.0360 0.9974
vn -0.0476 -0.0698 0.9964
vn -0.0690 -0.0384 0.9969
vn -0.0618 -0.0748 0.9953
vn -0.0766 -0.0390 0.9963
vn -0.0765 -0.0756 0.9942
vn -0.0842 -0.0384 0.9957
vn -0.0912 -0.0743 0.9931
vn -0.0915 -0.0361 0.9952
vn -0.1053 -0.0698 0.9920
vn -0.0983 -0.0326 0.9946
vn -0.1184 -0.0630 0.9910
vn -0.1042 -0.0276 0.9942
vn -0.1297 -0.0534 0.9901
vn -0.1091 -0.0219 0.9938
vn -0.1393 -0.0422 0.9894
vn -0.1126 -0.0149 0.9935
vn -0.1461 -0.0289 0.9888
vn -0.1150 -0.0076 0.9933
vn -0.1506 -0.0148 0.9885
vn -0.1156 -0.0000 0.9933
vn -0.1518 -0.0000 0.9884
vn -0.1150 0.0077 0.9933
vn -0.1506 0.0148 0.9885
vn -0.1127 0.0149 0.9935
vn -0.1461 0.0288 0.9889
vn -0.1091 0.0217 0.9938
vn -0.1393 0.0420 0.9894
vn -0.1042 0.0276 0.9942
vn -0.1297 0.0534 0.9901
vn -0.0983 0.0326 0.9946
vn -0.1184 0.0630 0.9910
vn -0.1516 0.1136 0.9819
vn -0.1715 0.0963 0.9805
vn -0.1288 0.1281 0.9834
vn -0.1337 0.1444 0.9804
vn -0.1584 0.1267 0.9792
vn -0.1819 0.1079 0.9774
vn -0.1031 0.1365 0.9853
vn -0.1048 0.1529 0.9827
vn -0.0760 0.1410 0.9871
vn -0.0741 0.1586 0.9846
vn -0.0483 0.1395 0.9890
vn -0.0419 0.1574 0.9866
vn -0.0206 0.1338 0.9908
vn -0.0108 0.1536 0.9881
vn 0.0044 0.1203 0.9927
vn 0.0157 0.1361 0.9906
vn 0.0271 0.1034 0.9943
vn 0.0435 0.1175 0.9921
vn 0.0456 0.0815 0.9956
vn 0.0639 0.0927 0.9936
vn 0.0597 0.0562 0.9966
vn 0.0808 0.0645 0.9946
vn 0.0691 0.0286 0.9972
vn 0.0898 0.0325 0.9954
vn 0.0682 0.0004 0.9977
vn 0.0919 0.0001 0.9958
vn 0.0688 -0.0284 0.9972
vn 0.0898 -0.0323 0.9954
vn 0.0601 -0.0564 0.9966
vn 0.0765 -0.0750 0.9942
vn 0.0605 -0.0912 0.9940
vn 0.0891 -0.1224 0.9885
vn 0.0392 -0.1151 0.9926
vn 0.0685 -0.1438 0.9872
vn 0.0149 -0.1359 0.9906
vn 0.0387 -0.1704 0.9846
vn -0.0137 -0.1500 0.9886
vn 0.0027 -0.1880 0.9822
vn -0.0438 -0.1600 0.9861
vn -0.0351 -0.2010 0.9790
vn -0.0756 -0.1625 0.9838
vn -0.0748 -0.2041 0.9761
vn -0.1074 -0.1600 0.9813
vn -0.1148 -0.2019 0.9726
vn -0.1375 -0.1498 0.9791
vn -0.1531 -0.1893 0.9699
vn -0.1658 -0.1353 0.9768
vn -0.1888 -0.1710 0.9670
vn -0.1893 -0.1141 0.9753
vn -0.2195 -0.1451 0.9648
vn -0.2105 -0.0904 0.9734
vn -0.2464 -0.1149 0.9623
vn -0.2244 -0.0618 0.9725
vn -0.2638 -0.0785 0.9614
vn -0.2338 -0.0316 0.9718
vn -0.2772 -0.0404 0.9600
vn -0.2365 -0.0001 0.9716
vn -0.2797 -0.0001 0.9601
vn -0.2343 0.0316 0.9717
vn -0.2807 0.0231 0.9595
vn -0.2004 0.0516 0.9784
vn -0.2203 0.0403 0.9746
vn -0.1881 0.0753 0.9793
vn -0.1985 0.0831 0.9766
vn -0.2155 0.0947 0.9719
vn -0.2403 0.0447 0.9697
vn -0.1960 0.1224 0.9729
vn -0.2756 0.2045 0.9393
vn -0.3092 0.1590 0.9376
vn -0.3436 0.0863 0.9351
vn -0.1696 0.1444 0.9749
vn -0.2329 0.2431 0.9416
vn -0.1413 0.1641 0.9763
vn -0.1839 0.2738 0.9440
vn -0.1085 0.1743 0.9787
vn -0.1295 0.2937 0.9471
vn -0.0732 0.1811 0.9807
vn -0.0706 0.3042 0.9500
vn -0.0368 0.1794 0.9831
vn -0.0098 0.3014 0.9535
vn -0.0020 0.1740 0.9847
vn 0.0478 0.2881 0.9564
vn 0.0287 0.1552 0.9875
vn 0.1027 0.2620 0.9596
vn 0.0605 0.1339 0.9891
vn 0.1539 0.2248 0.9622
vn 0.0836 0.1055 0.9909
vn 0.1944 0.1780 0.9646
vn 0.1029 0.0734 0.9920
vn 0.2261 0.1236 0.9662
vn 0.1132 0.0373 0.9929
vn 0.2452 0.0632 0.9674
vn 0.1159 0.0001 0.9933
vn 0.2513 -0.0000 0.9679
vn 0.1132 -0.0372 0.9929
vn 0.2451 -0.0625 0.9675
vn 0.0978 -0.0863 0.9915
vn 0.2205 -0.1373 0.9657
vn 0.1031 -0.1343 0.9856
vn 0.1883 -0.1912 0.9633
vn 0.0817 -0.1567 0.9843
vn 0.1542 -0.2272 0.9616
vn 0.0484 -0.1847 0.9816
vn 0.1038 -0.2643 0.9588
vn 0.0092 -0.2032 0.9791
vn 0.0477 -0.2904 0.9557
vn -0.0319 -0.2160 0.9759
vn -0.0125 -0.3037 0.9527
vn -0.0747 -0.2198 0.9727
vn -0.0728 -0.3063 0.9491
vn -0.1176 -0.2165 0.9692
vn -0.1315 -0.2963 0.9460
vn -0.1582 -0.2021 0.9665
vn -0.1866 -0.2754 0.9431
vn -0.1959 -0.1823 0.9635
vn -0.2359 -0.2447 0.9405
vn -0.2284 -0.1542 0.9613
vn -0.2783 -0.2059 0.9382
vn -0.2564 -0.1218 0.9589
vn -0.3122 -0.1603 0.9364
vn -0.2750 -0.0832 0.9578
vn -0.3371 -0.1098 0.9350
vn -0.2886 -0.0427 0.9565
vn -0.3521 -0.0557 0.9343
vn -0.2914 -0.0001 0.9566
vn -0.3572 -0.0001 0.9340
vn -0.2926 0.0219 0.9560
vn -0.3563 0.0330 0.9338
vn -0.5297 0.1960 0.8252
vn -0.5477 0.0976 0.8310
vn -0.5575 -0.0001 0.8302
vn -0.4834 0.2847 0.8278
vn -0.7019 0.2715 0.6585
vn -0.7422 0.1383 0.6557
vn -0.6365 0.3944 0.6628
vn -0.8054 0.3187 0.4998
vn -0.8526 0.1623 0.4967
vn -0.7285 0.4628 0.5050
vn -0.8781 0.3537 0.3224
vn -0.9306 0.1801 0.3188
vn -0.7928 0.5136 0.3281
vn -0.9174 0.3751 0.1326
vn -0.9731 0.1911 0.1289
vn -0.8270 0.5448 0.1387
vn -0.9219 0.3824 -0.0620
vn -0.9786 0.1949 -0.0658
vn -0.8298 0.5552 -0.0558
vn -0.9109 0.3806 -0.1594
vn -0.9673 0.1938 -0.1636
vn -0.8192 0.5526 -0.1533
vn -0.7057 0.7069 -0.0475
vn -0.6958 0.7035 -0.1451
vn -0.5545 0.8314 -0.0373
vn -0.5452 0.8274 -0.1349
vn -0.3821 0.9238 -0.0257
vn -0.3737 0.9193 -0.1233
vn -0.1950 0.9807 -0.0131
vn -0.1875 0.9760 -0.1107
vn -0.0003 1.0000 -0.0000
vn 0.0063 0.9952 -0.0978
vn 0.1943 0.9809 0.0131
vn 0.2002 0.9761 -0.0844
vn 0.1776 0.9622 0.2063
vn -0.0133 0.9810 0.1935
vn -0.2043 0.9621 0.1806
vn 0.1542 0.9071 0.3917
vn -0.0258 0.9248 0.3796
vn -0.2059 0.9070 0.3675
vn -0.3878 0.9062 0.1683
vn -0.3789 0.8543 0.3559
vn -0.5570 0.8156 0.1569
vn -0.5383 0.7688 0.3452
vn -0.7053 0.6935 0.1469
vn -0.6782 0.6537 0.3358
vn -0.4992 0.6928 0.5204
vn -0.6252 0.5891 0.5119
vn -0.4411 0.5903 0.6760
vn -0.5484 0.5021 0.6687
vn -0.3186 0.6560 0.6842
vn -0.3556 0.7699 0.5300
vn -0.1856 0.6965 0.6932
vn -0.1996 0.8173 0.5405
vn -0.0473 0.7101 0.7025
vn -0.0373 0.8334 0.5515
vn 0.1249 0.8174 0.5624
vn 0.0908 0.6965 0.7118
vn 0.0439 0.5114 0.8582
vn -0.0575 0.5200 0.8522
vn -0.1583 0.5083 0.8465
vn -0.2549 0.4771 0.8410
vn -0.3433 0.4285 0.8358
vn -0.4203 0.3635 0.8314
vn 0.1420 0.4829 0.8641
vn 0.2236 0.6562 0.7207
vn 0.2332 0.4362 0.8691
vn 0.3462 0.5906 0.7289
vn 0.2809 0.7700 0.5729
vn 0.4246 0.6931 0.5826
vn 0.3274 0.8545 0.4033
vn 0.4868 0.7691 0.4140
vn 0.3613 0.9064 0.2187
vn 0.5305 0.8159 0.2300
vn 0.3816 0.9240 0.0257
vn 0.5541 0.8316 0.0372
vn 0.3863 0.9195 -0.0724
vn 0.5580 0.8276 -0.0609
vn 0.7053 0.7074 0.0474
vn 0.7084 0.7039 -0.0507
vn 0.8294 0.5558 0.0557
vn 0.8320 0.5532 -0.0424
vn 0.9217 0.3829 0.0619
vn 0.9238 0.3811 -0.0361
vn 0.9785 0.1953 0.0658
vn 0.9804 0.1944 -0.0323
vn 0.9977 0.0003 0.0671
vn 0.9995 0.0004 -0.0310
vn 0.9786 -0.1948 0.0659
vn 0.9805 -0.1938 -0.0322
vn 0.9219 -0.3824 0.0620
vn 0.9240 -0.3806 -0.0361
vn 0.8297 -0.5553 0.0558
vn 0.8324 -0.5526 -0.0423
vn 0.7057 -0.7070 0.0475
vn 0.7088 -0.7036 -0.0506
vn 0.5546 -0.8313 0.0373
vn 0.5585 -0.8273 -0.0605
vn 0.3822 -0.9237 0.0258
vn 0.3870 -0.9193 -0.0721
vn 0.1949 -0.9807 0.0132
vn 0.2006 -0.9760 -0.0846
vn 0.0003 -1.0000 0.0002
vn 0.0068 -0.9952 -0.0977
vn -0.1944 -0.9808 -0.0130
vn -0.1869 -0.9761 -0.1109
vn -0.3815 -0.9240 -0.0257
vn -0.3731 -0.9195 -0.1234
vn -0.5540 -0.8317 -0.0372
vn -0.5447 -0.8277 -0.1348
vn -0.7054 -0.7073 -0.0474
vn -0.6954 -0.7039 -0.1450
vn -0.8295 -0.5558 -0.0558
vn -0.8189 -0.5530 -0.1533
vn -0.9217 -0.3829 -0.0621
vn -0.9107 -0.3811 -0.1595
vn -0.9785 -0.1955 -0.0659
vn -0.9672 -0.1946 -0.1633
vn -0.9977 -0.0003 -0.0671
vn -0.9864 -0.0004 -0.1646
vn -0.9918 -0.0003 0.1277
vn -0.9729 -0.1917 0.1290
vn -0.9482 -0.0003 0.3177
vn -0.9304 -0.1806 0.3189
vn -0.9172 -0.3757 0.1327
vn -0.8779 -0.3541 0.3225
vn -0.8267 -0.5453 0.1388
vn -0.7926 -0.5140 0.3281
vn -0.7050 -0.6938 0.1470
vn -0.6778 -0.6540 0.3358
vn -0.5565 -0.8159 0.1570
vn -0.5379 -0.7691 0.3452
vn -0.3873 -0.9065 0.1684
vn -0.3783 -0.8545 0.3560
vn -0.2037 -0.9622 0.1807
vn -0.2053 -0.9071 0.3676
vn -0.0127 -0.9810 0.1936
vn -0.0252 -0.9248 0.3796
vn 0.1782 -0.9621 0.2064
vn 0.1548 -0.9069 0.3918
vn 0.3618 -0.9062 0.2188
vn 0.3278 -0.8542 0.4035
vn 0.5310 -0.8155 0.2301
vn 0.4873 -0.7687 0.4143
vn 0.6793 -0.6935 0.2401
vn 0.6270 -0.6537 0.4236
vn 0.8010 -0.5448 0.2483
vn 0.7417 -0.5136 0.4313
vn 0.8914 -0.3751 0.2543
vn 0.8270 -0.3536 0.4371
vn 0.9471 -0.1910 0.2581
vn 0.8795 -0.1800 0.4406
vn 0.9658 0.0003 0.2593
vn 0.8972 0.0002 0.4417
vn 0.9470 0.1916 0.2580
vn 0.8794 0.1806 0.4405
vn 0.8912 0.3757 0.2542
vn 0.8268 0.3542 0.4370
vn 0.8007 0.5453 0.2482
vn 0.7415 0.5141 0.4312
vn 0.6789 0.6939 0.2400
vn 0.6267 0.6542 0.4235
vn 0.6541 0.4632 0.5980
vn 0.5506 0.5895 0.5911
vn 0.5417 0.3948 0.7421
vn 0.4535 0.5024 0.7362
vn 0.6073 0.2719 0.7465
vn 0.7310 0.3191 0.6032
vn 0.6476 0.1388 0.7492
vn 0.7784 0.1628 0.6063
vn 0.6613 0.0002 0.7501
vn 0.7944 0.0002 0.6074
vn 0.6477 -0.1384 0.7492
vn 0.7784 -0.1623 0.6064
vn 0.6075 -0.2715 0.7465
vn 0.7311 -0.3186 0.6033
vn 0.5421 -0.3943 0.7421
vn 0.6543 -0.4628 0.5981
vn 0.4540 -0.5019 0.7362
vn 0.5510 -0.5891 0.5911
vn 0.3465 -0.5904 0.7290
vn 0.4255 -0.6925 0.5826
vn 0.2241 -0.6560 0.7208
vn 0.2814 -0.7698 0.5729
vn 0.0914 -0.6964 0.7118
vn 0.1255 -0.8173 0.5624
vn -0.0471 -0.7101 0.7025
vn -0.0368 -0.8334 0.5515
vn -0.1853 -0.6965 0.6932
vn -0.1991 -0.8174 0.5406
vn -0.3182 -0.6561 0.6843
vn -0.3550 -0.7700 0.5301
vn -0.4407 -0.5905 0.6760
vn -0.4988 -0.6930 0.5205
vn -0.5481 -0.5023 0.6688
vn -0.6249 -0.5893 0.5121
vn -0.6363 -0.3946 0.6628
vn -0.7283 -0.4631 0.5051
vn -0.7017 -0.2720 0.6584
vn -0.8052 -0.3191 0.4998
vn -0.7422 -0.1388 0.6557
vn -0.8526 -0.1628 0.4966
vn -0.7558 -0.0002 0.6548
vn -0.8686 -0.0003 0.4955
vn -0.5475 -0.0977 0.8311
vn -0.5204 -0.1919 0.8321
vn -0.4746 -0.2787 0.8349
vn -0.4134 -0.3563 0.8379
vn -0.3376 -0.4199 0.8424
vn -0.2516 -0.4686 0.8468
vn -0.1569 -0.4989 0.8523
vn -0.0574 -0.5113 0.8575
vn 0.0425 -0.5029 0.8633
vn 0.1394 -0.4762 0.8682
vn 0.2289 -0.4294 0.8736
vn 0.3086 -0.3667 0.8777
vn 0.3737 -0.2886 0.8815
vn 0.4292 -0.2015 0.8804
vn 0.4593 -0.1031 0.8823
vn 0.4695 0.0001 0.8829
vn 0.4592 0.1033 0.8823
vn 0.4291 0.2018 0.8804
vn 0.3794 0.2928 0.8777
vn 0.3136 0.3718 0.8738
vt 0.407127 0.956228
vt 0.408227 0.958928
vt 0.407677 0.959078
vt 0.407127 0.959128
vt 0.406577 0.959078
vt 0.408777 0.958628
vt 0.409177 0.958278
vt 0.409577 0.957828
vt 0.409827 0.957328
vt 0.409977 0.956778
vt 0.410077 0.956228
vt 0.409977 0.955678
vt 0.409827 0.955128
vt 0.409577 0.954578
vt 0.409177 0.954178
vt 0.408777 0.953778
vt 0.408227 0.953528
vt 0.407727 0.953378
vt 0.407127 0.953278
vt 0.406577 0.953378
vt 0.406027 0.953528
vt 0.405527 0.953778
vt 0.405077 0.954178
vt 0.404727 0.954578
vt 0.404427 0.955128
vt 0.404277 0.955628
vt 0.404227 0.956228
vt 0.404277 0.956778
vt 0.404427 0.957328
vt 0.404727 0.957828
vt 0.405077 0.958278
vt 0.405527 0.958628
vt 0.406027 0.958928
vt 0.406027 0.961828
vt 0.404927 0.961478
vt 0.407127 0.961928
vt 0.407127 0.964378
vt 0.405527 0.964228
vt 0.403977 0.963778
vt 0.408227 0.961828
vt 0.408727 0.964228
vt 0.409327 0.961478
vt 0.410227 0.963778
vt 0.410277 0.960978
vt 0.411677 0.963028
vt 0.411127 0.960228
vt 0.412877 0.962028
vt 0.411877 0.959378
vt 0.413927 0.960778
vt 0.412377 0.958378
vt 0.414677 0.959328
vt 0.412727 0.957328
vt 0.415127 0.957828
vt 0.412827 0.956228
vt 0.415277 0.956228
vt 0.412727 0.955128
vt 0.415127 0.954628
vt 0.412377 0.954028
vt 0.414677 0.953078
vt 0.411877 0.953078
vt 0.413927 0.951678
vt 0.411177 0.952178
vt 0.412927 0.950428
vt 0.410277 0.951478
vt 0.411677 0.949428
vt 0.409327 0.950978
vt 0.410277 0.948678
vt 0.408227 0.950628
vt 0.408727 0.948228
vt 0.407127 0.950528
vt 0.407127 0.948028
vt 0.406027 0.950628
vt 0.405527 0.948228
vt 0.404927 0.950978
vt 0.403977 0.948678
vt 0.403977 0.951478
vt 0.402577 0.949428
vt 0.403127 0.952178
vt 0.401327 0.950428
vt 0.402377 0.953078
vt 0.400327 0.951678
vt 0.401877 0.954028
vt 0.399577 0.953078
vt 0.401527 0.955128
vt 0.399127 0.954628
vt 0.401427 0.956228
vt 0.398977 0.956228
vt 0.401527 0.957328
vt 0.399127 0.957828
vt 0.401877 0.958378
vt 0.399577 0.959328
vt 0.402377 0.959378
vt 0.400327 0.960778
vt 0.403077 0.960228
vt 0.401327 0.961978
vt 0.403977 0.960978
vt 0.402577 0.963028
vt 0.401177 0.965078
vt 0.399577 0.963778
vt 0.403027 0.966078
vt 0.401927 0.968728
vt 0.399577 0.967478
vt 0.397527 0.965778
vt 0.405027 0.966678
vt 0.404477 0.969528
vt 0.407127 0.966878
vt 0.407127 0.969778
vt 0.409177 0.966678
vt 0.409777 0.969528
vt 0.411227 0.966078
vt 0.412277 0.968728
vt 0.413027 0.965128
vt 0.414627 0.967478
vt 0.414677 0.963778
vt 0.416677 0.965828
vt 0.415977 0.962178
vt 0.418377 0.963778
vt 0.416977 0.960328
vt 0.419627 0.961428
vt 0.417577 0.958328
vt 0.420427 0.958878
vt 0.417777 0.956228
vt 0.420677 0.956228
vt 0.417577 0.954128
vt 0.420427 0.953578
vt 0.416977 0.952128
vt 0.419627 0.951028
vt 0.415977 0.950278
vt 0.418377 0.948678
vt 0.414677 0.948678
vt 0.416677 0.946628
vt 0.413077 0.947328
vt 0.414627 0.944978
vt 0.411227 0.946378
vt 0.412327 0.943728
vt 0.409227 0.945728
vt 0.409777 0.942928
vt 0.407127 0.945528
vt 0.407127 0.942678
vt 0.405027 0.945728
vt 0.404477 0.942928
vt 0.403027 0.946378
vt 0.401927 0.943678
vt 0.401177 0.947328
vt 0.399577 0.944978
vt 0.399577 0.948678
vt 0.397527 0.946628
vt 0.398227 0.950278
vt 0.395827 0.948678
vt 0.397277 0.952128
vt 0.394577 0.951028
vt 0.396627 0.954128
vt 0.393827 0.953578
vt 0.396427 0.956228
vt 0.393577 0.956228
vt 0.396627 0.958278
vt 0.393827 0.958878
vt 0.397277 0.960328
vt 0.394577 0.961428
vt 0.398227 0.962128
vt 0.395827 0.963728
vt 0.395376 0.964047
vt 0.394073 0.961614
vt 0.397129 0.966176
vt 0.396777 0.966528
vt 0.394977 0.964328
vt 0.393627 0.961778
vt 0.399286 0.967929
vt 0.399027 0.968328
vt 0.401715 0.969232
vt 0.401527 0.969678
vt 0.404371 0.970059
vt 0.404277 0.970528
vt 0.407127 0.970336
vt 0.407127 0.970828
vt 0.409884 0.970059
vt 0.409977 0.970528
vt 0.412490 0.969232
vt 0.412677 0.969678
vt 0.414946 0.967929
vt 0.415227 0.968328
vt 0.417075 0.966200
vt 0.417427 0.966528
vt 0.418829 0.964070
vt 0.419227 0.964328
vt 0.420132 0.961641
vt 0.420577 0.961828
vt 0.420958 0.958984
vt 0.421427 0.959078
vt 0.421208 0.956228
vt 0.421677 0.956228
vt 0.420958 0.953472
vt 0.421427 0.953378
vt 0.420132 0.950816
vt 0.420577 0.950628
vt 0.418829 0.948386
vt 0.419227 0.948128
vt 0.417075 0.946257
vt 0.417427 0.945928
vt 0.414946 0.944501
vt 0.415227 0.944078
vt 0.412513 0.943197
vt 0.412677 0.942728
vt 0.409884 0.942398
vt 0.409977 0.941928
vt 0.407127 0.942121
vt 0.407127 0.941628
vt 0.404371 0.942398
vt 0.404277 0.941928
vt 0.401715 0.943174
vt 0.401527 0.942728
vt 0.399286 0.944501
vt 0.399027 0.944078
vt 0.397156 0.946257
vt 0.396827 0.945928
vt 0.395376 0.948386
vt 0.394977 0.948128
vt 0.394073 0.950816
vt 0.393627 0.950628
vt 0.393297 0.953472
vt 0.392827 0.953378
vt 0.393020 0.956228
vt 0.392527 0.956228
vt 0.393297 0.958984
vt 0.392827 0.959078
vt 0.389577 0.963478
vt 0.388527 0.959928
vt 0.388177 0.956228
vt 0.391327 0.966728
vt 0.384977 0.965378
vt 0.383627 0.960878
vt 0.387177 0.969528
vt 0.380777 0.967128
vt 0.379177 0.961778
vt 0.383427 0.972028
vt 0.377127 0.968628
vt 0.375277 0.962528
vt 0.380127 0.974228
vt 0.373927 0.969928
vt 0.371927 0.963228
vt 0.377277 0.976128
vt 0.773243 0.565152
vt 0.772443 0.564852
vt 0.773143 0.562552
vt 0.773943 0.562752
vt 0.772043 0.567352
vt 0.771343 0.566952
vt 0.771743 0.564552
vt 0.772443 0.562452
vt 0.770743 0.566452
vt 0.769843 0.568752
vt 0.769343 0.568252
vt 0.768043 0.570252
vt 0.767643 0.569652
vt 0.765943 0.571352
vt 0.765743 0.570652
vt 0.763743 0.572052
vt 0.763543 0.571252
vt 0.761343 0.572252
vt 0.761343 0.571552
vt 0.759043 0.572052
vt 0.759143 0.571252
vt 0.758843 0.572852
vt 0.761343 0.573052
vt 0.763943 0.572852
vt 0.413427 0.988028
vt 0.414077 0.991378
vt 0.407077 0.992078
vt 0.407077 0.988678
vt 0.400077 0.991378
vt 0.400727 0.988028
vt 0.393377 0.989328
vt 0.394677 0.986178
vt 0.766343 0.572152
vt 0.387177 0.986028
vt 0.389077 0.983178
vt 0.768543 0.570952
vt 0.381727 0.981578
vt 0.384127 0.979128
vt 0.770443 0.569352
vt 0.391277 0.979878
vt 0.386977 0.976328
vt 0.393777 0.976128
vt 0.390177 0.973128
vt 0.397927 0.978328
vt 0.396177 0.982528
vt 0.402427 0.979678
vt 0.401527 0.984128
vt 0.407077 0.980178
vt 0.407077 0.984678
vt 0.412627 0.984128
vt 0.411777 0.979728
vt 0.410777 0.974828
vt 0.407077 0.975178
vt 0.403427 0.974828
vt 0.399827 0.973728
vt 0.396577 0.971978
vt 0.393677 0.969628
vt 0.414377 0.973728
vt 0.416277 0.978328
vt 0.417627 0.971978
vt 0.420377 0.976128
vt 0.417977 0.982528
vt 0.422877 0.979878
vt 0.419477 0.986178
vt 0.425077 0.983178
vt 0.420777 0.989328
vt 0.426977 0.986028
vt 0.756443 0.572152
vt 0.756843 0.571352
vt 0.754243 0.570952
vt 0.754743 0.570252
vt 0.757043 0.570652
vt 0.755143 0.569652
vt 0.752943 0.568752
vt 0.753443 0.568252
vt 0.751443 0.566952
vt 0.752043 0.566552
vt 0.750343 0.564852
vt 0.750943 0.564552
vt 0.749643 0.562552
vt 0.750343 0.562452
vt 0.749343 0.560252
vt 0.750143 0.560252
vt 0.749643 0.557952
vt 0.750343 0.558052
vt 0.750243 0.555652
vt 0.750943 0.555952
vt 0.751443 0.553552
vt 0.752043 0.553952
vt 0.752943 0.551752
vt 0.753443 0.552252
vt 0.754743 0.550252
vt 0.755143 0.550852
vt 0.756743 0.549152
vt 0.757043 0.549852
vt 0.759043 0.548452
vt 0.759143 0.549152
vt 0.761343 0.548252
vt 0.761343 0.548952
vt 0.763743 0.548452
vt 0.763543 0.549152
vt 0.765943 0.549152
vt 0.765643 0.549852
vt 0.768043 0.550252
vt 0.767643 0.550852
vt 0.769843 0.551752
vt 0.769343 0.552252
vt 0.771343 0.553552
vt 0.770743 0.553952
vt 0.772443 0.555652
vt 0.771743 0.555952
vt 0.773143 0.557852
vt 0.772443 0.558052
vt 0.773343 0.560252
vt 0.772643 0.560252
vt 0.774243 0.560252
vt 0.773943 0.557752
vt 0.371227 0.956228
vt 0.374627 0.956228
vt 0.371927 0.949228
vt 0.375277 0.949878
vt 0.373977 0.942478
vt 0.377127 0.943778
vt 0.773243 0.555352
vt 0.377277 0.936278
vt 0.380127 0.938178
vt 0.772043 0.553052
vt 0.381727 0.930878
vt 0.384177 0.933278
vt 0.770443 0.551152
vt 0.387177 0.926378
vt 0.389077 0.929228
vt 0.768543 0.549552
vt 0.393377 0.923078
vt 0.394677 0.926228
vt 0.766343 0.548352
vt 0.400077 0.921078
vt 0.400777 0.924378
vt 0.763843 0.547652
vt 0.407077 0.920378
vt 0.407077 0.923778
vt 0.761343 0.547352
vt 0.414077 0.921078
vt 0.413427 0.924428
vt 0.758843 0.547652
vt 0.420827 0.923128
vt 0.419527 0.926278
vt 0.756443 0.548352
vt 0.426977 0.926428
vt 0.425127 0.929278
vt 0.754243 0.549552
vt 0.432427 0.930878
vt 0.430027 0.933278
vt 0.752243 0.551152
vt 0.436877 0.936328
vt 0.434077 0.938228
vt 0.750743 0.553152
vt 0.440177 0.942528
vt 0.437077 0.943828
vt 0.749543 0.555352
vt 0.442227 0.949228
vt 0.438877 0.949878
vt 0.748743 0.557752
vt 0.442927 0.956228
vt 0.439527 0.956228
vt 0.748543 0.560252
vt 0.442227 0.963228
vt 0.438877 0.962578
vt 0.748743 0.562752
vt 0.440177 0.969928
vt 0.437027 0.968628
vt 0.749543 0.565152
vt 0.436877 0.976128
vt 0.434027 0.974228
vt 0.750743 0.567352
vt 0.432427 0.981578
vt 0.430027 0.979178
vt 0.752343 0.569352
vt 0.430727 0.972028
vt 0.427227 0.976328
vt 0.427027 0.969528
vt 0.424027 0.973178
vt 0.429227 0.965378
vt 0.433377 0.967128
vt 0.430577 0.960878
vt 0.435027 0.961778
vt 0.431027 0.956228
vt 0.435577 0.956228
vt 0.430577 0.951578
vt 0.435027 0.950678
vt 0.429227 0.947078
vt 0.433377 0.945328
vt 0.427027 0.942928
vt 0.430777 0.940428
vt 0.424027 0.939278
vt 0.427227 0.936078
vt 0.420427 0.936328
vt 0.422927 0.932578
vt 0.416277 0.934078
vt 0.417977 0.929928
vt 0.411777 0.932728
vt 0.412627 0.928328
vt 0.407127 0.932278
vt 0.407077 0.927778
vt 0.402427 0.932728
vt 0.401527 0.928328
vt 0.397927 0.934078
vt 0.396227 0.929928
vt 0.393827 0.936328
vt 0.391277 0.932528
vt 0.390177 0.939278
vt 0.386977 0.936078
vt 0.387177 0.942928
vt 0.383427 0.940378
vt 0.384977 0.947078
vt 0.380777 0.945328
vt 0.383627 0.951528
vt 0.379177 0.950678
vt 0.383177 0.956228
vt 0.378627 0.956228
vt 0.388527 0.952528
vt 0.389577 0.948978
vt 0.391327 0.945678
vt 0.393727 0.942828
vt 0.396577 0.940478
vt 0.399877 0.938728
vt 0.403427 0.937628
vt 0.407127 0.937278
vt 0.410827 0.937628
vt 0.414377 0.938728
vt 0.417627 0.940478
vt 0.420527 0.942828
vt 0.422877 0.945678
vt 0.424627 0.948978
vt 0.425727 0.952528
vt 0.426077 0.956228
vt 0.425727 0.959928
vt 0.424627 0.963478
vt 0.422877 0.966778
vt 0.420527 0.969628
s 1
usemtl Ch31_body.001
f 1000/507/998 1003/508/999 1001/509/1000
f 1000/507/998 1001/509/1000 1002/510/1001
f 1000/507/998 1002/510/1001 1032/511/1002
f 1000/507/998 1004/512/1003 1003/508/999
f 1000/507/998 1005/513/1004 1004/512/1003
f 1000/507/998 1006/514/1005 1005/513/1004
f 1000/507/998 1007/515/1006 1006/514/1005
f 1000/507/998 1008/516/1007 1007/515/1006
f 1000/507/998 1009/517/1008 1008/516/1007
f 1000/507/998 1010/518/1009 1009/517/1008
f 1000/507/998 1011/519/1010 1010/518/1009
f 1000/507/998 1012/520/1011 1011/519/1010
f 1000/507/998 1013/521/1012 1012/520/1011
f 1000/507/998 1014/522/1013 1013/521/1012
f 1000/507/998 1015/523/1014 1014/522/1013
f 1000/507/998 1016/524/1015 1015/523/1014
f 1000/507/998 1017/525/1016 1016/524/1015
f 1000/507/998 1018/526/1017 1017/525/1016
f 1000/507/998 1019/527/1018 1018/526/1017
f 1000/507/998 1020/528/1019 1019/527/1018
f 1000/507/998 1021/529/1020 1020/528/1019
f 1000/507/998 1022/530/1021 1021/529/1020
f 1000/507/998 1023/531/1022 1022/530/1021
f 1000/507/998 1024/532/1023 1023/531/1022
f 1000/507/998 1025/533/1024 1024/532/1023
f 1000/507/998 1026/534/1025 1025/533/1024
f 1000/507/998 1027/535/1026 1026/534/1025
f 1000/507/998 1028/536/1027 1027/535/1026
f 1000/507/998 1029/537/1028 1028/536/1027
f 1000/507/998 1030/538/1029 1029/537/1028
f 1000/507/998 1031/539/1030 1030/538/1029
f 1000/507/998 1032/511/1002 1031/539/1030
f 1032/511/1002 1033/540/1031 1035/541/1032 1031/539/1030
f 1002/510/1001 1036/542/1033 1033/540/1031 1032/511/1002
f 1036/542/1033 1037/543/1034 1034/544/1035 1033/540/1031
f 1033/540/1031 1034/544/1035 1096/545/1036 1035/541/1032
f 1038/546/1037 1039/547/1038 1037/543/1034 1036/542/1033
f 1001/509/1000 1038/546/1037 1036/542/1033 1002/510/1001
f 1040/548/1039 1041/549/1040 1039/547/1038 1038/546/1037
f 1003/508/999 1040/548/1039 1038/546/1037 1001/509/1000
f 1042/550/1041 1043/551/1042 1041/549/1040 1040/548/1039
f 1004/512/1003 1042/550/1041 1040/548/1039 1003/508/999
f 1044/552/1043 1045/553/1044 1043/551/1042 1042/550/1041
f 1005/513/1004 1044/552/1043 1042/550/1041 1004/512/1003
f 1046/554/1045 1047/555/1046 1045/553/1044 1044/552/1043
f 1006/514/1005 1046/554/1045 1044/552/1043 1005/513/1004
f 1048/556/1047 1049/557/1048 1047/555/1046 1046/554/1045
f 1007/515/1006 1048/556/1047 1046/554/1045 1006/514/1005
f 1050/558/1049 1051/559/1050 1049/557/1048 1048/556/1047
f 1008/516/1007 1050/558/1049 1048/556/1047 1007/515/1006
f 1052/560/1051 1053/561/1052 1051/559/1050 1050/558/1049
f 1009/517/1008 1052/560/1051 1050/558/1049 1008/516/1007
f 1054/562/1053 1055/563/1054 1053/561/1052 1052/560/1051
f 1010/518/1009 1054/562/1053 1052/560/1051 1009/517/1008
f 1056/564/1055 1057/565/1056 1055/563/1054 1054/562/1053
f 1011/519/1010 1056/564/1055 1054/562/1053 1010/518/1009
f 1058/566/1057 1059/567/1058 1057/565/1056 1056/564/1055
f 1012/520/1011 1058/566/1057 1056/564/1055 1011/519/1010
f 1060/568/1059 1061/569/1060 1059/567/1058 1058/566/1057
f 1013/521/1012 1060/568/1059 1058/566/1057 1012/520/1011
f 1062/570/1061 1063/571/1062 1061/569/1060 1060/568/1059
f 1014/522/1013 1062/570/1061 1060/568/1059 1013/521/1012
f 1064/572/1063 1065/573/1064 1063/571/1062 1062/570/1061
f 1015/523/1014 1064/572/1063 1062/570/1061 1014/522/1013
f 1066/574/1065 1067/575/1066 1065/573/1064 1064/572/1063
f 1016/524/1015 1066/574/1065 1064/572/1063 1015/523/1014
f 1068/576/1067 1069/577/1068 1067/575/1066 1066/574/1065
f 1017/525/1016 1068/576/1067 1066/574/1065 1016/524/1015
f 1070/578/1069 1071/579/1070 1069/577/1068 1068/576/1067
f 1018/526/1017 1070/578/1069 1068/576/1067 1017/525/1016
f 1072/580/1071 1073/581/1072 1071/579/1070 1070/578/1069
f 1019/527/1018 1072/580/1071 1070/578/1069 1018/526/1017
f 1074/582/1073 1075/583/1074 1073/581/1072 1072/580/1071
f 1020/528/1019 1074/582/1073 1072/580/1071 1019/527/1018
f 1076/584/1075 1077/585/1076 1075/583/1074 1074/582/1073
f 1021/529/1020 1076/584/1075 1074/582/1073 1020/528/1019
f 1078/586/1077 1079/587/1078 1077/585/1076 1076/584/1075
f 1022/530/1021 1078/586/1077 1076/584/1075 1021/529/1020
f 1080/588/1079 1081/589/1080 1079/587/1078 1078/586/1077
f 1023/531/1022 1080/588/1079 1078/586/1077 1022/530/1021
f 1082/590/1081 1083/591/1082 1081/589/1080 1080/588/1079
f 1024/532/1023 1082/590/1081 1080/588/1079 1023/531/1022
f 1084/592/1083 1085/593/1084 1083/591/1082 1082/590/1081
f 1025/533/1024 1084/592/1083 1082/590/1081 1024/532/1023
f 1086/594/1085 1087/595/1086 1085/593/1084 1084/592/1083
f 1026/534/1025 1086/594/1085 1084/592/1083 1025/533/1024
f 1088/596/1087 1089/597/1088 1087/595/1086 1086/594/1085
f 1027/535/1026 1088/596/1087 1086/594/1085 1026/534/1025
f 1090/598/1089 1091/599/1090 1089/597/1088 1088/596/1087
f 1028/536/1027 1090/598/1089 1088/596/1087 1027/535/1026
f 1092/600/1091 1093/601/1092 1091/599/1090 1090/598/1089
f 1029/537/1028 1092/600/1091 1090/598/1089 1028/536/1027
f 1094/602/1093 1095/603/1094 1093/601/1092 1092/600/1091
f 1030/538/1029 1094/602/1093 1092/600/1091 1029/537/1028
f 1035/541/1032 1096/545/1036 1095/603/1094 1094/602/1093
f 1031/539/1030 1035/541/1032 1094/602/1093 1030/538/1029
f 1095/603/1094 1097/604/1095 1099/605/1096 1093/601/1092
f 1096/545/1036 1100/606/1097 1097/604/1095 1095/603/1094
f 1100/606/1097 1101/607/1098 1098/608/1099 1097/604/1095
f 1097/604/1095 1098/608/1099 1160/609/1100 1099/605/1096
f 1102/610/1101 1103/611/1102 1101/607/1098 1100/606/1097
f 1034/544/1035 1102/610/1101 1100/606/1097 1096/545/1036
f 1104/612/1103 1105/613/1104 1103/611/1102 1102/610/1101
f 1037/543/1034 1104/612/1103 1102/610/1101 1034/544/1035
f 1106/614/1105 1107/615/1106 1105/613/1104 1104/612/1103
f 1039/547/1038 1106/614/1105 1104/612/1103 1037/543/1034
f 1108/616/1107 1109/617/1108 1107/615/1106 1106/614/1105
f 1041/549/1040 1108/616/1107 1106/614/1105 1039/547/1038
f 1110/618/1109 1111/619/1110 1109/617/1108 1108/616/1107
f 1043/551/1042 1110/618/1109 1108/616/1107 1041/549/1040
f 1112/620/1111 1113/621/1112 1111/619/1110 1110/618/1109
f 1045/553/1044 1112/620/1111 1110/618/1109 1043/551/1042
f 1114/622/1113 1115/623/1114 1113/621/1112 1112/620/1111
f 1047/555/1046 1114/622/1113 1112/620/1111 1045/553/1044
f 1116/624/1115 1117/625/1116 1115/623/1114 1114/622/1113
f 1049/557/1048 1116/624/1115 1114/622/1113 1047/555/1046
f 1118/626/1117 1119/627/1118 1117/625/1116 1116/624/1115
f 1051/559/1050 1118/626/1117 1116/624/1115 1049/557/1048
f 1118/626/1117 1120/628/1119 1121/629/1120 1119/627/1118
f 1051/559/1050 1053/561/1052 1120/628/1119 1118/626/1117
f 1121/629/1120 1120/628/1119 1122/630/1121 1123/631/1122
f 1120/628/1119 1053/561/1052 1055/563/1054 1122/630/1121
f 1124/632/1123 1125/633/1124 1123/631/1122 1122/630/1121
f 1057/565/1056 1124/632/1123 1122/630/1121 1055/563/1054
f 1126/634/1125 1127/635/1126 1125/633/1124 1124/632/1123
f 1059/567/1058 1126/634/1125 1124/632/1123 1057/565/1056
f 1128/636/1127 1129/637/1128 1127/635/1126 1126/634/1125
f 1061/569/1060 1128/636/1127 1126/634/1125 1059/567/1058
f 1130/638/1129 1131/639/1130 1129/637/1128 1128/636/1127
f 1063/571/1062 1130/638/1129 1128/636/1127 1061/569/1060
f 1132/640/1131 1133/641/1132 1131/639/1130 1130/638/1129
f 1065/573/1064 1132/640/1131 1130/638/1129 1063/571/1062
f 1134/642/1133 1135/643/1134 1133/641/1132 1132/640/1131
f 1067/575/1066 1134/642/1133 1132/640/1131 1065/573/1064
f 1136/644/1135 1137/645/1136 1135/643/1134 1134/642/1133
f 1069/577/1068 1136/644/1135 1134/642/1133 1067/575/1066
f 1138/646/1137 1139/647/1138 1137/645/1136 1136/644/1135
f 1071/579/1070 1138/646/1137 1136/644/1135 1069/577/1068
f 1140/648/1139 1141/649/1140 1139/647/1138 1138/646/1137
f 1073/581/1072 1140/648/1139 1138/646/1137 1071/579/1070
f 1142/650/1141 1143/651/1142 1141/649/1140 1140/648/1139
f 1075/583/1074 1142/650/1141 1140/648/1139 1073/581/1072
f 1144/652/1143 1145/653/1144 1143/651/1142 1142/650/1141
f 1077/585/1076 1144/652/1143 1142/650/1141 1075/583/1074
f 1146/654/1145 1147/655/1146 1145/653/1144 1144/652/1143
f 1079/587/1078 1146/654/1145 1144/652/1143 1077/585/1076
f 1148/656/1147 1149/657/1148 1147/655/1146 1146/654/1145
f 1081/589/1080 1148/656/1147 1146/654/1145 1079/587/1078
f 1150/658/1149 1151/659/1150 1149/657/1148 1148/656/1147
f 1083/591/1082 1150/658/1149 1148/656/1147 1081/589/1080
f 1152/660/1151 1153/661/1152 1151/659/1150 1150/658/1149
f 1085/593/1084 1152/660/1151 1150/658/1149 1083/591/1082
f 1154/662/1153 1155/663/1154 1153/661/1152 1152/660/1151
f 1087/595/1086 1154/662/1153 1152/660/1151 1085/593/1084
f 1156/664/1155 1157/665/1156 1155/663/1154 1154/662/1153
f 1089/597/1088 1156/664/1155 1154/662/1153 1087/595/1086
f 1158/666/1157 1159/667/1158 1157/665/1156 1156/664/1155
f 1091/599/1090 1158/666/1157 1156/664/1155 1089/597/1088
f 1099/605/1096 1160/609/1100 1159/667/1158 1158/666/1157
f 1093/601/1092 1099/605/1096 1158/666/1157 1091/599/1090
f 1157/665/1156 1159/667/1158 1161/668/1159 1163/669/1160
f 1159/667/1158 1160/609/1100 1164/670/1161 1161/668/1159
f 1164/670/1161 1165/671/1162 1162/672/1163 1161/668/1159
f 1161/668/1159 1162/672/1163 1225/673/1164 1163/669/1160
f 1166/674/1165 1167/675/1166 1165/671/1162 1164/670/1161
f 1160/609/1100 1098/608/1099 1166/674/1165 1164/670/1161
f 1168/676/1167 1169/677/1168 1167/675/1166 1166/674/1165
f 1098/608/1099 1101/607/1098 1168/676/1167 1166/674/1165
f 1170/678/1169 1171/679/1170 1169/677/1168 1168/676/1167
f 1101/607/1098 1103/611/1102 1170/678/1169 1168/676/1167
f 1172/680/1171 1173/681/1172 1171/679/1170 1170/678/1169
f 1103/611/1102 1105/613/1104 1172/680/1171 1170/678/1169
f 1174/682/1173 1175/683/1174 1173/681/1172 1172/680/1171
f 1105/613/1104 1107/615/1106 1174/682/1173 1172/680/1171
f 1176/684/1175 1177/685/1176 1175/683/1174 1174/682/1173
f 1107/615/1106 1109/617/1108 1176/684/1175 1174/682/1173
f 1178/686/1177 1179/687/1178 1177/685/1176 1176/684/1175
f 1109/617/1108 1111/619/1110 1178/686/1177 1176/684/1175
f 1180/688/1179 1181/689/1180 1179/687/1178 1178/686/1177
f 1111/619/1110 1113/621/1112 1180/688/1179 1178/686/1177
f 1182/690/1181 1183/691/1182 1181/689/1180 1180/688/1179
f 1113/621/1112 1115/623/1114 1182/690/1181 1180/688/1179
f 1184/692/1183 1185/693/1184 1183/691/1182 1182/690/1181
f 1115/623/1114 1117/625/1116 1184/692/1183 1182/690/1181
f 1186/694/1185 1187/695/1186 1185/693/1184 1184/692/1183
f 1117/625/1116 1119/627/1118 1186/694/1185 1184/692/1183
f 1188/696/1187 1189/697/1188 1187/695/1186 1186/694/1185
f 1119/627/1118 1121/629/1120 1188/696/1187 1186/694/1185
f 1190/698/1189 1191/699/1190 1189/697/1188 1188/696/1187
f 1121/629/1120 1123/631/1122 1190/698/1189 1188/696/1187
f 1192/700/1191 1193/701/1192 1191/699/1190 1190/698/1189
f 1123/631/1122 1125/633/1124 1192/700/1191 1190/698/1189
f 1194/702/1193 1195/703/1194 1193/701/1192 1192/700/1191
f 1125/633/1124 1127/635/1126 1194/702/1193 1192/700/1191
f 1196/704/1195 1197/705/1196 1195/703/1194 1194/702/1193
f 1127/635/1126 1129/637/1128 1196/704/1195 1194/702/1193
f 1198/706/1197 1199/707/1198 1197/705/1196 1196/704/1195
f 1129/637/1128 1131/639/1130 1198/706/1197 1196/704/1195
f 1200/708/1199 1201/709/1200 1199/707/1198 1198/706/1197
f 1131/639/1130 1133/641/1132 1200/708/1199 1198/706/1197
f 1202/710/1201 1203/711/1202 1201/709/1200 1200/708/1199
f 1133/641/1132 1135/643/1134 1202/710/1201 1200/708/1199
f 1204/712/1203 1205/713/1204 1203/711/1202 1202/710/1201
f 1135/643/1134 1137/645/1136 1204/712/1203 1202/710/1201
f 1206/714/1205 1207/715/1206 1205/713/1204 1204/712/1203
f 1137/645/1136 1139/647/1138 1206/714/1205 1204/712/1203
f 1208/716/1207 1209/717/1208 1207/715/1206 1206/714/1205
f 1139/647/1138 1141/649/1140 1208/716/1207 1206/714/1205
f 1210/718/1209 1211/719/1210 1209/717/1208 1208/716/1207
f 1141/649/1140 1143/651/1142 1210/718/1209 1208/716/1207
f 1212/720/1211 1213/721/1212 1211/719/1210 1210/718/1209
f 1143/651/1142 1145/653/1144 1212/720/1211 1210/718/1209
f 1214/722/1213 1215/723/1214 1213/721/1212 1212/720/1211
f 1145/653/1144 1147/655/1146 1214/722/1213 1212/720/1211
f 1216/724/1215 1217/725/1216 1215/723/1214 1214/722/1213
f 1147/655/1146 1149/657/1148 1216/724/1215 1214/722/1213
f 1218/726/1217 1219/727/1218 1217/725/1216 1216/724/1215
f 1149/657/1148 1151/659/1150 1218/726/1217 1216/724/1215
f 1220/728/1219 1221/729/1220 1219/727/1218 1218/726/1217
f 1151/659/1150 1153/661/1152 1220/728/1219 1218/726/1217
f 1222/730/1221 1223/731/1222 1221/729/1220 1220/728/1219
f 1153/661/1152 1155/663/1154 1222/730/1221 1220/728/1219
f 1163/669/1160 1225/673/1164 1223/731/1222 1222/730/1221
f 1155/663/1154 1157/665/1156 1163/669/1160 1222/730/1221
f 1225/673/1164 1226/732/1223 1224/733/1224 1223/731/1222
f 1223/731/1222 1224/733/1224 1428/734/1225 1221/729/1220
f 1162/672/1163 1227/735/1226 1226/732/1223 1225/673/1164
f 1226/732/1223 1228/736/1227 1229/737/1228 1224/733/1224
f 1227/735/1226 1230/738/1229 1228/736/1227 1226/732/1223
f 1228/736/1227 1231/739/1230 1232/740/1231 1229/737/1228
f 1230/738/1229 1233/741/1232 1231/739/1230 1228/736/1227
f 1231/739/1230 1234/742/1233 1235/743/1234 1232/740/1231
f 1233/741/1232 1236/744/1235 1234/742/1233 1231/739/1230
f 1234/742/1233 1237/745/1236 1238/746/1237 1235/743/1234
f 1236/744/1235 1239/747/1238 1237/745/1236 1234/742/1233
f 1237/748/1236 1240/749/1239 1241/750/1240 1238/751/1237
f 1239/752/1238 1242/753/1241 1240/749/1239 1237/748/1236
f 1240/749/1239 1243/754/1242 1244/755/1243 1241/750/1240
f 1242/753/1241 1245/756/1244 1243/754/1242 1240/749/1239
f 1247/757/1245 1246/758/1246 1245/756/1244 1242/753/1241
f 1249/759/1247 1248/760/1248 1246/758/1246 1247/757/1245
f 1251/761/1249 1250/762/1250 1248/760/1248 1249/759/1247
f 1253/763/1251 1252/764/1252 1250/762/1250 1251/761/1249
f 1256/765/1253 1254/766/1254 1252/764/1252 1253/763/1251
f 1257/767/1255 1255/768/1256 1254/766/1254 1256/765/1253
f 1259/769/1257 1257/767/1255 1256/765/1253 1258/770/1258
f 1258/770/1258 1256/765/1253 1253/763/1251 1261/771/1259
f 1294/772/1260 1259/773/1257 1258/774/1258 1260/775/1261
f 1260/775/1261 1258/774/1258 1261/776/1259 1262/777/1262
f 1262/777/1262 1261/776/1259 1263/778/1263 1264/779/1264
f 1261/771/1259 1253/763/1251 1251/761/1249 1263/780/1263
f 1264/779/1264 1263/778/1263 1265/781/1265 1266/782/1266
f 1263/780/1263 1251/761/1249 1249/759/1247 1265/783/1265
f 1266/782/1266 1265/781/1265 1267/784/1267 1268/785/1268
f 1265/783/1265 1249/759/1247 1247/757/1245 1267/786/1267
f 1268/785/1268 1267/784/1267 1239/747/1238 1236/744/1235
f 1267/786/1267 1247/757/1245 1242/753/1241 1239/752/1238
f 1271/787/1269 1266/782/1266 1268/785/1268 1269/788/1270
f 1269/788/1270 1268/785/1268 1236/744/1235 1233/741/1232
f 1272/789/1271 1271/787/1269 1269/788/1270 1270/790/1272
f 1270/790/1272 1269/788/1270 1233/741/1232 1230/738/1229
f 1274/791/1273 1273/792/1274 1271/787/1269 1272/789/1271
f 1273/792/1274 1264/779/1264 1266/782/1266 1271/787/1269
f 1276/793/1275 1275/794/1276 1273/792/1274 1274/791/1273
f 1275/794/1276 1262/777/1262 1264/779/1264 1273/792/1274
f 1279/795/1277 1277/796/1278 1275/794/1276 1276/793/1275
f 1277/796/1278 1260/775/1261 1262/777/1262 1275/794/1276
f 1278/797/1279 1294/772/1260 1260/775/1261 1277/796/1278
f 1280/798/1280 1278/797/1279 1277/796/1278 1279/795/1277
f 1282/799/1281 1280/798/1280 1279/795/1277 1281/800/1282
f 1281/800/1282 1279/795/1277 1276/793/1275 1283/801/1283
f 1175/683/1174 1282/799/1281 1281/800/1282 1173/681/1172
f 1173/681/1172 1281/800/1282 1283/801/1283 1171/679/1170
f 1171/679/1170 1283/801/1283 1284/802/1284 1169/677/1168
f 1283/801/1283 1276/793/1275 1274/791/1273 1284/802/1284
f 1169/677/1168 1284/802/1284 1285/803/1285 1167/675/1166
f 1284/802/1284 1274/791/1273 1272/789/1271 1285/803/1285
f 1167/675/1166 1285/803/1285 1286/804/1286 1165/671/1162
f 1285/803/1285 1272/789/1271 1270/790/1272 1286/804/1286
f 1165/671/1162 1286/804/1286 1227/735/1226 1162/672/1163
f 1286/804/1286 1270/790/1272 1230/738/1229 1227/735/1226
f 1177/685/1176 1287/805/1287 1282/799/1281 1175/683/1174
f 1287/805/1287 1289/806/1288 1280/798/1280 1282/799/1281
f 1179/687/1178 1288/807/1289 1287/805/1287 1177/685/1176
f 1288/807/1289 1290/808/1290 1289/806/1288 1287/805/1287
f 1289/806/1288 1291/809/1291 1278/797/1279 1280/798/1280
f 1290/808/1290 1292/810/1292 1291/809/1291 1289/806/1288
f 1291/809/1291 1293/811/1293 1294/772/1260 1278/797/1279
f 1292/810/1292 1295/812/1294 1293/811/1293 1291/809/1291
f 1293/811/1293 1296/813/1295 1259/773/1257 1294/772/1260
f 1295/812/1294 1297/814/1296 1296/813/1295 1293/811/1293
f 1296/815/1295 1298/816/1297 1257/767/1255 1259/769/1257
f 1297/817/1296 1299/818/1298 1298/816/1297 1296/815/1295
f 1298/816/1297 1300/819/1299 1255/768/1256 1257/767/1255
f 1299/818/1298 1301/820/1300 1300/819/1299 1298/816/1297
f 1303/821/1301 1302/822/1302 1301/820/1300 1299/818/1298
f 1305/823/1303 1304/824/1304 1302/822/1302 1303/821/1301
f 1307/825/1305 1306/826/1306 1304/824/1304 1305/823/1303
f 1309/827/1307 1308/828/1308 1306/826/1306 1307/825/1305
f 1311/829/1309 1310/830/1310 1308/828/1308 1309/827/1307
f 1313/831/1311 1312/832/1312 1310/830/1310 1311/829/1309
f 1315/833/1313 1314/834/1314 1312/832/1312 1313/831/1311
f 1317/835/1315 1316/836/1316 1314/834/1314 1315/833/1313
f 1319/837/1317 1318/838/1318 1316/836/1316 1317/835/1315
f 1321/839/1319 1320/840/1320 1318/838/1318 1319/837/1317
f 1323/841/1321 1322/842/1322 1320/840/1320 1321/839/1319
f 1325/843/1323 1324/844/1324 1322/842/1322 1323/841/1321
f 1327/845/1325 1326/846/1326 1324/844/1324 1325/843/1323
f 1329/847/1327 1328/848/1328 1326/846/1326 1327/845/1325
f 1331/849/1329 1330/850/1330 1328/848/1328 1329/847/1327
f 1333/851/1331 1332/852/1332 1330/850/1330 1331/849/1329
f 1335/853/1333 1334/854/1334 1332/852/1332 1333/851/1331
f 1337/855/1335 1336/856/1336 1334/854/1334 1335/853/1333
f 1339/857/1337 1338/858/1338 1336/856/1336 1337/855/1335
f 1341/859/1339 1340/860/1340 1338/858/1338 1339/857/1337
f 1343/861/1341 1342/862/1342 1340/860/1340 1341/859/1339
f 1241/750/1240 1244/755/1243 1342/862/1342 1343/861/1341
f 1238/751/1237 1241/750/1240 1343/861/1341 1344/863/1343
f 1344/863/1343 1343/861/1341 1341/859/1339 1346/864/1344
f 1235/743/1234 1238/746/1237 1344/865/1343 1345/866/1345
f 1345/866/1345 1344/865/1343 1346/867/1344 1347/868/1346
f 1347/868/1346 1346/867/1344 1348/869/1347 1349/870/1348
f 1346/864/1344 1341/859/1339 1339/857/1337 1348/871/1347
f 1349/870/1348 1348/869/1347 1350/872/1349 1351/873/1350
f 1348/871/1347 1339/857/1337 1337/855/1335 1350/874/1349
f 1351/873/1350 1350/872/1349 1352/875/1351 1353/876/1352
f 1350/874/1349 1337/855/1335 1335/853/1333 1352/877/1351
f 1353/876/1352 1352/875/1351 1354/878/1353 1355/879/1354
f 1352/877/1351 1335/853/1333 1333/851/1331 1354/880/1353
f 1355/879/1354 1354/878/1353 1356/881/1355 1357/882/1356
f 1354/880/1353 1333/851/1331 1331/849/1329 1356/883/1355
f 1357/882/1356 1356/881/1355 1358/884/1357 1359/885/1358
f 1356/883/1355 1331/849/1329 1329/847/1327 1358/886/1357
f 1359/885/1358 1358/884/1357 1360/887/1359 1361/888/1360
f 1358/886/1357 1329/847/1327 1327/845/1325 1360/889/1359
f 1361/888/1360 1360/887/1359 1362/890/1361 1363/891/1362
f 1360/889/1359 1327/845/1325 1325/843/1323 1362/892/1361
f 1363/891/1362 1362/890/1361 1364/893/1363 1365/894/1364
f 1362/892/1361 1325/843/1323 1323/841/1321 1364/895/1363
f 1365/894/1364 1364/893/1363 1366/896/1365 1367/897/1366
f 1364/895/1363 1323/841/1321 1321/839/1319 1366/898/1365
f 1367/897/1366 1366/896/1365 1368/899/1367 1369/900/1368
f 1366/898/1365 1321/839/1319 1319/837/1317 1368/901/1367
f 1369/900/1368 1368/899/1367 1370/902/1369 1371/903/1370
f 1368/901/1367 1319/837/1317 1317/835/1315 1370/904/1369
f 1371/903/1370 1370/902/1369 1372/905/1371 1373/906/1372
f 1370/904/1369 1317/835/1315 1315/833/1313 1372/907/1371
f 1373/906/1372 1372/905/1371 1374/908/1373 1375/909/1374
f 1372/907/1371 1315/833/1313 1313/831/1311 1374/910/1373
f 1375/909/1374 1374/908/1373 1376/911/1375 1377/912/1376
f 1374/910/1373 1313/831/1311 1311/829/1309 1376/913/1375
f 1377/912/1376 1376/911/1375 1378/914/1377 1379/915/1378
f 1376/913/1375 1311/829/1309 1309/827/1307 1378/916/1377
f 1379/915/1378 1378/914/1377 1380/917/1379 1381/918/1380
f 1378/916/1377 1309/827/1307 1307/825/1305 1380/919/1379
f 1381/918/1380 1380/917/1379 1382/920/1381 1383/921/1382
f 1380/919/1379 1307/825/1305 1305/823/1303 1382/922/1381
f 1383/921/1382 1382/920/1381 1384/923/1383 1385/924/1384
f 1382/922/1381 1305/823/1303 1303/821/1301 1384/925/1383
f 1385/924/1384 1384/923/1383 1297/814/1296 1295/812/1294
f 1384/925/1383 1303/821/1301 1299/818/1298 1297/817/1296
f 1388/926/1385 1383/921/1382 1385/924/1384 1386/927/1386
f 1386/927/1386 1385/924/1384 1295/812/1294 1292/810/1292
f 1389/928/1387 1388/926/1385 1386/927/1386 1387/929/1388
f 1387/929/1388 1386/927/1386 1292/810/1292 1290/808/1290
f 1391/930/1389 1390/931/1390 1388/926/1385 1389/928/1387
f 1390/931/1390 1381/918/1380 1383/921/1382 1388/926/1385
f 1393/932/1391 1392/933/1392 1390/931/1390 1391/930/1389
f 1392/933/1392 1379/915/1378 1381/918/1380 1390/931/1390
f 1395/934/1393 1394/935/1394 1392/933/1392 1393/932/1391
f 1394/935/1394 1377/912/1376 1379/915/1378 1392/933/1392
f 1397/936/1395 1396/937/1396 1394/935/1394 1395/934/1393
f 1396/937/1396 1375/909/1374 1377/912/1376 1394/935/1394
f 1399/938/1397 1398/939/1398 1396/937/1396 1397/936/1395
f 1398/939/1398 1373/906/1372 1375/909/1374 1396/937/1396
f 1401/940/1399 1400/941/1400 1398/939/1398 1399/938/1397
f 1400/941/1400 1371/903/1370 1373/906/1372 1398/939/1398
f 1403/942/1401 1402/943/1402 1400/941/1400 1401/940/1399
f 1402/943/1402 1369/900/1368 1371/903/1370 1400/941/1400
f 1405/944/1403 1404/945/1404 1402/943/1402 1403/942/1401
f 1404/945/1404 1367/897/1366 1369/900/1368 1402/943/1402
f 1407/946/1405 1406/947/1406 1404/945/1404 1405/944/1403
f 1406/947/1406 1365/894/1364 1367/897/1366 1404/945/1404
f 1409/948/1407 1408/949/1408 1406/947/1406 1407/946/1405
f 1408/949/1408 1363/891/1362 1365/894/1364 1406/947/1406
f 1411/950/1409 1410/951/1410 1408/949/1408 1409/948/1407
f 1410/951/1410 1361/888/1360 1363/891/1362 1408/949/1408
f 1413/952/1411 1412/953/1412 1410/951/1410 1411/950/1409
f 1412/953/1412 1359/885/1358 1361/888/1360 1410/951/1410
f 1415/954/1413 1414/955/1414 1412/953/1412 1413/952/1411
f 1414/955/1414 1357/882/1356 1359/885/1358 1412/953/1412
f 1417/956/1415 1416/957/1416 1414/955/1414 1415/954/1413
f 1416/957/1416 1355/879/1354 1357/882/1356 1414/955/1414
f 1419/958/1417 1418/959/1418 1416/957/1416 1417/956/1415
f 1418/959/1418 1353/876/1352 1355/879/1354 1416/957/1416
f 1421/960/1419 1420/961/1420 1418/959/1418 1419/958/1417
f 1420/961/1420 1351/873/1350 1353/876/1352 1418/959/1418
f 1423/962/1421 1422/963/1422 1420/961/1420 1421/960/1419
f 1422/963/1422 1349/870/1348 1351/873/1350 1420/961/1420
f 1425/964/1423 1424/965/1424 1422/963/1422 1423/962/1421
f 1424/965/1424 1347/868/1346 1349/870/1348 1422/963/1422
f 1427/966/1425 1426/967/1426 1424/965/1424 1425/964/1423
f 1426/967/1426 1345/866/1345 1347/868/1346 1424/965/1424
f 1229/737/1228 1232/740/1231 1426/967/1426 1427/966/1425
f 1232/740/1231 1235/743/1234 1345/866/1345 1426/967/1426
f 1224/733/1224 1229/737/1228 1427/966/1425 1428/734/1225
f 1428/734/1225 1427/966/1425 1425/964/1423 1429/968/1427
f 1221/729/1220 1428/734/1225 1429/968/1427 1219/727/1218
f 1219/727/1218 1429/968/1427 1430/969/1428 1217/725/1216
f 1429/968/1427 1425/964/1423 1423/962/1421 1430/969/1428
f 1217/725/1216 1430/969/1428 1431/970/1429 1215/723/1214
f 1430/969/1428 1423/962/1421 1421/960/1419 1431/970/1429
f 1215/723/1214 1431/970/1429 1432/971/1430 1213/721/1212
f 1431/970/1429 1421/960/1419 1419/958/1417 1432/971/1430
f 1213/721/1212 1432/971/1430 1433/972/1431 1211/719/1210
f 1432/971/1430 1419/958/1417 1417/956/1415 1433/972/1431
f 1211/719/1210 1433/972/1431 1434/973/1432 1209/717/1208
f 1433/972/1431 1417/956/1415 1415/954/1413 1434/973/1432
f 1209/717/1208 1434/973/1432 1435/974/1433 1207/715/1206
f 1434/973/1432 1415/954/1413 1413/952/1411 1435/974/1433
f 1207/715/1206 1435/974/1433 1436/975/1434 1205/713/1204
f 1435/974/1433 1413/952/1411 1411/950/1409 1436/975/1434
f 1205/713/1204 1436/975/1434 1437/976/1435 1203/711/1202
f 1436/975/1434 1411/950/1409 1409/948/1407 1437/976/1435
f 1203/711/1202 1437/976/1435 1438/977/1436 1201/709/1200
f 1437/976/1435 1409/948/1407 1407/946/1405 1438/977/1436
f 1201/709/1200 1438/977/1436 1439/978/1437 1199/707/1198
f 1438/977/1436 1407/946/1405 1405/944/1403 1439/978/1437
f 1199/707/1198 1439/978/1437 1440/979/1438 1197/705/1196
f 1439/978/1437 1405/944/1403 1403/942/1401 1440/979/1438
f 1197/705/1196 1440/979/1438 1441/980/1439 1195/703/1194
f 1440/979/1438 1403/942/1401 1401/940/1399 1441/980/1439
f 1195/703/1194 1441/980/1439 1442/981/1440 1193/701/1192
f 1441/980/1439 1401/940/1399 1399/938/1397 1442/981/1440
f 1193/701/1192 1442/981/1440 1443/982/1441 1191/699/1190
f 1442/981/1440 1399/938/1397 1397/936/1395 1443/982/1441
f 1191/699/1190 1443/982/1441 1444/983/1442 1189/697/1188
f 1443/982/1441 1397/936/1395 1395/934/1393 1444/983/1442
f 1189/697/1188 1444/983/1442 1445/984/1443 1187/695/1186
f 1444/983/1442 1395/934/1393 1393/932/1391 1445/984/1443
f 1187/695/1186 1445/984/1443 1446/985/1444 1185/693/1184
f 1445/984/1443 1393/932/1391 1391/930/1389 1446/985/1444
f 1185/693/1184 1446/985/1444 1447/986/1445 1183/691/1182
f 1446/985/1444 1391/930/1389 1389/928/1387 1447/986/1445
f 1183/691/1182 1447/986/1445 1448/987/1446 1181/689/1180
f 1447/986/1445 1389/928/1387 1387/929/1388 1448/987/1446
f 1181/689/1180 1448/987/1446 1288/807/1289 1179/687/1178
f 1448/987/1446 1387/929/1388 1290/808/1290 1288/807/1289
o Ch31_Body.006
v 0.000068 1.596862 0.106166
v 0.000066 1.594600 0.106779
v 0.003913 1.597098 0.107008
v 0.000079 1.598997 0.106445
v -0.003790 1.597006 0.106808
v -0.003764 1.594823 0.107283
v -0.007604 1.597127 0.106357
v -0.003738 1.599125 0.106890
v -0.003584 1.600979 0.106891
v -0.007448 1.599360 0.105989
v -0.010854 1.599442 0.104294
v -0.006998 1.601420 0.105711
v -0.006335 1.602884 0.105424
v -0.010070 1.601691 0.103494
v -0.009057 1.603173 0.103122
v -0.014087 1.601628 0.100858
v -0.012333 1.603415 0.100363
v -0.016914 1.603737 0.097484
v -0.017824 1.599514 0.099728
v -0.014221 1.598686 0.102466
v -0.014424 1.595960 0.103482
v -0.017489 1.596986 0.101184
v -0.020317 1.594903 0.099998
v -0.017458 1.594529 0.102056
v -0.017341 1.592317 0.102923
v -0.019988 1.592905 0.100793
v -0.022193 1.590946 0.099447
v -0.019667 1.590892 0.101525
v -0.019373 1.588888 0.102036
v -0.021806 1.589183 0.099979
v -0.021377 1.587401 0.100231
v -0.023655 1.587334 0.098286
v -0.023082 1.585897 0.098400
v -0.025128 1.585485 0.096565
v -0.024243 1.588859 0.097993
v -0.024913 1.590460 0.097590
v -0.025820 1.586704 0.096435
v -0.026898 1.584393 0.095020
v -0.026606 1.588066 0.096233
v -0.027803 1.585471 0.094877
v -0.027584 1.589653 0.095695
v -0.028938 1.591974 0.094247
v -0.025699 1.592249 0.096830
v -0.028972 1.586787 0.094458
v -0.029728 1.583814 0.093289
v -0.030588 1.588738 0.093235
v -0.032220 1.590992 0.091448
v -0.031728 1.585354 0.092089
v -0.033623 1.586934 0.090371
v -0.032081 1.581833 0.091265
v -0.034310 1.582666 0.089609
v -0.029946 1.581079 0.092473
v -0.031577 1.578159 0.090786
v -0.029303 1.578362 0.092039
v -0.030277 1.574512 0.090789
v -0.033963 1.578206 0.089120
v -0.036534 1.578394 0.087054
v -0.032603 1.573708 0.089027
v -0.035198 1.573097 0.086818
v -0.030581 1.569561 0.089434
v -0.032974 1.568106 0.086950
v -0.028394 1.571197 0.091336
v -0.027882 1.566026 0.090332
v -0.025980 1.568378 0.092346
v -0.030030 1.563806 0.087734
v -0.024748 1.563045 0.091708
v -0.021762 1.560793 0.093353
v -0.026658 1.560083 0.089211
v -0.023173 1.566037 0.093620
v -0.021855 1.568747 0.095107
v -0.020400 1.564267 0.094999
v -0.019301 1.567318 0.096210
v -0.017839 1.563123 0.096231
v -0.016817 1.566390 0.097158
v -0.019154 1.559362 0.094960
v -0.014686 1.562328 0.097677
v -0.013711 1.565775 0.098130
v -0.011109 1.561928 0.099206
v -0.015974 1.558357 0.096953
v -0.017618 1.553798 0.095416
v -0.012295 1.557807 0.099122
v -0.013744 1.552836 0.098016
v -0.008328 1.557668 0.101005
v -0.009396 1.552292 0.100346
v -0.004137 1.557740 0.102115
v -0.007451 1.561937 0.100602
v -0.006828 1.565606 0.099818
v -0.003727 1.562170 0.101600
v -0.003366 1.565806 0.100520
v 0.000130 1.562337 0.101940
v 0.004023 1.562196 0.101583
v 0.000159 1.557854 0.102453
v 0.000115 1.565952 0.100788
v 0.003624 1.565849 0.100511
v 0.000086 1.568262 0.100353
v 0.003482 1.568218 0.100075
v 0.000081 1.570089 0.100581
v -0.003276 1.568190 0.100065
v -0.006638 1.568010 0.099736
v -0.003247 1.570027 0.100382
v -0.003290 1.571833 0.101625
v -0.006587 1.569810 0.100326
v -0.006624 1.571490 0.101533
v -0.009832 1.569732 0.100123
v -0.009816 1.571397 0.101322
v -0.013005 1.569941 0.099501
v -0.009966 1.567954 0.099384
v -0.010284 1.565558 0.098997
v -0.013224 1.568127 0.098693
v -0.016181 1.568659 0.097889
v -0.018574 1.569485 0.097046
v -0.015818 1.570527 0.098681
v -0.015637 1.572175 0.099588
v -0.018100 1.571255 0.097876
v -0.017781 1.572922 0.098628
v -0.020351 1.572418 0.096871
v -0.019863 1.573956 0.097506
v -0.022442 1.573750 0.095693
v -0.020980 1.570713 0.096051
v -0.023224 1.572350 0.094855
v -0.024341 1.570651 0.093946
v -0.025201 1.574217 0.093807
v -0.026456 1.572932 0.092883
v -0.026677 1.576335 0.093028
v -0.024238 1.575287 0.094611
v -0.025620 1.577072 0.093773
v -0.023388 1.576443 0.095178
v -0.024627 1.577988 0.094251
v -0.022672 1.577606 0.095714
v -0.021741 1.575068 0.096360
v -0.021133 1.576352 0.096909
v -0.019451 1.575394 0.098164
v -0.020643 1.577495 0.097198
v -0.022030 1.578661 0.095874
v -0.019077 1.576677 0.098521
v -0.020119 1.578724 0.097103
v -0.018561 1.578045 0.098458
v -0.019630 1.579844 0.096692
v -0.021505 1.579568 0.095728
v -0.020976 1.580341 0.095435
v -0.022599 1.580311 0.094520
v -0.022018 1.580784 0.094385
v -0.023342 1.580718 0.093780
v -0.023125 1.579854 0.094515
v -0.023748 1.578997 0.094586
v -0.023793 1.580291 0.093693
v -0.024163 1.580647 0.093529
v -0.024459 1.579775 0.093795
v -0.025368 1.579245 0.093554
v -0.024881 1.580385 0.093522
v -0.025841 1.580223 0.093402
v -0.025083 1.581322 0.093572
v -0.026054 1.581546 0.093604
v -0.025220 1.582809 0.094711
v -0.024473 1.581445 0.093665
v -0.024651 1.582497 0.094580
v -0.024025 1.581594 0.093806
v -0.023161 1.581675 0.093781
v -0.023777 1.581044 0.093572
v -0.023913 1.582317 0.094595
v -0.023107 1.583082 0.095925
v -0.022886 1.582083 0.094444
v -0.022059 1.582542 0.095504
v -0.022046 1.581761 0.094071
v -0.021249 1.582013 0.094908
v -0.021407 1.581367 0.093506
v -0.022378 1.581555 0.093542
v -0.022384 1.581391 0.093341
v -0.021739 1.581274 0.093133
v -0.021362 1.580918 0.092596
v -0.021788 1.581217 0.093002
v -0.021573 1.581183 0.093135
v -0.021423 1.580909 0.092548
v -0.021249 1.580936 0.092663
v -0.026410 1.581218 0.083768
v -0.026463 1.581964 0.083967
v -0.027577 1.582133 0.079624
v -0.026168 1.580370 0.083824
v -0.027316 1.580782 0.079557
v -0.025783 1.579745 0.084222
v -0.025321 1.579650 0.085009
v -0.020823 1.581000 0.092951
v -0.027005 1.579742 0.079802
v -0.026767 1.579472 0.080088
v -0.027695 1.580717 0.075350
v -0.027531 1.580540 0.075122
v -0.027822 1.582272 0.071607
v -0.027895 1.581986 0.075294
v -0.028121 1.583694 0.075517
v -0.027869 1.583800 0.070983
v -0.027994 1.585805 0.071129
v -0.027469 1.585250 0.068271
v -0.027390 1.587586 0.067939
v -0.026862 1.586302 0.066218
v -0.027631 1.582819 0.070398
v -0.027363 1.583487 0.069329
v -0.026932 1.583845 0.068159
v -0.027371 1.580721 0.075024
v -0.027036 1.580599 0.074859
v -0.026469 1.579486 0.080645
v -0.025948 1.579183 0.081269
v -0.024649 1.579693 0.086158
v -0.023693 1.579475 0.087479
v -0.019172 1.581236 0.094033
v -0.017948 1.581398 0.094772
v -0.019073 1.581149 0.095102
v -0.020143 1.581099 0.093407
v -0.020219 1.581140 0.094231
v -0.020535 1.580881 0.094930
v -0.021058 1.581160 0.093549
v -0.021495 1.581090 0.094042
v -0.022103 1.581251 0.093502
v -0.022709 1.581090 0.093735
v -0.023074 1.581347 0.093541
v -0.019259 1.580668 0.096024
v -0.017771 1.580513 0.097176
v -0.017700 1.581203 0.096055
v -0.018087 1.579422 0.097982
v -0.016135 1.580438 0.098335
v -0.014297 1.580456 0.099547
v -0.016399 1.579121 0.099259
v -0.016167 1.581297 0.097033
v -0.014396 1.581494 0.098041
v -0.016578 1.581567 0.095538
v -0.014979 1.581748 0.096351
v -0.022558 1.579281 0.088832
v -0.021160 1.579250 0.090216
v -0.025256 1.578657 0.081875
v -0.024341 1.577961 0.082451
v -0.026516 1.580142 0.074585
v -0.025765 1.579418 0.074188
v -0.026253 1.583840 0.066742
v -0.025239 1.583620 0.065042
v -0.025015 1.587309 0.062355
v -0.023551 1.587579 0.060142
v -0.026072 1.586943 0.064347
v -0.024196 1.590441 0.061226
v -0.025500 1.589759 0.063389
v -0.024395 1.593379 0.063057
v -0.022507 1.591078 0.058992
v -0.020095 1.591739 0.056482
v -0.022737 1.594448 0.061007
v -0.023837 1.597185 0.066702
v -0.020349 1.595597 0.058681
v -0.016878 1.596794 0.056122
v -0.021534 1.599190 0.064955
v -0.022214 1.600874 0.075246
v -0.018071 1.601369 0.062950
v -0.018624 1.604046 0.074585
v -0.013209 1.603445 0.061023
v -0.013614 1.606978 0.073866
v -0.007020 1.605000 0.059627
v -0.012193 1.597847 0.053719
v -0.011987 1.592822 0.051145
v -0.006422 1.598581 0.051984
v 0.000021 1.598817 0.051324
v -0.006308 1.593073 0.049258
v -0.007308 1.587738 0.049334
v -0.000004 1.593102 0.048537
v 0.006284 1.592891 0.049153
v -0.000047 1.587522 0.048390
v 0.007223 1.587604 0.049230
v -0.000137 1.579104 0.053819
v 0.009299 1.579807 0.054775
v -0.000170 1.571288 0.069537
v -0.009498 1.579904 0.054926
v -0.010246 1.572173 0.070062
v -0.016436 1.581400 0.057447
v -0.017821 1.574496 0.071360
v -0.020854 1.582556 0.060319
v -0.013393 1.587969 0.051638
v -0.018055 1.588010 0.054594
v -0.021358 1.587839 0.057554
v -0.016624 1.592346 0.053729
v -0.023586 1.583225 0.062922
v -0.024470 1.578319 0.073590
v -0.022178 1.576753 0.072659
v -0.022909 1.576900 0.082993
v -0.020621 1.575465 0.083396
v -0.019229 1.578679 0.091688
v -0.016591 1.577800 0.093192
v -0.012911 1.581954 0.097272
v -0.010345 1.582168 0.098224
v -0.012241 1.581606 0.099074
v -0.012089 1.580491 0.100720
v -0.009634 1.581829 0.100085
v -0.009438 1.580652 0.101836
v -0.006620 1.582051 0.100912
v -0.006412 1.580819 0.102683
v -0.007265 1.582363 0.099087
v -0.003341 1.582206 0.101452
v 0.000010 1.582288 0.101650
v -0.003203 1.580902 0.103191
v -0.003732 1.582504 0.099709
v 0.000004 1.582556 0.099941
v -0.007628 1.575382 0.095148
v -0.012906 1.576647 0.094441
v -0.009841 1.571204 0.083221
v -0.000122 1.574490 0.095105
v 0.007478 1.575229 0.095077
v -0.000176 1.570142 0.082911
v 0.009585 1.571071 0.083105
v 0.016541 1.573213 0.083269
v 0.009976 1.572094 0.069912
v 0.017738 1.574387 0.071101
v 0.016348 1.581268 0.057198
v 0.022239 1.576672 0.072354
v 0.024622 1.578322 0.073296
v 0.020671 1.575214 0.083129
v 0.020837 1.582447 0.060035
v 0.023638 1.583193 0.062662
v 0.017972 1.587734 0.054322
v 0.016538 1.591998 0.053438
v 0.021333 1.587661 0.057296
v 0.013299 1.587721 0.051431
v 0.011921 1.592495 0.050926
v 0.012180 1.597588 0.053502
v 0.016841 1.596518 0.055839
v 0.006450 1.598440 0.051876
v 0.013245 1.603347 0.060853
v 0.013667 1.606997 0.073765
v 0.018091 1.601287 0.062735
v 0.007067 1.604939 0.059536
v 0.000023 1.605564 0.059091
v 0.007285 1.609111 0.073256
v 0.006889 1.607082 0.085534
v 0.000018 1.609898 0.073091
v 0.000019 1.607819 0.085634
v -0.007241 1.609113 0.073313
v -0.006839 1.607057 0.085565
v -0.012934 1.604986 0.085324
v -0.005818 1.599989 0.095500
v -0.003703 1.582505 0.099687
v 0.000028 1.600530 0.095789
v -0.011151 1.598512 0.094669
v -0.007285 1.582362 0.099062
v -0.015652 1.596377 0.093427
v -0.010546 1.582153 0.098143
v -0.017841 1.602081 0.084921
v -0.019183 1.593910 0.091948
v -0.013340 1.581914 0.097089
v -0.021736 1.591419 0.090424
v -0.021476 1.598855 0.084356
v -0.023957 1.595721 0.083671
v -0.024585 1.597884 0.075705
v -0.025550 1.592889 0.082921
v -0.026089 1.595213 0.075960
v -0.023478 1.589121 0.088958
v -0.026574 1.590355 0.082144
v -0.027208 1.588084 0.081421
v -0.027082 1.592770 0.076087
v -0.024681 1.587089 0.087545
v -0.018532 1.581322 0.094444
v -0.025515 1.585322 0.086247
v -0.026052 1.583857 0.085181
v -0.019638 1.581171 0.093758
v -0.019599 1.581669 0.094921
v -0.020507 1.581046 0.093189
v -0.020696 1.581504 0.094121
v -0.021080 1.580961 0.092797
v -0.026347 1.582749 0.084431
v -0.027676 1.584489 0.080390
v -0.027693 1.583314 0.079900
v -0.028298 1.586598 0.076319
v -0.027543 1.586104 0.080837
v -0.028125 1.588369 0.076281
v -0.027738 1.590481 0.076178
v -0.027928 1.589871 0.071820
v -0.027317 1.591728 0.070641
v -0.027569 1.589379 0.069143
v -0.028262 1.588300 0.072920
v -0.028147 1.587468 0.071868
v -0.028259 1.585225 0.075885
v -0.026732 1.590966 0.067010
v -0.025676 1.592255 0.065013
v -0.026554 1.588879 0.065562
v -0.026474 1.593564 0.069422
v -0.025367 1.595355 0.068145
v -0.019973 1.582300 0.095961
v -0.018221 1.581845 0.095819
v -0.018375 1.582611 0.097106
v -0.016635 1.582026 0.096760
v -0.016589 1.582925 0.098265
v -0.014770 1.582140 0.097728
v -0.017199 1.581492 0.095212
v -0.015538 1.581686 0.096081
v -0.014576 1.583182 0.099462
v -0.012513 1.582258 0.098820
v -0.012204 1.583333 0.100727
v -0.009752 1.582356 0.099903
v -0.009374 1.583412 0.101909
v -0.006649 1.582490 0.100803
v -0.006304 1.583505 0.102849
v -0.003341 1.582612 0.101420
v -0.003131 1.583577 0.103503
v 0.000063 1.582665 0.101661
v 0.003478 1.582618 0.101427
v 0.000072 1.583618 0.103779
v 0.000053 1.582556 0.099913
v 0.003819 1.582507 0.099697
v 0.007416 1.582366 0.099079
v 0.005887 1.600019 0.095498
v 0.011244 1.598569 0.094665
v 0.015758 1.596460 0.093427
v 0.013004 1.605045 0.085269
v 0.017921 1.602180 0.084859
v 0.018676 1.604106 0.074464
v 0.021568 1.598986 0.084301
v 0.022275 1.600988 0.075128
v 0.024062 1.595880 0.083624
v 0.019303 1.594006 0.091954
v 0.021870 1.591523 0.090432
v 0.013484 1.581920 0.097114
v 0.010684 1.582158 0.098166
v 0.012677 1.582296 0.098801
v 0.015697 1.581692 0.096105
v 0.017370 1.581496 0.095232
v 0.014963 1.582164 0.097732
v 0.016788 1.581973 0.096772
v 0.014798 1.583201 0.099445
v 0.012378 1.583367 0.100661
v 0.015175 1.584600 0.100913
v 0.016803 1.582921 0.098274
v 0.018568 1.582596 0.097119
v 0.017257 1.584115 0.099582
v 0.019142 1.583557 0.098214
v 0.018098 1.585612 0.100738
v 0.016069 1.586329 0.102245
v 0.020034 1.584718 0.099180
v 0.018964 1.586941 0.101633
v 0.016772 1.587864 0.103207
v 0.019649 1.588781 0.102049
v 0.020898 1.585760 0.099952
v 0.021587 1.587347 0.100195
v 0.022523 1.584610 0.098071
v 0.023251 1.585849 0.098322
v 0.024043 1.583532 0.096131
v 0.021808 1.583811 0.097499
v 0.023277 1.582966 0.095787
v 0.020855 1.582997 0.096791
v 0.022239 1.582488 0.095414
v 0.020147 1.582278 0.095956
v 0.021419 1.581993 0.094867
v 0.019759 1.581663 0.094939
v 0.018399 1.581842 0.095838
v 0.019784 1.581179 0.093797
v 0.020847 1.581501 0.094128
v 0.021570 1.581369 0.093508
v 0.020635 1.581058 0.093242
v 0.026216 1.584050 0.085218
v 0.021214 1.580972 0.092847
v 0.021523 1.580925 0.092629
v 0.026516 1.582919 0.084464
v 0.026642 1.582087 0.083975
v 0.027859 1.584776 0.080358
v 0.028467 1.587014 0.076228
v 0.027888 1.583571 0.079847
v 0.027711 1.586399 0.080815
v 0.028272 1.588758 0.076194
v 0.027362 1.588355 0.081391
v 0.027864 1.590811 0.076090
v 0.026714 1.590589 0.082104
v 0.025679 1.585508 0.086266
v 0.024845 1.587248 0.087546
v 0.023629 1.589248 0.088960
v 0.018700 1.581327 0.094467
v 0.025673 1.593081 0.082877
v 0.026183 1.595426 0.075864
v 0.024661 1.598048 0.075599
v 0.025441 1.595500 0.067997
v 0.027192 1.593039 0.075997
v 0.026557 1.593794 0.069294
v 0.025765 1.592408 0.064876
v 0.027412 1.592052 0.070525
v 0.028041 1.590292 0.071721
v 0.026831 1.591235 0.066893
v 0.027686 1.589777 0.069044
v 0.026677 1.589128 0.065468
v 0.027019 1.586578 0.066137
v 0.025605 1.589892 0.063267
v 0.027536 1.587971 0.067863
v 0.028173 1.586271 0.071046
v 0.027655 1.585654 0.068213
v 0.028086 1.584276 0.070915
v 0.027857 1.583227 0.070313
v 0.028064 1.582744 0.071527
v 0.027789 1.580885 0.074948
v 0.027563 1.583802 0.069211
v 0.027107 1.584067 0.068006
v 0.027625 1.581027 0.074814
v 0.026739 1.579699 0.080460
v 0.027283 1.580859 0.074634
v 0.026225 1.579375 0.081066
v 0.026740 1.580318 0.074353
v 0.025506 1.578763 0.081685
v 0.025958 1.579515 0.073944
v 0.026397 1.583966 0.066558
v 0.025349 1.583670 0.064824
v 0.025114 1.587364 0.062203
v 0.023600 1.587528 0.059941
v 0.024274 1.590462 0.061067
v 0.026202 1.587105 0.064231
v 0.022536 1.590973 0.058773
v 0.024469 1.593434 0.062891
v 0.022779 1.594401 0.060794
v 0.023894 1.597255 0.066523
v 0.020342 1.595424 0.058412
v 0.020052 1.591481 0.056199
v 0.021566 1.599184 0.064745
v 0.024534 1.577931 0.082249
v 0.021320 1.579034 0.090057
v 0.023049 1.576724 0.082730
v 0.019338 1.578239 0.091465
v 0.012992 1.581966 0.097316
v 0.016636 1.577329 0.092974
v 0.010406 1.582179 0.098264
v 0.012867 1.576373 0.094306
v 0.007296 1.582372 0.099124
v 0.003746 1.582509 0.099730
v 0.006663 1.582065 0.100940
v 0.006466 1.580832 0.102700
v 0.009707 1.581865 0.100113
v 0.003365 1.582229 0.101480
v 0.003241 1.580939 0.103219
v 0.000018 1.580974 0.103365
v 0.003333 1.579038 0.104430
v 0.000030 1.579046 0.104525
v 0.006606 1.579001 0.103974
v 0.003497 1.576922 0.105028
v 0.006876 1.576913 0.104606
v 0.003562 1.574780 0.104711
v 0.000053 1.576955 0.105078
v 0.000079 1.574826 0.104802
v -0.003384 1.576844 0.104977
v -0.006765 1.576913 0.104613
v -0.003270 1.578989 0.104395
v -0.003395 1.574690 0.104667
v -0.003360 1.573071 0.103408
v -0.006833 1.574724 0.104246
v -0.006784 1.572878 0.103019
v -0.010051 1.574720 0.103478
v -0.009968 1.572910 0.102574
v -0.012909 1.574993 0.102239
v -0.009959 1.576858 0.103767
v -0.012721 1.576937 0.102445
v -0.009617 1.578903 0.103125
v -0.006533 1.578989 0.103972
v -0.012314 1.578846 0.101910
v -0.014559 1.578911 0.100622
v -0.015011 1.577168 0.101114
v -0.015298 1.575456 0.100959
v -0.016832 1.577565 0.099748
v -0.017251 1.576000 0.099746
v -0.017524 1.574493 0.099367
v -0.015486 1.573818 0.100416
v -0.012951 1.573260 0.101590
v -0.012949 1.571620 0.100565
v 0.000075 1.573077 0.103450
v 0.003499 1.573085 0.103433
v 0.000075 1.571865 0.101719
v 0.003459 1.571810 0.101660
v 0.003431 1.570022 0.100390
v 0.006809 1.571478 0.101566
v 0.009972 1.571437 0.101252
v 0.006773 1.569800 0.100296
v 0.006889 1.572942 0.103100
v 0.006970 1.574765 0.104275
v 0.010090 1.572992 0.102486
v 0.010183 1.574835 0.103461
v 0.013023 1.573393 0.101511
v 0.013076 1.575176 0.102244
v 0.015594 1.573995 0.100371
v 0.013082 1.571730 0.100526
v 0.013243 1.570036 0.099466
v 0.015794 1.572294 0.099557
v 0.017912 1.573035 0.098569
v 0.016082 1.570623 0.098687
v 0.018349 1.571407 0.097831
v 0.016479 1.568766 0.097898
v 0.017095 1.566540 0.097136
v 0.013472 1.568162 0.098640
v 0.018883 1.569611 0.097078
v 0.021300 1.570886 0.096040
v 0.019553 1.567479 0.096182
v 0.020702 1.564403 0.094937
v 0.022126 1.568929 0.095075
v 0.024611 1.570800 0.093893
v 0.023468 1.566213 0.093560
v 0.026266 1.568550 0.092292
v 0.025080 1.563279 0.091602
v 0.027009 1.560336 0.089122
v 0.022107 1.560992 0.093272
v 0.028181 1.566235 0.090257
v 0.030828 1.569771 0.089359
v 0.030342 1.564044 0.087683
v 0.033268 1.568343 0.086918
v 0.033023 1.562053 0.084290
v 0.029523 1.557371 0.085800
v 0.036034 1.560638 0.079990
v 0.036194 1.567269 0.083624
v 0.038602 1.573109 0.083790
v 0.039434 1.566733 0.079562
v 0.041883 1.573393 0.080050
v 0.043138 1.566822 0.074629
v 0.047107 1.567468 0.069467
v 0.039564 1.559887 0.074649
v 0.045552 1.574245 0.075582
v 0.046437 1.581722 0.077144
v 0.049385 1.575524 0.071026
v 0.050091 1.583563 0.073268
v 0.053387 1.577231 0.066389
v 0.053808 1.585805 0.069313
v 0.051338 1.568526 0.064152
v 0.057459 1.579465 0.061533
v 0.055673 1.570081 0.058526
v 0.061495 1.582626 0.056102
v 0.057540 1.588566 0.065185
v 0.056814 1.596881 0.069438
v 0.061178 1.592002 0.060663
v 0.060345 1.600490 0.065838
v 0.064510 1.596549 0.055435
v 0.066928 1.602546 0.050842
v 0.065340 1.587386 0.049411
v 0.063510 1.604941 0.061917
v 0.062544 1.611553 0.068118
v 0.066052 1.610223 0.058410
v 0.065290 1.616191 0.065201
v 0.068402 1.616643 0.055731
v 0.067499 1.621543 0.062719
v 0.070663 1.623674 0.053736
v 0.068812 1.610886 0.048061
v 0.071204 1.619952 0.046117
v 0.069475 1.605278 0.040107
v 0.071561 1.616905 0.038339
v 0.067857 1.594200 0.043124
v 0.069694 1.599665 0.031053
v 0.068287 1.592192 0.022373
v 0.067199 1.583681 0.033981
v 0.069839 1.602444 0.024021
v 0.071672 1.614692 0.030969
v 0.073836 1.625249 0.029786
v 0.071459 1.613713 0.024154
v 0.070972 1.613328 0.018772
v 0.073349 1.624225 0.023231
v 0.073094 1.623662 0.017691
v 0.074649 1.634259 0.021457
v 0.075396 1.644309 0.018146
v 0.074933 1.635151 0.028461
v 0.074322 1.633470 0.016291
v 0.075653 1.642836 0.012524
v 0.074558 1.633005 0.011686
v 0.077807 1.641598 0.009019
v 0.076143 1.635209 0.008980
v 0.074434 1.630111 0.010711
v 0.073895 1.625741 0.013276
v 0.075274 1.623149 0.010469
v 0.074555 1.627437 0.011291
v 0.073080 1.620623 0.014118
v 0.074293 1.619135 0.011205
v 0.070770 1.611912 0.014519
v 0.071355 1.612527 0.011774
v 0.070516 1.606034 0.012193
v 0.069508 1.603312 0.014590
v 0.071361 1.601401 0.013133
v 0.069318 1.597011 0.014640
v 0.069157 1.603493 0.018548
v 0.068088 1.595636 0.017795
v 0.067209 1.591836 0.015558
v 0.067777 1.593935 0.013034
v 0.066276 1.590142 0.012592
v 0.066988 1.588625 0.017374
v 0.065869 1.587534 0.013335
v 0.066127 1.584769 0.017311
v 0.065058 1.584396 0.013418
v 0.065757 1.581116 0.021007
v 0.062091 1.573141 0.019242
v 0.063605 1.580581 0.012711
v 0.061439 1.577149 0.007852
v 0.062761 1.582244 0.007346
v 0.062282 1.584792 0.000873
v 0.063905 1.585494 0.008573
v 0.064754 1.588004 0.009172
v 0.062837 1.587755 0.003428
v 0.063604 1.590127 0.005111
v 0.062745 1.590309 -0.001636
v 0.062926 1.592924 0.000860
v 0.063747 1.593159 -0.006712
v 0.062814 1.587085 -0.004402
v 0.063925 1.589853 -0.010850
v 0.062429 1.581888 -0.004432
v 0.061929 1.587904 -0.019036
v 0.061866 1.574263 -0.006695
v 0.060984 1.565303 -0.009144
v 0.059502 1.578541 -0.020944
v 0.059399 1.569908 0.005730
v 0.057677 1.566228 0.016715
v 0.058662 1.561495 0.003532
v 0.058576 1.552165 0.000988
v 0.054119 1.558518 0.014059
v 0.049077 1.555006 0.024582
v 0.052603 1.549288 0.011528
v 0.052519 1.540096 0.009449
v 0.044692 1.546561 0.021225
v 0.043582 1.538046 0.018788
v 0.038048 1.544473 0.030925
v 0.034268 1.536862 0.027506
v 0.033860 1.543212 0.041213
v 0.044949 1.551866 0.034610
v 0.053093 1.558516 0.037683
v 0.041553 1.549495 0.044151
v 0.039177 1.548221 0.053547
v 0.049432 1.555714 0.046702
v 0.046076 1.553949 0.054948
v 0.056100 1.563144 0.049093
v 0.060108 1.572708 0.052108
v 0.051766 1.561084 0.056313
v 0.060421 1.566718 0.040189
v 0.064478 1.577255 0.043795
v 0.062294 1.569991 0.030207
v 0.055838 1.562120 0.027735
v 0.047626 1.560111 0.062837
v 0.043539 1.559765 0.068979
v 0.042732 1.552934 0.062552
v 0.039101 1.552662 0.069385
v 0.036969 1.547275 0.062343
v 0.031386 1.542979 0.061959
v 0.034429 1.547076 0.070220
v 0.031624 1.547904 0.077082
v 0.029987 1.542997 0.070848
v 0.024978 1.539584 0.072488
v 0.028074 1.544102 0.078548
v 0.023748 1.540755 0.080840
v 0.025707 1.546744 0.084768
v 0.023377 1.550933 0.089489
v 0.028755 1.550032 0.082877
v 0.021859 1.543957 0.087446
v 0.017187 1.541692 0.090419
v 0.019876 1.548682 0.091997
v 0.015771 1.546943 0.094854
v 0.018009 1.554034 0.095293
v 0.021158 1.555484 0.092784
v 0.016360 1.558550 0.096880
v 0.014192 1.553004 0.097909
v 0.012714 1.557937 0.099043
v 0.009844 1.552388 0.100247
v 0.005071 1.552174 0.101549
v 0.008713 1.557733 0.100928
v 0.011061 1.545797 0.097491
v 0.005742 1.545364 0.099016
v 0.011944 1.540151 0.093047
v 0.012573 1.536112 0.085968
v 0.006233 1.539483 0.094633
v 0.006472 1.535292 0.087416
v 0.000290 1.539466 0.095094
v 0.000284 1.535165 0.087933
v 0.000257 1.545340 0.099500
v -0.005608 1.539479 0.094679
v -0.005864 1.535311 0.087513
v -0.011369 1.540076 0.093217
v -0.005165 1.545330 0.099029
v -0.010509 1.545666 0.097627
v -0.004640 1.552126 0.101614
v 0.000196 1.552169 0.101994
v -0.015260 1.546761 0.094973
v -0.019376 1.548454 0.092079
v -0.016664 1.541583 0.090608
v -0.017932 1.537946 0.083883
v -0.021358 1.543813 0.087630
v -0.023311 1.540693 0.081136
v -0.025264 1.546568 0.084940
v -0.022901 1.550691 0.089607
v -0.028347 1.549820 0.082983
v -0.027666 1.544047 0.078805
v -0.029776 1.543082 0.071354
v -0.031236 1.547791 0.077267
v -0.034199 1.547122 0.070599
v -0.035167 1.552999 0.075631
v -0.038805 1.552682 0.069605
v -0.039236 1.559635 0.074723
v -0.031918 1.554655 0.081356
v -0.029146 1.557122 0.085840
v -0.035674 1.560336 0.080028
v -0.032689 1.561781 0.084318
v -0.039062 1.566406 0.079602
v -0.035846 1.566978 0.083645
v -0.041608 1.573110 0.080067
v -0.042822 1.566563 0.074669
v -0.046844 1.567341 0.069523
v -0.045312 1.573999 0.075597
v -0.049147 1.575341 0.071022
v -0.046250 1.581455 0.077136
v -0.049905 1.583318 0.073224
v -0.045821 1.588682 0.079181
v -0.042697 1.579911 0.081010
v -0.039516 1.578921 0.084289
v -0.042318 1.586572 0.082315
v -0.039344 1.584900 0.085065
v -0.041168 1.592450 0.084080
v -0.038246 1.590433 0.086193
v -0.039348 1.597697 0.086250
v -0.044646 1.595014 0.081730
v -0.048163 1.597734 0.079258
v -0.042688 1.600467 0.084487
v -0.046086 1.603371 0.082626
v -0.040482 1.605229 0.086799
v -0.043734 1.608488 0.085452
v -0.038038 1.609495 0.088554
v -0.037240 1.602046 0.088143
v -0.034521 1.599492 0.089273
v -0.035073 1.606125 0.089594
v -0.032506 1.603395 0.090428
v -0.032614 1.609939 0.090699
v -0.030266 1.606955 0.091323
v -0.029918 1.613175 0.091386
v -0.035253 1.613620 0.089772
v -0.037900 1.617453 0.088742
v -0.032282 1.617019 0.090473
v -0.029256 1.619421 0.091020
v -0.034518 1.620997 0.089315
v -0.036665 1.625158 0.088041
v -0.031162 1.623206 0.089818
v -0.032929 1.627131 0.088490
v -0.027868 1.625080 0.090444
v -0.029311 1.628702 0.089028
v -0.026352 1.621482 0.091680
v -0.025427 1.625985 0.091147
v -0.023054 1.627017 0.091938
v -0.026486 1.629678 0.089708
v -0.024160 1.622550 0.092319
v -0.022900 1.619278 0.093081
v -0.021984 1.623863 0.093121
v -0.019965 1.625321 0.094099
v -0.020782 1.620972 0.093872
v -0.019634 1.618641 0.094231
v -0.018971 1.622651 0.094897
v -0.018121 1.620392 0.095559
v -0.017327 1.624293 0.096361
v -0.016822 1.622062 0.097160
v -0.015607 1.625574 0.098157
v -0.018040 1.626845 0.095450
v -0.018562 1.629580 0.094180
v -0.016075 1.628119 0.097179
v -0.016419 1.630748 0.095915
v -0.014048 1.629097 0.099229
v -0.012134 1.629753 0.101630
v -0.013886 1.626606 0.100319
v -0.014249 1.631699 0.097956
v -0.014281 1.634450 0.096318
v -0.012155 1.632396 0.100212
v -0.012119 1.635158 0.098538
v -0.010192 1.633083 0.102586
v -0.008216 1.633934 0.104917
v -0.010100 1.635869 0.100814
v -0.010304 1.630451 0.104186
v -0.008323 1.631255 0.106642
v -0.010512 1.627992 0.105687
v -0.008578 1.628674 0.108320
v -0.010771 1.625920 0.107000
v -0.012167 1.627236 0.102933
v -0.012211 1.625111 0.103988
v -0.012619 1.623078 0.104935
v -0.013826 1.624414 0.101239
v -0.014194 1.622295 0.102190
v -0.015391 1.623300 0.099083
v -0.015800 1.621204 0.100083
v -0.016754 1.619146 0.101143
v -0.017051 1.620034 0.098156
v -0.017728 1.617981 0.099203
v -0.017956 1.618294 0.096591
v -0.018294 1.616440 0.097645
v -0.018756 1.615894 0.095081
v -0.020493 1.613991 0.093522
v -0.018612 1.614492 0.096531
v -0.018397 1.611598 0.095330
v -0.018574 1.611425 0.096510
v -0.019389 1.610885 0.093895
v -0.017502 1.608265 0.096314
v -0.015705 1.605931 0.097772
v -0.017771 1.607431 0.095224
v -0.017986 1.608419 0.097344
v -0.018480 1.608594 0.098889
v -0.016430 1.606248 0.098622
v -0.014364 1.605248 0.099734
v -0.017034 1.606514 0.099815
v -0.017680 1.607374 0.101280
v -0.015200 1.605641 0.100537
v -0.016033 1.606347 0.101777
v -0.013619 1.605666 0.101042
v -0.014565 1.606249 0.102164
v -0.012512 1.605186 0.100514
v -0.012362 1.606666 0.101583
v -0.013236 1.607200 0.102402
v -0.011510 1.608811 0.101328
v -0.011335 1.606186 0.101336
v -0.010173 1.606051 0.101768
v -0.010385 1.608357 0.101296
v -0.009730 1.611597 0.100731
v -0.009330 1.608081 0.101827
v -0.008568 1.611099 0.101162
v -0.008144 1.607976 0.102970
v -0.006942 1.607892 0.104456
v -0.007524 1.610711 0.102241
v -0.008440 1.606117 0.103219
v -0.006558 1.606086 0.104946
v -0.008523 1.604669 0.103186
v -0.005585 1.604472 0.105517
v -0.010982 1.604643 0.100660
v -0.013287 1.604773 0.099039
v -0.004124 1.604979 0.106893
v -0.002842 1.603486 0.106806
v -0.002411 1.604020 0.107730
v 0.000152 1.602805 0.107243
v -0.003284 1.602294 0.106652
v 0.000095 1.601916 0.106966
v 0.003493 1.602330 0.106638
v 0.000073 1.600922 0.106907
v 0.003737 1.601161 0.106910
v 0.003887 1.599225 0.106922
v 0.007121 1.601491 0.105743
v 0.010112 1.601722 0.103465
v 0.006538 1.602962 0.105582
v 0.007595 1.599365 0.105987
v 0.010962 1.599455 0.104285
v 0.007716 1.597141 0.106355
v 0.011183 1.596850 0.104971
v 0.007716 1.594827 0.107028
v 0.011246 1.594409 0.105812
v 0.007624 1.592249 0.107756
v 0.003898 1.594882 0.107554
v 0.003860 1.592424 0.108467
v 0.003724 1.589481 0.107919
v 0.000051 1.592396 0.108253
v 0.000059 1.589550 0.108318
v -0.003742 1.592380 0.108337
v -0.003592 1.589494 0.107948
v -0.007525 1.592294 0.107843
v -0.010993 1.591960 0.106547
v -0.007631 1.594850 0.107132
v -0.007134 1.589521 0.107171
v -0.010522 1.589286 0.106115
v -0.006728 1.587235 0.106130
v -0.003361 1.587197 0.106866
v -0.006351 1.585114 0.104604
v -0.010010 1.587112 0.105169
v -0.009486 1.585023 0.103650
v -0.013151 1.586833 0.103855
v -0.012438 1.584868 0.102391
v -0.013727 1.588778 0.104766
v -0.015807 1.586374 0.102258
v -0.014934 1.584586 0.100959
v -0.017826 1.585664 0.100736
v -0.016534 1.587961 0.103206
v -0.018641 1.587015 0.101653
v -0.017128 1.590123 0.103600
v -0.014257 1.591202 0.105089
v -0.014418 1.593557 0.104372
v -0.011106 1.594429 0.105807
v -0.011055 1.596856 0.104987
v -0.020643 1.585834 0.099926
v -0.022394 1.584680 0.098090
v -0.019813 1.584768 0.099169
v -0.018934 1.583587 0.098208
v -0.021631 1.583886 0.097527
v -0.020672 1.583042 0.096816
v -0.017019 1.584138 0.099580
v -0.023928 1.583726 0.096258
v -0.024502 1.584502 0.096498
v -0.003151 1.585133 0.105286
v 0.000075 1.585155 0.105594
v 0.003312 1.585124 0.105272
v 0.000071 1.587229 0.107267
v 0.003516 1.587188 0.106825
v 0.006891 1.587197 0.106151
v 0.007269 1.589458 0.107173
v 0.010153 1.587078 0.105083
v 0.006514 1.585092 0.104609
v 0.009637 1.585010 0.103588
v 0.006461 1.583505 0.102856
v 0.009527 1.583424 0.101876
v 0.003285 1.583577 0.103502
v 0.006793 1.582501 0.100819
v 0.009899 1.582377 0.099902
v 0.012607 1.584878 0.102280
v 0.013290 1.586817 0.103691
v 0.013846 1.588697 0.104621
v 0.010665 1.589250 0.106055
v 0.014406 1.591163 0.105060
v 0.017321 1.590017 0.103527
v 0.014580 1.593529 0.104374
v 0.011162 1.591900 0.106579
v 0.017514 1.592218 0.102854
v 0.014580 1.595942 0.103466
v 0.014392 1.598689 0.102476
v 0.017662 1.594482 0.102070
v 0.020202 1.592866 0.100791
v 0.017673 1.596982 0.101215
v 0.017989 1.599500 0.099706
v 0.020552 1.594910 0.100027
v 0.021087 1.597085 0.098767
v 0.023005 1.592665 0.098829
v 0.022408 1.590883 0.099451
v 0.025097 1.590377 0.097564
v 0.023704 1.594683 0.097800
v 0.024762 1.597641 0.095865
v 0.025884 1.592227 0.096740
v 0.027779 1.589574 0.095665
v 0.027101 1.594922 0.095118
v 0.029116 1.592007 0.094215
v 0.028460 1.597872 0.093066
v 0.026193 1.600867 0.093637
v 0.030586 1.594652 0.092365
v 0.030370 1.600783 0.091389
v 0.032414 1.597149 0.090623
v 0.028234 1.604127 0.092007
v 0.032723 1.603480 0.090455
v 0.034704 1.599584 0.089282
v 0.035303 1.606244 0.089617
v 0.030515 1.607023 0.091344
v 0.028080 1.610020 0.091953
v 0.032850 1.610021 0.090688
v 0.030178 1.613214 0.091354
v 0.035484 1.613713 0.089757
v 0.038116 1.617539 0.088718
v 0.038274 1.609643 0.088555
v 0.032527 1.617066 0.090446
v 0.029519 1.619437 0.091004
v 0.034754 1.621057 0.089340
v 0.036861 1.625203 0.087985
v 0.031396 1.623240 0.089823
v 0.028104 1.625092 0.090436
v 0.033139 1.627171 0.088478
v 0.029523 1.628734 0.089007
v 0.034452 1.631341 0.086824
v 0.035262 1.635759 0.085140
v 0.038795 1.629619 0.086446
v 0.030543 1.632595 0.087321
v 0.027321 1.633723 0.087865
v 0.031413 1.636802 0.086075
v 0.032131 1.640896 0.086045
v 0.028126 1.637734 0.086837
v 0.025031 1.638508 0.087430
v 0.028891 1.641357 0.086687
v 0.029516 1.644526 0.087377
v 0.025779 1.641772 0.087154
v 0.026459 1.644633 0.087586
v 0.022728 1.642174 0.087578
v 0.019717 1.642657 0.088126
v 0.023488 1.644772 0.087730
v 0.022026 1.639214 0.088055
v 0.021696 1.635505 0.089383
v 0.019084 1.639897 0.088895
v 0.018957 1.636468 0.090444
v 0.016324 1.640534 0.090196
v 0.016435 1.637147 0.092048
v 0.013883 1.641126 0.091988
v 0.016803 1.643323 0.088990
v 0.017701 1.645487 0.088304
v 0.014085 1.644223 0.090330
v 0.014815 1.647065 0.088995
v 0.011534 1.645171 0.092137
v 0.011794 1.648291 0.090706
v 0.009298 1.646068 0.094245
v 0.011607 1.641780 0.094058
v 0.012031 1.638259 0.096306
v 0.009538 1.642478 0.096263
v 0.007574 1.643170 0.098392
v 0.010033 1.638959 0.098579
v 0.008066 1.639771 0.100761
v 0.010360 1.635899 0.100748
v 0.010468 1.633119 0.102534
v 0.008404 1.636745 0.102991
v 0.012376 1.635209 0.098479
v 0.012414 1.632438 0.100158
v 0.014522 1.634511 0.096256
v 0.014171 1.637689 0.094068
v 0.016758 1.633682 0.094226
v 0.014509 1.631758 0.097906
v 0.016679 1.630826 0.095869
v 0.014314 1.629153 0.099176
v 0.014142 1.626652 0.100248
v 0.012387 1.629789 0.101570
v 0.016342 1.628195 0.097122
v 0.018326 1.626899 0.095430
v 0.015903 1.625659 0.098094
v 0.015654 1.623380 0.098974
v 0.017594 1.624326 0.096314
v 0.019228 1.622646 0.094865
v 0.017086 1.622079 0.097108
v 0.018359 1.620354 0.095525
v 0.017256 1.620014 0.098080
v 0.016021 1.621225 0.099957
v 0.017965 1.617947 0.099093
v 0.018257 1.618308 0.096543
v 0.019001 1.615832 0.095038
v 0.018544 1.616418 0.097564
v 0.018835 1.614401 0.096499
v 0.019112 1.614495 0.098816
v 0.019101 1.613441 0.097681
v 0.019524 1.612084 0.099810
v 0.018930 1.615804 0.100291
v 0.019521 1.613230 0.101423
v 0.018175 1.616968 0.102178
v 0.019034 1.614507 0.103329
v 0.016911 1.617978 0.103994
v 0.016990 1.619120 0.101008
v 0.015498 1.620141 0.103047
v 0.013859 1.621047 0.105322
v 0.014432 1.622303 0.102068
v 0.012877 1.623085 0.104853
v 0.014082 1.624457 0.101156
v 0.012471 1.625135 0.103913
v 0.011046 1.625989 0.106921
v 0.012419 1.627266 0.102861
v 0.010772 1.628039 0.105618
v 0.010561 1.630484 0.104123
v 0.008827 1.628736 0.108240
v 0.009167 1.626511 0.109762
v 0.006385 1.629334 0.110614
v 0.008571 1.631305 0.106572
v 0.006224 1.632044 0.108776
v 0.008492 1.633978 0.104860
v 0.006210 1.634804 0.106965
v 0.006164 1.637577 0.104999
v 0.003384 1.635290 0.108367
v 0.003379 1.638127 0.106400
v 0.003389 1.632496 0.110241
v 0.000131 1.635366 0.108950
v 0.000112 1.632585 0.110866
v 0.000149 1.638238 0.106982
v -0.003100 1.635257 0.108420
v -0.005936 1.634762 0.107035
v -0.003066 1.638096 0.106453
v -0.003133 1.632467 0.110286
v -0.003221 1.629737 0.112255
v -0.005958 1.631995 0.108826
v -0.006113 1.629274 0.110647
v -0.006367 1.626945 0.112345
v -0.003344 1.627395 0.114063
v -0.006676 1.624491 0.114133
v -0.008926 1.626458 0.109852
v -0.009345 1.624037 0.111488
v -0.009796 1.620828 0.113426
v -0.011342 1.623371 0.108332
v -0.011677 1.620245 0.110782
v -0.012730 1.620991 0.107485
v -0.012945 1.619068 0.109235
v -0.013915 1.619460 0.107085
v -0.013593 1.621050 0.105444
v -0.015216 1.620156 0.103189
v -0.015021 1.618934 0.105800
v -0.016067 1.616730 0.106769
v -0.016630 1.617993 0.104178
v -0.017642 1.615644 0.105297
v -0.017895 1.617012 0.102340
v -0.018736 1.614572 0.103522
v -0.018623 1.615838 0.100449
v -0.019300 1.613324 0.101609
v -0.018858 1.614622 0.098892
v -0.019297 1.612117 0.099902
v -0.018859 1.613501 0.097732
v -0.018943 1.611257 0.098120
v -0.018957 1.609452 0.100634
v -0.019158 1.610621 0.102477
v -0.018050 1.608378 0.103020
v -0.018813 1.611981 0.104494
v -0.017914 1.609744 0.105039
v -0.017861 1.613253 0.106309
v -0.016306 1.614496 0.107876
v -0.017211 1.611057 0.106915
v -0.015994 1.609712 0.106955
v -0.015815 1.612412 0.108571
v -0.014780 1.610867 0.108645
v -0.014207 1.613430 0.110007
v -0.014587 1.615607 0.109374
v -0.012891 1.614182 0.111283
v -0.013377 1.611804 0.110108
v -0.012073 1.612362 0.111322
v -0.012332 1.611023 0.109786
v -0.011052 1.611400 0.110881
v -0.013641 1.610278 0.108349
v -0.011269 1.610892 0.109258
v -0.010043 1.611123 0.110255
v -0.010150 1.611601 0.108581
v -0.012506 1.610308 0.107953
v -0.011329 1.611262 0.107415
v -0.013474 1.609570 0.106391
v -0.013887 1.608852 0.104897
v -0.014734 1.609282 0.106720
v -0.012252 1.610953 0.105798
v -0.011154 1.613571 0.105154
v -0.012742 1.610375 0.104343
v -0.011935 1.612608 0.103200
v -0.012757 1.609797 0.103144
v -0.012342 1.609281 0.102133
v -0.013746 1.607934 0.103430
v -0.015094 1.607103 0.103419
v -0.016553 1.607262 0.103289
v -0.015234 1.608229 0.105102
v -0.016583 1.608526 0.105148
v -0.011453 1.612360 0.101772
v -0.009909 1.614582 0.102595
v -0.010715 1.611954 0.100989
v -0.009253 1.614045 0.101863
v -0.007407 1.615775 0.103383
v -0.008040 1.613578 0.101808
v -0.006707 1.615061 0.103076
v -0.007191 1.612827 0.102134
v -0.006063 1.613268 0.103138
v -0.006636 1.610526 0.103598
v -0.005896 1.610504 0.104796
v -0.004685 1.613883 0.104543
v -0.004881 1.610532 0.105996
v -0.004984 1.615966 0.104387
v -0.003518 1.613886 0.105853
v -0.002761 1.613724 0.106930
v -0.003736 1.610858 0.107084
v -0.003584 1.615761 0.105770
v -0.004032 1.616401 0.106093
v -0.002763 1.614812 0.107238
v -0.003242 1.615515 0.107705
v -0.002611 1.612322 0.109283
v -0.003748 1.609547 0.110947
v -0.002804 1.611348 0.108169
v -0.003435 1.613339 0.110052
v -0.004942 1.614037 0.109983
v -0.004900 1.610578 0.111603
v -0.005878 1.609168 0.112879
v -0.006372 1.611291 0.111304
v -0.007744 1.611660 0.110543
v -0.007283 1.610209 0.112395
v -0.008714 1.610890 0.111384
v -0.007929 1.610590 0.113389
v -0.009625 1.611329 0.112072
v -0.008735 1.612003 0.114160
v -0.005898 1.609055 0.114624
v -0.006736 1.611174 0.116043
v -0.003183 1.608224 0.116313
v -0.004522 1.607230 0.113298
v -0.002686 1.606482 0.114399
v -0.003648 1.605971 0.111721
v -0.004600 1.608101 0.112143
v -0.003978 1.606974 0.110789
v -0.003909 1.606211 0.109458
v -0.003445 1.608593 0.109668
v -0.004035 1.607995 0.108472
v -0.004910 1.607739 0.107212
v -0.005910 1.607774 0.105855
v -0.004397 1.606025 0.107942
v -0.003488 1.605009 0.108540
v -0.005208 1.606030 0.106333
v -0.002072 1.604177 0.109179
v -0.003309 1.605130 0.110236
v -0.001942 1.604535 0.110774
v -0.002210 1.605318 0.112442
v 0.000134 1.604334 0.110995
v 0.000134 1.605148 0.112716
v 0.002239 1.604539 0.110768
v 0.000113 1.603789 0.109473
v 0.002362 1.604166 0.109207
v 0.000106 1.603317 0.108145
v 0.002640 1.604069 0.107667
v 0.004379 1.604966 0.106800
v 0.003098 1.603375 0.106732
v 0.005897 1.604427 0.105474
v 0.006863 1.605992 0.104935
v 0.008730 1.604658 0.103130
v 0.008657 1.606087 0.103214
v 0.011128 1.604594 0.100609
v 0.009168 1.603227 0.103107
v 0.012467 1.603496 0.100379
v 0.015875 1.604610 0.097645
v 0.014247 1.601631 0.100821
v 0.013415 1.604672 0.098982
v 0.014483 1.605172 0.099583
v 0.015851 1.605939 0.097644
v 0.016615 1.606183 0.098522
v 0.017660 1.608320 0.096191
v 0.018006 1.607505 0.095145
v 0.018207 1.608388 0.097236
v 0.018625 1.611598 0.095238
v 0.018813 1.611412 0.096428
v 0.019668 1.610895 0.093856
v 0.020792 1.613937 0.093516
v 0.022053 1.611024 0.093130
v 0.024085 1.608982 0.092844
v 0.023957 1.614293 0.092810
v 0.019626 1.606951 0.094674
v 0.017073 1.603825 0.097512
v 0.021725 1.605462 0.094449
v 0.023854 1.603501 0.094030
v 0.019422 1.602368 0.097071
v 0.022189 1.600170 0.096475
v 0.026048 1.606935 0.092474
v 0.025801 1.612341 0.092432
v 0.021973 1.616553 0.093302
v 0.025341 1.617457 0.092526
v 0.023185 1.619228 0.093084
v 0.026614 1.621479 0.091642
v 0.027521 1.615695 0.091969
v 0.024425 1.622553 0.092312
v 0.022239 1.623865 0.093103
v 0.025650 1.626016 0.091114
v 0.023282 1.627039 0.091870
v 0.026672 1.629756 0.089645
v 0.024065 1.630618 0.090376
v 0.024486 1.634529 0.088580
v 0.021553 1.631690 0.091333
v 0.019081 1.632776 0.092538
v 0.021031 1.628283 0.092850
v 0.018829 1.629655 0.094149
v 0.020230 1.625339 0.094073
v 0.021065 1.620964 0.093876
v 0.019886 1.618587 0.094221
v 0.019154 1.611253 0.098076
v 0.018713 1.608574 0.098801
v 0.017113 1.606463 0.099744
v 0.019201 1.609480 0.100565
v 0.017781 1.607259 0.101257
v 0.019378 1.610439 0.102361
v 0.018208 1.608227 0.102959
v 0.019081 1.611815 0.104334
v 0.018142 1.609588 0.104930
v 0.018173 1.613145 0.106123
v 0.016670 1.614458 0.107748
v 0.017954 1.615637 0.105086
v 0.017447 1.610962 0.106770
v 0.016215 1.609673 0.106862
v 0.016109 1.612362 0.108494
v 0.015031 1.610922 0.108604
v 0.014499 1.613396 0.109997
v 0.013183 1.614156 0.111221
v 0.014907 1.615592 0.109266
v 0.013613 1.611785 0.110087
v 0.012534 1.611010 0.109729
v 0.012300 1.612338 0.111284
v 0.011241 1.611358 0.110841
v 0.010784 1.612500 0.112572
v 0.009803 1.611286 0.111934
v 0.009004 1.612050 0.114114
v 0.011667 1.614478 0.112735
v 0.012127 1.617249 0.112168
v 0.009773 1.614323 0.114634
v 0.010251 1.617429 0.114569
v 0.007658 1.613931 0.116868
v 0.007808 1.617450 0.117165
v 0.004516 1.613476 0.119304
v 0.007099 1.611269 0.115943
v 0.006205 1.609162 0.114565
v 0.004152 1.610431 0.118016
v 0.000177 1.610237 0.118925
v 0.003586 1.608235 0.116290
v 0.003052 1.606501 0.114344
v 0.000172 1.608063 0.116924
v 0.000116 1.606374 0.114750
v 0.002561 1.605314 0.112414
v 0.004843 1.607369 0.113239
v 0.003974 1.606037 0.111647
v 0.004854 1.608257 0.112045
v 0.006092 1.609321 0.112775
v 0.003825 1.609678 0.110888
v 0.004234 1.607062 0.110702
v 0.003671 1.608654 0.109592
v 0.004141 1.606328 0.109398
v 0.004252 1.608035 0.108425
v 0.004708 1.606083 0.107883
v 0.003583 1.605214 0.110203
v 0.003772 1.605106 0.108497
v 0.005186 1.607701 0.107178
v 0.005489 1.605990 0.106256
v 0.006162 1.607629 0.105824
v 0.006138 1.610573 0.104693
v 0.007265 1.607801 0.104440
v 0.006992 1.610590 0.103465
v 0.008447 1.608007 0.102930
v 0.007871 1.610695 0.102158
v 0.009575 1.608174 0.101795
v 0.008850 1.611059 0.101174
v 0.010600 1.608421 0.101266
v 0.010375 1.606070 0.101816
v 0.011534 1.606174 0.101387
v 0.012690 1.605149 0.100461
v 0.012479 1.606608 0.101541
v 0.011665 1.608788 0.101305
v 0.013367 1.607157 0.102300
v 0.013801 1.605610 0.100947
v 0.014698 1.606192 0.102102
v 0.015315 1.605573 0.100420
v 0.016117 1.606255 0.101728
v 0.016653 1.607172 0.103267
v 0.016709 1.608429 0.105055
v 0.015226 1.607085 0.103448
v 0.013944 1.607946 0.103433
v 0.015322 1.608219 0.105026
v 0.014040 1.608869 0.104861
v 0.014918 1.609273 0.106658
v 0.013882 1.610322 0.108331
v 0.013627 1.609591 0.106321
v 0.012459 1.610940 0.105782
v 0.012725 1.610345 0.107915
v 0.011518 1.611286 0.107354
v 0.011452 1.610841 0.109224
v 0.010290 1.611619 0.108579
v 0.010204 1.611135 0.110175
v 0.009123 1.611967 0.109480
v 0.008899 1.610928 0.111194
v 0.007418 1.610224 0.112249
v 0.007928 1.611752 0.110448
v 0.006460 1.614627 0.109481
v 0.006488 1.611440 0.111232
v 0.004810 1.614216 0.109913
v 0.004993 1.610753 0.111491
v 0.003455 1.613443 0.109880
v 0.003445 1.615511 0.107571
v 0.002631 1.612458 0.109232
v 0.002847 1.611521 0.108098
v 0.002973 1.614824 0.107141
v 0.003955 1.615661 0.105782
v 0.002988 1.613926 0.106836
v 0.003859 1.613984 0.105844
v 0.003859 1.611062 0.107003
v 0.005035 1.613778 0.104521
v 0.005102 1.610710 0.105959
v 0.006414 1.612978 0.103017
v 0.005144 1.615899 0.104249
v 0.005540 1.616610 0.104416
v 0.006936 1.614747 0.102780
v 0.007444 1.615611 0.103057
v 0.008244 1.613378 0.101632
v 0.009356 1.613973 0.101646
v 0.007446 1.612649 0.101978
v 0.009944 1.614561 0.102350
v 0.010965 1.611929 0.101014
v 0.009971 1.611565 0.100777
v 0.011724 1.612328 0.101711
v 0.012122 1.612504 0.103133
v 0.012550 1.609210 0.102056
v 0.013029 1.609728 0.103087
v 0.012997 1.610343 0.104290
v 0.011275 1.613598 0.105063
v 0.010481 1.614611 0.103083
v 0.009015 1.616059 0.104449
v 0.008016 1.616174 0.103587
v 0.007315 1.616601 0.106073
v 0.008516 1.616139 0.105758
v 0.010016 1.614254 0.106479
v 0.008825 1.614519 0.107601
v 0.007763 1.614694 0.108541
v 0.006312 1.616434 0.107091
v 0.005050 1.616643 0.106291
v 0.005464 1.616129 0.107973
v 0.004334 1.616021 0.107811
v 0.004305 1.616250 0.106009
v 0.006350 1.616875 0.104967
v 0.008141 1.610596 0.113275
v 0.000168 1.613372 0.120391
v -0.003731 1.610436 0.118026
v -0.004090 1.613448 0.119345
v -0.007280 1.613885 0.117033
v -0.004093 1.617384 0.119501
v -0.007449 1.617402 0.117298
v -0.003815 1.621459 0.118177
v 0.000166 1.617385 0.120545
v 0.004475 1.617419 0.119471
v 0.000149 1.621572 0.119173
v 0.000141 1.625105 0.116843
v 0.004127 1.621518 0.118177
v 0.007410 1.621230 0.116041
v 0.003837 1.624979 0.116002
v 0.003624 1.627444 0.114066
v 0.006961 1.624530 0.114073
v 0.009586 1.624079 0.111387
v 0.006629 1.626990 0.112289
v 0.010079 1.620881 0.113322
v 0.011620 1.623444 0.108240
v 0.011964 1.620293 0.110696
v 0.013009 1.621009 0.107378
v 0.014231 1.619450 0.106973
v 0.013275 1.619094 0.109169
v 0.014668 1.617759 0.108079
v 0.013481 1.616591 0.110514
v 0.016408 1.616735 0.106624
v 0.015329 1.618917 0.105643
v 0.000128 1.627575 0.114847
v 0.003467 1.629776 0.112224
v 0.000111 1.629884 0.112928
v -0.003528 1.624937 0.116020
v -0.007103 1.621186 0.116104
v -0.009906 1.617389 0.114682
v -0.009409 1.614306 0.114677
v -0.011814 1.617214 0.112256
v -0.011350 1.614514 0.112790
v -0.013177 1.616584 0.110607
v -0.010558 1.612507 0.112641
v -0.009014 1.611804 0.109543
v -0.006469 1.614257 0.109407
v -0.007777 1.614171 0.108577
v -0.005449 1.615984 0.108097
v -0.004225 1.616060 0.107962
v -0.006278 1.616291 0.107293
v -0.007252 1.616560 0.106236
v -0.004977 1.616743 0.106519
v -0.006248 1.616976 0.105313
v -0.008077 1.616292 0.104194
v -0.005459 1.616695 0.104739
v -0.009550 1.615790 0.104549
v -0.008583 1.616120 0.105844
v -0.010504 1.614625 0.103255
v -0.009985 1.614104 0.106622
v -0.008809 1.614202 0.107704
v -0.014349 1.617779 0.108175
v -0.005877 1.637549 0.105079
v -0.002927 1.641037 0.104104
v -0.005619 1.640480 0.102754
v -0.002715 1.644271 0.101607
v 0.000150 1.641232 0.104626
v 0.003223 1.641076 0.104054
v 0.000130 1.644479 0.102078
v 0.002967 1.644305 0.101564
v 0.000110 1.648094 0.099916
v 0.000095 1.651481 0.098254
v 0.002757 1.647919 0.099449
v -0.002540 1.647909 0.099460
v -0.002495 1.651318 0.097802
v -0.004936 1.647453 0.098207
v -0.005229 1.643767 0.100308
v -0.007034 1.646798 0.096376
v -0.004885 1.650938 0.096559
v -0.005091 1.653921 0.095565
v -0.007059 1.650337 0.094752
v -0.009185 1.649443 0.092674
v -0.007450 1.653549 0.093760
v -0.008101 1.656821 0.093554
v -0.009748 1.652757 0.091665
v -0.011951 1.651219 0.089776
v -0.011256 1.656731 0.091320
v -0.013112 1.653976 0.089211
v -0.014885 1.658932 0.090493
v -0.011914 1.660957 0.093402
v -0.008778 1.660335 0.094515
v -0.012754 1.664536 0.095529
v -0.015325 1.662098 0.092682
v -0.018887 1.663266 0.092319
v -0.016214 1.665363 0.094974
v -0.019819 1.666247 0.094510
v -0.017096 1.668980 0.096704
v -0.017819 1.673070 0.097447
v -0.013534 1.668322 0.097255
v -0.020774 1.669665 0.096086
v -0.024550 1.670308 0.095343
v -0.021568 1.673627 0.096613
v -0.025407 1.674146 0.095588
v -0.022134 1.678080 0.096152
v -0.026018 1.678477 0.094892
v -0.022787 1.682534 0.094928
v -0.018329 1.677626 0.097122
v -0.018914 1.682197 0.096048
v -0.014636 1.677156 0.097846
v -0.015108 1.681878 0.096844
v -0.010978 1.676736 0.098376
v -0.014160 1.672527 0.098092
v -0.010568 1.672043 0.098565
v -0.007006 1.671617 0.098964
v -0.010078 1.667757 0.097759
v -0.009464 1.663912 0.096174
v -0.006681 1.667304 0.098201
v -0.003285 1.666970 0.098542
v -0.006279 1.663486 0.096801
v -0.003102 1.663205 0.097287
v -0.005837 1.660001 0.095615
v -0.002904 1.659794 0.096444
v -0.005428 1.656797 0.095202
v -0.002729 1.656772 0.096341
v 0.000086 1.656770 0.096767
v -0.002584 1.654133 0.096804
v 0.000082 1.654227 0.097256
v 0.002773 1.654145 0.096822
v 0.005318 1.653924 0.095592
v 0.002694 1.651338 0.097813
v 0.002924 1.656776 0.096363
v 0.003111 1.659822 0.096462
v 0.005659 1.656809 0.095227
v 0.008353 1.656839 0.093566
v 0.006070 1.660046 0.095638
v 0.006527 1.663548 0.096814
v 0.009029 1.660379 0.094529
v 0.009731 1.663975 0.096175
v 0.012176 1.660988 0.093400
v 0.013036 1.664597 0.095511
v 0.015589 1.662129 0.092669
v 0.011518 1.656733 0.091325
v 0.015117 1.658947 0.090490
v 0.013360 1.653971 0.089223
v 0.010010 1.652776 0.091672
v 0.009439 1.649483 0.092683
v 0.007700 1.653562 0.093772
v 0.012210 1.651232 0.089792
v 0.014381 1.649887 0.088556
v 0.015035 1.652148 0.088205
v 0.016101 1.649404 0.087960
v 0.016401 1.651178 0.087784
v 0.017301 1.649334 0.087683
v 0.016886 1.647783 0.088048
v 0.018857 1.646920 0.087921
v 0.018120 1.648230 0.087673
v 0.018962 1.648577 0.087334
v 0.019844 1.647853 0.087632
v 0.020575 1.648483 0.087242
v 0.022171 1.648290 0.087756
v 0.022735 1.649092 0.087290
v 0.024709 1.648460 0.087808
v 0.021424 1.646973 0.087944
v 0.020553 1.644983 0.087921
v 0.024165 1.646994 0.087967
v 0.026974 1.647008 0.087977
v 0.029916 1.647085 0.087925
v 0.027367 1.648522 0.087797
v 0.027630 1.649311 0.087112
v 0.030176 1.648614 0.087678
v 0.030291 1.649243 0.086826
v 0.033002 1.648777 0.087284
v 0.032938 1.649219 0.086277
v 0.035742 1.649074 0.086590
v 0.032926 1.647255 0.087643
v 0.032672 1.644454 0.086965
v 0.035853 1.647561 0.087002
v 0.038679 1.647990 0.086095
v 0.035817 1.644536 0.086273
v 0.035596 1.640470 0.085182
v 0.038884 1.644887 0.085324
v 0.041772 1.645645 0.084209
v 0.039191 1.640481 0.084115
v 0.042505 1.641509 0.082903
v 0.040399 1.634665 0.083977
v 0.044417 1.637010 0.082112
v 0.045832 1.629817 0.084215
v 0.050431 1.624884 0.083160
v 0.043399 1.625864 0.086178
v 0.048497 1.632549 0.081930
v 0.053282 1.627862 0.080960
v 0.051156 1.634856 0.079520
v 0.053257 1.637497 0.077457
v 0.047433 1.638977 0.080372
v 0.055789 1.630747 0.078449
v 0.057520 1.633840 0.075707
v 0.059815 1.626397 0.075618
v 0.063044 1.621744 0.071190
v 0.057290 1.623018 0.078109
v 0.061655 1.630112 0.073012
v 0.062745 1.634184 0.070555
v 0.064993 1.626181 0.068674
v 0.066254 1.631020 0.066452
v 0.069090 1.627396 0.060654
v 0.066701 1.635903 0.064514
v 0.063134 1.638199 0.068527
v 0.066307 1.640836 0.063222
v 0.069854 1.633363 0.058862
v 0.069507 1.639402 0.057669
v 0.072153 1.630813 0.052210
v 0.072153 1.638066 0.051227
v 0.073471 1.628432 0.044728
v 0.073910 1.626610 0.037027
v 0.074037 1.636928 0.043757
v 0.074868 1.636003 0.035937
v 0.073019 1.645441 0.043250
v 0.070993 1.645055 0.051043
v 0.071376 1.653072 0.043677
v 0.074364 1.645563 0.034857
v 0.073170 1.655902 0.034232
v 0.075033 1.645108 0.026291
v 0.075028 1.653690 0.023109
v 0.075205 1.661542 0.020059
v 0.076177 1.651481 0.012117
v 0.076616 1.658972 0.011197
v 0.077497 1.652191 0.003029
v 0.077372 1.647813 0.007366
v 0.078954 1.649047 0.001335
v 0.080515 1.646408 0.005431
v 0.082339 1.646011 0.005017
v 0.082022 1.648687 0.000463
v 0.084034 1.648786 0.000212
v 0.083239 1.648580 -0.004755
v 0.084086 1.645745 -0.009357
v 0.085741 1.648562 -0.005581
v 0.080308 1.649037 -0.004182
v 0.080669 1.646742 -0.008541
v 0.078396 1.652242 -0.004482
v 0.078613 1.650517 -0.010345
v 0.079185 1.661911 -0.005352
v 0.077458 1.666106 0.007442
v 0.077581 1.658475 0.004465
v 0.080269 1.676044 -0.009366
v 0.078882 1.657406 -0.018799
v 0.078174 1.648596 -0.014356
v 0.079812 1.672319 -0.024823
v 0.075568 1.649537 -0.033389
v 0.075577 1.641866 -0.020972
v 0.077117 1.645578 -0.018720
v 0.071229 1.634277 -0.034286
v 0.076401 1.668403 -0.041171
v 0.067821 1.649017 -0.055697
v 0.069018 1.666059 -0.058778
v 0.064268 1.633679 -0.052556
v 0.055822 1.647890 -0.072357
v 0.053053 1.632514 -0.068056
v 0.039918 1.646960 -0.085284
v 0.057060 1.664807 -0.075258
v 0.056475 1.681992 -0.075877
v 0.040638 1.664191 -0.088030
v 0.040025 1.682150 -0.087890
v 0.021242 1.663999 -0.095772
v 0.020783 1.682477 -0.095370
v 0.021070 1.646495 -0.092975
v 0.000247 1.663867 -0.098503
v 0.000162 1.682550 -0.098193
v 0.000498 1.646322 -0.095693
v -0.020534 1.664087 -0.095816
v -0.020313 1.682546 -0.095348
v -0.039987 1.664268 -0.088119
v -0.019895 1.646616 -0.093101
v -0.039047 1.647117 -0.085520
v -0.018737 1.631138 -0.088013
v -0.036933 1.631777 -0.080625
v -0.017469 1.618280 -0.081675
v 0.000552 1.630963 -0.090304
v 0.019908 1.630987 -0.087740
v 0.000421 1.618012 -0.083833
v 0.018384 1.618077 -0.081377
v 0.000347 1.606899 -0.077507
v 0.017280 1.607179 -0.075149
v 0.000328 1.597196 -0.072281
v -0.016491 1.607499 -0.075508
v -0.032439 1.607973 -0.068571
v -0.015672 1.597950 -0.070370
v -0.030841 1.598365 -0.063615
v -0.015031 1.588956 -0.067051
v -0.029665 1.589304 -0.060681
v 0.000330 1.588598 -0.069055
v -0.014623 1.582001 -0.065649
v -0.014188 1.574128 -0.065026
v 0.000272 1.581557 -0.067567
v -0.028784 1.582587 -0.059566
v -0.027972 1.574972 -0.059202
v -0.040513 1.582719 -0.049396
v -0.039915 1.575265 -0.049466
v -0.050483 1.582311 -0.036376
v -0.041368 1.589500 -0.050201
v -0.043206 1.598864 -0.053019
v -0.051705 1.589752 -0.036917
v -0.061501 1.588934 -0.019797
v -0.053306 1.600241 -0.040314
v -0.061391 1.601839 -0.027655
v -0.055802 1.610563 -0.044821
v -0.059503 1.621141 -0.049146
v -0.063633 1.612089 -0.031065
v -0.045712 1.608891 -0.057503
v -0.048932 1.619844 -0.062951
v -0.034525 1.618906 -0.074578
v -0.052416 1.632847 -0.068372
v -0.055120 1.648174 -0.072549
v -0.063771 1.634044 -0.052850
v -0.067292 1.649331 -0.055784
v -0.070832 1.634453 -0.034589
v -0.075166 1.649696 -0.033450
v -0.073641 1.636712 -0.022184
v -0.067329 1.622541 -0.032535
v -0.072377 1.632136 -0.022388
v -0.071363 1.627118 -0.022010
v -0.074290 1.631368 -0.014038
v -0.075230 1.635100 -0.014092
v -0.073822 1.627523 -0.014011
v -0.079018 1.630046 -0.010149
v -0.079336 1.633179 -0.010233
v -0.083961 1.629145 -0.011883
v -0.078951 1.626573 -0.010752
v -0.078660 1.622777 -0.011437
v -0.084054 1.625545 -0.011528
v -0.083680 1.621792 -0.011203
v -0.086671 1.624618 -0.014866
v -0.086686 1.628199 -0.015273
v -0.088865 1.623948 -0.017280
v -0.086204 1.620964 -0.014133
v -0.088032 1.620248 -0.016385
v -0.084778 1.617600 -0.012778
v -0.086400 1.616831 -0.014925
v -0.083291 1.614289 -0.011383
v -0.082182 1.618344 -0.011035
v -0.077576 1.619146 -0.011644
v -0.080469 1.614955 -0.010740
v -0.078371 1.611301 -0.009999
v -0.075935 1.615764 -0.011227
v -0.070609 1.616440 -0.013550
v -0.073816 1.612552 -0.010127
v -0.071322 1.609971 -0.007989
v -0.068955 1.612893 -0.012662
v -0.067615 1.609287 -0.010593
v -0.067933 1.611291 -0.017420
v -0.066531 1.609874 -0.023332
v -0.069105 1.615114 -0.018912
v -0.066834 1.607183 -0.015000
v -0.065571 1.603311 -0.011557
v -0.065623 1.603775 -0.020122
v -0.064245 1.594782 -0.016383
v -0.065592 1.601243 -0.014819
v -0.064735 1.597148 -0.011800
v -0.064210 1.599800 -0.007867
v -0.063608 1.593382 -0.007167
v -0.062954 1.596183 -0.003709
v -0.062558 1.590605 -0.001998
v -0.063764 1.590355 -0.011465
v -0.062695 1.587736 -0.004857
v -0.062121 1.585423 0.000510
v -0.062357 1.583203 -0.004832
v -0.061757 1.577351 -0.006754
v -0.061445 1.578195 0.007595
v -0.062284 1.573927 0.019222
v -0.059830 1.572604 0.005961
v -0.063461 1.580881 0.012417
v -0.062571 1.582757 0.007023
v -0.063634 1.585694 0.008265
v -0.064447 1.588053 0.008973
v -0.064842 1.584469 0.013194
v -0.062618 1.588026 0.003130
v -0.063329 1.590229 0.004913
v -0.062689 1.593116 0.000680
v -0.064124 1.592432 0.006649
v -0.065652 1.593611 0.008486
v -0.065037 1.590297 0.009468
v -0.063287 1.595986 0.003828
v -0.062780 1.599773 0.000417
v -0.065142 1.598375 0.006318
v -0.068722 1.597137 0.005645
v -0.065304 1.602464 0.003173
v -0.066203 1.605824 -0.000780
v -0.069853 1.600713 0.002157
v -0.071551 1.602867 -0.002035
v -0.072392 1.598398 0.000751
v -0.074318 1.596621 0.000139
v -0.070798 1.595535 0.004039
v -0.074285 1.600717 -0.003296
v -0.076118 1.603494 -0.006693
v -0.076449 1.599075 -0.004207
v -0.078903 1.598185 -0.004636
v -0.078137 1.602156 -0.007483
v -0.080690 1.605637 -0.009987
v -0.080576 1.600955 -0.007990
v -0.082851 1.604512 -0.010705
v -0.083396 1.600530 -0.007718
v -0.085187 1.600810 -0.006778
v -0.082072 1.598274 -0.004455
v -0.085041 1.603902 -0.010619
v -0.087286 1.607831 -0.012866
v -0.086835 1.603914 -0.009836
v -0.088176 1.604550 -0.008327
v -0.088904 1.607764 -0.012268
v -0.090188 1.608106 -0.010683
v -0.090866 1.612214 -0.014394
v -0.089302 1.612354 -0.015015
v -0.092428 1.616796 -0.015792
v -0.091997 1.612214 -0.012584
v -0.093424 1.616224 -0.013592
v -0.091394 1.612781 -0.010042
v -0.092249 1.616336 -0.011223
v -0.089119 1.614020 -0.009053
v -0.090065 1.609295 -0.008446
v -0.088071 1.606096 -0.006412
v -0.088072 1.610901 -0.007524
v -0.086263 1.607868 -0.005934
v -0.087087 1.612372 -0.005892
v -0.085521 1.613569 -0.004920
v -0.085327 1.609650 -0.004595
v -0.088191 1.615292 -0.007323
v -0.088885 1.618520 -0.008514
v -0.086633 1.616396 -0.005936
v -0.087332 1.619712 -0.006866
v -0.084932 1.616958 -0.005859
v -0.084001 1.614174 -0.005135
v -0.083219 1.617318 -0.006550
v -0.085384 1.619982 -0.006465
v -0.083521 1.619984 -0.006818
v -0.085339 1.623012 -0.006557
v -0.083219 1.622604 -0.006755
v -0.083972 1.625922 -0.006044
v -0.087624 1.623584 -0.007585
v -0.088409 1.626328 -0.009213
v -0.085762 1.627111 -0.006530
v -0.089329 1.621605 -0.009649
v -0.089552 1.624374 -0.011333
v -0.090093 1.620276 -0.011656
v -0.090521 1.623168 -0.013163
v -0.089663 1.617244 -0.010484
v -0.092753 1.619652 -0.012109
v -0.092988 1.622922 -0.013215
v -0.094233 1.619071 -0.013654
v -0.093858 1.618961 -0.015564
v -0.094810 1.622771 -0.014164
v -0.094802 1.622862 -0.015993
v -0.095015 1.625947 -0.014807
v -0.093293 1.625951 -0.014229
v -0.094943 1.629213 -0.015178
v -0.095147 1.626085 -0.016426
v -0.093884 1.626475 -0.018076
v -0.095350 1.629499 -0.016441
v -0.094351 1.629976 -0.018051
v -0.095451 1.632789 -0.015812
v -0.094842 1.633450 -0.017353
v -0.095521 1.635774 -0.014394
v -0.094845 1.632408 -0.014857
v -0.094627 1.635437 -0.013847
v -0.093344 1.632293 -0.014955
v -0.093130 1.635570 -0.014283
v -0.091361 1.632329 -0.015610
v -0.093395 1.629078 -0.014905
v -0.091196 1.628975 -0.015475
v -0.089280 1.629329 -0.014131
v -0.090875 1.625975 -0.014615
v -0.089414 1.626768 -0.012995
v -0.088614 1.628498 -0.010647
v -0.087330 1.630819 -0.008839
v -0.088475 1.630633 -0.011823
v -0.088392 1.632432 -0.012677
v -0.087403 1.632676 -0.010173
v -0.087787 1.634251 -0.011676
v -0.086227 1.634769 -0.009166
v -0.084939 1.636938 -0.008274
v -0.085540 1.633362 -0.007700
v -0.086938 1.636266 -0.010618
v -0.088027 1.637797 -0.012259
v -0.085935 1.638145 -0.009460
v -0.087024 1.639976 -0.010534
v -0.084992 1.639779 -0.008260
v -0.085580 1.641724 -0.008294
v -0.083579 1.639415 -0.007114
v -0.083396 1.642229 -0.006094
v -0.081843 1.638755 -0.006192
v -0.080955 1.641960 -0.004712
v -0.080175 1.637402 -0.005444
v -0.083625 1.635969 -0.006988
v -0.082444 1.634662 -0.005916
v -0.084838 1.631827 -0.006476
v -0.081326 1.632933 -0.004628
v -0.083625 1.630216 -0.005396
v -0.078794 1.635303 -0.003977
v -0.079722 1.631047 -0.003963
v -0.081859 1.628724 -0.005090
v -0.077933 1.629621 -0.005072
v -0.077444 1.632892 -0.002690
v -0.075047 1.634470 -0.001693
v -0.075576 1.631332 -0.004410
v -0.074418 1.630134 -0.006408
v -0.072939 1.632656 -0.003800
v -0.070078 1.632360 -0.002349
v -0.071162 1.630145 -0.006285
v -0.071155 1.627475 -0.007588
v -0.070028 1.628205 -0.004059
v -0.070903 1.624617 -0.006027
v -0.071522 1.626400 -0.002441
v -0.071985 1.630175 -0.000248
v -0.071533 1.624610 -0.001322
v -0.071008 1.622510 -0.004489
v -0.072875 1.617352 -0.007479
v -0.069937 1.620755 -0.003900
v -0.067950 1.619153 -0.003209
v -0.071612 1.615254 -0.006556
v -0.069365 1.613016 -0.005286
v -0.075512 1.611233 -0.006346
v -0.073539 1.608284 -0.003997
v -0.076903 1.613746 -0.007417
v -0.078112 1.610321 -0.004820
v -0.076449 1.608986 -0.002504
v -0.079765 1.610501 -0.003180
v -0.079431 1.612614 -0.006332
v -0.080498 1.615067 -0.007190
v -0.081226 1.612163 -0.005023
v -0.082633 1.611872 -0.004033
v -0.082455 1.614588 -0.005973
v -0.081229 1.610255 -0.002100
v -0.083977 1.611168 -0.003738
v -0.082205 1.609024 -0.002150
v -0.082820 1.606990 -0.003371
v -0.080176 1.608057 0.000054
v -0.080532 1.605505 -0.000995
v -0.079478 1.608444 0.003240
v -0.079619 1.609847 0.000239
v -0.078407 1.610762 0.003054
v -0.078093 1.610166 -0.000939
v -0.076351 1.610883 0.001640
v -0.074654 1.610745 0.004079
v -0.075017 1.609503 0.000483
v -0.073480 1.609278 0.003012
v -0.073975 1.608014 -0.000379
v -0.072359 1.607692 0.001981
v -0.070678 1.608050 0.004536
v -0.069991 1.606818 -0.000267
v -0.065957 1.610207 -0.001279
v -0.068221 1.607124 0.002758
v -0.067312 1.608726 0.006224
v -0.063490 1.612240 0.004554
v -0.067399 1.611044 0.009616
v -0.069765 1.609355 0.006938
v -0.069529 1.611337 0.009206
v -0.070876 1.610409 0.007107
v -0.071933 1.609492 0.005193
v -0.071929 1.611328 0.007663
v -0.070472 1.611810 0.009018
v -0.071257 1.612044 0.009200
v -0.070322 1.613184 0.010258
v -0.069633 1.613110 0.010521
v -0.070961 1.614221 0.010478
v -0.072387 1.619038 0.008309
v -0.068630 1.614376 0.011373
v -0.071551 1.614104 0.011142
v -0.073963 1.618745 0.009087
v -0.071190 1.612440 0.011835
v -0.071902 1.611409 0.009952
v -0.072670 1.609730 0.010068
v -0.073446 1.611188 0.008776
v -0.074639 1.609094 0.009121
v -0.074905 1.610981 0.007545
v -0.076607 1.608984 0.008130
v -0.076704 1.611001 0.005690
v -0.073030 1.610831 0.006086
v -0.078426 1.608884 0.006280
v -0.078812 1.605317 0.005315
v -0.079706 1.605227 0.002330
v -0.077241 1.605429 0.007156
v -0.079932 1.601740 0.005049
v -0.078201 1.601627 0.006988
v -0.081498 1.598367 0.005562
v -0.081271 1.602351 0.002209
v -0.082714 1.599502 0.002185
v -0.082246 1.603260 -0.001198
v -0.083882 1.601230 -0.001282
v -0.084274 1.605055 -0.003872
v -0.085851 1.603233 -0.004185
v -0.086097 1.601578 -0.005476
v -0.084382 1.599735 -0.002268
v -0.082615 1.596880 0.001379
v -0.083533 1.598685 -0.003474
v -0.080880 1.595404 0.000554
v -0.079187 1.592745 0.004705
v -0.078397 1.594928 0.000106
v -0.076566 1.592058 0.004165
v -0.076185 1.595516 0.000095
v -0.074323 1.592698 0.003945
v -0.073153 1.590987 0.007045
v -0.072605 1.593891 0.003753
v -0.071724 1.591840 0.006443
v -0.070749 1.591565 0.007961
v -0.070541 1.593334 0.005789
v -0.069640 1.593471 0.006638
v -0.068361 1.593746 0.007911
v -0.069043 1.592064 0.009142
v -0.066215 1.591895 0.010530
v -0.069844 1.591655 0.010255
v -0.070930 1.592510 0.012260
v -0.066801 1.591989 0.011963
v -0.071903 1.590981 0.009105
v -0.073426 1.591354 0.010684
v -0.074972 1.590953 0.007790
v -0.075246 1.594535 0.012042
v -0.076978 1.596564 0.010516
v -0.073395 1.599909 0.011724
v -0.077170 1.592136 0.008524
v -0.071882 1.596012 0.013804
v -0.069082 1.596637 0.014559
v -0.071199 1.601201 0.013069
v -0.070294 1.605861 0.012114
v -0.069326 1.603106 0.014578
v -0.070523 1.611855 0.014474
v -0.069143 1.604507 0.018437
v -0.070792 1.613425 0.018739
v -0.070844 1.611305 0.023408
v -0.067851 1.595642 0.017665
v -0.066965 1.591543 0.015457
v -0.068208 1.593182 0.022232
v -0.065599 1.581194 0.020797
v -0.069282 1.599249 0.031822
v -0.066737 1.588490 0.017154
v -0.065925 1.584758 0.017107
v -0.065639 1.587530 0.013142
v -0.066011 1.589980 0.012464
v -0.067067 1.583723 0.033909
v -0.071392 1.614161 0.030977
v -0.069279 1.605141 0.040084
v -0.071406 1.616781 0.038388
v -0.068670 1.610788 0.048040
v -0.067634 1.594019 0.043002
v -0.065109 1.587322 0.049362
v -0.066763 1.602384 0.050754
v -0.064328 1.596396 0.055351
v -0.065819 1.610078 0.058330
v -0.063310 1.604747 0.061839
v -0.065094 1.616061 0.065132
v -0.068193 1.616546 0.055691
v -0.070411 1.623621 0.053714
v -0.067302 1.621439 0.062667
v -0.068894 1.627322 0.060633
v -0.064855 1.626063 0.068643
v -0.066083 1.630928 0.066438
v -0.061512 1.630014 0.073024
v -0.062847 1.621628 0.071120
v -0.059633 1.626291 0.075582
v -0.060156 1.617597 0.073745
v -0.056967 1.613790 0.076465
v -0.062315 1.611401 0.068000
v -0.057114 1.622905 0.078079
v -0.053107 1.627788 0.080950
v -0.054107 1.619550 0.080497
v -0.050236 1.624805 0.083131
v -0.050644 1.615688 0.082481
v -0.053313 1.609984 0.078788
v -0.047223 1.620971 0.084994
v -0.047111 1.611954 0.084049
v -0.044106 1.616903 0.086354
v -0.049585 1.606499 0.080721
v -0.051800 1.600509 0.076755
v -0.053064 1.593570 0.072734
v -0.055425 1.603632 0.074001
v -0.056641 1.596648 0.069326
v -0.059015 1.607245 0.071069
v -0.060158 1.600280 0.065739
v -0.061012 1.591847 0.060606
v -0.057383 1.588395 0.065148
v -0.061300 1.582606 0.056101
v -0.059953 1.572990 0.052259
v -0.057280 1.579396 0.061550
v -0.053185 1.577104 0.066400
v -0.055474 1.570235 0.058656
v -0.051702 1.561518 0.056698
v -0.051100 1.568536 0.064241
v -0.047367 1.560346 0.063059
v -0.043215 1.559733 0.069084
v -0.042580 1.553249 0.062981
v -0.046334 1.554554 0.055716
v -0.037047 1.547580 0.063073
v -0.039805 1.548845 0.054745
v -0.031558 1.543298 0.062897
v -0.025727 1.539621 0.063608
v -0.032969 1.544075 0.053400
v -0.035016 1.544517 0.043129
v -0.026019 1.539672 0.052796
v -0.019162 1.536230 0.054283
v -0.026981 1.537074 0.039467
v -0.019071 1.532483 0.042877
v -0.026474 1.528312 0.030939
v -0.034567 1.538231 0.028631
v -0.043504 1.540260 0.019760
v -0.039493 1.546682 0.033214
v -0.034210 1.528191 0.023818
v -0.044201 1.528946 0.016347
v -0.036744 1.519384 0.021341
v -0.045889 1.519911 0.013853
v -0.028597 1.519529 0.026842
v -0.038965 1.510369 0.019639
v -0.030616 1.510168 0.024394
v -0.041568 1.501168 0.018412
v -0.047556 1.511114 0.011525
v -0.050184 1.502170 0.009931
v -0.054537 1.513634 0.001045
v -0.056882 1.505101 -0.001056
v -0.053528 1.522112 0.004002
v -0.059165 1.517927 -0.010302
v -0.058233 1.526023 -0.007171
v -0.061715 1.523666 -0.022840
v -0.061494 1.510025 -0.012726
v -0.064956 1.517208 -0.025434
v -0.064287 1.501968 -0.013791
v -0.068848 1.510885 -0.027294
v -0.059421 1.496450 -0.001921
v -0.068056 1.494012 -0.013381
v -0.062599 1.487792 -0.000179
v -0.073424 1.485946 -0.012077
v -0.073383 1.504562 -0.028327
v -0.078837 1.497968 -0.028576
v -0.073901 1.513727 -0.044267
v -0.080087 1.508183 -0.045007
v -0.066369 1.518653 -0.059598
v -0.068852 1.518927 -0.042483
v -0.061324 1.523604 -0.057030
v -0.064482 1.524078 -0.039803
v -0.057291 1.528660 -0.053849
v -0.060784 1.529490 -0.036673
v -0.058090 1.535567 -0.033453
v -0.054149 1.534033 -0.050462
v -0.051776 1.539909 -0.047120
v -0.043145 1.536649 -0.061734
v -0.041378 1.542741 -0.058561
v -0.029458 1.538318 -0.069132
v -0.045552 1.530994 -0.065118
v -0.031053 1.532652 -0.072353
v -0.048908 1.525720 -0.068540
v -0.033240 1.527288 -0.075916
v -0.053348 1.520529 -0.071579
v -0.059525 1.514784 -0.074392
v -0.036262 1.522019 -0.079528
v -0.040417 1.516252 -0.083349
v -0.018141 1.521069 -0.082957
v -0.020109 1.514974 -0.087067
v 0.000331 1.519732 -0.083188
v -0.016634 1.526584 -0.079134
v 0.000410 1.525585 -0.079519
v -0.015503 1.532166 -0.075541
v 0.000405 1.531377 -0.075905
v -0.014703 1.538066 -0.072457
v -0.014149 1.544271 -0.069966
v 0.000266 1.537797 -0.073568
v 0.015231 1.538484 -0.073055
v 0.000127 1.544129 -0.071145
v 0.014509 1.544602 -0.070465
v 0.000041 1.550610 -0.069255
v 0.014108 1.550903 -0.068400
v 0.000010 1.557390 -0.067829
v -0.013938 1.550791 -0.068417
v -0.013877 1.557563 -0.066693
v -0.027659 1.550705 -0.063966
v -0.027444 1.558549 -0.061640
v -0.028284 1.544301 -0.066331
v -0.040277 1.549698 -0.055581
v -0.050612 1.547424 -0.044101
v -0.039923 1.558667 -0.052839
v -0.039657 1.567059 -0.050609
v -0.049468 1.556636 -0.040827
v -0.056526 1.553710 -0.027415
v -0.049111 1.565919 -0.038326
v -0.049557 1.574618 -0.036831
v -0.056905 1.563966 -0.024930
v -0.057953 1.573282 -0.023002
v -0.060215 1.560504 -0.011030
v -0.058456 1.556874 0.001987
v -0.059629 1.550259 -0.013669
v -0.060957 1.569729 -0.008770
v -0.058844 1.565610 0.004225
v -0.055135 1.561887 0.015279
v -0.051005 1.557420 0.026549
v -0.058579 1.568150 0.017223
v -0.052794 1.553450 0.012911
v -0.045782 1.549848 0.023340
v -0.052317 1.543041 0.010277
v -0.052806 1.531276 0.007095
v -0.058269 1.546805 -0.000668
v -0.057975 1.535729 -0.003803
v -0.059425 1.539825 -0.016661
v -0.059891 1.530661 -0.019835
v -0.056748 1.543857 -0.030298
v -0.057105 1.563571 0.028724
v -0.054295 1.559727 0.038929
v -0.062558 1.570705 0.030414
v -0.060651 1.567444 0.040610
v -0.064334 1.577515 0.043895
v -0.056210 1.563755 0.049558
v -0.050228 1.556594 0.047802
v -0.042806 1.550624 0.045810
v -0.046842 1.553571 0.036675
v -0.059475 1.581333 -0.021450
v -0.027506 1.566578 -0.059919
v -0.013938 1.565431 -0.065418
v 0.000057 1.564856 -0.066894
v 0.014137 1.563755 -0.065530
v 0.000170 1.573495 -0.066781
v 0.014544 1.572568 -0.064919
v 0.028434 1.572613 -0.059120
v 0.015168 1.580869 -0.065356
v 0.029303 1.580782 -0.058949
v 0.015735 1.588213 -0.066669
v 0.030299 1.588182 -0.059770
v 0.016419 1.597497 -0.069955
v 0.031653 1.597650 -0.062843
v 0.043888 1.597976 -0.052044
v 0.033201 1.607510 -0.067933
v 0.035270 1.618554 -0.074131
v 0.046329 1.608286 -0.056754
v 0.049493 1.619358 -0.062515
v 0.056351 1.610119 -0.044049
v 0.060021 1.620770 -0.048691
v 0.064152 1.611961 -0.030224
v 0.053870 1.599465 -0.039327
v 0.052188 1.588122 -0.036002
v 0.061855 1.601485 -0.026821
v 0.065561 1.603989 -0.019155
v 0.066863 1.607788 -0.013857
v 0.066540 1.610163 -0.022282
v 0.064359 1.594427 -0.015588
v 0.065751 1.601371 -0.014049
v 0.064862 1.597056 -0.011157
v 0.065701 1.603611 -0.010797
v 0.066093 1.606881 -0.006434
v 0.064338 1.599833 -0.007384
v 0.063200 1.596009 -0.003452
v 0.063922 1.603862 -0.003029
v 0.063037 1.599710 0.000478
v 0.067049 1.606104 -0.000199
v 0.071655 1.602886 -0.001859
v 0.065400 1.602726 0.003482
v 0.069529 1.608249 -0.004219
v 0.073725 1.605066 -0.005559
v 0.072088 1.609948 -0.007941
v 0.075938 1.607855 -0.008368
v 0.074537 1.612491 -0.009909
v 0.068273 1.609767 -0.009641
v 0.070310 1.613181 -0.011515
v 0.067903 1.611846 -0.016252
v 0.071813 1.616531 -0.012648
v 0.076623 1.615744 -0.011125
v 0.073137 1.620013 -0.013380
v 0.069050 1.615481 -0.017964
v 0.070085 1.619308 -0.019517
v 0.067491 1.614371 -0.024001
v 0.068504 1.618425 -0.025271
v 0.067709 1.622431 -0.032017
v 0.071553 1.627127 -0.021697
v 0.070847 1.623121 -0.020912
v 0.073933 1.623552 -0.013629
v 0.074119 1.627542 -0.013836
v 0.079147 1.622790 -0.011319
v 0.079238 1.626538 -0.010811
v 0.084020 1.621834 -0.011253
v 0.078197 1.619156 -0.011521
v 0.082536 1.618331 -0.011076
v 0.080672 1.614930 -0.010756
v 0.085058 1.617597 -0.012782
v 0.083417 1.614221 -0.011287
v 0.086572 1.616787 -0.014896
v 0.086437 1.621002 -0.014105
v 0.088208 1.620238 -0.016374
v 0.086938 1.624677 -0.014826
v 0.089069 1.624005 -0.017255
v 0.086894 1.628264 -0.015241
v 0.084311 1.625550 -0.011543
v 0.084213 1.629095 -0.011933
v 0.084270 1.632276 -0.012553
v 0.079326 1.629925 -0.010198
v 0.079773 1.633085 -0.010210
v 0.074574 1.631382 -0.013937
v 0.075542 1.635077 -0.014011
v 0.072621 1.632121 -0.022190
v 0.073893 1.636675 -0.022045
v 0.076768 1.638383 -0.013538
v 0.077939 1.641642 -0.012303
v 0.080586 1.636231 -0.010746
v 0.084567 1.635600 -0.013199
v 0.081517 1.639652 -0.010939
v 0.085462 1.639241 -0.013447
v 0.082955 1.642779 -0.010626
v 0.079542 1.644285 -0.010474
v 0.086770 1.642570 -0.013195
v 0.090451 1.641614 -0.015276
v 0.087791 1.645371 -0.011138
v 0.091278 1.644077 -0.013053
v 0.093554 1.642932 -0.013560
v 0.087875 1.648358 -0.006124
v 0.089974 1.647780 -0.006478
v 0.085614 1.648699 0.000213
v 0.087163 1.648284 0.000188
v 0.083389 1.645667 0.004821
v 0.080296 1.641134 0.007117
v 0.084465 1.645353 0.004623
v 0.081076 1.640918 0.006452
v 0.085500 1.644898 0.004200
v 0.081880 1.640650 0.005722
v 0.086039 1.644290 0.003437
v 0.088591 1.647461 0.000103
v 0.089489 1.646176 -0.000218
v 0.091923 1.646836 -0.006094
v 0.095327 1.641378 -0.013190
v 0.093061 1.645386 -0.005556
v 0.092370 1.643887 -0.005551
v 0.095286 1.641565 -0.011606
v 0.095736 1.639279 -0.013875
v 0.094464 1.641480 -0.010254
v 0.093064 1.641471 -0.010222
v 0.095349 1.639021 -0.012529
v 0.095771 1.635966 -0.014213
v 0.094160 1.638697 -0.012327
v 0.094851 1.635589 -0.013558
v 0.092632 1.638898 -0.013104
v 0.090397 1.638956 -0.013590
v 0.093370 1.635650 -0.014080
v 0.091352 1.642238 -0.011016
v 0.089118 1.641839 -0.011424
v 0.089549 1.644360 -0.006871
v 0.091081 1.643839 -0.006038
v 0.086441 1.645291 -0.002659
v 0.087169 1.643647 -0.008067
v 0.084517 1.644683 -0.004569
v 0.085677 1.641539 -0.008301
v 0.083490 1.642269 -0.006079
v 0.087229 1.639981 -0.010523
v 0.085131 1.639683 -0.008231
v 0.086100 1.638101 -0.009429
v 0.083733 1.639451 -0.007081
v 0.082042 1.638887 -0.006207
v 0.085075 1.636910 -0.008198
v 0.086483 1.634736 -0.009210
v 0.083960 1.635994 -0.007043
v 0.085932 1.633318 -0.007866
v 0.082805 1.634700 -0.005999
v 0.085321 1.631838 -0.006676
v 0.080424 1.637568 -0.005496
v 0.081608 1.632968 -0.004615
v 0.084069 1.630240 -0.005571
v 0.079053 1.635435 -0.003981
v 0.080040 1.631049 -0.003962
v 0.078199 1.629690 -0.005088
v 0.082274 1.628769 -0.005129
v 0.077735 1.632959 -0.002669
v 0.075476 1.634695 -0.001740
v 0.075922 1.631418 -0.004203
v 0.074849 1.630419 -0.006558
v 0.073238 1.632735 -0.003628
v 0.070361 1.632668 -0.002362
v 0.071418 1.630247 -0.006170
v 0.071272 1.627460 -0.007517
v 0.070283 1.628307 -0.003818
v 0.071235 1.624721 -0.005979
v 0.071717 1.626616 -0.002378
v 0.071915 1.630626 -0.000366
v 0.071359 1.622700 -0.004503
v 0.071851 1.624800 -0.001332
v 0.069889 1.623683 -0.000338
v 0.073946 1.628756 0.000339
v 0.070210 1.620916 -0.003916
v 0.071821 1.615305 -0.006632
v 0.068155 1.619296 -0.003223
v 0.069556 1.613049 -0.005350
v 0.065117 1.618020 -0.000677
v 0.066293 1.610357 -0.001156
v 0.065967 1.622824 0.001420
v 0.062842 1.617898 0.004156
v 0.063478 1.612306 0.004861
v 0.062186 1.618679 0.008302
v 0.063724 1.621547 0.005246
v 0.064829 1.623785 0.006909
v 0.063001 1.620985 0.008484
v 0.063474 1.620896 0.010348
v 0.063879 1.622439 0.008625
v 0.064178 1.622803 0.009883
v 0.065922 1.624950 0.008829
v 0.064830 1.623050 0.011161
v 0.066984 1.624533 0.010525
v 0.064710 1.621341 0.011894
v 0.067620 1.622364 0.011666
v 0.064340 1.619027 0.012541
v 0.067232 1.619215 0.012552
v 0.063905 1.616404 0.012198
v 0.062948 1.618909 0.010627
v 0.062664 1.615864 0.010530
v 0.062191 1.615802 0.008130
v 0.063815 1.612344 0.009663
v 0.067478 1.610939 0.009291
v 0.065512 1.614875 0.012200
v 0.068743 1.614352 0.011027
v 0.069814 1.613091 0.010334
v 0.071157 1.614265 0.010455
v 0.070065 1.619469 0.010302
v 0.072412 1.619269 0.008380
v 0.070488 1.622824 0.009220
v 0.073242 1.623046 0.007074
v 0.070029 1.625383 0.008150
v 0.073772 1.626792 0.006265
v 0.069400 1.626487 0.006103
v 0.073457 1.627952 0.005276
v 0.067549 1.625614 0.003942
v 0.073218 1.628187 0.004204
v 0.076163 1.631986 0.004339
v 0.072964 1.627155 0.002222
v 0.076409 1.632159 0.002676
v 0.079343 1.636499 0.003258
v 0.075168 1.633498 0.002033
v 0.073101 1.635076 0.001652
v 0.077868 1.637673 0.002876
v 0.075464 1.639278 0.002608
v 0.081412 1.641218 0.003138
v 0.079468 1.642471 0.002802
v 0.084882 1.643713 0.001603
v 0.082476 1.640538 0.003757
v 0.082441 1.640521 0.004849
v 0.085905 1.643688 0.002416
v 0.089127 1.644863 -0.001009
v 0.087925 1.644861 -0.001746
v 0.079378 1.636182 0.004797
v 0.078725 1.636224 0.005983
v 0.075656 1.632030 0.005454
v 0.078030 1.636187 0.006953
v 0.077224 1.635916 0.007870
v 0.075321 1.631858 0.006480
v 0.075090 1.631377 0.007723
v 0.074996 1.626666 0.007668
v 0.074798 1.630765 0.009229
v 0.075096 1.626515 0.009715
v 0.075137 1.622834 0.007919
v 0.074122 1.618928 0.009103
v 0.071733 1.614176 0.011107
v 0.072109 1.611522 0.009875
v 0.072885 1.609945 0.010010
v 0.073706 1.611028 0.008764
v 0.071539 1.612085 0.009162
v 0.070700 1.611769 0.008901
v 0.072162 1.611360 0.007721
v 0.071097 1.610417 0.007090
v 0.073268 1.610854 0.006165
v 0.072122 1.609506 0.005197
v 0.074816 1.610778 0.004148
v 0.075142 1.610923 0.007634
v 0.076798 1.608797 0.008179
v 0.076885 1.610965 0.005687
v 0.078636 1.608811 0.006337
v 0.078625 1.610673 0.003104
v 0.076578 1.610811 0.001744
v 0.079761 1.609772 0.000225
v 0.079644 1.608365 0.003237
v 0.079899 1.605214 0.002362
v 0.080354 1.608104 0.000077
v 0.082311 1.609094 -0.002175
v 0.080742 1.605595 -0.000928
v 0.083008 1.607065 -0.003273
v 0.082419 1.603292 -0.001124
v 0.084074 1.601228 -0.001212
v 0.081461 1.602357 0.002301
v 0.084430 1.605056 -0.003851
v 0.086270 1.607898 -0.005884
v 0.086051 1.603142 -0.004174
v 0.088239 1.605912 -0.006344
v 0.086081 1.601557 -0.005636
v 0.088207 1.604447 -0.008389
v 0.084902 1.600776 -0.007011
v 0.084515 1.599734 -0.002283
v 0.083635 1.598737 -0.003494
v 0.082766 1.596863 0.001413
v 0.081034 1.595376 0.000513
v 0.081492 1.594787 0.005347
v 0.082886 1.599482 0.002243
v 0.081670 1.598310 0.005601
v 0.079823 1.597971 0.007943
v 0.080101 1.601704 0.005111
v 0.078311 1.601563 0.007031
v 0.078950 1.605276 0.005311
v 0.077366 1.605378 0.007200
v 0.075456 1.605356 0.008410
v 0.074839 1.609054 0.009162
v 0.076440 1.601305 0.008564
v 0.073661 1.605331 0.009614
v 0.071857 1.605635 0.010853
v 0.075100 1.600393 0.010246
v 0.073655 1.600003 0.011942
v 0.077209 1.596495 0.010581
v 0.079413 1.594476 0.008530
v 0.077851 1.598271 0.009195
v 0.075487 1.594501 0.012056
v 0.077315 1.592073 0.008475
v 0.073702 1.591401 0.010614
v 0.072068 1.596243 0.013828
v 0.071203 1.592696 0.012275
v 0.070055 1.591738 0.010253
v 0.067020 1.592393 0.011908
v 0.072136 1.591033 0.009113
v 0.069162 1.592207 0.009073
v 0.068498 1.593955 0.007968
v 0.066427 1.592333 0.010590
v 0.070881 1.591663 0.007895
v 0.069732 1.593477 0.006616
v 0.071861 1.591981 0.006411
v 0.073318 1.591130 0.006990
v 0.072734 1.593898 0.003815
v 0.070645 1.593356 0.005769
v 0.070967 1.595626 0.004093
v 0.072506 1.598269 0.000765
v 0.068793 1.597169 0.005672
v 0.065173 1.598369 0.006389
v 0.069992 1.600602 0.002175
v 0.065868 1.594191 0.008674
v 0.063532 1.595948 0.003862
v 0.064414 1.592634 0.006824
v 0.065356 1.590472 0.009654
v 0.074566 1.596556 0.000120
v 0.074262 1.600706 -0.003213
v 0.076485 1.599125 -0.004123
v 0.076141 1.603441 -0.006648
v 0.078286 1.602099 -0.007471
v 0.078572 1.606797 -0.008714
v 0.080660 1.605692 -0.009618
v 0.080979 1.610378 -0.010039
v 0.083293 1.609418 -0.011083
v 0.078144 1.611265 -0.009974
v 0.085238 1.608374 -0.012465
v 0.085292 1.613367 -0.012983
v 0.087358 1.612677 -0.014563
v 0.089441 1.612378 -0.015066
v 0.088672 1.616521 -0.016190
v 0.090406 1.619479 -0.017379
v 0.090847 1.616638 -0.016534
v 0.092591 1.616689 -0.015790
v 0.092641 1.619058 -0.017008
v 0.094008 1.618851 -0.015605
v 0.093786 1.623237 -0.017617
v 0.094992 1.622798 -0.015987
v 0.094184 1.626481 -0.017877
v 0.091580 1.623575 -0.018264
v 0.091839 1.626968 -0.018620
v 0.092482 1.630508 -0.018738
v 0.089282 1.627537 -0.017647
v 0.089676 1.631039 -0.017916
v 0.087109 1.631688 -0.015653
v 0.090354 1.634758 -0.017725
v 0.087630 1.635214 -0.015862
v 0.091572 1.638146 -0.017014
v 0.093050 1.634225 -0.018197
v 0.095143 1.633534 -0.017078
v 0.094020 1.637577 -0.016883
v 0.095594 1.636737 -0.015653
v 0.095027 1.639580 -0.015403
v 0.093250 1.640370 -0.016031
v 0.095728 1.632789 -0.015391
v 0.094721 1.629984 -0.017816
v 0.095611 1.629469 -0.016179
v 0.095412 1.626143 -0.016240
v 0.095234 1.629154 -0.014856
v 0.095146 1.632350 -0.014285
v 0.093647 1.628990 -0.014585
v 0.095219 1.625985 -0.014705
v 0.093594 1.625961 -0.014073
v 0.095028 1.622715 -0.014224
v 0.094467 1.619134 -0.013681
v 0.093460 1.622939 -0.013152
v 0.091032 1.623134 -0.013252
v 0.093146 1.619647 -0.012069
v 0.090562 1.620266 -0.011706
v 0.092789 1.616552 -0.011354
v 0.090034 1.617289 -0.010510
v 0.091802 1.612855 -0.010093
v 0.093617 1.616236 -0.013676
v 0.092101 1.612152 -0.012663
v 0.090980 1.612066 -0.014324
v 0.090168 1.607893 -0.010718
v 0.088906 1.607570 -0.012199
v 0.090171 1.609084 -0.008401
v 0.088181 1.610892 -0.007405
v 0.087270 1.612336 -0.005839
v 0.089325 1.614022 -0.009081
v 0.088200 1.615199 -0.007331
v 0.086876 1.616371 -0.005954
v 0.089107 1.618490 -0.008471
v 0.087708 1.619692 -0.006838
v 0.089584 1.621572 -0.009626
v 0.089910 1.624267 -0.011427
v 0.087965 1.623561 -0.007626
v 0.086215 1.627100 -0.006658
v 0.088801 1.626192 -0.009512
v 0.085627 1.622995 -0.006618
v 0.085760 1.619996 -0.006347
v 0.083548 1.622570 -0.006730
v 0.084333 1.625924 -0.006136
v 0.082266 1.625058 -0.006282
v 0.080320 1.624504 -0.007122
v 0.080276 1.627526 -0.005730
v 0.078597 1.626605 -0.007019
v 0.076872 1.625558 -0.008758
v 0.076972 1.628663 -0.006870
v 0.075224 1.627594 -0.008758
v 0.072359 1.625587 -0.008508
v 0.073739 1.629002 -0.008193
v 0.075704 1.622102 -0.009662
v 0.079441 1.622248 -0.008116
v 0.079548 1.620551 -0.008314
v 0.078980 1.618658 -0.008696
v 0.073882 1.619585 -0.008539
v 0.078384 1.623849 -0.008297
v 0.078082 1.616317 -0.008179
v 0.073113 1.617417 -0.007508
v 0.077077 1.613869 -0.007405
v 0.079616 1.612604 -0.006369
v 0.075607 1.611285 -0.006348
v 0.073604 1.608364 -0.003970
v 0.078215 1.610228 -0.004865
v 0.079854 1.610382 -0.003224
v 0.076540 1.608903 -0.002556
v 0.078205 1.610051 -0.000911
v 0.075185 1.609211 0.000463
v 0.073638 1.609374 0.003091
v 0.074095 1.607809 -0.000456
v 0.072458 1.607612 0.001926
v 0.070087 1.606869 -0.000253
v 0.070824 1.607986 0.004510
v 0.068310 1.607161 0.002790
v 0.069882 1.609266 0.006848
v 0.067304 1.608635 0.006169
v 0.069720 1.611252 0.009013
v 0.081328 1.610235 -0.002197
v 0.081346 1.612153 -0.005035
v 0.082744 1.611910 -0.004112
v 0.082684 1.614646 -0.005997
v 0.083536 1.617346 -0.006523
v 0.084139 1.614297 -0.005101
v 0.080745 1.615142 -0.007143
v 0.081557 1.617721 -0.007484
v 0.081906 1.620055 -0.007433
v 0.083872 1.619977 -0.006821
v 0.081651 1.622340 -0.007267
v 0.085196 1.617032 -0.005832
v 0.085644 1.613611 -0.004953
v 0.084105 1.611222 -0.003779
v 0.085443 1.609712 -0.004422
v 0.087384 1.628839 -0.007863
v 0.088870 1.628334 -0.010981
v 0.087707 1.630742 -0.009075
v 0.089511 1.626561 -0.013461
v 0.088773 1.630529 -0.012022
v 0.088723 1.632364 -0.012897
v 0.089480 1.629233 -0.014390
v 0.087719 1.632640 -0.010342
v 0.088078 1.634220 -0.011753
v 0.089187 1.635221 -0.013631
v 0.087168 1.636247 -0.010664
v 0.088279 1.637811 -0.012290
v 0.091339 1.635739 -0.014818
v 0.089577 1.632282 -0.014794
v 0.091722 1.632276 -0.015482
v 0.091482 1.628909 -0.015307
v 0.093664 1.632228 -0.014374
v 0.091188 1.625827 -0.014735
v 0.087319 1.607691 -0.012822
v 0.086901 1.603826 -0.009850
v 0.085064 1.603833 -0.010546
v 0.082950 1.604501 -0.010478
v 0.083080 1.600545 -0.007842
v 0.082124 1.598281 -0.004528
v 0.080552 1.600976 -0.007943
v 0.079012 1.598237 -0.004616
v 0.076467 1.595483 0.000045
v 0.078633 1.594979 0.000077
v 0.074461 1.592681 0.003937
v 0.076687 1.592020 0.004141
v 0.079368 1.592736 0.004702
v 0.075197 1.590954 0.007719
v 0.088726 1.638764 -0.015774
v 0.070522 1.613159 0.010179
v 0.083208 1.644658 0.001009
v 0.081369 1.644612 -0.001720
v 0.077706 1.643099 -0.000447
v 0.081118 1.642055 -0.004601
v 0.078718 1.640610 -0.003873
v 0.076831 1.637794 -0.002629
v 0.075469 1.639217 -0.000599
v 0.073914 1.635585 -0.000756
v 0.079453 1.641281 0.007745
v 0.042007 1.587960 -0.049302
v 0.050786 1.579473 -0.035720
v 0.049767 1.570741 -0.036802
v 0.041016 1.580278 -0.048794
v 0.040339 1.572098 -0.049375
v 0.040129 1.563852 -0.050979
v 0.027992 1.564216 -0.060396
v 0.040341 1.556390 -0.053341
v 0.049459 1.561872 -0.038894
v 0.056900 1.559158 -0.025557
v 0.049945 1.553471 -0.041627
v 0.050920 1.546556 -0.044319
v 0.056713 1.549589 -0.028297
v 0.057335 1.542344 -0.030751
v 0.059637 1.546097 -0.014425
v 0.058427 1.542866 -0.001621
v 0.060136 1.555612 -0.011718
v 0.059568 1.538093 -0.016946
v 0.060257 1.530640 -0.019680
v 0.058092 1.534129 -0.004185
v 0.058387 1.525868 -0.007059
v 0.052921 1.530856 0.007072
v 0.044419 1.528683 0.016289
v 0.053627 1.522211 0.004167
v 0.054674 1.513608 0.001132
v 0.046046 1.519903 0.013895
v 0.036922 1.519368 0.021338
v 0.047719 1.511036 0.011522
v 0.050428 1.501953 0.009872
v 0.039154 1.510317 0.019594
v 0.041869 1.501049 0.018298
v 0.030835 1.510106 0.024321
v 0.033181 1.500287 0.023148
v 0.023764 1.507576 0.027670
v 0.028797 1.519501 0.026816
v 0.022662 1.516446 0.031634
v 0.026685 1.528203 0.030864
v 0.020822 1.524981 0.035691
v 0.026578 1.536020 0.038111
v 0.034394 1.528105 0.023767
v 0.019199 1.532216 0.042419
v 0.025504 1.539138 0.051389
v 0.019004 1.535963 0.053139
v 0.025602 1.539422 0.062652
v 0.032234 1.543384 0.051915
v 0.019482 1.536415 0.064680
v 0.013114 1.534295 0.066928
v 0.019244 1.536693 0.074964
v 0.013016 1.534747 0.077239
v 0.018447 1.538016 0.083572
v 0.006638 1.533783 0.078624
v 0.006660 1.533201 0.068352
v 0.000202 1.533562 0.079177
v 0.000125 1.532859 0.068942
v -0.006170 1.533775 0.078805
v -0.006377 1.533202 0.068607
v -0.012508 1.534725 0.077630
v -0.012840 1.534297 0.067516
v -0.018859 1.536649 0.075482
v -0.011983 1.536101 0.086215
v -0.019395 1.536479 0.065524
v -0.024733 1.539616 0.073033
v -0.012499 1.534081 0.056206
v -0.012484 1.529924 0.045335
v -0.006197 1.532852 0.057304
v -0.006159 1.528603 0.046890
v 0.000097 1.532441 0.057622
v 0.006410 1.532827 0.056991
v 0.000077 1.528137 0.047473
v 0.006359 1.528633 0.046853
v 0.000091 1.519385 0.042235
v 0.007333 1.520412 0.041237
v 0.000137 1.509848 0.038561
v -0.007134 1.520393 0.041262
v -0.007919 1.511400 0.037237
v -0.013935 1.522314 0.039083
v -0.020622 1.525001 0.035733
v -0.015303 1.513829 0.034933
v -0.016133 1.505267 0.030544
v -0.022472 1.516450 0.031691
v -0.023520 1.507619 0.027753
v -0.025275 1.498086 0.026226
v -0.017193 1.495938 0.027921
v -0.026456 1.488167 0.025128
v -0.032854 1.500356 0.023290
v -0.035228 1.490438 0.022439
v -0.037460 1.480429 0.022743
v -0.043964 1.491867 0.017068
v -0.046421 1.482362 0.018027
v -0.052663 1.493182 0.009131
v -0.055054 1.484184 0.011360
v -0.059097 1.475195 0.014459
v -0.067883 1.478249 0.004404
v -0.049734 1.473415 0.020686
v -0.040054 1.471499 0.024840
v -0.030473 1.469589 0.027432
v -0.028226 1.478283 0.025401
v -0.020745 1.467780 0.028730
v -0.018835 1.476313 0.026550
v -0.011014 1.464671 0.027159
v -0.009453 1.473701 0.025240
v 0.000281 1.461938 0.025002
v 0.000313 1.471644 0.023214
v 0.011607 1.464596 0.027041
v 0.010123 1.473651 0.025096
v 0.021287 1.467662 0.028546
v 0.019432 1.476222 0.026328
v 0.030955 1.469397 0.027215
v 0.028719 1.478131 0.025166
v 0.040484 1.471219 0.024639
v 0.050132 1.473043 0.020534
v 0.037890 1.480176 0.022520
v 0.046814 1.481997 0.017852
v 0.035646 1.490281 0.022227
v 0.044333 1.491600 0.016887
v 0.026934 1.488066 0.024920
v 0.018052 1.486066 0.025877
v 0.025633 1.498044 0.026067
v 0.017657 1.495894 0.027752
v 0.016440 1.505222 0.030440
v 0.009232 1.493330 0.028962
v 0.009027 1.483787 0.025137
v 0.000248 1.491918 0.028248
v 0.008574 1.502895 0.032002
v 0.008192 1.511384 0.037180
v 0.000189 1.501194 0.033125
v -0.008198 1.502951 0.032089
v -0.008694 1.493379 0.029099
v -0.008350 1.483849 0.025286
v 0.000305 1.482231 0.023895
v -0.017439 1.486132 0.026105
v 0.015536 1.513817 0.034874
v 0.014135 1.522336 0.039057
v 0.012717 1.529916 0.045209
v 0.012645 1.533997 0.055474
v 0.052972 1.492825 0.009041
v 0.059643 1.496134 -0.001935
v 0.055396 1.483794 0.011238
v 0.059442 1.474796 0.014357
v 0.062849 1.487442 -0.000211
v 0.068148 1.477866 0.004367
v 0.068252 1.493747 -0.013337
v 0.073621 1.485682 -0.012041
v 0.073591 1.504422 -0.028247
v 0.064474 1.501726 -0.013735
v 0.061669 1.509850 -0.012656
v 0.069052 1.510771 -0.027224
v 0.065158 1.517154 -0.025370
v 0.069088 1.518872 -0.042397
v 0.064699 1.524065 -0.039712
v 0.061594 1.523581 -0.056948
v 0.074145 1.513658 -0.044187
v 0.080321 1.508123 -0.044939
v 0.066638 1.518607 -0.059544
v 0.073270 1.513174 -0.061097
v 0.053703 1.520511 -0.071494
v 0.059831 1.514735 -0.074356
v 0.036950 1.522065 -0.079407
v 0.049289 1.525756 -0.068392
v 0.045900 1.531084 -0.064947
v 0.033901 1.527359 -0.075780
v 0.031592 1.532745 -0.072232
v 0.017471 1.526672 -0.079070
v 0.016166 1.532261 -0.075482
v 0.019049 1.521160 -0.082924
v 0.020951 1.515033 -0.087048
v 0.041044 1.516249 -0.083228
v 0.000211 1.513165 -0.086936
v 0.030103 1.538846 -0.069704
v 0.028782 1.544724 -0.066851
v 0.043928 1.537289 -0.062148
v 0.042047 1.543199 -0.058962
v 0.055052 1.534651 -0.050665
v 0.061658 1.529897 -0.036611
v 0.052588 1.540319 -0.047327
v 0.057540 1.528685 -0.053734
v 0.058863 1.535738 -0.033467
v 0.061912 1.523682 -0.022708
v 0.059337 1.517838 -0.010190
v 0.040889 1.549531 -0.056046
v 0.028056 1.550886 -0.064397
v 0.027879 1.557314 -0.062254
v 0.014002 1.557296 -0.066757
v 0.079044 1.497825 -0.028503
v 0.057075 1.504907 -0.001036
v 0.057859 1.569009 -0.023081
v 0.037776 1.631570 -0.080252
v -0.073013 1.513214 -0.061143
v -0.053638 1.585601 0.069268
v -0.049442 1.590970 0.075987
v -0.041005 1.613032 0.087446
v -0.040551 1.621534 0.087558
v -0.043218 1.625801 0.086226
v -0.045644 1.629766 0.084227
v -0.038599 1.629574 0.086463
v -0.034252 1.631303 0.086832
v -0.040196 1.634642 0.083972
v -0.035056 1.635752 0.085185
v -0.038945 1.640520 0.084127
v -0.044202 1.637033 0.082110
v -0.047201 1.639012 0.080385
v -0.042243 1.641583 0.082919
v -0.048295 1.632514 0.081916
v -0.050957 1.634835 0.079524
v -0.053048 1.637470 0.077478
v -0.055623 1.630675 0.078465
v -0.057348 1.633749 0.075720
v -0.058422 1.637058 0.073293
v -0.054455 1.640231 0.075546
v -0.062559 1.634082 0.070553
v -0.059003 1.640467 0.071511
v -0.059083 1.643956 0.070447
v -0.055363 1.643059 0.074045
v -0.062923 1.638112 0.068537
v -0.066508 1.635831 0.064520
v -0.062596 1.642188 0.067221
v -0.066107 1.640779 0.063236
v -0.061887 1.646070 0.066730
v -0.065067 1.645411 0.062733
v -0.061169 1.649703 0.067036
v -0.058797 1.647271 0.070077
v -0.058348 1.650343 0.070428
v -0.055853 1.648629 0.072795
v -0.055613 1.651139 0.073151
v -0.053378 1.649745 0.074953
v -0.055803 1.645913 0.073109
v -0.053112 1.647692 0.075248
v -0.051100 1.649029 0.076965
v -0.052419 1.645526 0.076083
v -0.050300 1.647590 0.077763
v -0.051234 1.643323 0.077325
v -0.049530 1.641113 0.078814
v -0.049045 1.646161 0.078924
v -0.047307 1.644652 0.080258
v -0.047616 1.648643 0.080275
v -0.045992 1.647825 0.081656
v -0.046628 1.650388 0.081023
v -0.048824 1.649370 0.079054
v -0.049629 1.650180 0.078219
v -0.047772 1.650747 0.079828
v -0.046989 1.651494 0.080140
v -0.048549 1.651126 0.078986
v -0.047735 1.651686 0.079353
v -0.048973 1.651578 0.078587
v -0.049049 1.652089 0.078707
v -0.048133 1.651942 0.078957
v -0.050058 1.651032 0.077870
v -0.051489 1.650437 0.076673
v -0.050126 1.651852 0.078048
v -0.049810 1.652722 0.078764
v -0.051514 1.651717 0.076945
v -0.053298 1.651616 0.075297
v -0.051150 1.652926 0.077773
v -0.052845 1.653314 0.076276
v -0.050340 1.654189 0.079075
v -0.051960 1.654901 0.077795
v -0.049079 1.653734 0.079935
v -0.049057 1.655509 0.080717
v -0.050618 1.656409 0.079693
v -0.047329 1.656881 0.082535
v -0.047918 1.654929 0.081424
v -0.046321 1.656237 0.083070
v -0.047074 1.654537 0.081931
v -0.045635 1.655705 0.083484
v -0.046382 1.654287 0.082187
v -0.048112 1.653495 0.080501
v -0.048766 1.652701 0.079377
v -0.047334 1.653386 0.080799
v -0.046700 1.653359 0.080828
v -0.047934 1.652742 0.079700
v -0.047271 1.652785 0.079773
v -0.048197 1.652294 0.079057
v -0.047517 1.652417 0.079158
v -0.047457 1.652141 0.079055
v -0.046964 1.652474 0.079024
v -0.046745 1.652838 0.079610
v -0.046455 1.652523 0.078657
v -0.046884 1.652222 0.078903
v -0.046327 1.652241 0.078518
v -0.046507 1.652030 0.079189
v -0.045918 1.652036 0.078736
v -0.047081 1.651943 0.079406
v -0.045793 1.651867 0.079744
v -0.045207 1.651808 0.079170
v -0.044717 1.651566 0.080427
v -0.046358 1.651803 0.080082
v -0.045253 1.651588 0.080939
v -0.043807 1.651236 0.081868
v -0.045878 1.651279 0.081205
v -0.044416 1.650961 0.082395
v -0.042627 1.650500 0.083588
v -0.045120 1.649924 0.082384
v -0.043250 1.649315 0.083745
v -0.040953 1.648608 0.084997
v -0.043946 1.646818 0.083016
v -0.041446 1.645738 0.084238
v -0.045050 1.643070 0.081607
v -0.038586 1.644916 0.085331
v -0.035536 1.644546 0.086273
v -0.038336 1.648006 0.086092
v -0.035551 1.647567 0.086999
v -0.038021 1.649450 0.085709
v -0.040466 1.649938 0.084711
v -0.037651 1.649633 0.084645
v -0.035423 1.649068 0.086574
v -0.035192 1.649344 0.085499
v -0.032745 1.648791 0.087271
v -0.032674 1.649216 0.086268
v -0.029980 1.648655 0.087668
v -0.032679 1.647292 0.087640
v -0.029722 1.647161 0.087916
v -0.032433 1.644497 0.086974
v -0.029322 1.644605 0.087381
v -0.031902 1.640909 0.086075
v -0.031197 1.636763 0.086121
v -0.035349 1.640496 0.085208
v -0.028695 1.641375 0.086702
v -0.025611 1.641818 0.087168
v -0.027927 1.637687 0.086872
v -0.027108 1.633636 0.087880
v -0.024847 1.638458 0.087466
v -0.024292 1.634425 0.088639
v -0.021845 1.639167 0.088076
v -0.021512 1.635374 0.089453
v -0.022570 1.642239 0.087573
v -0.018909 1.639863 0.088903
v -0.018767 1.636375 0.090510
v -0.019562 1.642709 0.088101
v -0.016155 1.640489 0.090219
v -0.013697 1.641050 0.092023
v -0.016231 1.637035 0.092113
v -0.016637 1.643323 0.088966
v -0.013890 1.644178 0.090314
v -0.017524 1.645524 0.088273
v -0.020404 1.645104 0.087895
v -0.018637 1.646929 0.087912
v -0.014597 1.647050 0.088966
v -0.011549 1.648255 0.090688
v -0.016640 1.647750 0.088044
v -0.014129 1.649875 0.088542
v -0.014808 1.652139 0.088195
v -0.015860 1.649372 0.087961
v -0.016201 1.651153 0.087784
v -0.017055 1.649269 0.087701
v -0.017207 1.650681 0.087583
v -0.017873 1.649288 0.087472
v -0.017843 1.648155 0.087704
v -0.019587 1.647807 0.087662
v -0.018667 1.648476 0.087407
v -0.019256 1.648760 0.086970
v -0.020308 1.648410 0.087314
v -0.022537 1.649066 0.087341
v -0.020843 1.648866 0.086762
v -0.022933 1.649542 0.086638
v -0.021259 1.649260 0.086012
v -0.021640 1.649655 0.085163
v -0.019718 1.649065 0.086338
v -0.023177 1.649822 0.085706
v -0.025294 1.649777 0.085329
v -0.023286 1.649985 0.084625
v -0.025188 1.649699 0.084037
v -0.023227 1.650155 0.083473
v -0.021911 1.650040 0.084309
v -0.022952 1.650451 0.082394
v -0.024885 1.649811 0.082599
v -0.024406 1.650330 0.081158
v -0.026961 1.649093 0.081747
v -0.029366 1.648579 0.080981
v -0.026419 1.649893 0.079982
v -0.027356 1.648994 0.083458
v -0.027568 1.649287 0.084917
v -0.029767 1.648365 0.082913
v -0.032261 1.648128 0.082324
v -0.030000 1.648749 0.084474
v -0.032470 1.648460 0.083924
v -0.030097 1.649187 0.085735
v -0.032584 1.648972 0.085155
v -0.027600 1.649500 0.086134
v -0.030091 1.649249 0.086828
v -0.027477 1.649318 0.087129
v -0.027214 1.648585 0.087799
v -0.024960 1.649320 0.087281
v -0.024558 1.648519 0.087816
v -0.025211 1.649710 0.086426
v -0.021977 1.648307 0.087773
v -0.024017 1.647121 0.087956
v -0.026818 1.647126 0.087970
v -0.023346 1.644927 0.087721
v -0.021251 1.647058 0.087930
v -0.026301 1.644763 0.087591
v -0.035031 1.649013 0.084421
v -0.034896 1.648541 0.083245
v -0.037425 1.649284 0.083614
v -0.039669 1.649795 0.082776
v -0.037247 1.648880 0.082506
v -0.036977 1.648742 0.081014
v -0.039416 1.649450 0.081741
v -0.039059 1.649372 0.080379
v -0.041302 1.650189 0.080996
v -0.041654 1.650486 0.081948
v -0.042887 1.650869 0.080322
v -0.040847 1.650118 0.079784
v -0.040273 1.650485 0.078355
v -0.042351 1.650796 0.079265
v -0.043576 1.651356 0.078810
v -0.041716 1.651085 0.078092
v -0.041182 1.651758 0.077064
v -0.042871 1.651572 0.077873
v -0.042296 1.651943 0.077229
v -0.043724 1.651969 0.077656
v -0.044230 1.652209 0.077516
v -0.043021 1.652531 0.077045
v -0.044520 1.651782 0.078414
v -0.045175 1.652057 0.078112
v -0.045583 1.652295 0.077970
v -0.044475 1.652483 0.077441
v -0.045778 1.652677 0.078104
v -0.044607 1.653110 0.077535
v -0.045714 1.653245 0.078571
v -0.044711 1.653865 0.077922
v -0.046283 1.652955 0.079203
v -0.045306 1.653960 0.079269
v -0.045780 1.653591 0.080067
v -0.044518 1.654837 0.080112
v -0.044522 1.654486 0.078374
v -0.043220 1.655080 0.077632
v -0.043929 1.655249 0.078876
v -0.042888 1.656307 0.079518
v -0.042384 1.656337 0.078327
v -0.041452 1.657380 0.080123
v -0.043331 1.655818 0.081030
v -0.043657 1.655272 0.082231
v -0.041762 1.656812 0.081911
v -0.042043 1.656127 0.083221
v -0.039927 1.657733 0.082677
v -0.040171 1.656877 0.084086
v -0.037890 1.658542 0.083262
v -0.039697 1.658403 0.080659
v -0.039404 1.658047 0.078373
v -0.037665 1.659300 0.081045
v -0.037388 1.658873 0.078445
v -0.035299 1.659942 0.081234
v -0.034999 1.659418 0.078422
v -0.035561 1.659131 0.083623
v -0.032573 1.660108 0.081322
v -0.029694 1.659633 0.081505
v -0.032261 1.659446 0.078471
v -0.032939 1.659304 0.083781
v -0.033187 1.658136 0.085522
v -0.030153 1.658910 0.083887
v -0.030500 1.657854 0.085590
v -0.027320 1.657976 0.084008
v -0.027712 1.657178 0.085583
v -0.024736 1.656549 0.084047
v -0.026856 1.658519 0.081781
v -0.024373 1.656860 0.082051
v -0.026764 1.657696 0.079282
v -0.024469 1.656154 0.079878
v -0.027008 1.655792 0.077500
v -0.029425 1.658853 0.078775
v -0.029517 1.656790 0.076677
v -0.032211 1.657414 0.076212
v -0.029941 1.654231 0.075893
v -0.027492 1.653558 0.076924
v -0.030573 1.651734 0.076432
v -0.032502 1.654754 0.075288
v -0.033040 1.652117 0.075833
v -0.034987 1.655003 0.075194
v -0.035383 1.652474 0.075653
v -0.034846 1.657538 0.076154
v -0.037219 1.654972 0.075468
v -0.037478 1.652730 0.075793
v -0.039153 1.654764 0.075880
v -0.037197 1.657214 0.076364
v -0.039194 1.656645 0.076623
v -0.041029 1.655958 0.076947
v -0.040971 1.654404 0.076372
v -0.041116 1.657131 0.078263
v -0.041018 1.652893 0.076471
v -0.042911 1.653793 0.076986
v -0.039305 1.652885 0.076082
v -0.039694 1.651378 0.076977
v -0.037968 1.650909 0.076982
v -0.038552 1.649818 0.078699
v -0.035961 1.650426 0.077110
v -0.036544 1.649199 0.079121
v -0.033703 1.649985 0.077453
v -0.031279 1.649703 0.078063
v -0.034291 1.648717 0.079651
v -0.031873 1.648476 0.080281
v -0.034679 1.648304 0.081672
v -0.028790 1.649661 0.078928
v -0.028118 1.651409 0.077422
v -0.025824 1.651236 0.078664
v -0.025302 1.652932 0.078161
v -0.023872 1.651178 0.080048
v -0.022475 1.651095 0.081638
v -0.023498 1.652537 0.079519
v -0.023566 1.653856 0.079363
v -0.021915 1.652371 0.081366
v -0.022869 1.654376 0.080528
v -0.021176 1.652925 0.082982
v -0.021123 1.651444 0.083319
v -0.021624 1.650908 0.083228
v -0.020645 1.650970 0.084228
v -0.020362 1.651635 0.084034
v -0.019569 1.651532 0.084976
v -0.019907 1.650770 0.084774
v -0.019004 1.650405 0.085533
v -0.020108 1.650275 0.085052
v -0.020851 1.650059 0.084920
v -0.020912 1.650667 0.084312
v -0.019257 1.649735 0.085750
v -0.018807 1.649462 0.086529
v -0.020243 1.649520 0.085609
v -0.018428 1.649350 0.087114
v -0.018645 1.650298 0.086414
v -0.019204 1.651500 0.085975
v -0.018361 1.650326 0.087023
v -0.018970 1.651596 0.086668
v -0.017902 1.650443 0.087374
v -0.018631 1.651823 0.087098
v -0.019996 1.653414 0.086757
v -0.018135 1.652226 0.087393
v -0.019675 1.653882 0.087188
v -0.017430 1.652916 0.087662
v -0.016471 1.654136 0.088057
v -0.019271 1.654640 0.087621
v -0.021626 1.656296 0.087727
v -0.018763 1.655909 0.088133
v -0.021450 1.657503 0.088364
v -0.018326 1.657899 0.088927
v -0.015411 1.656173 0.088883
v -0.021417 1.659334 0.089150
v -0.018329 1.660466 0.090291
v -0.021752 1.661691 0.090309
v -0.025221 1.662591 0.090291
v -0.022488 1.664277 0.092093
v -0.023514 1.667048 0.094053
v -0.026105 1.665043 0.091806
v -0.029764 1.665468 0.091272
v -0.027279 1.667705 0.093468
v -0.031114 1.668168 0.092607
v -0.028412 1.670867 0.094382
v -0.032350 1.671283 0.093141
v -0.029328 1.674602 0.094287
v -0.033318 1.674929 0.092684
v -0.030036 1.678830 0.093261
v -0.034091 1.679034 0.091319
v -0.030828 1.683154 0.091510
v -0.034824 1.683224 0.089352
v -0.031556 1.687731 0.089261
v -0.026787 1.682891 0.093402
v -0.027520 1.687671 0.091282
v -0.028242 1.692483 0.088913
v -0.023474 1.687476 0.092986
v -0.024173 1.692486 0.090716
v -0.019463 1.687208 0.094302
v -0.020084 1.692385 0.092154
v -0.015518 1.686944 0.095226
v -0.016017 1.692230 0.093210
v -0.011623 1.686698 0.095841
v -0.011990 1.692056 0.093944
v -0.007730 1.686504 0.096216
v -0.011333 1.681583 0.097383
v -0.007532 1.681302 0.097753
v -0.007293 1.676375 0.098756
v -0.003694 1.681101 0.097981
v -0.003788 1.686356 0.096417
v 0.000170 1.681026 0.098056
v -0.003580 1.676090 0.099047
v -0.003439 1.671290 0.099283
v 0.000157 1.675976 0.099168
v 0.003903 1.676095 0.099040
v 0.000147 1.671165 0.099417
v 0.000129 1.666849 0.098677
v 0.003741 1.671312 0.099280
v 0.007328 1.671655 0.098949
v 0.003552 1.667004 0.098545
v 0.006965 1.667357 0.098198
v 0.003329 1.663245 0.097299
v 0.000107 1.663105 0.097479
v 0.000096 1.659724 0.096768
v 0.010383 1.667818 0.097741
v 0.013858 1.668387 0.097218
v 0.010914 1.672091 0.098532
v 0.011374 1.676764 0.098330
v 0.014532 1.672585 0.098040
v 0.018210 1.673138 0.097369
v 0.015072 1.677203 0.097773
v 0.015543 1.681929 0.096758
v 0.018725 1.677676 0.097037
v 0.019366 1.682278 0.095929
v 0.022539 1.678238 0.096030
v 0.023214 1.682625 0.094791
v 0.026430 1.678725 0.094732
v 0.021962 1.673705 0.096522
v 0.021118 1.669742 0.096014
v 0.025784 1.674231 0.095496
v 0.024882 1.670388 0.095272
v 0.029666 1.674687 0.094200
v 0.028712 1.670945 0.094320
v 0.033608 1.675023 0.092603
v 0.030345 1.679038 0.093138
v 0.030987 1.683226 0.091487
v 0.034317 1.679209 0.091237
v 0.038313 1.679135 0.089063
v 0.034936 1.683365 0.089341
v 0.035521 1.687868 0.086992
v 0.038896 1.683226 0.086909
v 0.039489 1.687575 0.084435
v 0.042821 1.682666 0.084159
v 0.042280 1.678704 0.086590
v 0.043415 1.686808 0.081554
v 0.046649 1.681594 0.081067
v 0.046160 1.677807 0.083785
v 0.050327 1.679958 0.077644
v 0.047230 1.685509 0.078308
v 0.047976 1.689416 0.075624
v 0.050928 1.683679 0.074729
v 0.051655 1.687442 0.071928
v 0.054518 1.681293 0.070856
v 0.055286 1.684954 0.067909
v 0.057925 1.678290 0.066652
v 0.053819 1.677730 0.073939
v 0.053290 1.674326 0.077157
v 0.057089 1.674876 0.069989
v 0.060076 1.671361 0.065831
v 0.056412 1.671665 0.073479
v 0.059172 1.668367 0.069698
v 0.055632 1.668508 0.076945
v 0.058180 1.665525 0.073525
v 0.054163 1.665589 0.079800
v 0.052618 1.670912 0.080281
v 0.051298 1.667715 0.082743
v 0.049231 1.672745 0.083412
v 0.048036 1.669367 0.085486
v 0.045517 1.674036 0.086194
v 0.049860 1.676364 0.080627
v 0.044411 1.670546 0.087879
v 0.041602 1.674811 0.088626
v 0.040546 1.671244 0.089916
v 0.037604 1.675107 0.090750
v 0.036575 1.671488 0.091630
v 0.035209 1.668447 0.091511
v 0.032611 1.671353 0.093088
v 0.031352 1.668276 0.092597
v 0.030006 1.665656 0.091331
v 0.027547 1.667804 0.093449
v 0.026345 1.665208 0.091851
v 0.023806 1.667133 0.094019
v 0.022726 1.664405 0.092109
v 0.020117 1.666318 0.094467
v 0.019133 1.663343 0.092309
v 0.016507 1.665424 0.094938
v 0.017436 1.669050 0.096645
v 0.018523 1.660568 0.090297
v 0.018542 1.658016 0.088940
v 0.021972 1.661906 0.090351
v 0.021737 1.659565 0.089196
v 0.025446 1.662878 0.090368
v 0.025019 1.660746 0.089405
v 0.028949 1.663408 0.090139
v 0.032458 1.663599 0.089679
v 0.028338 1.661450 0.089388
v 0.031677 1.661765 0.089162
v 0.028052 1.659835 0.088805
v 0.027987 1.658586 0.088322
v 0.031218 1.660307 0.088779
v 0.024905 1.658997 0.088664
v 0.021831 1.657673 0.088396
v 0.024960 1.657736 0.088049
v 0.025122 1.656832 0.087632
v 0.022028 1.656390 0.087730
v 0.019497 1.654693 0.087613
v 0.022260 1.655578 0.087219
v 0.022515 1.655050 0.086778
v 0.019909 1.653912 0.087186
v 0.020247 1.653448 0.086777
v 0.018289 1.652264 0.087388
v 0.018813 1.651881 0.087093
v 0.017580 1.652946 0.087659
v 0.017399 1.650727 0.087577
v 0.018117 1.650516 0.087352
v 0.018138 1.649378 0.087423
v 0.018600 1.650419 0.086961
v 0.019180 1.651671 0.086658
v 0.018885 1.650397 0.086307
v 0.018708 1.649453 0.087010
v 0.019554 1.648867 0.086848
v 0.019086 1.649572 0.086370
v 0.019525 1.649867 0.085614
v 0.020006 1.649182 0.086193
v 0.020500 1.649646 0.085506
v 0.021503 1.649347 0.085911
v 0.021859 1.649737 0.085100
v 0.021102 1.648948 0.086661
v 0.023373 1.649877 0.085641
v 0.023129 1.649591 0.086568
v 0.025467 1.649824 0.085288
v 0.023481 1.650036 0.084585
v 0.025385 1.649744 0.084012
v 0.023414 1.650198 0.083480
v 0.023125 1.650484 0.082466
v 0.022096 1.650104 0.084300
v 0.025101 1.649850 0.082608
v 0.024625 1.650356 0.081215
v 0.027217 1.649102 0.081764
v 0.029648 1.648559 0.081030
v 0.026686 1.649880 0.080034
v 0.027578 1.649016 0.083448
v 0.027755 1.649316 0.084893
v 0.030024 1.648368 0.082936
v 0.032551 1.648124 0.082388
v 0.030231 1.648762 0.084477
v 0.032748 1.648479 0.083961
v 0.030308 1.649200 0.085728
v 0.032855 1.648989 0.085170
v 0.027764 1.649526 0.086109
v 0.025369 1.649747 0.086384
v 0.025112 1.649321 0.087250
v 0.035356 1.649053 0.084468
v 0.035219 1.648570 0.083322
v 0.035518 1.649370 0.085528
v 0.037794 1.649338 0.083698
v 0.037611 1.648907 0.082616
v 0.040084 1.649847 0.082887
v 0.038029 1.649683 0.084709
v 0.038392 1.649462 0.085742
v 0.040403 1.650174 0.083841
v 0.040882 1.649938 0.084752
v 0.042517 1.650784 0.082898
v 0.044250 1.651309 0.081853
v 0.043074 1.650496 0.083611
v 0.042112 1.650524 0.082050
v 0.043783 1.651158 0.081168
v 0.041756 1.650154 0.081109
v 0.043340 1.650846 0.080340
v 0.039825 1.649451 0.081868
v 0.041274 1.650061 0.079934
v 0.039458 1.649336 0.080535
v 0.040664 1.650418 0.078531
v 0.042760 1.650753 0.079337
v 0.043914 1.651372 0.078742
v 0.042068 1.651040 0.078218
v 0.041496 1.651693 0.077180
v 0.043145 1.651576 0.077897
v 0.042548 1.651927 0.077285
v 0.043909 1.652023 0.077573
v 0.043199 1.652572 0.077012
v 0.044353 1.652300 0.077373
v 0.044756 1.651853 0.078201
v 0.045494 1.651891 0.078853
v 0.045318 1.652165 0.077806
v 0.045666 1.652451 0.077637
v 0.046095 1.652141 0.078310
v 0.046432 1.652378 0.078073
v 0.046662 1.652138 0.078740
v 0.046947 1.652347 0.078455
v 0.047163 1.652049 0.078977
v 0.046072 1.651955 0.079388
v 0.045106 1.651655 0.080251
v 0.046577 1.651885 0.079730
v 0.045610 1.651682 0.080751
v 0.047144 1.651559 0.079819
v 0.047748 1.651792 0.078980
v 0.047881 1.650800 0.079578
v 0.046188 1.651322 0.080996
v 0.044834 1.650972 0.082327
v 0.046881 1.650378 0.080834
v 0.047814 1.648592 0.080144
v 0.045482 1.649864 0.082279
v 0.046289 1.647717 0.081561
v 0.043651 1.649238 0.083706
v 0.044286 1.646698 0.082954
v 0.041334 1.648550 0.084989
v 0.045333 1.642970 0.081565
v 0.047568 1.644547 0.080194
v 0.049769 1.641071 0.078774
v 0.049232 1.646091 0.078845
v 0.051455 1.643287 0.077272
v 0.050417 1.647588 0.077661
v 0.051179 1.649096 0.076830
v 0.052604 1.645520 0.076006
v 0.048914 1.649406 0.078889
v 0.049638 1.650293 0.078018
v 0.050009 1.651201 0.077655
v 0.048534 1.651245 0.078701
v 0.048870 1.651752 0.078309
v 0.048043 1.652095 0.078595
v 0.048900 1.652316 0.078508
v 0.050039 1.652079 0.077878
v 0.048609 1.652977 0.079287
v 0.048065 1.652472 0.078783
v 0.047460 1.652544 0.078809
v 0.047816 1.652950 0.079537
v 0.047235 1.652932 0.079518
v 0.047261 1.653672 0.080758
v 0.046711 1.653580 0.080692
v 0.047982 1.653841 0.080516
v 0.046351 1.654645 0.082304
v 0.045817 1.654454 0.082205
v 0.045059 1.655633 0.083862
v 0.047000 1.654946 0.082058
v 0.045617 1.656085 0.083674
v 0.047840 1.655322 0.081484
v 0.046320 1.656608 0.083204
v 0.049041 1.655815 0.080693
v 0.048953 1.654074 0.079919
v 0.050277 1.654443 0.078984
v 0.049690 1.653010 0.078674
v 0.051121 1.653137 0.077642
v 0.052952 1.653390 0.076178
v 0.051540 1.651870 0.076782
v 0.053460 1.651665 0.075192
v 0.051545 1.650551 0.076510
v 0.053551 1.649796 0.074859
v 0.053283 1.647726 0.075157
v 0.056087 1.648642 0.072740
v 0.055859 1.651125 0.073114
v 0.059023 1.647303 0.070030
v 0.056026 1.645936 0.073036
v 0.059299 1.644014 0.070383
v 0.055581 1.643076 0.073969
v 0.059198 1.640524 0.071430
v 0.054680 1.640266 0.075508
v 0.058616 1.637163 0.073278
v 0.062822 1.642267 0.067207
v 0.062099 1.646113 0.066699
v 0.061374 1.649704 0.066993
v 0.065281 1.645453 0.062724
v 0.064186 1.649747 0.062942
v 0.068261 1.645032 0.057296
v 0.066834 1.650210 0.057607
v 0.065218 1.655246 0.059338
v 0.069432 1.651264 0.051497
v 0.067294 1.657032 0.053678
v 0.065120 1.662371 0.057340
v 0.069340 1.659610 0.047206
v 0.066941 1.665351 0.052260
v 0.070615 1.663232 0.041256
v 0.068063 1.669094 0.047543
v 0.071235 1.668894 0.036810
v 0.071636 1.675340 0.033422
v 0.073411 1.664438 0.029203
v 0.068741 1.673918 0.043617
v 0.065814 1.678323 0.049714
v 0.068966 1.679307 0.040385
v 0.069190 1.684771 0.037897
v 0.066146 1.682955 0.046807
v 0.063024 1.686454 0.052624
v 0.066182 1.687791 0.044291
v 0.066094 1.692723 0.042124
v 0.063152 1.690809 0.050065
v 0.059995 1.693498 0.055077
v 0.063096 1.695168 0.047807
v 0.062851 1.699513 0.045857
v 0.059992 1.697438 0.052731
v 0.056715 1.699707 0.057058
v 0.059828 1.701404 0.050542
v 0.056806 1.703383 0.054538
v 0.059738 1.705676 0.047802
v 0.056794 1.707441 0.051619
v 0.060241 1.711136 0.042348
v 0.062400 1.704389 0.043673
v 0.065570 1.703007 0.037964
v 0.066265 1.709465 0.030962
v 0.068219 1.701506 0.032766
v 0.065845 1.697628 0.040327
v 0.068904 1.695652 0.034222
v 0.071797 1.693786 0.027201
v 0.069094 1.690271 0.035900
v 0.071909 1.687875 0.028923
v 0.074227 1.685375 0.021949
v 0.071883 1.681582 0.030830
v 0.074126 1.679494 0.023343
v 0.076035 1.683208 0.015292
v 0.073731 1.672083 0.025705
v 0.075629 1.670124 0.017269
v 0.074283 1.690918 0.020500
v 0.076332 1.695218 0.010896
v 0.078362 1.679734 0.004719
v 0.078188 1.692652 0.002300
v 0.075641 1.705154 0.002791
v 0.079806 1.690231 -0.011907
v 0.077484 1.703806 -0.013997
v 0.079405 1.687091 -0.027690
v 0.077164 1.701077 -0.029604
v 0.075911 1.684319 -0.043898
v 0.073563 1.698944 -0.044926
v 0.068385 1.682590 -0.060361
v 0.066185 1.698251 -0.060110
v 0.062789 1.712677 -0.057427
v 0.054403 1.698698 -0.074005
v 0.038514 1.699754 -0.084872
v 0.051454 1.714712 -0.069049
v 0.048782 1.729594 -0.059601
v 0.036325 1.716919 -0.078210
v 0.034330 1.733703 -0.066627
v 0.018864 1.718739 -0.083930
v 0.017800 1.736421 -0.070932
v 0.000261 1.719574 -0.085980
v 0.019972 1.700727 -0.091662
v 0.000197 1.701133 -0.094154
v -0.019508 1.700779 -0.091632
v -0.037903 1.699834 -0.084863
v -0.018266 1.718797 -0.083928
v -0.017147 1.736402 -0.071028
v -0.035651 1.716973 -0.078243
v -0.033610 1.733735 -0.066726
v -0.050734 1.714790 -0.069127
v -0.048017 1.729691 -0.059707
v -0.062056 1.712760 -0.057564
v -0.053726 1.698800 -0.074024
v -0.055810 1.682109 -0.075902
v -0.065485 1.698354 -0.060173
v -0.072882 1.699057 -0.045043
v -0.067730 1.682744 -0.060405
v -0.075275 1.684474 -0.043946
v -0.068401 1.666304 -0.058796
v -0.075856 1.668586 -0.041209
v -0.056438 1.664977 -0.075303
v -0.079331 1.672489 -0.024853
v -0.078539 1.657493 -0.018729
v -0.078831 1.687268 -0.027722
v -0.079858 1.676352 -0.009389
v -0.079279 1.690526 -0.011897
v -0.078949 1.662247 -0.005211
v -0.077985 1.679909 0.004660
v -0.077098 1.666214 0.007371
v -0.077681 1.692984 0.002256
v -0.075568 1.683297 0.015162
v -0.073763 1.690956 0.020393
v -0.073784 1.685412 0.021839
v -0.073717 1.679506 0.023262
v -0.075704 1.695404 0.010792
v -0.075270 1.670138 0.017187
v -0.073329 1.672047 0.025646
v -0.074914 1.661498 0.020016
v -0.074769 1.653626 0.023095
v -0.076281 1.658977 0.011141
v -0.073124 1.664404 0.029182
v -0.071005 1.668885 0.036811
v -0.072944 1.655890 0.034244
v -0.070413 1.663243 0.041274
v -0.071199 1.653071 0.043713
v -0.074149 1.645535 0.034891
v -0.072792 1.645423 0.043278
v -0.074588 1.635950 0.035985
v -0.074803 1.645050 0.026322
v -0.074912 1.635059 0.028524
v -0.075020 1.644235 0.018160
v -0.074424 1.634180 0.021526
v -0.075386 1.642709 0.012522
v -0.075927 1.651362 0.012079
v -0.077135 1.647674 0.007376
v -0.077382 1.652014 0.002817
v -0.078336 1.652207 -0.004398
v -0.077395 1.658693 0.004474
v -0.078703 1.648582 0.000994
v -0.082060 1.648652 0.000264
v -0.080462 1.648994 -0.004197
v -0.080719 1.646793 -0.008501
v -0.083458 1.648627 -0.004741
v -0.085640 1.648516 -0.005545
v -0.084186 1.645775 -0.009441
v -0.082662 1.642769 -0.010651
v -0.087280 1.645447 -0.011172
v -0.086421 1.642446 -0.013152
v -0.090419 1.644501 -0.012767
v -0.087771 1.648243 -0.006210
v -0.093352 1.642956 -0.013591
v -0.090042 1.641637 -0.015096
v -0.093087 1.640308 -0.015959
v -0.088627 1.638642 -0.015862
v -0.091339 1.638053 -0.017039
v -0.087385 1.635141 -0.015866
v -0.085283 1.639089 -0.013582
v -0.081360 1.639613 -0.010982
v -0.084305 1.635560 -0.013213
v -0.083984 1.632312 -0.012548
v -0.080256 1.636248 -0.010795
v -0.076430 1.638424 -0.013562
v -0.077556 1.641656 -0.012244
v -0.075318 1.641913 -0.021069
v -0.076591 1.645656 -0.018701
v -0.077781 1.648653 -0.014186
v -0.078709 1.650638 -0.010298
v -0.079393 1.644323 -0.010546
v -0.086880 1.631631 -0.015679
v -0.089420 1.631055 -0.017923
v -0.089074 1.627483 -0.017693
v -0.092101 1.630546 -0.018790
v -0.090062 1.634750 -0.017723
v -0.092793 1.634190 -0.018274
v -0.093710 1.637522 -0.016913
v -0.094930 1.639226 -0.015556
v -0.095346 1.636697 -0.015735
v -0.095501 1.639427 -0.014061
v -0.095168 1.638818 -0.012680
v -0.095154 1.641357 -0.011753
v -0.094327 1.641346 -0.010431
v -0.092976 1.645170 -0.005668
v -0.095183 1.641405 -0.013274
v -0.091912 1.646709 -0.006264
v -0.089934 1.647806 -0.006464
v -0.088509 1.647417 -0.000045
v -0.089417 1.646087 -0.000403
v -0.085283 1.644804 0.004229
v -0.087160 1.648306 0.000070
v -0.084262 1.645267 0.004625
v -0.085697 1.648733 0.000078
v -0.083192 1.645601 0.004827
v -0.084140 1.648837 0.000081
v -0.082104 1.645916 0.004969
v -0.080255 1.646284 0.005395
v -0.078930 1.641237 0.007807
v -0.077428 1.641493 0.009084
v -0.075774 1.635052 0.009075
v -0.079742 1.641137 0.007233
v -0.080490 1.640957 0.006635
v -0.076760 1.635752 0.007947
v -0.077495 1.636027 0.007014
v -0.074929 1.631217 0.007905
v -0.074674 1.630614 0.009375
v -0.074811 1.626470 0.007933
v -0.075017 1.631656 0.006696
v -0.075272 1.631783 0.005674
v -0.073485 1.626613 0.006376
v -0.073175 1.622864 0.007160
v -0.069930 1.625030 0.008063
v -0.073169 1.627775 0.005442
v -0.069146 1.626350 0.006051
v -0.072976 1.628005 0.004350
v -0.072651 1.626934 0.002286
v -0.075701 1.631696 0.004641
v -0.075891 1.631816 0.003115
v -0.078779 1.635939 0.004767
v -0.081794 1.640499 0.004965
v -0.078829 1.636133 0.003063
v -0.078164 1.636024 0.006034
v -0.081216 1.640722 0.005930
v -0.081969 1.640328 0.003702
v -0.077157 1.637471 0.002717
v -0.081067 1.640729 0.002716
v -0.074896 1.639161 0.002685
v -0.074643 1.633168 0.002217
v -0.073627 1.628447 0.000614
v -0.072228 1.634941 0.001982
v -0.073457 1.635302 -0.000479
v -0.074947 1.638956 -0.000584
v -0.077351 1.642969 -0.000891
v -0.076432 1.637512 -0.002619
v -0.078294 1.640447 -0.004111
v -0.081217 1.644599 -0.001887
v -0.079320 1.641754 0.002055
v -0.083170 1.644279 0.000770
v -0.086362 1.645229 -0.002668
v -0.084699 1.643526 0.001574
v -0.087883 1.644758 -0.001848
v -0.085628 1.643608 0.002491
v -0.089155 1.644753 -0.001126
v -0.085775 1.644205 0.003455
v -0.092236 1.643658 -0.005702
v -0.090971 1.643751 -0.006158
v -0.092948 1.641341 -0.010327
v -0.089422 1.644396 -0.006890
v -0.091325 1.642043 -0.011112
v -0.087103 1.643950 -0.007978
v -0.084426 1.644758 -0.004506
v -0.088985 1.641797 -0.011478
v -0.090134 1.638873 -0.013579
v -0.090998 1.635713 -0.014723
v -0.092484 1.638789 -0.013200
v -0.094007 1.638404 -0.012430
v -0.088883 1.635246 -0.013503
v -0.089271 1.632339 -0.014491
v -0.069714 1.623481 -0.000368
v -0.067365 1.625382 0.003708
v -0.064403 1.624095 0.006241
v -0.065793 1.622640 0.001149
v -0.064859 1.617916 -0.000932
v -0.063276 1.621797 0.004471
v -0.062601 1.621422 0.007215
v -0.062858 1.617955 0.003450
v -0.062306 1.618777 0.006993
v -0.062332 1.615837 0.007084
v -0.062654 1.619270 0.009538
v -0.062999 1.621491 0.009301
v -0.064371 1.619544 0.011756
v -0.062611 1.616077 0.009580
v -0.063965 1.612676 0.009198
v -0.063626 1.616706 0.011703
v -0.065437 1.615161 0.011854
v -0.067166 1.619401 0.012285
v -0.070183 1.619421 0.010464
v -0.067420 1.622400 0.011329
v -0.070535 1.622637 0.009321
v -0.064555 1.621861 0.011259
v -0.066763 1.624368 0.009912
v -0.065744 1.625116 0.008290
v -0.064720 1.623327 0.010374
v -0.063830 1.623356 0.009049
v -0.063430 1.622955 0.007645
v -0.074968 1.622671 0.008040
v -0.074867 1.623049 0.010627
v -0.074735 1.626377 0.010007
v -0.073702 1.625642 0.013429
v -0.073947 1.619025 0.011268
v -0.072798 1.620518 0.014218
v -0.072824 1.623543 0.017808
v -0.073101 1.624006 0.023325
v -0.074141 1.633375 0.016394
v -0.074382 1.632859 0.011796
v -0.074334 1.629969 0.010832
v -0.074307 1.627330 0.011472
v -0.073676 1.625135 0.029924
v -0.073687 1.626534 0.037084
v -0.073187 1.628379 0.044727
v -0.073737 1.636894 0.043772
v -0.071865 1.630767 0.052194
v -0.071027 1.619903 0.046134
v -0.071881 1.638034 0.051231
v -0.069643 1.633314 0.058866
v -0.069313 1.639364 0.057694
v -0.068082 1.645007 0.057331
v -0.066728 1.650217 0.057687
v -0.070780 1.645036 0.051066
v -0.069226 1.651255 0.051526
v -0.067303 1.657068 0.053795
v -0.065116 1.655261 0.059425
v -0.069179 1.659629 0.047243
v -0.064922 1.662394 0.057375
v -0.062526 1.667229 0.061535
v -0.063255 1.660037 0.062331
v -0.066740 1.665382 0.052284
v -0.067858 1.669122 0.047557
v -0.063855 1.670424 0.057211
v -0.064982 1.674131 0.053234
v -0.060915 1.674688 0.062138
v -0.061810 1.678276 0.058636
v -0.057720 1.678327 0.066687
v -0.059883 1.671409 0.065860
v -0.056905 1.674925 0.070019
v -0.058970 1.668399 0.069731
v -0.056224 1.671688 0.073517
v -0.057907 1.665577 0.073520
v -0.061278 1.664484 0.065903
v -0.059904 1.662081 0.070090
v -0.061461 1.658168 0.066926
v -0.057953 1.660093 0.073606
v -0.055343 1.658777 0.076208
v -0.059265 1.656823 0.070721
v -0.056200 1.663043 0.076716
v -0.053914 1.665605 0.079814
v -0.053668 1.661113 0.078921
v -0.051017 1.659380 0.080504
v -0.051562 1.663172 0.081629
v -0.048989 1.664930 0.084222
v -0.048964 1.661012 0.082868
v -0.046797 1.659269 0.083822
v -0.046547 1.662526 0.085124
v -0.043745 1.663884 0.087048
v -0.044481 1.660617 0.085734
v -0.041860 1.661803 0.087205
v -0.043069 1.659271 0.086012
v -0.040585 1.660259 0.087233
v -0.042209 1.658363 0.086141
v -0.045300 1.658143 0.084367
v -0.044373 1.657405 0.084705
v -0.043828 1.656781 0.084991
v -0.041740 1.657618 0.086304
v -0.043390 1.656256 0.085039
v -0.045065 1.655308 0.083650
v -0.042925 1.655896 0.084756
v -0.041389 1.656976 0.086268
v -0.039066 1.657593 0.087227
v -0.040996 1.656535 0.085870
v -0.038752 1.657068 0.086778
v -0.040559 1.656479 0.085114
v -0.038405 1.657031 0.085925
v -0.042448 1.655828 0.084142
v -0.044051 1.655023 0.083042
v -0.044532 1.655059 0.083510
v -0.045302 1.654186 0.081805
v -0.044908 1.654402 0.081134
v -0.046201 1.653415 0.080586
v -0.045788 1.654161 0.082152
v -0.035957 1.657454 0.086515
v -0.038096 1.657529 0.084792
v -0.035743 1.657997 0.085280
v -0.036197 1.657517 0.087427
v -0.033348 1.657607 0.086843
v -0.030646 1.657400 0.086879
v -0.033483 1.657716 0.087792
v -0.030696 1.657501 0.087805
v -0.033605 1.658379 0.088209
v -0.036427 1.658130 0.087864
v -0.033768 1.659239 0.088287
v -0.030701 1.658129 0.088245
v -0.027653 1.657577 0.088016
v -0.030749 1.659018 0.088407
v -0.027577 1.658454 0.088296
v -0.030957 1.660076 0.088672
v -0.027667 1.659582 0.088718
v -0.031410 1.661453 0.089055
v -0.034088 1.660204 0.088416
v -0.037081 1.659870 0.087946
v -0.034671 1.661440 0.088649
v -0.037778 1.661019 0.088071
v -0.035637 1.663168 0.088975
v -0.038895 1.662675 0.088230
v -0.037119 1.665437 0.089609
v -0.032191 1.663300 0.089580
v -0.028718 1.663104 0.090044
v -0.033465 1.665589 0.090520
v -0.034999 1.668340 0.091520
v -0.038862 1.668151 0.090212
v -0.036349 1.671429 0.091676
v -0.040341 1.671198 0.089951
v -0.037353 1.675010 0.090827
v -0.041380 1.674726 0.088689
v -0.038101 1.679018 0.089122
v -0.042048 1.678672 0.086631
v -0.038759 1.683053 0.086938
v -0.039400 1.687305 0.084484
v -0.042606 1.682571 0.084220
v -0.046417 1.681573 0.081126
v -0.043190 1.686700 0.081641
v -0.043919 1.690843 0.079070
v -0.046988 1.685492 0.078387
v -0.050704 1.683685 0.074790
v -0.047704 1.689404 0.075701
v -0.051394 1.687445 0.071978
v -0.048411 1.693198 0.072933
v -0.052049 1.691167 0.069165
v -0.049032 1.696871 0.070081
v -0.044718 1.694788 0.076375
v -0.045433 1.698539 0.073479
v -0.040843 1.695912 0.079389
v -0.041637 1.699875 0.076512
v -0.036977 1.696569 0.082025
v -0.040107 1.691627 0.081988
v -0.036237 1.692075 0.084529
v -0.032271 1.692348 0.086820
v -0.035522 1.687620 0.087000
v -0.033069 1.697056 0.084427
v -0.033904 1.701729 0.081778
v -0.029088 1.697413 0.086596
v -0.029998 1.702372 0.084100
v -0.025008 1.697645 0.088489
v -0.025939 1.702889 0.086083
v -0.020846 1.697750 0.090001
v -0.016662 1.697746 0.091109
v -0.021708 1.703237 0.087603
v -0.022656 1.708737 0.084384
v -0.017403 1.703393 0.088718
v -0.018260 1.709132 0.085532
v -0.013130 1.703483 0.089605
v -0.008796 1.703704 0.090223
v -0.012506 1.697674 0.091933
v -0.013815 1.709482 0.086490
v -0.014346 1.715214 0.082699
v -0.009258 1.709788 0.087252
v -0.009668 1.715587 0.083601
v -0.004603 1.710091 0.087860
v -0.004845 1.716022 0.084246
v 0.000148 1.710191 0.088124
v -0.004359 1.703863 0.090675
v 0.000133 1.703860 0.090873
v -0.004104 1.697604 0.092831
v 0.000145 1.697585 0.092931
v -0.008337 1.697627 0.092486
v -0.003908 1.691826 0.094648
v 0.000171 1.691783 0.094717
v -0.007968 1.691921 0.094405
v 0.000176 1.686296 0.096476
v 0.004277 1.691827 0.094632
v 0.004154 1.686356 0.096399
v 0.004427 1.697603 0.092813
v 0.008372 1.691933 0.094366
v 0.008124 1.686513 0.096173
v 0.012401 1.692074 0.093881
v 0.008696 1.697639 0.092455
v 0.009103 1.703662 0.090219
v 0.012874 1.697697 0.091869
v 0.013523 1.703665 0.089486
v 0.016999 1.697761 0.091061
v 0.016387 1.692226 0.093149
v 0.017904 1.703617 0.088596
v 0.021145 1.697767 0.089962
v 0.025266 1.697658 0.088475
v 0.020381 1.692361 0.092111
v 0.022243 1.703442 0.087434
v 0.023128 1.708902 0.084240
v 0.026494 1.703091 0.085870
v 0.030575 1.702537 0.083844
v 0.027428 1.708278 0.082634
v 0.028145 1.713217 0.078877
v 0.031519 1.707413 0.080624
v 0.032247 1.712116 0.076962
v 0.035393 1.706320 0.078286
v 0.036124 1.710730 0.074732
v 0.039105 1.705072 0.075779
v 0.034490 1.701793 0.081495
v 0.033311 1.697174 0.084317
v 0.038328 1.700857 0.078958
v 0.037357 1.696587 0.081827
v 0.042080 1.699752 0.076282
v 0.041328 1.695724 0.079166
v 0.045715 1.698454 0.073349
v 0.042652 1.703734 0.073199
v 0.043263 1.707597 0.069878
v 0.046212 1.702165 0.070268
v 0.046721 1.705861 0.067082
v 0.049685 1.700407 0.067048
v 0.050089 1.703944 0.064030
v 0.053166 1.698350 0.063527
v 0.049250 1.696822 0.069999
v 0.048674 1.693185 0.072856
v 0.052826 1.694790 0.066318
v 0.052312 1.691157 0.069121
v 0.056370 1.692355 0.062234
v 0.056610 1.696026 0.059593
v 0.055936 1.688659 0.065032
v 0.059812 1.689578 0.057672
v 0.059429 1.685682 0.060504
v 0.062886 1.682246 0.055532
v 0.058757 1.681895 0.063493
v 0.062028 1.678240 0.058612
v 0.061109 1.674641 0.062101
v 0.065344 1.674113 0.053276
v 0.064055 1.670376 0.057183
v 0.062725 1.667188 0.061503
v 0.061481 1.664446 0.065867
v 0.063455 1.660011 0.062288
v 0.060176 1.662041 0.070095
v 0.061710 1.658148 0.066911
v 0.058253 1.660119 0.073646
v 0.059515 1.656862 0.070733
v 0.055603 1.658835 0.076230
v 0.056513 1.663025 0.076748
v 0.053944 1.661172 0.078939
v 0.051241 1.659538 0.080519
v 0.051800 1.663247 0.081626
v 0.049184 1.661196 0.082914
v 0.049186 1.665026 0.084206
v 0.046157 1.666502 0.086573
v 0.046751 1.662735 0.085164
v 0.044701 1.660907 0.085862
v 0.043955 1.664104 0.087087
v 0.042104 1.662128 0.087315
v 0.040791 1.665115 0.088549
v 0.039146 1.663008 0.088333
v 0.037337 1.665657 0.089663
v 0.042754 1.667610 0.088581
v 0.039057 1.668256 0.090206
v 0.035896 1.663488 0.089075
v 0.033692 1.665795 0.090579
v 0.034935 1.661731 0.088771
v 0.038024 1.661325 0.088210
v 0.034318 1.660364 0.088539
v 0.033960 1.659269 0.088335
v 0.037278 1.660034 0.088080
v 0.036818 1.658980 0.087985
v 0.039978 1.659409 0.087369
v 0.040824 1.660573 0.087397
v 0.042357 1.658601 0.086328
v 0.039469 1.658441 0.087385
v 0.041820 1.657788 0.086456
v 0.039107 1.657620 0.087263
v 0.038751 1.657085 0.086773
v 0.041409 1.657082 0.086403
v 0.036536 1.658083 0.087844
v 0.033790 1.658323 0.088177
v 0.036297 1.657466 0.087357
v 0.036074 1.657386 0.086497
v 0.033685 1.657635 0.087705
v 0.033559 1.657498 0.086818
v 0.030984 1.657429 0.087724
v 0.030943 1.657294 0.086852
v 0.028187 1.656952 0.087544
v 0.030965 1.658122 0.088214
v 0.031007 1.659127 0.088441
v 0.028060 1.657603 0.088008
v 0.028239 1.656776 0.086776
v 0.025332 1.656223 0.087197
v 0.025481 1.655955 0.086552
v 0.022743 1.654727 0.086241
v 0.025457 1.656043 0.085593
v 0.025143 1.656467 0.084151
v 0.028096 1.657129 0.085670
v 0.022885 1.654591 0.085435
v 0.022843 1.654670 0.084202
v 0.020734 1.653009 0.085558
v 0.020916 1.652957 0.084496
v 0.019412 1.651568 0.085971
v 0.020523 1.653168 0.086283
v 0.019745 1.651578 0.085012
v 0.019234 1.650508 0.085440
v 0.020501 1.651654 0.084128
v 0.021342 1.652871 0.083174
v 0.021250 1.651453 0.083436
v 0.020065 1.650843 0.084768
v 0.020771 1.651017 0.084276
v 0.020297 1.650376 0.085006
v 0.021050 1.650728 0.084342
v 0.021044 1.650155 0.084885
v 0.021391 1.650461 0.084362
v 0.022080 1.650467 0.083644
v 0.021760 1.650935 0.083320
v 0.022634 1.651101 0.081780
v 0.024068 1.651168 0.080147
v 0.022080 1.652325 0.081575
v 0.023034 1.654271 0.080644
v 0.023669 1.652472 0.079629
v 0.023729 1.653760 0.079447
v 0.025505 1.652855 0.078225
v 0.026064 1.651192 0.078733
v 0.027706 1.653471 0.076976
v 0.025070 1.654595 0.078544
v 0.024649 1.656059 0.079915
v 0.027191 1.655713 0.077529
v 0.026938 1.657636 0.079292
v 0.029715 1.656723 0.076695
v 0.029618 1.658821 0.078782
v 0.032416 1.657364 0.076212
v 0.030158 1.654149 0.075937
v 0.030833 1.651652 0.076497
v 0.032725 1.654671 0.075308
v 0.035223 1.654927 0.075199
v 0.033307 1.652018 0.075895
v 0.035663 1.652362 0.075713
v 0.034022 1.649897 0.077564
v 0.034626 1.648661 0.079775
v 0.031578 1.649638 0.078152
v 0.036303 1.650317 0.077240
v 0.038332 1.650797 0.077123
v 0.036908 1.649132 0.079277
v 0.037341 1.648724 0.081154
v 0.038939 1.649747 0.078872
v 0.035007 1.648294 0.081778
v 0.040054 1.651282 0.077119
v 0.037784 1.652622 0.075855
v 0.037481 1.654913 0.075475
v 0.039621 1.652794 0.076146
v 0.039439 1.654715 0.075894
v 0.041297 1.652842 0.076523
v 0.041247 1.654381 0.076384
v 0.041328 1.655957 0.076961
v 0.043121 1.653858 0.076922
v 0.044711 1.653287 0.077354
v 0.043499 1.655169 0.077554
v 0.042744 1.656371 0.078354
v 0.044268 1.655390 0.078818
v 0.044862 1.654058 0.077725
v 0.044760 1.654674 0.078212
v 0.045531 1.654184 0.079025
v 0.045839 1.653467 0.078251
v 0.045951 1.653791 0.079812
v 0.044822 1.655035 0.080052
v 0.043628 1.655955 0.081162
v 0.045101 1.654609 0.081095
v 0.043807 1.655431 0.082389
v 0.045402 1.654423 0.081805
v 0.044109 1.655231 0.083209
v 0.046294 1.653605 0.080378
v 0.046792 1.652971 0.079291
v 0.046989 1.652592 0.078639
v 0.046395 1.653125 0.078844
v 0.046535 1.652677 0.078255
v 0.045850 1.652882 0.077776
v 0.044546 1.655325 0.083696
v 0.042479 1.655951 0.084346
v 0.042931 1.656051 0.084958
v 0.040561 1.656556 0.085238
v 0.042152 1.656218 0.083432
v 0.041999 1.656882 0.082101
v 0.040250 1.656960 0.084219
v 0.040096 1.657794 0.082795
v 0.038178 1.657616 0.084848
v 0.038028 1.658616 0.083319
v 0.038421 1.657060 0.085944
v 0.035884 1.658014 0.085329
v 0.035711 1.659155 0.083679
v 0.033378 1.658111 0.085576
v 0.033117 1.659290 0.083834
v 0.030758 1.657823 0.085635
v 0.030373 1.658891 0.083922
v 0.029885 1.659617 0.081511
v 0.027669 1.657922 0.084061
v 0.027112 1.658466 0.081793
v 0.024670 1.656769 0.082110
v 0.022736 1.654707 0.082494
v 0.032763 1.660094 0.081345
v 0.032455 1.659427 0.078475
v 0.035467 1.659960 0.081264
v 0.035187 1.659423 0.078425
v 0.037840 1.659346 0.081089
v 0.039923 1.658440 0.080752
v 0.037593 1.658901 0.078469
v 0.039658 1.658076 0.078428
v 0.037436 1.657207 0.076367
v 0.035061 1.657507 0.076144
v 0.039468 1.656643 0.076640
v 0.041441 1.657142 0.078326
v 0.041766 1.657410 0.080254
v 0.043265 1.656379 0.079594
v 0.040977 1.656612 0.085986
v 0.043412 1.656450 0.085252
v 0.043877 1.657028 0.085194
v 0.044467 1.657677 0.084907
v 0.045461 1.658421 0.084561
v 0.047413 1.657194 0.082619
v 0.043277 1.659560 0.086208
v 0.046997 1.659534 0.083943
v 0.049015 1.658106 0.081777
v 0.050694 1.656613 0.079632
v 0.052902 1.657720 0.078146
v 0.052009 1.655028 0.077705
v 0.054239 1.655702 0.075990
v 0.056887 1.656217 0.073708
v 0.055252 1.653493 0.074234
v 0.057889 1.653329 0.071656
v 0.060527 1.653310 0.068369
v 0.058590 1.650340 0.070401
v 0.062992 1.654007 0.064368
v 0.044572 1.652619 0.077275
v 0.032177 1.648437 0.080367
v 0.029077 1.649615 0.078998
v 0.028375 1.651336 0.077489
v 0.045118 1.694597 0.076202
v 0.044304 1.690709 0.078920
v 0.040397 1.691668 0.081843
v 0.036271 1.692363 0.084458
v 0.032284 1.692509 0.086819
v 0.031569 1.687833 0.089285
v 0.028333 1.692487 0.088929
v 0.027654 1.687654 0.091284
v 0.024371 1.692443 0.090713
v 0.029318 1.697467 0.086553
v 0.023750 1.687441 0.092936
v 0.019839 1.687213 0.094217
v 0.015936 1.686966 0.095145
v 0.012046 1.686725 0.095774
v 0.011742 1.681607 0.097326
v 0.007913 1.681324 0.097716
v 0.007649 1.676385 0.098733
v 0.004045 1.681110 0.097966
v 0.027079 1.682951 0.093314
v 0.053451 1.701871 0.060731
v 0.053784 1.705399 0.057848
v 0.050606 1.707564 0.060924
v 0.053920 1.709406 0.054772
v 0.052445 1.715429 0.051673
v 0.051302 1.711154 0.057305
v 0.048536 1.713209 0.059447
v 0.047270 1.709648 0.063763
v 0.045031 1.715802 0.061846
v 0.046894 1.721423 0.053900
v 0.041149 1.718019 0.064378
v 0.043967 1.711495 0.066367
v 0.040583 1.713299 0.068745
v 0.036826 1.715103 0.071008
v 0.039791 1.709196 0.072338
v 0.032835 1.716778 0.073091
v 0.037843 1.719632 0.066421
v 0.039253 1.725520 0.058786
v 0.034388 1.721453 0.067940
v 0.030085 1.723177 0.069731
v 0.030686 1.730443 0.061451
v 0.028788 1.718007 0.074861
v 0.025948 1.724467 0.071063
v 0.020897 1.725992 0.072218
v 0.024462 1.719095 0.076322
v 0.023813 1.714065 0.080439
v 0.020030 1.720296 0.077299
v 0.019363 1.714788 0.081643
v 0.015124 1.720889 0.078411
v 0.014717 1.715250 0.082700
v 0.010368 1.720970 0.079534
v 0.015264 1.726681 0.073647
v 0.011577 1.735967 0.065375
v 0.010778 1.725495 0.075828
v 0.006411 1.727693 0.074882
v 0.000146 1.728317 0.074858
v 0.005536 1.721722 0.079941
v 0.000151 1.721909 0.080214
v 0.005147 1.716012 0.084252
v 0.004900 1.710055 0.087866
v 0.000146 1.716194 0.084553
v 0.009989 1.715582 0.083606
v 0.009579 1.709827 0.087268
v 0.014178 1.709595 0.086448
v 0.018698 1.709317 0.085465
v 0.004622 1.703686 0.090724
v -0.005201 1.721722 0.079972
v -0.010071 1.720968 0.079577
v -0.006114 1.727677 0.074853
v -0.011190 1.735989 0.065337
v -0.010485 1.725525 0.075811
v -0.014958 1.726720 0.073633
v -0.020614 1.726054 0.072236
v -0.014813 1.720834 0.078512
v -0.019705 1.720142 0.077539
v -0.018972 1.714684 0.081718
v -0.024130 1.719176 0.076476
v -0.023427 1.714013 0.080550
v -0.028501 1.718116 0.074947
v -0.025656 1.724552 0.071110
v -0.030348 1.730541 0.061446
v -0.029780 1.723279 0.069751
v -0.034121 1.721560 0.067935
v -0.038977 1.725667 0.058792
v -0.032584 1.716827 0.073138
v -0.037589 1.719752 0.066400
v -0.040902 1.718150 0.064345
v -0.036561 1.715139 0.071028
v -0.035725 1.710762 0.074926
v -0.040324 1.713369 0.068733
v -0.043714 1.711573 0.066334
v -0.039440 1.709267 0.072475
v -0.038611 1.705101 0.076012
v -0.043034 1.707728 0.069924
v -0.046515 1.705961 0.067075
v -0.042346 1.703780 0.073339
v -0.046002 1.702232 0.070371
v -0.049512 1.700453 0.067102
v -0.052985 1.698377 0.063587
v -0.049900 1.704013 0.064031
v -0.053246 1.701913 0.060728
v -0.050354 1.707606 0.060866
v -0.053564 1.705443 0.057801
v -0.051049 1.711219 0.057246
v -0.047032 1.709714 0.063718
v -0.048280 1.713301 0.059393
v -0.052193 1.715546 0.051632
v -0.044786 1.715925 0.061803
v -0.046664 1.721596 0.053905
v -0.049886 1.726362 0.043330
v -0.055916 1.719290 0.041582
v -0.054136 1.729288 0.030345
v -0.042125 1.732794 0.045558
v -0.033149 1.738343 0.047815
v -0.045665 1.737383 0.031417
v -0.050570 1.741204 0.014892
v -0.036353 1.745141 0.033078
v -0.024752 1.749719 0.033972
v -0.039715 1.749639 0.015201
v -0.043307 1.751629 -0.004596
v -0.027195 1.755919 0.015764
v -0.029544 1.758658 -0.005218
v -0.013746 1.759753 0.016317
v -0.014614 1.762636 -0.005379
v 0.000325 1.761176 0.016558
v -0.012920 1.754311 0.035398
v -0.011931 1.746036 0.051256
v 0.000216 1.755626 0.035815
v 0.000202 1.747228 0.051820
v 0.013472 1.754269 0.035355
v 0.012363 1.745985 0.051273
v 0.025765 1.750540 0.034329
v 0.014547 1.759679 0.016289
v 0.015741 1.762484 -0.005370
v 0.027982 1.755741 0.015759
v 0.030338 1.758523 -0.005182
v 0.040312 1.749480 0.015275
v 0.043953 1.751528 -0.004485
v 0.051092 1.741050 0.014998
v 0.036901 1.744942 0.033112
v 0.033564 1.738195 0.047800
v 0.046780 1.737886 0.031829
v 0.054553 1.729087 0.030421
v 0.042517 1.732624 0.045579
v 0.050228 1.726192 0.043373
v 0.056236 1.719143 0.041640
v 0.061093 1.720345 0.029840
v 0.066737 1.720209 0.015777
v 0.070921 1.718817 0.000008
v 0.071512 1.709182 0.017152
v 0.059932 1.731055 0.015101
v 0.064355 1.730750 -0.001736
v 0.066779 1.728818 -0.018750
v 0.055412 1.741951 -0.003293
v 0.058012 1.740175 -0.021980
v 0.058880 1.734252 -0.038798
v 0.046344 1.749711 -0.025275
v 0.031977 1.756552 -0.027667
v 0.047438 1.741946 -0.044632
v 0.033070 1.747660 -0.049260
v 0.017140 1.751298 -0.052054
v 0.000400 1.752507 -0.052889
v 0.016322 1.760433 -0.028922
v 0.000306 1.761829 -0.029368
v 0.000662 1.763952 -0.005376
v -0.015750 1.760435 -0.029000
v -0.031428 1.756534 -0.027827
v -0.016388 1.751378 -0.052102
v -0.032388 1.747677 -0.049381
v -0.046761 1.741993 -0.044771
v -0.058247 1.734310 -0.038955
v -0.045752 1.749709 -0.025424
v -0.057436 1.740189 -0.022125
v -0.066195 1.728899 -0.018869
v -0.054851 1.742073 -0.003425
v -0.063778 1.730836 -0.001838
v -0.070349 1.718915 -0.000066
v -0.058767 1.730731 0.014806
v -0.065672 1.720066 0.015554
v -0.070595 1.709125 0.016993
v -0.060691 1.720491 0.029764
v -0.065879 1.709504 0.030888
v -0.059976 1.711239 0.042302
v -0.067834 1.701500 0.032685
v -0.065269 1.703036 0.037905
v -0.070308 1.700342 0.026626
v -0.073250 1.698543 0.018909
v -0.071326 1.693771 0.027107
v -0.071500 1.687863 0.028846
v -0.068549 1.695633 0.034169
v -0.068767 1.690255 0.035851
v -0.065584 1.697651 0.040286
v -0.062673 1.699560 0.045829
v -0.065896 1.692738 0.042108
v -0.066002 1.687788 0.044290
v -0.062962 1.695205 0.047796
v -0.059836 1.697467 0.052734
v -0.063060 1.690843 0.050091
v -0.059848 1.693523 0.055109
v -0.062954 1.686501 0.052687
v -0.065974 1.682964 0.046820
v -0.062513 1.682238 0.055479
v -0.059816 1.689649 0.057810
v -0.056533 1.692497 0.062507
v -0.059191 1.685703 0.060518
v -0.058520 1.681925 0.063514
v -0.055694 1.688676 0.065069
v -0.055040 1.684971 0.067948
v -0.054306 1.681315 0.070903
v -0.053615 1.677762 0.073968
v -0.050104 1.679967 0.077683
v -0.053089 1.674334 0.077185
v -0.049636 1.676377 0.080646
v -0.052422 1.670925 0.080316
v -0.055406 1.668546 0.076970
v -0.051103 1.667710 0.082776
v -0.049030 1.672731 0.083438
v -0.045308 1.673986 0.086232
v -0.047846 1.669347 0.085506
v -0.044214 1.670513 0.087899
v -0.045968 1.666402 0.086580
v -0.042563 1.667510 0.088583
v -0.040575 1.664890 0.088501
v -0.045929 1.677814 0.083807
v -0.056413 1.696038 0.059632
v -0.052971 1.694961 0.066622
v -0.056532 1.699740 0.057058
v -0.056586 1.703411 0.054491
v -0.059649 1.701445 0.050520
v -0.056570 1.707503 0.051568
v -0.059536 1.705746 0.047764
v -0.056357 1.711933 0.048207
v -0.053693 1.709469 0.054718
v -0.062175 1.704449 0.043629
v -0.065805 1.678376 0.049799
v -0.068506 1.673931 0.043613
v -0.068694 1.679299 0.040358
v -0.068908 1.684754 0.037858
v -0.071234 1.675308 0.033357
v -0.071543 1.681568 0.030773
v -0.074790 1.705277 0.002697
v -0.076874 1.703990 -0.014053
v -0.072557 1.716766 -0.016261
v -0.076530 1.701208 -0.029687
v -0.072418 1.714034 -0.031420
v -0.066506 1.725144 -0.034007
v -0.069161 1.712029 -0.044989
v -0.065547 1.721135 -0.044002
v -0.059081 1.725029 -0.051117
v 0.000285 1.737450 -0.072528
v 0.059803 1.724950 -0.050959
v 0.067134 1.725105 -0.033856
v 0.066227 1.721079 -0.043833
v 0.073072 1.713961 -0.031300
v 0.069857 1.711952 -0.044828
v 0.073183 1.716647 -0.016169
v 0.073805 1.698499 0.018996
v 0.070793 1.700350 0.026727
v 0.023545 1.742814 0.049854
v 0.022111 1.734599 0.062517
v 0.000184 1.737954 0.064846
v -0.023123 1.742912 0.049824
v -0.021750 1.734687 0.062507
v -0.034836 1.706297 0.078557
v -0.037765 1.700912 0.079220
v -0.030984 1.707317 0.080887
v -0.031834 1.712091 0.077157
v -0.026934 1.708132 0.082842
v -0.027755 1.713181 0.079081
v 0.056610 1.711829 0.048257
v -0.028039 1.661102 0.089291
v -0.024679 1.660431 0.089327
v -0.024467 1.658770 0.088604
v -0.024483 1.657614 0.088024
v -0.024634 1.656792 0.087607
v -0.021843 1.655542 0.087204
v -0.024840 1.656251 0.087122
v -0.025002 1.656014 0.086425
v -0.022100 1.655036 0.086722
v -0.027772 1.657007 0.087547
v -0.027822 1.656876 0.086726
v -0.022343 1.654732 0.086122
v -0.020265 1.653134 0.086226
v -0.022520 1.654628 0.085275
v -0.020495 1.653000 0.085454
v -0.022531 1.654747 0.084038
v -0.025013 1.656094 0.085450
v -0.020726 1.652987 0.084343
v -0.022500 1.654815 0.082344
v -0.036677 1.658956 0.087926
v -0.039797 1.659201 0.087214
v -0.039364 1.658348 0.087292
v -0.048855 1.657848 0.081757
v -0.052717 1.657623 0.078157
v -0.054058 1.655672 0.075993
v -0.056647 1.656183 0.073693
v -0.055024 1.653504 0.074242
v -0.057644 1.653333 0.071660
v -0.060313 1.653312 0.068402
v -0.062785 1.654014 0.064407
v -0.063983 1.649736 0.062972
v -0.091570 1.626983 -0.018690
v -0.091253 1.623523 -0.018285
v -0.090164 1.619528 -0.017382
v -0.093477 1.623181 -0.017670
v -0.092422 1.619089 -0.016961
v -0.090610 1.616444 -0.016401
v -0.088453 1.616354 -0.016178
v -0.087173 1.612647 -0.014574
v -0.085230 1.608414 -0.012631
v -0.085197 1.613426 -0.013058
v -0.083206 1.609402 -0.011488
v -0.081295 1.610422 -0.010358
v -0.078641 1.606829 -0.008967
v -0.076062 1.607926 -0.008336
v -0.073551 1.605127 -0.005725
v -0.068511 1.608086 -0.004652
v -0.065685 1.606497 -0.007155
v -0.063639 1.603711 -0.003414
v -0.039426 1.682215 -0.087916
v 0.047437 1.652273 0.078630
v 0.044581 1.651456 0.079568
v 0.016644 1.654160 0.088064
v 0.015614 1.656188 0.088887
v 0.018993 1.655998 0.088141
v -0.021236 1.650393 0.084346
v -0.021924 1.650421 0.083596
v -0.024895 1.654690 0.078501
v -0.044191 1.651415 0.079714
v -0.043330 1.651106 0.081166
v -0.042056 1.650724 0.082812
v -0.039978 1.650114 0.083746
v -0.011313 1.645098 0.092141
v -0.009062 1.645994 0.094256
v -0.011401 1.641687 0.094100
v -0.009320 1.642390 0.096302
v -0.011796 1.638180 0.096371
v -0.009789 1.638910 0.098645
v -0.013951 1.637594 0.094135
v -0.007810 1.639731 0.100825
v -0.007347 1.643109 0.098440
v -0.008117 1.636707 0.103049
v -0.016521 1.633584 0.094280
v -0.018850 1.632684 0.092584
v -0.021330 1.631592 0.091384
v -0.020765 1.628215 0.092858
v -0.023878 1.630553 0.090484
v -0.030326 1.632531 0.087317
v -0.067417 1.593637 0.012981
v -0.071688 1.605558 0.010861
v -0.073496 1.605298 0.009554
v -0.074932 1.600402 0.010099
v -0.075341 1.605365 0.008366
v -0.076413 1.601376 0.008536
v -0.077737 1.598347 0.009143
v -0.079668 1.598015 0.007867
v -0.079200 1.594525 0.008519
v -0.081272 1.594870 0.005337
v -0.081211 1.617680 -0.007475
v -0.077825 1.616205 -0.008161
v -0.078667 1.618561 -0.008688
v -0.073596 1.619519 -0.008560
v -0.075402 1.622060 -0.009690
v -0.079271 1.620518 -0.008430
v -0.079197 1.622246 -0.008152
v -0.076631 1.625527 -0.008767
v -0.072162 1.625587 -0.008620
v -0.078139 1.623844 -0.008306
v -0.079979 1.624507 -0.007117
v -0.081336 1.622358 -0.007264
v -0.078373 1.626628 -0.007054
v -0.081833 1.625063 -0.006316
v -0.079958 1.627497 -0.005738
v -0.076734 1.628605 -0.006762
v -0.075029 1.627679 -0.008830
v -0.073481 1.629074 -0.008218
v -0.081578 1.620058 -0.007434
v -0.086864 1.628922 -0.007609
v -0.067507 1.614117 -0.024981
v -0.070158 1.619085 -0.020219
v -0.068390 1.618279 -0.026045
v -0.070855 1.623023 -0.021420
v -0.072185 1.620029 -0.013899
v -0.073320 1.623567 -0.013936
v 0.054295 1.619665 0.080544
v 0.060381 1.617729 0.073845
v 0.057155 1.613944 0.076546
v 0.053537 1.610170 0.078932
v 0.059176 1.607472 0.071227
v 0.055583 1.603899 0.074228
v 0.051915 1.600743 0.076905
v 0.053188 1.593856 0.072831
v 0.048328 1.597968 0.079380
v 0.049825 1.606709 0.080892
v 0.047317 1.612088 0.084131
v 0.046308 1.603610 0.082735
v 0.043923 1.608648 0.085486
v 0.042831 1.600626 0.084538
v 0.040666 1.605379 0.086813
v 0.044837 1.595291 0.081857
v 0.039462 1.597809 0.086293
v 0.041331 1.592738 0.084155
v 0.036678 1.595487 0.087871
v 0.037411 1.602166 0.088155
v 0.038399 1.590688 0.086210
v 0.034294 1.593285 0.089556
v 0.032386 1.591089 0.091450
v 0.035919 1.588874 0.088370
v 0.036857 1.583913 0.087420
v 0.033827 1.587161 0.090390
v 0.034550 1.582862 0.089555
v 0.031905 1.585440 0.092098
v 0.032340 1.581927 0.091247
v 0.029919 1.583861 0.093288
v 0.030724 1.588802 0.093208
v 0.029150 1.586778 0.094475
v 0.027937 1.585320 0.094847
v 0.026853 1.587944 0.096273
v 0.028409 1.582718 0.093720
v 0.026945 1.584095 0.094901
v 0.027356 1.581951 0.093844
v 0.026039 1.583065 0.094807
v 0.026056 1.586588 0.096467
v 0.024440 1.588822 0.097995
v 0.025278 1.585363 0.096499
v 0.024601 1.584306 0.096417
v 0.023852 1.587303 0.098277
v 0.022031 1.589115 0.099989
v 0.019873 1.590808 0.101468
v 0.025387 1.582515 0.094504
v 0.025642 1.581234 0.093424
v 0.024895 1.582319 0.094290
v 0.024880 1.581352 0.093479
v 0.024150 1.582221 0.094372
v 0.023104 1.582043 0.094316
v 0.024347 1.581546 0.093623
v 0.024129 1.581033 0.093510
v 0.023433 1.581655 0.093667
v 0.023381 1.581337 0.093469
v 0.022615 1.581554 0.093490
v 0.022656 1.581391 0.093296
v 0.021935 1.581279 0.093130
v 0.022240 1.581751 0.094015
v 0.022023 1.581220 0.092987
v 0.021831 1.581188 0.093103
v 0.021629 1.580909 0.092550
v 0.021488 1.580931 0.092642
v 0.026616 1.581320 0.083726
v 0.027790 1.582376 0.079537
v 0.026405 1.580490 0.083735
v 0.027555 1.581037 0.079439
v 0.026017 1.579878 0.084139
v 0.021025 1.581000 0.092954
v 0.025551 1.579766 0.084918
v 0.027259 1.579994 0.079675
v 0.027956 1.581103 0.075203
v 0.027023 1.579698 0.079944
v 0.028136 1.582383 0.075167
v 0.028331 1.584086 0.075401
v 0.028446 1.585629 0.075784
v 0.028295 1.587941 0.071777
v 0.028398 1.588774 0.072829
v 0.020323 1.581103 0.093424
v 0.024909 1.579803 0.086015
v 0.019376 1.581236 0.094033
v 0.023967 1.579572 0.087306
v 0.018152 1.581398 0.094770
v 0.022785 1.579271 0.088685
v 0.016716 1.581575 0.095570
v 0.016265 1.581449 0.097045
v 0.015077 1.581759 0.096397
v 0.014503 1.581560 0.098070
v 0.014407 1.580578 0.099565
v 0.012332 1.581658 0.099110
v 0.012182 1.580577 0.100747
v 0.012412 1.578963 0.101937
v 0.009515 1.580701 0.101848
v 0.009700 1.578963 0.103118
v 0.010056 1.576940 0.103738
v 0.012840 1.577088 0.102479
v 0.015140 1.577381 0.101150
v 0.015457 1.575668 0.100987
v 0.014672 1.579086 0.100644
v 0.016938 1.577814 0.099752
v 0.017350 1.576256 0.099776
v 0.016506 1.579321 0.099242
v 0.018662 1.578325 0.098415
v 0.018208 1.579632 0.097939
v 0.020265 1.578981 0.097012
v 0.019176 1.577010 0.098422
v 0.020768 1.577734 0.097105
v 0.019578 1.575624 0.098054
v 0.021315 1.576533 0.096770
v 0.020024 1.574067 0.097475
v 0.017598 1.574730 0.099235
v 0.021925 1.575160 0.096342
v 0.020611 1.572557 0.096832
v 0.022646 1.573854 0.095662
v 0.024437 1.575436 0.094558
v 0.023522 1.572451 0.094854
v 0.025413 1.574306 0.093793
v 0.026708 1.573058 0.092895
v 0.026935 1.576401 0.093012
v 0.028337 1.575644 0.092165
v 0.027985 1.578576 0.092742
v 0.025812 1.577221 0.093685
v 0.026749 1.578884 0.093213
v 0.024890 1.578090 0.094308
v 0.023657 1.576601 0.095128
v 0.024060 1.579041 0.094551
v 0.025659 1.579303 0.093498
v 0.024735 1.579712 0.093735
v 0.026334 1.580315 0.093314
v 0.025409 1.580442 0.093410
v 0.026498 1.581463 0.093711
v 0.027349 1.580367 0.093225
v 0.028538 1.580665 0.092969
v 0.030112 1.581143 0.092429
v 0.029506 1.578392 0.092009
v 0.031835 1.578261 0.090805
v 0.030512 1.574668 0.090741
v 0.034222 1.578366 0.089140
v 0.036790 1.578611 0.087056
v 0.032871 1.573889 0.089007
v 0.035478 1.573305 0.086810
v 0.039777 1.579182 0.084311
v 0.039544 1.585256 0.085013
v 0.042918 1.580188 0.081020
v 0.042502 1.586907 0.082329
v 0.046040 1.588998 0.079311
v 0.049604 1.591306 0.076133
v 0.028645 1.571370 0.091298
v 0.024609 1.580685 0.093506
v 0.024011 1.580146 0.093798
v 0.023660 1.580677 0.093739
v 0.023381 1.579817 0.094435
v 0.022339 1.578930 0.095609
v 0.022895 1.580333 0.094417
v 0.022301 1.580819 0.094303
v 0.021741 1.579737 0.095593
v 0.021196 1.580448 0.095353
v 0.019790 1.580023 0.096624
v 0.020744 1.580942 0.094881
v 0.019431 1.580777 0.095974
v 0.020418 1.581166 0.094215
v 0.021758 1.581115 0.093988
v 0.021291 1.581170 0.093525
v 0.022396 1.581260 0.093444
v 0.023024 1.581089 0.093664
v 0.019258 1.581195 0.095079
v 0.017866 1.581261 0.096034
v 0.017912 1.580646 0.097136
v 0.016233 1.580625 0.098355
v 0.022976 1.577824 0.095531
v 0.041220 1.613164 0.087447
v 0.044294 1.617007 0.086330
v 0.047411 1.621061 0.084998
v 0.040732 1.621602 0.087484
v 0.050842 1.615814 0.082555
v 0.007298 1.650359 0.094763
v 0.007254 1.646840 0.096355
v 0.005100 1.650945 0.096578
v 0.005139 1.647462 0.098183
v 0.005462 1.643807 0.100253
v 0.005892 1.640517 0.102687
v -0.015700 1.604564 0.097673
v -0.019393 1.606837 0.094706
v -0.021452 1.605403 0.094487
v -0.021743 1.610996 0.093153
v -0.023588 1.614308 0.092734
v -0.023801 1.608925 0.092870
v -0.025511 1.612289 0.092448
v -0.025779 1.606865 0.092478
v -0.023590 1.603434 0.094083
v -0.027993 1.604051 0.092028
v -0.027804 1.609978 0.091973
v -0.025955 1.600790 0.093665
v -0.030157 1.600697 0.091374
v -0.028278 1.597797 0.093086
v -0.032220 1.597076 0.090594
v -0.030403 1.594585 0.092356
v -0.034117 1.593170 0.089535
v -0.036518 1.595363 0.087827
v -0.035711 1.588630 0.088339
v -0.036611 1.583631 0.087511
v -0.026911 1.594905 0.095157
v -0.024528 1.597706 0.095880
v -0.023485 1.594714 0.097818
v -0.021972 1.600113 0.096500
v -0.019214 1.602375 0.097150
v -0.020937 1.597077 0.098772
v -0.022750 1.592691 0.098808
v -0.027215 1.615692 0.092009
v -0.025019 1.617484 0.092539
v -0.021704 1.616639 0.093329
v -0.038323 1.572848 0.083805
v -0.025811 1.553337 0.087723
v -0.023489 1.557179 0.091051
v -0.020777 1.555251 0.092894
v 0.004501 1.557772 0.102080
v 0.007779 1.561987 0.100570
v 0.007094 1.565661 0.099818
v 0.011473 1.562010 0.099142
v 0.010546 1.565608 0.099015
v 0.015046 1.562470 0.097631
v 0.013997 1.565876 0.098108
v 0.018165 1.563264 0.096182
v 0.019508 1.559561 0.094889
v 0.010174 1.567953 0.099311
v 0.006865 1.568042 0.099705
v 0.010024 1.569773 0.100035
v 0.023847 1.557423 0.090939
v 0.026198 1.553601 0.087598
v 0.032288 1.554916 0.081296
v 0.035529 1.553213 0.075540
v -0.016621 1.573424 0.083471
v -0.026073 1.583536 0.094978
v -0.027069 1.582001 0.093752
v -0.028263 1.582713 0.093717
v -0.026970 1.580273 0.093219
v -0.028341 1.580599 0.092944
v -0.026495 1.578843 0.093197
v -0.027817 1.578585 0.092727
v -0.028079 1.575537 0.092186
vn -0.0253 0.0717 0.9971
vn 0.0252 0.0881 0.9958
vn 0.0539 0.3059 0.9505
vn -0.0338 0.4133 0.9100
vn -0.0380 0.2945 0.9549
vn -0.0266 0.1404 0.9897
vn 0.0638 0.0262 0.9976
vn -0.0022 -0.1794 0.9838
vn -0.0648 -0.0163 0.9978
vn -0.2084 0.2861 0.9353
vn -0.2469 0.2444 0.9377
vn -0.3346 0.1868 0.9237
vn -0.1629 0.1086 0.9806
vn -0.4240 0.2827 0.8604
vn 0.0012 -0.1490 0.9888
vn -0.4623 0.3556 0.8123
vn -0.4141 0.2817 0.8656
vn -0.4880 0.4743 0.7327
vn -0.2277 0.0994 0.9687
vn -0.4720 0.2757 0.8374
vn -0.5817 0.3620 0.7285
vn -0.4804 0.5182 0.7076
vn -0.4620 0.5143 0.7226
vn -0.5057 0.3876 0.7708
vn -0.5622 0.2457 0.7897
vn -0.4210 0.4836 0.7674
vn -0.5008 0.4065 0.7642
vn -0.4441 0.4287 0.7868
vn -0.5218 0.3266 0.7881
vn -0.4900 0.3201 0.8108
vn -0.5398 0.2789 0.7942
vn -0.5612 0.2515 0.7886
vn -0.5868 0.2037 0.7837
vn -0.5440 0.3327 0.7703
vn -0.4794 0.2664 0.8362
vn -0.5572 0.2379 0.7956
vn -0.6132 0.1460 0.7763
vn -0.5692 0.1506 0.8083
vn -0.6097 0.0984 0.7865
vn -0.6416 0.0212 0.7668
vn -0.5049 -0.0332 0.8625
vn -0.5685 -0.1213 0.8137
vn -0.5883 -0.2197 0.7782
vn -0.6289 -0.1427 0.7643
vn -0.5770 -0.3369 0.7440
vn -0.5954 -0.0619 0.8010
vn -0.5583 -0.3168 0.7668
vn -0.5252 -0.4822 0.7012
vn -0.5508 -0.2117 0.8073
vn -0.5524 -0.1294 0.8235
vn -0.5779 0.0269 0.8156
vn -0.4493 -0.3584 0.8183
vn -0.3568 -0.5165 0.7784
vn -0.4982 -0.2407 0.8330
vn -0.5835 -0.1196 0.8033
vn -0.6062 0.0174 0.7951
vn -0.5931 0.1488 0.7913
vn -0.6381 0.1449 0.7562
vn -0.6552 0.0288 0.7549
vn -0.5954 0.2391 0.7670
vn -0.5225 -0.2013 0.8285
vn -0.3514 -0.3132 0.8823
vn -0.6407 -0.0818 0.7634
vn -0.6644 0.0900 0.7419
vn -0.6815 0.0087 0.7317
vn -0.6059 0.1663 0.7780
vn -0.6556 -0.0831 0.7505
vn -0.5820 -0.1579 0.7977
vn -0.4526 -0.2363 0.8598
vn -0.5984 -0.1655 0.7839
vn -0.5189 -0.1829 0.8351
vn -0.4280 -0.1911 0.8833
vn -0.5183 -0.1704 0.8380
vn -0.4795 -0.1152 0.8699
vn -0.5801 -0.1988 0.7899
vn -0.6356 -0.2293 0.7372
vn -0.6591 -0.1384 0.7392
vn -0.6790 -0.0380 0.7331
vn -0.6404 -0.2879 0.7121
vn -0.5880 -0.2308 0.7752
vn -0.5451 -0.1737 0.8202
vn -0.6326 -0.2962 0.7156
vn -0.5861 -0.2569 0.7684
vn -0.5549 -0.2051 0.8063
vn -0.5846 -0.2331 0.7771
vn -0.5415 -0.2098 0.8141
vn -0.6318 -0.2544 0.7322
vn -0.5831 -0.1860 0.7908
vn -0.5072 -0.1770 0.8434
vn -0.6385 -0.2103 0.7403
vn -0.5350 -0.1473 0.8319
vn -0.5056 -0.1969 0.8400
vn -0.4428 -0.1888 0.8765
vn -0.4560 -0.1236 0.8814
vn -0.3644 -0.1683 0.9159
vn -0.5635 -0.1345 0.8151
vn -0.4074 -0.0201 0.9130
vn -0.2826 -0.1051 0.9535
vn -0.5250 -0.0427 0.8500
vn -0.3668 0.1106 0.9237
vn -0.2387 -0.0047 0.9711
vn -0.4647 0.0242 0.8851
vn -0.6158 -0.1597 0.7715
vn -0.5276 -0.1592 0.8344
vn -0.6497 -0.1742 0.7400
vn -0.3704 -0.1736 0.9125
vn -0.3405 0.0527 0.9388
vn -0.3065 0.1989 0.9309
vn -0.1666 -0.2085 0.9637
vn -0.1675 0.0277 0.9855
vn -0.1800 0.2134 0.9603
vn -0.2175 0.1467 0.9650
vn -0.1448 0.2434 0.9591
vn 0.0009 0.2109 0.9775
vn -0.0004 0.2442 0.9697
vn 0.0036 0.0181 0.9998
vn 0.1427 0.2408 0.9600
vn 0.1809 0.2121 0.9604
vn 0.1749 0.0260 0.9843
vn 0.0953 0.0063 0.9954
vn -0.0022 0.0293 0.9996
vn -0.0916 0.0094 0.9958
vn 0.0226 -0.3868 0.9219
vn -0.0017 -0.3451 0.9386
vn -0.0197 -0.3787 0.9253
vn -0.0959 -0.1333 0.9864
vn -0.0149 -0.4517 0.8921
vn 0.0200 -0.7077 0.7062
vn 0.0090 -0.6590 0.7521
vn -0.0061 -0.6947 0.7192
vn -0.1294 -0.6100 0.7818
vn -0.1209 -0.4792 0.8694
vn -0.1554 -0.2536 0.9547
vn -0.3109 -0.5028 0.8066
vn -0.2668 -0.4370 0.8590
vn -0.2552 -0.2698 0.9285
vn -0.3459 -0.2522 0.9037
vn -0.3692 -0.3588 0.8573
vn -0.4329 -0.2390 0.8692
vn -0.4524 -0.2848 0.8451
vn -0.4346 -0.3856 0.8139
vn -0.5156 -0.2809 0.8094
vn -0.5252 -0.1905 0.8294
vn -0.5615 -0.1815 0.8073
vn -0.5109 -0.1939 0.8375
vn -0.5876 -0.0807 0.8051
vn -0.5712 -0.1362 0.8095
vn -0.5488 -0.1323 0.8254
vn -0.5488 -0.0938 0.8307
vn -0.5378 -0.1104 0.8358
vn -0.5588 -0.0569 0.8273
vn -0.5018 -0.0877 0.8605
vn -0.5211 0.0088 0.8535
vn -0.5841 0.0093 0.8116
vn -0.5094 0.1365 0.8496
vn -0.5921 0.1165 0.7974
vn -0.4994 0.3101 0.8089
vn -0.6046 0.0011 0.7965
vn -0.5997 -0.1169 0.7916
vn -0.5881 0.1776 0.7890
vn -0.5711 0.0925 0.8156
vn -0.5365 0.3220 0.7801
vn -0.5124 0.3859 0.7672
vn -0.4627 0.4866 0.7410
vn -0.5156 0.3354 0.7884
vn -0.4548 0.5249 0.7195
vn -0.4259 0.5827 0.6922
vn -0.3610 0.6720 0.6466
vn -0.4000 0.5728 0.7155
vn -0.2623 0.7531 0.6034
vn -0.4896 0.4827 0.7262
vn -0.1233 0.6878 0.7153
vn -0.3454 0.3998 0.8490
vn -0.3495 0.4007 0.8469
vn -0.3151 0.3756 0.8716
vn 0.0041 -0.0538 0.9985
vn -0.0880 0.0758 0.9932
vn -0.1087 0.1388 0.9843
vn -0.3395 0.1478 0.9289
vn -0.1407 -0.0363 0.9894
vn -0.0523 -0.3115 0.9488
vn -0.0265 -0.3501 0.9363
vn -0.0862 -0.4437 0.8920
vn -0.2430 -0.6274 0.7398
vn -0.2056 -0.6972 0.6867
vn 0.0108 -0.6079 0.7939
vn -0.1499 -0.7683 0.6223
vn 0.0873 -0.7481 0.6578
vn -0.1110 -0.8534 0.5092
vn 0.1423 -0.0460 0.9888
vn -0.2520 -0.7589 0.6004
vn -0.4093 -0.6372 0.6531
vn -0.1955 -0.8324 0.5185
vn -0.1570 -0.8888 0.4306
vn -0.1943 -0.8668 0.4592
vn -0.0096 -0.8606 0.5092
vn -0.1815 -0.8889 0.4205
vn -0.1954 -0.8905 0.4108
vn -0.1709 -0.8925 0.4175
vn 0.3153 0.0181 0.9488
vn 0.5007 0.1133 0.8582
vn 0.0912 -0.9931 0.0736
vn 0.1450 -0.9894 0.0006
vn 0.4879 0.1211 -0.8644
vn 0.1126 0.9350 0.3364
vn 0.2076 0.9650 -0.1603
vn -0.0241 0.9823 -0.1860
vn 0.8946 0.3009 -0.3304
vn 0.9186 0.2016 -0.3398
vn 0.9220 0.1233 -0.3669
vn 0.9753 0.1657 -0.1463
vn 0.9800 0.0998 -0.1722
vn 0.9631 0.2287 -0.1417
vn 0.7096 0.6305 -0.3146
vn -0.0281 0.9843 -0.1742
vn 0.8791 0.4635 -0.1115
vn 0.6283 0.6706 -0.3945
vn 0.2619 0.9649 0.0190
vn -0.0766 0.9921 -0.0996
vn 0.1539 0.9343 0.3214
vn 0.9136 0.4063 0.0152
vn 0.9893 0.1458 -0.0085
vn 0.6438 0.7012 0.3062
vn 0.4432 0.7478 0.4943
vn 0.9894 0.0763 0.1237
vn 0.9937 0.1121 -0.0006
vn 0.9895 0.0435 0.1381
vn 0.9478 0.1358 0.2884
vn 0.9642 -0.0254 0.2639
vn 0.9091 0.1574 0.3856
vn 0.9269 -0.0801 0.3666
vn 0.6824 0.5864 0.4365
vn -0.1392 0.9317 0.3354
vn 0.8008 0.4588 0.3851
vn 0.8783 0.1568 0.4518
vn 0.5808 0.7802 0.2322
vn 0.2075 0.9778 0.0281
vn 0.6455 0.7556 -0.1117
vn 0.8588 0.2549 -0.4443
vn 0.7231 0.4957 -0.4810
vn -0.1127 0.9929 -0.0384
vn -0.1025 0.9936 -0.0472
vn -0.2048 0.9471 0.2472
vn -0.2707 0.9026 0.3348
vn -0.0825 0.9903 0.1116
vn 0.0696 0.9966 -0.0448
vn -0.2189 0.8745 0.4328
vn -0.3212 0.7898 0.5225
vn -0.0739 0.9409 0.3305
vn -0.3769 0.7227 0.5794
vn -0.4064 0.6801 0.6101
vn -0.3105 0.8695 0.3842
vn -0.4805 0.4802 0.7338
vn -0.2703 0.8821 0.3857
vn -0.3833 0.6701 0.6356
vn -0.4617 0.4586 0.7593
vn -0.0453 0.9890 -0.1408
vn -0.0771 0.9934 -0.0847
vn 0.6586 0.4536 -0.6005
vn 0.6164 0.5865 -0.5255
vn 0.6540 0.7332 -0.1864
vn 0.6740 0.7238 -0.1475
vn 0.7061 0.6868 0.1723
vn 0.7156 0.6765 0.1739
vn 0.7610 0.4788 0.4377
vn 0.8056 0.4439 0.3925
vn 0.8340 0.1750 0.5233
vn 0.7708 0.1985 0.6054
vn 0.7615 -0.1518 0.6301
vn 0.8305 -0.1315 0.5413
vn 0.8833 -0.1117 0.4553
vn 0.8295 -0.3727 0.4161
vn 0.8836 -0.3164 0.3450
vn 0.7596 -0.4264 0.4911
vn 0.6895 0.2139 0.6920
vn 0.6704 -0.1744 0.7212
vn 0.6665 -0.4798 0.5705
vn 0.7821 -0.5719 0.2475
vn 0.8545 -0.4832 0.1905
vn 0.6871 -0.6568 0.3105
vn 0.5421 -0.5296 0.6525
vn 0.5624 -0.7368 0.3754
vn 0.5486 -0.1957 0.8128
vn 0.7194 -0.6940 -0.0281
vn 0.8226 -0.5660 -0.0556
vn 0.5836 -0.8120 0.0062
vn 0.4017 -0.8065 0.4338
vn 0.4141 -0.9094 0.0393
vn 0.3842 -0.5707 0.7258
vn 0.2151 -0.9746 0.0620
vn 0.2096 -0.8554 0.4737
vn 0.1996 -0.5979 0.7763
vn 0.3918 -0.2178 0.8939
vn 0.2053 -0.2322 0.9508
vn -0.0006 -0.8726 0.4884
vn -0.0002 -0.6069 0.7948
vn 0.0043 -0.2369 0.9715
vn 0.0091 0.2674 0.9635
vn 0.2389 0.2551 0.9370
vn 0.4343 0.2392 0.8684
vn -0.1962 -0.2272 0.9539
vn -0.2000 -0.5934 0.7796
vn -0.2211 0.2614 0.9396
vn 0.0097 0.7423 0.6701
vn -0.2470 0.7084 0.6611
vn 0.2647 0.7023 0.6609
vn 0.0061 0.9622 0.2724
vn -0.1992 0.9422 0.2693
vn 0.2121 0.9399 0.2677
vn 0.4674 0.6298 0.6204
vn 0.4152 0.8753 0.2479
vn 0.5999 0.5705 0.5609
vn 0.5562 0.8015 0.2196
vn 0.5827 0.2255 0.7808
vn 0.6888 0.5265 0.4983
vn 0.6461 0.7389 0.1913
vn 0.5923 0.7818 -0.1946
vn 0.5009 0.8447 -0.1888
vn 0.5943 0.5022 -0.6282
vn 0.4955 0.5690 -0.6563
vn -0.0143 0.9770 -0.2130
vn 0.0141 0.9518 -0.3064
vn -0.2421 0.8780 0.4129
vn -0.2052 0.8901 0.4069
vn -0.3350 0.6818 0.6503
vn -0.2701 0.6949 0.6664
vn -0.1774 0.6949 0.6969
vn -0.1421 0.9045 0.4021
vn 0.0197 0.9296 -0.3680
vn -0.0778 0.9099 0.4074
vn -0.0928 0.6713 0.7354
vn 0.0112 0.9185 -0.3953
vn -0.0047 0.9165 0.4001
vn 0.0002 0.9146 -0.4044
vn -0.0070 0.6645 0.7473
vn 0.0055 0.7824 -0.6228
vn 0.1775 0.7367 -0.6525
vn 0.3477 0.6610 -0.6649
vn 0.2059 0.9676 -0.1464
vn 0.3787 0.9098 -0.1701
vn 0.0065 0.9924 -0.1231
vn -0.0114 0.9167 -0.3995
vn -0.1661 0.7423 -0.6491
vn -0.1921 0.9711 -0.1416
vn -0.3311 0.6751 -0.6593
vn -0.3639 0.9176 -0.1602
vn -0.4039 0.8792 0.2526
vn -0.4558 0.6373 0.6214
vn -0.4951 0.8520 -0.1703
vn -0.5541 0.8008 0.2273
vn -0.5973 0.5726 0.5615
vn -0.6936 0.5201 0.4983
vn -0.6586 0.7261 0.1973
vn -0.6051 0.7760 -0.1776
vn -0.6885 0.2156 0.6925
vn -0.5740 0.2370 0.7838
vn -0.4191 0.2514 0.8724
vn -0.5409 -0.1878 0.8198
vn -0.3829 -0.2088 0.8999
vn -0.6635 -0.1696 0.7287
vn -0.3834 -0.5620 0.7329
vn -0.5370 -0.5213 0.6632
vn -0.5572 -0.7344 0.3876
vn -0.4007 -0.8024 0.4424
vn -0.2102 -0.8531 0.4775
vn -0.4101 -0.9109 0.0453
vn -0.2133 -0.9748 0.0650
vn -0.5780 -0.8159 0.0139
vn 0.0003 -0.9975 0.0707
vn 0.0009 -0.9252 -0.3794
vn -0.2056 -0.9021 -0.3793
vn -0.3980 -0.8347 -0.3806
vn 0.2083 -0.9006 -0.3814
vn 0.4022 -0.8312 -0.3839
vn 0.1797 -0.5432 -0.8202
vn 0.3475 -0.4913 -0.7987
vn 0.0014 -0.5623 -0.8269
vn 0.0885 -0.8063 -0.5849
vn 0.1698 -0.7990 -0.5768
vn 0.0009 -0.8111 -0.5849
vn 0.2357 -0.8025 -0.5481
vn 0.4952 -0.4156 -0.7629
vn 0.5699 -0.7263 -0.3843
vn 0.2747 -0.8284 -0.4881
vn 0.6189 -0.3264 -0.7144
vn 0.7066 -0.5986 -0.3774
vn 0.2911 -0.8602 -0.4187
vn 0.7179 -0.2312 -0.6566
vn 0.8108 -0.4616 -0.3599
vn 0.8942 -0.4416 -0.0726
vn 0.8823 -0.3321 -0.3334
vn 0.7915 -0.1391 -0.5951
vn 0.9265 -0.2220 -0.3038
vn 0.9398 -0.3316 -0.0826
vn 0.8413 -0.0638 -0.5368
vn 0.8733 -0.0091 -0.4871
vn 0.9528 -0.1289 -0.2748
vn 0.9682 -0.2330 -0.0912
vn 0.2773 -0.9208 -0.2741
vn 0.2465 -0.9507 -0.1880
vn 0.2887 -0.8938 -0.3433
vn 0.8948 0.0311 -0.4454
vn 0.9672 -0.0496 -0.2492
vn 0.1987 -0.9759 -0.0905
vn -0.1700 -0.8886 0.4261
vn -0.1615 -0.8873 0.4319
vn 0.9096 0.0728 -0.4091
vn 0.9744 0.0299 -0.2230
vn 0.9976 0.0664 -0.0205
vn 0.9952 -0.0290 -0.0932
vn 0.9844 -0.1435 -0.1015
vn 0.9702 -0.2379 0.0462
vn 0.9433 -0.3194 0.0907
vn 0.9921 -0.1257 0.0024
vn 0.9678 -0.1429 0.2072
vn 0.9288 -0.2496 0.2740
vn 0.9912 0.0059 0.1324
vn 0.9066 -0.3982 0.1398
vn -0.2034 -0.8448 0.4949
vn -0.2097 -0.8210 0.5310
vn -0.1693 -0.8824 0.4390
vn -0.2279 -0.7968 0.5596
vn -0.1598 -0.8940 0.4186
vn -0.2502 -0.7802 0.5734
vn -0.1241 -0.9204 0.3709
vn -0.2358 -0.7849 0.5730
vn -0.0701 -0.9486 0.3087
vn -0.1829 -0.7979 0.5744
vn -0.0287 -0.9622 0.2707
vn -0.1234 -0.8137 0.5680
vn -0.0088 -0.9678 0.2517
vn -0.0650 -0.8338 0.5483
vn 0.0007 -0.9688 0.2480
vn 0.0001 -0.8421 0.5393
vn -0.0862 -0.8076 -0.5834
vn 0.0099 -0.9676 0.2523
vn 0.0642 -0.8341 0.5479
vn -0.1768 -0.5449 -0.8197
vn 0.0315 -0.9618 0.2721
vn -0.1675 -0.8013 -0.5743
vn -0.3445 -0.4946 -0.7980
vn -0.5656 -0.7316 -0.3807
vn -0.4926 -0.4196 -0.7624
vn -0.2325 -0.8071 -0.5426
vn -0.7128 -0.7011 -0.0215
vn -0.7027 -0.6048 -0.3747
vn -0.6172 -0.3304 -0.7141
vn -0.8159 -0.5758 -0.0514
vn -0.8072 -0.4690 -0.3585
vn -0.7165 -0.2355 -0.6566
vn -0.2864 -0.8656 -0.4107
vn -0.2683 -0.8380 -0.4751
vn 0.1303 -0.9125 0.3879
vn 0.0786 -0.9452 0.3170
vn 0.1406 -0.8951 0.4232
vn -0.2973 -0.8837 -0.3615
vn -0.7906 -0.1446 -0.5951
vn 0.1504 -0.8924 0.4255
vn 0.2215 -0.7949 0.5648
vn 0.2342 -0.7815 0.5783
vn 0.2351 -0.7805 0.5792
vn 0.2678 -0.7021 0.6598
vn 0.2793 -0.6766 0.6813
vn 0.2517 -0.7192 0.6476
vn 0.1724 -0.8872 0.4280
vn 0.2057 -0.8251 0.5261
vn 0.2358 -0.7580 0.6081
vn 0.2351 -0.7097 0.6641
vn 0.2682 -0.6657 0.6964
vn 0.2850 -0.6349 0.7182
vn 0.3638 -0.5038 0.7835
vn 0.3529 -0.4177 0.8373
vn 0.3995 -0.5341 0.7451
vn 0.5717 -0.1030 0.8140
vn 0.4965 -0.0131 0.8679
vn 0.6124 -0.2169 0.7602
vn 0.5799 -0.3452 0.7380
vn 0.4150 -0.5946 0.6886
vn 0.2512 -0.7429 0.6205
vn 0.5055 -0.4929 0.7082
vn 0.3883 -0.6643 0.6387
vn 0.2368 -0.7843 0.5734
vn 0.1941 -0.8434 0.5011
vn 0.2242 -0.8019 0.5538
vn 0.2056 -0.8485 0.4876
vn 0.2003 -0.8697 0.4511
vn 0.1700 -0.8910 0.4209
vn 0.1876 -0.8883 0.4191
vn -0.2795 -0.9187 -0.2789
vn -0.2509 -0.9479 -0.1964
vn -0.2035 -0.9740 -0.0993
vn 0.2016 -0.8872 0.4149
vn -0.1487 -0.9889 -0.0057
vn 0.1637 -0.8883 0.4290
vn -0.8732 -0.0147 -0.4871
vn -0.8947 0.0270 -0.4459
vn -0.9096 0.0687 -0.4098
vn -0.0971 -0.9928 0.0697
vn -0.9219 0.1156 -0.3698
vn 0.1748 -0.8879 0.4256
vn -0.9746 0.0222 -0.2227
vn -0.9809 0.0901 -0.1722
vn -0.9667 -0.0578 -0.2493
vn -0.9947 -0.0429 -0.0937
vn -0.9821 -0.1579 -0.1023
vn -0.9985 0.0518 -0.0201
vn -0.9515 -0.1383 -0.2747
vn -0.9647 -0.2470 -0.0909
vn -0.9242 -0.2319 -0.3034
vn -0.9351 -0.3450 -0.0813
vn -0.8410 -0.0701 -0.5365
vn -0.8790 -0.3414 -0.3329
vn -0.8883 -0.4538 -0.0702
vn -0.8455 -0.4963 0.1972
vn -0.7723 -0.5810 0.2569
vn -0.8984 -0.4148 0.1444
vn -0.9361 -0.3393 0.0928
vn -0.8208 -0.3813 0.4252
vn -0.8767 -0.3275 0.3524
vn -0.9230 -0.2643 0.2797
vn -0.9644 -0.2608 0.0443
vn -0.9644 -0.1610 0.2096
vn -0.9246 -0.0911 0.3698
vn -0.8802 -0.1192 0.4594
vn -0.9633 -0.0408 0.2653
vn -0.9161 0.1319 0.3787
vn -0.9542 0.1080 0.2791
vn -0.8828 0.1395 0.4486
vn -0.9910 -0.0117 0.1330
vn -0.9900 0.0259 0.1384
vn -0.9907 0.0585 0.1231
vn -0.6135 0.6555 0.4404
vn -0.7857 0.5615 0.2598
vn -0.7707 0.5003 0.3946
vn -0.2873 0.9068 0.3085
vn -0.9336 0.3581 0.0115
vn -0.0389 0.9375 0.3459
vn -0.8290 0.4188 0.3706
vn -0.6423 0.7340 0.2208
vn -0.2306 0.9723 0.0393
vn -0.2842 0.9580 0.0378
vn -0.6747 0.7297 -0.1109
vn -0.7429 0.6478 0.1688
vn -0.7095 0.6884 -0.1506
vn -0.8182 0.4246 0.3877
vn -0.7248 0.6672 0.1715
vn -0.6819 0.7086 -0.1813
vn -0.7693 0.4669 0.4361
vn -0.8373 0.1633 0.5217
vn -0.7733 0.1910 0.6045
vn -0.8261 -0.1364 0.5467
vn -0.7556 -0.1531 0.6368
vn -0.7489 -0.4318 0.5027
vn -0.6779 -0.6607 0.3225
vn -0.6567 -0.4780 0.5833
vn -0.6622 0.5411 -0.5183
vn -0.6593 0.4719 -0.5854
vn -0.5863 0.5361 -0.6073
vn -0.4754 0.6055 -0.6383
vn 0.0023 0.9705 -0.2412
vn 0.0312 0.9850 -0.1695
vn -0.0191 0.9471 -0.3203
vn -0.0197 0.9294 -0.3684
vn 0.0730 0.9138 0.3996
vn 0.1394 0.9049 0.4021
vn 0.1951 0.8958 0.3993
vn 0.1775 0.6922 0.6995
vn 0.0882 0.6765 0.7312
vn 0.2592 0.6967 0.6689
vn -0.0078 0.3890 0.9212
vn 0.0779 0.4102 0.9087
vn 0.1847 0.4417 0.8780
vn -0.0080 0.0671 0.9977
vn 0.0698 0.0665 0.9953
vn 0.1929 0.0831 0.9777
vn 0.0679 -0.3829 0.9213
vn 0.1780 -0.3476 0.9206
vn -0.0009 -0.3778 0.9259
vn -0.0687 0.0590 0.9959
vn -0.0680 -0.3918 0.9175
vn -0.0799 0.4012 0.9125
vn -0.1813 0.0794 0.9802
vn -0.1669 -0.3587 0.9184
vn -0.1801 0.4453 0.8771
vn -0.0011 -0.7232 0.6906
vn -0.0227 -0.7225 0.6910
vn -0.0811 -0.6483 0.7571
vn -0.3138 -0.2813 0.9068
vn -0.2216 -0.5426 0.8102
vn -0.3413 0.1087 0.9336
vn -0.4482 -0.1822 0.8752
vn -0.3921 -0.4043 0.8263
vn -0.4551 0.1379 0.8797
vn -0.4022 0.4538 0.7952
vn -0.3073 0.4616 0.8322
vn -0.5214 0.1807 0.8340
vn -0.5345 0.2671 0.8019
vn -0.5152 -0.1065 0.8504
vn -0.5392 0.0125 0.8421
vn -0.5414 -0.2004 0.8165
vn -0.4830 -0.2941 0.8248
vn 0.0221 -0.7120 0.7018
vn -0.0247 -0.7068 0.7069
vn 0.0300 -0.4652 0.8847
vn 0.0099 -0.6654 0.7464
vn 0.1018 -0.6364 0.7646
vn 0.2489 -0.5411 0.8033
vn 0.1517 -0.6010 0.7847
vn 0.1285 -0.4730 0.8716
vn 0.3210 -0.2879 0.9023
vn 0.4455 -0.2091 0.8705
vn 0.3916 -0.4105 0.8235
vn 0.3114 -0.4793 0.8205
vn 0.4967 -0.2959 0.8159
vn 0.5223 -0.1253 0.8435
vn 0.4355 -0.3510 0.8289
vn 0.2561 -0.4294 0.8660
vn 0.3725 -0.3353 0.8654
vn 0.4537 -0.2448 0.8569
vn 0.5056 -0.2365 0.8297
vn 0.5531 -0.2056 0.8074
vn 0.3357 -0.2629 0.9045
vn 0.4346 -0.2324 0.8701
vn 0.2440 -0.2647 0.9330
vn 0.3705 -0.1758 0.9121
vn 0.4500 -0.2033 0.8696
vn 0.2881 -0.0978 0.9526
vn 0.5156 -0.1890 0.8357
vn 0.5189 -0.1689 0.8380
vn 0.5106 -0.2051 0.8350
vn 0.4615 -0.1229 0.8786
vn 0.5114 -0.1753 0.8413
vn 0.5444 -0.2133 0.8112
vn 0.5380 -0.1605 0.8275
vn 0.5526 -0.1225 0.8244
vn 0.5563 -0.2061 0.8050
vn 0.5872 -0.2317 0.7756
vn 0.5873 -0.2553 0.7680
vn 0.5883 -0.1853 0.7872
vn 0.6276 -0.2504 0.7372
vn 0.6299 -0.2946 0.7186
vn 0.6401 -0.2110 0.7388
vn 0.5851 -0.2322 0.7770
vn 0.6338 -0.2854 0.7189
vn 0.5550 -0.1793 0.8123
vn 0.6882 -0.3202 0.6510
vn 0.6903 -0.3208 0.6485
vn 0.6856 -0.2924 0.6667
vn 0.7384 -0.3499 0.5765
vn 0.7327 -0.3581 0.5788
vn 0.7354 -0.3422 0.5849
vn 0.6360 -0.2303 0.7365
vn 0.7040 -0.2523 0.6638
vn 0.7539 -0.2625 0.6023
vn 0.7573 -0.3534 0.5492
vn 0.7711 -0.2696 0.5768
vn 0.7491 -0.3826 0.5407
vn 0.7635 -0.3548 0.5396
vn 0.7739 -0.2791 0.5685
vn 0.7561 -0.4134 0.5073
vn 0.7498 -0.1451 0.6455
vn 0.7600 -0.1836 0.6235
vn 0.7643 -0.2087 0.6101
vn 0.7860 -0.2786 0.5519
vn 0.7814 -0.2177 0.5848
vn 0.7730 -0.3691 0.5159
vn 0.8202 -0.2669 0.5060
vn 0.8141 -0.2150 0.5395
vn 0.8054 -0.3821 0.4531
vn 0.8646 -0.3679 0.3422
vn 0.8766 -0.2363 0.4193
vn 0.8657 -0.1957 0.4608
vn 0.7502 -0.2217 0.6230
vn 0.7832 -0.2390 0.5741
vn 0.8366 -0.2314 0.4966
vn 0.9181 -0.1618 0.3617
vn 0.8917 -0.2188 0.3962
vn 0.9385 -0.1824 0.2933
vn 0.9520 -0.1480 0.2681
vn 0.9235 -0.2201 0.3141
vn 0.9771 -0.1369 0.1630
vn 0.7836 -0.2627 0.5630
vn 0.8377 -0.2495 0.4858
vn 0.8874 -0.2198 0.4052
vn 0.9387 -0.2332 0.2540
vn 0.9179 -0.1632 0.3617
vn 0.9630 -0.1820 0.1986
vn 0.9524 -0.1919 0.2370
vn 0.9298 -0.0659 0.3622
vn 0.9617 -0.2259 0.1550
vn 0.9769 -0.1913 0.0955
vn 0.9819 -0.1305 0.1375
vn 0.9863 -0.1624 0.0288
vn 0.9898 -0.1386 0.0340
vn 0.9723 -0.2320 0.0267
vn 0.9816 -0.1820 -0.0577
vn 0.9865 -0.1376 -0.0892
vn 0.9398 -0.3240 -0.1083
vn 0.9861 -0.1607 -0.0416
vn 0.9874 -0.1578 -0.0143
vn 0.9851 -0.1621 0.0571
vn 0.9866 -0.1583 -0.0392
vn 0.9870 -0.1580 -0.0309
vn 0.9807 -0.1929 -0.0305
vn 0.9867 -0.1546 0.0505
vn 0.9933 -0.1102 -0.0357
vn 0.9914 -0.1309 0.0070
vn 0.9981 -0.0615 -0.0078
vn 0.9967 -0.0596 0.0548
vn 0.9606 -0.0514 0.2733
vn 0.9980 0.0136 0.0611
vn 0.9606 -0.1953 0.1977
vn 0.7483 -0.0167 0.6631
vn 0.9617 -0.0360 0.2718
vn 0.8569 -0.3293 0.3965
vn 0.6006 -0.0380 0.7986
vn 0.9801 -0.0978 0.1729
vn 0.9967 0.0159 0.0794
vn 0.9361 0.0836 0.3415
vn 0.9363 -0.1728 0.3056
vn 0.9284 -0.2935 0.2278
vn 0.9735 -0.0716 0.2172
vn 0.9911 0.0789 0.1070
vn 0.9353 -0.1260 0.3306
vn 0.9786 -0.1819 0.0961
vn 0.9544 -0.0021 0.2984
vn 0.6518 0.1458 0.7443
vn 0.8678 -0.0787 0.4906
vn 0.6474 0.2244 0.7284
vn 0.6642 -0.2791 0.6935
vn 0.3427 -0.1155 0.9323
vn 0.9816 -0.1886 0.0308
vn 0.6327 -0.6111 0.4757
vn 0.9697 -0.2184 -0.1091
vn 0.9685 -0.1936 -0.1568
vn 0.6794 -0.7297 0.0778
vn 0.9311 -0.2788 -0.2353
vn 0.9432 -0.2342 -0.2357
vn 0.9498 -0.2501 -0.1882
vn 0.9265 -0.2786 -0.2529
vn 0.9302 -0.2873 -0.2283
vn 0.8796 -0.4704 -0.0706
vn 0.8850 -0.4333 -0.1705
vn 0.9576 -0.2673 -0.1072
vn 0.9450 -0.2611 -0.1972
vn 0.9301 -0.2329 -0.2841
vn 0.9975 -0.0701 0.0032
vn 0.9987 -0.0483 -0.0188
vn 0.9788 -0.1155 -0.1690
vn 0.9263 -0.2044 -0.3165
vn 0.9534 -0.1133 -0.2796
vn 0.9952 -0.0510 -0.0837
vn 0.9963 -0.0690 0.0512
vn 0.9910 -0.0738 0.1114
vn 0.9901 -0.0322 0.1367
vn 0.9834 -0.0785 0.1635
vn 0.9592 -0.2819 -0.0203
vn 0.9248 -0.2211 -0.3096
vn 0.9226 -0.1245 -0.3652
vn 0.9966 -0.0819 -0.0131
vn 0.9733 -0.2056 0.1024
vn 0.9958 -0.0809 -0.0439
vn 0.9590 -0.1153 0.2588
vn 0.9255 -0.0371 -0.3768
vn 0.8805 -0.4734 -0.0251
vn 0.8853 -0.3628 0.2910
vn 0.9964 -0.0515 -0.0668
vn 0.9524 -0.0923 0.2905
vn 0.8329 -0.2008 0.5158
vn 0.7611 -0.6451 -0.0676
vn 0.7757 -0.6139 0.1466
vn 0.7781 -0.4031 0.4817
vn 0.8155 -0.1227 0.5656
vn 0.9591 -0.1018 0.2640
vn 0.7055 -0.2005 0.6797
vn 0.7249 -0.6280 0.2833
vn 0.7119 -0.4044 0.5742
vn 0.6707 -0.7400 0.0500
vn 0.6345 -0.7610 0.1352
vn 0.6316 -0.6647 0.3990
vn 0.6178 -0.7854 0.0376
vn 0.6674 -0.7407 0.0767
vn 0.6939 -0.7201 -0.0046
vn 0.5456 -0.8362 0.0559
vn 0.5974 -0.8002 0.0533
vn 0.6850 -0.7093 0.1660
vn 0.7632 -0.5437 0.3492
vn 0.7862 -0.5758 0.2245
vn 0.8411 -0.5346 0.0823
vn 0.9349 -0.3068 0.1786
vn 0.7618 -0.4716 0.4440
vn 0.7258 -0.6210 0.2960
vn 0.7507 -0.5048 0.4261
vn 0.7129 -0.6393 0.2881
vn 0.6464 -0.7509 0.1353
vn 0.5677 -0.8216 0.0510
vn 0.6353 -0.7516 0.1773
vn 0.7606 -0.4025 0.5094
vn 0.7542 -0.4794 0.4487
vn 0.7123 -0.5931 0.3753
vn 0.4888 -0.8719 0.0310
vn 0.5362 -0.8357 0.1186
vn 0.6206 -0.7083 0.3364
vn 0.7235 -0.4087 0.5563
vn 0.6618 -0.4866 0.5703
vn 0.7404 -0.3559 0.5702
vn 0.6819 -0.2704 0.6797
vn 0.6490 -0.3005 0.6989
vn 0.6897 -0.2718 0.6712
vn 0.4855 -0.8091 0.3311
vn 0.5535 -0.5834 0.5944
vn 0.5733 -0.3454 0.7430
vn 0.6199 -0.1518 0.7699
vn 0.5340 -0.1555 0.8310
vn 0.6502 -0.1702 0.7405
vn 0.5672 -0.1356 0.8123
vn 0.5290 -0.0464 0.8474
vn 0.4642 0.0247 0.8854
vn 0.3424 0.0507 0.9382
vn 0.3752 -0.1728 0.9107
vn 0.4011 -0.4147 0.8168
vn 0.1773 -0.2037 0.9628
vn 0.1803 -0.4569 0.8711
vn 0.1599 -0.7292 0.6654
vn 0.3754 -0.6780 0.6319
vn 0.3066 -0.8913 0.3341
vn 0.1267 -0.9297 0.3458
vn 0.0014 -0.9330 0.3598
vn 0.0027 -0.7381 0.6746
vn 0.0021 -0.4734 0.8809
vn -0.1451 -0.7310 0.6668
vn -0.1190 -0.9295 0.3490
vn -0.1640 -0.4640 0.8705
vn -0.3593 -0.6849 0.6339
vn -0.2933 -0.8945 0.3373
vn -0.3852 -0.4208 0.8213
vn 0.0071 -0.2119 0.9773
vn -0.5714 -0.3474 0.7435
vn -0.5475 -0.5850 0.5984
vn -0.6466 -0.3070 0.6983
vn -0.6566 -0.4868 0.5761
vn -0.4771 -0.8114 0.3376
vn -0.6190 -0.7058 0.3444
vn -0.7196 -0.4108 0.5598
vn -0.7106 -0.5900 0.3832
vn -0.6740 -0.2800 0.6837
vn -0.6886 -0.2775 0.6699
vn -0.7401 -0.3585 0.5690
vn -0.7507 -0.4776 0.4565
vn -0.5391 -0.8325 0.1273
vn -0.6375 -0.7467 0.1900
vn -0.7153 -0.6297 0.3031
vn -0.7587 -0.4049 0.5103
vn -0.7545 -0.4951 0.4308
vn -0.7366 -0.3509 0.5782
vn -0.7500 -0.3854 0.5375
vn -0.7585 -0.4147 0.5027
vn -0.7315 -0.3580 0.5803
vn -0.6885 -0.2918 0.6640
vn -0.6883 -0.3231 0.6495
vn -0.6908 -0.3232 0.6468
vn -0.7332 -0.3448 0.5861
vn -0.7560 -0.3554 0.5497
vn -0.7017 -0.2538 0.6658
vn -0.7518 -0.2673 0.6028
vn -0.7712 -0.2743 0.5744
vn -0.7632 -0.3586 0.5375
vn -0.7739 -0.2811 0.5674
vn -0.7599 -0.1797 0.6247
vn -0.7656 -0.2085 0.6086
vn -0.7457 -0.1495 0.6493
vn -0.7068 -0.1505 0.6912
vn -0.7217 -0.1913 0.6653
vn -0.6978 -0.0887 0.7108
vn -0.7107 -0.1343 0.6905
vn -0.6852 -0.0451 0.7270
vn -0.6295 -0.0347 0.7762
vn -0.6204 -0.1090 0.7767
vn -0.6419 -0.1660 0.7486
vn -0.5613 -0.0480 0.8262
vn -0.5497 -0.1230 0.8263
vn -0.5711 -0.1644 0.8043
vn -0.6605 -0.2068 0.7218
vn -0.5981 -0.1992 0.7763
vn -0.4896 -0.1336 0.8616
vn -0.5070 -0.1528 0.8483
vn -0.4686 -0.1089 0.8767
vn -0.4087 -0.0679 0.9102
vn -0.4112 -0.0664 0.9091
vn -0.3879 -0.0702 0.9190
vn -0.4764 -0.0453 0.8780
vn -0.3769 -0.0379 0.9255
vn -0.2925 -0.0140 0.9562
vn -0.3109 -0.0130 0.9504
vn -0.3295 0.0143 0.9441
vn -0.2396 0.0110 0.9708
vn -0.2684 0.0330 0.9627
vn -0.2825 0.0883 0.9552
vn -0.3250 0.0471 0.9445
vn -0.2694 0.1403 0.9527
vn -0.2885 0.1258 0.9492
vn -0.2717 0.1810 0.9452
vn -0.2693 0.0482 0.9618
vn -0.2467 0.2513 0.9359
vn -0.2562 0.1951 0.9467
vn -0.3091 0.0889 0.9469
vn -0.3201 0.2095 0.9239
vn -0.2893 0.2881 0.9128
vn -0.3267 0.1388 0.9349
vn -0.3418 0.3033 0.8895
vn -0.3659 0.2110 0.9064
vn -0.3700 0.1231 0.9209
vn -0.4489 0.1107 0.8867
vn -0.4268 0.2223 0.8766
vn -0.3961 0.3148 0.8625
vn -0.3173 0.0234 0.9480
vn -0.4192 -0.0029 0.9079
vn -0.2647 0.0307 0.9638
vn -0.5657 0.1138 0.8167
vn -0.5338 0.2335 0.8127
vn -0.5932 0.0161 0.8049
vn -0.7623 0.0766 0.6426
vn -0.5274 -0.0144 0.8495
vn -0.2984 -0.0559 0.9528
vn -0.8385 0.1606 0.5207
vn -0.7218 0.0629 0.6892
vn -0.6744 0.1414 0.7247
vn -0.8433 0.2477 0.4770
vn -0.7840 0.1293 0.6072
vn -0.7268 0.1745 0.6643
vn -0.6509 0.2586 0.7137
vn -0.7064 0.2848 0.6480
vn -0.7691 0.2231 0.5989
vn -0.7321 0.2999 0.6116
vn -0.8265 0.1886 0.5305
vn -0.8013 0.2805 0.5285
vn -0.7575 0.3251 0.5662
vn -0.8472 0.2515 0.4679
vn -0.7059 0.4068 0.5798
vn -0.6667 0.3967 0.6310
vn -0.7297 0.4062 0.5500
vn -0.7489 0.4038 0.5255
vn -0.7703 0.3576 0.5280
vn -0.7927 0.3532 0.4968
vn -0.7303 0.4063 0.5491
vn -0.7342 0.3926 0.5539
vn -0.7207 0.4308 0.5431
vn -0.8173 0.3635 0.4471
vn -0.7247 0.4455 0.5257
vn -0.8422 0.3728 0.3894
vn -0.7264 0.4657 0.5054
vn -0.8760 0.2838 0.3901
vn -0.8513 0.2548 0.4586
vn -0.8560 0.4016 0.3255
vn -0.8433 0.3922 0.3674
vn -0.8221 0.4279 0.3756
vn -0.8315 0.4381 0.3415
vn -0.9013 0.3301 0.2807
vn -0.8202 0.5276 0.2212
vn -0.7618 0.5702 0.3075
vn -0.9164 0.3895 0.0923
vn -0.9419 0.1872 0.2789
vn -0.9717 0.2363 0.0067
vn -0.8538 0.0239 0.5201
vn -0.9979 0.0607 0.0236
vn -0.4155 -0.0840 0.9057
vn -0.9607 -0.1130 0.2534
vn -0.5478 0.0016 0.8366
vn -0.9717 -0.1292 -0.1980
vn -0.9142 -0.3975 0.0788
vn -0.8439 -0.4630 -0.2711
vn -0.6798 0.0559 0.7312
vn -0.7219 -0.5380 0.4353
vn -0.5865 -0.7938 -0.1609
vn -0.9737 -0.1274 -0.1890
vn -0.8909 -0.4332 -0.1364
vn -0.6401 -0.7683 0.0062
vn -0.3092 -0.9407 0.1396
vn -0.2990 -0.9269 0.2268
vn -0.4196 -0.1907 0.8875
vn -0.7359 -0.6623 0.1409
vn -0.9425 -0.3342 0.0082
vn -0.3892 -0.8697 0.3037
vn 0.0790 -0.8372 0.5412
vn 0.0282 -0.8104 0.5852
vn -0.1852 -0.6868 0.7028
vn 0.5191 -0.4629 0.7185
vn 0.2747 -0.3498 0.8957
vn -0.1751 -0.2231 0.9589
vn 0.3687 -0.0158 0.9294
vn 0.7552 -0.1956 0.6256
vn -0.1901 0.1539 0.9696
vn -0.5202 -0.0830 0.8500
vn -0.5403 0.2566 0.8014
vn -0.5824 0.0048 0.8129
vn -0.0863 -0.1099 0.9902
vn 0.4057 -0.2761 0.8713
vn -0.5024 0.1094 0.8577
vn -0.7257 0.2437 0.6434
vn -0.7013 0.2667 0.6611
vn -0.6559 0.1128 0.7464
vn -0.7774 0.1433 0.6124
vn -0.6945 -0.0568 0.7173
vn -0.8039 0.2633 0.5333
vn -0.6610 0.1093 0.7424
vn -0.5705 -0.0233 0.8209
vn -0.6636 -0.5105 0.5469
vn -0.7678 -0.3082 0.5617
vn -0.3814 -0.3861 0.8399
vn -0.4530 -0.7975 0.3985
vn 0.0098 -0.6156 0.7880
vn 0.0067 -0.9102 0.4141
vn 0.0014 -0.1726 0.9850
vn 0.3700 -0.3176 0.8731
vn 0.1977 0.1325 0.9713
vn 0.1567 0.1343 0.9785
vn 0.4484 0.2357 0.8622
vn 0.4701 0.2736 0.8391
vn 0.3449 0.1771 0.9218
vn 0.4966 0.4684 0.7307
vn 0.4588 0.3630 0.8110
vn 0.6027 0.3464 0.7188
vn 0.2748 0.2196 0.9361
vn 0.4144 0.2843 0.8645
vn 0.2408 0.2635 0.9341
vn 0.3929 0.2836 0.8748
vn 0.3718 0.0164 0.9282
vn 0.2514 0.0175 0.9677
vn 0.0664 0.0862 0.9941
vn -0.0179 0.3030 0.9528
vn 0.2344 -0.3292 0.9147
vn 0.1453 -0.3140 0.9383
vn 0.0033 -0.1948 0.9808
vn -0.0555 0.1344 0.9894
vn -0.1497 -0.2897 0.9453
vn -0.2300 -0.3471 0.9092
vn -0.2399 0.0011 0.9708
vn -0.3824 0.0280 0.9236
vn -0.2926 -0.3195 0.9013
vn -0.4074 0.2737 0.8713
vn -0.2546 -0.5236 0.8131
vn -0.2053 -0.5162 0.8315
vn -0.1403 -0.5242 0.8400
vn -0.1753 -0.6639 0.7270
vn -0.1062 -0.6822 0.7234
vn -0.2291 -0.6677 0.7083
vn -0.3162 -0.5577 0.7674
vn -0.2790 -0.6827 0.6753
vn -0.3494 -0.3384 0.8737
vn -0.3215 -0.6213 0.7146
vn -0.2936 -0.6938 0.6576
vn -0.3718 -0.4307 0.8223
vn -0.2762 -0.6587 0.6999
vn -0.2689 -0.7120 0.6486
vn -0.3686 -0.4998 0.7838
vn -0.4390 0.0195 0.8983
vn -0.3791 -0.5401 0.7514
vn -0.2428 -0.6976 0.6741
vn -0.3928 -0.6018 0.6954
vn -0.2439 -0.7386 0.6285
vn -0.2391 -0.7517 0.6146
vn -0.2238 -0.7941 0.5651
vn 0.0006 -0.6955 0.7186
vn 0.0042 -0.5193 0.8546
vn 0.1351 -0.5225 0.8419
vn 0.1036 -0.6793 0.7265
vn 0.2087 -0.5172 0.8300
vn 0.1784 -0.6690 0.7215
vn 0.2767 -0.5276 0.8031
vn 0.3055 -0.3420 0.8887
vn 0.2448 -0.6654 0.7052
vn 0.1264 -0.8160 0.5640
vn 0.1941 -0.7949 0.5749
vn 0.2997 -0.5606 0.7720
vn 0.3241 -0.3662 0.8723
vn 0.4432 -0.0079 0.8964
vn 0.5564 0.2192 0.8015
vn 0.4872 0.2612 0.8333
vn 0.5301 0.2600 0.8071
vn 0.4835 0.3178 0.8156
vn 0.4990 0.3896 0.7741
vn 0.5175 0.3336 0.7880
vn 0.5785 0.1837 0.7947
vn 0.6038 0.1588 0.7811
vn 0.5600 0.2559 0.7880
vn 0.5022 0.4159 0.7582
vn 0.4615 0.5040 0.7301
vn 0.5439 0.3410 0.7667
vn 0.5796 0.2467 0.7767
vn 0.5800 0.1451 0.8016
vn 0.6068 0.0918 0.7895
vn 0.5934 -0.0548 0.8030
vn 0.5882 0.0416 0.8076
vn 0.5988 0.1486 0.7870
vn 0.5433 0.3074 0.7812
vn 0.4994 0.3656 0.7854
vn 0.5917 0.2309 0.7724
vn 0.6133 0.0381 0.7889
vn 0.5708 -0.1195 0.8123
vn 0.6361 0.1398 0.7589
vn 0.5990 0.1626 0.7841
vn 0.5397 0.2166 0.8135
vn 0.4752 0.2471 0.8444
vn 0.4340 0.0837 0.8970
vn 0.3537 0.0873 0.9313
vn 0.5369 0.0775 0.8401
vn 0.4806 -0.0446 0.8758
vn 0.3784 -0.0418 0.9247
vn 0.2894 -0.0125 0.9571
vn 0.4708 -0.1116 0.8751
vn 0.3902 -0.0694 0.9181
vn 0.3109 -0.0068 0.9504
vn 0.2981 0.0939 0.9499
vn 0.2400 0.0154 0.9707
vn 0.2685 0.0351 0.9626
vn 0.3290 0.0173 0.9442
vn 0.2790 0.0841 0.9566
vn 0.4108 -0.0659 0.9094
vn 0.3329 0.0503 0.9416
vn 0.2747 0.1431 0.9508
vn 0.4119 -0.0617 0.9092
vn 0.2676 0.1840 0.9458
vn 0.2852 0.1243 0.9504
vn 0.2750 0.0466 0.9603
vn 0.3091 0.0929 0.9465
vn 0.2644 0.1957 0.9443
vn 0.2513 0.2515 0.9347
vn 0.3139 0.2117 0.9256
vn 0.3302 0.1390 0.9336
vn 0.2827 0.2882 0.9149
vn 0.2099 0.3088 0.9277
vn 0.2324 0.2846 0.9300
vn 0.2477 0.3000 0.9212
vn 0.2576 0.1399 0.9561
vn 0.2548 0.0945 0.9624
vn 0.2866 0.2269 0.9308
vn 0.3296 0.3045 0.8937
vn 0.2792 0.2692 0.9217
vn 0.2303 0.0944 0.9685
vn 0.2535 -0.1422 0.9568
vn 0.1970 -0.1516 0.9686
vn 0.1549 -0.1174 0.9809
vn 0.2261 0.1371 0.9644
vn 0.3345 0.2931 0.8957
vn 0.1345 -0.0637 0.9889
vn 0.0507 -0.1668 0.9847
vn 0.0904 -0.2253 0.9701
vn 0.1677 -0.2587 0.9513
vn 0.0506 -0.0969 0.9940
vn 0.1597 0.0095 0.9871
vn 0.2785 0.1966 0.9401
vn 0.2504 0.1037 0.9626
vn 0.3948 0.2645 0.8799
vn 0.0988 0.0005 0.9951
vn 0.4050 0.3403 0.8486
vn 0.5099 0.3862 0.7687
vn 0.5422 0.3348 0.7707
vn 0.6128 0.4270 0.6650
vn 0.4100 0.2126 0.8870
vn 0.6443 0.3818 0.6627
vn 0.6779 0.4440 0.5860
vn 0.5654 0.2945 0.7705
vn 0.2309 0.1481 0.9616
vn 0.4425 0.2396 0.8642
vn 0.6200 0.2183 0.7536
vn 0.6714 0.3193 0.6688
vn 0.7030 0.4019 0.5867
vn 0.7041 0.1819 0.6864
vn 0.7258 0.3178 0.6100
vn 0.7299 0.4088 0.5479
vn 0.7187 0.4449 0.5343
vn 0.7398 0.4397 0.5093
vn 0.7033 0.3393 0.6247
vn 0.6981 0.4354 0.5684
vn 0.7045 0.4710 0.5309
vn 0.7502 0.4060 0.5220
vn 0.7293 0.4073 0.5497
vn 0.7216 0.4322 0.5408
vn 0.7716 0.3564 0.5269
vn 0.7580 0.3236 0.5663
vn 0.7339 0.3888 0.5570
vn 0.7045 0.4102 0.5791
vn 0.7301 0.3041 0.6119
vn 0.6648 0.4016 0.6299
vn 0.7041 0.2878 0.6492
vn 0.7669 0.2213 0.6025
vn 0.7231 0.1793 0.6671
vn 0.7997 0.2787 0.5318
vn 0.8217 0.1867 0.5384
vn 0.7806 0.1241 0.6126
vn 0.8477 0.2506 0.4676
vn 0.6484 0.2663 0.7132
vn 0.6722 0.1396 0.7270
vn 0.7205 0.0558 0.6912
vn 0.8519 0.2457 0.4625
vn 0.8408 0.2260 0.4919
vn 0.8355 0.1476 0.5293
vn 0.5839 0.0168 0.8116
vn 0.5663 0.1075 0.8172
vn 0.7651 0.0854 0.6382
vn 0.8935 0.3272 0.3077
vn 0.9385 0.1902 0.2881
vn 0.8367 0.4228 0.3481
vn 0.8227 0.5265 0.2144
vn 0.9115 0.4023 0.0856
vn 0.9751 0.2209 0.0193
vn 0.8490 0.0152 0.5282
vn 0.5189 -0.0201 0.8546
vn 0.9981 0.0590 0.0188
vn 0.9803 0.1725 -0.0963
vn 0.9905 0.0328 -0.1338
vn 0.9460 0.3240 0.0116
vn 0.9958 -0.0214 -0.0887
vn 0.9749 -0.1254 -0.1840
vn 0.9928 0.1056 0.0568
vn 0.9378 0.2613 0.2284
vn 0.8592 0.4762 0.1869
vn 0.8324 0.3895 0.3942
vn 0.7669 0.5608 0.3120
vn 0.7650 0.5698 0.3003
vn 0.8269 0.4205 0.3735
vn 0.7364 0.5539 0.3883
vn 0.7837 0.5151 0.3470
vn 0.8615 0.3963 0.3173
vn 0.8778 0.2818 0.3873
vn 0.8404 0.3764 0.3900
vn 0.8434 0.3921 0.3675
vn 0.8169 0.3671 0.4449
vn 0.7927 0.3512 0.4983
vn 0.7331 0.4015 0.5489
vn 0.7287 0.4412 0.5238
vn 0.7266 0.4621 0.5085
vn 0.5762 0.4986 0.6475
vn 0.5755 0.5223 0.6293
vn 0.5783 0.4659 0.6698
vn 0.5787 0.4639 0.6708
vn 0.5767 0.5080 0.6398
vn 0.3090 0.5361 0.7856
vn 0.3163 0.5474 0.7748
vn 0.3169 0.5707 0.7576
vn 0.0035 0.5909 0.8067
vn 0.0034 0.5663 0.8242
vn 0.0018 0.5883 0.8086
vn -0.3162 0.5462 0.7757
vn -0.3038 0.5385 0.7860
vn -0.3082 0.5733 0.7591
vn -0.5774 0.4621 0.6731
vn -0.5788 0.4615 0.6724
vn -0.5743 0.5087 0.6414
vn -0.3326 0.5736 0.7486
vn -0.0012 0.6242 0.7813
vn -0.5735 0.5012 0.6480
vn -0.5655 0.5283 0.6333
vn -0.3401 0.5939 0.7291
vn -0.5777 0.4993 0.6458
vn -0.3495 0.5563 0.7539
vn -0.7388 0.4412 0.5095
vn -0.7448 0.3391 0.5747
vn -0.5976 0.3808 0.7056
vn -0.8145 0.3572 0.4571
vn -0.8314 0.4214 0.3621
vn -0.8029 0.4016 0.4405
vn -0.7809 0.5158 0.3523
vn -0.7579 0.4747 0.4474
vn -0.7370 0.4378 0.5150
vn -0.7319 0.5459 0.4077
vn -0.7633 0.5607 0.3208
vn -0.7366 0.4513 0.5037
vn -0.8229 0.3922 0.4112
vn -0.8620 0.4717 0.1856
vn -0.9300 0.2735 0.2458
vn -0.9426 0.3331 0.0234
vn -0.9902 0.1245 0.0637
vn -0.9788 0.1881 -0.0815
vn -0.9962 -0.0188 -0.0848
vn -0.9922 0.0426 -0.1174
vn -0.9645 -0.2073 0.1637
vn -0.7741 -0.5638 0.2879
vn -0.7704 -0.4395 0.4618
vn -0.9337 -0.0565 0.3536
vn -0.7198 -0.2893 0.6310
vn -0.8387 0.1034 0.5347
vn -0.7465 0.2139 0.6301
vn -0.6588 -0.1323 0.7406
vn -0.3983 -0.6588 0.6383
vn -0.4148 -0.7302 0.5428
vn -0.4200 -0.5558 0.7174
vn -0.6524 -0.0807 0.7536
vn -0.7244 0.2399 0.6463
vn -0.4717 -0.4752 0.7428
vn -0.6830 -0.0641 0.7276
vn -0.7633 0.2435 0.5985
vn -0.5175 -0.4722 0.7136
vn -0.1474 -0.8392 0.5235
vn -0.2714 -0.8538 0.4443
vn -0.0466 -0.8507 0.5237
vn 0.2455 -0.9667 0.0728
vn 0.0933 -0.9896 -0.1093
vn 0.3780 -0.9155 0.1379
vn 0.5468 -0.7269 -0.4154
vn 0.4471 -0.7220 -0.5280
vn 0.6567 -0.6699 -0.3463
vn 0.8035 -0.5623 -0.1953
vn 0.5274 -0.8324 0.1702
vn 0.0527 -0.8529 0.5194
vn 0.6349 -0.6995 0.3282
vn 0.8829 -0.4675 0.0445
vn 0.1104 -0.8331 0.5420
vn 0.8146 -0.5237 -0.2494
vn 0.6714 -0.5539 -0.4924
vn 0.8861 -0.4425 0.1376
vn 0.8753 -0.3385 0.3452
vn 0.6222 -0.5522 0.5549
vn 0.7188 -0.4017 0.5673
vn 0.1259 -0.8073 0.5766
vn -0.3994 -0.8075 0.4340
vn 0.6929 -0.6558 0.2996
vn 0.3651 -0.7057 0.6071
vn 0.0880 -0.5695 0.8173
vn -0.0462 -0.7029 0.7097
vn 0.2295 -0.9102 0.3447
vn -0.2811 -0.3214 0.9043
vn -0.3872 -0.3977 0.8318
vn -0.5284 -0.0278 0.8485
vn -0.7079 0.0437 0.7049
vn -0.7803 0.2600 0.5688
vn -0.7176 0.2972 0.6299
vn -0.7385 0.1126 0.6648
vn -0.5675 -0.3764 0.7323
vn -0.7693 0.1456 0.6221
vn -0.7426 0.3264 0.5848
vn -0.8069 -0.3697 0.4607
vn -0.9303 0.0697 0.3602
vn -0.9517 -0.3038 0.0455
vn -0.9221 0.2698 0.2774
vn -0.5729 -0.8123 0.1096
vn -0.2958 -0.8252 0.4812
vn -0.7217 -0.6227 -0.3024
vn -0.5537 -0.4018 -0.7294
vn -0.9556 -0.0301 -0.2932
vn -0.3797 -0.3787 -0.8441
vn -0.8175 -0.0024 -0.5759
vn -0.9660 0.2579 -0.0186
vn -0.0152 -0.5812 -0.8137
vn -0.3206 -0.8037 -0.5013
vn 0.0646 -0.6043 -0.7941
vn -0.8344 -0.2866 -0.4708
vn -0.5905 -0.7020 -0.3980
vn -0.3387 -0.8563 -0.3900
vn 0.2995 -0.6896 -0.6594
vn 0.3329 -0.6034 -0.7246
vn -0.1263 -0.9577 -0.2586
vn -0.6149 -0.7539 0.2315
vn -0.4674 -0.8188 0.3333
vn -0.6495 -0.6857 0.3285
vn -0.6673 -0.4855 0.5648
vn -0.5915 -0.4814 0.6467
vn -0.6316 -0.4872 0.6030
vn -0.3944 -0.5177 0.7593
vn -0.3528 -0.6816 0.6410
vn -0.7577 -0.6441 0.1051
vn -0.3300 -0.7936 0.5112
vn -0.7533 -0.6415 0.1451
vn -0.3200 -0.8613 0.3946
vn -0.9817 -0.1202 -0.1479
vn -0.9607 -0.1846 0.2071
vn -0.6761 -0.7173 0.1685
vn -0.8676 0.2378 0.4368
vn -0.8695 -0.3195 0.3767
vn -0.8124 0.1202 0.5705
vn -0.8043 0.0314 0.5934
vn -0.6728 -0.7140 0.1939
vn -0.3786 -0.9023 0.2063
vn -0.2884 -0.9088 0.3015
vn 0.0009 -0.9231 0.3845
vn 0.0003 -0.8802 0.4746
vn -0.0077 -0.9419 0.3359
vn 0.3107 -0.9021 0.2996
vn 0.3421 -0.8555 0.3886
vn 0.3975 -0.8987 0.1851
vn 0.4527 -0.7936 0.4066
vn 0.6916 -0.6906 0.2115
vn 0.6462 -0.5015 0.5753
vn 0.5573 0.0200 0.8301
vn 0.6924 -0.0696 0.7182
vn 0.7517 -0.3138 0.5800
vn 0.6758 0.0894 0.7317
vn 0.6596 0.0873 0.7465
vn 0.5927 0.0340 0.8047
vn 0.5119 -0.1049 0.8526
vn 0.4723 0.5393 0.6972
vn 0.5352 0.2969 0.7908
vn 0.7317 -0.5224 0.4379
vn 0.3603 -0.0748 0.9298
vn 0.4195 0.4752 0.7734
vn 0.1993 -0.7136 0.6716
vn 0.3177 -0.9357 0.1536
vn 0.5846 -0.7952 -0.1608
vn 0.9100 -0.4071 0.0783
vn 0.8260 -0.4746 -0.3042
vn 0.6515 0.0779 0.7546
vn 0.5266 -0.0006 0.8501
vn 0.9539 -0.1240 0.2733
vn 0.9731 -0.1267 -0.1924
vn 0.4095 -0.0820 0.9086
vn 0.2417 0.0643 0.9682
vn 0.3372 0.2949 0.8940
vn 0.2680 0.1069 0.9575
vn 0.3715 0.2942 0.8806
vn 0.2184 0.0154 0.9757
vn 0.2061 -0.0130 0.9784
vn 0.2796 -0.0482 0.9589
vn 0.4502 0.4167 0.7898
vn 0.4256 0.2633 0.8658
vn 0.2819 0.0435 0.9584
vn 0.3152 0.0196 0.9488
vn 0.3753 0.1273 0.9181
vn 0.3589 0.2221 0.9066
vn 0.4129 0.0015 0.9108
vn 0.4517 0.1222 0.8838
vn 0.4374 0.2299 0.8694
vn 0.4000 0.3121 0.8617
vn 0.4925 0.3369 0.8024
vn 0.5448 0.2314 0.8060
vn 0.5868 0.3762 0.7171
vn 0.8860 -0.4459 -0.1274
vn 0.9411 -0.3382 0.0011
vn 0.7197 -0.6835 0.1220
vn 0.6335 -0.7735 0.0222
vn 0.7577 -0.5898 0.2794
vn 0.9614 -0.2237 0.1603
vn 0.7544 -0.4581 0.4702
vn 0.9356 -0.0689 0.3464
vn 0.7185 -0.2987 0.6281
vn 0.8498 0.0870 0.5199
vn 0.7574 0.2086 0.6188
vn 0.6700 -0.1527 0.7264
vn 0.7441 0.4575 0.4868
vn 0.3951 -0.6590 0.6401
vn 0.3674 -0.7458 0.5557
vn 0.4260 -0.5584 0.7118
vn 0.6518 -0.0832 0.7539
vn 0.7245 0.2488 0.6428
vn 0.4588 -0.5007 0.7340
vn 0.6789 -0.0647 0.7314
vn 0.5064 -0.4751 0.7196
vn 0.7655 0.2365 0.5985
vn 0.1555 -0.8445 0.5125
vn 0.0592 -0.8463 0.5294
vn 0.2551 -0.8658 0.4305
vn 0.5809 -0.5093 0.6350
vn 0.4362 -0.8454 0.3081
vn 0.6929 -0.1504 0.7052
vn 0.6660 -0.5086 0.5457
vn 0.6031 -0.7705 0.2063
vn 0.7120 -0.2355 0.6616
vn 0.7876 0.1671 0.5931
vn 0.7564 0.0842 0.6486
vn 0.6458 0.0970 0.7573
vn 0.6727 -0.2300 0.7032
vn 0.6477 -0.4848 0.5878
vn 0.4036 0.1359 0.9048
vn 0.4369 -0.2182 0.8727
vn 0.4102 -0.5155 0.7523
vn 0.6635 -0.6877 0.2947
vn 0.3712 -0.6872 0.6245
vn -0.0008 -0.5503 0.8349
vn 0.0029 -0.7324 0.6809
vn 0.0025 -0.2312 0.9729
vn 0.7818 -0.6195 0.0712
vn 0.3573 -0.7900 0.4982
vn 0.0045 -0.8227 0.5684
vn 0.7814 -0.6135 0.1142
vn 0.9805 -0.0963 -0.1713
vn 0.8293 -0.2369 -0.5061
vn 0.5653 -0.7020 -0.4332
vn 0.3710 -0.3777 -0.8483
vn 0.8122 0.0535 -0.5809
vn 0.9532 0.3024 -0.0018
vn 0.9651 -0.1460 0.2173
vn 0.8611 0.2543 0.4403
vn 0.7045 -0.6944 0.1466
vn 0.8615 -0.3127 0.4001
vn 0.8098 0.1259 0.5731
vn 0.7972 0.0245 0.6032
vn 0.7680 0.1421 0.6245
vn 0.7110 0.2954 0.6381
vn 0.7742 0.2675 0.5736
vn 0.7859 0.2812 0.5507
vn 0.7066 0.2569 0.6593
vn 0.7087 0.2790 0.6480
vn 0.5462 0.2623 0.7955
vn 0.4784 0.1388 0.8671
vn 0.1915 0.1607 0.9682
vn 0.0744 -0.0766 0.9943
vn 0.1958 -0.2337 0.9524
vn -0.0147 -0.8218 0.5695
vn -0.2181 -0.3334 0.9172
vn -0.3450 -0.0089 0.9386
vn -0.5174 -0.4362 0.7363
vn -0.7342 -0.1695 0.6575
vn -0.1029 -0.8358 0.5392
vn 0.3043 -0.9287 0.2118
vn 0.3694 -0.8781 0.3041
vn -0.1539 -0.7960 0.5854
vn 0.3724 -0.8146 0.4447
vn -0.1517 -0.8203 0.5514
vn -0.6483 -0.5326 0.5441
vn -0.6582 -0.6839 0.3148
vn -0.0630 -0.8516 0.5205
vn -0.5429 -0.8214 0.1750
vn -0.3615 -0.9230 0.1319
vn -0.7964 -0.5699 -0.2023
vn -0.8813 -0.4710 0.0370
vn -0.6452 -0.6853 -0.3378
vn -0.2391 -0.9681 0.0746
vn -0.5638 -0.7205 -0.4036
vn -0.1473 -0.9781 -0.1468
vn -0.4818 -0.6685 -0.5666
vn 0.0772 -0.9470 -0.3120
vn -0.3277 -0.6485 -0.6871
vn 0.2801 -0.8594 -0.4278
vn -0.0899 -0.5789 -0.8105
vn -0.2522 -0.6065 -0.7541
vn 0.1481 -0.5726 -0.8064
vn -0.4967 -0.6446 -0.5812
vn 0.5837 -0.4089 -0.7015
vn 0.9541 -0.0546 -0.2945
vn 0.7175 -0.6525 -0.2438
vn 0.3772 -0.8192 -0.4321
vn 0.9325 -0.3400 0.1220
vn 0.8870 0.0347 0.4604
vn 0.9131 0.2734 0.3025
vn 0.8153 -0.3397 0.4688
vn 0.6379 -0.7552 0.1508
vn 0.7483 0.1105 0.6541
vn 0.7124 0.3172 0.6260
vn 0.7594 0.1598 0.6307
vn 0.6664 -0.2640 0.6973
vn 0.7447 0.1042 0.6592
vn 0.4665 -0.2832 0.8379
vn 0.3710 -0.7843 0.4972
vn 0.1654 -0.5931 0.7879
vn 0.3082 -0.2502 0.9178
vn -0.0622 -0.5179 0.8532
vn 0.5661 0.0002 0.8243
vn -0.3915 -0.6970 0.6007
vn -0.1368 -0.8540 0.5019
vn -0.3867 -0.2439 0.8894
vn -0.7243 -0.4003 0.5613
vn -0.7010 -0.6820 0.2086
vn -0.8753 -0.4697 0.1151
vn -0.8689 -0.3363 0.3632
vn -0.7886 -0.5786 -0.2081
vn -0.5115 -0.8568 0.0656
vn -0.3006 -0.9087 -0.2895
vn -0.0396 -0.9922 0.1180
vn -0.5073 -0.7715 -0.3839
vn -0.6757 -0.5876 -0.4452
vn -0.5900 -0.6208 -0.5162
vn -0.1887 -0.8955 -0.4031
vn 0.0052 -0.8473 -0.5311
vn 0.2563 -0.9630 -0.0837
vn -0.4193 -0.2259 0.8793
vn -0.6686 -0.2311 0.7068
vn -0.3916 0.1359 0.9101
vn -0.6362 0.1011 0.7649
vn 0.0016 0.1348 0.9909
vn -0.3738 0.4110 0.8315
vn -0.0035 0.4283 0.9036
vn 0.3759 0.4130 0.8295
vn -0.0019 0.5878 0.8090
vn 0.3530 0.5574 0.7515
vn 0.6071 0.3780 0.6989
vn 0.5873 0.4987 0.6375
vn -0.0051 0.6334 0.7738
vn 0.3410 0.5978 0.7255
vn 0.7453 0.3476 0.5690
vn 0.7384 0.4436 0.5079
vn 0.3273 0.5817 0.7447
vn 0.8090 0.3628 0.4625
vn 0.8365 0.4266 0.3440
vn 0.8039 0.4044 0.4362
vn 0.7603 0.4822 0.4353
vn 0.7435 0.4346 0.5082
vn -0.7560 0.0696 0.6509
vn -0.7173 -0.2319 0.6570
vn -0.6868 -0.1338 0.7144
vn -0.7845 0.1619 0.5986
vn 0.4787 -0.6050 -0.6362
vn 0.2652 -0.8178 -0.5107
vn 0.0980 -0.7727 -0.6272
vn -0.1557 -0.9692 -0.1908
vn 0.3305 -0.8785 -0.3450
vn 0.0584 -0.9943 0.0893
vn 0.5396 -0.5954 -0.5953
vn 0.5878 -0.8084 0.0313
vn 0.4665 -0.8002 -0.3770
vn -0.3197 0.5964 0.7363
vn -0.5666 0.5382 0.6240
vn 0.0028 0.6179 0.7863
vn -0.3295 0.5433 0.7722
vn -0.5739 0.4878 0.6578
vn 0.0030 0.5679 0.8231
vn 0.3258 0.5963 0.7337
vn 0.3347 0.5434 0.7699
vn 0.0010 0.4777 0.8785
vn 0.3394 0.4515 0.8252
vn -0.3356 0.4542 0.8253
vn -0.0037 0.3920 0.9200
vn -0.3331 0.3623 0.8705
vn 0.3278 0.3606 0.8732
vn -0.5821 0.3969 0.7096
vn -0.5714 0.2918 0.7671
vn -0.7093 0.3404 0.6172
vn -0.7005 0.4345 0.5661
vn -0.6937 0.2154 0.6873
vn -0.3136 0.2296 0.9214
vn -0.5361 0.1387 0.8327
vn -0.6461 0.0318 0.7625
vn -0.7280 0.3215 0.6055
vn -0.7057 0.1839 0.6842
vn -0.6502 -0.0403 0.7587
vn -0.5418 -0.1909 0.8185
vn -0.5145 -0.3218 0.7948
vn -0.4600 -0.0575 0.8861
vn -0.5967 0.0435 0.8013
vn -0.6193 0.2221 0.7531
vn -0.4989 -0.1794 0.8479
vn -0.3200 -0.3379 0.8851
vn -0.3760 -0.4945 0.7837
vn -0.3552 -0.4958 0.7925
vn -0.3115 -0.5856 0.7483
vn -0.3683 -0.3788 0.8491
vn -0.2404 -0.4247 0.8728
vn -0.2541 -0.4923 0.8325
vn -0.2467 -0.5356 0.8076
vn -0.2375 -0.5329 0.8122
vn -0.2487 -0.6120 0.7507
vn -0.2272 -0.5425 0.8088
vn -0.1967 -0.3325 0.9224
vn -0.2108 -0.3396 0.9167
vn -0.2241 -0.3178 0.9213
vn -0.2064 -0.0821 0.9750
vn -0.2442 -0.0529 0.9683
vn -0.1641 -0.0911 0.9822
vn -0.2489 -0.2713 0.9298
vn -0.2160 -0.5184 0.8274
vn -0.2870 -0.0052 0.9579
vn -0.2595 0.1448 0.9548
vn -0.3209 0.1807 0.9297
vn -0.2030 0.1241 0.9713
vn -0.2848 0.2658 0.9210
vn -0.3547 0.2886 0.8893
vn -0.2139 0.2490 0.9446
vn -0.1494 0.2404 0.9591
vn -0.1533 0.1137 0.9816
vn -0.1108 0.1108 0.9876
vn -0.0980 0.2375 0.9664
vn -0.1313 -0.0854 0.9876
vn -0.1744 -0.3024 0.9371
vn -0.0798 0.1168 0.9899
vn -0.1078 -0.0733 0.9915
vn -0.1410 -0.2700 0.9525
vn -0.1990 -0.3470 0.9165
vn -0.0840 -0.2469 0.9654
vn -0.0672 -0.0643 0.9957
vn -0.1181 -0.2818 0.9522
vn -0.3230 -0.2520 0.9122
vn -0.1960 -0.1455 0.9697
vn -0.2727 0.0526 0.9607
vn -0.0046 0.0956 0.9954
vn -0.0028 -0.1025 0.9947
vn -0.0049 0.2666 0.9638
vn 0.3052 0.2295 0.9242
vn 0.2656 0.0526 0.9626
vn 0.5320 0.1379 0.8355
vn 0.4578 -0.0562 0.8873
vn 0.5678 0.2866 0.7717
vn 0.1920 -0.1445 0.9707
vn 0.3221 -0.2499 0.9131
vn 0.6453 0.0311 0.7633
vn 0.5417 -0.1902 0.8188
vn 0.3690 -0.3765 0.8497
vn 0.2004 -0.3451 0.9169
vn 0.1181 -0.2808 0.9525
vn 0.2428 -0.4223 0.8733
vn 0.3563 -0.4919 0.7944
vn 0.2570 -0.4892 0.8335
vn 0.5157 -0.3193 0.7950
vn 0.3156 -0.5822 0.7493
vn 0.2492 -0.5318 0.8094
vn 0.3846 -0.4923 0.7808
vn 0.3297 -0.3357 0.8824
vn 0.5044 -0.1759 0.8454
vn 0.6490 -0.0405 0.7597
vn 0.5969 0.0442 0.8011
vn 0.6905 0.2122 0.6916
vn 0.3661 -0.0681 0.9281
vn 0.4657 0.1217 0.8765
vn 0.2491 -0.0085 0.9684
vn 0.3092 0.1335 0.9416
vn 0.2599 0.2944 0.9197
vn 0.2531 0.1171 0.9603
vn 0.2529 0.0188 0.9673
vn 0.1935 0.3249 0.9257
vn 0.0625 0.2177 0.9740
vn -0.0171 0.4182 0.9082
vn 0.2410 0.5033 0.8298
vn 0.3930 0.1674 0.9042
vn -0.0791 0.7105 0.6992
vn -0.0875 0.3791 0.9212
vn -0.1392 0.7230 0.6767
vn -0.0099 0.0702 0.9975
vn -0.0244 0.3457 0.9380
vn -0.0105 0.7507 0.6605
vn -0.0061 0.0029 1.0000
vn 0.0076 -0.0250 0.9997
vn 0.0109 0.4001 0.9164
vn 0.0568 -0.0356 0.9978
vn 0.0576 0.5061 0.8606
vn 0.0563 0.8522 0.5202
vn 0.0673 0.9489 0.3082
vn 0.1029 0.6247 0.7740
vn 0.0049 0.9936 0.1127
vn 0.1550 -0.0161 0.9878
vn 0.1137 0.7014 0.7036
vn -0.0882 0.9961 0.0078
vn 0.2574 0.0187 0.9661
vn 0.2640 -0.2465 0.9325
vn 0.3391 0.0347 0.9401
vn 0.1241 0.7199 0.6829
vn 0.3555 -0.2142 0.9098
vn 0.3233 -0.0822 0.9427
vn 0.4467 -0.1828 0.8758
vn 0.4237 0.0494 0.9045
vn 0.4134 -0.0948 0.9056
vn 0.3815 0.1434 0.9132
vn 0.3556 0.2958 0.8866
vn 0.3247 0.1731 0.9298
vn 0.4368 0.3210 0.8403
vn 0.4858 0.0996 0.8684
vn 0.5401 0.1683 0.8246
vn 0.4461 0.0132 0.8949
vn 0.5932 0.2495 0.7654
vn 0.4773 0.2908 0.8293
vn 0.4666 0.1075 0.8779
vn 0.6374 0.2934 0.7125
vn 0.5438 0.2420 0.8036
vn 0.5360 0.1032 0.8379
vn 0.6849 -0.0273 0.7282
vn 0.7299 0.0400 0.6824
vn 0.7502 0.1372 0.6468
vn 0.8267 -0.1123 0.5514
vn 0.8552 -0.0310 0.5174
vn 0.7763 -0.1670 0.6078
vn 0.7420 0.2171 0.6342
vn 0.6495 0.2871 0.7041
vn 0.8576 0.0686 0.5098
vn 0.8448 0.1640 0.5094
vn 0.7370 0.2536 0.6266
vn 0.9222 0.0638 0.3814
vn 0.8269 0.2214 0.5169
vn 0.7454 0.2412 0.6214
vn 0.9005 0.1781 0.3968
vn 0.9510 0.1022 0.2918
vn 0.9630 -0.0527 0.2644
vn 0.9849 0.0399 0.1682
vn 0.9783 -0.1416 0.1512
vn 0.9981 -0.0177 0.0592
vn 0.9889 0.0936 0.1151
vn 0.9652 0.1619 0.2053
vn 0.9279 0.1855 0.3235
vn 0.9161 0.2082 0.3426
vn 0.9513 0.1767 0.2526
vn 0.9752 0.1092 0.1924
vn 0.9912 0.0374 0.1271
vn 0.9894 0.0075 0.1451
vn 0.9771 0.0714 0.2002
vn 0.9856 0.0242 0.1674
vn 0.9870 -0.0363 0.1569
vn 0.9784 0.1532 0.1389
vn 0.9884 -0.0441 0.1456
vn 0.8744 0.2544 0.4131
vn 0.6466 0.7216 0.2474
vn 0.4635 0.5786 0.6711
vn 0.0734 0.9743 0.2128
vn 0.3112 0.5858 0.7484
vn 0.0116 0.9729 0.2310
vn -0.0382 0.9562 -0.2904
vn 0.0076 0.9621 -0.2725
vn 0.5627 0.8212 -0.0953
vn -0.1531 0.6727 -0.7239
vn 0.5219 0.6137 -0.5924
vn -0.1149 0.7721 -0.6251
vn 0.9797 0.1787 -0.0912
vn 0.9775 0.2051 0.0504
vn 0.9951 -0.0620 0.0775
vn 0.9915 -0.1014 -0.0819
vn 0.9856 -0.0308 0.1664
vn 0.9986 -0.0095 0.0520
vn 0.9850 0.0068 0.1722
vn 0.9926 -0.0492 -0.1106
vn 0.9863 -0.0214 -0.1638
vn 0.9654 -0.1826 -0.1862
vn 0.9546 -0.1928 -0.2269
vn 0.9535 -0.0912 -0.2872
vn 0.9416 -0.2610 -0.2128
vn 0.9447 -0.2627 -0.1961
vn 0.9250 -0.2828 -0.2537
vn 0.8721 -0.2130 -0.4405
vn 0.8345 -0.3397 -0.4338
vn 0.8718 -0.0812 -0.4831
vn 0.7149 -0.2365 -0.6580
vn 0.7181 -0.0853 -0.6907
vn 0.6855 -0.3699 -0.6271
vn 0.4823 -0.3890 -0.7849
vn 0.5016 -0.2436 -0.8301
vn 0.4966 -0.0669 -0.8654
vn 0.8529 0.0535 -0.5194
vn 0.6944 0.0799 -0.7152
vn 0.4773 0.1051 -0.8724
vn 0.2514 -0.0639 -0.9658
vn 0.2491 0.1154 -0.9616
vn 0.2533 -0.2404 -0.9370
vn -0.0001 -0.0710 -0.9975
vn -0.0011 0.1142 -0.9935
vn 0.0021 -0.2444 -0.9697
vn -0.2501 -0.0648 -0.9660
vn -0.2505 0.1159 -0.9612
vn -0.2460 -0.2380 -0.9396
vn -0.4782 0.1068 -0.8718
vn -0.4962 -0.0662 -0.8657
vn -0.4963 -0.2408 -0.8341
vn -0.4781 -0.3850 -0.7894
vn -0.2373 -0.3832 -0.8927
vn 0.0050 -0.3881 -0.9216
vn -0.2346 -0.4728 -0.8494
vn -0.4680 -0.4687 -0.7492
vn 0.0042 -0.4702 -0.8825
vn 0.2466 -0.3886 -0.8878
vn 0.2410 -0.4753 -0.8462
vn 0.0041 -0.4848 -0.8746
vn 0.2514 -0.4877 -0.8360
vn -0.2432 -0.4875 -0.8386
vn 0.2678 -0.4105 -0.8717
vn 0.0054 -0.4146 -0.9100
vn -0.2573 -0.4167 -0.8719
vn -0.4777 -0.4783 -0.7369
vn -0.5023 -0.3968 -0.7683
vn -0.2636 -0.2806 -0.9229
vn -0.5277 -0.2671 -0.8064
vn 0.0052 -0.2817 -0.9595
vn -0.5295 -0.1531 -0.8344
vn -0.2669 -0.1490 -0.9521
vn 0.0040 -0.1532 -0.9882
vn -0.5172 -0.0268 -0.8554
vn -0.2593 -0.0272 -0.9654
vn 0.0013 -0.0425 -0.9991
vn -0.7198 0.0101 -0.6941
vn -0.7243 -0.1126 -0.6802
vn -0.7114 -0.2516 -0.6562
vn -0.8262 -0.0068 -0.5633
vn -0.8185 -0.1208 -0.5617
vn -0.8078 -0.2357 -0.5403
vn -0.6813 -0.3838 -0.6233
vn -0.7818 -0.3493 -0.5165
vn -0.9205 -0.1366 -0.3662
vn -0.9135 -0.2402 -0.3284
vn -0.8400 -0.3012 -0.4513
vn -0.8375 -0.3423 -0.4258
vn -0.7709 -0.4280 -0.4716
vn -0.6597 -0.4601 -0.5942
vn -0.7893 -0.4223 -0.4458
vn -0.6560 -0.4574 -0.6004
vn -0.8895 -0.3128 -0.3331
vn -0.6845 -0.3652 -0.6310
vn -0.8330 -0.3353 -0.4402
vn -0.7133 -0.2327 -0.6611
vn -0.8711 -0.2074 -0.4451
vn -0.9239 -0.2770 -0.2638
vn -0.9548 -0.1874 -0.2309
vn -0.9513 -0.2342 -0.2007
vn -0.9454 -0.2581 -0.1991
vn -0.9526 -0.2295 -0.1998
vn -0.9418 -0.1873 -0.2792
vn -0.7888 -0.1058 -0.6055
vn -0.8308 -0.1600 -0.5332
vn -0.8358 -0.2182 -0.5038
vn -0.1910 0.0605 -0.9797
vn -0.1354 -0.1154 -0.9840
vn -0.2255 0.1588 -0.9612
vn 0.6089 -0.1306 -0.7824
vn 0.5859 -0.1272 -0.8004
vn 0.5236 -0.0610 -0.8498
vn -0.2416 0.0731 -0.9676
vn 0.4176 0.0469 -0.9074
vn -0.7240 -0.1678 -0.6691
vn 0.7535 -0.0533 -0.6553
vn 0.7687 -0.0496 -0.6377
vn 0.7656 0.0152 -0.6431
vn 0.5580 -0.0317 -0.8293
vn 0.5747 -0.0649 -0.8158
vn 0.6145 -0.0509 -0.7873
vn 0.6864 0.0004 -0.7272
vn 0.6803 -0.0740 -0.7292
vn 0.2205 0.0397 -0.9746
vn 0.6518 -0.0763 -0.7546
vn 0.4681 -0.0774 -0.8803
vn 0.0802 -0.0985 -0.9919
vn -0.2352 -0.1210 -0.9644
vn -0.1931 -0.3215 -0.9270
vn 0.1193 -0.2530 -0.9601
vn 0.3527 -0.0785 -0.9324
vn -0.1150 -0.5533 -0.8250
vn -0.7024 -0.2993 -0.6458
vn -0.7066 -0.4214 -0.5685
vn -0.7458 -0.4975 -0.4430
vn 0.3016 -0.3741 -0.8769
vn -0.0526 -0.7984 -0.5998
vn -0.7666 -0.5977 -0.2348
vn -0.9373 -0.3275 -0.1191
vn -0.9539 -0.2990 -0.0264
vn -0.9256 -0.3310 -0.1837
vn -0.9336 -0.2596 -0.2469
vn -0.9037 -0.3078 -0.2977
vn -0.8977 -0.2999 -0.3228
vn -0.9675 -0.2134 0.1357
vn -0.8149 -0.5797 0.0015
vn -0.9865 -0.1604 -0.0336
vn -0.9602 -0.2297 -0.1588
vn -0.9827 -0.1604 0.0925
vn -0.9692 -0.1167 0.2170
vn -0.9829 -0.0818 0.1649
vn -0.9890 -0.0318 0.1446
vn -0.9426 -0.3317 -0.0395
vn -0.9961 -0.0640 0.0606
vn -0.9960 -0.0456 -0.0766
vn -0.9913 -0.0695 0.1117
vn -0.9969 -0.0784 -0.0102
vn -0.9992 -0.0377 -0.0095
vn -0.9815 -0.1072 -0.1585
vn -0.9561 -0.2655 -0.1237
vn -0.9951 -0.0924 -0.0363
vn -0.9745 -0.2200 0.0436
vn -0.9452 -0.2566 -0.2016
vn -0.9269 -0.2924 -0.2355
vn -0.8837 -0.4311 -0.1820
vn -0.9412 -0.3189 -0.1116
vn -0.8687 -0.4872 -0.0895
vn -0.9251 -0.2747 -0.2621
vn -0.9315 -0.2255 -0.2855
vn -0.9561 -0.1085 -0.2720
vn -0.9253 -0.1995 -0.3224
vn -0.9410 -0.2321 -0.2464
vn -0.8892 -0.2357 -0.3920
vn -0.8894 -0.1522 -0.4310
vn -0.9394 -0.1030 -0.3270
vn -0.4468 -0.4876 -0.7500
vn -0.3650 -0.4825 -0.7962
vn -0.5449 -0.7370 -0.3998
vn -0.9631 -0.2009 -0.1791
vn -0.3038 -0.6813 -0.6660
vn 0.5303 -0.4681 -0.7069
vn 0.5477 -0.5683 -0.6141
vn 0.3902 -0.5686 -0.7241
vn -0.2089 -0.8339 -0.5109
vn -0.9155 -0.4021 -0.0076
vn 0.5748 -0.5682 -0.5889
vn 0.6621 -0.4267 -0.6160
vn 0.6294 -0.4566 -0.6288
vn 0.6495 -0.4064 -0.6427
vn 0.5283 -0.5701 -0.6292
vn 0.4863 -0.5735 -0.6593
vn 0.4854 -0.5920 -0.6434
vn 0.5243 -0.3475 -0.7774
vn 0.4986 -0.4657 -0.7311
vn 0.4637 -0.4000 -0.7906
vn 0.1472 -0.7795 -0.6089
vn 0.2257 -0.6016 -0.7663
vn 0.3082 -0.7145 -0.6281
vn 0.4102 -0.1650 -0.8969
vn 0.4514 -0.1678 -0.8764
vn 0.2675 -0.3842 -0.8837
vn -0.1714 -0.7687 -0.6163
vn -0.0904 -0.6058 -0.7905
vn -0.2753 -0.8539 -0.4416
vn -0.5747 -0.7527 -0.3211
vn -0.4991 -0.6847 -0.5311
vn -0.6449 -0.7455 -0.1682
vn -0.0374 -0.4785 -0.8773
vn 0.3677 -0.2343 -0.9000
vn -0.4974 -0.5896 -0.6364
vn -0.8414 -0.5401 -0.0191
vn -0.8597 -0.4959 -0.1223
vn -0.8573 -0.4924 0.1501
vn -0.9065 -0.4042 -0.1220
vn -0.5458 -0.4741 -0.6908
vn -0.0389 -0.3861 -0.9217
vn -0.1164 -0.3028 -0.9459
vn -0.5635 -0.3272 -0.7585
vn -0.9479 -0.3162 -0.0400
vn -0.7947 -0.0104 0.6069
vn -0.6758 0.0844 0.7323
vn -0.8166 -0.0964 0.5691
vn -0.7142 0.1401 0.6858
vn -0.7048 0.1752 0.6874
vn -0.6844 0.0531 0.7272
vn -0.6208 0.0817 0.7797
vn -0.7564 -0.0677 0.6506
vn -0.6068 -0.1030 0.7881
vn -0.7065 -0.0126 0.7076
vn -0.7970 0.0252 0.6035
vn -0.3225 0.2226 0.9200
vn -0.4408 0.1512 0.8848
vn -0.3535 0.2825 0.8917
vn -0.8547 0.0382 0.5177
vn -0.5214 0.1233 0.8444
vn 0.0906 0.2437 0.9656
vn -0.0251 0.1093 0.9937
vn 0.1587 0.3990 0.9031
vn 0.3829 0.3954 0.8349
vn 0.3521 0.2091 0.9123
vn 0.2403 0.0377 0.9700
vn 0.1441 -0.1403 0.9796
vn -0.2033 -0.0184 0.9790
vn -0.6550 0.0887 0.7504
vn -0.1514 -0.1523 0.9767
vn 0.1515 -0.2940 0.9437
vn -0.4812 -0.0011 0.8766
vn -0.9208 0.2017 0.3339
vn -0.8918 0.1062 0.4398
vn -0.8718 0.1249 0.4737
vn -0.7222 0.1219 0.6808
vn -0.5619 0.3190 0.7632
vn -0.6795 0.2177 0.7006
vn -0.2619 0.2877 0.9212
vn -0.5062 0.1961 0.8399
vn -0.9332 -0.1814 0.3103
vn -0.8585 -0.0092 0.5127
vn -0.8286 -0.3702 -0.4200
vn -0.9213 -0.1989 -0.3341
vn -0.8007 0.0724 0.5946
vn -0.9466 -0.1028 -0.3055
vn -0.0879 0.2601 0.9616
vn 0.0444 0.1170 0.9921
vn -0.6723 0.0230 0.7399
vn -0.9876 -0.0348 -0.1531
vn -0.5194 -0.2174 -0.8264
vn -0.5256 -0.1167 -0.8427
vn -0.6071 -0.0028 -0.7946
vn -0.9980 -0.0445 0.0439
vn -0.7312 0.1200 -0.6715
vn -0.4896 -0.1581 0.8575
vn -0.9183 -0.1519 0.3655
vn -0.8789 0.1575 -0.4502
vn -0.1754 -0.3450 0.9220
vn 0.1871 -0.0965 0.9776
vn 0.2529 -0.2828 0.9253
vn -0.0644 -0.1040 0.9925
vn -0.1476 -0.2721 0.9509
vn -0.1690 0.1471 0.9746
vn -0.3497 0.3118 0.8835
vn -0.8014 0.1816 0.5699
vn -0.6940 -0.0349 0.7191
vn -0.8839 0.2661 0.3847
vn -0.9382 0.1680 0.3025
vn -0.9398 0.1973 0.2792
vn -0.8343 0.2220 0.5045
vn -0.8828 0.2248 0.4125
vn -0.9159 0.1532 0.3709
vn -0.8837 0.0916 0.4589
vn -0.7915 0.1996 0.5776
vn -0.8276 0.0781 0.5558
vn -0.7008 0.2693 0.6606
vn -0.6919 0.0820 0.7173
vn -0.7525 -0.0240 0.6581
vn -0.5848 0.1780 0.7914
vn -0.7278 -0.1407 0.6712
vn -0.7039 -0.1257 0.6991
vn -0.7125 -0.2267 0.6640
vn -0.6444 -0.1782 0.7436
vn -0.6220 -0.3610 0.6948
vn -0.5746 -0.1669 0.8012
vn -0.5242 -0.4510 0.7224
vn -0.4926 -0.1186 0.8622
vn -0.4600 -0.5187 0.7207
vn -0.6026 -0.3045 0.7377
vn -0.5026 0.0866 0.8602
vn -0.4975 0.2635 0.8265
vn -0.5885 0.2191 0.7783
vn -0.4143 0.0185 0.9099
vn -0.4338 0.1643 0.8859
vn -0.5241 0.1919 0.8298
vn -0.2071 -0.3169 0.9256
vn -0.1287 -0.2815 0.9509
vn -0.2404 -0.2836 0.9283
vn 0.2293 -0.4351 0.8707
vn 0.2618 -0.5720 0.7774
vn 0.2350 -0.6816 0.6930
vn -0.2754 -0.4020 0.8732
vn -0.6571 -0.0527 0.7519
vn -0.1017 -0.7720 0.6274
vn 0.1772 -0.8006 0.5724
vn -0.5963 -0.5754 0.5597
vn 0.4425 -0.6074 0.6598
vn -0.9067 -0.4199 0.0383
vn -0.9916 0.1202 -0.0485
vn -0.6119 -0.5390 0.5789
vn -0.8133 -0.1386 0.5651
vn -0.9276 0.1851 0.3246
vn -0.2348 -0.6646 0.7094
vn -0.9378 0.0686 -0.3402
vn -0.9290 -0.1042 0.3552
vn -0.7480 0.2542 -0.6131
vn -0.8762 -0.4702 0.1060
vn -0.9207 -0.1653 -0.3537
vn -0.6788 -0.3835 0.6262
vn -0.4825 0.1756 0.8581
vn -0.5423 0.1309 0.8299
vn -0.4531 0.0780 0.8881
vn -0.5052 -0.6787 0.5331
vn -0.5969 -0.3598 0.7171
vn -0.5080 0.2190 0.8330
vn -0.0386 0.5004 0.8649
vn 0.0141 0.8220 0.5693
vn 0.0025 0.3415 0.9399
vn 0.3632 0.9309 -0.0397
vn 0.2947 0.7967 0.5277
vn 0.2710 0.5328 0.8017
vn 0.2103 0.9351 0.2853
vn 0.0994 0.9847 -0.1433
vn 0.3235 0.6718 0.6664
vn 0.3290 0.3180 0.8892
vn 0.0580 0.2755 0.9596
vn 0.0990 0.6541 0.7499
vn -0.3138 0.7602 0.5689
vn 0.3929 0.1282 0.9106
vn -0.6729 0.0753 0.7359
vn -0.6089 0.0007 0.7933
vn -0.8257 0.2409 0.5101
vn -0.8951 0.0742 0.4396
vn -0.6615 0.6997 0.2699
vn -0.9351 0.2403 0.2604
vn -0.9470 0.2081 0.2446
vn -0.5657 0.8107 0.1511
vn 0.1942 0.9532 -0.2318
vn 0.5824 0.7328 -0.3518
vn -0.3305 0.9140 0.2352
vn 0.3291 0.9131 -0.2408
vn 0.5884 0.7090 -0.3887
vn 0.4136 0.8648 -0.2847
vn 0.5464 0.8374 -0.0158
vn -0.1355 0.9601 0.2447
vn 0.2854 0.8461 -0.4502
vn 0.4957 0.7012 -0.5125
vn -0.3764 0.9185 -0.1209
vn -0.7233 0.4776 0.4986
vn -0.8805 0.4657 0.0886
vn -0.3716 0.8316 -0.4128
vn 0.2639 0.7551 -0.6002
vn -0.0963 0.6666 -0.7391
vn -0.6604 0.6287 -0.4106
vn 0.3292 0.6404 -0.6939
vn 0.4403 0.6857 -0.5796
vn 0.2678 0.6952 -0.6670
vn 0.2473 0.9029 -0.3517
vn 0.0974 0.9074 -0.4089
vn -0.4396 0.7217 -0.5347
vn 0.4504 0.5067 -0.7352
vn -0.1836 0.0177 -0.9828
vn 0.1941 0.4996 -0.8442
vn 0.1923 0.1981 -0.9611
vn -0.7619 -0.4445 -0.4712
vn 0.1995 -0.2936 -0.9349
vn -0.4956 -0.2827 -0.8212
vn 0.6127 -0.0854 -0.7857
vn -0.8260 0.5583 -0.0778
vn -0.9271 -0.2729 0.2570
vn -0.9325 -0.1162 0.3421
vn -0.6903 0.1745 0.7022
vn -0.4136 0.8303 0.3737
vn -0.4492 0.1297 0.8840
vn -0.3146 0.9084 0.2754
vn -0.5772 0.2522 0.7767
vn -0.8150 0.3109 0.4889
vn -0.8772 0.1062 0.4683
vn -0.6600 0.0212 0.7510
vn -0.7676 0.3252 0.5522
vn -0.8134 0.4166 0.4061
vn -0.6601 0.2800 0.6970
vn -0.8490 0.1555 0.5051
vn -0.6736 0.2134 0.7076
vn -0.9177 0.1346 0.3738
vn -0.8022 0.2625 0.5362
vn -0.6748 0.4932 0.5489
vn -0.5681 0.2973 0.7674
vn -0.7595 0.0357 0.6495
vn -0.9131 -0.3242 0.2471
vn -0.8806 -0.4714 0.0494
vn -0.4725 -0.8109 -0.3453
vn -0.0130 -0.8113 -0.5845
vn -0.8537 -0.4486 0.2645
vn -0.5124 -0.8536 -0.0936
vn -0.0584 -0.9089 -0.4129
vn 0.2921 -0.7476 -0.5965
vn -0.2281 -0.9730 0.0352
vn 0.1207 -0.9437 -0.3079
vn 0.3806 -0.7525 -0.5375
vn 0.5039 -0.5641 -0.6541
vn 0.4026 -0.8513 -0.3364
vn 0.1315 -0.9892 0.0642
vn 0.6427 -0.5154 -0.5668
vn 0.3405 -0.8325 -0.4371
vn -0.7124 -0.6852 0.1516
vn 0.1470 -0.9803 0.1317
vn -0.0429 -0.6825 0.7296
vn -0.2705 -0.8112 0.5184
vn -0.6602 -0.5851 0.4710
vn -0.4941 -0.7515 0.4372
vn -0.5318 -0.2244 0.8166
vn -0.3387 -0.1184 0.9334
vn -0.5935 0.1986 0.7800
vn -0.6984 -0.3051 0.6475
vn -0.6320 0.2758 0.7242
vn -0.6060 0.3307 0.7235
vn -0.6733 0.2287 0.7031
vn -0.6383 -0.3135 0.7031
vn -0.8760 -0.0728 0.4768
vn -0.6368 0.1209 0.7615
vn -0.9480 0.0088 0.3182
vn -0.9781 -0.1790 0.1058
vn -0.9875 -0.1562 -0.0210
vn -0.9800 -0.1932 -0.0478
vn -0.9808 -0.1899 0.0434
vn -0.9852 -0.1619 -0.0568
vn -0.9828 -0.1739 -0.0616
vn -0.9706 -0.2091 -0.1193
vn -0.9692 -0.1936 -0.1520
vn -0.9489 -0.2491 -0.1936
vn -0.9743 -0.2238 0.0259
vn -0.9900 -0.1366 0.0349
vn -0.9851 -0.1703 0.0261
vn -0.9240 -0.2949 -0.2435
vn -0.9765 -0.1389 0.1650
vn -0.9818 -0.1356 0.1329
vn -0.9772 -0.1900 0.0945
vn -0.9630 -0.1813 0.1994
vn -0.9630 -0.2173 0.1592
vn -0.9512 -0.1500 0.2696
vn -0.9362 -0.2975 0.1872
vn -0.9389 -0.1812 0.2925
vn -0.9187 -0.1628 0.3599
vn -0.8927 -0.2148 0.3961
vn -0.9237 -0.2186 0.3146
vn -0.9387 -0.2307 0.2560
vn -0.8374 -0.2473 0.4875
vn -0.8863 -0.2233 0.4058
vn -0.9188 -0.1657 0.3582
vn -0.9536 -0.1868 0.2362
vn -0.9314 -0.0679 0.3576
vn -0.8562 -0.0377 0.5152
vn -0.8587 0.0702 0.5077
vn -0.8230 -0.1209 0.5550
vn -0.7498 0.1353 0.6477
vn -0.7431 0.2215 0.6315
vn -0.7308 0.0317 0.6818
vn -0.7785 -0.1708 0.6039
vn -0.6874 -0.0332 0.7255
vn -0.7216 -0.2099 0.6598
vn -0.6237 -0.0807 0.7775
vn -0.7849 -0.2615 0.5618
vn -0.5947 0.2458 0.7655
vn -0.5376 0.1635 0.8272
vn -0.4881 0.0964 0.8675
vn -0.5655 -0.1410 0.8126
vn -0.4554 0.0104 0.8902
vn -0.6523 -0.2420 0.7183
vn -0.5305 -0.1663 0.8312
vn -0.6122 -0.2297 0.7566
vn -0.4162 -0.0457 0.9081
vn -0.7358 -0.2602 0.6252
vn -0.6890 -0.2369 0.6850
vn -0.7508 -0.2204 0.6227
vn -0.7857 -0.2325 0.5733
vn -0.8369 -0.2297 0.4969
vn -0.8673 -0.1942 0.4583
vn -0.8145 -0.2133 0.5395
vn -0.8788 -0.2352 0.4153
vn -0.8214 -0.2685 0.5032
vn -0.8662 -0.3597 0.3470
vn -0.8063 -0.3792 0.4540
vn -0.7811 -0.2195 0.5846
vn -0.7847 -0.2811 0.5524
vn -0.7729 -0.3731 0.5133
vn -0.7662 -0.5275 0.3671
vn -0.7604 -0.4657 0.4527
vn -0.7973 -0.5522 0.2436
vn -0.7340 -0.6009 0.3166
vn -0.6970 -0.6886 0.1999
vn -0.6578 -0.7371 0.1546
vn -0.6080 -0.7914 0.0640
vn -0.5488 -0.8348 0.0441
vn -0.5753 -0.8159 0.0578
vn -0.4946 -0.8686 0.0297
vn -0.4962 -0.8607 0.1138
vn -0.6241 -0.7747 0.1012
vn -0.6182 -0.6997 0.3581
vn -0.6150 -0.7878 0.0341
vn -0.4102 -0.8993 0.1518
vn -0.3888 -0.9210 0.0249
vn -0.5318 -0.6939 0.4856
vn -0.6513 -0.4074 0.6402
vn -0.6251 -0.3491 0.6981
vn -0.7181 -0.4612 0.5212
vn -0.6334 -0.1937 0.7492
vn -0.7119 -0.6719 0.2042
vn -0.7252 -0.2727 0.6322
vn -0.6718 -0.1260 0.7299
vn -0.7935 -0.4947 0.3546
vn -0.7181 -0.0522 0.6940
vn -0.5980 -0.0277 0.8010
vn -0.5995 -0.1563 0.7849
vn -0.5933 0.0280 0.8045
vn -0.7588 0.0424 0.6500
vn -0.4716 -0.0657 0.8794
vn -0.4259 0.0090 0.9047
vn -0.5965 0.0499 0.8011
vn -0.7635 0.1346 0.6317
vn -0.8777 0.0349 0.4780
vn -0.8598 0.1634 0.4837
vn -0.8685 -0.0815 0.4889
vn -0.8947 0.2032 0.3978
vn -0.9430 0.0844 0.3218
vn -0.9664 -0.0254 0.2558
vn -0.9898 0.1329 0.0505
vn -0.9418 0.2806 0.1851
vn -0.8736 0.3853 0.2973
vn -0.8047 0.4480 0.3896
vn -0.8140 0.3189 0.4854
vn -0.8015 0.2976 0.5186
vn -0.7249 0.5143 0.4583
vn -0.7033 0.4593 0.5427
vn -0.6684 0.4983 0.5522
vn -0.6692 0.5297 0.5211
vn -0.5625 0.5897 0.5795
vn -0.6707 0.5354 0.5133
vn -0.7020 0.6992 0.1351
vn -0.6619 0.7047 0.2556
vn -0.7532 0.6536 0.0745
vn -0.5871 0.7622 -0.2727
vn -0.5973 0.7811 -0.1820
vn -0.6174 0.7293 -0.2948
vn -0.7996 0.6001 0.0244
vn -0.6699 0.6675 -0.3252
vn -0.8615 0.5060 -0.0408
vn -0.7358 0.5761 -0.3560
vn -0.9271 0.3431 -0.1511
vn -0.8061 0.4210 -0.4159
vn -0.5599 0.5483 -0.6212
vn -0.6122 0.4464 -0.6527
vn -0.5034 0.6338 -0.5873
vn -0.3241 0.4944 -0.8065
vn -0.3672 0.4038 -0.8379
vn -0.2840 0.5712 -0.7701
vn -0.2523 0.6225 -0.7409
vn -0.4592 0.6883 -0.5616
vn -0.2376 0.6428 -0.7283
vn -0.4355 0.7133 -0.5491
vn -0.4555 0.7354 -0.5017
vn -0.2612 0.6568 -0.7074
vn -0.0447 0.5727 -0.8186
vn -0.0368 0.5669 -0.8229
vn -0.0584 0.5644 -0.8234
vn -0.0007 0.5127 -0.8586
vn 0.0007 0.4957 -0.8685
vn 0.0002 0.5303 -0.8478
vn -0.0748 0.5116 -0.8560
vn 0.0004 0.4416 -0.8972
vn -0.0236 0.3490 -0.9368
vn -0.1253 0.4275 -0.8953
vn -0.1556 0.3084 -0.9384
vn -0.0205 0.3196 -0.9473
vn 0.1033 0.3863 -0.9166
vn 0.0822 0.4663 -0.8808
vn 0.1288 0.3588 -0.9245
vn -0.0007 0.2437 -0.9698
vn 0.1585 0.2830 -0.9459
vn -0.1786 0.2386 -0.9546
vn -0.0012 0.1656 -0.9862
vn 0.1892 0.2142 -0.9583
vn -0.2053 0.2009 -0.9579
vn -0.4225 0.3098 -0.8517
vn -0.4472 0.2251 -0.8656
vn -0.6444 0.3172 -0.6958
vn -0.6792 0.2233 -0.6991
vn -0.8312 0.2944 -0.4717
vn -0.8359 0.2235 -0.5014
vn -0.8313 0.1133 -0.5442
vn -0.7024 0.1391 -0.6980
vn -0.4885 0.1132 -0.8652
vn -0.9413 0.0804 -0.3278
vn -0.9287 0.0124 -0.3706
vn -0.9523 0.1711 -0.2528
vn -0.9224 -0.0650 -0.3807
vn -0.9966 -0.0528 -0.0636
vn -0.9956 -0.0802 -0.0486
vn -0.9978 -0.0213 -0.0634
vn -0.9565 -0.1013 0.2734
vn -0.9708 -0.1395 0.1953
vn -0.9584 -0.0950 0.2692
vn -0.8954 -0.4148 0.1619
vn -0.8657 -0.2544 0.4310
vn -0.7590 -0.6496 0.0434
vn -0.7653 -0.6373 -0.0909
vn -0.8227 -0.1452 0.5497
vn -0.8355 -0.1133 0.5376
vn -0.9653 -0.0789 0.2491
vn -0.9992 0.0250 -0.0312
vn -0.6567 -0.7539 0.0163
vn -0.8880 -0.4549 -0.0674
vn -0.7101 -0.7041 0.0051
vn -0.8536 -0.5119 0.0969
vn -0.6815 -0.7247 0.1021
vn -0.2363 0.0966 -0.9669
vn -0.0005 0.0684 -0.9977
vn 0.2254 0.1200 -0.9668
vn 0.2594 -0.0063 -0.9658
vn 0.2784 -0.1308 -0.9515
vn 0.5156 0.0321 -0.8562
vn 0.5366 -0.1033 -0.8375
vn 0.4797 0.1642 -0.8619
vn 0.2819 -0.2665 -0.9217
vn 0.5376 -0.2503 -0.8052
vn 0.5109 -0.3969 -0.7625
vn 0.4838 -0.4786 -0.7327
vn 0.6912 -0.3709 -0.6202
vn 0.7167 -0.2244 -0.6603
vn 0.6641 -0.4608 -0.5887
vn 0.4702 -0.4722 -0.7456
vn 0.6565 -0.4620 -0.5963
vn 0.7923 -0.4259 -0.4369
vn 0.7762 -0.4280 -0.4629
vn 0.7902 -0.3368 -0.5121
vn 0.8953 -0.3216 -0.3084
vn 0.8594 -0.3369 -0.3845
vn 0.8619 -0.2817 -0.4217
vn 0.8155 -0.2141 -0.5377
vn 0.9709 -0.1912 -0.1441
vn 0.9468 -0.2301 -0.2252
vn 0.9250 -0.2892 -0.2465
vn 0.9460 -0.3114 -0.0906
vn 0.9700 -0.2122 0.1185
vn 0.9855 -0.1577 -0.0630
vn 0.9025 -0.3722 -0.2167
vn 0.9833 -0.1533 0.0984
vn 0.9707 -0.1155 0.2105
vn 0.7684 -0.6368 -0.0640
vn 0.9050 -0.4235 -0.0411
vn 0.6401 -0.6974 -0.3222
vn 0.9732 -0.1726 -0.1518
vn 0.3306 -0.6659 -0.6688
vn 0.0914 -0.8333 -0.5452
vn -0.0778 -0.8735 -0.4806
vn -0.6351 -0.4951 -0.5929
vn -0.5740 -0.4258 -0.6994
vn -0.5843 -0.5290 -0.6155
vn -0.0663 -0.7597 -0.6468
vn -0.2956 -0.4094 -0.8631
vn 0.0220 -0.4961 -0.8680
vn -0.1034 -0.2575 -0.9607
vn 0.5743 -0.5613 -0.5958
vn 0.5864 -0.4307 -0.6860
vn 0.1333 -0.2985 -0.9450
vn 0.8871 -0.3769 -0.2666
vn 0.6328 -0.2881 -0.7187
vn 0.2022 -0.0991 -0.9743
vn 0.8970 -0.3259 -0.2986
vn 0.9108 -0.3135 -0.2687
vn 0.9303 -0.2679 -0.2504
vn 0.9173 -0.2572 -0.3040
vn 0.9366 -0.2232 -0.2702
vn 0.9507 -0.2398 -0.1966
vn 0.7787 -0.0891 -0.6211
vn 0.6939 -0.1345 -0.7074
vn 0.2190 0.1480 -0.9644
vn 0.2120 0.0653 -0.9751
vn -0.5141 -0.0683 -0.8550
vn -0.4361 0.0474 -0.8986
vn -0.2389 0.0491 -0.9698
vn -0.0765 -0.1018 -0.9919
vn -0.7731 0.0221 -0.6340
vn -0.6954 0.0122 -0.7185
vn -0.4664 -0.0765 -0.8812
vn -0.6582 -0.0974 -0.7465
vn -0.6826 -0.0734 -0.7271
vn -0.6171 -0.0462 -0.7855
vn -0.7716 -0.0515 -0.6340
vn -0.5733 -0.0586 -0.8173
vn -0.5514 -0.0308 -0.8337
vn -0.7515 -0.0585 -0.6571
vn -0.5845 -0.1239 -0.8019
vn 0.1858 0.0731 -0.9799
vn -0.6995 0.0101 -0.7146
vn -0.6168 -0.1188 -0.7781
vn 0.1064 -0.0957 -0.9897
vn 0.8218 -0.1680 -0.5445
vn 0.8241 -0.2274 -0.5187
vn 0.8128 -0.1534 -0.5619
vn -0.0179 -0.1152 -0.9932
vn -0.0949 0.0438 -0.9945
vn 0.7849 -0.0494 -0.6176
vn -0.5923 -0.0080 -0.8057
vn -0.5352 0.1734 -0.8267
vn -0.2458 0.3335 -0.9102
vn -0.4063 0.4605 -0.7892
vn 0.6155 0.2268 -0.7548
vn -0.4386 0.2810 -0.8536
vn -0.1497 0.5103 -0.8469
vn 0.1351 0.7932 -0.5938
vn 0.1139 0.9574 -0.2652
vn 0.4805 0.7245 -0.4942
vn 0.2664 0.4466 -0.8541
vn 0.3189 0.9226 -0.2171
vn 0.3562 0.8548 0.3775
vn 0.1485 0.9407 0.3048
vn 0.3827 0.4010 0.8323
vn 0.3079 0.5125 0.8016
vn 0.5995 -0.1207 0.7912
vn 0.6028 -0.2257 0.7653
vn 0.6558 -0.3718 0.6570
vn 0.6162 0.1000 0.7812
vn 0.6119 0.6202 0.4910
vn 0.7635 -0.5700 0.3035
vn 0.7422 -0.4087 0.5312
vn 0.8050 -0.0025 0.5933
vn 0.6130 0.7893 -0.0347
vn 0.9079 0.2224 0.3554
vn 0.9308 0.2962 -0.2144
vn 0.9636 0.1293 0.2340
vn 0.4290 -0.8405 0.3309
vn 0.4373 -0.7304 0.5247
vn 0.5333 -0.5437 0.6481
vn 0.9905 0.1236 -0.0601
vn 0.7459 0.2839 -0.6025
vn 0.7484 -0.2502 0.6143
vn -0.0861 -0.5062 0.8581
vn -0.2680 -0.7896 0.5520
vn -0.2322 -0.9430 0.2382
vn 0.9336 -0.1038 0.3431
vn 0.8857 0.1576 -0.4366
vn 0.1841 -0.2601 0.9479
vn -0.3274 -0.4667 0.8216
vn -0.3367 -0.2262 0.9140
vn -0.2647 -0.7767 0.5716
vn 0.2047 -0.4220 0.8832
vn 0.3369 -0.6125 0.7151
vn 0.0707 -0.2628 0.9623
vn -0.1660 -0.9546 0.2475
vn 0.3402 -0.7654 0.5463
vn -0.0759 -0.9919 -0.1016
vn -0.0211 -0.9998 -0.0011
vn 0.3133 -0.8532 0.4170
vn 0.5252 -0.4472 0.7240
vn 0.6240 -0.3412 0.7030
vn 0.7099 -0.2215 0.6686
vn 0.5652 -0.1587 0.8096
vn 0.6453 -0.1657 0.7458
vn 0.7506 -0.0223 0.6604
vn 0.6992 0.0905 0.7092
vn 0.4886 -0.1353 0.8620
vn 0.5911 0.1781 0.7867
vn 0.4976 -0.5235 0.6916
vn 0.8232 0.0841 0.5614
vn 0.7964 0.2076 0.5681
vn 0.7209 0.2680 0.6391
vn 0.5050 0.2629 0.8221
vn 0.6031 0.2211 0.7664
vn 0.5331 0.0541 0.8443
vn 0.4435 0.1602 0.8819
vn 0.4383 0.0304 0.8983
vn 0.5399 0.1902 0.8199
vn 0.2000 -0.3272 0.9236
vn 0.1663 -0.2651 0.9498
vn 0.2401 -0.2647 0.9340
vn -0.2595 -0.5965 0.7595
vn -0.2410 -0.7115 0.6601
vn -0.2116 -0.4153 0.8847
vn 0.2479 -0.3356 0.9088
vn 0.0735 -0.7392 0.6694
vn 0.6592 -0.0920 0.7463
vn -0.1808 -0.8002 0.5719
vn -0.4763 -0.5436 0.6911
vn 0.6225 -0.5779 0.5278
vn 0.6064 -0.5660 0.5585
vn 0.8854 -0.4559 0.0911
vn 0.9879 0.1290 -0.0866
vn 0.2495 -0.5917 0.7666
vn 0.8394 -0.1266 0.5286
vn 0.9305 0.2052 0.3035
vn 0.9327 0.1157 -0.3416
vn 0.9241 -0.1021 0.3681
vn 0.7110 0.2083 -0.6716
vn 0.8838 -0.1504 -0.4430
vn 0.8822 -0.4576 0.1109
vn 0.6668 -0.3948 0.6320
vn 0.5065 -0.6775 0.5334
vn 0.6160 -0.3527 0.7044
vn 0.6685 -0.7202 0.1856
vn 0.5288 0.1125 0.8413
vn 0.4462 0.0711 0.8921
vn 0.5208 0.2305 0.8220
vn 0.7992 -0.1211 0.5888
vn 0.7329 0.4598 0.5015
vn 0.6504 -0.5429 0.5312
vn 0.8788 0.4537 0.1482
vn 0.9490 -0.0702 0.3074
vn 0.8733 -0.4211 0.2450
vn 0.9820 0.1843 0.0419
vn 0.9847 -0.1660 -0.0536
vn 0.9086 -0.4135 -0.0583
vn 0.7615 -0.6364 0.1226
vn 0.8401 -0.5424 -0.0013
vn 0.5054 -0.8240 0.2560
vn 0.8801 -0.1779 -0.4403
vn 0.8553 -0.3369 -0.3937
vn 0.8287 -0.5294 -0.1816
vn 0.5055 -0.8434 -0.1819
vn -0.0100 -0.7573 -0.6530
vn 0.5206 -0.5847 -0.6221
vn 0.4391 -0.3336 -0.8342
vn -0.3119 -0.3549 -0.8813
vn -0.3398 -0.0000 -0.9405
vn 0.4313 -0.1202 -0.8942
vn 0.0369 0.4364 -0.8990
vn 0.5334 0.2184 -0.8172
vn 0.8903 0.1658 -0.4242
vn 0.6165 0.6773 -0.4015
vn 0.0077 0.6689 -0.7434
vn 0.3754 0.8318 -0.4089
vn -0.2359 0.2165 -0.9473
vn -0.6251 -0.0644 -0.7779
vn -0.0819 0.4931 -0.8661
vn -0.2890 0.6379 -0.7138
vn 0.2586 0.0250 -0.9657
vn -0.3803 0.5078 -0.7730
vn -0.1923 -0.3057 -0.9325
vn -0.5816 -0.2937 -0.7586
vn -0.1299 -0.2407 -0.9619
vn -0.2079 -0.6951 -0.6882
vn 0.3827 -0.3992 -0.8332
vn 0.2954 -0.9275 -0.2291
vn 0.5532 -0.6311 -0.5438
vn 0.6527 -0.7569 0.0337
vn 0.7681 -0.6072 0.2032
vn 0.8011 -0.5311 0.2761
vn 0.7201 -0.4317 -0.5433
vn 0.3783 0.0911 -0.9212
vn 0.6294 -0.3686 -0.6841
vn 0.7931 -0.5899 0.1515
vn 0.1737 -0.0022 -0.9848
vn 0.8328 -0.1756 -0.5250
vn 0.6223 -0.4372 -0.6493
vn 0.2506 -0.5695 -0.7828
vn 0.1139 -0.3524 -0.9289
vn 0.6086 -0.6353 -0.4754
vn 0.0407 -0.8820 -0.4694
vn 0.0719 -0.8415 -0.5355
vn 0.5406 -0.8408 0.0288
vn 0.7165 -0.5293 0.4544
vn 0.7295 -0.4590 0.5071
vn 0.8991 -0.4234 0.1111
vn 0.7616 -0.3745 0.5288
vn 0.9687 -0.2305 0.0921
vn 0.9237 -0.0035 -0.3830
vn 0.8078 -0.1882 -0.5586
vn 0.7211 -0.4503 -0.5265
vn 0.5082 -0.2762 -0.8158
vn 0.6784 0.1973 0.7077
vn 0.8187 0.5637 -0.1093
vn 0.4540 0.7126 -0.5349
vn 0.4379 0.1327 0.8892
vn 0.4442 0.7996 0.4043
vn -0.0447 0.9125 -0.4065
vn -0.2524 0.6985 -0.6696
vn -0.4208 0.6956 -0.5823
vn -0.2217 0.9163 -0.3336
vn -0.4964 0.7077 -0.5027
vn 0.3265 0.8845 0.3333
vn -0.3056 0.9212 -0.2407
vn -0.5639 0.7153 -0.4127
vn 0.3346 0.9152 0.2245
vn 0.5749 0.2074 0.7915
vn 0.8157 0.3050 0.4915
vn 0.9487 0.2033 0.2421
vn 0.5832 0.7971 0.1567
vn -0.1890 0.9489 -0.2528
vn 0.6422 0.7273 0.2421
vn -0.0968 0.9842 -0.1480
vn 0.8937 0.1061 0.4360
vn 0.9284 0.2470 0.2777
vn 0.8223 0.2335 0.5189
vn 0.8749 0.0998 0.4739
vn 0.6539 0.1361 0.7442
vn 0.2604 0.7866 0.5599
vn 0.6025 0.0030 0.7981
vn 0.6847 0.4887 0.5406
vn 0.5879 0.2900 0.7551
vn 0.8119 0.4135 0.4120
vn 0.8141 0.2432 0.5274
vn 0.7888 -0.0250 0.6141
vn 0.9187 0.1238 0.3751
vn 0.6347 0.0592 0.7705
vn 0.6025 -0.0935 0.7926
vn 0.7727 -0.0884 0.6286
vn 0.8244 -0.5619 0.0681
vn 0.8258 -0.5625 -0.0415
vn 0.9173 -0.3399 0.2073
vn 0.4840 -0.6917 -0.5360
vn 0.5078 -0.7799 -0.3658
vn 0.6551 -0.7316 -0.1887
vn 0.8838 -0.4662 0.0398
vn 0.4672 -0.8092 -0.3564
vn 0.8525 -0.4581 0.2518
vn 0.5059 -0.8569 -0.0991
vn 0.8484 0.1568 0.5057
vn 0.7552 0.3268 0.5682
vn 0.6665 0.2203 0.7122
vn 0.6965 -0.3166 0.6439
vn 0.6412 0.2818 0.7137
vn 0.6624 0.0124 0.7491
vn 0.6251 0.2909 0.7243
vn 0.5450 0.0417 0.8374
vn 0.5644 0.1502 0.8117
vn 0.6551 0.3458 0.6718
vn 0.6256 0.2656 0.7335
vn 0.5196 -0.2542 0.8157
vn 0.6082 0.1943 0.7697
vn 0.5298 0.3976 0.7491
vn 0.4821 -0.7652 0.4267
vn 0.2610 -0.8147 0.5179
vn 0.1920 -0.9812 0.0217
vn 0.0455 -0.6653 0.7452
vn -0.1824 -0.9690 0.1666
vn -0.1197 -0.9909 0.0615
vn 0.5319 -0.7130 -0.4568
vn -0.4052 -0.8071 -0.4294
vn -0.3917 -0.8574 -0.3340
vn -0.6661 -0.5241 -0.5307
vn -0.4892 -0.5374 -0.6869
vn 0.3992 -0.4928 -0.7732
vn -0.3607 -0.7604 -0.5401
vn -0.4682 -0.5664 -0.6782
vn -0.1579 -0.9334 -0.3223
vn -0.3141 -0.7464 -0.5867
vn -0.5102 -0.5806 -0.6345
vn -0.6442 -0.4106 -0.6453
vn -0.5241 -0.4823 -0.7019
vn -0.6567 -0.4464 -0.6078
vn -0.5100 -0.5870 -0.6288
vn 0.4079 -0.4628 -0.7870
vn -0.6359 -0.4503 -0.6268
vn 0.9475 -0.0890 -0.3073
vn 0.8996 -0.1381 -0.4143
vn 0.8990 -0.2126 -0.3828
vn -0.4833 -0.5772 -0.6582
vn -0.5348 -0.3245 -0.7802
vn -0.4503 -0.3875 -0.8044
vn -0.3473 -0.2033 -0.9154
vn -0.4339 -0.1420 -0.8897
vn -0.2710 -0.1524 -0.9504
vn -0.5187 -0.0600 -0.8529
vn -0.3095 -0.3471 -0.8853
vn -0.4387 -0.2019 -0.8757
vn -0.4489 -0.2112 -0.8682
vn -0.3510 -0.2075 -0.9131
vn 0.0316 -0.3853 -0.9223
vn 0.0062 -0.4733 -0.8809
vn 0.0879 -0.2829 -0.9551
vn -0.1596 -0.2280 -0.9605
vn 0.4114 -0.3454 -0.8435
vn 0.5774 -0.3564 -0.7346
vn 0.8270 -0.3778 -0.4163
vn 0.5458 -0.4858 -0.6828
vn 0.9195 -0.2011 -0.3379
vn 0.5387 -0.1932 -0.8200
vn -0.0509 -0.1472 -0.9878
vn 0.9565 -0.0976 -0.2750
vn 0.5542 -0.1029 -0.8260
vn -0.0514 -0.0630 -0.9967
vn 0.0631 0.0453 -0.9970
vn 0.6585 -0.0049 -0.7526
vn -0.4723 0.0574 -0.8795
vn -0.3424 0.2083 -0.9162
vn -0.5967 0.1221 -0.7931
vn 0.1883 0.2102 -0.9594
vn -0.1034 0.3500 -0.9310
vn 0.4058 0.3188 -0.8566
vn 0.7644 0.1057 -0.6361
vn 0.9981 -0.0405 0.0469
vn 0.9893 -0.0332 -0.1420
vn 0.6930 -0.0406 0.7198
vn 0.8000 0.0304 0.5993
vn 0.5156 -0.1410 0.8451
vn -0.2763 -0.0830 0.9575
vn -0.0804 0.0553 0.9952
vn 0.0461 0.2298 0.9721
vn 0.2977 0.2694 0.9159
vn 0.8941 -0.0321 0.4467
vn 0.5180 0.1773 0.8368
vn 0.9442 -0.1907 0.2685
vn 0.6428 0.2318 0.7302
vn 0.5049 0.3691 0.7802
vn 0.2130 0.3186 0.9237
vn 0.6827 0.1641 0.7121
vn 0.7225 0.0555 0.6892
vn 0.9403 -0.3281 -0.0908
vn 0.8073 -0.0526 0.5878
vn 0.6761 0.1541 0.7205
vn 0.8901 -0.4238 -0.1674
vn 0.8451 -0.5125 -0.1520
vn 0.4871 -0.5912 -0.6429
vn 0.8280 -0.1307 0.5453
vn 0.6954 0.0302 0.7180
vn 0.7133 0.0187 0.7007
vn 0.7959 0.0230 0.6050
vn 0.8471 0.0096 0.5314
vn 0.4794 0.1087 0.8708
vn 0.3189 0.2180 0.9224
vn 0.5595 0.1094 0.8216
vn 0.8781 0.1109 0.4655
vn 0.6617 0.1054 0.7424
vn 0.9061 0.2617 0.3323
vn 0.8881 0.1472 0.4354
vn 0.2010 0.0173 0.9794
vn 0.4890 0.0145 0.8721
vn 0.1769 -0.1421 0.9739
vn 0.7554 0.1270 0.6428
vn 0.0272 0.1274 0.9915
vn -0.1294 -0.1398 0.9817
vn -0.2680 0.0391 0.9626
vn -0.1294 -0.2729 0.9533
vn -0.2928 -0.1669 0.9415
vn -0.3569 -0.3062 0.8825
vn -0.4556 -0.4145 0.7878
vn -0.4135 -0.2601 0.8726
vn -0.4260 -0.1589 0.8907
vn -0.1745 -0.3275 0.9286
vn 0.5843 0.1109 0.8039
vn 0.0215 0.0220 0.9995
vn 0.4778 0.1616 0.8635
vn -0.3605 -0.1315 0.9234
vn -0.3666 -0.1034 0.9246
vn -0.2701 0.1298 0.9540
vn -0.0601 0.2826 0.9574
vn 0.0097 0.3352 0.9421
vn 0.0523 0.4920 0.8690
vn -0.2739 0.5141 0.8128
vn -0.2753 0.7930 0.5435
vn -0.3251 0.3178 0.8907
vn 0.0108 0.8076 0.5897
vn -0.3503 0.9366 0.0060
vn -0.3334 0.6654 0.6679
vn -0.2295 0.9316 0.2819
vn -0.5758 0.7350 -0.3580
vn -0.4693 0.8823 0.0361
vn -0.3945 0.8714 -0.2916
vn 0.1645 0.9490 0.2691
vn 0.3944 0.9145 -0.0903
vn -0.2800 0.8493 -0.4475
vn -0.2502 0.7521 -0.6097
vn -0.1270 0.6330 0.7637
vn -0.1687 0.3857 0.9071
vn -0.3982 0.4021 0.8245
vn -0.3650 0.2185 0.9050
vn -0.3944 0.1438 0.9076
vn -0.0817 0.2343 0.9687
vn -0.3252 -0.0356 0.9450
vn 0.3120 0.3163 0.8959
vn 0.9578 0.1492 0.2456
vn 0.8603 0.2215 0.4592
vn 0.8493 0.3165 0.4225
vn 0.9470 0.1656 0.2753
vn 0.8861 0.2201 0.4079
vn 0.7582 0.1454 0.6356
vn 0.9218 0.1423 0.3605
vn 0.8827 0.0945 0.4603
vn 0.6233 -0.0725 0.7786
vn 0.7250 -0.1462 0.6731
vn 0.7040 -0.1488 0.6944
vn -0.1227 -0.0694 0.9900
vn 0.0543 0.1149 0.9919
vn 0.0409 -0.5890 -0.8071
vn 0.1127 -0.7566 -0.6441
vn -0.2501 -0.5787 -0.7762
vn 0.2801 -0.8482 -0.4496
vn -0.1634 -0.7698 -0.6170
vn -0.2891 -0.7223 -0.6283
vn 0.0211 -0.8134 -0.5813
vn 0.0532 -0.9068 -0.4183
vn 0.3379 -0.9207 0.1954
vn 0.6774 -0.7352 0.0239
vn 0.6241 -0.3392 0.7039
vn 0.8256 -0.4305 0.3647
vn 0.8274 -0.0903 -0.5543
vn 0.7296 -0.0761 -0.6797
vn 0.8338 0.0353 -0.5510
vn 0.7242 0.0509 -0.6877
vn 0.7073 0.1740 -0.6852
vn 0.8376 0.1554 -0.5237
vn 0.6815 0.2764 -0.6776
vn 0.4412 0.2610 -0.8586
vn 0.8398 0.2541 -0.4798
vn 0.9345 0.0395 -0.3537
vn 0.9461 0.1250 -0.2987
vn 0.8267 0.3568 -0.4350
vn 0.6495 0.3689 -0.6649
vn 0.9470 0.2327 -0.2215
vn 0.9990 0.0439 -0.0072
vn 0.9982 -0.0130 -0.0589
vn 0.9648 -0.0815 0.2499
vn 0.9884 0.1324 0.0747
vn 0.9193 0.3766 -0.1145
vn 0.9636 -0.0238 0.2664
vn 0.8371 -0.1070 0.5365
vn 0.8673 -0.0808 0.4911
vn 0.7167 -0.0537 0.6954
vn 0.6716 -0.1051 0.7335
vn 0.8766 0.0338 0.4801
vn 0.9423 0.0831 0.3243
vn 0.7576 0.0412 0.6514
vn 0.5969 -0.0280 0.8018
vn 0.5924 0.0263 0.8052
vn 0.6347 -0.1628 0.7554
vn 0.7634 0.1357 0.6315
vn 0.8599 0.1622 0.4839
vn 0.5966 0.0495 0.8010
vn 0.4257 0.0068 0.9049
vn 0.4713 -0.0677 0.8794
vn 0.5979 -0.1571 0.7860
vn 0.4393 -0.1945 0.8770
vn 0.3071 -0.0841 0.9480
vn 0.5816 -0.2571 0.7718
vn 0.6550 -0.3797 0.6533
vn 0.6236 -0.3423 0.7028
vn 0.5450 -0.6760 0.4959
vn 0.4938 -0.8585 0.1386
vn 0.4121 -0.8951 0.1701
vn 0.3884 -0.9211 0.0273
vn 0.4093 -0.9063 0.1057
vn 0.2514 -0.9674 0.0307
vn 0.2879 -0.9402 0.1823
vn 0.2529 -0.9617 0.1058
vn 0.1168 -0.9922 0.0439
vn 0.1092 -0.9873 0.1156
vn 0.0007 -0.9986 0.0534
vn 0.0022 -0.9919 0.1268
vn -0.1051 -0.9873 0.1193
vn -0.1154 -0.9923 0.0440
vn -0.2462 -0.9629 0.1108
vn -0.2503 -0.9677 0.0311
vn -0.4050 -0.9076 0.1109
vn -0.2837 -0.9430 0.1740
vn -0.1482 -0.9688 0.1988
vn -0.3899 -0.7305 0.5607
vn -0.2107 -0.7568 0.6188
vn 0.0032 -0.7572 0.6532
vn 0.0030 -0.9776 0.2104
vn 0.1539 -0.9676 0.2001
vn 0.2151 -0.7547 0.6198
vn 0.0016 -0.4348 0.9005
vn 0.2874 -0.4441 0.8487
vn -0.2858 -0.4453 0.8485
vn 0.3147 -0.4261 0.8482
vn 0.0024 -0.4528 0.8916
vn -0.3113 -0.4283 0.8483
vn -0.4633 -0.4204 0.7801
vn -0.4383 -0.3565 0.8251
vn -0.5824 -0.2567 0.7713
vn -0.3473 -0.3118 0.8844
vn -0.2391 -0.3902 0.8891
vn -0.4389 -0.1942 0.8773
vn -0.3061 -0.0821 0.9485
vn -0.2253 -0.2063 0.9522
vn -0.2026 -0.0101 0.9792
vn -0.0223 -0.0694 0.9973
vn -0.4026 0.0665 0.9130
vn -0.5861 0.1338 0.7991
vn -0.3261 0.2044 0.9230
vn -0.1617 0.1616 0.9735
vn -0.4668 0.3092 0.8285
vn -0.7215 0.2523 0.6447
vn -0.5996 0.4193 0.6817
vn -0.5031 0.4752 0.7219
vn -0.3796 0.3894 0.8392
vn -0.2624 0.2922 0.9197
vn -0.1426 0.2600 0.9550
vn 0.0717 0.2317 0.9701
vn 0.0445 0.1375 0.9895
vn 0.1895 0.0755 0.9790
vn 0.2167 0.1669 0.9619
vn 0.0072 0.0733 0.9973
vn 0.0058 0.1811 0.9834
vn -0.2093 0.1725 0.9625
vn -0.1790 0.0795 0.9806
vn -0.0673 0.2365 0.9693
vn -0.0396 0.1405 0.9893
vn 0.1646 0.1610 0.9731
vn 0.1462 0.2612 0.9541
vn 0.2630 0.2936 0.9191
vn 0.3272 0.2043 0.9226
vn 0.3789 0.3916 0.8385
vn 0.4665 0.3103 0.8283
vn 0.5864 0.1327 0.7991
vn 0.4047 0.0648 0.9121
vn 0.2042 -0.0122 0.9789
vn 0.0273 -0.0713 0.9971
vn 0.2293 -0.2080 0.9509
vn 0.3498 -0.3114 0.8836
vn 0.1087 -0.3348 0.9360
vn -0.0705 -0.1935 0.9786
vn 0.2443 -0.3886 0.8884
vn 0.0064 -0.4346 0.9006
vn 0.0079 -0.2181 0.9759
vn 0.0026 -0.4966 0.8680
vn 0.4404 -0.3555 0.8244
vn -0.0995 -0.3341 0.9373
vn 0.0828 -0.1942 0.9775
vn 0.4629 -0.4189 0.7812
vn 0.3942 -0.7251 0.5647
vn 0.5994 0.4193 0.6818
vn 0.7216 0.2527 0.6446
vn 0.8015 0.2968 0.5191
vn 0.6675 0.4977 0.5539
vn 0.5023 0.4760 0.7219
vn 0.5618 0.5887 0.5812
vn 0.6678 0.5288 0.5239
vn 0.7018 0.4579 0.5457
vn 0.8133 0.3172 0.4877
vn 0.6696 0.5335 0.5167
vn 0.7239 0.5124 0.4620
vn 0.8048 0.4451 0.3926
vn 0.8948 0.2007 0.3989
vn 0.8751 0.3810 0.2984
vn 0.7543 0.6519 0.0772
vn 0.8282 0.5605 0.0038
vn 0.7024 0.6983 0.1379
vn 0.6200 0.7282 -0.2923
vn 0.6999 0.6192 -0.3560
vn 0.5884 0.7620 -0.2705
vn 0.6619 0.7038 0.2580
vn 0.5976 0.7811 -0.1807
vn 0.4576 0.7341 -0.5017
vn 0.4401 0.7131 -0.5458
vn 0.4645 0.6879 -0.5577
vn 0.2665 0.6532 -0.7087
vn 0.2447 0.6422 -0.7264
vn 0.2587 0.6241 -0.7372
vn 0.5256 0.5844 -0.6182
vn 0.2988 0.5217 -0.7991
vn 0.0613 0.5669 -0.8215
vn 0.0478 0.5745 -0.8171
vn 0.0402 0.5665 -0.8231
vn 0.3290 0.4500 -0.8302
vn 0.5732 0.5015 -0.6480
vn 0.3607 0.4272 -0.8291
vn 0.6065 0.4715 -0.6402
vn 0.7906 0.4794 -0.3809
vn 0.7593 0.5305 -0.3769
vn 0.8872 0.4604 -0.0306
vn 0.9440 0.2585 0.2052
vn 0.4018 0.3400 -0.8503
vn -0.3297 0.1759 0.9276
vn -0.2469 0.3050 0.9198
vn -0.3610 0.2979 0.8837
vn -0.2897 0.2273 0.9297
vn -0.2054 0.3058 0.9297
vn -0.2612 0.1376 0.9554
vn -0.2572 -0.1357 0.9568
vn -0.3255 -0.0799 0.9422
vn -0.3814 0.1411 0.9136
vn -0.4123 -0.0929 0.9063
vn -0.4381 0.3199 0.8401
vn -0.4643 0.1049 0.8794
vn -0.4752 0.2886 0.8312
vn -0.5035 -0.0836 0.8599
vn -0.5443 0.2401 0.8038
vn -0.6379 0.2963 0.7109
vn -0.5338 0.0974 0.8400
vn -0.6496 0.2818 0.7061
vn -0.6129 0.2133 0.7608
vn -0.6668 0.2283 0.7094
vn -0.6454 0.1657 0.7456
vn -0.7401 0.2537 0.6228
vn -0.7465 0.2383 0.6212
vn -0.6969 0.1672 0.6974
vn -0.6625 0.1059 0.7415
vn -0.8446 0.1645 0.5095
vn -0.8250 0.2224 0.5195
vn -0.8249 0.2113 0.5244
vn -0.7707 0.1610 0.6166
vn -0.7241 0.0834 0.6846
vn -0.8487 0.1277 0.5133
vn -0.7994 0.0391 0.5995
vn -0.7361 -0.0356 0.6760
vn -0.6723 0.0142 0.7402
vn -0.6758 -0.1057 0.7295
vn -0.6520 -0.0487 0.7566
vn -0.6531 -0.1819 0.7351
vn -0.6536 0.0506 0.7552
vn -0.6409 0.0872 0.7627
vn -0.6544 0.0131 0.7560
vn -0.6347 -0.0988 0.7664
vn -0.6616 0.0383 0.7489
vn -0.6036 0.0954 0.7916
vn -0.6396 0.0045 0.7687
vn -0.5814 -0.0429 0.8125
vn -0.6719 0.0234 0.7402
vn -0.6173 -0.0523 0.7850
vn -0.6831 0.0751 0.7264
vn -0.5869 0.1737 0.7908
vn -0.6449 0.2156 0.7333
vn -0.6601 0.2383 0.7124
vn -0.6458 0.0544 0.7615
vn -0.6122 0.2141 0.7612
vn -0.4322 0.6332 0.6421
vn -0.4998 0.5900 0.6341
vn -0.4727 0.5390 0.6972
vn -0.3425 0.0875 0.9354
vn -0.4842 -0.0410 0.8740
vn -0.5753 -0.1002 0.8118
vn -0.3210 -0.4776 0.8178
vn -0.5164 -0.3293 0.7905
vn -0.0992 -0.6073 0.7883
vn -0.6251 -0.2417 0.7421
vn -0.6358 -0.3047 0.7092
vn -0.5246 -0.4331 0.7330
vn -0.3296 -0.6452 0.6892
vn -0.6712 -0.2566 0.6954
vn -0.6757 -0.2703 0.6858
vn -0.6401 -0.2914 0.7109
vn -0.5737 -0.3831 0.7240
vn -0.6499 -0.2700 0.7105
vn -0.6169 -0.2651 0.7411
vn -0.5969 -0.2857 0.7497
vn -0.5980 -0.2837 0.7496
vn -0.5714 -0.2628 0.7775
vn -0.5852 -0.2024 0.7852
vn -0.5281 -0.4114 0.7429
vn -0.5522 -0.2710 0.7885
vn -0.4453 -0.5623 0.6968
vn -0.3036 -0.6570 0.6900
vn -0.3434 -0.5590 0.7547
vn -0.2084 -0.7671 0.6068
vn -0.1013 -0.8152 0.5702
vn 0.1015 -0.8865 0.4514
vn 0.0728 -0.8658 0.4951
vn 0.1064 -0.8850 0.4533
vn 0.1167 -0.6727 0.7307
vn -0.0411 0.2545 0.9662
vn 0.3564 -0.6427 0.6782
vn 0.3522 0.4041 0.8442
vn 0.3414 -0.8671 0.3628
vn 0.5835 -0.4615 0.6682
vn 0.5829 -0.7495 0.3137
vn 0.4995 0.4710 0.7271
vn 0.0917 0.9442 0.3163
vn 0.2155 0.9325 0.2898
vn -0.1759 0.8479 0.5001
vn 0.1206 0.9749 0.1874
vn 0.2425 0.9553 0.1691
vn -0.1634 0.8993 0.4057
vn 0.2444 0.9654 0.0913
vn 0.3276 0.9393 0.1023
vn -0.0251 0.9413 0.3368
vn 0.1228 0.9642 0.2351
vn 0.3384 0.9409 -0.0154
vn -0.3182 0.6828 0.6577
vn -0.2055 0.7166 0.6665
vn 0.2202 0.9669 0.1289
vn -0.5013 0.1261 0.8561
vn -0.5353 -0.1252 0.8353
vn -0.4133 0.0796 0.9071
vn -0.1375 0.7360 0.6628
vn -0.4430 -0.1756 0.8791
vn -0.3559 -0.2085 0.9110
vn -0.3383 0.0515 0.9396
vn -0.2660 -0.2419 0.9331
vn -0.2606 0.0250 0.9651
vn -0.1169 0.7419 0.6602
vn -0.1176 0.7123 0.6920
vn 0.1699 0.9850 -0.0310
vn 0.2316 0.9725 0.0243
vn 0.0852 0.9963 -0.0064
vn -0.1092 0.6329 0.7665
vn -0.0090 0.9949 0.1006
vn -0.1564 -0.0094 0.9877
vn -0.0693 0.9545 0.2901
vn -0.0646 0.5156 0.8544
vn -0.0567 -0.0316 0.9979
vn -0.1680 -0.2528 0.9528
vn -0.0881 -0.2193 0.9717
vn -0.1981 -0.1451 0.9694
vn -0.1544 -0.1105 0.9818
vn -0.2527 0.0918 0.9632
vn -0.2296 0.0936 0.9688
vn -0.1325 -0.0574 0.9895
vn -0.0474 -0.1606 0.9859
vn -0.2251 0.1405 0.9642
vn -0.2879 0.2690 0.9191
vn -0.3430 0.2984 0.8907
vn -0.2309 0.2831 0.9309
vn -0.4065 0.3404 0.8479
vn -0.2760 0.2009 0.9399
vn -0.1545 0.0136 0.9879
vn -0.5090 0.3850 0.7699
vn -0.3961 0.2677 0.8783
vn -0.2464 0.1059 0.9634
vn -0.5417 0.3367 0.7702
vn -0.6109 0.4235 0.6689
vn -0.4061 0.2195 0.8871
vn -0.5617 0.3025 0.7700
vn -0.6402 0.3862 0.6640
vn -0.6776 0.4428 0.5872
vn -0.4387 0.2432 0.8651
vn -0.2244 0.1492 0.9630
vn -0.0943 -0.0015 0.9955
vn -0.0567 0.2071 0.9767
vn 0.0106 0.0598 0.9982
vn -0.2531 0.2938 0.9218
vn -0.4615 0.1203 0.8789
vn -0.6692 0.3263 0.6676
vn -0.3002 0.1277 0.9453
vn -0.2378 -0.0110 0.9712
vn -0.3563 -0.0706 0.9317
vn -0.2440 0.0183 0.9696
vn -0.2381 0.1137 0.9646
vn -0.1792 0.3166 0.9315
vn -0.4381 0.0129 0.8988
vn -0.3620 0.1620 0.9180
vn -0.2205 0.4819 0.8480
vn 0.0218 0.3985 0.9169
vn 0.0838 0.6985 0.7107
vn -0.5945 0.3403 0.7285
vn -0.2442 0.7220 0.6473
vn 0.1328 0.8706 0.4737
vn 0.0895 0.3706 0.9245
vn 0.1414 0.7249 0.6742
vn 0.1439 0.9127 0.3825
vn 0.1204 0.9128 0.3902
vn 0.0884 0.9745 0.2062
vn -0.2013 0.7938 0.5738
vn 0.0032 0.9101 0.4144
vn -0.0304 0.9881 0.1506
vn -0.1835 0.7342 0.6537
vn -0.2273 0.9735 -0.0244
vn -0.1210 0.9926 0.0017
vn -0.0378 0.9674 0.2502
vn -0.1711 0.9687 0.1801
vn -0.3190 0.9404 0.1179
vn -0.2457 0.8534 0.4596
vn -0.4952 0.7385 0.4576
vn -0.3460 0.8839 0.3147
vn -0.3705 0.8678 0.3312
vn -0.3521 0.8230 0.4459
vn -0.3118 0.9384 0.1492
vn -0.2518 0.9609 -0.1152
vn -0.1498 0.9843 -0.0931
vn -0.1899 0.9510 0.2441
vn -0.2455 0.7990 0.5489
vn -0.1752 0.9648 -0.1959
vn -0.0996 0.9507 -0.2937
vn -0.0039 0.9998 -0.0218
vn -0.0560 0.9470 0.3163
vn 0.0342 0.9558 -0.2919
vn 0.0455 0.9543 -0.2954
vn -0.0659 0.9791 -0.1924
vn -0.1088 0.9940 0.0124
vn -0.0572 0.8662 0.4965
vn -0.0148 0.4106 0.9117
vn 0.0256 0.3505 0.9362
vn 0.0117 0.7648 0.6441
vn 0.0075 -0.0001 1.0000
vn -0.0070 -0.0234 0.9997
vn -0.0460 -0.0943 0.9945
vn 0.1590 0.9372 -0.3104
vn 0.1561 0.9579 -0.2411
vn 0.2496 0.9530 -0.1719
vn 0.2547 0.9264 -0.2774
vn 0.3432 0.9162 -0.2070
vn 0.3391 0.9360 -0.0946
vn 0.1181 0.9920 0.0437
vn 0.2059 0.9723 0.1110
vn 0.2825 0.9434 0.1735
vn 0.3264 0.9205 0.2147
vn 0.3878 0.9214 -0.0249
vn 0.3786 0.9188 -0.1118
vn 0.3773 0.9255 0.0335
vn 0.3255 0.9125 0.2476
vn 0.2095 0.8695 0.4472
vn 0.2489 0.8454 0.4726
vn 0.2546 0.8293 0.4974
vn 0.3008 0.9102 0.2847
vn 0.2472 0.8187 0.5183
vn 0.1877 0.6362 0.7483
vn 0.2077 0.6038 0.7696
vn 0.2475 0.6378 0.7293
vn 0.2428 0.3022 0.9218
vn 0.1927 0.7603 0.6203
vn 0.2493 0.9093 0.3332
vn 0.2437 0.6318 0.7358
vn 0.2462 0.8552 0.4561
vn 0.4320 0.4178 0.7992
vn 0.3253 0.1991 0.9244
vn 0.4312 -0.2036 0.8790
vn 0.5872 -0.2790 0.7599
vn 0.6945 -0.5847 0.4192
vn 0.5911 -0.4433 0.6739
vn 0.7171 -0.6770 0.1655
vn 0.6717 -0.6281 0.3929
vn 0.6287 -0.7658 0.1349
vn 0.6842 -0.7292 0.0149
vn 0.6192 -0.7852 0.0075
vn 0.6381 -0.7259 0.2568
vn 0.5095 -0.5256 0.6813
vn 0.6277 -0.7738 0.0854
vn 0.6319 -0.7657 -0.1199
vn 0.5585 -0.7186 0.4145
vn 0.5431 -0.8394 0.0209
vn 0.4434 -0.7851 0.4324
vn 0.5581 -0.7984 -0.2259
vn 0.5648 -0.8197 -0.0955
vn 0.4935 -0.8478 -0.1941
vn 0.4234 -0.8539 -0.3025
vn 0.4751 -0.8219 -0.3143
vn 0.4558 -0.8898 -0.0232
vn 0.3557 -0.8535 -0.3808
vn 0.3253 -0.8570 -0.3995
vn 0.3354 -0.9407 -0.0502
vn 0.3694 -0.8331 0.4117
vn 0.2682 -0.8730 0.4073
vn 0.1006 -0.8996 0.4249
vn 0.1619 -0.9852 -0.0567
vn 0.1838 -0.8868 -0.4239
vn -0.1160 -0.8847 0.4515
vn -0.0490 -0.9977 -0.0463
vn -0.0108 -0.8996 -0.4366
vn -0.1868 -0.8822 -0.4322
vn -0.2600 -0.9648 -0.0400
vn -0.3289 -0.8221 0.4648
vn 0.0059 -0.8844 -0.4668
vn 0.1770 -0.8712 -0.4578
vn -0.1468 -0.8826 -0.4467
vn -0.2892 -0.8775 -0.3826
vn -0.3565 -0.8479 -0.3924
vn -0.4584 -0.8886 -0.0178
vn -0.4394 -0.8724 -0.2143
vn -0.5333 -0.7949 -0.2894
vn -0.6485 -0.7610 0.0178
vn -0.4987 -0.7241 0.4764
vn -0.6555 -0.5919 0.4690
vn -0.4792 -0.3585 0.8012
vn -0.5717 -0.2529 0.7805
vn -0.3446 -0.4627 0.8168
vn -0.1557 -0.5458 0.8233
vn -0.1418 -0.0516 0.9885
vn -0.3042 0.0169 0.9525
vn -0.4155 0.0923 0.9049
vn -0.2074 0.4666 0.8598
vn -0.3191 0.5103 0.7986
vn -0.0784 0.4237 0.9024
vn 0.0352 -0.1033 0.9940
vn 0.0456 0.3739 0.9264
vn 0.0494 -0.5858 0.8090
vn 0.1692 -0.1312 0.9768
vn 0.1375 0.3239 0.9360
vn 0.2056 -0.5822 0.7866
vn 0.2511 -0.1394 0.9579
vn 0.1932 0.2774 0.9411
vn 0.2978 -0.5520 0.7788
vn 0.3791 -0.5019 0.7774
vn 0.3107 -0.1382 0.9404
vn 0.3535 -0.1655 0.9207
vn 0.2238 0.2382 0.9451
vn 0.1473 0.6745 0.7234
vn 0.1434 0.9011 0.4091
vn 0.0801 0.7143 0.6953
vn 0.0560 0.9298 0.3637
vn -0.0150 0.7521 0.6589
vn -0.1291 0.7799 0.6125
vn -0.4100 0.5676 0.7140
vn -0.5038 0.1782 0.8452
vn -0.6424 0.2475 0.7253
vn -0.5014 0.6339 0.5889
vn -0.8214 0.1242 0.5566
vn -0.6135 0.6227 0.4857
vn -0.7038 -0.1336 0.6977
vn -0.8167 -0.3766 0.4373
vn -0.8522 -0.3396 0.3981
vn -0.7880 -0.6005 0.1357
vn -0.6478 0.5266 0.5505
vn -0.7301 0.1323 0.6704
vn -0.6297 0.6235 0.4634
vn -0.4739 0.6142 0.6311
vn -0.3364 0.7102 0.6184
vn -0.4371 0.4870 0.7562
vn -0.8266 -0.3050 0.4730
vn -0.7588 -0.6112 0.2250
vn -0.8039 0.1368 0.5788
vn -0.3156 0.5684 0.7598
vn -0.4427 0.6365 0.6316
vn -0.3780 0.5962 0.7083
vn -0.5913 0.5186 0.6177
vn -0.6453 0.5456 0.5347
vn -0.9142 -0.0089 0.4052
vn -0.7581 -0.0180 0.6519
vn -0.8460 -0.4248 0.3221
vn -0.7760 -0.3467 0.5270
vn -0.5540 -0.2066 0.8065
vn -0.3316 -0.1323 0.9341
vn -0.5410 -0.4734 0.6952
vn -0.6589 -0.5975 0.4570
vn -0.3925 -0.3736 0.8404
vn -0.2223 -0.1426 0.9645
vn -0.2526 -0.3221 0.9124
vn -0.2265 -0.2082 0.9515
vn -0.1670 -0.3236 0.9313
vn -0.2113 -0.4721 0.8558
vn -0.2671 -0.5419 0.7969
vn -0.1370 -0.4164 0.8988
vn -0.1764 -0.4027 0.8982
vn -0.1139 -0.4231 0.8989
vn -0.1643 -0.5270 0.8338
vn -0.2042 -0.6050 0.7696
vn -0.0922 -0.4167 0.9044
vn -0.1349 -0.4975 0.8569
vn -0.1840 -0.5711 0.8000
vn -0.2293 -0.4666 0.8542
vn -0.1843 -0.5120 0.8390
vn -0.1363 -0.4489 0.8831
vn -0.2534 -0.3937 0.8836
vn -0.2879 -0.2022 0.9361
vn -0.3264 -0.1230 0.9372
vn -0.3381 0.0565 0.9394
vn -0.3865 0.1220 0.9142
vn -0.3802 0.2237 0.8975
vn -0.4343 0.2660 0.8606
vn -0.4168 0.3112 0.8541
vn -0.4739 0.3308 0.8161
vn -0.4431 0.3511 0.8248
vn -0.5004 0.3514 0.7913
vn -0.3837 0.3429 0.8574
vn -0.3134 0.3324 0.8896
vn -0.4120 0.3404 0.8452
vn -0.4643 0.3471 0.8148
vn -0.3436 0.3361 0.8769
vn -0.2357 0.3223 0.9168
vn -0.2651 0.3344 0.9044
vn -0.1902 0.3321 0.9239
vn -0.1628 0.3133 0.9356
vn -0.1032 0.3036 0.9472
vn -0.1265 0.3237 0.9377
vn -0.0735 0.3135 0.9467
vn -0.0572 0.2975 0.9530
vn -0.0610 0.2383 0.9693
vn -0.0481 0.1262 0.9908
vn -0.0295 0.2456 0.9689
vn -0.0237 0.2959 0.9549
vn 0.0019 0.2962 0.9551
vn 0.0016 0.2508 0.9680
vn 0.0008 0.1319 0.9913
vn 0.0007 -0.0615 0.9981
vn 0.0506 0.1271 0.9906
vn 0.0333 0.2465 0.9686
vn 0.0693 -0.0637 0.9956
vn 0.0006 -0.2387 0.9711
vn 0.0860 -0.2463 0.9654
vn 0.1113 -0.0724 0.9911
vn 0.0837 0.1181 0.9895
vn 0.1442 -0.2689 0.9523
vn -0.0005 -0.2549 0.9670
vn 0.1783 -0.3011 0.9368
vn 0.1354 -0.0844 0.9872
vn 0.2012 -0.3313 0.9218
vn 0.1692 -0.0900 0.9815
vn 0.1155 0.1122 0.9869
vn 0.1582 0.1156 0.9806
vn 0.2148 -0.3376 0.9165
vn 0.2110 -0.0813 0.9741
vn 0.2079 0.1251 0.9701
vn 0.1542 0.2416 0.9580
vn 0.1025 0.2387 0.9657
vn 0.2190 0.2503 0.9431
vn 0.2633 0.1493 0.9531
vn 0.2881 0.2676 0.9194
vn 0.2461 -0.0502 0.9679
vn 0.3230 0.1866 0.9278
vn 0.3545 0.2911 0.8886
vn 0.2880 -0.0004 0.9576
vn 0.2260 -0.3151 0.9217
vn 0.2489 -0.2674 0.9309
vn 0.2877 -0.1971 0.9372
vn 0.3402 0.0596 0.9385
vn 0.3817 0.2266 0.8961
vn 0.3270 -0.1177 0.9377
vn 0.3890 0.1238 0.9129
vn 0.4351 0.2670 0.8599
vn 0.4144 0.3143 0.8541
vn 0.4714 0.3336 0.8164
vn 0.4930 0.3064 0.8143
vn 0.5351 0.3475 0.7700
vn 0.4402 0.1895 0.8777
vn 0.4396 0.3537 0.8256
vn 0.4950 0.3568 0.7922
vn 0.5606 0.3509 0.7501
vn 0.6077 0.3561 0.7099
vn 0.6360 0.3354 0.6950
vn 0.5625 0.3409 0.7533
vn 0.6414 0.3626 0.6761
vn 0.6811 0.3590 0.6382
vn 0.7055 0.3200 0.6324
vn 0.7221 0.3622 0.5894
vn 0.7477 0.3470 0.5661
vn 0.7606 0.3030 0.5742
vn 0.7222 0.3056 0.6206
vn 0.6551 0.3254 0.6819
vn 0.7718 0.2840 0.5689
vn 0.8089 0.2709 0.5218
vn 0.8150 0.2546 0.5205
vn 0.8045 0.3137 0.5043
vn 0.8529 0.2305 0.4685
vn 0.8573 0.2146 0.4680
vn 0.8525 0.2674 0.4492
vn 0.7930 0.3344 0.5092
vn 0.8497 0.2881 0.4416
vn 0.8911 0.2109 0.4018
vn 0.8884 0.1874 0.4191
vn 0.8948 0.2208 0.3880
vn 0.8820 0.1470 0.4476
vn 0.8312 0.2203 0.5105
vn 0.7654 0.2623 0.5876
vn 0.8036 -0.0621 0.5919
vn 0.7587 0.0143 0.6512
vn 0.6973 0.0596 0.7143
vn 0.6833 0.2844 0.6724
vn 0.6164 0.0829 0.7831
vn 0.5912 0.2800 0.7564
vn 0.5212 0.0812 0.8496
vn 0.5073 0.2463 0.8259
vn 0.4336 0.0388 0.9003
vn 0.3687 -0.0348 0.9289
vn 0.2792 -0.3073 0.9097
vn 0.3276 -0.2281 0.9169
vn 0.2544 -0.3878 0.8859
vn 0.2291 -0.4623 0.8566
vn 0.1986 -0.4443 0.8736
vn 0.1857 -0.5147 0.8370
vn 0.1841 -0.5765 0.7961
vn 0.2158 -0.5156 0.8292
vn 0.2070 -0.6096 0.7652
vn 0.2285 -0.5396 0.8103
vn 0.2550 -0.6131 0.7478
vn 0.2493 -0.5341 0.8078
vn 0.1711 -0.5312 0.8298
vn 0.1808 -0.4003 0.8984
vn 0.1131 -0.4180 0.9014
vn 0.0912 -0.4104 0.9073
vn 0.1364 -0.5050 0.8523
vn 0.0898 -0.3672 0.9258
vn 0.1340 -0.4552 0.8803
vn 0.1447 -0.3867 0.9108
vn 0.1013 -0.2963 0.9497
vn 0.0634 -0.2780 0.9585
vn 0.0562 -0.3547 0.9333
vn 0.0839 -0.4125 0.9071
vn 0.0674 -0.4225 0.9039
vn 0.0156 -0.3339 0.9425
vn 0.0264 -0.2523 0.9673
vn 0.1294 -0.4097 0.9030
vn 0.1902 -0.4554 0.8697
vn 0.0074 -0.4411 0.8974
vn 0.0519 -0.4867 0.8720
vn 0.2281 -0.5126 0.8278
vn 0.2426 -0.3207 0.9156
vn 0.3626 -0.3693 0.8557
vn 0.1661 -0.3236 0.9315
vn 0.3048 -0.6426 0.7030
vn 0.4984 -0.4771 0.7239
vn 0.1597 -0.7416 0.6516
vn 0.5366 -0.2084 0.8177
vn 0.3270 -0.1311 0.9359
vn 0.2298 -0.1441 0.9625
vn 0.4510 0.0084 0.8925
vn 0.6245 0.3587 0.6937
vn 0.7722 -0.0286 0.6347
vn 0.7589 -0.3648 0.5394
vn 0.9206 -0.0114 0.3904
vn 0.8330 -0.4520 0.3189
vn 0.6444 0.5592 0.5216
vn 0.2518 0.7397 0.6241
vn 0.1966 0.7903 0.5804
vn 0.4230 0.6274 0.6538
vn 0.8024 0.1345 0.5814
vn 0.1867 0.7147 0.6740
vn -0.1133 0.9083 0.4026
vn 0.0167 0.9029 0.4295
vn -0.1286 0.8703 0.4754
vn -0.0840 0.9740 0.2103
vn 0.0385 0.9879 0.1502
vn -0.1430 0.9093 0.3909
vn 0.0408 0.9623 0.2690
vn 0.1269 0.9919 0.0070
vn 0.2322 0.9724 -0.0244
vn 0.1759 0.9680 0.1789
vn 0.3210 0.9397 0.1177
vn 0.2587 0.8481 0.4624
vn 0.3691 0.8711 0.3241
vn 0.3439 0.8841 0.3165
vn 0.4896 0.7421 0.4578
vn 0.3159 0.9375 0.1459
vn 0.3544 0.8261 0.4382
vn 0.2573 0.9592 -0.1171
vn 0.1521 0.9832 -0.1009
vn 0.1915 0.9525 0.2367
vn 0.2450 0.8043 0.5414
vn 0.1816 0.9639 -0.1947
vn 0.1022 0.9492 -0.2976
vn 0.0033 0.9993 -0.0375
vn 0.0548 0.9506 0.3056
vn -0.0348 0.9525 -0.3026
vn -0.0457 0.9551 -0.2929
vn 0.0695 0.9804 -0.1842
vn 0.1142 0.9930 0.0302
vn -0.1598 0.9358 -0.3143
vn -0.1566 0.9523 -0.2620
vn -0.2524 0.9230 -0.2904
vn -0.2454 0.9483 -0.2010
vn -0.1665 0.9860 -0.0114
vn -0.3404 0.9109 -0.2331
vn -0.3303 0.9347 -0.1312
vn -0.2189 0.9743 0.0527
vn 0.1641 0.6970 0.6981
vn -0.2022 0.9660 0.1613
vn 0.2572 0.6651 0.7011
vn -0.3924 0.9077 -0.1488
vn -0.0949 0.9596 0.2650
vn -0.3765 0.9253 -0.0444
vn 0.3909 0.6352 0.6662
vn -0.3927 0.9176 -0.0616
vn -0.4131 0.9106 0.0141
vn -0.3312 0.9059 0.2638
vn -0.3209 0.9234 0.2109
vn -0.2768 0.9486 0.1533
vn -0.2534 0.8474 0.4666
vn -0.2160 0.8760 0.4313
vn -0.2560 0.8246 0.5044
vn -0.2403 0.8057 0.5413
vn -0.3109 0.8953 0.3191
vn -0.3710 0.9224 0.1078
vn -0.2112 0.6200 0.7556
vn -0.1990 0.6536 0.7302
vn -0.2472 0.6407 0.7270
vn -0.1622 0.7415 0.6511
vn -0.1972 0.3236 0.9254
vn -0.2431 0.8905 0.3846
vn -0.1951 0.5875 0.7853
vn -0.2268 0.8021 0.5525
vn -0.2563 0.9460 0.1983
vn -0.2292 0.9070 0.3533
vn -0.3552 0.3158 0.8798
vn -0.2369 0.1677 0.9570
vn -0.4921 0.3371 0.8026
vn -0.1159 0.9333 0.3400
vn -0.4366 0.2689 0.8585
vn -0.1207 0.9754 0.1847
vn 0.1676 0.8620 0.4784
vn -0.0759 0.1635 0.9836
vn 0.1989 0.9100 0.3639
vn 0.0746 0.9388 0.3363
vn -0.2726 0.9592 0.0756
vn 0.5044 0.6147 0.6063
vn 0.5352 0.6286 0.5643
vn 0.4601 0.6085 0.6466
vn 0.6854 0.3081 0.6598
vn 0.6042 0.3097 0.7342
vn 0.6878 0.2346 0.6869
vn 0.6289 0.1537 0.7622
vn 0.6968 0.0553 0.7151
vn 0.6967 0.1326 0.7050
vn 0.6401 -0.0439 0.7671
vn 0.5480 -0.1305 0.8262
vn 0.5282 0.0892 0.8444
vn 0.5089 -0.0822 0.8569
vn 0.5913 -0.0328 0.8058
vn 0.6034 0.1079 0.7901
vn 0.6483 0.0290 0.7609
vn 0.6370 0.1015 0.7642
vn 0.6614 0.0723 0.7465
vn 0.6365 0.1242 0.7612
vn 0.6386 0.0514 0.7678
vn 0.6395 0.0602 0.7664
vn 0.4246 -0.0291 0.9049
vn 0.5361 -0.0702 0.8412
vn 0.6000 -0.0728 0.7967
vn 0.2471 0.0558 0.9674
vn 0.2525 -0.5427 0.8010
vn 0.0319 -0.6879 0.7251
vn 0.4665 -0.3593 0.8083
vn 0.4999 -0.4664 0.7297
vn 0.3190 -0.6751 0.6652
vn 0.1117 -0.8270 0.5510
vn -0.1722 -0.7526 0.6356
vn -0.1279 -0.8890 0.4398
vn 0.2295 -0.7705 0.5947
vn -0.1119 -0.8886 0.4448
vn 0.4604 -0.5755 0.6759
vn 0.3494 -0.6552 0.6698
vn -0.0326 -0.8740 0.4848
vn 0.5693 -0.4031 0.7165
vn 0.3999 -0.5395 0.7410
vn 0.0330 -0.8481 0.5288
vn 0.5909 -0.2538 0.7658
vn 0.6034 -0.2412 0.7601
vn 0.6169 -0.3028 0.7264
vn 0.5750 -0.4049 0.7110
vn 0.5763 -0.3226 0.7509
vn 0.6123 -0.3195 0.7232
vn 0.6177 -0.3316 0.7131
vn 0.5960 -0.3298 0.7321
vn 0.5803 -0.2442 0.7769
vn 0.6335 -0.3137 0.7073
vn 0.6251 -0.2765 0.7299
vn 0.6169 -0.1841 0.7652
vn 0.6270 -0.0434 0.7778
vn 0.6565 0.1030 0.7473
vn 0.6631 0.0058 0.7485
vn 0.6615 -0.1166 0.7409
vn 0.7381 -0.0415 0.6735
vn 0.7230 0.0770 0.6866
vn 0.6917 0.1622 0.7037
vn 0.6457 0.1702 0.7444
vn 0.6632 0.2333 0.7111
vn 0.6120 0.2199 0.7597
vn 0.7696 0.1669 0.6163
vn 0.8259 0.2133 0.5219
vn 0.8015 0.0407 0.5966
vn 0.8526 0.1338 0.5051
vn 0.8853 0.1792 0.4291
vn 0.8791 0.2200 0.4228
vn 0.9081 0.1232 0.4001
vn 0.8821 0.0415 0.4692
vn 0.9151 0.1623 0.3692
vn 0.9423 0.1235 0.3112
vn 0.9168 0.1183 0.3815
vn 0.9205 0.1076 0.3756
vn 0.9252 0.1195 0.3602
vn 0.9439 0.1141 0.3099
vn 0.9586 0.1018 0.2660
vn 0.9444 0.1285 0.3027
vn 0.9632 0.0842 0.2552
vn 0.9591 0.0791 0.2717
vn 0.9409 0.1262 0.3142
vn 0.9731 0.0422 0.2265
vn 0.9260 0.1645 0.3399
vn 0.9150 0.1501 0.3746
vn 0.9217 0.1651 0.3510
vn 0.9529 0.0839 0.2915
vn 0.9330 0.1270 0.3367
vn 0.9137 0.1796 0.3645
vn 0.8947 0.2202 0.3886
vn 0.8956 0.1857 0.4042
vn 0.8914 0.2136 0.3996
vn 0.9061 0.1845 0.3808
vn 0.8840 0.2280 0.4082
vn 0.9238 0.1441 0.3548
vn 0.8565 0.2605 0.4457
vn 0.8608 0.2467 0.4451
vn 0.8489 0.2763 0.4506
vn 0.8941 0.2056 0.3979
vn 0.8709 0.2532 0.4212
vn 0.8398 0.2970 0.4544
vn 0.8120 0.3156 0.4909
vn 0.8182 0.3048 0.4876
vn 0.8071 0.3330 0.4875
vn 0.8008 0.3679 0.4726
vn 0.8247 0.3392 0.4526
vn 0.8516 0.3117 0.4214
vn 0.7799 0.4362 0.4488
vn 0.8206 0.3990 0.4091
vn 0.8757 0.2750 0.3970
vn 0.8616 0.3679 0.3498
vn 0.8994 0.2469 0.3607
vn 0.9149 0.1718 0.3653
vn 0.9169 0.2419 0.3173
vn 0.9383 0.1407 0.3160
vn 0.9448 0.0998 0.3120
vn 0.9609 0.0544 0.2715
vn 0.9628 0.0902 0.2547
vn 0.9651 0.0364 0.2594
vn 0.9740 0.0332 0.2240
vn 0.9801 0.0072 0.1985
vn 0.9682 0.1367 0.2094
vn 0.9449 0.1843 0.2704
vn 0.9845 0.1155 0.1320
vn 0.9942 0.1052 0.0239
vn 0.9525 0.2733 0.1342
vn 0.9689 0.2470 0.0122
vn 0.9661 0.2069 -0.1545
vn 0.9887 0.0699 -0.1324
vn 0.9188 0.1899 -0.3462
vn 0.9451 0.0493 -0.3231
vn 0.8174 0.2035 -0.5390
vn 0.6537 0.2466 -0.7155
vn 0.8780 0.3135 -0.3617
vn 0.7604 0.3646 -0.5375
vn 0.6001 0.4205 -0.6805
vn 0.4503 0.2801 -0.8478
vn 0.4131 0.4633 -0.7840
vn 0.5584 0.5934 -0.5797
vn 0.6979 0.5339 -0.4774
vn 0.3809 0.6495 -0.6580
vn 0.2166 0.4930 -0.8426
vn 0.1956 0.6859 -0.7009
vn 0.2340 0.2999 -0.9248
vn 0.0006 0.5054 -0.8629
vn 0.0012 0.7027 -0.7115
vn -0.0006 0.3091 -0.9510
vn -0.2353 0.3003 -0.9244
vn -0.2160 0.4928 -0.8429
vn -0.4511 0.2810 -0.8471
vn -0.4125 0.4630 -0.7845
vn -0.1940 0.6852 -0.7020
vn -0.3798 0.6492 -0.6590
vn -0.5989 0.4205 -0.6815
vn -0.5566 0.5936 -0.5812
vn -0.6537 0.2469 -0.7153
vn -0.7592 0.3640 -0.5396
vn -0.6962 0.5333 -0.4805
vn -0.8164 0.2043 -0.5401
vn -0.6944 0.0817 -0.7149
vn -0.8522 0.0551 -0.5203
vn -0.8772 0.3132 -0.3640
vn -0.9177 0.1907 -0.3486
vn -0.9441 0.0524 -0.3255
vn -0.8712 -0.0778 -0.4847
vn -0.9525 -0.0862 -0.2920
vn -0.7192 -0.0832 -0.6898
vn -0.9923 -0.0434 -0.1161
vn -0.9878 0.0743 -0.1365
vn -0.9907 -0.0972 -0.0955
vn -0.9989 -0.0001 0.0462
vn -0.9961 -0.0457 0.0753
vn -0.9935 0.1124 0.0202
vn -0.9846 0.0122 0.1744
vn -0.9817 0.1355 0.1342
vn -0.9848 -0.0236 0.1723
vn -0.9801 0.0158 0.1980
vn -0.9737 0.0434 0.2239
vn -0.9661 0.1527 0.2080
vn -0.9633 0.0967 0.2505
vn -0.9447 0.2019 0.2585
vn -0.9624 0.0626 0.2644
vn -0.9673 0.0374 0.2511
vn -0.9728 0.0510 0.2261
vn -0.9862 0.0291 0.1630
vn -0.9780 0.0792 0.1928
vn -0.9864 -0.0263 0.1624
vn -0.9913 0.0408 0.1249
vn -0.9760 0.1116 0.1872
vn -0.9884 0.0081 0.1518
vn -0.9595 0.1049 0.2613
vn -0.9650 0.0948 0.2447
vn -0.9617 0.0835 0.2612
vn -0.9526 0.1727 0.2503
vn -0.9447 0.1339 0.2992
vn -0.9892 0.0909 0.1149
vn -0.9665 0.1543 0.2053
vn -0.9984 0.0229 0.0508
vn -0.9968 -0.0157 0.0778
vn -0.9850 0.0366 0.1688
vn -0.9983 -0.0573 -0.0046
vn -0.9932 -0.1061 -0.0475
vn -0.9966 -0.0630 0.0529
vn -0.9600 -0.0444 0.2766
vn -0.9915 -0.1297 0.0124
vn -0.8783 0.2606 0.4009
vn -0.9871 -0.0324 0.1568
vn -0.9811 0.1222 0.1497
vn -0.6112 0.7427 0.2737
vn -0.9687 0.2382 0.0698
vn -0.5249 0.8497 -0.0501
vn 0.0272 0.9800 0.1973
vn -0.4648 0.5696 0.6779
vn -0.0184 0.9677 -0.2515
vn -0.9767 0.1764 -0.1222
vn -0.5150 0.6180 -0.5941
vn 0.1880 0.6818 -0.7069
vn 0.0038 0.9737 0.2280
vn 0.0101 0.9605 -0.2783
vn 0.1655 0.7534 -0.6363
vn 0.2197 0.3198 -0.9216
vn 0.4067 0.4349 -0.8034
vn -0.5885 0.2045 -0.7822
vn -0.0876 0.9566 -0.2778
vn -0.1021 0.7888 -0.6062
vn 0.1589 0.5033 -0.8494
vn -0.3174 0.9250 -0.2088
vn -0.4504 0.7227 -0.5244
vn -0.2415 0.4721 -0.8478
vn 0.0987 0.3611 -0.9273
vn 0.4245 0.2826 -0.8602
vn 0.5336 0.1726 -0.8279
vn 0.3587 0.2154 -0.9083
vn 0.5976 0.1271 -0.7916
vn 0.5850 -0.0174 -0.8108
vn 0.1311 0.0633 -0.9893
vn 0.0182 -0.1210 -0.9925
vn 0.6982 0.0085 -0.7159
vn -0.8217 -0.1380 -0.5529
vn -0.7612 -0.0517 -0.6464
vn -0.9688 -0.1681 -0.1822
vn -0.9737 -0.0348 -0.2250
vn 0.4857 0.0605 -0.8720
vn -0.0086 0.0549 -0.9985
vn 0.0781 -0.0623 -0.9950
vn -0.1551 0.2228 -0.9625
vn -0.3785 0.3331 -0.8636
vn -0.7935 0.1193 -0.5967
vn -0.9687 0.2133 -0.1271
vn -0.7795 -0.2382 0.5793
vn -0.5277 -0.5526 0.6452
vn -0.9609 0.0086 0.2768
vn -0.9026 0.3514 -0.2488
vn -0.9101 0.1795 0.3734
vn -0.3868 -0.7723 0.5039
vn -0.6460 0.7631 -0.0220
vn -0.6388 0.5864 0.4980
vn -0.3890 0.8329 0.3936
vn -0.8019 0.0189 0.5972
vn -0.7267 -0.4442 0.5241
vn -0.6218 0.0808 0.7790
vn -0.3846 0.3983 0.8327
vn -0.2866 0.5240 0.8021
vn -0.1643 0.9404 0.2977
vn -0.2777 0.5962 0.7533
vn -0.6109 -0.0475 0.7903
vn -0.7663 -0.0273 0.6420
vn -0.5810 -0.1119 0.8062
vn -0.8810 -0.3020 0.3642
vn -0.9660 -0.1768 0.1887
vn -0.7941 -0.3528 0.4950
vn -0.7533 -0.4398 0.4890
vn -0.6004 -0.2358 0.7641
vn -0.9148 -0.4012 0.0479
vn -0.9778 -0.2059 0.0390
vn -0.9828 -0.0961 0.1577
vn -0.9431 0.0019 -0.3326
vn -0.9891 0.0528 0.1375
vn -0.4009 -0.3755 -0.8356
vn -0.8191 -0.5123 0.2581
vn -0.5663 -0.6195 -0.5436
vn -0.7383 -0.5034 0.4489
vn 0.1117 -0.2280 -0.9672
vn -0.8443 -0.1639 -0.5102
vn 0.1515 -0.6879 -0.7098
vn 0.5329 -0.3615 -0.7651
vn -0.2780 -0.9303 -0.2391
vn -0.6609 -0.7496 0.0349
vn -0.7838 -0.5845 0.2096
vn -0.6649 -0.7211 0.1946
vn -0.4491 -0.8355 0.3165
vn -0.7502 -0.4616 -0.4734
vn -0.8053 -0.5641 0.1825
vn -0.6166 -0.3956 -0.6806
vn -0.6553 -0.3915 0.6460
vn -0.7345 -0.5596 0.3839
vn -0.7007 -0.6755 -0.2295
vn -0.2899 -0.5237 -0.8010
vn -0.0898 -0.0107 -0.9959
vn -0.3763 0.0642 -0.9243
vn -0.2148 -0.6189 -0.7555
vn -0.5261 -0.5299 -0.6652
vn -0.8652 -0.1568 -0.4763
vn -0.8333 -0.3993 0.3823
vn -0.6562 -0.7543 -0.0199
vn -0.3185 -0.9379 0.1376
vn -0.1102 -0.8506 -0.5141
vn -0.1971 -0.8584 -0.4736
vn 0.0221 -0.9977 -0.0640
vn -0.3097 -0.8665 0.3914
vn 0.0863 -0.9895 -0.1160
vn -0.5522 -0.8289 0.0889
vn -0.4510 -0.8130 0.3683
vn 0.2970 -0.9334 0.2013
vn 0.2512 -0.7793 0.5741
vn 0.2850 -0.7642 0.5785
vn 0.2197 -0.9509 0.2181
vn -0.3014 -0.7941 0.5277
vn -0.3139 -0.6112 0.7266
vn -0.2266 -0.4024 0.8870
vn 0.3297 -0.4799 0.8130
vn 0.0746 -0.5175 0.8524
vn -0.5814 -0.5658 0.5846
vn -0.3900 -0.8859 -0.2511
vn -0.6794 -0.7152 0.1639
vn -0.8559 -0.3885 0.3413
vn -0.7828 -0.1284 0.6089
vn -0.9537 -0.0032 0.3008
vn -0.9585 -0.2846 0.0143
vn -0.8407 -0.5414 0.0088
vn -0.9982 -0.0541 0.0259
vn -0.9840 0.1572 0.0833
vn -0.9332 0.1925 -0.3034
vn -0.9218 -0.1002 -0.3745
vn -0.8808 -0.2947 -0.3706
vn -0.4923 -0.1642 -0.8548
vn -0.4551 -0.3482 -0.8195
vn -0.6339 0.1488 -0.7589
vn -0.1613 0.4062 -0.8994
vn 0.2062 -0.0413 -0.9776
vn 0.2175 -0.4399 -0.8713
vn 0.0071 -0.7588 -0.6513
vn -0.4346 -0.6537 -0.6195
vn -0.7494 -0.6056 -0.2676
vn -0.9683 -0.0702 0.2399
vn -0.9640 -0.0483 0.2613
vn -0.9521 0.0424 0.3028
vn -0.9369 -0.1836 0.2975
vn -0.9859 -0.1597 0.0495
vn -0.9864 -0.1569 -0.0483
vn -0.9915 -0.0065 0.1297
vn -0.9861 -0.1656 -0.0126
vn -0.9859 -0.1542 0.0648
vn -0.9789 -0.1342 0.1542
vn -0.9642 -0.0527 0.2597
vn -0.9533 0.0960 0.2862
vn -0.9246 0.0607 0.3762
vn -0.9028 0.1741 0.3933
vn -0.9298 0.1806 0.3207
vn -0.8806 0.2101 0.4249
vn -0.8874 0.1705 0.4284
vn -0.9225 0.1915 0.3351
vn -0.9167 0.1633 0.3648
vn -0.9002 0.1218 0.4182
vn -0.9170 0.1133 0.3825
vn -0.9122 0.1337 0.3873
vn -0.9247 0.1223 0.3606
vn -0.9068 0.1507 0.3937
vn -0.9130 0.1555 0.3771
vn -0.9182 0.1446 0.3687
vn -0.9413 0.1236 0.3141
vn -0.9125 0.1356 0.3859
vn -0.8887 0.1826 0.4205
vn -0.8885 0.1898 0.4177
vn -0.8914 0.2092 0.4021
vn -0.8528 0.2360 0.4660
vn -0.8568 0.2193 0.4666
vn -0.8519 0.2693 0.4491
vn -0.8944 0.2134 0.3932
vn -0.8491 0.2851 0.4446
vn -0.8813 0.1324 0.4536
vn -0.8340 0.2093 0.5106
vn -0.9034 0.0563 0.4252
vn -0.8994 0.0151 0.4368
vn -0.8228 -0.1340 0.5523
vn -0.8227 -0.1258 0.5544
vn -0.8062 -0.0676 0.5877
vn -0.7007 -0.2730 0.6592
vn -0.6818 -0.2553 0.6856
vn -0.7155 -0.2430 0.6550
vn -0.7647 0.0024 0.6444
vn -0.6492 -0.2136 0.7300
vn -0.6593 -0.2989 0.6900
vn -0.6278 -0.3017 0.7176
vn -0.5832 -0.2868 0.7600
vn -0.6999 0.0554 0.7121
vn -0.5957 -0.1690 0.7852
vn -0.5146 -0.2540 0.8189
vn -0.5398 -0.2842 0.7924
vn -0.4512 -0.2542 0.8554
vn -0.4009 -0.2401 0.8841
vn -0.5125 -0.1480 0.8458
vn -0.3207 -0.2337 0.9179
vn -0.4116 -0.2573 0.8743
vn -0.2867 -0.2240 0.9315
vn -0.5097 -0.2748 0.8153
vn -0.4198 -0.1664 0.8922
vn -0.2886 -0.1451 0.9464
vn -0.5271 -0.1765 0.8313
vn -0.5057 -0.1958 0.8402
vn -0.4032 -0.1614 0.9008
vn -0.3215 -0.5212 0.7906
vn -0.2616 -0.4989 0.8263
vn 0.0358 -0.8475 0.5295
vn 0.0247 -0.8630 0.5046
vn 0.0251 -0.8854 0.4641
vn -0.1807 -0.4388 0.8802
vn -0.2723 -0.1194 0.9548
vn 0.0315 -0.8851 0.4644
vn 0.2887 -0.9574 -0.0063
vn 0.2364 -0.9667 -0.0978
vn 0.3331 -0.9378 0.0976
vn 0.3833 -0.9081 0.1686
vn 0.4229 -0.8823 0.2068
vn 0.4089 -0.8724 0.2680
vn 0.1371 -0.9811 -0.1365
vn 0.0101 -0.8621 0.5066
vn -0.0008 -0.9920 -0.1261
vn -0.0377 -0.8344 0.5498
vn -0.1310 -0.9840 -0.1206
vn -0.0808 -0.8505 0.5198
vn -0.0196 -0.3772 0.9259
vn -0.0603 -0.3156 0.9470
vn -0.1134 -0.3589 0.9265
vn -0.0777 -0.1320 0.9882
vn -0.1564 -0.1050 0.9821
vn -0.0283 -0.2157 0.9761
vn -0.1204 -0.8501 0.5126
vn -0.0100 -0.4706 0.8823
vn -0.0154 -0.3283 0.9444
vn -0.0624 -0.3600 0.9309
vn -0.0714 -0.2729 0.9594
vn -0.1083 -0.2012 0.9735
vn -0.0938 -0.3746 0.9224
vn -0.1070 -0.3065 0.9458
vn -0.1309 -0.2488 0.9597
vn -0.1762 -0.1571 0.9717
vn -0.1856 -0.2169 0.9584
vn -0.1594 -0.3165 0.9351
vn -0.2118 -0.2551 0.9434
vn -0.1449 -0.3878 0.9103
vn -0.2199 -0.3677 0.9036
vn -0.2851 -0.2841 0.9154
vn -0.1953 -0.4460 0.8735
vn -0.2778 -0.3131 0.9082
vn -0.3269 -0.2334 0.9158
vn -0.3682 -0.0398 0.9289
vn -0.4341 0.0349 0.9002
vn -0.4386 0.1888 0.8786
vn -0.5073 0.2455 0.8260
vn -0.4922 0.3076 0.8143
vn -0.5616 0.3421 0.7534
vn -0.5358 0.3466 0.7699
vn -0.6062 0.3558 0.7113
vn -0.5644 0.3444 0.7502
vn -0.6358 0.3326 0.6966
vn -0.6408 0.3625 0.6768
vn -0.6797 0.3581 0.6401
vn -0.7038 0.3225 0.6330
vn -0.6552 0.3220 0.6834
vn -0.7235 0.3051 0.6193
vn -0.5790 0.3414 0.7404
vn -0.7596 0.3063 0.5737
vn -0.7464 0.3461 0.5685
vn -0.7716 0.2878 0.5672
vn -0.7391 0.3165 0.5946
vn -0.7772 0.2481 0.5783
vn -0.6761 0.3419 0.6527
vn -0.7154 0.3688 0.5935
vn -0.7575 0.3366 0.5593
vn -0.6893 0.3790 0.6174
vn -0.6247 0.3974 0.6722
vn -0.6001 0.3633 0.7126
vn -0.5795 0.3926 0.7142
vn -0.5433 0.3616 0.7577
vn -0.5144 0.3513 0.7823
vn -0.4979 0.3418 0.7971
vn -0.4439 0.3272 0.8342
vn -0.5419 0.3742 0.7525
vn -0.4824 0.3655 0.7961
vn -0.3925 0.3778 0.8386
vn -0.3719 0.3243 0.8698
vn -0.2913 0.3959 0.8709
vn -0.2852 0.3340 0.8984
vn -0.2085 0.3424 0.9162
vn -0.2185 0.4029 0.8888
vn -0.3093 0.4853 0.8178
vn -0.4091 0.4625 0.7866
vn -0.2411 0.4864 0.8398
vn -0.1984 0.4812 0.8538
vn -0.1723 0.3941 0.9028
vn -0.1488 0.3375 0.9295
vn -0.1284 0.3829 0.9148
vn -0.1601 0.4710 0.8675
vn -0.0979 0.3261 0.9403
vn -0.2167 0.5484 0.8077
vn -0.2609 0.5443 0.7973
vn -0.1798 0.5478 0.8171
vn -0.1144 0.5532 0.8252
vn -0.1016 0.4615 0.8813
vn -0.0739 0.3658 0.9277
vn 0.0001 0.5587 0.8294
vn 0.0012 0.4556 0.8902
vn 0.0018 0.3555 0.9347
vn -0.0482 0.3108 0.9492
vn 0.0019 0.3029 0.9530
vn -0.0314 0.3030 0.9525
vn 0.0018 0.2998 0.9540
vn 0.0283 0.2960 0.9548
vn 0.0353 0.3030 0.9523
vn 0.0509 0.3108 0.9491
vn 0.0618 0.2976 0.9527
vn 0.0782 0.3125 0.9467
vn 0.1016 0.3253 0.9401
vn 0.1071 0.3040 0.9466
vn 0.1301 0.3236 0.9372
vn 0.1510 0.3370 0.9293
vn 0.1286 0.3788 0.9165
vn 0.0755 0.3632 0.9286
vn 0.1688 0.3926 0.9041
vn 0.2080 0.3382 0.9178
vn 0.2196 0.3984 0.8905
vn 0.1924 0.3307 0.9239
vn 0.2661 0.3322 0.9049
vn 0.2842 0.3318 0.8995
vn 0.2997 0.3929 0.8694
vn 0.3733 0.3214 0.8703
vn 0.4004 0.3775 0.8349
vn 0.3449 0.3326 0.8777
vn 0.2440 0.4886 0.8377
vn 0.3212 0.4870 0.8122
vn 0.4183 0.4688 0.7780
vn 0.4491 0.3217 0.8336
vn 0.4917 0.3629 0.7915
vn 0.5109 0.4408 0.7380
vn 0.4250 0.5279 0.7353
vn 0.3387 0.5489 0.7642
vn 0.5172 0.4911 0.7010
vn 0.5767 0.4232 0.6988
vn 0.5867 0.4578 0.6680
vn 0.5513 0.3681 0.7487
vn 0.6164 0.4204 0.6658
vn 0.6290 0.4369 0.6431
vn 0.5904 0.3841 0.7098
vn 0.5031 0.3372 0.7958
vn 0.5495 0.3562 0.7558
vn 0.6058 0.3613 0.7088
vn 0.6335 0.3921 0.6670
vn 0.6564 0.4153 0.6298
vn 0.6769 0.3445 0.6504
vn 0.6913 0.3816 0.6136
vn 0.7027 0.4015 0.5873
vn 0.6672 0.4252 0.6116
vn 0.7098 0.4023 0.5782
vn 0.7424 0.3769 0.5539
vn 0.7437 0.3769 0.5521
vn 0.7427 0.3537 0.5686
vn 0.7795 0.3443 0.5232
vn 0.7754 0.3535 0.5232
vn 0.7821 0.3223 0.5334
vn 0.7364 0.3249 0.5935
vn 0.7787 0.2979 0.5522
vn 0.8189 0.2689 0.5070
vn 0.8218 0.2879 0.4916
vn 0.8530 0.2358 0.4656
vn 0.8824 0.1722 0.4379
vn 0.9039 0.1385 0.4048
vn 0.9129 0.1560 0.3772
vn 0.9197 0.1499 0.3628
vn 0.9030 0.0121 0.4294
vn 0.9074 0.0628 0.4155
vn 0.8234 -0.1464 0.5483
vn 0.8230 -0.1340 0.5521
vn 0.7098 -0.2503 0.6584
vn 0.6885 -0.2901 0.6647
vn 0.6709 -0.2647 0.6927
vn 0.6439 -0.2074 0.7365
vn 0.6157 -0.3251 0.7178
vn 0.5846 -0.2831 0.7603
vn 0.6342 -0.3300 0.6993
vn 0.5949 -0.1623 0.7873
vn 0.5200 -0.2389 0.8201
vn 0.5145 -0.1451 0.8451
vn 0.4068 -0.2289 0.8844
vn 0.4630 -0.2295 0.8561
vn 0.5536 -0.2858 0.7822
vn 0.3270 -0.2091 0.9216
vn 0.2893 -0.2770 0.9163
vn 0.2152 -0.2392 0.9468
vn 0.4137 -0.1666 0.8950
vn 0.2232 -0.3636 0.9044
vn 0.1622 -0.3073 0.9377
vn 0.1847 -0.1982 0.9626
vn 0.1284 -0.2294 0.9648
vn 0.1694 -0.1788 0.9692
vn 0.1017 -0.2123 0.9719
vn 0.0709 -0.1916 0.9789
vn 0.1410 -0.1726 0.9748
vn 0.2468 -0.1799 0.9522
vn 0.2748 -0.1755 0.9453
vn 0.2850 -0.2063 0.9361
vn 0.4068 -0.2002 0.8913
vn 0.4142 -0.2489 0.8755
vn 0.3818 -0.1970 0.9030
vn 0.1559 -0.4797 0.8635
vn 0.0988 -0.4173 0.9034
vn 0.2468 -0.5036 0.8280
vn -0.0366 -0.8974 0.4397
vn -0.0056 -0.8707 0.4917
vn -0.0203 -0.8859 0.4635
vn 0.0569 -0.3698 0.9274
vn 0.0415 -0.8363 0.5468
vn -0.2203 -0.9643 -0.1468
vn -0.1190 -0.9785 -0.1682
vn 0.0066 -0.9895 -0.1441
vn 0.0871 -0.8400 0.5356
vn 0.1325 -0.9818 -0.1362
vn 0.0218 -0.3986 0.9169
vn 0.1192 -0.8131 0.5698
vn 0.2377 -0.9703 -0.0436
vn 0.3263 -0.9290 0.1745
vn 0.4341 -0.7998 0.4146
vn 0.5403 -0.8380 0.0762
vn 0.4328 -0.8749 -0.2174
vn 0.2913 -0.8662 -0.4060
vn 0.5267 -0.7979 -0.2931
vn 0.6354 -0.7696 -0.0635
vn 0.3691 -0.8409 -0.3957
vn 0.7299 -0.6472 0.2199
vn 0.6714 -0.7000 0.2433
vn 0.6173 -0.6192 0.4854
vn 0.8150 -0.3454 0.4654
vn 0.4370 0.4616 0.7719
vn 0.7288 0.0812 0.6799
vn 0.8361 -0.3754 0.4001
vn 0.6471 0.5097 0.5670
vn 0.8253 0.1198 0.5518
vn 0.3282 0.7047 0.6290
vn 0.3052 0.5559 0.7732
vn 0.4657 0.6150 0.6363
vn 0.3763 0.5928 0.7120
vn 0.5780 0.5379 0.6136
vn 0.6203 0.6266 0.4719
vn 0.6147 0.6177 0.4905
vn 0.4997 0.6461 0.5769
vn 0.6513 0.2654 0.7108
vn 0.8276 -0.3786 0.4144
vn 0.7741 -0.6238 0.1080
vn 0.7133 -0.1262 0.6894
vn 0.5037 0.1967 0.8412
vn 0.5758 -0.2410 0.7813
vn 0.4102 0.5796 0.7041
vn 0.3180 0.5219 0.7915
vn 0.4138 0.1071 0.9040
vn 0.4800 -0.3465 0.8059
vn 0.6679 -0.5916 0.4517
vn 0.5073 -0.7204 0.4729
vn 0.3482 -0.4517 0.8214
vn 0.3326 -0.8172 0.4707
vn 0.3068 0.0293 0.9513
vn 0.1622 -0.5375 0.8275
vn 0.1219 -0.8825 0.4542
vn 0.1468 -0.0375 0.9885
vn 0.2069 0.4772 0.8541
vn 0.0781 0.4384 0.8954
vn -0.0444 -0.5789 0.8142
vn -0.0322 -0.0885 0.9956
vn -0.0468 0.3921 0.9187
vn 0.0126 0.7618 0.6477
vn -0.0845 0.7279 0.6804
vn 0.1269 0.7864 0.6046
vn -0.0594 0.9354 0.3485
vn -0.1491 0.9085 0.3905
vn -0.1563 0.6902 0.7065
vn -0.1402 0.3439 0.9285
vn -0.2060 0.9749 0.0846
vn -0.1204 0.9925 0.0200
vn -0.1968 0.3021 0.9327
vn -0.1680 -0.1190 0.9786
vn -0.2491 -0.1271 0.9601
vn -0.2139 0.2671 0.9396
vn -0.2932 -0.1232 0.9481
vn -0.3091 -0.1431 0.9402
vn -0.3570 -0.5070 0.7845
vn -0.2952 -0.5525 0.7795
vn -0.4623 -0.5339 0.7080
vn -0.3597 -0.1908 0.9133
vn -0.5365 -0.4264 0.7283
vn -0.5408 -0.7340 0.4109
vn -0.4300 -0.7948 0.4282
vn -0.6139 -0.7411 0.2718
vn -0.6038 -0.7929 0.0819
vn -0.6493 -0.6209 0.4392
vn -0.6950 -0.5549 0.4572
vn -0.7410 -0.6480 0.1760
vn -0.6963 -0.7178 -0.0059
vn -0.6573 -0.6987 0.2823
vn -0.6865 -0.7207 0.0964
vn -0.6378 -0.7694 -0.0340
vn -0.6216 -0.7682 -0.1531
vn -0.5512 -0.8244 -0.1284
vn -0.4119 -0.8912 0.1902
vn -0.3327 -0.9277 0.1693
vn -0.4665 -0.8521 0.2373
vn -0.4276 -0.8432 0.3257
vn -0.4193 -0.7029 0.5746
vn -0.6061 -0.4959 0.6218
vn -0.5266 -0.3055 0.7933
vn 0.0159 -0.8593 0.5112
vn -0.2976 -0.9497 0.0972
vn -0.4767 -0.8518 -0.2171
vn -0.2748 -0.9610 -0.0306
vn -0.4144 -0.8494 -0.3269
vn -0.5365 -0.8057 -0.2511
vn -0.4596 -0.8265 -0.3250
vn -0.3146 -0.8429 -0.4365
vn -0.3430 -0.8580 -0.3823
vn -0.1650 -0.8513 -0.4981
vn -0.1695 -0.8882 -0.4271
vn 0.0004 -0.8642 -0.5031
vn 0.0206 -0.8987 -0.4381
vn 0.1499 -0.8628 -0.4828
vn 0.1988 -0.8783 -0.4348
vn 0.2698 -0.9622 -0.0377
vn 0.0550 -0.9975 -0.0451
vn 0.4733 -0.8803 -0.0309
vn 0.6490 -0.7607 -0.0104
vn -0.0933 -0.8987 0.4285
vn -0.1505 -0.9871 -0.0547
vn -0.2637 -0.8735 0.4093
vn -0.3263 -0.9442 -0.0461
vn -0.4461 -0.8946 -0.0277
vn -0.3671 -0.8362 0.4074
vn -0.2034 -0.5788 0.7897
vn -0.5230 -0.8523 0.0119
vn 0.3418 -0.5074 0.7910
vn 0.5108 -0.2069 0.8344
vn 0.5309 -0.2187 0.8187
vn 0.5208 -0.2977 0.8001
vn 0.5970 -0.3260 0.7330
vn 0.6263 -0.3268 0.7077
vn 0.6473 -0.2923 0.7040
vn 0.6567 -0.2216 0.7209
vn 0.7314 -0.1583 0.6633
vn 0.8194 -0.0784 0.5678
vn 0.5793 0.3465 0.7378
vn 0.5132 0.3551 0.7814
vn 0.4635 0.3472 0.8153
vn 0.4124 0.3384 0.8458
vn 0.3824 0.3437 0.8577
vn 0.3142 0.3318 0.8895
vn 0.2387 0.3219 0.9162
vn 0.1669 0.3131 0.9349
vn 0.0652 0.2398 0.9686
vn 0.7447 0.3835 0.5462
vn 0.7763 0.3601 0.5174
vn 0.7456 0.4223 0.5155
vn 0.7761 0.3977 0.4894
vn 0.7439 0.4686 0.4765
vn 0.7180 0.4530 0.5285
vn 0.7096 0.4157 0.5689
vn 0.6788 0.5436 0.4937
vn 0.6805 0.4807 0.5530
vn 0.6780 0.4334 0.5937
vn 0.5874 0.6171 0.5236
vn 0.6383 0.5201 0.5675
vn 0.6363 0.4584 0.6204
vn 0.5829 0.4905 0.6478
vn 0.5903 0.5438 0.5965
vn 0.5109 0.5332 0.6743
vn 0.5280 0.5938 0.6072
vn 0.4563 0.6106 0.6473
vn 0.4278 0.5636 0.7067
vn 0.4745 0.6818 0.5568
vn 0.3779 0.6433 0.6659
vn 0.3546 0.5831 0.7309
vn 0.3041 0.6539 0.6928
vn 0.2833 0.5943 0.7527
vn 0.3364 0.7342 0.5898
vn 0.2684 0.5534 0.7885
vn 0.2195 0.5992 0.7699
vn 0.2154 0.5536 0.8045
vn 0.2227 0.6604 0.7172
vn 0.1769 0.5989 0.7810
vn 0.1763 0.5525 0.8147
vn 0.1785 0.6317 0.7544
vn 0.1157 0.6796 0.7244
vn 0.1835 0.7514 0.6339
vn 0.1094 0.6143 0.7814
vn -0.0027 0.6837 0.7297
vn 0.0020 0.6231 0.7821
vn -0.0004 0.7740 0.6332
vn 0.1139 0.5535 0.8250
vn 0.1562 0.4701 0.8687
vn 0.0980 0.4592 0.8829
vn 0.1960 0.4799 0.8551
vn -0.1061 0.6164 0.7803
vn -0.1157 0.6815 0.7226
vn -0.1742 0.5987 0.7818
vn -0.1736 0.6367 0.7513
vn -0.2173 0.6633 0.7161
vn -0.1802 0.7516 0.6346
vn -0.2143 0.5972 0.7730
vn -0.2978 0.6572 0.6923
vn -0.2722 0.5911 0.7593
vn -0.3323 0.7367 0.5890
vn -0.3254 0.5412 0.7754
vn -0.3484 0.5811 0.7354
vn -0.3766 0.6480 0.6620
vn -0.4191 0.5215 0.7432
vn -0.4334 0.5620 0.7045
vn -0.4570 0.6143 0.6433
vn -0.4712 0.6844 0.5563
vn -0.5183 0.5285 0.6724
vn -0.5269 0.5941 0.6077
vn -0.5834 0.6207 0.5237
vn -0.5896 0.5423 0.5986
vn -0.5859 0.4897 0.6457
vn -0.6387 0.5182 0.5689
vn -0.6370 0.4592 0.6191
vn -0.5828 0.4579 0.6713
vn -0.5151 0.4876 0.7050
vn -0.6243 0.4394 0.6459
vn -0.6829 0.4750 0.5550
vn -0.6785 0.4384 0.5894
vn -0.6654 0.4311 0.6094
vn -0.6082 0.4210 0.6729
vn -0.5717 0.4194 0.7051
vn -0.6475 0.4188 0.6367
vn -0.7114 0.4098 0.5710
vn -0.7116 0.4191 0.5639
vn -0.6995 0.4056 0.5884
vn -0.7446 0.3867 0.5440
vn -0.7436 0.3773 0.5520
vn -0.7794 0.3869 0.4928
vn -0.7758 0.3605 0.5179
vn -0.7447 0.3907 0.5412
vn -0.7747 0.3647 0.5165
vn -0.7450 0.4201 0.5181
vn -0.7743 0.3984 0.4916
vn -0.7209 0.4484 0.5284
vn -0.7464 0.4653 0.4758
vn -0.6794 0.5445 0.4919
vn -0.5974 0.6753 0.4326
vn -0.6941 0.5894 0.4134
vn -0.7703 0.4909 0.4070
vn -0.7230 0.6119 0.3207
vn -0.8078 0.4964 0.3179
vn -0.6503 0.6675 0.3628
vn -0.5022 0.7796 0.3742
vn -0.4939 0.7262 0.4782
vn -0.6796 0.6818 0.2708
vn -0.7814 0.5667 0.2613
vn -0.5223 0.8188 0.2382
vn -0.3701 0.8518 0.3709
vn -0.3674 0.8042 0.4672
vn -0.3588 0.8988 0.2518
vn -0.5418 0.8365 0.0820
vn -0.7015 0.7043 0.1095
vn -0.3546 0.9337 0.0497
vn -0.1708 0.9850 0.0262
vn -0.1891 0.9599 0.2070
vn -0.2404 0.8976 0.3695
vn 0.0064 0.9998 0.0187
vn 0.0018 0.9794 0.2017
vn 0.0014 0.9281 0.3724
vn -0.1989 0.8304 0.5204
vn 0.0013 0.8523 0.5230
vn 0.2015 0.8303 0.5197
vn 0.2024 0.9061 0.3716
vn 0.1945 0.9588 0.2073
vn 0.3697 0.7859 0.4956
vn 0.3732 0.8491 0.3738
vn 0.3653 0.9029 0.2266
vn 0.1795 0.9834 0.0272
vn 0.3579 0.9323 0.0520
vn 0.5245 0.8163 0.2421
vn 0.5443 0.8345 0.0858
vn 0.5093 0.7733 0.3776
vn 0.6637 0.7067 0.2449
vn 0.7018 0.7033 0.1135
vn 0.6502 0.6644 0.3685
vn 0.4965 0.7239 0.4791
vn 0.5943 0.6559 0.4654
vn 0.7440 0.5669 0.3537
vn 0.7663 0.5859 0.2638
vn 0.6938 0.5860 0.4185
vn 0.7696 0.4883 0.4114
vn 0.7984 0.4937 0.3446
vn 0.8451 0.4700 0.2548
vn 0.9086 0.3353 0.2489
vn 0.8164 0.5634 0.1266
vn 0.8969 0.4219 0.1324
vn 0.8434 0.5367 -0.0247
vn 0.7241 0.6849 -0.0809
vn 0.9198 0.3924 0.0003
vn 0.5483 0.8226 -0.1507
vn 0.8354 0.5168 -0.1872
vn 0.7083 0.6400 -0.2979
vn 0.5430 0.7385 -0.3997
vn 0.3488 0.9149 -0.2030
vn 0.3608 0.8116 -0.4596
vn 0.1800 0.8548 -0.4867
vn 0.1702 0.9601 -0.2219
vn 0.0030 0.8696 -0.4938
vn 0.0003 0.9729 -0.2311
vn -0.1701 0.9600 -0.2224
vn -0.1769 0.8553 -0.4869
vn -0.3598 0.8113 -0.4608
vn -0.3494 0.9143 -0.2050
vn -0.5411 0.7391 -0.4013
vn -0.5483 0.8223 -0.1522
vn -0.7075 0.6399 -0.2999
vn -0.7233 0.6854 -0.0838
vn -0.8360 0.5148 -0.1901
vn -0.8434 0.5367 -0.0268
vn -0.8130 0.5634 0.1470
vn -0.8972 0.4158 0.1490
vn -0.8398 0.4836 0.2466
vn -0.9197 0.3926 -0.0023
vn -0.8695 0.3682 0.3292
vn -0.9051 0.3569 0.2312
vn -0.9488 0.2806 0.1449
vn -0.8224 0.4025 0.4021
vn -0.9205 0.2387 0.3093
vn -0.8813 0.2751 0.3842
vn -0.8550 0.3152 0.4119
vn -0.9051 0.2466 0.3463
vn -0.9414 0.1449 0.3045
vn -0.9203 0.1736 0.3506
vn -0.9474 0.1077 0.3015
vn -0.9291 0.1459 0.3397
vn -0.9117 0.1872 0.3657
vn -0.8993 0.2104 0.3833
vn -0.8734 0.2591 0.4124
vn -0.8852 0.2353 0.4012
vn -0.8929 0.2200 0.3928
vn -0.9193 0.1769 0.3517
vn -0.9369 0.1279 0.3254
vn -0.8369 0.3031 0.4557
vn -0.8470 0.2821 0.4506
vn -0.8523 0.2832 0.4398
vn -0.9008 0.1880 0.3915
vn -0.8726 0.2266 0.4327
vn -0.9277 0.1739 0.3303
vn -0.9215 0.1554 0.3558
vn -0.8875 0.1825 0.4232
vn -0.8571 0.2050 0.4727
vn -0.8319 0.2759 0.4815
vn -0.8156 0.3481 0.4622
vn -0.8156 0.2234 0.5338
vn -0.8146 0.2581 0.5194
vn -0.8088 0.2741 0.5203
vn -0.8026 0.3151 0.5066
vn -0.7907 0.3368 0.5112
vn -0.7204 0.3635 0.5907
vn -0.7658 0.2625 0.5870
vn -0.6817 0.2872 0.6729
vn -0.6152 0.0834 0.7839
vn -0.5909 0.2801 0.7565
vn -0.5211 0.0795 0.8498
vn -0.4124 -0.1703 0.8949
vn -0.8099 0.3225 0.4900
vn -0.8045 0.3397 0.4873
vn -0.7990 0.3691 0.4747
vn -0.8239 0.3436 0.4507
vn -0.7807 0.4360 0.4477
vn -0.9461 0.1235 0.2994
vn -0.9493 0.1258 0.2880
vn -0.9553 0.0815 0.2841
vn -0.9674 0.2528 0.0178
vn -0.9197 0.3544 -0.1688
vn -0.9651 0.2094 -0.1571
vn -0.8082 0.4642 -0.3623
vn 0.8093 0.4648 -0.3592
vn 0.9201 0.3544 -0.1664
vn -0.5046 0.4364 0.7449
vn -0.0918 -0.4256 0.9002
vn -0.0783 -0.4437 0.8928
vn -0.0751 -0.5423 0.8368
vn -0.1893 -0.7875 0.5866
vn -0.3550 -0.6629 0.6592
vn -0.2401 -0.9695 -0.0494
vn -0.3439 -0.9262 0.1542
vn -0.4771 -0.7932 0.3783
vn -0.5666 -0.8214 0.0655
vn -0.7043 -0.6700 0.2345
vn -0.6623 -0.7473 -0.0537
vn -0.6744 -0.2752 0.6851
vn -0.6770 -0.2131 0.7045
vn -0.7293 -0.1574 0.6658
vn -0.8162 -0.0733 0.5731
vn -0.8766 0.0400 0.4796
vn 0.0708 -0.1542 -0.9855
vn -0.4127 -0.3521 -0.8400
vn 0.1561 -0.2283 -0.9610
vn 0.3290 -0.2238 -0.9174
vn 0.4387 -0.2146 -0.8726
vn 0.5146 -0.0393 -0.8565
vn -0.0667 -0.8887 -0.4537
vn 0.2354 -0.2093 0.9491
vn -0.6997 0.4063 0.5877
vn -0.7292 0.4127 0.5459
vn -0.7193 0.4437 0.5346
vn -0.7398 0.4404 0.5087
vn -0.7034 0.4689 0.5342
vn -0.5853 0.3695 0.7217
vn -0.4786 0.3331 0.8124
vn -0.5644 0.1365 0.8142
vn -0.5370 0.0545 0.8418
vn -0.6021 0.2877 0.7448
vn -0.5395 0.3705 0.7561
vn 0.2608 0.1555 0.9528
vn -0.0234 0.0255 0.9994
vn -0.5773 0.0825 0.8124
vn 0.3774 -0.0829 0.9223
vn 0.3685 -0.1597 0.9158
vn 0.4313 -0.1728 0.8855
vn 0.4248 -0.2384 0.8733
vn 0.2120 -0.3534 0.9111
vn 0.3688 -0.2986 0.8802
vn 0.2953 -0.1698 0.9402
vn 0.4538 -0.4290 0.7811
vn 0.3489 -0.0313 0.9366
vn -0.9264 -0.2831 -0.2483
vn -0.9304 -0.2307 -0.2849
vn -0.9346 -0.2057 -0.2901
vn 0.6256 -0.0764 0.7764
vn 0.7219 -0.2081 0.6600
vn 0.5632 -0.1329 0.8156
vn 0.6564 -0.2351 0.7169
vn 0.7344 -0.2649 0.6249
vn 0.6875 -0.2475 0.6827
vn 0.6098 -0.2330 0.7576
vn 0.6630 -0.2077 0.7192
vn 0.7275 -0.1905 0.6592
vn 0.5863 -0.2041 0.7840
vn 0.4980 -0.1523 0.8537
vn 0.5202 -0.1595 0.8390
vn 0.4881 -0.1353 0.8623
vn 0.5613 -0.1650 0.8110
vn 0.6367 -0.1624 0.7538
vn 0.5499 -0.1207 0.8264
vn 0.6115 -0.1140 0.7830
vn 0.5638 -0.0484 0.8245
vn 0.6309 -0.0393 0.7748
vn 0.6118 0.0463 0.7896
vn 0.6687 0.0144 0.7434
vn 0.6558 0.0881 0.7498
vn 0.6766 0.0085 0.7363
vn 0.6807 -0.0391 0.7316
vn 0.6817 -0.0360 0.7307
vn 0.6645 -0.0769 0.7433
vn 0.6339 -0.0731 0.7699
vn 0.5805 -0.1519 0.8000
vn 0.6549 0.0342 0.7550
vn 0.5280 -0.2115 0.8225
vn 0.4575 -0.2368 0.8571
vn 0.5843 -0.1179 0.8029
vn 0.4810 -0.2679 0.8348
vn 0.3980 -0.2987 0.8674
vn 0.5318 -0.2531 0.8082
vn 0.4071 -0.3592 0.8398
vn 0.2321 -0.3772 0.8966
vn 0.2581 -0.5058 0.8231
vn -0.0224 -0.4401 0.8977
vn 0.5329 -0.3568 0.7673
vn 0.6263 -0.1678 0.7613
vn 0.0826 -0.6700 0.7377
vn 0.6329 0.0145 0.7741
vn 0.0640 -0.7154 0.6957
vn 0.0674 -0.3296 0.9417
vn -0.1366 -0.2776 0.9509
vn 0.1385 -0.7834 0.6059
vn -0.0031 -0.5506 0.8347
vn -0.0584 -0.7360 0.6745
vn 0.1165 -0.8584 0.4996
vn 0.0259 0.0747 0.9969
vn 0.1477 0.1625 0.9756
vn -0.1189 -0.0110 0.9928
vn 0.0270 -0.8589 0.5115
vn -0.2653 -0.0033 0.9642
vn -0.4805 0.1148 0.8694
vn -0.4874 0.1183 -0.8651
vn -0.0960 0.9333 0.3461
vn -0.2083 0.9634 -0.1687
vn 0.0269 0.9828 -0.1829
vn -0.8968 0.3082 -0.3174
vn -0.9220 0.1900 -0.3373
vn -0.9776 0.1529 -0.1444
vn -0.9666 0.2167 -0.1371
vn -0.7038 0.6441 -0.2995
vn 0.0304 0.9847 -0.1713
vn -0.8921 0.4387 -0.1081
vn -0.5913 0.7145 -0.3740
vn 0.0747 0.9919 -0.1024
vn -0.9916 0.1291 -0.0082
vn -0.8616 0.2580 -0.4371
vn -0.9954 0.0958 -0.0007
vn -0.9886 -0.1508 -0.0033
vn 0.1090 0.9931 -0.0442
vn -0.7426 0.4716 -0.4755
vn 0.1007 0.9937 -0.0497
vn 0.0535 0.9905 -0.1268
vn 0.2748 0.9050 0.3248
vn 0.2807 0.9103 0.3044
vn 0.2403 0.9012 0.3607
vn 0.2287 0.8892 0.3964
vn 0.4038 0.6869 0.6042
vn 0.3633 0.6887 0.6274
vn 0.3202 0.6927 0.6462
vn 0.4545 0.4750 0.7535
vn 0.3853 0.4643 0.7975
vn 0.2960 0.4593 0.8375
vn 0.3324 0.1114 0.9365
vn 0.4407 0.1410 0.8865
vn 0.5212 0.1928 0.8314
vn 0.5705 -0.0173 0.8211
vn 0.5395 0.2846 0.7925
vn 0.4832 0.4855 0.7285
vn 0.5877 0.0946 0.8035
vn 0.5259 0.3342 0.7821
vn 0.4493 0.5435 0.7091
vn 0.5200 0.3876 0.7611
vn 0.4233 0.6005 0.6783
vn 0.5931 0.1713 0.7867
vn 0.5810 -0.0904 0.8089
vn 0.5860 0.0237 0.8100
vn 0.5389 -0.1489 0.8291
vn 0.5678 -0.0587 0.8211
vn 0.5685 -0.1125 0.8149
vn 0.5615 0.0052 0.8274
vn 0.5648 -0.0471 0.8239
vn 0.5385 -0.0737 0.8394
vn 0.5351 -0.1133 0.8372
vn 0.4799 -0.0742 0.8742
vn 0.4901 -0.1134 0.8643
vn 0.5229 -0.0203 0.8522
vn 0.4280 -0.1804 0.8856
vn 0.3754 -0.1326 0.9173
vn 0.3046 -0.0155 0.9524
vn 0.3158 0.1822 0.9312
vn 0.5319 0.1171 0.8387
vn 0.5450 0.1402 0.8266
vn 0.4589 0.3633 0.8108
vn 0.3390 0.3693 0.8653
vn 0.1314 0.1254 0.9834
vn 0.0863 -0.0980 0.9914
vn 0.1868 -0.2157 0.9584
vn 0.3291 -0.2471 0.9114
vn 0.5115 -0.1887 0.8383
vn 0.5159 -0.1781 0.8379
vn 0.5719 -0.2063 0.7940
vn 0.6028 -0.1614 0.7814
vn 0.6605 -0.1301 0.7395
vn 0.7127 -0.1272 0.6899
vn 0.6869 -0.0930 0.7208
vn 0.7031 -0.1577 0.6933
vn 0.3697 0.4127 0.8325
vn 0.3046 0.4201 0.8548
vn 0.4228 0.5475 0.7221
vn 0.4618 0.4871 0.7413
vn 0.5379 0.3305 0.7755
vn 0.4752 0.4859 0.7335
vn 0.2824 0.7509 0.5970
vn 0.3646 0.6859 0.6297
vn 0.1381 0.6837 0.7166
vn 0.3106 0.8114 0.4951
vn 0.2157 0.8888 0.4044
vn 0.0841 0.9462 0.3124
vn 0.1871 0.9598 0.2093
vn 0.0743 0.9939 0.0810
vn -0.0691 0.9955 -0.0656
vn 0.3793 0.7414 0.5536
vn 0.4083 -0.0373 0.9121
vn 0.5811 0.3940 0.7121
vn 0.5741 0.4901 0.6559
vn 0.5708 0.5373 0.6209
vn -0.3474 0.2893 0.8920
vn -0.2541 0.0753 0.9642
vn -0.3733 0.3045 0.8763
vn -0.2722 0.1080 0.9562
vn -0.2067 -0.0133 0.9783
vn -0.1994 0.0241 0.9796
vn -0.3001 0.0963 0.9490
vn -0.4286 0.2679 0.8629
vn -0.3586 0.0917 0.9290
vn -0.4779 0.2511 0.8418
vn -0.4423 0.0859 0.8928
vn -0.5456 0.2220 0.8081
vn -0.5358 0.0787 0.8407
vn -0.6155 0.0471 0.7867
vn -0.6640 0.0155 0.7476
vn -0.5404 0.3136 0.7808
vn -0.5683 0.2434 0.7860
vn -0.5073 0.3658 0.7803
vn 0.3080 0.1950 0.9312
vn 0.3662 0.1073 0.9243
vn 0.2138 0.1519 0.9650
vn 0.2402 0.0083 0.9707
vn 0.4080 -0.0208 0.9127
vn 0.1583 -0.2257 0.9612
vn 0.1076 -0.1283 0.9859
vn -0.1459 -0.3769 0.9147
vn -0.2023 -0.1849 0.9617
vn -0.2988 -0.2477 0.9216
vn -0.3601 -0.1275 0.9242
vn -0.3227 0.0151 0.9464
vt 0.753884 0.820200
vt 0.750684 0.820200
vt 0.750884 0.818600
vt 0.753984 0.818700
vt 0.757084 0.818600
vt 0.757084 0.820200
vt 0.757084 0.821700
vt 0.753884 0.821700
vt 0.750684 0.821700
vt 0.747784 0.818400
vt 0.747484 0.820000
vt 0.747384 0.821600
vt 0.750684 0.823200
vt 0.747384 0.823100
vt 0.753984 0.823200
vt 0.743884 0.821200
vt 0.744284 0.819400
vt 0.743784 0.822900
vt 0.750684 0.824400
vt 0.747584 0.824400
vt 0.744184 0.824300
vt 0.740584 0.824500
vt 0.739684 0.822500
vt 0.740584 0.820300
vt 0.736984 0.825500
vt 0.735984 0.824200
vt 0.736584 0.820300
vt 0.733984 0.822300
vt 0.737784 0.818600
vt 0.741184 0.818300
vt 0.738484 0.816900
vt 0.735284 0.816700
vt 0.736184 0.815300
vt 0.734084 0.818100
vt 0.741684 0.816600
vt 0.739084 0.815300
vt 0.736984 0.814000
vt 0.733184 0.814700
vt 0.734084 0.813500
vt 0.734984 0.812400
vt 0.739784 0.813800
vt 0.737684 0.812600
vt 0.735684 0.811200
vt 0.733084 0.810700
vt 0.733784 0.809700
vt 0.732284 0.811700
vt 0.731584 0.808800
vt 0.732284 0.808000
vt 0.730684 0.809700
vt 0.729684 0.810500
vt 0.731284 0.812700
vt 0.729584 0.807700
vt 0.730484 0.807000
vt 0.728484 0.808300
vt 0.727084 0.809100
vt 0.728384 0.811500
vt 0.729984 0.813900
vt 0.726384 0.813000
vt 0.724984 0.810200
vt 0.727984 0.815500
vt 0.726284 0.806700
vt 0.727684 0.806200
vt 0.723984 0.807300
vt 0.722584 0.811500
vt 0.721384 0.808100
vt 0.723984 0.814500
vt 0.720784 0.804600
vt 0.723584 0.804400
vt 0.725984 0.804300
vt 0.721084 0.801100
vt 0.723884 0.801500
vt 0.726284 0.801900
vt 0.724784 0.798600
vt 0.727184 0.799600
vt 0.721984 0.797600
vt 0.718884 0.796600
vt 0.717884 0.800800
vt 0.717784 0.804900
vt 0.720684 0.792900
vt 0.723684 0.794400
vt 0.726284 0.795900
vt 0.723184 0.789700
vt 0.725984 0.791700
vt 0.728484 0.793600
vt 0.728984 0.789500
vt 0.731084 0.791800
vt 0.726484 0.787100
vt 0.732084 0.787900
vt 0.733884 0.790400
vt 0.729884 0.785300
vt 0.730684 0.795400
vt 0.732984 0.793900
vt 0.735484 0.792600
vt 0.736584 0.789600
vt 0.737884 0.791800
vt 0.734984 0.787000
vt 0.739684 0.789100
vt 0.740784 0.791300
vt 0.738384 0.786500
vt 0.743184 0.788900
vt 0.743984 0.790900
vt 0.742184 0.786300
vt 0.736884 0.783500
vt 0.741084 0.783200
vt 0.733084 0.784200
vt 0.745284 0.783200
vt 0.746084 0.786300
vt 0.746684 0.788800
vt 0.749484 0.783300
vt 0.749884 0.786400
vt 0.750284 0.788800
vt 0.747284 0.790800
vt 0.750584 0.790800
vt 0.753784 0.788900
vt 0.753784 0.790800
vt 0.753684 0.786500
vt 0.757084 0.790800
vt 0.757284 0.788800
vt 0.757584 0.786400
vt 0.756984 0.792000
vt 0.753884 0.792000
vt 0.750684 0.792000
vt 0.756984 0.792900
vt 0.753884 0.792900
vt 0.750884 0.792900
vt 0.747584 0.792000
vt 0.747784 0.793000
vt 0.750984 0.794000
vt 0.747984 0.794100
vt 0.753984 0.794000
vt 0.745184 0.794400
vt 0.744784 0.793300
vt 0.744484 0.792200
vt 0.742384 0.794800
vt 0.741884 0.793700
vt 0.741384 0.792600
vt 0.738684 0.793200
vt 0.739284 0.794400
vt 0.736384 0.794000
vt 0.737084 0.795100
vt 0.739884 0.795500
vt 0.737784 0.796200
vt 0.734984 0.796200
vt 0.735684 0.797200
vt 0.734084 0.795200
vt 0.733884 0.798400
vt 0.732984 0.797600
vt 0.731984 0.796600
vt 0.729984 0.798400
vt 0.728584 0.797400
vt 0.731184 0.799200
vt 0.728684 0.800300
vt 0.729884 0.800900
vt 0.732084 0.799900
vt 0.730884 0.801500
vt 0.732884 0.800600
vt 0.731684 0.802000
vt 0.734584 0.799300
vt 0.736384 0.798200
vt 0.735084 0.799900
vt 0.736784 0.798900
vt 0.733484 0.801000
vt 0.735484 0.800100
vt 0.733884 0.801200
vt 0.737184 0.799200
vt 0.737584 0.799700
vt 0.735984 0.800500
vt 0.734384 0.801500
vt 0.732684 0.802400
vt 0.732984 0.802600
vt 0.732384 0.802300
vt 0.732084 0.803600
vt 0.731784 0.803500
vt 0.731584 0.803400
vt 0.730984 0.803300
vt 0.731284 0.804300
vt 0.731184 0.804300
vt 0.730584 0.804200
vt 0.730084 0.803000
vt 0.729684 0.804200
vt 0.730684 0.805200
vt 0.729784 0.805400
vt 0.731184 0.805100
vt 0.731284 0.806400
vt 0.731884 0.806100
vt 0.731284 0.805200
vt 0.732084 0.806100
vt 0.731484 0.805100
vt 0.732384 0.806100
vt 0.731384 0.804400
vt 0.733284 0.807300
vt 0.732884 0.807500
vt 0.733784 0.807100
vt 0.732584 0.806100
vt 0.734084 0.807100
vt 0.731584 0.805100
vt 0.734484 0.806900
vt 0.732784 0.806200
vt 0.731684 0.805100
vt 0.731584 0.804500
vt 0.731684 0.804500
vt 0.731784 0.805100
vt 0.733084 0.806200
vt 0.731784 0.804500
vt 0.732284 0.803700
vt 0.732384 0.803700
vt 0.732484 0.803700
vt 0.962991 0.980345
vt 0.962891 0.978545
vt 0.963791 0.978545
vt 0.963791 0.980445
vt 0.963891 0.981845
vt 0.963191 0.981845
vt 0.965291 0.980445
vt 0.965391 0.981645
vt 0.965391 0.979045
vt 0.963991 0.977145
vt 0.962991 0.976845
vt 0.965591 0.977845
vt 0.964291 0.975745
vt 0.965991 0.976645
vt 0.963291 0.975145
vt 0.968291 0.977945
vt 0.967991 0.978645
vt 0.967691 0.979445
vt 0.969691 0.979545
vt 0.970191 0.979345
vt 0.969891 0.980045
vt 0.967491 0.980745
vt 0.969691 0.980945
vt 0.971091 0.980645
vt 0.971091 0.981245
vt 0.971691 0.979945
vt 0.972091 0.980745
vt 0.970991 0.978745
vt 0.968991 0.976945
vt 0.971791 0.978245
vt 0.972591 0.979645
vt 0.969791 0.976045
vt 0.966691 0.975245
vt 0.967591 0.973945
vt 0.964791 0.973945
vt 0.965691 0.972145
vt 0.963691 0.973145
vt 0.964191 0.971145
vt 0.736384 0.801500
vt 0.738084 0.801000
vt 0.737884 0.801600
vt 0.736284 0.802100
vt 0.734884 0.802300
vt 0.734784 0.802600
vt 0.733584 0.802900
vt 0.733684 0.803000
vt 0.734584 0.801700
vt 0.736184 0.800800
vt 0.733184 0.802700
vt 0.737784 0.800200
vt 0.739584 0.799600
vt 0.739784 0.800500
vt 0.739384 0.799100
vt 0.741684 0.800000
vt 0.741484 0.799100
vt 0.741284 0.798600
vt 0.741684 0.800600
vt 0.739784 0.801000
vt 0.965491 0.969145
vt 0.967091 0.967445
vt 0.968391 0.969145
vt 0.966891 0.970645
vt 0.969991 0.971745
vt 0.968691 0.972745
vt 0.971791 0.974745
vt 0.970791 0.975345
vt 0.973391 0.977745
vt 0.972591 0.977945
vt 0.973291 0.979445
vt 0.973991 0.979445
vt 0.974491 0.980945
vt 0.973891 0.980845
vt 0.973091 0.980745
vt 0.973591 0.982345
vt 0.972891 0.982045
vt 0.974291 0.982445
vt 0.974891 0.979245
vt 0.975291 0.980945
vt 0.975191 0.982545
vt 0.973591 0.984245
vt 0.972691 0.983945
vt 0.974691 0.984545
vt 0.976191 0.982645
vt 0.975791 0.984745
vt 0.976291 0.980945
vt 0.973291 0.987645
vt 0.971891 0.986945
vt 0.974791 0.988145
vt 0.977091 0.984845
vt 0.976391 0.988545
vt 0.977291 0.982745
vt 0.977991 0.988745
vt 0.978291 0.984945
vt 0.978391 0.982845
vt 0.977391 0.980945
vt 0.978491 0.980945
vt 0.979591 0.985045
vt 0.979591 0.982745
vt 0.979591 0.980945
vt 0.979591 0.978945
vt 0.978391 0.978945
vt 0.977191 0.979045
vt 0.980691 0.980945
vt 0.980691 0.982845
vt 0.980791 0.978945
vt 0.979591 0.976845
vt 0.980891 0.976845
vt 0.978191 0.976845
vt 0.979591 0.972845
vt 0.981291 0.972945
vt 0.977891 0.972945
vt 0.976891 0.976945
vt 0.976191 0.973245
vt 0.975591 0.977245
vt 0.974591 0.973645
vt 0.975991 0.979145
vt 0.974391 0.977445
vt 0.973091 0.974145
vt 0.971591 0.970845
vt 0.973491 0.969945
vt 0.970391 0.967845
vt 0.972391 0.966845
vt 0.968991 0.965645
vt 0.971391 0.964245
vt 0.743884 0.799600
vt 0.746284 0.799400
vt 0.746284 0.800000
vt 0.743784 0.800300
vt 0.743784 0.798700
vt 0.746284 0.798500
vt 0.748884 0.798400
vt 0.748884 0.799300
vt 0.748884 0.800000
vt 0.751584 0.799400
vt 0.751584 0.798600
vt 0.751584 0.800100
vt 0.754284 0.799500
vt 0.754284 0.800100
vt 0.754284 0.798600
vt 0.976891 0.963045
vt 0.979591 0.963045
vt 0.979591 0.965345
vt 0.976891 0.965645
vt 0.974091 0.963445
vt 0.974591 0.966045
vt 0.977491 0.968945
vt 0.975391 0.969345
vt 0.979591 0.968745
vt 0.982291 0.963045
vt 0.982191 0.965645
vt 0.981691 0.968945
vt 0.984491 0.966045
vt 0.983691 0.969345
vt 0.982991 0.973245
vt 0.982291 0.976945
vt 0.985691 0.969945
vt 0.984591 0.973645
vt 0.983491 0.977245
vt 0.984791 0.977445
vt 0.986091 0.974145
vt 0.987491 0.970845
vt 0.984191 0.979245
vt 0.983091 0.979145
vt 0.981991 0.979045
vt 0.982891 0.980945
vt 0.981791 0.980945
vt 0.983891 0.980945
vt 0.981891 0.982745
vt 0.982991 0.982645
vt 0.983291 0.984745
vt 0.982091 0.984845
vt 0.980891 0.984945
vt 0.982791 0.988545
vt 0.981191 0.988745
vt 0.984391 0.988145
vt 0.979591 0.988845
vt 0.979591 0.992645
vt 0.981591 0.992545
vt 0.983491 0.992145
vt 0.977591 0.992545
vt 0.975691 0.992145
vt 0.977291 0.995245
vt 0.975091 0.994745
vt 0.979591 0.995445
vt 0.977091 0.996945
vt 0.974591 0.996345
vt 0.979591 0.997145
vt 0.972191 0.995345
vt 0.972891 0.993845
vt 0.973691 0.991545
vt 0.970091 0.993945
vt 0.970791 0.992645
vt 0.971891 0.990645
vt 0.968191 0.992345
vt 0.969091 0.991345
vt 0.970191 0.989645
vt 0.970691 0.986245
vt 0.968891 0.988545
vt 0.967591 0.989945
vt 0.967691 0.987145
vt 0.969691 0.985345
vt 0.966391 0.988245
vt 0.965391 0.986545
vt 0.966691 0.985745
vt 0.968891 0.984345
vt 0.965491 0.988945
vt 0.964491 0.987045
vt 0.966791 0.990745
vt 0.964591 0.984745
vt 0.965991 0.984245
vt 0.963791 0.985045
vt 0.734684 0.806900
vt 0.736384 0.807400
vt 0.736084 0.807700
vt 0.737884 0.808100
vt 0.737784 0.808500
vt 0.963391 0.983245
vt 0.964091 0.983145
vt 0.965591 0.982845
vt 0.967591 0.981545
vt 0.967691 0.982345
vt 0.968191 0.983345
vt 0.970291 0.982545
vt 0.971091 0.983045
vt 0.969591 0.982045
vt 0.971091 0.981745
vt 0.972091 0.981845
vt 0.969691 0.981445
vt 0.971891 0.983545
vt 0.735684 0.808000
vt 0.737484 0.808900
vt 0.739684 0.809200
vt 0.739484 0.809800
vt 0.739684 0.808800
vt 0.741584 0.809900
vt 0.741484 0.810500
vt 0.741584 0.809500
vt 0.743884 0.810100
vt 0.743884 0.810500
vt 0.743784 0.811200
vt 0.746384 0.811000
vt 0.746284 0.811800
vt 0.746384 0.810500
vt 0.748984 0.811300
vt 0.748884 0.812100
vt 0.748984 0.810800
vt 0.751684 0.811400
vt 0.751584 0.812300
vt 0.751684 0.810900
vt 0.754284 0.811500
vt 0.754284 0.812300
vt 0.754284 0.811000
vt 0.756884 0.810900
vt 0.756884 0.811400
vt 0.756984 0.812300
vt 0.981891 0.995245
vt 0.982091 0.996945
vt 0.759584 0.811300
vt 0.759584 0.810800
vt 0.984091 0.994745
vt 0.984591 0.996345
vt 0.985391 0.991545
vt 0.986291 0.993845
vt 0.986891 0.995345
vt 0.985891 0.987645
vt 0.987291 0.990645
vt 0.988291 0.992645
vt 0.987291 0.986945
vt 0.988891 0.989645
vt 0.990091 0.991345
vt 0.990891 0.992345
vt 0.989091 0.993945
vt 0.764684 0.810600
vt 0.762184 0.811100
vt 0.762184 0.810600
vt 0.764684 0.810200
vt 0.766984 0.809600
vt 0.766984 0.810000
vt 0.992391 0.990745
vt 0.991591 0.989945
vt 0.768984 0.809100
vt 0.768984 0.809400
vt 0.769184 0.809900
vt 0.767084 0.810600
vt 0.764784 0.811300
vt 0.767384 0.811200
vt 0.764984 0.812000
vt 0.769384 0.810400
vt 0.770984 0.808700
vt 0.771184 0.809100
vt 0.771484 0.809400
vt 0.771784 0.809900
vt 0.769784 0.811000
vt 0.767684 0.812000
vt 0.770084 0.811600
vt 0.768084 0.812700
vt 0.772184 0.810400
vt 0.770484 0.812800
vt 0.768484 0.814000
vt 0.772584 0.811300
vt 0.774484 0.809800
vt 0.774084 0.809100
vt 0.773684 0.808700
vt 0.776084 0.808200
vt 0.775684 0.807600
vt 0.775384 0.807300
vt 0.774984 0.807100
vt 0.773384 0.808400
vt 0.773084 0.808200
vt 0.774784 0.807100
vt 0.772784 0.808000
vt 0.774384 0.807000
vt 0.770884 0.808500
vt 0.772584 0.807800
vt 0.774184 0.807000
vt 0.775884 0.806000
vt 0.775584 0.806100
vt 0.776184 0.806000
vt 0.995391 0.985045
vt 0.994591 0.987045
vt 0.993791 0.986545
vt 0.994491 0.984745
vt 0.995791 0.983245
vt 0.994991 0.983145
vt 0.995991 0.981845
vt 0.995191 0.981845
vt 0.776984 0.805000
vt 0.777084 0.805000
vt 0.993591 0.982845
vt 0.993791 0.981645
vt 0.993091 0.984245
vt 0.991391 0.982345
vt 0.990991 0.983345
vt 0.991591 0.981545
vt 0.992391 0.985745
vt 0.990291 0.984345
vt 0.991491 0.987145
vt 0.989491 0.985345
vt 0.992791 0.988245
vt 0.993691 0.988945
vt 0.990291 0.988545
vt 0.988391 0.986245
vt 0.986391 0.983945
vt 0.985591 0.984245
vt 0.987291 0.983545
vt 0.988091 0.983045
vt 0.985491 0.982345
vt 0.986291 0.982045
vt 0.987091 0.981845
vt 0.988791 0.982545
vt 0.988091 0.981745
vt 0.986991 0.980745
vt 0.986091 0.980745
vt 0.987991 0.981245
vt 0.987391 0.979945
vt 0.987991 0.980645
vt 0.986591 0.979645
vt 0.989391 0.981445
vt 0.989391 0.980945
vt 0.989291 0.980045
vt 0.988891 0.979345
vt 0.989391 0.979545
vt 0.988191 0.978745
vt 0.990891 0.977945
vt 0.991191 0.978645
vt 0.990191 0.976945
vt 0.987291 0.978245
vt 0.989291 0.976145
vt 0.992491 0.975245
vt 0.993091 0.976645
vt 0.991491 0.973945
vt 0.988391 0.975345
vt 0.990391 0.972745
vt 0.986591 0.977945
vt 0.987391 0.974745
vt 0.989191 0.971745
vt 0.985791 0.977745
vt 0.985891 0.979445
vt 0.985191 0.979445
vt 0.985291 0.980845
vt 0.984691 0.980945
vt 0.984891 0.982445
vt 0.984491 0.984545
vt 0.983991 0.982545
vt 0.992291 0.970645
vt 0.990691 0.969145
vt 0.988791 0.967845
vt 0.986791 0.966845
vt 0.990191 0.965645
vt 0.992091 0.967445
vt 0.987691 0.964245
vt 0.985091 0.963445
vt 0.756984 0.800200
vt 0.756984 0.799500
vt 0.759684 0.799500
vt 0.759784 0.800200
vt 0.762184 0.799700
vt 0.762284 0.800500
vt 0.759684 0.798600
vt 0.756984 0.798600
vt 0.762284 0.798700
vt 0.754184 0.797900
vt 0.756984 0.797900
vt 0.759684 0.797900
vt 0.754184 0.797000
vt 0.756984 0.797100
vt 0.759784 0.797100
vt 0.756984 0.796300
vt 0.759884 0.796300
vt 0.754084 0.796200
vt 0.751384 0.797000
vt 0.751284 0.796200
vt 0.751484 0.797900
vt 0.748584 0.797000
vt 0.748384 0.796200
vt 0.748784 0.797800
vt 0.754084 0.795200
vt 0.751184 0.795100
vt 0.748184 0.795200
vt 0.745684 0.796400
vt 0.745384 0.795400
vt 0.745884 0.797100
vt 0.743084 0.796800
vt 0.742684 0.795900
vt 0.743384 0.797400
vt 0.743584 0.798100
vt 0.746084 0.797900
vt 0.740984 0.797900
vt 0.739084 0.798500
vt 0.740684 0.797400
vt 0.738684 0.798000
vt 0.738284 0.797300
vt 0.740284 0.796500
vt 0.756984 0.795100
vt 0.756984 0.794000
vt 0.760084 0.793000
vt 0.759984 0.794100
vt 0.759884 0.795200
vt 0.762684 0.795500
vt 0.762784 0.794400
vt 0.762984 0.793200
vt 0.762584 0.796500
vt 0.765184 0.796900
vt 0.765384 0.795900
vt 0.765584 0.794800
vt 0.767784 0.796500
vt 0.767584 0.797400
vt 0.768084 0.795400
vt 0.765884 0.793600
vt 0.768484 0.794300
vt 0.770684 0.795000
vt 0.770184 0.796100
vt 0.769784 0.797200
vt 0.769084 0.793100
vt 0.771384 0.793900
vt 0.766284 0.792600
vt 0.769784 0.791700
vt 0.772184 0.792500
vt 0.766884 0.791200
vt 0.773684 0.795000
vt 0.772884 0.796100
vt 0.774684 0.793700
vt 0.771084 0.789600
vt 0.773684 0.790400
vt 0.776484 0.791800
vt 0.777184 0.795400
vt 0.776084 0.796500
vt 0.779184 0.793600
vt 0.778484 0.789500
vt 0.781484 0.791600
vt 0.775384 0.787900
vt 0.780884 0.787100
vt 0.784084 0.789700
vt 0.777384 0.785300
vt 0.783784 0.794300
vt 0.786684 0.792800
vt 0.781284 0.795800
vt 0.787684 0.787600
vt 0.790484 0.791400
vt 0.784184 0.784500
vt 0.788184 0.782100
vt 0.791984 0.785900
vt 0.794784 0.790500
vt 0.788484 0.796600
vt 0.792184 0.795900
vt 0.796284 0.795600
vt 0.800084 0.789900
vt 0.801284 0.795900
vt 0.797384 0.784600
vt 0.805884 0.790000
vt 0.806684 0.796600
vt 0.803384 0.783700
vt 0.796784 0.801100
vt 0.801284 0.801900
vt 0.806284 0.803300
vt 0.812484 0.798000
vt 0.811484 0.805100
vt 0.812184 0.790700
vt 0.818784 0.800100
vt 0.816984 0.807700
vt 0.819084 0.792100
vt 0.827084 0.794400
vt 0.825684 0.803100
vt 0.822784 0.811000
vt 0.809384 0.811800
vt 0.814184 0.814600
vt 0.819084 0.818100
vt 0.829084 0.815500
vt 0.823984 0.822500
vt 0.833784 0.807600
vt 0.834484 0.821400
vt 0.828184 0.827800
vt 0.841284 0.814200
vt 0.815184 0.824000
vt 0.819284 0.828100
vt 0.822684 0.832800
vt 0.831284 0.834200
vt 0.825484 0.838200
vt 0.837884 0.829400
vt 0.833384 0.841200
vt 0.827484 0.844000
vt 0.839884 0.838200
vt 0.846884 0.835700
vt 0.845184 0.824800
vt 0.853684 0.834100
vt 0.854384 0.820300
vt 0.849384 0.804600
vt 0.864184 0.813900
vt 0.861584 0.823700
vt 0.863384 0.801700
vt 0.860384 0.833900
vt 0.854184 0.844000
vt 0.847784 0.844900
vt 0.860184 0.843300
vt 0.867184 0.825800
vt 0.865884 0.834200
vt 0.865184 0.843200
vt 0.861084 0.852500
vt 0.865684 0.851900
vt 0.854884 0.853100
vt 0.863284 0.861900
vt 0.868584 0.860600
vt 0.855884 0.862300
vt 0.870084 0.851500
vt 0.872684 0.858900
vt 0.869184 0.845500
vt 0.872884 0.853300
vt 0.874984 0.858800
vt 0.872384 0.850000
vt 0.870984 0.849300
vt 0.870684 0.847100
vt 0.869184 0.841100
vt 0.872184 0.840700
vt 0.871584 0.844100
vt 0.871984 0.846800
vt 0.873884 0.836300
vt 0.870784 0.834500
vt 0.873184 0.831000
vt 0.874884 0.831300
vt 0.870984 0.827000
vt 0.873784 0.826700
vt 0.873184 0.821200
vt 0.875684 0.822700
vt 0.869584 0.818500
vt 0.875784 0.817800
vt 0.872484 0.814800
vt 0.869984 0.810700
vt 0.877884 0.816200
vt 0.876184 0.812600
vt 0.874584 0.808800
vt 0.868984 0.805600
vt 0.873284 0.804200
vt 0.872384 0.798800
vt 0.848984 0.789600
vt 0.861884 0.790800
vt 0.875484 0.792000
vt 0.878584 0.798200
vt 0.878984 0.803300
vt 0.890284 0.793900
vt 0.886284 0.798600
vt 0.885184 0.803200
vt 0.879484 0.807400
vt 0.884684 0.807000
vt 0.890084 0.808000
vt 0.891284 0.804400
vt 0.892384 0.799800
vt 0.895484 0.809900
vt 0.897284 0.806600
vt 0.899984 0.802800
vt 0.907184 0.799400
vt 0.906284 0.787300
vt 0.889684 0.784300
vt 0.874384 0.782300
vt 0.888784 0.774600
vt 0.873084 0.772800
vt 0.905284 0.776800
vt 0.860584 0.780800
vt 0.858684 0.771200
vt 0.887684 0.764800
vt 0.871684 0.763200
vt 0.856384 0.761600
vt 0.846984 0.779000
vt 0.843984 0.769400
vt 0.840484 0.759900
vt 0.854184 0.751800
vt 0.870284 0.753500
vt 0.837684 0.750400
vt 0.825984 0.758500
vt 0.821184 0.749400
vt 0.830784 0.768000
vt 0.813284 0.758700
vt 0.804284 0.749000
vt 0.819284 0.767400
vt 0.823584 0.776300
vt 0.834584 0.777500
vt 0.803884 0.761600
vt 0.809684 0.768600
vt 0.814384 0.776100
vt 0.817584 0.784000
vt 0.826384 0.785400
vt 0.837184 0.788100
vt 0.837284 0.798500
vt 0.810084 0.783500
vt 0.806384 0.776700
vt 0.799584 0.778000
vt 0.794984 0.772900
vt 0.801784 0.770500
vt 0.796484 0.765200
vt 0.790184 0.769000
vt 0.793484 0.779800
vt 0.789084 0.775800
vt 0.784884 0.772800
vt 0.789384 0.761200
vt 0.783984 0.766200
vt 0.779384 0.770700
vt 0.780284 0.776900
vt 0.775384 0.775400
vt 0.784084 0.779000
vt 0.776884 0.780600
vt 0.772584 0.779600
vt 0.780384 0.782100
vt 0.772984 0.769600
vt 0.769984 0.774500
vt 0.767884 0.779100
vt 0.770484 0.783500
vt 0.766284 0.783200
vt 0.774284 0.784200
vt 0.772484 0.787000
vt 0.769084 0.786500
vt 0.765284 0.786300
vt 0.761384 0.786300
vt 0.762084 0.783200
vt 0.762984 0.779000
vt 0.757884 0.783400
vt 0.758284 0.779100
vt 0.758884 0.774200
vt 0.764384 0.774200
vt 0.766384 0.769100
vt 0.759884 0.768800
vt 0.753484 0.768800
vt 0.753484 0.774200
vt 0.753584 0.779300
vt 0.748084 0.774200
vt 0.747084 0.768800
vt 0.748884 0.779100
vt 0.742684 0.774200
vt 0.740584 0.769100
vt 0.744184 0.779000
vt 0.753684 0.783500
vt 0.739284 0.779100
vt 0.737084 0.774500
vt 0.734584 0.779600
vt 0.731584 0.775400
vt 0.733984 0.769600
vt 0.727584 0.770800
vt 0.726784 0.776900
vt 0.722184 0.772900
vt 0.730284 0.780600
vt 0.726784 0.782100
vt 0.722984 0.779000
vt 0.717884 0.775800
vt 0.723084 0.766100
vt 0.716784 0.769000
vt 0.712084 0.772900
vt 0.713484 0.779800
vt 0.707484 0.777900
vt 0.718884 0.782100
vt 0.709584 0.784600
vt 0.703584 0.783700
vt 0.715084 0.786000
vt 0.722984 0.784500
vt 0.719484 0.787700
vt 0.716684 0.791500
vt 0.712284 0.790500
vt 0.706884 0.789900
vt 0.714884 0.795900
vt 0.710584 0.795700
vt 0.705484 0.795800
vt 0.701084 0.789900
vt 0.700084 0.796600
vt 0.705384 0.801900
vt 0.700484 0.803200
vt 0.710084 0.801100
vt 0.706284 0.807800
vt 0.701984 0.809600
vt 0.710484 0.806500
vt 0.714084 0.800800
vt 0.714184 0.805600
vt 0.715184 0.810100
vt 0.711884 0.811300
vt 0.707984 0.813100
vt 0.716784 0.814200
vt 0.713784 0.815800
vt 0.710384 0.817800
vt 0.704084 0.815100
vt 0.706884 0.820100
vt 0.712784 0.821700
vt 0.709584 0.824200
vt 0.715884 0.819500
vt 0.715084 0.825300
vt 0.712184 0.828000
vt 0.717984 0.822800
vt 0.718684 0.817700
vt 0.720484 0.820900
vt 0.722384 0.823900
vt 0.720084 0.826000
vt 0.717484 0.828600
vt 0.724184 0.826600
vt 0.722084 0.828800
vt 0.719684 0.831600
vt 0.714784 0.831500
vt 0.717384 0.834600
vt 0.721984 0.833900
vt 0.719984 0.836800
vt 0.723984 0.831200
vt 0.718084 0.839900
vt 0.715184 0.837900
vt 0.712184 0.834700
vt 0.722584 0.838900
vt 0.721084 0.841800
vt 0.724284 0.836200
vt 0.723584 0.843800
vt 0.724884 0.841100
vt 0.726284 0.838500
vt 0.728284 0.840800
vt 0.727084 0.843200
vt 0.725884 0.845900
vt 0.727784 0.836100
vt 0.729484 0.838500
vt 0.725984 0.833600
vt 0.729984 0.843000
vt 0.729084 0.845400
vt 0.730984 0.840700
vt 0.731784 0.838900
vt 0.730584 0.836700
vt 0.729084 0.834200
vt 0.733084 0.840900
vt 0.732484 0.842800
vt 0.731784 0.845100
vt 0.734884 0.842500
vt 0.734384 0.844400
vt 0.733884 0.846700
vt 0.731084 0.847400
vt 0.733484 0.849100
vt 0.736684 0.848200
vt 0.736284 0.850400
vt 0.736984 0.846000
vt 0.739484 0.848900
vt 0.738984 0.851200
vt 0.739684 0.846700
vt 0.735484 0.853100
vt 0.732784 0.851700
vt 0.738384 0.854100
vt 0.741384 0.854900
vt 0.741884 0.852000
vt 0.742284 0.849600
vt 0.745184 0.850100
vt 0.744784 0.852600
vt 0.744484 0.855600
vt 0.742384 0.847400
vt 0.745284 0.847800
vt 0.742584 0.845600
vt 0.745284 0.846000
vt 0.739784 0.844900
vt 0.737084 0.844100
vt 0.739884 0.843300
vt 0.742584 0.843700
vt 0.737384 0.842300
vt 0.735284 0.840800
vt 0.733684 0.839300
vt 0.735784 0.839100
vt 0.737584 0.840500
vt 0.734284 0.837700
vt 0.732584 0.837300
vt 0.733484 0.836000
vt 0.731684 0.834800
vt 0.732884 0.834200
vt 0.730284 0.832400
vt 0.732884 0.831200
vt 0.731784 0.830000
vt 0.733584 0.831600
vt 0.734684 0.828700
vt 0.734984 0.829500
vt 0.734084 0.827500
vt 0.736784 0.827000
vt 0.736784 0.828000
vt 0.734684 0.832200
vt 0.735784 0.830400
vt 0.737084 0.829000
vt 0.738784 0.827100
vt 0.738484 0.828100
vt 0.739384 0.826000
vt 0.737384 0.830400
vt 0.736384 0.831800
vt 0.738384 0.829500
vt 0.739184 0.829000
vt 0.739484 0.827700
vt 0.740184 0.826700
vt 0.740084 0.829100
vt 0.740484 0.827900
vt 0.741284 0.827000
vt 0.741384 0.828600
vt 0.740984 0.829500
vt 0.742084 0.828000
vt 0.742484 0.826500
vt 0.743084 0.827500
vt 0.741384 0.825600
vt 0.743084 0.829200
vt 0.742584 0.829600
vt 0.743784 0.828800
vt 0.744684 0.828500
vt 0.744484 0.827300
vt 0.744584 0.826300
vt 0.746084 0.827400
vt 0.746784 0.826600
vt 0.745584 0.828500
vt 0.744584 0.825500
vt 0.747984 0.825800
vt 0.749584 0.826900
vt 0.748284 0.827200
vt 0.750984 0.825700
vt 0.751384 0.826900
vt 0.753584 0.825700
vt 0.753484 0.826900
vt 0.753684 0.824500
vt 0.756184 0.825800
vt 0.756684 0.824500
vt 0.756984 0.823200
vt 0.760184 0.823200
vt 0.759684 0.824500
vt 0.760384 0.821600
vt 0.763784 0.823000
vt 0.763884 0.821300
vt 0.763184 0.824500
vt 0.760384 0.820100
vt 0.763684 0.819500
vt 0.760284 0.818400
vt 0.763384 0.817800
vt 0.763084 0.816100
vt 0.760084 0.816700
vt 0.757084 0.816900
vt 0.754084 0.816900
vt 0.759984 0.815000
vt 0.757084 0.815200
vt 0.754084 0.815200
vt 0.750984 0.816800
vt 0.751184 0.815200
vt 0.748284 0.815000
vt 0.747984 0.816600
vt 0.745084 0.816000
vt 0.745384 0.814500
vt 0.744684 0.817700
vt 0.745784 0.813500
vt 0.748584 0.814000
vt 0.751384 0.814100
vt 0.748784 0.813000
vt 0.751484 0.813100
vt 0.746084 0.812600
vt 0.743084 0.812800
vt 0.743484 0.812000
vt 0.742684 0.813600
vt 0.740684 0.811800
vt 0.741084 0.811100
vt 0.740284 0.812600
vt 0.738684 0.810900
vt 0.739184 0.810200
vt 0.738284 0.811500
vt 0.742284 0.815000
vt 0.736184 0.810200
vt 0.736684 0.809800
vt 0.734384 0.808900
vt 0.734884 0.808600
vt 0.737184 0.809300
vt 0.735384 0.808200
vt 0.754284 0.813200
vt 0.754184 0.814300
vt 0.757084 0.814100
vt 0.756984 0.813100
vt 0.759884 0.814000
vt 0.759684 0.813000
vt 0.762584 0.813600
vt 0.762884 0.814500
vt 0.762384 0.812700
vt 0.759584 0.812200
vt 0.762184 0.811900
vt 0.765284 0.812900
vt 0.765584 0.813700
vt 0.765884 0.815200
vt 0.768984 0.815500
vt 0.766384 0.816800
vt 0.769584 0.817000
vt 0.766884 0.818500
vt 0.767284 0.820400
vt 0.770184 0.818800
vt 0.771784 0.815500
vt 0.771084 0.814100
vt 0.772584 0.816800
vt 0.771284 0.820600
vt 0.767884 0.822800
vt 0.773784 0.818300
vt 0.775884 0.816200
vt 0.774784 0.814800
vt 0.773884 0.813700
vt 0.775784 0.811800
vt 0.776684 0.812800
vt 0.777784 0.814000
vt 0.777884 0.818100
vt 0.775884 0.820300
vt 0.779684 0.815700
vt 0.779484 0.811700
vt 0.778284 0.810700
vt 0.781384 0.813100
vt 0.783584 0.814700
vt 0.781984 0.817400
vt 0.780084 0.820000
vt 0.784284 0.819200
vt 0.782484 0.822000
vt 0.785984 0.816200
vt 0.788584 0.817900
vt 0.786684 0.821000
vt 0.784684 0.824000
vt 0.791184 0.819600
vt 0.789084 0.822900
vt 0.786984 0.826000
vt 0.780684 0.824600
vt 0.782784 0.826600
vt 0.784884 0.828800
vt 0.789484 0.828600
vt 0.787284 0.831600
vt 0.791884 0.825300
vt 0.792184 0.831600
vt 0.789584 0.834600
vt 0.794784 0.828000
vt 0.786984 0.836800
vt 0.784984 0.833900
vt 0.782984 0.831200
vt 0.794784 0.834700
vt 0.791784 0.837900
vt 0.788884 0.839900
vt 0.784384 0.838900
vt 0.782684 0.836200
vt 0.785884 0.841900
vt 0.790584 0.843300
vt 0.787284 0.845000
vt 0.793984 0.841500
vt 0.791884 0.846900
vt 0.788484 0.848300
vt 0.796284 0.845800
vt 0.783384 0.843800
vt 0.784584 0.846800
vt 0.785684 0.849800
vt 0.792384 0.850300
vt 0.789284 0.851300
vt 0.786584 0.852600
vt 0.783184 0.851600
vt 0.782184 0.848700
vt 0.784084 0.854000
vt 0.784984 0.856100
vt 0.787384 0.854900
vt 0.789784 0.854000
vt 0.782684 0.857500
vt 0.781684 0.855600
vt 0.780784 0.853300
vt 0.779384 0.857400
vt 0.778284 0.855200
vt 0.780484 0.859100
vt 0.779784 0.850700
vt 0.777384 0.852600
vt 0.775684 0.857000
vt 0.774784 0.854300
vt 0.776784 0.859300
vt 0.772884 0.858600
vt 0.772084 0.855800
vt 0.773984 0.861100
vt 0.777984 0.861100
vt 0.775284 0.863500
vt 0.771384 0.865300
vt 0.770684 0.862800
vt 0.769784 0.860000
vt 0.767684 0.866800
vt 0.767184 0.864000
vt 0.766584 0.861200
vt 0.769084 0.857000
vt 0.765984 0.857900
vt 0.763684 0.865000
vt 0.763284 0.862000
vt 0.762884 0.858700
vt 0.765584 0.854900
vt 0.768584 0.854100
vt 0.762484 0.855500
vt 0.765184 0.852000
vt 0.767984 0.851300
vt 0.762184 0.852600
vt 0.771484 0.853100
vt 0.770684 0.850500
vt 0.774084 0.851700
vt 0.773584 0.849100
vt 0.770184 0.848200
vt 0.772984 0.846700
vt 0.767584 0.848900
vt 0.770084 0.846000
vt 0.772484 0.844400
vt 0.767384 0.846700
vt 0.775884 0.847400
vt 0.775184 0.845000
vt 0.774484 0.842800
vt 0.769884 0.844100
vt 0.772084 0.842500
vt 0.773884 0.840900
vt 0.775984 0.840700
vt 0.776984 0.843000
vt 0.775084 0.838900
vt 0.773284 0.839300
vt 0.774384 0.837300
vt 0.771684 0.840800
vt 0.771184 0.839100
vt 0.772584 0.837700
vt 0.773484 0.836000
vt 0.775184 0.834800
vt 0.776384 0.836700
vt 0.774084 0.834200
vt 0.772484 0.835000
vt 0.772984 0.833900
vt 0.771684 0.836200
vt 0.771484 0.833500
vt 0.772284 0.832300
vt 0.770884 0.834700
vt 0.769884 0.836000
vt 0.770484 0.837500
vt 0.768584 0.837100
vt 0.769084 0.838600
vt 0.769384 0.840400
vt 0.769684 0.842300
vt 0.767584 0.839800
vt 0.767184 0.841700
vt 0.767184 0.843200
vt 0.767184 0.844900
vt 0.764584 0.845500
vt 0.764384 0.843600
vt 0.764584 0.847300
vt 0.764684 0.849600
vt 0.761884 0.850100
vt 0.761784 0.847800
vt 0.761784 0.845900
vt 0.758984 0.848100
vt 0.758884 0.846200
vt 0.758984 0.850500
vt 0.759284 0.853000
vt 0.759484 0.855900
vt 0.756384 0.853200
vt 0.756284 0.850600
vt 0.756484 0.856100
vt 0.753484 0.856100
vt 0.753484 0.853200
vt 0.753484 0.850600
vt 0.750784 0.850600
vt 0.750584 0.853200
vt 0.750484 0.856100
vt 0.747984 0.850500
vt 0.747684 0.853000
vt 0.747484 0.855900
vt 0.750784 0.848300
vt 0.753484 0.848300
vt 0.748084 0.848100
vt 0.748084 0.846200
vt 0.750784 0.846400
vt 0.748184 0.844300
vt 0.750784 0.844600
vt 0.745484 0.844100
vt 0.745884 0.841900
vt 0.748384 0.842100
vt 0.743584 0.841500
vt 0.741384 0.842000
vt 0.742184 0.840600
vt 0.739784 0.841800
vt 0.740684 0.840600
vt 0.741184 0.839500
vt 0.739384 0.839800
vt 0.737884 0.838600
vt 0.739584 0.838200
vt 0.738284 0.837100
vt 0.736384 0.837500
vt 0.737084 0.836000
vt 0.735284 0.836300
vt 0.736084 0.834700
vt 0.734484 0.835000
vt 0.735384 0.833500
vt 0.733984 0.833800
vt 0.736984 0.833200
vt 0.737884 0.831700
vt 0.738584 0.833200
vt 0.737784 0.834500
vt 0.739584 0.834500
vt 0.738984 0.835700
vt 0.740284 0.836900
vt 0.740984 0.835800
vt 0.740084 0.833800
vt 0.739184 0.832400
vt 0.741384 0.835100
vt 0.742484 0.836900
vt 0.741784 0.838100
vt 0.742884 0.836100
vt 0.743484 0.837500
vt 0.742884 0.838900
vt 0.743984 0.836500
vt 0.743284 0.835400
vt 0.744484 0.835700
vt 0.741884 0.834600
vt 0.743684 0.834900
vt 0.744984 0.835100
vt 0.742284 0.834200
vt 0.744184 0.834400
vt 0.745284 0.834600
vt 0.742884 0.833800
vt 0.741884 0.832800
vt 0.741084 0.833100
vt 0.740584 0.833300
vt 0.740384 0.831800
vt 0.741184 0.831700
vt 0.739684 0.832000
vt 0.743084 0.832300
vt 0.743984 0.833100
vt 0.742184 0.831100
vt 0.740884 0.830500
vt 0.739984 0.830400
vt 0.742284 0.830200
vt 0.739284 0.830500
vt 0.738584 0.830900
vt 0.743284 0.831200
vt 0.743484 0.830700
vt 0.743684 0.830200
vt 0.744584 0.830700
vt 0.744484 0.831300
vt 0.744184 0.829800
vt 0.744884 0.830300
vt 0.744684 0.829400
vt 0.745384 0.829600
vt 0.746484 0.828700
vt 0.747284 0.829200
vt 0.746184 0.829900
vt 0.745684 0.830600
vt 0.746784 0.830300
vt 0.747984 0.829900
vt 0.746384 0.830900
vt 0.747184 0.830700
vt 0.747084 0.831200
vt 0.748284 0.830700
vt 0.746184 0.831300
vt 0.745484 0.831100
vt 0.746884 0.831600
vt 0.747984 0.832300
vt 0.748284 0.831500
vt 0.748884 0.833200
vt 0.749484 0.832000
vt 0.749584 0.830800
vt 0.747384 0.833000
vt 0.746584 0.832100
vt 0.747884 0.834000
vt 0.750084 0.832500
vt 0.749284 0.833900
vt 0.747884 0.834700
vt 0.746484 0.834500
vt 0.746484 0.833400
vt 0.746384 0.835100
vt 0.747684 0.835300
vt 0.745984 0.835700
vt 0.749584 0.834500
vt 0.747284 0.836400
vt 0.745484 0.836700
vt 0.748984 0.836100
vt 0.751284 0.835700
vt 0.751484 0.833900
vt 0.750584 0.832700
vt 0.751784 0.832600
vt 0.750984 0.831000
vt 0.751984 0.830900
vt 0.750284 0.830900
vt 0.750084 0.829500
vt 0.750884 0.829500
vt 0.749184 0.829600
vt 0.749384 0.828200
vt 0.748484 0.828500
vt 0.747384 0.827800
vt 0.750384 0.828100
vt 0.751784 0.828200
vt 0.751984 0.829500
vt 0.753484 0.829500
vt 0.753484 0.830800
vt 0.753484 0.828100
vt 0.754984 0.829500
vt 0.754984 0.830900
vt 0.755084 0.828100
vt 0.755584 0.826900
vt 0.756484 0.828100
vt 0.757384 0.827000
vt 0.759084 0.825900
vt 0.760184 0.826600
vt 0.758584 0.827300
vt 0.762584 0.825600
vt 0.762384 0.826400
vt 0.765784 0.825800
vt 0.764584 0.826700
vt 0.766884 0.824800
vt 0.770284 0.825900
vt 0.770184 0.827300
vt 0.767884 0.826200
vt 0.771384 0.824500
vt 0.766784 0.826800
vt 0.768284 0.827300
vt 0.770084 0.828200
vt 0.772484 0.829000
vt 0.771984 0.829800
vt 0.773184 0.827800
vt 0.775284 0.830100
vt 0.774184 0.831300
vt 0.773384 0.831700
vt 0.776684 0.832400
vt 0.777284 0.829400
vt 0.774684 0.826600
vt 0.778984 0.826900
vt 0.776484 0.824700
vt 0.781084 0.829000
vt 0.779384 0.831500
vt 0.777884 0.834200
vt 0.773684 0.822600
vt 0.778284 0.822400
vt 0.780984 0.833600
vt 0.779184 0.836100
vt 0.780684 0.838500
vt 0.782084 0.841100
vt 0.777484 0.838500
vt 0.778684 0.840800
vt 0.779884 0.843200
vt 0.781084 0.845900
vt 0.778784 0.848000
vt 0.777884 0.845400
vt 0.776584 0.850000
vt 0.771184 0.830600
vt 0.770584 0.831900
vt 0.769384 0.830500
vt 0.769684 0.829200
vt 0.768984 0.831800
vt 0.769984 0.833100
vt 0.768284 0.833300
vt 0.769084 0.834500
vt 0.767384 0.834600
vt 0.767984 0.835700
vt 0.766684 0.837000
vt 0.766084 0.835900
vt 0.767384 0.838300
vt 0.766784 0.834000
vt 0.767684 0.832600
vt 0.765484 0.835100
vt 0.764584 0.837000
vt 0.765184 0.838100
vt 0.763984 0.835900
vt 0.763484 0.837500
vt 0.762984 0.836400
vt 0.764084 0.838900
vt 0.763584 0.835300
vt 0.765084 0.834500
vt 0.762484 0.835700
vt 0.761484 0.836600
vt 0.760984 0.835700
vt 0.761984 0.837800
vt 0.759684 0.836300
vt 0.759284 0.835200
vt 0.760084 0.837700
vt 0.762584 0.839500
vt 0.760484 0.839700
vt 0.758384 0.839700
vt 0.758284 0.837600
vt 0.757984 0.836000
vt 0.755884 0.839800
vt 0.755884 0.837600
vt 0.755684 0.835700
vt 0.757484 0.834400
vt 0.755384 0.834100
vt 0.753384 0.835700
vt 0.753384 0.833900
vt 0.753484 0.837600
vt 0.756384 0.832700
vt 0.755184 0.832600
vt 0.753484 0.832400
vt 0.755984 0.831000
vt 0.756584 0.830900
vt 0.756884 0.832500
vt 0.757684 0.833900
vt 0.758084 0.833200
vt 0.757484 0.832000
vt 0.757384 0.830700
vt 0.756784 0.829500
vt 0.757684 0.829600
vt 0.755984 0.829500
vt 0.757484 0.828200
vt 0.758484 0.828600
vt 0.759584 0.827800
vt 0.760884 0.827400
vt 0.759684 0.829200
vt 0.760484 0.828800
vt 0.761384 0.828500
vt 0.762384 0.827300
vt 0.762284 0.828600
vt 0.763884 0.827600
vt 0.763184 0.828800
vt 0.764784 0.828000
vt 0.763884 0.829200
vt 0.765684 0.827200
vt 0.767384 0.827800
vt 0.766484 0.828000
vt 0.765484 0.828700
vt 0.766884 0.829200
vt 0.765984 0.829600
vt 0.767784 0.829200
vt 0.768484 0.828200
vt 0.768484 0.829600
vt 0.767584 0.830600
vt 0.768184 0.831100
vt 0.767084 0.832100
vt 0.766884 0.830400
vt 0.766484 0.831900
vt 0.766284 0.833400
vt 0.765784 0.833100
vt 0.764584 0.834200
vt 0.765084 0.832800
vt 0.765784 0.831600
vt 0.764084 0.833800
vt 0.763284 0.834800
vt 0.762884 0.834400
vt 0.761984 0.835100
vt 0.761684 0.834600
vt 0.760584 0.835100
vt 0.760384 0.834500
vt 0.758984 0.834700
vt 0.759084 0.834000
vt 0.760484 0.833400
vt 0.759584 0.832900
vt 0.761384 0.833500
vt 0.758984 0.832400
vt 0.758684 0.831500
vt 0.760084 0.831600
vt 0.760384 0.832000
vt 0.759884 0.831200
vt 0.759684 0.830700
vt 0.758684 0.830600
vt 0.760584 0.830900
vt 0.760784 0.831300
vt 0.760184 0.830300
vt 0.758984 0.829800
vt 0.760784 0.829900
vt 0.761284 0.830600
vt 0.761584 0.829600
vt 0.762084 0.830400
vt 0.761484 0.831100
vt 0.762284 0.830800
vt 0.762684 0.829800
vt 0.763284 0.830300
vt 0.762184 0.829500
vt 0.763484 0.830800
vt 0.762584 0.831300
vt 0.764384 0.829700
vt 0.764684 0.830300
vt 0.763584 0.831100
vt 0.764684 0.831100
vt 0.766084 0.830500
vt 0.763884 0.832300
vt 0.762784 0.831800
vt 0.761684 0.832300
vt 0.761684 0.831600
vt 0.762184 0.832400
vt 0.762984 0.833000
vt 0.762084 0.833400
vt 0.761184 0.832400
vt 0.760684 0.832500
vt 0.760984 0.831700
vt 0.751084 0.837500
vt 0.748684 0.837700
vt 0.750984 0.839800
vt 0.748584 0.839800
vt 0.753484 0.839800
vt 0.750884 0.842200
vt 0.753484 0.842200
vt 0.755984 0.842200
vt 0.753484 0.844600
vt 0.756184 0.844600
vt 0.758584 0.842100
vt 0.758784 0.844400
vt 0.753484 0.846400
vt 0.756184 0.846400
vt 0.760984 0.841900
vt 0.761484 0.844200
vt 0.756284 0.848300
vt 0.763284 0.841500
vt 0.765584 0.841900
vt 0.764684 0.840600
vt 0.766284 0.840600
vt 0.765784 0.839500
vt 0.746384 0.839700
vt 0.746784 0.837900
vt 0.744884 0.837900
vt 0.744284 0.839500
vt 0.745584 0.833500
vt 0.745784 0.832400
vt 0.746184 0.832500
vt 0.745984 0.831800
vt 0.745284 0.832200
vt 0.745284 0.831500
vt 0.744884 0.833400
vt 0.744084 0.831800
vt 0.744784 0.832300
vt 0.750384 0.859400
vt 0.747284 0.859100
vt 0.753484 0.859400
vt 0.750184 0.862900
vt 0.746984 0.862600
vt 0.753484 0.863000
vt 0.756584 0.859400
vt 0.756784 0.862900
vt 0.753484 0.866100
vt 0.756884 0.866000
vt 0.750084 0.866000
vt 0.753484 0.869100
vt 0.749884 0.869000
vt 0.757084 0.869000
vt 0.746684 0.865600
vt 0.746484 0.868600
vt 0.743284 0.865000
vt 0.743684 0.862000
vt 0.742884 0.867900
vt 0.749784 0.871700
vt 0.746184 0.871500
vt 0.742484 0.871000
vt 0.739784 0.864000
vt 0.739284 0.866900
vt 0.738684 0.870000
vt 0.742184 0.874300
vt 0.737684 0.873700
vt 0.746084 0.874500
vt 0.735084 0.868100
vt 0.735584 0.865300
vt 0.734284 0.870700
vt 0.732384 0.872700
vt 0.734084 0.875700
vt 0.738684 0.878400
vt 0.735084 0.879400
vt 0.742284 0.878200
vt 0.742384 0.882300
vt 0.738884 0.882600
vt 0.735384 0.883300
vt 0.730884 0.877200
vt 0.731584 0.880600
vt 0.731884 0.884100
vt 0.738884 0.886700
vt 0.735384 0.887200
vt 0.731884 0.887600
vt 0.735184 0.891200
vt 0.731684 0.891500
vt 0.738784 0.890900
vt 0.728284 0.888000
vt 0.728484 0.884700
vt 0.727984 0.891600
vt 0.731184 0.895600
vt 0.727384 0.895600
vt 0.734884 0.895600
vt 0.730384 0.899900
vt 0.726384 0.899700
vt 0.734184 0.900000
vt 0.738084 0.900000
vt 0.738484 0.895400
vt 0.742184 0.895300
vt 0.741784 0.899900
vt 0.742384 0.890600
vt 0.742384 0.886400
vt 0.745884 0.895100
vt 0.745984 0.890400
vt 0.746084 0.886100
vt 0.746084 0.882100
vt 0.749784 0.886000
vt 0.749684 0.890200
vt 0.749784 0.882000
vt 0.746084 0.878200
vt 0.749784 0.878100
vt 0.749784 0.874600
vt 0.753484 0.874700
vt 0.753484 0.878100
vt 0.753484 0.871800
vt 0.757184 0.871700
vt 0.757184 0.874600
vt 0.760684 0.871500
vt 0.760884 0.874500
vt 0.760484 0.868600
vt 0.757184 0.878100
vt 0.760884 0.878200
vt 0.764484 0.871000
vt 0.764784 0.874300
vt 0.764684 0.878200
vt 0.760884 0.882100
vt 0.757184 0.882000
vt 0.764584 0.882300
vt 0.768284 0.878400
vt 0.768084 0.882600
vt 0.769284 0.873800
vt 0.771884 0.879500
vt 0.771584 0.883300
vt 0.772884 0.875700
vt 0.774584 0.872700
vt 0.772684 0.870700
vt 0.768284 0.870100
vt 0.771884 0.868200
vt 0.764084 0.867900
vt 0.775184 0.868600
vt 0.774884 0.866400
vt 0.776684 0.867500
vt 0.776584 0.865600
vt 0.777084 0.863600
vt 0.777684 0.865300
vt 0.777784 0.866800
vt 0.778184 0.863700
vt 0.778984 0.861800
vt 0.779784 0.862100
vt 0.779084 0.863800
vt 0.778584 0.865100
vt 0.780484 0.862500
vt 0.781784 0.860600
vt 0.782384 0.861100
vt 0.781184 0.860000
vt 0.783784 0.859200
vt 0.784284 0.859800
vt 0.783384 0.858500
vt 0.785584 0.857300
vt 0.785984 0.858200
vt 0.787784 0.856400
vt 0.788084 0.857200
vt 0.786284 0.858700
vt 0.788384 0.857900
vt 0.790184 0.856600
vt 0.790284 0.857400
vt 0.790084 0.855600
vt 0.791984 0.856300
vt 0.791884 0.857200
vt 0.792284 0.855100
vt 0.792384 0.853300
vt 0.794884 0.855100
vt 0.794684 0.856300
vt 0.795184 0.853300
vt 0.795684 0.850100
vt 0.797784 0.854000
vt 0.797184 0.855700
vt 0.798784 0.851200
vt 0.800284 0.848100
vt 0.800084 0.841700
vt 0.797384 0.838200
vt 0.803184 0.844600
vt 0.803684 0.837700
vt 0.806684 0.840800
vt 0.800684 0.834300
vt 0.809584 0.844000
vt 0.806184 0.847300
vt 0.803284 0.850400
vt 0.812084 0.847500
vt 0.808584 0.850300
vt 0.805584 0.852900
vt 0.810484 0.837100
vt 0.813284 0.840800
vt 0.815784 0.844800
vt 0.817584 0.837100
vt 0.820184 0.841800
vt 0.814584 0.832900
vt 0.817584 0.849100
vt 0.813884 0.851300
vt 0.822084 0.846700
vt 0.823284 0.851600
vt 0.818884 0.853300
vt 0.828684 0.849800
vt 0.823684 0.856500
vt 0.819384 0.857500
vt 0.829084 0.855600
vt 0.834884 0.854800
vt 0.834584 0.848000
vt 0.841484 0.854300
vt 0.841084 0.846300
vt 0.848284 0.853700
vt 0.848184 0.862500
vt 0.840984 0.862100
vt 0.834184 0.861300
vt 0.832984 0.867300
vt 0.839684 0.869200
vt 0.847684 0.871800
vt 0.857784 0.870200
vt 0.868084 0.869200
vt 0.850784 0.879400
vt 0.859484 0.877300
vt 0.867984 0.876000
vt 0.876484 0.871800
vt 0.873984 0.876600
vt 0.873184 0.866100
vt 0.879084 0.868900
vt 0.876484 0.864300
vt 0.881084 0.866900
vt 0.878084 0.862900
vt 0.882084 0.865900
vt 0.886484 0.866700
vt 0.885784 0.867800
vt 0.884884 0.869700
vt 0.890884 0.867100
vt 0.890584 0.869000
vt 0.891184 0.865700
vt 0.891084 0.872300
vt 0.884184 0.873000
vt 0.882584 0.881100
vt 0.896384 0.878600
vt 0.869984 0.882700
vt 0.882784 0.892900
vt 0.869884 0.894400
vt 0.896784 0.891600
vt 0.896784 0.870600
vt 0.902584 0.868000
vt 0.912284 0.873400
vt 0.911584 0.890600
vt 0.906884 0.864200
vt 0.910284 0.858800
vt 0.919584 0.857800
vt 0.930484 0.875500
vt 0.933784 0.859100
vt 0.927184 0.891500
vt 0.946584 0.877300
vt 0.943284 0.894000
vt 0.948584 0.860000
vt 0.964284 0.861100
vt 0.962784 0.879600
vt 0.959384 0.897800
vt 0.923584 0.905900
vt 0.938584 0.909700
vt 0.953784 0.915200
vt 0.975284 0.902300
vt 0.968784 0.921800
vt 0.978884 0.882000
vt 0.991784 0.906400
vt 0.984284 0.928700
vt 0.995384 0.883800
vt 0.531584 0.902200
vt 0.538184 0.921700
vt 0.522884 0.929000
vt 0.515184 0.906800
vt 0.511484 0.884000
vt 0.527984 0.882000
vt 0.553284 0.915200
vt 0.547584 0.897800
vt 0.544084 0.879500
vt 0.542584 0.861100
vt 0.526884 0.862000
vt 0.511184 0.862200
vt 0.527984 0.843000
vt 0.542984 0.843200
vt 0.513284 0.842000
vt 0.995684 0.862000
vt 0.979984 0.862000
vt 0.993584 0.842000
vt 0.978984 0.843100
vt 0.990584 0.823900
vt 0.976584 0.825600
vt 0.516284 0.823900
vt 0.530384 0.825600
vt 0.973584 0.810100
vt 0.987284 0.808000
vt 0.533384 0.810100
vt 0.519684 0.808000
vt 0.544984 0.826300
vt 0.547684 0.811100
vt 0.536384 0.796700
vt 0.550484 0.797700
vt 0.522784 0.794400
vt 0.552484 0.788300
vt 0.538384 0.787600
vt 0.524984 0.785500
vt 0.554084 0.779200
vt 0.540084 0.778800
vt 0.526884 0.777400
vt 0.568984 0.778800
vt 0.567084 0.788100
vt 0.564884 0.797900
vt 0.584684 0.777700
vt 0.583084 0.787700
vt 0.580884 0.798300
vt 0.562084 0.811700
vt 0.576784 0.813100
vt 0.600684 0.787500
vt 0.599884 0.799300
vt 0.589784 0.815300
vt 0.586384 0.828900
vt 0.573184 0.827900
vt 0.559484 0.826900
vt 0.571884 0.842900
vt 0.557984 0.843100
vt 0.585984 0.842600
vt 0.558284 0.860000
vt 0.573184 0.859100
vt 0.560284 0.877300
vt 0.576484 0.875500
vt 0.587384 0.857400
vt 0.594684 0.873300
vt 0.600184 0.864100
vt 0.596684 0.858700
vt 0.594784 0.853400
vt 0.594084 0.847600
vt 0.599084 0.847800
vt 0.599684 0.852200
vt 0.601184 0.856600
vt 0.602684 0.851500
vt 0.603584 0.855000
vt 0.602184 0.847700
vt 0.605684 0.854200
vt 0.604884 0.850800
vt 0.604384 0.847200
vt 0.601984 0.843600
vt 0.604284 0.843600
vt 0.598884 0.843200
vt 0.606384 0.850400
vt 0.606084 0.847000
vt 0.605984 0.843600
vt 0.607484 0.850100
vt 0.607184 0.846900
vt 0.606984 0.843700
vt 0.605584 0.840400
vt 0.606584 0.840600
vt 0.604184 0.840100
vt 0.607084 0.837700
vt 0.605984 0.837200
vt 0.604684 0.836600
vt 0.602084 0.839500
vt 0.602784 0.835500
vt 0.606184 0.833200
vt 0.607384 0.834100
vt 0.604384 0.831600
vt 0.599084 0.838800
vt 0.599884 0.834200
vt 0.601084 0.829900
vt 0.608184 0.829800
vt 0.606384 0.827700
vt 0.603184 0.825200
vt 0.597484 0.827800
vt 0.599784 0.822400
vt 0.596084 0.832800
vt 0.596184 0.817900
vt 0.592884 0.826300
vt 0.591684 0.831800
vt 0.602884 0.817600
vt 0.605884 0.820800
vt 0.600784 0.815300
vt 0.601484 0.807700
vt 0.604384 0.810700
vt 0.606684 0.813400
vt 0.609784 0.806700
vt 0.611584 0.810000
vt 0.607084 0.802900
vt 0.615884 0.804500
vt 0.616984 0.808100
vt 0.614584 0.799900
vt 0.616884 0.794000
vt 0.620884 0.798700
vt 0.621984 0.803300
vt 0.631684 0.792100
vt 0.617384 0.784300
vt 0.632784 0.782300
vt 0.628584 0.798300
vt 0.634784 0.798900
vt 0.645184 0.790900
vt 0.643884 0.801700
vt 0.646484 0.780700
vt 0.633784 0.804400
vt 0.628184 0.803400
vt 0.622484 0.807200
vt 0.627684 0.807600
vt 0.632584 0.809000
vt 0.627084 0.811600
vt 0.622884 0.811700
vt 0.618284 0.813100
vt 0.622784 0.815600
vt 0.618684 0.816900
vt 0.626684 0.815400
vt 0.613584 0.814700
vt 0.614884 0.818700
vt 0.619884 0.819500
vt 0.616584 0.821500
vt 0.623384 0.818100
vt 0.611684 0.821100
vt 0.609284 0.817400
vt 0.613584 0.824000
vt 0.617384 0.823000
vt 0.614484 0.825300
vt 0.620284 0.821100
vt 0.618184 0.824000
vt 0.615284 0.826300
vt 0.621084 0.822100
vt 0.611684 0.828000
vt 0.610784 0.826700
vt 0.612584 0.828800
vt 0.615984 0.827100
vt 0.613384 0.829600
vt 0.618784 0.824800
vt 0.609184 0.830900
vt 0.610184 0.831700
vt 0.611084 0.832400
vt 0.613984 0.830400
vt 0.611884 0.833000
vt 0.616484 0.827900
vt 0.614484 0.831200
vt 0.612484 0.833700
vt 0.616884 0.828900
vt 0.610284 0.835700
vt 0.609384 0.835200
vt 0.610984 0.836200
vt 0.613084 0.834400
vt 0.611584 0.836800
vt 0.614984 0.832200
vt 0.610284 0.839100
vt 0.609584 0.838600
vt 0.609084 0.838300
vt 0.608084 0.840700
vt 0.608584 0.840800
vt 0.609284 0.841300
vt 0.610984 0.839900
vt 0.610184 0.842000
vt 0.612184 0.837500
vt 0.612184 0.840600
vt 0.611384 0.843000
vt 0.613284 0.838400
vt 0.614684 0.836400
vt 0.613684 0.835300
vt 0.615584 0.837300
vt 0.614184 0.839200
vt 0.613184 0.841300
vt 0.615184 0.839900
vt 0.614184 0.841900
vt 0.616484 0.838100
vt 0.612484 0.843600
vt 0.613584 0.844300
vt 0.614984 0.842200
vt 0.614584 0.844400
vt 0.615984 0.840200
vt 0.616684 0.840800
vt 0.615784 0.842600
vt 0.615484 0.844400
vt 0.615484 0.846300
vt 0.614584 0.846600
vt 0.613384 0.847000
vt 0.615784 0.848500
vt 0.616684 0.847900
vt 0.615184 0.849200
vt 0.611684 0.848200
vt 0.612084 0.846000
vt 0.613084 0.849100
vt 0.614784 0.850500
vt 0.610684 0.847600
vt 0.610984 0.845300
vt 0.609884 0.847200
vt 0.610084 0.844600
vt 0.609484 0.844200
vt 0.609384 0.847000
vt 0.608984 0.844000
vt 0.608984 0.846900
vt 0.609484 0.849700
vt 0.609284 0.849800
vt 0.609884 0.849800
vt 0.610284 0.852300
vt 0.609984 0.852500
vt 0.609984 0.852600
vt 0.608484 0.846900
vt 0.608884 0.849900
vt 0.609584 0.852800
vt 0.610784 0.855300
vt 0.610484 0.855600
vt 0.610884 0.855100
vt 0.612084 0.857800
vt 0.611884 0.858100
vt 0.612084 0.857500
vt 0.610984 0.854900
vt 0.612184 0.857200
vt 0.611584 0.854600
vt 0.612884 0.856700
vt 0.610884 0.852200
vt 0.610584 0.849900
vt 0.611684 0.852200
vt 0.612484 0.854200
vt 0.611484 0.850200
vt 0.613084 0.850800
vt 0.613184 0.852500
vt 0.614584 0.852000
vt 0.614584 0.853600
vt 0.613484 0.853900
vt 0.614484 0.855000
vt 0.615784 0.854700
vt 0.615484 0.856000
vt 0.615984 0.853500
vt 0.617084 0.855800
vt 0.616684 0.856900
vt 0.617584 0.855000
vt 0.615084 0.857400
vt 0.613784 0.856000
vt 0.616384 0.858400
vt 0.617984 0.857600
vt 0.618284 0.858900
vt 0.618584 0.857100
vt 0.619784 0.858600
vt 0.619384 0.856300
vt 0.620984 0.857700
vt 0.621684 0.856400
vt 0.619884 0.855300
vt 0.617984 0.854000
vt 0.616384 0.852300
vt 0.616784 0.851100
vt 0.618484 0.852800
vt 0.620384 0.854000
vt 0.618984 0.851800
vt 0.617384 0.850200
vt 0.620884 0.852800
vt 0.617984 0.849400
vt 0.619384 0.850800
vt 0.620984 0.851500
vt 0.622484 0.853200
vt 0.622284 0.854800
vt 0.622484 0.851600
vt 0.620884 0.850500
vt 0.622584 0.850000
vt 0.619584 0.849900
vt 0.624084 0.851300
vt 0.623984 0.849500
vt 0.623584 0.853300
vt 0.622484 0.848900
vt 0.623184 0.847700
vt 0.621084 0.849500
vt 0.625284 0.848900
vt 0.623984 0.846900
vt 0.625684 0.850800
vt 0.625984 0.848300
vt 0.626884 0.850400
vt 0.624284 0.846200
vt 0.621284 0.845000
vt 0.621684 0.844100
vt 0.622084 0.843300
vt 0.626384 0.847400
vt 0.624584 0.845400
vt 0.622684 0.842400
vt 0.620284 0.840600
vt 0.621584 0.839100
vt 0.619484 0.841700
vt 0.620984 0.837900
vt 0.619584 0.839100
vt 0.618484 0.840300
vt 0.619184 0.837900
vt 0.620884 0.836700
vt 0.617784 0.839300
vt 0.617584 0.841600
vt 0.618784 0.842900
vt 0.617284 0.838600
vt 0.618784 0.837100
vt 0.616784 0.843100
vt 0.618084 0.836400
vt 0.617284 0.835300
vt 0.619484 0.833600
vt 0.620084 0.834900
vt 0.620584 0.835700
vt 0.621784 0.832400
vt 0.622384 0.833900
vt 0.622784 0.834800
vt 0.622984 0.835900
vt 0.622884 0.836600
vt 0.625084 0.834400
vt 0.625084 0.835700
vt 0.624984 0.836300
vt 0.624584 0.836800
vt 0.622884 0.837100
vt 0.623984 0.838100
vt 0.626384 0.836900
vt 0.626684 0.836500
vt 0.625784 0.838000
vt 0.624384 0.840800
vt 0.626584 0.840400
vt 0.627184 0.838000
vt 0.627884 0.837100
vt 0.628784 0.838200
vt 0.628184 0.839700
vt 0.629284 0.837500
vt 0.628284 0.836900
vt 0.629584 0.837200
vt 0.627084 0.835900
vt 0.628584 0.836300
vt 0.629984 0.836700
vt 0.630584 0.837800
vt 0.631384 0.838100
vt 0.630384 0.838100
vt 0.630484 0.839000
vt 0.633484 0.841200
vt 0.632884 0.841400
vt 0.632184 0.837500
vt 0.631884 0.841600
vt 0.630484 0.835800
vt 0.634684 0.840900
vt 0.632784 0.836100
vt 0.630384 0.834400
vt 0.628784 0.835000
vt 0.628484 0.833400
vt 0.627384 0.834400
vt 0.626884 0.833300
vt 0.624784 0.833300
vt 0.624184 0.831600
vt 0.625984 0.831700
vt 0.623384 0.829700
vt 0.621084 0.830800
vt 0.625584 0.829200
vt 0.622684 0.827600
vt 0.624784 0.827000
vt 0.620284 0.829000
vt 0.617784 0.831100
vt 0.618584 0.832400
vt 0.616484 0.834300
vt 0.615584 0.833200
vt 0.617384 0.830000
vt 0.619984 0.828100
vt 0.619584 0.826800
vt 0.619284 0.825700
vt 0.622484 0.826600
vt 0.622384 0.825000
vt 0.622184 0.823700
vt 0.621784 0.822900
vt 0.624684 0.822600
vt 0.624084 0.821800
vt 0.623384 0.821200
vt 0.622184 0.820500
vt 0.624484 0.820200
vt 0.625584 0.820800
vt 0.622884 0.819300
vt 0.625584 0.818500
vt 0.629184 0.816300
vt 0.626784 0.819200
vt 0.628584 0.820700
vt 0.626784 0.821900
vt 0.631284 0.817900
vt 0.624984 0.823900
vt 0.628084 0.824000
vt 0.631184 0.823500
vt 0.627184 0.825800
vt 0.624884 0.825700
vt 0.630384 0.827300
vt 0.628884 0.827900
vt 0.632784 0.827300
vt 0.633984 0.822000
vt 0.635484 0.827700
vt 0.631684 0.831600
vt 0.633284 0.831400
vt 0.635584 0.834700
vt 0.639184 0.827600
vt 0.640184 0.834400
vt 0.637884 0.819900
vt 0.644184 0.832000
vt 0.642984 0.816400
vt 0.634684 0.814800
vt 0.637184 0.810800
vt 0.638184 0.805700
vt 0.657884 0.804500
vt 0.653684 0.819900
vt 0.652984 0.833700
vt 0.630984 0.812800
vt 0.665884 0.814100
vt 0.661984 0.824700
vt 0.660084 0.835600
vt 0.669284 0.829300
vt 0.667084 0.838100
vt 0.672684 0.821300
vt 0.669884 0.798400
vt 0.673384 0.807600
vt 0.677984 0.815400
vt 0.683084 0.822500
vt 0.678984 0.827800
vt 0.675784 0.834200
vt 0.687784 0.828100
vt 0.684284 0.832800
vt 0.681484 0.838200
vt 0.673584 0.841100
vt 0.679484 0.844000
vt 0.686784 0.841800
vt 0.684884 0.846700
vt 0.689384 0.837100
vt 0.691184 0.844800
vt 0.689384 0.849000
vt 0.693684 0.840800
vt 0.692484 0.832900
vt 0.696584 0.837100
vt 0.695984 0.829200
vt 0.699684 0.833600
vt 0.691884 0.823900
vt 0.697384 0.844000
vt 0.700284 0.840800
vt 0.703284 0.837700
vt 0.703084 0.830200
vt 0.706284 0.834300
vt 0.699684 0.825700
vt 0.706384 0.827000
vt 0.703284 0.822700
vt 0.709284 0.831000
vt 0.696084 0.820500
vt 0.700084 0.817500
vt 0.697484 0.811800
vt 0.692884 0.814600
vt 0.687984 0.818100
vt 0.684284 0.810900
vt 0.690084 0.807600
vt 0.681484 0.803100
vt 0.688284 0.800100
vt 0.679984 0.794400
vt 0.687984 0.792000
vt 0.695484 0.805100
vt 0.694484 0.798000
vt 0.694884 0.790600
vt 0.689484 0.784000
vt 0.696984 0.783500
vt 0.680784 0.785400
vt 0.700584 0.776700
vt 0.692684 0.776100
vt 0.705284 0.770400
vt 0.697284 0.768600
vt 0.703184 0.761500
vt 0.710584 0.765300
vt 0.717684 0.761200
vt 0.711384 0.755700
vt 0.693884 0.758600
vt 0.702584 0.748900
vt 0.687784 0.767500
vt 0.721984 0.752300
vt 0.726384 0.758800
vt 0.717984 0.744700
vt 0.702484 0.739200
vt 0.715984 0.736200
vt 0.685684 0.749400
vt 0.687684 0.738800
vt 0.681184 0.758700
vt 0.669484 0.750500
vt 0.671084 0.739200
vt 0.666584 0.760100
vt 0.672084 0.728700
vt 0.687984 0.728600
vt 0.702284 0.729100
vt 0.688584 0.718100
vt 0.672684 0.717900
vt 0.702484 0.718700
vt 0.702984 0.708000
vt 0.688984 0.707500
vt 0.673084 0.707100
vt 0.655984 0.719300
vt 0.656284 0.708600
vt 0.655384 0.730000
vt 0.639484 0.711700
vt 0.639184 0.721900
vt 0.638884 0.732200
vt 0.621784 0.735100
vt 0.621684 0.725400
vt 0.621484 0.715900
vt 0.621584 0.706600
vt 0.640684 0.701800
vt 0.657284 0.698200
vt 0.621984 0.697600
vt 0.642384 0.691900
vt 0.659584 0.687900
vt 0.643584 0.681500
vt 0.663484 0.674700
vt 0.622584 0.688500
vt 0.601384 0.702000
vt 0.602084 0.693400
vt 0.601684 0.710600
vt 0.581284 0.705800
vt 0.581884 0.696900
vt 0.582184 0.714000
vt 0.602584 0.719200
vt 0.583684 0.722400
vt 0.603584 0.728200
vt 0.585184 0.731000
vt 0.604184 0.737400
vt 0.586384 0.739900
vt 0.567484 0.733900
vt 0.569184 0.742300
vt 0.565384 0.725800
vt 0.551384 0.738200
vt 0.553384 0.745600
vt 0.548684 0.731200
vt 0.545784 0.724100
vt 0.563384 0.717700
vt 0.543184 0.717000
vt 0.562084 0.709700
vt 0.561784 0.700500
vt 0.540984 0.708800
vt 0.526384 0.724800
vt 0.522384 0.718000
vt 0.529984 0.730800
vt 0.512084 0.734300
vt 0.506984 0.728800
vt 0.516484 0.739200
vt 0.533584 0.736800
vt 0.520384 0.743800
vt 0.523884 0.748400
vt 0.536684 0.742700
vt 0.539184 0.749100
vt 0.526584 0.753100
vt 0.970084 0.742600
vt 0.973084 0.736600
vt 0.985984 0.743700
vt 0.982784 0.748500
vt 0.967684 0.749000
vt 0.980284 0.753300
vt 0.978684 0.758500
vt 0.966084 0.755700
vt 0.528284 0.758300
vt 0.540984 0.755900
vt 0.978084 0.764500
vt 0.965384 0.763300
vt 0.541584 0.763500
vt 0.528784 0.764200
vt 0.554884 0.753700
vt 0.555484 0.762200
vt 0.570384 0.751300
vt 0.570784 0.760800
vt 0.586884 0.749100
vt 0.586684 0.758800
vt 0.585884 0.768100
vt 0.570184 0.769600
vt 0.555184 0.770400
vt 0.603484 0.756600
vt 0.602684 0.766700
vt 0.604084 0.746900
vt 0.601684 0.776800
vt 0.619384 0.764900
vt 0.618184 0.774700
vt 0.620484 0.755000
vt 0.635284 0.763200
vt 0.633984 0.772800
vt 0.636784 0.753600
vt 0.648384 0.771200
vt 0.650684 0.761500
vt 0.663084 0.769400
vt 0.660184 0.779100
vt 0.652984 0.752000
vt 0.654484 0.740800
vt 0.638084 0.742900
vt 0.621384 0.745000
vt 0.676284 0.767900
vt 0.658184 0.789700
vt 0.672484 0.777500
vt 0.669884 0.788100
vt 0.683484 0.776300
vt 0.541284 0.770700
vt 0.528284 0.770200
vt 0.978684 0.770300
vt 0.965684 0.770700
vt 0.966884 0.778800
vt 0.980084 0.777300
vt 0.981984 0.785400
vt 0.968584 0.787500
vt 0.952884 0.779300
vt 0.954584 0.788300
vt 0.951884 0.770400
vt 0.970684 0.796800
vt 0.984184 0.794500
vt 0.956584 0.797700
vt 0.959284 0.811100
vt 0.961984 0.826300
vt 0.944784 0.811700
vt 0.942184 0.797800
vt 0.947484 0.826900
vt 0.963984 0.843200
vt 0.948984 0.843000
vt 0.935084 0.842900
vt 0.933784 0.827900
vt 0.930284 0.813000
vt 0.921284 0.843000
vt 0.920684 0.829200
vt 0.917084 0.815300
vt 0.926084 0.798200
vt 0.905584 0.807700
vt 0.910784 0.817900
vt 0.914084 0.826300
vt 0.907184 0.822400
vt 0.904084 0.817600
vt 0.906184 0.815300
vt 0.909484 0.827700
vt 0.902684 0.810600
vt 0.900384 0.813400
vt 0.901084 0.820800
vt 0.897684 0.817300
vt 0.903784 0.825200
vt 0.893384 0.814600
vt 0.892284 0.819100
vt 0.895484 0.821500
vt 0.898384 0.824400
vt 0.893684 0.824000
vt 0.896284 0.826800
vt 0.890684 0.821600
vt 0.900884 0.827900
vt 0.898984 0.829800
vt 0.902984 0.831400
vt 0.901184 0.833000
vt 0.905884 0.829700
vt 0.907284 0.834100
vt 0.904484 0.835400
vt 0.910984 0.832800
vt 0.908184 0.838700
vt 0.905184 0.839400
vt 0.912284 0.837900
vt 0.915484 0.831800
vt 0.916484 0.837300
vt 0.913084 0.842800
vt 0.913184 0.847700
vt 0.912284 0.853500
vt 0.908184 0.847800
vt 0.908384 0.843200
vt 0.905084 0.847600
vt 0.905184 0.843500
vt 0.902684 0.847100
vt 0.902884 0.843500
vt 0.902984 0.840000
vt 0.902484 0.836400
vt 0.901184 0.843500
vt 0.901484 0.840300
vt 0.901184 0.837100
vt 0.899884 0.837500
vt 0.900384 0.840500
vt 0.900084 0.843600
vt 0.900984 0.846800
vt 0.899884 0.846700
vt 0.899384 0.849900
vt 0.900484 0.850200
vt 0.902184 0.850700
vt 0.904484 0.851400
vt 0.899784 0.853500
vt 0.901284 0.854100
vt 0.903484 0.854900
vt 0.907484 0.852200
vt 0.905984 0.856600
vt 0.903484 0.860500
vt 0.901784 0.858400
vt 0.898984 0.862100
vt 0.899884 0.864300
vt 0.899884 0.857400
vt 0.897584 0.860800
vt 0.895384 0.865000
vt 0.894684 0.863400
vt 0.895684 0.867000
vt 0.896484 0.859700
vt 0.894284 0.862200
vt 0.891484 0.864600
vt 0.887084 0.865900
vt 0.891784 0.863800
vt 0.893984 0.861300
vt 0.887484 0.865200
vt 0.883184 0.864500
vt 0.882684 0.865200
vt 0.879584 0.861600
vt 0.878884 0.862200
vt 0.875984 0.858700
vt 0.876884 0.858400
vt 0.877784 0.858100
vt 0.880184 0.861400
vt 0.883684 0.864000
vt 0.878684 0.857900
vt 0.880784 0.861200
vt 0.884084 0.863300
vt 0.887784 0.864500
vt 0.887884 0.863600
vt 0.891884 0.863000
vt 0.891584 0.862300
vt 0.884384 0.862600
vt 0.887884 0.862900
vt 0.891184 0.861700
vt 0.893284 0.860100
vt 0.893684 0.860700
vt 0.893084 0.859600
vt 0.892984 0.859300
vt 0.890984 0.861200
vt 0.887984 0.862500
vt 0.894584 0.857400
vt 0.894784 0.857800
vt 0.894484 0.857100
vt 0.892684 0.858900
vt 0.894284 0.856900
vt 0.890784 0.860700
vt 0.892084 0.858200
vt 0.890384 0.859700
vt 0.893584 0.856400
vt 0.887984 0.861800
vt 0.888084 0.860600
vt 0.884684 0.862200
vt 0.885084 0.861600
vt 0.885784 0.860200
vt 0.886784 0.858500
vt 0.888284 0.859000
vt 0.889984 0.858400
vt 0.888184 0.856900
vt 0.888684 0.857700
vt 0.889884 0.857000
vt 0.889584 0.855900
vt 0.887484 0.856200
vt 0.889284 0.855000
vt 0.885784 0.857700
vt 0.891084 0.855900
vt 0.890884 0.854700
vt 0.890784 0.853500
vt 0.888984 0.854000
vt 0.890584 0.852300
vt 0.886984 0.855200
vt 0.888584 0.852800
vt 0.890184 0.851100
vt 0.886484 0.854000
vt 0.887984 0.851800
vt 0.889584 0.850200
vt 0.886084 0.852900
vt 0.887584 0.850800
vt 0.885984 0.851700
vt 0.888884 0.849400
vt 0.884184 0.853200
vt 0.884284 0.851600
vt 0.884484 0.854700
vt 0.885984 0.850700
vt 0.887384 0.849900
vt 0.884384 0.850200
vt 0.882984 0.853300
vt 0.882784 0.851400
vt 0.882984 0.849700
vt 0.885784 0.849600
vt 0.884584 0.849000
vt 0.883784 0.847700
vt 0.881984 0.848900
vt 0.883184 0.846700
vt 0.881684 0.850900
vt 0.880484 0.850200
vt 0.881284 0.848200
vt 0.882884 0.846000
vt 0.880584 0.847200
vt 0.882284 0.845300
vt 0.878884 0.849300
vt 0.885784 0.843800
vt 0.884884 0.843300
vt 0.883884 0.842300
vt 0.881284 0.843900
vt 0.882084 0.840700
vt 0.879984 0.845500
vt 0.880084 0.840400
vt 0.879984 0.842900
vt 0.879284 0.844000
vt 0.878984 0.841500
vt 0.878784 0.842500
vt 0.878584 0.843200
vt 0.878484 0.844600
vt 0.878384 0.843600
vt 0.878584 0.846500
vt 0.878184 0.842300
vt 0.878084 0.842800
vt 0.877984 0.843500
vt 0.877784 0.844600
vt 0.876884 0.844100
vt 0.877484 0.843200
vt 0.877384 0.842700
vt 0.876284 0.843000
vt 0.876384 0.841600
vt 0.877384 0.841900
vt 0.877484 0.840200
vt 0.877784 0.841100
vt 0.878384 0.841300
vt 0.878684 0.839800
vt 0.878084 0.838300
vt 0.879584 0.837900
vt 0.876484 0.839200
vt 0.875184 0.841500
vt 0.876684 0.838100
vt 0.877684 0.837500
vt 0.875684 0.838200
vt 0.876484 0.837900
vt 0.874184 0.841500
vt 0.875184 0.843700
vt 0.873984 0.844400
vt 0.876084 0.845500
vt 0.874784 0.847500
vt 0.877284 0.846700
vt 0.876084 0.848700
vt 0.877084 0.849200
vt 0.877184 0.851700
vt 0.876084 0.851200
vt 0.878884 0.852200
vt 0.880184 0.852600
vt 0.878884 0.854900
vt 0.877684 0.854700
vt 0.880084 0.855200
vt 0.881584 0.853200
vt 0.881484 0.855400
vt 0.881484 0.857800
vt 0.880484 0.857900
vt 0.879584 0.857900
vt 0.882584 0.860200
vt 0.881784 0.860700
vt 0.881384 0.860900
vt 0.876584 0.854400
vt 0.875384 0.854200
vt 0.874984 0.850700
vt 0.874284 0.853900
vt 0.873884 0.850300
vt 0.873284 0.847100
vt 0.872884 0.844300
vt 0.873284 0.841200
vt 0.874784 0.837800
vt 0.876084 0.834700
vt 0.876284 0.836000
vt 0.876984 0.836800
vt 0.877884 0.833800
vt 0.877884 0.835200
vt 0.878484 0.836000
vt 0.877384 0.837100
vt 0.878784 0.836600
vt 0.879684 0.835300
vt 0.880084 0.835900
vt 0.879384 0.834600
vt 0.881184 0.835400
vt 0.881784 0.835900
vt 0.881584 0.834500
vt 0.879784 0.833300
vt 0.881984 0.833500
vt 0.884484 0.834000
vt 0.884084 0.834800
vt 0.883784 0.835700
vt 0.886384 0.835700
vt 0.885884 0.836600
vt 0.886784 0.835100
vt 0.885084 0.832600
vt 0.887484 0.833900
vt 0.882584 0.831800
vt 0.888784 0.836600
vt 0.888184 0.837100
vt 0.889684 0.835500
vt 0.888184 0.832500
vt 0.890384 0.834400
vt 0.885784 0.831000
vt 0.888984 0.831200
vt 0.891284 0.833200
vt 0.886584 0.829300
vt 0.892184 0.836400
vt 0.891284 0.837500
vt 0.893184 0.835300
vt 0.891884 0.832200
vt 0.893884 0.834300
vt 0.889484 0.830100
vt 0.894484 0.833600
vt 0.892384 0.831300
vt 0.889984 0.829000
vt 0.886884 0.828300
vt 0.887384 0.826900
vt 0.884284 0.826700
vt 0.884584 0.825100
vt 0.884084 0.827900
vt 0.883284 0.829900
vt 0.881984 0.827100
vt 0.881884 0.825600
vt 0.881184 0.829400
vt 0.880384 0.831400
vt 0.879284 0.828800
vt 0.878484 0.831400
vt 0.876684 0.831300
vt 0.877884 0.827600
vt 0.876284 0.826700
vt 0.878684 0.823300
vt 0.879684 0.825100
vt 0.880384 0.826700
vt 0.881884 0.823800
vt 0.880084 0.821500
vt 0.882384 0.822500
vt 0.878184 0.820500
vt 0.880084 0.819100
vt 0.881184 0.820600
vt 0.880384 0.815300
vt 0.881484 0.818300
vt 0.882184 0.819900
vt 0.884084 0.819300
vt 0.883584 0.818000
vt 0.883684 0.815400
vt 0.883784 0.821000
vt 0.884984 0.820500
vt 0.882984 0.821700
vt 0.885284 0.823000
vt 0.886084 0.822200
vt 0.886884 0.821300
vt 0.887184 0.819600
vt 0.889784 0.823200
vt 0.888984 0.824200
vt 0.888084 0.817000
vt 0.892584 0.825400
vt 0.888784 0.813000
vt 0.884184 0.811500
vt 0.879984 0.811500
vt 0.891784 0.826400
vt 0.895284 0.828100
vt 0.894384 0.828900
vt 0.897984 0.830800
vt 0.896984 0.831600
vt 0.899884 0.833900
vt 0.898784 0.834500
vt 0.895984 0.832300
vt 0.897684 0.835000
vt 0.898784 0.837800
vt 0.899384 0.840500
vt 0.897884 0.838200
vt 0.896784 0.835500
vt 0.898584 0.840500
vt 0.899184 0.843600
vt 0.898484 0.843700
vt 0.897984 0.840700
vt 0.897984 0.843800
vt 0.897284 0.838500
vt 0.897784 0.846700
vt 0.898384 0.846600
vt 0.898984 0.846600
vt 0.897284 0.849500
vt 0.897784 0.849600
vt 0.898484 0.849700
vt 0.897784 0.852700
vt 0.897084 0.852500
vt 0.898684 0.853000
vt 0.897584 0.856100
vt 0.898584 0.856700
vt 0.896784 0.855600
vt 0.895784 0.858900
vt 0.895284 0.858300
vt 0.896184 0.855200
vt 0.895784 0.854900
vt 0.896684 0.852300
vt 0.896484 0.852200
vt 0.897084 0.849500
vt 0.895784 0.854700
vt 0.895584 0.854500
vt 0.896284 0.852100
vt 0.896684 0.849500
vt 0.896884 0.846900
vt 0.897384 0.846700
vt 0.896684 0.844400
vt 0.897384 0.844000
vt 0.895784 0.845000
vt 0.896084 0.847300
vt 0.895984 0.849700
vt 0.895384 0.842700
vt 0.896484 0.841800
vt 0.897384 0.841100
vt 0.895684 0.839500
vt 0.894684 0.840400
vt 0.896584 0.838900
vt 0.895484 0.836500
vt 0.896084 0.836000
vt 0.894584 0.837300
vt 0.893584 0.838300
vt 0.892684 0.839300
vt 0.893784 0.841400
vt 0.894384 0.843500
vt 0.892784 0.842000
vt 0.891784 0.840000
vt 0.893284 0.844300
vt 0.894684 0.845800
vt 0.893484 0.847000
vt 0.895084 0.848000
vt 0.893884 0.849100
vt 0.892384 0.846500
vt 0.891884 0.849200
vt 0.891184 0.848400
vt 0.892284 0.850500
vt 0.892384 0.844400
vt 0.891384 0.846300
vt 0.891484 0.844400
vt 0.890284 0.847900
vt 0.890384 0.846100
vt 0.889384 0.847500
vt 0.888284 0.848600
vt 0.887284 0.847800
vt 0.888084 0.846800
vt 0.886484 0.848800
vt 0.885084 0.848000
vt 0.886684 0.845900
vt 0.885684 0.844800
vt 0.888984 0.846000
vt 0.888984 0.844900
vt 0.888584 0.843600
vt 0.887984 0.842700
vt 0.887084 0.842000
vt 0.886284 0.841000
vt 0.888284 0.840400
vt 0.886984 0.839300
vt 0.889384 0.841600
vt 0.884784 0.839300
vt 0.885584 0.837900
vt 0.888884 0.839400
vt 0.887584 0.837900
vt 0.883784 0.836500
vt 0.883584 0.837200
vt 0.882084 0.836700
vt 0.882584 0.838200
vt 0.880984 0.837900
vt 0.880384 0.836700
vt 0.879084 0.837000
vt 0.889684 0.838800
vt 0.890984 0.840300
vt 0.890184 0.840800
vt 0.891084 0.842600
vt 0.890184 0.843100
vt 0.891884 0.842300
vt 0.890484 0.844600
vt 0.890384 0.838300
vt 0.893984 0.850800
vt 0.892384 0.852000
vt 0.895184 0.850000
vt 0.893784 0.852500
vt 0.892184 0.853400
vt 0.894984 0.852100
vt 0.893184 0.853700
vt 0.892084 0.854700
vt 0.894084 0.854000
vt 0.891484 0.857200
vt 0.892784 0.855700
vt 0.894884 0.854300
vt 0.895684 0.852000
vt 0.895184 0.832900
vt 0.892884 0.830500
vt 0.893584 0.829700
vt 0.890384 0.828000
vt 0.891084 0.827200
vt 0.888284 0.824900
vt 0.887784 0.825800
vt 0.884784 0.823900
vt 0.883984 0.859100
vt 0.883084 0.857300
vt 0.885084 0.856300
vt 0.883084 0.855100
vt 0.923884 0.787700
vt 0.939884 0.788200
vt 0.922384 0.777700
vt 0.937984 0.778600
vt 0.936784 0.769500
vt 0.921084 0.768200
vt 0.936184 0.760800
vt 0.951484 0.762100
vt 0.920284 0.758700
vt 0.904384 0.766700
vt 0.903484 0.756500
vt 0.920084 0.749100
vt 0.936684 0.751300
vt 0.902884 0.746900
vt 0.885684 0.744900
vt 0.886484 0.755100
vt 0.868984 0.742800
vt 0.885284 0.735000
vt 0.902884 0.737300
vt 0.868184 0.732300
vt 0.852484 0.740800
vt 0.851584 0.730100
vt 0.834984 0.728600
vt 0.835784 0.739400
vt 0.851084 0.719300
vt 0.867784 0.722000
vt 0.834284 0.717900
vt 0.819084 0.728500
vt 0.818384 0.718100
vt 0.819384 0.738900
vt 0.833884 0.707000
vt 0.850684 0.708700
vt 0.818084 0.707400
vt 0.804084 0.708100
vt 0.804584 0.718700
vt 0.804884 0.729100
vt 0.791784 0.717000
vt 0.791684 0.707000
vt 0.791684 0.726800
vt 0.804384 0.739100
vt 0.790984 0.736200
vt 0.789084 0.744800
vt 0.795684 0.755700
vt 0.784984 0.752300
vt 0.780584 0.758900
vt 0.776584 0.764500
vt 0.771484 0.757600
vt 0.774184 0.750500
vt 0.768784 0.763700
vt 0.762484 0.756900
vt 0.761184 0.763200
vt 0.753484 0.756700
vt 0.753484 0.763100
vt 0.745784 0.763200
vt 0.744484 0.756800
vt 0.738184 0.763700
vt 0.735584 0.757600
vt 0.730484 0.764500
vt 0.732884 0.750500
vt 0.743184 0.749500
vt 0.730584 0.742600
vt 0.742184 0.741500
vt 0.753484 0.741100
vt 0.753484 0.749300
vt 0.763684 0.749500
vt 0.764784 0.741500
vt 0.753484 0.732200
vt 0.765684 0.732800
vt 0.741384 0.732800
vt 0.766184 0.723700
vt 0.753484 0.722800
vt 0.740884 0.723700
vt 0.729084 0.734200
vt 0.728384 0.725200
vt 0.715384 0.726800
vt 0.727984 0.715700
vt 0.740584 0.714200
vt 0.715184 0.717000
vt 0.715384 0.707000
vt 0.727884 0.706000
vt 0.716084 0.696600
vt 0.728784 0.696000
vt 0.703184 0.697200
vt 0.689184 0.696800
vt 0.703884 0.686200
vt 0.716584 0.686100
vt 0.690684 0.685900
vt 0.673884 0.696300
vt 0.676784 0.685700
vt 0.678984 0.674400
vt 0.692284 0.675300
vt 0.705084 0.676100
vt 0.717184 0.676500
vt 0.728984 0.676400
vt 0.728984 0.685900
vt 0.740984 0.685200
vt 0.740484 0.675800
vt 0.753484 0.684200
vt 0.753484 0.675200
vt 0.766484 0.675800
vt 0.765984 0.685100
vt 0.777984 0.676400
vt 0.778084 0.685900
vt 0.790384 0.686100
vt 0.789784 0.676500
vt 0.801984 0.676100
vt 0.803084 0.686200
vt 0.814684 0.675300
vt 0.816384 0.686000
vt 0.817884 0.696700
vt 0.803984 0.697100
vt 0.790984 0.696600
vt 0.778384 0.696000
vt 0.779184 0.706000
vt 0.779084 0.715700
vt 0.766484 0.704600
vt 0.765684 0.694900
vt 0.766384 0.714300
vt 0.753484 0.703400
vt 0.753484 0.693700
vt 0.753484 0.713200
vt 0.778684 0.725100
vt 0.740584 0.704600
vt 0.741384 0.694900
vt 0.777884 0.734200
vt 0.776484 0.742600
vt 0.830184 0.685700
vt 0.833184 0.696300
vt 0.849784 0.698200
vt 0.847384 0.687900
vt 0.827984 0.674400
vt 0.843584 0.674700
vt 0.863384 0.681400
vt 0.864584 0.691900
vt 0.866284 0.701700
vt 0.884384 0.688400
vt 0.885084 0.697500
vt 0.885384 0.706600
vt 0.867484 0.711700
vt 0.885484 0.715800
vt 0.905284 0.710500
vt 0.904384 0.719200
vt 0.905584 0.702000
vt 0.924784 0.714000
vt 0.923284 0.722300
vt 0.925584 0.705700
vt 0.904984 0.693300
vt 0.925084 0.696800
vt 0.945284 0.700500
vt 0.944784 0.709700
vt 0.943384 0.717700
vt 0.965484 0.708800
vt 0.963284 0.716900
vt 0.960784 0.724000
vt 0.941384 0.725700
vt 0.957984 0.731000
vt 0.976284 0.730600
vt 0.979884 0.724500
vt 0.989984 0.739000
vt 0.994384 0.734300
vt 0.983884 0.717700
vt 0.999784 0.729000
vt 0.955484 0.738200
vt 0.939384 0.733800
vt 0.953584 0.745600
vt 0.937784 0.742300
vt 0.920584 0.739800
vt 0.921784 0.730900
vt 0.903484 0.728100
vt 0.885284 0.725300
vt 0.952084 0.753600
vt 0.709584 0.838200
vt 0.712984 0.841500
vt 0.706884 0.841700
vt 0.710584 0.845800
vt 0.716384 0.843300
vt 0.715084 0.846900
vt 0.714584 0.850300
vt 0.711284 0.850100
vt 0.706684 0.848100
vt 0.708284 0.851200
vt 0.703784 0.844600
vt 0.703684 0.850400
vt 0.700784 0.847300
vt 0.705584 0.853000
vt 0.698384 0.850300
vt 0.694884 0.847500
vt 0.701384 0.852900
vt 0.693084 0.851200
vt 0.696584 0.853500
vt 0.691784 0.854900
vt 0.695384 0.856500
vt 0.688084 0.853200
vt 0.687584 0.857400
vt 0.691284 0.858500
vt 0.694784 0.859600
vt 0.683684 0.851500
vt 0.683284 0.856500
vt 0.683684 0.861100
vt 0.687884 0.861400
vt 0.691484 0.861800
vt 0.684384 0.865300
vt 0.688484 0.864900
vt 0.691884 0.864800
vt 0.694784 0.862400
vt 0.695184 0.864800
vt 0.697584 0.863000
vt 0.697884 0.864900
vt 0.697684 0.860600
vt 0.698384 0.858100
vt 0.699984 0.861500
vt 0.699784 0.863500
vt 0.700684 0.859400
vt 0.699584 0.855500
vt 0.701884 0.857300
vt 0.703484 0.855000
vt 0.703784 0.858900
vt 0.705184 0.857100
vt 0.702684 0.860600
vt 0.706184 0.858400
vt 0.704884 0.860000
vt 0.703984 0.861300
vt 0.701984 0.862300
vt 0.703484 0.862800
vt 0.705784 0.860800
vt 0.705084 0.862000
vt 0.704684 0.863100
vt 0.704584 0.864200
vt 0.703284 0.864100
vt 0.701684 0.863900
vt 0.703184 0.865300
vt 0.701584 0.865300
vt 0.704484 0.865100
vt 0.699784 0.865100
vt 0.700584 0.866700
vt 0.702184 0.866600
vt 0.703584 0.866500
vt 0.698784 0.866900
vt 0.700184 0.868800
vt 0.701784 0.868400
vt 0.703184 0.868000
vt 0.701884 0.870900
vt 0.703184 0.870200
vt 0.704384 0.869800
vt 0.703684 0.872700
vt 0.704784 0.872000
vt 0.705684 0.871500
vt 0.705184 0.869500
vt 0.706284 0.871100
vt 0.704384 0.867900
vt 0.705984 0.869200
vt 0.706784 0.870600
vt 0.705384 0.867600
vt 0.704884 0.866300
vt 0.706184 0.867400
vt 0.706584 0.868900
vt 0.705884 0.866100
vt 0.705584 0.865000
vt 0.705584 0.864400
vt 0.706284 0.865000
vt 0.706284 0.864600
vt 0.706384 0.866100
vt 0.706984 0.865300
vt 0.706884 0.866200
vt 0.706984 0.864800
vt 0.706484 0.863800
vt 0.707184 0.864100
vt 0.705684 0.863500
vt 0.706784 0.862900
vt 0.707584 0.863300
vt 0.705984 0.862500
vt 0.707184 0.861900
vt 0.707984 0.862500
vt 0.706484 0.861400
vt 0.707384 0.860000
vt 0.708084 0.860700
vt 0.706784 0.859300
vt 0.708284 0.858000
vt 0.708684 0.858800
vt 0.707784 0.856900
vt 0.706984 0.855400
vt 0.709784 0.855800
vt 0.710084 0.856900
vt 0.709284 0.854000
vt 0.711784 0.853300
vt 0.712084 0.855100
vt 0.714484 0.853300
vt 0.714684 0.855100
vt 0.712284 0.856200
vt 0.714884 0.856400
vt 0.712484 0.857100
vt 0.710384 0.857700
vt 0.715084 0.857200
vt 0.716784 0.856600
vt 0.716684 0.857300
vt 0.716884 0.855600
vt 0.718584 0.857900
vt 0.718884 0.857300
vt 0.719184 0.856400
vt 0.717184 0.854000
vt 0.719584 0.854900
vt 0.717684 0.851300
vt 0.720384 0.852600
vt 0.718484 0.848300
vt 0.721284 0.849800
vt 0.722884 0.854000
vt 0.721984 0.856100
vt 0.723784 0.851600
vt 0.722384 0.846800
vt 0.724784 0.848700
vt 0.719684 0.845000
vt 0.727184 0.850700
vt 0.726184 0.853400
vt 0.725184 0.855600
vt 0.729584 0.852600
vt 0.728684 0.855200
vt 0.727584 0.857400
vt 0.731284 0.857000
vt 0.732084 0.854300
vt 0.730184 0.859300
vt 0.732984 0.861100
vt 0.734084 0.858600
vt 0.734884 0.855800
vt 0.731684 0.863500
vt 0.728884 0.861100
vt 0.726484 0.859200
vt 0.727984 0.861800
vt 0.725784 0.860000
vt 0.729884 0.863700
vt 0.732084 0.866400
vt 0.736284 0.862800
vt 0.730384 0.865600
vt 0.730284 0.867500
vt 0.731684 0.868600
vt 0.729184 0.866900
vt 0.729284 0.865300
vt 0.728784 0.863700
vt 0.728284 0.866400
vt 0.728284 0.865100
vt 0.727884 0.863800
vt 0.727284 0.862100
vt 0.726484 0.862500
vt 0.727584 0.865000
vt 0.727084 0.864000
vt 0.725784 0.862900
vt 0.725184 0.860600
vt 0.724584 0.861100
vt 0.723984 0.861600
vt 0.725184 0.863300
vt 0.723484 0.862300
vt 0.726484 0.864300
vt 0.724584 0.863900
vt 0.723084 0.863000
vt 0.725884 0.864600
vt 0.721384 0.862000
vt 0.721784 0.861200
vt 0.722184 0.860500
vt 0.722784 0.863700
vt 0.721184 0.862900
vt 0.724084 0.864400
vt 0.723684 0.865000
vt 0.722584 0.864600
vt 0.721184 0.864100
vt 0.719684 0.863600
vt 0.719584 0.862100
vt 0.719684 0.861000
vt 0.717984 0.860200
vt 0.717884 0.861500
vt 0.717984 0.863100
vt 0.719984 0.860200
vt 0.718084 0.859400
vt 0.716184 0.859700
vt 0.716184 0.861000
vt 0.716284 0.858800
vt 0.716484 0.858000
vt 0.718384 0.858600
vt 0.720284 0.859400
vt 0.720684 0.858700
vt 0.720984 0.858200
vt 0.723084 0.859200
vt 0.722684 0.859800
vt 0.723684 0.858600
vt 0.721384 0.857300
vt 0.724284 0.857500
vt 0.714884 0.857900
vt 0.714584 0.858700
vt 0.712684 0.858900
vt 0.712584 0.858000
vt 0.710684 0.858600
vt 0.711084 0.859500
vt 0.714484 0.859600
vt 0.712884 0.859800
vt 0.711484 0.860400
vt 0.710284 0.861200
vt 0.709684 0.860400
vt 0.709184 0.859600
vt 0.708684 0.861400
vt 0.709384 0.862100
vt 0.711984 0.861600
vt 0.710984 0.862200
vt 0.710184 0.863000
vt 0.708684 0.863100
vt 0.709584 0.863800
vt 0.711684 0.863500
vt 0.710984 0.863900
vt 0.710384 0.864300
vt 0.710184 0.865000
vt 0.709284 0.864300
vt 0.708284 0.863700
vt 0.709084 0.864700
vt 0.707984 0.864300
vt 0.707784 0.864900
vt 0.708984 0.865100
vt 0.708984 0.865500
vt 0.707684 0.865500
vt 0.707684 0.866200
vt 0.708984 0.866100
vt 0.707884 0.867000
vt 0.709184 0.866700
vt 0.707084 0.867300
vt 0.708184 0.867900
vt 0.707384 0.868300
vt 0.709384 0.867200
vt 0.710384 0.866300
vt 0.709784 0.867900
vt 0.708584 0.868800
vt 0.710784 0.867100
vt 0.710584 0.868900
vt 0.711584 0.867600
vt 0.709584 0.870100
vt 0.707884 0.869400
vt 0.708884 0.870800
vt 0.710284 0.872200
vt 0.710884 0.871300
vt 0.711784 0.869900
vt 0.712384 0.872400
vt 0.711884 0.873300
vt 0.713184 0.870700
vt 0.712384 0.868200
vt 0.713484 0.868600
vt 0.714684 0.868900
vt 0.714584 0.871200
vt 0.714084 0.873000
vt 0.716084 0.868900
vt 0.716084 0.871300
vt 0.715984 0.873300
vt 0.717884 0.873100
vt 0.717684 0.871100
vt 0.717384 0.868700
vt 0.715784 0.874400
vt 0.713684 0.874100
vt 0.717884 0.874200
vt 0.720184 0.873400
vt 0.719884 0.872300
vt 0.719384 0.870500
vt 0.722284 0.872200
vt 0.721784 0.871200
vt 0.721084 0.869700
vt 0.718884 0.868300
vt 0.720284 0.867900
vt 0.718584 0.866800
vt 0.719984 0.866700
vt 0.717184 0.867000
vt 0.715784 0.867200
vt 0.715484 0.865700
vt 0.716884 0.865600
vt 0.718384 0.865600
vt 0.716684 0.864400
vt 0.718184 0.864500
vt 0.715284 0.864400
vt 0.714184 0.865800
vt 0.713984 0.864400
vt 0.714484 0.867200
vt 0.713084 0.865700
vt 0.712984 0.864500
vt 0.713384 0.867000
vt 0.712084 0.865600
vt 0.711984 0.864600
vt 0.712384 0.866800
vt 0.711584 0.866500
vt 0.711284 0.865600
vt 0.710384 0.865600
vt 0.711284 0.864800
vt 0.712584 0.863200
vt 0.713184 0.861100
vt 0.713684 0.862900
vt 0.714684 0.860900
vt 0.714984 0.862800
vt 0.716484 0.862900
vt 0.719784 0.864700
vt 0.719884 0.865700
vt 0.721284 0.866000
vt 0.721284 0.865100
vt 0.722684 0.866600
vt 0.722584 0.865500
vt 0.721084 0.866700
vt 0.721684 0.867400
vt 0.723984 0.867700
vt 0.722684 0.868700
vt 0.723884 0.866200
vt 0.724984 0.866900
vt 0.723484 0.865600
vt 0.724584 0.865600
vt 0.724684 0.865900
vt 0.725584 0.866000
vt 0.725984 0.867200
vt 0.724884 0.868400
vt 0.726584 0.866100
vt 0.725584 0.865600
vt 0.726384 0.865300
vt 0.725184 0.865000
vt 0.724484 0.865300
vt 0.726984 0.865100
vt 0.727084 0.866100
vt 0.727584 0.866100
vt 0.726684 0.867300
vt 0.727284 0.867500
vt 0.727784 0.867900
vt 0.728584 0.868500
vt 0.726684 0.869500
vt 0.726084 0.869100
vt 0.727284 0.870200
vt 0.729384 0.869300
vt 0.727884 0.871100
vt 0.730584 0.870500
vt 0.728784 0.872300
vt 0.725984 0.872900
vt 0.725384 0.872000
vt 0.726684 0.874100
vt 0.729884 0.874500
vt 0.727384 0.876000
vt 0.727984 0.878400
vt 0.728284 0.881400
vt 0.724884 0.877300
vt 0.724984 0.879300
vt 0.725084 0.882000
vt 0.725084 0.885000
vt 0.721884 0.882200
vt 0.722084 0.879700
vt 0.721584 0.885100
vt 0.724784 0.888100
vt 0.721084 0.888100
vt 0.724284 0.891600
vt 0.720484 0.891400
vt 0.723484 0.895400
vt 0.719484 0.895100
vt 0.722484 0.899300
vt 0.718384 0.898900
vt 0.721184 0.903300
vt 0.716984 0.902600
vt 0.725184 0.903800
vt 0.729284 0.904200
vt 0.723784 0.907900
vt 0.719684 0.907200
vt 0.728084 0.908500
vt 0.733284 0.904500
vt 0.732184 0.909000
vt 0.736384 0.909400
vt 0.737284 0.904700
vt 0.741284 0.904800
vt 0.740584 0.909700
vt 0.744884 0.909900
vt 0.745284 0.904900
vt 0.745684 0.899900
vt 0.749684 0.895000
vt 0.749584 0.899900
vt 0.749384 0.905000
vt 0.753484 0.904900
vt 0.753484 0.899800
vt 0.753484 0.894900
vt 0.753484 0.890200
vt 0.757284 0.895000
vt 0.757384 0.899900
vt 0.757284 0.890200
vt 0.753484 0.885900
vt 0.757184 0.886000
vt 0.760984 0.890400
vt 0.761084 0.895100
vt 0.760984 0.886100
vt 0.753484 0.882000
vt 0.764584 0.886400
vt 0.764584 0.890600
vt 0.768084 0.886700
vt 0.768184 0.890900
vt 0.764784 0.895300
vt 0.768484 0.895400
vt 0.771584 0.887100
vt 0.771784 0.891200
vt 0.772084 0.895600
vt 0.768984 0.900000
vt 0.765184 0.899900
vt 0.772784 0.900000
vt 0.775784 0.895600
vt 0.776584 0.899900
vt 0.775284 0.891400
vt 0.779584 0.895600
vt 0.780484 0.899700
vt 0.778984 0.891600
vt 0.775084 0.887600
vt 0.778684 0.888000
vt 0.782184 0.888100
vt 0.782684 0.891600
vt 0.783484 0.895500
vt 0.785884 0.888100
vt 0.786484 0.891400
vt 0.787384 0.895100
vt 0.784484 0.899400
vt 0.788584 0.898900
vt 0.791384 0.894600
vt 0.792684 0.898200
vt 0.790284 0.891000
vt 0.785784 0.903300
vt 0.789984 0.902600
vt 0.794184 0.901700
vt 0.796884 0.897200
vt 0.798384 0.900500
vt 0.795484 0.893700
vt 0.799584 0.892500
vt 0.801084 0.895800
vt 0.802684 0.899000
vt 0.803684 0.891000
vt 0.805384 0.894100
vt 0.807084 0.897200
vt 0.804284 0.902200
vt 0.799984 0.903800
vt 0.808784 0.900300
vt 0.811484 0.895000
vt 0.813284 0.898100
vt 0.809584 0.892000
vt 0.816184 0.892300
vt 0.818084 0.895300
vt 0.813984 0.889300
vt 0.807684 0.889000
vt 0.811684 0.886400
vt 0.818184 0.886100
vt 0.820784 0.889000
vt 0.815484 0.883400
vt 0.812684 0.880700
vt 0.809284 0.883600
vt 0.805684 0.885900
vt 0.809984 0.878300
vt 0.806984 0.880800
vt 0.803784 0.882900
vt 0.801984 0.887800
vt 0.800384 0.884600
vt 0.798084 0.889200
vt 0.796784 0.886000
vt 0.794184 0.890300
vt 0.793184 0.887000
vt 0.789484 0.887700
vt 0.788884 0.884800
vt 0.792284 0.884200
vt 0.785384 0.885100
vt 0.781884 0.885000
vt 0.788284 0.882000
vt 0.785084 0.882200
vt 0.781884 0.882000
vt 0.778484 0.884700
vt 0.778684 0.881400
vt 0.775084 0.884100
vt 0.775384 0.880600
vt 0.776084 0.877200
vt 0.778984 0.878400
vt 0.777084 0.874500
vt 0.779484 0.876000
vt 0.782084 0.877300
vt 0.781984 0.879200
vt 0.784784 0.878000
vt 0.784884 0.879700
vt 0.787884 0.879700
vt 0.787584 0.878300
vt 0.787584 0.877300
vt 0.784984 0.876700
vt 0.782484 0.875600
vt 0.783084 0.874500
vt 0.785484 0.875800
vt 0.787984 0.876400
vt 0.780284 0.874100
vt 0.780984 0.872900
vt 0.785984 0.875000
vt 0.783684 0.873800
vt 0.781584 0.872100
vt 0.779084 0.871100
vt 0.779784 0.870200
vt 0.778184 0.872300
vt 0.782084 0.871400
vt 0.780284 0.869500
vt 0.784184 0.873200
vt 0.779184 0.867900
vt 0.778384 0.868500
vt 0.777584 0.869300
vt 0.778684 0.866400
vt 0.779384 0.865000
vt 0.779384 0.866100
vt 0.779684 0.867600
vt 0.779884 0.866100
vt 0.780284 0.867300
vt 0.779984 0.865100
vt 0.779784 0.864000
vt 0.780484 0.864300
vt 0.780584 0.865300
vt 0.780484 0.866100
vt 0.781184 0.864600
vt 0.781784 0.863300
vt 0.782384 0.863800
vt 0.781184 0.862900
vt 0.783484 0.862300
vt 0.783884 0.863000
vt 0.782984 0.861600
vt 0.784784 0.860500
vt 0.785184 0.861200
vt 0.785584 0.862000
vt 0.784184 0.863700
vt 0.785784 0.862900
vt 0.782884 0.864400
vt 0.785784 0.864100
vt 0.784384 0.864600
vt 0.783284 0.865000
vt 0.787384 0.862100
vt 0.787284 0.863600
vt 0.787284 0.861000
vt 0.788984 0.860200
vt 0.789084 0.861500
vt 0.788884 0.863200
vt 0.786984 0.860200
vt 0.788884 0.859400
vt 0.790784 0.859700
vt 0.790784 0.861000
vt 0.790684 0.858800
vt 0.790484 0.858100
vt 0.788584 0.858600
vt 0.786684 0.859500
vt 0.792084 0.857900
vt 0.792384 0.858700
vt 0.794384 0.857900
vt 0.794284 0.858900
vt 0.794484 0.857100
vt 0.796284 0.858600
vt 0.795884 0.859500
vt 0.796584 0.857700
vt 0.796884 0.856900
vt 0.798284 0.858800
vt 0.798684 0.858000
vt 0.797784 0.859600
vt 0.799584 0.860000
vt 0.798884 0.860800
vt 0.800184 0.859300
vt 0.797284 0.860400
vt 0.798284 0.861500
vt 0.797584 0.862100
vt 0.796684 0.861200
vt 0.795484 0.860400
vt 0.795984 0.862200
vt 0.794984 0.861600
vt 0.796784 0.863000
vt 0.797384 0.863800
vt 0.798284 0.863100
vt 0.798984 0.862500
vt 0.795984 0.863900
vt 0.795284 0.863500
vt 0.796584 0.864300
vt 0.797684 0.864300
vt 0.796684 0.865000
vt 0.798684 0.863700
vt 0.797884 0.864700
vt 0.798984 0.864300
vt 0.799384 0.863300
vt 0.799684 0.864000
vt 0.799184 0.864900
vt 0.797984 0.865100
vt 0.799884 0.864700
vt 0.800484 0.863700
vt 0.800584 0.864600
vt 0.800184 0.862900
vt 0.801284 0.863500
vt 0.801384 0.864400
vt 0.800984 0.862500
vt 0.800484 0.861400
vt 0.799784 0.861900
vt 0.801184 0.860800
vt 0.801884 0.862000
vt 0.802184 0.863200
vt 0.802884 0.861400
vt 0.803484 0.862800
vt 0.802084 0.860000
vt 0.800784 0.858400
vt 0.803184 0.858900
vt 0.804284 0.860600
vt 0.801784 0.857100
vt 0.799984 0.855400
vt 0.799284 0.856900
vt 0.801384 0.853000
vt 0.803484 0.855000
vt 0.807384 0.855500
vt 0.805084 0.857200
vt 0.808584 0.858100
vt 0.806284 0.859400
vt 0.804984 0.862300
vt 0.806984 0.861500
vt 0.809284 0.860700
vt 0.803784 0.864100
vt 0.805284 0.863900
vt 0.807184 0.863500
vt 0.802384 0.864200
vt 0.803784 0.865300
vt 0.802384 0.865100
vt 0.805384 0.865300
vt 0.804784 0.866600
vt 0.803384 0.866500
vt 0.802084 0.866300
vt 0.801384 0.865000
vt 0.801184 0.866100
vt 0.801584 0.867600
vt 0.800884 0.867400
vt 0.802584 0.867900
vt 0.800984 0.869200
vt 0.800384 0.868900
vt 0.801684 0.869500
vt 0.800184 0.870600
vt 0.799684 0.870200
vt 0.800684 0.871100
vt 0.801284 0.871500
vt 0.802584 0.869800
vt 0.803784 0.868000
vt 0.802184 0.872000
vt 0.803784 0.870200
vt 0.805184 0.868400
vt 0.806384 0.866700
vt 0.807184 0.865100
vt 0.806684 0.868800
vt 0.808184 0.866900
vt 0.809084 0.865000
vt 0.809284 0.863000
vt 0.812184 0.859600
vt 0.812084 0.862400
vt 0.811784 0.864800
vt 0.815084 0.864800
vt 0.815484 0.861900
vt 0.815684 0.858500
vt 0.811584 0.856600
vt 0.815084 0.854900
vt 0.810384 0.853500
vt 0.819084 0.861400
vt 0.823284 0.861100
vt 0.818484 0.865000
vt 0.822484 0.865400
vt 0.827584 0.866100
vt 0.828484 0.861100
vt 0.825484 0.870900
vt 0.820884 0.869600
vt 0.830284 0.872700
vt 0.835684 0.875200
vt 0.826484 0.877700
vt 0.822484 0.875500
vt 0.830584 0.880400
vt 0.833984 0.883700
vt 0.840384 0.878400
vt 0.836684 0.887800
vt 0.843484 0.883300
vt 0.845484 0.889000
vt 0.838584 0.892400
vt 0.852684 0.886200
vt 0.830684 0.891800
vt 0.828384 0.888200
vt 0.832384 0.895700
vt 0.846584 0.894300
vt 0.839884 0.897000
vt 0.833784 0.899700
vt 0.826584 0.898900
vt 0.824984 0.895400
vt 0.827984 0.902500
vt 0.834784 0.903800
vt 0.829084 0.906000
vt 0.840784 0.901700
vt 0.822884 0.904900
vt 0.821484 0.901700
vt 0.824084 0.908200
vt 0.835284 0.907900
vt 0.829884 0.909600
vt 0.825084 0.911400
vt 0.819384 0.910300
vt 0.817984 0.907300
vt 0.820684 0.913200
vt 0.822084 0.916600
vt 0.826384 0.915000
vt 0.830684 0.913800
vt 0.823984 0.920700
vt 0.830084 0.920100
vt 0.836284 0.912500
vt 0.841084 0.918500
vt 0.841384 0.911200
vt 0.841284 0.906300
vt 0.847084 0.910400
vt 0.847984 0.904600
vt 0.847484 0.899500
vt 0.854084 0.897700
vt 0.854384 0.902500
vt 0.853584 0.892600
vt 0.860284 0.896200
vt 0.860584 0.884900
vt 0.861684 0.906900
vt 0.854184 0.909000
vt 0.869184 0.905700
vt 0.881584 0.904600
vt 0.866384 0.916200
vt 0.880384 0.915700
vt 0.893384 0.915100
vt 0.895184 0.903800
vt 0.906184 0.916000
vt 0.909084 0.904000
vt 0.919184 0.919000
vt 0.932584 0.924200
vt 0.903084 0.926700
vt 0.913684 0.930700
vt 0.924484 0.937200
vt 0.945884 0.931300
vt 0.935184 0.945800
vt 0.912984 0.948300
vt 0.905784 0.940000
vt 0.920484 0.958200
vt 0.945584 0.955800
vt 0.927584 0.969200
vt 0.958984 0.939800
vt 0.956084 0.966900
vt 0.934884 0.981300
vt 0.972384 0.949100
vt 0.534784 0.949400
vt 0.547984 0.939600
vt 0.561384 0.955600
vt 0.551284 0.967200
vt 0.561084 0.931200
vt 0.571784 0.945700
vt 0.579184 0.969200
vt 0.572484 0.981600
vt 0.586484 0.958200
vt 0.582484 0.937200
vt 0.593984 0.948300
vt 0.574384 0.924100
vt 0.593284 0.930700
vt 0.601184 0.939900
vt 0.587684 0.919000
vt 0.568384 0.909700
vt 0.583384 0.905900
vt 0.603784 0.926600
vt 0.600784 0.916000
vt 0.597884 0.904100
vt 0.579784 0.891400
vt 0.595284 0.890600
vt 0.563684 0.894000
vt 0.610084 0.891600
vt 0.611684 0.903800
vt 0.610684 0.878600
vt 0.623984 0.893000
vt 0.624584 0.881200
vt 0.625284 0.904500
vt 0.637084 0.894500
vt 0.637784 0.905700
vt 0.636984 0.882800
vt 0.646284 0.884900
vt 0.646684 0.896200
vt 0.645284 0.906900
vt 0.652584 0.902500
vt 0.652884 0.909000
vt 0.652884 0.897700
vt 0.653384 0.892500
vt 0.654184 0.886100
vt 0.647484 0.877200
vt 0.656084 0.879300
vt 0.638984 0.876000
vt 0.649084 0.870100
vt 0.659284 0.871700
vt 0.638484 0.868400
vt 0.666584 0.878300
vt 0.663484 0.883200
vt 0.661484 0.888800
vt 0.667184 0.869100
vt 0.671184 0.875100
vt 0.658584 0.862300
vt 0.665884 0.862000
vt 0.651084 0.862200
vt 0.658584 0.853500
vt 0.665384 0.854100
vt 0.652084 0.852900
vt 0.645084 0.852000
vt 0.642984 0.861100
vt 0.638184 0.859900
vt 0.640684 0.851600
vt 0.633784 0.865300
vt 0.633084 0.876800
vt 0.630384 0.871600
vt 0.627884 0.868500
vt 0.622884 0.873000
vt 0.622084 0.869600
vt 0.625884 0.866700
vt 0.630284 0.863300
vt 0.621184 0.867900
vt 0.615984 0.872200
vt 0.616484 0.869000
vt 0.616084 0.867300
vt 0.624984 0.865900
vt 0.620484 0.866900
vt 0.615684 0.866000
vt 0.611584 0.865000
vt 0.612184 0.863500
vt 0.611284 0.867000
vt 0.619884 0.866200
vt 0.615284 0.865100
vt 0.612684 0.862400
vt 0.619484 0.865500
vt 0.614984 0.864300
vt 0.612884 0.861600
vt 0.610984 0.859200
vt 0.610384 0.859900
vt 0.609384 0.860900
vt 0.609184 0.856400
vt 0.608284 0.856900
vt 0.606984 0.857600
vt 0.607984 0.862100
vt 0.605184 0.858400
vt 0.607084 0.853700
vt 0.603584 0.860500
vt 0.607084 0.864300
vt 0.604484 0.867900
vt 0.610284 0.870600
vt 0.608084 0.853300
vt 0.608884 0.853000
vt 0.608284 0.850000
vt 0.609884 0.855900
vt 0.611584 0.858600
vt 0.613184 0.861000
vt 0.613484 0.860500
vt 0.613684 0.860100
vt 0.615484 0.862200
vt 0.615084 0.862900
vt 0.614884 0.863600
vt 0.619084 0.864000
vt 0.618984 0.863200
vt 0.619184 0.864800
vt 0.623484 0.864200
vt 0.623984 0.864800
vt 0.623084 0.863600
vt 0.626184 0.861100
vt 0.626784 0.861100
vt 0.627584 0.861500
vt 0.628284 0.862000
vt 0.624484 0.865300
vt 0.628984 0.862500
vt 0.632184 0.858100
vt 0.633984 0.858300
vt 0.631084 0.858000
vt 0.634084 0.853100
vt 0.636684 0.851300
vt 0.632684 0.853800
vt 0.631484 0.854100
vt 0.630184 0.857900
vt 0.631984 0.850900
vt 0.633284 0.850400
vt 0.634684 0.849900
vt 0.633784 0.847200
vt 0.634984 0.846800
vt 0.632284 0.847600
vt 0.630784 0.851300
vt 0.630984 0.848700
vt 0.630384 0.854400
vt 0.632984 0.844600
vt 0.633884 0.844300
vt 0.630884 0.845400
vt 0.631884 0.843700
vt 0.629684 0.846400
vt 0.629884 0.849100
vt 0.629684 0.851800
vt 0.628284 0.849200
vt 0.628284 0.846300
vt 0.628184 0.852300
vt 0.629284 0.854700
vt 0.627884 0.855000
vt 0.629184 0.857800
vt 0.628184 0.857800
vt 0.627084 0.857800
vt 0.626084 0.857800
vt 0.626584 0.855200
vt 0.626984 0.852700
vt 0.624884 0.857700
vt 0.625084 0.855300
vt 0.625284 0.853200
vt 0.623484 0.855100
vt 0.623184 0.857500
vt 0.622684 0.859400
vt 0.624384 0.860400
vt 0.625284 0.860800
vt 0.621884 0.861900
vt 0.620984 0.860400
vt 0.622384 0.862500
vt 0.625684 0.861000
vt 0.622584 0.863000
vt 0.618884 0.862700
vt 0.615684 0.861800
vt 0.615884 0.861100
vt 0.618784 0.862100
vt 0.618584 0.860700
vt 0.616284 0.860000
vt 0.614384 0.858500
vt 0.613884 0.859300
vt 0.613684 0.859800
vt 0.626784 0.845500
vt 0.629284 0.844400
vt 0.628384 0.844400
vt 0.627484 0.843900
vt 0.625384 0.844000
vt 0.626784 0.842800
vt 0.628284 0.843000
vt 0.628584 0.843500
vt 0.628084 0.842400
vt 0.627784 0.841400
vt 0.628484 0.841000
vt 0.628884 0.842000
vt 0.628884 0.842600
vt 0.629584 0.841700
vt 0.629684 0.842400
vt 0.629184 0.840800
vt 0.629684 0.840000
vt 0.630784 0.841500
vt 0.630784 0.842900
vt 0.630184 0.843900
vt 0.629584 0.843000
vt 0.629084 0.843300
vt 0.635184 0.844100
vt 0.637384 0.845400
vt 0.636084 0.847100
vt 0.637184 0.841100
vt 0.640784 0.843000
vt 0.645384 0.842900
vt 0.635884 0.849200
vt 0.652584 0.843700
vt 0.659084 0.844700
vt 0.665784 0.846200
vt 0.672384 0.848000
vt 0.671984 0.854700
vt 0.678184 0.849700
vt 0.677884 0.855500
vt 0.672684 0.861300
vt 0.678484 0.861000
vt 0.679384 0.866000
vt 0.673884 0.867200
vt 0.676684 0.872700
vt 0.681484 0.870900
vt 0.684484 0.875500
vt 0.680484 0.877700
vt 0.676384 0.880400
vt 0.681284 0.885000
vt 0.684484 0.882200
vt 0.687784 0.879700
vt 0.672884 0.883700
vt 0.678584 0.888200
vt 0.683884 0.892100
vt 0.686184 0.889000
vt 0.688784 0.886100
vt 0.690784 0.892300
vt 0.688884 0.895300
vt 0.692984 0.889300
vt 0.691484 0.883400
vt 0.695284 0.886400
vt 0.694284 0.880700
vt 0.697684 0.883600
vt 0.691084 0.877300
vt 0.688384 0.873600
vt 0.691784 0.872000
vt 0.694184 0.875300
vt 0.696884 0.878200
vt 0.696984 0.873500
vt 0.699384 0.876100
vt 0.694884 0.870700
vt 0.699884 0.880800
vt 0.701984 0.878300
vt 0.699684 0.872000
vt 0.701784 0.874100
vt 0.704084 0.876100
vt 0.703184 0.882900
vt 0.704884 0.880200
vt 0.706584 0.877800
vt 0.705784 0.874400
vt 0.707984 0.875900
vt 0.709384 0.879300
vt 0.707984 0.881900
vt 0.710584 0.877300
vt 0.708684 0.875100
vt 0.711084 0.876500
vt 0.706684 0.873700
vt 0.709184 0.874600
vt 0.711484 0.875900
vt 0.707284 0.873100
vt 0.707684 0.872700
vt 0.709484 0.874100
vt 0.708084 0.872200
vt 0.709684 0.873600
vt 0.707184 0.870200
vt 0.708384 0.871700
vt 0.709884 0.873100
vt 0.711684 0.874800
vt 0.711584 0.875300
vt 0.711684 0.874300
vt 0.710084 0.872700
vt 0.711684 0.873800
vt 0.708584 0.871300
vt 0.707584 0.869900
vt 0.706984 0.868700
vt 0.706584 0.867400
vt 0.713584 0.874700
vt 0.713684 0.875100
vt 0.715784 0.875100
vt 0.715884 0.875400
vt 0.717984 0.874900
vt 0.718084 0.875100
vt 0.718484 0.875600
vt 0.716084 0.876000
vt 0.713784 0.875600
vt 0.716484 0.876700
vt 0.713884 0.876300
vt 0.718984 0.876500
vt 0.720484 0.874500
vt 0.720984 0.875000
vt 0.721484 0.875800
vt 0.721984 0.876700
vt 0.719384 0.877300
vt 0.716684 0.877500
vt 0.722184 0.878100
vt 0.719384 0.878400
vt 0.716484 0.878200
vt 0.713984 0.876900
vt 0.713684 0.877600
vt 0.716084 0.879300
vt 0.713284 0.878500
vt 0.719084 0.879700
vt 0.715384 0.881500
vt 0.712284 0.880500
vt 0.718584 0.882000
vt 0.718084 0.884800
vt 0.714584 0.884200
vt 0.717484 0.887700
vt 0.713784 0.887000
vt 0.716584 0.891000
vt 0.712684 0.890300
vt 0.715484 0.894600
vt 0.711484 0.893700
vt 0.714284 0.898200
vt 0.710084 0.897100
vt 0.712784 0.901700
vt 0.708584 0.900500
vt 0.707384 0.892500
vt 0.705884 0.895800
vt 0.704284 0.899000
vt 0.706984 0.903800
vt 0.702684 0.902200
vt 0.711284 0.905200
vt 0.699884 0.897200
vt 0.701584 0.894100
vt 0.698184 0.900300
vt 0.701084 0.905300
vt 0.696584 0.903300
vt 0.705384 0.907000
vt 0.699384 0.908400
vt 0.694984 0.906400
vt 0.703584 0.910200
vt 0.707884 0.911800
vt 0.709584 0.908500
vt 0.711984 0.913300
vt 0.713784 0.909800
vt 0.715484 0.906300
vt 0.717984 0.911000
vt 0.722284 0.912000
vt 0.716184 0.914700
vt 0.720484 0.916000
vt 0.724884 0.917100
vt 0.726584 0.912900
vt 0.729384 0.918100
vt 0.730884 0.913600
vt 0.735284 0.914200
vt 0.733984 0.918900
vt 0.727684 0.922600
vt 0.723084 0.921300
vt 0.732484 0.923800
vt 0.737484 0.924700
vt 0.738684 0.919600
vt 0.739784 0.914600
vt 0.743484 0.920100
vt 0.742684 0.925400
vt 0.744284 0.915000
vt 0.735984 0.929800
vt 0.730784 0.928600
vt 0.741584 0.930800
vt 0.747484 0.931600
vt 0.748084 0.925900
vt 0.748484 0.920500
vt 0.753484 0.931800
vt 0.753484 0.926100
vt 0.753484 0.920600
vt 0.748884 0.915200
vt 0.753484 0.915300
vt 0.749184 0.910000
vt 0.753484 0.910000
vt 0.757584 0.905000
vt 0.757784 0.910000
vt 0.758084 0.915200
vt 0.761684 0.904900
vt 0.762184 0.909900
vt 0.762684 0.915000
vt 0.765684 0.904800
vt 0.766384 0.909700
vt 0.767284 0.914700
vt 0.763384 0.920100
vt 0.758484 0.920500
vt 0.768284 0.919600
vt 0.771684 0.914200
vt 0.772984 0.919000
vt 0.770584 0.909400
vt 0.774784 0.909000
vt 0.776084 0.913600
vt 0.777584 0.918100
vt 0.780484 0.912900
vt 0.782084 0.917100
vt 0.778984 0.908500
vt 0.774484 0.923800
vt 0.779284 0.922600
vt 0.783984 0.921400
vt 0.784784 0.912000
vt 0.786484 0.916000
vt 0.788384 0.919900
vt 0.785984 0.925500
vt 0.781184 0.927200
vt 0.790484 0.923800
vt 0.792684 0.918400
vt 0.794784 0.922000
vt 0.790784 0.914700
vt 0.796884 0.916700
vt 0.798884 0.920100
vt 0.794984 0.913300
vt 0.788984 0.911000
vt 0.793184 0.909900
vt 0.797384 0.908600
vt 0.799184 0.911800
vt 0.800984 0.915000
vt 0.801684 0.907000
vt 0.803384 0.910100
vt 0.805084 0.913200
vt 0.802984 0.918200
vt 0.806984 0.916300
vt 0.809284 0.911400
vt 0.810984 0.914300
vt 0.807584 0.908400
vt 0.813584 0.909400
vt 0.815084 0.912300
vt 0.811984 0.906400
vt 0.805884 0.905300
vt 0.810384 0.903300
vt 0.814984 0.901100
vt 0.816584 0.904200
vt 0.819884 0.898500
vt 0.823084 0.892100
vt 0.825684 0.885000
vt 0.822484 0.882200
vt 0.819184 0.879700
vt 0.818584 0.873600
vt 0.815784 0.877400
vt 0.815184 0.872000
vt 0.812784 0.875300
vt 0.812084 0.870700
vt 0.809984 0.873500
vt 0.807584 0.876100
vt 0.804884 0.878300
vt 0.805184 0.874100
vt 0.802884 0.876100
vt 0.807284 0.872000
vt 0.802084 0.880200
vt 0.800384 0.877800
vt 0.798984 0.881900
vt 0.797584 0.879300
vt 0.798884 0.875900
vt 0.801184 0.874400
vt 0.796384 0.877300
vt 0.794584 0.880600
vt 0.793684 0.878400
vt 0.795684 0.883200
vt 0.791584 0.881500
vt 0.790784 0.879300
vt 0.793284 0.877500
vt 0.790484 0.878200
vt 0.792984 0.876900
vt 0.790284 0.877400
vt 0.790484 0.876700
vt 0.792984 0.876300
vt 0.795384 0.875400
vt 0.795484 0.875900
vt 0.795884 0.876500
vt 0.797784 0.874600
vt 0.798184 0.875200
vt 0.797484 0.874100
vt 0.795284 0.874800
vt 0.793184 0.875600
vt 0.797284 0.873600
vt 0.795284 0.874200
vt 0.793284 0.875100
vt 0.797084 0.873100
vt 0.790884 0.875900
vt 0.791084 0.875400
vt 0.795284 0.873800
vt 0.793384 0.874700
vt 0.791184 0.875100
vt 0.788784 0.875100
vt 0.788984 0.874900
vt 0.788484 0.875700
vt 0.786384 0.874500
vt 0.786584 0.874100
vt 0.784484 0.872700
vt 0.782484 0.871000
vt 0.782884 0.870500
vt 0.784684 0.872100
vt 0.786784 0.873400
vt 0.785184 0.871200
vt 0.783384 0.869900
vt 0.787084 0.872300
vt 0.781984 0.868400
vt 0.781384 0.868800
vt 0.780884 0.869100
vt 0.780884 0.867200
vt 0.781284 0.866100
vt 0.781984 0.866900
vt 0.782984 0.867700
vt 0.783084 0.866200
vt 0.784184 0.866500
vt 0.782284 0.865900
vt 0.781384 0.865500
vt 0.782284 0.865600
vt 0.781784 0.865000
vt 0.782484 0.865300
vt 0.783384 0.865600
vt 0.784384 0.865500
vt 0.785684 0.865100
vt 0.785684 0.866000
vt 0.785284 0.867400
vt 0.784284 0.868700
vt 0.785884 0.866700
vt 0.787084 0.865700
vt 0.786884 0.866700
vt 0.787184 0.864700
vt 0.788784 0.864400
vt 0.788584 0.865600
vt 0.788384 0.866800
vt 0.786584 0.867900
vt 0.788084 0.868300
vt 0.789784 0.867000
vt 0.789584 0.868700
vt 0.790084 0.865700
vt 0.791184 0.867200
vt 0.790884 0.868900
vt 0.791484 0.865700
vt 0.790284 0.864400
vt 0.791684 0.864400
vt 0.792484 0.867200
vt 0.792784 0.865800
vt 0.792984 0.864400
vt 0.791984 0.862800
vt 0.793284 0.862900
vt 0.790484 0.862900
vt 0.792284 0.860900
vt 0.793784 0.861100
vt 0.794384 0.863200
vt 0.793984 0.864500
vt 0.794084 0.859800
vt 0.792484 0.859600
vt 0.794984 0.864600
vt 0.793784 0.865700
vt 0.794884 0.865700
vt 0.795684 0.864800
vt 0.795684 0.865600
vt 0.796584 0.865600
vt 0.795384 0.866500
vt 0.794584 0.866800
vt 0.796584 0.866300
vt 0.797984 0.865600
vt 0.797984 0.866100
vt 0.796184 0.867100
vt 0.795384 0.867600
vt 0.797584 0.867200
vt 0.797184 0.867900
vt 0.797784 0.866700
vt 0.799284 0.866200
vt 0.799084 0.867000
vt 0.798884 0.867900
vt 0.799984 0.866200
vt 0.799884 0.867200
vt 0.799584 0.868300
vt 0.798384 0.868800
vt 0.799084 0.869400
vt 0.799984 0.868600
vt 0.799384 0.869900
vt 0.800384 0.867300
vt 0.800584 0.866100
vt 0.800584 0.865200
vt 0.799984 0.865300
vt 0.799284 0.865500
vt 0.798584 0.871700
vt 0.798384 0.871300
vt 0.798084 0.870800
vt 0.796984 0.872700
vt 0.796684 0.872200
vt 0.797384 0.870100
vt 0.796084 0.871300
vt 0.795084 0.873300
vt 0.794584 0.872400
vt 0.793184 0.874100
vt 0.792884 0.873100
vt 0.791184 0.874400
vt 0.790984 0.873300
vt 0.788984 0.874200
vt 0.789084 0.873100
vt 0.789284 0.871100
vt 0.790884 0.871300
vt 0.787584 0.870500
vt 0.785884 0.869700
vt 0.792284 0.868900
vt 0.792384 0.871200
vt 0.793484 0.868600
vt 0.793784 0.870700
vt 0.795184 0.869900
vt 0.794484 0.868200
vt 0.793584 0.867000
vt 0.796284 0.869000
vt 0.798884 0.872200
vt 0.799184 0.872700
vt 0.799684 0.873100
vt 0.800284 0.873700
vt 0.803284 0.872700
vt 0.805084 0.870900
vt 0.809184 0.869700
vt 0.810784 0.867300
vt 0.813884 0.867800
vt 0.817184 0.868600
vt 0.795684 0.905200
vt 0.791584 0.906300
vt 0.787284 0.907200
vt 0.783184 0.907900
vt 0.781684 0.903800
vt 0.777684 0.904200
vt 0.773684 0.904500
vt 0.769684 0.904700
vt 0.761284 0.899900
vt 0.812784 0.917200
vt 0.816684 0.915100
vt 0.815084 0.920300
vt 0.818284 0.918500
vt 0.819284 0.924400
vt 0.811884 0.922400
vt 0.808884 0.919400
vt 0.813884 0.930600
vt 0.807984 0.925100
vt 0.805084 0.921400
vt 0.805484 0.935800
vt 0.803684 0.927700
vt 0.801184 0.923400
vt 0.797084 0.925600
vt 0.799984 0.929700
vt 0.792784 0.927800
vt 0.796484 0.932000
vt 0.791684 0.934600
vt 0.788284 0.929800
vt 0.796684 0.942400
vt 0.786984 0.936900
vt 0.783384 0.931900
vt 0.781084 0.939800
vt 0.778184 0.933700
vt 0.787784 0.949200
vt 0.776184 0.928600
vt 0.772684 0.935300
vt 0.770884 0.929800
vt 0.773884 0.942000
vt 0.766584 0.936500
vt 0.765284 0.930800
vt 0.767884 0.941600
vt 0.762584 0.944900
vt 0.773284 0.954000
vt 0.760084 0.937700
vt 0.752784 0.946700
vt 0.753384 0.938100
vt 0.752884 0.961300
vt 0.759384 0.931600
vt 0.764284 0.925400
vt 0.758884 0.925900
vt 0.769484 0.924700
vt 0.746784 0.937700
vt 0.744184 0.944900
vt 0.740284 0.936600
vt 0.738984 0.941600
vt 0.732984 0.942100
vt 0.733484 0.954900
vt 0.734284 0.935300
vt 0.725884 0.939800
vt 0.728784 0.933700
vt 0.719084 0.949200
vt 0.725784 0.927200
vt 0.723584 0.931900
vt 0.719884 0.936900
vt 0.720984 0.925500
vt 0.718684 0.929800
vt 0.715284 0.934600
vt 0.710184 0.942400
vt 0.714184 0.927800
vt 0.710484 0.932000
vt 0.701484 0.935800
vt 0.706884 0.929700
vt 0.709784 0.925700
vt 0.703184 0.927700
vt 0.705684 0.923400
vt 0.712184 0.922000
vt 0.716484 0.923800
vt 0.707984 0.920100
vt 0.698984 0.925100
vt 0.701884 0.921400
vt 0.703984 0.918200
vt 0.710084 0.916800
vt 0.714284 0.918400
vt 0.705984 0.915100
vt 0.699984 0.916300
vt 0.698084 0.919400
vt 0.701884 0.913300
vt 0.695984 0.914300
vt 0.697684 0.911400
vt 0.693384 0.909400
vt 0.691784 0.912300
vt 0.694184 0.917300
vt 0.690184 0.915100
vt 0.691884 0.920300
vt 0.688584 0.918500
vt 0.695084 0.922400
vt 0.687684 0.924400
vt 0.693084 0.930600
vt 0.690584 0.942500
vt 0.684184 0.935100
vt 0.679184 0.927800
vt 0.672484 0.937700
vt 0.668484 0.928700
vt 0.677584 0.946500
vt 0.683484 0.955400
vt 0.697984 0.950200
vt 0.661984 0.948600
vt 0.658384 0.938400
vt 0.666084 0.958800
vt 0.689684 0.964400
vt 0.706384 0.957600
vt 0.670284 0.969200
vt 0.647284 0.960300
vt 0.645184 0.949000
vt 0.649184 0.971700
vt 0.650884 0.983100
vt 0.674084 0.979500
vt 0.695784 0.973400
vt 0.652384 0.994800
vt 0.677384 0.990200
vt 0.700984 0.982900
vt 0.716084 0.965400
vt 0.726684 0.973400
vt 0.806284 0.983200
vt 0.782484 0.973600
vt 0.791084 0.965400
vt 0.811284 0.973400
vt 0.829684 0.990400
vt 0.832884 0.979400
vt 0.800484 0.957700
vt 0.817284 0.964300
vt 0.836684 0.969100
vt 0.854784 0.994900
vt 0.855984 0.983000
vt 0.857784 0.971700
vt 0.840784 0.958900
vt 0.859684 0.960300
vt 0.823484 0.955400
vt 0.844884 0.948500
vt 0.861684 0.949100
vt 0.829284 0.946500
vt 0.808884 0.950000
vt 0.816284 0.942500
vt 0.834484 0.937500
vt 0.848484 0.938400
vt 0.822784 0.935000
vt 0.827784 0.927700
vt 0.838484 0.928700
vt 0.851384 0.928500
vt 0.853284 0.918500
vt 0.863584 0.938100
vt 0.865384 0.927500
vt 0.878384 0.937100
vt 0.878384 0.948100
vt 0.879184 0.926400
vt 0.878984 0.959600
vt 0.891484 0.935800
vt 0.893684 0.945500
vt 0.897384 0.955800
vt 0.879684 0.971400
vt 0.901384 0.967000
vt 0.905284 0.978800
vt 0.880484 0.983200
vt 0.909384 0.991400
vt 0.881584 0.995700
vt 0.625684 0.995600
vt 0.626384 0.983300
vt 0.598084 0.991600
vt 0.601584 0.978800
vt 0.605584 0.967000
vt 0.627184 0.971300
vt 0.609584 0.955800
vt 0.627984 0.959500
vt 0.613284 0.945500
vt 0.628484 0.948100
vt 0.615484 0.935700
vt 0.628484 0.937000
vt 0.643284 0.938100
vt 0.641584 0.927500
vt 0.655584 0.928400
vt 0.627884 0.926300
vt 0.665884 0.918600
vt 0.653684 0.918500
vt 0.640584 0.916000
vt 0.676884 0.920100
vt 0.659884 0.910300
vt 0.670684 0.912400
vt 0.676284 0.913800
vt 0.665484 0.911200
vt 0.658984 0.904600
vt 0.665584 0.906200
vt 0.659484 0.899500
vt 0.666184 0.901600
vt 0.672284 0.903800
vt 0.671584 0.907900
vt 0.676984 0.909600
vt 0.677784 0.906000
vt 0.678884 0.902400
vt 0.673184 0.899700
vt 0.666984 0.897000
vt 0.681884 0.911400
vt 0.682884 0.908100
vt 0.684084 0.904900
vt 0.680284 0.898900
vt 0.685484 0.901700
vt 0.674484 0.895700
vt 0.676284 0.891800
vt 0.681984 0.895400
vt 0.687084 0.898500
vt 0.690384 0.904200
vt 0.688884 0.907200
vt 0.692084 0.901100
vt 0.693684 0.898000
vt 0.695484 0.895000
vt 0.697284 0.892000
vt 0.699284 0.888900
vt 0.703284 0.890900
vt 0.701284 0.885900
vt 0.704984 0.887800
vt 0.706584 0.884600
vt 0.708784 0.889200
vt 0.710084 0.886000
vt 0.711284 0.883200
vt 0.687484 0.910300
vt 0.686284 0.913200
vt 0.684784 0.916600
vt 0.680484 0.915000
vt 0.682984 0.920700
vt 0.668384 0.892400
vt 0.670284 0.887800
vt 0.660284 0.894200
vt 0.626684 0.915600
vt 0.615184 0.925700
vt 0.613584 0.915200
vt 0.606584 0.934200
vt 0.900384 0.934200
vt 0.891884 0.925800
vt 0.718584 0.919900
vt 0.724484 0.875600
vt 0.723784 0.874500
vt 0.723284 0.873800
vt 0.722784 0.873200
vt 0.724884 0.871400
vt 0.720284 0.874100
vt 0.722484 0.872700
vt 0.724484 0.871000
vt 0.724084 0.870500
vt 0.725584 0.868800
vt 0.723484 0.869900
vt 0.697784 0.869700
vt 0.696184 0.867300
vt 0.693084 0.867800
vt 0.689784 0.868500
vt 0.686084 0.869500
vt 0.607984 0.846800
vt 0.608484 0.843800
vt 0.607884 0.843800
vt 0.607484 0.840600
vt 0.608184 0.838000
vt 0.608384 0.834700
vt 0.608884 0.824100
vt 0.776384 0.870500
vt 0.737084 0.860000
vt 0.740384 0.861100
vt 0.737784 0.857000
vt 0.740984 0.858000
vt 0.744084 0.858700
vt 0.730384 0.849900
vt 0.728084 0.847900
vt 0.629884 0.831400
vt 0.627984 0.831400
vt 0.627384 0.828800
vt 0.626584 0.826800
vt 0.618284 0.843800
vt 0.620384 0.845900
vt 0.621984 0.847900
vt 0.617784 0.844900
vt 0.617684 0.846100
vt 0.618584 0.847000
vt 0.619584 0.847900
vt 0.620384 0.848900
vt 0.617484 0.847400
vt 0.616384 0.846200
vt 0.618684 0.848600
vt 0.616384 0.844600
vt 0.594984 0.837900
vt 0.590884 0.836900
vt 0.594184 0.842600
vt 0.807284 0.833600
vt 0.811084 0.829200
vt 0.803984 0.830200
vt 0.807284 0.825700
vt 0.810884 0.820500
vt 0.806684 0.817500
vt 0.803584 0.822600
vt 0.802684 0.815000
vt 0.804784 0.809500
vt 0.799984 0.820100
vt 0.797384 0.824300
vt 0.800584 0.827000
vt 0.794284 0.821800
vt 0.796584 0.817800
vt 0.798784 0.813100
vt 0.793284 0.815900
vt 0.795184 0.811400
vt 0.790384 0.814300
vt 0.791984 0.810200
vt 0.787584 0.812900
vt 0.788984 0.809100
vt 0.785084 0.811600
vt 0.786284 0.808200
vt 0.792984 0.805600
vt 0.789584 0.805000
vt 0.786784 0.804700
vt 0.783784 0.807400
vt 0.784184 0.804500
vt 0.782784 0.810400
vt 0.781684 0.806700
vt 0.781984 0.804300
vt 0.780784 0.809300
vt 0.779584 0.808500
vt 0.780384 0.806200
vt 0.777384 0.809800
vt 0.778584 0.807800
vt 0.779384 0.805800
vt 0.777884 0.807100
vt 0.778584 0.805400
vt 0.776684 0.809000
vt 0.775084 0.810800
vt 0.777284 0.806500
vt 0.773184 0.812500
vt 0.776784 0.806100
vt 0.777684 0.805100
vt 0.777884 0.805200
vt 0.776584 0.806000
vt 0.777484 0.805000
vt 0.777284 0.805000
vt 0.776384 0.806000
vt 0.777584 0.804200
vt 0.777684 0.804100
vt 0.777384 0.804300
vt 0.777184 0.805000
vt 0.777284 0.804300
vt 0.777184 0.804300
vt 0.777084 0.804200
vt 0.776584 0.803500
vt 0.776484 0.803500
vt 0.776384 0.803500
vt 0.995391 0.978545
vt 0.996291 0.978545
vt 0.996191 0.980345
vt 0.995391 0.980445
vt 0.993891 0.980445
vt 0.993791 0.979045
vt 0.995191 0.977145
vt 0.996091 0.976845
vt 0.993491 0.977845
vt 0.994891 0.975745
vt 0.995891 0.975145
vt 0.991491 0.979445
vt 0.994391 0.973945
vt 0.991691 0.980745
vt 0.989591 0.982045
vt 0.995491 0.973145
vt 0.993491 0.972145
vt 0.994991 0.971145
vt 0.993691 0.969145
vt 0.769184 0.801200
vt 0.768884 0.800600
vt 0.770784 0.800900
vt 0.771084 0.801600
vt 0.767184 0.801000
vt 0.766984 0.800300
vt 0.764684 0.800600
vt 0.764684 0.799900
vt 0.768884 0.799700
vt 0.766984 0.799300
vt 0.764684 0.798900
vt 0.767084 0.798700
vt 0.764784 0.798300
vt 0.762284 0.798000
vt 0.762384 0.797200
vt 0.764984 0.797500
vt 0.767284 0.798000
vt 0.769584 0.798000
vt 0.769284 0.798500
vt 0.769084 0.799100
vt 0.771484 0.798800
vt 0.771184 0.799100
vt 0.770884 0.799700
vt 0.772984 0.799900
vt 0.772584 0.800400
vt 0.773284 0.799700
vt 0.771784 0.798000
vt 0.773784 0.799100
vt 0.772284 0.797100
vt 0.774384 0.798300
vt 0.775184 0.797500
vt 0.776084 0.799800
vt 0.776884 0.799100
vt 0.777984 0.798300
vt 0.779184 0.797300
vt 0.779384 0.800200
vt 0.780684 0.799500
vt 0.778284 0.800800
vt 0.781684 0.801900
vt 0.780284 0.802200
vt 0.779184 0.802500
vt 0.778284 0.802900
vt 0.777384 0.801300
vt 0.775484 0.800400
vt 0.776684 0.801800
vt 0.777484 0.803100
vt 0.777884 0.804100
vt 0.778684 0.804100
vt 0.779584 0.804100
vt 0.780584 0.804200
vt 0.783884 0.801400
vt 0.782884 0.798500
vt 0.785484 0.797500
vt 0.786484 0.801000
vt 0.789484 0.800800
vt 0.793084 0.800700
vt 0.796284 0.806500
vt 0.800384 0.807800
vt 0.776884 0.803200
vt 0.776784 0.803200
vt 0.775884 0.802200
vt 0.776184 0.802100
vt 0.774984 0.800800
vt 0.774584 0.800900
vt 0.775584 0.802400
vt 0.774284 0.801300
vt 0.776584 0.803400
vt 0.772484 0.800700
vt 0.774084 0.801500
vt 0.775484 0.802500
vt 0.772384 0.801400
vt 0.773984 0.802100
vt 0.775384 0.802700
vt 0.775284 0.802900
vt 0.774084 0.802400
vt 0.772684 0.802000
vt 0.770784 0.800100
vt 0.797684 0.831000
vt 0.760284 0.865600
vt 0.759984 0.862500
vt 0.759684 0.859100
vt 0.732684 0.826300
vt 0.729784 0.829300
vt 0.730984 0.824500
vt 0.728184 0.826800
vt 0.727584 0.831500
vt 0.725884 0.829000
vt 0.726584 0.824500
vt 0.729184 0.822300
vt 0.724884 0.821900
vt 0.727384 0.819900
vt 0.723084 0.819100
vt 0.725584 0.817300
vt 0.721384 0.816100
vt 0.719784 0.812700
vt 0.718484 0.809000
vt 0.729784 0.817900
vt 0.731884 0.816000
vt 0.731784 0.820100
vt 0.760884 0.788800
vt 0.764384 0.788800
vt 0.760384 0.790800
vt 0.763684 0.790900
vt 0.767884 0.789100
vt 0.763284 0.792200
vt 0.760184 0.792000
vt 0.728884 0.805700
vt 0.728684 0.804100
vt 0.727484 0.804200
vt 0.727784 0.802300
vt 0.729084 0.802600
s 1
usemtl Ch31_body.001
f 1449/988/1447 1453/989/1448 1454/990/1449 1450/991/1450
f 1449/988/1447 1450/991/1450 2377/992/1451 1451/993/1452
f 1451/993/1452 2366/994/1453 1452/995/1454 1449/988/1447
f 1453/989/1448 1449/988/1447 1452/995/1454 1456/996/1455
f 2386/997/1456 1454/990/1449 1453/989/1448 1455/998/1457
f 1456/996/1455 1458/999/1458 1455/998/1457 1453/989/1448
f 1456/996/1455 1457/1000/1459 1460/1001/1460 1458/999/1458
f 1452/995/1454 2364/1002/1461 1457/1000/1459 1456/996/1455
f 1455/998/1457 1458/999/1458 1459/1003/1462 2406/1004/1463
f 1458/999/1458 1460/1001/1460 1462/1005/1464 1459/1003/1462
f 1457/1000/1459 2361/1006/1465 1461/1007/1466 1460/1001/1460
f 1460/1001/1460 1461/1007/1466 1463/1008/1467 1462/1005/1464
f 1462/1005/1464 1463/1008/1467 1465/1009/1468 1464/1010/1469
f 1464/1010/1469 1468/1011/1470 1459/1003/1462 1462/1005/1464
f 1464/1010/1469 1465/1009/1468 6288/1012/1471 1466/1013/1472
f 1467/1014/1473 1464/1010/1469 1466/1013/1472 6312/1015/1474
f 1467/1014/1473 1470/1016/1475 1468/1011/1470 1464/1010/1469
f 2406/1004/1463 1459/1003/1462 1468/1011/1470 1469/1017/1476
f 1470/1016/1475 1472/1018/1477 1469/1017/1476 1468/1011/1470
f 1471/1019/1478 1474/1020/1479 1472/1018/1477 1470/1016/1475
f 6313/1021/1480 1471/1019/1478 1470/1016/1475 1467/1014/1473
f 2404/1022/1481 1469/1017/1476 1472/1018/1477 1473/1023/1482
f 1473/1023/1482 1472/1018/1477 1474/1020/1479 1476/1024/1483
f 1474/1020/1479 1471/1019/1478 6314/1025/1484 1475/1026/1485
f 1476/1024/1483 1474/1020/1479 1475/1026/1485 1478/1027/1486
f 2402/1028/1487 1473/1023/1482 1476/1024/1483 1477/1029/1488
f 1477/1029/1488 1476/1024/1483 1478/1027/1486 1479/1030/1489
f 1479/1030/1489 1478/1027/1486 1480/1031/1490 1481/1032/1491
f 1478/1027/1486 1475/1026/1485 1483/1033/1492 1480/1031/1490
f 1481/1032/1491 1480/1031/1490 1482/1034/1493 2415/1035/1494
f 1480/1031/1490 1483/1033/1492 1485/1036/1495 1482/1034/1493
f 1487/1037/1496 1485/1036/1495 1483/1033/1492 1484/1038/1497
f 1475/1026/1485 6314/1025/1484 1484/1038/1497 1483/1033/1492
f 1482/1034/1493 1485/1036/1495 1486/1039/1498 6339/1040/1499
f 1488/1041/1500 1486/1039/1498 1485/1036/1495 1487/1037/1496
f 1492/1042/1501 1488/1041/1500 1487/1037/1496 1489/1043/1502
f 1489/1043/1502 1487/1037/1496 1484/1038/1497 1491/1044/1503
f 1489/1043/1502 1490/1045/1504 1494/1046/1505 1492/1042/1501
f 1491/1044/1503 6308/1047/1506 1490/1045/1504 1489/1043/1502
f 1488/1041/1500 1492/1042/1501 1493/1048/1507 6341/1049/1508
f 1496/1050/1509 1493/1048/1507 1492/1042/1501 1494/1046/1505
f 1494/1046/1505 1495/1051/1510 1497/1052/1511 1496/1050/1509
f 1490/1045/1504 6303/1053/1512 1495/1051/1510 1494/1046/1505
f 1496/1050/1509 1497/1052/1511 1499/1054/1513 1498/1055/1514
f 1498/1055/1514 1500/1056/1515 1493/1048/1507 1496/1050/1509
f 1498/1055/1514 1499/1054/1513 1504/1057/1516 1501/1058/1517
f 1500/1056/1515 1498/1055/1514 1501/1058/1517 1502/1059/1518
f 1502/1059/1518 1501/1058/1517 1503/1060/1519 6346/1061/1520
f 1501/1058/1517 1504/1057/1516 1506/1062/1521 1503/1060/1519
f 1507/1063/1522 1506/1062/1521 1504/1057/1516 1505/1064/1523
f 1505/1064/1523 1504/1057/1516 1499/1054/1513 6307/1065/1524
f 1506/1062/1521 1507/1063/1522 1509/1066/1525 1508/1067/1526
f 1503/1060/1519 1506/1062/1521 1508/1067/1526 1510/1068/1527
f 1508/1067/1526 1509/1066/1525 1513/1069/1528 1511/1070/1529
f 1510/1068/1527 1508/1067/1526 1511/1070/1529 1512/1071/1530
f 1514/1072/1531 1517/1073/1532 1512/1071/1530 1511/1070/1529
f 1516/1074/1533 1514/1072/1531 1511/1070/1529 1513/1069/1528
f 1517/1073/1532 1514/1072/1531 1515/1075/1534 1519/1076/1535
f 6320/1077/1536 1515/1075/1534 1514/1072/1531 1516/1074/1533
f 1569/1078/1537 1512/1071/1530 1517/1073/1532 1518/1079/1538
f 1518/1079/1538 1517/1073/1532 1519/1076/1535 1520/1080/1539
f 1520/1080/1539 1519/1076/1535 1521/1081/1540 1522/1082/1541
f 1523/1083/1542 1521/1081/1540 1519/1076/1535 1515/1075/1534
f 1522/1082/1541 1521/1081/1540 1524/1084/1543 1525/1085/1544
f 1521/1081/1540 1523/1083/1542 1527/1086/1545 1524/1084/1543
f 1525/1085/1544 1524/1084/1543 1526/1087/1546 1556/1088/1547
f 1529/1089/1548 1526/1087/1546 1524/1084/1543 1527/1086/1545
f 1527/1086/1545 1528/1090/1549 1530/1091/1550 1529/1089/1548
f 1528/1090/1549 1527/1086/1545 1523/1083/1542 6321/1092/1551
f 1529/1089/1548 1530/1091/1550 1532/1093/1552 1531/1094/1553
f 1526/1087/1546 1529/1089/1548 1531/1094/1553 1534/1095/1554
f 1531/1094/1553 1532/1093/1552 2210/1096/1555 1533/1097/1556
f 1533/1097/1556 1536/1098/1557 1534/1095/1554 1531/1094/1553
f 1556/1088/1547 1526/1087/1546 1534/1095/1554 1535/1099/1558
f 1535/1099/1558 1534/1095/1554 1536/1098/1557 1537/1100/1559
f 1537/1100/1559 1536/1098/1557 1538/1101/1560 1541/1102/1561
f 1536/1098/1557 1533/1097/1556 1540/1103/1562 1538/1101/1560
f 1542/1104/1563 1541/1102/1561 1538/1101/1560 1539/1105/1564
f 1540/1103/1562 6322/1106/1565 1539/1105/1564 1538/1101/1560
f 1541/1102/1561 1542/1104/1563 1544/1107/1566 1543/1108/1567
f 1541/1102/1561 1543/1108/1567 1546/1109/1568 1537/1100/1559
f 2010/1110/1569 1545/1111/1570 1543/1108/1567 1544/1107/1566
f 1543/1108/1567 1545/1111/1570 1548/1112/1571 1546/1109/1568
f 1537/1100/1559 1546/1109/1568 1547/1113/1572 1535/1099/1558
f 1546/1109/1568 1548/1112/1571 1550/1114/1573 1547/1113/1572
f 1548/1112/1571 1549/1115/1574 1551/1116/1575 1550/1114/1573
f 1545/1111/1570 2008/1117/1576 1549/1115/1574 1548/1112/1571
f 1550/1114/1573 1551/1116/1575 1553/1118/1577 1552/1119/1578
f 1547/1113/1572 1550/1114/1573 1552/1119/1578 1555/1120/1579
f 1552/1119/1578 1553/1118/1577 2005/1121/1580 1554/1122/1581
f 1555/1120/1579 1552/1119/1578 1554/1122/1581 1557/1123/1582
f 1535/1099/1558 1547/1113/1572 1555/1120/1579 1556/1088/1547
f 1556/1088/1547 1555/1120/1579 1557/1123/1582 1525/1085/1544
f 1525/1085/1544 1557/1123/1582 1558/1124/1583 1522/1082/1541
f 1557/1123/1582 1554/1122/1581 1560/1125/1584 1558/1124/1583
f 1522/1082/1541 1558/1124/1583 1559/1126/1585 1520/1080/1539
f 1558/1124/1583 1560/1125/1584 1562/1127/1586 1559/1126/1585
f 1561/1128/1587 1560/1125/1584 1554/1122/1581 2005/1121/1580
f 1560/1125/1584 1561/1128/1587 1563/1129/1588 1562/1127/1586
f 1564/1130/1589 1562/1127/1586 1563/1129/1588 1565/1131/1590
f 1564/1130/1589 1567/1132/1591 1559/1126/1585 1562/1127/1586
f 1564/1130/1589 1565/1131/1590 1578/1133/1592 1566/1134/1593
f 1566/1134/1593 1568/1135/1594 1567/1132/1591 1564/1130/1589
f 1520/1080/1539 1559/1126/1585 1567/1132/1591 1518/1079/1538
f 1518/1079/1538 1567/1132/1591 1568/1135/1594 1569/1078/1537
f 1569/1078/1537 1568/1135/1594 1570/1136/1595 1571/1137/1596
f 1573/1138/1597 1570/1136/1595 1568/1135/1594 1566/1134/1593
f 1572/1139/1598 6346/1061/1520 1571/1137/1596 1570/1136/1595
f 1570/1136/1595 1573/1138/1597 1574/1140/1599 1572/1139/1598
f 1575/1141/1600 1576/1142/1601 1574/1140/1599 1573/1138/1597
f 1566/1134/1593 1578/1133/1592 1575/1141/1600 1573/1138/1597
f 1577/1143/1602 1593/1144/1603 1576/1142/1601 1575/1141/1600
f 1578/1133/1592 1579/1145/1604 1577/1143/1602 1575/1141/1600
f 1579/1145/1604 1578/1133/1592 1565/1131/1590 1580/1146/1605
f 1581/1147/1606 1579/1145/1604 1580/1146/1605 1583/1148/1607
f 1581/1147/1606 1582/1149/1608 1577/1143/1602 1579/1145/1604
f 1582/1149/1608 1581/1147/1606 1584/1150/1609 1587/1151/1610
f 1581/1147/1606 1583/1148/1607 1585/1152/1611 1584/1150/1609
f 1584/1150/1609 1585/1152/1611 1666/1153/1612 1586/1154/1613
f 1586/1154/1613 1588/1155/1614 1587/1151/1610 1584/1150/1609
f 1589/1156/1615 1587/1151/1610 1588/1155/1614 1590/1157/1616
f 1587/1151/1610 1589/1156/1615 1592/1158/1617 1582/1149/1608
f 1589/1156/1615 1590/1157/1616 1661/1159/1618 1591/1160/1619
f 1592/1158/1617 1589/1156/1615 1591/1160/1619 1594/1161/1620
f 1582/1149/1608 1592/1158/1617 1593/1144/1603 1577/1143/1602
f 1596/1162/1621 1593/1144/1603 1592/1158/1617 1594/1161/1620
f 1594/1161/1620 1591/1160/1619 1607/1163/1622 1595/1164/1623
f 1595/1164/1623 1598/1165/1624 1596/1162/1621 1594/1161/1620
f 1576/1142/1601 1593/1144/1603 1596/1162/1621 1597/1166/1625
f 1598/1165/1624 1599/1167/1626 1597/1166/1625 1596/1162/1621
f 1599/1167/1626 1598/1165/1624 1600/1168/1627 1601/1169/1628
f 1600/1168/1627 1598/1165/1624 1595/1164/1623 1603/1170/1629
f 1601/1169/1628 1600/1168/1627 1602/1171/1630 6339/1040/1499
f 1604/1172/1631 1602/1171/1630 1600/1168/1627 1603/1170/1629
f 1603/1170/1629 1595/1164/1623 1607/1163/1622 1605/1173/1632
f 1605/1173/1632 1608/1174/1633 1604/1172/1631 1603/1170/1629
f 1608/1174/1633 1605/1173/1632 1606/1175/1634 1610/1176/1635
f 1606/1175/1634 1605/1173/1632 1607/1163/1622 1662/1177/1636
f 1604/1172/1631 1608/1174/1633 1609/1178/1637 2414/1179/1638
f 1610/1176/1635 1611/1180/1639 1609/1178/1637 1608/1174/1633
f 1612/1181/1640 1613/1182/1641 1611/1180/1639 1610/1176/1635
f 1606/1175/1634 1615/1183/1642 1612/1181/1640 1610/1176/1635
f 1807/1184/1643 1613/1182/1641 1612/1181/1640 1614/1185/1644
f 1614/1185/1644 1612/1181/1640 1615/1183/1642 1617/1186/1645
f 1615/1183/1642 1606/1175/1634 1662/1177/1636 1616/1187/1646
f 1617/1186/1645 1615/1183/1642 1616/1187/1646 1619/1188/1647
f 1617/1186/1645 1618/1189/1648 1808/1190/1649 1614/1185/1644
f 1619/1188/1647 1621/1191/1650 1618/1189/1648 1617/1186/1645
f 1619/1188/1647 1616/1187/1646 1660/1192/1651 1620/1193/1652
f 1621/1191/1650 1619/1188/1647 1620/1193/1652 1622/1194/1653
f 1621/1195/1650 1622/1196/1653 1626/1197/1654 1623/1198/1655
f 1624/1199/1656 1618/1200/1648 1621/1195/1650 1623/1198/1655
f 1625/1201/1657 1811/1202/1658 1624/1199/1656 1623/1198/1655
f 1623/1198/1655 1626/1197/1654 1627/1203/1659 1625/1201/1657
f 1628/1204/1660 1626/1197/1654 1622/1196/1653 1630/1205/1661
f 1626/1197/1654 1628/1204/1660 1631/1206/1662 1627/1203/1659
f 1628/1204/1660 1629/1207/1663 1632/1208/1664 1631/1206/1662
f 1630/1205/1661 1655/1209/1665 1629/1207/1663 1628/1204/1660
f 1631/1206/1662 1632/1208/1664 1634/1210/1666 1633/1211/1667
f 1627/1203/1659 1631/1206/1662 1633/1211/1667 1636/1212/1668
f 1635/1213/1669 1633/1211/1667 1634/1210/1666 1643/1214/1670
f 1636/1212/1668 1633/1211/1667 1635/1213/1669 1638/1215/1671
f 1625/1201/1657 1627/1203/1659 1636/1212/1668 1637/1216/1672
f 1637/1216/1672 1636/1212/1668 1638/1215/1671 1639/1217/1673
f 1639/1217/1673 1638/1215/1671 1640/1218/1674 1641/1219/1675
f 1638/1215/1671 1635/1213/1669 1643/1214/1670 1640/1218/1674
f 1641/1219/1675 1640/1218/1674 1642/1220/1676 1824/1221/1677
f 1640/1218/1674 1643/1214/1670 1644/1222/1678 1642/1220/1676
f 1646/1223/1679 1644/1222/1678 1643/1214/1670 1634/1210/1666
f 1645/1224/1680 1684/1225/1681 1642/1220/1676 1644/1222/1678
f 1647/1226/1682 1645/1224/1680 1644/1222/1678 1646/1223/1679
f 1648/1227/1683 1649/1228/1684 1647/1226/1682 1646/1223/1679
f 1632/1208/1664 1648/1227/1683 1646/1223/1679 1634/1210/1666
f 1650/1229/1685 1651/1230/1686 1649/1228/1684 1648/1227/1683
f 1629/1207/1663 1650/1229/1685 1648/1227/1683 1632/1208/1664
f 1652/1231/1687 1653/1232/1688 1651/1230/1686 1650/1229/1685
f 1650/1229/1685 1629/1207/1663 1655/1209/1665 1652/1231/1687
f 1654/1233/1689 1665/1234/1690 1653/1235/1688 1652/1236/1687
f 1656/1237/1691 1654/1233/1689 1652/1236/1687 1655/1238/1665
f 1658/1239/1692 1656/1237/1691 1655/1238/1665 1630/1240/1661
f 1654/1233/1689 1656/1237/1691 1657/1241/1693 1663/1242/1694
f 1656/1237/1691 1658/1239/1692 1659/1243/1695 1657/1241/1693
f 1630/1240/1661 1622/1194/1653 1620/1193/1652 1658/1239/1692
f 1659/1243/1695 1658/1239/1692 1620/1193/1652 1660/1192/1651
f 1657/1241/1693 1659/1243/1695 1590/1157/1616 1588/1155/1614
f 1660/1192/1651 1661/1159/1618 1590/1157/1616 1659/1243/1695
f 1616/1187/1646 1662/1177/1636 1661/1159/1618 1660/1192/1651
f 1662/1177/1636 1607/1163/1622 1591/1160/1619 1661/1159/1618
f 1663/1242/1694 1657/1241/1693 1588/1155/1614 1586/1154/1613
f 1586/1154/1613 1666/1153/1612 1664/1244/1696 1663/1242/1694
f 1663/1242/1694 1664/1244/1696 1665/1234/1690 1654/1233/1689
f 1664/1244/1696 1667/1245/1697 1670/1246/1698 1665/1234/1690
f 1666/1153/1612 1669/1247/1699 1667/1245/1697 1664/1244/1696
f 1671/1248/1700 1670/1246/1698 1667/1245/1697 1668/1249/1701
f 1669/1247/1699 1997/1250/1702 1668/1249/1701 1667/1245/1697
f 1670/1246/1698 1671/1248/1700 1673/1251/1703 1672/1252/1704
f 1665/1234/1690 1670/1246/1698 1672/1252/1704 1653/1235/1688
f 1672/1253/1704 1673/1254/1703 1675/1255/1705 1674/1256/1706
f 1653/1232/1688 1672/1253/1704 1674/1256/1706 1651/1230/1686
f 1674/1256/1706 1675/1255/1705 1677/1257/1707 1676/1258/1708
f 1651/1230/1686 1674/1256/1706 1676/1258/1708 1649/1228/1684
f 1676/1258/1708 1677/1257/1707 1679/1259/1709 1678/1260/1710
f 1649/1228/1684 1676/1258/1708 1678/1260/1710 1647/1226/1682
f 1679/1259/1709 1681/1261/1711 1680/1262/1712 1678/1260/1710
f 1678/1260/1710 1680/1262/1712 1645/1224/1680 1647/1226/1682
f 1682/1263/1713 1680/1262/1712 1681/1261/1711 1683/1264/1714
f 1680/1262/1712 1682/1263/1713 1684/1225/1681 1645/1224/1680
f 1683/1264/1714 1688/1265/1715 1685/1266/1716 1682/1263/1713
f 1686/1267/1717 1684/1225/1681 1682/1263/1713 1685/1266/1716
f 1687/1268/1718 1823/1269/1719 1686/1267/1717 1685/1266/1716
f 1690/1270/1720 1687/1268/1718 1685/1266/1716 1688/1265/1715
f 1688/1265/1715 1683/1264/1714 1721/1271/1721 1689/1272/1722
f 1688/1265/1715 1689/1272/1722 1692/1273/1723 1690/1270/1720
f 1687/1268/1718 1690/1270/1720 1691/1274/1724 1826/1275/1725
f 1690/1270/1720 1692/1273/1723 1694/1276/1726 1691/1274/1724
f 1692/1273/1723 1693/1277/1727 1696/1278/1728 1694/1276/1726
f 1689/1272/1722 1722/1279/1729 1693/1277/1727 1692/1273/1723
f 1695/1280/1730 1793/1281/1731 1691/1274/1724 1694/1276/1726
f 1694/1276/1726 1696/1278/1728 1697/1282/1732 1695/1280/1730
f 1696/1278/1728 1698/1283/1733 1699/1284/1734 1697/1282/1732
f 1693/1277/1727 1701/1285/1735 1698/1283/1733 1696/1278/1728
f 1777/1286/1736 1699/1284/1734 1698/1283/1733 1700/1287/1737
f 1701/1285/1735 1703/1288/1738 1700/1287/1737 1698/1283/1733
f 1701/1285/1735 1693/1277/1727 1722/1279/1729 1702/1289/1739
f 1703/1288/1738 1701/1285/1735 1702/1289/1739 1705/1290/1740
f 1772/1291/1741 1700/1287/1737 1703/1288/1738 1704/1292/1742
f 1704/1292/1742 1703/1288/1738 1705/1290/1740 1707/1293/1743
f 1709/1294/1744 1707/1293/1743 1705/1290/1740 1706/1295/1745
f 1702/1289/1739 1719/1296/1746 1706/1295/1745 1705/1290/1740
f 1708/1297/1747 1767/1298/1748 1704/1292/1742 1707/1293/1743
f 1709/1294/1744 1710/1299/1749 1708/1297/1747 1707/1293/1743
f 1711/1300/1750 1712/1301/1751 1710/1299/1749 1709/1294/1744
f 1706/1295/1745 1714/1302/1752 1711/1300/1750 1709/1294/1744
f 1712/1301/1751 1711/1300/1750 1713/1303/1753 1752/1304/1754
f 1713/1303/1753 1711/1300/1750 1714/1302/1752 1715/1305/1755
f 1716/1306/1756 1717/1307/1757 1715/1305/1755 1714/1302/1752
f 1719/1296/1746 1716/1306/1756 1714/1302/1752 1706/1295/1745
f 1717/1307/1757 1716/1306/1756 1718/1308/1758 1725/1309/1759
f 1720/1310/1760 1718/1308/1758 1716/1306/1756 1719/1296/1746
f 1722/1279/1729 1720/1310/1760 1719/1296/1746 1702/1289/1739
f 1721/1271/1721 1723/1311/1761 1718/1308/1758 1720/1310/1760
f 1689/1272/1722 1721/1271/1721 1720/1310/1760 1722/1279/1729
f 1723/1311/1761 1721/1271/1721 1683/1264/1714 1681/1261/1711
f 1725/1309/1759 1718/1308/1758 1723/1311/1761 1724/1312/1762
f 1724/1312/1762 1723/1311/1761 1681/1261/1711 1679/1259/1709
f 1726/1313/1763 1727/1314/1764 1725/1309/1759 1724/1312/1762
f 1677/1257/1707 1726/1313/1763 1724/1312/1762 1679/1259/1709
f 1728/1315/1765 1729/1316/1766 1727/1314/1764 1726/1313/1763
f 1675/1255/1705 1728/1315/1765 1726/1313/1763 1677/1257/1707
f 1730/1317/1767 1731/1318/1768 1729/1316/1766 1728/1315/1765
f 1673/1254/1703 1730/1317/1767 1728/1315/1765 1675/1255/1705
f 1732/1319/1769 1734/1320/1770 1731/1321/1768 1730/1322/1767
f 1671/1248/1700 1732/1319/1769 1730/1322/1767 1673/1251/1703
f 1734/1320/1770 1732/1319/1769 1733/1323/1771 1735/1324/1772
f 1668/1249/1701 1733/1323/1771 1732/1319/1769 1671/1248/1700
f 1735/1324/1772 1737/1325/1773 1736/1326/1774 1734/1320/1770
f 1734/1320/1770 1736/1326/1774 1738/1327/1775 1731/1321/1768
f 1739/1328/1776 1736/1326/1774 1737/1325/1773 1741/1329/1777
f 1736/1326/1774 1739/1328/1776 1742/1330/1778 1738/1327/1775
f 1739/1328/1776 1740/1331/1779 1743/1332/1780 1742/1330/1778
f 1740/1331/1779 1739/1328/1776 1741/1329/1777 1973/1333/1781
f 1742/1334/1778 1743/1335/1780 1747/1336/1782 1744/1337/1783
f 1738/1338/1775 1742/1334/1778 1744/1337/1783 1745/1339/1784
f 1745/1339/1784 1744/1337/1783 1746/1340/1785 6338/1341/1786
f 1744/1337/1783 1747/1336/1782 1749/1342/1787 1746/1340/1785
f 1747/1336/1782 1743/1335/1780 1967/1343/1788 1748/1344/1789
f 1749/1342/1787 1747/1336/1782 1748/1344/1789 1750/1345/1790
f 1749/1342/1787 1750/1345/1790 1752/1304/1754 1713/1303/1753
f 1749/1342/1787 1713/1303/1753 1715/1305/1755 1746/1340/1785
f 1965/1346/1791 1751/1347/1792 1750/1345/1790 1748/1344/1789
f 1750/1345/1790 1751/1347/1792 1753/1348/1793 1752/1304/1754
f 1752/1304/1754 1753/1348/1793 1754/1349/1794 1712/1301/1751
f 1753/1348/1793 1751/1347/1792 1757/1350/1795 1755/1351/1796
f 1753/1348/1793 1755/1351/1796 1758/1352/1797 1754/1349/1794
f 1759/1353/1798 1758/1352/1797 1755/1351/1796 1756/1354/1799
f 1960/1355/1800 1756/1354/1799 1755/1351/1796 1757/1350/1795
f 1758/1352/1797 1759/1353/1798 1762/1356/1801 1760/1357/1802
f 1754/1349/1794 1758/1352/1797 1760/1357/1802 1763/1358/1803
f 1761/1359/1804 1764/1360/1805 1763/1358/1803 1760/1357/1802
f 1956/1361/1806 1761/1359/1804 1760/1357/1802 1762/1356/1801
f 1712/1301/1751 1754/1349/1794 1763/1358/1803 1710/1299/1749
f 1764/1360/1805 1708/1297/1747 1710/1299/1749 1763/1358/1803
f 1767/1298/1748 1708/1297/1747 1764/1360/1805 1765/1362/1807
f 1761/1359/1804 1766/1363/1808 1765/1362/1807 1764/1360/1805
f 1766/1363/1808 1770/1364/1809 1768/1365/1810 1765/1362/1807
f 1765/1362/1807 1768/1365/1810 1771/1366/1811 1767/1298/1748
f 1768/1365/1810 1769/1367/1812 1773/1368/1813 1771/1366/1811
f 1769/1367/1812 1768/1365/1810 1770/1364/1809 1855/1369/1814
f 1767/1298/1748 1771/1366/1811 1772/1291/1741 1704/1292/1742
f 1775/1370/1815 1772/1291/1741 1771/1366/1811 1773/1368/1813
f 1776/1371/1816 1775/1370/1815 1773/1368/1813 1774/1372/1817
f 1774/1372/1817 1773/1368/1813 1769/1367/1812 1853/1373/1818
f 1700/1287/1737 1772/1291/1741 1775/1370/1815 1777/1286/1736
f 1777/1286/1736 1775/1370/1815 1776/1371/1816 1778/1374/1819
f 1699/1284/1734 1777/1286/1736 1778/1374/1819 1779/1375/1820
f 1778/1374/1819 1780/1376/1821 1783/1377/1822 1779/1375/1820
f 1778/1374/1819 1776/1371/1816 1782/1378/1823 1780/1376/1821
f 1780/1376/1821 1781/1379/1824 1784/1380/1825 1783/1377/1822
f 1782/1378/1823 1847/1381/1826 1781/1379/1824 1780/1376/1821
f 1783/1377/1822 1784/1380/1825 1786/1382/1827 1785/1383/1828
f 1779/1375/1820 1783/1377/1822 1785/1383/1828 1787/1384/1829
f 1785/1383/1828 1786/1382/1827 1789/1385/1830 1788/1386/1831
f 1787/1384/1829 1785/1383/1828 1788/1386/1831 1791/1387/1832
f 1788/1386/1831 1789/1385/1830 1834/1388/1833 1790/1389/1834
f 1791/1387/1832 1788/1386/1831 1790/1389/1834 1792/1390/1835
f 1695/1280/1730 1697/1282/1732 1787/1384/1829 1791/1387/1832
f 1793/1281/1731 1695/1280/1730 1791/1387/1832 1792/1390/1835
f 1795/1391/1836 1793/1281/1731 1792/1390/1835 1794/1392/1837
f 1792/1390/1835 1790/1389/1834 1796/1393/1838 1794/1392/1837
f 1794/1392/1837 1797/1394/1839 1799/1395/1840 1795/1391/1836
f 1794/1392/1837 1796/1393/1838 1800/1396/1841 1797/1394/1839
f 1797/1394/1839 1800/1396/1841 1802/1397/1842 1798/1398/1843
f 1797/1394/1839 1798/1398/1843 1815/1399/1844 1799/1395/1840
f 1800/1396/1841 1801/1400/1845 1804/1401/1846 1802/1397/1842
f 1796/1393/1838 1833/1402/1847 1801/1400/1845 1800/1396/1841
f 1803/1403/1848 1813/1404/1849 1798/1398/1843 1802/1397/1842
f 1806/1405/1850 1803/1403/1848 1802/1397/1842 1804/1401/1846
f 1807/1184/1643 1806/1406/1850 1804/1407/1846 1805/1408/1851
f 1801/1409/1845 1828/1410/1852 1805/1408/1851 1804/1407/1846
f 1614/1185/1644 1808/1190/1649 1806/1406/1850 1807/1184/1643
f 1808/1411/1649 1809/1412/1853 1803/1403/1848 1806/1405/1850
f 1809/1412/1853 1808/1411/1649 1618/1200/1648 1624/1199/1656
f 1624/1199/1656 1811/1202/1658 1810/1413/1854 1809/1412/1853
f 1809/1412/1853 1810/1413/1854 1813/1404/1849 1803/1403/1848
f 1810/1413/1854 1811/1202/1658 1821/1414/1855 1812/1415/1856
f 1813/1404/1849 1810/1413/1854 1812/1415/1856 1814/1416/1857
f 1798/1398/1843 1813/1404/1849 1814/1416/1857 1815/1399/1844
f 1815/1399/1844 1814/1416/1857 1816/1417/1858 1817/1418/1859
f 1814/1416/1857 1812/1415/1856 1819/1419/1860 1816/1417/1858
f 1817/1418/1859 1816/1417/1858 1818/1420/1861 1822/1421/1862
f 1820/1422/1863 1818/1420/1861 1816/1417/1858 1819/1419/1860
f 1821/1414/1855 1820/1422/1863 1819/1419/1860 1812/1415/1856
f 1820/1422/1863 1639/1217/1673 1641/1219/1675 1818/1420/1861
f 1639/1217/1673 1820/1422/1863 1821/1414/1855 1637/1216/1672
f 1811/1202/1658 1625/1201/1657 1637/1216/1672 1821/1414/1855
f 1822/1421/1862 1818/1420/1861 1641/1219/1675 1824/1221/1677
f 1824/1221/1677 1686/1267/1717 1823/1269/1719 1822/1421/1862
f 1822/1421/1862 1823/1269/1719 1825/1423/1864 1817/1418/1859
f 1684/1225/1681 1686/1267/1717 1824/1221/1677 1642/1220/1676
f 1823/1269/1719 1687/1268/1718 1826/1275/1725 1825/1423/1864
f 1799/1395/1840 1815/1399/1844 1817/1418/1859 1825/1423/1864
f 1795/1391/1836 1799/1395/1840 1825/1423/1864 1826/1275/1725
f 1793/1281/1731 1795/1391/1836 1826/1275/1725 1691/1274/1724
f 1805/1408/1851 1827/1424/1865 1613/1182/1641 1807/1184/1643
f 1828/1410/1852 1829/1425/1866 1827/1424/1865 1805/1408/1851
f 1830/1426/1867 1831/1427/1868 1829/1425/1866 1828/1410/1852
f 1833/1428/1847 1830/1426/1867 1828/1410/1852 1801/1409/1845
f 1832/1429/1869 1835/1430/1870 1831/1427/1868 1830/1426/1867
f 1834/1431/1833 1832/1429/1869 1830/1426/1867 1833/1428/1847
f 1833/1402/1847 1796/1393/1838 1790/1389/1834 1834/1388/1833
f 1832/1429/1869 1834/1431/1833 1789/1432/1830 1836/1433/1871
f 1836/1433/1871 1837/1434/1872 1835/1430/1870 1832/1429/1869
f 1838/1435/1873 1839/1436/1874 1837/1434/1872 1836/1433/1871
f 1836/1433/1871 1789/1432/1830 1786/1437/1827 1838/1435/1873
f 1839/1436/1874 1838/1435/1873 1840/1438/1875 1841/1439/1876
f 1838/1435/1873 1786/1437/1827 1784/1440/1825 1840/1438/1875
f 1841/1439/1876 1840/1438/1875 1842/1441/1877 1843/1442/1878
f 1840/1438/1875 1784/1440/1825 1781/1443/1824 1842/1441/1877
f 1844/1444/1879 1846/1445/1880 1843/1442/1878 1842/1441/1877
f 1842/1441/1877 1781/1443/1824 1847/1446/1826 1844/1444/1879
f 1847/1446/1826 1848/1447/1881 1845/1448/1882 1844/1444/1879
f 1844/1444/1879 1845/1448/1882 2428/1449/1883 1846/1445/1880
f 1782/1378/1823 1850/1450/1884 1848/1451/1881 1847/1381/1826
f 2429/1452/1885 1845/1448/1882 1848/1447/1881 1849/1453/1886
f 1850/1450/1884 1851/1454/1887 1849/1455/1886 1848/1451/1881
f 1776/1371/1816 1774/1372/1817 1850/1450/1884 1782/1378/1823
f 1774/1372/1817 1853/1373/1818 1851/1454/1887 1850/1450/1884
f 1853/1373/1818 1854/1456/1888 1852/1457/1889 1851/1454/1887
f 1851/1454/1887 1852/1457/1889 1862/1458/1890 1849/1455/1886
f 1853/1373/1818 1769/1367/1812 1855/1369/1814 1854/1456/1888
f 1854/1456/1888 1855/1369/1814 1857/1459/1891 1856/1460/1892
f 1854/1456/1888 1856/1460/1892 1859/1461/1893 1852/1457/1889
f 1856/1460/1892 1857/1459/1891 1917/1462/1894 1858/1463/1895
f 1856/1460/1892 1858/1463/1895 1860/1464/1896 1859/1461/1893
f 1859/1461/1893 1860/1464/1896 1864/1465/1897 1861/1466/1898
f 1852/1457/1889 1859/1461/1893 1861/1466/1898 1862/1458/1890
f 1863/1467/1899 2430/1468/1900 1862/1469/1890 1861/1470/1898
f 1861/1470/1898 1864/1471/1897 1866/1472/1901 1863/1467/1899
f 1865/1473/1902 1864/1465/1897 1860/1464/1896 1913/1474/1903
f 1864/1471/1897 1865/1475/1902 1867/1476/1904 1866/1472/1901
f 1866/1472/1901 1867/1476/1904 1871/1477/1905 1868/1478/1906
f 1863/1467/1899 1866/1472/1901 1868/1478/1906 1869/1479/1907
f 1870/1480/1908 2431/1481/1909 1869/1479/1907 1868/1478/1906
f 1868/1478/1906 1871/1477/1905 1873/1482/1910 1870/1480/1908
f 1867/1476/1904 1893/1483/1911 1872/1484/1912 1871/1477/1905
f 1871/1477/1905 1872/1484/1912 1874/1485/1913 1873/1482/1910
f 1877/1486/1914 1875/1487/1915 1873/1482/1910 1874/1485/1913
f 1875/1487/1915 1876/1488/1916 1870/1480/1908 1873/1482/1910
f 1876/1488/1916 1875/1487/1915 1878/1489/1917 1879/1490/1918
f 1875/1487/1915 1877/1486/1914 1881/1491/1919 1878/1489/1917
f 1880/1492/1920 2436/1493/1921 1879/1490/1918 1878/1489/1917
f 1882/1494/1922 1880/1492/1920 1878/1489/1917 1881/1491/1919
f 1884/1495/1923 1882/1494/1922 1881/1491/1919 1883/1496/1924
f 1877/1486/1914 1886/1497/1925 1883/1496/1924 1881/1491/1919
f 6148/1498/1926 1884/1495/1923 1883/1496/1924 1885/1499/1927
f 1886/1497/1925 1887/1500/1928 1885/1499/1927 1883/1496/1924
f 1889/1501/1929 1887/1500/1928 1886/1497/1925 1888/1502/1930
f 1886/1497/1925 1877/1486/1914 1874/1485/1913 1888/1502/1930
f 1889/1501/1929 1888/1502/1930 1890/1503/1931 1891/1504/1932
f 1888/1502/1930 1874/1485/1913 1872/1484/1912 1890/1503/1931
f 1892/1505/1933 1895/1506/1934 1891/1504/1932 1890/1503/1931
f 1893/1483/1911 1892/1505/1933 1890/1503/1931 1872/1484/1912
f 1914/1507/1935 1894/1508/1936 1892/1505/1933 1893/1483/1911
f 1894/1508/1936 1897/1509/1937 1895/1506/1934 1892/1505/1933
f 1896/1510/1938 1895/1506/1934 1897/1509/1937 1899/1511/1939
f 1895/1506/1934 1896/1510/1938 6165/1512/1940 1891/1504/1932
f 1897/1513/1937 1894/1514/1936 1911/1515/1941 1898/1516/1942
f 1899/1517/1939 1897/1513/1937 1898/1516/1942 1901/1518/1943
f 1900/1519/1944 1899/1517/1939 1901/1518/1943 1902/1520/1945
f 1899/1511/1939 1900/1521/1944 6164/1522/1946 1896/1510/1938
f 1903/1523/1947 1905/1524/1948 1902/1520/1945 1901/1518/1943
f 1906/1525/1949 1903/1523/1947 1901/1518/1943 1898/1516/1942
f 1904/1526/1950 1903/1523/1947 1906/1525/1949 1907/1527/1951
f 1903/1523/1947 1904/1526/1950 6182/1528/1952 1905/1524/1948
f 1908/1529/1953 1909/1530/1954 1907/1527/1951 1906/1525/1949
f 1908/1529/1953 1906/1525/1949 1898/1516/1942 1911/1515/1941
f 1909/1530/1954 1908/1529/1953 1910/1531/1955 1919/1532/1956
f 1910/1531/1955 1908/1529/1953 1911/1515/1941 1912/1533/1957
f 1912/1533/1957 1911/1515/1941 1894/1514/1936 1914/1534/1935
f 1915/1535/1958 1910/1531/1955 1912/1533/1957 1913/1474/1903
f 1913/1474/1903 1912/1533/1957 1914/1534/1935 1865/1473/1902
f 1865/1475/1902 1914/1507/1935 1893/1483/1911 1867/1476/1904
f 1858/1463/1895 1915/1535/1958 1913/1474/1903 1860/1464/1896
f 1919/1532/1956 1910/1531/1955 1915/1535/1958 1916/1536/1959
f 1858/1463/1895 1917/1462/1894 1916/1536/1959 1915/1535/1958
f 1918/1537/1960 1916/1536/1959 1917/1462/1894 1954/1538/1961
f 1916/1536/1959 1918/1537/1960 1920/1539/1962 1919/1532/1956
f 1922/1540/1963 1909/1530/1954 1919/1532/1956 1920/1539/1962
f 1918/1537/1960 1952/1541/1964 1921/1542/1965 1920/1539/1962
f 1920/1539/1962 1921/1542/1965 1924/1543/1966 1922/1540/1963
f 1909/1530/1954 1922/1540/1963 1923/1544/1967 1907/1527/1951
f 1922/1540/1963 1924/1543/1966 1925/1545/1968 1923/1544/1967
f 1926/1546/1969 1924/1543/1966 1921/1542/1965 1928/1547/1970
f 1924/1543/1966 1926/1546/1969 1929/1548/1971 1925/1545/1968
f 1929/1548/1971 1926/1546/1969 1927/1549/1972 1931/1550/1973
f 1950/1551/1974 1927/1549/1972 1926/1546/1969 1928/1547/1970
f 6183/1552/1975 1925/1545/1968 1929/1548/1971 1930/1553/1976
f 1930/1553/1976 1929/1548/1971 1931/1550/1973 1932/1554/1977
f 1933/1555/1978 1934/1556/1979 1932/1554/1977 1931/1550/1973
f 1936/1557/1980 1933/1555/1978 1931/1550/1973 1927/1549/1972
f 1935/1558/1981 6178/1559/1982 1934/1556/1979 1933/1555/1978
f 1938/1560/1983 1935/1558/1981 1933/1555/1978 1936/1557/1980
f 1927/1549/1972 1950/1551/1974 1937/1561/1984 1936/1557/1980
f 1936/1557/1980 1937/1561/1984 1940/1562/1985 1938/1560/1983
f 1938/1560/1983 1939/1563/1986 6179/1564/1987 1935/1558/1981
f 1939/1563/1986 1938/1560/1983 1940/1562/1985 1941/1565/1988
f 1942/1566/1989 1943/1567/1990 1941/1565/1988 1940/1562/1985
f 1942/1566/1989 1940/1562/1985 1937/1561/1984 1945/1568/1991
f 1943/1567/1990 1942/1566/1989 1944/1569/1992 1958/1570/1993
f 1945/1568/1991 1946/1571/1994 1944/1569/1992 1942/1566/1989
f 1947/1572/1995 1948/1573/1996 1946/1571/1994 1945/1568/1991
f 1945/1568/1991 1937/1561/1984 1950/1551/1974 1947/1572/1995
f 1949/1574/1997 1951/1575/1998 1948/1573/1996 1947/1572/1995
f 1928/1547/1970 1949/1574/1997 1947/1572/1995 1950/1551/1974
f 1952/1541/1964 1949/1574/1997 1928/1547/1970 1921/1542/1965
f 1953/1576/1999 1951/1575/1998 1949/1574/1997 1952/1541/1964
f 1954/1538/1961 1953/1576/1999 1952/1541/1964 1918/1537/1960
f 1957/1577/2000 1955/1578/2001 1953/1576/1999 1954/1538/1961
f 1955/1578/2001 1956/1361/1806 1951/1575/1998 1953/1576/1999
f 1766/1363/1808 1761/1359/1804 1956/1361/1806 1955/1578/2001
f 1955/1578/2001 1957/1577/2000 1770/1364/1809 1766/1363/1808
f 1855/1369/1814 1770/1364/1809 1957/1577/2000 1857/1459/1891
f 1954/1538/1961 1917/1462/1894 1857/1459/1891 1957/1577/2000
f 1762/1356/1801 1948/1573/1996 1951/1575/1998 1956/1361/1806
f 1759/1353/1798 1946/1571/1994 1948/1573/1996 1762/1356/1801
f 1756/1354/1799 1944/1569/1992 1946/1571/1994 1759/1353/1798
f 1756/1354/1799 1960/1355/1800 1958/1570/1993 1944/1569/1992
f 6190/1579/2002 1943/1567/1990 1958/1570/1993 1959/1580/2003
f 1960/1355/1800 1961/1581/2004 1959/1580/2003 1958/1570/1993
f 1961/1581/2004 1960/1355/1800 1757/1350/1795 1963/1582/2005
f 1961/1581/2004 1962/1583/2006 6193/1584/2007 1959/1580/2003
f 1962/1583/2006 1961/1581/2004 1963/1582/2005 1964/1585/2008
f 1965/1346/1791 1966/1586/2009 1964/1585/2008 1963/1582/2005
f 1751/1347/1792 1965/1346/1791 1963/1582/2005 1757/1350/1795
f 1748/1344/1789 1967/1343/1788 1966/1586/2009 1965/1346/1791
f 1967/1587/1788 1971/1588/2010 1968/1589/2011 1966/1590/2009
f 1966/1590/2009 1968/1589/2011 1970/1591/2012 1964/1592/2008
f 1969/1593/2013 1968/1589/2011 1971/1588/2010 1972/1594/2014
f 1968/1589/2011 1969/1593/2013 6199/1595/2015 1970/1591/2012
f 1972/1594/2014 1971/1588/2010 1740/1331/1779 1973/1333/1781
f 1743/1332/1780 1740/1331/1779 1971/1588/2010 1967/1587/1788
f 1972/1594/2014 1973/1333/1781 1975/1596/2016 1974/1597/2017
f 1976/1598/2018 1969/1593/2013 1972/1594/2014 1974/1597/2017
f 1974/1597/2017 1975/1596/2016 1980/1599/2019 1977/1600/2020
f 1976/1598/2018 1974/1597/2017 1977/1600/2020 1978/1601/2021
f 1979/1602/2022 2015/1603/2023 1978/1601/2021 1977/1600/2020
f 1981/1604/2024 1979/1602/2022 1977/1600/2020 1980/1599/2019
f 1981/1604/2024 1980/1599/2019 1982/1605/2025 1985/1606/2026
f 1980/1599/2019 1975/1596/2016 1984/1607/2027 1982/1605/2025
f 1983/1608/2028 1987/1609/2029 1985/1606/2026 1982/1605/2025
f 1995/1610/2030 1983/1608/2028 1982/1605/2025 1984/1607/2027
f 2006/1611/2031 1981/1604/2024 1985/1606/2026 1986/1612/2032
f 1986/1612/2032 1985/1606/2026 1987/1609/2029 1988/1613/2033
f 1989/1614/2034 1990/1615/2035 1988/1613/2033 1987/1609/2029
f 1992/1616/2036 1989/1614/2034 1987/1609/2029 1983/1608/2028
f 1990/1615/2035 1989/1614/2034 1991/1617/2037 2004/1618/2038
f 1993/1619/2039 1991/1617/2037 1989/1614/2034 1992/1616/2036
f 1996/1620/2040 1993/1619/2039 1992/1616/2036 1994/1621/2041
f 1983/1608/2028 1995/1610/2030 1994/1621/2041 1992/1616/2036
f 1735/1324/1772 1733/1323/1771 1996/1620/2040 1994/1621/2041
f 1737/1325/1773 1735/1324/1772 1994/1621/2041 1995/1610/2030
f 1993/1619/2039 1996/1620/2040 1997/1250/1702 1998/1622/2042
f 1997/1250/1702 1996/1620/2040 1733/1323/1771 1668/1249/1701
f 2000/1623/2043 1998/1622/2042 1997/1250/1702 1669/1247/1699
f 1991/1617/2037 1993/1619/2039 1998/1622/2042 1999/1624/2044
f 1998/1622/2042 2000/1623/2043 2001/1625/2045 1999/1624/2044
f 2000/1623/2043 1585/1152/1611 1583/1148/1607 2001/1625/2045
f 1585/1152/1611 2000/1623/2043 1669/1247/1699 1666/1153/1612
f 2001/1625/2045 2002/1626/2046 2003/1627/2047 1999/1624/2044
f 1580/1146/1605 2002/1626/2046 2001/1625/2045 1583/1148/1607
f 1561/1128/1587 2003/1627/2047 2002/1626/2046 1563/1129/1588
f 1563/1129/1588 2002/1626/2046 1580/1146/1605 1565/1131/1590
f 2003/1627/2047 1561/1128/1587 2005/1121/1580 2004/1618/2038
f 2004/1618/2038 1991/1617/2037 1999/1624/2044 2003/1627/2047
f 1553/1118/1577 1990/1615/2035 2004/1618/2038 2005/1121/1580
f 1741/1329/1777 1737/1325/1773 1995/1610/2030 1984/1607/2027
f 1551/1116/1575 1988/1613/2033 1990/1615/2035 1553/1118/1577
f 1549/1115/1574 1986/1612/2032 1988/1613/2033 1551/1116/1575
f 2008/1117/1576 2006/1611/2031 1986/1612/2032 1549/1115/1574
f 2007/1628/2048 1979/1602/2022 1981/1604/2024 2006/1611/2031
f 2007/1628/2048 2006/1611/2031 2008/1117/1576 2009/1629/2049
f 1545/1111/1570 2010/1110/1569 2009/1629/2049 2008/1117/1576
f 2010/1110/1569 2013/1630/2050 2011/1631/2051 2009/1629/2049
f 2014/1632/2052 2007/1628/2048 2009/1629/2049 2011/1631/2051
f 2016/1633/2053 2014/1632/2052 2011/1631/2051 2012/1634/2054
f 2013/1630/2050 6333/1635/2055 2012/1634/2054 2011/1631/2051
f 2015/1603/2023 1979/1602/2022 2007/1628/2048 2014/1632/2052
f 2014/1632/2052 2016/1633/2053 2017/1636/2056 2015/1603/2023
f 2019/1637/2057 2017/1636/2056 2016/1633/2053 2018/1638/2058
f 2018/1638/2058 2016/1633/2053 2012/1634/2054 2021/1639/2059
f 2020/1640/2060 6204/1641/2061 2019/1637/2057 2018/1638/2058
f 2020/1640/2060 2018/1638/2058 2021/1639/2059 2023/1642/2062
f 2022/1643/2063 2025/1644/2064 2023/1642/2062 2021/1639/2059
f 6333/1635/2055 2022/1643/2063 2021/1639/2059 2012/1634/2054
f 2025/1644/2064 2026/1645/2065 2024/1646/2066 2023/1642/2062
f 2023/1642/2062 2024/1646/2066 6217/1647/2067 2020/1640/2060
f 2026/1645/2065 2025/1644/2064 2027/1648/2068 2030/1649/2069
f 2025/1644/2064 2022/1643/2063 2029/1650/2070 2027/1648/2068
f 2028/1651/2071 2032/1652/2072 2030/1649/2069 2027/1648/2068
f 6328/1653/2073 2028/1651/2071 2027/1648/2068 2029/1650/2070
f 2030/1649/2069 2031/1654/2074 6219/1655/2075 2026/1645/2065
f 2032/1652/2072 2034/1656/2076 2031/1654/2074 2030/1649/2069
f 2032/1652/2072 2028/1651/2071 6329/1657/2077 2033/1658/2078
f 2034/1656/2076 2032/1652/2072 2033/1658/2078 2036/1659/2079
f 2034/1656/2076 2035/1660/2080 6222/1661/2081 2031/1654/2074
f 2035/1660/2080 2034/1656/2076 2036/1659/2079 2037/1662/2082
f 2038/1663/2083 2041/1664/2084 2037/1662/2082 2036/1659/2079
f 2040/1665/2085 2038/1663/2083 2036/1659/2079 2033/1658/2078
f 2039/1666/2086 2043/1667/2087 2041/1664/2084 2038/1663/2083
f 6334/1668/2088 2039/1666/2086 2038/1663/2083 2040/1665/2085
f 2042/1669/2089 2041/1664/2084 2043/1667/2087 2044/1670/2090
f 2041/1664/2084 2042/1669/2089 6254/1671/2091 2037/1662/2082
f 2044/1670/2090 2043/1667/2087 2045/1672/2092 2048/1673/2093
f 2043/1667/2087 2039/1666/2086 2046/1674/2094 2045/1672/2092
f 2045/1672/2092 2046/1674/2094 6336/1675/2095 2047/1676/2096
f 2047/1676/2096 2050/1677/2097 2048/1673/2093 2045/1672/2092
f 6247/1678/2098 2044/1670/2090 2048/1673/2093 2049/1679/2099
f 2049/1679/2099 2048/1673/2093 2050/1677/2097 2051/1680/2100
f 2051/1680/2100 2050/1677/2097 2052/1681/2101 2055/1682/2102
f 2050/1677/2097 2047/1676/2096 2054/1683/2103 2052/1681/2101
f 2053/1684/2104 2057/1685/2105 2055/1682/2102 2052/1681/2101
f 2170/1686/2106 2053/1684/2104 2052/1681/2101 2054/1683/2103
f 6250/1687/2107 2051/1680/2100 2055/1682/2102 2056/1688/2108
f 2057/1685/2105 2058/1689/2109 2056/1688/2108 2055/1682/2102
f 2059/1690/2110 2060/1691/2111 2058/1689/2109 2057/1685/2105
f 2061/1692/2112 2059/1690/2110 2057/1685/2105 2053/1684/2104
f 2060/1691/2111 2059/1690/2110 2062/1693/2113 2065/1694/2114
f 2059/1690/2110 2061/1692/2112 2063/1695/2115 2062/1693/2113
f 2163/1696/2116 2064/1697/2117 2062/1693/2113 2063/1695/2115
f 2065/1694/2114 2062/1693/2113 2064/1697/2117 2067/1698/2118
f 6114/1699/2119 2060/1691/2111 2065/1694/2114 2066/1700/2120
f 2066/1700/2120 2065/1694/2114 2067/1698/2118 2068/1701/2121
f 2068/1701/2121 2067/1698/2118 2069/1702/2122 2072/1703/2123
f 2067/1698/2118 2064/1697/2117 2071/1704/2124 2069/1702/2122
f 2070/1705/2125 2074/1706/2126 2072/1703/2123 2069/1702/2122
f 2083/1707/2127 2070/1705/2125 2069/1702/2122 2071/1704/2124
f 6111/1708/2128 2068/1701/2121 2072/1703/2123 2073/1709/2129
f 2074/1706/2126 2075/1710/2130 2073/1709/2129 2072/1703/2123
f 2075/1710/2130 2074/1706/2126 2076/1711/2131 2077/1712/2132
f 2074/1706/2126 2070/1705/2125 2079/1713/2133 2076/1711/2131
f 2078/1714/2134 3100/1715/2135 2077/1712/2132 2076/1711/2131
f 2080/1716/2136 2078/1714/2134 2076/1711/2131 2079/1713/2133
f 2082/1717/2137 2080/1716/2136 2079/1713/2133 2081/1718/2138
f 2070/1705/2125 2083/1707/2127 2081/1718/2138 2079/1713/2133
f 2088/1719/2139 2082/1717/2137 2081/1718/2138 2084/1720/2140
f 2083/1707/2127 2086/1721/2141 2084/1720/2140 2081/1718/2138
f 2084/1720/2140 2085/1722/2142 2087/1723/2143
f 2085/1722/2142 2084/1720/2140 2086/1721/2141 2123/1724/2144
f 2087/1723/2143 2090/1725/2145 2088/1719/2139 2084/1720/2140
f 2082/1717/2137 2088/1719/2139 2089/1726/2146 3109/1727/2147
f 2092/1728/2148 2089/1726/2146 2088/1719/2139 2090/1725/2145
f 2090/1725/2145 2087/1723/2143 2114/1729/2149 2091/1730/2150
f 2093/1731/2151 2092/1728/2148 2090/1725/2145 2091/1730/2150
f 2094/1732/2152 2092/1728/2148 2093/1731/2151 2097/1733/2153
f 2092/1728/2148 2094/1732/2152 2096/1734/2154 2089/1726/2146
f 2095/1735/2155 2094/1732/2152 2097/1733/2153 2098/1736/2156
f 2094/1732/2152 2095/1735/2155 3117/1737/2157 2096/1734/2154
f 2099/1738/2158 2100/1739/2159 2098/1736/2156 2097/1733/2153
f 2103/1740/2160 2099/1738/2158 2097/1733/2153 2093/1731/2151
f 2100/1739/2159 2099/1738/2158 2101/1741/2161 4192/1742/2162
f 3936/1743/2163 2101/1741/2161 2099/1738/2158 2102/1744/2164
f 2102/1744/2164 2099/1738/2158 2103/1740/2160 2105/1745/2165
f 2106/1746/2166 2107/1747/2167 2104/1748/2168 2103/1740/2160
f 2103/1740/2160 2104/1748/2168 3937/1749/2169 2105/1745/2165
f 2106/1746/2166 2103/1740/2160 2093/1731/2151
f 2109/1750/2170 2107/1747/2167 2106/1746/2166 2108/1751/2171
f 2091/1730/2150 2108/1751/2171 2106/1746/2166 2093/1731/2151
f 2110/1752/2172 3990/1753/2173 2109/1750/2170 2108/1751/2171
f 2110/1752/2172 2108/1751/2171 2111/1754/2174 2112/1755/2175
f 2108/1751/2171 2091/1730/2150 2114/1729/2149 2111/1754/2174
f 2113/1756/2176 3999/1757/2177 2112/1755/2175 2111/1754/2174
f 2113/1756/2176 2111/1754/2174 2114/1729/2149 2115/1758/2178
f 2087/1723/2143 2085/1722/2142 2115/1758/2178 2114/1729/2149
f 2117/1759/2179 2113/1756/2176 2115/1758/2178 2116/1760/2180
f 2116/1760/2180 2115/1758/2178 2085/1722/2142 2119/1761/2181
f 4002/1762/2182 2117/1759/2179 2116/1760/2180 2118/1763/2183
f 2116/1760/2180 2119/1761/2181 2120/1764/2184 2118/1763/2183
f 2120/1764/2184 2119/1761/2181 2121/1765/2185 2122/1766/2186
f 2123/1724/2144 2121/1765/2185 2119/1761/2181 2085/1722/2142
f 2121/1765/2185 2123/1724/2144 2125/1767/2187 2122/1766/2186
f 2167/1768/2188 2124/1769/2189 2123/1724/2144 2086/1721/2141
f 2124/1769/2189 2126/1770/2190 2125/1767/2187 2123/1724/2144
f 2125/1767/2187 2126/1770/2190 2127/1771/2191
f 2129/1772/2192 2122/1766/2186 2125/1767/2187 2127/1771/2191
f 2126/1770/2190 2138/1773/2193 2128/1774/2194 2127/1771/2191
f 2131/1775/2195 2129/1772/2192 2127/1771/2191 2128/1774/2194
f 2120/1764/2184 2122/1766/2186 2129/1772/2192 2130/1776/2196
f 2132/1777/2197 2130/1776/2196 2129/1772/2192 2131/1775/2195
f 2134/1778/2198 2132/1777/2197 2131/1775/2195 2133/1779/2199
f 2128/1774/2194 2136/1780/2200 2133/1779/2199 2131/1775/2195
f 3736/1781/2201 2134/1778/2198 2133/1779/2199 2135/1782/2202
f 2136/1780/2200 2137/1783/2203 2135/1782/2202 2133/1779/2199
f 2128/1774/2194 2138/1773/2193 2136/1780/2200
f 2138/1773/2193 2139/1784/2204 2137/1783/2203 2136/1780/2200
f 2142/1785/2205 2139/1784/2204 2138/1773/2193 2140/1786/2206
f 2126/1770/2190 2143/1787/2207 2140/1786/2206 2138/1773/2193
f 2141/1788/2208 2140/1786/2206 2143/1787/2207 2145/1789/2209
f 2140/1786/2206 2141/1788/2208 4378/1790/2210 2142/1785/2205
f 2143/1787/2207 2126/1770/2190 2124/1769/2189 2144/1791/2211
f 2144/1791/2211 2147/1792/2212 2145/1789/2209 2143/1787/2207
f 4209/1793/2213 2141/1788/2208 2145/1789/2209 2146/1794/2214
f 2146/1794/2214 2145/1789/2209 2147/1792/2212 2149/1795/2215
f 2147/1792/2212 2144/1791/2211 2168/1796/2216 2148/1797/2217
f 2149/1795/2215 2147/1792/2212 2148/1797/2217 2151/1798/2218
f 2149/1795/2215 2150/1799/2219 4208/1800/2220 2146/1794/2214
f 2150/1799/2219 2149/1795/2215 2151/1798/2218 2152/1801/2221
f 2152/1801/2221 2151/1798/2218 2153/1802/2222 2154/1803/2223
f 2151/1798/2218 2148/1797/2217 2156/1804/2224 2153/1802/2222
f 2155/1805/2225 4231/1806/2226 2154/1803/2223 2153/1802/2222
f 2158/1807/2227 2155/1805/2225 2153/1802/2222 2156/1804/2224
f 2160/1808/2228 2158/1807/2227 2156/1804/2224 2157/1809/2229
f 2148/1797/2217 2168/1796/2216 2157/1809/2229 2156/1804/2224
f 4237/1810/2230 2155/1805/2225 2158/1807/2227 2159/1811/2231
f 2161/1812/2232 2159/1811/2231 2158/1807/2227 2160/1808/2228
f 2164/1813/2233 2161/1812/2232 2160/1808/2228 2162/1814/2234
f 2162/1814/2234 2160/1808/2228 2157/1809/2229 2165/1815/2235
f 2163/1696/2116 2162/1814/2234 2165/1815/2235 2166/1816/2236
f 2162/1814/2234 2163/1696/2116 2063/1695/2115 2164/1813/2233
f 2167/1768/2188 2086/1721/2141 2166/1816/2236 2165/1815/2235
f 2168/1796/2216 2167/1768/2188 2165/1815/2235 2157/1809/2229
f 2167/1768/2188 2168/1796/2216 2144/1791/2211 2124/1769/2189
f 2064/1697/2117 2163/1696/2116 2166/1816/2236 2071/1704/2124
f 2086/1721/2141 2083/1707/2127 2071/1704/2124 2166/1816/2236
f 2061/1692/2112 2169/1817/2237 2164/1813/2233 2063/1695/2115
f 2169/1817/2237 2171/1818/2238 2161/1812/2232 2164/1813/2233
f 2169/1817/2237 2061/1692/2112 2053/1684/2104 2170/1686/2106
f 2170/1686/2106 2172/1819/2239 2171/1818/2238 2169/1817/2237
f 2172/1819/2239 2175/1820/2240 2173/1821/2241 2171/1818/2238
f 2171/1818/2238 2173/1821/2241 2159/1811/2231 2161/1812/2232
f 2174/1822/2242 2173/1821/2241 2175/1820/2240 2177/1823/2243
f 2173/1821/2241 2174/1822/2242 4237/1810/2230 2159/1811/2231
f 2175/1820/2240 2172/1819/2239 6337/1824/2244 2176/1825/2245
f 2177/1823/2243 2175/1820/2240 2176/1825/2245 2179/1826/2246
f 4236/1827/2247 2174/1822/2242 2177/1823/2243 2178/1828/2248
f 2178/1828/2248 2177/1823/2243 2179/1826/2246 2180/1829/2249
f 2181/1830/2250 2184/1831/2251 2180/1829/2249 2179/1826/2246
f 2183/1832/2252 2181/1830/2250 2179/1826/2246 2176/1825/2245
f 2184/1831/2251 2181/1830/2250 2182/1833/2253 2186/1834/2254
f 6335/1835/2255 2182/1833/2253 2181/1830/2250 2183/1832/2252
f 4242/1836/2256 2180/1829/2249 2184/1831/2251 2185/1837/2257
f 2185/1837/2257 2184/1831/2251 2186/1834/2254 2187/1838/2258
f 2188/1839/2259 2191/1840/2260 2187/1838/2258 2186/1834/2254
f 2189/1841/2261 2188/1839/2259 2186/1834/2254 2182/1833/2253
f 2188/1839/2259 2189/1841/2261 6330/1842/2262 2190/1843/2263
f 2190/1843/2263 2192/1844/2264 2191/1840/2260 2188/1839/2259
f 2192/1844/2264 2195/1845/2265 2193/1846/2266 2191/1840/2260
f 2191/1840/2260 2193/1846/2266 2196/1847/2267 2187/1838/2258
f 2193/1846/2266 2194/1848/2268 2197/1849/2269 2196/1847/2267
f 2195/1845/2265 6322/1106/1565 2194/1848/2268 2193/1846/2266
f 2200/1850/2270 2198/1851/2271 2196/1847/2267 2197/1849/2269
f 2198/1851/2271 2185/1837/2257 2187/1838/2258 2196/1847/2267
f 2199/1852/2272 4242/1836/2256 2185/1837/2257 2198/1851/2271
f 2201/1853/2273 2199/1852/2272 2198/1851/2271 2200/1850/2270
f 2203/1854/2274 2201/1853/2273 2200/1850/2270 2202/1855/2275
f 2202/1855/2275 2200/1850/2270 2197/1849/2269 2204/1856/2276
f 2205/1857/2277 2206/1858/2278 2203/1854/2274 2202/1855/2275
f 2208/1859/2279 2205/1857/2277 2202/1855/2275 2204/1856/2276
f 2207/1860/2280 4252/1861/2281 2206/1858/2278 2205/1857/2277
f 2209/1862/2282 2207/1860/2280 2205/1857/2277 2208/1859/2279
f 1532/1093/1552 2209/1862/2282 2208/1859/2279 2210/1096/1555
f 2210/1096/1555 2208/1859/2279 2204/1856/2276 2211/1863/2283
f 1533/1097/1556 2210/1096/1555 2211/1863/2283 1540/1103/1562
f 6322/1106/1565 1540/1103/1562 2211/1863/2283 2194/1848/2268
f 2194/1848/2268 2211/1863/2283 2204/1856/2276 2197/1849/2269
f 1530/1091/1550 2212/1864/2284 2209/1862/2282 1532/1093/1552
f 2212/1864/2284 2214/1865/2285 2207/1860/2280 2209/1862/2282
f 2213/1866/2286 2216/1867/2287 2214/1865/2285 2212/1864/2284
f 1528/1090/1549 2213/1866/2286 2212/1864/2284 1530/1091/1550
f 2214/1865/2285 2215/1868/2288 4252/1861/2281 2207/1860/2280
f 2216/1867/2287 2217/1869/2289 2215/1868/2288 2214/1865/2285
f 2217/1869/2289 2216/1867/2287 2218/1870/2290 2221/1871/2291
f 2219/1872/2292 2218/1870/2290 2216/1867/2287 2213/1866/2286
f 2218/1870/2290 2219/1872/2292 6319/1873/2293 2220/1874/2294
f 2221/1871/2291 2218/1870/2290 2220/1874/2294 2223/1875/2295
f 4254/1876/2296 2217/1869/2289 2221/1871/2291 2222/1877/2297
f 2222/1877/2297 2221/1871/2291 2223/1875/2295 2224/1878/2298
f 2224/1878/2298 2223/1875/2295 2225/1879/2299 2226/1880/2300
f 2223/1875/2295 2220/1874/2294 2228/1881/2301 2225/1879/2299
f 2226/1880/2300 2225/1879/2299 2227/1882/2302 3580/1883/2303
f 2225/1879/2299 2228/1881/2301 2230/1884/2304 2227/1882/2302
f 2229/1885/2305 2228/1881/2301 2220/1874/2294 6319/1873/2293
f 2228/1881/2301 2229/1885/2305 2231/1886/2306 2230/1884/2304
f 2233/1887/2307 2232/1888/2308 2230/1884/2304 2231/1886/2306
f 2227/1882/2302 2230/1884/2304 2232/1888/2308 2235/1889/2309
f 2232/1888/2308 2233/1887/2307 6318/1890/2310 2234/1891/2311
f 2235/1889/2309 2232/1888/2308 2234/1891/2311 2237/1892/2312
f 3580/1883/2303 2227/1882/2302 2235/1889/2309 2236/1893/2313
f 2236/1893/2313 2235/1889/2309 2237/1892/2312 2238/1894/2314
f 2238/1894/2314 2237/1892/2312 2239/1895/2315 2240/1896/2316
f 2237/1892/2312 2234/1891/2311 2242/1897/2317 2239/1895/2315
f 2240/1896/2316 2239/1895/2315 2241/1898/2318 4382/1899/2319
f 2239/1895/2315 2242/1897/2317 2244/1900/2320 2241/1898/2318
f 2243/1901/2321 2242/1897/2317 2234/1891/2311 6318/1890/2310
f 2242/1897/2317 2243/1901/2321 2245/1902/2322 2244/1900/2320
f 2244/1900/2320 2245/1902/2322 2247/1903/2323 2246/1904/2324
f 2241/1898/2318 2244/1900/2320 2246/1904/2324 2249/1905/2325
f 2246/1904/2324 2247/1903/2323 6305/1906/2326 2248/1907/2327
f 2249/1905/2325 2246/1904/2324 2248/1907/2327 2251/1908/2328
f 4382/1899/2319 2241/1898/2318 2249/1905/2325 2250/1909/2329
f 2251/1908/2328 2252/1910/2330 2250/1909/2329 2249/1905/2325
f 2252/1910/2330 2251/1908/2328 2253/1911/2331 2254/1912/2332
f 2251/1908/2328 2248/1907/2327 2256/1913/2333 2253/1911/2331
f 2254/1912/2332 2253/1911/2331 2255/1914/2334 4383/1915/2335
f 2253/1911/2331 2256/1913/2333 2258/1916/2336 2255/1914/2334
f 2257/1917/2337 2256/1913/2333 2248/1907/2327 6305/1906/2326
f 2256/1913/2333 2257/1917/2337 2259/1918/2338 2258/1916/2336
f 2261/1919/2339 2260/1920/2340 2258/1916/2336 2259/1918/2338
f 2255/1914/2334 2258/1916/2336 2260/1920/2340 2263/1921/2341
f 2260/1920/2340 2261/1919/2339 6298/1922/2342 2262/1923/2343
f 2263/1921/2341 2260/1920/2340 2262/1923/2343 2265/1924/2344
f 4383/1915/2335 2255/1914/2334 2263/1921/2341 2264/1925/2345
f 2264/1925/2345 2263/1921/2341 2265/1924/2344 2267/1926/2346
f 2266/1927/2347 2269/1928/2348 2267/1926/2346 2265/1924/2344
f 6315/1929/2349 2266/1927/2347 2265/1924/2344 2262/1923/2343
f 2269/1928/2348 2270/1930/2350 2268/1931/2351 2267/1926/2346
f 2267/1926/2346 2268/1931/2351 4384/1932/2352 2264/1925/2345
f 2271/1933/2353 2272/1934/2354 2270/1930/2350 2269/1928/2348
f 2269/1928/2348 2266/1927/2347 2273/1935/2355 2271/1933/2353
f 2276/1936/2356 2272/1934/2354 2271/1933/2353 2274/1937/2357
f 2274/1937/2357 2271/1933/2353 2273/1935/2355 2277/1938/2358
f 2274/1937/2357 2277/1938/2358 2279/1939/2359 2275/1940/2360
f 2274/1937/2357 2275/1940/2360 6069/1941/2361 2276/1936/2356
f 2277/1938/2358 2278/1942/2362 2281/1943/2363 2279/1939/2359
f 2278/1942/2362 2277/1938/2358 2273/1935/2355 6316/1944/2364
f 2275/1940/2360 2279/1939/2359 2280/1945/2365 6068/1946/2366
f 2279/1939/2359 2281/1943/2363 2283/1947/2367 2280/1945/2365
f 2284/1948/2368 2283/1947/2367 2281/1943/2363 2282/1949/2369
f 2282/1949/2369 2281/1943/2363 2278/1942/2362 6317/1950/2370
f 2283/1947/2367 2284/1948/2368 2286/1951/2371 2285/1952/2372
f 2280/1945/2365 2283/1947/2367 2285/1952/2372 2288/1953/2373
f 2312/1954/2374 2287/1955/2375 2285/1952/2372 2286/1951/2371
f 2288/1953/2373 2285/1952/2372 2287/1955/2375 2290/1956/2376
f 6068/1946/2366 2280/1945/2365 2288/1953/2373 2289/1957/2377
f 2289/1957/2377 2288/1953/2373 2290/1956/2376 2291/1958/2378
f 2290/1956/2376 2292/1959/2379 2295/1960/2380 2291/1958/2378
f 2292/1959/2379 2290/1956/2376 2287/1955/2375 2294/1961/2381
f 2292/1959/2379 2293/1962/2382 2297/1963/2383 2295/1960/2380
f 2294/1961/2381 2307/1964/2384 2293/1962/2382 2292/1959/2379
f 2296/1965/2385 6065/1966/2386 2291/1958/2378 2295/1960/2380
f 2298/1967/2387 2296/1965/2385 2295/1960/2380 2297/1963/2383
f 2301/1968/2388 2298/1967/2387 2297/1963/2383 2299/1969/2389
f 2293/1962/2382 2302/1970/2390 2299/1969/2389 2297/1963/2383
f 2302/1970/2390 2303/1971/2391 2300/1972/2392 2299/1969/2389
f 2299/1969/2389 2300/1972/2392 6064/1973/2393 2301/1968/2388
f 2304/1974/2394 2305/1975/2395 2303/1971/2391 2302/1970/2390
f 2302/1970/2390 2293/1962/2382 2307/1964/2384 2304/1974/2394
f 2306/1976/2396 2588/1977/2397 2305/1975/2395 2304/1974/2394
f 2308/1978/2398 2306/1976/2396 2304/1974/2394 2307/1964/2384
f 2310/1979/2399 2308/1978/2398 2307/1964/2384 2294/1961/2381
f 2306/1976/2396 2308/1978/2398 2309/1980/2400 2591/1981/2401
f 2311/1982/2402 2309/1980/2400 2308/1978/2398 2310/1979/2399
f 2312/1954/2374 2313/1983/2403 2311/1982/2402 2310/1979/2399
f 2310/1979/2399 2294/1961/2381 2287/1955/2375 2312/1954/2374
f 2313/1983/2403 2312/1954/2374 2286/1951/2371 2315/1984/2404
f 2313/1983/2403 2314/1985/2405 2597/1986/2406 2311/1982/2402
f 2315/1984/2404 2316/1987/2407 2314/1985/2405 2313/1983/2403
f 2317/1988/2408 2318/1989/2409 2316/1987/2407 2315/1984/2404
f 2284/1948/2368 2317/1988/2408 2315/1984/2404 2286/1951/2371
f 2319/1990/2410 2321/1991/2411 2318/1989/2409 2317/1988/2408
f 2317/1988/2408 2284/1948/2368 2282/1949/2369 2319/1990/2410
f 2319/1990/2410 2282/1949/2369 6317/1950/2370 2320/1992/2412
f 2322/1993/2413 2319/1990/2410 2320/1992/2412 2324/1994/2414
f 2321/1991/2411 2319/1990/2410 2322/1993/2413 2323/1995/2415
f 2323/1995/2415 2322/1993/2413 2325/1996/2416 2328/1997/2417
f 2325/1996/2416 2322/1993/2413 2324/1994/2414 2327/1998/2418
f 2325/1996/2416 2326/1999/2419 2330/2000/2420 2328/1997/2417
f 2327/1998/2418 6288/1012/1471 2326/1999/2419 2325/1996/2416
f 2609/2001/2421 2323/1995/2415 2328/1997/2417 2329/2002/2422
f 2330/2000/2420 2332/2003/2423 2329/2002/2422 2328/1997/2417
f 2330/2000/2420 2331/2004/2424 2334/2005/2425 2332/2003/2423
f 2331/2004/2424 2330/2000/2420 2326/1999/2419 2356/2006/2426
f 2333/2007/2427 2610/2008/2428 2329/2002/2422 2332/2003/2423
f 2335/2009/2429 2333/2007/2427 2332/2003/2423 2334/2005/2425
f 2337/2010/2430 2335/2009/2429 2334/2005/2425 2336/2011/2431
f 2331/2004/2424 2338/2012/2432 2336/2011/2431 2334/2005/2425
f 2340/2013/2433 2337/2010/2430 2336/2011/2431 2339/2014/2434
f 2338/2012/2432 2342/2015/2435 2339/2014/2434 2336/2011/2431
f 2341/2016/2436 2642/2017/2437 2340/2013/2433 2339/2014/2434
f 2344/2018/2438 2341/2016/2436 2339/2014/2434 2342/2015/2435
f 2343/2019/2439 2346/2020/2440 2344/2018/2438 2342/2015/2435
f 2355/2021/2441 2343/2019/2439 2342/2015/2435 2338/2012/2432
f 2345/2022/2442 2650/2023/2443 2341/2016/2436 2344/2018/2438
f 2347/2024/2444 2345/2022/2442 2344/2018/2438 2346/2020/2440
f 2350/2025/2445 2347/2024/2444 2346/2020/2440 2348/2026/2446
f 2351/2027/2447 2348/2026/2446 2346/2020/2440 2343/2019/2439
f 2349/2028/2448 2348/2026/2446 2351/2027/2447 2352/2029/2449
f 2348/2026/2446 2349/2028/2448 2657/2030/2450 2350/2025/2445
f 2353/2031/2451 2354/2032/2452 2352/2029/2449 2351/2027/2447
f 2353/2031/2451 2351/2027/2447 2343/2019/2439 2355/2021/2441
f 1461/1007/1466 2354/2032/2452 2353/2031/2451 1463/1008/1467
f 1463/1008/1467 2353/2031/2451 2355/2021/2441 1465/1009/1468
f 2338/2012/2432 2331/2004/2424 2356/2006/2426 2355/2021/2441
f 2356/2006/2426 1465/1009/1468 2355/2021/2441
f 6288/1012/1471 1465/1009/1468 2356/2006/2426 2326/1999/2419
f 2354/2032/2452 2357/2033/2453 2698/2034/2454 2352/2029/2449
f 2357/2033/2453 2354/2032/2452 2358/2035/2455 2359/2036/2456
f 2361/1006/1465 2358/2035/2455 2354/2032/2452 1461/1007/1466
f 2359/2036/2456 2358/2035/2455 2360/2037/2457 2708/2038/2458
f 2362/2039/2459 2360/2037/2457 2358/2035/2455 2361/1006/1465
f 2364/1002/1461 2362/2039/2459 2361/1006/1465 1457/1000/1459
f 2711/2040/2460 2360/2037/2457 2362/2039/2459 2363/2041/2461
f 2364/1002/1461 2365/2042/2462 2363/2041/2461 2362/2039/2459
f 2366/994/1453 2365/2042/2462 2364/1002/1461 1452/995/1454
f 2365/2042/2462 2367/2043/2463 2369/2044/2464 2363/2041/2461
f 2367/2043/2463 2365/2042/2462 2366/994/1453 2370/2045/2465
f 2368/2046/2466 2367/2043/2463 2370/2045/2465 2371/2047/2467
f 2367/2043/2463 2368/2046/2466 2717/2048/2468 2369/2044/2464
f 2372/2049/2469 2373/2050/2470 2371/2047/2467 2370/2045/2465
f 2372/2049/2469 2370/2045/2465 2366/994/1453 1451/993/1452
f 2373/2050/2470 2372/2049/2469 2374/2051/2471 2375/2052/2472
f 1451/993/1452 2377/992/1451 2374/2051/2471 2372/2049/2469
f 2438/2053/2473 2375/2052/2472 2374/2051/2471 2376/2054/2474
f 2376/2054/2474 2374/2051/2471 2377/992/1451 2378/2055/2475
f 2377/992/1451 1450/991/1450 2380/2056/2476 2378/2055/2475
f 2422/2057/2477 2376/2054/2474 2378/2055/2475 2379/2058/2478
f 2380/2056/2476 2381/2059/2479 2379/2058/2478 2378/2055/2475
f 2380/2056/2476 2382/2060/2480 2383/2061/2481 2381/2059/2479
f 2380/2056/2476 1450/991/1450 1454/990/1449 2382/2060/2480
f 2387/2062/2482 2383/2061/2481 2382/2060/2480 2384/2063/2483
f 1454/990/1449 2386/997/1456 2384/2063/2483 2382/2060/2480
f 2384/2063/2483 2385/2064/2484 2388/2065/2485 2387/2062/2482
f 2386/997/1456 2405/2066/2486 2385/2064/2484 2384/2063/2483
f 2392/2067/2487 2389/2068/2488 2387/2062/2482 2388/2065/2485
f 2383/2061/2481 2387/2062/2482 2389/2068/2488 2390/2069/2489
f 2389/2068/2488 2391/2070/2490 2416/2071/2491 2390/2069/2489
f 2392/2067/2487 2393/2072/2492 2391/2070/2490 2389/2068/2488
f 2393/2072/2492 2392/2067/2487 2394/2073/2493 2395/2074/2494
f 2396/2075/2495 2394/2073/2493 2392/2067/2487 2388/2065/2485
f 2397/2076/2496 2398/2077/2497 2395/2074/2494 2394/2073/2493
f 2400/2078/2498 2397/2076/2496 2394/2073/2493 2396/2075/2495
f 2398/2077/2497 2397/2076/2496 2399/2079/2499 2413/2080/2500
f 2397/2076/2496 2400/2078/2498 2401/2081/2501 2399/2079/2499
f 1477/1029/1488 2401/2081/2501 2400/2078/2498 2402/1028/1487
f 2402/1028/1487 2400/2078/2498 2396/2075/2495 2403/2082/2502
f 2403/2082/2502 2404/1022/1481 1473/1023/1482 2402/1028/1487
f 2385/2064/2484 2405/2066/2486 2404/1022/1481 2403/2082/2502
f 2403/2082/2502 2396/2075/2495 2388/2065/2485 2385/2064/2484
f 2405/2066/2486 2406/1004/1463 1469/1017/1476 2404/1022/1481
f 1455/998/1457 2406/1004/1463 2405/2066/2486 2386/997/1456
f 1479/1030/1489 2407/2083/2503 2401/2081/2501 1477/1029/1488
f 2407/2083/2503 2409/2084/2504 2399/2079/2499 2401/2081/2501
f 2409/2084/2504 2407/2083/2503 2408/2085/2505 2411/2086/2506
f 1481/1032/1491 2408/2085/2505 2407/2083/2503 1479/1030/1489
f 2409/2084/2504 2410/2087/2507 2413/2080/2500 2399/2079/2499
f 2410/2087/2507 2409/2084/2504 2411/2086/2506 2412/2088/2508
f 2411/2086/2506 2408/2085/2505 2414/1179/1638 1609/1178/1637
f 1611/1180/1639 2412/2088/2508 2411/2086/2506 1609/1178/1637
f 2412/2088/2508 1827/1424/1865 1829/1425/1866 2410/2087/2507
f 1611/1180/1639 1613/1182/1641 1827/1424/1865 2412/2088/2508
f 1831/1427/1868 2413/2080/2500 2410/2087/2507 1829/1425/1866
f 2413/2080/2500 1831/1427/1868 1835/1430/1870 2398/2077/2497
f 2415/1035/1494 2414/1179/1638 2408/2085/2505 1481/1032/1491
f 1602/1171/1630 1604/1172/1631 2414/1179/1638 2415/1035/1494
f 2415/1035/1494 1482/1034/1493 6339/1040/1499 1602/1171/1630
f 1837/1434/1872 2395/2074/2494 2398/2077/2497 1835/1430/1870
f 2395/2074/2494 1837/1434/1872 1839/1436/1874 2393/2072/2492
f 1841/1439/1876 2391/2070/2490 2393/2072/2492 1839/1436/1874
f 1843/1442/1878 2416/2071/2491 2391/2070/2490 1841/1439/1876
f 2390/2069/2489 2416/2071/2491 2417/2089/2509 2419/2090/2510
f 1846/1445/1880 2417/2089/2509 2416/2071/2491 1843/1442/1878
f 2420/2091/2511 2419/2090/2510 2417/2089/2509 2418/2092/2512
f 1846/1445/1880 2428/1449/1883 2418/2092/2512 2417/2089/2509
f 2419/2090/2510 2420/2091/2511 2379/2058/2478 2381/2059/2479
f 2383/2061/2481 2390/2069/2489 2419/2090/2510 2381/2059/2479
f 2421/2093/2513 2422/2057/2477 2379/2058/2478 2420/2091/2511
f 2421/2093/2513 2420/2091/2511 2418/2092/2512 2424/2094/2514
f 2422/2057/2477 2421/2093/2513 2423/2095/2515 2434/2096/2516
f 2424/2094/2514 2425/2097/2517 2423/2095/2515 2421/2093/2513
f 2426/2098/2518 2427/2099/2519 2425/2097/2517 2424/2094/2514
f 2428/1449/1883 2426/2098/2518 2424/2094/2514 2418/2092/2512
f 2427/2099/2519 2426/2098/2518 2429/1452/1885 2430/1468/1900
f 2426/2098/2518 2428/1449/1883 1845/1448/1882 2429/1452/1885
f 2430/1468/1900 2429/1452/1885 1849/1453/1886 1862/1469/1890
f 1869/1479/1907 2427/2099/2519 2430/1468/1900 1863/1467/1899
f 2427/2099/2519 1869/1479/1907 2431/1481/1909 2425/2097/2517
f 2432/2100/2520 2423/2095/2515 2425/2097/2517 2431/1481/1909
f 1876/1488/1916 2432/2100/2520 2431/1481/1909 1870/1480/1908
f 2423/2095/2515 2432/2100/2520 2433/2101/2521 2434/2096/2516
f 2432/2100/2520 1876/1488/1916 1879/1490/1918 2433/2101/2521
f 2435/2102/2522 2438/2053/2473 2434/2096/2516 2433/2101/2521
f 2436/1493/1921 2435/2102/2522 2433/2101/2521 1879/1490/1918
f 2435/2102/2522 2436/1493/1921 2439/2103/2523 2437/2104/2524
f 2438/2053/2473 2435/2102/2522 2437/2104/2524 2375/2052/2472
f 2376/2054/2474 2422/2057/2477 2434/2096/2516 2438/2053/2473
f 2442/2105/2525 2440/2106/2526 2437/2104/2524 2439/2103/2523
f 2440/2106/2526 2373/2050/2470 2375/2052/2472 2437/2104/2524
f 2373/2050/2470 2440/2106/2526 2441/2107/2527 2371/2047/2467
f 2440/2106/2526 2442/2105/2525 2444/2108/2528 2441/2107/2527
f 2443/2109/2529 2442/2105/2525 2439/2103/2523 6151/2110/2530
f 2442/2105/2525 2443/2109/2529 2446/2111/2531 2444/2108/2528
f 2445/2112/2532 2720/2113/2533 2441/2107/2527 2444/2108/2528
f 2447/2114/2534 2445/2112/2532 2444/2108/2528 2446/2111/2531
f 2451/2115/2535 2447/2114/2534 2446/2111/2531 2448/2116/2536
f 2443/2109/2529 2449/2117/2537 2448/2116/2536 2446/2111/2531
f 2449/2117/2537 6146/2118/2538 2450/2119/2539 2448/2116/2536
f 2453/2120/2540 2451/2115/2535 2448/2116/2536 2450/2119/2539
f 2447/2114/2534 2451/2115/2535 2452/2121/2541 2740/2122/2542
f 2451/2115/2535 2453/2120/2540 2455/2123/2543 2452/2121/2541
f 2454/2124/2544 2453/2120/2540 2450/2119/2539 6140/2125/2545
f 2453/2120/2540 2454/2124/2544 2456/2126/2546 2455/2123/2543
f 2459/2127/2547 2457/2128/2548 2455/2123/2543 2456/2126/2546
f 2457/2128/2548 2458/2129/2549 2452/2121/2541 2455/2123/2543
f 2458/2129/2549 2457/2128/2548 2460/2130/2550 2462/2131/2551
f 2457/2128/2548 2459/2127/2547 2461/2132/2552 2460/2130/2550
f 2460/2130/2550 2461/2132/2552 2464/2133/2553 2463/2134/2554
f 2462/2131/2551 2460/2130/2550 2463/2134/2554 2466/2135/2555
f 2463/2134/2554 2464/2133/2553 6126/2136/2556 2465/2137/2557
f 2465/2137/2557 2468/2138/2558 2466/2135/2555 2463/2134/2554
f 2741/2139/2559 2462/2131/2551 2466/2135/2555 2467/2140/2560
f 2467/2140/2560 2466/2135/2555 2468/2138/2558 2469/2141/2561
f 2469/2141/2561 2468/2138/2558 2470/2142/2562 2473/2143/2563
f 2468/2138/2558 2465/2137/2557 2472/2144/2564 2470/2142/2562
f 2471/2145/2565 2475/2146/2566 2473/2143/2563 2470/2142/2562
f 6277/2147/2567 2471/2145/2565 2470/2142/2562 2472/2144/2564
f 2475/2146/2566 2477/2148/2568 2474/2149/2569 2473/2143/2563
f 2473/2143/2563 2474/2149/2569 2747/2150/2570 2469/2141/2561
f 2475/2146/2566 2471/2145/2565 6280/2151/2571 2476/2152/2572
f 2477/2148/2568 2475/2146/2566 2476/2152/2572 2479/2153/2573
f 2477/2148/2568 2478/2154/2574 2746/2155/2575 2474/2149/2569
f 2478/2154/2574 2477/2148/2568 2479/2153/2573 2480/2156/2576
f 2480/2156/2576 2479/2153/2573 2481/2157/2577 2484/2158/2578
f 2479/2153/2573 2476/2152/2572 2483/2159/2579 2481/2157/2577
f 2482/2160/2580 2486/2161/2581 2484/2158/2578 2481/2157/2577
f 2482/2160/2580 2481/2157/2577 2483/2159/2579 3081/2162/2582
f 2752/2163/2583 2480/2156/2576 2484/2158/2578 2485/2164/2584
f 2486/2161/2581 2488/2165/2585 2485/2164/2584 2484/2158/2578
f 2486/2161/2581 2482/2160/2580 3076/2166/2586 2487/2167/2587
f 2487/2167/2587 2490/2168/2588 2488/2165/2585 2486/2161/2581
f 2488/2165/2585 2489/2169/2589 2754/2170/2590 2485/2164/2584
f 2488/2165/2585 2490/2168/2588 2492/2171/2591 2489/2169/2589
f 2493/2172/2592 2492/2171/2591 2490/2168/2588 2491/2173/2593
f 2491/2173/2593 2490/2168/2588 2487/2167/2587 3072/2174/2594
f 2492/2171/2591 2493/2172/2592 2496/2175/2595 2494/2176/2596
f 2489/2169/2589 2492/2171/2591 2494/2176/2596 2497/2177/2597
f 2497/2177/2597 2494/2176/2596 2495/2178/2598 2499/2179/2599
f 3060/2180/2600 2495/2178/2598 2494/2176/2596 2496/2175/2595
f 2489/2169/2589 2497/2177/2597 2498/2181/2601 2754/2170/2590
f 2497/2177/2597 2499/2179/2599 2500/2182/2602 2498/2181/2601
f 2500/2182/2602 2499/2179/2599 2501/2183/2603 2502/2184/2604
f 2499/2179/2599 2495/2178/2598 2504/2185/2605 2501/2183/2603
f 2503/2186/2606 2523/2187/2607 2502/2184/2604 2501/2183/2603
f 2506/2188/2608 2503/2186/2606 2501/2183/2603 2504/2185/2605
f 2495/2178/2598 3060/2180/2600 2505/2189/2609 2504/2185/2605
f 2504/2185/2605 2505/2189/2609 2507/2190/2610 2506/2188/2608
f 2506/2188/2608 2507/2190/2610 2509/2191/2611 2508/2192/2612
f 2503/2186/2606 2506/2188/2608 2508/2192/2612 2511/2193/2613
f 3042/2194/2614 2510/2195/2615 2508/2192/2612 2509/2191/2611
f 2510/2195/2615 2513/2196/2616 2511/2193/2613 2508/2192/2612
f 2523/2187/2607 2503/2186/2606 2511/2193/2613 2512/2197/2617
f 2513/2196/2616 2515/2198/2618 2512/2197/2617 2511/2193/2613
f 2513/2196/2616 2510/2195/2615 6283/2199/2619 2514/2200/2620
f 2515/2198/2618 2513/2196/2616 2514/2200/2620 2516/2201/2621
f 2515/2198/2618 2517/2202/2622 2520/2203/2623 2512/2197/2617
f 2517/2202/2622 2515/2198/2618 2516/2201/2621 2519/2204/2624
f 2517/2202/2622 2518/2205/2625 2521/2206/2626 2520/2203/2623
f 2518/2205/2625 2517/2202/2622 2519/2204/2624 2569/2207/2627
f 2522/2208/2628 2523/2187/2607 2512/2197/2617 2520/2203/2623
f 2525/2209/2629 2522/2208/2628 2520/2203/2623 2521/2206/2626
f 2524/2210/2630 2502/2184/2604 2523/2187/2607 2522/2208/2628
f 2526/2211/2631 2524/2210/2630 2522/2208/2628 2525/2209/2629
f 2525/2209/2629 2527/2212/2632 2530/2213/2633 2526/2211/2631
f 2527/2212/2632 2525/2209/2629 2521/2206/2626 2529/2214/2634
f 2527/2212/2632 2528/2215/2635 2532/2216/2636 2530/2213/2633
f 2528/2215/2635 2527/2212/2632 2529/2214/2634 2561/2217/2637
f 2758/2218/2638 2526/2211/2631 2530/2213/2633 2531/2219/2639
f 2532/2216/2636 2534/2220/2640 2531/2219/2639 2530/2213/2633
f 2532/2216/2636 2528/2215/2635 2558/2221/2641 2533/2222/2642
f 2534/2220/2640 2532/2216/2636 2533/2222/2642 2536/2223/2643
f 2534/2220/2640 2535/2224/2644 2759/2225/2645 2531/2219/2639
f 2536/2223/2643 2537/2226/2646 2535/2224/2644 2534/2220/2640
f 2538/2227/2647 2541/2228/2648 2537/2226/2646 2536/2223/2643
f 2539/2229/2649 2538/2227/2647 2536/2223/2643 2533/2222/2642
f 2538/2227/2647 2539/2229/2649 2553/2230/2650 2540/2231/2651
f 2541/2228/2648 2538/2227/2647 2540/2231/2651 2543/2232/2652
f 2541/2228/2648 2542/2233/2653 2761/2234/2654 2537/2226/2646
f 2542/2233/2653 2541/2228/2648 2543/2232/2652 2544/2235/2655
f 2545/2236/2656 2546/2237/2657 2544/2235/2655 2543/2232/2652
f 2548/2238/2658 2545/2236/2656 2543/2232/2652 2540/2231/2651
f 2546/2237/2657 2545/2236/2656 2547/2239/2659 2762/2240/2660
f 2545/2236/2656 2548/2238/2658 2549/2241/2661 2547/2239/2659
f 2551/2242/2662 2549/2241/2661 2548/2238/2658 2550/2243/2663
f 2550/2243/2663 2548/2238/2658 2540/2231/2651 2553/2230/2650
f 2773/2244/2664 2551/2242/2662 2550/2243/2663 2552/2245/2665
f 2552/2245/2665 2550/2243/2663 2553/2230/2650 2554/2246/2666
f 2539/2229/2649 2556/2247/2667 2554/2246/2666 2553/2230/2650
f 2930/2248/2668 2552/2245/2665 2554/2246/2666 2555/2249/2669
f 2556/2247/2667 2557/2250/2670 2555/2249/2669 2554/2246/2666
f 2556/2247/2667 2558/2221/2641 2559/2251/2671 2557/2250/2670
f 2556/2247/2667 2539/2229/2649 2533/2222/2642 2558/2221/2641
f 2558/2221/2641 2528/2215/2635 2561/2217/2637 2559/2251/2671
f 2560/2252/2672 2922/2253/2673 2557/2250/2670 2559/2251/2671
f 2562/2254/2674 2560/2252/2672 2559/2251/2671 2561/2217/2637
f 2563/2255/2675 2562/2254/2674 2561/2217/2637 2529/2214/2634
f 2562/2254/2674 2563/2255/2675 2567/2256/2676 2564/2257/2677
f 2560/2252/2672 2562/2254/2674 2564/2257/2677 2565/2258/2678
f 2566/2259/2679 2920/2260/2680 2565/2258/2678 2564/2257/2677
f 2568/2261/2681 2566/2259/2679 2564/2257/2677 2567/2256/2676
f 2570/2262/2682 2568/2261/2681 2567/2256/2676 2569/2207/2627
f 2563/2255/2675 2518/2205/2625 2569/2207/2627 2567/2256/2676
f 2571/2263/2683 2570/2262/2682 2569/2207/2627 2519/2204/2624
f 2568/2261/2681 2570/2262/2682 2572/2264/2684 2574/2265/2685
f 2570/2262/2682 2571/2263/2683 2573/2266/2686 2572/2264/2684
f 2577/2267/2687 2575/2268/2688 2572/2264/2684 2573/2266/2686
f 2575/2268/2688 2576/2269/2689 2574/2265/2685 2572/2264/2684
f 2581/2270/2690 2576/2269/2689 2575/2268/2688 2578/2271/2691
f 2578/2271/2691 2575/2268/2688 2577/2267/2687 2580/2272/2692
f 2583/2273/2693 2581/2270/2690 2578/2271/2691 2579/2274/2694
f 2579/2274/2694 2578/2271/2691 2580/2272/2692 2959/2275/2695
f 2576/2269/2689 2581/2270/2690 2582/2276/2696 2933/2277/2697
f 2584/2278/2698 2582/2276/2696 2581/2270/2690 2583/2273/2693
f 2583/2273/2693 2303/1971/2391 2305/1975/2395 2584/2278/2698
f 2579/2274/2694 2300/1972/2392 2303/1971/2391 2583/2273/2693
f 2584/2278/2698 2305/1975/2395 2588/1977/2397 2585/2279/2699
f 2585/2279/2699 2586/2280/2700 2582/2276/2696 2584/2278/2698
f 2587/2281/2701 2934/2282/2702 2586/2280/2700 2585/2279/2699
f 2585/2279/2699 2588/1977/2397 2589/2283/2703 2587/2281/2701
f 2588/1977/2397 2306/1976/2396 2591/1981/2401 2589/2283/2703
f 2587/2281/2701 2589/2283/2703 2590/2284/2704 2935/2285/2705
f 2592/2286/2706 2590/2284/2704 2589/2283/2703 2591/1981/2401
f 2593/2287/2707 2594/2288/2708 2592/2286/2706 2591/1981/2401
f 2309/1980/2400 2596/2289/2709 2593/2287/2707 2591/1981/2401
f 2594/2288/2708 2593/2287/2707 2595/2290/2710 2958/2291/2711
f 2596/2289/2709 2598/2292/2712 2595/2290/2710 2593/2287/2707
f 2596/2289/2709 2309/1980/2400 2311/1982/2402 2597/1986/2406
f 2598/2292/2712 2596/2289/2709 2597/1986/2406 2600/2293/2713
f 2598/2292/2712 2599/2294/2714 2958/2291/2711 2595/2290/2710
f 2599/2294/2714 2598/2292/2712 2600/2293/2713 2601/2295/2715
f 2602/2296/2716 2603/2297/2717 2601/2295/2715 2600/2293/2713
f 2314/1985/2405 2602/2296/2716 2600/2293/2713 2597/1986/2406
f 2603/2297/2717 2602/2296/2716 2604/2298/2718 2605/2299/2719
f 2316/1987/2407 2604/2298/2718 2602/2296/2716 2314/1985/2405
f 2606/2300/2720 2607/2301/2721 2605/2299/2719 2604/2298/2718
f 2318/1989/2409 2606/2300/2720 2604/2298/2718 2316/1987/2407
f 2608/2302/2722 2609/2001/2421 2607/2301/2721 2606/2300/2720
f 2321/1991/2411 2608/2302/2722 2606/2300/2720 2318/1989/2409
f 2323/1995/2415 2609/2001/2421 2608/2302/2722 2321/1991/2411
f 2609/2001/2421 2329/2002/2422 2610/2008/2428 2607/2301/2721
f 2607/2301/2721 2610/2008/2428 2611/2303/2723 2605/2299/2719
f 2610/2008/2428 2333/2007/2427 2612/2304/2724 2611/2303/2723
f 2614/2305/2725 2613/2306/2726 2611/2303/2723 2612/2304/2724
f 2613/2306/2726 2603/2297/2717 2605/2299/2719 2611/2303/2723
f 2613/2306/2726 2614/2305/2725 2617/2307/2727 2615/2308/2728
f 2603/2297/2717 2613/2306/2726 2615/2308/2728 2601/2295/2715
f 2616/2309/2729 2599/2294/2714 2601/2295/2715 2615/2308/2728
f 2619/2310/2730 2616/2309/2729 2615/2308/2728 2617/2307/2727
f 2618/2311/2731 2617/2307/2727 2614/2305/2725 2647/2312/2732
f 2617/2307/2727 2618/2311/2731 2620/2313/2733 2619/2310/2730
f 2616/2309/2729 2619/2310/2730 2621/2314/2734 2622/2315/2735
f 2619/2310/2730 2620/2313/2733 2624/2316/2736 2621/2314/2734
f 2623/2317/2737 2940/2318/2738 2622/2315/2735 2621/2314/2734
f 2623/2317/2737 2621/2314/2734 2624/2316/2736 2625/2319/2739
f 2626/2320/2740 2627/2321/2741 2625/2319/2739 2624/2316/2736
f 2628/2322/2742 2626/2320/2740 2624/2316/2736 2620/2313/2733
f 2629/2323/2743 2630/2324/2744 2627/2321/2741 2626/2320/2740
f 2632/2325/2745 2629/2323/2743 2626/2320/2740 2628/2322/2742
f 2631/2326/2746 2942/2327/2747 2630/2324/2744 2629/2323/2743
f 2629/2323/2743 2632/2325/2745 2633/2328/2748 2631/2326/2746
f 2637/2329/2749 2633/2328/2748 2632/2325/2745 2634/2330/2750
f 2634/2330/2750 2632/2325/2745 2628/2322/2742 2636/2331/2751
f 2634/2330/2750 2635/2332/2752 2639/2333/2753 2637/2329/2749
f 2636/2331/2751 2646/2334/2754 2635/2332/2752 2634/2330/2750
f 2633/2328/2748 2637/2329/2749 2638/2335/2755 2956/2336/2756
f 2640/2337/2757 2638/2335/2755 2637/2329/2749 2639/2333/2753
f 2640/2337/2757 2639/2333/2753 2641/2338/2758
f 2635/2332/2752 2643/2339/2759 2641/2338/2758 2639/2333/2753
f 2643/2339/2759 2340/2013/2433 2642/2017/2437 2641/2338/2758
f 2641/2338/2758 2642/2017/2437 2648/2340/2760 2640/2337/2757
f 2644/2341/2761 2337/2010/2430 2340/2013/2433 2643/2339/2759
f 2643/2339/2759 2635/2332/2752 2646/2334/2754 2644/2341/2761
f 2335/2009/2429 2337/2010/2430 2644/2341/2761 2645/2342/2762
f 2645/2342/2762 2644/2341/2761 2646/2334/2754 2647/2312/2732
f 2618/2311/2731 2647/2312/2732 2646/2334/2754 2636/2331/2751
f 2647/2312/2732 2614/2305/2725 2612/2304/2724 2645/2342/2762
f 2333/2007/2427 2335/2009/2429 2645/2342/2762 2612/2304/2724
f 2642/2017/2437 2341/2016/2436 2650/2023/2443 2648/2340/2760
f 2955/2343/2763 2640/2337/2757 2648/2340/2760 2649/2344/2764
f 2651/2345/2765 2649/2344/2764 2648/2340/2760 2650/2023/2443
f 2650/2023/2443 2345/2022/2442 2651/2345/2765
f 2652/2346/2766 2951/2347/2767 2649/2344/2764 2651/2345/2765
f 2653/2348/2768 2654/2349/2769 2652/2346/2766 2651/2345/2765
f 2345/2022/2442 2347/2024/2444 2653/2348/2768 2651/2345/2765
f 2653/2348/2768 2655/2350/2770 2656/2351/2771 2654/2349/2769
f 2655/2350/2770 2653/2348/2768 2347/2024/2444 2350/2025/2445
f 2655/2350/2770 2350/2025/2445 2657/2030/2450 2656/2351/2771
f 2658/2352/2772 2656/2351/2771 2657/2030/2450
f 2658/2352/2772 2660/2353/2773 2659/2354/2774 2656/2351/2771
f 2654/2349/2769 2656/2351/2771 2659/2354/2774 2661/2355/2775
f 2662/2356/2776 2659/2354/2774 2660/2353/2773 2664/2357/2777
f 2665/2358/2778 2661/2355/2775 2659/2354/2774 2662/2356/2776
f 2662/2356/2776 2663/2359/2779 2667/2360/2780 2665/2358/2778
f 2664/2357/2777 2671/2361/2781 2663/2359/2779 2662/2356/2776
f 2666/2362/2782 2952/2363/2783 2661/2355/2775 2665/2358/2778
f 2668/2364/2784 2666/2362/2782 2665/2358/2778 2667/2360/2780
f 2672/2365/2785 2668/2364/2784 2667/2360/2780 2669/2366/2786
f 2663/2359/2779 2671/2361/2781 2669/2366/2786 2667/2360/2780
f 2674/2367/2787 2672/2365/2785 2669/2366/2786 2670/2368/2788
f 2670/2368/2788 2669/2366/2786 2671/2361/2781 2692/2369/2789
f 2668/2364/2784 2672/2365/2785 2673/2370/2790 2946/2371/2791
f 2676/2372/2792 2673/2370/2790 2672/2365/2785 2674/2367/2787
f 2674/2367/2787 2670/2368/2788 2689/2373/2793 2675/2374/2794
f 2678/2375/2795 2676/2372/2792 2674/2367/2787 2675/2374/2794
f 2676/2372/2792 2677/2376/2796 2943/2377/2797 2673/2370/2790
f 2679/2378/2798 2677/2376/2796 2676/2372/2792 2678/2375/2795
f 2679/2378/2798 2678/2375/2795 2680/2379/2799 2681/2380/2800
f 2680/2379/2799 2678/2375/2795 2675/2374/2794 2683/2381/2801
f 2681/2380/2800 2680/2379/2799 2682/2382/2802 2941/2383/2803
f 2684/2384/2804 2682/2382/2802 2680/2379/2799 2683/2381/2801
f 2904/2385/2805 2684/2384/2804 2683/2381/2801 2685/2386/2806
f 2686/2387/2807 2687/2388/2808 2685/2386/2806 2683/2381/2801
f 2675/2374/2794 2689/2373/2793 2686/2387/2807 2683/2381/2801
f 2688/2389/2809 2702/2390/2810 2687/2388/2808 2686/2387/2807
f 2689/2373/2793 2690/2391/2811 2688/2389/2809 2686/2387/2807
f 2690/2391/2811 2689/2373/2793 2670/2368/2788 2692/2369/2789
f 2690/2391/2811 2691/2392/2812 2700/2393/2813 2688/2389/2809
f 2692/2369/2789 2693/2394/2814 2691/2392/2812 2690/2391/2811
f 2664/2357/2777 2693/2394/2814 2692/2369/2789 2671/2361/2781
f 2696/2395/2815 2691/2392/2812 2693/2394/2814 2694/2396/2816
f 2664/2357/2777 2660/2353/2773 2694/2396/2816 2693/2394/2814
f 2698/2034/2454 2696/2395/2815 2694/2396/2816 2695/2397/2817
f 2660/2353/2773 2658/2352/2772 2695/2397/2817 2694/2396/2816
f 2691/2392/2812 2696/2395/2815 2697/2398/2818 2700/2393/2813
f 2696/2395/2815 2698/2034/2454 2357/2033/2453 2697/2398/2818
f 2352/2029/2449 2698/2034/2454 2695/2397/2817 2349/2028/2448
f 2697/2398/2818 2357/2033/2453 2359/2036/2456 2699/2399/2819
f 2700/2393/2813 2697/2398/2818 2699/2399/2819 2701/2400/2820
f 2688/2389/2809 2700/2393/2813 2701/2400/2820 2702/2390/2810
f 2701/2400/2820 2703/2401/2821 2704/2402/2822 2702/2390/2810
f 2701/2400/2820 2699/2399/2819 2706/2403/2823 2703/2401/2821
f 2704/2402/2822 2703/2401/2821 2705/2404/2824 2803/2405/2825
f 2706/2403/2823 2707/2406/2826 2705/2404/2824 2703/2401/2821
f 2707/2406/2826 2706/2403/2823 2708/2038/2458 2709/2407/2827
f 2699/2399/2819 2359/2036/2456 2708/2038/2458 2706/2403/2823
f 2360/2037/2457 2711/2040/2460 2709/2407/2827 2708/2038/2458
f 2815/2408/2828 2707/2406/2826 2709/2407/2827 2710/2409/2829
f 2711/2040/2460 2712/2410/2830 2710/2409/2829 2709/2407/2827
f 2712/2410/2830 2711/2040/2460 2363/2041/2461 2369/2044/2464
f 2712/2410/2830 2713/2411/2831 2817/2412/2832 2710/2409/2829
f 2713/2411/2831 2712/2410/2830 2714/2413/2833 2715/2414/2834
f 2714/2413/2833 2712/2410/2830 2369/2044/2464 2717/2048/2468
f 2714/2413/2833 2716/2415/2835 2827/2416/2836 2715/2414/2834
f 2716/2415/2835 2714/2413/2833 2717/2048/2468 2718/2417/2837
f 2368/2046/2466 2720/2113/2533 2718/2417/2837 2717/2048/2468
f 2719/2418/2838 2723/2419/2839 2721/2420/2840 2718/2417/2837
f 2720/2113/2533 2736/2421/2841 2719/2418/2838 2718/2417/2837
f 2721/2420/2840 2716/2415/2835 2718/2417/2837
f 2829/2422/2842 2716/2415/2835 2721/2420/2840 2722/2423/2843
f 2723/2419/2839 2724/2424/2844 2722/2423/2843 2721/2420/2840
f 2725/2425/2845 2727/2426/2846 2724/2424/2844 2723/2419/2839
f 2726/2427/2847 2725/2425/2845 2723/2419/2839 2719/2418/2838
f 2730/2428/2848 2728/2429/2849 2725/2425/2845 2726/2427/2847
f 2729/2430/2850 2727/2426/2846 2725/2425/2845 2728/2429/2849
f 2731/2431/2851 2542/2233/2653 2728/2429/2849 2730/2428/2848
f 2728/2429/2849 2542/2233/2653 2544/2235/2655 2729/2430/2850
f 2732/2432/2852 2731/2431/2851 2730/2428/2848
f 2730/2428/2848 2726/2427/2847 2735/2433/2853 2732/2432/2852
f 2733/2434/2854 2732/2432/2852 2735/2433/2853 2737/2435/2855
f 2732/2432/2852 2733/2434/2854 2742/2436/2856 2734/2437/2857
f 2731/2431/2851 2732/2432/2852 2734/2437/2857 2743/2438/2858
f 2735/2433/2853 2736/2421/2841 2739/2439/2859 2737/2435/2855
f 2736/2421/2841 2735/2433/2853 2726/2427/2847 2719/2418/2838
f 2741/2139/2559 2733/2434/2854 2737/2435/2855 2738/2440/2860
f 2738/2440/2860 2737/2435/2855 2739/2439/2859 2740/2122/2542
f 2740/2122/2542 2739/2439/2859 2445/2112/2532 2447/2114/2534
f 2736/2421/2841 2720/2113/2533 2445/2112/2532 2739/2439/2859
f 2458/2129/2549 2738/2440/2860 2740/2122/2542 2452/2121/2541
f 2738/2440/2860 2458/2129/2549 2462/2131/2551 2741/2139/2559
f 2733/2434/2854 2741/2139/2559 2467/2140/2560 2742/2436/2856
f 2747/2150/2570 2744/2441/2861 2734/2437/2857 2742/2436/2856
f 2744/2441/2861 2745/2442/2862 2743/2438/2858 2734/2437/2857
f 2746/2155/2575 2748/2443/2863 2745/2442/2862 2744/2441/2861
f 2744/2441/2861 2747/2150/2570 2474/2149/2569 2746/2155/2575
f 2469/2141/2561 2747/2150/2570 2742/2436/2856 2467/2140/2560
f 2750/2444/2864 2748/2443/2863 2746/2155/2575 2478/2154/2574
f 2760/2445/2865 2745/2442/2862 2748/2443/2863 2749/2446/2866
f 2750/2444/2864 2751/2447/2867 2749/2446/2866 2748/2443/2863
f 2751/2447/2867 2750/2444/2864 2752/2163/2583 2753/2448/2868
f 2478/2154/2574 2480/2156/2576 2752/2163/2583 2750/2444/2864
f 2753/2448/2868 2752/2163/2583 2485/2164/2584 2754/2170/2590
f 2755/2449/2869 2753/2448/2868 2754/2170/2590 2498/2181/2601
f 2757/2450/2870 2751/2447/2867 2753/2448/2868 2755/2449/2869
f 2758/2218/2638 2757/2450/2870 2755/2449/2869 2756/2451/2871
f 2756/2451/2871 2755/2449/2869 2498/2181/2601 2500/2182/2602
f 2757/2450/2870 2758/2218/2638 2531/2219/2639 2759/2225/2645
f 2751/2447/2867 2757/2450/2870 2759/2225/2645 2749/2446/2866
f 2535/2224/2644 2760/2445/2865 2749/2446/2866 2759/2225/2645
f 2524/2210/2630 2526/2211/2631 2758/2218/2638 2756/2451/2871
f 2756/2451/2871 2500/2182/2602 2502/2184/2604 2524/2210/2630
f 2745/2442/2862 2760/2445/2865 2761/2234/2654 2743/2438/2858
f 2760/2445/2865 2535/2224/2644 2537/2226/2646 2761/2234/2654
f 2542/2233/2653 2731/2431/2851 2743/2438/2858 2761/2234/2654
f 2546/2237/2657 2762/2240/2660 2729/2430/2850 2544/2235/2655
f 2762/2240/2660 2763/2452/2872 2727/2426/2846 2729/2430/2850
f 2765/2453/2873 2763/2452/2872 2762/2240/2660 2547/2239/2659
f 2766/2454/2874 2764/2455/2875 2763/2452/2872 2765/2453/2873
f 2763/2452/2872 2764/2455/2875 2724/2424/2844 2727/2426/2846
f 2768/2456/2876 2766/2454/2874 2765/2453/2873 2767/2457/2877
f 2767/2457/2877 2765/2453/2873 2547/2239/2659 2549/2241/2661
f 2770/2458/2878 2768/2456/2876 2767/2457/2877 2769/2459/2879
f 2769/2459/2879 2767/2457/2877 2549/2241/2661 2551/2242/2662
f 2774/2460/2880 2770/2458/2878 2769/2459/2879 2771/2461/2881
f 2771/2461/2881 2769/2459/2879 2551/2242/2662 2773/2244/2664
f 2771/2461/2881 2772/2462/2882 2776/2463/2883 2774/2460/2880
f 2773/2244/2664 2929/2464/2884 2772/2462/2882 2771/2461/2881
f 2775/2465/2885 2838/2466/2886 2770/2458/2878 2774/2460/2880
f 2777/2467/2887 2775/2465/2885 2774/2460/2880 2776/2463/2883
f 2778/2468/2888 2776/2463/2883 2772/2462/2882 2780/2469/2889
f 2778/2468/2888 2781/2470/2890 2777/2467/2887 2776/2463/2883
f 2781/2470/2890 2778/2468/2888 2779/2471/2891 2783/2472/2892
f 2780/2469/2889 2928/2473/2893 2779/2471/2891 2778/2468/2888
f 2781/2470/2890 2782/2474/2894 2844/2475/2895 2777/2467/2887
f 2782/2474/2894 2781/2470/2890 2783/2472/2892 2784/2476/2896
f 2785/2477/2897 2786/2478/2898 2784/2476/2896 2783/2472/2892
f 2788/2479/2899 2785/2477/2897 2783/2472/2892 2779/2471/2891
f 2786/2478/2898 2785/2477/2897 2787/2480/2900 2902/2481/2901
f 2785/2477/2897 2788/2479/2899 2790/2482/2902 2787/2480/2900
f 2789/2483/2903 2788/2479/2899 2779/2471/2891 2928/2473/2893
f 2788/2479/2899 2789/2483/2903 2791/2484/2904 2790/2482/2902
f 2793/2485/2905 2792/2486/2906 2790/2482/2902 2791/2484/2904
f 2792/2486/2906 2795/2487/2907 2787/2480/2900 2790/2482/2902
f 2792/2486/2906 2793/2485/2905 2911/2488/2908 2794/2489/2909
f 2795/2487/2907 2792/2486/2906 2794/2489/2909 2797/2490/2910
f 2795/2487/2907 2796/2491/2911 2902/2481/2901 2787/2480/2900
f 2796/2491/2911 2795/2487/2907 2797/2490/2910 2799/2492/2912
f 2798/2493/2913 2801/2494/2914 2799/2492/2912 2797/2490/2910
f 2794/2489/2909 2903/2495/2915 2798/2493/2913 2797/2490/2910
f 2804/2496/2916 2796/2491/2911 2799/2492/2912 2800/2497/2917
f 2800/2497/2917 2799/2492/2912 2801/2494/2914 2802/2498/2918
f 2802/2498/2918 2801/2494/2914 2685/2386/2806 2687/2388/2808
f 2798/2493/2913 2904/2385/2805 2685/2386/2806 2801/2494/2914
f 2803/2405/2825 2800/2497/2917 2802/2498/2918 2704/2402/2822
f 2702/2390/2810 2704/2402/2822 2802/2498/2918 2687/2388/2808
f 2800/2497/2917 2803/2405/2825 2805/2499/2919 2804/2496/2916
f 2805/2499/2919 2809/2500/2920 2806/2501/2921 2804/2496/2916
f 2807/2502/2922 2796/2491/2911 2804/2496/2916 2806/2501/2921
f 2859/2503/2923 2807/2502/2922 2806/2501/2921 2808/2504/2924
f 2809/2500/2920 2810/2505/2925 2808/2504/2924 2806/2501/2921
f 2810/2505/2925 2809/2500/2920 2811/2506/2926 2812/2507/2927
f 2809/2500/2920 2805/2499/2919 2814/2508/2928 2811/2506/2926
f 2813/2509/2929 2816/2510/2930 2812/2507/2927 2811/2506/2926
f 2815/2408/2828 2813/2509/2929 2811/2506/2926 2814/2508/2928
f 2707/2406/2826 2815/2408/2828 2814/2508/2928 2705/2404/2824
f 2803/2405/2825 2705/2404/2824 2814/2508/2928 2805/2499/2919
f 2813/2509/2929 2815/2408/2828 2710/2409/2829 2817/2412/2832
f 2816/2510/2930 2813/2509/2929 2817/2412/2832 2818/2511/2931
f 2713/2411/2831 2820/2512/2932 2818/2511/2931 2817/2412/2832
f 2870/2513/2933 2816/2510/2930 2818/2511/2931 2819/2514/2934
f 2820/2512/2932 2821/2515/2935 2819/2514/2934 2818/2511/2931
f 2822/2516/2936 2823/2517/2937 2821/2515/2935 2820/2512/2932
f 2820/2512/2932 2713/2411/2831 2715/2414/2834 2822/2516/2936
f 2824/2518/2938 2825/2519/2939 2823/2517/2937 2822/2516/2936
f 2824/2518/2938 2822/2516/2936 2715/2414/2834 2827/2416/2836
f 2825/2519/2939 2824/2518/2938 2826/2520/2940 2881/2521/2941
f 2826/2520/2940 2824/2518/2938 2827/2416/2836 2828/2522/2942
f 2716/2415/2835 2829/2422/2842 2828/2522/2942 2827/2416/2836
f 2829/2422/2842 2833/2523/2943 2830/2524/2944 2828/2522/2942
f 2830/2524/2944 2831/2525/2945 2826/2520/2940 2828/2522/2942
f 2831/2525/2945 2830/2524/2944 2832/2526/2946 2884/2527/2947
f 2833/2523/2943 2834/2528/2948 2832/2526/2946 2830/2524/2944
f 2834/2528/2948 2833/2523/2943 2835/2529/2949 2836/2530/2950
f 2833/2523/2943 2829/2422/2842 2722/2423/2843 2835/2529/2949
f 2764/2455/2875 2766/2454/2874 2836/2530/2950 2835/2529/2949
f 2724/2424/2844 2764/2455/2875 2835/2529/2949 2722/2423/2843
f 2839/2531/2951 2834/2528/2948 2836/2530/2950 2837/2532/2952
f 2837/2532/2952 2836/2530/2950 2766/2454/2874 2768/2456/2876
f 2768/2456/2876 2770/2458/2878 2838/2466/2886 2837/2532/2952
f 2837/2532/2952 2838/2466/2886 2841/2533/2953 2839/2531/2951
f 2840/2534/2954 2839/2531/2951 2841/2533/2953 2842/2535/2955
f 2839/2531/2951 2840/2534/2954 2832/2526/2946 2834/2528/2948
f 2843/2536/2956 2845/2537/2957 2842/2535/2955 2841/2533/2953
f 2775/2465/2885 2843/2536/2956 2841/2533/2953 2838/2466/2886
f 2843/2536/2956 2775/2465/2885 2777/2467/2887 2844/2475/2895
f 2845/2537/2957 2843/2536/2956 2844/2475/2895 2847/2538/2958
f 2845/2537/2957 2846/2539/2959 2886/2540/2960 2842/2535/2955
f 2846/2539/2959 2845/2537/2957 2847/2538/2958 2848/2541/2961
f 2849/2542/2962 2850/2543/2963 2848/2541/2961 2847/2538/2958
f 2782/2474/2894 2849/2542/2962 2847/2538/2958 2844/2475/2895
f 2850/2543/2963 2849/2542/2962 2851/2544/2964 2852/2545/2965
f 2849/2542/2962 2782/2474/2894 2784/2476/2896 2851/2544/2964
f 2853/2546/2966 2855/2547/2967 2852/2545/2965 2851/2544/2964
f 2786/2478/2898 2853/2546/2966 2851/2544/2964 2784/2476/2896
f 2854/2548/2968 2857/2549/2969 2855/2547/2967 2853/2546/2966
f 2902/2481/2901 2854/2548/2968 2853/2546/2966 2786/2478/2898
f 2856/2550/2970 2855/2547/2967 2857/2549/2969 2858/2551/2971
f 2855/2547/2967 2856/2550/2970 2895/2552/2972 2852/2545/2965
f 2858/2551/2971 2857/2549/2969 2859/2503/2923 2860/2553/2973
f 2859/2503/2923 2857/2549/2969 2854/2548/2968 2807/2502/2922
f 2859/2503/2923 2808/2504/2924 2862/2554/2974 2860/2553/2973
f 2861/2555/2975 2899/2556/2976 2858/2551/2971 2860/2553/2973
f 2860/2553/2973 2862/2554/2974 2864/2557/2977 2861/2555/2975
f 2866/2558/2978 2864/2557/2977 2862/2554/2974 2863/2559/2979
f 2808/2504/2924 2810/2505/2925 2863/2559/2979 2862/2554/2974
f 2861/2555/2975 2864/2557/2977 2865/2560/2980 2900/2561/2981
f 2864/2557/2977 2866/2558/2978 2867/2562/2982 2865/2560/2980
f 2866/2558/2978 2863/2559/2979 2868/2563/2983 2867/2562/2982
f 2870/2513/2933 2869/2564/2984 2867/2562/2982 2868/2563/2983
f 2865/2560/2980 2867/2562/2982 2869/2564/2984 2872/2565/2985
f 2869/2564/2984 2870/2513/2933 2819/2514/2934 2871/2566/2986
f 2869/2564/2984 2871/2566/2986 2874/2567/2987 2872/2565/2985
f 2872/2565/2985 2873/2568/2988 2900/2561/2981 2865/2560/2980
f 2875/2569/2989 2873/2568/2988 2872/2565/2985 2874/2567/2987
f 2875/2569/2989 2874/2567/2987 2876/2570/2990 2877/2571/2991
f 2878/2572/2992 2876/2570/2990 2874/2567/2987 2871/2566/2986
f 2876/2570/2990 2825/2519/2939 2881/2521/2941 2877/2571/2991
f 2825/2519/2939 2876/2570/2990 2878/2572/2992 2823/2517/2937
f 2878/2572/2992 2871/2566/2986 2821/2515/2935 2823/2517/2937
f 2879/2573/2993 2890/2574/2994 2875/2569/2989 2877/2571/2991
f 2877/2571/2991 2880/2575/2995 2882/2576/2996 2879/2573/2993
f 2880/2575/2995 2877/2571/2991 2881/2521/2941
f 2831/2525/2945 2880/2575/2995 2881/2521/2941 2826/2520/2940
f 2880/2575/2995 2831/2525/2945 2884/2527/2947 2882/2576/2996
f 2888/2577/2997 2879/2573/2993 2882/2576/2996 2883/2578/2998
f 2885/2579/2999 2883/2578/2998 2882/2576/2996 2884/2527/2947
f 2840/2534/2954 2885/2579/2999 2884/2527/2947 2832/2526/2946
f 2883/2578/2998 2885/2579/2999 2886/2540/2960
f 2885/2579/2999 2840/2534/2954 2842/2535/2955 2886/2540/2960
f 2883/2578/2998 2886/2540/2960 2846/2539/2959 2887/2580/3000
f 2888/2577/2997 2883/2578/2998 2887/2580/3000 2889/2581/3001
f 2889/2581/3001 2890/2574/2994 2879/2573/2993 2888/2577/2997
f 2890/2574/2994 2889/2581/3001 2891/2582/3002 2901/2583/3003
f 2891/2582/3002 2889/2581/3001 2892/2584/3004
f 2889/2581/3001 2887/2580/3000 2893/2585/3005 2892/2584/3004
f 2894/2586/3006 2891/2582/3002 2892/2584/3004 2893/2585/3005
f 2850/2543/2963 2894/2586/3006 2893/2585/3005 2848/2541/2961
f 2887/2580/3000 2846/2539/2959 2848/2541/2961 2893/2585/3005
f 2894/2586/3006 2850/2543/2963 2852/2545/2965 2895/2552/2972
f 2895/2552/2972 2896/2587/3007 2891/2582/3002 2894/2586/3006
f 2895/2552/2972 2856/2550/2970 2898/2588/3008 2896/2587/3007
f 2896/2587/3007 2897/2589/3009 2901/2583/3003 2891/2582/3002
f 2897/2589/3009 2896/2587/3007 2898/2588/3008 2899/2556/2976
f 2898/2588/3008 2856/2550/2970 2858/2551/2971 2899/2556/2976
f 2899/2556/2976 2861/2555/2975 2900/2561/2981 2897/2589/3009
f 2873/2568/2988 2901/2583/3003 2897/2589/3009 2900/2561/2981
f 2901/2583/3003 2873/2568/2988 2875/2569/2989 2890/2574/2994
f 2819/2514/2934 2821/2515/2935 2871/2566/2986
f 2816/2510/2930 2870/2513/2933 2868/2563/2983 2812/2507/2927
f 2810/2505/2925 2812/2507/2927 2868/2563/2983 2863/2559/2979
f 2902/2481/2901 2796/2491/2911 2807/2502/2922 2854/2548/2968
f 2798/2493/2913 2903/2495/2915 2905/2590/3010 2904/2385/2805
f 2684/2384/2804 2904/2385/2805 2905/2590/3010 2906/2591/3011
f 2906/2591/3011 2905/2590/3010 2907/2592/3012 2908/2593/3013
f 2910/2594/3014 2907/2592/3012 2905/2590/3010 2903/2495/2915
f 2908/2593/3013 2907/2592/3012 2909/2595/3015 2935/2285/2705
f 2912/2596/3016 2909/2595/3015 2907/2592/3012 2910/2594/3014
f 2912/2596/3016 2910/2594/3014 2911/2488/2908 2914/2597/3017
f 2794/2489/2909 2911/2488/2908 2910/2594/3014 2903/2495/2915
f 2909/2595/3015 2912/2596/3016 2913/2598/3018 2934/2282/2702
f 2913/2598/3018 2912/2596/3016 2914/2597/3017 2916/2599/3019
f 2915/2600/3020 2918/2601/3021 2916/2599/3019 2914/2597/3017
f 2793/2485/2905 2915/2600/3020 2914/2597/3017 2911/2488/2908
f 2931/2602/3022 2913/2598/3018 2916/2599/3019 2917/2603/3023
f 2918/2601/3021 2920/2260/2680 2917/2603/3023 2916/2599/3019
f 2918/2601/3021 2915/2600/3020 2921/2604/3024 2919/2605/3025
f 2920/2260/2680 2918/2601/3021 2919/2605/3025 2565/2258/2678
f 2920/2260/2680 2566/2259/2679 2932/2606/3026 2917/2603/3023
f 2923/2607/3027 2922/2253/2673 2919/2605/3025 2921/2604/3024
f 2922/2253/2673 2560/2252/2672 2565/2258/2678 2919/2605/3025
f 2924/2608/3028 2922/2253/2673 2923/2607/3027 2926/2609/3029
f 2557/2250/2670 2922/2253/2673 2924/2608/3028 2555/2249/2669
f 2925/2610/3030 2930/2248/2668 2555/2249/2669 2924/2608/3028
f 2925/2610/3030 2924/2608/3028 2926/2609/3029 2927/2611/3031
f 2927/2611/3031 2926/2609/3029 2928/2473/2893 2780/2469/2889
f 2789/2483/2903 2928/2473/2893 2926/2609/3029 2923/2607/3027
f 2929/2464/2884 2927/2611/3031 2780/2469/2889 2772/2462/2882
f 2930/2248/2668 2925/2610/3030 2927/2611/3031 2929/2464/2884
f 2552/2245/2665 2930/2248/2668 2929/2464/2884 2773/2244/2664
f 2789/2483/2903 2923/2607/3027 2921/2604/3024 2791/2484/2904
f 2915/2600/3020 2793/2485/2905 2791/2484/2904 2921/2604/3024
f 2933/2277/2697 2931/2602/3022 2917/2603/3023 2932/2606/3026
f 2576/2269/2689 2933/2277/2697 2932/2606/3026 2574/2265/2685
f 2566/2259/2679 2568/2261/2681 2574/2265/2685 2932/2606/3026
f 2933/2277/2697 2582/2276/2696 2586/2280/2700 2931/2602/3022
f 2931/2602/3022 2586/2280/2700 2934/2282/2702 2913/2598/3018
f 2935/2285/2705 2909/2595/3015 2934/2282/2702 2587/2281/2701
f 2935/2285/2705 2590/2284/2704 2936/2612/3032 2908/2593/3013
f 2937/2613/3033 2906/2591/3011 2908/2593/3013 2936/2612/3032
f 2939/2614/3034 2937/2613/3033 2936/2612/3032 2938/2615/3035
f 2590/2284/2704 2592/2286/2706 2938/2615/3035 2936/2612/3032
f 2623/2317/2737 2939/2614/3034 2938/2615/3035 2940/2318/2738
f 2938/2615/3035 2592/2286/2706 2594/2288/2708 2940/2318/2738
f 2940/2318/2738 2594/2288/2708 2958/2291/2711 2622/2315/2735
f 2941/2383/2803 2682/2382/2802 2937/2613/3033 2939/2614/3034
f 2625/2319/2739 2941/2383/2803 2939/2614/3034 2623/2317/2737
f 2627/2321/2741 2681/2380/2800 2941/2383/2803 2625/2319/2739
f 2682/2382/2802 2684/2384/2804 2906/2591/3011 2937/2613/3033
f 2720/2113/2533 2368/2046/2466 2371/2047/2467 2441/2107/2527
f 2658/2352/2772 2657/2030/2450 2349/2028/2448 2695/2397/2817
f 2630/2324/2744 2679/2378/2798 2681/2380/2800 2627/2321/2741
f 2679/2378/2798 2630/2324/2744 2942/2327/2747 2677/2376/2796
f 2677/2376/2796 2942/2327/2747 2944/2616/3036 2943/2377/2797
f 2947/2617/3037 2945/2618/3038 2943/2377/2797 2944/2616/3036
f 2945/2618/3038 2946/2371/2791 2673/2370/2790 2943/2377/2797
f 2945/2618/3038 2947/2617/3037 2949/2619/3039 2946/2371/2791
f 2947/2617/3037 2948/2620/3040 2950/2621/3041 2949/2619/3039
f 2957/2622/3042 2948/2620/3040 2947/2617/3037 2944/2616/3036
f 2666/2362/2782 2668/2364/2784 2946/2371/2791 2949/2619/3039
f 2949/2619/3039 2950/2621/3041 2952/2363/2783 2666/2362/2782
f 2652/2346/2766 2952/2363/2783 2950/2621/3041 2951/2347/2767
f 2948/2620/3040 2951/2347/2767 2950/2621/3041
f 2661/2355/2775 2952/2363/2783 2652/2346/2766 2654/2349/2769
f 2649/2344/2764 2951/2347/2767 2953/2623/3043 2955/2343/2763
f 2954/2624/3044 2953/2623/3043 2951/2347/2767 2948/2620/3040
f 2956/2336/2756 2638/2335/2755 2953/2623/3043 2954/2624/3044
f 2955/2343/2763 2953/2623/3043 2638/2335/2755 2640/2337/2757
f 2957/2622/3042 2956/2336/2756 2954/2624/3044 2948/2620/3040
f 2631/2326/2746 2633/2328/2748 2956/2336/2756 2957/2622/3042
f 2942/2327/2747 2631/2326/2746 2957/2622/3042 2944/2616/3036
f 2636/2331/2751 2628/2322/2742 2620/2313/2733 2618/2311/2731
f 2599/2294/2714 2616/2309/2729 2622/2315/2735 2958/2291/2711
f 2960/2625/3045 2961/2626/3046 2959/2275/2695 2580/2272/2692
f 2963/2627/3047 2960/2625/3045 2580/2272/2692 2577/2267/2687
f 2961/2626/3046 2960/2625/3045 2962/2628/3048 2973/2629/3049
f 2960/2625/3045 2963/2627/3047 2965/2630/3050 2962/2628/3048
f 2963/2627/3047 2577/2267/2687 2573/2266/2686 2964/2631/3051
f 2965/2630/3050 2963/2627/3047 2964/2631/3051 2966/2632/3052
f 2967/2633/3053 2965/2630/3050 2966/2632/3052 2969/2634/3054
f 2962/2628/3048 2965/2630/3050 2967/2633/3053 2970/2635/3055
f 2970/2635/3055 2967/2633/3053 2968/2636/3056 2971/2637/3057
f 2968/2636/3056 2967/2633/3053 2969/2634/3054 3026/2638/3058
f 2972/2639/3059 2970/2635/3055 2971/2637/3057 2975/2640/3060
f 2970/2635/3055 2972/2639/3059 2973/2629/3049 2962/2628/3048
f 2972/2639/3059 2974/2641/3061 6063/2642/3062 2973/2629/3049
f 2974/2641/3061 2972/2639/3059 2975/2640/3060 2977/2643/3063
f 2975/2640/3060 2971/2637/3057 3022/2644/3064 2976/2645/3065
f 2976/2645/3065 2979/2646/3066 2977/2643/3063 2975/2640/3060
f 6056/2647/3067 2974/2641/3061 2977/2643/3063 2978/2648/3068
f 2978/2648/3068 2977/2643/3063 2979/2646/3066 2981/2649/3069
f 2981/2649/3069 2979/2646/3066 2980/2650/3070 2983/2651/3071
f 3019/2652/3072 2980/2650/3070 2979/2646/3066 2976/2645/3065
f 2982/2653/3073 4530/2654/3074 2978/2648/3068 2981/2649/3069
f 2984/2655/3075 2982/2653/3073 2981/2649/3069 2983/2651/3071
f 4725/2656/3076 2984/2655/3075 2983/2651/3071 2985/2657/3077
f 2986/2658/3078 2989/2659/3079 2985/2657/3077 2983/2651/3071
f 2983/2651/3071 2980/2650/3070 2987/2660/3080 2986/2658/3078
f 2986/2658/3078 2987/2660/3080 3012/2661/3081 2988/2662/3082
f 2989/2659/3079 2986/2658/3078 2988/2662/3082 2991/2663/3083
f 4727/2664/3084 2985/2657/3077 2989/2659/3079 2990/2665/3085
f 2990/2665/3085 2989/2659/3079 2991/2663/3083 2992/2666/3086
f 2995/2667/3087 2993/2668/3088 2991/2663/3083 2988/2662/3082
f 2993/2668/3088 2996/2669/3089 2992/2666/3086 2991/2663/3083
f 2996/2669/3089 2993/2668/3088 2994/2670/3090 2998/2671/3091
f 3008/2672/3092 2994/2670/3090 2993/2668/3088 2995/2667/3087
f 2996/2669/3089 2997/2673/3093 4731/2674/3094 2992/2666/3086
f 2998/2671/3091 2999/2675/3095 2997/2673/3093 2996/2669/3089
f 3000/2676/3096 3001/2677/3097 2999/2675/3095 2998/2671/3091
f 3003/2678/3098 3000/2676/3096 2998/2671/3091 2994/2670/3090
f 3001/2677/3097 3000/2676/3096 3002/2679/3099 4745/2680/3100
f 3000/2676/3096 3003/2678/3098 3004/2681/3101 3002/2679/3099
f 3006/2682/3102 3004/2681/3101 3003/2678/3098 3005/2683/3103
f 3005/2683/3103 3003/2678/3098 2994/2670/3090 3008/2672/3092
f 3005/2683/3103 3007/2684/3104 4757/2685/3105 3006/2682/3102
f 3007/2684/3104 3005/2683/3103 3008/2672/3092 3009/2686/3106
f 2995/2667/3087 3011/2687/3107 3009/2686/3106 3008/2672/3092
f 4759/2688/3108 3007/2684/3104 3009/2686/3106 3010/2689/3109
f 3011/2687/3107 3013/2690/3110 3010/2689/3109 3009/2686/3106
f 3013/2690/3110 3011/2687/3107 3012/2661/3081 3015/2691/3111
f 2988/2662/3082 3012/2661/3081 3011/2687/3107 2995/2667/3087
f 3013/2690/3110 3014/2692/3112 4764/2693/3113 3010/2689/3109
f 3015/2691/3111 3016/2694/3114 3014/2692/3112 3013/2690/3110
f 3016/2694/3114 3015/2691/3111 3017/2695/3115 3018/2696/3116
f 3015/2691/3111 3012/2661/3081 2987/2660/3080 3017/2695/3115
f 3018/2696/3116 3017/2695/3115 3019/2652/3072 3020/2697/3117
f 2980/2650/3070 3019/2652/3072 3017/2695/3115 2987/2660/3080
f 2976/2645/3065 3022/2644/3064 3020/2697/3117 3019/2652/3072
f 3020/2697/3117 3021/2698/3118 4775/2699/3119 3018/2696/3116
f 3021/2698/3118 3020/2697/3117 3022/2644/3064 3023/2700/3120
f 2971/2637/3057 2968/2636/3056 3023/2700/3120 3022/2644/3064
f 3024/2701/3121 3027/2702/3122 3021/2698/3118 3023/2700/3120
f 3023/2700/3120 2968/2636/3056 3026/2638/3058 3024/2701/3121
f 3025/2703/3123 3029/2704/3124 3027/2702/3122 3024/2701/3121
f 6284/2705/3125 3025/2703/3123 3024/2701/3121 3026/2638/3058
f 4775/2699/3119 3021/2698/3118 3027/2702/3122 3028/2706/3126
f 3028/2706/3126 3027/2702/3122 3029/2704/3124 3031/2707/3127
f 3029/2704/3124 3025/2703/3123 3043/2708/3128 3030/2709/3129
f 3030/2709/3129 3033/2710/3130 3031/2707/3127 3029/2704/3124
f 3031/2707/3127 3032/2711/3131 4773/2712/3132 3028/2706/3126
f 3033/2710/3130 3034/2713/3133 3032/2711/3131 3031/2707/3127
f 3034/2713/3133 3033/2710/3130 3035/2714/3134 3036/2715/3135
f 3038/2716/3136 3035/2714/3134 3033/2710/3130 3030/2709/3129
f 3036/2715/3135 3035/2714/3134 3037/2717/3137 4847/2718/3138
f 3035/2714/3134 3038/2716/3136 3039/2719/3139 3037/2717/3137
f 6046/2720/3140 3039/2719/3139 3038/2716/3136 3040/2721/3141
f 3040/2721/3141 3038/2716/3136 3041/2722/3142 3044/2723/3143
f 3041/2722/3142 3038/2716/3136 3030/2709/3129 3043/2708/3128
f 3042/2194/2614 2509/2191/2611 3044/2723/3143 3041/2722/3142
f 3042/2194/2614 3041/2722/3142 3043/2708/3128 6282/2724/3144
f 3046/2725/3145 3040/2721/3141 3044/2723/3143 3045/2726/3146
f 2509/2191/2611 2507/2190/2610 3045/2726/3146 3044/2723/3143
f 3048/2727/3147 3046/2725/3145 3045/2726/3146 3047/2728/3148
f 3047/2728/3148 3045/2726/3146 2507/2190/2610 3050/2729/3149
f 3047/2728/3148 3049/2730/3150 4875/2731/3151 3048/2727/3147
f 3050/2729/3149 3052/2732/3152 3049/2730/3150 3047/2728/3148
f 3050/2729/3149 2507/2190/2610 2505/2189/2609 3051/2733/3153
f 3052/2732/3152 3050/2729/3149 3051/2733/3153 3054/2734/3154
f 3052/2732/3152 3053/2735/3155 4877/2736/3156 3049/2730/3150
f 3053/2735/3155 3052/2732/3152 3054/2734/3154 3055/2737/3157
f 3056/2738/3158 3057/2739/3159 3055/2737/3157 3054/2734/3154
f 3059/2740/3160 3056/2738/3158 3054/2734/3154 3051/2733/3153
f 3057/2739/3159 3056/2738/3158 3058/2741/3161 4913/2742/3162
f 3056/2738/3158 3059/2740/3160 3061/2743/3163 3058/2741/3161
f 3059/2740/3160 3060/2180/2600 2496/2175/2595 3061/2743/3163
f 3060/2180/2600 3059/2740/3160 3051/2733/3153 2505/2189/2609
f 3062/2744/3164 3064/2745/3165 3058/2741/3161 3061/2743/3163
f 2493/2172/2592 3062/2744/3164 3061/2743/3163 2496/2175/2595
f 3062/2744/3164 2493/2172/2592 2491/2173/2593 3063/2746/3166
f 3064/2745/3165 3062/2744/3164 3063/2746/3166 3066/2747/3167
f 3064/2745/3165 3065/2748/3168 4913/2742/3162 3058/2741/3161
f 3066/2747/3167 3067/2749/3169 3065/2748/3168 3064/2745/3165
f 3067/2749/3169 3066/2747/3167 3068/2750/3170 3069/2751/3171
f 3066/2747/3167 3063/2746/3166 3071/2752/3172 3068/2750/3170
f 3069/2751/3171 3068/2750/3170 3070/2753/3173 4916/2754/3174
f 3073/2755/3175 3070/2753/3173 3068/2750/3170 3071/2752/3172
f 3075/2756/3176 3073/2755/3175 3071/2752/3172 3072/2174/2594
f 3072/2174/2594 3071/2752/3172 3063/2746/3166 2491/2173/2593
f 3074/2757/3177 4921/2758/3178 3070/2753/3173 3073/2755/3175
f 3077/2759/3179 3074/2757/3177 3073/2755/3175 3075/2756/3176
f 3077/2759/3179 3075/2756/3176 3076/2166/2586 3079/2760/3180
f 2487/2167/2587 3076/2166/2586 3075/2756/3176 3072/2174/2594
f 3078/2761/3181 4968/2762/3182 3074/2757/3177 3077/2759/3179
f 3080/2763/3183 3078/2761/3181 3077/2759/3179 3079/2760/3180
f 3082/2764/3184 3080/2763/3183 3079/2760/3180 3081/2162/2582
f 2482/2160/2580 3081/2162/2582 3079/2760/3180 3076/2166/2586
f 3083/2765/3185 3081/2162/2582 2483/2159/2579 3085/2766/3186
f 3082/2764/3184 3081/2162/2582 3083/2765/3185 3086/2767/3187
f 3086/2767/3187 3083/2765/3185 3084/2768/3188 3087/2769/3189
f 3084/2768/3188 3083/2765/3185 3085/2766/3186 6279/2770/3190
f 3087/2769/3189 3091/2771/3191 3088/2772/3192 3086/2767/3187
f 3090/2773/3193 3082/2764/3184 3086/2767/3187 3088/2772/3192
f 3091/2771/3191 3092/2774/3194 3089/2775/3195 3088/2772/3192
f 3088/2772/3192 3089/2775/3195 4971/2776/3196 3090/2773/3193
f 3095/2777/3197 3093/2778/3198 3091/2771/3191 3087/2769/3189
f 3092/2774/3194 3091/2771/3191 3093/2778/3198 3096/2779/3199
f 3096/2779/3199 3093/2778/3198 3094/2780/3200 3098/2781/3201
f 6108/2782/3202 3094/2780/3200 3093/2778/3198 3095/2777/3197
f 3097/2783/3203 5019/2784/3204 3092/2774/3194 3096/2779/3199
f 3099/2785/3205 3097/2783/3203 3096/2779/3199 3098/2781/3201
f 3100/1715/2135 3099/2785/3205 3098/2781/3201 2077/1712/2132
f 3094/2780/3200 2075/1710/2130 2077/1712/2132 3098/2781/3201
f 3097/2783/3203 3099/2785/3205 3101/2786/3206 3102/2787/3207
f 3099/2785/3205 3100/1715/2135 3104/2788/3208 3101/2786/3206
f 3103/2789/3209 5020/2790/3210 3102/2787/3207 3101/2786/3206
f 3105/2791/3211 3103/2789/3209 3101/2786/3206 3104/2788/3208
f 3107/2792/3212 3105/2791/3211 3104/2788/3208 3106/2793/3213
f 3100/1715/2135 2078/1714/2134 3106/2793/3213 3104/2788/3208
f 3110/2794/3214 3107/2792/3212 3106/2793/3213 3108/2795/3215
f 2078/1714/2134 2080/1716/2136 3108/2795/3215 3106/2793/3213
f 2080/1716/2136 2082/1717/2137 3109/1727/2147 3108/2795/3215
f 3108/2795/3215 3109/1727/2147 3111/2796/3216 3110/2794/3214
f 3111/2796/3216 3115/2797/3217 3112/2798/3218 3110/2794/3214
f 3107/2792/3212 3110/2794/3214 3112/2798/3218 3113/2799/3219
f 5028/2800/3220 3113/2799/3219 3112/2798/3218 3114/2801/3221
f 3115/2797/3217 3116/2802/3222 3114/2801/3221 3112/2798/3218
f 3115/2797/3217 3111/2796/3216 2096/1734/2154 3117/1737/2157
f 3116/2802/3222 3115/2797/3217 3117/1737/2157 3118/2803/3223
f 2095/1735/2155 3120/2804/3224 3118/2803/3223 3117/1737/2157
f 5037/2805/3225 3116/2802/3222 3118/2803/3223 3119/2806/3226
f 3120/2804/3224 3121/2807/3227 3119/2806/3226 3118/2803/3223
f 3120/2804/3224 3122/2808/3228 3138/2809/3229 3121/2807/3227
f 3122/2808/3228 3120/2804/3224 3123/2810/3230 3124/2811/3231
f 3120/2804/3224 2095/1735/2155 2098/1736/2156 3123/2810/3230
f 3125/2812/3232 3127/2813/3233 3124/2811/3231 3123/2810/3230
f 2100/1739/2159 3125/2812/3232 3123/2810/3230 2098/1736/2156
f 3125/2812/3232 2100/1739/2159 4192/1742/2162 3126/2814/3234
f 3126/2814/3234 3128/2815/3235 3127/2813/3233 3125/2812/3232
f 3128/2815/3235 3131/2816/3236 3129/2817/3237 3127/2813/3233
f 3127/2813/3233 3129/2817/3237 3132/2818/3238 3124/2811/3231
f 3129/2817/3237 3130/2819/3239 3133/2820/3240 3132/2818/3238
f 3130/2819/3239 3129/2817/3237 3131/2816/3236 3795/2821/3241
f 3132/2818/3238 3133/2820/3240 3135/2822/3242 3134/2823/3243
f 3134/2823/3243 3122/2808/3228 3124/2811/3231 3132/2818/3238
f 3136/2824/3244 3134/2823/3243 3135/2822/3242 3140/2825/3245
f 3138/2809/3229 3122/2808/3228 3134/2823/3243 3136/2824/3244
f 3137/2826/3246 3136/2824/3244 3139/2827/3247 5074/2828/3248
f 3136/2824/3244 3137/2826/3246 3138/2809/3229
f 3139/2827/3247 3136/2824/3244 3140/2825/3245 3142/2829/3249
f 3140/2825/3245 3141/2830/3250 3145/2831/3251 3143/2832/3252
f 3141/2830/3250 3140/2825/3245 3135/2822/3242
f 3142/2829/3249 3140/2825/3245 3143/2832/3252 3147/2833/3253
f 3144/2834/3254 3784/2835/3255 3146/2836/3256 3143/2832/3252
f 3144/2834/3254 3143/2832/3252 3145/2831/3251
f 3148/2837/3257 3143/2832/3252 3146/2836/3256 3150/2838/3258
f 3148/2837/3257 3149/2839/3259 3147/2833/3253 3143/2832/3252
f 3149/2839/3259 3148/2837/3257 3151/2840/3260 3154/2841/3261
f 3148/2837/3257 3150/2838/3258 3152/2842/3262 3151/2840/3260
f 3151/2840/3260 3152/2842/3262 4379/2843/3263 3153/2844/3264
f 3153/2844/3264 3156/2845/3265 3154/2841/3261 3151/2840/3260
f 5083/2846/3266 3149/2839/3259 3154/2841/3261 3155/2847/3267
f 3156/2845/3265 3157/2848/3268 3155/2847/3267 3154/2841/3261
f 3157/2848/3268 3156/2845/3265 3158/2849/3269 3159/2850/3270
f 3160/2851/3271 3158/2849/3269 3156/2845/3265 3153/2844/3264
f 3159/2850/3270 3158/2849/3269 3161/2852/3272 3162/2853/3273
f 3163/2854/3274 3161/2852/3272 3158/2849/3269 3160/2851/3271
f 3164/2855/3275 3165/2856/3276 3162/2857/3273 3161/2858/3272
f 3161/2858/3272 3163/2859/3274 3167/2860/3277 3164/2855/3275
f 6042/2861/3278 3165/2856/3276 3164/2855/3275 3166/2862/3279
f 3168/2863/3280 3166/2862/3279 3164/2855/3275 3167/2860/3277
f 3170/2864/3281 3168/2863/3280 3167/2860/3277 3169/2865/3282
f 3169/2865/3282 3167/2860/3277 3163/2859/3274 3172/2866/3283
f 3171/2867/3284 3205/2868/3285 3170/2864/3281 3169/2865/3282
f 3169/2865/3282 3172/2866/3283 3174/2869/3286 3171/2867/3284
f 3172/2870/3283 3163/2854/3274 3160/2851/3271 3173/2871/3287
f 3174/2872/3286 3172/2870/3283 3173/2871/3287 3175/2873/3288
f 3176/2874/3289 3174/2872/3286 3175/2873/3288 3177/2875/3290
f 3174/2869/3286 3176/2876/3289 3179/2877/3291 3171/2867/3284
f 3177/2875/3290 3714/2878/3292 3178/2879/3293 3176/2874/3289
f 3181/2880/3294 3179/2877/3291 3176/2876/3289 3178/2881/3293
f 3205/2868/3285 3171/2867/3284 3179/2877/3291 3180/2882/3295
f 3181/2880/3294 3182/2883/3296 3180/2882/3295 3179/2877/3291
f 3183/2884/3297 3184/2885/3298 3182/2883/3296 3181/2880/3294
f 3183/2884/3297 3181/2880/3294 3178/2881/3293 3185/2886/3299
f 3189/2887/3300 3184/2885/3298 3183/2884/3297 3186/2888/3301
f 3186/2888/3301 3183/2884/3297 3185/2886/3299 3188/2889/3302
f 3190/2890/3303 3189/2887/3300 3186/2888/3301 3187/2891/3304
f 3187/2891/3304 3186/2888/3301 3188/2889/3302 3707/2892/3305
f 3192/2893/3306 3191/2894/3307 3189/2887/3300 3190/2890/3303
f 3184/2885/3298 3189/2887/3300 3191/2894/3307 3194/2895/3308
f 3191/2894/3307 3192/2893/3306 3673/2896/3309 3193/2897/3310
f 3194/2895/3308 3191/2894/3307 3193/2897/3310 3196/2898/3311
f 3184/2885/3298 3194/2895/3308 3195/2899/3312 3182/2883/3296
f 3198/2900/3313 3195/2899/3312 3194/2895/3308 3196/2898/3311
f 3702/2901/3314 3197/2902/3315 3196/2898/3311 3193/2897/3310
f 3196/2898/3311 3197/2902/3315 3199/2903/3316 3198/2900/3313
f 3198/2900/3313 3199/2903/3316 3202/2904/3317 3200/2905/3318
f 3195/2899/3312 3198/2900/3313 3200/2905/3318 3203/2906/3319
f 3201/2907/3320 3204/2908/3321 3203/2906/3319 3200/2905/3318
f 3213/2909/3322 3201/2907/3320 3200/2905/3318 3202/2904/3317
f 3182/2883/3296 3195/2899/3312 3203/2906/3319 3180/2882/3295
f 3204/2908/3321 3205/2868/3285 3180/2882/3295 3203/2906/3319
f 3205/2868/3285 3204/2908/3321 3206/2910/3323 3170/2864/3281
f 3208/2911/3324 3206/2910/3323 3204/2908/3321 3201/2907/3320
f 3207/2912/3325 3168/2863/3280 3170/2864/3281 3206/2910/3323
f 3206/2910/3323 3208/2911/3324 3209/2913/3326 3207/2912/3325
f 3209/2913/3326 3208/2911/3324 3210/2914/3327 3211/2915/3328
f 3201/2907/3320 3213/2909/3322 3210/2914/3327 3208/2911/3324
f 5177/2916/3329 3211/2915/3328 3210/2914/3327 3212/2917/3330
f 3212/2917/3330 3210/2914/3327 3214/2918/3331
f 3210/2914/3327 3213/2909/3322 3215/2919/3332 3214/2918/3331
f 3215/2919/3332 3218/2920/3333 3216/2921/3334 3214/2918/3331
f 3214/2918/3331 3216/2921/3334 3217/2922/3335 3212/2917/3330
f 3216/2921/3334 3219/2923/3336 3220/2924/3337 3217/2922/3335
f 3218/2920/3333 3222/2925/3338 3219/2923/3336 3216/2921/3334
f 5173/2926/3339 3220/2924/3337 3219/2923/3336 3221/2927/3340
f 3221/2927/3340 3219/2923/3336 3222/2925/3338 3224/2928/3341
f 3224/2928/3341 3222/2925/3338 3223/2929/3342 3225/2930/3343
f 6106/2931/3344 3223/2929/3342 3222/2925/3338 3218/2920/3333
f 3227/2932/3345 3221/2927/3340 3224/2928/3341 3226/2933/3346
f 3226/2933/3346 3224/2928/3341 3225/2930/3343 3229/2934/3347
f 5184/2935/3348 3227/2932/3345 3226/2933/3346 3228/2936/3349
f 3226/2933/3346 3229/2934/3347 3230/2937/3350 3228/2936/3349
f 3229/2934/3347 3231/2938/3351 3232/2939/3352 3230/2937/3350
f 3225/2930/3343 3234/2940/3353 3231/2938/3351 3229/2934/3347
f 6033/2941/3354 3232/2939/3352 3231/2938/3351 3233/2942/3355
f 3233/2942/3355 3231/2938/3351 3234/2940/3353 3236/2943/3356
f 3234/2940/3353 3225/2930/3343 3223/2929/3342 3235/2944/3357
f 3236/2943/3356 3234/2940/3353 3235/2944/3357 3238/2945/3358
f 3236/2943/3356 3237/2946/3359 6035/2947/3360 3233/2942/3355
f 3238/2945/3358 3240/2948/3361 3237/2946/3359 3236/2943/3356
f 3238/2945/3358 3235/2944/3357 6105/2949/3362 3239/2950/3363
f 3239/2950/3363 3242/2951/3364 3240/2948/3361 3238/2945/3358
f 6037/2952/3365 3237/2946/3359 3240/2948/3361 3241/2953/3366
f 3242/2951/3364 3243/2954/3367 3241/2953/3366 3240/2948/3361
f 3242/2951/3364 3244/2955/3368 3247/2956/3369 3243/2954/3367
f 3246/2957/3370 3244/2955/3368 3242/2951/3364 3239/2950/3363
f 3249/2958/3371 3247/2956/3369 3244/2955/3368 3245/2959/3372
f 3245/2959/3372 3244/2955/3368 3246/2957/3370 6101/2960/3373
f 3243/2954/3367 3247/2956/3369 3248/2961/3374 6040/2962/3375
f 3251/2963/3376 3248/2961/3374 3247/2956/3369 3249/2958/3371
f 3245/2959/3372 3202/2904/3317 3199/2903/3316 3249/2958/3371
f 3251/2963/3376 3249/2958/3371 3250/2964/3377 3252/2965/3378
f 3250/2964/3377 3249/2958/3371 3199/2903/3316 3197/2902/3315
f 3252/2965/3378 3253/2966/3379 3248/2961/3374 3251/2963/3376
f 3254/2967/3380 3255/2968/3381 3253/2966/3379 3252/2965/3378
f 3252/2965/3378 3250/2964/3377 3257/2969/3382 3254/2967/3380
f 3256/2970/3383 3272/2971/3384 3255/2968/3381 3254/2967/3380
f 3254/2967/3380 3257/2969/3382 3258/2972/3385 3256/2970/3383
f 3257/2969/3382 3197/2902/3315 3260/2973/3386 3258/2972/3385
f 3257/2969/3382 3250/2964/3377 3197/2902/3315
f 3256/2970/3383 3258/2972/3385 3259/2974/3387 3270/2975/3388
f 3259/2974/3387 3258/2972/3385 3260/2973/3386
f 3262/2976/3389 3260/2973/3386 3261/2977/3390 3264/2978/3391
f 3702/2901/3314 3261/2977/3390 3260/2973/3386 3197/2902/3315
f 3259/2974/3387 3260/2973/3386 3262/2976/3389 3266/2979/3392
f 3265/2980/3393 3262/2976/3389 3263/2981/3394 3524/2982/3395
f 3264/2978/3391 3683/2983/3396 3263/2981/3394 3262/2976/3389
f 3265/2980/3393 3266/2979/3392 3262/2976/3389
f 3265/2980/3393 3269/2984/3397 3267/2985/3398 3266/2979/3392
f 3266/2979/3392 3267/2985/3398 3270/2975/3388 3259/2974/3387
f 3271/2986/3399 3270/2975/3388 3267/2985/3398 3268/2987/3400
f 3269/2984/3397 3528/2988/3401 3268/2987/3400 3267/2985/3398
f 3270/2975/3388 3271/2986/3399 3272/2971/3384 3256/2970/3383
f 3271/2986/3399 3268/2987/3400 3275/2989/3402 3273/2990/3403
f 3276/2991/3404 3272/2971/3384 3271/2986/3399 3273/2990/3403
f 3276/2991/3404 3273/2990/3403 3274/2992/3405 3278/2993/3406
f 3274/2992/3405 3273/2990/3403 3275/2989/3402 3501/2994/3407
f 3277/2995/3408 3255/2968/3381 3272/2971/3384 3276/2991/3404
f 3278/2993/3406 3280/2996/3409 3277/2995/3408 3276/2991/3404
f 3278/2993/3406 3279/2997/3410 3282/2998/3411 3280/2996/3409
f 3274/2992/3405 3499/2999/3412 3279/2997/3410 3278/2993/3406
f 3280/2996/3409 3281/3000/3413 6041/3001/3414 3277/2995/3408
f 3281/3000/3413 3280/2996/3409 3282/2998/3411 3283/3002/3415
f 3283/3002/3415 3282/2998/3411 3284/3003/3416 3287/3004/3417
f 3282/2998/3411 3279/2997/3410 3286/3005/3418 3284/3003/3416
f 3287/3004/3417 3284/3003/3416 3285/3006/3419 3289/3007/3420
f 3285/3006/3419 3284/3003/3416 3286/3005/3418 3494/3008/3421
f 3287/3004/3417 3288/3009/3422 6038/3010/3423 3283/3002/3415
f 3288/3009/3422 3287/3004/3417 3289/3007/3420 3291/3011/3424
f 3290/3012/3425 3293/3013/3426 3291/3011/3424 3289/3007/3420
f 3491/3014/3427 3290/3012/3425 3289/3007/3420 3285/3006/3419
f 6036/3015/3428 3288/3009/3422 3291/3011/3424 3292/3016/3429
f 3293/3013/3426 3294/3017/3430 3292/3016/3429 3291/3011/3424
f 3294/3017/3430 3293/3013/3426 3295/3018/3431 3298/3019/3432
f 3297/3020/3433 3295/3018/3431 3293/3013/3426 3290/3012/3425
f 3298/3019/3432 3295/3018/3431 3296/3021/3434 3300/3022/3435
f 3296/3021/3434 3295/3018/3431 3297/3020/3433 3486/3023/3436
f 3298/3019/3432 3299/3024/3437 6032/3025/3438 3294/3017/3430
f 3299/3024/3437 3298/3019/3432 3300/3022/3435 3302/3026/3439
f 3301/3027/3440 3303/3028/3441 3302/3026/3439 3300/3022/3435
f 3483/3029/3442 3301/3027/3440 3300/3022/3435 3296/3021/3434
f 3302/3026/3439 3303/3028/3441 3307/3030/3443 3304/3031/3444
f 3305/3032/3445 3299/3024/3437 3302/3026/3439 3304/3031/3444
f 6029/3033/3446 3305/3032/3445 3304/3031/3444 3306/3034/3447
f 3308/3035/3448 3306/3034/3447 3304/3031/3444 3307/3030/3443
f 3307/3030/3443 3309/3036/3449 3310/3037/3450 3308/3035/3448
f 3303/3028/3441 3312/3038/3451 3309/3036/3449 3307/3030/3443
f 3311/3039/3452 3338/3040/3453 3310/3037/3450 3309/3036/3449
f 3314/3041/3454 3311/3039/3452 3309/3036/3449 3312/3038/3451
f 3315/3042/3455 3314/3041/3454 3312/3038/3451 3313/3043/3456
f 3301/3027/3440 3313/3043/3456 3312/3038/3451 3303/3028/3441
f 3314/3041/3454 3315/3042/3455 3318/3044/3457 3316/3045/3458
f 3316/3045/3458 3319/3046/3459 3311/3039/3452 3314/3041/3454
f 3317/3047/3460 3321/3048/3461 3319/3046/3459 3316/3045/3458
f 3317/3047/3460 3316/3045/3458 3318/3044/3457 3425/3049/3462
f 3319/3046/3459 3320/3050/3463 3338/3040/3453 3311/3039/3452
f 3321/3048/3461 3322/3051/3464 3320/3050/3463 3319/3046/3459
f 3323/3052/3465 3326/3053/3466 3322/3051/3464 3321/3048/3461
f 3324/3054/3467 3323/3052/3465 3321/3048/3461 3317/3047/3460
f 3323/3052/3465 3324/3054/3467 3423/3055/3468 3325/3056/3469
f 3326/3053/3466 3323/3052/3465 3325/3056/3469 3327/3057/3470
f 3326/3053/3466 3327/3057/3470 3329/3058/3471 3328/3059/3472
f 3328/3059/3472 3331/3060/3473 3322/3051/3464 3326/3053/3466
f 3330/3061/3474 3328/3059/3472 3329/3058/3471 6094/3062/3475
f 3328/3059/3472 3330/3061/3474 3333/3063/3476 3331/3060/3473
f 3335/3064/3477 3334/3065/3478 3331/3060/3473 3332/3066/3479
f 3332/3066/3479 3331/3060/3473 3333/3063/3476 6100/3067/3480
f 3322/3051/3464 3331/3060/3473 3334/3065/3478 3320/3050/3463
f 3334/3065/3478 3335/3064/3477 3337/3068/3481 3336/3069/3482
f 3336/3069/3482 3338/3040/3453 3320/3050/3463 3334/3065/3478
f 3336/3069/3482 3337/3068/3481 3340/3070/3483 3339/3071/3484
f 3338/3040/3453 3336/3069/3482 3339/3071/3484 3310/3037/3450
f 3308/3035/3448 3310/3037/3450 3339/3071/3484 3341/3072/3485
f 3341/3072/3485 3339/3071/3484 3340/3070/3483 3343/3073/3486
f 3308/3035/3448 3341/3072/3485 3342/3074/3487 3306/3034/3447
f 3343/3073/3486 3344/3075/3488 3342/3074/3487 3341/3072/3485
f 3344/3075/3488 3343/3073/3486 3345/3076/3489 3348/3077/3490
f 3343/3073/3486 3340/3070/3483 3346/3078/3491 3345/3076/3489
f 3345/3076/3489 3346/3078/3491 3360/3079/3492 3347/3080/3493
f 3347/3080/3493 3350/3081/3494 3348/3077/3490 3345/3076/3489
f 6027/3082/3495 3344/3075/3488 3348/3077/3490 3349/3083/3496
f 3349/3083/3496 3348/3077/3490 3350/3081/3494 3351/3084/3497
f 3351/3084/3497 3350/3081/3494 3352/3085/3498 3353/3086/3499
f 3355/3087/3500 3352/3085/3498 3350/3081/3494 3347/3080/3493
f 3354/3088/3501 5190/3089/3502 3353/3086/3499 3352/3085/3498
f 3356/3090/3503 3354/3088/3501 3352/3085/3498 3355/3087/3500
f 3357/3091/3504 3358/3092/3505 3356/3090/3503 3355/3087/3500
f 3347/3080/3493 3360/3079/3492 3357/3091/3504 3355/3087/3500
f 3359/3093/3506 5265/3094/3507 3358/3092/3505 3357/3091/3504
f 3360/3079/3492 3361/3095/3508 3359/3093/3506 3357/3091/3504
f 3361/3095/3508 3360/3079/3492 3346/3078/3491 3363/3096/3509
f 3359/3093/3506 3361/3095/3508 3362/3097/3510 5269/3098/3511
f 3363/3096/3509 3364/3099/3512 3362/3097/3510 3361/3095/3508
f 3337/3068/3481 3335/3064/3477 3364/3099/3512 3363/3096/3509
f 3363/3096/3509 3346/3078/3491 3340/3070/3483 3337/3068/3481
f 3364/3099/3512 3335/3064/3477 3332/3066/3479 3365/3100/3513
f 3362/3097/3510 3364/3099/3512 3365/3100/3513 3367/3101/3514
f 3365/3100/3513 3332/3066/3479 6100/3067/3480 3366/3102/3515
f 3367/3101/3514 3365/3100/3513 3366/3102/3515 3369/3103/3516
f 5269/3098/3511 3362/3097/3510 3367/3101/3514 3368/3104/3517
f 3368/3104/3517 3367/3101/3514 3369/3103/3516 3370/3105/3518
f 3370/3105/3518 3369/3103/3516 3371/3106/3519 3374/3107/3520
f 3369/3103/3516 3366/3102/3515 3373/3108/3521 3371/3106/3519
f 3372/3109/3522 3376/3110/3523 3374/3107/3520 3371/3106/3519
f 3385/3111/3524 3372/3109/3522 3371/3106/3519 3373/3108/3521
f 3370/3105/3518 3374/3107/3520 3375/3112/3525 5268/3113/3526
f 3376/3110/3523 3377/3114/3527 3375/3112/3525 3374/3107/3520
f 3378/3115/3528 3379/3116/3529 3377/3114/3527 3376/3110/3523
f 3372/3109/3522 3380/3117/3530 3378/3115/3528 3376/3110/3523
f 3380/3117/3530 3381/3118/3531 3379/3116/3529 3378/3115/3528
f 3382/3119/3532 3383/3120/3533 3381/3118/3531 3380/3117/3530
f 3380/3117/3530 3372/3109/3522 3385/3111/3524 3382/3119/3532
f 5246/3121/3534 3383/3120/3533 3382/3119/3532 3384/3122/3535
f 3385/3111/3524 3386/3123/3536 3384/3122/3535 3382/3119/3532
f 3373/3108/3521 3387/3124/3537 3386/3123/3536 3385/3111/3524
f 3387/3124/3537 3389/3125/3538 3388/3126/3539 3386/3123/3536
f 3386/3123/3536 3388/3126/3539 3390/3127/3540 3384/3122/3535
f 3391/3128/3541 3388/3126/3539 3389/3125/3538 3392/3129/3542
f 3388/3126/3539 3391/3128/3541 3394/3130/3543 3390/3127/3540
f 3391/3128/3541 3392/3129/3542 6095/3131/3544 3393/3132/3545
f 3393/3132/3545 3396/3133/3546 3394/3130/3543 3391/3128/3541
f 3390/3127/3540 3394/3130/3543 3395/3134/3547 5245/3135/3548
f 3395/3134/3547 3394/3130/3543 3396/3133/3546 3398/3136/3549
f 3397/3137/3550 3400/3138/3551 3398/3136/3549 3396/3133/3546
f 3393/3132/3545 6096/3139/3552 3397/3137/3550 3396/3133/3546
f 3399/3140/3553 3398/3136/3549 3400/3138/3551 3402/3141/3554
f 3398/3136/3549 3399/3140/3553 5242/3142/3555 3395/3134/3547
f 3401/3143/3556 3403/3144/3557 3402/3141/3554 3400/3138/3551
f 6098/3145/3558 3401/3143/3556 3400/3138/3551 3397/3137/3550
f 3404/3146/3559 3402/3141/3554 3403/3144/3557 3407/3147/3560
f 3402/3141/3554 3404/3146/3559 3405/3148/3561 3399/3140/3553
f 3404/3146/3559 3406/3149/3562 5240/3150/3563 3405/3148/3561
f 3406/3149/3562 3404/3146/3559 3407/3147/3560 3409/3151/3564
f 3407/3147/3560 3403/3144/3557 6084/3152/3565 3408/3153/3566
f 3409/3151/3564 3407/3147/3560 3408/3153/3566 3411/3154/3567
f 5270/3155/3568 3406/3149/3562 3409/3151/3564 3410/3156/3569
f 3410/3156/3569 3409/3151/3564 3411/3154/3567 3412/3157/3570
f 3412/3157/3570 3411/3154/3567 3413/3158/3571 3414/3159/3572
f 3411/3154/3567 3408/3153/3566 3415/3160/3573 3413/3158/3571
f 3417/3161/3574 3414/3159/3572 3413/3158/3571 3416/3162/3575
f 3419/3163/3576 3416/3162/3575 3413/3158/3571 3415/3160/3573
f 3417/3161/3574 3416/3162/3575 3418/3164/3577 3433/3165/3578
f 3416/3162/3575 3419/3163/3576 3421/3166/3579 3418/3164/3577
f 3419/3163/3576 3420/3167/3580 3423/3055/3468 3421/3166/3579
f 3420/3167/3580 3419/3163/3576 3415/3160/3573 6082/3168/3581
f 3422/3169/3582 3424/3170/3583 3418/3164/3577 3421/3166/3579
f 3422/3169/3582 3421/3166/3579 3423/3055/3468 3324/3054/3467
f 3325/3056/3469 3423/3055/3468 3420/3167/3580 6081/3171/3584
f 3424/3170/3583 3422/3169/3582 3425/3049/3462 3426/3172/3585
f 3324/3054/3467 3317/3047/3460 3425/3049/3462 3422/3169/3582
f 3426/3172/3585 3425/3049/3462 3318/3044/3457 3427/3173/3586
f 3426/3172/3585 3427/3173/3586 3429/3174/3587 3428/3175/3588
f 3424/3170/3583 3426/3172/3585 3428/3175/3588 3431/3176/3589
f 3472/3177/3590 3430/3178/3591 3428/3175/3588 3429/3174/3587
f 3431/3176/3589 3428/3175/3588 3430/3178/3591 3432/3179/3592
f 3431/3176/3589 3432/3179/3592 3434/3180/3593 3433/3165/3578
f 3424/3170/3583 3431/3176/3589 3433/3165/3578 3418/3164/3577
f 3436/3181/3594 3417/3161/3574 3433/3165/3578 3434/3180/3593
f 3432/3179/3592 3468/3182/3595 3435/3183/3596 3434/3180/3593
f 3434/3180/3593 3435/3183/3596 3437/3184/3597 3436/3181/3594
f 3436/3181/3594 3437/3184/3597 3439/3185/3598 3438/3186/3599
f 3417/3161/3574 3436/3181/3594 3438/3186/3599 3414/3159/3572
f 3438/3186/3599 3439/3185/3598 3441/3187/3600 3414/3159/3572
f 3440/3188/3601 3439/3185/3598 3437/3184/3597 3450/3189/3602
f 3439/3185/3598 3440/3188/3601 3443/3190/3603 3441/3187/3600
f 3412/3157/3570 3414/3159/3572 3441/3187/3600 3442/3191/3604
f 3443/3190/3603 3442/3191/3604 3441/3187/3600
f 3445/3192/3605 3442/3191/3604 3443/3190/3603 3444/3193/3606
f 3440/3188/3601 3447/3194/3607 3444/3193/3606 3443/3190/3603
f 3444/3193/3606 3446/3195/3608 5284/3196/3609 3445/3192/3605
f 3447/3194/3607 3448/3197/3610 3446/3195/3608 3444/3193/3606
f 3447/3194/3607 3440/3188/3601 3450/3189/3602 3449/3198/3611
f 3449/3198/3611 3452/3199/3612 3448/3197/3610 3447/3194/3607
f 3449/3198/3611 3450/3189/3602 3469/3200/3613 3451/3201/3614
f 3451/3201/3614 3453/3202/3615 3452/3199/3612 3449/3198/3611
f 3454/3203/3616 3452/3199/3612 3453/3202/3615 3456/3204/3617
f 3452/3199/3612 3454/3203/3616 3455/3205/3618 3448/3197/3610
f 3456/3204/3617 3458/3206/3619 3455/3205/3618 3454/3203/3616
f 3460/3207/3620 3457/3208/3621 3456/3204/3617 3459/3209/3622
f 3456/3204/3617 3457/3208/3621 5288/3210/3623 3458/3206/3619
f 3459/3209/3622 3456/3204/3617 3453/3202/3615 3462/3211/3624
f 5301/3212/3625 3460/3207/3620 3459/3209/3622 3461/3213/3626
f 3461/3213/3626 3459/3209/3622 3462/3211/3624 3463/3214/3627
f 3463/3214/3627 3462/3211/3624 3464/3215/3628 3465/3216/3629
f 3462/3211/3624 3453/3202/3615 3451/3201/3614 3464/3215/3628
f 3465/3216/3629 3464/3215/3628 3466/3217/3630 3467/3218/3631
f 3464/3215/3628 3451/3201/3614 3469/3200/3613 3466/3217/3630
f 3467/3218/3631 3466/3217/3630 3468/3182/3595 3470/3219/3632
f 3466/3217/3630 3469/3200/3613 3435/3183/3596 3468/3182/3595
f 3450/3189/3602 3437/3184/3597 3435/3183/3596 3469/3200/3613
f 3432/3179/3592 3430/3178/3591 3470/3219/3632 3468/3182/3595
f 3470/3219/3632 3471/3220/3633 3473/3221/3634 3467/3218/3631
f 3471/3220/3633 3470/3219/3632 3430/3178/3591 3472/3177/3590
f 3474/3222/3635 3471/3220/3633 3472/3177/3590 3477/3223/3636
f 3475/3224/3637 3473/3221/3634 3471/3220/3633 3474/3222/3635
f 3474/3222/3635 3476/3225/3638 6078/3226/3639 3475/3224/3637
f 3478/3227/3640 3476/3225/3638 3474/3222/3635 3477/3223/3636
f 3480/3228/3641 3478/3227/3640 3477/3223/3636 3479/3229/3642
f 3477/3223/3636 3472/3177/3590 3429/3174/3587 3479/3229/3642
f 3480/3228/3641 3479/3229/3642 3481/3230/3643 3482/3231/3644
f 3479/3229/3642 3429/3174/3587 3427/3173/3586 3481/3230/3643
f 3313/3043/3456 3482/3231/3644 3481/3230/3643 3315/3042/3455
f 3315/3042/3455 3481/3230/3643 3427/3173/3586 3318/3044/3457
f 3301/3027/3440 3483/3029/3442 3482/3231/3644 3313/3043/3456
f 3484/3232/3645 3480/3228/3641 3482/3231/3644 3483/3029/3442
f 3483/3029/3442 3296/3021/3434 3486/3023/3436 3484/3232/3645
f 3484/3232/3645 3485/3233/3646 3478/3227/3640 3480/3228/3641
f 3486/3023/3436 3487/3234/3647 3485/3233/3646 3484/3232/3645
f 3297/3020/3433 3489/3235/3648 3487/3234/3647 3486/3023/3436
f 6080/3236/3649 3485/3233/3646 3487/3234/3647 3488/3237/3650
f 3489/3235/3648 3490/3238/3651 3488/3237/3650 3487/3234/3647
f 3490/3238/3651 3489/3235/3648 3491/3014/3427 3492/3239/3652
f 3290/3012/3425 3491/3014/3427 3489/3235/3648 3297/3020/3433
f 3491/3014/3427 3285/3006/3419 3494/3008/3421 3492/3239/3652
f 3507/3240/3653 3490/3238/3651 3492/3239/3652 3493/3241/3654
f 3495/3242/3655 3493/3241/3654 3492/3239/3652 3494/3008/3421
f 3497/3243/3656 3495/3242/3655 3494/3008/3421 3286/3005/3418
f 3493/3241/3654 3495/3242/3655 3496/3244/3657 3505/3245/3658
f 3495/3242/3655 3497/3243/3656 3498/3246/3659 3496/3244/3657
f 3498/3246/3659 3497/3243/3656 3286/3005/3418 3279/2997/3410
f 3500/3247/3660 3496/3244/3657 3498/3246/3659 3499/2999/3412
f 3498/3246/3659 3279/2997/3410 3499/2999/3412
f 3500/3247/3660 3499/2999/3412 3274/2992/3405 3501/2994/3407
f 3504/3248/3661 3502/3249/3662 3500/3247/3660 3501/2994/3407
f 3502/3249/3662 3505/3245/3658 3496/3244/3657 3500/3247/3660
f 3502/3249/3662 3503/3250/3663 3506/3251/3664 3505/3245/3658
f 3504/3248/3661 6071/3252/3665 3503/3250/3663 3502/3249/3662
f 3507/3240/3653 3493/3241/3654 3505/3245/3658 3506/3251/3664
f 3511/3253/3666 3507/3240/3653 3506/3251/3664 3508/3254/3667
f 3503/3250/3663 3512/3255/3668 3508/3254/3667 3506/3251/3664
f 3509/3256/3669 6079/3257/3670 3511/3253/3666 3508/3254/3667
f 3510/3258/3671 6074/3259/3672 3509/3256/3669 3508/3254/3667
f 3512/3255/3668 3514/3260/3673 3510/3258/3671 3508/3254/3667
f 3514/3260/3673 3512/3255/3668 3513/3261/3674 3516/3262/3675
f 3513/3261/3674 3512/3255/3668 3503/3250/3663 6071/3252/3665
f 6072/3263/3676 3510/3258/3671 3514/3260/3673 3515/3264/3677
f 3515/3264/3677 3514/3260/3673 3516/3262/3675 3517/3265/3678
f 3518/3266/3679 3519/3267/3680 3517/3265/3678 3516/3262/3675
f 3516/3262/3675 3513/3261/3674 3521/3268/3681 3518/3266/3679
f 3520/3269/3682 3519/3267/3680 3518/3266/3679
f 3518/3266/3679 3521/3268/3681 3523/3270/3683 3520/3269/3682
f 3523/3270/3683 3521/3268/3681 3522/3271/3684 3526/3272/3685
f 6071/3252/3665 3522/3271/3684 3521/3268/3681 3513/3261/3674
f 3526/3272/3685 3527/3273/3686 3524/2982/3395 3523/3270/3683
f 3523/3270/3683 3524/2982/3395 3530/3274/3687 3525/3275/3688
f 3520/3269/3682 3523/3270/3683 3525/3275/3688 3531/3276/3689
f 3528/2988/3401 3269/2984/3397 3527/3273/3686 3526/3272/3685
f 3528/2988/3401 3526/3272/3685 3522/3271/3684 3529/3277/3690
f 3268/2987/3400 3528/2988/3401 3529/3277/3690 3275/2989/3402
f 3501/2994/3407 3275/2989/3402 3529/3277/3690 3504/3248/3661
f 3504/3248/3661 3529/3277/3690 3522/3271/3684 6071/3252/3665
f 3527/3273/3686 3269/2984/3397 3265/2980/3393 3524/2982/3395
f 3525/3275/3688 3530/3274/3687 3535/3278/3691 3532/3279/3692
f 3531/3276/3689 3525/3275/3688 3532/3279/3692 3533/3280/3693
f 3533/3280/3693 3532/3279/3692 3534/3281/3694 5314/3282/3695
f 3537/3283/3696 3534/3281/3694 3532/3279/3692 3535/3278/3691
f 3530/3274/3687 3697/3284/3697 3536/3285/3698 3535/3278/3691
f 3535/3278/3691 3536/3285/3698 3538/3286/3699 3537/3283/3696
f 3537/3283/3696 3538/3286/3699 3540/3287/3700 3539/3288/3701
f 3534/3281/3694 3537/3283/3696 3539/3288/3701 3542/3289/3702
f 3539/3288/3701 3540/3287/3700 3553/3290/3703 3541/3291/3704
f 3541/3291/3704 3544/3292/3705 3542/3289/3702 3539/3288/3701
f 5314/3282/3695 3534/3281/3694 3542/3289/3702 3543/3293/3706
f 3543/3293/3706 3542/3289/3702 3544/3292/3705 3545/3294/3707
f 3545/3294/3707 3544/3292/3705 3546/3295/3708 3547/3296/3709
f 3544/3292/3705 3541/3291/3704 3549/3297/3710 3546/3295/3708
f 3547/3296/3709 3546/3295/3708 3548/3298/3711 4402/3299/3712
f 3549/3297/3710 3550/3300/3713 3548/3298/3711 3546/3295/3708
f 3551/3301/3714 3554/3302/3715 3550/3300/3713 3549/3297/3710
f 3541/3291/3704 3553/3290/3703 3551/3301/3714 3549/3297/3710
f 3554/3302/3715 3551/3301/3714 3552/3303/3716 3556/3304/3717
f 3553/3290/3703 3568/3305/3718 3552/3303/3716 3551/3301/3714
f 4398/3306/3719 3550/3300/3713 3554/3302/3715 3555/3307/3720
f 3556/3304/3717 3557/3308/3721 3555/3307/3720 3554/3302/3715
f 3556/3304/3717 3558/3309/3722 3560/3310/3723 3557/3308/3721
f 3552/3303/3716 3559/3311/3724 3558/3309/3722 3556/3304/3717
f 3561/3312/3725 3558/3309/3722 3559/3311/3724 3563/3313/3726
f 3562/3314/3727 3560/3310/3723 3558/3309/3722 3561/3312/3725
f 4383/1915/2335 3562/3314/3727 3561/3312/3725 2254/1912/2332
f 2254/1912/2332 3561/3312/3725 3563/3313/3726 2252/1910/2330
f 3566/3315/3728 3564/3316/3729 3563/3313/3726 3559/3311/3724
f 2252/1910/2330 3563/3313/3726 3564/3316/3729 2250/1909/2329
f 3565/3317/3730 4382/1899/2319 2250/1909/2329 3564/3316/3729
f 3567/3318/3731 3565/3317/3730 3564/3316/3729 3566/3315/3728
f 3569/3319/3732 3567/3318/3731 3566/3315/3728 3568/3305/3718
f 3568/3305/3718 3566/3315/3728 3559/3311/3724 3552/3303/3716
f 3568/3305/3718 3553/3290/3703 3540/3287/3700 3569/3319/3732
f 3567/3318/3731 3569/3319/3732 3570/3320/3733 3571/3321/3734
f 3538/3286/3699 3570/3320/3733 3569/3319/3732 3540/3287/3700
f 3571/3321/3734 3570/3320/3733 3572/3322/3735 3574/3323/3736
f 3570/3320/3733 3538/3286/3699 3536/3285/3698 3572/3322/3735
f 3572/3322/3735 3536/3285/3698 3697/3284/3697 3573/3324/3737
f 3573/3324/3737 3576/3325/3738 3574/3323/3736 3572/3322/3735
f 4381/3326/3739 3571/3321/3734 3574/3323/3736 3575/3327/3740
f 3575/3327/3740 3574/3323/3736 3576/3325/3738 3578/3328/3741
f 3578/3328/3741 3576/3325/3738 3577/3329/3742 3579/3330/3743
f 3698/3331/3744 3577/3329/3742 3576/3325/3738 3573/3324/3737
f 3578/3328/3741 2236/1893/2313 2238/1894/2314 3575/3327/3740
f 3579/3330/3743 3580/1883/2303 2236/1893/2313 3578/3328/3741
f 3580/1883/2303 3579/3330/3743 3581/3332/3745 2226/1880/2300
f 3579/3330/3743 3577/3329/3742 3582/3333/3746 3581/3332/3745
f 2226/1880/2300 3581/3332/3745 3583/3334/3747 2224/1878/2298
f 3581/3332/3745 3582/3333/3746 3584/3335/3748 3583/3334/3747
f 3583/3334/3747 3584/3335/3748 3587/3336/3749 3585/3337/3750
f 3585/3337/3750 2222/1877/2297 2224/1878/2298 3583/3334/3747
f 3586/3338/3751 4254/1876/2296 2222/1877/2297 3585/3337/3750
f 3585/3337/3750 3587/3336/3749 3589/3339/3752 3586/3338/3751
f 3588/3340/3753 3591/3341/3754 3589/3339/3752 3587/3336/3749
f 3584/3335/3748 3700/3342/3755 3588/3340/3753 3587/3336/3749
f 3586/3338/3751 3589/3339/3752 3590/3343/3756 4253/3344/3757
f 3592/3345/3758 3590/3343/3756 3589/3339/3752 3591/3341/3754
f 3591/3341/3754 3593/3346/3759 4269/3347/3760 3592/3345/3758
f 3594/3348/3761 3597/3349/3762 3593/3346/3759 3591/3341/3754
f 3588/3340/3753 3596/3350/3763 3594/3348/3761 3591/3341/3754
f 3595/3351/3764 3598/3352/3765 3597/3349/3762 3594/3348/3761
f 3595/3351/3764 3594/3348/3761 3596/3350/3763 3685/3353/3766
f 3598/3352/3765 3600/3354/3767 3599/3355/3768 3597/3349/3762
f 3597/3349/3762 3599/3355/3768 3601/3356/3769 3593/3346/3759
f 3602/3357/3770 3599/3355/3768 3600/3354/3767 3605/3358/3771
f 3603/3359/3772 3601/3356/3769 3599/3355/3768 3602/3357/3770
f 4277/3360/3773 3603/3359/3772 3602/3357/3770 3604/3361/3774
f 3604/3361/3774 3602/3357/3770 3605/3358/3771 3606/3362/3775
f 3606/3362/3775 3605/3358/3771 3607/3363/3776 3608/3364/3777
f 3605/3358/3771 3600/3354/3767 3609/3365/3778 3607/3363/3776
f 3613/3366/3779 3608/3364/3777 3607/3363/3776 3610/3367/3780
f 3607/3363/3776 3609/3365/3778 3611/3368/3781 3610/3367/3780
f 3610/3367/3780 3611/3368/3781 3691/3369/3782 3612/3370/3783
f 3610/3367/3780 3612/3370/3783 3614/3371/3784 3613/3366/3779
f 3613/3366/3779 3614/3371/3784 3616/3372/3785 3615/3373/3786
f 3608/3364/3777 3613/3366/3779 3615/3373/3786 3617/3374/3787
f 3615/3373/3786 3616/3372/3785 3621/3375/3788 3618/3376/3789
f 3617/3374/3787 3615/3373/3786 3618/3376/3789 3619/3377/3790
f 3619/3377/3790 3618/3376/3789 3620/3378/3791 4285/3379/3792
f 3618/3376/3789 3621/3375/3788 3622/3380/3793 3620/3378/3791
f 3621/3375/3788 3623/3381/3794 3624/3382/3795 3622/3380/3793
f 3616/3372/3785 3626/3383/3796 3623/3381/3794 3621/3375/3788
f 3623/3381/3794 3625/3384/3797 4380/3385/3798 3624/3382/3795
f 3626/3383/3796 3627/3386/3799 3625/3384/3797 3623/3381/3794
f 3628/3387/3800 3629/3388/3801 3627/3386/3799 3626/3383/3796
f 3614/3371/3784 3628/3387/3800 3626/3383/3796 3616/3372/3785
f 3629/3388/3801 3628/3387/3800 3630/3389/3802 3632/3390/3803
f 3612/3370/3783 3630/3389/3802 3628/3387/3800 3614/3371/3784
f 3630/3389/3802 3631/3391/3804 3633/3392/3805 3632/3390/3803
f 3612/3370/3783 3691/3369/3782 3631/3391/3804 3630/3389/3802
f 3634/3393/3806 3632/3390/3803 3633/3392/3805 3635/3394/3807
f 3637/3395/3808 3629/3388/3801 3632/3390/3803 3634/3393/3806
f 3636/3396/3809 3634/3393/3806 3635/3394/3807 3665/3397/3810
f 3634/3393/3806 3636/3396/3809 3638/3398/3811 3637/3395/3808
f 3637/3395/3808 3638/3398/3811 3640/3399/3812 3639/3400/3813
f 3629/3388/3801 3637/3395/3808 3639/3400/3813 3627/3386/3799
f 3639/3400/3813 3640/3399/3812 3643/3401/3814 3641/3402/3815
f 3627/3386/3799 3639/3400/3813 3641/3402/3815 3625/3384/3797
f 3625/3384/3797 3641/3402/3815 3642/3403/3816 4380/3385/3798
f 3641/3402/3815 3643/3401/3814 3644/3404/3817 3642/3403/3816
f 3643/3401/3814 3645/3405/3818 3646/3406/3819 3644/3404/3817
f 3640/3399/3812 3648/3407/3820 3645/3405/3818 3643/3401/3814
f 3645/3405/3818 3647/3408/3821 4360/3409/3822 3646/3406/3819
f 3648/3407/3820 3649/3410/3823 3647/3408/3821 3645/3405/3818
f 3649/3410/3823 3648/3407/3820 3650/3411/3824 3651/3412/3825
f 3638/3398/3811 3650/3411/3824 3648/3407/3820 3640/3399/3812
f 3654/3413/3826 3651/3412/3825 3650/3411/3824 3652/3414/3827
f 3636/3396/3809 3652/3414/3827 3650/3411/3824 3638/3398/3811
f 3652/3414/3827 3636/3396/3809 3665/3397/3810 3653/3415/3828
f 3656/3416/3829 3654/3413/3826 3652/3414/3827 3653/3415/3828
f 3655/3417/3830 4356/3418/3831 3651/3419/3825 3654/3420/3826
f 3657/3421/3832 3655/3417/3830 3654/3420/3826 3656/3422/3829
f 3657/3421/3832 3656/3422/3829 3658/3423/3833 3659/3424/3834
f 3658/3425/3833 3656/3416/3829 3653/3415/3828 3661/3426/3835
f 3659/3424/3834 3658/3423/3833 3660/3427/3836 4375/3428/3837
f 3661/3426/3835 3662/3429/3838 3660/3430/3836 3658/3425/3833
f 3662/3429/3838 3661/3426/3835 3663/3431/3839 3664/3432/3840
f 3661/3426/3835 3653/3415/3828 3665/3397/3810 3663/3431/3839
f 3666/3433/3841 3668/3434/3842 3664/3432/3840 3663/3431/3839
f 3663/3431/3839 3665/3397/3810 3635/3394/3807 3666/3433/3841
f 3666/3433/3841 3635/3394/3807 3633/3392/3805 3667/3435/3843
f 3667/3435/3843 3670/3436/3844 3668/3434/3842 3666/3433/3841
f 3670/3436/3844 3672/3437/3845 3669/3438/3846 3668/3434/3842
f 3668/3434/3842 3669/3438/3846 3703/3439/3847 3664/3432/3840
f 3671/3440/3848 3674/3441/3849 3672/3437/3845 3670/3436/3844
f 3692/3442/3850 3671/3440/3848 3670/3436/3844 3667/3435/3843
f 3672/3437/3845 3673/2896/3309 3192/2893/3306 3669/3438/3846
f 3673/2896/3309 3672/3437/3845 3674/3441/3849 3675/3443/3851
f 3676/3444/3852 3679/3445/3853 3675/3443/3851 3674/3441/3849
f 3674/3441/3849 3671/3440/3848 3678/3446/3854 3676/3444/3852
f 3676/3444/3852 3677/3447/3855 3680/3448/3856 3679/3445/3853
f 3677/3447/3855 3676/3444/3852 3678/3446/3854 3688/3449/3857
f 3679/3445/3853 3680/3448/3856 3264/2978/3391 3261/2977/3390
f 3679/3445/3853 3261/2977/3390 3702/2901/3314 3675/3443/3851
f 3683/2983/3396 3264/2978/3391 3680/3448/3856 3681/3450/3858
f 3677/3447/3855 3684/3451/3859 3681/3450/3858 3680/3448/3856
f 3684/3451/3859 3685/3353/3766 3682/3452/3860 3681/3450/3858
f 3681/3450/3858 3682/3452/3860 3693/3453/3861 3683/2983/3396
f 3686/3454/3862 3595/3351/3764 3685/3353/3766 3684/3451/3859
f 3684/3451/3859 3677/3447/3855 3688/3449/3857 3686/3454/3862
f 3686/3454/3862 3687/3455/3863 3598/3352/3765 3595/3351/3764
f 3686/3454/3862 3688/3449/3857 3689/3456/3864 3687/3455/3863
f 3688/3449/3857 3678/3446/3854 3690/3457/3865 3689/3456/3864
f 3687/3455/3863 3689/3456/3864 3611/3368/3781 3609/3365/3778
f 3690/3457/3865 3691/3369/3782 3611/3368/3781 3689/3456/3864
f 3692/3442/3850 3631/3391/3804 3691/3369/3782 3690/3457/3865
f 3671/3440/3848 3692/3442/3850 3690/3457/3865 3678/3446/3854
f 3631/3391/3804 3692/3442/3850 3667/3435/3843 3633/3392/3805
f 3687/3455/3863 3609/3365/3778 3600/3354/3767 3598/3352/3765
f 3685/3353/3766 3596/3350/3763 3701/3458/3866 3682/3452/3860
f 3695/3459/3867 3263/2981/3394 3683/2983/3396 3693/3453/3861
f 3693/3453/3861 3694/3460/3868 3696/3461/3869 3695/3459/3867
f 3682/3452/3860 3701/3458/3866 3694/3460/3868 3693/3453/3861
f 3524/2982/3395 3263/2981/3394 3695/3459/3867 3530/3274/3687
f 3697/3284/3697 3530/3274/3687 3695/3459/3867 3696/3461/3869
f 3573/3324/3737 3697/3284/3697 3696/3461/3869 3698/3331/3744
f 3694/3460/3868 3699/3462/3870 3698/3331/3744 3696/3461/3869
f 3577/3329/3742 3698/3331/3744 3699/3462/3870 3582/3333/3746
f 3582/3333/3746 3699/3462/3870 3700/3342/3755 3584/3335/3748
f 3699/3462/3870 3694/3460/3868 3701/3458/3866 3700/3342/3755
f 3596/3350/3763 3588/3340/3753 3700/3342/3755 3701/3458/3866
f 3675/3443/3851 3702/2901/3314 3193/2897/3310 3673/2896/3309
f 3669/3438/3846 3192/2893/3306 3190/2890/3303 3703/3439/3847
f 3704/3463/3871 3662/3429/3838 3664/3432/3840 3703/3439/3847
f 3187/2891/3304 3704/3463/3871 3703/3439/3847 3190/2890/3303
f 3707/2892/3305 3705/3464/3872 3704/3463/3871 3187/2891/3304
f 3705/3464/3872 3660/3430/3836 3662/3429/3838 3704/3463/3871
f 3660/3427/3836 3705/3465/3872 3706/3466/3873 4375/3428/3837
f 3708/3467/3874 3706/3466/3873 3705/3465/3872 3707/3468/3305
f 3707/3468/3305 3188/3469/3302 3710/3470/3875 3708/3467/3874
f 3709/3471/3876 3708/3467/3874 3710/3470/3875 3711/3472/3877
f 3708/3467/3874 3709/3471/3876 4199/3473/3878 3706/3466/3873
f 3712/3474/3879 3710/3470/3875 3188/3469/3302 3185/3475/3299
f 3711/3472/3877 3710/3470/3875 3712/3474/3879 3713/3476/3880
f 3715/3477/3881 3713/3476/3880 3712/3474/3879 3714/2878/3292
f 3714/2878/3292 3712/3474/3879 3185/3475/3299 3178/2879/3293
f 3717/3478/3882 3715/3477/3881 3714/2878/3292 3177/2875/3290
f 3716/3479/3883 4193/3480/3884 3713/3476/3880 3715/3477/3881
f 3719/3481/3885 3716/3479/3883 3715/3477/3881 3717/3478/3882
f 3717/3478/3882 3718/3482/3886 3720/3483/3887 3719/3481/3885
f 3177/2875/3290 3175/2873/3288 3718/3482/3886 3717/3478/3882
f 3719/3481/3885 3720/3483/3887 3722/3484/3888 3721/3485/3889
f 3721/3485/3889 3724/3486/3890 3716/3479/3883 3719/3481/3885
f 3721/3485/3889 3722/3484/3888 3757/3487/3891 3723/3488/3892
f 3723/3488/3892 3726/3489/3893 3724/3486/3890 3721/3485/3889
f 4193/3480/3884 3716/3479/3883 3724/3486/3890 3725/3490/3894
f 3725/3490/3894 3724/3486/3890 3726/3489/3893 2139/1784/2204
f 3730/3491/3895 2139/1784/2204 3726/3489/3893 3727/3492/3896
f 3729/3493/3897 3727/3492/3896 3726/3489/3893 3723/3488/3892
f 3728/3494/3898 3733/3495/3899 3731/3496/3900 3727/3492/3896
f 3749/3497/3901 3728/3494/3898 3727/3492/3896 3729/3493/3897
f 3730/3491/3895 3727/3492/3896 3731/3496/3900 3732/3498/3902
f 3732/3498/3902 3731/3496/3900 3733/3495/3899 3735/3499/3903
f 3735/3499/3903 3733/3495/3899 3734/3500/3904 3737/3501/3905
f 3747/3502/3906 3734/3500/3904 3733/3495/3899 3728/3494/3898
f 3735/3499/3903 3736/1781/2201 2135/1782/2202 3732/3498/3902
f 3736/1781/2201 3735/3499/3903 3737/3501/3905 3738/3503/3907
f 3741/3504/3908 3738/3503/3907 3737/3501/3905 3739/3505/3909
f 3734/3500/3904 3742/3506/3910 3739/3505/3909 3737/3501/3905
f 3740/3507/3911 3739/3505/3909 3742/3506/3910 3743/3508/3912
f 3739/3505/3909 3740/3507/3911 4017/3509/3913 3741/3504/3908
f 3744/3510/3914 3745/3511/3915 3743/3508/3912 3742/3506/3910
f 3742/3506/3910 3734/3500/3904 3747/3502/3906 3744/3510/3914
f 3745/3511/3915 3744/3510/3914 3746/3512/3916 4031/3513/3917
f 3748/3514/3918 3746/3512/3916 3744/3510/3914 3747/3502/3906
f 3748/3514/3918 3747/3502/3906 3728/3494/3898 3749/3497/3901
f 3746/3512/3916 3748/3514/3918 3750/3515/3919 3751/3516/3920
f 3748/3514/3918 3749/3497/3901 3753/3517/3921 3750/3515/3919
f 3751/3516/3920 3750/3515/3919 3752/3518/3922 3765/3519/3923
f 3753/3517/3921 3754/3520/3924 3752/3518/3922 3750/3515/3919
f 3755/3521/3925 3756/3522/3926 3754/3520/3924 3753/3517/3921
f 3753/3517/3921 3749/3497/3901 3729/3493/3897 3755/3521/3925
f 3723/3488/3892 3757/3487/3891 3756/3522/3926 3755/3521/3925
f 3729/3493/3897 3723/3488/3892 3755/3521/3925
f 3759/3523/3927 3754/3520/3924 3756/3522/3926 3757/3487/3891
f 3758/3524/3928 3759/3523/3927 3757/3487/3891
f 3146/2836/3256 3783/3525/3929 3758/3524/3928 3757/3487/3891
f 3146/2836/3256 3757/3487/3891 3722/3484/3888 3150/2838/3258
f 3759/3523/3927 3758/3524/3928 3761/3526/3930 3760/3527/3931
f 3760/3527/3931 3752/3518/3922 3754/3520/3924 3759/3523/3927
f 3760/3527/3931 3761/3526/3930 3763/3528/3932 3762/3529/3933
f 3760/3527/3931 3762/3529/3933 3765/3519/3923 3752/3518/3922
f 3762/3529/3933 3763/3528/3932 3776/3530/3934 3764/3531/3935
f 3762/3529/3933 3764/3531/3935 3766/3532/3936 3765/3519/3923
f 3767/3533/3937 3751/3516/3920 3765/3519/3923 3766/3532/3936
f 3764/3531/3935 3771/3534/3938 3768/3535/3939 3766/3532/3936
f 3769/3536/3940 3767/3533/3937 3766/3532/3936 3768/3535/3939
f 4033/3537/3941 3769/3536/3940 3768/3535/3939 3770/3538/3942
f 3771/3534/3938 3772/3539/3943 3770/3538/3942 3768/3535/3939
f 3772/3539/3943 3771/3534/3938 3773/3540/3944 3774/3541/3945
f 3764/3531/3935 3776/3530/3934 3773/3540/3944 3771/3534/3938
f 4048/3542/3946 3774/3541/3945 3773/3540/3944 3775/3543/3947
f 3776/3530/3934 3777/3544/3948 3775/3543/3947 3773/3540/3944
f 3763/3528/3932 3779/3545/3949 3777/3544/3948 3776/3530/3934
f 4050/3546/3950 3775/3543/3947 3777/3544/3948 3778/3547/3951
f 3779/3545/3949 3780/3548/3952 3778/3547/3951 3777/3544/3948
f 3780/3548/3952 3779/3545/3949 3781/3549/3953 3782/3550/3954
f 3779/3545/3949 3763/3528/3932 3761/3526/3930 3781/3549/3953
f 3783/3525/3929 3784/2835/3255 3782/3550/3954 3781/3549/3953
f 3781/3549/3953 3761/3526/3930 3758/3524/3928 3783/3525/3929
f 3784/2835/3255 3783/3525/3929 3146/2836/3256
f 3784/2835/3255 3144/2834/3254 3785/3551/3955 3782/3550/3954
f 3787/3552/3956 3780/3548/3952 3782/3550/3954 3785/3551/3955
f 3789/3553/3957 3787/3552/3956 3785/3551/3955 3786/3554/3958
f 3145/2831/3251 3786/3554/3958 3785/3551/3955 3144/2834/3254
f 3788/3555/3959 3787/3552/3956 3789/3553/3957 3790/3556/3960
f 3787/3552/3956 3788/3555/3959 3778/3547/3951 3780/3548/3952
f 3791/3557/3961 3793/3558/3962 3790/3556/3960 3789/3553/3957
f 3789/3553/3957 3786/3554/3958 3792/3559/3963 3791/3557/3961
f 3791/3557/3961 3130/2819/3239 3795/2821/3241 3793/3558/3962
f 3792/3559/3963 3133/2820/3240 3130/2819/3239 3791/3557/3961
f 4182/3560/3964 3790/3556/3960 3793/3558/3962 3794/3561/3965
f 3793/3558/3962 3795/2821/3241 3796/3562/3966 3794/3561/3965
f 3795/2821/3241 3131/2816/3236 3798/3563/3967 3796/3562/3966
f 3797/3564/3968 4059/3565/3969 3794/3561/3965 3796/3562/3966
f 3799/3566/3970 3797/3564/3968 3796/3562/3966 3798/3563/3967
f 3801/3567/3971 3799/3566/3970 3798/3563/3967 3800/3568/3972
f 3800/3568/3972 3798/3563/3967 3131/2816/3236 3128/2815/3235
f 3804/3569/3973 3801/3567/3971 3800/3568/3972 3802/3570/3974
f 3802/3570/3974 3800/3568/3972 3128/2815/3235 3126/2814/3234
f 3126/2814/3234 4192/1742/2162 3803/3571/3975 3802/3570/3974
f 3802/3570/3974 3803/3571/3975 3805/3572/3976 3804/3569/3973
f 3807/3573/3977 3806/3574/3978 3804/3569/3973 3805/3572/3976
f 3806/3574/3978 3809/3575/3979 3801/3567/3971 3804/3569/3973
f 3806/3574/3978 3807/3573/3977 3924/3576/3980 3808/3577/3981
f 3809/3575/3979 3806/3574/3978 3808/3577/3981 3810/3578/3982
f 3811/3579/3983 3809/3575/3979 3810/3578/3982 3813/3580/3984
f 3809/3575/3979 3811/3579/3983 3799/3566/3970 3801/3567/3971
f 3797/3564/3968 3799/3566/3970 3811/3579/3983 3812/3581/3985
f 3815/3582/3986 3812/3581/3985 3811/3579/3983 3813/3580/3984
f 3813/3580/3984 3810/3578/3982 3926/3583/3987 3814/3584/3988
f 3813/3580/3984 3814/3584/3988 3817/3585/3989 3815/3582/3986
f 3816/3586/3990 4058/3587/3991 3812/3581/3985 3815/3582/3986
f 3819/3588/3992 3816/3586/3990 3815/3582/3986 3817/3585/3989
f 3821/3589/3993 3819/3588/3992 3817/3585/3989 3818/3590/3994
f 3814/3584/3988 3829/3591/3995 3818/3590/3994 3817/3585/3989
f 3820/3592/3996 4057/3593/3997 3816/3586/3990 3819/3588/3992
f 3819/3588/3992 3821/3589/3993 3822/3594/3998 3820/3592/3996
f 3821/3589/3993 3823/3595/3999 3825/3596/4000 3822/3594/3998
f 3823/3595/3999 3821/3589/3993 3818/3590/3994 3826/3597/4001
f 3824/3598/4002 3823/3595/3999 3826/3597/4001 3827/3599/4003
f 3823/3595/3999 3824/3598/4002 4162/3600/4004 3825/3596/4000
f 3829/3591/3995 3828/3601/4005 3826/3597/4001 3818/3590/3994
f 3828/3601/4005 3831/3602/4006 3827/3599/4003 3826/3597/4001
f 3828/3601/4005 3829/3591/3995 3927/3603/4007 3830/3604/4008
f 3828/3601/4005 3830/3604/4008 3832/3605/4009 3831/3602/4006
f 3831/3602/4006 3832/3605/4009 3834/3606/4010 3833/3607/4011
f 3835/3608/4012 3827/3599/4003 3831/3602/4006 3833/3607/4011
f 3838/3609/4013 3836/3610/4014 3833/3607/4011 3834/3606/4010
f 3836/3610/4014 3837/3611/4015 3835/3608/4012 3833/3607/4011
f 3836/3610/4014 3838/3609/4013 3840/3612/4016 3837/3611/4015
f 3838/3609/4013 3839/3613/4017 3842/3614/4018 3840/3612/4016
f 3839/3613/4017 3838/3609/4013 3834/3606/4010 4187/3615/4019
f 4160/3616/4020 3837/3611/4015 3840/3612/4016 3841/3617/4021
f 3841/3617/4021 3840/3612/4016 3842/3614/4018 3843/3618/4022
f 3843/3618/4022 3842/3614/4018 3844/3619/4023 3845/3620/4024
f 3842/3614/4018 3839/3613/4017 3846/3621/4025 3844/3619/4023
f 3847/3622/4026 3848/3623/4027 3845/3620/4024 3844/3619/4023
f 3849/3624/4028 3847/3622/4026 3844/3619/4023 3846/3621/4025
f 3847/3622/4026 3850/3625/4029 3852/3626/4030 3848/3623/4027
f 3847/3622/4026 3849/3624/4028 3853/3627/4031 3850/3625/4029
f 3851/3628/4032 3850/3625/4029 3853/3627/4031 3855/3629/4033
f 3850/3625/4029 3851/3628/4032 4102/3630/4034 3852/3626/4030
f 3854/3631/4035 3857/3632/4036 3855/3629/4033 3853/3627/4031
f 3854/3631/4035 3853/3627/4031 3849/3624/4028 4189/3633/4037
f 3851/3628/4032 3855/3629/4033 3856/3634/4038 4105/3635/4039
f 3856/3634/4038 3855/3629/4033 3857/3632/4036 3859/3636/4040
f 3857/3632/4036 3854/3631/4035 4191/3637/4041 3858/3638/4042
f 3859/3636/4040 3857/3632/4036 3858/3638/4042 3861/3639/4043
f 4108/3640/4044 3856/3634/4038 3859/3636/4040 3860/3641/4045
f 3860/3641/4045 3859/3636/4040 3861/3639/4043 3862/3642/4046
f 3863/3643/4047 3865/3644/4048 3862/3642/4046 3861/3639/4043
f 3864/3645/4049 3863/3643/4047 3861/3639/4043 3858/3638/4042
f 3863/3643/4047 3864/3645/4049 3868/3646/4050 3866/3647/4051
f 3865/3644/4048 3863/3643/4047 3866/3647/4051 3869/3648/4052
f 3867/3649/4053 3871/3650/4054 3869/3648/4052 3866/3647/4051
f 3913/3651/4055 3867/3649/4053 3866/3647/4051 3868/3646/4050
f 4116/3652/4056 3865/3644/4048 3869/3648/4052 3870/3653/4057
f 3871/3650/4054 3872/3654/4058 3870/3653/4057 3869/3648/4052
f 3872/3654/4058 3871/3650/4054 3873/3655/4059 3874/3656/4060
f 3871/3650/4054 3867/3649/4053 3875/3657/4061 3873/3655/4059
f 3877/3658/4062 3874/3656/4060 3873/3655/4059 3876/3659/4063
f 3876/3659/4063 3873/3655/4059 3875/3657/4061 3879/3660/4064
f 3895/3661/4065 3877/3658/4062 3876/3659/4063 3878/3662/4066
f 3878/3662/4066 3876/3659/4063 3879/3660/4064 3881/3663/4067
f 3879/3660/4064 3880/3664/4068 3883/3665/4069 3881/3663/4067
f 3880/3664/4068 3879/3660/4064 3875/3657/4061 3910/3666/4070
f 3893/3667/4071 3878/3662/4066 3881/3663/4067 3882/3668/4072
f 3883/3665/4069 3884/3669/4073 3882/3668/4072 3881/3663/4067
f 3884/3669/4073 3883/3665/4069 3880/3664/4068 3885/3670/4074
f 3885/3670/4074 3887/3671/4075 3886/3672/4076 3884/3669/4073
f 3884/3669/4073 3886/3672/4076 3888/3673/4077 3882/3668/4072
f 3886/3672/4076 3887/3671/4075 3889/3674/4078 3888/3673/4077
f 3891/3675/4079 3890/3676/4080 3888/3673/4077 3889/3674/4078
f 3890/3676/4080 3893/3667/4071 3882/3668/4072 3888/3673/4077
f 3890/3676/4080 3891/3675/4079 3898/3677/4081 3892/3678/4082
f 3893/3667/4071 3890/3676/4080 3892/3678/4082 3894/3679/4083
f 3878/3662/4066 3893/3667/4071 3894/3679/4083 3895/3661/4065
f 3895/3661/4065 3894/3679/4083 3896/3680/4084 3877/3658/4062
f 3898/3677/4081 3896/3680/4084 3894/3679/4083 3892/3678/4082
f 3877/3658/4062 3896/3680/4084 3897/3681/4085 4133/3682/4086
f 3898/3677/4081 3899/3683/4087 3897/3681/4085 3896/3680/4084
f 3891/3675/4079 3902/3684/4088 3899/3683/4087 3898/3677/4081
f 3897/3681/4085 3899/3683/4087 3900/3685/4089 4134/3686/4090
f 3901/3687/4091 4183/3688/4092 3900/3685/4089 3899/3683/4087
f 3901/3687/4091 3899/3683/4087 3902/3684/4088 3903/3689/4093
f 3903/3689/4093 3902/3684/4088 3904/3690/4094 3905/3691/4095
f 3902/3684/4088 3891/3675/4079 3889/3674/4078 3904/3690/4094
f 3905/3691/4095 3904/3690/4094 3906/3692/4096 3907/3693/4097
f 3887/3671/4075 3906/3692/4096 3904/3690/4094 3889/3674/4078
f 3908/3694/4098 3909/3695/4099 3907/3693/4097 3906/3692/4096
f 3906/3692/4096 3887/3671/4075 3885/3670/4074 3908/3694/4098
f 3908/3694/4098 3911/3696/4100 3909/3695/4099
f 3885/3670/4074 3880/3664/4068 3910/3666/4070 3908/3694/4098
f 3908/3694/4098 3910/3666/4070 3913/3651/4055 3911/3696/4100
f 3911/3696/4100 3912/3697/4101 3930/3698/4102 3909/3695/4099
f 3914/3699/4103 3912/3697/4101 3911/3696/4100 3913/3651/4055
f 3867/3649/4053 3913/3651/4055 3910/3666/4070 3875/3657/4061
f 3914/3699/4103 3913/3651/4055 3868/3646/4050 3916/3700/4104
f 3914/3699/4103 3915/3701/4105 3928/3702/4106 3912/3697/4101
f 3915/3701/4105 3914/3699/4103 3916/3700/4104 3918/3703/4107
f 3917/3704/4108 3919/3705/4109 3918/3703/4107 3916/3700/4104
f 3864/3645/4049 3917/3704/4108 3916/3700/4104 3868/3646/4050
f 3918/3703/4107 3919/3705/4109 3921/3706/4110 3920/3707/4111
f 3915/3701/4105 3918/3703/4107 3920/3707/4111 3923/3708/4112
f 3920/3707/4111 3921/3706/4110 4184/3709/4113 3922/3710/4114
f 3922/3710/4114 3925/3711/4115 3923/3708/4112 3920/3707/4111
f 3915/3701/4105 3923/3708/4112 3924/3576/3980 3928/3702/4106
f 3923/3708/4112 3925/3711/4115 3808/3577/3981 3924/3576/3980
f 3810/3578/3982 3808/3577/3981 3925/3711/4115 3926/3583/3987
f 3925/3711/4115 3922/3710/4114 3927/3603/4007 3926/3583/3987
f 3829/3591/3995 3814/3584/3988 3926/3583/3987 3927/3603/4007
f 3922/3710/4114 4184/3709/4113 3830/3604/4008 3927/3603/4007
f 3807/3573/3977 3929/3712/4116 3928/3702/4106 3924/3576/3980
f 3912/3697/4101 3928/3702/4106 3929/3712/4116 3930/3698/4102
f 3931/3713/4117 3933/3714/4118 3930/3698/4102 3929/3712/4116
f 3805/3572/3976 3931/3713/4117 3929/3712/4116 3807/3573/3977
f 3931/3713/4117 3805/3572/3976 3803/3571/3975 3932/3715/4119
f 3933/3714/4118 3931/3713/4117 3932/3715/4119 3934/3716/4120
f 3933/3714/4118 3907/3693/4097 3909/3695/4099 3930/3698/4102
f 3907/3693/4097 3933/3714/4118 3934/3716/4120 3935/3717/4121
f 3935/3717/4121 3934/3716/4120 3936/1743/2163 3937/1749/2169
f 3934/3716/4120 3932/3715/4119 2101/1741/2161 3936/1743/2163
f 3937/1749/2169 3936/1743/2163 2102/1744/2164 2105/1745/2165
f 3937/1749/2169 2104/1748/2168 3938/3718/4122 3935/3717/4121
f 3905/3691/4095 3907/3693/4097 3935/3717/4121 3938/3718/4122
f 2104/1748/2168 2107/1747/2167 3939/3719/4123 3938/3718/4122
f 3903/3689/4093 3905/3691/4095 3938/3718/4122 3939/3719/4123
f 3901/3687/4091 3903/3689/4093 3939/3719/4123 3940/3720/4124
f 2107/1747/2167 2109/1750/2170 3940/3720/4124 3939/3719/4123
f 2109/1750/2170 3942/3721/4125 3941/3722/4126 3940/3720/4124
f 3944/3723/4127 3901/3687/4091 3940/3720/4124 3941/3722/4126
f 3942/3721/4125 3987/3724/4128 3943/3725/4129 3941/3722/4126
f 3946/3726/4130 3944/3723/4127 3941/3722/4126 3943/3725/4129
f 4183/3688/4092 3901/3687/4091 3944/3723/4127 3945/3727/4131
f 3946/3726/4130 3947/3728/4132 3945/3727/4131 3944/3723/4127
f 3948/3729/4133 3949/3730/4134 3947/3728/4132 3946/3726/4130
f 3948/3729/4133 3946/3726/4130 3943/3725/4129 3951/3731/4135
f 3950/3732/4136 4126/3733/4137 3949/3730/4134 3948/3729/4133
f 3950/3732/4136 3948/3729/4133 3951/3731/4135 3953/3734/4138
f 3952/3735/4139 3954/3736/4140 3953/3734/4138 3951/3731/4135
f 3987/3724/4128 3952/3735/4139 3951/3731/4135 3943/3725/4129
f 3954/3736/4140 3958/3737/4141 3955/3738/4142 3953/3734/4138
f 3950/3732/4136 3953/3734/4138 3955/3738/4142 3956/3739/4143
f 3956/3739/4143 3955/3738/4142 3957/3740/4144 4124/3741/4145
f 3958/3737/4141 3960/3742/4146 3957/3740/4144 3955/3738/4142
f 3959/3743/4147 3962/3744/4148 3960/3742/4146 3958/3737/4141
f 3984/3745/4149 3959/3743/4147 3958/3737/4141 3954/3736/4140
f 3960/3742/4146 3961/3746/4150 4135/3747/4151 3957/3740/4144
f 3961/3746/4150 3960/3742/4146 3962/3744/4148 3963/3748/4152
f 3964/3749/4153 3967/3750/4154 3963/3748/4152 3962/3744/4148
f 3962/3744/4148 3959/3743/4147 3966/3751/4155 3964/3749/4153
f 3965/3752/4156 3969/3753/4157 3967/3750/4154 3964/3749/4153
f 3965/3752/4156 3964/3749/4153 3966/3751/4155 3979/3754/4158
f 3968/3755/4159 4149/3756/4160 3963/3748/4152 3967/3750/4154
f 3970/3757/4161 3968/3755/4159 3967/3750/4154 3969/3753/4157
f 3970/3757/4161 3969/3753/4157 3971/3758/4162 3972/3759/4163
f 3974/3760/4164 3971/3758/4162 3969/3753/4157 3965/3752/4156
f 4169/3761/4165 3972/3759/4163 3971/3758/4162 3973/3762/4166
f 3975/3763/4167 3973/3762/4166 3971/3758/4162 3974/3760/4164
f 3975/3763/4167 3974/3760/4164 3976/3764/4168 3977/3765/4169
f 3974/3760/4164 3965/3752/4156 3979/3754/4158 3976/3764/4168
f 3978/3766/4170 4180/3767/4171 3977/3765/4169 3976/3764/4168
f 3980/3768/4172 3978/3766/4170 3976/3764/4168 3979/3754/4158
f 3982/3769/4173 3980/3768/4172 3979/3754/4158 3966/3751/4155
f 3978/3766/4170 3980/3768/4172 3981/3770/4174 3994/3771/4175
f 3982/3769/4173 3983/3772/4176 3981/3770/4174 3980/3768/4172
f 3983/3772/4176 3982/3769/4173 3984/3745/4149 3985/3773/4177
f 3982/3769/4173 3966/3751/4155 3959/3743/4147 3984/3745/4149
f 3954/3736/4140 3952/3735/4139 3985/3773/4177 3984/3745/4149
f 3988/3774/4178 3983/3772/4176 3985/3773/4177 3986/3775/4179
f 3952/3735/4139 3987/3724/4128 3986/3775/4179 3985/3773/4177
f 3989/3776/4180 3986/3775/4179 3987/3724/4128 3942/3721/4125
f 3988/3774/4178 3986/3775/4179 3989/3776/4180 3991/3777/4181
f 3992/3778/4182 3991/3777/4181 3989/3776/4180 3990/1753/2173
f 3990/1753/2173 3989/3776/4180 3942/3721/4125 2109/1750/2170
f 3992/3778/4182 3996/3779/4183 3993/3780/4184 3991/3777/4181
f 3995/3781/4185 3988/3774/4178 3991/3777/4181 3993/3780/4184
f 3993/3780/4184 3996/3779/4183 3997/3782/4186 3994/3771/4175
f 3993/3780/4184 3994/3771/4175 3981/3770/4174 3995/3781/4185
f 3999/1757/2177 3996/3779/4183 3992/3778/4182 2112/1755/2175
f 3997/3782/4186 3996/3779/4183 3998/3783/4187 4181/3784/4188
f 4000/3785/4189 3998/3783/4187 3996/3779/4183 3999/1757/2177
f 2117/1759/2179 4000/3785/4189 3999/1757/2177 2113/1756/2176
f 4000/3785/4189 2117/1759/2179 4002/1762/2182 4001/3786/4190
f 4003/3787/4191 3998/3783/4187 4000/3785/4189 4001/3786/4190
f 4002/1762/2182 4006/3788/4192 4004/3789/4193 4001/3786/4190
f 4007/3790/4194 4003/3787/4191 4001/3786/4190 4004/3789/4193
f 4008/3791/4195 4007/3790/4194 4004/3789/4193 4005/3792/4196
f 4006/3788/4192 4018/3793/4197 4005/3792/4196 4004/3789/4193
f 4009/3794/4198 4007/3790/4194 4008/3791/4195 4012/3795/4199
f 4007/3790/4194 4009/3794/4198 4010/3796/4200 4003/3787/4191
f 4178/3797/4201 4010/3796/4200 4009/3794/4198 4011/3798/4202
f 4011/3798/4202 4009/3794/4198 4012/3795/4199 4013/3799/4203
f 4013/3799/4203 4012/3795/4199 4008/3791/4195 4015/3800/4204
f 4011/3798/4202 4013/3799/4203 4014/3801/4205 4022/3802/4206
f 4017/3509/3913 4014/3801/4205 4013/3799/4203 4015/3800/4204
f 4017/3509/3913 4015/3800/4204 4016/3803/4207 3741/3504/3908
f 4018/3793/4197 4016/3803/4207 4015/3800/4204 4005/3792/4196
f 4008/3791/4195 4005/3792/4196 4015/3800/4204
f 3740/3507/3911 4023/3804/4208 4014/3801/4205 4017/3509/3913
f 4019/3805/4209 4016/3803/4207 4018/3793/4197 4020/3806/4210
f 4016/3803/4207 4019/3805/4209 3738/3503/3907 3741/3504/3908
f 2134/1778/2198 3736/1781/2201 3738/3503/3907 4019/3805/4209
f 2132/1777/2197 2134/1778/2198 4019/3805/4209 4020/3806/4210
f 2132/1777/2197 4020/3806/4210 4021/3807/4211 2130/1776/2196
f 4021/3807/4211 4020/3806/4210 4018/3793/4197 4006/3788/4192
f 2130/1776/2196 4021/3807/4211 2118/1763/2183 2120/1764/2184
f 4006/3788/4192 4002/1762/2182 2118/1763/2183 4021/3807/4211
f 4022/3802/4206 4014/3801/4205 4023/3804/4208 4024/3808/4212
f 4024/3808/4212 4023/3804/4208 4025/3809/4213 4026/3810/4214
f 4023/3804/4208 3740/3507/3911 3743/3508/3912 4025/3809/4213
f 4027/3811/4215 4028/3812/4216 4026/3810/4214 4025/3809/4213
f 3745/3511/3915 4027/3811/4215 4025/3809/4213 3743/3508/3912
f 4028/3812/4216 4027/3811/4215 4029/3813/4217 4030/3814/4218
f 4027/3811/4215 3745/3511/3915 4031/3513/3917 4029/3813/4217
f 3769/3536/3940 4033/3537/3941 4030/3814/4218 4029/3813/4217
f 3767/3533/3937 3769/3536/3940 4029/3813/4217 4031/3513/3917
f 3751/3516/3920 3767/3533/3937 4031/3513/3917 3746/3512/3916
f 4171/3815/4219 4028/3812/4216 4030/3814/4218 4032/3816/4220
f 4033/3537/3941 4034/3817/4221 4032/3816/4220 4030/3814/4218
f 3770/3538/3942 4036/3818/4222 4034/3817/4221 4033/3537/3941
f 4034/3817/4221 4035/3819/4223 4168/3820/4224 4032/3816/4220
f 4036/3818/4222 4038/3821/4225 4035/3819/4223 4034/3817/4221
f 4038/3821/4225 4036/3818/4222 4037/3822/4226 4040/3823/4227
f 3772/3539/3943 4037/3822/4226 4036/3818/4222 3770/3538/3942
f 4039/3824/4228 4038/3821/4225 4040/3823/4227 4041/3825/4229
f 4038/3821/4225 4039/3824/4228 4080/3826/4230 4035/3819/4223
f 4043/3827/4231 4041/3825/4229 4040/3823/4227 4042/3828/4232
f 4040/3823/4227 4037/3822/4226 4045/3829/4233 4042/3828/4232
f 4063/3830/4234 4043/3827/4231 4042/3828/4232 4044/3831/4235
f 4044/3831/4235 4042/3828/4232 4045/3829/4233 4046/3832/4236
f 4046/3832/4236 4045/3829/4233 3774/3541/3945 4048/3542/3946
f 3774/3541/3945 4045/3829/4233 4037/3822/4226 3772/3539/3943
f 4046/3832/4236 4047/3833/4237 4061/3834/4238 4044/3831/4235
f 4047/3833/4237 4046/3832/4236 4048/3542/3946 4049/3835/4239
f 4049/3835/4239 4048/3542/3946 3775/3543/3947 4050/3546/3950
f 4051/3836/4240 4049/3835/4239 4050/3546/3950 4052/3837/4241
f 4054/3838/4242 4047/3833/4237 4049/3835/4239 4051/3836/4240
f 4051/3836/4240 4052/3837/4241 4182/3560/3964 4053/3839/4243
f 4053/3839/4243 4056/3840/4244 4054/3838/4242 4051/3836/4240
f 4047/3833/4237 4054/3838/4242 4055/3841/4245 4061/3834/4238
f 4056/3840/4244 4057/3593/3997 4055/3841/4245 4054/3838/4242
f 4058/3587/3991 3816/3586/3990 4057/3593/3997 4056/3840/4244
f 4059/3565/3969 4058/3587/3991 4056/3840/4244 4053/3839/4243
f 4059/3565/3969 3797/3564/3968 3812/3581/3985 4058/3587/3991
f 4053/3839/4243 4182/3560/3964 3794/3561/3965 4059/3565/3969
f 3820/3592/3996 4060/3842/4246 4055/3841/4245 4057/3593/3997
f 4060/3842/4246 4062/3843/4247 4061/3834/4238 4055/3841/4245
f 4062/3843/4247 4063/3830/4234 4044/3831/4235 4061/3834/4238
f 4063/3830/4234 4062/3843/4247 4064/3844/4248 4067/3845/4249
f 4062/3843/4247 4060/3842/4246 4065/3846/4250 4064/3844/4248
f 4064/3844/4248 4065/3846/4250 4166/3847/4251 4066/3848/4252
f 4067/3845/4249 4064/3844/4248 4066/3848/4252 4068/3849/4253
f 4068/3849/4253 4071/3850/4254 4069/3851/4255 4067/3845/4249
f 4043/3827/4231 4063/3830/4234 4067/3845/4249 4069/3851/4255
f 4071/3850/4254 4073/3852/4256 4070/3853/4257 4069/3851/4255
f 4069/3851/4255 4070/3853/4257 4041/3825/4229 4043/3827/4231
f 4074/3854/4258 4073/3852/4256 4071/3850/4254 4072/3855/4259
f 4068/3849/4253 4167/3856/4260 4072/3855/4259 4071/3850/4254
f 4073/3852/4256 4074/3854/4258 4076/3857/4261 4075/3858/4262
f 4073/3852/4256 4075/3858/4262 4078/3859/4263 4070/3853/4257
f 4077/3860/4264 4075/3858/4262 4076/3857/4261 4086/3861/4265
f 4075/3858/4262 4077/3860/4264 4079/3862/4266 4078/3859/4263
f 4078/3859/4263 4079/3862/4266 4080/3826/4230 4039/3824/4228
f 4041/3825/4229 4070/3853/4257 4078/3859/4263 4039/3824/4228
f 4080/3826/4230 4079/3862/4266 4081/3863/4267 4082/3864/4268
f 4077/3860/4264 4083/3865/4269 4081/3863/4267 4079/3862/4266
f 3972/3759/4163 4169/3761/4165 4082/3864/4268 4081/3863/4267
f 3972/3759/4163 4081/3863/4267 4083/3865/4269 3970/3757/4161
f 3968/3755/4159 3970/3757/4161 4083/3865/4269 4084/3866/4270
f 4077/3860/4264 4086/3861/4265 4084/3866/4270 4083/3865/4269
f 4149/3756/4160 3968/3755/4159 4084/3866/4270 4085/3867/4271
f 4086/3861/4265 4087/3868/4272 4085/3867/4271 4084/3866/4270
f 4087/3868/4272 4086/3861/4265 4076/3857/4261 4089/3869/4273
f 4087/3868/4272 4088/3870/4274 4147/3871/4275 4085/3867/4271
f 4088/3870/4274 4087/3868/4272 4089/3869/4273 4090/3872/4276
f 4091/3873/4277 4093/3874/4278 4090/3872/4276 4089/3869/4273
f 4074/3854/4258 4091/3873/4277 4089/3869/4273 4076/3857/4261
f 4093/3874/4278 4091/3873/4277 4092/3875/4279 4095/3876/4280
f 4074/3854/4258 4072/3855/4259 4092/3875/4279 4091/3873/4277
f 4096/3877/4281 4093/3874/4278 4094/3878/4282 4099/3879/4283
f 4094/3878/4282 4093/3874/4278 4095/3876/4280 4150/3880/4284
f 4090/3872/4276 4093/3874/4278 4096/3877/4281 4097/3881/4285
f 4097/3881/4285 4096/3877/4281 4098/3882/4286 4144/3883/4287
f 4098/3882/4286 4096/3877/4281 4099/3879/4283 4100/3884/4288
f 4099/3879/4283 4094/3878/4282 3848/3623/4027 3852/3626/4030
f 3852/3626/4030 4102/3630/4034 4100/3884/4288 4099/3879/4283
f 4145/3885/4289 4098/3882/4286 4100/3884/4288 4101/3886/4290
f 4102/3630/4034 4103/3887/4291 4101/3886/4290 4100/3884/4288
f 4102/3630/4034 3851/3628/4032 4105/3635/4039 4103/3887/4291
f 4103/3887/4291 4104/3888/4292 4114/3889/4293 4101/3886/4290
f 4104/3888/4292 4103/3887/4291 4105/3635/4039 4106/3890/4294
f 4108/3640/4044 4106/3890/4294 4105/3635/4039 3856/3634/4038
f 4104/3888/4292 4106/3890/4294 4107/3891/4295 4109/3892/4296
f 4108/3640/4044 3860/3641/4045 4107/3891/4295 4106/3890/4294
f 4113/3893/4297 4109/3892/4296 4107/3891/4295 3862/3642/4046
f 4107/3891/4295 3860/3641/4045 3862/3642/4046
f 4110/3894/4298 4114/3889/4293 4109/3892/4296
f 4110/3894/4298 4109/3892/4296 4111/3895/4299
f 4109/3892/4296 4112/3896/4300 4111/3895/4299
f 4114/3889/4293 4104/3888/4292 4109/3892/4296
f 4112/3896/4300 4109/3892/4296 4113/3893/4297 4115/3897/4301
f 4110/3894/4298 4145/3885/4289 4101/3886/4290 4114/3889/4293
f 4116/3652/4056 4117/3898/4302 4115/3897/4301 4113/3893/4297
f 3865/3644/4048 4116/3652/4056 4113/3893/4297 3862/3642/4046
f 4117/3898/4302 4116/3652/4056 3870/3653/4057 4119/3899/4303
f 4118/3900/4304 4117/3898/4302 4119/3899/4303 4121/3901/4305
f 4117/3898/4302 4118/3900/4304 4141/3902/4306 4115/3897/4301
f 4119/3899/4303 4120/3903/4307 4123/3904/4308 4121/3901/4305
f 3872/3654/4058 4120/3903/4307 4119/3899/4303 3870/3653/4057
f 4136/3905/4309 4118/3900/4304 4121/3901/4305 4122/3906/4310
f 4122/3906/4310 4121/3901/4305 4123/3904/4308 4124/3741/4145
f 4124/3741/4145 4123/3904/4308 4125/3907/4311 3956/3739/4143
f 4123/3904/4308 4120/3903/4307 4127/3908/4312 4125/3907/4311
f 3956/3739/4143 4125/3907/4311 4126/3733/4137 3950/3732/4136
f 4125/3907/4311 4127/3908/4312 4128/3909/4313 4126/3733/4137
f 4129/3910/4314 4128/3909/4313 4127/3908/4312 4120/3903/4307
f 4128/3909/4313 4129/3910/4314 4131/3911/4315 4130/3912/4316
f 4130/3912/4316 3949/3730/4134 4126/3733/4137 4128/3909/4313
f 4130/3912/4316 4131/3911/4315 4133/3682/4086 4132/3913/4317
f 4132/3913/4317 3947/3728/4132 3949/3730/4134 4130/3912/4316
f 4132/3913/4317 4133/3682/4086 3897/3681/4085 4134/3686/4090
f 3947/3728/4132 4132/3913/4317 4134/3686/4090 3945/3727/4131
f 3900/3685/4089 4183/3688/4092 3945/3727/4131 4134/3686/4090
f 4131/3911/4315 3874/3656/4060 3877/3658/4062 4133/3682/4086
f 4131/3911/4315 4129/3910/4314 3874/3656/4060
f 3872/3654/4058 3874/3656/4060 4129/3910/4314 4120/3903/4307
f 4124/3741/4145 3957/3740/4144 4135/3747/4151 4122/3906/4310
f 4122/3906/4310 4135/3747/4151 4137/3914/4318 4136/3905/4309
f 4137/3914/4318 4140/3915/4319 4138/3916/4320 4136/3905/4309
f 4118/3900/4304 4136/3905/4309 4138/3916/4320 4141/3902/4306
f 4139/3917/4321 4142/3918/4322 4141/3902/4306 4138/3916/4320
f 4140/3915/4319 4146/3919/4323 4139/3917/4321 4138/3916/4320
f 4142/3918/4322 4112/3896/4300 4115/3897/4301 4141/3902/4306
f 4143/3920/4324 4111/3895/4299 4112/3896/4300 4142/3918/4322
f 4144/3883/4287 4143/3920/4324 4142/3918/4322 4139/3917/4321
f 4098/3882/4286 4145/3885/4289 4143/3920/4324 4144/3883/4287
f 4145/3885/4289 4110/3894/4298 4111/3895/4299 4143/3920/4324
f 4146/3919/4323 4097/3881/4285 4144/3883/4287 4139/3917/4321
f 4140/3915/4319 4147/3871/4275 4088/3870/4274 4146/3919/4323
f 4148/3921/4325 4147/3871/4275 4140/3915/4319 4137/3914/4318
f 4148/3921/4325 4149/3756/4160 4085/3867/4271 4147/3871/4275
f 4149/3756/4160 4148/3921/4325 3961/3746/4150 3963/3748/4152
f 4135/3747/4151 3961/3746/4150 4148/3921/4325 4137/3914/4318
f 4146/3919/4323 4088/3870/4274 4090/3872/4276 4097/3881/4285
f 4151/3922/4326 4152/3923/4327 4150/3880/4284 4095/3876/4280
f 4095/3876/4280 4092/3875/4279 4153/3924/4328 4151/3922/4326
f 4152/3923/4327 4151/3922/4326 4154/3925/4329 4157/3926/4330
f 4151/3922/4326 4153/3924/4328 4156/3927/4331 4154/3925/4329
f 4155/3928/4332 4158/3929/4333 4157/3926/4330 4154/3925/4329
f 4163/3930/4334 4155/3928/4332 4154/3925/4329 4156/3927/4331
f 4158/3929/4333 4160/3616/4020 3841/3617/4021 4157/3926/4330
f 3843/3618/4022 4152/3923/4327 4157/3926/4330 3841/3617/4021
f 4161/3931/4335 4160/3616/4020 4158/3929/4333 4159/3932/4336
f 4155/3928/4332 4163/3930/4334 4159/3932/4336 4158/3929/4333
f 3837/3611/4015 4160/3616/4020 4161/3931/4335 3835/3608/4012
f 3824/3598/4002 4161/3931/4335 4159/3932/4336 4162/3600/4004
f 4161/3931/4335 3824/3598/4002 3827/3599/4003 3835/3608/4012
f 4163/3930/4334 4164/3933/4337 4162/3600/4004 4159/3932/4336
f 4163/3930/4334 4156/3927/4331 4165/3934/4338 4164/3933/4337
f 4164/3933/4337 4166/3847/4251 3825/3596/4000 4162/3600/4004
f 4164/3933/4337 4165/3934/4338 4066/3848/4252 4166/3847/4251
f 4166/3847/4251 4065/3846/4250 3822/3594/3998 3825/3596/4000
f 4068/3849/4253 4066/3848/4252 4165/3934/4338 4167/3856/4260
f 4153/3924/4328 4167/3856/4260 4165/3934/4338 4156/3927/4331
f 4153/3924/4328 4092/3875/4279 4072/3855/4259 4167/3856/4260
f 4152/3923/4327 3843/3618/4022 3845/3620/4024 4150/3880/4284
f 3848/3623/4027 4094/3878/4282 4150/3880/4284 3845/3620/4024
f 4035/3819/4223 4080/3826/4230 4082/3864/4268 4168/3820/4224
f 4169/3761/4165 4170/3935/4339 4168/3820/4224 4082/3864/4268
f 4170/3935/4339 4169/3761/4165 3973/3762/4166 4172/3936/4340
f 4170/3935/4339 4171/3815/4219 4032/3816/4220 4168/3820/4224
f 4171/3815/4219 4170/3935/4339 4172/3936/4340 4174/3937/4341
f 4173/3938/4342 4175/3939/4343 4174/3937/4341 4172/3936/4340
f 4173/3938/4342 4172/3936/4340 3973/3762/4166 3975/3763/4167
f 4028/3812/4216 4171/3815/4219 4174/3937/4341 4026/3810/4214
f 4175/3939/4343 4024/3808/4212 4026/3810/4214 4174/3937/4341
f 4176/3940/4344 4022/3802/4206 4024/3808/4212 4175/3939/4343
f 4175/3939/4343 4173/3938/4342 4177/3941/4345 4176/3940/4344
f 4022/3802/4206 4176/3940/4344 4178/3797/4201 4011/3798/4202
f 4176/3940/4344 4177/3941/4345 4179/3942/4346 4178/3797/4201
f 4181/3784/4188 4010/3796/4200 4178/3797/4201 4179/3942/4346
f 4179/3942/4346 4180/3767/4171 3997/3782/4186 4181/3784/4188
f 4180/3767/4171 4179/3942/4346 4177/3941/4345 3977/3765/4169
f 4003/3787/4191 4010/3796/4200 4181/3784/4188 3998/3783/4187
f 4180/3767/4171 3978/3766/4170 3994/3771/4175 3997/3782/4186
f 4173/3938/4342 3975/3763/4167 3977/3765/4169 4177/3941/4345
f 4060/3842/4246 3820/3592/3996 3822/3594/3998 4065/3846/4250
f 4052/3837/4241 3788/3555/3959 3790/3556/3960 4182/3560/3964
f 3788/3555/3959 4052/3837/4241 4050/3546/3950 3778/3547/3951
f 3983/3772/4176 3988/3774/4178 3995/3781/4185 3981/3770/4174
f 2112/1755/2175 3992/3778/4182 3990/1753/2173 2110/1752/2172
f 4192/1742/2162 2101/1741/2161 3932/3715/4119 3803/3571/3975
f 4185/3943/4347 3832/3605/4009 3830/3604/4008 4184/3709/4113
f 4185/3943/4347 4184/3709/4113 3921/3706/4110 4186/3944/4348
f 4187/3615/4019 3834/3606/4010 3832/3605/4009 4185/3943/4347
f 4185/3943/4347 4186/3944/4348 4188/3945/4349 4187/3615/4019
f 3839/3613/4017 4187/3615/4019 4188/3945/4349 3846/3621/4025
f 4188/3945/4349 4186/3944/4348 4190/3946/4350 4189/3633/4037
f 4189/3633/4037 3849/3624/4028 3846/3621/4025 4188/3945/4349
f 4189/3633/4037 4190/3946/4350 4191/3637/4041 3854/3631/4035
f 3919/3705/4109 4190/3946/4350 4186/3944/4348 3921/3706/4110
f 3919/3705/4109 3917/3704/4108 4191/3637/4041 4190/3946/4350
f 3864/3645/4049 3858/3638/4042 4191/3637/4041 3917/3704/4108
f 3792/3559/3963 3141/2830/3250 3135/2822/3242 3133/2820/3240
f 3141/2830/3250 3792/3559/3963 3786/3554/3958 3145/2831/3251
f 2137/1783/2203 3730/3491/3895 3732/3498/3902 2135/1782/2202
f 2137/1783/2203 2139/1784/2204 3730/3491/3895
f 3725/3490/3894 2139/1784/2204 2142/1785/2205 4194/3947/4351
f 4194/3947/4351 4196/3948/4352 4193/3480/3884 3725/3490/3894
f 4196/3948/4352 4194/3947/4351 4195/3949/4353 4197/3950/4354
f 4378/1790/2210 4195/3949/4353 4194/3947/4351 2142/1785/2205
f 4196/3948/4352 3711/3472/3877 3713/3476/3880 4193/3480/3884
f 4197/3950/4354 3709/3471/3876 3711/3472/3877 4196/3948/4352
f 3709/3471/3876 4197/3950/4354 4198/3951/4355 4199/3473/3878
f 4197/3950/4354 4195/3949/4353 4201/3952/4356 4198/3951/4355
f 4200/3953/4357 4374/3954/4358 4199/3473/3878 4198/3951/4355
f 4198/3951/4355 4201/3952/4356 4203/3955/4359 4200/3953/4357
f 4201/3952/4356 4202/3956/4360 4205/3957/4361 4203/3955/4359
f 4195/3949/4353 4378/1790/2210 4202/3956/4360 4201/3952/4356
f 4204/3958/4362 4372/3959/4363 4200/3953/4357 4203/3955/4359
f 4205/3957/4361 4206/3960/4364 4204/3958/4362 4203/3955/4359
f 4210/3961/4365 4206/3960/4364 4205/3957/4361 4207/3962/4366
f 4207/3962/4366 4205/3957/4361 4202/3956/4360 4209/1793/2213
f 4212/3963/4367 4210/3961/4365 4207/3962/4366 4208/1800/2220
f 4208/1800/2220 4207/3962/4366 4209/1793/2213 2146/1794/2214
f 4211/3964/4368 4369/3965/4369 4206/3960/4364 4210/3961/4365
f 4213/3966/4370 4211/3964/4368 4210/3961/4365 4212/3963/4367
f 4212/3963/4367 4214/3967/4371 4216/3968/4372 4213/3966/4370
f 2150/1799/2219 4214/3967/4371 4212/3963/4367 4208/1800/2220
f 4218/3969/4373 4216/3968/4372 4214/3967/4371 4215/3970/4374
f 4215/3970/4374 4214/3967/4371 2150/1799/2219 2152/1801/2221
f 4217/3971/4375 4371/3972/4376 4213/3966/4370 4216/3968/4372
f 4216/3968/4372 4218/3969/4373 4220/3973/4377 4217/3971/4375
f 4218/3969/4373 4219/3974/4378 4222/3975/4379 4220/3973/4377
f 4219/3974/4378 4218/3969/4373 4215/3970/4374 4232/3976/4380
f 4217/3971/4375 4220/3973/4377 4221/3977/4381 4377/3978/4382
f 4223/3979/4383 4221/3977/4381 4220/3973/4377 4222/3975/4379
f 4225/3980/4384 4223/3979/4383 4222/3975/4379 4224/3981/4385
f 4219/3974/4378 4227/3982/4386 4224/3981/4385 4222/3975/4379
f 4225/3980/4384 4224/3981/4385 4226/3983/4387 4310/3984/4388
f 4228/3985/4389 4226/3983/4387 4224/3981/4385 4227/3982/4386
f 4229/3986/4390 4230/3987/4391 4228/3985/4389 4227/3982/4386
f 4227/3982/4386 4219/3974/4378 4232/3976/4380 4229/3986/4390
f 4231/1806/2226 4233/3988/4392 4230/3987/4391 4229/3986/4390
f 2154/1803/2223 4231/1806/2226 4229/3986/4390 4232/3976/4380
f 2152/1801/2221 2154/1803/2223 4232/3976/4380 4215/3970/4374
f 4233/3988/4392 4231/1806/2226 4234/3989/4393 4235/3990/4394
f 4234/3989/4393 4231/1806/2226 2155/1805/2225 4237/1810/2230
f 4236/1827/2247 4238/3991/4395 4235/3990/4394 4234/3989/4393
f 2174/1822/2242 4236/1827/2247 4234/3989/4393 4237/1810/2230
f 4238/3991/4395 4236/1827/2247 2178/1828/2248 4240/3992/4396
f 4238/3991/4395 4239/3993/4397 4327/3994/4398 4235/3990/4394
f 4239/3993/4397 4238/3991/4395 4240/3992/4396 4241/3995/4399
f 4241/3995/4399 4240/3992/4396 4242/1836/2256 2199/1852/2272
f 4240/3992/4396 2178/1828/2248 2180/1829/2249 4242/1836/2256
f 4244/3996/4400 4239/3993/4397 4241/3995/4399 4243/3997/4401
f 4243/3997/4401 4241/3995/4399 2199/1852/2272 2201/1853/2273
f 4246/3998/4402 4244/3996/4400 4243/3997/4401 4245/3999/4403
f 4245/3999/4403 4243/3997/4401 2201/1853/2273 2203/1854/2274
f 4246/3998/4402 4245/3999/4403 4247/4000/4404 4248/4001/4405
f 2206/1858/2278 4247/4000/4404 4245/3999/4403 2203/1854/2274
f 4248/4001/4405 4247/4000/4404 4249/4002/4406 4250/4003/4407
f 4252/1861/2281 4249/4002/4406 4247/4000/4404 2206/1858/2278
f 4250/4003/4407 4249/4002/4406 4251/4004/4408 4253/3344/3757
f 2215/1868/2288 4251/4004/4408 4249/4002/4406 4252/1861/2281
f 4253/3344/3757 4251/4004/4408 4254/1876/2296 3586/3338/3751
f 2217/1869/2289 4254/1876/2296 4251/4004/4408 2215/1868/2288
f 4253/3344/3757 3590/3343/3756 4255/4005/4409 4250/4003/4407
f 4257/4006/4410 4248/4001/4405 4250/4003/4407 4255/4005/4409
f 4255/4005/4409 4256/4007/4411 4258/4008/4412 4257/4006/4410
f 4256/4007/4411 4255/4005/4409 3590/3343/3756 3592/3345/3758
f 4257/4006/4410 4258/4008/4412 4261/4009/4413 4259/4010/4414
f 4259/4010/4414 4246/3998/4402 4248/4001/4405 4257/4006/4410
f 4260/4011/4415 4259/4010/4414 4261/4009/4413 4262/4012/4416
f 4259/4010/4414 4260/4011/4415 4244/3996/4400 4246/3998/4402
f 4262/4012/4416 4261/4009/4413 4263/4013/4417 4264/4014/4418
f 4263/4013/4417 4261/4009/4413 4258/4008/4412 4266/4015/4419
f 4317/4016/4420 4264/4014/4418 4263/4013/4417 4265/4017/4421
f 4263/4013/4417 4266/4015/4419 4267/4018/4422 4265/4017/4421
f 4266/4015/4419 4268/4019/4423 4270/4020/4424 4267/4018/4422
f 4266/4015/4419 4258/4008/4412 4256/4007/4411 4268/4019/4423
f 4270/4020/4424 4268/4019/4423 4269/3347/3760 4272/4021/4425
f 3592/3345/3758 4269/3347/3760 4268/4019/4423 4256/4007/4411
f 4267/4018/4422 4270/4020/4424 4271/4022/4426 4319/4023/4427
f 4273/4024/4428 4271/4022/4426 4270/4020/4424 4272/4021/4425
f 4272/4021/4425 3601/3356/3769 3603/3359/3772 4273/4024/4428
f 3593/3346/3759 3601/3356/3769 4272/4021/4425 4269/3347/3760
f 4274/4025/4429 4275/4026/4430 4271/4022/4426 4273/4024/4428
f 4273/4024/4428 3603/3359/3772 4277/3360/3773 4274/4025/4429
f 4275/4026/4430 4274/4025/4429 4276/4027/4431 4323/4028/4432
f 4278/4029/4433 4276/4027/4431 4274/4025/4429 4277/3360/3773
f 4278/4029/4433 4277/3360/3773 3604/3361/3774 4280/4030/4434
f 4276/4027/4431 4278/4029/4433 4279/4031/4435 4289/4032/4436
f 4279/4031/4435 4278/4029/4433 4280/4030/4434 4281/4033/4437
f 4280/4030/4434 4282/4034/4438 4283/4035/4439 4281/4033/4437
f 4280/4030/4434 3604/3361/3774 3606/3362/3775 4282/4034/4438
f 3619/3377/3790 4283/4035/4439 4282/4034/4438 3617/3374/3787
f 3617/3374/3787 4282/4034/4438 3606/3362/3775 3608/3364/3777
f 4283/4035/4439 3619/3377/3790 4285/3379/3792 4284/4036/4440
f 4281/4033/4437 4283/4035/4439 4284/4036/4440 4286/4037/4441
f 4281/4033/4437 4286/4037/4441 4287/4038/4442 4279/4031/4435
f 4289/4032/4436 4279/4031/4435 4287/4038/4442 4288/4039/4443
f 4290/4040/4444 4291/4041/4445 4289/4032/4436 4288/4039/4443
f 4293/4042/4446 4291/4041/4445 4290/4040/4444 4292/4043/4447
f 4295/4044/4448 4293/4042/4446 4292/4043/4447 4294/4045/4449
f 4295/4044/4448 4294/4045/4449 4296/4046/4450 4297/4047/4451
f 4298/4048/4452 4299/4049/4453 4297/4047/4451 4296/4046/4450
f 4301/4050/4454 4299/4049/4453 4298/4048/4452 4300/4051/4455
f 4300/4051/4455 4302/4052/4456 4304/4053/4457 4301/4050/4454
f 4302/4052/4456 4303/4054/4458 4305/4055/4459 4304/4053/4457
f 4304/4053/4457 4305/4055/4459 4307/4056/4460 4306/4057/4461
f 4304/4053/4457 4306/4057/4461 4308/4058/4462 4301/4050/4454
f 4223/3979/4383 4225/3980/4384 4306/4057/4461 4307/4056/4460
f 4306/4057/4461 4225/3980/4384 4310/3984/4388 4308/4058/4462
f 4309/4059/4463 4299/4049/4453 4301/4050/4454 4308/4058/4462
f 4311/4060/4464 4309/4059/4463 4308/4058/4462 4310/3984/4388
f 4312/4061/4465 4311/4060/4464 4310/3984/4388 4226/3983/4387
f 4309/4059/4463 4311/4060/4464 4313/4062/4466 4314/4063/4467
f 4311/4060/4464 4312/4061/4465 4316/4064/4468 4313/4062/4466
f 4315/4065/4469 4322/4066/4470 4314/4063/4467 4313/4062/4466
f 4318/4067/4471 4315/4065/4469 4313/4062/4466 4316/4064/4468
f 4317/4016/4420 4316/4064/4468 4312/4061/4465 4324/4068/4472
f 4316/4064/4468 4317/4016/4420 4265/4017/4421 4318/4067/4471
f 4319/4023/4427 4318/4067/4471 4265/4017/4421 4267/4018/4422
f 4318/4067/4471 4319/4023/4427 4320/4069/4473 4315/4065/4469
f 4319/4023/4427 4271/4022/4426 4275/4026/4430 4320/4069/4473
f 4315/4065/4469 4320/4069/4473 4321/4070/4474 4322/4066/4470
f 4323/4028/4432 4321/4070/4474 4320/4069/4473 4275/4026/4430
f 4322/4066/4470 4321/4070/4474 4293/4042/4446 4295/4044/4448
f 4321/4070/4474 4323/4028/4432 4291/4041/4445 4293/4042/4446
f 4323/4028/4432 4276/4027/4431 4289/4032/4436 4291/4041/4445
f 4322/4066/4470 4295/4044/4448 4297/4047/4451 4314/4063/4467
f 4324/4068/4472 4325/4071/4475 4264/4014/4418 4317/4016/4420
f 4230/3987/4391 4325/4071/4475 4324/4068/4472 4228/3985/4389
f 4226/3983/4387 4228/3985/4389 4324/4068/4472 4312/4061/4465
f 4325/4071/4475 4230/3987/4391 4233/3988/4392 4326/4072/4476
f 4326/4072/4476 4262/4012/4416 4264/4014/4418 4325/4071/4475
f 4326/4072/4476 4233/3988/4392 4235/3990/4394 4327/3994/4398
f 4327/3994/4398 4260/4011/4415 4262/4012/4416 4326/4072/4476
f 4260/4011/4415 4327/3994/4398 4239/3993/4397 4244/3996/4400
f 4299/4049/4453 4309/4059/4463 4314/4063/4467 4297/4047/4451
f 4330/4073/4477 4328/4074/4478 4307/4056/4460 4305/4055/4459
f 4221/3977/4381 4223/3979/4383 4307/4056/4460 4328/4074/4478
f 4329/4075/4479 4377/3978/4382 4221/3977/4381 4328/4074/4478
f 4332/4076/4480 4329/4075/4479 4328/4074/4478 4330/4073/4477
f 4305/4055/4459 4303/4054/4458 4331/4077/4481 4330/4073/4477
f 4330/4073/4477 4331/4077/4481 4333/4078/4482 4332/4076/4480
f 4332/4076/4480 4333/4078/4482 4335/4079/4483 4334/4080/4484
f 4329/4075/4479 4332/4076/4480 4334/4080/4484 4337/4081/4485
f 4334/4080/4484 4335/4079/4483 4376/4082/4486 4336/4083/4487
f 4337/4081/4485 4334/4080/4484 4336/4083/4487 4339/4084/4488
f 4377/3978/4382 4329/4075/4479 4337/4081/4485 4338/4085/4489
f 4338/4085/4489 4337/4081/4485 4339/4084/4488 4340/4086/4490
f 4340/4086/4490 4339/4084/4488 4341/4087/4491 4342/4088/4492
f 4339/4084/4488 4336/4083/4487 4344/4089/4493 4341/4087/4491
f 4342/4088/4492 4341/4087/4491 4343/4090/4494 4368/4091/4495
f 4341/4087/4491 4344/4089/4493 4346/4092/4496 4343/4090/4494
f 4344/4089/4493 4345/4093/4497 4347/4094/4498 4346/4092/4496
f 4336/4083/4487 4376/4082/4486 4345/4093/4497 4344/4089/4493
f 4346/4092/4496 4347/4094/4498 4349/4095/4499 4348/4096/4500
f 4343/4090/4494 4346/4092/4496 4348/4096/4500 4351/4097/4501
f 4348/4096/4500 4349/4095/4499 4359/4098/4502 4350/4099/4503
f 4351/4097/4501 4348/4096/4500 4350/4099/4503 4353/4100/4504
f 4368/4091/4495 4343/4090/4494 4351/4097/4501 4352/4101/4505
f 4352/4101/4505 4351/4097/4501 4353/4100/4504 4354/4102/4506
f 4354/4102/4506 4353/4100/4504 4355/4103/4507 4356/3418/3831
f 4353/4100/4504 4350/4099/4503 4357/4104/4508 4355/4103/4507
f 4356/3418/3831 4355/4103/4507 3649/4105/3823 3651/3419/3825
f 4355/4103/4507 4357/4104/4508 3647/4106/3821 3649/4105/3823
f 4357/4104/4508 4358/4107/4509 4360/4108/3822 3647/4106/3821
f 4350/4099/4503 4359/4098/4502 4358/4107/4509 4357/4104/4508
f 4361/4109/4510 4354/4102/4506 4356/3418/3831 3655/3417/3830
f 4363/4110/4511 4352/4101/4505 4354/4102/4506 4361/4109/4510
f 3655/3417/3830 3657/3421/3832 4362/4111/4512 4361/4109/4510
f 4361/4109/4510 4362/4111/4512 4364/4112/4513 4363/4110/4511
f 4363/4110/4511 4364/4112/4513 4367/4113/4514 4365/4114/4515
f 4352/4101/4505 4363/4110/4511 4365/4114/4515 4368/4091/4495
f 4368/4091/4495 4365/4114/4515 4366/4115/4516 4342/4088/4492
f 4367/4113/4514 4369/3965/4369 4366/4115/4516 4365/4114/4515
f 4204/3958/4362 4206/3960/4364 4369/3965/4369 4367/4113/4514
f 4372/3959/4363 4204/3958/4362 4367/4113/4514 4364/4112/4513
f 4369/3965/4369 4211/3964/4368 4370/4116/4517 4366/4115/4516
f 4370/4116/4517 4340/4086/4490 4342/4088/4492 4366/4115/4516
f 4371/3972/4376 4338/4085/4489 4340/4086/4490 4370/4116/4517
f 4211/3964/4368 4213/3966/4370 4371/3972/4376 4370/4116/4517
f 4338/4085/4489 4371/3972/4376 4217/3971/4375 4377/3978/4382
f 4362/4111/4512 4373/4117/4518 4372/3959/4363 4364/4112/4513
f 4374/3954/4358 4200/3953/4357 4372/3959/4363 4373/4117/4518
f 4375/3428/3837 4374/3954/4358 4373/4117/4518 3659/3424/3834
f 4362/4111/4512 3657/3421/3832 3659/3424/3834 4373/4117/4518
f 4374/3954/4358 4375/3428/3837 3706/3466/3873 4199/3473/3878
f 4209/1793/2213 4202/3956/4360 4378/1790/2210 2141/1788/2208
f 3720/3483/3887 3152/2842/3262 3150/2838/3258 3722/3484/3888
f 3152/2842/3262 3720/3483/3887 3718/3482/3886 4379/2843/3263
f 4379/2843/3263 3718/3482/3886 3175/2873/3288 3173/2871/3287
f 4379/2843/3263 3173/2871/3287 3160/2851/3271 3153/2844/3264
f 3575/3327/3740 2238/1894/2314 2240/1896/2316 4381/3326/3739
f 3565/3317/3730 3567/3318/3731 3571/3321/3734 4381/3326/3739
f 4381/3326/3739 2240/1896/2316 4382/1899/2319 3565/3317/3730
f 4384/1932/2352 4385/4118/4519 3560/3310/3723 3562/3314/3727
f 2264/1925/2345 4384/1932/2352 3562/3314/3727 4383/1915/2335
f 2268/1931/2351 4387/4119/4520 4385/4118/4519 4384/1932/2352
f 3557/3308/3721 3560/3310/3723 4385/4118/4519 4386/4120/4521
f 4386/4120/4521 4385/4118/4519 4387/4119/4520 4389/4121/4522
f 2270/1930/2350 4388/4122/4523 4387/4119/4520 2268/1931/2351
f 4387/4119/4520 4388/4122/4523 4390/4123/4524 4389/4121/4522
f 4390/4123/4524 4508/4124/4525 4391/4125/4526 4389/4121/4522
f 4392/4126/4527 4389/4121/4522 4391/4125/4526 4394/4127/4528
f 4386/4120/4521 4389/4121/4522 4392/4126/4527 4395/4128/4529
f 4395/4128/4529 4392/4126/4527 4393/4129/4530 4396/4130/4531
f 4489/4131/4532 4393/4129/4530 4392/4126/4527 4394/4127/4528
f 3555/3307/3720 4395/4128/4529 4396/4130/4531 4398/3306/3719
f 4395/4128/4529 3555/3307/3720 3557/3308/3721 4386/4120/4521
f 4397/4132/4533 4399/4133/4534 4398/3306/3719 4396/4130/4531
f 4424/4134/4535 4397/4132/4533 4396/4130/4531 4393/4129/4530
f 4399/4133/4534 3548/3298/3711 3550/3300/3713 4398/3306/3719
f 4402/3299/3712 3548/3298/3711 4399/4133/4534 4400/4135/4536
f 4400/4135/4536 4399/4133/4534 4397/4132/4533 4401/4136/4537
f 4403/4137/4538 4400/4135/4536 4401/4136/4537 4405/4138/4539
f 4406/4139/4540 4402/3299/3712 4400/4135/4536 4403/4137/4538
f 4408/4140/4541 4406/4139/4540 4403/4137/4538 4404/4141/4542
f 4404/4141/4542 4403/4137/4538 4405/4138/4539 4418/4142/4543
f 4407/4143/4544 3547/3296/3709 4402/3299/3712 4406/4139/4540
f 4409/4144/4545 4407/4143/4544 4406/4139/4540 4408/4140/4541
f 4411/4145/4546 4409/4144/4545 4408/4140/4541 4410/4146/4547
f 4410/4146/4547 4408/4140/4541 4404/4141/4542 4413/4147/4548
f 6023/4148/4549 4411/4145/4546 4410/4146/4547 4412/4149/4550
f 4412/4149/4550 4410/4146/4547 4413/4147/4548 4414/4150/4551
f 4414/4150/4551 4413/4147/4548 4415/4151/4552 4416/4152/4553
f 4413/4147/4548 4404/4141/4542 4418/4142/4543 4415/4151/4552
f 4416/4152/4553 4415/4151/4552 4417/4153/4554 4444/4154/4555
f 4415/4151/4552 4418/4142/4543 4419/4155/4556 4417/4153/4554
f 4418/4142/4543 4405/4138/4539 4421/4156/4557 4419/4155/4556
f 4420/4157/4558 4440/4158/4559 4417/4153/4554 4419/4155/4556
f 4422/4159/4560 4420/4157/4558 4419/4155/4556 4421/4156/4557
f 4423/4160/4561 4425/4161/4562 4422/4159/4560 4421/4156/4557
f 4423/4160/4561 4421/4156/4557 4405/4138/4539 4401/4136/4537
f 4424/4134/4535 4423/4160/4561 4401/4136/4537 4397/4132/4533
f 4423/4160/4561 4424/4134/4535 4426/4162/4563 4425/4161/4562
f 4427/4163/4564 4425/4161/4562 4426/4162/4563 4428/4164/4565
f 4430/4165/4566 4422/4159/4560 4425/4161/4562 4427/4163/4564
f 4428/4164/4565 4484/4166/4567 4429/4167/4568 4427/4163/4564
f 4427/4163/4564 4429/4167/4568 4432/4168/4569 4430/4165/4566
f 4431/4169/4570 4420/4157/4558 4422/4159/4560 4430/4165/4566
f 4434/4170/4571 4431/4169/4570 4430/4165/4566 4432/4168/4569
f 4429/4167/4568 4481/4171/4572 4433/4172/4573 4432/4168/4569
f 4432/4168/4569 4433/4172/4573 4435/4173/4574 4434/4170/4571
f 4434/4170/4571 4435/4173/4574 4438/4174/4575 4436/4175/4576
f 4436/4175/4576 4439/4176/4577 4431/4169/4570 4434/4170/4571
f 4436/4175/4576 4437/4177/4578 4441/4178/4579 4439/4176/4577
f 4438/4174/4575 4464/4179/4580 4437/4177/4578 4436/4175/4576
f 4431/4169/4570 4439/4176/4577 4440/4158/4559 4420/4157/4558
f 4439/4176/4577 4441/4178/4579 4443/4180/4581 4440/4158/4559
f 4445/4181/4582 4443/4180/4581 4441/4178/4579 4442/4182/4583
f 4437/4177/4578 4459/4183/4584 4442/4182/4583 4441/4178/4579
f 4440/4158/4559 4443/4180/4581 4444/4154/4555 4417/4153/4554
f 4446/4184/4585 4444/4154/4555 4443/4180/4581 4445/4181/4582
f 4448/4185/4586 4446/4184/4585 4445/4181/4582 4447/4186/4587
f 4447/4186/4587 4445/4181/4582 4442/4182/4583 4449/4187/4588
f 4451/4188/4589 4448/4185/4586 4447/4186/4587 4450/4189/4590
f 4450/4189/4590 4447/4186/4587 4449/4187/4588 4453/4190/4591
f 6015/4191/4592 4451/4188/4589 4450/4189/4590 4452/4192/4593
f 4452/4192/4593 4450/4189/4590 4453/4190/4591 4454/4193/4594
f 4455/4194/4595 4456/4195/4596 4454/4193/4594 4453/4190/4591
f 4458/4196/4597 4455/4194/4595 4453/4190/4591 4449/4187/4588
f 4456/4195/4596 4455/4194/4595 4457/4197/4598 5366/4198/4599
f 4455/4194/4595 4458/4196/4597 4460/4199/4600 4457/4197/4598
f 4459/4183/4584 4458/4196/4597 4449/4187/4588 4442/4182/4583
f 4458/4196/4597 4459/4183/4584 4462/4200/4601 4460/4199/4600
f 4461/4201/4602 5380/4202/4603 4457/4197/4598 4460/4199/4600
f 4463/4203/4604 4461/4201/4602 4460/4199/4600 4462/4200/4601
f 4462/4200/4601 4464/4179/4580 4465/4204/4605 4463/4203/4604
f 4459/4183/4584 4437/4177/4578 4464/4179/4580 4462/4200/4601
f 4466/4205/4606 4465/4204/4605 4464/4179/4580 4438/4174/4575
f 4467/4206/4607 4465/4204/4605 4466/4205/4606 4470/4207/4608
f 4467/4206/4607 4468/4208/4609 4463/4203/4604 4465/4204/4605
f 4467/4206/4607 4469/4209/4610 4613/4210/4611 4468/4208/4609
f 4469/4209/4610 4467/4206/4607 4470/4207/4608 4471/4211/4612
f 4471/4211/4612 4470/4207/4608 4472/4212/4613 4473/4213/4614
f 4470/4207/4608 4466/4205/4606 4474/4214/4615 4472/4212/4613
f 4473/4213/4614 4472/4212/4613 4475/4215/4616 4476/4216/4617
f 4472/4212/4613 4474/4214/4615 4478/4217/4618 4475/4215/4616
f 4477/4218/4619 6051/4219/4620 4476/4216/4617 4475/4215/4616
f 4475/4215/4616 4478/4217/4618 4479/4220/4621 4477/4218/4619
f 4478/4217/4618 4433/4172/4573 4481/4171/4572 4479/4220/4621
f 4474/4214/4615 4435/4173/4574 4433/4172/4573 4478/4217/4618
f 4480/4221/4622 6052/4222/4623 4477/4218/4619 4479/4220/4621
f 4482/4223/4624 4480/4221/4622 4479/4220/4621 4481/4171/4572
f 4484/4166/4567 4482/4223/4624 4481/4171/4572 4429/4167/4568
f 4480/4221/4622 4482/4223/4624 4483/4224/4625 6053/4225/4626
f 4482/4223/4624 4484/4166/4567 4485/4226/4627 4483/4224/4625
f 4487/4227/4628 4485/4226/4627 4484/4166/4567 4428/4164/4565
f 4486/4228/4629 4495/4229/4630 4483/4224/4625 4485/4226/4627
f 4486/4228/4629 4485/4226/4627 4487/4227/4628 4488/4230/4631
f 4488/4230/4631 4487/4227/4628 4489/4131/4532 4394/4127/4528
f 4428/4164/4565 4426/4162/4563 4489/4131/4532 4487/4227/4628
f 4489/4131/4532 4426/4162/4563 4424/4134/4535 4393/4129/4530
f 4488/4230/4631 4490/4231/4632 4492/4232/4633 4486/4228/4629
f 4394/4127/4528 4391/4125/4526 4490/4231/4632 4488/4230/4631
f 4508/4124/4525 4491/4233/4634 4490/4231/4632 4391/4125/4526
f 4490/4231/4632 4491/4233/4634 4493/4234/4635 4492/4232/4633
f 4486/4228/4629 4492/4232/4633 4494/4235/4636 4495/4229/4630
f 4492/4232/4633 4493/4234/4635 4497/4236/4637 4494/4235/4636
f 4495/4229/4630 4494/4235/4636 4496/4237/4638 6054/4238/4639
f 4494/4235/4636 4497/4236/4637 4498/4239/4640 4496/4237/4638
f 4497/4236/4637 4499/4240/4641 4500/4241/4642 4498/4239/4640
f 4493/4234/4635 4502/4242/4643 4499/4240/4641 4497/4236/4637
f 4571/4243/4644 4500/4241/4642 4499/4240/4641 4501/4244/4645
f 4501/4244/4645 4499/4240/4641 4502/4242/4643 4503/4245/4646
f 4503/4245/4646 4502/4242/4643 4504/4246/4647 4505/4247/4648
f 4491/4233/4634 4504/4246/4647 4502/4242/4643 4493/4234/4635
f 4506/4248/4649 4509/4249/4650 4505/4247/4648 4504/4246/4647
f 4491/4233/4634 4508/4124/4525 4506/4248/4649 4504/4246/4647
f 4506/4248/4649 4507/4250/4651 4511/4251/4652 4509/4249/4650
f 4507/4250/4651 4506/4248/4649 4508/4124/4525 4390/4123/4524
f 4509/4249/4650 4510/4252/4653 4582/4253/4654 4505/4247/4648
f 4511/4251/4652 4513/4254/4655 4510/4252/4653 4509/4249/4650
f 4511/4251/4652 4512/4255/4656 4514/4256/4657 4513/4254/4655
f 4507/4250/4651 6070/4257/4658 4512/4255/4656 4511/4251/4652
f 4513/4254/4655 4514/4256/4657 4516/4258/4659 4515/4259/4660
f 4517/4260/4661 4510/4252/4653 4513/4254/4655 4515/4259/4660
f 4515/4259/4660 4516/4258/4659 4519/4261/4662 4518/4262/4663
f 4515/4259/4660 4518/4262/4663 4520/4263/4664 4517/4260/4661
f 4521/4264/4665 4518/4262/4663 4519/4261/4662 4523/4265/4666
f 4524/4266/4667 4520/4263/4664 4518/4262/4663 4521/4264/4665
f 4525/4267/4668 4524/4266/4667 4521/4264/4665 4522/4268/4669
f 4522/4268/4669 4521/4264/4665 4523/4265/4666 6061/4269/4670
f 4524/4266/4667 4525/4267/4668 4529/4270/4671 4526/4271/4672
f 4520/4263/4664 4524/4266/4667 4526/4271/4672 4527/4272/4673
f 4527/4272/4673 4526/4271/4672 4528/4273/4674 4581/4274/4675
f 4531/4275/4676 4528/4273/4674 4526/4271/4672 4529/4270/4671
f 4532/4276/4677 4529/4270/4671 4530/2654/3074 2982/2653/3073
f 4525/4267/4668 6055/4277/4678 4530/2654/3074 4529/4270/4671
f 4534/4278/4679 4531/4275/4676 4529/4270/4671 4532/4276/4677
f 4535/4279/4680 4534/4278/4679 4532/4276/4677 4533/4280/4681
f 4533/4280/4681 4532/4276/4677 2982/2653/3073 2984/2655/3075
f 4534/4278/4679 4535/4279/4680 4537/4281/4682 4536/4282/4683
f 4536/4282/4683 4539/4283/4684 4531/4275/4676 4534/4278/4679
f 4536/4282/4683 4537/4281/4682 4713/4284/4685 4538/4285/4686
f 4538/4285/4686 4541/4286/4687 4539/4283/4684 4536/4282/4683
f 4539/4283/4684 4540/4287/4688 4528/4273/4674 4531/4275/4676
f 4540/4287/4688 4539/4283/4684 4541/4286/4687 4543/4288/4689
f 4541/4286/4687 4538/4285/4686 4708/4289/4690 4542/4290/4691
f 4542/4290/4691 4545/4291/4692 4543/4288/4689 4541/4286/4687
f 4577/4292/4693 4540/4287/4688 4543/4288/4689 4544/4293/4694
f 4544/4293/4694 4543/4288/4689 4545/4291/4692 4546/4294/4695
f 4546/4294/4695 4545/4291/4692 4547/4295/4696 4550/4296/4697
f 4545/4291/4692 4542/4290/4691 4549/4297/4698 4547/4295/4696
f 4548/4298/4699 4552/4299/4700 4550/4296/4697 4547/4295/4696
f 4707/4300/4701 4548/4298/4699 4547/4295/4696 4549/4297/4698
f 4552/4299/4700 4553/4301/4702 4551/4302/4703 4550/4296/4697
f 4550/4296/4697 4551/4302/4703 4576/4303/4704 4546/4294/4695
f 4553/4301/4702 4552/4299/4700 4554/4304/4705 4557/4305/4706
f 4555/4306/4707 4554/4304/4705 4552/4299/4700 4548/4298/4699
f 4554/4304/4705 4555/4306/4707 6049/4307/4708 4556/4308/4709
f 4556/4308/4709 4558/4309/4710 4557/4305/4706 4554/4304/4705
f 4558/4309/4710 4561/4310/4711 4559/4311/4712 4557/4305/4706
f 4557/4305/4706 4559/4311/4712 4562/4312/4713 4553/4301/4702
f 4564/4313/4714 4562/4312/4713 4559/4311/4712 4560/4314/4715
f 4561/4310/4711 4684/4315/4716 4560/4314/4715 4559/4311/4712
f 4553/4301/4702 4562/4312/4713 4563/4316/4717 4551/4302/4703
f 4566/4317/4718 4563/4316/4717 4562/4312/4713 4564/4313/4714
f 4565/4318/4719 4564/4313/4714 4560/4314/4715 4682/4319/4720
f 4564/4313/4714 4565/4318/4719 4567/4320/4721 4566/4317/4718
f 4566/4317/4718 4567/4320/4721 4569/4321/4722 4568/4322/4723
f 4568/4322/4723 4570/4323/4724 4563/4316/4717 4566/4317/4718
f 4500/4241/4642 4571/4243/4644 4568/4322/4723 4569/4321/4722
f 4571/4243/4644 4572/4324/4725 4570/4323/4724 4568/4322/4723
f 4501/4244/4645 4573/4325/4726 4572/4324/4725 4571/4243/4644
f 4573/4325/4726 4575/4326/4727 4574/4327/4728 4572/4324/4725
f 4576/4303/4704 4570/4323/4724 4572/4324/4725 4574/4327/4728
f 4546/4294/4695 4576/4303/4704 4574/4327/4728 4544/4293/4694
f 4544/4293/4694 4574/4327/4728 4575/4326/4727 4577/4292/4693
f 4570/4323/4724 4576/4303/4704 4551/4302/4703 4563/4316/4717
f 4577/4292/4693 4575/4326/4727 4578/4328/4729 4581/4274/4675
f 4579/4329/4730 4578/4328/4729 4575/4326/4727 4573/4325/4726
f 4578/4328/4729 4579/4329/4730 4582/4253/4654 4580/4330/4731
f 4581/4274/4675 4578/4328/4729 4580/4330/4731 4527/4272/4673
f 4581/4274/4675 4528/4273/4674 4540/4287/4688 4577/4292/4693
f 4527/4272/4673 4580/4330/4731 4517/4260/4661 4520/4263/4664
f 4510/4252/4653 4517/4260/4661 4580/4330/4731 4582/4253/4654
f 4579/4329/4730 4503/4245/4646 4505/4247/4648 4582/4253/4654
f 4573/4325/4726 4501/4244/4645 4503/4245/4646 4579/4329/4730
f 4583/4331/4732 4569/4321/4722 4567/4320/4721 4584/4332/4733
f 4498/4239/4640 4500/4241/4642 4569/4321/4722 4583/4331/4732
f 4584/4332/4733 4587/4333/4734 4585/4334/4735 4583/4331/4732
f 4496/4237/4638 4498/4239/4640 4583/4331/4732 4585/4334/4735
f 4585/4334/4735 4586/4335/4736 6054/4238/4639 4496/4237/4638
f 4587/4333/4734 4589/4336/4737 4586/4335/4736 4585/4334/4735
f 4587/4333/4734 4584/4332/4733 4683/4337/4738 4588/4338/4739
f 4588/4338/4739 4590/4339/4740 4589/4336/4737 4587/4333/4734
f 4590/4339/4740 4594/4340/4741 4591/4341/4742 4589/4336/4737
f 4586/4335/4736 4589/4336/4737 4591/4341/4742 4592/4342/4743
f 4593/4343/4744 6052/4222/4623 4592/4342/4743 4591/4341/4742
f 4591/4341/4742 4594/4340/4741 4596/4344/4745 4593/4343/4744
f 4594/4340/4741 4590/4339/4740 4676/4345/4746 4595/4346/4747
f 4594/4340/4741 4595/4346/4747 4598/4347/4748 4596/4344/4745
f 4593/4343/4744 4596/4344/4745 4597/4348/4749 6051/4219/4620
f 4596/4344/4745 4598/4347/4748 4600/4349/4750 4597/4348/4749
f 4595/4346/4747 4674/4350/4751 4599/4351/4752 4598/4347/4748
f 4598/4347/4748 4599/4351/4752 4601/4352/4753 4600/4349/4750
f 4600/4349/4750 4601/4352/4753 4604/4353/4754 4602/4354/4755
f 4597/4348/4749 4600/4349/4750 4602/4354/4755 4605/4355/4756
f 4605/4355/4756 4602/4354/4755 4603/4356/4757 4606/4357/4758
f 4604/4353/4754 4603/4356/4757 4602/4354/4755
f 4476/4216/4617 4605/4355/4756 4606/4357/4758 4473/4213/4614
f 4605/4355/4756 4476/4216/4617 6051/4219/4620 4597/4348/4749
f 4607/4358/4759 4471/4211/4612 4473/4213/4614 4606/4357/4758
f 4606/4357/4758 4603/4356/4757 4608/4359/4760 4607/4358/4759
f 4607/4358/4759 4608/4359/4760 4610/4360/4761 4609/4361/4762
f 4609/4361/4762 4469/4209/4610 4471/4211/4612 4607/4358/4759
f 4611/4362/4763 4609/4361/4762 4610/4360/4761 4612/4363/4764
f 4469/4209/4610 4609/4361/4762 4611/4362/4763 4613/4210/4611
f 4614/4364/4765 4611/4362/4763 4612/4363/4764 4617/4365/4766
f 4614/4364/4765 4615/4366/4767 4613/4210/4611 4611/4362/4763
f 4616/4367/4768 5378/4368/4769 4615/4366/4767 4614/4364/4765
f 4617/4365/4766 4619/4369/4770 4616/4367/4768 4614/4364/4765
f 4618/4370/4771 4619/4369/4770 4617/4365/4766
f 4618/4370/4771 4617/4365/4766 4612/4363/4764
f 4620/4371/4772 4623/4372/4773 4616/4367/4768 4619/4369/4770
f 4621/4373/4774 4620/4371/4772 4619/4369/4770 4618/4370/4771
f 4622/4374/4775 4620/4371/4772 4621/4373/4774 4670/4375/4776
f 4622/4374/4775 4625/4376/4777 4623/4372/4773 4620/4371/4772
f 4624/4377/4778 4623/4372/4773 4625/4376/4777 4626/4378/4779
f 4623/4372/4773 4624/4377/4778 5378/4368/4769 4616/4367/4768
f 4628/4379/4780 4626/4378/4779 4625/4376/4777 4627/4380/4781
f 4630/4381/4782 4627/4380/4781 4625/4376/4777 4622/4374/4775
f 4627/4380/4781 4629/4382/4783 5382/4383/4784 4628/4379/4780
f 4629/4382/4783 4627/4380/4781 4630/4381/4782 4632/4384/4785
f 4622/4374/4775 4670/4375/4776 4631/4385/4786 4630/4381/4782
f 4630/4381/4782 4631/4385/4786 4633/4386/4787 4632/4384/4785
f 4633/4386/4787 4635/4387/4788 4634/4388/4789 4632/4384/4785
f 4636/4389/4790 4629/4382/4783 4632/4384/4785 4634/4388/4789
f 4635/4387/4788 4639/4390/4791 4637/4391/4792 4634/4388/4789
f 4640/4392/4793 4636/4389/4790 4634/4388/4789 4637/4391/4792
f 4642/4393/4794 4640/4392/4793 4637/4391/4792 4638/4394/4795
f 4638/4394/4795 4637/4391/4792 4639/4390/4791 4652/4395/4796
f 4641/4396/4797 5383/4397/4798 4636/4389/4790 4640/4392/4793
f 4643/4398/4799 4641/4396/4797 4640/4392/4793 4642/4393/4794
f 4645/4399/4800 4643/4398/4799 4642/4393/4794 4644/4400/4801
f 4644/4400/4801 4642/4393/4794 4638/4394/4795 4647/4401/4802
f 6009/4402/4803 4645/4399/4800 4644/4400/4801 4646/4403/4804
f 4646/4403/4804 4644/4400/4801 4647/4401/4802 4648/4404/4805
f 4648/4404/4805 4647/4401/4802 4649/4405/4806 4650/4406/4807
f 4647/4401/4802 4638/4394/4795 4652/4395/4796 4649/4405/4806
f 4650/4406/4807 4649/4405/4806 4651/4407/4808 6050/4408/4809
f 4653/4409/4810 4651/4407/4808 4649/4405/4806 4652/4395/4796
f 4654/4410/4811 4653/4409/4810 4652/4395/4796 4639/4390/4791
f 4653/4409/4810 4654/4410/4811 4658/4411/4812 4655/4412/4813
f 4651/4407/4808 4653/4409/4810 4655/4412/4813 4656/4413/4814
f 4657/4414/4815 4685/4415/4816 4656/4413/4814 4655/4412/4813
f 4657/4414/4815 4655/4412/4813 4658/4411/4812 4659/4416/4817
f 4660/4417/4818 4661/4418/4819 4659/4416/4817 4658/4411/4812
f 4658/4411/4812 4654/4410/4811 4662/4419/4820 4660/4417/4818
f 4663/4420/4821 4664/4421/4822 4661/4418/4819 4660/4417/4818
f 4660/4417/4818 4662/4419/4820 4666/4422/4823 4663/4420/4821
f 4665/4423/4824 4673/4424/4825 4664/4421/4822 4663/4420/4821
f 4663/4420/4821 4666/4422/4823 4667/4425/4826 4665/4423/4824
f 4662/4419/4820 4635/4387/4788 4633/4386/4787 4666/4422/4823
f 4666/4422/4823 4633/4386/4787 4631/4385/4786 4667/4425/4826
f 4665/4423/4824 4667/4425/4826 4668/4426/4827 4669/4427/4828
f 4667/4425/4826 4631/4385/4786 4670/4375/4776 4668/4426/4827
f 4669/4427/4828 4668/4426/4827 4618/4370/4771 4672/4428/4829
f 4668/4426/4827 4670/4375/4776 4621/4373/4774 4618/4370/4771
f 4671/4429/4830 4669/4427/4828 4672/4428/4829 4604/4353/4754
f 4669/4427/4828 4671/4429/4830 4673/4424/4825 4665/4423/4824
f 4610/4360/4761 4608/4359/4760 4604/4353/4754 4672/4428/4829
f 4612/4363/4764 4610/4360/4761 4672/4428/4829 4618/4370/4771
f 4671/4429/4830 4599/4351/4752 4674/4350/4751 4673/4424/4825
f 4671/4429/4830 4604/4353/4754 4601/4352/4753 4599/4351/4752
f 4673/4424/4825 4674/4350/4751 4675/4430/4831 4664/4421/4822
f 4676/4345/4746 4675/4430/4831 4674/4350/4751 4595/4346/4747
f 4675/4430/4831 4676/4345/4746 4678/4431/4832 4677/4432/4833
f 4664/4421/4822 4675/4430/4831 4677/4432/4833 4661/4418/4819
f 4678/4431/4832 4681/4433/4834 4679/4434/4835 4677/4432/4833
f 4661/4418/4819 4677/4432/4833 4679/4434/4835 4659/4416/4817
f 4680/4435/4836 4657/4414/4815 4659/4416/4817 4679/4434/4835
f 4680/4435/4836 4679/4434/4835 4681/4433/4834 4682/4319/4720
f 4682/4319/4720 4681/4433/4834 4683/4337/4738 4565/4318/4719
f 4588/4338/4739 4683/4337/4738 4681/4433/4834 4678/4431/4832
f 4584/4332/4733 4567/4320/4721 4565/4318/4719 4683/4337/4738
f 4684/4315/4716 4680/4435/4836 4682/4319/4720 4560/4314/4715
f 4685/4415/4816 4657/4414/4815 4680/4435/4836 4684/4315/4716
f 4686/4436/4837 4685/4415/4816 4684/4315/4716 4561/4310/4711
f 4687/4437/4838 4656/4413/4814 4685/4415/4816 4686/4436/4837
f 4690/4438/4839 4687/4437/4838 4686/4436/4837 4688/4439/4840
f 4688/4439/4840 4686/4436/4837 4561/4310/4711 4558/4309/4710
f 4692/4440/4841 4690/4438/4839 4688/4439/4840 4689/4441/4842
f 4689/4441/4842 4688/4439/4840 4558/4309/4710 4556/4308/4709
f 4691/4442/4843 6050/4408/4809 4687/4437/4838 4690/4438/4839
f 4693/4443/4844 4691/4442/4843 4690/4438/4839 4692/4440/4841
f 4692/4440/4841 4694/4444/4845 6011/4445/4846 4693/4443/4844
f 4694/4444/4845 4692/4440/4841 4695/4446/4847 4698/4447/4848
f 4689/4441/4842 4696/4448/4849 4695/4446/4847 4692/4440/4841
f 4695/4446/4847 4696/4448/4849 4704/4449/4850 4697/4450/4851
f 4698/4447/4848 4695/4446/4847 4697/4450/4851 4700/4451/4852
f 4698/4447/4848 4699/4452/4853 6010/4453/4854 4694/4444/4845
f 4700/4451/4852 4701/4454/4855 4699/4452/4853 4698/4447/4848
f 4701/4454/4855 4700/4451/4852 4702/4455/4856 4705/4456/4857
f 4704/4449/4850 4702/4455/4856 4700/4451/4852 4697/4450/4851
f 4707/4300/4701 4705/4456/4857 4702/4455/4856 4703/4457/4858
f 4703/4457/4858 4702/4455/4856 4704/4449/4850 6048/4458/4859
f 4705/4456/4857 4706/4459/4860 4709/4460/4861 4701/4454/4855
f 4549/4297/4698 4706/4459/4860 4705/4456/4857 4707/4300/4701
f 4703/4457/4858 4555/4306/4707 4548/4298/4699 4707/4300/4701
f 4542/4290/4691 4708/4289/4690 4706/4459/4860 4549/4297/4698
f 4711/4461/4862 4709/4460/4861 4706/4459/4860 4708/4289/4690
f 4701/4454/4855 4709/4460/4861 4710/4462/4863 4699/4452/4853
f 4712/4463/4864 4710/4462/4863 4709/4460/4861 4711/4461/4862
f 4714/4464/4865 4712/4463/4864 4711/4461/4862 4713/4284/4685
f 4538/4285/4686 4713/4284/4685 4711/4461/4862 4708/4289/4690
f 4713/4284/4685 4537/4281/4682 4716/4465/4866 4714/4464/4865
f 4715/4466/4867 6005/4467/4868 4712/4463/4864 4714/4464/4865
f 4716/4465/4866 4717/4468/4869 4715/4466/4867 4714/4464/4865
f 4718/4469/4870 4720/4470/4871 4717/4468/4869 4716/4465/4866
f 4718/4469/4870 4716/4465/4866 4537/4281/4682 4535/4279/4680
f 4719/4471/4872 4722/4472/4873 4720/4470/4871 4718/4469/4870
f 4533/4280/4681 4719/4471/4872 4718/4469/4870 4535/4279/4680
f 4720/4470/4871 4721/4473/4874 5998/4474/4875 4717/4468/4869
f 4722/4472/4873 4723/4475/4876 4721/4473/4874 4720/4470/4871
f 4724/4476/4877 4726/4477/4878 4723/4475/4876 4722/4472/4873
f 4722/4472/4873 4719/4471/4872 4725/2656/3076 4724/4476/4877
f 4724/4476/4877 4725/2656/3076 2985/2657/3077 4727/2664/3084
f 4726/4477/4878 4724/4476/4877 4727/2664/3084 4728/4478/4879
f 2990/2665/3085 4730/4479/4880 4728/4478/4879 4727/2664/3084
f 5994/4480/4881 4726/4477/4878 4728/4478/4879 4729/4481/4882
f 4730/4479/4880 4732/4482/4883 4729/4481/4882 4728/4478/4879
f 4732/4482/4883 4730/4479/4880 4731/2674/3094 4734/4483/4884
f 2992/2666/3086 4731/2674/3094 4730/4479/4880 2990/2665/3085
f 4732/4482/4883 4733/4484/4885 5407/4485/4886 4729/4481/4882
f 4733/4484/4885 4732/4482/4883 4734/4483/4884 4735/4486/4887
f 4736/4487/4888 4737/4488/4889 4735/4486/4887 4734/4483/4884
f 2997/2673/3093 4736/4487/4888 4734/4483/4884 4731/2674/3094
f 4738/4489/4890 4739/4490/4891 4737/4488/4889 4736/4487/4888
f 4736/4487/4888 2997/2673/3093 2999/2675/3095 4738/4489/4890
f 4740/4491/4892 4741/4492/4893 4739/4490/4891 4738/4489/4890
f 4738/4489/4890 2999/2675/3095 3001/2677/3097 4740/4491/4892
f 4740/4491/4892 3001/2677/3097 4745/2680/3100 4742/4493/4894
f 4741/4492/4893 4740/4491/4892 4742/4493/4894 4743/4494/4895
f 4744/4495/4896 5438/4496/4897 4743/4494/4895 4742/4493/4894
f 4746/4497/4898 4744/4495/4896 4742/4493/4894 4745/2680/3100
f 4748/4498/4899 4746/4497/4898 4745/2680/3100 3002/2679/3099
f 4744/4495/4896 4746/4497/4898 4747/4499/4900 5437/4500/4901
f 4749/4501/4902 4747/4499/4900 4746/4497/4898 4748/4498/4899
f 4748/4498/4899 4750/4502/4903 4751/4503/4904 4749/4501/4902
f 4750/4502/4903 4748/4498/4899 3002/2679/3099 3004/2681/3101
f 4753/4504/4905 4751/4503/4904 4750/4502/4903 4752/4505/4906
f 4752/4505/4906 4750/4502/4903 3004/2681/3101 3006/2682/3102
f 4752/4505/4906 4754/4506/4907 4755/4507/4908 4753/4504/4905
f 4754/4506/4907 4752/4505/4906 3006/2682/3102 4757/2685/3105
f 5468/4508/4909 4755/4507/4908 4754/4506/4907 4756/4509/4910
f 4756/4509/4910 4754/4506/4907 4757/2685/3105 4758/4510/4911
f 4758/4510/4911 4757/2685/3105 3007/2684/3104 4759/2688/3108
f 4759/2688/3108 4763/4511/4912 4760/4512/4913 4758/4510/4911
f 4761/4513/4914 4756/4509/4910 4758/4510/4911 4760/4512/4913
f 5469/4514/4915 4761/4513/4914 4760/4512/4913 4762/4515/4916
f 4763/4511/4912 4765/4516/4917 4762/4515/4916 4760/4512/4913
f 4765/4516/4917 4763/4511/4912 4764/2693/3113 4767/4517/4918
f 3010/2689/3109 4764/2693/3113 4763/4511/4912 4759/2688/3108
f 4762/4515/4916 4765/4516/4917 4766/4518/4919 5741/4519/4920
f 4765/4516/4917 4767/4517/4918 4769/4520/4921 4766/4518/4919
f 3014/2692/3112 4768/4521/4922 4767/4517/4918 4764/2693/3113
f 4767/4517/4918 4768/4521/4922 4771/4522/4923 4769/4520/4921
f 4770/4523/4924 5740/4524/4925 4766/4518/4919 4769/4520/4921
f 4772/4525/4926 4770/4523/4924 4769/4520/4921 4771/4522/4923
f 3032/2711/3131 4772/4525/4926 4771/4522/4923 4773/2712/3132
f 4768/4521/4922 4774/4526/4927 4773/2712/3132 4771/4522/4923
f 3028/2706/3126 4773/2712/3132 4774/4526/4927 4775/2699/3119
f 4774/4526/4927 3016/2694/3114 3018/2696/3116 4775/2699/3119
f 4768/4521/4922 3014/2692/3112 3016/2694/3114 4774/4526/4927
f 4772/4525/4926 3032/2711/3131 3034/2713/3133 4776/4527/4928
f 4770/4523/4924 4772/4525/4926 4776/4527/4928 4778/4528/4929
f 4777/4529/4930 4780/4530/4931 4778/4528/4929 4776/4527/4928
f 3036/2715/3135 4777/4529/4930 4776/4527/4928 3034/2713/3133
f 5740/4524/4925 4770/4523/4924 4778/4528/4929 4779/4531/4932
f 4780/4530/4931 4782/4532/4933 4779/4531/4932 4778/4528/4929
f 4780/4530/4931 4777/4529/4930 4848/4533/4934 4781/4534/4935
f 4782/4532/4933 4780/4530/4931 4781/4534/4935 4784/4535/4936
f 4782/4532/4933 4783/4536/4937 5738/4537/4938 4779/4531/4932
f 4783/4536/4937 4782/4532/4933 4784/4535/4936 4785/4538/4939
f 4786/4539/4940 4787/4540/4941 4785/4538/4939 4784/4535/4936
f 4789/4541/4942 4786/4539/4940 4784/4535/4936 4781/4534/4935
f 4787/4540/4941 4786/4539/4940 4788/4542/4943 5742/4543/4944
f 4786/4539/4940 4789/4541/4942 4791/4544/4945 4788/4542/4943
f 4790/4545/4946 4789/4541/4942 4781/4534/4935 4848/4533/4934
f 4789/4541/4942 4790/4545/4946 4792/4546/4947 4791/4544/4945
f 4794/4547/4948 4793/4548/4949 4791/4544/4945 4792/4546/4947
f 4793/4548/4949 4796/4549/4950 4788/4542/4943 4791/4544/4945
f 4793/4548/4949 4794/4547/4948 4838/4550/4951 4795/4551/4952
f 4796/4549/4950 4793/4548/4949 4795/4551/4952 4798/4552/4953
f 4796/4549/4950 4797/4553/4954 5742/4543/4944 4788/4542/4943
f 4797/4553/4954 4796/4549/4950 4798/4552/4953 4800/4554/4955
f 4799/4555/4956 4802/4556/4957 4800/4554/4955 4798/4552/4953
f 4835/4557/4958 4799/4555/4956 4798/4552/4953 4795/4551/4952
f 5729/4558/4959 4797/4553/4954 4800/4554/4955 4801/4559/4960
f 4802/4556/4957 4803/4560/4961 4801/4559/4960 4800/4554/4955
f 4803/4560/4961 4802/4556/4957 4804/4561/4962 4806/4562/4963
f 4802/4556/4957 4799/4555/4956 4805/4563/4964 4804/4561/4962
f 4808/4564/4965 4807/4565/4966 4804/4561/4962 4805/4563/4964
f 4807/4565/4966 4810/4566/4967 4806/4562/4963 4804/4561/4962
f 4807/4565/4966 4808/4564/4965 4831/4567/4968 4809/4568/4969
f 4810/4566/4967 4807/4565/4966 4809/4568/4969 4812/4569/4970
f 4810/4566/4967 4811/4570/4971 5725/4571/4972 4806/4562/4963
f 4811/4570/4971 4810/4566/4967 4812/4569/4970 4813/4572/4973
f 4814/4573/4974 4815/4574/4975 4813/4572/4973 4812/4569/4970
f 4817/4575/4976 4814/4573/4974 4812/4569/4970 4809/4568/4969
f 4815/4574/4975 4814/4573/4974 4816/4576/4977 5521/4577/4978
f 4814/4573/4974 4817/4575/4976 4819/4578/4979 4816/4576/4977
f 4818/4579/4980 4817/4575/4976 4809/4568/4969 4831/4567/4968
f 4817/4575/4976 4818/4579/4980 4821/4580/4981 4819/4578/4979
f 4820/4581/4982 5523/4582/4983 4816/4576/4977 4819/4578/4979
f 4822/4583/4984 4820/4581/4982 4819/4578/4979 4821/4580/4981
f 4824/4584/4985 4822/4583/4984 4821/4580/4981 4823/4585/4986
f 4818/4579/4980 4826/4586/4987 4823/4585/4986 4821/4580/4981
f 5534/4587/4988 4824/4584/4985 4823/4585/4986 4825/4588/4989
f 4826/4586/4987 4827/4589/4990 4825/4588/4989 4823/4585/4986
f 4827/4589/4990 4826/4586/4987 4828/4590/4991 4829/4591/4992
f 4826/4586/4987 4818/4579/4980 4831/4567/4968 4828/4590/4991
f 4830/4592/4993 4832/4593/4994 4829/4591/4992 4828/4590/4991
f 4808/4564/4965 4830/4592/4993 4828/4590/4991 4831/4567/4968
f 4832/4593/4994 4830/4592/4993 4833/4594/4995 4834/4595/4996
f 4830/4592/4993 4808/4564/4965 4805/4563/4964 4833/4594/4995
f 4835/4557/4958 4836/4596/4997 4834/4595/4996 4833/4594/4995
f 4799/4555/4956 4835/4557/4958 4833/4594/4995 4805/4563/4964
f 4836/4596/4997 4835/4557/4958 4795/4551/4952 4838/4550/4951
f 4836/4596/4997 4837/4597/4998 5549/4598/4999 4834/4595/4996
f 4837/4597/4998 4836/4596/4997 4838/4550/4951 4839/4599/5000
f 4794/4547/4948 4841/4600/5001 4839/4599/5000 4838/4550/4951
f 5551/4601/5002 4837/4597/4998 4839/4599/5000 4840/4602/5003
f 4841/4600/5001 4842/4603/5004 4840/4602/5003 4839/4599/5000
f 4842/4603/5004 4841/4600/5001 4843/4604/5005 4844/4605/5006
f 4841/4600/5001 4794/4547/4948 4792/4546/4947 4843/4604/5005
f 4845/4606/5007 4846/4607/5008 4844/4605/5006 4843/4604/5005
f 4790/4545/4946 4845/4606/5007 4843/4604/5005 4792/4546/4947
f 4846/4607/5008 4845/4606/5007 4847/2718/3138 3037/2717/3137
f 4845/4606/5007 4790/4545/4946 4848/4533/4934 4847/2718/3138
f 4777/4529/4930 3036/2715/3135 4847/2718/3138 4848/4533/4934
f 4846/4607/5008 4849/4608/5009 4851/4609/5010 4844/4605/5006
f 4849/4608/5009 4846/4607/5008 3037/2717/3137 3039/2719/3139
f 4850/4610/5011 4849/4608/5009 3039/2719/3139 6046/2720/3140
f 4849/4608/5009 4850/4610/5011 4852/4611/5012 4851/4609/5010
f 4854/4612/5013 4853/4613/5014 4851/4609/5010 4852/4611/5012
f 4853/4613/5014 4842/4603/5004 4844/4605/5006 4851/4609/5010
f 4853/4613/5014 4854/4612/5013 4857/4614/5015 4855/4615/5016
f 4842/4603/5004 4853/4613/5014 4855/4615/5016 4840/4602/5003
f 4856/4616/5017 5551/4601/5002 4840/4602/5003 4855/4615/5016
f 4858/4617/5018 4856/4616/5017 4855/4615/5016 4857/4614/5015
f 4861/4618/5019 4858/4617/5018 4857/4614/5015 4859/4619/5020
f 4854/4612/5013 4862/4620/5021 4859/4619/5020 4857/4614/5015
f 4862/4620/5021 4864/4621/5022 4860/4622/5023 4859/4619/5020
f 4859/4619/5020 4860/4622/5023 5576/4623/5024 4861/4618/5019
f 4862/4620/5021 4854/4612/5013 4852/4611/5012 4863/4624/5025
f 4864/4621/5022 4862/4620/5021 4863/4624/5025 4866/4625/5026
f 5577/4626/5027 4860/4622/5023 4864/4621/5022 4865/4627/5028
f 4865/4627/5028 4864/4621/5022 4866/4625/5026 4868/4628/5029
f 4867/4629/5030 4870/4630/5031 4868/4628/5029 4866/4625/5026
f 6047/4631/5032 4867/4629/5030 4866/4625/5026 4863/4624/5025
f 4869/4632/5033 4868/4628/5029 4870/4630/5031 4871/4633/5034
f 4868/4628/5029 4869/4632/5033 5579/4634/5035 4865/4627/5028
f 4873/4635/5036 4871/4633/5034 4870/4630/5031 4872/4636/5037
f 4874/4637/5038 4872/4636/5037 4870/4630/5031 4867/4629/5030
f 4872/4636/5037 4875/2731/3151 4876/4638/5039 4873/4635/5036
f 4872/4636/5037 4874/4637/5038 3048/2727/3147 4875/2731/3151
f 3049/2730/3150 4877/2736/3156 4876/4638/5039 4875/2731/3151
f 4877/2736/3156 4881/4639/5040 4878/4640/5041 4876/4638/5039
f 4873/4635/5036 4876/4638/5039 4878/4640/5041 4879/4641/5042
f 4880/4642/5043 5589/4643/5044 4879/4641/5042 4878/4640/5041
f 4883/4644/5045 4880/4642/5043 4878/4640/5041 4881/4639/5040
f 4882/4645/5046 4885/4646/5047 4883/4644/5045 4881/4639/5040
f 3053/2735/3155 4882/4645/5046 4881/4639/5040 4877/2736/3156
f 4884/4647/5048 5592/4648/5049 4880/4642/5043 4883/4644/5045
f 4884/4647/5048 4883/4644/5045 4885/4646/5047 4886/4649/5050
f 4886/4649/5050 4885/4646/5047 4887/4650/5051 4888/4651/5052
f 4885/4646/5047 4882/4645/5046 4889/4652/5053 4887/4650/5051
f 4890/4653/5054 4893/4654/5055 4888/4651/5052 4887/4650/5051
f 4891/4655/5056 4890/4653/5054 4887/4650/5051 4889/4652/5053
f 4890/4653/5054 4891/4655/5056 4912/4656/5057 4892/4657/5058
f 4893/4654/5055 4890/4653/5054 4892/4657/5058 4894/4658/5059
f 4895/4659/5060 4893/4654/5055 4894/4658/5059 4898/4660/5061
f 4893/4654/5055 4895/4659/5060 4897/4661/5062 4888/4651/5052
f 4898/4660/5061 4899/4662/5063 4896/4663/5064 4895/4659/5060
f 4895/4659/5060 4896/4663/5064 5602/4664/5065 4897/4661/5062
f 4900/4665/5066 4902/4666/5067 4899/4662/5063 4898/4660/5061
f 4898/4660/5061 4894/4658/5059 4903/4667/5068 4900/4665/5066
f 4900/4665/5066 4903/4667/5068 4905/4668/5069 4901/4669/5070
f 4900/4665/5066 4901/4669/5070 5722/4670/5071 4902/4666/5067
f 4904/4671/5072 4903/4667/5068 4894/4658/5059 4892/4657/5058
f 4903/4667/5068 4904/4671/5072 4907/4672/5073 4905/4668/5069
f 4901/4669/5070 4905/4668/5069 4906/4673/5074 5721/4674/5075
f 4908/4675/5076 4906/4673/5074 4905/4668/5069 4907/4672/5073
f 4910/4676/5077 4908/4675/5076 4907/4672/5073 4909/4677/5078
f 4904/4671/5072 4911/4678/5079 4909/4677/5078 4907/4672/5073
f 3069/2751/3171 4910/4676/5077 4909/4677/5078 3067/2749/3169
f 3067/2749/3169 4909/4677/5078 4911/4678/5079 3065/2748/3168
f 4911/4678/5079 4904/4671/5072 4892/4657/5058 4912/4656/5057
f 3065/2748/3168 4911/4678/5079 4912/4656/5057 4913/2742/3162
f 4891/4655/5056 3057/2739/3159 4913/2742/3162 4912/4656/5057
f 4914/4679/5080 4915/4680/5081 4908/4675/5076 4910/4676/5077
f 4916/2754/3174 4914/4679/5080 4910/4676/5077 3069/2751/3171
f 4915/4680/5081 4914/4679/5080 4917/4681/5082 4918/4682/5083
f 4914/4679/5080 4916/2754/3174 4920/4683/5084 4917/4681/5082
f 4919/4684/5085 4931/4685/5086 4918/4682/5083 4917/4681/5082
f 4922/4686/5087 4919/4684/5085 4917/4681/5082 4920/4683/5084
f 4916/2754/3174 3070/2753/3173 4921/2758/3178 4920/4683/5084
f 4920/4683/5084 4921/2758/3178 4923/4687/5088 4922/4686/5087
f 4924/4688/5089 4922/4686/5087 4923/4687/5088 4926/4689/5090
f 4927/4690/5091 4919/4684/5085 4922/4686/5087 4924/4688/5089
f 4924/4688/5089 4925/4691/5092 4928/4692/5093 4927/4690/5091
f 4926/4689/5090 4961/4693/5094 4925/4691/5092 4924/4688/5089
f 4929/4694/5095 4931/4685/5086 4919/4684/5085 4927/4690/5091
f 4927/4690/5091 4928/4692/5093 4930/4695/5096 4929/4694/5095
f 4929/4694/5095 4930/4695/5096 4935/4696/5097 4932/4697/5098
f 4932/4697/5098 4933/4698/5099 4931/4685/5086 4929/4694/5095
f 4933/4698/5099 4932/4697/5098 4934/4699/5100 5633/4700/5101
f 4932/4697/5098 4935/4696/5097 4937/4701/5102 4934/4699/5100
f 4939/4702/5103 4937/4701/5102 4935/4696/5097 4936/4703/5104
f 4936/4703/5104 4935/4696/5097 4930/4695/5096 6044/4704/5105
f 4934/4699/5100 4937/4701/5102 4938/4705/5106 5635/4706/5107
f 4940/4707/5108 4938/4705/5106 4937/4701/5102 4939/4702/5103
f 4939/4702/5103 4941/4708/5109 4942/4709/5110 4940/4707/5108
f 4936/4703/5104 4944/4710/5111 4941/4708/5109 4939/4702/5103
f 4942/4709/5110 4941/4708/5109 4943/4711/5112
f 4944/4710/5111 4946/4712/5113 4943/4711/5112 4941/4708/5109
f 4946/4712/5113 4944/4710/5111 4945/4713/5114 4948/4714/5115
f 6044/4704/5105 4945/4713/5114 4944/4710/5111 4936/4703/5104
f 4946/4712/5113 4947/4715/5116 5720/4716/5117 4943/4711/5112
f 4947/4715/5116 4946/4712/5113 4948/4714/5115 4949/4717/5118
f 4949/4717/5118 4948/4714/5115 4950/4718/5119 4951/4719/5120
f 4948/4714/5115 4945/4713/5114 4953/4720/5121 4950/4718/5119
f 4951/4719/5120 4950/4718/5119 4952/4721/5122 6043/4722/5123
f 4955/4723/5124 4952/4721/5122 4950/4718/5119 4953/4720/5121
f 4956/4724/5125 4955/4723/5124 4953/4720/5121 4954/4725/5126
f 4945/4713/5114 6044/4704/5105 4954/4725/5126 4953/4720/5121
f 4955/4723/5124 4956/4724/5125 4960/4726/5127 4957/4727/5128
f 4957/4727/5128 4958/4728/5129 4952/4721/5122 4955/4723/5124
f 4959/4729/5130 4980/4730/5131 4958/4728/5129 4957/4727/5128
f 4957/4727/5128 4960/4726/5127 4962/4731/5132 4959/4729/5130
f 4960/4726/5127 4961/4693/5094 4964/4732/5133 4962/4731/5132
f 4956/4724/5125 4925/4691/5092 4961/4693/5094 4960/4726/5127
f 4963/4733/5134 4977/4734/5135 4959/4729/5130 4962/4731/5132
f 4965/4735/5136 4963/4733/5134 4962/4731/5132 4964/4732/5133
f 4967/4736/5137 4965/4735/5136 4964/4732/5133 4966/4737/5138
f 4966/4737/5138 4964/4732/5133 4961/4693/5094 4926/4689/5090
f 4967/4736/5137 4966/4737/5138 4968/2762/3182 3078/2761/3181
f 4926/4689/5090 4923/4687/5088 4968/2762/3182 4966/4737/5138
f 4968/2762/3182 4923/4687/5088 4921/2758/3178 3074/2757/3177
f 3078/2761/3181 3080/2763/3183 4969/4738/5139 4967/4736/5137
f 4970/4739/5140 4965/4735/5136 4967/4736/5137 4969/4738/5139
f 4969/4738/5139 3090/2773/3193 4971/2776/3196 4970/4739/5140
f 3082/2764/3184 3090/2773/3193 4969/4738/5139 3080/2763/3183
f 4970/4739/5140 4971/2776/3196 4973/4740/5141 4972/4741/5142
f 4970/4739/5140 4972/4741/5142 4963/4733/5134 4965/4735/5136
f 4976/4742/5143 4974/4743/5144 4972/4741/5142 4973/4740/5141
f 4977/4734/5135 4963/4733/5134 4972/4741/5142 4974/4743/5144
f 4978/4744/5145 4977/4734/5135 4974/4743/5144 4975/4745/5146
f 5010/4746/5147 4975/4745/5146 4974/4743/5144 4976/4742/5143
f 4980/4730/5131 4959/4729/5130 4977/4734/5135 4978/4744/5145
f 4981/4747/5148 4980/4730/5131 4978/4744/5145 4979/4748/5149
f 5008/4749/5150 4979/4748/5149 4978/4744/5145 4975/4745/5146
f 4980/4730/5131 4981/4747/5148 4982/4750/5151 4958/4728/5129
f 4982/4750/5151 4981/4747/5148 4983/4751/5152 4986/4752/5153
f 4984/4753/5154 4983/4751/5152 4981/4747/5148 4979/4748/5149
f 4983/4751/5152 4984/4753/5154 5003/4754/5155 4985/4755/5156
f 4986/4752/5153 4983/4751/5152 4985/4755/5156 4988/4756/5157
f 6043/4722/5123 4982/4750/5151 4986/4752/5153 4987/4757/5158
f 4987/4757/5158 4986/4752/5153 4988/4756/5157 4989/4758/5159
f 4990/4759/5160 4991/4760/5161 4989/4758/5159 4988/4756/5157
f 4988/4756/5157 4985/4755/5156 4992/4761/5162 4990/4759/5160
f 4993/4762/5163 4994/4763/5164 4991/4760/5161 4990/4759/5160
f 4996/4764/5165 4993/4762/5163 4990/4759/5160 4992/4761/5162
f 4994/4763/5164 4993/4762/5163 4995/4765/5166 5665/4766/5167
f 4997/4767/5168 4995/4765/5166 4993/4762/5163 4996/4764/5165
f 4999/4768/5169 4997/4767/5168 4996/4764/5165 4998/4769/5170
f 4998/4769/5170 4996/4764/5165 4992/4761/5162 5001/4770/5171
f 5706/4771/5172 4999/4768/5169 4998/4769/5170 5000/4772/5173
f 5001/4770/5171 5002/4773/5174 5000/4772/5173 4998/4769/5170
f 5002/4773/5174 5001/4770/5171 5003/4754/5155 5004/4774/5175
f 5001/4770/5171 4992/4761/5162 4985/4755/5156 5003/4754/5155
f 4984/4753/5154 5006/4775/5176 5004/4774/5175 5003/4754/5155
f 5712/4776/5177 5002/4773/5174 5004/4774/5175 5005/4777/5178
f 5006/4775/5176 5007/4778/5179 5005/4777/5178 5004/4774/5175
f 5007/4778/5179 5006/4775/5176 5008/4749/5150 5009/4779/5180
f 5006/4775/5176 4984/4753/5154 4979/4748/5149 5008/4749/5150
f 4975/4745/5146 5010/4746/5147 5009/4779/5180 5008/4749/5150
f 5010/4746/5147 5014/4780/5181 5011/4781/5182 5009/4779/5180
f 5012/4782/5183 5007/4778/5179 5009/4779/5180 5011/4781/5182
f 5718/4783/5184 5012/4782/5183 5011/4781/5182 5013/4784/5185
f 5014/4780/5181 5015/4785/5186 5013/4784/5185 5011/4781/5182
f 5015/4785/5186 5014/4780/5181 5016/4786/5187 5017/4787/5188
f 5014/4780/5181 5010/4746/5147 4976/4742/5143 5016/4786/5187
f 5017/4787/5188 5016/4786/5187 5018/4788/5189 5019/2784/3204
f 4973/4740/5141 5018/4788/5189 5016/4786/5187 4976/4742/5143
f 3089/2775/3195 3092/2774/3194 5019/2784/3204 5018/4788/5189
f 4971/2776/3196 3089/2775/3195 5018/4788/5189 4973/4740/5141
f 5019/2784/3204 3097/2783/3203 3102/2787/3207 5017/4787/5188
f 5020/2790/3210 5015/4785/5186 5017/4787/5188 3102/2787/3207
f 5015/4785/5186 5020/2790/3210 5021/4789/5190 5013/4784/5185
f 5020/2790/3210 3103/2789/3209 5023/4790/5191 5021/4789/5190
f 5022/4791/5192 5718/4783/5184 5013/4784/5185 5021/4789/5190
f 5024/4792/5193 5022/4791/5192 5021/4789/5190 5023/4790/5191
f 5026/4793/5194 5024/4792/5193 5023/4790/5191 5025/4794/5195
f 3103/2789/3209 3105/2791/3211 5025/4794/5195 5023/4790/5191
f 3105/2791/3211 3107/2792/3212 3113/2799/3219 5025/4794/5195
f 5025/4794/5195 3113/2799/3219 5028/2800/3220 5026/4793/5194
f 5024/4792/5193 5026/4793/5194 5027/4795/5196 5719/4796/5197
f 5026/4793/5194 5028/2800/3220 5029/4797/5198 5027/4795/5196
f 5028/2800/3220 3114/2801/3221 5031/4798/5199 5029/4797/5198
f 5030/4799/5200 5528/4800/5201 5027/4795/5196 5029/4797/5198
f 5032/4801/5202 5030/4799/5200 5029/4797/5198 5031/4798/5199
f 5034/4802/5203 5032/4801/5202 5031/4798/5199 5033/4803/5204
f 3114/2801/3221 3116/2802/3222 5033/4803/5204 5031/4798/5199
f 5038/4804/5205 5034/4802/5203 5033/4803/5204 5035/4805/5206
f 5033/4803/5204 3116/2802/3222 5037/2805/3225 5035/4805/5206
f 5036/4806/5207 5040/4807/5208 5038/4804/5205 5035/4805/5206
f 5036/4806/5207 5035/4805/5206 5037/2805/3225 5070/4808/5209
f 5034/4802/5203 5038/4804/5205 5039/4809/5210 5524/4810/5211
f 5042/4811/5212 5039/4809/5210 5038/4804/5205 5040/4807/5208
f 5040/4807/5208 5036/4806/5207 5067/4812/5213 5041/4813/5214
f 5041/4813/5214 5044/4814/5215 5042/4811/5212 5040/4807/5208
f 5043/4815/5216 5520/4816/5217 5039/4809/5210 5042/4811/5212
f 5046/4817/5218 5043/4815/5216 5042/4811/5212 5044/4814/5215
f 5046/4817/5218 5044/4814/5215 5045/4818/5219 5048/4819/5220
f 5064/4820/5221 5045/4818/5219 5044/4814/5215 5041/4813/5214
f 5043/4815/5216 5046/4817/5218 5047/4821/5222 5518/4822/5223
f 5046/4817/5218 5048/4819/5220 5050/4823/5224 5047/4821/5222
f 5061/4824/5225 5049/4825/5226 5048/4819/5220 5045/4818/5219
f 5048/4819/5220 5049/4825/5226 5052/4826/5227 5050/4823/5224
f 5051/4827/5228 5516/4828/5229 5047/4821/5222 5050/4823/5224
f 5053/4829/5230 5051/4827/5228 5050/4823/5224 5052/4826/5227
f 5055/4830/5231 5053/4829/5230 5052/4826/5227 5054/4831/5232
f 5049/4825/5226 5057/4832/5233 5054/4831/5232 5052/4826/5227
f 5992/4833/5234 5055/4830/5231 5054/4831/5232 5056/4834/5235
f 5054/4831/5232 5057/4832/5233 5056/4834/5235
f 5057/4832/5233 5049/4825/5226 5061/4824/5225 5058/4835/5236
f 5056/4834/5235 5057/4832/5233 5058/4835/5236 5059/4836/5237
f 5059/4836/5237 5058/4835/5236 5060/4837/5238
f 5060/4837/5238 5058/4835/5236 5061/4824/5225 5062/4838/5239
f 5062/4838/5239 5061/4824/5225 5045/4818/5219 5064/4820/5221
f 5980/4839/5240 5060/4837/5238 5062/4838/5239 5063/4840/5241
f 5063/4840/5241 5062/4838/5239 5064/4820/5221 5065/4841/5242
f 5065/4841/5242 5064/4820/5221 5041/4813/5214 5067/4812/5213
f 5065/4841/5242 5066/4842/5243 5072/4843/5244 5063/4840/5241
f 5066/4842/5243 5065/4841/5242 5067/4812/5213 5068/4844/5245
f 5070/4808/5209 5068/4844/5245 5067/4812/5213 5036/4806/5207
f 5066/4842/5243 5068/4844/5245 5069/4845/5246
f 5068/4844/5245 5070/4808/5209 5071/4846/5247 5069/4845/5246
f 5070/4808/5209 5037/2805/3225 3119/2806/3226 5071/4846/5247
f 3121/2807/3227 3137/2826/3246 5071/4846/5247 3119/2806/3226
f 5071/4846/5247 3137/2826/3246 5074/2828/3248 5069/4845/5246
f 5066/4842/5243 5069/4845/5246 5072/4843/5244
f 5073/4847/5248 5979/4848/5249 5072/4843/5244 5069/4845/5246
f 5075/4849/5250 5073/4847/5248 5069/4845/5246 5074/2828/3248
f 5077/4850/5251 5075/4849/5250 5074/2828/3248 3139/2827/3247
f 5076/4851/5252 5073/4847/5248 5075/4849/5250
f 5075/4849/5250 5077/4850/5251 5078/4852/5253 5076/4851/5252
f 5080/4853/5254 5078/4852/5253 5077/4850/5251 5079/4854/5255
f 5079/4854/5255 5077/4850/5251 3139/2827/3247 3142/2829/3249
f 5082/4855/5256 5080/4853/5254 5079/4854/5255 5081/4856/5257
f 5081/4856/5257 5079/4854/5255 3142/2829/3249 3147/2833/3253
f 5083/2846/3266 5084/4857/5258 5082/4855/5256 5081/4856/5257
f 5081/4856/5257 3147/2833/3253 3149/2839/3259 5083/2846/3266
f 5084/4857/5258 5083/2846/3266 3155/2847/3267 5086/4858/5259
f 5977/4859/5260 5082/4855/5256 5084/4857/5258 5085/4860/5261
f 5085/4860/5261 5084/4857/5258 5086/4858/5259 5088/4861/5262
f 5088/4861/5262 5086/4858/5259 5087/4862/5263 5090/4863/5264
f 3157/2848/3268 5087/4862/5263 5086/4858/5259 3155/2847/3267
f 5089/4864/5265 5973/4865/5266 5085/4860/5261 5088/4861/5262
f 5088/4861/5262 5090/4863/5264 5091/4866/5267 5089/4864/5265
f 5091/4866/5267 5090/4863/5264 5092/4867/5268 5093/4868/5269
f 5095/4869/5270 5092/4867/5268 5090/4863/5264 5087/4862/5263
f 5093/4868/5269 5092/4867/5268 5094/4870/5271 5972/4871/5272
f 5096/4872/5273 5094/4870/5271 5092/4867/5268 5095/4869/5270
f 5095/4869/5270 3159/2850/3270 3162/2853/3273 5096/4872/5273
f 3159/2850/3270 5095/4869/5270 5087/4862/5263 3157/2848/3268
f 5096/4873/5273 3162/2857/3273 3165/2856/3276 5097/4874/5274
f 5099/4875/5275 5094/4876/5271 5096/4873/5273 5097/4874/5274
f 5097/4874/5274 5098/4877/5276 5101/4878/5277 5099/4875/5275
f 5098/4877/5276 5097/4874/5274 3165/2856/3276 6042/2861/3278
f 5100/4879/5278 5972/4880/5272 5094/4876/5271 5099/4875/5275
f 5099/4875/5275 5101/4878/5277 5102/4881/5279 5100/4879/5278
f 5103/4882/5280 5104/4883/5281 5102/4881/5279 5101/4878/5277
f 5103/4882/5280 5101/4878/5277 5098/4877/5276 5106/4884/5282
f 5104/4883/5281 5103/4882/5280 5105/4885/5283 5971/4886/5284
f 5106/4884/5282 5108/4887/5285 5105/4885/5283 5103/4882/5280
f 5108/4887/5285 5106/4884/5282 5107/4888/5286 5110/4889/5287
f 6042/2861/3278 5107/4888/5286 5106/4884/5282 5098/4877/5276
f 5969/4890/5288 5105/4885/5283 5108/4887/5285 5109/4891/5289
f 5110/4889/5287 5111/4892/5290 5109/4891/5289 5108/4887/5285
f 5111/4892/5290 5110/4889/5287 5112/4893/5291 5113/4894/5292
f 5110/4889/5287 5107/4888/5286 5114/4895/5293 5112/4893/5291
f 3209/2913/3326 3211/2915/3328 5113/4894/5292 5112/4893/5291
f 5112/4893/5291 5114/4895/5293 3207/2912/3325 3209/2913/3326
f 3207/2912/3325 5114/4895/5293 3166/2862/3279 3168/2863/3280
f 5107/4888/5286 6042/2861/3278 3166/2862/3279 5114/4895/5293
f 5115/4896/5294 5117/4897/5295 5111/4892/5290 5113/4894/5292
f 3211/2915/3328 5116/4898/5296 5115/4896/5294 5113/4894/5292
f 5118/4899/5297 5115/4896/5294 5116/4898/5296 5120/4900/5298
f 5118/4899/5297 5119/4901/5299 5117/4897/5295 5115/4896/5294
f 5121/4902/5300 5123/4903/5301 5119/4901/5299 5118/4899/5297
f 5118/4899/5297 5120/4900/5298 5122/4904/5302 5121/4902/5300
f 5129/4905/5303 5124/4906/5304 5121/4902/5300 5122/4904/5302
f 5123/4903/5301 5121/4902/5300 5124/4906/5304 5128/4907/5305
f 5125/4908/5306 5909/4909/5307 5128/4907/5305 5124/4906/5304
f 5126/4910/5308 5125/4908/5306 5124/4906/5304
f 5126/4910/5308 5124/4906/5304 5127/4911/5309
f 5129/4905/5303 5130/4912/5310 5127/4911/5309 5124/4906/5304
f 5131/4913/5311 5134/4914/5312 5130/4912/5310 5129/4905/5303
f 5129/4905/5303 5122/4904/5302 5133/4915/5313 5131/4913/5311
f 5132/4916/5314 5136/4917/5315 5134/4914/5312 5131/4913/5311
f 5147/4918/5316 5132/4916/5314 5131/4913/5311 5133/4915/5313
f 5134/4914/5312 5136/4917/5315 5137/4919/5317 5135/4920/5318
f 5134/4914/5312 5135/4920/5318 5961/4921/5319 5130/4912/5310
f 5137/4919/5317 5136/4917/5315 5138/4922/5320 5324/4923/5321
f 5139/4924/5322 5140/4925/5323 5138/4922/5320 5136/4917/5315
f 5142/4926/5324 5139/4924/5322 5136/4917/5315 5132/4916/5314
f 5140/4925/5323 5139/4924/5322 5141/4927/5325 5312/4928/5326
f 5143/4929/5327 5141/4927/5325 5139/4924/5322 5142/4926/5324
f 5145/4930/5328 5143/4929/5327 5142/4926/5324 5144/4931/5329
f 5144/4931/5329 5142/4926/5324 5132/4916/5314 5147/4918/5316
f 5144/4931/5329 5146/4932/5330 5305/4933/5331 5145/4930/5328
f 5146/4932/5330 5144/4931/5329 5147/4918/5316 5148/4934/5332
f 5147/4918/5316 5133/4915/5313 5151/4935/5333 5149/4936/5334
f 5149/4936/5334 5152/4937/5335 5148/4934/5332 5147/4918/5316
f 5152/4937/5335 5149/4936/5334 5150/4938/5336 5154/4939/5337
f 5150/4938/5336 5149/4936/5334 5151/4935/5333 5120/4900/5298
f 5152/4937/5335 5153/4940/5338 5208/4941/5339 5148/4934/5332
f 5153/4940/5338 5152/4937/5335 5154/4939/5337 5156/4942/5340
f 5154/4939/5337 5150/4938/5336 5180/4943/5341 5155/4944/5342
f 5155/4944/5342 5158/4945/5343 5156/4942/5340 5154/4939/5337
f 5206/4946/5344 5153/4940/5338 5156/4942/5340 5157/4947/5345
f 5157/4947/5345 5156/4942/5340 5158/4945/5343 5160/4948/5346
f 5160/4948/5346 5158/4945/5343 5159/4949/5347 5161/4950/5348
f 5155/4944/5342 5181/4951/5349 5159/4949/5347 5158/4945/5343
f 5163/4952/5350 5157/4947/5345 5160/4948/5346 5162/4953/5351
f 5162/4953/5351 5160/4948/5346 5161/4950/5348 5165/4954/5352
f 5198/4955/5353 5163/4952/5350 5162/4953/5351 5164/4956/5354
f 5164/4956/5354 5162/4953/5351 5165/4954/5352 5166/4957/5355
f 5168/4958/5356 5166/4957/5355 5165/4954/5352 5167/4959/5357
f 5167/4959/5357 5165/4954/5352 5161/4950/5348 5170/4960/5358
f 5186/4961/5359 5168/4958/5356 5167/4959/5357 5169/4962/5360
f 5169/4962/5360 5167/4959/5357 5170/4960/5358 5172/4963/5361
f 5170/4960/5358 5161/4950/5348 5159/4949/5347 5171/4964/5362
f 5172/4963/5361 5170/4960/5358 5171/4964/5362 5174/4965/5363
f 5172/4963/5361 5173/2926/3339 5182/4966/5364 5169/4962/5360
f 5173/2926/3339 5172/4963/5361 5174/4965/5363 3220/2924/3337
f 3217/2922/3335 3220/2924/3337 5174/4965/5363 5175/4967/5365
f 5175/4967/5365 5174/4965/5363 5171/4964/5362 5176/4968/5366
f 5175/4967/5365 5176/4968/5366 5178/4969/5367 5177/2916/3329
f 3212/2917/3330 3217/2922/3335 5175/4967/5365 5177/2916/3329
f 5177/2916/3329 5178/4969/5367 3211/2915/3328
f 5178/4969/5367 5179/4970/5368 5116/4898/5296 3211/2915/3328
f 5176/4968/5366 5181/4951/5349 5179/4970/5368 5178/4969/5367
f 5181/4951/5349 5155/4944/5342 5180/4943/5341 5179/4970/5368
f 5179/4970/5368 5180/4943/5341 5116/4898/5296
f 5171/4964/5362 5159/4949/5347 5181/4951/5349 5176/4968/5366
f 5180/4943/5341 5150/4938/5336 5120/4900/5298 5116/4898/5296
f 3221/2927/3340 3227/2932/3345 5182/4966/5364 5173/2926/3339
f 5182/4966/5364 5183/4971/5369 5186/4961/5359 5169/4962/5360
f 3227/2932/3345 5184/2935/3348 5183/4971/5369 5182/4966/5364
f 5185/4972/5370 5183/4971/5369 5184/2935/3348 6024/4973/5371
f 5187/4974/5372 5186/4961/5359 5183/4971/5369 5185/4972/5370
f 5168/4958/5356 5186/4961/5359 5187/4974/5372 5188/4975/5373
f 3353/3086/3499 5187/4974/5372 5185/4972/5370 3351/3084/3497
f 5188/4975/5373 5187/4974/5372 3353/3086/3499 5190/3089/3502
f 5166/4957/5355 5168/4958/5356 5188/4975/5373 5189/4976/5374
f 5189/4976/5374 5188/4975/5373 5190/3089/3502 5191/4977/5375
f 5191/4977/5375 5190/3089/3502 3354/3088/3501 5192/4978/5376
f 5192/4978/5376 5194/4979/5377 5193/4980/5378 5191/4977/5375
f 5191/4977/5375 5193/4980/5378 5196/4981/5379 5189/4976/5374
f 5195/4982/5380 5193/4980/5378 5194/4979/5377 5256/4983/5381
f 5193/4980/5378 5195/4982/5380 5197/4984/5382 5196/4981/5379
f 5166/4957/5355 5189/4976/5374 5196/4981/5379 5164/4956/5354
f 5164/4956/5354 5196/4981/5379 5197/4984/5382 5198/4955/5353
f 5199/4985/5383 5202/4986/5384 5198/4955/5353 5197/4984/5382
f 5197/4984/5382 5195/4982/5380 5200/4987/5385 5199/4985/5383
f 5199/4985/5383 5200/4987/5385 5255/4988/5386 5201/4989/5387
f 5201/4989/5387 5203/4990/5388 5202/4986/5384 5199/4985/5383
f 5203/4990/5388 5205/4991/5389 5204/4992/5390 5202/4986/5384
f 5202/4986/5384 5204/4992/5390 5163/4952/5350 5198/4955/5353
f 5205/4991/5389 5207/4993/5391 5206/4946/5344 5204/4992/5390
f 5204/4992/5390 5206/4946/5344 5157/4947/5345 5163/4952/5350
f 5207/4993/5391 5208/4941/5339 5153/4940/5338 5206/4946/5344
f 5208/4941/5339 5207/4993/5391 5209/4994/5392 5210/4995/5393
f 5207/4993/5391 5205/4991/5389 5212/4996/5394 5209/4994/5392
f 5211/4997/5395 5306/4998/5396 5210/4995/5393 5209/4994/5392
f 5214/4999/5397 5211/4997/5395 5209/4994/5392 5212/4996/5394
f 5215/5000/5398 5214/4999/5397 5212/4996/5394 5213/5001/5399
f 5213/5001/5399 5212/4996/5394 5205/4991/5389 5203/4990/5388
f 5214/4999/5397 5215/5000/5398 5219/5002/5400 5216/5003/5401
f 5216/5003/5401 5217/5004/5402 5211/4997/5395 5214/4999/5397
f 5217/5004/5402 5216/5003/5401 5218/5005/5403 5299/5006/5404
f 5216/5003/5401 5219/5002/5400 5221/5007/5405 5218/5005/5403
f 5219/5002/5400 5220/5008/5406 5224/5009/5407 5221/5007/5405
f 5215/5000/5398 5233/5010/5408 5220/5008/5406 5219/5002/5400
f 5222/5011/5409 5297/5012/5410 5218/5005/5403 5221/5007/5405
f 5223/5013/5411 5290/5014/5412 5222/5011/5409 5221/5007/5405
f 5221/5007/5405 5224/5009/5407 5225/5015/5413 5223/5013/5411
f 5225/5015/5413 5224/5009/5407 5226/5016/5414
f 5220/5008/5406 5228/5017/5415 5226/5016/5414 5224/5009/5407
f 5225/5015/5413 5226/5016/5414 5227/5018/5416 5271/5019/5417
f 5229/5020/5418 5227/5018/5416 5226/5016/5414 5228/5017/5415
f 5229/5020/5418 5228/5017/5415 5230/5021/5419 5232/5022/5420
f 5228/5017/5415 5220/5008/5406 5233/5010/5408 5230/5021/5419
f 5230/5021/5419 5233/5010/5408 5234/5023/5421 5231/5024/5422
f 5230/5021/5419 5231/5024/5422 5235/5025/5423 5232/5022/5420
f 5233/5010/5408 5215/5000/5398 5213/5001/5399 5234/5023/5421
f 5231/5024/5422 5234/5023/5421 5201/4989/5387 5255/4988/5386
f 5234/5023/5421 5213/5001/5399 5203/4990/5388 5201/4989/5387
f 5232/5022/5420 5235/5025/5423 5237/5026/5424 5236/5027/5425
f 5239/5028/5426 5229/5020/5418 5232/5022/5420 5236/5027/5425
f 5236/5027/5425 5237/5026/5424 5248/5029/5427 5238/5030/5428
f 5241/5031/5429 5239/5028/5426 5236/5027/5425 5238/5030/5428
f 5229/5020/5418 5239/5028/5426 5240/3150/3563 5227/5018/5416
f 3405/3148/3561 5240/3150/3563 5239/5028/5426 5241/5031/5429
f 3405/3148/3561 5241/5031/5429 5242/3142/3555 3399/3140/3553
f 5242/3142/3555 5241/5031/5429 5238/5030/5428 5243/5032/5430
f 5242/3142/3555 5243/5032/5430 5245/3135/3548 3395/3134/3547
f 5238/5030/5428 5248/5029/5427 5244/5033/5431 5243/5032/5430
f 5243/5032/5430 5244/5033/5431 5246/3121/3534 5245/3135/3548
f 5245/3135/3548 5246/3121/3534 3384/3122/3535 3390/3127/3540
f 5244/5033/5431 5247/5034/5432 3383/3120/3533 5246/3121/3534
f 5247/5034/5432 5244/5033/5431 5248/5029/5427 5249/5035/5433
f 5249/5035/5433 5248/5029/5427 5237/5026/5424 5251/5036/5434
f 5247/5034/5432 5249/5035/5433 5250/5037/5435 5262/5038/5436
f 5251/5036/5434 5252/5039/5437 5250/5037/5435 5249/5035/5433
f 5252/5039/5437 5251/5036/5434 5253/5040/5438 5254/5041/5439
f 5251/5036/5434 5237/5026/5424 5235/5025/5423 5253/5040/5438
f 5200/4987/5385 5254/5041/5439 5253/5040/5438 5255/4988/5386
f 5235/5025/5423 5231/5024/5422 5255/4988/5386 5253/5040/5438
f 5195/4982/5380 5256/4983/5381 5254/5041/5439 5200/4987/5385
f 5257/5042/5440 5252/5039/5437 5254/5041/5439 5256/4983/5381
f 5256/4983/5381 5194/4979/5377 5258/5043/5441 5257/5042/5440
f 5257/5042/5440 5258/5043/5441 5260/5044/5442 5259/5045/5443
f 5259/5045/5443 5250/5037/5435 5252/5039/5437 5257/5042/5440
f 5261/5046/5444 5262/5038/5436 5250/5037/5435 5259/5045/5443
f 5259/5045/5443 5260/5044/5442 5263/5047/5445 5261/5046/5444
f 5263/5047/5445 3377/3114/3527 3379/3116/3529 5261/5046/5444
f 5261/5046/5444 3379/3116/3529 3381/3118/3531 5262/5038/5436
f 5264/5048/5446 5263/5047/5445 5260/5044/5442 5266/5049/5447
f 5263/5047/5445 5264/5048/5446 3375/3112/3525 3377/3114/3527
f 5264/5048/5446 5265/3094/3507 5268/3113/3526 3375/3112/3525
f 5265/3094/3507 5264/5048/5446 5266/5049/5447 3358/3092/3505
f 5267/5050/5448 3356/3090/3503 3358/3092/3505 5266/5049/5447
f 5258/5043/5441 5267/5050/5448 5266/5049/5447 5260/5044/5442
f 3354/3088/3501 3356/3090/3503 5267/5050/5448 5192/4978/5376
f 5267/5050/5448 5258/5043/5441 5194/4979/5377 5192/4978/5376
f 5269/3098/3511 5268/3113/3526 5265/3094/3507 3359/3093/3506
f 3368/3104/3517 3370/3105/3518 5268/3113/3526 5269/3098/3511
f 5262/5038/5436 3381/3118/3531 3383/3120/3533 5247/5034/5432
f 5227/5018/5416 5240/3150/3563 3406/3149/3562 5270/3155/3568
f 5270/3155/3568 5273/5051/5449 5271/5019/5417 5227/5018/5416
f 5293/5052/5450 5225/5015/5413 5271/5019/5417 5272/5053/5451
f 5272/5053/5451 5271/5019/5417 5273/5051/5449 5275/5054/5452
f 5273/5051/5449 5270/3155/3568 3410/3156/3569 5274/5055/5453
f 5273/5051/5449 5274/5055/5453 5277/5056/5454 5275/5054/5452
f 5275/5054/5452 5276/5057/5455 5296/5058/5456 5272/5053/5451
f 5278/5059/5457 5276/5057/5455 5275/5054/5452 5277/5056/5454
f 5279/5060/5458 5278/5059/5457 5277/5056/5454 3445/3192/3605
f 5274/5055/5453 3442/3191/3604 3445/3192/3605 5277/5056/5454
f 5278/5059/5457 5279/5060/5458 5283/5061/5459 5280/5062/5460
f 5280/5062/5460 5281/5063/5461 5276/5057/5455 5278/5059/5457
f 5282/5064/5462 5291/5065/5463 5281/5063/5461 5280/5062/5460
f 5280/5062/5460 5283/5061/5459 5285/5066/5464 5282/5064/5462
f 5283/5061/5459 5284/3196/3609 5286/5067/5465 5285/5066/5464
f 5279/5060/5458 3445/3192/3605 5284/3196/3609 5283/5061/5459
f 5285/5066/5464 5286/5067/5465 5287/5068/5466 5282/5064/5462
f 5287/5068/5466 5286/5067/5465 3458/3206/3619 5288/3210/3623
f 3446/3195/3608 3458/3206/3619 5286/5067/5465 5284/3196/3609
f 5288/3210/3623 5290/5014/5412 5289/5069/5467 5287/5068/5466
f 5291/5065/5463 5282/5064/5462 5287/5068/5466 5289/5069/5467
f 5290/5014/5412 5223/5013/5411 5292/5070/5468 5289/5069/5467
f 5294/5071/5469 5291/5065/5463 5289/5069/5467 5292/5070/5468
f 5293/5052/5450 5295/5072/5470 5294/5071/5469 5292/5070/5468
f 5223/5013/5411 5225/5015/5413 5293/5052/5450 5292/5070/5468
f 5281/5063/5461 5291/5065/5463 5294/5071/5469 5295/5072/5470
f 5295/5072/5470 5293/5052/5450 5272/5053/5451 5296/5058/5456
f 5281/5063/5461 5295/5072/5470 5296/5058/5456 5276/5057/5455
f 5290/5014/5412 5288/3210/3623 3457/3208/3621 5222/5011/5409
f 3412/3157/3570 3442/3191/3604 5274/5055/5453 3410/3156/3569
f 5297/5012/5410 5222/5011/5409 3457/3208/3621 3460/3207/3620
f 5299/5006/5404 5218/5005/5403 5297/5012/5410 5298/5073/5471
f 5298/5073/5471 5297/5012/5410 3460/3207/3620 5301/3212/3625
f 5300/5074/5472 5308/5075/5473 5299/5006/5404 5298/5073/5471
f 5298/5073/5471 5301/3212/3625 5302/5076/5474 5300/5074/5472
f 5301/3212/3625 3461/3213/3626 3517/3265/3678 5302/5076/5474
f 3519/3267/3680 5303/5077/5475 5302/5076/5474 3517/3265/3678
f 5302/5076/5474 5303/5077/5475 5300/5074/5472
f 5303/5077/5475 5304/5078/5476 5145/4930/5328 5305/4933/5331
f 3519/3267/3680 3520/3269/3682 5304/5078/5476 5303/5077/5475
f 5300/5074/5472 5303/5077/5475 5305/4933/5331 5306/4998/5396
f 5146/4932/5330 5210/4995/5393 5306/4998/5396 5305/4933/5331
f 5217/5004/5402 5307/5079/5477 5306/4998/5396 5211/4997/5395
f 5307/5079/5477 5308/5075/5473 5300/5074/5472 5306/4998/5396
f 5307/5079/5477 5217/5004/5402 5299/5006/5404 5308/5075/5473
f 3531/3276/3689 5309/5080/5478 5304/5078/5476 3520/3269/3682
f 5145/4930/5328 5304/5078/5476 5309/5080/5478 5143/4929/5327
f 5310/5081/5479 5141/4927/5325 5143/4929/5327 5309/5080/5478
f 3533/3280/3693 5310/5081/5479 5309/5080/5478 3531/3276/3689
f 5310/5081/5479 3533/3280/3693 5314/3282/3695 5311/5082/5480
f 5311/5082/5480 5312/4928/5326 5141/4927/5325 5310/5081/5479
f 5312/4928/5326 5311/5082/5480 5313/5083/5481 5315/5084/5482
f 5311/5082/5480 5314/3282/3695 3543/3293/3706 5313/5083/5481
f 5315/5084/5482 5313/5083/5481 5316/5085/5483 5317/5086/5484
f 5313/5083/5481 3543/3293/3706 3545/3294/3707 5316/5085/5483
f 5317/5086/5484 5316/5085/5483 4407/4143/4544 4409/4144/4545
f 5316/5085/5483 3545/3294/3707 3547/3296/3709 4407/4143/4544
f 5320/5087/5485 5315/5084/5482 5317/5086/5484 5318/5088/5486
f 5318/5088/5486 5317/5086/5484 4409/4144/4545 4411/4145/4546
f 5319/5089/5487 5318/5088/5486 4411/4145/4546 6023/4148/4549
f 5318/5088/5486 5319/5089/5487 5321/5090/5488 5320/5087/5485
f 5140/4925/5323 5312/4928/5326 5315/5084/5482 5320/5087/5485
f 5321/5090/5488 5138/4922/5320 5140/4925/5323 5320/5087/5485
f 5324/4923/5321 5138/4922/5320 5321/5090/5488 5322/5091/5489
f 5319/5089/5487 5323/5092/5490 5322/5091/5489 5321/5090/5488
f 5323/5092/5490 5327/5093/5491 5325/5094/5492 5322/5091/5489
f 5328/5095/5493 5324/4923/5321 5322/5091/5489 5325/5094/5492
f 5330/5096/5494 5328/5095/5493 5325/5094/5492 5326/5097/5495
f 5327/5093/5491 5340/5098/5496 5326/5097/5495 5325/5094/5492
f 5329/5099/5497 5137/4919/5317 5324/4923/5321 5328/5095/5493
f 5331/5100/5498 5329/5099/5497 5328/5095/5493 5330/5096/5494
f 5333/5101/5499 5331/5100/5498 5330/5096/5494 5332/5102/5500
f 5332/5102/5500 5330/5096/5494 5326/5097/5495 5335/5103/5501
f 5332/5102/5500 5334/5104/5502 5928/5105/5503 5333/5101/5499
f 5334/5104/5502 5332/5102/5500 5335/5103/5501 5336/5106/5504
f 5337/5107/5505 5338/5108/5506 5336/5106/5504 5335/5103/5501
f 5340/5098/5496 5337/5107/5505 5335/5103/5501 5326/5097/5495
f 5339/5109/5507 5937/5110/5508 5338/5108/5506 5337/5107/5505
f 5341/5111/5509 5339/5109/5507 5337/5107/5505 5340/5098/5496
f 5342/5112/5510 5341/5111/5509 5340/5098/5496 5327/5093/5491
f 5345/5113/5511 5343/5114/5512 5341/5111/5509 5342/5112/5510
f 5343/5114/5512 5346/5115/5513 5339/5109/5507 5341/5111/5509
f 5344/5116/5514 5348/5117/5515 5346/5115/5513 5343/5114/5512
f 6018/5118/5516 5344/5116/5514 5343/5114/5512 5345/5113/5511
f 5346/5115/5513 5347/5119/5517 5937/5110/5508 5339/5109/5507
f 5347/5119/5517 5346/5115/5513 5348/5117/5515 5350/5120/5518
f 5348/5117/5515 5344/5116/5514 6016/5121/5519 5349/5122/5520
f 5349/5122/5520 5352/5123/5521 5350/5120/5518 5348/5117/5515
f 5938/5124/5522 5347/5119/5517 5350/5120/5518 5351/5125/5523
f 5352/5123/5521 5354/5126/5524 5351/5125/5523 5350/5120/5518
f 5354/5126/5524 5352/5123/5521 5353/5127/5525 5356/5128/5526
f 6015/4191/4592 5353/5127/5525 5352/5123/5521 5349/5122/5520
f 5354/5126/5524 5355/5129/5527 5943/5130/5528 5351/5125/5523
f 5356/5128/5526 5357/5131/5529 5355/5129/5527 5354/5126/5524
f 5358/5132/5530 5359/5133/5531 5357/5131/5529 5356/5128/5526
f 5361/5134/5532 5358/5132/5530 5356/5128/5526 5353/5127/5525
f 5360/5135/5533 6013/5136/5534 5359/5133/5531 5358/5132/5530
f 5358/5132/5530 5361/5134/5532 5362/5137/5535 5360/5135/5533
f 4454/4193/4594 5362/5137/5535 5361/5134/5532 4452/4192/4593
f 4452/4192/4593 5361/5134/5532 5353/5127/5525 6015/4191/4592
f 5360/5135/5533 5362/5137/5535 5363/5138/5536 5364/5139/5537
f 4456/4195/4596 5363/5138/5536 5362/5137/5535 4454/4193/4594
f 5364/5139/5537 5363/5138/5536 5365/5140/5538 5368/5141/5539
f 5366/4198/4599 5365/5140/5538 5363/5138/5536 4456/4195/4596
f 5365/5140/5538 5366/4198/4599 5376/5142/5540 5367/5143/5541
f 5368/5141/5539 5365/5140/5538 5367/5143/5541 5370/5144/5542
f 5368/5141/5539 5369/5145/5543 6014/5146/5544 5364/5139/5537
f 5369/5145/5543 5368/5141/5539 5370/5144/5542 5371/5147/5545
f 5372/5148/5546 5373/5149/5547 5371/5147/5545 5370/5144/5542
f 5370/5144/5542 5367/5143/5541 5374/5150/5548 5372/5148/5546
f 5373/5149/5547 5372/5148/5546 4628/4379/4780 5382/4383/4784
f 4626/4378/4779 4628/4379/4780 5372/5148/5546 5374/5150/5548
f 4626/4378/4779 5374/5150/5548 5375/5151/5549 4624/4377/4778
f 5375/5151/5549 5374/5150/5548 5367/5143/5541 5376/5142/5540
f 5377/5152/5550 5375/5151/5549 5376/5142/5540 5380/4202/4603
f 5377/5152/5550 5378/4368/4769 4624/4377/4778 5375/5151/5549
f 5378/4368/4769 5377/5152/5550 5379/5153/5551 4615/4366/4767
f 5379/5153/5551 5377/5152/5550 5380/4202/4603 4461/4201/4602
f 5366/4198/4599 4457/4197/4598 5380/4202/4603 5376/5142/5540
f 4461/4201/4602 4463/4203/4604 4468/4208/4609 5379/5153/5551
f 4468/4208/4609 4613/4210/4611 4615/4366/4767 5379/5153/5551
f 5382/4383/4784 5383/4397/4798 5381/5154/5552 5373/5149/5547
f 5373/5149/5547 5381/5154/5552 5384/5155/5553 5371/5147/5545
f 4629/4382/4783 4636/4389/4790 5383/4397/4798 5382/4383/4784
f 5383/4397/4798 4641/4396/4797 5385/5156/5554 5381/5154/5552
f 5387/5157/5555 5384/5155/5553 5381/5154/5552 5385/5156/5554
f 5386/5158/5556 5385/5156/5554 4641/4396/4797 4643/4398/4799
f 5385/5156/5554 5386/5158/5556 5388/5159/5557 5387/5157/5555
f 5387/5157/5555 5388/5159/5557 5392/5160/5558 5389/5161/5559
f 5384/5155/5553 5387/5157/5555 5389/5161/5559 5390/5162/5560
f 5390/5162/5560 5389/5161/5559 5391/5163/5561 6012/5164/5562
f 5389/5161/5559 5392/5160/5558 5394/5165/5563 5391/5163/5561
f 5388/5159/5557 6002/5166/5564 5393/5167/5565 5392/5160/5558
f 5392/5160/5558 5393/5167/5565 5395/5168/5566 5394/5165/5563
f 5394/5165/5563 5395/5168/5566 5397/5169/5567 5396/5170/5568
f 5391/5163/5561 5394/5165/5563 5396/5170/5568 5399/5171/5569
f 5396/5170/5568 5397/5169/5567 5993/5172/5570 5398/5173/5571
f 5398/5173/5571 5401/5174/5572 5399/5171/5569 5396/5170/5568
f 6012/5164/5562 5391/5163/5561 5399/5171/5569 5400/5175/5573
f 5400/5175/5573 5399/5171/5569 5401/5174/5572 5402/5176/5574
f 5402/5176/5574 5401/5174/5572 5403/5177/5575 5404/5178/5576
f 5401/5174/5572 5398/5173/5571 5406/5179/5577 5403/5177/5575
f 5404/5178/5576 5403/5177/5575 5405/5180/5578 5945/5181/5579
f 5408/5182/5580 5405/5180/5578 5403/5177/5575 5406/5179/5577
f 5398/5173/5571 5993/5172/5570 5407/4485/4886 5406/5179/5577
f 5406/5179/5577 5407/4485/4886 4733/4484/4885 5408/5182/5580
f 5408/5182/5580 4733/4484/4885 4735/4486/4887 5409/5183/5581
f 5405/5180/5578 5408/5182/5580 5409/5183/5581 5410/5184/5582
f 5411/5185/5583 5412/5186/5584 5410/5184/5582 5409/5183/5581
f 4737/4488/4889 5411/5185/5583 5409/5183/5581 4735/4486/4887
f 5413/5187/5585 5414/5188/5586 5412/5186/5584 5411/5185/5583
f 5411/5185/5583 4737/4488/4889 4739/4490/4891 5413/5187/5585
f 5415/5189/5587 5416/5190/5588 5414/5188/5586 5413/5187/5585
f 5413/5187/5585 4739/4490/4891 4741/4492/4893 5415/5189/5587
f 5417/5191/5589 5419/5192/5590 5416/5190/5588 5415/5189/5587
f 5415/5189/5587 4741/4492/4893 4743/4494/4895 5417/5191/5589
f 5417/5191/5589 4743/4494/4895 5438/4496/4897 5418/5193/5591
f 5418/5193/5591 5421/5194/5592 5419/5192/5590 5417/5191/5589
f 5946/5195/5593 5416/5190/5588 5419/5192/5590 5420/5196/5594
f 5421/5194/5592 5423/5197/5595 5420/5196/5594 5419/5192/5590
f 5423/5197/5595 5421/5194/5592 5422/5198/5596 5425/5199/5597
f 5435/5200/5598 5422/5198/5596 5421/5194/5592 5418/5193/5591
f 5423/5197/5595 5424/5201/5599 5933/5202/5600 5420/5196/5594
f 5425/5199/5597 5426/5203/5601 5424/5201/5599 5423/5197/5595
f 5426/5203/5601 5425/5199/5597 5427/5204/5602 5428/5205/5603
f 5430/5206/5604 5427/5204/5602 5425/5199/5597 5422/5198/5596
f 5428/5205/5603 5427/5204/5602 5429/5207/5605 5948/5208/5606
f 5431/5209/5607 5429/5207/5605 5427/5204/5602 5430/5206/5604
f 5433/5210/5608 5431/5209/5607 5430/5206/5604 5432/5211/5609
f 5422/5198/5596 5435/5200/5598 5432/5211/5609 5430/5206/5604
f 5987/5212/5610 5433/5210/5608 5432/5211/5609 5434/5213/5611
f 5434/5213/5611 5432/5211/5609 5435/5200/5598 5436/5214/5612
f 5418/5193/5591 5438/4496/4897 5436/5214/5612 5435/5200/5598
f 5436/5214/5612 5437/4500/4901 5439/5215/5613 5434/5213/5611
f 5438/4496/4897 4744/4495/4896 5437/4500/4901 5436/5214/5612
f 5441/5216/5614 5439/5215/5613 5437/4500/4901 4747/4499/4900
f 5440/5217/5615 5987/5212/5610 5434/5213/5611 5439/5215/5613
f 5442/5218/5616 5440/5217/5615 5439/5215/5613 5441/5216/5614
f 5444/5219/5617 5442/5218/5616 5441/5216/5614 5443/5220/5618
f 4747/4499/4900 4749/4501/4902 5443/5220/5618 5441/5216/5614
f 5447/5221/5619 5444/5219/5617 5443/5220/5618 5445/5222/5620
f 4749/4501/4902 4751/4503/4904 5445/5222/5620 5443/5220/5618
f 4751/4503/4904 4753/4504/4905 5446/5223/5621 5445/5222/5620
f 5445/5222/5620 5446/5223/5621 5449/5224/5622 5447/5221/5619
f 5448/5225/5623 5990/5226/5624 5444/5219/5617 5447/5221/5619
f 5447/5221/5619 5449/5224/5622 5450/5227/5625 5448/5225/5623
f 5454/5228/5626 5450/5227/5625 5449/5224/5622 5451/5229/5627
f 5451/5229/5627 5449/5224/5622 5446/5223/5621 5453/5230/5628
f 5451/5229/5627 5452/5231/5629 5456/5232/5630 5454/5228/5626
f 5452/5231/5629 5451/5229/5627 5453/5230/5628 5465/5233/5631
f 5455/5234/5632 5798/5235/5633 5450/5227/5625 5454/5228/5626
f 5457/5236/5634 5455/5234/5632 5454/5228/5626 5456/5232/5630
f 5459/5237/5635 5457/5236/5634 5456/5232/5630 5458/5238/5636
f 5458/5238/5636 5456/5232/5630 5452/5231/5629 5461/5239/5637
f 5783/5240/5638 5459/5237/5635 5458/5238/5636 5460/5241/5639
f 5461/5239/5637 5462/5242/5640 5460/5241/5639 5458/5238/5636
f 5462/5242/5640 5461/5239/5637 5463/5243/5641 5464/5244/5642
f 5461/5239/5637 5452/5231/5629 5465/5233/5631 5463/5243/5641
f 5466/5245/5643 5467/5246/5644 5464/5244/5642 5463/5243/5641
f 5463/5243/5641 5465/5233/5631 5468/4508/4909 5466/5245/5643
f 5467/5246/5644 5466/5245/5643 4761/4513/4914 5469/4514/4915
f 4756/4509/4910 4761/4513/4914 5466/5245/5643 5468/4508/4909
f 4755/4507/4908 5468/4508/4909 5465/5233/5631 5453/5230/5628
f 5467/5246/5644 5469/4514/4915 5471/5247/5645 5470/5248/5646
f 5464/5244/5642 5467/5246/5644 5470/5248/5646 5472/5249/5647
f 5474/5250/5648 5473/5251/5649 5470/5248/5646 5471/5247/5645
f 5473/5251/5649 5476/5252/5650 5472/5249/5647 5470/5248/5646
f 5473/5251/5649 5474/5250/5648 5737/5253/5651 5475/5254/5652
f 5476/5252/5650 5473/5251/5649 5475/5254/5652 5478/5255/5653
f 5476/5252/5650 5477/5256/5654 5788/5257/5655 5472/5249/5647
f 5477/5256/5654 5476/5252/5650 5478/5255/5653 5479/5258/5656
f 5480/5259/5657 5482/5260/5658 5479/5258/5656 5478/5255/5653
f 5481/5261/5659 5480/5259/5657 5478/5255/5653 5475/5254/5652
f 5480/5259/5657 5481/5261/5659 5485/5262/5660 5483/5263/5661
f 5482/5260/5658 5480/5259/5657 5483/5263/5661 5486/5264/5662
f 5484/5265/5663 5488/5266/5664 5486/5264/5662 5483/5263/5661
f 5732/5267/5665 5484/5265/5663 5483/5263/5661 5485/5262/5660
f 5787/5268/5666 5482/5260/5658 5486/5264/5662 5487/5269/5667
f 5488/5266/5664 5490/5270/5668 5487/5269/5667 5486/5264/5662
f 5488/5266/5664 5484/5265/5663 5733/5271/5669 5489/5272/5670
f 5490/5270/5668 5488/5266/5664 5489/5272/5670 5492/5273/5671
f 5490/5270/5668 5491/5274/5672 5768/5275/5673 5487/5269/5667
f 5491/5274/5672 5490/5270/5668 5492/5273/5671 5493/5276/5674
f 5494/5277/5675 5495/5278/5676 5493/5276/5674 5492/5273/5671
f 5497/5279/5677 5494/5277/5675 5492/5273/5671 5489/5272/5670
f 5495/5278/5676 5494/5277/5675 5496/5280/5678 5757/5281/5679
f 5494/5277/5675 5497/5279/5677 5499/5282/5680 5496/5280/5678
f 5498/5283/5681 5497/5279/5677 5489/5272/5670 5733/5271/5669
f 5497/5279/5677 5498/5283/5681 5500/5284/5682 5499/5282/5680
f 5502/5285/5683 5501/5286/5684 5499/5282/5680 5500/5284/5682
f 5501/5286/5684 5504/5287/5685 5496/5280/5678 5499/5282/5680
f 5501/5286/5684 5502/5285/5683 5724/5288/5686 5503/5289/5687
f 5504/5287/5685 5501/5286/5684 5503/5289/5687 5506/5290/5688
f 5504/5287/5685 5505/5291/5689 5757/5281/5679 5496/5280/5678
f 5505/5291/5689 5504/5287/5685 5506/5290/5688 5507/5292/5690
f 5508/5293/5691 5509/5294/5692 5507/5292/5690 5506/5290/5688
f 5511/5295/5693 5508/5293/5691 5506/5290/5688 5503/5289/5687
f 5509/5294/5692 5508/5293/5691 5510/5296/5694 5743/5297/5695
f 5508/5293/5691 5511/5295/5693 5513/5298/5696 5510/5296/5694
f 5512/5299/5697 5511/5295/5693 5503/5289/5687 5724/5288/5686
f 5511/5295/5693 5512/5299/5697 5514/5300/5698 5513/5298/5696
f 5517/5301/5699 5515/5302/5700 5513/5298/5696 5514/5300/5698
f 5515/5302/5700 5516/4828/5229 5510/5296/5694 5513/5298/5696
f 5516/4828/5229 5515/5302/5700 5518/4822/5223 5047/4821/5222
f 5515/5302/5700 5517/5301/5699 5519/5303/5701 5518/4822/5223
f 5520/4816/5217 5043/4815/5216 5518/4822/5223 5519/5303/5701
f 5522/5304/5702 5520/4816/5217 5519/5303/5701 5521/4577/4978
f 5517/5301/5699 4815/4574/4975 5521/4577/4978 5519/5303/5701
f 5523/4582/4983 5522/5304/5702 5521/4577/4978 4816/4576/4977
f 5522/5304/5702 5523/4582/4983 5525/5305/5703 5524/4810/5211
f 5520/4816/5217 5522/5304/5702 5524/4810/5211 5039/4809/5210
f 5032/4801/5202 5034/4802/5203 5524/4810/5211 5525/5305/5703
f 5523/4582/4983 4820/4581/4982 5526/5306/5704 5525/5305/5703
f 5030/4799/5200 5032/4801/5202 5525/5305/5703 5526/5306/5704
f 5528/4800/5201 5030/4799/5200 5526/5306/5704 5527/5307/5705
f 4820/4581/4982 4822/4583/4984 5527/5307/5705 5526/5306/5704
f 5530/5308/5706 5528/4800/5201 5527/5307/5705 5529/5309/5707
f 4822/4583/4984 4824/4584/4985 5529/5309/5707 5527/5307/5705
f 5532/5310/5708 5530/5308/5706 5529/5309/5707 5531/5311/5709
f 4824/4584/4985 5534/4587/4988 5531/5311/5709 5529/5309/5707
f 5714/5312/5710 5532/5310/5708 5531/5311/5709 5533/5313/5711
f 5534/4587/4988 5535/5314/5712 5533/5313/5711 5531/5311/5709
f 5535/5314/5712 5534/4587/4988 4825/4588/4989 5537/5315/5713
f 5536/5316/5714 5535/5314/5712 5537/5315/5713 5538/5317/5715
f 5535/5314/5712 5536/5316/5714 5711/5318/5716 5533/5313/5711
f 5539/5319/5717 5541/5320/5718 5538/5317/5715 5537/5315/5713
f 4827/4589/4990 5539/5319/5717 5537/5315/5713 4825/4588/4989
f 5539/5319/5717 4827/4589/4990 4829/4591/4992 5540/5321/5719
f 5541/5320/5718 5539/5319/5717 5540/5321/5719 5543/5322/5720
f 5541/5320/5718 5542/5323/5721 5708/5324/5722 5538/5317/5715
f 5542/5323/5721 5541/5320/5718 5543/5322/5720 5544/5325/5723
f 5545/5326/5724 5546/5327/5725 5544/5325/5723 5543/5322/5720
f 5548/5328/5726 5545/5326/5724 5543/5322/5720 5540/5321/5719
f 5546/5327/5725 5545/5326/5724 5547/5329/5727 5550/5330/5728
f 5545/5326/5724 5548/5328/5726 5549/4598/4999 5547/5329/5727
f 4832/4593/4994 5548/5328/5726 5540/5321/5719 4829/4591/4992
f 5548/5328/5726 4832/4593/4994 4834/4595/4996 5549/4598/4999
f 4837/4597/4998 5551/4601/5002 5547/5329/5727 5549/4598/4999
f 5551/4601/5002 4856/4616/5017 5550/5330/5728 5547/5329/5727
f 5553/5331/5729 5546/5327/5725 5550/5330/5728 5552/5332/5730
f 4856/4616/5017 4858/4617/5018 5552/5332/5730 5550/5330/5728
f 5556/5333/5731 5553/5331/5729 5552/5332/5730 5554/5334/5732
f 4858/4617/5018 4861/4618/5019 5554/5334/5732 5552/5332/5730
f 4861/4618/5019 5576/4623/5024 5555/5335/5733 5554/5334/5732
f 5554/5334/5732 5555/5335/5733 5557/5336/5734 5556/5333/5731
f 5556/5333/5731 5557/5336/5734 5561/5337/5735 5558/5338/5736
f 5553/5331/5729 5556/5333/5731 5558/5338/5736 5559/5339/5737
f 5560/5340/5738 5707/5341/5739 5559/5339/5737 5558/5338/5736
f 5562/5342/5740 5560/5340/5738 5558/5338/5736 5561/5337/5735
f 5563/5343/5741 5561/5337/5735 5557/5336/5734 5566/5344/5742
f 5565/5345/5743 5562/5342/5740 5561/5337/5735 5563/5343/5741
f 5564/5346/5744 5563/5343/5741 5566/5344/5742 5568/5347/5745
f 5563/5343/5741 5564/5346/5744 5701/5348/5746 5565/5345/5743
f 5566/5344/5742 5557/5336/5734 5555/5335/5733 5567/5349/5747
f 5568/5347/5745 5566/5344/5742 5567/5349/5747 5570/5350/5748
f 5675/5351/5749 5564/5346/5744 5568/5347/5745 5569/5352/5750
f 5570/5350/5748 5571/5353/5751 5569/5352/5750 5568/5347/5745
f 5571/5353/5751 5570/5350/5748 5572/5354/5752 5573/5355/5753
f 5570/5350/5748 5567/5349/5747 5575/5356/5754 5572/5354/5752
f 5573/5355/5753 5572/5354/5752 5574/5357/5755 5578/5358/5756
f 5572/5354/5752 5575/5356/5754 5577/4626/5027 5574/5357/5755
f 5567/5349/5747 5555/5335/5733 5576/4623/5024 5575/5356/5754
f 5575/5356/5754 5576/4623/5024 4860/4622/5023 5577/4626/5027
f 5574/5357/5755 5577/4626/5027 4865/4627/5028 5579/4634/5035
f 5579/4634/5035 5580/5359/5757 5578/5358/5756 5574/5357/5755
f 4869/4632/5033 5581/5360/5758 5580/5359/5757 5579/4634/5035
f 5581/5360/5758 5585/5361/5759 5582/5362/5760 5580/5359/5757
f 5580/5359/5757 5582/5362/5760 5584/5363/5761 5578/5358/5756
f 5583/5364/5762 5582/5362/5760 5585/5361/5759 5586/5365/5763
f 5582/5362/5760 5583/5364/5762 5683/5366/5764 5584/5363/5761
f 5588/5367/5765 5586/5365/5763 5585/5361/5759 5587/5368/5766
f 5587/5368/5766 5585/5361/5759 5581/5360/5758 5590/5369/5767
f 5591/5370/5768 5588/5367/5765 5587/5368/5766 5589/4643/5044
f 5589/4643/5044 5587/5368/5766 5590/5369/5767 4879/4641/5042
f 4871/4633/5034 4873/4635/5036 4879/4641/5042 5590/5369/5767
f 5590/5369/5767 5581/5360/5758 4869/4632/5033 4871/4633/5034
f 5592/4648/5049 5591/5370/5768 5589/4643/5044 4880/4642/5043
f 5596/5371/5769 5593/5372/5770 5591/5370/5768 5592/4648/5049
f 5593/5372/5770 5594/5373/5771 5588/5367/5765 5591/5370/5768
f 5594/5373/5771 5593/5372/5770 5595/5374/5772 5606/5375/5773
f 5593/5372/5770 5596/5371/5769 5597/5376/5774 5595/5374/5772
f 5598/5377/5775 5596/5371/5769 5592/4648/5049 4884/4647/5048
f 5598/5377/5775 5599/5378/5776 5597/5376/5774 5596/5371/5769
f 5600/5379/5777 5601/5380/5778 5599/5378/5776 5598/5377/5775
f 5598/5377/5775 4884/4647/5048 4886/4649/5050 5600/5379/5777
f 5601/5380/5778 5600/5379/5777 4897/4661/5062 5602/4664/5065
f 5600/5379/5777 4886/4649/5050 4888/4651/5052 4897/4661/5062
f 5601/5380/5778 5602/4664/5065 5603/5381/5779 5599/5378/5776
f 4896/4663/5064 5604/5382/5780 5603/5381/5779 5602/4664/5065
f 5599/5378/5776 5603/5381/5779 5595/5374/5772 5597/5376/5774
f 5604/5382/5780 5606/5375/5773 5595/5374/5772 5603/5381/5779
f 5605/5383/5781 5608/5384/5782 5606/5375/5773 5604/5382/5780
f 4899/4662/5063 5605/5383/5781 5604/5382/5780 4896/4663/5064
f 5606/5375/5773 5607/5385/5783 5686/5386/5784 5594/5373/5771
f 5608/5384/5782 5609/5387/5785 5607/5385/5783 5606/5375/5773
f 5610/5388/5786 5613/5389/5787 5609/5387/5785 5608/5384/5782
f 5608/5384/5782 5605/5383/5781 5611/5390/5788 5610/5388/5786
f 5610/5388/5786 5611/5390/5788 5723/5391/5789 5612/5392/5790
f 5613/5389/5787 5610/5388/5786 5612/5392/5790 5615/5393/5791
f 5609/5387/5785 5613/5389/5787 5614/5394/5792 5607/5385/5783
f 5614/5394/5792 5613/5389/5787 5615/5393/5791 5616/5395/5793
f 5617/5396/5794 5618/5397/5795 5616/5395/5793 5615/5393/5791
f 5620/5398/5796 5617/5396/5794 5615/5393/5791 5612/5392/5790
f 5618/5397/5795 5617/5396/5794 5619/5399/5797 5688/5400/5798
f 5617/5396/5794 5620/5398/5796 5622/5401/5799 5619/5399/5797
f 5622/5401/5799 5620/5398/5796 5621/5402/5800 5624/5403/5801
f 5612/5392/5790 5723/5391/5789 5621/5402/5800 5620/5398/5796
f 5696/5404/5802 5619/5399/5797 5622/5401/5799 5623/5405/5803
f 5623/5405/5803 5622/5401/5799 5624/5403/5801 5625/5406/5804
f 5626/5407/5805 5629/5408/5806 5625/5406/5804 5624/5403/5801
f 5628/5409/5807 5626/5407/5805 5624/5403/5801 5621/5402/5800
f 5626/5407/5805 5627/5410/5808 5631/5411/5809 5629/5408/5806
f 5627/5410/5808 5626/5407/5805 5628/5409/5807 5721/4674/5075
f 5629/5408/5806 5630/5412/5810 5636/5413/5811 5625/5406/5804
f 5631/5411/5809 5633/4700/5101 5630/5412/5810 5629/5408/5806
f 4933/4698/5099 5633/4700/5101 5631/5411/5809 5632/5414/5812
f 5632/5414/5812 5631/5411/5809 5627/5410/5808 5634/5415/5813
f 5635/4706/5107 5630/5412/5810 5633/4700/5101 4934/4699/5100
f 5632/5414/5812 4918/4682/5083 4931/4685/5086 4933/4698/5099
f 5634/5415/5813 4915/4680/5081 4918/4682/5083 5632/5414/5812
f 4906/4673/5074 4908/4675/5076 4915/4680/5081 5634/5415/5813
f 5721/4674/5075 4906/4673/5074 5634/5415/5813 5627/5410/5808
f 5630/5412/5810 5635/4706/5107 5638/5416/5814 5636/5413/5811
f 5637/5417/5815 5623/5405/5803 5625/5406/5804 5636/5413/5811
f 5639/5418/5816 5637/5417/5815 5636/5413/5811 5638/5416/5814
f 5638/5416/5814 5640/5419/5817 5641/5420/5818 5639/5418/5816
f 5635/4706/5107 4938/4705/5106 5640/5419/5817 5638/5416/5814
f 5643/5421/5819 5641/5420/5818 5640/5419/5817 4942/4709/5110
f 4940/4707/5108 4942/4709/5110 5640/5419/5817 4938/4705/5106
f 5639/5418/5816 5641/5420/5818 5642/5422/5820 5697/5423/5821
f 5641/5420/5818 5643/5421/5819 5645/5424/5822 5642/5422/5820
f 5643/5421/5819 5644/5425/5823 5648/5426/5824 5645/5424/5822
f 5644/5425/5823 5643/5421/5819 4942/4709/5110 5720/4716/5117
f 5646/5427/5825 5698/5428/5826 5642/5422/5820 5645/5424/5822
f 5646/5427/5825 5645/5424/5822 5647/5429/5827 5700/5430/5828
f 5645/5424/5822 5649/5431/5829 5647/5429/5827
f 5645/5424/5822 5648/5426/5824 5649/5431/5829
f 5648/5426/5824 5651/5432/5830 5650/5433/5831 5649/5431/5829
f 5647/5429/5827 5649/5431/5829 5650/5433/5831 5653/5434/5832
f 5650/5433/5831 5651/5432/5830 5662/5435/5833 5652/5436/5834
f 5653/5434/5832 5650/5433/5831 5652/5436/5834 5655/5437/5835
f 5700/5430/5828 5647/5429/5827 5653/5434/5832 5654/5438/5836
f 5654/5438/5836 5653/5434/5832 5655/5437/5835 5656/5439/5837
f 5656/5439/5837 5655/5437/5835 5657/5440/5838 5658/5441/5839
f 5655/5437/5835 5652/5436/5834 5659/5442/5840 5657/5440/5838
f 5658/5441/5839 5657/5440/5838 4994/4763/5164 5665/4766/5167
f 4991/4760/5161 4994/4763/5164 5657/5440/5838 5659/5442/5840
f 5659/5442/5840 5660/5443/5841 4989/4758/5159 4991/4760/5161
f 5652/5436/5834 5662/5435/5833 5660/5443/5841 5659/5442/5840
f 5661/5444/5842 5660/5443/5841 5662/5435/5833 5663/5445/5843
f 5660/5443/5841 5661/5444/5842 4987/4757/5158 4989/4758/5159
f 5663/5445/5843 5662/5435/5833 5651/5432/5830 5664/5446/5844
f 5664/5446/5844 4947/4715/5116 4949/4717/5118 5663/5445/5843
f 5663/5445/5843 4949/4717/5118 4951/4719/5120 5661/5444/5842
f 5644/5425/5823 5720/4716/5117 4947/4715/5116 5664/5446/5844
f 5651/5432/5830 5648/5426/5824 5644/5425/5823 5664/5446/5844
f 6043/4722/5123 4987/4757/5158 5661/5444/5842 4951/4719/5120
f 5658/5441/5839 5665/4766/5167 5667/5447/5845 5666/5448/5846
f 5669/5449/5847 5656/5439/5837 5658/5441/5839 5666/5448/5846
f 5701/5348/5746 5668/5450/5848 5666/5448/5846 5667/5447/5845
f 5669/5449/5847 5666/5448/5846 5668/5450/5848 5671/5451/5849
f 5670/5452/5850 5654/5438/5836 5656/5439/5837 5669/5449/5847
f 5672/5453/5851 5670/5452/5850 5669/5449/5847 5671/5451/5849
f 5672/5453/5851 5671/5451/5849 5673/5454/5852 5674/5455/5853
f 5671/5451/5849 5668/5450/5848 5675/5351/5749 5673/5454/5852
f 5676/5456/5854 5677/5457/5855 5674/5455/5853 5673/5454/5852
f 5569/5352/5750 5676/5456/5854 5673/5454/5852 5675/5351/5749
f 5677/5457/5855 5676/5456/5854 5678/5458/5856 5679/5459/5857
f 5571/5353/5751 5678/5458/5856 5676/5456/5854 5569/5352/5750
f 5680/5460/5858 5681/5461/5859 5679/5459/5857 5678/5458/5856
f 5573/5355/5753 5680/5460/5858 5678/5458/5856 5571/5353/5751
f 5680/5460/5858 5573/5355/5753 5578/5358/5756 5584/5363/5761
f 5681/5461/5859 5680/5460/5858 5584/5363/5761 5683/5366/5764
f 5681/5461/5859 5682/5462/5860 5687/5463/5861 5679/5459/5857
f 5682/5462/5860 5681/5461/5859 5683/5366/5764 5684/5464/5862
f 5583/5364/5762 5685/5465/5863 5684/5464/5862 5683/5366/5764
f 5618/5397/5795 5682/5462/5860 5684/5464/5862 5616/5395/5793
f 5685/5465/5863 5614/5394/5792 5616/5395/5793 5684/5464/5862
f 5607/5385/5783 5614/5394/5792 5685/5465/5863 5686/5386/5784
f 5583/5364/5762 5586/5365/5763 5686/5386/5784 5685/5465/5863
f 5594/5373/5771 5686/5386/5784 5586/5365/5763 5588/5367/5765
f 5682/5462/5860 5618/5397/5795 5688/5400/5798 5687/5463/5861
f 5687/5463/5861 5688/5400/5798 5690/5466/5864 5689/5467/5865
f 5689/5467/5865 5677/5457/5855 5679/5459/5857 5687/5463/5861
f 5689/5467/5865 5690/5466/5864 5693/5468/5866 5691/5469/5867
f 5691/5469/5867 5674/5455/5853 5677/5457/5855 5689/5467/5865
f 5674/5455/5853 5691/5469/5867 5692/5470/5868 5672/5453/5851
f 5692/5470/5868 5691/5469/5867 5693/5468/5866 5694/5471/5869
f 5694/5471/5869 5693/5468/5866 5695/5472/5870 5697/5423/5821
f 5693/5468/5866 5690/5466/5864 5696/5404/5802 5695/5472/5870
f 5637/5417/5815 5639/5418/5816 5697/5423/5821 5695/5472/5870
f 5623/5405/5803 5637/5417/5815 5695/5472/5870 5696/5404/5802
f 5698/5428/5826 5694/5471/5869 5697/5423/5821 5642/5422/5820
f 5688/5400/5798 5619/5399/5797 5696/5404/5802 5690/5466/5864
f 5699/5473/5871 5692/5470/5868 5694/5471/5869 5698/5428/5826
f 5700/5430/5828 5699/5473/5871 5698/5428/5826 5646/5427/5825
f 5699/5473/5871 5700/5430/5828 5654/5438/5836 5670/5452/5850
f 5692/5470/5868 5699/5473/5871 5670/5452/5850 5672/5453/5851
f 5564/5346/5744 5675/5351/5749 5668/5450/5848 5701/5348/5746
f 5565/5345/5743 5701/5348/5746 5667/5447/5845 5702/5474/5872
f 5665/4766/5167 4995/4765/5166 5702/5474/5872 5667/5447/5845
f 4995/4765/5166 4997/4767/5168 5703/5475/5873 5702/5474/5872
f 5562/5342/5740 5565/5345/5743 5702/5474/5872 5703/5475/5873
f 5560/5340/5738 5562/5342/5740 5703/5475/5873 5704/5476/5874
f 4997/4767/5168 4999/4768/5169 5704/5476/5874 5703/5475/5873
f 5707/5341/5739 5560/5340/5738 5704/5476/5874 5705/5477/5875
f 4999/4768/5169 5706/4771/5172 5705/5477/5875 5704/5476/5874
f 5706/4771/5172 5709/5478/5876 5708/5324/5722 5705/5477/5875
f 5542/5323/5721 5707/5341/5739 5705/5477/5875 5708/5324/5722
f 5709/5478/5876 5536/5316/5714 5538/5317/5715 5708/5324/5722
f 5709/5478/5876 5706/4771/5172 5000/4772/5173 5710/5479/5877
f 5536/5316/5714 5709/5478/5876 5710/5479/5877 5711/5318/5716
f 5002/4773/5174 5712/4776/5177 5710/5479/5877 5000/4772/5173
f 5712/4776/5177 5713/5480/5878 5711/5318/5716 5710/5479/5877
f 5713/5480/5878 5712/4776/5177 5005/4777/5178 5715/5481/5879
f 5714/5312/5710 5713/5480/5878 5715/5481/5879 5716/5482/5880
f 5713/5480/5878 5714/5312/5710 5533/5313/5711 5711/5318/5716
f 5012/4782/5183 5718/4783/5184 5716/5482/5880 5715/5481/5879
f 5007/4778/5179 5012/4782/5183 5715/5481/5879 5005/4777/5178
f 5532/5310/5708 5714/5312/5710 5716/5482/5880 5717/5483/5881
f 5718/4783/5184 5022/4791/5192 5717/5483/5881 5716/5482/5880
f 5530/5308/5706 5532/5310/5708 5717/5483/5881 5719/4796/5197
f 5022/4791/5192 5024/4792/5193 5719/4796/5197 5717/5483/5881
f 5528/4800/5201 5530/5308/5706 5719/4796/5197 5027/4795/5196
f 5707/5341/5739 5542/5323/5721 5544/5325/5723 5559/5339/5737
f 4942/4709/5110 4943/4711/5112 5720/4716/5117
f 5721/4674/5075 5628/5409/5807 5722/4670/5071 4901/4669/5070
f 5722/4670/5071 5628/5409/5807 5621/5402/5800 5723/5391/5789
f 4902/4666/5067 5722/4670/5071 5723/5391/5789 5611/5390/5788
f 4902/4666/5067 5611/5390/5788 5605/5383/5781 4899/4662/5063
f 5546/5327/5725 5553/5331/5729 5559/5339/5737 5544/5325/5723
f 4815/4574/4975 5517/5301/5699 5514/5300/5698 4813/4572/4973
f 5516/4828/5229 5051/4827/5228 5743/5297/5695 5510/5296/5694
f 5512/5299/5697 4811/4570/4971 4813/4572/4973 5514/5300/5698
f 4811/4570/4971 5512/5299/5697 5724/5288/5686 5725/4571/4972
f 5502/5285/5683 5726/5484/5882 5725/4571/4972 5724/5288/5686
f 5726/5484/5882 4803/4560/4961 4806/4562/4963 5725/4571/4972
f 4803/4560/4961 5726/5484/5882 5727/5485/5883 4801/4559/4960
f 5726/5484/5882 5502/5285/5683 5500/5284/5682 5727/5485/5883
f 5728/5486/5884 5729/4558/4959 4801/4559/4960 5727/5485/5883
f 5498/5283/5681 5728/5486/5884 5727/5485/5883 5500/5284/5682
f 5729/4558/4959 5728/5486/5884 5730/5487/5885 5731/5488/5886
f 5728/5486/5884 5498/5283/5681 5733/5271/5669 5730/5487/5885
f 5732/5267/5665 5734/5489/5887 5731/5488/5886 5730/5487/5885
f 5484/5265/5663 5732/5267/5665 5730/5487/5885 5733/5271/5669
f 5734/5489/5887 5732/5267/5665 5485/5262/5660 5735/5490/5888
f 5734/5489/5887 4787/4540/4941 5742/4543/4944 5731/5488/5886
f 4787/4540/4941 5734/5489/5887 5735/5490/5888 4785/4538/4939
f 5736/5491/5889 4783/4536/4937 4785/4538/4939 5735/5490/5888
f 5481/5261/5659 5736/5491/5889 5735/5490/5888 5485/5262/5660
f 5736/5491/5889 5481/5261/5659 5475/5254/5652 5737/5253/5651
f 4783/4536/4937 5736/5491/5889 5737/5253/5651 5738/4537/4938
f 5474/5250/5648 5739/5492/5890 5738/4537/4938 5737/5253/5651
f 5739/5492/5890 5740/4524/4925 4779/4531/4932 5738/4537/4938
f 5740/4524/4925 5739/5492/5890 5741/4519/4920 4766/4518/4919
f 5739/5492/5890 5474/5250/5648 5471/5247/5645 5741/4519/4920
f 5469/4514/4915 4762/4515/4916 5741/4519/4920 5471/5247/5645
f 4797/4553/4954 5729/4558/4959 5731/5488/5886 5742/4543/4944
f 5745/5493/5891 5509/5294/5692 5743/5297/5695 5744/5494/5892
f 5051/4827/5228 5053/4829/5230 5744/5494/5892 5743/5297/5695
f 5748/5495/5893 5745/5493/5891 5744/5494/5892 5746/5496/5894
f 5053/4829/5230 5055/4830/5231 5746/5496/5894 5744/5494/5892
f 5746/5496/5894 5055/4830/5231 5992/4833/5234 5747/5497/5895
f 5747/5497/5895 5748/5495/5893 5746/5496/5894
f 5745/5493/5891 5748/5495/5893 5749/5498/5896 5750/5499/5897
f 5748/5495/5893 5747/5497/5895 5749/5498/5896
f 5752/5500/5898 5751/5501/5899 5749/5498/5896 5747/5497/5895
f 5751/5501/5899 5754/5502/5900 5750/5499/5897 5749/5498/5896
f 5751/5501/5899 5752/5500/5898 5760/5503/5901 5753/5504/5902
f 5754/5502/5900 5751/5501/5899 5753/5504/5902 5755/5505/5903
f 5754/5502/5900 5505/5291/5689 5507/5292/5690 5750/5499/5897
f 5505/5291/5689 5754/5502/5900 5755/5505/5903 5757/5281/5679
f 5756/5506/5904 5495/5278/5676 5757/5281/5679 5755/5505/5903
f 5759/5507/5905 5756/5506/5904 5755/5505/5903 5753/5504/5902
f 5495/5278/5676 5756/5506/5904 5758/5508/5906 5493/5276/5674
f 5756/5506/5904 5759/5507/5905 5761/5509/5907 5758/5508/5906
f 5760/5503/5901 5759/5507/5905 5753/5504/5902
f 5761/5509/5907 5759/5507/5905 5760/5503/5901
f 5762/5510/5908 5764/5511/5909 5758/5508/5906 5761/5509/5907
f 5763/5512/5910 5762/5510/5908 5761/5509/5907 5760/5503/5901
f 5765/5513/5911 5762/5510/5908 5763/5512/5910
f 5764/5511/5909 5762/5510/5908 5765/5513/5911 5767/5514/5912
f 5766/5515/5913 5769/5516/5914 5767/5514/5912 5765/5513/5911
f 5982/5517/5915 5766/5515/5913 5765/5513/5911 5763/5512/5910
f 5491/5274/5672 5764/5511/5909 5767/5514/5912 5768/5275/5673
f 5769/5516/5914 5770/5518/5916 5768/5275/5673 5767/5514/5912
f 5770/5518/5916 5769/5516/5914 5771/5519/5917 5772/5520/5918
f 5769/5516/5914 5766/5515/5913 5774/5521/5919 5771/5519/5917
f 5772/5520/5918 5771/5519/5917 5773/5522/5920 5784/5523/5921
f 5771/5519/5917 5774/5521/5919 5776/5524/5922 5773/5522/5920
f 5777/5525/5923 5776/5524/5922 5774/5521/5919 5775/5526/5924
f 5766/5515/5913 5982/5517/5915 5775/5526/5924 5774/5521/5919
f 5779/5527/5925 5773/5522/5920 5776/5524/5922 5777/5525/5923
f 5778/5528/5926 5780/5529/5927 5779/5527/5925 5777/5525/5923
f 5983/5530/5928 5778/5528/5926 5777/5525/5923 5775/5526/5924
f 5779/5527/5925 5781/5531/5929 5784/5523/5921 5773/5522/5920
f 5780/5529/5927 5783/5240/5638 5781/5531/5929 5779/5527/5925
f 5785/5532/5930 5784/5523/5921 5781/5531/5929 5782/5533/5931
f 5783/5240/5638 5460/5241/5639 5782/5533/5931 5781/5531/5929
f 5784/5523/5921 5785/5532/5930 5786/5534/5932 5772/5520/5918
f 5785/5532/5930 5477/5256/5654 5479/5258/5656 5786/5534/5932
f 5477/5256/5654 5785/5532/5930 5782/5533/5931 5788/5257/5655
f 5787/5268/5666 5770/5518/5916 5772/5520/5918 5786/5534/5932
f 5482/5260/5658 5787/5268/5666 5786/5534/5932 5479/5258/5656
f 5770/5518/5916 5787/5268/5666 5487/5269/5667 5768/5275/5673
f 5459/5237/5635 5783/5240/5638 5780/5529/5927 5789/5535/5933
f 5460/5241/5639 5462/5242/5640 5788/5257/5655 5782/5533/5931
f 5462/5242/5640 5464/5244/5642 5472/5249/5647 5788/5257/5655
f 5778/5528/5926 5791/5536/5934 5789/5535/5933 5780/5529/5927
f 5457/5236/5634 5459/5237/5635 5789/5535/5933 5790/5537/5935
f 5793/5538/5936 5790/5537/5935 5789/5535/5933 5791/5536/5934
f 5794/5539/5937 5793/5538/5936 5791/5536/5934 5792/5540/5938
f 5983/5530/5928 5792/5540/5938 5791/5536/5934 5778/5528/5926
f 5793/5538/5936 5794/5539/5937 5796/5541/5939 5790/5537/5935
f 5794/5539/5937 5795/5542/5940 5797/5543/5941 5796/5541/5939
f 5795/5542/5940 5794/5539/5937 5792/5540/5938 5985/5544/5942
f 5796/5541/5939 5797/5543/5941 5798/5235/5633 5455/5234/5632
f 5790/5537/5935 5796/5541/5939 5455/5234/5632 5457/5236/5634
f 5800/5545/5943 5798/5235/5633 5797/5543/5941 5799/5546/5944
f 5799/5546/5944 5797/5543/5941 5795/5542/5940 5802/5547/5945
f 5991/5548/5946 5800/5545/5943 5799/5546/5944 5801/5549/5947
f 5802/5547/5945 5804/5550/5948 5801/5549/5947 5799/5546/5944
f 5802/5547/5945 5803/5551/5949 5804/5550/5948
f 5985/5544/5942 5803/5551/5949 5802/5547/5945 5795/5542/5940
f 5807/5552/5950 5801/5549/5947 5804/5550/5948 5805/5553/5951
f 5803/5551/5949 5806/5554/5952 5805/5553/5951 5804/5550/5948
f 5805/5553/5951 5806/5554/5952 5808/5555/5953
f 5805/5553/5951 5808/5555/5953 5810/5556/5954 5807/5552/5950
f 5806/5554/5952 5809/5557/5955 5808/5555/5953
f 5808/5555/5953 5809/5557/5955 5812/5558/5956 5810/5556/5954
f 5811/5559/5957 5989/5560/5958 5807/5552/5950 5810/5556/5954
f 5814/5561/5959 5811/5559/5957 5810/5556/5954 5812/5558/5956
f 5809/5557/5955 5830/5562/5960 5813/5563/5961 5812/5558/5956
f 5812/5558/5956 5813/5563/5961 5816/5564/5962 5814/5561/5959
f 5811/5559/5957 5814/5561/5959 5815/5565/5963 5986/5566/5964
f 5814/5561/5959 5816/5564/5962 5818/5567/5965 5815/5565/5963
f 5817/5568/5966 5816/5564/5962 5813/5563/5961 5827/5569/5967
f 5816/5564/5962 5817/5568/5966 5819/5570/5968 5818/5567/5965
f 5431/5209/5607 5433/5210/5608 5818/5567/5965 5819/5570/5968
f 5815/5565/5963 5818/5567/5965 5433/5210/5608 5987/5212/5610
f 5817/5568/5966 5822/5571/5969 5820/5572/5970 5819/5570/5968
f 5819/5570/5968 5820/5572/5970 5429/5207/5605 5431/5209/5607
f 5948/5208/5606 5429/5207/5605 5820/5572/5970 5821/5573/5971
f 5822/5571/5969 5823/5574/5972 5821/5573/5971 5820/5572/5970
f 5823/5574/5972 5822/5571/5969 5824/5575/5973 5825/5576/5974
f 5822/5571/5969 5817/5568/5966 5827/5569/5967 5824/5575/5973
f 5826/5577/5975 5955/5578/5976 5825/5576/5974 5824/5575/5973
f 5828/5579/5977 5826/5577/5975 5824/5575/5973 5827/5569/5967
f 5827/5569/5967 5813/5563/5961 5830/5562/5960 5828/5579/5977
f 5826/5577/5975 5828/5579/5977 5829/5580/5978
f 5828/5579/5977 5830/5562/5960 5831/5581/5979 5829/5580/5978
f 5830/5562/5960 5809/5557/5955 5806/5554/5952 5831/5581/5979
f 5831/5581/5979 5806/5554/5952 5835/5582/5980 5832/5583/5981
f 5829/5580/5978 5831/5581/5979 5832/5583/5981 5833/5584/5982
f 5833/5584/5982 5832/5583/5981 5834/5585/5983 5903/5586/5984
f 5837/5587/5985 5834/5585/5983 5832/5583/5981 5835/5582/5980
f 5839/5588/5986 5837/5587/5985 5835/5582/5980 5836/5589/5987
f 5806/5554/5952 5803/5551/5949 5836/5589/5987 5835/5582/5980
f 5834/5585/5983 5837/5587/5985 5838/5590/5988 5900/5591/5989
f 5837/5587/5985 5839/5588/5986 5841/5592/5990 5838/5590/5988
f 5840/5593/5991 5839/5588/5986 5836/5589/5987 5984/5594/5992
f 5843/5595/5993 5841/5592/5990 5839/5588/5986 5840/5593/5991
f 5842/5596/5994 5897/5597/5995 5838/5590/5988 5841/5592/5990
f 5841/5592/5990 5843/5595/5993 5844/5598/5996 5842/5596/5994
f 5846/5599/5997 5844/5598/5996 5843/5595/5993 5845/5600/5998
f 5845/5600/5998 5843/5595/5993 5840/5593/5991 5848/5601/5999
f 5887/5602/6000 5846/5599/5997 5845/5600/5998 5847/5603/6001
f 5847/5603/6001 5845/5600/5998 5848/5601/5999 5850/5604/6002
f 5848/5601/5999 5840/5593/5991 5984/5594/5992 5849/5605/6003
f 5850/5604/6002 5848/5601/5999 5849/5605/6003 5851/5606/6004
f 5850/5607/6002 5851/5608/6004 5853/5609/6005 5852/5610/6006
f 5847/5611/6001 5850/5607/6002 5852/5610/6006 5855/5612/6007
f 5852/5610/6006 5853/5609/6005 5981/5613/6008 5854/5614/6009
f 5855/5612/6007 5852/5610/6006 5854/5614/6009 5857/5615/6010
f 5887/5616/6000 5847/5611/6001 5855/5612/6007 5856/5617/6011
f 5856/5617/6011 5855/5612/6007 5857/5615/6010 5858/5618/6012
f 5859/5619/6013 5860/5620/6014 5858/5618/6012 5857/5615/6010
f 5857/5615/6010 5854/5614/6009 5862/5621/6015 5859/5619/6013
f 5860/5620/6014 5859/5619/6013 5861/5622/6016 5876/5623/6017
f 5859/5619/6013 5862/5621/6015 5864/5624/6018 5861/5622/6016
f 5854/5614/6009 5981/5613/6008 5863/5625/6019 5862/5621/6015
f 5862/5621/6015 5863/5625/6019 5866/5626/6020 5864/5624/6018
f 5865/5627/6021 5873/5628/6022 5861/5622/6016 5864/5624/6018
f 5864/5624/6018 5866/5626/6020 5867/5629/6023 5865/5627/6021
f 5866/5626/6020 5760/5503/5901 5752/5500/5898 5867/5629/6023
f 5760/5503/5901 5866/5626/6020 5863/5625/6019 5763/5512/5910
f 5868/5630/6024 5869/5631/6025 5865/5627/6021 5867/5629/6023
f 5867/5629/6023 5752/5500/5898 5747/5497/5895 5868/5630/6024
f 5868/5630/6024 5747/5497/5895 5992/4833/5234 5056/4834/5235
f 5869/5631/6025 5868/5630/6024 5056/4834/5235 5059/4836/5237
f 5869/5631/6025 5870/5632/6026 5873/5628/6022 5865/5627/6021
f 5059/4836/5237 5872/5633/6027 5870/5632/6026 5869/5631/6025
f 5874/5634/6028 5873/5628/6022 5870/5632/6026 5871/5635/6029
f 5871/5635/6029 5870/5632/6026 5872/5633/6027 5076/4851/5252
f 5876/5623/6017 5861/5622/6016 5873/5628/6022 5874/5634/6028
f 5874/5634/6028 5875/5636/6030 5877/5637/6031 5876/5623/6017
f 5871/5635/6029 5978/5638/6032 5875/5636/6030 5874/5634/6028
f 5879/5639/6033 5860/5620/6014 5876/5623/6017 5877/5637/6031
f 5877/5637/6031 5875/5636/6030 5974/5640/6034 5878/5641/6035
f 5879/5639/6033 5877/5637/6031 5878/5641/6035 5881/5642/6036
f 5860/5620/6014 5879/5639/6033 5880/5643/6037 5858/5618/6012
f 5880/5643/6037 5879/5639/6033 5881/5642/6036 5882/5644/6038
f 5881/5642/6036 5878/5641/6035 5973/4865/5266 5089/4864/5265
f 5882/5644/6038 5881/5642/6036 5089/4864/5265 5091/4866/5267
f 5091/4866/5267 5093/4868/5269 5883/5645/6039 5882/5644/6038
f 5880/5643/6037 5882/5644/6038 5883/5645/6039 5885/5646/6040
f 5885/5646/6040 5883/5645/6039 5884/5647/6041 5886/5648/6042
f 5884/5647/6041 5883/5645/6039 5093/4868/5269 5972/4871/5272
f 5885/5646/6040 5886/5648/6042 5887/5616/6000 5856/5617/6011
f 5885/5646/6040 5856/5617/6011 5858/5618/6012 5880/5643/6037
f 5886/5649/6042 5888/5650/6043 5846/5599/5997 5887/5602/6000
f 5884/5651/6041 5890/5652/6044 5888/5650/6043 5886/5649/6042
f 5890/5652/6044 5891/5653/6045 5889/5654/6046 5888/5650/6043
f 5888/5650/6043 5889/5654/6046 5844/5598/5996 5846/5599/5997
f 5890/5652/6044 5884/5651/6041 5972/4880/5272 5100/4879/5278
f 5102/4881/5279 5891/5653/6045 5890/5652/6044 5100/4879/5278
f 5891/5653/6045 5102/4881/5279 5104/4883/5281 5892/5655/6047
f 5889/5654/6046 5891/5653/6045 5892/5655/6047 5894/5656/6048
f 5892/5655/6047 5104/4883/5281 5971/4886/5284 5893/5657/6049
f 5894/5656/6048 5892/5655/6047 5893/5657/6049 5895/5658/6050
f 5894/5656/6048 5895/5658/6050 5897/5597/5995 5842/5596/5994
f 5842/5596/5994 5844/5598/5996 5889/5654/6046 5894/5656/6048
f 5895/5658/6050 5893/5657/6049 5968/5659/6051 5896/5660/6052
f 5895/5658/6050 5896/5660/6052 5898/5661/6053 5897/5597/5995
f 5897/5597/5995 5898/5661/6053 5900/5591/5989 5838/5590/5988
f 5898/5661/6053 5899/5662/6054 5901/5663/6055 5900/5591/5989
f 5899/5662/6054 5898/5661/6053 5896/5660/6052 5965/5664/6056
f 5903/5586/5984 5834/5585/5983 5900/5591/5989 5901/5663/6055
f 5904/5665/6057 5903/5586/5984 5901/5663/6055 5902/5666/6058
f 5899/5662/6054 5963/5667/6059 5902/5666/6058 5901/5663/6055
f 5903/5586/5984 5904/5665/6057 5905/5668/6060 5833/5584/5982
f 5902/5666/6058 5909/4909/5307 5908/5669/6061 5904/5665/6057
f 5907/5670/6062 5956/5671/6063 5905/5668/6060 5904/5665/6057
f 5904/5665/6057 5908/5669/6061 5906/5672/6064
f 5904/5665/6057 5906/5672/6064 5907/5670/6062
f 5910/5673/6065 5908/5669/6061 5909/4909/5307 5125/4908/5306
f 5912/5674/6066 5906/5672/6064 5908/5669/6061 5910/5673/6065
f 5911/5675/6067 5910/5673/6065 5125/4908/5306 5126/4910/5308
f 5910/5673/6065 5911/5675/6067 5913/5676/6068 5912/5674/6066
f 5916/5677/6069 5914/5678/6070 5912/5674/6066 5913/5676/6068
f 5906/5672/6064 5912/5674/6066 5914/5678/6070 5907/5670/6062
f 5956/5671/6063 5907/5670/6062 5914/5678/6070 5915/5679/6071
f 5918/5680/6072 5915/5679/6071 5914/5678/6070 5916/5677/6069
f 5920/5681/6073 5918/5680/6072 5916/5677/6069 5917/5682/6074
f 5917/5682/6074 5916/5677/6069 5913/5676/6068 5960/5683/6075
f 5951/5684/6076 5915/5679/6071 5918/5680/6072 5919/5685/6077
f 5919/5685/6077 5918/5680/6072 5920/5681/6073 5921/5686/6078
f 5921/5686/6078 5920/5681/6073 5922/5687/6079 5925/5688/6080
f 5923/5689/6081 5922/5687/6079 5920/5681/6073 5917/5682/6074
f 5922/5687/6079 5923/5689/6081 5957/5690/6082 5924/5691/6083
f 5925/5688/6080 5922/5687/6079 5924/5691/6083 5927/5692/6084
f 5925/5688/6080 5926/5693/6085 5947/5694/6086 5921/5686/6078
f 5927/5692/6084 5929/5695/6087 5926/5693/6085 5925/5688/6080
f 5928/5105/5503 5930/5696/6088 5929/5695/6087 5927/5692/6084
f 5333/5101/5499 5928/5105/5503 5927/5692/6084 5924/5691/6083
f 5948/5208/5606 5926/5693/6085 5929/5695/6087 5428/5205/5603
f 5930/5696/6088 5426/5203/5601 5428/5205/5603 5929/5695/6087
f 5930/5696/6088 5928/5105/5503 5334/5104/5502 5931/5697/6089
f 5931/5697/6089 5424/5201/5599 5426/5203/5601 5930/5696/6088
f 5931/5697/6089 5334/5104/5502 5336/5106/5504 5932/5698/6090
f 5424/5201/5599 5931/5697/6089 5932/5698/6090 5933/5202/5600
f 5934/5699/6091 5935/5700/6092 5933/5202/5600 5932/5698/6090
f 5338/5108/5506 5934/5699/6091 5932/5698/6090 5336/5106/5504
f 5935/5700/6092 5934/5699/6091 5936/5701/6093 5939/5702/6094
f 5934/5699/6091 5338/5108/5506 5937/5110/5508 5936/5701/6093
f 5936/5701/6093 5937/5110/5508 5347/5119/5517 5938/5124/5522
f 5938/5124/5522 5941/5703/6095 5939/5702/6094 5936/5701/6093
f 5946/5195/5593 5935/5700/6092 5939/5702/6094 5940/5704/6096
f 5940/5704/6096 5939/5702/6094 5941/5703/6095 5942/5705/6097
f 5942/5705/6097 5941/5703/6095 5943/5130/5528 5944/5706/6098
f 5941/5703/6095 5938/5124/5522 5351/5125/5523 5943/5130/5528
f 5355/5129/5527 5945/5181/5579 5944/5706/6098 5943/5130/5528
f 5945/5181/5579 5405/5180/5578 5410/5184/5582 5944/5706/6098
f 5412/5186/5584 5942/5705/6097 5944/5706/6098 5410/5184/5582
f 5945/5181/5579 5355/5129/5527 5357/5131/5529 5404/5178/5576
f 5942/5705/6097 5412/5186/5584 5414/5188/5586 5940/5704/6096
f 5416/5190/5588 5946/5195/5593 5940/5704/6096 5414/5188/5586
f 5420/5196/5594 5933/5202/5600 5935/5700/6092 5946/5195/5593
f 5821/5573/5971 5947/5694/6086 5926/5693/6085 5948/5208/5606
f 5949/5707/6099 5919/5685/6077 5921/5686/6078 5947/5694/6086
f 5823/5574/5972 5949/5707/6099 5947/5694/6086 5821/5573/5971
f 5919/5685/6077 5949/5707/6099 5950/5708/6100 5951/5684/6076
f 5825/5576/5974 5950/5708/6100 5949/5707/6099 5823/5574/5972
f 5952/5709/6101 5953/5710/6102 5951/5684/6076 5950/5708/6100
f 5955/5578/5976 5952/5709/6101 5950/5708/6100 5825/5576/5974
f 5954/5711/6103 5905/5668/6060 5953/5710/6102 5952/5709/6101
f 5954/5711/6103 5952/5709/6101 5955/5578/5976 5829/5580/5978
f 5829/5580/5978 5955/5578/5976 5826/5577/5975
f 5833/5584/5982 5905/5668/6060 5954/5711/6103 5829/5580/5978
f 5953/5710/6102 5905/5668/6060 5956/5671/6063
f 5953/5710/6102 5956/5671/6063 5915/5679/6071 5951/5684/6076
f 5331/5100/5498 5333/5101/5499 5924/5691/6083 5957/5690/6082
f 5923/5689/6081 5959/5712/6104 5958/5713/6105 5957/5690/6082
f 5957/5690/6082 5958/5713/6105 5329/5099/5497 5331/5100/5498
f 5137/4919/5317 5329/5099/5497 5958/5713/6105 5135/4920/5318
f 5961/4921/5319 5135/4920/5318 5958/5713/6105 5959/5712/6104
f 5960/5683/6075 5959/5712/6104 5923/5689/6081 5917/5682/6074
f 5959/5712/6104 5960/5683/6075 5962/5714/6106 5961/4921/5319
f 5962/5714/6106 5127/4911/5309 5130/4912/5310 5961/4921/5319
f 5911/5675/6067 5962/5714/6106 5960/5683/6075 5913/5676/6068
f 5126/4910/5308 5127/4911/5309 5962/5714/6106 5911/5675/6067
f 5128/4907/5305 5909/4909/5307 5902/5666/6058 5963/5667/6059
f 5964/5715/6107 5963/5667/6059 5899/5662/6054 5965/5664/6056
f 5963/5667/6059 5123/4903/5301 5128/4907/5305
f 5123/4903/5301 5963/5667/6059 5964/5715/6107 5119/4901/5299
f 5964/5715/6107 5965/5664/6056 5967/5716/6108 5966/5717/6109
f 5119/4901/5299 5964/5715/6107 5966/5717/6109 5117/4897/5295
f 5966/5717/6109 5967/5716/6108 5969/4890/5288 5109/4891/5289
f 5117/4897/5295 5966/5717/6109 5109/4891/5289 5111/4892/5290
f 5896/5660/6052 5968/5659/6051 5967/5716/6108 5965/5664/6056
f 5967/5716/6108 5968/5659/6051 5970/5718/6110 5969/4890/5288
f 5970/5718/6110 5971/4886/5284 5105/4885/5283 5969/4890/5288
f 5970/5718/6110 5968/5659/6051 5893/5657/6049 5971/4886/5284
f 5975/5719/6111 5973/4865/5266 5878/5641/6035 5974/5640/6034
f 5976/5720/6112 5977/4859/5260 5975/5719/6111 5974/5640/6034
f 5875/5636/6030 5978/5638/6032 5976/5720/6112 5974/5640/6034
f 5977/4859/5260 5976/5720/6112 5080/4853/5254 5082/4855/5256
f 5976/5720/6112 5978/5638/6032 5078/4852/5253 5080/4853/5254
f 5871/5635/6029 5076/4851/5252 5078/4852/5253 5978/5638/6032
f 5975/5719/6111 5977/4859/5260 5085/4860/5261 5973/4865/5266
f 5872/5633/6027 5979/4848/5249 5073/4847/5248 5076/4851/5252
f 5872/5633/6027 5059/4836/5237 5980/4839/5240 5979/4848/5249
f 5979/4848/5249 5980/4839/5240 5063/4840/5241 5072/4843/5244
f 5059/4836/5237 5060/4837/5238 5980/4839/5240
f 5763/5512/5910 5863/5625/6019 5981/5613/6008 5982/5517/5915
f 5982/5517/5915 5981/5613/6008 5853/5609/6005 5775/5526/5924
f 5853/5609/6005 5851/5608/6004 5983/5530/5928 5775/5526/5924
f 5983/5530/5928 5851/5606/6004 5849/5605/6003 5792/5540/5938
f 5985/5544/5942 5792/5540/5938 5849/5605/6003 5984/5594/5992
f 5803/5551/5949 5985/5544/5942 5984/5594/5992 5836/5589/5987
f 5987/5212/5610 5440/5217/5615 5986/5566/5964 5815/5565/5963
f 5989/5560/5958 5811/5559/5957 5986/5566/5964 5988/5721/6113
f 5988/5721/6113 5986/5566/5964 5440/5217/5615 5442/5218/5616
f 5991/5548/5946 5989/5560/5958 5988/5721/6113 5990/5226/5624
f 5442/5218/5616 5444/5219/5617 5990/5226/5624 5988/5721/6113
f 5800/5545/5943 5991/5548/5946 5990/5226/5624 5448/5225/5623
f 5989/5560/5958 5991/5548/5946 5801/5549/5947 5807/5552/5950
f 5798/5235/5633 5800/5545/5943 5448/5225/5623 5450/5227/5625
f 5764/5511/5909 5491/5274/5672 5493/5276/5674 5758/5508/5906
f 5509/5294/5692 5745/5493/5891 5750/5499/5897 5507/5292/5690
f 5453/5230/5628 5446/5223/5621 4753/4504/4905 4755/4507/4908
f 5993/5172/5570 5994/4480/4881 4729/4481/4882 5407/4485/4886
f 5994/4480/4881 5993/5172/5570 5397/5169/5567 5995/5722/6114
f 5995/5722/6114 4723/4475/4876 4726/4477/4878 5994/4480/4881
f 5996/5723/6115 4721/4473/4874 4723/4475/4876 5995/5722/6114
f 5395/5168/5566 5996/5723/6115 5995/5722/6114 5397/5169/5567
f 5393/5167/5565 5997/5724/6116 5996/5723/6115 5395/5168/5566
f 5997/5724/6116 5998/4474/4875 4721/4473/4874 5996/5723/6115
f 5999/5725/6117 6001/5726/6118 5998/4474/4875 5997/5724/6116
f 6002/5166/5564 5999/5725/6117 5997/5724/6116 5393/5167/5565
f 6003/5727/6119 6000/5728/6120 5999/5725/6117 6002/5166/5564
f 5999/5725/6117 6000/5728/6120 6004/5729/6121 6001/5726/6118
f 5386/5158/5556 6003/5727/6119 6002/5166/5564 5388/5159/5557
f 6000/5728/6120 6003/5727/6119 4645/4399/4800 6009/4402/4803
f 4643/4398/4799 4645/4399/4800 6003/5727/6119 5386/5158/5556
f 6001/5726/6118 6004/5729/6121 6005/4467/4868 4715/4466/4867
f 6001/5726/6118 4715/4466/4867 4717/4468/4869 5998/4474/4875
f 6006/5730/6122 6004/5729/6121 6000/5728/6120 6009/4402/4803
f 6004/5729/6121 6006/5730/6122 6007/5731/6123 6005/4467/4868
f 6010/4453/4854 6007/5731/6123 6006/5730/6122 6008/5732/6124
f 6009/4402/4803 4646/4403/4804 6008/5732/6124 6006/5730/6122
f 4694/4444/4845 6010/4453/4854 6008/5732/6124 6011/4445/4846
f 4646/4403/4804 4648/4404/4805 6011/4445/4846 6008/5732/6124
f 4648/4404/4805 4650/4406/4807 4693/4443/4844 6011/4445/4846
f 4699/4452/4853 4710/4462/4863 6007/5731/6123 6010/4453/4854
f 6005/4467/4868 6007/5731/6123 4710/4462/4863 4712/4463/4864
f 5359/5133/5531 5402/5176/5574 5404/5178/5576 5357/5131/5529
f 5402/5176/5574 5359/5133/5531 6013/5136/5534 5400/5175/5573
f 6014/5146/5544 6012/5164/5562 5400/5175/5573 6013/5136/5534
f 5364/5139/5537 6014/5146/5544 6013/5136/5534 5360/5135/5533
f 5369/5145/5543 5390/5162/5560 6012/5164/5562 6014/5146/5544
f 5371/5147/5545 5384/5155/5553 5390/5162/5560 5369/5145/5543
f 5349/5122/5520 6016/5121/5519 4451/4188/4589 6015/4191/4592
f 5344/5116/5514 6018/5118/5516 6017/5733/6125 6016/5121/5519
f 6016/5121/5519 6017/5733/6125 4448/4185/4586 4451/4188/4589
f 6019/5734/6126 6017/5733/6125 6018/5118/5516 6020/5735/6127
f 4446/4184/4585 4448/4185/4586 6017/5733/6125 6019/5734/6126
f 4444/4154/4555 4446/4184/4585 6019/5734/6126 4416/4152/4553
f 4416/4152/4553 6019/5734/6126 6020/5735/6127 4414/4150/4551
f 6021/5736/6128 4412/4149/4550 4414/4150/4551 6020/5735/6127
f 5345/5113/5511 6021/5736/6128 6020/5735/6127 6018/5118/5516
f 6022/5737/6129 6023/4148/4549 4412/4149/4550 6021/5736/6128
f 5342/5112/5510 6022/5737/6129 6021/5736/6128 5345/5113/5511
f 6023/4148/4549 6022/5737/6129 5323/5092/5490 5319/5089/5487
f 6022/5737/6129 5342/5112/5510 5327/5093/5491 5323/5092/5490
f 5210/4995/5393 5146/4932/5330 5148/4934/5332 5208/4941/5339
f 3351/3084/3497 5185/4972/5370 6024/4973/5371 3349/3083/3496
f 6024/4973/5371 5184/2935/3348 3228/2936/3349 6025/5738/6130
f 6025/5738/6130 6027/3082/3495 3349/3083/3496 6024/4973/5371
f 6028/5739/6131 6027/3082/3495 6025/5738/6130 6026/5740/6132
f 6026/5740/6132 6025/5738/6130 3228/2936/3349 3230/2937/3350
f 6028/5739/6131 3342/3074/3487 3344/3075/3488 6027/3082/3495
f 3306/3034/3447 3342/3074/3487 6028/5739/6131 6029/3033/3446
f 6029/3033/3446 6028/5739/6131 6026/5740/6132 6030/5741/6133
f 6030/5741/6133 6031/5742/6134 3305/3032/3445 6029/3033/3446
f 6030/5741/6133 6026/5740/6132 3230/2937/3350 3232/2939/3352
f 3232/2939/3352 6033/2941/3354 6031/5742/6134 6030/5741/6133
f 6031/5742/6134 6032/3025/3438 3299/3024/3437 3305/3032/3445
f 6033/2941/3354 6034/5743/6135 6032/3025/3438 6031/5742/6134
f 3233/2942/3355 6035/2947/3360 6034/5743/6135 6033/2941/3354
f 3294/3017/3430 6032/3025/3438 6034/5743/6135 3292/3016/3429
f 6035/2947/3360 6036/3015/3428 3292/3016/3429 6034/5743/6135
f 6036/3015/3428 6035/2947/3360 3237/2946/3359 6037/2952/3365
f 6037/2952/3365 6038/3010/3423 3288/3009/3422 6036/3015/3428
f 3241/2953/3366 6039/5744/6136 6038/3010/3423 6037/2952/3365
f 3283/3002/3415 6038/3010/3423 6039/5744/6136 3281/3000/3413
f 6039/5744/6136 3241/2953/3366 3243/2954/3367 6040/2962/3375
f 3281/3000/3413 6039/5744/6136 6040/2962/3375 6041/3001/3414
f 6040/2962/3375 3248/2961/3374 3253/2966/3379 6041/3001/3414
f 3255/2968/3381 3277/2995/3408 6041/3001/3414 3253/2966/3379
f 5151/4935/5333 5122/4904/5302 5120/4900/5298
f 5133/4915/5313 5122/4904/5302 5151/4935/5333
f 4958/4728/5129 4982/4750/5151 6043/4722/5123 4952/4721/5122
f 4925/4691/5092 4956/4724/5125 4954/4725/5126 4928/4692/5093
f 6044/4704/5105 4930/4695/5096 4928/4692/5093 4954/4725/5126
f 3057/2739/3159 4891/4655/5056 4889/4652/5053 3055/2737/3157
f 4882/4645/5046 3053/2735/3155 3055/2737/3157 4889/4652/5053
f 6045/5745/6137 4874/4637/5038 4867/4629/5030 6047/4631/5032
f 4874/4637/5038 6045/5745/6137 3046/2725/3145 3048/2727/3147
f 3040/2721/3141 3046/2725/3145 6045/5745/6137 6046/2720/3140
f 6047/4631/5032 4850/4610/5011 6046/2720/3140 6045/5745/6137
f 4850/4610/5011 6047/4631/5032 4863/4624/5025 4852/4611/5012
f 2984/2655/3075 4725/2656/3076 4719/4471/4872 4533/4280/4681
f 6049/4307/4708 6048/4458/4859 4704/4449/4850 4696/4448/4849
f 4555/4306/4707 4703/4457/4858 6048/4458/4859 6049/4307/4708
f 4696/4448/4849 4689/4441/4842 4556/4308/4709 6049/4307/4708
f 4691/4442/4843 4693/4443/4844 4650/4406/4807 6050/4408/4809
f 6050/4408/4809 4651/4407/4808 4656/4413/4814 4687/4437/4838
f 4590/4339/4740 4588/4338/4739 4678/4431/4832 4676/4345/4746
f 4662/4419/4820 4654/4410/4811 4639/4390/4791 4635/4387/4788
f 4604/4353/4754 4608/4359/4760 4603/4356/4757
f 6052/4222/4623 4593/4343/4744 6051/4219/4620 4477/4218/4619
f 6052/4222/4623 4480/4221/4622 6053/4225/4626 4592/4342/4743
f 4592/4342/4743 6053/4225/4626 6054/4238/4639 4586/4335/4736
f 4495/4229/4630 6054/4238/4639 6053/4225/4626 4483/4224/4625
f 6055/4277/4678 6056/2647/3067 2978/2648/3068 4530/2654/3074
f 6055/4277/4678 4525/4267/4668 4522/4268/4669 6057/5746/6138
f 6056/2647/3067 6055/4277/4678 6057/5746/6138 6058/5747/6139
f 6058/5747/6139 6057/5746/6138 6059/5748/6140 6060/5749/6141
f 6057/5746/6138 4522/4268/4669 6061/4269/4670 6059/5748/6140
f 6060/5749/6141 6059/5748/6140 2298/1967/2387 2301/1968/2388
f 6059/5748/6140 6061/4269/4670 2296/1965/2385 2298/1967/2387
f 6061/4269/4670 4523/4265/4666 6065/1966/2386 2296/1965/2385
f 6060/5749/6141 6062/5750/6142 6063/2642/3062 6058/5747/6139
f 2301/1968/2388 6064/1973/2393 6062/5750/6142 6060/5749/6141
f 6062/5750/6142 2961/2626/3046 2973/2629/3049 6063/2642/3062
f 6064/1973/2393 2959/2275/2695 2961/2626/3046 6062/5750/6142
f 2300/1972/2392 2579/2274/2694 2959/2275/2695 6064/1973/2393
f 6058/5747/6139 6063/2642/3062 2974/2641/3061 6056/2647/3067
f 4523/4265/4666 4519/4261/4662 6066/5751/6143 6065/1966/2386
f 6065/1966/2386 6066/5751/6143 2289/1957/2377 2291/1958/2378
f 6066/5751/6143 4519/4261/4662 4516/4258/4659 6067/5752/6144
f 2289/1957/2377 6066/5751/6143 6067/5752/6144 6068/1946/2366
f 6067/5752/6144 4516/4258/4659 4514/4256/4657 6069/1941/2361
f 6068/1946/2366 6067/5752/6144 6069/1941/2361 2275/1940/2360
f 6069/1941/2361 4514/4256/4657 4512/4255/4656 2276/1936/2356
f 2276/1936/2356 4512/4255/4656 6070/4257/4658 2272/1934/2354
f 4390/4123/4524 4388/4122/4523 6070/4257/4658 4507/4250/4651
f 2272/1934/2354 6070/4257/4658 4388/4122/4523 2270/1930/2350
f 4435/4173/4574 4474/4214/4615 4466/4205/4606 4438/4174/4575
f 3461/3213/3626 6072/3263/3676 3515/3264/3677 3517/3265/3678
f 6072/3263/3676 3461/3213/3626 3463/3214/3627 6073/5753/6145
f 6073/5753/6145 6074/3259/3672 3510/3258/3671 6072/3263/3676
f 6073/5753/6145 3463/3214/3627 3465/3216/3629 6075/5754/6146
f 6073/5753/6145 6075/5754/6146 6076/5755/6147 6074/3259/3672
f 6076/5755/6147 6075/5754/6146 3473/3221/3634 3475/3224/3637
f 3467/3218/3631 3473/3221/3634 6075/5754/6146 3465/3216/3629
f 6074/3259/3672 6076/5755/6147 6077/5756/6148 3509/3256/3669
f 6077/5756/6148 6076/5755/6147 3475/3224/3637 6078/3226/3639
f 6078/3226/3639 6079/3257/3670 3509/3256/3669 6077/5756/6148
f 6080/3236/3649 6079/3257/3670 6078/3226/3639 3476/3225/3638
f 6079/3257/3670 6080/3236/3649 3488/3237/3650 3511/3253/3666
f 3485/3233/3646 6080/3236/3649 3476/3225/3638 3478/3227/3640
f 3490/3238/3651 3507/3240/3653 3511/3253/3666 3488/3237/3650
f 3446/3195/3608 3448/3197/3610 3455/3205/3618 3458/3206/3619
f 6081/3171/3584 3420/3167/3580 6082/3168/3581 6083/5757/6149
f 6083/5757/6149 6082/3168/3581 6084/3152/3565 6085/5758/6150
f 6082/3168/3581 3415/3160/3573 3408/3153/3566 6084/3152/3565
f 6084/3152/3565 3403/3144/3557 6089/5759/6151 6085/5758/6150
f 6085/5758/6150 6086/5760/6152 6083/5757/6149
f 6087/5761/6153 6086/5760/6152 6085/5758/6150
f 6087/5761/6153 6085/5758/6150 6090/5762/6154
f 6090/5762/6154 6085/5758/6150 6088/5763/6155
f 6088/5763/6155 6085/5758/6150 6089/5759/6151 6097/5764/6156
f 6087/5761/6153 6090/5762/6154 6091/5765/6157 6092/5766/6158
f 6093/5767/6159 6091/5765/6157 6090/5762/6154 6088/5763/6155
f 6092/5766/6158 6091/5765/6157 6094/3062/3475 3329/3058/3471
f 6091/5765/6157 6093/5767/6159 6095/3131/3544 6094/3062/3475
f 3392/3129/3542 3330/3061/3474 6094/3062/3475 6095/3131/3544
f 6096/3139/3552 3393/3132/3545 6095/3131/3544 6093/5767/6159
f 6096/3139/3552 6093/5767/6159 6088/5763/6155 6097/5764/6156
f 6097/5764/6156 6098/3145/3558 3397/3137/3550 6096/3139/3552
f 6089/5759/6151 3401/3143/3556 6098/3145/3558 6097/5764/6156
f 6092/5766/6158 6099/5768/6160 6086/5760/6152 6087/5761/6153
f 6099/5768/6160 6092/5766/6158 3329/3058/3471 3327/3057/3470
f 6099/5768/6160 6081/3171/3584 6083/5757/6149 6086/5760/6152
f 6081/3171/3584 6099/5768/6160 3327/3057/3470 3325/3056/3469
f 6089/5759/6151 3403/3144/3557 3401/3143/3556
f 3330/3061/3474 3392/3129/3542 3389/3125/3538 3333/3063/3476
f 6100/3067/3480 3333/3063/3476 3389/3125/3538 3387/3124/3537
f 3366/3102/3515 6100/3067/3480 3387/3124/3537 3373/3108/3521
f 6102/5769/6161 6103/5770/6162 6101/2960/3373 3246/2957/3370
f 6102/5769/6161 3246/2957/3370 3239/2950/3363 6105/2949/3362
f 6104/5771/6163 3213/2909/3322 6103/5770/6162 6102/5769/6161
f 6104/5771/6163 6102/5769/6161 6105/2949/3362 6106/2931/3344
f 6106/2931/3344 6105/2949/3362 3235/2944/3357 3223/2929/3342
f 3215/2919/3332 6104/5771/6163 6106/2931/3344 3218/2920/3333
f 3215/2919/3332 3213/2909/3322 6104/5771/6163
f 6103/5770/6162 3213/2909/3322 3202/2904/3317 6101/2960/3373
f 3245/2959/3372 6101/2960/3373 3202/2904/3317
f 3137/2826/3246 3121/2807/3227 3138/2809/3229
f 3109/1727/2147 2089/1726/2146 2096/1734/2154 3111/2796/3216
f 3095/2777/3197 6107/5772/6164 6109/5773/6165 6108/2782/3202
f 3087/2769/3189 3084/2768/3188 6107/5772/6164 3095/2777/3197
f 2075/1710/2130 3094/2780/3200 6108/2782/3202 2073/1709/2129
f 6109/5773/6165 6111/1708/2128 2073/1709/2129 6108/2782/3202
f 6109/5773/6165 6107/5772/6164 6281/5774/6166 6110/5775/6167
f 6111/1708/2128 6109/5773/6165 6110/5775/6167 6112/5776/6168
f 2068/1701/2121 6111/1708/2128 6112/5776/6168 2066/1700/2120
f 2066/1700/2120 6112/5776/6168 6113/5777/6169 6114/1699/2119
f 6112/5776/6168 6110/5775/6167 6116/5778/6170 6113/5777/6169
f 6114/1699/2119 6113/5777/6169 6115/5779/6171 6253/5780/6172
f 6118/5781/6173 6115/5779/6171 6113/5777/6169 6116/5778/6170
f 6119/5782/6174 6118/5781/6173 6116/5778/6170 6117/5783/6175
f 6117/5783/6175 6116/5778/6170 6110/5775/6167 6281/5774/6166
f 6118/5781/6173 6119/5782/6174 6121/5784/6176 6120/5785/6177
f 6115/5779/6171 6118/5781/6173 6120/5785/6177 6122/5786/6178
f 6126/2136/2556 6123/5787/6179 6120/5785/6177 6121/5784/6176
f 6123/5787/6179 6124/5788/6180 6122/5786/6178 6120/5785/6177
f 6125/5789/6181 6127/5790/6182 6124/5788/6180 6123/5787/6179
f 6123/5787/6179 6126/2136/2556 2464/2133/2553 6125/5789/6181
f 2465/2137/2557 6126/2136/2556 6121/5784/6176 2472/2144/2564
f 6128/5791/6183 6130/5792/6184 6127/5790/6182 6125/5789/6181
f 2461/2132/2552 6128/5791/6183 6125/5789/6181 2464/2133/2553
f 6129/5793/6185 6132/5794/6186 6130/5792/6184 6128/5791/6183
f 2459/2127/2547 6129/5793/6185 6128/5791/6183 2461/2132/2552
f 6249/5795/6187 6127/5790/6182 6130/5792/6184 6131/5796/6188
f 6131/5796/6188 6130/5792/6184 6132/5794/6186 6133/5797/6189
f 6134/5798/6190 6135/5799/6191 6133/5797/6189 6132/5794/6186
f 6132/5794/6186 6129/5793/6185 6137/5800/6192 6134/5798/6190
f 6135/5799/6191 6134/5798/6190 6136/5801/6193 6240/5802/6194
f 6138/5803/6195 6136/5801/6193 6134/5798/6190 6137/5800/6192
f 2454/2124/2544 6138/5803/6195 6137/5800/6192 2456/2126/2546
f 6129/5793/6185 2459/2127/2547 2456/2126/2546 6137/5800/6192
f 6138/5803/6195 2454/2124/2544 6140/2125/2545 6139/5804/6196
f 6136/5801/6193 6138/5803/6195 6139/5804/6196 6141/5805/6197
f 6145/5806/6198 6142/5807/6199 6139/5804/6196 6140/2125/2545
f 6142/5807/6199 6143/5808/6200 6141/5805/6197 6139/5804/6196
f 6143/5808/6200 6142/5807/6199 6144/5809/6201 6237/5810/6202
f 6142/5807/6199 6145/5806/6198 6147/5811/6203 6144/5809/6201
f 6146/2118/2538 6145/5806/6198 6140/2125/2545 2450/2119/2539
f 6145/5806/6198 6146/2118/2538 6149/5812/6204 6147/5811/6203
f 6148/1498/1926 6152/5813/6205 6144/5809/6201 6147/5811/6203
f 1884/1495/1923 6148/1498/1926 6147/5811/6203 6149/5812/6204
f 1882/1494/1922 1884/1495/1923 6149/5812/6204 6150/5814/6206
f 6146/2118/2538 2449/2117/2537 6150/5814/6206 6149/5812/6204
f 1880/1492/1920 1882/1494/1922 6150/5814/6206 6151/2110/2530
f 2449/2117/2537 2443/2109/2529 6151/2110/2530 6150/5814/6206
f 2436/1493/1921 1880/1492/1920 6151/2110/2530 2439/2103/2523
f 1885/1499/1927 6154/5815/6207 6152/5813/6205 6148/1498/1926
f 6154/5815/6207 6155/5816/6208 6153/5817/6209 6152/5813/6205
f 6152/5813/6205 6153/5817/6209 6237/5810/6202 6144/5809/6201
f 6156/5818/6210 6154/5815/6207 1885/1499/1927 1887/1500/1928
f 6158/5819/6211 6155/5816/6208 6154/5815/6207 6156/5818/6210
f 6160/5820/6212 6158/5819/6211 6156/5818/6210 6157/5821/6213
f 6157/5821/6213 6156/5818/6210 1887/1500/1928 1889/1501/1929
f 6155/5816/6208 6158/5819/6211 6159/5822/6214 6255/5823/6215
f 6159/5822/6214 6158/5819/6211 6160/5820/6212 6161/5824/6216
f 6162/5825/6217 6163/5826/6218 6161/5824/6216 6160/5820/6212
f 6162/5825/6217 6160/5820/6212 6157/5821/6213 6165/1512/1940
f 6164/1522/1946 6166/5827/6219 6163/5826/6218 6162/5825/6217
f 6165/1512/1940 1896/1510/1938 6164/1522/1946 6162/5825/6217
f 1889/1501/1929 1891/1504/1932 6165/1512/1940 6157/5821/6213
f 6166/5827/6219 6164/1522/1946 1900/1521/1944 6168/5828/6220
f 6270/5829/6221 6163/5826/6218 6166/5827/6219 6167/5830/6222
f 6167/5830/6222 6166/5827/6219 6168/5828/6220 6169/5831/6223
f 6172/5832/6224 6169/5833/6223 6168/5834/6220 6170/5835/6225
f 1902/1520/1945 6170/5835/6225 6168/5834/6220 1900/1519/1944
f 6170/5835/6225 6171/5836/6226 6173/5837/6227 6172/5832/6224
f 6171/5836/6226 6170/5835/6225 1902/1520/1945 1905/1524/1948
f 6169/5833/6223 6172/5832/6224 6174/5838/6228 6175/5839/6229
f 6177/5840/6230 6174/5838/6228 6172/5832/6224 6173/5837/6227
f 6175/5839/6229 6174/5838/6228 6176/5841/6231 6185/5842/6232
f 6179/1564/1987 6176/5841/6231 6174/5838/6228 6177/5840/6230
f 6178/1559/1982 6177/5840/6230 6173/5837/6227 6180/5843/6233
f 6177/5840/6230 6178/1559/1982 1935/1558/1981 6179/1564/1987
f 1939/1563/1986 6186/5844/6234 6176/5841/6231 6179/1564/1987
f 1934/1556/1979 6178/1559/1982 6180/5843/6233 1932/1554/1977
f 6180/5843/6233 6173/5837/6227 6171/5836/6226 6181/5845/6235
f 6181/5845/6235 1930/1553/1976 1932/1554/1977 6180/5843/6233
f 6181/5845/6235 6171/5836/6226 1905/1524/1948 6182/1528/1952
f 6182/1528/1952 6183/1552/1975 1930/1553/1976 6181/5845/6235
f 6182/1528/1952 1904/1526/1950 6184/5846/6236 6183/1552/1975
f 6183/1552/1975 6184/5846/6236 1923/1544/1967 1925/1545/1968
f 6184/5846/6236 1904/1526/1950 1907/1527/1951 1923/1544/1967
f 6185/5842/6232 6176/5841/6231 6186/5844/6234 6187/5847/6237
f 6187/5847/6237 6186/5844/6234 6188/5848/6238 6189/5849/6239
f 6186/5844/6234 1939/1563/1986 1941/1565/1988 6188/5848/6238
f 6190/1579/2002 6191/5850/6240 6189/5849/6239 6188/5848/6238
f 1943/1567/1990 6190/1579/2002 6188/5848/6238 1941/1565/1988
f 6191/5850/6240 6190/1579/2002 1959/1580/2003 6193/1584/2007
f 6191/5851/6240 6192/5852/6241 6273/5853/6242 6189/5854/6239
f 6192/5852/6241 6191/5851/6240 6193/5855/2007 6194/5856/6243
f 1962/5857/2006 6196/5858/6244 6194/5856/6243 6193/5855/2007
f 6275/5859/6245 6192/5852/6241 6194/5856/6243 6195/5860/6246
f 6195/5860/6246 6194/5856/6243 6196/5858/6244 6197/5861/6247
f 1970/1591/2012 6199/1595/2015 6197/5861/6247 6196/5858/6244
f 6196/5858/6244 1962/5857/2006 1964/1592/2008 1970/1591/2012
f 6205/5862/6248 6195/5860/6246 6197/5861/6247 6198/5863/6249
f 6199/1595/2015 6200/5864/6250 6198/5863/6249 6197/5861/6247
f 1969/1593/2013 1976/1598/2018 6200/5864/6250 6199/1595/2015
f 6200/5864/6250 1976/1598/2018 1978/1601/2021 6201/5865/6251
f 6198/5863/6249 6200/5864/6250 6201/5865/6251 6202/5866/6252
f 2017/1636/2056 2019/1637/2057 6202/5866/6252 6201/5865/6251
f 6201/5865/6251 1978/1601/2021 2015/1603/2023 2017/1636/2056
f 6198/5863/6249 6202/5866/6252 6203/5867/6253 6205/5862/6248
f 6203/5867/6253 6202/5866/6252 2019/1637/2057 6204/1641/2061
f 6203/5867/6253 6204/1641/2061 6207/5868/6254 6206/5869/6255
f 6206/5869/6255 6208/5870/6256 6205/5862/6248 6203/5867/6253
f 6206/5869/6255 6207/5868/6254 6212/5871/6257 6209/5872/6258
f 6209/5872/6258 6210/5873/6259 6208/5870/6256 6206/5869/6255
f 6210/5873/6259 6209/5872/6258 6211/5874/6260 6264/5875/6261
f 6209/5872/6258 6212/5871/6257 6213/5876/6262 6211/5874/6260
f 6214/5877/6263 6215/5878/6264 6213/5876/6262 6212/5871/6257
f 6207/5868/6254 6217/1647/2067 6214/5877/6263 6212/5871/6257
f 6216/5879/6265 6218/5880/6266 6215/5878/6264 6214/5877/6263
f 6217/1647/2067 2024/1646/2066 6216/5879/6265 6214/5877/6263
f 6204/1641/2061 2020/1640/2060 6217/1647/2067 6207/5868/6254
f 6219/1655/2075 6220/5881/6267 6218/5880/6266 6216/5879/6265
f 6216/5879/6265 2024/1646/2066 2026/1645/2065 6219/1655/2075
f 6220/5881/6267 6219/1655/2075 2031/1654/2074 6222/1661/2081
f 6231/5882/6268 6218/5880/6266 6220/5881/6267 6221/5883/6269
f 6222/1661/2081 6223/5884/6270 6221/5883/6269 6220/5881/6267
f 6223/5884/6270 6222/1661/2081 2035/1660/2080 6224/5885/6271
f 6225/5886/6272 6223/5884/6270 6224/5885/6271 6226/5887/6273
f 6228/5888/6274 6221/5883/6269 6223/5884/6270 6225/5886/6272
f 6226/5887/6273 6241/5889/6275 6227/5890/6276 6225/5886/6272
f 6225/5886/6272 6227/5890/6276 6229/5891/6277 6228/5888/6274
f 6228/5888/6274 6229/5891/6277 6233/5892/6278 6230/5893/6279
f 6228/5888/6274 6230/5893/6279 6231/5882/6268 6221/5883/6269
f 6276/5894/6280 6231/5882/6268 6230/5893/6279 6232/5895/6281
f 6230/5893/6279 6233/5892/6278 6234/5896/6282 6232/5895/6281
f 6236/5897/6283 6234/5896/6282 6233/5892/6278 6235/5898/6284
f 6235/5898/6284 6233/5892/6278 6229/5891/6277 6238/5899/6285
f 6235/5898/6284 6237/5810/6202 6153/5817/6209 6236/5897/6283
f 6238/5899/6285 6143/5808/6200 6237/5810/6202 6235/5898/6284
f 6143/5808/6200 6238/5899/6285 6239/5900/6286 6141/5805/6197
f 6227/5890/6276 6239/5900/6286 6238/5899/6285 6229/5891/6277
f 6239/5900/6286 6227/5890/6276 6241/5889/6275 6240/5802/6194
f 6240/5802/6194 6136/5801/6193 6141/5805/6197 6239/5900/6286
f 6240/5802/6194 6241/5889/6275 6242/5901/6287 6135/5799/6191
f 6243/5902/6288 6242/5901/6287 6241/5889/6275 6226/5887/6273
f 6246/5903/6289 6244/5904/6290 6242/5901/6287 6243/5902/6288
f 6135/5799/6191 6242/5901/6287 6244/5904/6290 6133/5797/6189
f 6133/5797/6189 6244/5904/6290 6245/5905/6291 6131/5796/6188
f 6247/1678/2098 6245/5905/6291 6244/5904/6290 6246/5903/6289
f 2044/1670/2090 6247/1678/2098 6246/5903/6289 2042/1669/2089
f 6243/5902/6288 6254/1671/2091 2042/1669/2089 6246/5903/6289
f 6245/5905/6291 6247/1678/2098 2049/1679/2099 6248/5906/6292
f 6131/5796/6188 6245/5905/6291 6248/5906/6292 6249/5795/6187
f 6249/5795/6187 6248/5906/6292 6250/1687/2107 6251/5907/6293
f 2051/1680/2100 6250/1687/2107 6248/5906/6292 2049/1679/2099
f 6251/5907/6293 6250/1687/2107 2056/1688/2108 6252/5908/6294
f 6127/5790/6182 6249/5795/6187 6251/5907/6293 6124/5788/6180
f 6124/5788/6180 6251/5907/6293 6252/5908/6294 6122/5786/6178
f 6253/5780/6172 6115/5779/6171 6122/5786/6178 6252/5908/6294
f 2058/1689/2109 6253/5780/6172 6252/5908/6294 2056/1688/2108
f 2060/1691/2111 6114/1699/2119 6253/5780/6172 2058/1689/2109
f 6226/5887/6273 6224/5885/6271 6254/1671/2091 6243/5902/6288
f 2037/1662/2082 6254/1671/2091 6224/5885/6271 2035/1660/2080
f 6234/5896/6282 6236/5897/6283 6255/5823/6215 6256/5909/6295
f 6155/5816/6208 6255/5823/6215 6236/5897/6283 6153/5817/6209
f 6256/5909/6295 6255/5823/6215 6159/5822/6214 6257/5910/6296
f 6257/5910/6296 6260/5911/6297 6258/5912/6298 6256/5909/6295
f 6232/5895/6281 6234/5896/6282 6256/5909/6295 6258/5912/6298
f 6232/5895/6281 6258/5912/6298 6259/5913/6299 6276/5894/6280
f 6260/5911/6297 6262/5914/6300 6259/5913/6299 6258/5912/6298
f 6262/5914/6300 6260/5911/6297 6261/5915/6301 6263/5916/6302
f 6271/5917/6303 6261/5915/6301 6260/5911/6297 6257/5910/6296
f 6262/5914/6300 6263/5916/6302 6264/5875/6261 6211/5874/6260
f 6259/5913/6299 6262/5914/6300 6211/5874/6260 6213/5876/6262
f 6266/5918/6304 6264/5875/6261 6263/5916/6302 6265/5919/6305
f 6268/5920/6306 6265/5919/6305 6263/5916/6302 6261/5915/6301
f 6272/5921/6307 6266/5918/6304 6265/5919/6305 6267/5922/6308
f 6268/5920/6306 6269/5923/6309 6267/5922/6308 6265/5919/6305
f 6270/5829/6221 6268/5920/6306 6261/5915/6301 6271/5917/6303
f 6167/5830/6222 6269/5923/6309 6268/5920/6306 6270/5829/6221
f 6163/5826/6218 6270/5829/6221 6271/5917/6303 6161/5824/6216
f 6257/5910/6296 6159/5822/6214 6161/5824/6216 6271/5917/6303
f 6167/5830/6222 6169/5831/6223 6175/5924/6229 6269/5923/6309
f 6269/5923/6309 6175/5924/6229 6185/5925/6232 6267/5922/6308
f 6187/5926/6237 6272/5921/6307 6267/5922/6308 6185/5925/6232
f 6266/5918/6304 6272/5921/6307 6273/5853/6242 6274/5927/6310
f 6272/5921/6307 6187/5926/6237 6189/5854/6239 6273/5853/6242
f 6192/5852/6241 6275/5859/6245 6274/5927/6310 6273/5853/6242
f 6264/5875/6261 6266/5918/6304 6274/5927/6310 6210/5873/6259
f 6210/5873/6259 6274/5927/6310 6275/5859/6245 6208/5870/6256
f 6195/5860/6246 6205/5862/6248 6208/5870/6256 6275/5859/6245
f 6213/5876/6262 6215/5878/6264 6276/5894/6280 6259/5913/6299
f 6215/5878/6264 6218/5880/6266 6231/5882/6268 6276/5894/6280
f 6119/5782/6174 6277/2147/2567 2472/2144/2564 6121/5784/6176
f 6277/2147/2567 6119/5782/6174 6117/5783/6175 6278/5928/6311
f 2471/2145/2565 6277/2147/2567 6278/5928/6311 6280/2151/2571
f 6278/5928/6311 6117/5783/6175 6281/5774/6166 6279/2770/3190
f 6280/2151/2571 6278/5928/6311 6279/2770/3190 3085/2766/3186
f 2476/2152/2572 6280/2151/2571 3085/2766/3186 2483/2159/2579
f 6107/5772/6164 3084/2768/3188 6279/2770/3190 6281/5774/6166
f 3025/2703/3123 6284/2705/3125 6282/2724/3144 3043/2708/3128
f 2510/2195/2615 3042/2194/2614 6282/2724/3144 6283/2199/2619
f 6284/2705/3125 6285/5929/6312 6283/2199/2619 6282/2724/3144
f 6285/5929/6312 6284/2705/3125 3026/2638/3058 2969/2634/3054
f 6285/5929/6312 6286/5930/6313 2514/2200/2620 6283/2199/2619
f 6286/5930/6313 6285/5929/6312 2969/2634/3054 2966/2632/3052
f 6286/5930/6313 6287/5931/6314 2516/2201/2621 2514/2200/2620
f 6287/5931/6314 6286/5930/6313 2966/2632/3052 2964/2631/3051
f 2571/2263/2683 6287/5931/6314 2964/2631/3051 2573/2266/2686
f 6287/5931/6314 2571/2263/2683 2519/2204/2624 2516/2201/2621
f 2518/2205/2625 2563/2255/2675 2529/2214/2634 2521/2206/2626
f 1466/1013/1472 6288/1012/1471 2327/1998/2418 6289/5932/6315
f 2324/1994/2414 6291/5933/6316 6289/5932/6315 2327/1998/2418
f 6312/1015/1474 1466/1013/1472 6289/5932/6315 6290/5934/6317
f 6293/5935/6318 6290/5934/6317 6289/5932/6315 6291/5933/6316
f 2320/1992/2412 6317/1950/2370 6292/5936/6319 6291/5933/6316
f 6291/5933/6316 6292/5936/6319 6294/5937/6320 6293/5935/6318
f 6291/5933/6316 2324/1994/2414 2320/1992/2412
f 6293/5935/6318 6294/5937/6320 6298/1922/2342 6295/5938/6321
f 6295/5938/6321 6296/5939/6322 6290/5934/6317 6293/5935/6318
f 6296/5939/6322 6295/5938/6321 6297/5940/6323 6299/5941/6324
f 2261/1919/2339 6297/5940/6323 6295/5938/6321 6298/1922/2342
f 6294/5937/6320 6315/1929/2349 2262/1923/2343 6298/1922/2342
f 6299/5941/6324 6297/5940/6323 6300/5942/6325 6301/5943/6326
f 6297/5940/6323 2261/1919/2339 2259/1918/2338 6300/5942/6325
f 6301/5943/6326 6300/5942/6325 6302/5944/6327 6303/1053/1512
f 2257/1917/2337 6302/5944/6327 6300/5942/6325 2259/1918/2338
f 6303/1053/1512 6302/5944/6327 6304/5945/6328 1495/1051/1510
f 6302/5944/6327 2257/1917/2337 6305/1906/2326 6304/5945/6328
f 1495/1051/1510 6304/5945/6328 6306/5946/6329 1497/1052/1511
f 2247/1903/2323 6306/5946/6329 6304/5945/6328 6305/1906/2326
f 1497/1052/1511 6306/5946/6329 6307/1065/1524 1499/1054/1513
f 2245/1902/2322 6307/1065/1524 6306/5946/6329 2247/1903/2323
f 2243/1901/2321 1505/1064/1523 6307/1065/1524 2245/1902/2322
f 6303/1053/1512 1490/1045/1504 6308/1047/1506 6301/5943/6326
f 6301/5943/6326 6308/1047/1506 6309/5947/6330 6299/5941/6324
f 6310/5948/6331 6309/5947/6330 6308/1047/1506 1491/1044/1503
f 6299/5941/6324 6309/5947/6330 6311/5949/6332 6296/5939/6322
f 6309/5947/6330 6310/5948/6331 6313/1021/1480 6311/5949/6332
f 6312/1015/1474 6290/5934/6317 6296/5939/6322 6311/5949/6332
f 1467/1014/1473 6312/1015/1474 6311/5949/6332 6313/1021/1480
f 1471/1019/1478 6313/1021/1480 6310/5948/6331 6314/1025/1484
f 6314/1025/1484 6310/5948/6331 1491/1044/1503 1484/1038/1497
f 6292/5936/6319 6316/1944/2364 6315/1929/2349 6294/5937/6320
f 2266/1927/2347 6315/1929/2349 6316/1944/2364 2273/1935/2355
f 6317/1950/2370 2278/1942/2362 6316/1944/2364 6292/5936/6319
f 1505/1064/1523 2243/1901/2321 6318/1890/2310 1507/1063/1522
f 2233/1887/2307 1509/1066/1525 1507/1063/1522 6318/1890/2310
f 1509/1066/1525 2233/1887/2307 2231/1886/2306 1513/1069/1528
f 2229/1885/2305 1516/1074/1533 1513/1069/1528 2231/1886/2306
f 1516/1074/1533 2229/1885/2305 6319/1873/2293 6320/1077/1536
f 2219/1872/2292 6321/1092/1551 6320/1077/1536 6319/1873/2293
f 6321/1092/1551 1523/1083/1542 1515/1075/1534 6320/1077/1536
f 6321/1092/1551 2219/1872/2292 2213/1866/2286 1528/1090/1549
f 6322/1106/1565 2195/1845/2265 6323/5950/6333 1539/1105/1564
f 2195/1845/2265 2192/1844/2264 6325/5951/6334 6323/5950/6333
f 6324/5952/6335 1542/1104/1563 1539/1105/1564 6323/5950/6333
f 6326/5953/6336 6324/5952/6335 6323/5950/6333 6325/5951/6334
f 6328/1653/2073 6326/5953/6336 6325/5951/6334 6327/5954/6337
f 2192/1844/2264 2190/1843/2263 6327/5954/6337 6325/5951/6334
f 2028/1651/2071 6328/1653/2073 6327/5954/6337 6329/1657/2077
f 2190/1843/2263 6330/1842/2262 6329/1657/2077 6327/5954/6337
f 6330/1842/2262 2040/1665/2085 2033/1658/2078 6329/1657/2077
f 2189/1841/2261 6334/1668/2088 2040/1665/2085 6330/1842/2262
f 6326/5953/6336 6328/1653/2073 2029/1650/2070 6331/5955/6338
f 6324/5952/6335 6326/5953/6336 6331/5955/6338 6332/5956/6339
f 6333/1635/2055 2013/1630/2050 6332/5956/6339 6331/5955/6338
f 2022/1643/2063 6333/1635/2055 6331/5955/6338 2029/1650/2070
f 1542/1104/1563 6324/5952/6335 6332/5956/6339 1544/1107/1566
f 2013/1630/2050 2010/1110/1569 1544/1107/1566 6332/5956/6339
f 6334/1668/2088 2189/1841/2261 2182/1833/2253 6335/1835/2255
f 2039/1666/2086 6334/1668/2088 6335/1835/2255 2046/1674/2094
f 2183/1832/2252 6336/1675/2095 2046/1674/2094 6335/1835/2255
f 6336/1675/2095 2183/1832/2252 2176/1825/2245 6337/1824/2244
f 2047/1676/2096 6336/1675/2095 6337/1824/2244 2054/1683/2103
f 2172/1819/2239 2170/1686/2106 2054/1683/2103 6337/1824/2244
f 1973/1333/1781 1741/1329/1777 1984/1607/2027 1975/1596/2016
f 1697/1282/1732 1699/1284/1734 1779/1375/1820 1787/1384/1829
f 1746/1340/1785 1715/1305/1755 1717/1307/1757 6338/1341/1786
f 1727/1314/1764 6338/1341/1786 1717/1307/1757 1725/1309/1759
f 1729/1316/1766 1745/1339/1784 6338/1341/1786 1727/1314/1764
f 1731/1318/1768 1738/1338/1775 1745/1339/1784 1729/1316/1766
f 6339/1040/1499 1486/1039/1498 6340/5957/6340 1601/1169/1628
f 1601/1169/1628 6340/5957/6340 6342/5958/6341 1599/1167/1626
f 6340/5957/6340 6341/1049/1508 6343/5959/6342 6342/5958/6341
f 1486/1039/1498 1488/1041/1500 6341/1049/1508 6340/5957/6340
f 6345/5960/6343 6344/5961/6344 6342/5958/6341 6343/5959/6342
f 6344/5961/6344 1597/1166/1625 1599/1167/1626 6342/5958/6341
f 1597/1166/1625 6344/5961/6344 1574/1140/1599 1576/1142/1601
f 1572/1139/1598 1574/1140/1599 6344/5961/6344 6345/5960/6343
f 6345/5960/6343 1502/1059/1518 6346/1061/1520 1572/1139/1598
f 6343/5959/6342 1500/1056/1515 1502/1059/1518 6345/5960/6343
f 6341/1049/1508 1493/1048/1507 1500/1056/1515 6343/5959/6342
f 6346/1061/1520 1503/1060/1519 1510/1068/1527 1571/1137/1596
f 1571/1137/1596 1510/1068/1527 1512/1071/1530 1569/1078/1537
