# Blender 5.0.1
# www.blender.org
mtllib head.mtl
o Body
v 383.972443 -21.116035 -355.483948
v 388.225189 -22.367487 -355.618500
v 386.587006 -27.218300 -352.744812
v 382.122437 -25.952251 -353.234833
v 384.612427 -32.056702 -348.327850
v 379.287384 -30.774282 -349.856689
v 383.107117 -35.986385 -342.864960
v 387.510101 -13.771914 -353.061371
v 390.609253 -13.521147 -353.124542
v 389.705872 -17.589882 -355.378937
v 385.159760 -16.144642 -354.608704
v 386.842621 -11.811360 -350.791473
v 390.403412 -10.496052 -349.963959
v 385.935333 -9.435051 -347.244537
v 389.427734 -8.022635 -346.051514
v 383.684814 -12.978001 -351.773102
v 374.639282 -35.042572 -344.759796
v 366.357056 -33.098316 -342.184082
v 358.923065 -33.357235 -341.789032
v 375.291687 -0.620267 -340.023987
v 371.685547 1.045679 -339.553711
v 373.309052 1.845475 -336.103485
v 377.143219 0.312550 -336.617004
v 380.922394 -1.036753 -337.134460
v 378.694000 -2.169280 -340.697327
v 373.161377 -1.446404 -343.340729
v 369.780487 -0.384366 -342.610901
v 388.331604 -6.014039 -342.403107
v 384.594360 -6.273308 -343.478729
v 384.391968 -2.510952 -338.019714
v 381.742401 -3.951505 -341.698090
v 382.715637 -10.099394 -349.117859
v 379.195831 -4.676951 -345.337646
v 381.404785 -7.199007 -346.827667
v 376.357147 -2.786061 -344.278351
v 366.234680 0.180449 -341.884155
v 367.769470 2.238464 -338.969727
v 362.606964 -0.202032 -340.988861
v 363.385498 2.097260 -338.160370
v 358.833832 -0.159157 -340.784363
v 358.740234 1.948663 -338.080414
v 386.979004 -4.350253 -340.010315
v 369.315918 3.513030 -335.484344
v 364.156647 4.276917 -334.254059
v 358.710999 3.797504 -334.911682
v 335.464264 -21.498501 -355.064911
v 336.841003 -26.395487 -353.640411
v 332.173615 -27.214275 -353.017792
v 330.410492 -22.391876 -354.825989
v 334.001770 -32.183601 -349.363953
v 339.009064 -31.224987 -350.610535
v 335.314026 -36.244209 -344.050385
v 331.329834 -13.930801 -353.623718
v 334.282867 -16.578461 -354.388245
v 328.612152 -17.786612 -354.858856
v 327.191650 -13.748634 -353.121368
v 327.290619 -10.847322 -350.317108
v 332.061920 -11.961512 -351.846771
v 333.100372 -9.597003 -348.923676
v 328.594330 -8.376772 -347.362366
v 335.919495 -13.404812 -352.258820
v 343.246002 -35.869034 -345.549042
v 351.496124 -34.790054 -343.003021
v 342.987183 -1.483486 -340.585632
v 340.859161 -0.367996 -337.239777
v 344.574219 0.998409 -336.450256
v 346.386292 -0.095261 -339.756561
v 339.928986 -3.016851 -341.582642
v 337.315369 -1.682221 -338.223572
v 345.164734 -2.011868 -343.811981
v 348.274872 -0.899779 -342.843933
v 330.142731 -6.634858 -344.292877
v 334.565643 -6.969041 -345.143188
v 337.239624 -4.824288 -342.998383
v 334.154968 -3.315309 -339.867798
v 337.045166 -10.715999 -349.805908
v 340.006042 -5.444957 -346.134674
v 338.267853 -7.956069 -347.619598
v 342.343689 -3.412520 -344.963196
v 349.967407 1.544190 -339.159668
v 351.595032 0.088784 -342.125092
v 354.175598 2.451744 -338.632751
v 355.164429 0.453363 -341.479187
v 331.758850 -5.228050 -342.134064
v 348.444336 2.796285 -335.705750
v 353.424164 4.434871 -334.612152
v 375.121643 -11.549818 -355.632904
v 375.763123 -13.592139 -357.010101
v 374.048431 -13.532587 -359.289185
v 373.610321 -11.505957 -358.257263
v 373.175659 -18.110865 -360.150726
v 375.457458 -18.945944 -358.307648
v 373.715820 -22.005421 -357.644653
v 371.692017 -20.427868 -359.612701
v 376.076569 -15.987992 -358.112518
v 374.129822 -15.737834 -360.051422
v 370.948792 -24.419477 -356.441040
v 367.497589 -26.072615 -355.195007
v 366.327362 -23.593044 -358.052765
v 369.258911 -22.221127 -358.786346
v 363.456635 -26.752726 -354.278931
v 362.960297 -24.433235 -357.458099
v 359.096283 -27.001007 -354.130768
v 359.353119 -24.537746 -357.641022
v 372.562714 -13.209337 -361.625793
v 372.672089 -11.243402 -360.993286
v 368.814575 -13.322426 -408.297638
v 368.538025 -9.911281 -409.644440
v 371.267914 -9.267278 -407.737946
v 371.544067 -12.335726 -406.357239
v 361.133148 -10.564137 -411.804413
v 365.054932 -10.350725 -411.063965
v 365.266113 -13.984370 -409.798737
v 361.239868 -14.222127 -410.487732
v 364.595032 -3.206784 -411.655579
v 364.848480 -6.739142 -411.663971
v 361.002869 -6.883033 -412.378204
v 360.929260 -3.219141 -412.241699
v 370.265015 -3.087267 -408.475677
v 370.771851 -6.147827 -408.412994
v 368.194336 -6.490389 -410.264038
v 367.745483 -3.167491 -410.241913
v 374.184937 -5.265405 -404.087372
v 372.707520 -5.731723 -406.305389
v 372.155182 -2.999441 -406.402008
v 373.628906 -2.827438 -404.224915
v 371.688080 -15.225527 -404.363953
v 368.928406 -16.527876 -406.215332
v 361.252045 -17.658339 -408.292542
v 365.324371 -17.385525 -407.655792
v 360.916962 0.310575 -411.265839
v 364.331421 0.309582 -410.806427
v 369.722504 -0.142920 -407.787018
v 367.298523 0.080055 -409.450500
v 366.564301 6.001867 -405.895264
v 368.889862 5.031954 -404.691162
v 369.231323 2.522681 -406.496918
v 366.897308 3.112619 -407.979889
v 360.868378 6.298252 -407.482788
v 363.753784 6.260904 -407.142975
v 364.056122 3.504519 -409.228546
v 360.898743 3.516148 -409.596252
v 373.694885 -13.721535 -402.400787
v 375.137482 -12.137536 -400.510529
v 375.225037 -13.952038 -398.255951
v 373.750610 -15.918541 -399.985718
v 371.747253 -17.780254 -401.834930
v 368.963745 -19.372746 -403.578613
v 361.169800 -20.843506 -405.492279
v 365.323151 -20.419676 -404.911255
v 365.241333 -22.940210 -401.540710
v 361.027985 -23.494514 -402.053162
v 371.680389 -19.894396 -398.825104
v 368.905945 -21.762932 -400.414642
v 375.281677 -15.473418 -395.570679
v 373.719879 -17.717951 -397.134521
v 373.022003 -19.882456 -390.632751
v 373.539856 -19.057369 -393.954895
v 375.088379 -16.644621 -392.630890
v 374.567688 -17.365444 -389.483917
v 370.967957 -22.401665 -391.872437
v 368.141693 -24.588642 -392.969971
v 368.615479 -23.507097 -396.800140
v 371.432465 -21.449717 -395.425812
v 367.525635 -24.661564 -389.175232
v 370.158356 -22.468231 -388.402374
v 369.240326 -21.938751 -385.243774
v 366.827850 -24.086411 -385.642822
v 360.519257 -25.594786 -385.808716
v 360.569000 -26.569777 -389.690460
v 364.250214 -26.038143 -389.664307
v 363.856689 -25.321537 -385.879822
v 364.644165 -26.107288 -393.701630
v 360.699493 -26.571213 -393.905701
v 360.864594 -25.361238 -398.085175
v 364.990967 -24.870674 -397.800171
v 373.765442 -17.609318 -386.498962
v 372.768585 -17.559174 -383.681519
v 371.141785 -19.694542 -384.634766
v 372.105957 -20.008301 -387.516174
v 366.456085 6.992001 -364.853363
v 368.225159 6.086399 -365.983246
v 368.386627 7.387188 -366.830170
v 366.829559 8.374350 -365.667603
v 364.568726 7.851213 -363.970459
v 365.394135 9.371517 -364.848053
v 363.944275 10.173599 -364.242859
v 362.793915 8.850698 -363.531311
v 364.350922 11.375269 -365.294830
v 365.791779 10.396227 -365.935272
v 365.635620 11.044878 -367.307831
v 364.362335 12.080467 -366.760773
v 366.336304 10.443695 -369.210938
v 367.458771 9.807665 -369.861511
v 366.821503 10.352900 -370.792999
v 365.787354 10.860891 -370.262146
v 367.019989 9.396299 -366.781769
v 368.252655 8.446228 -367.843628
v 367.908081 9.217093 -368.833862
v 366.812317 10.010756 -368.029053
v 369.827789 6.479160 -368.101654
v 369.378082 7.625544 -368.943726
v 368.945007 8.455914 -369.744049
v 368.442413 9.263767 -370.524628
v 367.795868 9.959555 -371.427979
v 366.242157 10.717365 -371.762909
v 367.014496 10.396915 -372.180267
v 365.301300 11.228643 -371.306854
v 364.621796 11.478323 -369.866241
v 363.420441 12.004305 -369.595917
v 363.860443 12.134941 -368.268982
v 365.131683 11.294363 -368.666168
v 364.316528 11.811848 -370.981750
v 363.036011 12.367886 -370.723846
v 362.807159 13.080618 -372.348328
v 362.863556 12.801285 -371.566528
v 364.080658 12.168858 -371.809174
v 363.869751 12.389095 -372.494293
v 365.007355 11.455637 -372.036591
v 365.788544 10.946045 -372.372162
v 365.430878 11.109806 -372.815582
v 364.718658 11.659321 -372.617493
v 366.459198 10.570013 -372.698700
v 366.033081 10.688442 -373.002899
v 364.155640 11.746038 -373.309540
v 364.854919 11.243670 -373.327393
v 364.784485 11.203438 -373.427551
v 364.047668 11.701662 -373.441040
v 363.381439 12.357239 -373.391510
v 363.276062 12.263836 -373.599091
v 362.432983 12.731947 -373.724915
v 362.548828 12.942553 -373.524200
v 361.671509 13.759153 -373.998230
v 361.638794 13.366646 -373.625702
v 362.160187 13.214050 -373.586090
v 362.261810 13.679855 -373.913879
v 364.074280 12.094595 -373.522095
v 364.279572 12.322519 -373.794464
v 363.605408 12.889181 -373.913116
v 363.421509 12.574875 -373.591309
v 364.835358 11.733593 -373.702667
v 364.687195 11.533888 -373.517426
v 365.160492 11.107347 -373.570587
v 365.271667 11.210552 -373.667725
v 365.713593 10.896111 -373.723999
v 365.583038 10.841999 -373.641998
v 366.217743 11.034323 -374.072815
v 366.653809 11.151865 -374.480133
v 366.111603 11.629721 -374.736389
v 365.753632 11.478418 -374.197571
v 364.752869 12.793615 -375.214783
v 363.924194 13.364939 -375.452271
v 363.909241 13.436504 -374.917755
v 364.650513 12.808990 -374.733704
v 362.346863 14.142105 -375.592926
v 361.697449 14.206800 -375.565552
v 361.670959 14.392136 -375.004181
v 362.317413 14.295252 -375.066589
v 370.564117 8.331104 -375.780701
v 371.027283 7.884188 -376.366791
v 370.131012 9.115473 -377.278473
v 369.738342 9.338840 -376.541626
v 369.296997 9.604723 -374.773010
v 370.019135 8.893717 -375.279755
v 369.241364 9.732258 -375.883698
v 368.576477 10.244217 -375.246277
v 366.683197 11.367077 -375.955627
v 366.460999 11.588562 -375.324036
v 367.161316 11.094185 -374.997681
v 367.714447 10.802805 -375.642212
v 361.388153 14.478617 -376.942932
v 361.614441 14.201181 -376.278015
v 362.265717 14.103954 -376.161835
v 362.175507 14.187864 -376.526215
v 364.736755 12.765465 -375.829468
v 364.583191 12.637667 -376.327148
v 363.669220 13.277035 -376.393402
v 363.814514 13.317070 -375.989075
v 368.794800 10.215477 -377.982452
v 368.538116 10.362873 -377.039459
v 362.657074 14.000116 -377.938995
v 363.045349 13.632328 -377.563690
v 363.483795 13.772163 -377.705017
v 362.938873 14.062965 -377.997650
v 361.855011 17.175201 -378.434357
v 361.557800 16.508083 -378.861755
v 362.207428 16.200872 -378.624207
v 362.582855 16.777077 -378.609802
v 361.945953 16.743135 -381.585999
v 361.877258 16.425922 -382.263489
v 361.480804 16.935654 -382.458588
v 361.568726 17.266645 -381.755524
v 362.402496 16.044413 -381.351624
v 362.341217 15.780807 -381.983215
v 362.252075 14.854515 -384.258972
v 361.964203 15.356113 -384.649780
v 361.899689 15.703707 -383.730255
v 362.258423 15.165764 -383.375122
v 361.881866 16.048904 -382.970154
v 362.299500 15.493349 -382.661285
v 361.552948 16.157436 -384.008057
v 361.510040 16.517921 -383.209595
v 361.625488 15.794401 -384.931763
v 361.602234 14.923712 -386.945343
v 361.659912 15.400566 -385.906647
v 362.048828 15.016457 -385.641785
v 361.978943 14.576546 -386.650909
v 372.036530 7.760077 -393.394592
v 371.036896 9.240414 -393.807770
v 371.073975 10.106804 -392.595642
v 371.975983 8.658316 -392.019806
v 361.363831 14.142569 -388.811462
v 361.423767 14.415903 -387.893616
v 361.828125 14.077841 -387.759308
v 361.773285 13.863894 -388.701172
v 371.885498 10.056370 -390.065735
v 372.051788 9.530031 -390.992371
v 371.197662 10.846754 -391.542084
v 371.088135 11.285536 -390.506195
v 368.998352 12.915018 -390.792358
v 368.685394 12.684565 -390.029907
v 369.788452 12.142914 -389.901001
v 370.078857 12.225582 -390.721558
v 371.545319 10.133507 -389.386932
v 370.726288 11.331678 -389.757721
v 371.919861 9.124544 -388.956482
v 372.320587 8.807594 -389.471924
v 371.496368 9.434122 -388.687592
v 371.114807 10.324961 -388.944092
v 370.457153 11.251169 -389.240173
v 368.478424 12.472691 -389.480835
v 369.536407 12.000521 -389.339050
v 370.036438 10.232866 -388.096802
v 370.435822 9.682322 -387.969788
v 370.746277 9.719076 -388.112457
v 370.332153 10.321293 -388.275787
v 369.538727 10.869396 -388.269958
v 369.802216 10.934343 -388.511749
v 368.091278 12.074451 -388.991669
v 367.982208 12.054363 -388.730713
v 368.845398 11.635944 -388.523193
v 368.999512 11.598938 -388.817352
v 366.084961 11.929554 -388.833954
v 367.029510 12.180302 -388.839142
v 367.130280 12.259184 -389.106140
v 366.114594 12.010080 -389.109650
v 367.364288 12.663330 -389.668335
v 367.538605 12.972233 -390.165955
v 366.431946 12.998188 -390.232147
v 366.276093 12.521551 -389.696350
v 364.513306 11.100977 -388.228882
v 365.223877 11.530638 -388.622955
v 365.233978 11.573683 -388.942078
v 364.528198 11.231682 -388.623718
v 363.665375 12.418383 -372.900055
v 362.706543 13.130463 -372.848755
v 365.186676 11.202728 -373.065979
v 364.482117 11.752371 -372.965454
v 365.786224 10.766685 -373.188690
v 365.476105 11.327917 -373.853546
v 365.898438 10.946238 -373.841827
v 363.776062 13.258669 -374.330383
v 364.501099 12.637934 -374.212311
v 361.688385 14.188772 -374.385376
v 362.277740 14.055660 -374.388641
v 362.931976 13.387680 -373.890564
v 362.758240 12.945147 -373.613861
v 363.071808 13.991264 -374.986053
v 363.023346 13.769003 -374.353668
v 363.076202 13.850033 -375.538025
v 362.929840 13.814667 -376.397247
v 363.036987 13.806885 -376.011078
v 365.424591 12.333311 -389.628174
v 365.511017 12.945808 -390.118561
v 364.572449 12.908968 -389.979980
v 364.616547 12.193634 -389.439392
v 362.812286 16.851089 -379.196716
v 362.308838 17.535332 -378.964111
v 362.666382 15.752777 -378.504150
v 363.153564 16.112762 -378.569550
v 363.383453 16.079016 -379.050720
v 362.846466 15.085768 -381.628754
v 362.754791 14.886881 -382.243500
v 363.682373 13.155222 -382.486664
v 363.167480 13.732738 -383.130707
v 363.193695 13.972368 -382.381561
v 363.653290 13.366056 -381.754303
v 363.316345 14.328949 -381.156372
v 363.734497 13.618958 -380.650970
v 363.621887 13.492624 -381.137390
v 363.244324 14.155041 -381.650177
v 363.946381 13.784536 -380.213654
v 363.488434 14.541054 -380.662048
v 363.769806 14.742331 -378.124695
v 364.134094 14.583311 -378.315399
v 363.918152 15.386377 -378.774353
v 363.565857 15.454365 -378.389404
v 363.153839 14.739159 -378.220032
v 362.987396 15.260294 -378.386810
v 361.104065 16.873379 -378.187439
v 360.946198 16.296680 -378.541534
v 362.716919 13.981079 -377.112274
v 362.892792 13.749311 -377.364502
v 362.493439 14.146946 -377.791046
v 362.318359 14.371246 -377.624603
v 360.877869 16.542511 -377.519806
v 361.109375 16.313673 -377.768311
v 360.982849 17.067425 -377.721130
v 361.520782 17.677240 -378.246735
v 361.818481 18.119347 -378.863403
v 361.100037 15.816137 -378.723724
v 361.410706 15.924833 -379.020111
v 361.911133 15.836470 -379.128387
v 362.611420 15.007593 -379.026642
v 362.821625 14.564184 -378.862000
v 362.560059 13.270363 -378.638245
v 362.228668 13.770239 -378.363129
v 362.322021 14.526594 -385.188416
v 362.248627 14.111433 -386.180756
v 371.032623 5.738105 -369.750031
v 370.496643 6.843830 -370.305664
v 370.008545 7.752424 -370.905518
v 369.438141 8.704395 -371.490631
v 368.622253 9.650068 -372.077759
v 367.701935 10.226736 -372.611725
v 370.459656 8.164488 -374.353424
v 369.616882 9.239832 -374.138519
v 369.565369 9.198851 -373.463196
v 370.385040 8.073933 -373.441040
v 370.968842 7.177334 -373.416443
v 371.535522 6.363192 -373.442505
v 371.469788 6.760662 -374.977875
v 370.971497 7.448032 -374.653076
v 372.084625 5.932098 -375.337402
v 372.150421 5.402299 -373.418884
v 370.052063 10.320518 -394.108826
v 370.105286 11.202967 -392.801422
v 370.165314 11.899965 -391.765625
v 370.756012 -14.353465 -364.301514
v 370.220947 -13.701367 -366.878021
v 371.325623 -12.206532 -366.471405
v 371.581299 -12.682335 -364.035431
v 368.438446 -17.235415 -364.258423
v 368.033112 -16.562010 -367.193237
v 369.241974 -15.191504 -367.153168
v 369.854370 -15.951992 -364.463013
v 364.568604 -19.108671 -363.685944
v 364.490845 -18.666721 -367.113678
v 366.465607 -17.696941 -367.235779
v 366.648132 -18.267330 -363.954834
v 362.360046 -19.166702 -366.917542
v 362.301544 -19.643578 -363.489929
v 359.909393 -19.886822 -363.322510
v 360.100739 -19.323145 -366.670898
v 372.228943 -15.145014 -362.097992
v 371.226807 -16.966553 -362.064514
v 369.675171 -18.559179 -361.653656
v 367.655304 -19.919456 -361.155640
v 365.281799 -21.086521 -360.789825
v 359.642548 -22.104511 -360.411865
v 362.544312 -21.837852 -360.465637
v 371.182220 8.369888 -395.546387
v 371.239227 7.771349 -397.184265
v 370.355774 8.790888 -397.374847
v 370.275055 9.453350 -395.658142
v 372.254517 6.327528 -397.240295
v 372.199463 7.037661 -395.194000
v 373.252930 4.969402 -397.000916
v 373.353790 5.491899 -394.931061
v 368.911102 10.125877 -385.646545
v 369.738770 9.577160 -385.931580
v 369.561401 10.029461 -386.550171
v 368.815582 10.718502 -386.291199
v 367.922089 11.120136 -386.154510
v 367.941528 10.626173 -385.577148
v 372.212708 8.113672 -388.266785
v 372.632538 7.661564 -388.531403
v 370.053436 9.432970 -387.008850
v 370.413605 8.982437 -386.374664
v 371.081451 8.323975 -386.942444
v 370.481201 9.049658 -387.357513
v 362.661255 13.986399 -384.561157
v 362.580872 13.607698 -385.413361
v 368.725281 10.971783 -386.840576
v 367.934204 11.336624 -386.674774
v 369.416016 10.449137 -387.051483
v 368.688354 11.556297 -388.270172
v 367.870422 11.958820 -388.522949
v 367.788971 11.571728 -388.499969
v 368.540558 11.223349 -388.304169
v 370.203064 9.685774 -387.723297
v 369.869019 10.228357 -387.831421
v 369.584045 10.190636 -387.764771
v 369.930511 9.802288 -387.599030
v 369.408325 10.875248 -388.000732
v 369.152679 10.681932 -388.011566
v 365.235138 11.403685 -388.382141
v 364.467896 11.016193 -387.905792
v 364.545227 10.765285 -387.731934
v 365.314514 11.193945 -388.288605
v 367.016693 12.044701 -388.617554
v 366.053192 11.843767 -388.632172
v 366.125610 11.558004 -388.566071
v 366.975891 11.705540 -388.616058
v 369.816589 9.932119 -387.335022
v 362.130066 14.127466 -378.296539
v 361.772461 13.670427 -378.984131
v 361.711792 14.208059 -378.850311
v 361.145599 15.288233 -378.999817
v 361.321472 15.375351 -379.233795
v 361.577759 15.243216 -379.467072
v 362.285675 14.690449 -379.717987
v 362.305389 14.235180 -379.747650
v 365.305359 -2.078012 -371.216370
v 365.376709 -2.286880 -372.408478
v 363.741913 -3.318221 -372.947876
v 363.373871 -2.199706 -370.388306
v 364.791992 11.086027 -373.527069
v 364.030243 11.546154 -373.549255
v 363.131195 12.055832 -373.683563
v 362.224213 12.462069 -373.749542
v 374.899414 -15.076807 -385.594696
v 374.023804 -14.979027 -382.698242
v 376.269043 -14.304073 -391.359253
v 375.723755 -14.855879 -388.381531
v 375.319214 -4.856736 -401.803925
v 375.760925 -7.005919 -401.298706
v 374.730652 -7.688054 -403.471222
v 374.806854 -2.656574 -401.948975
v 373.553955 -11.211811 -404.326233
v 373.290344 -8.499706 -405.665894
v 371.637146 -0.364555 -405.915039
v 370.754517 3.911992 -403.640442
v 371.108734 1.938335 -404.937012
v 369.354858 9.715288 -397.501984
v 369.159851 10.448719 -395.732758
v 369.014771 11.215427 -394.184052
v 369.065186 12.083891 -392.933258
v 369.107880 12.695671 -391.889008
v 367.020752 11.333765 -386.173370
v 367.003418 11.448641 -386.676605
v 366.902649 10.931231 -385.666351
v 365.454285 12.203081 -374.996368
v 365.266388 12.144302 -374.493317
v 365.065613 11.963148 -373.987030
v 370.146637 5.122232 -367.509003
v 378.779968 -24.482559 -354.400513
v 375.554871 -28.510067 -351.877655
v 380.614685 -20.132328 -355.947235
v 375.892883 -23.288643 -355.990356
v 377.723999 -19.571190 -356.973755
v 372.925415 -26.370852 -354.064972
v 378.366150 -16.123474 -356.618744
v 381.314972 -16.127823 -355.497284
v 371.053192 -30.824570 -348.726196
v 368.917511 -28.339836 -352.215363
v 365.233185 -30.950266 -347.158417
v 364.147858 -28.770645 -351.116669
v 358.933838 -31.424389 -346.656281
v 358.973633 -29.379164 -350.593231
v 380.527039 -13.302170 -353.336243
v 377.954132 -13.440064 -355.141632
v 376.180511 -6.807248 -347.251373
v 378.009338 -9.017748 -348.507355
v 375.849487 -9.395577 -351.445740
v 374.231384 -7.560892 -350.069733
v 377.056946 -11.321954 -353.313324
v 379.459778 -11.112684 -350.815277
v 373.973206 -4.922903 -346.437805
v 372.331268 -5.889708 -349.148285
v 372.824615 4.298758 -373.398376
v 372.847778 4.721410 -375.430573
v 371.473114 4.474565 -369.288483
v 370.036438 2.945163 -367.026215
v 371.938293 2.840693 -369.193756
v 370.029816 -4.524532 -348.203491
v 371.311646 -3.534106 -345.493683
v 370.542023 -17.348721 -379.406860
v 369.252777 -18.604332 -379.934814
v 370.144562 -19.245564 -382.136322
v 371.668152 -17.436256 -381.288147
v 367.730408 -19.677128 -379.844116
v 365.508331 -21.159657 -379.746246
v 366.177917 -22.694008 -382.687897
v 368.415436 -20.939445 -382.594482
v 363.118317 -22.231977 -379.542999
v 360.506439 -22.412479 -379.278595
v 360.520599 -24.139486 -382.367065
v 363.423218 -24.013466 -382.534546
v 371.445038 -15.835825 -378.197388
v 372.868835 -15.199903 -380.083618
v 363.786255 10.905975 -387.808899
v 363.847351 11.159836 -388.214203
v 363.864655 11.006130 -387.386139
v 364.051544 10.801447 -387.331329
v 363.974487 11.172421 -386.823486
v 364.439514 11.006777 -386.929901
v 364.531189 10.723934 -387.075104
v 364.173370 10.915024 -386.999268
v 363.409760 12.935741 -389.689178
v 363.862701 12.054255 -389.140533
v 361.062286 15.764965 -377.525391
v 361.245819 15.535780 -377.743622
v 361.110443 15.912170 -378.034241
v 361.494934 15.159079 -377.886414
v 361.348022 15.123117 -377.623840
v 361.618286 14.812912 -377.561523
v 361.704346 14.933779 -377.872711
v 361.356995 15.346052 -378.032776
v 361.112823 15.590757 -378.295349
v 361.227814 15.133135 -378.562683
v 371.759430 8.436728 -388.049957
v 362.192047 13.528292 -387.210297
v 362.472168 12.657606 -387.241852
v 362.466309 12.771107 -388.127930
v 362.113037 13.479200 -388.423187
v 365.124573 11.038439 -385.970032
v 365.980408 11.026005 -385.795593
v 366.123169 11.327709 -386.352753
v 365.277710 11.112904 -386.491028
v 367.859039 13.470810 -390.852295
v 366.698883 13.736897 -390.847931
v 365.697052 13.867352 -390.727875
v 364.626099 13.929680 -390.590973
v 367.988525 13.337336 -391.941071
v 366.859039 13.839090 -391.878387
v 361.812653 13.901680 -389.603729
v 361.995605 14.091824 -390.503418
v 361.359253 14.271830 -390.481140
v 361.377747 14.100346 -389.647125
v 365.808105 14.172564 -391.696442
v 364.736542 14.444775 -391.570618
v 362.954224 13.981050 -390.359619
v 362.216400 13.551353 -389.472290
v 362.689819 12.885757 -388.963501
v 362.020081 14.423458 -391.500671
v 361.152069 14.455696 -391.407318
v 361.900177 14.509583 -392.387421
v 361.158936 14.464590 -392.296509
v 368.206299 10.527472 -384.615387
v 369.423920 9.959024 -384.670227
v 370.415283 9.232187 -384.937317
v 363.132812 13.442829 -383.912109
v 363.681152 12.891438 -383.293915
v 363.674042 12.602303 -384.070374
v 363.121124 13.098011 -384.665741
v 371.157104 8.489450 -385.452118
v 371.723877 7.822952 -386.286621
v 362.586029 13.082405 -386.123413
v 362.751831 12.390589 -386.486023
v 365.021790 11.798653 -382.293304
v 366.100830 11.385036 -381.898468
v 366.131958 11.194439 -382.894745
v 365.105164 11.568567 -383.210052
v 365.014618 11.141468 -385.158051
v 365.949951 11.035795 -384.891663
v 364.257904 12.308603 -382.747192
v 364.282166 12.044945 -383.596405
v 367.206573 10.900175 -383.697083
v 368.611206 10.631287 -383.577454
v 366.970642 10.866449 -384.731842
v 365.089386 11.352501 -384.159210
v 366.077728 11.061037 -383.912567
v 363.191559 12.148148 -385.913849
v 363.130676 12.656183 -385.348541
v 363.670685 12.268389 -384.813721
v 363.654633 11.824457 -385.539642
v 364.250031 11.383495 -385.342529
v 364.291809 11.759823 -384.434387
v 364.406281 11.123123 -386.005768
v 363.771729 11.390806 -386.038635
v 369.060883 10.583820 -381.288116
v 368.881439 10.658375 -382.437866
v 367.361084 10.943844 -382.640869
v 367.408386 10.996222 -381.572479
v 367.051636 11.625259 -397.442596
v 367.087280 12.124079 -395.617035
v 368.132080 11.276800 -395.735016
v 368.234436 10.699099 -397.576508
v 360.704498 13.205452 -397.169586
v 360.627472 13.639540 -395.195068
v 361.912445 13.683857 -395.162842
v 362.122375 13.164322 -397.035645
v 374.349579 4.317005 -391.428497
v 373.130981 6.158468 -392.831451
v 372.752930 7.181042 -391.203003
v 373.577606 5.819001 -389.876556
v 372.578400 8.179863 -390.235962
v 373.087524 6.974255 -389.088348
v 365.439117 10.827925 -373.479004
v 365.520264 10.827677 -373.389771
v 368.384857 10.233912 -374.355194
v 367.784943 10.622005 -374.717560
v 366.957672 10.642042 -373.834412
v 367.550476 10.590649 -374.029541
v 367.166016 10.824265 -374.235382
v 366.650909 10.762878 -373.956451
v 366.570740 10.513935 -373.209015
v 367.016479 10.433920 -373.003845
v 366.288788 10.557726 -373.327087
v 368.674774 10.022652 -373.938660
v 368.551819 10.035103 -373.517578
v 365.415833 10.765512 -373.580353
v 379.072845 -9.528313 -383.747620
v 380.193634 -10.470878 -383.296478
v 379.344604 -9.688569 -381.491180
v 378.179047 -8.969406 -382.370758
v 379.841339 -9.210041 -388.686920
v 380.907990 -9.033619 -388.561920
v 381.159668 -9.733729 -387.650055
v 380.041412 -9.957305 -387.832184
v 378.557220 -5.954364 -388.868134
v 379.085480 -5.954129 -388.540344
v 379.925842 -7.010779 -389.112579
v 379.269409 -7.024085 -389.430847
v 377.823059 -6.962789 -388.902374
v 377.609619 -5.973063 -388.921753
v 377.053436 -4.649455 -386.729340
v 378.130066 -5.144163 -387.741028
v 377.500580 -5.153001 -388.442291
v 376.787689 -3.882059 -387.491974
v 376.295685 -3.027785 -385.484955
v 376.246857 -2.958125 -383.351379
v 376.388977 -3.953422 -383.302094
v 376.224701 -4.192164 -385.031219
v 376.782898 -8.183955 -380.289337
v 378.326691 -8.695972 -379.356354
v 377.650970 -8.052305 -378.638367
v 376.231415 -7.364461 -379.707886
v 367.007507 12.800301 -394.190460
v 368.018097 12.074085 -394.198700
v 379.911469 -10.391118 -386.767548
v 381.278412 -10.184594 -386.621429
v 380.772217 -10.686590 -385.296875
v 379.503845 -10.386019 -385.358368
v 371.248077 -5.430104 -355.451324
v 371.573486 -5.731354 -352.304077
v 373.311951 -7.460585 -353.374756
v 372.742523 -7.274041 -356.447662
v 369.246185 -3.535090 -354.481110
v 369.560150 -4.179807 -351.242279
v 364.869537 12.099737 -381.344330
v 366.037323 11.558304 -380.891113
v 369.097168 10.422958 -380.094696
v 367.386810 11.079351 -380.531616
v 369.221161 9.358477 -372.766632
v 368.286560 10.074747 -373.078094
v 370.042419 8.263144 -372.454376
v 371.269745 6.385908 -371.878052
v 370.701965 7.270853 -372.210388
v 371.829559 5.424792 -371.622009
v 372.431030 4.232026 -371.359283
v 373.084747 2.733075 -371.346710
v 372.029541 -10.482342 -365.927429
v 372.267639 -10.865830 -363.597687
v 373.625854 -9.282178 -357.450409
v 372.857758 -9.115414 -360.297424
v 372.223999 -7.055864 -359.487488
v 371.095398 -5.195505 -358.663696
v 369.638916 -3.668723 -358.035950
v 375.174316 1.600010 -381.164368
v 374.643433 3.434345 -381.067322
v 374.547455 2.868572 -379.268585
v 375.107330 1.091592 -379.346161
v 375.566498 -0.591715 -379.444366
v 375.696899 -0.127685 -381.242981
v 375.806763 0.407933 -383.076294
v 376.179352 -1.353845 -383.229004
v 376.291687 -0.993580 -385.037811
v 375.984924 0.976267 -384.871063
v 375.950775 -4.290559 -377.182526
v 376.532318 -4.843279 -377.891998
v 376.145508 -4.325580 -379.137512
v 375.817657 -3.653442 -378.693359
v 375.948853 -5.993858 -376.950317
v 376.869995 -5.979305 -377.096344
v 376.309967 -3.021208 -381.680603
v 376.431610 -3.833426 -381.580139
v 376.028961 -3.249318 -380.158630
v 376.293335 -4.027277 -380.342010
v 375.614258 -5.984624 -379.174225
v 377.067627 -7.179505 -377.816528
v 376.138367 -1.675122 -381.486755
v 375.922424 -2.141606 -379.737152
v 368.268829 -2.364844 -344.912140
v 367.574677 -3.365653 -347.347565
v 367.155060 -2.344767 -352.919250
v 367.367523 -2.908926 -350.146606
v 367.004486 -1.259173 -359.618073
v 366.892090 -1.827742 -357.406952
v 368.207214 -2.642285 -357.913605
v 368.288605 -2.340648 -360.263062
v 374.499786 -9.415413 -354.478882
v 377.088837 -12.072393 -389.824951
v 376.371796 -12.169094 -387.307037
v 375.693207 -12.680058 -384.944916
v 374.955963 -13.216677 -382.911285
v 377.776642 -7.921886 -387.994293
v 377.765594 -8.100256 -387.433716
v 377.744690 -8.156121 -386.622528
v 377.340485 -8.417902 -385.515076
v 366.304718 10.712612 -373.829681
v 366.583344 10.614824 -373.756378
v 365.857605 10.631939 -373.523468
v 365.963196 10.610790 -373.459808
v 367.091583 10.516695 -373.547882
v 367.111481 10.562016 -373.694550
v 366.717682 10.578743 -373.673035
v 366.709045 10.545074 -373.569763
v 367.684845 10.396446 -373.544891
v 367.724121 10.451218 -373.816437
v 366.701721 -0.965118 -371.746796
v 366.762787 -1.124604 -372.572052
v 365.843292 10.569721 -373.639069
v 366.921082 10.493204 -373.367218
v 366.547821 10.524700 -373.441193
v 367.458099 10.383848 -373.273956
v 362.262360 -1.923827 -348.804321
v 362.452911 -0.487985 -351.451630
v 359.903961 -0.624516 -351.111542
v 359.576843 -2.028487 -348.539490
v 362.561432 0.737718 -354.124298
v 360.235626 0.624411 -353.764221
v 362.593018 1.277401 -357.097107
v 360.652252 1.239974 -356.790375
v 364.890198 -2.543334 -346.794128
v 365.272339 -1.630929 -344.227814
v 362.242828 -2.055999 -343.426819
v 362.148987 -2.925611 -346.206116
v 359.270752 -2.639445 -345.977295
v 359.000061 -1.938229 -343.271149
v 364.995178 -1.163479 -352.549103
v 364.881592 -2.039914 -349.362213
v 364.356232 0.676130 -357.830627
v 364.435120 -0.037642 -355.170868
v 365.693298 -0.941788 -356.574615
v 365.772308 -0.219849 -358.802063
v 362.723145 2.366688 -359.781036
v 360.870056 2.407681 -359.595490
v 364.442505 1.644615 -360.331879
v 367.672729 4.313876 -365.330200
v 363.130280 6.320801 -363.156830
v 365.547363 5.327144 -364.150848
v 364.716187 3.599007 -363.603241
v 366.578186 2.609104 -364.478943
v 362.801239 4.358627 -362.984009
v 360.882202 6.171970 -362.816528
v 360.896118 4.514267 -362.734558
v 365.569611 10.726624 -373.600708
v 365.143402 10.947752 -373.518250
v 364.620575 11.284472 -373.471924
v 363.248138 12.160477 -373.551270
v 364.001312 11.724922 -373.464325
v 362.583527 12.525322 -373.598541
v 361.537720 12.974489 -373.471802
v 362.010529 12.796753 -373.539703
v 364.014221 11.322435 -373.514313
v 362.966736 11.822571 -373.643219
v 362.426605 12.124987 -373.807892
v 363.199646 11.855501 -373.808105
v 364.047180 11.426201 -373.622559
v 364.871460 10.837797 -373.472717
v 361.454681 12.522118 -373.704407
v 361.888916 12.385124 -373.804565
v 362.028076 12.186714 -373.699127
v 365.509369 10.507048 -373.593170
v 365.906677 10.323875 -373.690308
v 364.111938 10.880932 -373.197418
v 365.038483 10.412750 -373.183014
v 365.299713 9.854580 -372.630890
v 364.094147 10.243423 -372.426727
v 362.876984 11.406923 -373.279449
v 362.669189 10.688404 -372.439758
v 361.910706 11.716434 -373.341583
v 361.779846 10.926252 -372.531982
v 361.402069 11.987593 -374.147339
v 361.739044 11.878887 -374.185516
v 362.272736 11.714874 -374.191498
v 363.165771 11.423935 -374.151886
v 364.196838 11.077583 -373.982941
v 365.719910 10.116861 -373.493591
v 366.145630 9.946482 -373.668762
v 366.601593 9.444633 -373.491028
v 366.195007 9.522148 -373.069794
v 362.447784 8.388498 -370.568115
v 363.926086 8.236223 -370.823914
v 364.366943 3.099350 -370.290710
v 362.539520 3.461723 -369.974213
v 364.091522 7.452757 -376.442444
v 362.673187 7.851633 -376.736115
v 362.912842 1.905648 -376.457306
v 364.774811 1.784649 -376.038574
v 365.558228 7.145460 -375.975555
v 365.895905 1.683009 -375.543640
v 365.589081 7.914930 -371.136810
v 365.963348 2.653184 -370.732513
v 361.628265 8.226725 -376.963745
v 361.514038 8.616947 -370.566284
v 367.597076 7.306623 -374.689789
v 366.707977 7.059866 -375.448395
v 367.469635 2.254041 -374.715729
v 366.927368 7.719810 -371.804291
v 367.391907 2.311150 -371.492432
v 367.672729 7.839468 -372.821808
v 368.128448 7.225630 -373.691010
v 368.411377 2.106319 -373.400665
v 368.309296 2.421909 -372.519440
v 363.227417 10.529253 -374.928040
v 362.296448 10.861786 -374.962769
v 364.398773 10.257471 -374.727234
v 365.980621 9.644716 -374.532135
v 365.305084 9.961735 -374.569824
v 366.966858 9.225292 -373.740204
v 361.852081 10.783813 -375.226685
v 361.496002 10.888186 -375.299896
v 368.506805 10.768118 -387.017792
v 367.792725 11.068121 -386.904510
v 369.118500 10.440483 -387.278442
v 367.755371 10.741980 -389.008636
v 368.223236 10.629234 -388.810211
v 368.978180 10.237114 -388.232452
v 369.256042 9.932989 -387.932617
v 364.859833 10.238535 -388.122162
v 365.451294 10.588799 -388.677582
v 366.148193 10.830452 -389.017426
v 366.999390 10.969534 -389.156433
v 369.520996 10.040119 -387.689209
v 369.451813 10.170218 -387.525299
v 364.418274 10.742992 -387.344543
v 364.674469 10.147102 -387.544983
v 366.996918 11.178673 -386.904327
v 368.319641 10.304382 -386.859344
v 367.636902 10.515375 -386.663269
v 368.777313 9.990049 -387.182373
v 368.142029 10.377089 -388.390137
v 369.087219 9.859921 -387.826813
v 369.187469 9.848646 -387.501434
v 368.729950 10.101927 -388.111786
v 365.080048 9.980854 -387.879059
v 365.727417 10.345291 -388.411896
v 366.521942 10.534966 -388.596344
v 367.291809 10.596697 -388.671783
v 366.787537 10.581438 -386.694183
v 368.032318 10.262873 -387.484467
v 367.661072 10.316458 -387.386810
v 368.424194 10.095865 -387.437439
v 368.891205 9.903210 -387.753571
v 368.900116 9.876202 -387.631622
v 368.329437 10.214174 -387.975372
v 366.992401 10.435089 -387.997467
v 367.515289 10.430613 -388.019470
v 368.067169 10.313946 -388.029388
v 367.137909 10.321625 -387.352875
v 366.221588 10.329882 -387.933472
v 366.389923 10.259417 -387.320679
v 377.754700 -5.264999 -386.191467
v 377.548523 -5.016454 -386.350128
v 376.353668 -4.912318 -384.739532
v 376.789124 -5.171865 -385.044952
v 378.743561 -9.176034 -380.439911
v 377.393494 -8.795904 -381.149628
v 378.424713 -5.371194 -387.393860
v 378.332062 -5.677773 -387.176025
v 378.960693 -6.350533 -388.029266
v 379.255920 -6.123141 -388.233826
v 379.977905 -7.046637 -388.296234
v 380.223633 -6.963626 -388.671875
v 381.290039 -8.623534 -388.144928
v 381.241669 -8.385178 -387.721313
v 381.499084 -8.968390 -387.057007
v 381.536560 -9.237960 -387.296722
v 378.793732 -7.387012 -379.495453
v 378.620300 -7.798242 -378.628876
v 379.062744 -8.301148 -379.386993
v 379.116028 -7.803118 -380.063843
v 379.955414 -9.394051 -381.616180
v 380.020264 -8.930144 -381.797760
v 379.348602 -8.094095 -380.581787
v 379.431854 -8.813553 -380.334106
v 380.844604 -9.891467 -383.173431
v 380.851105 -9.383535 -383.227325
v 381.434875 -9.501533 -384.947052
v 381.458588 -10.010354 -385.059418
v 381.578064 -9.730035 -386.387024
v 381.569031 -9.366869 -386.153503
v 376.805298 -4.716905 -382.967834
v 377.639008 -8.090363 -383.254547
v 379.549377 -7.493418 -383.222595
v 379.574921 -7.502977 -384.239777
v 377.939880 -7.599663 -384.172638
v 380.093475 -8.226681 -383.444733
v 380.014496 -8.244558 -384.511658
v 381.025146 -9.263652 -384.899719
v 380.627472 -9.133667 -383.359375
v 376.477173 -4.559762 -381.455841
v 378.156403 -7.011596 -377.861969
v 377.637299 -6.055048 -377.781891
v 378.412964 -6.796155 -379.050751
v 377.977905 -6.171666 -378.871277
v 376.939026 -5.258477 -378.477325
v 377.581726 -5.435994 -379.210510
v 381.097107 -9.173350 -385.978760
v 379.708069 -7.943505 -385.353363
v 379.159454 -7.430661 -385.118256
v 375.479797 -5.328130 -382.484924
v 376.463867 -5.151808 -382.009186
v 375.849670 -4.744443 -381.246735
v 375.346466 -5.290697 -381.349487
v 377.242004 -5.034111 -379.912781
v 376.639435 -4.596169 -379.509186
v 376.296539 -4.542724 -380.487946
v 376.471283 -4.981713 -380.570770
v 376.167603 -5.416147 -380.795624
v 379.934082 -8.721892 -382.000580
v 379.309021 -7.338414 -382.292877
v 379.823669 -8.133417 -382.346802
v 375.632141 -6.484950 -381.159607
v 376.163544 -5.985073 -380.862274
v 377.793732 -5.823417 -380.195343
v 377.218964 -5.478667 -380.442169
v 377.262695 -6.091465 -380.891663
v 376.919098 -5.794788 -380.737671
v 377.968903 -6.239008 -380.050232
v 377.876495 -6.474842 -380.874115
v 378.634338 -7.140023 -381.732452
v 379.383179 -7.564274 -381.324707
v 379.036224 -7.298642 -380.804810
v 378.640961 -7.085098 -380.376526
v 378.191254 -6.659319 -380.058563
v 378.178223 -6.837670 -381.176300
v 377.487274 -7.698657 -382.001617
v 376.659119 -7.672580 -381.860107
v 376.087555 -7.613535 -383.139496
v 375.427704 -6.302776 -382.544891
v 374.376831 -13.387697 -381.550323
v 376.265228 -9.487664 -382.824341
v 375.527802 -9.448630 -381.444122
v 375.179688 -9.097836 -380.298126
v 374.858521 -7.862356 -379.634338
v 365.604462 12.152662 -375.626495
v 363.475677 12.416397 -373.154694
v 362.675323 13.046745 -373.206024
v 364.282745 11.773634 -373.156158
v 364.992706 11.248682 -373.218079
v 365.641113 10.802288 -373.295349
v 366.094086 10.585911 -373.401794
v 369.003662 10.238401 -378.981750
v 367.366974 11.098114 -379.422699
v 367.358154 11.111223 -378.405670
v 365.560791 12.021299 -376.249207
v 367.225677 11.177956 -377.477936
v 366.195618 11.158607 -387.036377
v 366.109711 10.612370 -386.798676
v 366.214478 11.409817 -386.817291
v 365.969849 11.687557 -379.862549
v 365.862488 11.689791 -378.888947
v 364.691772 10.996777 -373.520172
v 364.874634 10.744303 -373.781647
v 366.219696 10.583197 -373.734131
v 366.361176 10.585955 -373.715271
v 366.098999 10.701481 -373.771881
v 365.985291 10.683680 -373.721649
v 366.330292 10.553226 -373.622375
v 366.458344 10.554636 -373.606415
v 366.480438 10.575409 -373.664581
v 366.345245 10.563290 -373.695465
v 366.334320 10.539900 -373.479675
v 366.196899 10.554211 -373.525299
v 366.126221 10.556570 -373.592529
v 366.244690 10.536100 -373.628784
v 366.288513 10.554152 -373.724579
v 365.913147 10.618397 -373.677063
v 366.144623 10.580553 -373.731476
v 366.098053 10.478186 -373.698151
v 366.149567 10.290667 -373.744019
v 366.345306 9.979563 -373.796143
v 366.205902 10.461737 -373.748230
v 365.520691 10.115660 -373.167053
v 366.143768 10.489252 -373.743073
v 365.917786 10.502949 -373.684174
v 366.232971 10.331770 -373.800934
v 366.227844 10.273220 -373.763977
v 365.179321 10.711000 -373.519684
v 365.595123 10.568136 -373.605072
v 366.020630 10.329830 -373.812927
v 365.738373 10.372427 -373.799866
v 365.361786 10.477016 -373.818207
v 362.380005 17.549332 -379.717346
v 362.242584 17.341028 -380.401306
v 361.819000 17.991022 -380.472778
v 361.909729 18.208937 -379.681458
v 362.785675 16.705734 -379.771118
v 362.679535 16.473984 -380.253113
v 363.358521 15.886072 -379.563538
v 363.246765 15.680382 -380.030792
v 364.312805 14.377583 -378.759583
v 364.290283 14.160166 -379.295044
v 363.867188 14.978386 -379.741058
v 363.989868 15.156548 -379.252411
v 363.759796 13.411314 -377.663483
v 363.790253 14.081310 -377.864899
v 363.150330 14.327694 -378.063568
v 362.933258 13.937860 -378.892395
v 365.016327 11.830503 -378.767944
v 364.450195 11.973267 -378.832977
v 364.353149 12.038383 -378.343872
v 365.006683 11.810057 -378.050568
v 364.212189 12.560461 -378.516876
v 364.394623 13.373035 -378.865692
v 364.371643 13.536264 -378.345978
v 364.125092 12.710087 -378.097168
v 364.198181 12.275269 -377.883667
v 364.007538 13.021458 -380.218964
v 364.162628 13.077291 -379.794006
v 364.200836 12.444342 -379.419861
v 364.123474 12.574821 -379.834564
v 364.456482 12.051001 -379.324432
v 364.211823 12.311609 -380.011658
v 363.941681 12.858210 -380.553375
v 364.098358 12.720680 -381.084503
v 364.202362 12.580599 -381.889404
v 364.700165 12.172400 -380.270844
v 362.098419 13.303717 -379.219543
v 362.296631 13.507822 -379.462952
v 361.565308 14.356636 -379.126007
v 361.668396 14.207382 -379.310181
v 361.668640 14.606710 -379.716095
v 361.489624 14.898035 -379.498291
v 370.700745 9.408970 -379.636871
v 370.784729 9.784206 -381.011292
v 370.480469 9.046000 -378.282471
v 371.729797 7.322552 -377.376953
v 373.712769 3.278790 -375.440979
v 373.612488 2.909873 -373.408203
v 373.705658 3.894301 -377.511475
v 372.803253 5.488141 -377.438599
v 374.421204 1.740750 -375.526611
v 374.458374 2.276648 -377.501709
v 374.969574 0.145628 -375.731781
v 375.034637 0.578663 -377.550690
v 375.422974 -1.044603 -377.744415
v 375.268005 -1.444802 -376.124634
v 375.628815 -2.539878 -378.185394
v 375.296844 -2.947950 -376.803040
v 375.002106 -1.810399 -374.563934
v 374.919037 -3.304834 -375.447449
v 374.291504 1.369644 -373.587189
v 374.795990 -0.252203 -373.993652
v 374.527618 -2.226303 -372.957123
v 374.261688 -0.672962 -372.198395
v 373.204681 -1.002575 -370.425537
v 373.551239 -2.719147 -371.256104
v 372.473114 0.999877 -369.586273
v 373.722290 1.104572 -371.632172
v 371.047577 -5.054471 -361.409943
v 371.934998 -6.895057 -362.183960
v 372.357117 -8.889334 -362.931854
v 369.722290 -3.527645 -360.760345
v 370.336700 -2.321059 -367.457947
v 371.624817 -1.393195 -368.979614
v 370.913696 0.616627 -368.111176
v 369.307526 -0.558537 -366.639191
v 371.361969 -3.995021 -368.075348
v 372.113739 -3.289896 -369.851501
v 372.451569 -5.078003 -370.743652
v 373.381134 -4.402055 -372.373749
v 374.387360 -3.801594 -373.957092
v 374.031006 -5.177780 -374.925751
v 373.411804 -5.997115 -373.213959
v 374.667419 -4.595438 -376.358429
v 368.221558 1.199181 -365.686493
v 360.937103 3.294472 -361.589081
v 362.760223 3.179977 -361.743835
v 365.971619 0.528201 -361.045807
v 367.107086 -0.758710 -361.901093
v 368.292114 -2.131235 -362.629211
v 371.909271 -6.578108 -364.577240
v 371.082275 -4.735038 -363.867676
v 372.183929 -8.546137 -365.263794
v 369.814850 -3.272876 -363.217407
v 372.243652 -8.035979 -367.420166
v 372.426056 -7.400082 -369.446045
v 372.160522 -5.604406 -368.714325
v 372.041321 -6.124461 -366.712280
v 371.232635 -4.388984 -366.030884
v 369.923737 -2.972374 -365.387482
v 364.497070 2.485755 -362.280548
v 368.383392 -1.627881 -364.753143
v 367.221710 -0.129925 -363.965393
v 365.968628 1.360333 -363.008484
v 365.900330 -1.419351 -354.733490
v 366.950745 -2.106676 -355.155396
v 368.126678 -2.730383 -355.926666
v 374.525208 -5.783175 -377.218933
v 373.592865 -7.536782 -373.865875
v 374.077881 -6.709767 -375.546509
v 374.124725 -8.255526 -376.117157
v 373.436646 -9.002907 -374.668823
v 367.246368 -17.841391 -373.362122
v 364.988098 -19.260418 -373.409576
v 365.340424 -20.107912 -376.602905
v 367.778870 -18.434399 -376.885956
v 362.775238 -20.073036 -373.268250
v 362.975403 -21.069263 -376.390137
v 360.381714 -20.197145 -373.036865
v 360.467590 -21.099541 -376.171631
v 364.732971 -18.773819 -370.317963
v 366.748993 -17.662231 -370.339691
v 362.555084 -19.405779 -370.179626
v 360.268005 -19.470650 -369.926086
v 372.206635 7.489883 -387.342896
v 372.799774 6.970781 -387.332581
v 375.764160 1.850945 -389.175171
v 375.709961 2.019174 -391.826691
v 374.806488 3.587320 -388.604156
v 372.035889 -9.946606 -368.175659
v 372.195251 -9.251633 -370.224976
v 368.293793 -16.302595 -370.039124
v 369.051239 -16.387535 -373.027283
v 370.382172 -14.683917 -372.407593
v 369.523865 -14.790596 -369.738373
v 371.261932 -12.865445 -371.794006
v 370.582184 -13.252628 -369.341522
v 371.897644 -10.911991 -371.055756
v 371.562805 -11.677113 -368.848145
v 377.090729 -2.225052 -394.738708
v 377.531342 -4.323776 -394.845490
v 376.940582 -4.332852 -397.340637
v 376.459412 -2.301406 -397.308624
v 377.339142 -2.342636 -391.967072
v 377.746735 -4.619178 -392.269806
v 377.911804 -6.726725 -392.566376
v 377.692719 -6.322960 -394.964813
v 376.360352 -11.985867 -396.739532
v 376.401550 -13.444394 -394.163361
v 377.184143 -6.267287 -397.269470
v 376.163544 -10.611994 -398.869934
v 375.024750 -10.038970 -402.266449
v 376.026031 -8.972922 -400.351105
v 373.073059 -10.457664 -375.075287
v 374.002106 -9.497855 -376.769257
v 373.689972 -10.870519 -377.326752
v 372.845459 -11.299528 -375.587616
v 377.019043 -9.364899 -384.166168
v 370.714294 10.454554 -388.530914
v 371.098633 9.673748 -388.377930
v 370.138824 11.135843 -388.736420
v 369.276611 11.800596 -388.940125
v 368.280121 12.245928 -389.099487
v 366.121643 12.249737 -389.223206
v 367.196838 12.444237 -389.220703
v 364.619690 11.691427 -388.856049
v 365.303101 11.902557 -389.122955
v 364.006836 11.588394 -388.543640
v 370.982605 8.949417 -387.750397
v 370.745941 8.924963 -387.518585
v 371.394897 8.185005 -387.326660
v 371.325684 8.904512 -388.007782
v 360.707123 14.492344 -376.911346
v 360.779449 14.068087 -376.315369
v 361.154907 14.164408 -376.330109
v 360.989899 14.485992 -376.890045
v 361.217377 14.125162 -375.542267
v 360.807556 13.979118 -375.568237
v 361.192078 14.369318 -374.972351
v 361.208588 14.235668 -374.337708
v 361.223663 13.901421 -373.887939
v 361.191193 13.505547 -373.529144
v 361.105652 13.106438 -373.391693
v 361.074188 12.589125 -373.619934
v 361.068298 12.089235 -374.153687
v 361.121246 10.949297 -375.299042
v 360.725800 1.743126 -376.645172
v 360.781433 -3.194225 -372.802673
v 360.900177 -1.906527 -369.818359
v 360.848572 3.562429 -369.691254
v 361.263580 10.975109 -372.586060
v 361.278168 11.823494 -373.362457
v 361.409027 12.729080 -373.789307
v 361.323273 12.384287 -373.743530
v 361.550842 13.013979 -373.713531
v 361.662415 13.282719 -373.523865
v 361.729858 13.467506 -373.219604
v 361.713257 13.582287 -372.839020
v 361.585510 13.487572 -372.252258
v 361.620972 12.961729 -371.378693
v 361.692810 12.490456 -370.430542
v 362.080872 12.439232 -369.256683
v 362.523224 12.846684 -367.957489
v 362.894897 12.935303 -366.386810
v 362.881165 12.131453 -364.878510
v 362.619843 10.940073 -363.977692
v 362.147064 9.919859 -363.550446
v 362.183441 7.585812 -363.130951
v 360.931610 7.691908 -363.028717
v 362.101440 14.365786 -377.063080
v 361.570221 14.629057 -377.215485
v 363.547089 13.212887 -376.856628
v 364.370728 12.531975 -376.860107
v 365.319336 11.873852 -377.099152
v 366.918610 11.295303 -376.686066
v 372.150879 8.595734 -380.850739
v 371.977051 7.972857 -379.193726
v 372.988739 6.277628 -379.162842
v 373.156677 7.006334 -380.855713
v 373.813446 4.570318 -379.192902
v 373.942444 5.240964 -380.938293
v 375.254028 2.189929 -382.979401
v 374.704285 4.034925 -382.846863
v 372.545776 8.141996 -384.465698
v 372.780273 7.261694 -385.953613
v 364.670258 14.331095 -392.564850
v 365.933044 13.896132 -392.740021
v 366.930939 13.397936 -392.906891
v 368.054291 12.772409 -392.935486
v 376.409729 -0.497473 -387.152649
v 375.891174 1.477798 -386.858765
v 376.627533 -2.599906 -387.351807
v 363.359009 11.367559 -387.187866
v 363.310242 11.275850 -387.612701
v 362.948883 11.829113 -387.842499
v 362.929138 11.832043 -387.198029
v 363.066345 11.785233 -386.680237
v 363.454681 11.431868 -386.863647
v 363.314026 11.701775 -386.249756
v 363.387238 11.351213 -387.926758
v 363.178772 12.023918 -388.651733
v 363.584778 11.589796 -388.327606
v 370.076141 10.143198 -383.603973
v 371.427002 9.341953 -383.858093
v 373.415344 6.261034 -387.570526
v 373.741943 6.216869 -385.860321
v 374.528839 4.795746 -386.115173
v 374.121887 5.072120 -387.906433
v 376.611725 -0.258594 -389.459991
v 377.058502 -2.197691 -389.544342
v 374.109192 5.922943 -382.652863
v 370.532990 10.106277 -382.350708
v 372.038361 9.149715 -382.402710
v 373.233032 7.739660 -382.557159
v 374.004578 6.345098 -384.300415
v 368.205292 10.595669 -376.299011
v 374.740784 4.509778 -384.464386
v 375.400269 2.718026 -384.676331
v 375.218933 3.178041 -386.466461
v 381.062256 -8.865333 -386.852081
v 378.929871 -7.469368 -386.021393
v 378.238983 -7.165400 -385.796326
v 377.816132 -7.565712 -388.497681
v 379.579681 -8.228952 -389.295227
v 380.563812 -8.092256 -389.075653
v 380.878967 -7.859056 -388.628540
v 380.742188 -7.811444 -388.203613
v 376.669434 -0.071682 -392.026367
v 377.233429 -3.384609 -389.557190
v 377.472351 -4.512193 -389.909821
v 376.167358 -7.647583 -384.883392
v 377.584839 -5.840633 -386.300293
v 377.661285 -6.158125 -387.310974
v 377.378326 -6.676127 -386.262085
v 377.912567 -7.008244 -386.703583
v 377.148499 -5.585458 -385.072479
v 378.438354 -6.797920 -387.926666
v 379.522247 -7.463264 -388.192474
v 380.040649 -9.326968 -385.874298
v 379.924683 -9.047400 -386.765076
v 380.221222 -9.347528 -384.825226
v 380.149323 -9.018815 -383.478607
v 380.838318 -8.384892 -387.539398
v 378.140442 -7.222026 -384.809723
v 380.254333 -8.101915 -388.023743
v 379.853699 -8.362650 -385.471069
v 379.866455 -8.757833 -385.645233
v 379.689545 -8.391025 -386.470276
v 379.449310 -7.849039 -386.178223
v 380.025482 -8.649195 -384.635101
v 379.996857 -8.942305 -384.770081
v 380.041077 -8.688335 -383.596649
v 379.458038 -8.122489 -381.417084
v 379.540436 -8.287482 -381.382385
v 379.924347 -8.684828 -387.645569
v 379.463470 -8.041666 -387.427094
v 378.720734 -7.373367 -387.050049
v 379.785248 -8.517012 -382.199310
v 376.425110 -0.120918 -394.655701
v 375.528046 1.931630 -394.528564
v 377.663025 -5.642750 -390.108337
v 377.443024 -3.316123 -390.828674
v 374.465027 3.873372 -394.468506
v 374.412720 -6.981434 -377.993347
v 374.975983 -11.530259 -381.206177
v 375.682648 -11.373791 -382.811981
v 376.212830 -10.808187 -384.500519
v 376.458893 -9.948651 -386.153259
v 365.568085 10.530014 -386.915771
v 365.476868 11.088324 -387.161957
v 365.388031 11.207998 -386.932190
v 364.103821 11.190765 -386.509857
v 364.615723 11.061792 -386.503967
v 364.785278 11.020193 -386.943024
v 363.664581 11.378796 -386.556976
v 363.871796 11.109648 -387.066528
v 364.023895 10.839989 -387.118469
v 372.688782 -12.431676 -376.538422
v 373.455139 -12.247664 -378.024139
v 372.182068 -14.132183 -377.101715
v 373.068665 -13.795282 -378.680695
v 372.901947 -6.679763 -371.412811
v 372.783325 -8.420506 -372.252533
v 372.586273 -10.148150 -373.322723
v 372.059937 -12.401562 -374.383850
v 371.253418 -14.417939 -375.037811
v 366.000946 12.853296 -395.375031
v 364.783264 13.394341 -395.231567
v 364.701904 14.036242 -393.757721
v 365.947113 13.483925 -393.933594
v 364.866974 12.777548 -396.891235
v 366.099976 12.262012 -397.022247
v 374.168884 3.460075 -396.939972
v 375.079132 1.673724 -397.049805
v 375.843567 -0.295293 -397.212158
v 377.587158 -4.107643 -390.964752
v 369.840881 -16.414295 -376.262909
v 366.839752 10.962502 -399.529816
v 368.426514 9.748526 -399.433228
v 360.824371 10.349073 -402.470398
v 360.783264 12.082739 -399.898865
v 362.704224 12.105639 -399.764069
v 362.978394 10.258705 -402.464539
v 372.054565 3.293817 -402.361847
v 372.554352 1.553789 -403.242188
v 373.082886 -0.497334 -403.899231
v 374.231812 -0.528490 -401.767365
v 377.789429 -7.052682 -390.059631
v 377.786255 -8.275540 -389.920227
v 377.870972 -8.603298 -392.590881
v 373.655945 3.171228 -399.065460
v 374.431824 1.458677 -399.331787
v 375.126617 -0.451886 -399.566437
v 377.608307 -8.184279 -395.088806
v 377.138916 -7.944363 -397.197449
v 373.620514 1.424850 -401.365387
v 377.454254 -11.035143 -392.187408
v 377.643402 -9.114289 -389.297943
v 377.283203 -9.662856 -388.258911
v 376.739014 -9.637991 -387.103180
v 377.135956 -10.391434 -395.463837
v 375.717804 -2.483748 -399.678375
v 369.325043 8.932863 -399.260345
v 370.142944 8.126236 -399.139587
v 371.001434 7.153139 -399.107361
v 370.910583 6.371122 -400.558258
v 369.725586 7.581575 -400.789124
v 364.990631 11.501635 -400.109039
v 365.129181 10.039759 -402.196014
v 366.923096 9.583302 -401.726044
v 368.381012 8.706158 -401.249542
v 372.044037 5.846412 -398.914551
v 372.854980 4.622883 -398.910217
v 376.190308 -4.536709 -399.595215
v 376.541565 -6.490668 -399.286011
v 376.842010 -9.193367 -397.623047
v 376.682068 -8.154516 -398.696655
v 369.739288 -17.286472 -378.085510
v 368.927704 -18.060848 -378.409637
v 376.207916 -5.750831 -383.238373
v 376.526276 -5.613773 -384.230988
v 376.417908 -5.219217 -384.144226
v 376.818390 -5.359194 -382.941681
v 376.146118 -6.370112 -383.432220
v 376.479218 -6.301023 -384.501984
v 376.848175 -6.279594 -385.477539
v 377.313660 -6.900573 -385.237549
v 365.554871 10.128521 -387.276947
v 365.500641 10.094488 -387.560699
v 363.303253 8.430136 -404.831635
v 360.846771 8.443466 -404.995178
v 365.516205 8.259836 -404.224487
v 367.041138 8.069939 -403.427856
v 368.270020 7.409109 -402.914551
v 371.771484 5.343736 -400.344177
v 371.745911 4.600534 -401.383850
v 370.725830 5.354844 -402.122894
v 369.462189 6.392647 -402.631866
v 372.376678 4.407465 -400.413208
v 372.984009 3.099145 -400.860016
v 367.325073 6.910240 -404.399292
v 368.088562 6.510704 -404.068329
v 366.388184 9.999109 -373.917572
v 366.701630 9.532614 -373.989105
v 365.935974 10.137577 -374.084747
v 366.535309 9.522453 -374.248718
v 366.226074 10.051373 -374.023956
v 363.166138 14.512804 -391.487579
v 363.083313 14.587414 -392.471680
v 363.132324 14.385172 -393.612427
v 361.727600 14.314404 -393.467072
v 360.535248 14.144037 -393.691498
v 363.121948 13.662874 -395.149231
v 363.526123 13.025820 -396.908752
v 360.691101 10.975859 -372.527344
v 360.758148 8.375895 -370.432495
v 360.687927 11.808458 -373.302216
v 360.723389 12.851559 -373.776550
v 360.693542 12.397264 -373.716797
v 360.776581 13.137089 -373.640442
v 360.810608 13.363483 -373.429779
v 360.822937 13.522413 -373.152069
v 360.815979 13.642952 -372.817902
v 360.789307 13.494707 -372.230011
v 360.798309 12.978600 -371.291107
v 360.844940 12.527388 -370.302856
v 360.999359 12.588446 -369.147949
v 361.178192 13.122967 -367.805542
v 361.311310 13.131784 -366.150238
v 361.319336 12.377462 -364.758453
v 361.263000 11.243767 -363.874969
v 361.165649 10.038944 -363.424896
v 361.048859 8.915434 -363.206573
v 360.490204 14.497192 -391.472504
v 360.477783 14.493263 -392.288788
v 360.521637 14.379059 -390.883484
v 360.858795 14.393625 -390.882233
v 360.937744 14.279490 -390.354126
v 360.986237 14.203537 -389.656494
v 361.001221 14.284456 -388.841400
v 361.038269 14.579180 -388.023315
v 361.156311 15.127510 -387.090302
v 361.180634 15.623367 -386.119293
v 360.622711 16.125284 -385.186432
v 361.147461 16.063019 -385.119629
v 360.659912 15.666647 -386.186401
v 360.592865 16.627131 -384.242096
v 361.119934 16.482786 -384.189240
v 361.101410 16.881516 -383.388214
v 360.578857 17.052500 -383.470764
v 361.071533 17.273876 -382.610779
v 360.561737 17.439726 -382.711487
v 361.114105 17.656918 -381.907227
v 360.545959 17.845625 -381.980255
v 361.269745 18.664434 -379.649750
v 361.240326 18.463242 -380.514008
v 360.525085 18.587250 -380.507446
v 360.503937 18.732155 -379.626282
v 360.506348 18.125257 -378.366577
v 361.089478 18.083181 -378.332825
v 361.202972 18.464287 -378.901062
v 360.500641 18.533857 -378.890442
v 360.855774 17.647215 -377.929413
v 360.605103 16.601763 -377.453003
v 360.574585 17.112597 -377.645294
v 360.489655 14.385904 -392.879913
v 361.083405 14.378704 -392.848755
v 365.037567 12.301029 -398.521057
v 365.960327 11.932915 -398.509155
v 363.894135 12.610647 -398.437500
v 360.860138 15.901581 -377.390137
v 365.159088 10.451670 -386.984436
v 364.843109 10.334238 -387.045502
v 364.930176 10.907011 -387.153473
v 361.390045 14.665295 -378.968750
v 361.258026 14.976877 -379.200500
v 361.875580 13.993597 -379.566803
v 361.839813 14.399921 -379.870331
v 361.500702 14.608379 -378.767548
v 361.429993 14.907873 -378.459778
v 361.122406 15.082447 -377.424316
v 360.651703 15.126392 -377.308289
v 360.832703 15.086021 -377.318726
v 360.627228 15.938793 -377.321228
v 360.958038 15.077404 -377.346558
v 362.951202 15.281889 -381.051880
v 362.364563 15.403299 -379.126648
v 361.999634 15.018755 -379.745819
v 362.707855 14.572943 -382.913544
v 362.653687 14.284449 -383.719788
v 361.991516 14.605572 -377.539581
v 361.949890 14.673670 -377.936340
v 361.647766 14.800394 -378.271118
v 345.403687 -12.319612 -354.156342
v 347.511292 -11.929034 -356.392975
v 347.037720 -13.701464 -357.293518
v 344.812897 -14.266824 -355.257507
v 347.151306 -17.623266 -358.480225
v 347.749298 -19.864376 -358.491913
v 345.293304 -21.760975 -356.669708
v 344.478149 -18.964878 -356.630096
v 346.858002 -15.612268 -357.981781
v 344.478760 -16.463707 -356.109436
v 347.368286 -24.349735 -356.192902
v 349.584259 -21.920773 -358.293152
v 352.321136 -23.577900 -357.899109
v 350.586456 -26.427805 -355.446075
v 355.679596 -24.525299 -357.383179
v 354.681519 -27.212666 -354.522766
v 349.353027 -11.267952 -358.895935
v 349.057861 -12.907859 -359.604156
v 353.474091 -13.538887 -409.219482
v 350.413025 -12.637496 -407.485474
v 350.754395 -9.550336 -408.773438
v 353.753296 -10.123702 -410.491394
v 357.235931 -14.032002 -410.196899
v 357.300018 -10.459316 -411.520111
v 357.434326 -3.352730 -411.807770
v 357.317871 -6.869486 -412.023438
v 351.909760 -3.404793 -408.940948
v 354.438385 -3.399269 -410.603668
v 354.086853 -6.707191 -410.842224
v 351.373779 -6.427386 -409.140045
v 347.415985 -5.670737 -404.988647
v 347.973145 -3.233319 -405.044952
v 349.765686 -3.367212 -407.050995
v 349.179504 -6.074217 -407.131195
v 353.339264 -16.726479 -407.042389
v 350.298248 -15.458054 -405.377747
v 357.166260 -17.411669 -407.994476
v 357.636475 0.121512 -410.758667
v 352.324341 -0.477271 -408.190521
v 354.767273 -0.174104 -409.655701
v 355.308075 5.701486 -406.092377
v 355.059052 2.829849 -408.130859
v 352.674377 2.190495 -406.931793
v 352.898651 4.733418 -405.234314
v 357.839539 3.284005 -409.137604
v 358.063293 6.014549 -407.086945
v 348.106140 -13.945234 -403.380035
v 348.005035 -16.034805 -400.874603
v 346.321655 -14.185925 -399.155823
v 346.443359 -12.460774 -401.473572
v 353.260559 -19.455837 -404.173523
v 350.265930 -17.853712 -402.629303
v 356.994415 -20.518848 -405.230133
v 356.824768 -22.961708 -401.721100
v 350.234467 -19.797466 -399.421692
v 353.168701 -21.657444 -400.772186
v 346.307434 -15.598804 -396.347382
v 347.997375 -17.687258 -397.869263
v 348.247498 -19.700066 -390.752167
v 346.837799 -17.343895 -389.666748
v 346.454071 -16.687569 -393.197083
v 348.016541 -18.919506 -394.470123
v 350.407867 -22.098240 -391.934753
v 350.240143 -21.232735 -395.814972
v 353.192291 -23.243248 -396.973816
v 353.349426 -24.198391 -392.929901
v 353.598511 -24.331985 -388.842560
v 354.381409 -23.199772 -385.120178
v 352.148468 -20.762398 -384.647552
v 350.901337 -22.090019 -388.009888
v 357.198578 -24.938284 -385.532654
v 356.881958 -25.915844 -389.443756
v 356.811493 -25.828667 -393.624268
v 356.781921 -24.720737 -397.837341
v 347.617279 -17.344173 -386.262970
v 348.988464 -19.644539 -387.138184
v 350.265015 -18.669443 -383.969513
v 348.852783 -16.744499 -383.140167
v 356.115143 7.776171 -364.327576
v 355.821503 9.364117 -365.046265
v 354.522430 8.438410 -366.094513
v 354.631073 6.976322 -365.290314
v 357.765350 8.409626 -363.677521
v 359.400940 9.171431 -363.260345
v 358.573181 10.704012 -363.958191
v 357.184723 10.146975 -364.450958
v 358.288757 12.069416 -364.981232
v 356.908600 11.308237 -365.536224
v 358.239624 12.802814 -366.514374
v 357.047668 11.976267 -366.951599
v 356.519104 11.162113 -368.876740
v 356.849640 11.344076 -370.026550
v 355.850403 10.771971 -370.532532
v 355.511871 10.460346 -369.498840
v 355.784332 10.472134 -366.197754
v 356.074615 11.018116 -367.562592
v 355.182343 10.132917 -368.307190
v 354.713409 9.556053 -367.171021
v 353.748108 8.631491 -368.307983
v 353.372437 7.414196 -367.432739
v 354.186493 9.305344 -369.212341
v 354.813904 10.109337 -371.122528
v 354.516998 9.801535 -370.118927
v 356.103058 11.083168 -371.537140
v 355.227478 10.390659 -371.965210
v 357.093231 11.722975 -371.101013
v 357.875977 11.783142 -369.634216
v 357.520752 11.893267 -368.408936
v 358.565796 12.621950 -368.067444
v 358.826477 12.153040 -369.367584
v 358.005493 12.123194 -370.748871
v 358.990326 12.340731 -370.528076
v 359.082794 13.271410 -372.355042
v 358.263550 12.932692 -372.475250
v 358.108459 12.580744 -371.709869
v 359.054474 12.838467 -371.475403
v 357.227325 12.046801 -371.926697
v 357.432159 12.333952 -372.597351
v 356.642517 11.594374 -372.813538
v 356.380951 11.373867 -372.221588
v 355.957397 10.885803 -373.012238
v 355.593964 10.656788 -372.582214
v 357.800140 12.233524 -373.553284
v 357.861145 12.151424 -373.704742
v 357.205658 11.545368 -373.674042
v 357.179749 11.636683 -373.533478
v 358.524628 12.794353 -373.538513
v 359.299683 13.179482 -373.505981
v 359.317871 13.005590 -373.752563
v 358.567871 12.644211 -373.775482
v 359.577576 13.888838 -374.037109
v 359.052368 13.665960 -374.079224
v 359.129089 13.257601 -373.789612
v 359.592377 13.444763 -373.725891
v 357.985260 12.534468 -373.783173
v 358.580109 12.965582 -373.803833
v 358.467194 13.325518 -374.080658
v 357.867126 12.854887 -374.036194
v 357.255432 12.331448 -373.996552
v 356.658478 11.801025 -373.887115
v 356.765503 11.571098 -373.745789
v 357.358826 12.024843 -373.758667
v 356.103027 11.310345 -373.844513
v 356.247650 11.180258 -373.722321
v 355.648468 11.371822 -374.247070
v 356.254059 12.085600 -374.393524
v 356.042236 12.091595 -374.892029
v 355.345245 11.349873 -374.666901
v 357.567902 13.314026 -375.450928
v 357.558289 13.461432 -374.891449
v 358.261780 13.931707 -375.068054
v 358.310242 13.759275 -375.636353
v 358.987976 14.043085 -375.666138
v 358.979095 14.215443 -375.099182
v 359.551941 14.297113 -375.136536
v 359.538055 14.096281 -375.675201
v 352.202393 8.874308 -375.454773
v 352.952087 9.797304 -376.375458
v 352.461914 9.482283 -377.104584
v 351.501709 8.345823 -376.008026
v 353.235504 9.688486 -374.593170
v 353.908539 10.281227 -375.178528
v 353.399261 10.087990 -375.735504
v 352.709778 9.346205 -374.995483
v 355.694336 11.758610 -376.136322
v 354.736053 10.950188 -375.726776
v 355.056610 11.219826 -375.126282
v 355.857788 11.981247 -375.512115
v 359.572113 14.244547 -376.714844
v 359.002686 13.976028 -376.636780
v 358.990021 13.949100 -376.218353
v 359.580353 14.101215 -376.315094
v 357.601624 13.162580 -376.108612
v 358.323975 13.633280 -376.175812
v 358.403839 13.575266 -376.719147
v 357.653931 13.008080 -376.593567
v 353.999725 10.726006 -376.977478
v 353.585968 10.523058 -377.855957
v 359.240662 17.245655 -378.397705
v 358.636749 16.888983 -378.613708
v 358.987030 16.319489 -378.789062
v 359.686493 16.724485 -379.018005
v 358.999542 16.953886 -381.619141
v 359.426636 17.421841 -381.781158
v 359.506256 17.021948 -382.489258
v 359.095306 16.540909 -382.244751
v 358.680511 16.265354 -381.325592
v 358.787231 15.955662 -381.908051
v 355.995758 11.625292 -379.799316
v 356.307861 11.591257 -378.874054
v 357.040070 11.948202 -379.145416
v 357.097382 12.197292 -380.176025
v 358.913208 14.828749 -384.171936
v 358.873230 15.238523 -383.289398
v 359.191803 15.790113 -383.693817
v 359.213379 15.342154 -384.582062
v 359.160675 16.167286 -382.937103
v 358.830536 15.603294 -382.556885
v 359.546631 16.636047 -383.218750
v 359.554169 16.246748 -384.007507
v 359.582733 15.789434 -384.913025
v 359.715118 14.854097 -386.877167
v 359.291809 14.417942 -386.542603
v 359.219025 14.893074 -385.536743
v 359.615814 15.348440 -385.848938
v 349.605713 7.708275 -394.124939
v 349.798157 8.657148 -392.653290
v 350.861023 10.252991 -392.912354
v 350.767303 9.355843 -394.247559
v 359.889954 14.091991 -388.775024
v 359.416107 13.722872 -388.647339
v 359.382080 13.924408 -387.688019
v 359.849579 14.383364 -387.852966
v 349.946899 10.395433 -390.309509
v 351.011047 11.521353 -390.653137
v 350.846283 11.065380 -391.746765
v 349.815582 9.675484 -391.437531
v 353.059143 12.884256 -390.840546
v 352.083984 12.293055 -390.802094
v 352.247406 12.224968 -389.916931
v 353.242554 12.611227 -390.010590
v 350.313110 10.530556 -389.402954
v 351.298737 11.602257 -389.772614
v 349.783875 9.511320 -389.080261
v 349.276520 9.055937 -389.824768
v 350.300354 9.622974 -388.374512
v 350.792755 10.565321 -388.696747
v 351.545258 11.469017 -389.050385
v 352.427582 12.053152 -389.273743
v 353.358643 12.379084 -389.383606
v 351.600830 10.376436 -387.958801
v 351.438690 10.353191 -388.014435
v 350.857605 9.535500 -387.758484
v 351.058044 9.500748 -387.763458
v 352.139954 11.031084 -388.199493
v 351.971832 11.072556 -388.335846
v 353.547119 12.073759 -388.746582
v 352.765717 11.700552 -388.643799
v 352.844330 11.682112 -388.477478
v 353.538879 12.054857 -388.621582
v 355.330139 12.010853 -388.595459
v 355.350311 11.969334 -388.787201
v 354.408875 12.176712 -388.797699
v 354.405151 12.184896 -388.654419
v 354.319519 12.485434 -389.484863
v 355.302032 12.395765 -389.502594
v 355.317291 13.069576 -390.046906
v 354.253845 12.911776 -390.060760
v 356.768127 11.066084 -388.046661
v 356.780182 11.176332 -388.332214
v 356.140594 11.483553 -388.594238
v 356.098328 11.563984 -388.358917
v 359.195282 13.401567 -372.879425
v 358.398102 12.950827 -372.949432
v 357.607666 12.352856 -373.022339
v 356.883362 11.677114 -373.138336
v 356.219604 11.010990 -373.244354
v 355.918793 11.386015 -373.993347
v 356.497803 12.009439 -374.088623
v 358.384094 13.679226 -374.517853
v 357.707397 13.221474 -374.414215
v 358.996216 13.985712 -374.510071
v 359.549072 14.208427 -374.442749
v 356.118378 12.215145 -389.410278
v 356.888794 12.021252 -389.204376
v 357.088318 12.968758 -389.798523
v 356.213013 13.018009 -389.946930
v 358.796173 17.632133 -378.887054
v 358.342529 17.094532 -379.064606
v 358.197174 16.281115 -378.663879
v 358.534729 15.944063 -378.651306
v 357.960968 16.322571 -379.030670
v 358.523773 15.020016 -382.072418
v 358.495087 15.244432 -381.476440
v 357.781067 13.178770 -382.434875
v 357.835632 13.500675 -381.647339
v 358.192932 14.072412 -382.223297
v 358.189392 13.711473 -383.041473
v 358.160889 14.540771 -381.015900
v 358.186920 14.331888 -381.468292
v 357.833435 13.719833 -381.043335
v 357.722229 13.891850 -380.616974
v 357.533661 14.091057 -380.209839
v 358.010559 14.768087 -380.564789
v 357.761963 14.940142 -378.370850
v 357.887573 15.651859 -378.579803
v 357.616180 15.590847 -378.852234
v 357.446594 14.858397 -378.490448
v 358.080322 14.907278 -378.440735
v 358.229095 15.475182 -378.546143
v 359.714111 16.887568 -377.921082
v 359.810120 16.346184 -378.273987
v 358.721222 13.859865 -377.380615
v 358.560211 13.744564 -377.685150
v 358.290863 13.368792 -377.599213
v 358.402252 13.414053 -377.362366
v 359.906799 16.380442 -377.554810
v 360.311127 16.539913 -377.482361
v 360.154388 17.052584 -377.721649
v 359.590668 17.619936 -378.243469
v 359.300079 18.054539 -378.856445
v 358.969940 13.959799 -377.861023
v 359.266113 13.915911 -378.230835
v 359.010040 13.268410 -378.480591
v 358.776245 13.684179 -378.141327
v 359.883820 16.059113 -379.173584
v 359.959961 15.873085 -378.560181
v 359.268311 15.865322 -379.202667
v 358.294556 14.809362 -378.560059
v 358.395599 15.271887 -378.626984
v 358.439087 13.805893 -378.369232
v 358.548859 13.384153 -378.766846
v 358.988647 13.811790 -386.048950
v 358.895782 14.346909 -385.066498
v 352.702667 7.755766 -369.682617
v 352.248016 6.629095 -369.091736
v 353.086426 8.593431 -370.319489
v 353.465942 9.187164 -371.002319
v 353.958771 9.602194 -371.727051
v 354.460144 9.919226 -372.413666
v 352.396698 8.744267 -372.908508
v 352.784363 8.878361 -371.999573
v 353.299835 9.365128 -372.436462
v 352.987335 9.330462 -373.151306
v 352.304718 8.189564 -371.536804
v 351.920837 8.018080 -372.774658
v 351.313751 7.041227 -372.734070
v 351.830048 7.291260 -371.157898
v 350.564758 5.933125 -372.669739
v 351.224091 6.204887 -370.856232
v 351.905029 11.374992 -392.991730
v 351.874573 10.476650 -394.383270
v 351.956909 12.061033 -391.872223
v 350.776184 -13.560280 -362.540375
v 350.489105 -12.011506 -362.065582
v 350.454224 -11.299016 -364.740601
v 351.290619 -12.747132 -365.239502
v 352.078491 -16.542030 -363.113586
v 351.183167 -15.082199 -362.958038
v 351.949646 -14.261335 -365.697357
v 352.814789 -15.792293 -365.972382
v 355.434845 -18.815010 -363.049469
v 353.532959 -17.803776 -363.096954
v 354.196625 -17.105104 -366.209991
v 355.994110 -18.239763 -366.315033
v 357.936798 -18.977669 -366.460510
v 357.584869 -19.522911 -363.130341
v 349.099670 -14.558220 -360.200623
v 349.499512 -16.234541 -360.538300
v 350.325989 -17.958313 -360.639557
v 351.870880 -19.586411 -360.562714
v 354.080505 -20.901197 -360.414490
v 356.754425 -21.741199 -360.256226
v 350.585938 8.407915 -396.070953
v 351.636780 9.530828 -396.046875
v 351.633484 8.704391 -397.861115
v 350.615051 7.612438 -397.792572
v 349.538849 6.165077 -397.832031
v 349.477905 6.951010 -395.922882
v 348.396362 4.415595 -397.910461
v 348.298431 5.051371 -395.799377
v 352.654938 10.039268 -385.593506
v 352.737671 10.549429 -386.076843
v 352.015320 9.965233 -386.400848
v 351.855499 9.478718 -386.034515
v 353.568970 10.528248 -385.415588
v 353.578430 10.981756 -385.937927
v 348.823151 7.691833 -388.939636
v 349.429688 8.403814 -388.429352
v 351.437012 9.392305 -386.969330
v 350.943787 8.995058 -387.325531
v 350.451660 8.384022 -387.121033
v 351.173798 8.852848 -386.602631
v 358.606812 13.256680 -385.319611
v 358.564972 13.804487 -384.483459
v 353.595093 11.305193 -386.437256
v 352.954132 11.053406 -386.573456
v 352.168701 10.512764 -386.796234
v 352.943604 11.688799 -388.364807
v 353.106354 11.467848 -388.319611
v 353.759277 11.751064 -388.435028
v 353.632416 12.026930 -388.478546
v 351.253204 9.621334 -387.652588
v 351.530548 9.641611 -387.559235
v 351.968994 10.263319 -387.862152
v 351.726715 10.369669 -387.858124
v 352.514343 10.950850 -388.110046
v 352.269501 11.090757 -388.129974
v 356.064240 11.514229 -388.143982
v 355.940430 11.251328 -388.100372
v 356.701141 10.739782 -387.599609
v 356.789307 11.011568 -387.778717
v 354.383331 12.100866 -388.514282
v 354.454956 11.788143 -388.491089
v 355.220886 11.622276 -388.409149
v 355.277435 11.938633 -388.422546
v 351.679291 9.932186 -387.229004
v 359.546173 14.076090 -378.685242
v 359.448334 13.635334 -379.344147
v 359.859070 15.396065 -379.435303
v 360.127655 15.289988 -379.053467
v 359.405334 15.273384 -379.391632
v 358.449524 14.713205 -378.909607
v 358.518768 14.942104 -378.975891
v 357.324890 -1.674664 -370.720551
v 358.910767 -1.505042 -370.074860
v 358.476410 -2.593478 -372.571289
v 357.289337 -2.001552 -371.938690
v 357.881683 11.872782 -373.819733
v 357.177246 11.350203 -373.803192
v 358.648224 12.358253 -373.871643
v 359.385803 12.700087 -373.879425
v 347.839844 -14.449259 -382.369934
v 346.747284 -15.161557 -385.503265
v 346.022980 -15.169966 -388.684479
v 345.475708 -14.638975 -392.005066
v 346.074493 -5.326375 -402.740295
v 346.910065 -8.101512 -404.430145
v 345.707458 -7.492848 -402.255341
v 346.596680 -3.107487 -402.833771
v 348.275482 -11.511616 -405.341614
v 348.552246 -8.830875 -406.646576
v 350.281525 -0.781772 -406.483307
v 350.985840 3.474598 -404.343353
v 350.718719 1.502521 -405.546844
v 352.812439 10.621031 -396.074127
v 352.669617 9.747284 -397.892487
v 353.001617 12.179876 -393.061066
v 352.953308 11.384628 -394.449097
v 353.005829 12.728432 -391.955688
v 354.495728 11.206379 -385.964722
v 354.470215 11.378639 -386.457001
v 354.555481 10.823446 -385.406158
v 356.884399 12.823275 -374.646332
v 356.818024 12.780800 -375.204193
v 357.078339 12.618824 -374.270874
v 353.007965 5.965185 -366.764771
v 340.085358 -24.871984 -354.360748
v 342.529541 -28.946117 -352.486145
v 339.142639 -20.721096 -355.052124
v 341.979736 -20.004345 -355.653046
v 342.951202 -23.371159 -355.435425
v 345.208710 -26.625069 -354.285492
v 341.879456 -16.967934 -355.061829
v 338.897919 -17.001446 -354.435760
v 346.757996 -31.838181 -349.668823
v 348.930817 -29.097095 -352.972076
v 353.758453 -29.653025 -351.642487
v 352.573212 -32.257202 -347.918427
v 339.595337 -14.090993 -352.802521
v 342.329407 -14.364237 -353.946075
v 342.969177 -7.087427 -348.150269
v 345.647339 -8.782017 -349.397278
v 344.207275 -10.389247 -350.870636
v 341.599823 -9.495852 -349.084747
v 343.088409 -12.212866 -352.422180
v 340.604523 -11.873760 -350.637421
v 344.891754 -5.124674 -347.035370
v 347.416809 -7.178145 -348.157654
v 350.531036 4.860783 -370.547394
v 349.826843 4.700758 -372.689362
v 351.706055 5.253089 -368.512146
v 352.852539 3.610061 -366.164734
v 351.145325 3.445273 -368.328156
v 349.342163 -5.416328 -347.385284
v 347.277588 -3.577088 -345.936707
v 350.890778 -16.157799 -378.028870
v 349.982269 -16.229298 -380.357666
v 351.319733 -17.849474 -381.094269
v 352.016388 -17.320238 -378.505554
v 353.448059 -18.466490 -378.512787
v 352.929871 -19.529388 -381.622162
v 355.111389 -21.434780 -381.980682
v 355.623657 -20.167397 -378.761719
v 357.944153 -21.626457 -379.026001
v 357.743195 -23.166668 -382.236084
v 350.121613 -14.781677 -376.949860
v 348.922516 -14.178247 -379.328247
v 357.331177 10.883293 -387.612823
v 357.353882 10.927965 -387.937866
v 357.188019 10.601301 -387.240051
v 357.357483 10.861866 -387.253448
v 357.130219 10.901182 -386.671600
v 357.016846 10.655163 -386.837982
v 356.601349 10.639448 -386.989594
v 356.562805 10.906456 -386.879669
v 357.977051 12.898226 -389.535278
v 357.552917 11.870651 -388.897736
v 360.078430 15.841396 -377.397949
v 359.704742 16.019802 -377.802399
v 359.758148 15.648821 -377.590424
v 359.576569 15.252594 -377.774506
v 359.480530 14.918877 -377.777252
v 359.674500 14.851963 -377.521149
v 359.786438 15.233273 -377.534698
v 359.599304 15.409813 -377.876465
v 359.764435 15.723162 -378.148163
v 359.836914 15.210575 -378.498932
v 349.902771 8.746948 -388.016846
v 358.972443 13.127314 -387.147858
v 359.009064 13.182112 -388.381622
v 358.608917 12.351231 -388.130157
v 358.641022 12.121027 -387.246796
v 356.030090 10.997400 -385.636047
v 355.834747 11.116999 -386.210022
v 355.228516 11.204062 -386.080841
v 355.339417 10.954199 -385.524658
v 355.276611 13.743280 -390.863037
v 354.127350 13.372835 -390.883698
v 357.210968 13.976070 -390.557373
v 356.298615 13.901468 -390.752960
v 355.287354 13.770390 -391.965454
v 354.117767 13.276798 -392.015320
v 359.369598 13.772038 -389.556244
v 359.818787 14.025114 -389.608063
v 359.741699 14.216972 -390.445587
v 359.111572 14.087889 -390.400818
v 357.242798 14.366253 -391.627411
v 356.353088 14.133257 -391.782013
v 358.449402 12.665009 -388.904846
v 358.916016 13.383949 -389.414825
v 358.355133 13.882355 -390.305847
v 359.070343 14.455608 -391.353729
v 359.854675 14.499119 -391.360657
v 359.817169 14.535959 -392.276672
v 359.158997 14.542292 -392.353882
v 352.398865 9.886566 -384.830200
v 353.438202 10.460161 -384.602600
v 351.489471 9.180706 -385.283844
v 358.179016 13.303745 -383.870911
v 358.174194 12.817440 -384.647858
v 357.689392 12.394499 -384.057159
v 357.747131 12.802910 -383.284058
v 350.046295 7.672558 -386.752106
v 350.654907 8.324594 -385.886719
v 358.399109 11.873655 -386.480042
v 358.602142 12.593733 -386.071045
v 356.519562 11.718077 -382.141571
v 356.354889 11.431242 -383.067810
v 355.435638 11.125601 -382.781036
v 355.565979 11.280066 -381.756531
v 356.163727 11.050415 -384.834381
v 355.367126 10.953487 -384.649536
v 357.114380 11.874346 -383.518921
v 357.226227 12.245827 -382.660248
v 354.430176 10.835527 -383.637787
v 354.500000 10.812244 -384.572754
v 353.255219 10.523870 -383.643219
v 356.238434 11.217848 -383.983185
v 355.361206 11.018511 -383.772491
v 357.978729 11.680731 -385.879730
v 357.490112 11.449375 -385.411743
v 357.607300 11.925154 -384.784851
v 358.127106 12.241894 -385.347687
v 356.873840 11.201963 -385.058167
v 356.977509 11.530724 -384.319458
v 357.230682 11.100435 -385.905853
v 356.643036 11.026327 -385.728424
v 353.076233 10.552198 -381.231720
v 354.461456 10.937950 -381.473907
v 354.429077 10.874758 -382.584808
v 353.166748 10.574587 -382.469818
v 355.056549 11.802698 -397.709076
v 353.835785 10.840338 -397.899841
v 353.888855 11.525074 -396.059387
v 355.054413 12.313133 -395.922302
v 359.342102 13.165876 -397.093323
v 359.412018 13.595592 -395.215027
v 347.182404 3.876349 -392.155792
v 347.915466 5.426375 -390.640991
v 348.831451 6.986240 -392.059296
v 348.452545 5.868942 -393.721039
v 349.047516 8.163034 -390.891815
v 348.402130 6.711216 -389.751740
v 356.659668 11.024416 -373.611816
v 356.591187 11.068432 -373.520447
v 353.762024 10.051336 -374.231445
v 354.330200 10.581522 -374.690704
v 354.812378 10.423725 -373.905579
v 355.153442 10.800783 -374.086823
v 354.734131 10.742500 -374.327911
v 354.321960 10.319778 -374.022430
v 355.306183 10.307425 -373.233887
v 354.898407 10.167715 -372.932709
v 355.656647 10.468128 -373.383881
v 353.839386 9.724838 -372.883179
v 353.596954 9.719366 -373.316528
v 356.597534 10.904222 -373.764404
v 343.204651 -11.286526 -383.833496
v 343.596954 -10.856552 -381.904663
v 342.618195 -10.728264 -381.506226
v 342.050751 -11.645914 -383.591187
v 342.311646 -10.132347 -389.209503
v 342.200104 -10.996890 -388.440796
v 341.096954 -10.668159 -388.080994
v 341.323090 -9.848170 -388.839417
v 343.751648 -7.179282 -389.209106
v 343.044800 -8.090797 -389.485229
v 342.250916 -7.963181 -389.249817
v 342.973541 -7.052343 -388.970428
v 344.298676 -8.192854 -389.866974
v 344.507172 -7.140830 -389.757538
v 344.580261 -5.666441 -387.428375
v 344.991119 -4.810466 -388.254852
v 344.720215 -6.279662 -389.118958
v 343.811432 -6.275396 -388.392273
v 345.457275 -3.861588 -386.175873
v 345.462524 -5.069111 -385.789368
v 345.582153 -4.728426 -383.945984
v 345.571991 -3.700766 -383.938629
v 344.733582 -9.134581 -379.210632
v 345.528961 -7.870543 -378.643677
v 344.152283 -8.316568 -377.940308
v 343.505432 -9.157807 -378.870911
v 354.036957 12.251122 -394.436218
v 355.146942 12.959261 -394.423523
v 342.377075 -11.608274 -387.335022
v 342.853485 -11.701382 -385.761627
v 341.584412 -11.794613 -385.688477
v 341.219330 -11.329031 -387.133270
v 350.005768 -6.393826 -354.033997
v 349.022430 -8.316511 -354.790009
v 347.579712 -8.799548 -351.954071
v 349.085846 -7.097388 -350.960846
v 351.552155 -4.331005 -353.315155
v 350.588287 -5.210309 -350.175629
v 356.772461 12.056028 -381.209900
v 355.728149 11.517801 -380.729370
v 353.103088 10.538879 -379.960632
v 354.523285 11.090660 -380.360474
v 349.875793 3.093424 -370.605804
v 350.036713 -10.366475 -361.656860
v 349.991791 -9.663531 -364.245087
v 348.304352 -10.196602 -355.493103
v 349.824951 -7.460846 -357.851379
v 349.650940 -9.474355 -358.287384
v 350.570984 -5.532505 -357.332336
v 351.788696 -3.876370 -356.845276
v 346.606293 1.388196 -381.505615
v 346.856049 0.939492 -379.685394
v 347.411987 2.687065 -379.403717
v 347.071716 3.235641 -381.248413
v 346.089935 -0.336748 -381.736237
v 346.331024 -0.672031 -379.923645
v 345.870972 -0.019887 -383.538879
v 345.681763 0.355397 -385.399292
v 345.430481 -1.732139 -385.653381
v 345.564026 -1.947623 -383.766083
v 346.540131 -4.124569 -377.434235
v 346.059784 -3.626435 -378.993652
v 345.894226 -4.348200 -379.465424
v 345.591248 -4.515090 -377.937012
v 346.570068 -5.431468 -377.056671
v 345.459259 -5.483050 -376.998199
v 345.477295 -3.580396 -382.183014
v 345.369202 -4.368484 -381.998627
v 345.710693 -3.527367 -380.590118
v 345.596680 -4.369656 -380.740845
v 346.672302 -6.490507 -378.111725
v 345.114380 -7.070738 -377.178436
v 345.656555 -2.072250 -382.024719
v 345.832764 -2.294863 -380.237366
v 350.112823 -2.552763 -344.943542
v 351.450287 -3.937916 -346.792419
v 352.391968 -3.801161 -349.406952
v 353.177185 -3.141168 -351.986206
v 355.050385 -1.681197 -358.660400
v 353.654785 -2.387322 -359.202606
v 353.175079 -2.779128 -356.743988
v 354.427856 -2.118003 -356.273865
v 346.312256 -10.455709 -353.037598
v 345.534546 -13.113379 -387.738129
v 345.049927 -12.827246 -390.620850
v 347.020844 -13.054193 -382.755798
v 346.272675 -13.193498 -385.023285
v 344.329407 -9.632177 -389.141571
v 344.491669 -9.730240 -388.225250
v 344.634857 -9.911578 -387.380859
v 345.131104 -9.936996 -386.276031
v 355.183228 10.506222 -373.842377
v 355.454620 10.846025 -373.935852
v 356.245941 10.685478 -373.604736
v 356.106689 10.666857 -373.550140
v 354.851685 10.138666 -373.391235
v 355.294800 10.252979 -373.505371
v 355.084137 10.228764 -373.640259
v 354.663239 10.122231 -373.560272
v 354.391357 9.997782 -373.198364
v 354.192810 9.981270 -373.462097
v 356.293152 -0.638173 -371.141937
v 356.209167 -0.876040 -371.987915
v 356.187592 10.572996 -373.702789
v 357.031372 -2.123050 -348.577911
v 357.551147 -1.165232 -351.284729
v 358.205200 -0.185864 -353.997131
v 358.855438 0.676689 -356.848663
v 354.047607 -2.850268 -346.532593
v 352.953583 -1.648527 -344.179779
v 355.881134 -1.330190 -343.683899
v 356.492096 -2.153933 -346.117279
v 354.638733 -2.785843 -348.799805
v 355.325348 -2.037830 -351.948608
v 357.436157 -0.119260 -357.278198
v 356.295685 -0.958995 -357.979492
v 355.577515 -1.559074 -355.649261
v 356.672577 -0.989497 -354.656403
v 359.241302 1.799956 -359.652069
v 357.797150 1.025623 -359.926086
v 354.895050 4.980838 -364.594971
v 356.718719 5.797618 -363.621124
v 358.834320 6.530321 -363.043823
v 355.816803 2.871980 -363.812347
v 357.497162 3.659010 -363.232086
v 359.144135 4.275345 -362.953217
v 356.281189 10.962103 -373.710358
v 356.774658 11.307587 -373.727905
v 357.358154 11.656155 -373.758514
v 358.627991 12.498722 -373.721680
v 358.012695 12.089159 -373.757843
v 359.151062 12.796066 -373.655975
v 359.612915 12.985819 -373.594788
v 358.747528 12.017614 -373.809204
v 357.931549 11.580469 -373.775635
v 358.596466 12.062704 -373.888580
v 359.154266 12.301733 -373.794403
v 357.966034 11.715906 -373.933563
v 357.133118 11.036161 -373.755463
v 359.611694 12.474710 -373.748871
v 359.470428 12.304605 -373.790741
v 356.479279 10.554064 -373.781952
v 356.060638 10.309925 -373.749939
v 357.939178 11.097837 -373.442810
v 357.985504 10.460987 -372.451080
v 356.948853 10.016464 -372.623535
v 357.088776 10.562820 -373.434631
v 358.794006 11.519375 -373.451294
v 358.960419 10.765202 -372.482849
v 359.533600 11.752151 -373.433411
v 359.639374 10.970819 -372.542847
v 359.181244 11.889086 -374.266937
v 359.646545 12.011009 -374.264435
v 358.544220 11.617615 -374.282928
v 357.861908 11.229891 -374.226440
v 356.259918 10.147776 -373.576172
v 355.968292 9.620367 -372.948334
v 355.439178 9.446180 -373.331970
v 355.788086 9.908691 -373.675964
v 359.190552 8.608170 -370.330811
v 359.312653 3.670820 -369.633148
v 358.005707 3.465042 -369.718231
v 358.119415 8.581951 -370.500000
v 357.932922 7.577131 -376.300629
v 357.525238 1.754779 -375.728546
v 358.777710 1.863931 -376.331238
v 358.839020 7.930710 -376.674652
v 356.957062 7.337372 -375.800598
v 356.687469 1.702347 -375.145844
v 356.806702 3.117796 -370.042908
v 356.905426 8.333069 -370.789398
v 359.757751 8.207491 -376.948059
v 360.002899 8.716703 -370.460236
v 355.056885 7.505966 -374.430664
v 355.416046 2.383411 -374.204010
v 355.956390 7.285967 -375.255829
v 355.537872 2.780905 -370.799347
v 355.681335 8.119499 -371.444824
v 354.869965 8.128765 -372.495392
v 354.711182 2.802466 -371.895599
v 354.632294 2.390486 -372.804199
v 354.564301 7.469170 -373.352509
v 358.527832 10.753300 -374.989227
v 359.119873 10.946815 -375.051849
v 357.825928 10.455080 -374.838104
v 356.266205 9.750841 -374.492493
v 356.951202 10.079567 -374.661377
v 355.133453 9.262674 -373.573456
v 359.563263 10.987976 -375.173187
v 353.816711 11.056034 -386.731812
v 353.177246 10.822371 -386.841095
v 352.547821 10.475731 -387.095551
v 353.423706 10.931664 -388.776886
v 353.863739 10.997818 -388.911926
v 352.281494 9.875854 -388.080536
v 352.702637 10.305759 -388.394196
v 355.789612 10.537062 -388.332153
v 356.302612 10.390350 -387.835083
v 354.498871 11.098442 -388.913361
v 355.211700 10.836840 -388.679535
v 352.138184 10.078182 -387.372131
v 351.893066 9.712645 -387.699646
v 356.435608 10.038382 -387.279785
v 356.808197 10.630365 -387.195190
v 354.495667 11.143879 -386.728119
v 353.890808 10.497946 -386.237091
v 353.361816 10.169987 -386.381531
v 352.913910 9.865814 -386.636444
v 353.698303 10.576138 -388.339050
v 352.436676 9.528910 -387.248688
v 352.523071 9.658525 -387.730499
v 352.990326 10.141335 -388.103424
v 355.592773 10.306347 -388.015472
v 356.076813 9.935379 -387.383698
v 354.468140 10.703892 -388.346222
v 354.973938 10.564144 -388.188873
v 354.664764 10.601355 -386.327362
v 354.269440 10.271408 -386.855347
v 353.827881 10.153551 -386.867126
v 353.377930 9.975142 -386.846710
v 352.822266 9.739035 -387.205200
v 352.886780 9.852367 -387.408966
v 353.403076 10.146503 -387.497253
v 354.367523 10.408695 -387.527924
v 354.803589 10.365080 -387.467194
v 353.891998 10.341805 -387.561493
v 354.653290 10.313860 -386.860138
v 355.098785 10.266211 -386.872589
v 355.264984 10.238564 -387.387878
v 343.929810 -6.434986 -386.969940
v 344.782288 -6.206380 -385.639160
v 345.269958 -5.750337 -385.510101
v 344.051147 -6.056184 -387.076294
v 344.075897 -10.124277 -380.286285
v 343.039856 -9.876134 -379.974731
v 343.248627 -6.434312 -387.971008
v 343.297760 -6.766178 -387.722198
v 342.763763 -7.352909 -388.211243
v 342.547546 -7.084171 -388.521362
v 341.923248 -7.910506 -388.746216
v 342.111023 -7.994514 -388.370636
v 341.042297 -9.479066 -388.330994
v 340.781708 -10.237729 -387.709717
v 340.937378 -9.975523 -387.402435
v 341.220856 -9.322919 -387.922455
v 343.448425 -7.807652 -379.190643
v 343.185059 -8.591013 -379.976776
v 342.988770 -8.890315 -379.294678
v 343.353668 -8.026443 -378.250916
v 342.272339 -10.341474 -381.628998
v 342.719055 -9.422562 -380.140961
v 343.010468 -8.995030 -380.585297
v 342.429718 -9.985354 -381.915253
v 341.642303 -10.758496 -383.682587
v 341.551483 -11.154757 -383.567139
v 340.957153 -10.862813 -385.417358
v 340.823700 -10.502891 -386.578247
v 340.789154 -10.898993 -386.845154
v 341.001343 -11.304733 -385.516296
v 345.339569 -5.469783 -383.836304
v 344.847198 -9.355251 -383.644379
v 344.051514 -8.622521 -384.609619
v 342.593536 -8.983554 -384.805695
v 342.743927 -8.951220 -383.636322
v 342.199432 -9.671278 -385.029938
v 342.089233 -9.631348 -383.833984
v 341.885590 -10.593976 -383.766541
v 341.256439 -10.561995 -385.383698
v 344.982178 -5.070830 -381.940643
v 344.768402 -5.799065 -377.641663
v 343.998505 -7.013064 -377.555939
v 344.513153 -6.324452 -378.828247
v 344.028503 -7.108665 -378.803345
v 345.292175 -5.009553 -378.419556
v 344.916473 -5.579137 -379.311768
v 341.243835 -10.317643 -386.389404
v 342.947876 -8.851627 -385.802765
v 342.497284 -9.341158 -385.953552
v 345.610260 -6.202457 -382.843994
v 345.907257 -5.779060 -381.909729
v 345.228485 -5.549039 -381.757782
v 344.932220 -5.865380 -382.620544
v 345.662018 -4.811374 -379.800262
v 345.388519 -5.301153 -380.201477
v 345.497681 -4.893795 -380.848572
v 345.674866 -5.260446 -380.886108
v 346.172699 -5.551411 -381.135498
v 342.492920 -9.825616 -382.267639
v 342.341553 -9.131808 -382.584351
v 343.246582 -8.797915 -382.489655
v 347.056427 -6.625435 -381.737213
v 346.843506 -6.199677 -381.241394
v 345.759766 -5.791727 -380.644470
v 345.042206 -6.043482 -380.378815
v 346.089233 -6.553805 -380.708313
v 346.479523 -6.124965 -380.913910
v 344.251373 -6.386082 -380.236786
v 344.956604 -7.182034 -380.800781
v 344.132233 -8.470920 -381.592743
v 343.107544 -8.312443 -381.247986
v 343.878052 -7.629337 -380.431946
v 343.567657 -8.021735 -380.845734
v 343.938660 -7.065992 -380.206665
v 344.411163 -7.903277 -381.145569
v 345.281982 -9.071900 -382.466949
v 346.606628 -6.838404 -383.248718
v 346.081085 -8.245174 -383.595215
v 346.261353 -8.466815 -381.877411
v 348.639130 -12.801331 -377.776276
v 348.077057 -12.607548 -379.337860
v 345.400940 -10.086660 -382.564209
v 345.957153 -9.515563 -381.080353
v 347.221619 -7.210680 -379.568237
v 356.751007 12.630585 -375.851227
v 358.499207 12.912739 -373.274170
v 359.242401 13.318541 -373.243256
v 357.750122 12.334492 -373.285248
v 357.065186 11.682083 -373.336945
v 356.423553 11.051559 -373.397034
v 355.917816 10.593233 -373.495026
v 355.288361 11.328045 -378.513519
v 354.744385 11.207537 -379.326141
v 353.280731 10.490860 -378.828217
v 356.746643 12.436707 -376.474670
v 355.243988 11.251245 -377.570801
v 355.050873 11.116919 -386.778229
v 355.153351 10.616526 -386.404724
v 355.095398 11.376013 -386.528564
v 357.322968 11.330091 -373.911713
v 357.203033 10.862347 -374.176483
v 355.649475 10.641523 -373.751251
v 355.845459 10.865850 -373.740234
v 355.687622 10.902588 -373.831879
v 355.447815 10.589983 -373.791473
v 355.816376 10.501009 -373.613861
v 355.631958 10.442421 -373.694916
v 355.412170 10.357206 -373.680969
v 355.622131 10.409615 -373.568390
v 355.933472 10.517439 -373.649231
v 355.727356 10.419685 -373.710419
v 355.969421 10.749605 -373.711945
v 355.763184 10.590202 -373.747406
v 355.894196 10.404337 -373.722809
v 355.763428 10.198898 -373.762756
v 355.570282 9.907917 -373.767883
v 355.736115 10.358728 -373.778351
v 355.785187 10.445251 -373.800446
v 355.972504 10.560268 -373.811157
v 355.677643 10.182161 -373.800476
v 356.726349 11.024231 -373.855774
v 356.269867 10.756783 -373.831024
v 355.709167 10.242975 -373.834869
v 355.889374 10.312933 -373.885406
v 356.192078 10.473169 -373.924164
v 356.627136 10.693325 -374.042725
v 358.673706 17.710354 -379.618286
v 359.190613 18.174250 -379.613495
v 359.255768 18.035774 -380.407654
v 358.752228 17.538694 -380.354828
v 358.294312 16.998905 -379.678436
v 358.400452 16.815617 -380.231018
v 358.089264 15.992970 -379.998444
v 357.962067 16.195019 -379.532166
v 357.221893 14.626734 -378.850494
v 357.528839 15.405231 -379.289093
v 357.641510 15.243496 -379.731567
v 357.212524 14.450960 -379.344238
v 358.097656 13.736666 -377.922302
v 357.838562 14.310799 -378.201843
v 357.488983 14.129963 -378.124847
v 357.785889 13.446684 -377.849640
v 358.156799 14.278223 -378.396118
v 358.236725 13.851812 -378.060455
v 358.360779 14.266939 -378.607819
v 357.469543 12.295710 -377.675720
v 357.158295 11.950073 -378.092041
v 356.502991 11.682764 -377.961090
v 356.919525 12.162359 -377.208282
v 357.930420 12.850739 -377.603424
v 357.118591 12.953024 -378.441498
v 357.350189 13.165909 -378.021667
v 357.159363 13.897062 -378.396912
v 357.047302 13.729694 -378.908752
v 357.269745 12.334438 -378.277649
v 357.540405 12.558630 -377.906738
v 357.420746 13.329651 -380.243652
v 357.254272 12.871992 -379.847870
v 357.144287 12.812740 -379.407959
v 357.241638 13.404741 -379.826050
v 357.253510 12.734745 -379.899323
v 357.112030 12.423485 -379.310516
v 357.514771 13.145714 -380.520020
v 357.498474 12.854204 -381.020111
v 358.569397 13.820818 -379.265717
v 358.388641 14.294531 -379.035980
v 359.311554 14.164825 -379.337982
v 359.731659 14.406950 -379.120911
v 359.560913 14.799500 -379.414368
v 359.079620 14.696857 -379.284058
v 351.486938 9.652903 -379.448364
v 351.401093 9.935865 -380.940765
v 351.878876 9.349056 -378.094391
v 350.431030 7.604965 -377.005676
v 351.785309 8.141930 -374.108307
v 351.104279 7.217323 -374.402527
v 352.300781 8.795815 -373.897614
v 352.926453 9.369419 -373.831787
v 353.508423 9.770952 -373.759735
v 354.141998 10.093906 -373.743256
v 354.651215 10.214090 -373.729950
v 355.057159 10.316135 -373.747864
v 355.575134 10.478994 -373.734894
v 355.353973 10.418488 -373.740051
v 355.674377 10.455233 -373.751007
v 355.706848 10.381498 -373.786652
v 349.049225 3.081418 -372.850128
v 349.496704 4.906827 -374.940430
v 349.200409 5.585631 -377.139374
v 348.392548 3.826115 -377.358521
v 348.696777 3.289028 -375.118408
v 347.716217 2.133885 -377.531586
v 348.009064 1.631447 -375.407043
v 347.090668 0.467093 -377.789307
v 347.363007 0.029350 -375.776794
v 346.525055 -1.032048 -378.081421
v 346.839478 -1.447354 -376.203888
v 346.128998 -2.515807 -378.518250
v 346.536682 -2.892004 -376.811981
v 347.907318 -2.165812 -372.383942
v 347.278534 -1.842102 -374.273773
v 347.093781 -3.270961 -375.002869
v 347.699585 -3.698732 -373.181610
v 348.343689 1.339183 -373.229462
v 349.066437 1.258529 -370.987427
v 347.716766 -0.352050 -373.750763
v 348.362518 -0.632160 -371.655396
v 348.845520 -2.451941 -370.451172
v 349.469177 -0.716012 -369.654572
v 350.421326 1.428852 -368.713623
v 350.930939 -4.924650 -360.274841
v 350.121490 -6.702694 -360.777069
v 349.835785 -8.588542 -361.217377
v 352.200531 -3.430869 -359.723877
v 351.783386 -1.833663 -366.413513
v 352.967926 -0.074355 -365.588470
v 351.656677 1.132630 -367.062225
v 350.693512 -0.951463 -367.950165
v 349.878784 -2.809269 -368.791687
v 350.756470 -3.402220 -366.999908
v 349.238983 -4.594547 -369.660614
v 348.478973 -4.145376 -371.408936
v 347.093445 -4.416203 -375.725494
v 347.745331 -5.014662 -373.960022
v 354.179413 1.652497 -364.767456
v 359.310730 2.795181 -361.710388
v 356.550842 0.069160 -360.454620
v 355.270325 -0.993072 -361.080627
v 353.927246 -2.030973 -361.716187
v 351.156769 -4.416215 -362.853943
v 350.275177 -6.090863 -363.336884
v 349.926178 -7.888678 -363.766693
v 352.446960 -3.069518 -362.288025
v 349.791107 -7.279557 -366.136871
v 350.119293 -5.548537 -365.607544
v 349.788666 -5.011660 -367.665375
v 349.380249 -6.692353 -368.319061
v 351.058380 -4.002670 -365.055115
v 352.402771 -2.673667 -364.480835
v 357.875885 2.064560 -362.048706
v 353.847595 -1.321575 -363.834381
v 355.079773 0.002237 -363.149414
v 356.488739 1.194057 -362.486542
v 354.810608 -2.056279 -353.791168
v 353.770172 -2.556283 -354.037231
v 352.793182 -3.101323 -354.737579
v 347.260803 -5.607841 -376.431641
v 347.740295 -6.368744 -374.697937
v 347.673828 -7.596941 -375.348022
v 348.151978 -8.309380 -373.833618
v 348.128235 -7.061315 -372.913727
v 354.025116 -16.985817 -372.094757
v 353.492645 -17.379524 -375.492401
v 355.862701 -19.198177 -375.606110
v 356.138489 -18.595175 -372.435089
v 358.063324 -20.468498 -375.856476
v 358.122894 -19.654484 -372.717468
v 356.180481 -18.207176 -369.407990
v 354.301117 -16.969582 -369.206360
v 358.120087 -19.035152 -369.647400
v 348.761566 6.782038 -387.765137
v 349.437195 7.617775 -387.655365
v 345.895386 1.164155 -389.772125
v 346.660034 3.054825 -389.181030
v 345.925781 1.407925 -392.469238
v 349.867493 -9.044610 -366.758881
v 349.416107 -8.425141 -369.025208
v 352.856049 -15.467136 -368.762177
v 351.822510 -13.839370 -368.318054
v 351.095490 -13.669565 -371.027954
v 352.387451 -15.360722 -371.671326
v 350.861145 -12.304113 -367.846100
v 350.206970 -11.898202 -370.461151
v 349.597168 -10.006751 -369.804749
v 350.159515 -10.681635 -367.344513
v 344.629761 -2.895696 -395.511719
v 345.046326 -2.874520 -398.107635
v 344.707245 -4.959757 -398.157715
v 344.232849 -5.032797 -395.705109
v 344.598328 -3.108408 -392.781433
v 344.093506 -5.400852 -393.203278
v 343.892883 -7.525757 -393.531219
v 344.089752 -7.035462 -395.890747
v 345.275482 -13.756376 -394.968262
v 345.242950 -12.352957 -397.610413
v 344.546265 -6.909965 -398.125000
v 345.425903 -11.032877 -399.776031
v 345.557526 -9.441919 -401.278259
v 346.615479 -10.422287 -403.245392
v 347.692932 -8.607928 -376.142151
v 348.378082 -9.635242 -374.155945
v 347.854431 -9.817041 -376.590149
v 348.626709 -10.397084 -374.574341
v 345.251617 -10.242826 -384.420380
v 351.181671 10.561329 -388.174652
v 350.654297 9.654776 -387.922333
v 351.823029 11.309736 -388.487396
v 352.583221 11.903248 -388.806519
v 353.443848 12.237246 -388.941742
v 355.390900 12.103134 -388.916443
v 354.395355 12.358173 -388.979126
v 356.748749 11.451029 -388.555695
v 356.163361 11.750061 -388.821350
v 357.268158 11.259529 -388.266846
v 350.425568 8.926247 -387.593292
v 350.131989 8.414642 -387.454773
v 350.611908 8.875496 -387.488068
v 350.290192 9.023132 -387.777252
v 360.437256 14.506886 -376.937317
v 360.085724 14.561333 -377.036957
v 360.027496 14.140356 -376.406158
v 360.398560 14.072531 -376.351532
v 359.988434 14.059509 -375.619537
v 360.390839 13.974686 -375.569855
v 360.013916 14.307262 -375.054077
v 360.426971 14.294033 -374.995270
v 360.805206 14.300669 -374.948395
v 360.424530 14.300318 -374.320251
v 360.811768 14.249043 -374.279755
v 360.399902 13.981478 -373.875671
v 360.804260 13.944538 -373.836517
v 360.386810 13.569469 -373.569946
v 360.777374 13.556780 -373.498566
v 360.394135 13.149981 -373.445282
v 360.744202 13.166245 -373.373016
v 360.363220 12.603647 -373.614410
v 360.716370 12.625811 -373.596954
v 360.377167 12.150564 -374.196686
v 360.711212 12.143103 -374.104401
v 360.292877 11.078276 -375.225006
v 360.701080 11.035873 -375.218872
v 360.690735 8.069387 -376.984619
v 360.116272 11.030571 -372.538544
v 360.111816 11.842455 -373.381927
v 360.077698 12.847717 -373.805023
v 360.090271 12.446154 -373.757935
v 360.062347 13.155403 -373.671173
v 360.044647 13.352781 -373.434326
v 360.017426 13.512419 -373.176666
v 360.004395 13.608438 -372.816284
v 360.048981 13.418982 -372.230927
v 360.017334 12.893278 -371.337067
v 360.045593 12.458942 -370.335571
v 359.970093 12.516211 -369.151184
v 359.852203 13.029957 -367.838104
v 359.782257 12.401123 -364.803894
v 359.745697 13.157001 -366.281525
v 359.906403 11.201767 -363.852905
v 360.193573 10.136339 -363.390533
v 359.760254 7.748415 -363.064331
v 359.490540 14.418533 -377.174438
v 358.961243 14.094730 -377.218384
v 357.892883 12.804407 -377.407562
v 355.598267 11.480934 -376.832245
v 349.762756 8.814009 -380.732727
v 348.502106 7.068783 -380.769653
v 348.763611 6.339529 -378.934906
v 349.974915 8.213577 -378.944305
v 347.663391 5.128309 -380.966156
v 348.015625 4.468809 -379.130127
v 346.843170 3.759266 -383.077087
v 346.341248 1.859916 -383.317230
v 349.068146 6.878349 -386.378082
v 349.377014 7.824238 -384.776581
v 357.319183 14.385860 -392.641479
v 356.278900 13.995749 -392.854004
v 355.250153 13.492641 -393.024750
v 354.046967 12.842604 -393.045135
v 345.718903 0.773870 -387.441772
v 345.343262 -1.297689 -387.822906
v 345.142609 -3.510540 -388.074280
v 357.717529 11.112904 -387.056702
v 358.152008 11.420212 -387.152710
v 358.195770 11.481003 -387.793976
v 357.773529 11.060543 -387.426910
v 357.603363 11.118721 -386.732605
v 357.966217 11.383757 -386.649963
v 357.714935 11.298473 -386.201904
v 357.772461 11.068411 -387.725616
v 358.043549 11.825895 -388.524780
v 357.645142 11.233631 -388.074066
v 351.987091 9.994236 -383.798492
v 350.666992 9.147331 -384.130798
v 348.062286 5.880507 -388.096649
v 347.904846 5.792306 -386.292358
v 347.334167 4.593739 -388.468658
v 346.994598 4.308227 -386.584534
v 345.253510 -1.050446 -390.153992
v 344.912415 -3.041827 -390.353363
v 347.521149 5.711375 -382.839142
v 351.635895 10.124285 -382.467407
v 349.952209 9.258633 -382.556671
v 348.504242 7.711220 -382.724945
v 350.331116 6.244684 -374.785217
v 347.692688 5.997120 -384.618774
v 354.382874 10.791420 -376.386017
v 346.796417 4.115245 -384.810333
v 346.138184 2.235579 -385.096558
v 346.282349 2.609255 -386.976135
v 341.430878 -9.946370 -387.175873
v 343.885895 -8.494303 -386.570282
v 343.190308 -8.767626 -386.661621
v 344.204315 -9.005003 -389.662811
v 342.617859 -9.098769 -389.504913
v 341.702271 -8.938996 -389.214111
v 341.406372 -8.743015 -388.639526
v 341.601440 -8.701148 -388.190063
v 345.144318 -0.791930 -392.711761
v 344.707703 -4.239530 -390.427002
v 344.423584 -5.440808 -390.790039
v 345.717407 -8.328798 -385.203400
v 344.012177 -7.259041 -387.839294
v 344.565918 -6.992542 -387.266205
v 344.796661 -7.937874 -387.189789
v 344.087616 -8.174359 -387.377747
v 344.776733 -6.786723 -385.809875
v 343.364471 -7.796729 -388.202240
v 342.622955 -8.373960 -388.246948
v 342.274994 -10.494546 -386.385834
v 342.368774 -10.046749 -387.228058
v 342.075928 -10.582463 -385.327148
v 342.201233 -10.444679 -383.851898
v 341.672363 -9.417492 -387.727661
v 343.824432 -8.394832 -385.408020
v 342.066071 -8.917470 -388.043365
v 342.339935 -9.710060 -386.009857
v 342.745819 -9.141910 -386.697693
v 342.561829 -9.483992 -386.899628
v 342.327454 -9.962019 -386.161987
v 342.152435 -10.057025 -385.103058
v 342.187073 -10.248943 -385.216278
v 342.133789 -10.060977 -383.923706
v 342.580139 -9.071307 -381.744934
v 342.710236 -9.313188 -381.554749
v 342.440948 -9.556414 -387.883850
v 343.357147 -8.526299 -387.457764
v 342.838654 -9.020241 -387.617828
v 342.340088 -9.428363 -382.419861
v 345.212585 -0.746913 -395.366119
v 346.049103 1.291631 -395.236145
v 344.178497 -6.508612 -391.155975
v 344.518372 -4.128393 -391.731903
v 347.171570 3.374990 -395.256714
v 347.483154 -6.794250 -377.111816
v 347.458801 -7.841501 -377.990265
v 347.395325 -9.096889 -378.411316
v 345.963745 -11.525322 -384.684845
v 346.337250 -11.446993 -382.729004
v 345.487549 -11.360915 -386.638824
v 355.574554 11.006927 -386.859955
v 355.542877 10.414967 -386.515076
v 355.706940 11.266916 -386.664062
v 356.875763 11.023615 -386.386169
v 356.206421 11.051834 -386.782867
v 356.372589 11.043818 -386.305695
v 357.339111 11.052893 -386.460968
v 357.213501 10.570410 -386.928345
v 357.382874 10.862507 -386.868317
v 348.186005 -11.181728 -377.135132
v 347.453674 -10.498443 -379.142151
v 348.842590 -11.464825 -375.409637
v 349.435089 -13.154379 -375.902679
v 348.247314 -5.668180 -372.171600
v 348.879517 -6.155677 -370.360809
v 348.711151 -7.768546 -371.206848
v 348.778809 -9.374122 -372.277466
v 349.387634 -11.492794 -373.179169
v 350.252167 -13.452795 -373.700684
v 356.187714 12.957407 -395.654114
v 356.258392 13.620457 -394.153564
v 357.316254 14.060902 -393.906219
v 357.250305 13.325008 -395.426300
v 357.106476 12.843082 -397.061157
v 356.013672 12.438866 -397.265228
v 347.399261 2.913070 -397.793549
v 346.395782 1.139665 -397.851654
v 345.583649 -0.820560 -398.004395
v 344.322113 -4.946051 -391.921112
v 351.513062 -15.445519 -374.796051
v 355.271759 10.799976 -399.686157
v 353.659271 9.614410 -399.769989
v 358.732727 10.124346 -402.499176
v 358.945953 11.996210 -399.781738
v 349.578156 2.765989 -403.183563
v 349.110535 1.055928 -404.002533
v 348.575165 -0.943812 -404.654999
v 347.215424 -0.988583 -402.620941
v 344.220367 -8.050818 -390.939270
v 344.258331 -9.315051 -390.846893
v 344.033569 -9.359840 -393.587311
v 347.840088 2.620060 -399.960144
v 346.995605 0.948514 -400.189301
v 346.265717 -0.939547 -400.405396
v 344.201111 -8.843941 -396.035339
v 344.572388 -8.552898 -398.083893
v 347.863983 0.922993 -402.225677
v 344.539459 -11.681189 -393.115967
v 344.518860 -10.388824 -390.426300
v 344.832825 -11.023271 -389.135742
v 345.093567 -11.283339 -387.748993
v 344.614594 -10.901881 -396.367981
v 345.683044 -2.988297 -400.526001
v 352.684021 8.802969 -399.700867
v 351.802643 7.942091 -399.685608
v 350.846497 6.819252 -399.801483
v 352.168365 7.302120 -401.384735
v 350.862579 5.940279 -401.328339
v 356.750702 9.766575 -402.271362
v 356.932892 11.267904 -400.146973
v 355.102417 9.254786 -401.899506
v 353.620483 8.435562 -401.632294
v 349.714813 5.421504 -399.751190
v 348.735077 4.041476 -399.833710
v 345.255707 -5.076597 -400.471313
v 345.016052 -7.052903 -400.173523
v 344.826691 -9.728653 -398.513550
v 344.948029 -8.705760 -399.585876
v 352.320038 -16.892807 -376.859283
v 351.581329 -16.177303 -376.529907
v 345.556335 -6.583477 -383.774902
v 345.221039 -6.117610 -383.752686
v 345.353699 -6.175256 -384.926697
v 345.269287 -6.696342 -384.877472
v 345.838776 -7.304791 -383.914215
v 345.937653 -7.218284 -385.245361
v 345.206390 -7.349875 -386.169830
v 344.619385 -8.087339 -385.911713
v 355.587219 10.142160 -386.842133
v 355.709198 10.042730 -387.126556
v 358.446014 8.251123 -404.848999
v 356.343658 7.968893 -404.342438
v 354.877136 7.755539 -403.696777
v 353.596344 7.134314 -403.386230
v 349.894714 4.851217 -401.183472
v 349.880524 4.050714 -402.258362
v 350.987030 4.924038 -402.894012
v 352.324219 6.093918 -403.270477
v 349.194458 3.823217 -401.333038
v 348.534302 2.552677 -401.750854
v 354.536438 6.615723 -404.741302
v 353.737183 6.232182 -404.535919
v 355.554291 9.505718 -374.158234
v 355.745697 9.984367 -373.988190
v 355.564117 9.915720 -373.890778
v 355.344116 9.489313 -373.873077
v 356.056458 10.113462 -374.083527
v 358.220184 14.442154 -391.452087
v 358.298126 14.516748 -392.484589
v 358.335297 14.280954 -393.670044
v 359.391479 14.277905 -393.484741
v 358.430115 13.549746 -395.263458
v 358.155487 13.039593 -397.016418
v 360.190033 14.366177 -390.870697
v 360.224976 14.160055 -389.637604
v 360.607605 14.224642 -389.615387
v 360.555939 14.266762 -390.362701
v 360.180328 14.232714 -390.343414
v 360.294250 14.250582 -388.818695
v 360.653412 14.316290 -388.836823
v 360.295807 14.572485 -388.000397
v 360.679016 14.624516 -388.053314
v 360.199738 15.090445 -387.048798
v 360.681091 15.164785 -387.147095
v 360.125580 15.595572 -386.083588
v 360.086182 16.060396 -385.104706
v 360.050659 16.536896 -384.190765
v 360.033813 16.970333 -383.389984
v 360.018555 17.367680 -382.627319
v 359.941254 17.731188 -381.921570
v 359.805542 18.518095 -379.611877
v 359.843597 18.369995 -380.458618
v 359.879120 18.353895 -378.849792
v 359.961609 17.985332 -378.392212
v 360.534515 17.628012 -377.941162
v 360.228577 17.565510 -377.980804
v 359.908417 14.430832 -392.851288
v 356.121979 11.900152 -398.650299
v 356.927582 12.224323 -398.618042
v 357.874207 12.528318 -398.500092
v 360.375153 15.941814 -377.328217
v 355.873657 10.306404 -386.606323
v 356.223267 10.189161 -386.757324
v 356.071716 10.850245 -386.932709
v 359.829803 14.700098 -378.844025
v 359.986755 14.898664 -379.205841
v 358.753143 14.253340 -379.267426
v 358.721954 14.641888 -379.244415
v 359.644806 14.615513 -378.523651
v 360.119019 15.175285 -377.363220
v 360.470184 15.129522 -377.296570
v 360.321259 15.152063 -377.315552
v 358.424042 15.492632 -380.941467
v 358.656128 15.529842 -378.794769
v 358.762848 15.112108 -379.176147
v 358.539734 14.653967 -382.804474
v 358.561584 14.257956 -383.622772
v 359.856537 14.675131 -377.263336
v 359.422882 14.572851 -377.536072
v 359.127594 14.301229 -377.647217
v 359.634705 15.005100 -378.273468
v 359.316223 14.259531 -378.018982
v 359.462067 14.341574 -378.265076
v 364.183990 13.704119 -378.021423
v 364.031219 13.025366 -377.847229
v 363.824249 12.622934 -377.705261
v 374.480316 -8.806046 -378.209290
v 374.336456 -10.186536 -378.713013
v 364.226715 12.401789 -378.933014
v 364.299438 13.168816 -379.321777
v 364.169922 13.977320 -379.776855
v 363.694702 14.750963 -380.183899
v 363.095642 15.478458 -380.513458
v 362.534393 16.248720 -380.764801
v 362.096222 17.012976 -380.987549
v 361.681061 17.631950 -381.155853
v 361.168335 18.064224 -381.266846
v 360.529663 18.248201 -381.263702
v 359.891632 18.079967 -381.240631
v 359.319702 17.737951 -381.141083
v 358.835876 17.230576 -381.008453
v 358.532440 16.528173 -380.774689
v 358.273071 15.749218 -380.448090
v 357.811157 15.005917 -380.132538
v 357.332153 14.263485 -379.784149
v 357.097443 13.505850 -379.359039
v 357.088959 12.795025 -378.878601
v 357.139374 12.325478 -378.753998
v 374.278717 -11.528140 -379.523499
v 346.887451 -8.560946 -380.180084
v 373.684723 -13.528882 -379.926422
v 346.913849 -10.977706 -381.001465
v 347.500916 -12.805155 -381.248352
v 357.336334 12.619905 -381.793121
v 364.668518 12.067421 -377.526855
v 357.101715 11.922623 -378.735718
v 365.010406 11.904804 -379.153839
v 365.805939 11.633331 -377.907990
v 364.080688 12.559561 -377.310242
v 363.426453 13.134020 -377.199615
v 363.390961 13.092552 -377.496582
v 357.780212 12.845442 -377.075592
v 358.399231 13.482580 -377.042969
v 359.898193 11.062109 -375.241241
v 360.005371 12.118692 -374.273590
v 359.997131 12.586470 -373.702728
v 360.001678 13.084997 -373.502747
v 359.994049 13.524921 -373.656677
v 360.012451 13.921053 -373.993561
v 360.008575 14.274738 -374.402985
v 359.378784 14.622778 -377.852051
v 362.057404 14.384394 -378.130219
v 359.481598 14.600836 -378.170319
v 359.489899 14.848701 -378.041687
v 361.742432 14.583994 -378.408325
v 361.829712 14.398573 -378.473022
vn 0.0084 -0.1787 -0.9839
vn -0.0801 -0.1714 -0.9819
vn -0.0410 -0.5498 -0.8343
vn 0.0043 -0.5399 -0.8417
vn -0.0072 -0.7184 -0.6955
vn 0.0129 -0.7391 -0.6734
vn -0.0632 0.6269 -0.7765
vn -0.0529 0.6247 -0.7791
vn -0.0448 0.2775 -0.9597
vn 0.0505 0.3769 -0.9249
vn -0.0657 0.7585 -0.6483
vn -0.1319 0.7842 -0.6063
vn 0.0583 0.7973 -0.6008
vn -0.0687 0.8175 -0.5718
vn 0.0955 0.7207 -0.6867
vn 0.0218 -0.7958 -0.6051
vn -0.0933 -0.7995 -0.5934
vn 0.2910 0.8672 -0.4041
vn 0.2416 0.8655 -0.4388
vn 0.2947 0.8753 -0.3833
vn 0.2973 0.8652 -0.4037
vn 0.2775 0.8453 -0.4565
vn 0.3081 0.8515 -0.4243
vn 0.1942 0.8013 -0.5658
vn 0.1225 0.8004 -0.5868
vn -0.0092 0.8188 -0.5740
vn 0.2285 0.7946 -0.5625
vn 0.2560 0.8180 -0.5152
vn 0.3179 0.8096 -0.4934
vn 0.1526 0.7404 -0.6546
vn 0.2891 0.7272 -0.6226
vn 0.2514 0.7124 -0.6552
vn 0.2449 0.7819 -0.5733
vn -0.0731 0.8160 -0.5735
vn 0.0400 0.8811 -0.4712
vn -0.1087 0.8046 -0.5838
vn -0.0606 0.8583 -0.5095
vn 0.0928 0.8027 -0.5891
vn 0.0600 0.8481 -0.5264
vn 0.1121 0.9075 -0.4049
vn -0.0279 0.8921 -0.4510
vn 0.0433 0.8781 -0.4766
vn 0.2370 0.8040 -0.5453
vn -0.0126 -0.0957 -0.9953
vn -0.0406 -0.4455 -0.8944
vn -0.0399 -0.4579 -0.8881
vn -0.0075 -0.1046 -0.9945
vn -0.0287 -0.6889 -0.7243
vn -0.0525 -0.7089 -0.7033
vn 0.0154 0.4935 -0.8696
vn 0.0232 0.2696 -0.9627
vn -0.0124 0.1869 -0.9823
vn -0.0531 0.5359 -0.8426
vn -0.0334 0.7451 -0.6661
vn 0.0454 0.6938 -0.7187
vn 0.0002 0.7765 -0.6302
vn -0.0067 0.8116 -0.5842
vn 0.0813 0.6123 -0.7864
vn -0.0524 -0.7787 -0.6253
vn 0.0557 -0.7868 -0.6146
vn -0.2587 0.8775 -0.4037
vn -0.2318 0.8604 -0.4538
vn -0.2712 0.8575 -0.4371
vn -0.2634 0.8683 -0.4204
vn -0.2787 0.8435 -0.4592
vn -0.2125 0.8345 -0.5084
vn -0.2024 0.8449 -0.4952
vn -0.1707 0.8371 -0.5197
vn 0.0013 0.8428 -0.5382
vn -0.1277 0.8002 -0.5859
vn -0.2541 0.8024 -0.5400
vn -0.1754 0.8139 -0.5540
vn 0.0078 0.6939 -0.7200
vn -0.2900 0.7108 -0.6408
vn -0.1594 0.6897 -0.7064
vn -0.2719 0.7915 -0.5473
vn -0.1980 0.8648 -0.4615
vn -0.0937 0.8212 -0.5629
vn 0.0065 0.8720 -0.4895
vn 0.0988 0.8160 -0.5695
vn -0.2344 0.8669 -0.4400
vn -0.0343 0.8924 -0.4500
vn -0.1495 0.8074 -0.5708
vn 0.7279 0.5767 0.3709
vn 0.7103 0.4164 0.5675
vn 0.7597 0.4549 0.4646
vn 0.7466 0.5777 0.3300
vn 0.7091 0.5185 -0.4778
vn 0.6353 0.4767 -0.6075
vn 0.7970 0.2946 -0.5273
vn 0.8780 0.2758 -0.3913
vn 0.5202 -0.3593 -0.7748
vn 0.4925 -0.2803 -0.8240
vn 0.3033 -0.5498 -0.7783
vn 0.3126 -0.5572 -0.7693
vn 0.6232 0.1360 -0.7701
vn 0.7123 -0.0136 -0.7017
vn 0.1554 -0.6919 -0.7050
vn 0.0491 -0.7733 -0.6321
vn 0.0965 -0.7285 -0.6782
vn 0.1771 -0.6615 -0.7287
vn 0.0191 -0.8160 -0.5778
vn 0.0499 -0.7761 -0.6287
vn 0.0605 -0.8096 -0.5839
vn 0.0107 -0.7720 -0.6355
vn 0.8880 0.0278 -0.4591
vn 0.9550 0.0571 -0.2911
vn 0.5099 -0.3744 -0.7745
vn 0.4912 -0.2012 -0.8475
vn 0.6642 -0.1587 -0.7305
vn 0.6826 -0.3233 -0.6554
vn 0.0550 -0.2468 -0.9675
vn 0.2888 -0.2291 -0.9296
vn 0.2929 -0.4158 -0.8610
vn 0.0482 -0.4421 -0.8957
vn 0.2728 0.1428 -0.9514
vn 0.2820 -0.0557 -0.9578
vn 0.0444 -0.0592 -0.9973
vn 0.0173 0.1516 -0.9883
vn 0.6327 0.1827 -0.7525
vn 0.6488 0.0148 -0.7609
vn 0.4797 -0.0292 -0.8769
vn 0.4756 0.1601 -0.8650
vn 0.8479 0.1088 -0.5189
vn 0.7708 0.0656 -0.6337
vn 0.7544 0.1954 -0.6267
vn 0.8298 0.2090 -0.5175
vn 0.7000 -0.4427 -0.5603
vn 0.5199 -0.5202 -0.6776
vn 0.0382 -0.6030 -0.7968
vn 0.2895 -0.5788 -0.7623
vn -0.0103 0.3602 -0.9328
vn 0.2624 0.3510 -0.8989
vn 0.6085 0.3494 -0.7124
vn 0.4724 0.3487 -0.8095
vn 0.4286 0.5999 -0.6756
vn 0.5933 0.5341 -0.6022
vn 0.5904 0.4749 -0.6526
vn 0.4661 0.4990 -0.7306
vn -0.0324 0.6690 -0.7426
vn 0.2220 0.6526 -0.7244
vn 0.2513 0.5222 -0.8149
vn -0.0276 0.5292 -0.8480
vn 0.7985 0.5384 -0.2693
vn 0.6876 0.6378 -0.3472
vn 0.6569 0.6073 -0.4469
vn 0.7890 0.4830 -0.3798
vn 0.7141 -0.5357 -0.4506
vn 0.5226 -0.6382 -0.5652
vn 0.0291 -0.7369 -0.6754
vn 0.2858 -0.7090 -0.6447
vn 0.2797 -0.8217 -0.4965
vn 0.0111 -0.8559 -0.5170
vn 0.7190 -0.6174 -0.3193
vn 0.5229 -0.7398 -0.4234
vn 0.8860 -0.4265 -0.1817
vn 0.8282 -0.5083 -0.2360
vn 0.8271 -0.4436 -0.3453
vn 0.8869 -0.3707 -0.2757
vn 0.7880 -0.6113 0.0738
vn 0.8190 -0.5649 -0.1007
vn 0.8759 -0.4803 -0.0448
vn 0.8462 -0.5211 0.1113
vn 0.6873 -0.7263 0.0130
vn 0.5073 -0.8595 -0.0618
vn 0.5206 -0.8125 -0.2624
vn 0.7105 -0.6822 -0.1725
vn 0.4832 -0.8626 0.1499
vn 0.6528 -0.7294 0.2045
vn 0.6129 -0.7085 0.3500
vn 0.4636 -0.8238 0.3263
vn -0.0455 -0.9489 0.3124
vn -0.0289 -0.9938 0.1077
vn 0.2436 -0.9630 0.1151
vn 0.2255 -0.9272 0.2991
vn 0.2614 -0.9575 -0.1216
vn -0.0277 -0.9889 -0.1460
vn -0.0139 -0.9353 -0.3536
vn 0.2706 -0.9024 -0.3354
vn 0.7973 -0.5540 0.2395
vn 0.7471 -0.5859 0.3139
vn 0.6707 -0.6623 0.3339
vn 0.7317 -0.6402 0.2340
vn 0.5418 0.1738 0.8223
vn 0.6348 0.1968 0.7472
vn 0.6530 0.3546 0.6692
vn 0.4315 0.1705 0.8859
vn 0.5550 0.3287 0.7641
vn 0.4500 0.3382 0.8265
vn 0.3063 0.1947 0.9318
vn 0.5662 0.6193 0.5440
vn 0.6728 0.5711 0.4703
vn 0.6485 0.7526 0.1140
vn 0.5692 0.8114 0.1326
vn 0.5682 0.8218 0.0434
vn 0.5742 0.8024 0.1626
vn 0.4901 0.8641 0.1145
vn 0.5082 0.8597 0.0522
vn 0.7200 0.5614 0.4079
vn 0.6707 0.7091 0.2176
vn 0.6651 0.7316 0.1495
vn 0.7509 0.5365 0.3852
vn 0.8700 0.4869 0.0773
vn 0.7659 0.6426 0.0193
vn 0.6577 0.6720 0.3404
vn 0.7062 0.6556 0.2674
vn 0.6262 0.7401 0.2452
vn 0.5026 0.8436 0.1889
vn 0.4597 0.8872 0.0404
vn 0.3901 0.9172 0.0810
vn 0.5156 0.8539 0.0710
vn 0.4774 0.8787 0.0009
vn 0.3645 0.9289 -0.0655
vn 0.4547 0.8745 -0.1687
vn 0.5452 0.8349 -0.0756
vn 0.4858 0.8604 0.1538
vn 0.3215 0.9186 0.2300
vn 0.4109 0.8867 0.2117
vn 0.3409 0.8755 0.3424
vn 0.5375 0.8258 0.1705
vn 0.5751 0.8178 0.0228
vn 0.5714 0.8201 0.0310
vn 0.4943 0.8678 -0.0506
vn 0.5411 0.8295 -0.1380
vn 0.6066 0.7909 -0.0801
vn 0.3608 0.9316 -0.0449
vn 0.4158 0.8955 -0.1586
vn 0.5237 0.6612 -0.5372
vn 0.4523 0.7067 -0.5441
vn 0.4029 0.6445 -0.6499
vn 0.4488 0.5063 -0.7364
vn 0.5425 0.6490 -0.5334
vn 0.3867 0.4075 -0.8273
vn 0.2298 0.3693 -0.9005
vn 0.3921 0.6925 -0.6055
vn 0.1728 0.6835 0.7092
vn 0.1826 0.4845 0.8555
vn 0.1303 0.3837 0.9142
vn 0.1758 0.6631 0.7276
vn 0.2166 0.3649 0.9055
vn 0.3978 0.5644 0.7234
vn 0.3819 0.5785 0.7207
vn 0.1853 0.3551 0.9163
vn 0.4339 0.4918 0.7549
vn 0.2970 0.3178 0.9004
vn 0.3410 0.3032 0.8898
vn 0.4349 0.4276 0.7925
vn 0.3811 0.4456 0.8101
vn 0.3441 0.3367 0.8765
vn 0.3724 0.6892 0.6215
vn 0.4332 0.7985 0.4180
vn 0.5222 0.7791 0.3468
vn 0.5159 0.6577 0.5489
vn 0.6040 0.7966 0.0249
vn 0.5533 0.8261 -0.1066
vn 0.5632 0.8134 0.1452
vn 0.6037 0.7535 0.2603
vn 0.2661 0.9486 -0.1712
vn 0.0119 0.9872 -0.1592
vn 0.0703 0.9975 0.0094
vn 0.2670 0.9626 0.0458
vn 0.8159 -0.3706 -0.4437
vn 0.8827 -0.3100 -0.3531
vn 0.6794 0.7304 0.0700
vn 0.7492 0.6567 0.0861
vn 0.6623 0.7474 0.0529
vn 0.5896 0.8028 0.0887
vn 0.4867 0.8718 -0.0564
vn 0.5408 0.8397 0.0492
vn 0.5097 0.8484 0.1427
vn 0.5171 0.8532 0.0687
vn 0.1416 0.8606 0.4892
vn 0.0387 0.9857 0.1640
vn 0.2653 0.9642 0.0067
vn 0.3283 0.9229 0.2010
vn 0.5717 0.8015 -0.1754
vn 0.5399 0.7826 -0.3099
vn 0.5867 0.7715 -0.2461
vn 0.5420 0.8142 -0.2083
vn 0.6794 0.7197 0.1431
vn 0.5556 0.8278 0.0777
vn 0.5765 0.8165 0.0327
vn 0.6793 0.7291 0.0835
vn 0.3553 0.8520 -0.3844
vn 0.4804 0.6918 0.5391
vn 0.0574 0.4267 0.9026
vn -0.5700 0.7980 0.1956
vn 0.5169 -0.0331 0.8554
vn 0.1829 -0.4589 0.8695
vn -0.2684 -0.2662 0.9258
vn 0.3982 0.3237 0.8583
vn 0.8250 0.4488 -0.3434
vn 0.8245 0.4906 -0.2820
vn 0.7496 0.5773 -0.3239
vn 0.7403 0.5423 -0.3973
vn 0.8324 0.4486 -0.3254
vn 0.8377 0.4719 -0.2751
vn 0.8813 0.4536 -0.1326
vn 0.8550 0.5020 -0.1300
vn 0.8507 0.4951 -0.1765
vn 0.8640 0.4599 -0.2049
vn 0.8328 0.4993 -0.2389
vn 0.8467 0.4680 -0.2531
vn 0.7441 0.6269 -0.2309
vn 0.7591 0.5923 -0.2701
vn 0.7030 0.6729 -0.2301
vn 0.6368 0.6623 -0.3948
vn 0.6659 0.6839 -0.2982
vn 0.8592 0.4733 -0.1946
vn 0.8540 0.4356 -0.2846
vn 0.8430 0.5082 -0.1760
vn 0.8770 0.4056 -0.2578
vn 0.4867 0.8606 -0.1499
vn 0.5915 0.7162 -0.3703
vn 0.8098 0.5335 -0.2441
vn 0.6862 0.7251 -0.0586
vn 0.8993 0.3814 -0.2140
vn 0.7923 0.5288 -0.3044
vn 0.4704 0.8751 0.1137
vn 0.3032 0.8444 0.4416
vn 0.5003 0.7920 0.3500
vn 0.6163 0.7872 0.0223
vn 0.3123 -0.4149 0.8546
vn -0.2790 -0.5431 0.7920
vn 0.7649 0.4883 0.4202
vn 0.8994 0.4114 0.1479
vn 0.6888 0.4906 0.5337
vn 0.6819 0.5511 0.4809
vn 0.5887 0.6662 0.4579
vn 0.2087 0.8465 0.4897
vn 0.4172 0.7716 0.4801
vn 0.5249 0.5634 0.6380
vn 0.4958 0.5340 0.6849
vn 0.4757 0.4828 0.7353
vn 0.3727 0.4988 0.7825
vn 0.5519 0.6723 0.4935
vn 0.3221 0.5810 0.7475
vn 0.1784 0.7806 0.5990
vn 0.2335 0.9145 0.3305
vn 0.4633 0.8050 0.3705
vn 0.2957 0.6682 0.6827
vn -0.3025 0.9099 0.2840
vn -0.0880 0.9403 0.3287
vn -0.0459 0.7911 0.6100
vn -0.2142 0.7694 0.6018
vn 0.0029 0.8571 0.5152
vn 0.1084 0.7964 0.5950
vn 0.0452 0.6834 0.7286
vn -0.0942 0.8026 0.5890
vn -0.1492 0.9386 0.3111
vn -0.3629 0.8940 0.2627
vn -0.1394 0.7623 0.6320
vn 0.0817 0.7489 0.6576
vn 0.5755 0.7813 -0.2417
vn 0.4667 0.8802 -0.0857
vn 0.5405 0.7911 -0.2863
vn 0.5775 0.7579 -0.3033
vn 0.4510 0.8509 -0.2695
vn 0.5005 0.5365 0.6794
vn 0.3851 0.5567 0.7361
vn 0.4918 0.7112 0.5023
vn 0.5119 0.6667 0.5418
vn 0.1482 0.8708 0.4688
vn 0.2353 0.8471 0.4764
vn 0.3291 0.5981 0.7307
vn 0.1793 0.3172 0.9313
vn 0.4520 0.8865 0.0989
vn 0.4027 0.7819 0.4759
vn 0.5514 0.8320 -0.0615
vn 0.4709 0.8716 -0.1358
vn -0.0210 0.7135 0.7004
vn 0.0868 0.5834 0.8075
vn 0.1516 0.5593 0.8149
vn 0.1307 0.6641 0.7362
vn 0.8115 0.5689 0.1339
vn 0.7755 0.5215 0.3558
vn -0.3824 -0.1349 0.9141
vn 0.4363 0.4846 0.7582
vn 0.7939 0.6060 0.0494
vn 0.8568 0.4257 -0.2911
vn 0.8608 0.4438 -0.2489
vn 0.8155 0.5585 -0.1517
vn 0.8280 0.5236 -0.2005
vn 0.8527 0.4887 -0.1844
vn 0.8445 0.5285 -0.0872
vn 0.8817 0.3350 -0.3322
vn 0.9050 0.2204 -0.3639
vn 0.8959 0.4226 -0.1372
vn 0.8841 0.4182 -0.2087
vn 0.8853 0.1472 -0.4411
vn 0.8423 0.3152 -0.4372
vn 0.2918 0.4038 0.8671
vn 0.8215 0.3491 0.4508
vn 0.8290 0.5310 0.1754
vn 0.3712 0.4777 0.7962
vn -0.5849 0.1341 0.7999
vn -0.4854 0.0227 0.8740
vn 0.7575 -0.3383 0.5583
vn 0.8732 -0.2836 0.3963
vn 0.6160 0.7877 -0.0046
vn 0.7366 0.6628 -0.1347
vn 0.6990 0.6650 -0.2630
vn 0.6644 0.7472 -0.0156
vn 0.6392 0.2150 0.7384
vn 0.9811 0.0831 0.1748
vn 0.5715 0.1722 0.8023
vn 0.5704 0.3156 0.7583
vn 0.6423 0.6491 0.4075
vn 0.9235 -0.0397 0.3814
vn -0.7946 -0.2595 0.5488
vn -0.8593 -0.0642 0.5074
vn -0.3089 0.9318 -0.1905
vn 0.5094 0.5904 -0.6260
vn 0.9121 0.3782 -0.1584
vn 0.9249 0.3106 -0.2194
vn 0.8123 0.4724 0.3420
vn 0.7808 0.5605 0.2760
vn 0.7542 0.6072 0.2499
vn 0.7042 0.6643 0.2507
vn 0.5776 0.7849 0.2241
vn 0.3886 0.9088 0.1520
vn 0.8038 0.5839 0.1139
vn 0.7395 0.6665 0.0941
vn 0.7369 0.6577 0.1563
vn 0.8072 0.5723 0.1450
vn 0.8195 0.5580 0.1306
vn 0.8269 0.5481 0.1258
vn 0.8172 0.5522 0.1652
vn 0.8180 0.5588 0.1364
vn 0.8364 0.5228 0.1648
vn 0.8433 0.5202 0.1348
vn 0.4621 0.8715 -0.1643
vn 0.6536 0.6844 -0.3231
vn 0.8230 -0.3783 -0.4238
vn 0.8439 -0.5183 -0.1388
vn 0.8981 -0.4256 -0.1106
vn 0.9117 -0.2729 -0.3072
vn 0.5078 -0.7470 -0.4291
vn 0.6454 -0.7530 -0.1280
vn 0.7840 -0.6024 -0.1497
vn 0.6875 -0.5640 -0.4575
vn 0.2532 -0.8828 -0.3957
vn 0.3324 -0.9421 -0.0440
vn 0.4968 -0.8647 -0.0744
vn 0.3791 -0.8345 -0.3998
vn 0.1491 -0.9880 -0.0405
vn 0.1204 -0.9066 -0.4044
vn -0.0490 -0.9014 -0.4303
vn -0.0517 -0.9965 -0.0659
vn 0.7555 -0.1850 -0.6285
vn 0.5550 -0.4642 -0.6903
vn 0.3517 -0.6321 -0.6905
vn 0.2394 -0.6994 -0.6734
vn 0.1590 -0.7411 -0.6523
vn -0.0288 -0.7614 -0.6477
vn 0.0821 -0.7672 -0.6361
vn 0.7913 0.5803 -0.1926
vn 0.7746 0.5881 -0.2327
vn 0.7130 0.6497 -0.2636
vn 0.7108 0.6611 -0.2401
vn 0.7974 0.5615 -0.2211
vn 0.8139 0.5591 -0.1577
vn 0.8226 0.5266 -0.2145
vn 0.8309 0.5417 -0.1267
vn 0.5336 0.8350 0.1339
vn 0.6437 0.7652 0.0106
vn 0.7228 0.6342 0.2744
vn 0.5403 0.7211 0.4337
vn 0.2998 0.8088 0.5060
vn 0.3510 0.9024 0.2500
vn 0.7119 0.5723 0.4070
vn 0.8400 0.5088 0.1884
vn 0.7659 0.6258 0.1474
vn 0.6838 0.7284 -0.0428
vn 0.6651 0.7464 0.0226
vn 0.7087 0.6643 0.2376
vn 0.8726 0.4463 -0.1983
vn 0.8921 0.3768 -0.2495
vn 0.5073 0.8615 -0.0225
vn 0.2871 0.9559 -0.0618
vn 0.6921 0.7202 0.0472
vn 0.1086 0.5247 0.8443
vn -0.0170 0.5172 0.8557
vn -0.2911 -0.3211 0.9012
vn -0.4533 -0.1761 0.8738
vn 0.5844 0.5660 0.5815
vn 0.4957 0.5526 0.6701
vn -0.2287 0.2597 0.9382
vn 0.6677 0.6356 0.3874
vn 0.2989 0.5452 0.7832
vn -0.4855 -0.0305 0.8737
vn -0.0637 0.7231 0.6878
vn 0.0836 0.8862 0.4557
vn 0.7409 0.2287 0.6315
vn 0.5284 -0.1081 0.8421
vn -0.0869 0.5237 0.8475
vn -0.1260 0.6111 0.7814
vn 0.2614 -0.3105 0.9139
vn -0.0475 -0.3716 0.9272
vn 0.7841 0.6124 0.1012
vn 0.7098 0.4421 -0.5483
vn 0.8083 0.5456 -0.2215
vn 0.8405 0.3545 -0.4098
vn 0.9669 0.0677 0.2460
vn 0.5430 -0.3620 0.7577
vn 0.0851 -0.5186 0.8508
vn -0.6826 -0.2214 0.6964
vn -0.6169 0.0952 0.7813
vn -0.4268 0.4121 -0.8050
vn -0.5204 0.7444 0.4184
vn -0.1489 0.8448 0.5139
vn -0.2001 0.4752 -0.8568
vn 0.0816 0.1498 -0.9853
vn 0.1728 0.0837 -0.9814
vn 0.1266 -0.0000 -0.9919
vn 0.0527 -0.0164 -0.9985
vn 0.8692 -0.4309 0.2424
vn 0.8234 -0.4803 0.3022
vn 0.9154 -0.4022 0.0167
vn 0.8956 -0.4145 0.1618
vn 0.8951 0.1360 -0.4246
vn 0.9132 0.0128 -0.4074
vn 0.8689 -0.0373 -0.4936
vn 0.8778 0.2239 -0.4235
vn 0.8016 -0.2666 -0.5351
vn 0.7880 -0.1005 -0.6074
vn 0.7228 0.3319 -0.6062
vn 0.6705 0.5085 -0.5403
vn 0.6867 0.4440 -0.5755
vn 0.6588 0.7031 -0.2678
vn 0.6395 0.7232 -0.2609
vn 0.6057 0.6983 -0.3814
vn 0.5615 0.6915 -0.4545
vn 0.5396 0.7892 -0.2932
vn 0.0709 0.8802 0.4693
vn 0.0774 0.9874 -0.1382
vn 0.1539 0.9505 0.2699
vn 0.5923 0.7814 0.1965
vn 0.5950 0.6925 0.4079
vn 0.5319 0.5920 0.6055
vn 0.7304 0.2289 0.6435
vn 0.1229 -0.5189 -0.8460
vn 0.0048 -0.6905 -0.7233
vn 0.2111 -0.1863 -0.9596
vn 0.2396 -0.5387 -0.8077
vn 0.3722 -0.2330 -0.8985
vn 0.1034 -0.7077 -0.6990
vn 0.4484 0.2546 -0.8568
vn 0.2786 0.3577 -0.8913
vn -0.1355 -0.8088 -0.5723
vn -0.0131 -0.8121 -0.5834
vn -0.0845 -0.8854 -0.4571
vn -0.0081 -0.8554 -0.5179
vn -0.1306 -0.8890 -0.4389
vn 0.1191 -0.8976 -0.4243
vn 0.1007 -0.8505 -0.5162
vn 0.1224 -0.9139 -0.3871
vn 0.2850 0.6900 -0.6653
vn 0.4551 0.6093 -0.6493
vn 0.2621 0.6573 -0.7066
vn 0.2417 0.7001 -0.6719
vn 0.5581 0.7209 -0.4109
vn 0.5576 0.7446 -0.3669
vn 0.5060 0.7025 -0.5005
vn 0.2583 0.7469 -0.6127
vn 0.2183 0.7129 -0.6665
vn 0.4822 0.8200 -0.3084
vn 0.8599 0.4849 0.1595
vn 0.8518 0.5029 0.1468
vn 0.8245 0.3015 0.4788
vn 0.6786 0.0438 0.7332
vn 0.8030 0.1483 0.5773
vn 0.3993 0.8847 -0.2407
vn 0.1665 0.7668 -0.6200
vn 0.6250 -0.6810 0.3815
vn 0.5687 -0.7170 0.4031
vn 0.6022 -0.6899 0.4017
vn 0.6861 -0.6297 0.3643
vn 0.3875 0.8993 -0.2028
vn 0.2373 0.9644 -0.1172
vn 0.1636 0.9845 -0.0626
vn 0.2614 0.9490 -0.1761
vn 0.5480 -0.7398 0.3904
vn 0.4658 -0.7856 0.4072
vn 0.4536 -0.7641 0.4588
vn 0.5573 -0.7014 0.4444
vn 0.2424 -0.8657 0.4380
vn -0.0810 -0.8983 0.4319
vn -0.0742 -0.8922 0.4454
vn 0.2262 -0.8647 0.4485
vn 0.7030 -0.6181 0.3517
vn 0.7657 -0.5396 0.3499
vn 0.2688 0.9536 0.1358
vn 0.3641 0.7041 0.6096
vn 0.4473 0.8928 -0.0534
vn 0.4926 0.8051 0.3304
vn 0.3909 0.8642 -0.3168
vn 0.0786 0.8658 -0.4941
vn 0.4075 0.5027 -0.7624
vn 0.2267 0.7228 -0.6528
vn 0.3152 0.5999 0.7354
vn 0.3126 0.6620 0.6812
vn 0.8020 0.1813 0.5691
vn 0.9152 0.3104 0.2569
vn 0.9859 0.1473 -0.0794
vn 0.8039 0.5947 -0.0057
vn 0.6837 0.5139 0.5181
vn 0.5113 0.7480 0.4232
vn 0.6893 0.7244 -0.0096
vn 0.8745 0.4504 -0.1801
vn 0.9576 0.2676 -0.1063
vn 0.9243 0.3468 -0.1593
vn 0.6318 0.5811 0.5130
vn 0.9207 0.3514 -0.1697
vn 0.9135 0.3968 -0.0893
vn 0.8657 0.4829 0.1320
vn 0.8378 0.5449 0.0347
vn 0.0570 0.9984 -0.0020
vn 0.0235 0.9868 0.1603
vn -0.1288 0.9387 0.3197
vn -0.1579 0.9776 0.1393
vn 0.7734 0.6195 0.1348
vn 0.7767 0.6018 0.1859
vn 0.3203 0.9119 0.2567
vn 0.2119 0.8728 0.4397
vn 0.1790 0.7786 0.6015
vn 0.1347 0.7485 0.6494
vn 0.4312 0.8713 -0.2344
vn 0.3345 0.9338 -0.1273
vn 0.3943 0.8877 0.2379
vn 0.1227 0.9333 0.3376
vn 0.1864 0.9585 0.2156
vn 0.3357 0.9370 0.0972
vn 0.2636 0.9638 0.0390
vn 0.1523 0.9706 0.1865
vn 0.1566 0.8043 0.5732
vn 0.5076 0.7477 0.4281
vn 0.6365 0.6172 0.4625
vn 0.0006 0.9784 0.2065
vn 0.0673 0.9906 0.1193
vn -0.0579 0.9966 -0.0579
vn -0.0017 0.9988 -0.0496
vn 0.3230 0.9376 -0.1283
vn 0.4347 0.8626 -0.2586
vn 0.5115 0.7874 -0.3442
vn 0.8209 0.5245 -0.2257
vn 0.7923 0.5756 -0.2023
vn 0.7650 0.5955 -0.2454
vn 0.8146 0.5086 -0.2787
vn 0.5475 0.7686 -0.3310
vn 0.5632 0.8000 -0.2069
vn 0.8948 0.3603 -0.2635
vn 0.8669 0.4197 -0.2689
vn 0.5038 0.8463 -0.1729
vn 0.3563 0.9242 -0.1375
vn 0.2960 0.9451 -0.1388
vn 0.4602 0.8675 -0.1887
vn 0.6931 0.6983 -0.1786
vn 0.6531 0.7257 -0.2161
vn 0.2005 0.9748 -0.0976
vn 0.2774 0.9486 -0.1522
vn 0.2052 0.9780 -0.0373
vn 0.7683 0.5109 -0.3855
vn 0.7969 0.4999 -0.3393
vn 0.7292 0.6063 -0.3173
vn 0.6731 0.6371 -0.3757
vn 0.4911 0.8163 -0.3041
vn 0.5936 0.7549 -0.2789
vn 0.2930 0.9409 -0.1699
vn 0.5409 0.7901 -0.2884
vn 0.3410 0.9365 0.0814
vn 0.2815 0.9593 -0.0214
vn 0.2187 0.9732 -0.0714
vn 0.2772 0.9599 -0.0409
vn 0.5498 0.7913 -0.2674
vn 0.5306 0.7980 -0.2857
vn 0.6028 0.7529 -0.2643
vn 0.6095 0.7454 -0.2700
vn -0.0113 0.9444 -0.3287
vn -0.0150 0.9601 -0.2791
vn 0.0028 0.9504 -0.3111
vn 0.0402 0.9474 -0.3174
vn 0.8655 0.4990 -0.0437
vn 0.8509 0.5172 -0.0923
vn 0.8923 0.4328 -0.1284
vn 0.8854 0.4609 -0.0597
vn 0.9313 0.3516 -0.0948
vn 0.8985 0.4388 -0.0127
vn 0.3640 0.7611 -0.5369
vn 0.4177 0.7933 -0.4430
vn 0.5391 0.8321 0.1303
vn 0.5059 0.8470 0.1633
vn 0.1749 0.8669 0.4668
vn 0.3908 0.8884 0.2409
vn 0.3861 0.8517 0.3543
vn 0.2316 0.7746 0.5885
vn 0.2179 0.9757 -0.0220
vn 0.2472 0.9669 0.0636
vn 0.2539 0.9589 -0.1268
vn 0.5869 0.8023 0.1085
vn 0.5475 0.8210 0.1618
vn -0.0094 0.2405 -0.9706
vn -0.4108 -0.9115 0.0217
vn -0.1186 -0.9657 0.2310
vn -0.2443 -0.9456 0.2148
vn -0.1773 -0.9761 0.1253
vn -0.3091 -0.7037 -0.6397
vn 0.4645 -0.4944 -0.7347
vn 0.4701 -0.7292 -0.4973
vn -0.3542 -0.8359 -0.4194
vn 0.1460 0.5634 -0.8132
vn 0.4953 0.7591 -0.4224
vn 0.4856 0.4115 -0.7713
vn -0.0707 0.0624 -0.9955
vn 0.5808 -0.0436 -0.8129
vn 0.8909 0.2491 -0.3797
vn 0.8242 0.5308 0.1974
vn 0.5778 0.8096 -0.1031
vn 0.8890 0.4579 0.0070
vn 0.9418 0.2797 0.1865
vn 0.9916 0.0730 0.1070
vn 0.9987 0.0515 0.0052
vn 0.9847 0.1628 -0.0625
vn 0.9603 0.2606 0.0996
vn -0.1128 -0.8149 0.5685
vn -0.2188 -0.8614 0.4585
vn -0.4171 -0.7404 0.5271
vn -0.3631 -0.6398 0.6774
vn 0.4839 0.7989 -0.3573
vn 0.5540 0.7418 -0.3778
vn -0.4337 -0.8545 -0.2860
vn 0.4110 -0.8806 -0.2357
vn 0.1189 -0.9915 0.0533
vn -0.4961 -0.8577 -0.1347
vn 0.5638 0.8247 0.0444
vn 0.6224 0.7804 0.0604
vn 0.5059 0.8525 0.1318
vn 0.4573 0.8793 0.1333
vn 0.7234 0.6904 -0.0014
vn 0.6450 0.7629 -0.0442
vn 0.7211 0.6760 -0.1518
vn 0.8187 0.5641 -0.1073
vn 0.5132 0.8536 -0.0897
vn 0.3836 0.9196 -0.0847
vn 0.4172 0.8964 0.1497
vn 0.3483 0.9374 0.0006
vn 0.6780 0.7065 0.2030
vn 0.4794 0.8581 0.1838
vn 0.7757 0.5997 0.1964
vn 0.8145 0.5468 0.1940
vn 0.7997 0.5724 0.1812
vn 0.8388 0.4948 0.2273
vn 0.8624 0.4115 0.2947
vn 0.8770 0.3080 0.3687
vn 0.9779 -0.1963 -0.0722
vn 0.9768 -0.1148 -0.1806
vn 0.2684 -0.0273 0.9629
vn -0.0358 -0.1248 0.9915
vn 0.7822 0.6230 0.0001
vn 0.8846 0.4571 -0.0922
vn 0.6786 0.7329 0.0482
vn 0.9520 0.2773 0.1292
vn 0.9387 0.3086 0.1538
vn 0.9278 0.3364 0.1612
vn 0.9528 0.2749 0.1285
vn 0.9653 0.2196 0.1412
vn 0.9598 0.2509 0.1259
vn 0.9617 0.2397 0.1331
vn 0.9903 0.1206 0.0691
vn 0.9910 0.1023 0.0860
vn 0.9646 0.2473 0.0916
vn 0.7944 0.1315 0.5930
vn 0.7350 0.5637 0.3769
vn 0.8503 0.5088 0.1342
vn 0.9490 0.2743 0.1553
vn 0.1061 -0.6275 0.7714
vn 0.0965 -0.3202 0.9424
vn 0.9918 0.1107 0.0634
vn 0.9763 0.2033 0.0741
vn 0.9750 0.1322 0.1788
vn 0.9516 0.2648 0.1560
vn 0.0771 -0.8177 0.5705
vn -0.4475 -0.6827 0.5776
vn 0.9815 0.1618 0.1025
vn 0.9773 0.1324 0.1652
vn 0.1229 0.8126 -0.5697
vn 0.3170 0.9310 -0.1807
vn 0.4596 0.0877 0.8838
vn 0.4991 0.2956 0.8146
vn 0.6237 0.1861 0.7592
vn 0.5760 0.0697 0.8145
vn 0.7079 0.6812 0.1867
vn 0.6263 0.7637 0.1569
vn 0.5952 0.7978 0.0962
vn 0.6600 0.7429 0.1118
vn 0.9060 0.3370 -0.2561
vn 0.9614 0.1932 -0.1958
vn 0.7695 0.5589 -0.3089
vn 0.9444 -0.3069 0.1177
vn 0.9313 -0.2943 0.2147
vn 0.9219 -0.3232 0.2135
vn 0.8871 -0.3747 0.2695
vn 0.1522 -0.8762 -0.4572
vn -0.0576 -0.9823 -0.1781
vn -0.2633 -0.9475 -0.1815
vn 0.0119 -0.9803 -0.1970
vn 0.2207 0.6483 0.7287
vn 0.0680 0.8231 0.5638
vn 0.2994 0.8523 -0.4290
vn 0.3217 0.9110 -0.2581
vn 0.1586 0.9566 0.2446
vn 0.1851 0.9279 0.3236
vn 0.0375 0.9286 0.3693
vn 0.0447 0.9709 0.2351
vn 0.3288 0.9244 0.1935
vn 0.3833 0.9037 0.1909
vn -0.7437 0.3564 -0.5656
vn -0.7174 0.5802 0.3856
vn -0.0176 0.4016 -0.9156
vn 0.1354 0.9792 0.1508
vn 0.0786 0.9931 0.0868
vn 0.2667 0.9508 0.1574
vn 0.1778 0.8963 0.4062
vn 0.2231 0.9271 0.3012
vn -0.1562 0.9430 0.2937
vn -0.1017 0.9066 0.4096
vn 0.2300 0.9323 0.2793
vn -0.1528 0.9525 0.2634
vn 0.0746 0.9938 -0.0829
vn -0.0834 0.8637 -0.4971
vn -0.1007 0.8837 -0.4571
vn -0.0312 0.9990 -0.0314
vn 0.0943 0.9941 -0.0534
vn 0.1139 0.8851 -0.4513
vn 0.4225 0.8661 0.2673
vn 0.2740 0.9263 0.2586
vn 0.5443 0.7956 0.2660
vn 0.5213 0.8212 0.2320
vn 0.6582 0.7310 0.1799
vn 0.6867 0.6840 0.2460
vn 0.2615 0.8886 0.3767
vn -0.1217 0.9168 0.3803
vn 0.0801 0.9280 0.3638
vn 0.5528 0.7664 0.3273
vn 0.3043 0.0989 0.9474
vn -0.5210 -0.6251 -0.5812
vn -0.6582 -0.6097 -0.4416
vn -0.8325 -0.2489 -0.4950
vn -0.6099 -0.2148 -0.7628
vn 0.3045 0.3326 0.8926
vn 0.0174 0.0676 0.9976
vn -0.0128 0.3455 0.9383
vn 0.2525 0.1246 0.9595
vn 0.1431 0.0601 0.9879
vn -0.0592 -0.0951 0.9937
vn -0.1745 -0.2074 0.9626
vn -0.1827 -0.1871 0.9652
vn -0.0898 -0.2147 0.9725
vn 0.1131 -0.1286 0.9852
vn 0.0025 -0.1909 0.9816
vn -0.1747 -0.5074 -0.8438
vn -0.1196 -0.4733 -0.8728
vn -0.2172 -0.5459 0.8092
vn -0.3132 -0.5823 0.7502
vn -0.4082 -0.5986 0.6892
vn -0.3088 -0.5001 -0.8090
vn -0.0229 -0.5679 0.8228
vn -0.1253 -0.5406 0.8319
vn -0.0831 -0.4401 -0.8941
vn -0.4156 -0.4058 -0.8140
vn -0.3612 -0.2178 -0.9067
vn -0.2716 -0.6954 -0.6653
vn -0.4026 -0.6949 -0.5958
vn -0.3716 -0.6280 -0.6838
vn -0.2440 -0.6327 -0.7349
vn -0.1972 -0.6842 -0.7021
vn -0.1718 -0.6464 -0.7434
vn -0.1196 -0.6617 -0.7401
vn -0.0979 -0.6609 -0.7441
vn -0.2398 -0.6385 0.7314
vn -0.2874 -0.6478 0.7055
vn -0.3696 -0.6839 0.6290
vn -0.5095 -0.6674 -0.5432
vn -0.5344 -0.6231 -0.5710
vn -0.1591 -0.3184 -0.9345
vn -0.2271 -0.2818 -0.9322
vn -0.2448 -0.0229 -0.9693
vn -0.1829 -0.0414 -0.9823
vn -0.2752 -0.1306 0.9525
vn -0.2488 -0.1674 0.9540
vn -0.0938 0.3401 0.9357
vn -0.3104 0.2774 0.9092
vn -0.3856 -0.1160 0.9153
vn -0.4597 0.3249 0.8265
vn -0.3627 -0.2429 -0.8997
vn -0.3710 0.0012 -0.9286
vn -0.1218 -0.1157 0.9858
vn -0.1049 -0.3662 -0.9246
vn -0.7633 -0.1347 0.6319
vn -0.4812 -0.0979 0.8712
vn -0.6381 0.2153 0.7392
vn -0.6040 0.0052 -0.7970
vn -0.9755 -0.1128 0.1889
vn -0.9197 0.2339 0.3154
vn -0.8699 0.0222 -0.4927
vn -0.2869 -0.5241 0.8019
vn -0.2913 -0.5493 0.7832
vn -0.3337 -0.5142 0.7901
vn -0.4290 -0.4428 0.7873
vn -0.3795 -0.5000 0.7785
vn -0.8280 -0.5471 -0.1229
vn -0.0353 0.9243 0.3800
vn 0.1340 0.8456 0.5168
vn 0.3602 0.9155 0.1791
vn 0.3757 0.9043 0.2025
vn -0.3332 -0.5437 0.7703
vn -0.2007 -0.6170 0.7609
vn -0.1665 0.2374 -0.9570
vn -0.0513 0.0952 -0.9941
vn -0.1099 0.4947 -0.8621
vn -0.2559 -0.0340 0.9661
vn -0.4739 -0.1310 0.8708
vn -0.5163 0.1326 0.8461
vn -0.5149 0.4391 0.7363
vn 0.6501 0.2204 0.7271
vn 0.4878 0.0769 0.8696
vn -0.1557 -0.6874 0.7094
vn -0.2159 -0.6571 0.7222
vn 0.0382 0.9982 0.0468
vn 0.1343 0.7168 -0.6842
vn 0.7154 0.6956 -0.0655
vn 0.6074 0.7844 -0.1257
vn 0.0730 0.0284 -0.9969
vn -0.1549 0.4265 -0.8911
vn -0.0459 0.3688 -0.9284
vn -0.1830 0.5784 -0.7949
vn 0.1292 0.9047 0.4060
vn -0.3537 0.7135 -0.6048
vn -0.0004 0.9880 0.1543
vn -0.0875 0.8906 0.4463
vn -0.0603 0.8957 0.4405
vn 0.0503 0.9053 0.4219
vn 0.0626 0.3583 -0.9315
vn 0.2594 0.9639 -0.0607
vn 0.1133 0.9883 -0.1023
vn 0.4053 0.9091 -0.0961
vn 0.3399 0.9403 -0.0202
vn -0.0620 0.9780 0.1992
vn 0.0916 0.9791 0.1816
vn 0.2433 0.9559 0.1643
vn -0.0015 0.9922 -0.1246
vn -0.1733 0.9669 0.1874
vn -0.0860 0.9728 -0.2149
vn 0.8468 0.1337 0.5149
vn 0.6610 0.6849 0.3066
vn 0.8998 0.4344 0.0415
vn 0.7419 0.4812 0.4669
vn -0.1963 -0.9393 0.2813
vn -0.0373 -0.9608 0.2748
vn 0.7120 0.6486 0.2689
vn 0.6806 -0.2880 0.6737
vn 0.4640 -0.1169 0.8781
vn 0.7431 0.6262 0.2358
vn 0.3976 0.3064 0.8649
vn 0.7600 0.6404 -0.1107
vn 0.9128 0.0179 -0.4081
vn 0.6788 0.6814 0.2737
vn 0.8005 0.5669 0.1944
vn 0.9412 -0.1879 -0.2808
vn 0.8720 0.4444 0.2050
vn 0.6494 -0.3038 0.6971
vn 0.7173 -0.3707 0.5900
vn 0.8891 0.3790 0.2567
vn 0.7112 -0.4453 0.5439
vn 0.8983 0.2602 0.3540
vn 0.9224 0.2661 0.2799
vn 0.7508 -0.4045 0.5222
vn 0.7493 -0.5181 0.4125
vn 0.8906 0.3024 0.3397
vn 0.8982 0.3780 0.2243
vn 0.8268 -0.5281 0.1936
vn 0.9097 -0.4097 -0.0672
vn 0.8642 0.4764 0.1620
vn 0.9885 0.1481 -0.0288
vn -0.0502 0.9987 -0.0120
vn 0.1745 0.9847 -0.0035
vn 0.3314 0.9373 0.1076
vn -0.0547 0.9546 0.2928
vn 0.9389 0.3361 0.0740
vn 0.9024 0.4178 -0.1056
vn 0.2063 0.9777 0.0386
vn 0.4051 0.9143 0.0044
vn 0.9877 0.0246 0.1546
vn 0.6355 -0.1478 0.7578
vn 0.7114 0.3825 0.5896
vn 0.8736 0.4598 0.1590
vn 0.8174 0.5516 0.1661
vn 0.6734 0.6893 0.2672
vn 0.7345 0.6634 0.1428
vn 0.0878 0.9731 0.2129
vn 0.7449 0.6447 -0.1716
vn 0.3965 0.9177 0.0249
vn 0.7995 -0.4829 0.3573
vn 0.5909 -0.6927 0.4135
vn 0.6046 -0.7867 -0.1246
vn 0.9285 -0.3208 -0.1872
vn 0.6702 0.7248 -0.1597
vn 0.7031 0.7085 0.0599
vn 0.9491 0.3009 -0.0931
vn 0.6582 0.3504 -0.6664
vn 0.5058 0.0574 -0.8607
vn 0.7900 0.6014 0.1191
vn 0.1606 0.9744 -0.1575
vn 0.9115 0.3536 0.2103
vn 0.6906 0.4917 -0.5304
vn 0.3091 0.2533 -0.9167
vn 0.7866 0.5553 -0.2699
vn 0.5539 0.5491 -0.6258
vn 0.1878 0.5146 -0.8366
vn 0.2056 0.4428 -0.8727
vn 0.8474 0.5116 -0.1420
vn 0.3269 0.6236 -0.7101
vn 0.2398 0.9193 -0.3121
vn 0.7723 0.6212 0.1329
vn 0.7080 0.6995 0.0974
vn 0.7267 0.6863 0.0304
vn 0.7812 0.6201 -0.0716
vn 0.2548 0.8635 -0.4353
vn -0.1140 0.9299 -0.3498
vn 0.4657 0.7401 -0.4852
vn 0.7042 0.7067 0.0679
vn 0.9348 0.3436 0.0896
vn 0.8587 -0.3863 0.3369
vn 0.6185 -0.7164 0.3227
vn 0.7382 -0.5204 0.4292
vn 0.7725 -0.3661 0.5188
vn 0.7759 -0.2679 0.5712
vn 0.5736 0.8161 -0.0704
vn 0.1380 0.9866 -0.0874
vn 0.1194 0.9123 -0.3918
vn 0.5692 0.7207 -0.3957
vn 0.4781 0.7998 -0.3630
vn 0.5302 0.7015 -0.4762
vn 0.4855 0.7400 -0.4654
vn 0.4395 0.8133 -0.3814
vn 0.2893 0.9257 -0.2438
vn 0.4937 0.8566 0.1503
vn 0.4041 0.9140 0.0362
vn 0.4332 0.9008 0.0306
vn 0.4988 0.8437 -0.1986
vn 0.4307 0.9025 0.0025
vn 0.1448 0.0260 -0.9891
vn 0.0940 0.2529 -0.9629
vn -0.0867 0.9781 -0.1891
vn -0.0004 0.9431 0.3326
vn 0.3605 0.9328 -0.0007
vn 0.3152 0.9481 0.0414
vn -0.4198 -0.6195 0.6633
vn -0.4230 -0.7327 0.5331
vn 0.0629 0.3219 0.9447
vn 0.0635 0.7082 0.7031
vn 0.2498 0.4833 0.8391
vn 0.2905 0.3676 0.8835
vn -0.0310 0.9957 0.0877
vn 0.0061 0.9812 0.1927
vn -0.0269 0.9419 0.3349
vn -0.1561 0.9207 0.3578
vn 0.0904 0.9959 0.0048
vn 0.6094 0.7881 -0.0874
vn -0.1943 0.7749 0.6015
vn 0.2564 0.1152 0.9597
vn -0.1165 0.5813 0.8053
vn -0.1141 0.4520 -0.8847
vn -0.3301 -0.0815 -0.9404
vn -0.6663 -0.5632 -0.4887
vn 0.8381 -0.3183 0.4430
vn -0.8586 -0.1083 -0.5010
vn -0.9513 0.2474 0.1837
vn 0.0927 -0.4417 0.8924
vn -0.5068 -0.6923 0.5137
vn -0.7105 -0.3763 -0.5947
vn -0.2464 -0.6142 0.7497
vn -0.0437 -0.5748 0.8171
vn -0.1554 -0.6773 0.7191
vn -0.1172 -0.7299 0.6734
vn -0.3339 -0.7617 0.5553
vn 0.8398 0.5278 -0.1275
vn 0.8234 0.4397 -0.3587
vn 0.7027 0.6233 -0.3430
vn 0.6982 0.7140 -0.0517
vn 0.8416 0.4775 -0.2525
vn 0.8223 0.4143 -0.3902
vn 0.7982 0.5201 -0.3038
vn 0.7798 0.4616 -0.4229
vn 0.9706 0.2389 0.0291
vn 0.9583 0.1715 -0.2285
vn 0.8391 0.3860 -0.3834
vn 0.8811 0.4305 -0.1959
vn 0.4476 0.1426 0.8828
vn 0.2967 0.3406 0.8922
vn -0.6715 0.3813 0.6353
vn -0.8825 0.2798 0.3780
vn 0.2205 0.9732 0.0654
vn 0.5528 0.8315 0.0552
vn 0.6256 0.7788 -0.0454
vn 0.2884 0.9545 -0.0751
vn 0.9960 0.0020 0.0892
vn 0.9983 -0.0508 -0.0300
vn 0.9734 0.0061 0.2292
vn 0.9423 0.0057 0.3348
vn 0.6992 0.7102 -0.0824
vn 0.9431 0.1343 -0.3042
vn 0.9487 -0.0196 -0.3154
vn 0.9782 0.1676 -0.1226
vn 0.9643 0.1863 -0.1883
vn 0.4716 0.8705 0.1411
vn 0.6165 0.7762 0.1321
vn 0.8419 0.5396 0.0037
vn 0.7220 0.6914 0.0266
vn 0.7192 0.6871 -0.1036
vn 0.4271 0.9027 0.0512
vn 0.1327 0.9808 0.1427
vn -0.6252 0.4225 0.6562
vn 0.9180 0.3841 0.0983
vn 0.8950 0.3613 0.2615
vn 0.7920 0.1111 0.6003
vn 0.7623 0.0583 0.6446
vn 0.8340 0.5506 0.0353
vn 0.7016 0.7089 0.0726
vn 0.5810 0.7681 0.2691
vn 0.5281 0.8272 0.1920
vn 0.6431 0.7265 0.2422
vn 0.7927 0.5563 0.2493
vn 0.8827 0.4509 0.1322
vn 0.8898 0.4133 0.1934
vn 0.8793 0.4397 0.1831
vn 0.8479 0.4803 0.2245
vn 0.9272 0.3536 0.1234
vn 0.9232 0.3584 0.1386
vn 0.9650 0.2293 0.1272
vn 0.9571 0.2643 0.1185
vn 0.9788 0.1496 0.1399
vn 0.9867 0.0536 0.1537
vn 0.9734 -0.0523 0.2230
vn 0.9334 -0.2263 0.2784
vn 0.9616 -0.0027 0.2744
vn 0.9277 0.3001 0.2219
vn 0.9606 0.1571 0.2294
vn 0.9146 -0.1645 0.3694
vn 0.9059 0.0584 0.4194
vn 0.7846 -0.0453 0.6183
vn 0.8186 -0.2072 0.5356
vn 0.7788 0.0496 0.6253
vn 0.8868 0.1950 0.4191
vn 0.9374 0.3469 -0.0320
vn 0.9887 0.1076 -0.1040
vn 0.5411 0.8391 0.0555
vn 0.5401 0.8381 0.0765
vn 0.8101 0.2670 0.5219
vn 0.7349 -0.0180 0.6780
vn 0.6982 -0.0222 0.7156
vn 0.7469 0.1390 0.6503
vn 0.8947 0.3003 0.3306
vn 0.8397 -0.0328 0.5420
vn 0.9297 -0.0132 0.3682
vn 0.8801 -0.2375 0.4112
vn 0.9034 -0.3010 0.3053
vn 0.9778 0.1246 0.1682
vn 0.9360 -0.2200 0.2747
vn 0.9374 -0.1289 0.3234
vn 0.8299 -0.2484 0.4995
vn 0.6905 0.0910 0.7176
vn -0.0831 0.8202 0.5660
vn 0.2954 0.8010 0.5208
vn 0.7205 0.6427 0.2605
vn 0.7777 0.6007 0.1853
vn 0.7127 0.6871 0.1409
vn 0.9625 0.2656 0.0562
vn 0.8537 0.5108 0.1018
vn 0.7151 0.6882 0.1222
vn 0.9988 -0.0130 0.0477
vn 0.9900 -0.0341 0.1366
vn 0.9631 0.1848 0.1956
vn 0.9663 0.2333 0.1089
vn 0.8649 0.4734 0.1670
vn 0.7725 0.5768 0.2654
vn 0.5620 0.6772 0.4748
vn 0.7837 0.4944 0.3760
vn 0.8058 0.4061 0.4310
vn 0.7301 0.5133 0.4510
vn 0.5954 0.7948 0.1170
vn 0.4299 0.6274 0.6493
vn 0.5584 0.5498 0.6212
vn 0.8174 -0.3848 0.4288
vn 0.9415 -0.1565 0.2986
vn 0.9648 -0.1131 0.2373
vn 0.9992 0.0374 -0.0149
vn 0.9612 -0.1507 0.2309
vn 0.9186 -0.2543 0.3026
vn 0.5751 -0.7948 0.1939
vn 0.4437 -0.8669 0.2272
vn 0.4731 -0.8320 0.2898
vn 0.5788 -0.7734 0.2586
vn 0.2040 -0.9447 0.2566
vn 0.2285 -0.9177 0.3251
vn -0.0664 -0.9663 0.2486
vn -0.0735 -0.9419 0.3277
vn 0.3921 -0.9119 0.1210
vn 0.5502 -0.8286 0.1036
vn 0.1738 -0.9745 0.1421
vn -0.0589 -0.9895 0.1317
vn 0.6310 0.7626 0.1425
vn 0.7362 0.6767 0.0069
vn 0.9078 0.4191 0.0138
vn 0.8897 0.4557 -0.0286
vn 0.8849 0.4644 -0.0368
vn 0.9801 -0.1982 0.0099
vn 0.9732 -0.2003 0.1133
vn 0.6855 -0.7206 0.1044
vn 0.6799 -0.7091 0.1869
vn 0.7918 -0.5769 0.2008
vn 0.7894 -0.6033 0.1133
vn 0.8807 -0.4386 0.1789
vn 0.8474 -0.5253 0.0769
vn 0.9368 -0.3222 0.1362
vn 0.9164 -0.3995 0.0243
vn 0.9705 0.2404 -0.0177
vn 0.9909 0.1322 -0.0237
vn 0.9767 0.1569 -0.1464
vn 0.9555 0.2531 -0.1514
vn 0.9991 0.0317 -0.0265
vn 0.9879 0.0394 -0.1500
vn 0.9246 -0.3067 -0.2260
vn 0.9245 -0.3575 -0.1323
vn 0.9639 0.0498 -0.2615
vn 0.9479 0.1668 -0.2713
vn 0.9207 -0.2552 -0.2951
vn 0.8785 -0.2041 -0.4320
vn 0.9217 -0.1441 -0.3602
vn 0.8917 -0.3396 0.2993
vn 0.9360 -0.2348 0.2624
vn 0.8941 -0.3185 0.3148
vn 0.8808 -0.3620 0.3052
vn 0.4074 -0.9120 0.0484
vn 0.6313 0.4755 0.6127
vn 0.0074 -0.5690 0.8223
vn 0.2822 0.6672 0.6893
vn 0.1314 0.7372 0.6628
vn -0.1624 0.7642 0.6242
vn -0.0491 0.8113 0.5826
vn 0.1688 0.6575 0.7343
vn -0.0284 0.6883 0.7249
vn 0.3246 0.6525 0.6848
vn 0.5395 0.5483 0.6389
vn 0.5820 0.6360 0.5068
vn 0.6241 0.7234 0.2951
vn 0.6198 0.5295 0.5792
vn 0.9283 0.2557 -0.2698
vn -0.0344 0.7158 0.6975
vn -0.1242 0.9448 0.3030
vn -0.1462 0.9505 0.2741
vn -0.0064 0.7717 0.6360
vn -0.1965 0.9678 -0.1572
vn -0.1388 0.9792 -0.1479
vn -0.0916 0.9916 -0.0913
vn 0.0943 0.9084 0.4074
vn 0.2321 0.7027 0.6726
vn 0.2399 0.5007 0.8317
vn 0.1193 -0.0825 0.9894
vn -0.0049 -0.5775 0.8164
vn -0.0696 -0.7093 0.7015
vn 0.0626 0.4070 0.9113
vn 0.1059 0.8688 0.4837
vn -0.0185 0.4440 -0.8959
vn -0.0868 -0.0288 -0.9958
vn -0.0138 -0.6560 -0.7546
vn -0.0644 -0.6363 -0.7687
vn 0.0075 0.0579 -0.9983
vn -0.0517 -0.3965 -0.9166
vn 0.0719 0.4335 -0.8983
vn 0.1580 0.7449 -0.6482
vn 0.2315 0.8946 -0.3821
vn 0.2442 0.9697 -0.0090
vn 0.1781 0.9186 0.3527
vn 0.1505 0.8865 0.4376
vn 0.1569 0.9644 0.2127
vn 0.2097 0.9622 -0.1741
vn 0.2803 0.9405 -0.1920
vn 0.3549 0.9166 0.1842
vn 0.3539 0.7125 0.6059
vn 0.3042 0.4343 0.8478
vn 0.2301 0.2282 0.9460
vn 0.2067 0.1548 0.9661
vn 0.0462 0.1314 0.9902
vn 0.4117 0.8708 0.2687
vn 0.3282 0.8130 0.4810
vn 0.6306 0.7348 -0.2498
vn 0.5342 0.7798 -0.3264
vn 0.4071 0.8982 -0.1659
vn 0.4270 0.9039 -0.0260
vn 0.7293 0.6378 0.2475
vn 0.7522 0.5867 0.2999
vn 0.8472 0.4562 0.2724
vn 0.8507 0.4641 0.2467
vn 0.8887 0.4011 0.2221
vn 0.9067 0.3674 0.2072
vn 0.9472 0.2852 0.1468
vn 0.9432 0.3042 0.1336
vn 0.7020 0.6762 -0.2235
vn 0.6723 0.7079 -0.2166
vn 0.2077 0.9638 -0.1670
vn 0.3328 0.9042 -0.2677
vn 0.4166 0.8372 -0.3542
vn 0.4869 0.7670 -0.4178
vn 0.9783 0.1836 0.0963
vn 0.9452 0.3255 0.0244
vn 0.9818 0.0980 0.1630
vn 0.6542 0.7317 -0.1915
vn 0.6936 0.7202 -0.0144
vn 0.8098 0.5552 0.1898
vn 0.8439 0.5316 -0.0730
vn 0.7756 0.5835 -0.2409
vn 0.5743 0.7845 -0.2340
vn 0.6893 0.6395 -0.3404
vn 0.6073 0.6409 0.4695
vn 0.6133 0.6145 0.4962
vn 0.4813 0.6754 0.5588
vn 0.4084 0.8834 -0.2297
vn 0.5709 0.7745 -0.2722
vn 0.8424 0.5359 -0.0564
vn 0.8223 0.5490 -0.1496
vn 0.8955 0.4351 -0.0931
vn 0.8816 0.4658 -0.0760
vn 0.9552 0.2867 0.0732
vn 0.9729 0.1907 0.1305
vn 0.9098 0.4004 0.1093
vn 0.4609 0.8874 0.0103
vn 0.6841 0.7291 0.0232
vn 0.8289 0.5566 0.0553
vn 0.8666 0.4934 -0.0749
vn 0.5501 0.8341 0.0406
vn 0.9335 0.3579 0.0232
vn 0.9421 0.3262 0.0777
vn 0.9161 0.3992 -0.0375
vn 0.0299 0.9092 0.4152
vn 0.5117 0.8555 -0.0796
vn 0.4167 0.9081 0.0415
vn 0.2990 -0.5777 -0.7595
vn -0.2311 -0.4284 -0.8735
vn 0.4663 -0.1034 -0.8786
vn 0.8481 0.3671 -0.3820
vn 0.5034 0.6395 0.5810
vn 0.9392 0.3427 -0.0231
vn 0.9646 0.1857 0.1872
vn 0.9727 0.1817 0.1444
vn 0.6049 0.6575 0.4492
vn 0.8385 -0.2723 0.4719
vn 0.7827 -0.0480 0.6205
vn 0.8452 0.4160 0.3356
vn 0.6782 0.6994 0.2257
vn 0.8565 -0.1504 0.4938
vn 0.6098 0.2736 0.7438
vn 0.4500 0.4110 0.7928
vn 0.0659 0.9969 -0.0437
vn 0.3445 0.9305 -0.1244
vn 0.3186 0.9390 0.1294
vn 0.3802 0.8741 0.3022
vn 0.2979 0.9519 -0.0719
vn 0.4930 0.8637 -0.1048
vn -0.0505 0.8235 0.5650
vn 0.0470 0.9349 0.3517
vn 0.2211 0.5101 0.8312
vn 0.9311 0.3221 -0.1712
vn 0.9439 0.3132 -0.1044
vn 0.8751 0.4813 -0.0506
vn 0.7352 0.6697 -0.1046
vn 0.9916 0.0613 -0.1142
vn 0.9481 0.2995 -0.1066
vn 0.9807 0.1941 0.0236
vn 0.9537 0.1794 0.2413
vn 0.8692 0.4842 0.1003
vn 0.3853 0.7676 0.5121
vn 0.7353 0.6185 0.2771
vn 0.6369 0.7416 0.2107
vn 0.8502 0.4767 -0.2232
vn 0.8380 0.4570 -0.2981
vn 0.8119 0.5073 -0.2890
vn 0.9531 0.2308 0.1957
vn 0.9251 0.3483 -0.1515
vn 0.8858 0.4455 -0.1300
vn 0.9928 0.0991 0.0669
vn 0.9786 0.1760 0.1070
vn 0.8559 0.5057 -0.1081
vn 0.9098 -0.3079 0.2783
vn 0.8867 -0.2831 0.3657
vn 0.8957 -0.3205 0.3084
vn 0.9332 -0.3248 0.1540
vn 0.9352 -0.3451 0.0791
vn 0.0893 0.1652 -0.9822
vn 0.0896 0.0987 -0.9911
vn -0.2107 0.9613 -0.1775
vn -0.1618 0.9398 -0.3011
vn 0.5061 0.8429 -0.1830
vn 0.5252 0.7878 -0.3219
vn 0.5017 0.8217 -0.2705
vn 0.8606 -0.3844 0.3339
vn 0.8698 -0.3435 0.3541
vn 0.7920 -0.5081 0.3383
vn 0.8221 -0.4392 0.3622
vn 0.9608 -0.0626 0.2700
vn 0.9466 -0.2118 0.2430
vn 0.9225 -0.3069 0.2343
vn 0.8879 -0.3940 0.2376
vn 0.7975 -0.5511 0.2456
vn 0.4029 0.8569 -0.3215
vn 0.2364 0.9058 -0.3515
vn 0.2297 0.9174 -0.3249
vn 0.3796 0.8629 -0.3336
vn 0.2605 0.9239 -0.2803
vn 0.4271 0.8644 -0.2653
vn 0.8783 0.4134 -0.2404
vn 0.9064 0.3338 -0.2588
vn 0.9849 0.1412 0.0997
vn 0.6755 -0.6961 0.2432
vn -0.0226 0.8110 -0.5845
vn -0.0172 0.8732 -0.4871
vn 0.0773 0.8705 -0.4860
vn 0.0990 0.8062 -0.5834
vn 0.7487 0.4725 -0.4649
vn 0.7744 0.4051 -0.4860
vn 0.8055 0.3117 -0.5040
vn 0.8579 0.3076 -0.4115
vn 0.9985 0.0376 0.0400
vn 0.9945 -0.0979 0.0365
vn 0.9914 -0.1186 -0.0548
vn 0.8645 0.3920 -0.3146
vn 0.8886 0.3175 -0.3312
vn 0.9805 -0.1124 -0.1613
vn 0.9661 -0.0843 -0.2438
vn 0.8340 0.3864 -0.3939
vn 0.9635 -0.2630 -0.0509
vn 0.9791 -0.1869 0.0807
vn 0.9448 -0.2492 0.2125
vn 0.9039 -0.3473 0.2495
vn 0.9541 -0.2395 -0.1799
vn 0.9075 0.2407 -0.3442
vn 0.6661 0.6599 -0.3476
vn 0.7029 0.6266 -0.3366
vn 0.7430 0.5873 -0.3210
vn 0.7095 0.5741 -0.4086
vn 0.6675 0.6035 -0.4361
vn 0.2383 0.8229 -0.5157
vn 0.2484 0.7847 -0.5679
vn 0.4542 0.7280 -0.5135
vn 0.4792 0.7731 -0.4155
vn 0.6093 0.7034 -0.3660
vn 0.6051 0.6508 -0.4586
vn 0.7820 0.5494 -0.2944
vn 0.9231 0.1570 -0.3512
vn 0.9384 0.0458 -0.3424
vn 0.9466 -0.1964 -0.2558
vn 0.9453 -0.0901 -0.3135
vn 0.6064 -0.7207 0.3359
vn 0.5935 -0.7339 0.3304
vn 0.7162 -0.5198 0.4657
vn 0.9296 -0.1970 0.3114
vn 0.9907 -0.0942 -0.0983
vn 0.7784 -0.5969 0.1945
vn 0.9325 -0.1205 0.3405
vn 0.9134 -0.1843 0.3631
vn 0.8154 -0.0613 0.5757
vn 0.3197 0.7566 0.5704
vn -0.0923 0.9253 -0.3677
vn -0.1649 0.9863 -0.0078
vn 0.1512 0.7529 -0.6405
vn -0.0282 0.7661 -0.6421
vn 0.3001 0.7175 -0.6286
vn 0.4562 0.6728 -0.5825
vn 0.6017 0.6030 -0.5238
vn 0.7560 0.5405 -0.3693
vn 0.7366 0.5158 -0.4375
vn 0.6795 0.5494 -0.4862
vn 0.6452 0.5707 -0.5079
vn 0.7902 0.4993 -0.3553
vn 0.8090 0.4529 -0.3748
vn 0.4947 0.6144 -0.6146
vn 0.5830 0.5718 -0.5772
vn -0.7306 -0.6107 0.3055
vn -0.7949 -0.4738 0.3790
vn -0.2331 -0.6967 0.6785
vn -0.6853 -0.4587 0.5657
vn -0.4322 -0.6104 0.6638
vn 0.0361 0.9973 0.0642
vn 0.0457 0.9971 -0.0615
vn 0.0412 0.9677 0.2488
vn 0.0450 0.9945 -0.0947
vn 0.0637 0.9476 -0.3130
vn -0.0513 0.9527 -0.2995
vn -0.0151 0.9458 -0.3243
vn 0.0861 0.9317 -0.3529
vn 0.1091 0.9476 -0.3004
vn -0.0728 -0.6513 -0.7553
vn -0.0995 -0.2471 -0.9639
vn -0.0228 -0.6453 -0.7636
vn 0.0148 0.1255 -0.9920
vn -0.0012 -0.4071 -0.9134
vn 0.0150 0.5495 -0.8354
vn 0.0094 0.7841 -0.6206
vn 0.0129 0.9169 -0.3990
vn 0.0003 0.9995 0.0300
vn -0.0217 0.9143 0.4045
vn -0.0196 0.8904 0.4547
vn -0.0001 0.9876 0.1573
vn 0.0259 0.9692 -0.2450
vn 0.0559 0.9832 -0.1740
vn 0.0804 0.9664 0.2440
vn 0.0851 0.7714 0.6306
vn 0.0865 0.5155 0.8525
vn 0.0936 0.2525 0.9631
vn 0.0789 0.1582 0.9843
vn -0.0088 0.9790 0.2037
vn 0.0398 0.9824 0.1823
vn 0.0721 0.9859 0.1511
vn 0.1459 0.9891 0.0177
vn 0.2452 0.9451 -0.2160
vn 0.3053 0.8486 -0.4321
vn 0.3311 0.8204 -0.4661
vn 0.3428 0.8507 -0.3985
vn -0.0040 0.9007 -0.4344
vn 0.3864 0.8477 -0.3635
vn -0.0345 0.8964 -0.4419
vn 0.0362 0.8864 -0.4616
vn 0.4635 0.8066 -0.3668
vn 0.5205 0.7679 -0.3734
vn 0.0698 0.8846 -0.4611
vn 0.5202 0.7531 -0.4029
vn 0.0777 0.8809 -0.4669
vn 0.4928 0.7370 -0.4626
vn 0.0493 0.8690 -0.4923
vn 0.3508 0.9364 -0.0053
vn 0.3878 0.8611 -0.3287
vn -0.0632 0.9538 -0.2937
vn -0.0858 0.9962 0.0171
vn -0.0817 0.7413 0.6662
vn 0.2481 0.6840 0.6860
vn 0.2997 0.8669 0.3984
vn -0.0769 0.9125 0.4019
vn 0.2073 0.5198 0.8288
vn 0.0542 0.2893 0.9557
vn -0.0240 0.4059 0.9136
vn 0.0184 0.9730 -0.2300
vn -0.0446 0.9798 -0.1948
vn 0.2679 0.8909 -0.3668
vn 0.4160 0.8448 -0.3365
vn 0.1288 0.9265 -0.3536
vn 0.4734 0.1429 0.8692
vn 0.1230 0.1582 -0.9797
vn 0.3216 0.6336 -0.7037
vn -0.0325 0.1280 -0.9912
vn 0.8807 0.4725 0.0321
vn 0.9177 0.2746 0.2870
vn 0.5622 0.4818 0.6722
vn 0.2961 0.2384 0.9249
vn 0.7711 0.5331 -0.3481
vn 0.7567 0.5486 -0.3555
vn 0.5356 0.4823 0.6932
vn 0.0688 0.2792 0.9578
vn 0.1306 0.4174 0.8993
vn 0.1044 0.1251 0.9866
vn 0.3192 0.4860 0.8135
vn 0.8292 0.4263 -0.3616
vn -0.5720 -0.4853 0.6612
vn -0.2933 -0.4581 0.8391
vn -0.6165 0.7038 -0.3529
vn -0.5995 0.6963 -0.3948
vn -0.6359 0.7485 -0.1880
vn -0.6643 0.7414 -0.0950
vn 0.8521 0.4724 -0.2252
vn 0.8520 0.4890 -0.1873
vn 0.5454 0.8109 0.2121
vn 0.6999 0.6956 -0.1619
vn 0.6773 0.6326 -0.3756
vn -0.5113 0.2069 0.8341
vn -0.6337 0.3710 0.6788
vn -0.7634 0.3859 0.5179
vn -0.6767 0.2290 0.6997
vn -0.5552 0.5910 -0.5852
vn -0.7261 0.4838 -0.4887
vn -0.7160 0.3743 -0.5893
vn -0.5512 0.4600 -0.6961
vn -0.5999 -0.0442 -0.7989
vn -0.4431 -0.2993 -0.8450
vn -0.3494 -0.2980 -0.8883
vn -0.4736 -0.0005 -0.8807
vn -0.6857 0.1886 -0.7030
vn -0.5347 0.2611 -0.8037
vn -0.2196 -0.5078 -0.8330
vn -0.2815 -0.4925 -0.8235
vn -0.1344 -0.6242 -0.7696
vn -0.0662 -0.6549 -0.7528
vn -0.0350 -0.7226 -0.6904
vn 0.0579 -0.7584 -0.6492
vn -0.8961 0.2646 -0.3563
vn -0.8331 0.2206 -0.5072
vn -0.4068 -0.4102 -0.8162
vn -0.6344 -0.3473 -0.6906
vn -0.6104 -0.1296 -0.7814
vn -0.4054 -0.1908 -0.8940
vn -0.1834 -0.4418 -0.8782
vn -0.1875 -0.2371 -0.9532
vn -0.2378 0.1734 -0.9557
vn -0.2111 -0.0344 -0.9769
vn -0.5810 0.2120 -0.7858
vn -0.4384 0.1961 -0.8771
vn -0.4239 0.0166 -0.9055
vn -0.5891 0.0715 -0.8049
vn -0.4311 -0.5719 -0.6980
vn -0.6510 -0.4995 -0.5716
vn -0.1976 -0.5996 -0.7755
vn -0.2546 0.3680 -0.8943
vn -0.5651 0.3463 -0.7488
vn -0.4329 0.3623 -0.8254
vn -0.3819 0.5961 -0.7063
vn -0.4177 0.4966 -0.7609
vn -0.5439 0.4604 -0.7015
vn -0.5438 0.5300 -0.6507
vn -0.2594 0.5193 -0.8143
vn -0.2398 0.6416 -0.7286
vn -0.7822 -0.4172 -0.4628
vn -0.7841 -0.5065 -0.3587
vn -0.8655 -0.4156 -0.2795
vn -0.8602 -0.3430 -0.3773
vn -0.4697 -0.6816 -0.5611
vn -0.6643 -0.5962 -0.4509
vn -0.2303 -0.7269 -0.6469
vn -0.2662 -0.8340 -0.4832
vn -0.6756 -0.6595 -0.3296
vn -0.4992 -0.7622 -0.4122
vn -0.8684 -0.4618 -0.1806
vn -0.7896 -0.5592 -0.2526
vn -0.7885 -0.6140 0.0362
vn -0.8640 -0.4942 0.0964
vn -0.8740 -0.4820 -0.0617
vn -0.7965 -0.5892 -0.1357
vn -0.6737 -0.7384 -0.0306
vn -0.6789 -0.7066 -0.1997
vn -0.5126 -0.8179 -0.2612
vn -0.5165 -0.8516 -0.0895
vn -0.5131 -0.8409 0.1718
vn -0.4941 -0.7626 0.4175
vn -0.5822 -0.6813 0.4438
vn -0.6392 -0.7276 0.2492
vn -0.3041 -0.8818 0.3605
vn -0.3021 -0.9459 0.1183
vn -0.3064 -0.9427 -0.1324
vn -0.2930 -0.9004 -0.3215
vn -0.7945 -0.5277 0.3007
vn -0.7136 -0.6358 0.2941
vn -0.6240 -0.6526 0.4298
vn -0.7220 -0.5661 0.3978
vn -0.8717 0.4337 -0.2281
vn -0.8715 0.4268 -0.2414
vn -0.7188 0.6117 -0.3303
vn -0.7082 0.6258 -0.3269
vn -0.3679 0.1965 0.9089
vn -0.2250 0.2021 0.9532
vn -0.3571 0.3954 0.8463
vn -0.4947 0.3670 0.7878
vn -0.4137 0.6932 0.5903
vn -0.6184 0.6182 0.4852
vn -0.4218 0.8952 0.1442
vn -0.6160 0.7852 0.0638
vn -0.5621 0.8229 -0.0832
vn -0.5113 0.8575 0.0575
vn -0.5677 0.8204 0.0688
vn -0.5997 0.7994 0.0357
vn -0.7181 0.5944 0.3618
vn -0.6692 0.7427 0.0253
vn -0.6818 0.7290 0.0608
vn -0.7706 0.5783 0.2678
vn -0.7879 0.5581 0.2604
vn -0.8088 0.4232 0.4083
vn -0.6952 0.7011 0.1585
vn -0.5642 0.8235 0.0598
vn -0.6123 0.7812 0.1215
vn -0.6004 0.7952 0.0849
vn -0.5784 0.8155 0.0204
vn -0.5341 0.8232 0.1925
vn -0.4205 0.9068 -0.0288
vn -0.4986 0.8435 -0.1998
vn -0.3462 0.9065 -0.2415
vn -0.2982 0.9418 -0.1552
vn -0.4029 0.8764 0.2637
vn -0.2539 0.9345 0.2496
vn -0.2844 0.9013 0.3269
vn -0.4829 0.8590 0.1701
vn -0.4379 0.8389 0.3232
vn -0.2383 0.8757 0.4200
vn -0.5889 0.7876 0.1815
vn -0.6160 0.7874 0.0246
vn -0.6474 0.7608 0.0449
vn -0.6149 0.7867 -0.0543
vn -0.5738 0.6768 -0.4612
vn -0.4289 0.4905 -0.7586
vn -0.5041 0.5298 -0.6821
vn -0.5987 0.6231 -0.5033
vn -0.4596 0.7493 -0.4767
vn -0.2543 0.8055 -0.5353
vn -0.1607 0.5949 -0.7876
vn -0.3226 0.5262 -0.7868
vn -0.2284 0.3177 0.9203
vn -0.2507 0.3677 0.8955
vn -0.3569 0.6016 0.7146
vn -0.3698 0.5482 0.7501
vn -0.3505 0.5143 0.7827
vn -0.3281 0.4865 0.8097
vn -0.1656 0.2734 0.9475
vn -0.1839 0.2801 0.9422
vn -0.3699 0.4570 0.8089
vn -0.1945 0.2712 0.9427
vn -0.5858 0.6525 0.4807
vn -0.6194 0.6804 0.3917
vn -0.6632 0.7360 0.1358
vn -0.6286 0.7286 0.2720
vn -0.5859 0.7897 -0.1820
vn -0.5718 0.8056 0.1548
vn -0.4695 0.8805 0.0652
vn -0.4810 0.8448 -0.2344
vn -0.2902 0.9305 -0.2233
vn -0.3081 0.9511 0.0225
vn -0.1117 0.9897 -0.0891
vn -0.0702 0.9832 -0.1682
vn -0.7267 0.6717 0.1436
vn -0.6483 0.7503 0.1293
vn -0.6372 0.7478 0.1863
vn -0.7174 0.6574 0.2307
vn -0.6114 0.7794 0.1372
vn -0.5883 0.7997 0.1201
vn -0.6005 0.7863 0.1456
vn -0.6896 0.7152 0.1141
vn -0.6008 0.7834 -0.1593
vn -0.6035 0.7972 0.0156
vn -0.6507 0.7563 0.0682
vn -0.6467 0.7617 -0.0390
vn -0.2933 0.8828 0.3670
vn -0.4921 0.8639 0.1068
vn -0.3599 0.9305 -0.0678
vn -0.1479 0.9784 0.1442
vn -0.5647 0.7945 -0.2232
vn -0.5167 0.8351 -0.1888
vn -0.6027 0.7845 -0.1457
vn -0.5658 0.7610 -0.3173
vn -0.5110 0.8563 0.0750
vn -0.5114 0.8511 0.1182
vn -0.5704 -0.0481 0.8200
vn -0.2772 0.0718 0.9581
vn 0.3183 -0.2960 0.9006
vn -0.4328 -0.5829 0.6877
vn -0.8298 0.4069 -0.3819
vn -0.6513 0.6269 -0.4275
vn -0.6926 0.6047 -0.3933
vn -0.8534 0.4054 -0.3277
vn -0.9193 0.2294 -0.3198
vn -0.9234 0.2851 -0.2569
vn -0.3619 0.9305 0.0567
vn -0.3205 0.9439 0.0793
vn -0.6016 0.7844 0.1508
vn -0.6509 0.7584 0.0342
vn -0.9089 0.3681 -0.1962
vn -0.9099 0.3574 -0.2106
vn -0.8646 0.4246 -0.2686
vn -0.9157 0.3361 -0.2205
vn -0.7164 0.6077 -0.3427
vn 0.3584 0.1582 0.9201
vn 0.2276 0.1080 0.9678
vn -0.3893 0.3562 0.8495
vn -0.1484 0.3323 0.9314
vn -0.6708 0.6393 -0.3760
vn -0.8733 0.4118 -0.2602
vn -0.8736 0.4188 -0.2478
vn -0.6959 0.6309 -0.3431
vn -0.8353 0.5191 -0.1811
vn -0.8456 0.4694 -0.2544
vn -0.7483 0.5602 -0.3553
vn -0.7603 0.5909 -0.2698
vn -0.5352 0.8325 -0.1432
vn -0.7344 0.6783 -0.0259
vn -0.8432 0.5019 -0.1927
vn -0.6259 0.7052 -0.3332
vn -0.8268 0.5616 -0.0320
vn -0.6919 0.7205 -0.0458
vn -0.7322 0.6102 -0.3027
vn -0.8473 0.4612 -0.2634
vn -0.4397 0.8931 0.0947
vn -0.5530 0.8332 0.0009
vn -0.4507 0.8557 0.2544
vn -0.3027 0.8734 0.3815
vn -0.7300 0.6166 0.2948
vn -0.6057 0.7606 0.2338
vn -0.7953 0.5001 0.3427
vn -0.9057 0.4220 0.0393
vn -0.7129 0.5201 0.4703
vn -0.6583 0.6129 0.4371
vn -0.5486 0.7406 0.3880
vn -0.3821 0.8500 0.3626
vn -0.2058 0.8997 0.3851
vn -0.4339 0.5445 0.7179
vn -0.2184 0.4458 0.8681
vn -0.2746 0.4331 0.8585
vn -0.3903 0.5123 0.7650
vn -0.4615 0.6788 0.5712
vn -0.2158 0.5692 0.7934
vn -0.1616 0.8037 0.5726
vn -0.2282 0.6746 0.7020
vn -0.4509 0.8041 0.3874
vn -0.2884 0.9246 0.2488
vn 0.3471 0.9314 0.1093
vn 0.3039 0.8568 0.4166
vn 0.0551 0.8822 0.4677
vn 0.0509 0.9805 0.1897
vn -0.0333 0.8631 0.5039
vn 0.0626 0.7655 0.6404
vn -0.1035 0.7227 0.6834
vn -0.1821 0.8135 0.5524
vn 0.3587 0.9138 0.1903
vn 0.1183 0.8457 0.5203
vn 0.3144 0.8396 0.4430
vn 0.4829 0.8674 0.1198
vn -0.3284 0.9445 0.0061
vn -0.5123 0.8458 -0.1490
vn -0.5939 0.7592 -0.2663
vn -0.2604 0.6706 0.6946
vn -0.3451 0.6339 0.6922
vn -0.2667 0.4042 0.8750
vn -0.2534 0.4426 0.8602
vn -0.4989 0.5533 0.6671
vn -0.4498 0.5826 0.6769
vn -0.3931 0.7514 0.5299
vn -0.4265 0.6723 0.6051
vn -0.3469 0.8230 0.4498
vn -0.2253 0.9009 0.3710
vn 0.0211 0.6734 0.7390
vn -0.1130 0.6391 0.7608
vn -0.1525 0.6019 0.7839
vn -0.1019 0.6345 0.7662
vn -0.6930 0.5653 0.4474
vn -0.8242 0.4769 0.3055
vn -0.3914 0.2797 0.8767
vn 0.3206 -0.0800 0.9438
vn -0.8693 0.4477 0.2098
vn -0.9279 0.3254 -0.1819
vn -0.9326 0.2727 -0.2363
vn -0.8587 0.4904 -0.1490
vn -0.8890 0.4418 -0.1202
vn -0.9036 0.3959 -0.1635
vn -0.8842 0.4273 -0.1886
vn -0.8953 0.3126 -0.3174
vn -0.9140 0.3613 -0.1846
vn -0.9094 0.3550 -0.2165
vn -0.8750 0.2638 -0.4060
vn -0.8561 0.2240 -0.4657
vn -0.8461 0.2867 -0.4494
vn -0.8559 0.4392 0.2731
vn -0.7494 0.3802 0.5420
vn -0.8402 -0.0643 0.5385
vn -0.9584 -0.2847 0.0183
vn -0.7417 0.6681 -0.0586
vn -0.4556 0.8781 0.1459
vn -0.5900 0.5494 0.5917
vn -0.7660 0.6420 -0.0330
vn -0.7009 0.1998 0.6848
vn -0.2605 0.2957 0.9191
vn -0.3560 0.3857 0.8512
vn -0.4583 0.4661 0.7568
vn -0.5423 0.7206 0.4320
vn -0.6178 0.6707 -0.4105
vn -0.7502 0.5136 -0.4166
vn -0.2966 0.9516 -0.0808
vn 0.0231 0.8597 -0.5103
vn -0.5750 -0.4318 0.6950
vn -0.9845 -0.1269 -0.1209
vn 0.3620 -0.3182 0.8762
vn 0.7858 -0.0121 0.6183
vn 0.6532 -0.1448 0.7432
vn 0.7257 0.6873 0.0297
vn 0.4897 0.8212 0.2929
vn -0.9262 0.3076 -0.2180
vn -0.9166 0.3356 -0.2172
vn -0.7887 0.5375 0.2983
vn -0.8071 0.4731 0.3534
vn -0.7224 0.6460 0.2467
vn -0.6257 0.7579 0.1846
vn -0.5267 0.8438 0.1025
vn -0.4830 0.8735 0.0612
vn -0.7432 0.6505 0.1567
vn -0.6747 0.7097 0.2027
vn -0.5314 0.8298 0.1704
vn -0.6030 0.7829 0.1532
vn -0.7775 0.5824 0.2374
vn -0.8177 0.5512 0.1659
vn -0.8194 0.5448 0.1780
vn -0.8062 0.5310 0.2610
vn -0.8317 0.5195 0.1958
vn -0.8146 0.5030 0.2887
vn -0.6224 0.6722 -0.4010
vn -0.6582 0.6742 -0.3350
vn -0.6002 0.7483 -0.2825
vn -0.9024 -0.1274 -0.4116
vn -0.9524 -0.0921 -0.2907
vn -0.9491 -0.3119 -0.0431
vn -0.9222 -0.3721 -0.1054
vn -0.6706 -0.5165 -0.5325
vn -0.8264 -0.2747 -0.4916
vn -0.8879 -0.4272 -0.1710
vn -0.7709 -0.6028 -0.2058
vn -0.3445 -0.7963 -0.4972
vn -0.4905 -0.6955 -0.5250
vn -0.5994 -0.7805 -0.1774
vn -0.4380 -0.8882 -0.1386
vn -0.2634 -0.9594 -0.1004
vn -0.2208 -0.8597 -0.4607
vn -0.7774 0.0827 -0.6235
vn -0.6865 -0.1343 -0.7146
vn -0.5207 -0.3707 -0.7690
vn -0.3516 -0.5398 -0.7649
vn -0.2164 -0.6489 -0.7294
vn -0.1340 -0.7176 -0.6834
vn -0.7534 0.6063 -0.2547
vn -0.6804 0.6734 -0.2891
vn -0.6846 0.6559 -0.3180
vn -0.7381 0.6045 -0.2996
vn -0.7904 0.5543 -0.2610
vn -0.8174 0.5394 -0.2023
vn -0.8181 0.5300 -0.2235
vn -0.8437 0.5134 -0.1568
vn -0.5776 0.7887 0.2104
vn -0.5577 0.6455 0.5218
vn -0.7322 0.5537 0.3966
vn -0.6988 0.7025 0.1346
vn -0.3919 0.8800 0.2684
vn -0.3150 0.7683 0.5572
vn -0.8944 0.4217 0.1488
vn -0.7882 0.4773 0.3885
vn -0.7791 0.5645 0.2727
vn -0.6704 0.6283 0.3948
vn -0.6993 0.6391 0.3203
vn -0.7251 0.6723 0.1489
vn -0.9018 0.3452 -0.2600
vn -0.9012 0.3674 -0.2297
vn -0.2750 0.9559 0.1031
vn -0.4929 0.8654 0.0904
vn -0.6711 0.7338 0.1059
vn -0.1311 0.5263 0.8402
vn 0.3822 -0.1652 0.9092
vn 0.1648 -0.2947 0.9413
vn -0.0510 0.5347 0.8435
vn -0.4322 0.5373 0.7242
vn -0.5835 0.7205 0.3747
vn 0.3712 0.1146 0.9215
vn -0.2279 0.4592 0.8586
vn 0.4531 -0.0602 0.8894
vn -0.1405 0.4829 0.8643
vn 0.0711 0.6499 0.7567
vn -0.4793 0.0194 0.8775
vn -0.5979 0.3830 0.7041
vn -0.0510 0.7734 0.6319
vn 0.0021 0.4979 0.8672
vn -0.0855 -0.3086 0.9474
vn -0.3458 -0.1902 0.9188
vn 0.0223 0.5328 0.8460
vn -0.7564 0.6536 0.0259
vn -0.8936 0.4154 -0.1702
vn -0.5176 0.6912 0.5043
vn -0.5024 -0.2196 0.8363
vn -0.9967 0.0409 0.0707
vn 0.3073 -0.2151 0.9270
vn 0.8682 -0.1049 0.4849
vn 0.7861 -0.2131 0.5802
vn 0.3982 0.4588 -0.7943
vn 0.1961 0.4151 -0.8884
vn 0.3155 0.8335 0.4535
vn 0.5527 0.7766 0.3024
vn -0.1337 0.0915 -0.9868
vn -0.1891 0.1697 -0.9672
vn -0.0724 0.0620 -0.9955
vn 0.0153 0.0982 -0.9951
vn -0.0900 0.5998 -0.7951
vn -0.3420 0.5432 -0.7668
vn -0.3143 0.3001 -0.9006
vn -0.0805 0.3225 -0.9431
vn -0.8112 -0.4572 0.3646
vn -0.8662 -0.3997 0.3000
vn -0.9178 -0.3688 0.1473
vn -0.9316 -0.3628 0.0215
vn -0.8864 0.1223 -0.4465
vn -0.8018 0.1084 -0.5877
vn -0.8378 -0.0585 -0.5428
vn -0.9098 -0.0207 -0.4145
vn -0.8589 0.2345 -0.4554
vn -0.7693 0.2288 -0.5965
vn -0.7776 -0.2843 -0.5609
vn -0.7540 -0.0858 -0.6512
vn -0.6810 0.2215 -0.6980
vn -0.7098 0.1004 -0.6972
vn -0.6619 0.3333 -0.6714
vn -0.6435 0.4930 -0.5856
vn -0.6472 0.4252 -0.6327
vn -0.6403 0.7130 -0.2859
vn -0.6490 0.6881 -0.3245
vn -0.5370 0.7505 -0.3852
vn -0.5965 0.7278 -0.3382
vn -0.0931 0.8632 0.4961
vn -0.0744 0.9972 0.0091
vn -0.1974 0.9489 0.2463
vn -0.6150 0.7372 0.2797
vn -0.6372 0.7694 -0.0447
vn -0.4380 0.6110 0.6595
vn -0.7685 0.2784 0.5761
vn -0.0892 -0.3707 -0.9245
vn -0.0355 -0.6211 -0.7829
vn -0.0930 -0.0322 -0.9951
vn -0.2880 -0.0116 -0.9576
vn -0.2215 -0.3273 -0.9186
vn -0.1353 -0.5623 -0.8158
vn 0.0906 -0.7788 -0.6207
vn -0.0026 -0.7281 -0.6855
vn 0.1207 -0.8122 -0.5708
vn 0.1798 -0.8566 -0.4836
vn 0.2052 -0.8665 -0.4551
vn -0.1402 0.5732 -0.8073
vn -0.2855 0.6899 -0.6652
vn -0.3573 0.6791 -0.6413
vn -0.1547 0.5919 -0.7910
vn -0.3720 0.6580 -0.6547
vn -0.1216 0.6611 -0.7403
vn -0.0899 0.6189 -0.7803
vn -0.2903 0.6851 -0.6681
vn -0.8521 0.3917 0.3471
vn -0.8737 0.4316 0.2246
vn -0.8186 0.3415 0.4617
vn -0.7107 0.1523 0.6868
vn -0.8170 0.2312 0.5282
vn -0.3324 0.7301 -0.5971
vn -0.0752 0.6810 -0.7284
vn -0.7046 -0.6494 0.2861
vn -0.7157 -0.6073 0.3450
vn -0.6183 -0.6913 0.3739
vn -0.6229 -0.7199 0.3061
vn -0.5836 -0.7472 0.3179
vn -0.5822 -0.7051 0.4049
vn -0.5074 -0.7413 0.4393
vn -0.5182 -0.7845 0.3408
vn -0.3564 -0.8508 0.3863
vn -0.3352 -0.8249 0.4553
vn -0.7730 -0.5722 0.2738
vn -0.8001 -0.5118 0.3128
vn -0.0775 0.9925 0.0947
vn -0.1610 0.8870 0.4328
vn -0.4074 0.7876 0.4623
vn -0.5359 0.8149 0.2208
vn -0.0753 0.8211 -0.5657
vn 0.1154 0.7190 -0.6854
vn -0.4089 0.3735 -0.8327
vn 0.1567 0.7896 -0.5933
vn -0.2994 0.6276 0.7187
vn -0.2980 0.6438 0.7048
vn -0.4312 0.1062 0.8960
vn -0.9802 0.0752 0.1831
vn -0.7824 0.1132 0.6125
vn -0.4966 0.8319 -0.2478
vn -0.9469 0.2612 0.1878
vn -0.9123 0.3530 0.2078
vn -0.6212 0.4216 0.6605
vn -0.6062 0.1729 0.7763
vn -0.9773 0.1983 -0.0746
vn -0.9480 0.0923 -0.3045
vn -0.8915 0.2129 -0.3999
vn -0.7211 0.4900 0.4898
vn -0.9264 0.3568 -0.1199
vn -0.8486 0.5214 0.0897
vn -0.8585 0.4757 0.1914
vn -0.9048 0.4243 -0.0354
vn -0.0497 0.9981 0.0374
vn 0.1493 0.9694 0.1950
vn 0.0787 0.9276 0.3651
vn -0.0630 0.9849 0.1611
vn -0.2524 0.9137 0.3185
vn -0.3436 0.9189 0.1940
vn -0.1427 0.8067 0.5735
vn -0.1961 0.8607 0.4698
vn -0.3501 0.9315 -0.0989
vn -0.4171 0.8884 -0.1920
vn -0.4553 0.8394 0.2970
vn -0.3655 0.9204 0.1390
vn -0.1580 0.9416 0.2973
vn -0.1909 0.8930 0.4076
vn -0.1717 0.9696 0.1743
vn -0.2838 0.9581 0.0382
vn -0.6300 0.6049 0.4870
vn -0.5307 0.7189 0.4490
vn -0.1849 0.8018 0.5682
vn -0.0770 0.9689 0.2353
vn -0.0332 0.9868 0.1585
vn 0.0099 0.9984 -0.0549
vn -0.0059 0.9971 -0.0755
vn -0.4810 0.8608 -0.1662
vn -0.3670 0.9265 -0.0831
vn -0.5738 0.7868 -0.2272
vn -0.5804 0.7655 -0.2779
vn -0.5326 0.7826 -0.3223
vn -0.4533 0.8327 -0.3180
vn -0.4867 0.8263 -0.2836
vn -0.8656 0.4438 -0.2320
vn -0.8386 0.4578 -0.2951
vn -0.7783 0.5738 -0.2550
vn -0.8267 0.5253 -0.2016
vn -0.6715 0.7409 -0.0143
vn -0.6274 0.7494 -0.2117
vn -0.8489 0.4809 -0.2193
vn -0.9001 0.3617 -0.2427
vn -0.5532 0.8192 -0.1514
vn -0.4664 0.8697 -0.1612
vn -0.3083 0.9459 -0.1008
vn -0.3825 0.9154 -0.1252
vn -0.2203 0.9668 -0.1291
vn -0.1673 0.9844 -0.0538
vn -0.6668 0.7163 -0.2054
vn -0.7391 0.6520 -0.1695
vn -0.2407 0.9686 -0.0618
vn -0.2407 0.9699 -0.0355
vn -0.3146 0.9422 -0.1154
vn -0.3576 0.9189 -0.1669
vn -0.2331 0.9682 -0.0904
vn -0.7253 0.6015 -0.3350
vn -0.5892 0.7367 -0.3318
vn -0.7063 0.6319 -0.3192
vn -0.7980 0.4966 -0.3413
vn -0.4027 0.8808 -0.2491
vn -0.5641 0.7868 -0.2506
vn -0.3513 0.9125 -0.2097
vn -0.1545 0.9832 -0.0971
vn -0.3282 0.9442 0.0290
vn -0.3035 0.9505 -0.0657
vn -0.2549 0.9657 -0.0501
vn -0.2895 0.9565 -0.0374
vn -0.4991 0.7942 -0.3466
vn -0.5760 0.7377 -0.3521
vn -0.0569 0.9445 -0.3236
vn -0.0218 0.9557 -0.2935
vn -0.8863 0.4593 -0.0595
vn -0.8951 0.4404 -0.0693
vn -0.8875 0.4391 -0.1395
vn -0.8629 0.4921 -0.1152
vn -0.1089 -0.0195 0.9939
vn 0.1287 -0.5523 0.8237
vn 0.0973 -0.5632 0.8206
vn -0.1536 -0.0113 0.9881
vn -0.9135 0.3766 -0.1543
vn -0.9159 0.3998 -0.0351
vn -0.5719 0.6124 -0.5459
vn -0.5442 0.5948 -0.5916
vn -0.5807 0.7980 0.1614
vn -0.6082 0.7829 0.1308
vn -0.3154 0.7007 0.6400
vn -0.4681 0.6682 0.5783
vn -0.5311 0.7641 0.3663
vn -0.4572 0.7997 0.3892
vn -0.5029 0.8451 -0.1813
vn -0.4826 0.8757 -0.0123
vn -0.5361 0.7760 -0.3323
vn -0.4192 0.8940 0.1582
vn -0.4571 0.8687 0.1909
vn -0.2645 0.2785 -0.9233
vn 0.3944 -0.9160 0.0737
vn 0.3187 -0.9209 0.2243
vn -0.2104 -0.8703 0.4454
vn -0.1292 -0.9568 0.2606
vn 0.0147 -0.6442 -0.7647
vn 0.1574 -0.8293 -0.5361
vn -0.5793 -0.6095 -0.5412
vn -0.5956 -0.2948 -0.7473
vn -0.3503 0.5018 -0.7909
vn -0.2495 0.1889 -0.9498
vn -0.4484 0.3759 -0.8110
vn -0.3874 0.6318 -0.6714
vn -0.8790 0.1236 -0.4605
vn -0.9753 0.2108 -0.0661
vn -0.8310 0.5505 0.0802
vn -0.9645 0.2363 0.1182
vn -0.9500 0.3124 -0.0052
vn -0.5583 0.7395 -0.3761
vn -0.9920 0.0643 0.1085
vn -0.9511 0.2730 0.1445
vn -0.9874 0.1518 -0.0451
vn -0.9997 0.0121 0.0211
vn 0.3858 -0.7273 0.5677
vn 0.5022 -0.6185 0.6044
vn 0.1279 -0.6366 0.7605
vn -0.0778 -0.7215 0.6880
vn -0.9941 0.0820 0.0714
vn -0.9842 0.1482 0.0969
vn -0.9600 0.2325 0.1561
vn -0.9727 0.1889 0.1351
vn 0.3037 -0.8975 -0.3197
vn 0.4131 -0.9060 -0.0925
vn -0.2137 -0.9767 0.0198
vn -0.4187 -0.8665 -0.2719
vn -0.8145 0.5750 -0.0779
vn -0.8386 0.4955 -0.2265
vn -0.6295 0.6973 -0.3427
vn -0.6833 0.6931 -0.2297
vn -0.7224 0.6915 0.0033
vn -0.6570 0.7421 -0.1331
vn -0.5934 0.8037 -0.0449
vn -0.4020 0.9131 -0.0677
vn -0.8721 0.2994 0.3871
vn -0.9885 -0.0400 -0.1456
vn -0.9884 -0.1516 -0.0054
vn -0.7844 0.4844 -0.3874
vn -0.9425 0.3189 -0.0996
vn -0.9466 0.2384 -0.2172
vn -0.8566 0.5158 -0.0147
vn -0.7388 0.6736 0.0202
vn -0.9511 0.2407 0.1937
vn -0.9413 0.2731 0.1983
vn -0.9315 0.2726 0.2407
vn -0.9440 0.2520 0.2128
vn -0.9502 0.2612 0.1699
vn -0.9801 0.1849 0.0729
vn -0.9949 0.0656 0.0764
vn -0.9106 0.0654 0.4080
vn -0.9672 0.1351 0.2151
vn -0.9197 0.3754 0.1152
vn -0.6885 0.6101 0.3921
vn -0.4698 -0.2459 0.8478
vn -0.1418 0.0714 0.9873
vn -0.9970 0.0704 0.0317
vn -0.9770 0.2131 -0.0090
vn -0.9836 0.0746 0.1642
vn -0.9633 0.1814 0.1978
vn -0.1211 -0.7335 0.6688
vn 0.2247 -0.4904 0.8420
vn -0.4180 0.8811 0.2213
vn -0.5606 0.8091 0.1763
vn -0.4901 0.8628 0.1245
vn -0.3972 0.8939 0.2080
vn -0.9742 0.1598 0.1594
vn -0.0956 0.7421 -0.6634
vn -0.3037 0.8346 -0.4595
vn -0.5055 0.8622 -0.0334
vn -0.5317 0.8434 0.0771
vn -0.5512 0.8270 0.1107
vn -0.5655 0.8226 0.0598
vn -0.5654 0.8242 0.0332
vn -0.4779 0.8773 0.0448
vn -0.5822 0.6603 -0.4744
vn -0.9448 -0.2710 0.1841
vn -0.9583 -0.2710 0.0903
vn -0.8807 -0.3410 0.3288
vn -0.9168 -0.2922 0.2724
vn -0.4902 -0.7385 -0.4630
vn -0.1424 -0.9307 -0.3368
vn 0.1286 -0.9711 -0.2013
vn 0.0194 -0.9995 -0.0262
vn -0.5116 0.6562 -0.5546
vn -0.4373 0.6579 -0.6131
vn -0.2931 0.9557 0.0259
vn -0.3568 0.9341 -0.0096
vn -0.2121 0.9076 0.3624
vn -0.2150 0.9298 0.2988
vn -0.3491 0.9284 0.1270
vn -0.3326 0.9096 0.2491
vn 0.7887 0.3417 -0.5111
vn 0.8035 0.5367 0.2576
vn -0.3125 0.3898 -0.8662
vn -0.1728 0.9685 0.1795
vn -0.3058 0.9131 0.2698
vn -0.2348 0.9210 -0.3108
vn -0.0694 0.8012 -0.5944
vn 0.1056 0.8623 -0.4953
vn -0.0055 0.9847 -0.1742
vn -0.3648 0.9300 0.0460
vn -0.4169 0.8969 0.1477
vn -0.5964 0.7897 0.1437
vn -0.5057 0.8603 0.0645
vn -0.4061 0.8496 0.3365
vn 0.4100 -0.2992 -0.8616
vn 0.3932 -0.0043 -0.9195
vn 0.6481 0.0069 -0.7615
vn 0.6414 -0.2348 -0.7304
vn -0.5718 0.7632 0.3008
vn -0.5930 0.1315 0.7944
vn -0.3999 0.1132 0.9095
vn -0.2294 0.0951 0.9687
vn -0.5573 0.2060 0.8043
vn -0.3929 0.2468 0.8858
vn -0.2450 0.2751 0.9297
vn 0.1646 -0.2244 0.9605
vn 0.1742 -0.2204 0.9597
vn 0.1651 -0.2245 0.9604
vn -0.0356 -0.0852 0.9957
vn 0.0892 -0.1748 0.9806
vn 0.1692 -0.4052 -0.8984
vn 0.2170 -0.4221 -0.8802
vn 0.2155 -0.5510 0.8062
vn 0.3090 -0.5187 0.7972
vn 0.2808 -0.4281 -0.8590
vn -0.3103 0.5612 0.7673
vn -0.4582 0.5417 0.7047
vn 0.1517 -0.3863 -0.9098
vn 0.2936 -0.4194 -0.8590
vn 0.2043 -0.2816 -0.9375
vn 0.3428 -0.7044 -0.6215
vn 0.2789 -0.7147 -0.6414
vn 0.4057 -0.7000 -0.5877
vn 0.4347 -0.7179 -0.5438
vn 0.2512 -0.6861 -0.6828
vn 0.1500 -0.7136 -0.6843
vn 0.1847 -0.6578 -0.7302
vn 0.1064 -0.7033 -0.7029
vn 0.2296 -0.6625 0.7130
vn 0.2196 -0.6834 0.6962
vn 0.3119 -0.6159 0.7234
vn 0.3780 -0.5729 0.7272
vn 0.4558 -0.7249 -0.5164
vn 0.5086 -0.6709 -0.5397
vn 0.6943 -0.5804 -0.4254
vn 0.4964 -0.6819 -0.5372
vn 0.0773 -0.3621 -0.9289
vn 0.0516 -0.0456 -0.9976
vn 0.2184 -0.0279 -0.9755
vn 0.2240 -0.3484 -0.9102
vn 0.4441 -0.0794 0.8925
vn 0.4653 0.3012 0.8323
vn 0.2485 0.3570 0.9004
vn 0.3721 -0.1413 0.9174
vn 0.5111 -0.0555 0.8577
vn 0.5817 0.3446 0.7368
vn 0.1602 -0.1081 0.9811
vn -0.0664 -0.3959 -0.9159
vn 0.8096 -0.0285 0.5864
vn 0.7330 0.2374 0.6374
vn 0.5673 -0.0385 0.8226
vn 0.8608 -0.1930 -0.4710
vn 0.8910 0.0502 -0.4511
vn 0.9428 0.2454 0.2256
vn 0.9854 -0.0161 0.1696
vn 0.3986 -0.4615 0.7926
vn 0.3402 -0.5033 0.7943
vn 0.4226 -0.4225 0.8018
vn 0.5060 -0.3391 0.7931
vn 0.4267 -0.3842 0.8187
vn 0.9138 -0.3960 -0.0906
vn 0.3092 -0.5274 0.7914
vn 0.1259 -0.0954 -0.9875
vn 0.2838 0.0560 -0.9572
vn 0.3081 0.3169 -0.8970
vn 0.3413 -0.0498 0.9386
vn 0.1044 0.0444 0.9935
vn 0.2979 0.4654 0.8334
vn 0.3050 0.2322 0.9236
vn -0.4253 0.2975 0.8548
vn -0.5879 0.3740 0.7173
vn -0.1196 0.0166 0.9927
vn -0.2967 0.1444 0.9440
vn 0.2417 0.5050 -0.8286
vn 0.1860 0.9727 0.1385
vn -0.6308 0.7743 -0.0509
vn -0.5424 0.8373 0.0682
vn -0.0445 -0.1409 -0.9890
vn 0.0880 -0.0747 -0.9933
vn 0.3039 0.0346 -0.9521
vn 0.4495 0.2330 -0.8624
vn -0.2214 0.8453 0.4863
vn 0.4873 0.6659 -0.5649
vn -0.2331 0.8866 0.3996
vn -0.3453 0.7961 0.4969
vn 0.0806 0.8860 0.4566
vn 0.0035 0.9869 0.1614
vn -0.0299 0.8872 0.4604
vn 0.1493 0.8886 0.4338
vn -0.0815 0.0048 -0.9967
vn -0.1818 0.9682 -0.1718
vn -0.3216 0.9420 -0.0961
vn -0.3966 0.9158 -0.0630
vn -0.4477 0.8933 0.0393
vn -0.5083 0.8278 0.2376
vn -0.4124 0.8703 0.2691
vn -0.0690 0.9605 0.2696
vn 0.1520 0.9616 0.2284
vn -0.2625 0.9231 0.2810
vn -0.0218 0.9729 -0.2302
vn 0.1743 0.9431 -0.2830
vn 0.2848 0.9408 0.1836
vn -0.7848 -0.2067 0.5842
vn -0.8574 0.1166 0.5013
vn -0.8759 0.4483 0.1781
vn -0.6843 0.6841 0.2525
vn 0.2850 -0.8696 0.4032
vn -0.2402 -0.7872 0.5679
vn -0.6471 0.7619 0.0285
vn -0.5609 -0.2438 0.7912
vn -0.4392 -0.0045 0.8984
vn -0.7162 0.6912 -0.0964
vn -0.7975 0.5719 -0.1923
vn -0.4344 0.3477 0.8309
vn -0.9389 0.1829 -0.2916
vn -0.9683 -0.1007 -0.2287
vn -0.7302 0.5932 0.3391
vn -0.6118 0.6210 0.4900
vn -0.8685 0.4925 -0.0562
vn -0.8690 0.4933 -0.0374
vn -0.9379 -0.0180 0.3464
vn -0.8489 0.0592 0.5252
vn -0.9250 -0.1273 0.3580
vn -0.9562 0.0183 0.2923
vn -0.8817 0.4643 0.0842
vn -0.8857 0.4565 0.0846
vn -0.8705 0.4434 0.2138
vn -0.8438 -0.4104 0.3459
vn -0.9102 0.3223 0.2600
vn -0.8767 0.4217 0.2317
vn -0.8952 -0.4371 -0.0868
vn -0.8239 -0.5478 0.1457
vn -0.9576 0.2582 -0.1282
vn -0.1303 0.9874 0.0902
vn -0.1701 0.9310 0.3230
vn -0.4661 0.8744 0.1346
vn -0.1980 0.9800 0.0187
vn -0.8957 0.4383 -0.0752
vn -0.8898 0.4557 0.0236
vn -0.4724 0.8809 0.0281
vn -0.2728 0.9467 0.1713
vn -0.9716 0.2365 0.0008
vn -0.7958 0.4467 0.4088
vn -0.7656 0.2008 0.6111
vn -0.8383 0.5450 -0.0177
vn -0.8482 0.5296 -0.0062
vn -0.8249 0.5648 0.0226
vn -0.7832 0.6100 -0.1201
vn -0.1219 0.9362 0.3298
vn -0.5227 0.8524 -0.0115
vn -0.7810 0.6146 -0.1106
vn -0.4765 -0.7936 0.3784
vn -0.4336 -0.8129 0.3887
vn -0.5172 -0.7153 0.4699
vn -0.9444 -0.3273 0.0310
vn -0.8699 0.4913 -0.0443
vn -0.8397 0.4358 -0.3240
vn -0.9562 0.1544 0.2486
vn -0.8397 -0.5298 0.1195
vn -0.5731 -0.8140 0.0951
vn -0.9533 0.2558 0.1608
vn -0.6837 0.7281 -0.0489
vn -0.0119 0.9564 -0.2917
vn -0.4030 0.9097 0.1000
vn -0.3502 0.9361 -0.0323
vn -0.6107 -0.0781 -0.7880
vn -0.5146 0.4973 -0.6985
vn -0.4275 0.3587 -0.8298
vn -0.5905 -0.1144 -0.7989
vn -0.7286 0.5788 -0.3662
vn -0.3588 0.4387 -0.8239
vn -0.0642 0.8362 -0.5447
vn -0.5396 0.8201 -0.1904
vn -0.7444 0.5742 -0.3407
vn -0.6591 0.7027 -0.2678
vn -0.8288 0.5069 -0.2369
vn -0.2350 0.6259 -0.7437
vn -0.1527 0.9525 -0.2634
vn -0.9790 0.0865 -0.1848
vn -0.9224 -0.0977 0.3735
vn -0.8026 0.5368 0.2602
vn -0.7572 0.5735 -0.3128
vn -0.8665 -0.4197 0.2703
vn -0.8829 -0.3637 0.2969
vn -0.0836 -0.9590 0.2708
vn -0.1659 -0.8164 0.5531
vn -0.4106 -0.5602 0.7194
vn -0.5954 0.7872 -0.1608
vn -0.4940 0.7991 -0.3426
vn -0.3190 0.8785 -0.3557
vn -0.5816 0.7208 -0.3770
vn -0.5890 0.6531 -0.4759
vn -0.5401 0.6364 -0.5507
vn -0.8667 -0.4938 -0.0703
vn -0.5105 0.7265 -0.4600
vn -0.3364 0.9399 0.0593
vn -0.3611 0.9307 0.0583
vn -0.4663 0.8703 0.1586
vn -0.5557 0.7758 -0.2989
vn -0.3993 0.9166 -0.0213
vn -0.1750 -0.0823 -0.9811
vn -0.1621 -0.0501 -0.9855
vn 0.0717 0.9939 -0.0843
vn -0.9556 -0.0502 0.2902
vn -0.7506 0.0576 0.6583
vn -0.8797 0.1640 0.4464
vn -0.9963 0.0784 0.0351
vn 0.3293 -0.4958 0.8036
vn 0.3771 -0.5580 0.7392
vn -0.2296 0.2188 0.9484
vn -0.2684 0.2707 0.9245
vn -0.4056 0.4335 0.8047
vn -0.3197 0.4157 0.8514
vn -0.3554 0.8696 -0.3428
vn -0.2599 0.9256 0.2752
vn -0.3014 0.8319 0.4659
vn -0.4364 0.8989 -0.0394
vn -0.2664 0.7031 -0.6593
vn 0.0247 0.7632 -0.6457
vn 0.1072 -0.1974 0.9744
vn 0.0657 -0.1720 0.9829
vn -0.0422 0.3449 -0.9377
vn 0.2446 -0.1706 -0.9545
vn 0.6926 -0.6058 -0.3914
vn 0.4025 0.2074 -0.8916
vn 0.2983 -0.3350 0.8937
vn 0.2943 -0.3920 0.8716
vn 0.8378 -0.3381 -0.4288
vn 0.3379 -0.4924 0.8021
vn 0.3574 -0.4594 0.8132
vn -0.9845 -0.1486 0.0934
vn -0.9915 0.0357 0.1255
vn -0.9745 0.0140 0.2240
vn -0.9672 -0.1517 0.2037
vn 0.4306 -0.4851 0.7611
vn 0.3956 -0.5279 0.7516
vn -0.7764 0.6289 -0.0413
vn -0.5830 0.8125 -0.0004
vn -0.5934 0.7586 -0.2691
vn -0.7915 0.5407 -0.2849
vn -0.8960 0.4206 -0.1423
vn -0.8953 0.3125 -0.3176
vn -0.8740 0.2802 -0.3971
vn -0.9035 0.3748 -0.2081
vn -0.9474 0.2960 0.1214
vn -0.9159 0.3768 -0.1383
vn -0.8626 0.3205 -0.3915
vn -0.9467 0.2351 -0.2204
vn -0.1991 0.4629 0.8638
vn 0.1074 0.3752 0.9207
vn -0.5158 0.3012 0.8020
vn -0.4358 0.2502 0.8645
vn 0.6667 0.3303 0.6682
vn 0.3103 0.8094 0.4987
vn 0.9376 0.1695 0.3037
vn -0.6172 0.7599 -0.2038
vn -0.5513 0.8281 -0.1017
vn -0.3841 0.9166 -0.1106
vn -0.4968 0.8114 -0.3079
vn -0.6731 0.3906 0.6279
vn -0.9956 0.0773 -0.0534
vn -0.9352 0.1118 0.3361
vn -0.7913 0.2051 0.5760
vn -0.9116 0.1296 -0.3900
vn -0.9522 0.0240 -0.3046
vn -0.9827 -0.0264 -0.1832
vn -0.9355 0.0611 -0.3480
vn -0.9569 0.2475 -0.1521
vn -0.9893 0.1424 -0.0316
vn -0.9283 0.3004 -0.2191
vn -0.8504 0.5243 -0.0433
vn 0.5091 0.5227 0.6838
vn 0.9268 0.0633 0.3701
vn -0.2915 0.1116 0.9500
vn -0.8186 0.3522 0.4537
vn -0.1965 0.1821 0.9634
vn 0.1277 0.0265 0.9915
vn -0.5306 0.8075 0.2577
vn -0.4703 0.8719 0.1364
vn -0.5875 0.7606 0.2763
vn -0.7511 0.5816 0.3124
vn -0.7920 0.5926 0.1470
vn -0.7861 0.5801 0.2136
vn -0.7472 0.6567 0.1018
vn -0.6333 0.7659 0.1111
vn -0.5356 0.8276 0.1680
vn -0.3902 0.8564 0.3382
vn -0.2153 0.8085 0.5476
vn -0.1902 0.6879 0.7004
vn 0.5439 -0.3967 0.7395
vn 0.3780 -0.4187 0.8257
vn 0.2934 0.1047 0.9502
vn -0.1260 0.3507 0.9280
vn 0.7412 -0.1031 0.6633
vn -0.9016 0.3558 0.2459
vn -0.8685 0.4481 0.2122
vn -0.8511 0.4323 0.2980
vn -0.9014 0.3479 0.2576
vn -0.9061 0.3740 0.1978
vn -0.9227 0.3160 0.2206
vn -0.9237 0.3283 0.1975
vn -0.9327 0.3014 0.1982
vn -0.9341 0.2884 0.2102
vn -0.9496 0.2454 0.1949
vn -0.9555 0.1790 0.2345
vn -0.9733 0.0983 0.2075
vn -0.9677 0.0006 0.2520
vn -0.9247 0.0326 0.3792
vn -0.9540 0.0965 0.2839
vn -0.9568 -0.0747 0.2810
vn -0.9405 -0.0881 0.3281
vn -0.9201 0.2969 0.2554
vn -0.8832 0.2333 0.4067
vn -0.9352 0.2315 0.2678
vn -0.9024 0.1561 0.4017
vn -0.8779 0.0301 0.4778
vn -0.8408 0.1095 0.5301
vn -0.8217 0.1696 0.5440
vn -0.8488 0.5285 0.0151
vn -0.9587 0.2843 -0.0098
vn -0.6952 0.7182 0.0307
vn -0.7810 0.2924 0.5518
vn -0.7292 0.2094 0.6515
vn -0.7446 0.1203 0.6565
vn -0.7877 0.1242 0.6035
vn -0.8541 0.1386 0.5013
vn -0.8466 0.3407 0.4089
vn -0.9209 0.0897 0.3794
vn -0.9193 -0.0356 0.3918
vn -0.9430 -0.1712 0.2853
vn -0.9565 -0.1365 0.2580
vn -0.6633 0.1742 0.7278
vn -0.3691 0.7367 0.5666
vn -0.6537 0.7007 0.2860
vn -0.6591 0.7105 0.2465
vn -0.6450 0.7457 0.1670
vn -0.8251 0.5582 0.0876
vn -0.9485 0.3097 0.0657
vn -0.9982 0.0539 0.0254
vn -0.6929 0.7127 0.1091
vn -0.9380 0.2968 0.1792
vn -0.9287 0.2286 0.2919
vn -0.8281 0.5093 0.2340
vn -0.7547 0.5673 0.3297
vn -0.5160 0.6345 0.5755
vn -0.7434 0.5036 0.4402
vn -0.7139 0.4594 0.5285
vn -0.6310 0.5248 0.5714
vn -0.4587 0.8844 0.0861
vn -0.5113 0.8555 0.0818
vn -0.6016 0.7971 0.0531
vn -0.9289 -0.2194 0.2985
vn -0.9715 -0.1296 0.1985
vn -0.9769 -0.1360 0.1646
vn -0.9582 -0.1781 0.2238
vn -0.9622 -0.1192 0.2448
vn -0.6261 -0.7657 0.1472
vn -0.6053 -0.7617 0.2313
vn -0.5259 -0.8130 0.2500
vn -0.5137 -0.8415 0.1673
vn -0.3406 -0.8941 0.2910
vn -0.3171 -0.9242 0.2129
vn -0.4819 -0.8752 0.0431
vn -0.6299 -0.7765 0.0177
vn -0.2876 -0.9533 0.0918
vn -0.7924 0.5914 0.1491
vn -0.7264 0.5883 0.3552
vn -0.9418 0.3361 0.0011
vn -0.9109 0.4105 -0.0417
vn -0.9183 0.3954 -0.0202
vn -0.7662 -0.6420 0.0278
vn -0.8444 -0.5310 0.0705
vn -0.8104 -0.5568 0.1825
vn -0.7214 -0.6734 0.1617
vn -0.8832 -0.4602 0.0906
vn -0.8824 -0.4328 0.1848
vn -0.9335 -0.3030 0.1916
vn -0.9404 -0.3286 0.0880
vn -0.9714 0.2238 -0.0788
vn -0.9529 0.2227 -0.2057
vn -0.9688 0.1339 -0.2086
vn -0.9844 0.1444 -0.1003
vn -0.9765 0.2125 0.0345
vn -0.9910 0.1324 0.0176
vn -1.0000 0.0055 0.0063
vn -0.9916 0.0280 -0.1265
vn -0.9330 -0.3464 -0.0977
vn -0.9316 -0.3065 -0.1956
vn -0.9771 0.0350 -0.2100
vn -0.9243 -0.2555 -0.2836
vn -0.9196 -0.1637 -0.3570
vn -0.8538 -0.2315 -0.4663
vn -0.9743 -0.1552 0.1634
vn -0.9284 -0.2969 0.2236
vn -0.9457 -0.2449 0.2137
vn -0.9104 -0.3424 0.2323
vn -0.0534 -0.9960 0.0720
vn -0.5158 0.5889 0.6221
vn -0.5868 0.5154 0.6245
vn -0.4094 0.6915 0.5951
vn -0.3017 0.7837 0.5429
vn -0.1675 0.8691 0.4654
vn 0.1897 0.8294 0.5255
vn 0.0492 0.9026 0.4276
vn -0.0583 0.7270 0.6841
vn 0.1160 0.7555 0.6448
vn -0.2351 0.7160 0.6573
vn -0.4743 0.4759 0.7406
vn -0.6766 0.5178 0.5236
vn -0.4528 0.5733 0.6828
vn -0.6392 0.5049 0.5800
vn -0.2249 0.5390 0.8118
vn -0.0282 0.7123 0.7013
vn -0.1767 0.7370 0.6524
vn 0.0141 0.9441 0.3293
vn 0.0508 0.9421 0.3313
vn 0.1096 0.9832 -0.1461
vn 0.0918 0.9824 -0.1625
vn 0.0280 0.9853 -0.1683
vn 0.0496 0.9732 -0.2246
vn -0.0586 0.9815 -0.1820
vn -0.0417 0.9531 0.2998
vn 0.0436 0.9374 0.3454
vn -0.1368 0.7193 0.6811
vn 0.0639 0.7317 0.6786
vn -0.1864 0.4872 0.8532
vn 0.0091 0.5038 0.8638
vn -0.1659 -0.0369 0.9854
vn -0.0466 -0.0534 0.9975
vn -0.1086 -0.5877 0.8018
vn -0.0543 -0.5758 0.8158
vn -0.0970 -0.7151 0.6922
vn -0.0669 -0.7162 0.6947
vn -0.0569 -0.5626 0.8248
vn -0.0151 -0.5578 0.8298
vn 0.0207 -0.0322 0.9993
vn -0.0483 -0.6732 -0.7379
vn 0.0846 -0.6438 -0.7605
vn 0.0579 0.1343 -0.9892
vn 0.0966 -0.3716 -0.9233
vn -0.0102 0.6064 -0.7951
vn -0.0625 0.8131 -0.5787
vn -0.1062 0.9194 -0.3788
vn -0.1433 0.9870 0.0723
vn -0.1364 0.9029 0.4077
vn -0.1318 0.8857 0.4452
vn -0.1491 0.9722 0.1807
vn -0.1513 0.9598 -0.2364
vn -0.1375 0.9697 -0.2020
vn -0.1402 0.7683 0.6245
vn -0.1417 0.9681 0.2069
vn -0.1310 0.5022 0.8548
vn -0.0763 0.2879 0.9546
vn -0.1362 0.1264 0.9826
vn -0.4580 0.8040 0.3792
vn -0.6298 0.7678 0.1171
vn -0.6829 0.7036 -0.1963
vn -0.4988 0.8540 -0.1477
vn -0.6901 0.6934 0.2073
vn -0.8483 0.4797 0.2243
vn -0.8425 0.4303 0.3240
vn -0.7089 0.6230 0.3305
vn -0.9189 0.3264 0.2216
vn -0.9054 0.3121 0.2878
vn -0.9472 0.2911 0.1347
vn -0.9579 0.2375 0.1614
vn -0.5216 0.7818 0.3416
vn -0.5717 0.8198 -0.0337
vn -0.7664 0.5968 0.2375
vn -0.6963 0.7081 -0.1174
vn -0.6903 0.6798 -0.2476
vn -0.2131 0.9673 -0.1372
vn -0.3475 0.9158 -0.2014
vn -0.4222 0.8663 -0.2668
vn -0.4785 0.8134 -0.3308
vn -0.9688 0.2477 0.0024
vn -0.9892 0.1343 0.0587
vn -0.5955 0.7965 -0.1048
vn -0.7760 0.6293 -0.0422
vn -0.5378 0.8195 -0.1980
vn -0.6834 0.7057 -0.1868
vn -0.5669 0.7850 -0.2500
vn -0.5920 0.6070 0.5302
vn -0.4408 0.7063 0.5540
vn -0.4183 0.8820 -0.2171
vn -0.5612 0.7747 -0.2912
vn -0.8603 0.5097 0.0010
vn -0.8039 0.5851 -0.1066
vn -0.8913 0.4497 -0.0572
vn -0.8950 0.4404 -0.0703
vn -0.9744 0.2173 0.0582
vn -0.9822 0.1569 0.1035
vn -0.9900 0.0838 0.1131
vn -0.9066 0.4183 0.0551
vn -0.4188 0.9066 -0.0522
vn -0.6353 0.7693 -0.0680
vn -0.8077 0.5886 -0.0344
vn -0.8184 0.5260 0.2312
vn -0.8367 0.5347 -0.1183
vn -0.6216 0.6518 0.4344
vn -0.5241 0.8490 0.0673
vn -0.9273 0.3743 0.0089
vn -0.9582 0.2793 0.0624
vn -0.9371 0.3469 -0.0395
vn -0.0253 0.8365 0.5473
vn -0.4858 0.8733 0.0368
vn -0.5393 0.8402 0.0571
vn -0.6905 -0.2647 -0.6731
vn -0.1493 -0.2052 -0.9673
vn -0.5382 0.0662 -0.8402
vn -0.8745 0.4088 -0.2610
vn -0.4942 0.5524 0.6713
vn -0.9598 0.2799 0.0192
vn -0.9770 0.1423 0.1586
vn -0.9737 0.1331 0.1849
vn -0.9465 -0.2518 0.2019
vn -0.4790 -0.1931 0.8563
vn -0.6973 -0.4393 0.5664
vn -0.8239 0.3879 0.4131
vn -0.5301 0.6176 0.5809
vn -0.7225 -0.5524 0.4157
vn -0.4256 0.1539 0.8917
vn -0.3373 0.3221 0.8846
vn -0.3352 0.9114 0.2387
vn -0.3885 0.8128 0.4342
vn -0.3808 0.9234 0.0479
vn -0.7617 0.6466 0.0417
vn 0.0106 0.6673 0.7447
vn -0.2844 0.9470 0.1495
vn -0.1808 0.3850 0.9050
vn -0.9355 0.3253 -0.1379
vn -0.7658 0.6428 -0.0215
vn -0.9020 0.4315 -0.0133
vn -0.9645 0.2427 -0.1037
vn -0.9922 0.0761 -0.0982
vn -0.9925 0.1036 -0.0646
vn -0.9925 -0.0633 0.1047
vn -0.9399 0.2224 0.2592
vn -0.4176 0.6304 0.6544
vn -0.6001 0.6589 0.4536
vn -0.7126 0.5436 0.4436
vn -0.9665 -0.0193 0.2559
vn -0.9460 0.3140 -0.0803
vn -0.9003 0.4247 -0.0952
vn -0.9872 0.0729 0.1420
vn -0.9731 0.1893 0.1310
vn -0.9249 0.2260 0.3058
vn -0.8649 0.4887 -0.1145
vn -0.9241 0.3242 -0.2023
vn -0.9745 -0.1466 0.1696
vn -0.9726 -0.1109 0.2043
vn -0.9188 -0.3410 0.1989
vn -0.8562 -0.4214 0.2989
vn -0.9349 -0.2734 0.2263
vn -0.2342 -0.0597 -0.9703
vn -0.1619 -0.0062 -0.9868
vn 0.1811 0.9599 -0.2142
vn -0.0414 0.9875 -0.1522
vn 0.1798 0.9080 -0.3783
vn 0.0977 0.9952 0.0028
vn -0.3165 0.9204 -0.2297
vn -0.4191 0.8871 -0.1935
vn -0.6168 0.7389 -0.2713
vn -0.9117 -0.3218 0.2552
vn -0.9100 -0.2622 0.3211
vn -0.8865 -0.3844 0.2576
vn -0.8329 -0.4853 0.2661
vn -0.9517 -0.0633 0.3004
vn -0.9545 -0.0130 0.2979
vn -0.9535 -0.1489 0.2619
vn -0.9282 -0.2915 0.2310
vn -0.8857 -0.4084 0.2209
vn -0.8128 -0.5355 0.2293
vn -0.3496 0.8841 -0.3101
vn -0.3426 0.8809 -0.3266
vn -0.1948 0.9196 -0.3411
vn -0.1963 0.9208 -0.3371
vn -0.2336 0.9288 -0.2877
vn -0.3796 0.8746 -0.3016
vn -0.8445 0.4973 -0.1989
vn -0.8816 0.4293 -0.1962
vn -0.9836 -0.1252 -0.1300
vn -0.9758 -0.0807 -0.2031
vn -0.9750 0.1786 0.1319
vn -0.7094 -0.6665 0.2292
vn -0.4413 0.7610 -0.4756
vn -0.5542 0.7134 -0.4289
vn -0.1455 0.8000 -0.5821
vn -0.1157 0.8581 -0.5003
vn -0.7127 0.4724 -0.5185
vn -0.7249 0.4079 -0.5551
vn -0.7435 0.3306 -0.5814
vn -0.8305 0.3268 -0.4510
vn -0.9944 0.0022 0.1058
vn -0.9878 -0.1365 0.0747
vn -0.9889 -0.1482 -0.0139
vn -0.8240 0.4898 -0.2848
vn -0.8569 0.4150 -0.3058
vn -0.8908 0.3233 -0.3194
vn -0.8050 0.4043 -0.4342
vn -0.9678 -0.2514 -0.0069
vn -0.9711 -0.2211 0.0896
vn -0.9604 -0.2524 0.1183
vn -0.9440 -0.2710 0.1882
vn -0.9637 -0.2313 -0.1330
vn -0.9211 0.2295 -0.3146
vn -0.6283 0.6753 -0.3863
vn -0.6810 0.6417 -0.3529
vn -0.7180 0.6086 -0.3377
vn -0.6307 0.6441 -0.4327
vn -0.6894 0.6032 -0.4011
vn -0.2762 0.7784 -0.5637
vn -0.2659 0.8031 -0.5332
vn -0.4218 0.7436 -0.5188
vn -0.5394 0.6975 -0.4718
vn -0.7638 0.5708 -0.3013
vn -0.7941 0.5396 -0.2799
vn -0.9448 0.1333 -0.2993
vn -0.9589 0.0202 -0.2830
vn -0.9569 -0.1871 -0.2222
vn -0.9583 -0.0983 -0.2683
vn -0.6133 -0.7372 0.2837
vn -0.6561 -0.7004 0.2810
vn -0.7019 -0.6408 0.3110
vn -0.9815 -0.1889 -0.0321
vn -0.9881 -0.0160 0.1529
vn -0.8031 -0.5279 0.2761
vn -0.9065 -0.2988 0.2983
vn -0.8977 -0.2138 0.3853
vn -0.8552 -0.0199 0.5178
vn -0.4622 0.8445 0.2706
vn 0.7208 -0.2798 0.6342
vn 0.1985 0.9120 -0.3590
vn 0.2247 0.9739 -0.0319
vn -0.1857 0.7424 -0.6437
vn -0.2970 0.7164 -0.6313
vn -0.4069 0.7076 -0.5777
vn -0.5366 0.6624 -0.5229
vn -0.7325 0.5750 -0.3645
vn -0.7077 0.5324 -0.4645
vn -0.6594 0.5613 -0.5002
vn -0.6147 0.5996 -0.5125
vn -0.7647 0.5320 -0.3636
vn -0.7824 0.4745 -0.4033
vn -0.4176 0.6446 -0.6404
vn -0.5104 0.6053 -0.6108
vn 0.5047 -0.4661 0.7266
vn 0.7612 -0.4545 0.4627
vn 0.8628 -0.2738 0.4249
vn 0.4648 -0.4981 0.7320
vn -0.0842 0.9647 0.2496
vn -0.0617 0.9934 -0.0968
vn -0.0460 0.9427 -0.3305
vn 0.0214 0.9481 -0.3173
vn -0.0773 0.9402 -0.3316
vn -0.1106 0.9465 -0.3032
vn -0.0330 0.9686 0.2463
vn -0.2182 0.9754 0.0303
vn -0.0574 0.9982 -0.0190
vn -0.0546 0.9883 0.1424
vn -0.1221 0.9746 0.1876
vn -0.2973 0.9301 -0.2158
vn -0.0464 0.9699 -0.2392
vn -0.3445 0.8429 -0.4134
vn -0.0383 0.8933 -0.4479
vn -0.3788 0.8054 -0.4560
vn -0.0423 0.8728 -0.4862
vn -0.3824 0.8205 -0.4250
vn -0.3813 0.8230 -0.4211
vn -0.3977 0.8077 -0.4353
vn -0.4127 0.8019 -0.4321
vn -0.4008 0.7987 -0.4489
vn -0.3893 0.7975 -0.4609
vn -0.3884 0.9214 0.0144
vn -0.3927 0.8808 -0.2643
vn -0.0909 0.5694 0.8170
vn -0.2873 0.6637 0.6907
vn -0.2490 0.5404 0.8037
vn 0.0403 0.9713 -0.2342
vn -0.3730 0.8152 -0.4431
vn -0.2596 0.8553 -0.4485
vn -0.1408 0.9003 -0.4118
vn -0.1552 0.1361 0.9785
vn -0.2764 0.0056 -0.9610
vn -0.4090 0.3970 -0.8217
vn -0.2152 -0.0632 -0.9745
vn -0.9070 0.3728 -0.1957
vn -0.8837 0.3501 0.3108
vn 0.2437 -0.0680 0.9675
vn 0.4256 -0.1177 0.8972
vn -0.8851 0.2942 -0.3606
vn -0.4017 0.2134 0.8906
vn -0.0525 0.3233 0.9448
vn -0.2297 0.2992 0.9262
vn -0.9097 0.2277 -0.3473
vn -0.3423 0.8468 0.4071
vn 0.5742 -0.2623 0.7756
vn 0.5306 -0.2405 0.8128
vn -0.9141 0.3582 -0.1899
vn -0.9034 0.3805 -0.1975
vn -0.4192 0.6230 0.6604
vn -0.6800 0.6650 0.3087
vn -0.7390 0.6701 -0.0693
vn -0.8852 0.2766 -0.3741
vn -0.8013 0.4446 -0.4004
vn -0.8763 0.2995 -0.3774
vn 0.7843 0.1459 0.6029
vn 0.7031 0.0107 0.7110
vn 0.7775 0.5855 0.2295
vn 0.9505 -0.1430 0.2757
vn 0.9271 -0.2171 0.3054
vn -0.8189 0.4421 -0.3660
vn -0.9059 0.2317 -0.3544
vn 0.9928 0.1175 -0.0234
vn 0.9792 -0.0650 -0.1920
vn 0.9130 0.1435 -0.3819
vn 0.8209 0.3411 -0.4580
vn 0.7938 0.4365 -0.4235
vn 0.8227 0.4158 -0.3877
vn 0.8218 0.4081 -0.3975
vn 0.7159 0.5451 -0.4363
vn 0.4377 0.7664 -0.4702
vn -0.0122 0.8911 -0.4536
vn -0.3856 0.8284 -0.4063
vn -0.6203 0.6833 -0.3852
vn -0.8768 0.2272 -0.4238
vn -0.8259 0.2896 -0.4838
vn -0.8910 0.2087 -0.4032
vn -0.9788 0.0330 -0.2022
vn -0.9981 -0.0621 0.0037
vn -0.9911 0.0441 0.1258
vn 0.8928 -0.2907 0.3441
vn -0.3257 -0.5665 0.7569
vn 0.8599 -0.3830 0.3375
vn -0.8479 -0.3374 0.4090
vn -0.8650 -0.3754 0.3330
vn -0.7892 0.6094 -0.0766
vn 0.4417 0.8613 -0.2513
vn -0.6505 0.7572 0.0589
vn 0.2687 0.9555 0.1219
vn 0.3088 0.9510 -0.0159
vn -0.6875 0.7093 -0.1554
vn 0.5645 0.7638 -0.3129
vn 0.6761 0.6905 -0.2569
vn 0.6962 0.5480 0.4637
vn -0.5870 0.7263 -0.3575
vn 0.1111 -0.5923 0.7980
vn 0.0688 -0.7105 0.7003
vn -0.0337 -0.5931 0.8045
vn -0.1839 -0.0285 0.9825
vn -0.2344 0.4711 0.8504
vn -0.2092 0.6927 0.6902
vn -0.1159 0.9445 0.3073
vn 0.7084 0.5581 -0.4321
vn -0.8996 0.4289 -0.0824
vn -0.8976 0.2536 -0.3605
vn -0.9149 0.2910 -0.2797
vn 0.7288 0.5047 -0.4628
vn 0.7057 0.5969 -0.3817
vt 0.443840 0.400400
vt 0.455130 0.386830
vt 0.468960 0.393950
vt 0.459950 0.408310
vt 0.480730 0.418780
vt 0.489530 0.400470
vt 0.429070 0.382040
vt 0.436210 0.372540
vt 0.444770 0.379520
vt 0.429440 0.392950
vt 0.420710 0.380920
vt 0.428030 0.367660
vt 0.409500 0.378320
vt 0.417580 0.363810
vt 0.412450 0.394170
vt 0.514110 0.403120
vt 0.508450 0.428610
vt 0.361550 0.368860
vt 0.349160 0.367860
vt 0.350530 0.355970
vt 0.363610 0.356390
vt 0.376720 0.356220
vt 0.373250 0.370060
vt 0.357050 0.382570
vt 0.345600 0.381450
vt 0.407160 0.360500
vt 0.396470 0.373530
vt 0.389310 0.356190
vt 0.384540 0.371820
vt 0.400530 0.392360
vt 0.378280 0.387020
vt 0.389230 0.389550
vt 0.367450 0.384770
vt 0.332790 0.381100
vt 0.335470 0.367260
vt 0.317280 0.381220
vt 0.318830 0.368000
vt 0.299640 0.382570
vt 0.299640 0.369480
vt 0.336610 0.355080
vt 0.318340 0.353670
vt 0.299640 0.357430
vt 0.399720 0.358150
vt 0.155440 0.400400
vt 0.139330 0.408310
vt 0.130320 0.393950
vt 0.144150 0.386830
vt 0.118550 0.418780
vt 0.109750 0.400470
vt 0.170210 0.382040
vt 0.169840 0.392950
vt 0.154510 0.379520
vt 0.163070 0.372540
vt 0.171250 0.367660
vt 0.178570 0.380920
vt 0.189780 0.378320
vt 0.181700 0.363810
vt 0.186830 0.394170
vt 0.085170 0.403120
vt 0.090830 0.428610
vt 0.237730 0.368860
vt 0.235670 0.356390
vt 0.248750 0.355970
vt 0.250120 0.367860
vt 0.226030 0.370060
vt 0.222560 0.356220
vt 0.242230 0.382570
vt 0.253680 0.381450
vt 0.192120 0.360500
vt 0.202810 0.373530
vt 0.214740 0.371820
vt 0.209970 0.356190
vt 0.198750 0.392360
vt 0.221000 0.387020
vt 0.210050 0.389550
vt 0.231830 0.384770
vt 0.263810 0.367260
vt 0.266490 0.381100
vt 0.280450 0.368000
vt 0.282010 0.381220
vt 0.262670 0.355080
vt 0.280940 0.353670
vt 0.199560 0.358150
vt 0.294940 0.744880
vt 0.298100 0.739220
vt 0.311250 0.746940
vt 0.305320 0.751710
vt 0.373630 0.647490
vt 0.386370 0.646760
vt 0.389870 0.661150
vt 0.377630 0.661800
vt 0.414940 0.660720
vt 0.412370 0.644940
vt 0.426560 0.644540
vt 0.427670 0.658910
vt 0.399210 0.645840
vt 0.402140 0.660530
vt 0.441910 0.644740
vt 0.457870 0.643930
vt 0.458550 0.657610
vt 0.442760 0.658800
vt 0.473990 0.642360
vt 0.474360 0.654230
vt 0.490120 0.640050
vt 0.490120 0.649690
vt 0.395100 0.677950
vt 0.383430 0.678270
vt 0.421550 0.955430
vt 0.408190 0.962130
vt 0.408680 0.950570
vt 0.420820 0.944060
vt 0.406880 0.990050
vt 0.407680 0.975110
vt 0.422040 0.968420
vt 0.422300 0.983170
vt 0.379400 0.980700
vt 0.393710 0.978760
vt 0.392580 0.992810
vt 0.377620 0.994420
vt 0.384140 0.957700
vt 0.396410 0.955080
vt 0.394970 0.966260
vt 0.381730 0.968550
vt 0.399170 0.934330
vt 0.397810 0.944800
vt 0.386640 0.947300
vt 0.388950 0.936610
vt 0.432340 0.935250
vt 0.434460 0.946190
vt 0.438100 0.974240
vt 0.436270 0.959060
vt 0.359640 0.994800
vt 0.363350 0.981170
vt 0.371720 0.958450
vt 0.367550 0.969110
vt 0.336900 0.964070
vt 0.347820 0.954170
vt 0.359910 0.957410
vt 0.352940 0.967760
vt 0.320080 0.991410
vt 0.328330 0.976770
vt 0.346320 0.979880
vt 0.340240 0.993870
vt 0.333010 0.899190
vt 0.323890 0.902660
vt 0.322820 0.895700
vt 0.331370 0.893320
vt 0.442520 0.923880
vt 0.445970 0.934350
vt 0.453590 0.961680
vt 0.449400 0.946720
vt 0.461170 0.931000
vt 0.468490 0.944680
vt 0.451070 0.909930
vt 0.455870 0.919710
vt 0.441140 0.893660
vt 0.446120 0.901040
vt 0.438950 0.914480
vt 0.435070 0.906140
vt 0.455950 0.867170
vt 0.451750 0.885140
vt 0.445840 0.878890
vt 0.449400 0.861360
vt 0.462970 0.874810
vt 0.470470 0.883090
vt 0.464120 0.902690
vt 0.457930 0.893420
vt 0.473850 0.861340
vt 0.465730 0.854450
vt 0.466590 0.833170
vt 0.475210 0.838360
vt 0.491540 0.845260
vt 0.490930 0.872040
vt 0.481970 0.867330
vt 0.483390 0.842830
vt 0.478540 0.890850
vt 0.489220 0.898230
vt 0.480360 0.923700
vt 0.470920 0.912740
vt 0.451380 0.843720
vt 0.452140 0.825310
vt 0.459050 0.829360
vt 0.458310 0.848730
vt 0.288080 0.727710
vt 0.301420 0.733400
vt 0.285750 0.733990
vt 0.274790 0.723420
vt 0.275910 0.731560
vt 0.267180 0.729750
vt 0.262610 0.722120
vt 0.267270 0.735670
vt 0.276100 0.737360
vt 0.275380 0.742670
vt 0.267170 0.741030
vt 0.282300 0.750370
vt 0.290260 0.754380
vt 0.287820 0.758420
vt 0.280120 0.754630
vt 0.284780 0.739950
vt 0.292230 0.749690
vt 0.283880 0.745410
vt 0.337730 0.873300
vt 0.338060 0.878260
vt 0.330070 0.881630
vt 0.329820 0.876550
vt 0.301470 0.755670
vt 0.298450 0.759160
vt 0.296320 0.763290
vt 0.286020 0.763080
vt 0.293650 0.766950
vt 0.277770 0.759090
vt 0.272720 0.752090
vt 0.265740 0.750630
vt 0.266230 0.745940
vt 0.274260 0.747640
vt 0.271050 0.756330
vt 0.264080 0.754550
vt 0.262370 0.762120
vt 0.262940 0.757910
vt 0.269800 0.759980
vt 0.268420 0.763690
vt 0.276770 0.762530
vt 0.284170 0.765840
vt 0.282500 0.768720
vt 0.275360 0.765980
vt 0.291650 0.769590
vt 0.289410 0.771450
vt 0.273730 0.773790
vt 0.280170 0.774610
vt 0.279820 0.776120
vt 0.273530 0.775480
vt 0.267280 0.772840
vt 0.267720 0.775080
vt 0.262320 0.774920
vt 0.261580 0.772450
vt 0.256300 0.788550
vt 0.256220 0.786020
vt 0.259120 0.785990
vt 0.259280 0.788550
vt 0.270840 0.784190
vt 0.271180 0.786590
vt 0.266680 0.787500
vt 0.266270 0.785060
vt 0.276340 0.785570
vt 0.276450 0.783700
vt 0.281750 0.782870
vt 0.282020 0.784200
vt 0.287160 0.783250
vt 0.286500 0.782120
vt 0.290440 0.786830
vt 0.293050 0.790290
vt 0.286660 0.792390
vt 0.284610 0.788080
vt 0.274200 0.794970
vt 0.268770 0.795990
vt 0.267750 0.792880
vt 0.272560 0.791850
vt 0.260110 0.796370
vt 0.256760 0.796420
vt 0.256200 0.794120
vt 0.259450 0.794190
vt 0.430170 0.925410
vt 0.427740 0.916400
vt 0.310000 0.789870
vt 0.314470 0.793210
vt 0.309170 0.798210
vt 0.305500 0.794190
vt 0.291580 0.800810
vt 0.289270 0.796880
vt 0.295980 0.794040
vt 0.299340 0.798160
vt 0.257290 0.802470
vt 0.257100 0.799600
vt 0.260750 0.799120
vt 0.261400 0.800880
vt 0.275840 0.799240
vt 0.277120 0.802320
vt 0.270910 0.801820
vt 0.269890 0.799480
vt 0.316590 0.805630
vt 0.308210 0.810480
vt 0.304470 0.805690
vt 0.312710 0.801990
vt 0.267740 0.806030
vt 0.270160 0.805540
vt 0.271300 0.807840
vt 0.268950 0.807060
vt 0.259390 0.811240
vt 0.262680 0.808530
vt 0.264530 0.809190
vt 0.262300 0.811900
vt 0.259880 0.823340
vt 0.260260 0.826480
vt 0.256640 0.826420
vt 0.256760 0.823210
vt 0.263900 0.823360
vt 0.264590 0.826290
vt 0.267500 0.838420
vt 0.263090 0.839110
vt 0.262390 0.834020
vt 0.266720 0.833320
vt 0.261430 0.830000
vt 0.265630 0.829530
vt 0.258360 0.834510
vt 0.257600 0.830340
vt 0.258900 0.839590
vt 0.259320 0.851860
vt 0.259260 0.845370
vt 0.263830 0.844740
vt 0.264390 0.851280
vt 0.344110 0.894960
vt 0.341830 0.888920
vt 0.258860 0.864450
vt 0.258990 0.858680
vt 0.264940 0.858690
vt 0.264670 0.864190
vt 0.339590 0.883910
vt 0.330500 0.887840
vt 0.316070 0.884690
vt 0.316770 0.879190
vt 0.323640 0.878030
vt 0.322960 0.883480
vt 0.259190 0.981390
vt 0.258510 0.984360
vt 0.254410 0.984650
vt 0.254910 0.980860
vt 0.343040 0.869970
vt 0.344810 0.874150
vt 0.342290 0.867290
vt 0.337050 0.870170
vt 0.330260 0.872880
vt 0.317840 0.875150
vt 0.324240 0.874040
vt 0.336900 0.864220
vt 0.341540 0.862180
vt 0.341550 0.863450
vt 0.336880 0.865620
vt 0.331040 0.866060
vt 0.330890 0.867690
vt 0.318810 0.870900
vt 0.319300 0.869080
vt 0.324970 0.867700
vt 0.324720 0.869600
vt 0.305920 0.869640
vt 0.312960 0.869720
vt 0.312190 0.871770
vt 0.304900 0.871310
vt 0.310300 0.876200
vt 0.308750 0.880080
vt 0.300470 0.879730
vt 0.302720 0.875600
vt 0.295180 0.866370
vt 0.299920 0.868260
vt 0.298970 0.869820
vt 0.294680 0.867880
vt 0.267530 0.767370
vt 0.261470 0.766200
vt 0.281330 0.770990
vt 0.274370 0.769110
vt 0.288200 0.772970
vt 0.282930 0.785870
vt 0.288230 0.784570
vt 0.267090 0.790230
vt 0.271670 0.789460
vt 0.256230 0.791100
vt 0.259340 0.791140
vt 0.262800 0.788180
vt 0.262470 0.785680
vt 0.263100 0.793570
vt 0.263040 0.790870
vt 0.265550 0.800760
vt 0.264770 0.798780
vt 0.297070 0.874340
vt 0.294180 0.878070
vt 0.287160 0.875920
vt 0.291520 0.872310
vt 0.262240 0.814410
vt 0.259290 0.813840
vt 0.266430 0.809230
vt 0.265550 0.811840
vt 0.265860 0.814200
vt 0.269130 0.825830
vt 0.269770 0.828590
vt 0.282200 0.833400
vt 0.277380 0.835360
vt 0.275890 0.831100
vt 0.280310 0.829600
vt 0.273840 0.824990
vt 0.278020 0.824110
vt 0.278750 0.826520
vt 0.274720 0.827370
vt 0.277230 0.821770
vt 0.272970 0.822570
vt 0.270300 0.810630
vt 0.272000 0.812460
vt 0.269210 0.813780
vt 0.268230 0.811470
vt 0.268940 0.808210
vt 0.267850 0.808810
vt 0.257470 0.809690
vt 0.261240 0.807940
vt 0.266250 0.803390
vt 0.268590 0.804410
vt 0.265700 0.805470
vt 0.264180 0.805060
vt 0.253200 0.808540
vt 0.256740 0.808230
vt 0.253820 0.809780
vt 0.256520 0.812120
vt 0.256640 0.814370
vt 0.258260 0.976500
vt 0.261160 0.979160
vt 0.260560 0.995410
vt 0.262230 0.991540
vt 0.264900 0.993760
vt 0.265790 0.997190
vt 0.271380 0.995240
vt 0.269810 0.991990
vt 0.272620 0.989270
vt 0.275140 0.991820
vt 0.268770 0.843780
vt 0.269960 0.850170
vt 0.323170 0.758040
vt 0.316030 0.761190
vt 0.311180 0.764130
vt 0.307390 0.766540
vt 0.303530 0.768750
vt 0.299670 0.770970
vt 0.317380 0.786680
vt 0.311360 0.785000
vt 0.310510 0.780010
vt 0.315970 0.780650
vt 0.321330 0.781060
vt 0.328580 0.781490
vt 0.330050 0.790390
vt 0.322860 0.788580
vt 0.337220 0.792010
vt 0.336360 0.781270
vt 0.263830 0.796210
vt 0.322400 0.890000
vt 0.412700 0.695730
vt 0.419000 0.714680
vt 0.407800 0.713040
vt 0.401370 0.695260
vt 0.436250 0.696220
vt 0.441000 0.716120
vt 0.429980 0.715940
vt 0.424340 0.696550
vt 0.462790 0.693850
vt 0.466340 0.715590
vt 0.452820 0.716940
vt 0.449070 0.695410
vt 0.478290 0.713800
vt 0.476360 0.691630
vt 0.490100 0.688020
vt 0.490610 0.711980
vt 0.406980 0.678070
vt 0.419000 0.677820
vt 0.431720 0.676920
vt 0.445700 0.676030
vt 0.460300 0.674480
vt 0.490110 0.665780
vt 0.475280 0.671140
vt 0.335510 0.907890
vt 0.337680 0.916520
vt 0.329450 0.919760
vt 0.326910 0.910410
vt 0.349370 0.913860
vt 0.346250 0.903520
vt 0.358960 0.909390
vt 0.357370 0.899120
vt 0.329030 0.848660
vt 0.336340 0.849970
vt 0.335990 0.853320
vt 0.329150 0.853460
vt 0.322150 0.854200
vt 0.321080 0.849030
vt 0.348010 0.865090
vt 0.351070 0.867410
vt 0.341430 0.855860
vt 0.342220 0.852710
vt 0.346140 0.855830
vt 0.343980 0.857580
vt 0.274290 0.841930
vt 0.275990 0.847330
vt 0.330030 0.857110
vt 0.323580 0.857900
vt 0.335780 0.856430
vt 0.325280 0.865810
vt 0.319760 0.867070
vt 0.320990 0.864360
vt 0.325490 0.863570
vt 0.341570 0.860770
vt 0.337420 0.862580
vt 0.337940 0.860890
vt 0.341840 0.859740
vt 0.331410 0.864410
vt 0.331780 0.862240
vt 0.300710 0.866850
vt 0.295460 0.865030
vt 0.296600 0.864190
vt 0.301480 0.865330
vt 0.314220 0.867420
vt 0.306780 0.867740
vt 0.308050 0.865730
vt 0.314840 0.865390
vt 0.340350 0.857760
vt 0.272930 0.986970
vt 0.269610 0.987630
vt 0.270050 0.985600
vt 0.263640 0.981600
vt 0.262310 0.982660
vt 0.262120 0.984580
vt 0.263680 0.989430
vt 0.265420 0.989660
vt 0.638730 0.446750
vt 0.638810 0.450460
vt 0.635590 0.451090
vt 0.634830 0.444840
vt 0.279690 0.777850
vt 0.273850 0.777780
vt 0.268440 0.777870
vt 0.263360 0.777920
vt 0.444410 0.838880
vt 0.444090 0.820790
vt 0.440410 0.873110
vt 0.443150 0.855910
vt 0.400920 0.923210
vt 0.410030 0.920120
vt 0.409300 0.930320
vt 0.391480 0.925120
vt 0.419980 0.934050
vt 0.408990 0.940380
vt 0.375770 0.948090
vt 0.357450 0.945180
vt 0.366120 0.947500
vt 0.320560 0.922370
vt 0.316660 0.912740
vt 0.314870 0.904600
vt 0.314440 0.897600
vt 0.314900 0.891680
vt 0.315680 0.855200
vt 0.316550 0.859280
vt 0.313920 0.850250
vt 0.280030 0.793950
vt 0.278270 0.790340
vt 0.276940 0.787760
vt 0.317830 0.743020
vt 0.426140 0.621060
vt 0.427750 0.608870
vt 0.440010 0.608510
vt 0.441440 0.621130
vt 0.414180 0.609130
vt 0.411650 0.620880
vt 0.426290 0.633030
vt 0.411610 0.633000
vt 0.441620 0.632930
vt 0.398020 0.633330
vt 0.398120 0.621200
vt 0.400780 0.608750
vt 0.456830 0.620800
vt 0.457430 0.632770
vt 0.455210 0.607880
vt 0.473600 0.621590
vt 0.473670 0.633280
vt 0.474010 0.609660
vt 0.490240 0.621420
vt 0.490130 0.631920
vt 0.489650 0.608280
vt 0.384860 0.622100
vt 0.388100 0.609370
vt 0.384640 0.634150
vt 0.341750 0.622420
vt 0.356840 0.621910
vt 0.357610 0.635620
vt 0.342790 0.635970
vt 0.371400 0.635000
vt 0.371470 0.621910
vt 0.326950 0.622410
vt 0.327760 0.635760
vt 0.344130 0.780930
vt 0.345910 0.792180
vt 0.330360 0.754790
vt 0.327220 0.737190
vt 0.339900 0.752760
vt 0.312260 0.635610
vt 0.312110 0.622250
vt 0.453280 0.791950
vt 0.458920 0.792510
vt 0.459140 0.810180
vt 0.452520 0.807470
vt 0.298880 0.843210
vt 0.304570 0.841310
vt 0.306250 0.846180
vt 0.300690 0.847970
vt 0.464450 0.791100
vt 0.474190 0.793490
vt 0.474540 0.815820
vt 0.465920 0.812930
vt 0.483090 0.796330
vt 0.491150 0.798110
vt 0.492240 0.820400
vt 0.483840 0.818880
vt 0.447000 0.786630
vt 0.444480 0.802620
vt 0.291420 0.863590
vt 0.290840 0.865300
vt 0.292140 0.861940
vt 0.294300 0.862100
vt 0.294160 0.859260
vt 0.297960 0.860410
vt 0.296990 0.862170
vt 0.295180 0.860630
vt 0.279500 0.872300
vt 0.286920 0.869440
vt 0.256320 0.806710
vt 0.259930 0.806330
vt 0.260170 0.807270
vt 0.270340 0.977910
vt 0.273410 0.976450
vt 0.275090 0.979230
vt 0.271710 0.979570
vt 0.268140 0.977510
vt 0.264810 0.977440
vt 0.265620 0.974180
vt 0.269940 0.975270
vt 0.266440 0.980050
vt 0.346370 0.862730
vt 0.272510 0.856610
vt 0.279720 0.858110
vt 0.277770 0.862540
vt 0.270580 0.863210
vt 0.302910 0.852470
vt 0.308280 0.851270
vt 0.309880 0.856060
vt 0.304370 0.856700
vt 0.318960 0.796210
vt 0.324380 0.799290
vt 0.307750 0.885850
vt 0.298640 0.885970
vt 0.290570 0.884820
vt 0.282930 0.882720
vt 0.306450 0.892830
vt 0.296990 0.892740
vt 0.263930 0.870040
vt 0.264520 0.877470
vt 0.258250 0.876530
vt 0.258790 0.869840
vt 0.288320 0.891450
vt 0.280830 0.890040
vt 0.272350 0.878410
vt 0.269450 0.869810
vt 0.276820 0.867200
vt 0.263950 0.885920
vt 0.256510 0.884140
vt 0.262770 0.891590
vt 0.256770 0.890430
vt 0.320280 0.843570
vt 0.329090 0.843140
vt 0.336940 0.844520
vt 0.279260 0.840000
vt 0.284000 0.838010
vt 0.285740 0.842660
vt 0.281130 0.844800
vt 0.343480 0.847650
vt 0.348440 0.852840
vt 0.278570 0.852250
vt 0.283200 0.855210
vt 0.294100 0.833840
vt 0.300550 0.831420
vt 0.302770 0.836400
vt 0.296760 0.838560
vt 0.288900 0.836040
vt 0.291040 0.840710
vt 0.310620 0.839510
vt 0.319040 0.837740
vt 0.312180 0.845030
vt 0.286760 0.852750
vt 0.283570 0.849160
vt 0.287960 0.846900
vt 0.290830 0.850950
vt 0.295640 0.849520
vt 0.293270 0.845030
vt 0.298020 0.853490
vt 0.293550 0.854600
vt 0.315890 0.826080
vt 0.317120 0.831750
vt 0.309090 0.834190
vt 0.307460 0.828890
vt 0.299020 0.924100
vt 0.296740 0.913150
vt 0.306990 0.913660
vt 0.310050 0.923930
vt 0.250960 0.921680
vt 0.250960 0.908110
vt 0.260500 0.908260
vt 0.261190 0.920970
vt 0.366840 0.878120
vt 0.355240 0.889490
vt 0.351390 0.883090
vt 0.360280 0.873100
vt 0.347520 0.878960
vt 0.354870 0.870800
vt 0.285970 0.776440
vt 0.286870 0.775200
vt 0.304960 0.786470
vt 0.301330 0.790560
vt 0.297030 0.782330
vt 0.300370 0.784060
vt 0.297830 0.787190
vt 0.294840 0.784700
vt 0.294510 0.774220
vt 0.296700 0.772940
vt 0.292860 0.775040
vt 0.306160 0.782850
vt 0.305250 0.779380
vt 0.286040 0.777890
vt 0.582240 0.540940
vt 0.577270 0.542750
vt 0.570500 0.528050
vt 0.574380 0.524710
vt 0.564730 0.590140
vt 0.562470 0.586420
vt 0.571430 0.580620
vt 0.575240 0.583540
vt 0.530340 0.582660
vt 0.532850 0.579890
vt 0.541920 0.586160
vt 0.539980 0.589510
vt 0.420030 0.862200
vt 0.415620 0.859410
vt 0.416780 0.855640
vt 0.420230 0.856630
vt 0.522440 0.562370
vt 0.526340 0.571590
vt 0.522410 0.573580
vt 0.517800 0.563540
vt 0.412720 0.853390
vt 0.515730 0.549120
vt 0.517280 0.537490
vt 0.521720 0.539070
vt 0.520690 0.549690
vt 0.565120 0.513310
vt 0.563070 0.517340
vt 0.560510 0.514730
vt 0.563220 0.511630
vt 0.295700 0.905080
vt 0.305450 0.905150
vt 0.581330 0.573660
vt 0.576280 0.572100
vt 0.580100 0.560430
vt 0.584260 0.559670
vt 0.313480 0.648280
vt 0.315830 0.661210
vt 0.297490 0.657870
vt 0.297050 0.647030
vt 0.335110 0.661890
vt 0.330080 0.649040
vt 0.345940 0.649170
vt 0.350990 0.662350
vt 0.290820 0.829000
vt 0.297910 0.826530
vt 0.314040 0.820450
vt 0.305030 0.823830
vt 0.308260 0.774470
vt 0.303850 0.775410
vt 0.313020 0.773730
vt 0.324250 0.771950
vt 0.318130 0.773370
vt 0.331220 0.770510
vt 0.339250 0.768540
vt 0.349570 0.767890
vt 0.396920 0.712100
vt 0.390150 0.695160
vt 0.475550 0.995090
vt 0.467090 0.992510
vt 0.468330 0.988050
vt 0.474330 0.990850
vt 0.343650 0.678140
vt 0.358090 0.678540
vt 0.328810 0.677430
vt 0.378200 0.821380
vt 0.367640 0.820350
vt 0.367350 0.811280
vt 0.378330 0.812730
vt 0.388750 0.814520
vt 0.388550 0.822580
vt 0.387840 0.831150
vt 0.398680 0.831140
vt 0.397640 0.839500
vt 0.386500 0.839940
vt 0.541130 0.508980
vt 0.540460 0.513970
vt 0.532800 0.519470
vt 0.530470 0.516880
vt 0.550580 0.507770
vt 0.549550 0.510920
vt 0.521570 0.526380
vt 0.524990 0.528560
vt 0.525880 0.521770
vt 0.528800 0.524120
vt 0.559730 0.508550
vt 0.556560 0.512280
vt 0.398810 0.823680
vt 0.399530 0.816570
vt 0.342000 0.607890
vt 0.358060 0.608230
vt 0.374240 0.608870
vt 0.326730 0.607790
vt 0.312780 0.607780
vt 0.296290 0.623030
vt 0.299590 0.607970
vt 0.296590 0.635300
vt 0.288300 0.718750
vt 0.288220 0.710740
vt 0.305980 0.717030
vt 0.305770 0.725900
vt 0.311780 0.689730
vt 0.305700 0.677770
vt 0.317470 0.678630
vt 0.325190 0.691780
vt 0.364820 0.662340
vt 0.371150 0.678390
vt 0.360300 0.648450
vt 0.435830 0.865340
vt 0.437350 0.849980
vt 0.438010 0.834940
vt 0.438790 0.822460
vt 0.426770 0.857190
vt 0.423550 0.851650
vt 0.423690 0.848830
vt 0.428180 0.852950
vt 0.428560 0.847740
vt 0.423600 0.845280
vt 0.422930 0.839300
vt 0.428980 0.841260
vt 0.292440 0.782980
vt 0.294620 0.781140
vt 0.289350 0.776600
vt 0.290450 0.775970
vt 0.297820 0.778080
vt 0.297860 0.780060
vt 0.295440 0.779370
vt 0.295380 0.777810
vt 0.300920 0.778660
vt 0.301210 0.781430
vt 0.642060 0.447600
vt 0.641340 0.450370
vt 0.289160 0.777860
vt 0.296960 0.776080
vt 0.294620 0.776230
vt 0.299860 0.775930
vt 0.265970 0.658200
vt 0.266070 0.669420
vt 0.250970 0.668920
vt 0.250970 0.657940
vt 0.266800 0.681200
vt 0.251060 0.680700
vt 0.280210 0.635240
vt 0.281030 0.622160
vt 0.266440 0.621450
vt 0.265730 0.634430
vt 0.251080 0.634390
vt 0.250890 0.621670
vt 0.282320 0.659520
vt 0.280750 0.646730
vt 0.282050 0.683060
vt 0.280140 0.671470
vt 0.293370 0.675710
vt 0.297140 0.686470
vt 0.267800 0.692480
vt 0.250880 0.691870
vt 0.285930 0.608430
vt 0.265760 0.646410
vt 0.284720 0.694930
vt 0.269650 0.608970
vt 0.250960 0.609090
vt 0.268120 0.713680
vt 0.643350 0.416810
vt 0.645650 0.416210
vt 0.647590 0.422300
vt 0.643400 0.422690
vt 0.269370 0.706550
vt 0.250980 0.710670
vt 0.251010 0.705090
vt 0.286550 0.780920
vt 0.282370 0.781500
vt 0.277160 0.781820
vt 0.266570 0.782810
vt 0.271580 0.782200
vt 0.262570 0.783350
vt 0.256110 0.783660
vt 0.259060 0.783620
vt 0.635790 0.406150
vt 0.637600 0.406990
vt 0.637400 0.409080
vt 0.635450 0.408060
vt 0.263080 0.780700
vt 0.267120 0.780580
vt 0.272000 0.780410
vt 0.639460 0.408530
vt 0.639560 0.410880
vt 0.256640 0.780720
vt 0.259410 0.780710
vt 0.633780 0.405680
vt 0.633570 0.407560
vt 0.641230 0.410280
vt 0.641630 0.412380
vt 0.642390 0.411000
vt 0.643140 0.412860
vt 0.637290 0.411880
vt 0.639650 0.413730
vt 0.639890 0.416470
vt 0.636980 0.415380
vt 0.635270 0.410590
vt 0.634650 0.414310
vt 0.633390 0.409910
vt 0.632890 0.413600
vt 0.636150 0.492800
vt 0.634350 0.493380
vt 0.634440 0.490710
vt 0.636230 0.490270
vt 0.637930 0.492180
vt 0.637870 0.489930
vt 0.642520 0.414250
vt 0.644410 0.414390
vt 0.633880 0.422460
vt 0.636570 0.422270
vt 0.637380 0.434980
vt 0.633980 0.434360
vt 0.636410 0.477810
vt 0.634310 0.478440
vt 0.634620 0.464440
vt 0.637320 0.463800
vt 0.638760 0.476650
vt 0.638880 0.462650
vt 0.639710 0.422790
vt 0.640560 0.435960
vt 0.632110 0.478630
vt 0.631770 0.421910
vt 0.645030 0.474560
vt 0.641450 0.475410
vt 0.642620 0.461880
vt 0.644890 0.436860
vt 0.653440 0.426470
vt 0.652230 0.440770
vt 0.649110 0.437870
vt 0.649610 0.471180
vt 0.647370 0.457970
vt 0.635990 0.486630
vt 0.634420 0.487130
vt 0.637720 0.486260
vt 0.641560 0.483850
vt 0.639510 0.485500
vt 0.647540 0.415710
vt 0.487110 0.979340
vt 0.484420 0.983370
vt 0.480900 0.979780
vt 0.484340 0.977350
vt 0.633400 0.486050
vt 0.632310 0.485580
vt 0.644600 0.448960
vt 0.331550 0.859580
vt 0.325070 0.860550
vt 0.336390 0.858940
vt 0.483570 0.993120
vt 0.479510 0.994110
vt 0.478440 0.989610
vt 0.481220 0.989500
vt 0.491340 0.982250
vt 0.488450 0.989020
vt 0.486970 0.986620
vt 0.488790 0.982270
vt 0.461070 0.986210
vt 0.458340 0.976260
vt 0.461380 0.978360
vt 0.464070 0.984040
vt 0.633080 0.493630
vt 0.632120 0.493830
vt 0.632060 0.490660
vt 0.633030 0.490600
vt 0.340400 0.859770
vt 0.339110 0.859190
vt 0.458660 0.973830
vt 0.460990 0.975190
vt 0.318010 0.862000
vt 0.481340 0.959300
vt 0.488670 0.965430
vt 0.485400 0.966530
vt 0.479730 0.961980
vt 0.490840 0.971320
vt 0.486220 0.970770
vt 0.480610 0.984610
vt 0.490870 0.977390
vt 0.488380 0.975230
vt 0.464880 0.977100
vt 0.467660 0.981710
vt 0.471900 0.984270
vt 0.475860 0.986250
vt 0.490960 0.975210
vt 0.472740 0.957980
vt 0.471780 0.961370
vt 0.480710 0.971440
vt 0.479390 0.969570
vt 0.482630 0.971870
vt 0.484640 0.975290
vt 0.476080 0.978020
vt 0.477810 0.978710
vt 0.479770 0.979920
vt 0.476780 0.968820
vt 0.472900 0.977450
vt 0.473420 0.969090
vt 0.528510 0.561070
vt 0.526380 0.561700
vt 0.525390 0.549090
vt 0.527950 0.551020
vt 0.566840 0.521210
vt 0.569190 0.517970
vt 0.528860 0.570430
vt 0.530920 0.568760
vt 0.536120 0.575630
vt 0.534740 0.578120
vt 0.543580 0.580410
vt 0.543090 0.583330
vt 0.560570 0.582910
vt 0.559640 0.579460
vt 0.566450 0.575270
vt 0.568190 0.577370
vt 0.555050 0.522140
vt 0.558340 0.517510
vt 0.560800 0.519820
vt 0.557280 0.524080
vt 0.568660 0.531210
vt 0.565560 0.533310
vt 0.558950 0.526400
vt 0.564050 0.523670
vt 0.573260 0.543810
vt 0.570270 0.544490
vt 0.571890 0.558740
vt 0.575350 0.559550
vt 0.573370 0.570310
vt 0.570760 0.568330
vt 0.526840 0.538820
vt 0.546890 0.540540
vt 0.552470 0.542390
vt 0.549450 0.548450
vt 0.545250 0.545250
vt 0.556700 0.544420
vt 0.553130 0.550890
vt 0.568900 0.557760
vt 0.568120 0.545050
vt 0.529610 0.530200
vt 0.554410 0.515350
vt 0.548640 0.514820
vt 0.551270 0.520790
vt 0.546950 0.520100
vt 0.540680 0.517500
vt 0.540960 0.521830
vt 0.567500 0.566040
vt 0.548840 0.556050
vt 0.545170 0.553480
vt 0.535530 0.537130
vt 0.532730 0.534800
vt 0.533840 0.531330
vt 0.536540 0.533820
vt 0.536780 0.525110
vt 0.533920 0.522310
vt 0.531290 0.526340
vt 0.534730 0.528280
vt 0.537160 0.531160
vt 0.564060 0.534840
vt 0.553180 0.537190
vt 0.558890 0.537360
vt 0.540510 0.534730
vt 0.539980 0.532970
vt 0.542000 0.527020
vt 0.538660 0.528250
vt 0.542560 0.530920
vt 0.539920 0.530510
vt 0.544670 0.526510
vt 0.545530 0.531050
vt 0.550490 0.534690
vt 0.555120 0.531980
vt 0.553050 0.529590
vt 0.551060 0.527390
vt 0.547420 0.526390
vt 0.547500 0.532890
vt 0.547380 0.536410
vt 0.544940 0.536880
vt 0.542050 0.540090
vt 0.538470 0.538180
vt 0.438600 0.814460
vt 0.427070 0.819910
vt 0.420940 0.818360
vt 0.419030 0.810880
vt 0.425440 0.811840
vt 0.423250 0.807460
vt 0.418710 0.809980
vt 0.418120 0.808290
vt 0.420150 0.805140
vt 0.282180 0.798530
vt 0.291770 0.776510
vt 0.290780 0.777070
vt 0.267000 0.770370
vt 0.261510 0.769770
vt 0.273790 0.771620
vt 0.280670 0.772920
vt 0.287620 0.774060
vt 0.291550 0.775530
vt 0.311430 0.815110
vt 0.302360 0.818490
vt 0.300040 0.813580
vt 0.283600 0.802320
vt 0.297030 0.809030
vt 0.464870 0.961070
vt 0.466350 0.963470
vt 0.311050 0.860080
vt 0.311450 0.862920
vt 0.250970 0.646350
vt 0.295220 0.821680
vt 0.292950 0.816750
vt 0.278090 0.780080
vt 0.639540 0.489680
vt 0.639650 0.491450
vt 0.291860 0.780100
vt 0.293090 0.780420
vt 0.291110 0.782260
vt 0.290390 0.781570
vt 0.292220 0.777660
vt 0.293600 0.777690
vt 0.293670 0.778910
vt 0.292250 0.778690
vt 0.292990 0.776320
vt 0.291210 0.777820
vt 0.291270 0.778640
vt 0.289500 0.780440
vt 0.290880 0.779710
vt 0.289890 0.778110
vt 0.643910 0.412140
vt 0.643170 0.411100
vt 0.645560 0.413760
vt 0.289920 0.778250
vt 0.289970 0.778440
vt 0.289820 0.779010
vt 0.288920 0.779300
vt 0.644940 0.488570
vt 0.644660 0.488550
vt 0.644790 0.487460
vt 0.645540 0.487030
vt 0.283030 0.779910
vt 0.286700 0.779610
vt 0.644270 0.488740
vt 0.643560 0.489120
vt 0.643800 0.487530
vt 0.642470 0.487920
vt 0.642490 0.489720
vt 0.641230 0.490540
vt 0.641020 0.488580
vt 0.259260 0.816300
vt 0.259380 0.818590
vt 0.256370 0.818600
vt 0.256400 0.816560
vt 0.262530 0.816600
vt 0.262990 0.818620
vt 0.266410 0.816380
vt 0.266950 0.818440
vt 0.273730 0.814810
vt 0.275180 0.817340
vt 0.271050 0.818140
vt 0.270390 0.815970
vt 0.273640 0.808550
vt 0.271540 0.809560
vt 0.268940 0.807620
vt 0.268640 0.996190
vt 0.267530 0.993100
vt 0.288510 0.815930
vt 0.285780 0.815870
vt 0.284450 0.813040
vt 0.286970 0.811930
vt 0.281870 0.814230
vt 0.278350 0.816110
vt 0.276770 0.813740
vt 0.279900 0.811930
vt 0.281820 0.810300
vt 0.281160 0.823030
vt 0.280670 0.820710
vt 0.283410 0.819180
vt 0.283050 0.821450
vt 0.286230 0.818770
vt 0.285270 0.822660
vt 0.282390 0.824910
vt 0.284810 0.827620
vt 0.286600 0.831310
vt 0.288680 0.824130
vt 0.268400 0.989550
vt 0.267520 0.989800
vt 0.268520 0.985350
vt 0.267860 0.986210
vt 0.264550 0.986230
vt 0.263980 0.984890
vt 0.352740 0.694730
vt 0.338430 0.693090
vt 0.323360 0.816640
vt 0.325560 0.823090
vt 0.320790 0.810500
vt 0.332210 0.804140
vt 0.356230 0.792070
vt 0.354310 0.780930
vt 0.356420 0.802240
vt 0.345590 0.802430
vt 0.366940 0.792760
vt 0.367030 0.802520
vt 0.377910 0.794470
vt 0.378290 0.803900
vt 0.388870 0.806190
vt 0.388540 0.797030
vt 0.387100 0.786730
vt 0.397560 0.790390
vt 0.399340 0.801010
vt 0.365390 0.781920
vt 0.376790 0.784170
vt 0.384480 0.775330
vt 0.373860 0.771970
vt 0.367690 0.757740
vt 0.380010 0.761140
vt 0.352100 0.753380
vt 0.361100 0.769050
vt 0.366420 0.695540
vt 0.378570 0.695250
vt 0.310770 0.668760
vt 0.300300 0.667020
vt 0.357410 0.733250
vt 0.361020 0.744450
vt 0.345580 0.740870
vt 0.342200 0.729110
vt 0.370550 0.735710
vt 0.375100 0.747650
vt 0.388610 0.751150
vt 0.392230 0.764560
vt 0.395420 0.778700
vt 0.408760 0.822720
vt 0.409690 0.830530
vt 0.408860 0.818620
vt 0.408970 0.814280
vt 0.399460 0.809560
vt 0.409760 0.806580
vt 0.404080 0.781610
vt 0.402270 0.767520
vt 0.406090 0.794150
vt 0.325500 0.724480
vt 0.250990 0.699190
vt 0.269670 0.700330
vt 0.302500 0.698390
vt 0.318460 0.702810
vt 0.333330 0.706520
vt 0.373970 0.712120
vt 0.359960 0.711060
vt 0.346880 0.709150
vt 0.391810 0.727200
vt 0.396110 0.740670
vt 0.384020 0.738100
vt 0.379600 0.725740
vt 0.365590 0.723850
vt 0.352670 0.721500
vt 0.287200 0.704000
vt 0.338130 0.717810
vt 0.322810 0.713460
vt 0.304440 0.708270
vt 0.291210 0.666790
vt 0.330580 0.869680
vt 0.336410 0.867820
vt 0.412420 0.797200
vt 0.413300 0.804740
vt 0.410630 0.770620
vt 0.411690 0.784950
vt 0.385730 0.711900
vt 0.418060 0.787690
vt 0.418050 0.773700
vt 0.458710 0.750590
vt 0.471670 0.752740
vt 0.472860 0.772400
vt 0.460990 0.770700
vt 0.481680 0.754540
vt 0.482360 0.774920
vt 0.491910 0.756720
vt 0.491460 0.777080
vt 0.469450 0.734700
vt 0.456910 0.735080
vt 0.480340 0.734650
vt 0.491680 0.735220
vt 0.350720 0.859130
vt 0.354450 0.859160
vt 0.381300 0.862960
vt 0.378970 0.877230
vt 0.372170 0.861540
vt 0.403010 0.728840
vt 0.406700 0.742740
vt 0.444780 0.733000
vt 0.447520 0.750140
vt 0.436770 0.748070
vt 0.433770 0.731890
vt 0.426530 0.745910
vt 0.423250 0.730950
vt 0.415720 0.744790
vt 0.412970 0.730190
vt 0.409960 0.838320
vt 0.399740 0.876020
vt 0.408950 0.877930
vt 0.405870 0.890070
vt 0.397150 0.889760
vt 0.417000 0.879630
vt 0.413730 0.890660
vt 0.431060 0.898870
vt 0.436880 0.887170
vt 0.411880 0.901140
vt 0.403980 0.901670
vt 0.425130 0.908630
vt 0.419090 0.924380
vt 0.418270 0.915440
vt 0.422850 0.771770
vt 0.422230 0.789190
vt 0.426940 0.789300
vt 0.427040 0.773320
vt 0.428510 0.830550
vt 0.422050 0.828930
vt 0.341620 0.865310
vt 0.631030 0.486010
vt 0.324710 0.871280
vt 0.318630 0.872420
vt 0.304080 0.872640
vt 0.311540 0.873080
vt 0.294250 0.869640
vt 0.298690 0.871370
vt 0.290390 0.867400
vt 0.344900 0.860050
vt 0.344790 0.858720
vt 0.347020 0.858050
vt 0.344840 0.861970
vt 0.395230 0.902210
vt 0.250960 0.802020
vt 0.250930 0.799450
vt 0.253830 0.799620
vt 0.253500 0.802140
vt 0.253710 0.796380
vt 0.250980 0.796520
vt 0.253400 0.794040
vt 0.253390 0.791010
vt 0.253480 0.788450
vt 0.253400 0.785970
vt 0.253260 0.783690
vt 0.253630 0.780680
vt 0.630890 0.493920
vt 0.630980 0.490830
vt 0.629800 0.464750
vt 0.629800 0.451690
vt 0.629810 0.444380
vt 0.629810 0.433990
vt 0.631560 0.413310
vt 0.631670 0.409630
vt 0.631720 0.405460
vt 0.631730 0.407240
vt 0.256630 0.774910
vt 0.257290 0.777850
vt 0.256330 0.772330
vt 0.256330 0.769580
vt 0.256030 0.766030
vt 0.255570 0.761370
vt 0.255910 0.756790
vt 0.256150 0.753220
vt 0.257270 0.749100
vt 0.258080 0.744670
vt 0.258840 0.740010
vt 0.259100 0.734940
vt 0.259110 0.729600
vt 0.257550 0.724580
vt 0.259990 0.716390
vt 0.251010 0.715670
vt 0.262390 0.802770
vt 0.259890 0.803420
vt 0.271910 0.803400
vt 0.278010 0.804620
vt 0.284810 0.806740
vt 0.293550 0.804850
vt 0.334990 0.820860
vt 0.333670 0.812450
vt 0.345510 0.811080
vt 0.345820 0.820050
vt 0.356620 0.810710
vt 0.356970 0.819890
vt 0.377540 0.830450
vt 0.367280 0.829820
vt 0.345890 0.840880
vt 0.352400 0.850380
vt 0.279010 0.895070
vt 0.287750 0.896900
vt 0.296290 0.898230
vt 0.306270 0.898210
vt 0.394610 0.850650
vt 0.384020 0.850370
vt 0.405180 0.849390
vt 0.289540 0.860150
vt 0.288470 0.861820
vt 0.284420 0.862140
vt 0.285820 0.859430
vt 0.287510 0.857510
vt 0.290610 0.858920
vt 0.289580 0.855750
vt 0.287910 0.863290
vt 0.283570 0.866020
vt 0.287930 0.865680
vt 0.327960 0.836830
vt 0.336700 0.837570
vt 0.358810 0.860290
vt 0.358720 0.849140
vt 0.366560 0.849190
vt 0.365010 0.860080
vt 0.392390 0.863140
vt 0.401290 0.862540
vt 0.356840 0.829560
vt 0.326350 0.829910
vt 0.335820 0.829320
vt 0.345920 0.829760
vt 0.357000 0.839120
vt 0.301780 0.801940
vt 0.367040 0.839030
vt 0.376770 0.839380
vt 0.375010 0.849440
vt 0.563950 0.572520
vt 0.543280 0.559710
vt 0.540020 0.556750
vt 0.423970 0.860680
vt 0.422170 0.854090
vt 0.553060 0.592220
vt 0.552580 0.587920
vt 0.552140 0.584790
vt 0.552200 0.581400
vt 0.389520 0.876900
vt 0.411060 0.847500
vt 0.405970 0.862150
vt 0.409990 0.864720
vt 0.539680 0.545490
vt 0.531700 0.560560
vt 0.533360 0.566700
vt 0.535580 0.558800
vt 0.537890 0.563010
vt 0.531000 0.551740
vt 0.538140 0.572960
vt 0.545170 0.577720
vt 0.299960 0.857220
vt 0.296280 0.857640
vt 0.562330 0.562810
vt 0.558650 0.568460
vt 0.564980 0.555750
vt 0.564810 0.544880
vt 0.558270 0.576980
vt 0.542710 0.549370
vt 0.552360 0.578000
vt 0.552570 0.557670
vt 0.557430 0.560020
vt 0.553340 0.565740
vt 0.547680 0.562140
vt 0.556690 0.551890
vt 0.560720 0.553900
vt 0.560420 0.545060
vt 0.558660 0.531390
vt 0.559910 0.530380
vt 0.554800 0.574060
vt 0.549450 0.572390
vt 0.542500 0.567970
vt 0.367430 0.905900
vt 0.367240 0.917190
vt 0.359200 0.919440
vt 0.562120 0.535930
vt 0.387550 0.890230
vt 0.377330 0.891090
vt 0.414280 0.866400
vt 0.404530 0.870030
vt 0.367100 0.893250
vt 0.417320 0.798600
vt 0.417030 0.805190
vt 0.432030 0.812190
vt 0.433010 0.821720
vt 0.433040 0.832170
vt 0.432790 0.843380
vt 0.463650 0.967320
vt 0.460270 0.966840
vt 0.305060 0.860050
vt 0.300540 0.860270
vt 0.292640 0.857860
vt 0.292780 0.860380
vt 0.294380 0.861190
vt 0.296730 0.863150
vt 0.431860 0.778970
vt 0.432420 0.791300
vt 0.439400 0.781210
vt 0.438900 0.794570
vt 0.399450 0.754380
vt 0.409140 0.756890
vt 0.417700 0.759090
vt 0.429370 0.761470
vt 0.438980 0.765010
vt 0.286960 0.911480
vt 0.278040 0.910190
vt 0.277890 0.901220
vt 0.286360 0.903100
vt 0.280520 0.921620
vt 0.290380 0.922150
vt 0.376520 0.903920
vt 0.386110 0.902930
vt 0.407840 0.871280
vt 0.449750 0.770260
vt 0.277200 0.971890
vt 0.250960 0.949870
vt 0.269240 0.944250
vt 0.289640 0.962020
vt 0.363170 0.936210
vt 0.370840 0.937290
vt 0.379270 0.937460
vt 0.382310 0.926190
vt 0.419810 0.867140
vt 0.424540 0.866670
vt 0.423650 0.879690
vt 0.375720 0.915800
vt 0.384580 0.914810
vt 0.420520 0.891200
vt 0.418270 0.900850
vt 0.373790 0.926740
vt 0.431600 0.877230
vt 0.428190 0.863530
vt 0.431170 0.857620
vt 0.432360 0.849810
vt 0.427700 0.892690
vt 0.393620 0.913810
vt 0.325940 0.932270
vt 0.332590 0.930390
vt 0.340230 0.927490
vt 0.345350 0.933860
vt 0.336030 0.938600
vt 0.290180 0.942800
vt 0.302720 0.953980
vt 0.314300 0.947600
vt 0.304240 0.936570
vt 0.318410 0.933980
vt 0.325470 0.942920
vt 0.350950 0.922610
vt 0.402500 0.912500
vt 0.410750 0.910580
vt 0.422160 0.902730
vt 0.417600 0.907720
vt 0.453860 0.781150
vt 0.458040 0.781100
vt 0.534630 0.541010
vt 0.531940 0.546040
vt 0.528900 0.545960
vt 0.531520 0.539810
vt 0.537450 0.541720
vt 0.534880 0.546370
vt 0.534110 0.552060
vt 0.538320 0.550890
vt 0.469050 0.971740
vt 0.469490 0.974950
vt 0.309040 0.971620
vt 0.298190 0.984490
vt 0.318550 0.961790
vt 0.325040 0.955000
vt 0.333120 0.950270
vt 0.353040 0.929600
vt 0.356780 0.933810
vt 0.350690 0.940320
vt 0.342320 0.946260
vt 0.359030 0.927570
vt 0.365980 0.927090
vt 0.333610 0.957980
vt 0.338200 0.954830
vt 0.647230 0.482960
vt 0.646350 0.484720
vt 0.645280 0.485470
vt 0.645920 0.482870
vt 0.642760 0.485880
vt 0.644520 0.482900
vt 0.644270 0.485610
vt 0.250990 0.884270
vt 0.250970 0.890220
vt 0.271940 0.887660
vt 0.270530 0.893230
vt 0.269760 0.899450
vt 0.260990 0.897980
vt 0.250950 0.899050
vt 0.268090 0.908930
vt 0.270960 0.921320
vt 0.629790 0.413400
vt 0.629800 0.422520
vt 0.629790 0.409800
vt 0.629810 0.405400
vt 0.629770 0.407350
vt 0.250960 0.774790
vt 0.250960 0.777760
vt 0.250960 0.772160
vt 0.250960 0.769550
vt 0.250940 0.766230
vt 0.250870 0.761340
vt 0.250770 0.756630
vt 0.250780 0.752950
vt 0.250890 0.748730
vt 0.250990 0.744150
vt 0.251120 0.739170
vt 0.251110 0.734430
vt 0.251090 0.729380
vt 0.251060 0.724230
vt 0.251000 0.720150
vt 0.251010 0.879340
vt 0.253790 0.879590
vt 0.254310 0.875130
vt 0.254600 0.869720
vt 0.254580 0.864530
vt 0.254470 0.859350
vt 0.254830 0.852600
vt 0.254910 0.846060
vt 0.251000 0.840140
vt 0.254700 0.839990
vt 0.251020 0.846690
vt 0.250990 0.834560
vt 0.254490 0.834650
vt 0.254170 0.830380
vt 0.250990 0.830570
vt 0.253780 0.826490
vt 0.250950 0.826570
vt 0.253830 0.823240
vt 0.250950 0.823280
vt 0.253640 0.816920
vt 0.253610 0.818640
vt 0.250960 0.818650
vt 0.250980 0.817020
vt 0.250930 0.813940
vt 0.253980 0.813530
vt 0.253940 0.815250
vt 0.250990 0.815510
vt 0.252970 0.811550
vt 0.250930 0.808580
vt 0.250940 0.809770
vt 0.250960 0.893920
vt 0.256100 0.893880
vt 0.285420 0.933090
vt 0.293210 0.932090
vt 0.275520 0.933560
vt 0.253430 0.806880
vt 0.462390 0.969810
vt 0.461520 0.972110
vt 0.459490 0.969690
vt 0.458800 0.972240
vt 0.304810 0.862680
vt 0.300130 0.862450
vt 0.267790 0.983430
vt 0.264660 0.983380
vt 0.267020 0.987420
vt 0.264880 0.987100
vt 0.268940 0.982930
vt 0.268390 0.980630
vt 0.260060 0.805470
vt 0.257200 0.804820
vt 0.251010 0.804460
vt 0.253290 0.804560
vt 0.250900 0.806850
vt 0.254870 0.804610
vt 0.268290 0.823090
vt 0.256280 0.990800
vt 0.260130 0.988740
vt 0.262260 0.987550
vt 0.220690 0.771850
vt 0.213930 0.773560
vt 0.212870 0.772240
vt 0.219580 0.769670
vt 0.271340 0.832270
vt 0.272750 0.837050
vt 0.261360 0.804990
vt 0.262570 0.805020
vt 0.275740 0.981490
vt 0.273190 0.982340
vt 0.270290 0.980920
vt 0.213700 0.727920
vt 0.216120 0.734270
vt 0.203740 0.739560
vt 0.200230 0.733770
vt 0.128020 0.647450
vt 0.124050 0.661970
vt 0.111890 0.661160
vt 0.115290 0.646610
vt 0.086880 0.660690
vt 0.074390 0.658720
vt 0.075290 0.644420
vt 0.089410 0.644910
vt 0.099680 0.660440
vt 0.102500 0.645770
vt 0.059950 0.644730
vt 0.059160 0.658830
vt 0.043330 0.657660
vt 0.044000 0.643970
vt 0.027520 0.653970
vt 0.027900 0.642350
vt 0.011790 0.649690
vt 0.011780 0.640050
vt 0.118200 0.678410
vt 0.106560 0.678060
vt 0.080350 0.955430
vt 0.081090 0.944060
vt 0.093220 0.950570
vt 0.093710 0.962130
vt 0.095030 0.990050
vt 0.079610 0.983170
vt 0.079860 0.968420
vt 0.094220 0.975110
vt 0.122510 0.980700
vt 0.124290 0.994420
vt 0.109330 0.992810
vt 0.108190 0.978760
vt 0.117760 0.957700
vt 0.120180 0.968550
vt 0.106930 0.966260
vt 0.105490 0.955080
vt 0.067440 0.946190
vt 0.069560 0.935240
vt 0.063810 0.974240
vt 0.065630 0.959060
vt 0.138550 0.981170
vt 0.142280 0.994800
vt 0.130180 0.958450
vt 0.134350 0.969110
vt 0.165000 0.964070
vt 0.148960 0.967760
vt 0.141990 0.957410
vt 0.154080 0.954170
vt 0.181840 0.991410
vt 0.161670 0.993870
vt 0.155580 0.979880
vt 0.173570 0.976770
vt 0.071730 0.925400
vt 0.062950 0.914470
vt 0.066830 0.906120
vt 0.074160 0.916380
vt 0.055930 0.934350
vt 0.059380 0.923870
vt 0.048320 0.961680
vt 0.052500 0.946710
vt 0.040730 0.931000
vt 0.033420 0.944680
vt 0.050840 0.909920
vt 0.046040 0.919710
vt 0.060760 0.893640
vt 0.055790 0.901020
vt 0.045970 0.867150
vt 0.052520 0.861300
vt 0.056080 0.878870
vt 0.050170 0.885130
vt 0.038940 0.874800
vt 0.043980 0.893410
vt 0.037780 0.902690
vt 0.031440 0.883090
vt 0.028060 0.861340
vt 0.026700 0.838370
vt 0.035320 0.833180
vt 0.036180 0.854460
vt 0.010370 0.845260
vt 0.018510 0.842830
vt 0.019930 0.867330
vt 0.010980 0.872040
vt 0.023370 0.890850
vt 0.030980 0.912730
vt 0.021550 0.923700
vt 0.012690 0.898230
vt 0.050550 0.843680
vt 0.043620 0.848700
vt 0.042900 0.829340
vt 0.049760 0.825290
vt 0.238900 0.839250
vt 0.239620 0.834140
vt 0.243670 0.834560
vt 0.243100 0.839680
vt 0.227100 0.723530
vt 0.239390 0.722080
vt 0.235000 0.729700
vt 0.226060 0.731720
vt 0.235070 0.735690
vt 0.226010 0.737560
vt 0.235040 0.741070
vt 0.226710 0.742800
vt 0.219630 0.750530
vt 0.221780 0.754830
vt 0.214160 0.758770
vt 0.211670 0.754720
vt 0.217290 0.740120
vt 0.218160 0.745590
vt 0.209730 0.749950
vt 0.207010 0.745170
vt 0.196330 0.752120
vt 0.190360 0.747370
vt 0.200270 0.756230
vt 0.205660 0.763640
vt 0.203450 0.759680
vt 0.216040 0.763530
vt 0.208360 0.767310
vt 0.224190 0.759520
vt 0.229130 0.752220
vt 0.227680 0.747770
vt 0.235770 0.745960
vt 0.236040 0.750640
vt 0.230790 0.756610
vt 0.237620 0.754750
vt 0.239410 0.762650
vt 0.233520 0.764420
vt 0.232100 0.760650
vt 0.238830 0.758350
vt 0.225330 0.763350
vt 0.226810 0.766800
vt 0.217950 0.766690
vt 0.210640 0.770250
vt 0.228180 0.774300
vt 0.228450 0.775490
vt 0.222140 0.776490
vt 0.221860 0.775210
vt 0.234550 0.773050
vt 0.240340 0.772530
vt 0.239670 0.774820
vt 0.234170 0.775080
vt 0.231170 0.784360
vt 0.235690 0.785110
vt 0.235270 0.787530
vt 0.230850 0.786710
vt 0.225550 0.786050
vt 0.220170 0.785120
vt 0.220190 0.783540
vt 0.225470 0.783870
vt 0.214900 0.784180
vt 0.215590 0.782840
vt 0.211790 0.787350
vt 0.217860 0.788920
vt 0.215520 0.792440
vt 0.209040 0.790610
vt 0.227800 0.795080
vt 0.229490 0.791840
vt 0.234220 0.792920
vt 0.233220 0.795990
vt 0.238080 0.796220
vt 0.238820 0.793540
vt 0.242540 0.794190
vt 0.241850 0.796390
vt 0.182870 0.796340
vt 0.189170 0.802050
vt 0.185320 0.805700
vt 0.177500 0.799300
vt 0.191810 0.790260
vt 0.196480 0.794330
vt 0.192630 0.798230
vt 0.187310 0.793370
vt 0.210230 0.801140
vt 0.202400 0.798530
vt 0.206040 0.794280
vt 0.212740 0.797060
vt 0.240600 0.800890
vt 0.236460 0.800810
vt 0.237210 0.798890
vt 0.241320 0.799140
vt 0.226160 0.799330
vt 0.232060 0.799300
vt 0.230900 0.801910
vt 0.224800 0.802170
vt 0.197340 0.805760
vt 0.193680 0.810520
vt 0.242550 0.811290
vt 0.239620 0.811830
vt 0.237380 0.809190
vt 0.239230 0.808530
vt 0.242080 0.823280
vt 0.245200 0.823220
vt 0.244780 0.826630
vt 0.241150 0.826590
vt 0.238070 0.823200
vt 0.237320 0.826200
vt 0.206340 0.822430
vt 0.208830 0.817550
vt 0.212730 0.818510
vt 0.213220 0.824060
vt 0.234510 0.838620
vt 0.235260 0.833520
vt 0.240300 0.830170
vt 0.236290 0.829600
vt 0.244200 0.830410
vt 0.232970 0.808210
vt 0.234060 0.808810
vt 0.233770 0.811490
vt 0.231690 0.810570
vt 0.242660 0.851930
vt 0.237590 0.851290
vt 0.238150 0.844850
vt 0.242730 0.845470
vt 0.157700 0.894980
vt 0.160060 0.888910
vt 0.170500 0.893180
vt 0.168890 0.899230
vt 0.243200 0.864550
vt 0.237330 0.864300
vt 0.237030 0.858650
vt 0.242940 0.858720
vt 0.163850 0.878300
vt 0.171820 0.881680
vt 0.171360 0.887630
vt 0.162340 0.883870
vt 0.185850 0.884650
vt 0.178950 0.883510
vt 0.178290 0.878080
vt 0.185130 0.879150
vt 0.164200 0.873310
vt 0.172140 0.876660
vt 0.158880 0.870440
vt 0.157090 0.874160
vt 0.159640 0.867060
vt 0.164960 0.870220
vt 0.171800 0.873020
vt 0.177750 0.874070
vt 0.184080 0.875140
vt 0.165120 0.864160
vt 0.165410 0.865880
vt 0.160320 0.863550
vt 0.160440 0.862310
vt 0.170360 0.865870
vt 0.170960 0.868050
vt 0.183120 0.870750
vt 0.177360 0.869800
vt 0.177070 0.867850
vt 0.182590 0.869080
vt 0.196160 0.869850
vt 0.197070 0.871430
vt 0.189710 0.871550
vt 0.189020 0.869750
vt 0.191580 0.876150
vt 0.199200 0.875560
vt 0.201420 0.879650
vt 0.193160 0.880010
vt 0.206730 0.866440
vt 0.207250 0.868200
vt 0.202900 0.869850
vt 0.201960 0.868410
vt 0.240390 0.766570
vt 0.234430 0.767930
vt 0.227660 0.769860
vt 0.242730 0.788510
vt 0.239190 0.788160
vt 0.239520 0.785670
vt 0.242860 0.785940
vt 0.213910 0.785420
vt 0.219620 0.787010
vt 0.234900 0.790280
vt 0.230350 0.789450
vt 0.238930 0.790840
vt 0.242630 0.791110
vt 0.204840 0.874320
vt 0.210370 0.872320
vt 0.214680 0.875940
vt 0.207640 0.878030
vt 0.242740 0.813920
vt 0.239790 0.814260
vt 0.236400 0.811780
vt 0.235480 0.809230
vt 0.236150 0.814040
vt 0.232160 0.828590
vt 0.232880 0.825710
vt 0.219700 0.833750
vt 0.221470 0.829780
vt 0.225800 0.831270
vt 0.224410 0.835550
vt 0.228190 0.824830
vt 0.227190 0.827200
vt 0.222940 0.826310
vt 0.223940 0.823940
vt 0.224840 0.821440
vt 0.229200 0.822250
vt 0.232780 0.813530
vt 0.230130 0.812210
vt 0.244420 0.809690
vt 0.240670 0.807940
vt 0.232740 0.804160
vt 0.231390 0.805410
vt 0.227750 0.805950
vt 0.228610 0.804720
vt 0.245140 0.808210
vt 0.248660 0.808490
vt 0.248060 0.809820
vt 0.245410 0.812060
vt 0.245320 0.814390
vt 0.228000 0.987450
vt 0.230500 0.987270
vt 0.230950 0.990080
vt 0.228840 0.991650
vt 0.245720 0.976330
vt 0.249070 0.980680
vt 0.243920 0.981160
vt 0.241680 0.978570
vt 0.249560 0.984480
vt 0.244640 0.984790
vt 0.243410 0.995230
vt 0.238190 0.997020
vt 0.238460 0.993500
vt 0.241880 0.992990
vt 0.232590 0.995060
vt 0.233150 0.992000
vt 0.232040 0.850220
vt 0.233230 0.843910
vt 0.185010 0.761670
vt 0.178540 0.758410
vt 0.190110 0.764780
vt 0.194300 0.767100
vt 0.198430 0.769030
vt 0.202310 0.771320
vt 0.185950 0.780880
vt 0.188850 0.774830
vt 0.193420 0.775310
vt 0.191590 0.780660
vt 0.183750 0.773690
vt 0.180590 0.781250
vt 0.173290 0.781650
vt 0.177600 0.772210
vt 0.165510 0.781390
vt 0.170590 0.770710
vt 0.179070 0.895740
vt 0.178050 0.902630
vt 0.179520 0.889990
vt 0.088990 0.695780
vt 0.100240 0.695300
vt 0.093870 0.713000
vt 0.082790 0.714610
vt 0.065560 0.696200
vt 0.077450 0.696410
vt 0.071890 0.715830
vt 0.060900 0.716040
vt 0.039060 0.693780
vt 0.052770 0.695460
vt 0.049060 0.716900
vt 0.035570 0.715590
vt 0.023600 0.713800
vt 0.011300 0.711980
vt 0.011810 0.688020
vt 0.025470 0.691430
vt 0.094710 0.678180
vt 0.082760 0.677860
vt 0.070190 0.676940
vt 0.056180 0.676080
vt 0.041580 0.674510
vt 0.026620 0.671030
vt 0.011800 0.665780
vt 0.166650 0.907890
vt 0.175010 0.910440
vt 0.172480 0.919750
vt 0.164690 0.916380
vt 0.154540 0.912720
vt 0.156390 0.903490
vt 0.142810 0.909310
vt 0.144240 0.899020
vt 0.172900 0.848720
vt 0.172560 0.853640
vt 0.165730 0.853540
vt 0.165460 0.850100
vt 0.180730 0.849240
vt 0.179360 0.854580
vt 0.150810 0.867400
vt 0.153890 0.865090
vt 0.160440 0.856180
vt 0.158020 0.857530
vt 0.155760 0.855790
vt 0.159640 0.852930
vt 0.225950 0.847400
vt 0.227680 0.842100
vt 0.177810 0.858260
vt 0.172550 0.857540
vt 0.165910 0.856700
vt 0.176800 0.865830
vt 0.176420 0.863570
vt 0.180910 0.864360
vt 0.182060 0.866740
vt 0.160490 0.860970
vt 0.160070 0.859740
vt 0.164070 0.860900
vt 0.164190 0.862400
vt 0.170140 0.862240
vt 0.169950 0.864040
vt 0.201140 0.866890
vt 0.200430 0.865330
vt 0.205310 0.864190
vt 0.206240 0.865030
vt 0.187720 0.867440
vt 0.186890 0.865400
vt 0.193860 0.865730
vt 0.194940 0.867780
vt 0.161540 0.858330
vt 0.233980 0.986430
vt 0.235050 0.987670
vt 0.240420 0.983820
vt 0.239090 0.982630
vt 0.240740 0.985630
vt 0.238230 0.989430
vt 0.239430 0.988970
vt 0.620880 0.446740
vt 0.624800 0.444830
vt 0.624090 0.451100
vt 0.620830 0.450470
vt 0.228060 0.777700
vt 0.222210 0.778030
vt 0.233470 0.777670
vt 0.238550 0.777710
vt 0.116810 0.621840
vt 0.116840 0.633840
vt 0.103480 0.633160
vt 0.103310 0.621160
vt 0.057820 0.820690
vt 0.057480 0.838830
vt 0.058780 0.855840
vt 0.061500 0.873070
vt 0.100960 0.923180
vt 0.102730 0.934320
vt 0.092590 0.930300
vt 0.091860 0.920090
vt 0.110390 0.925100
vt 0.112940 0.936600
vt 0.081920 0.934040
vt 0.092910 0.940370
vt 0.115260 0.947300
vt 0.104090 0.944800
vt 0.126130 0.948090
vt 0.144440 0.945180
vt 0.135780 0.947500
vt 0.185270 0.912740
vt 0.181270 0.922350
vt 0.187430 0.897630
vt 0.187050 0.904630
vt 0.186220 0.855700
vt 0.185040 0.859730
vt 0.187980 0.850330
vt 0.223920 0.790550
vt 0.222080 0.794020
vt 0.224980 0.788340
vt 0.183620 0.743450
vt 0.075680 0.621060
vt 0.060630 0.621130
vt 0.061900 0.608510
vt 0.074160 0.608870
vt 0.087730 0.609130
vt 0.089880 0.620970
vt 0.090030 0.632930
vt 0.075500 0.632970
vt 0.060200 0.632910
vt 0.101130 0.608750
vt 0.045080 0.620800
vt 0.044460 0.632780
vt 0.046710 0.607880
vt 0.028220 0.633270
vt 0.028280 0.621560
vt 0.027900 0.609660
vt 0.011780 0.633260
vt 0.011670 0.621420
vt 0.012260 0.608280
vt 0.113810 0.609370
vt 0.159990 0.623370
vt 0.158970 0.636430
vt 0.144320 0.635940
vt 0.144980 0.622970
vt 0.130320 0.634690
vt 0.130620 0.622470
vt 0.175060 0.622920
vt 0.174150 0.636130
vt 0.162450 0.768730
vt 0.157690 0.781040
vt 0.171150 0.755150
vt 0.174040 0.737490
vt 0.161520 0.753040
vt 0.189770 0.635800
vt 0.190070 0.622630
vt 0.048630 0.791980
vt 0.049390 0.807480
vt 0.042770 0.810210
vt 0.042980 0.792610
vt 0.037460 0.791110
vt 0.035990 0.812950
vt 0.027360 0.815830
vt 0.027720 0.793490
vt 0.018810 0.796330
vt 0.018060 0.818880
vt 0.009670 0.820400
vt 0.010760 0.798110
vt 0.054920 0.786640
vt 0.057410 0.802590
vt 0.210490 0.863560
vt 0.210940 0.865290
vt 0.207540 0.862350
vt 0.209720 0.862000
vt 0.207760 0.859310
vt 0.206760 0.860640
vt 0.204930 0.862170
vt 0.203970 0.860670
vt 0.222430 0.872370
vt 0.215010 0.869400
vt 0.245520 0.806680
vt 0.241740 0.807270
vt 0.241980 0.806330
vt 0.187020 0.891680
vt 0.233180 0.977990
vt 0.231680 0.980150
vt 0.228890 0.979060
vt 0.230570 0.976280
vt 0.234610 0.977720
vt 0.234040 0.975090
vt 0.238360 0.974010
vt 0.238670 0.977210
vt 0.236990 0.981310
vt 0.155530 0.863080
vt 0.229430 0.856710
vt 0.231400 0.863340
vt 0.224160 0.862680
vt 0.222190 0.858250
vt 0.198800 0.852390
vt 0.197430 0.856750
vt 0.192020 0.856320
vt 0.193560 0.851300
vt 0.203340 0.886000
vt 0.194200 0.885760
vt 0.219020 0.882780
vt 0.211380 0.884890
vt 0.204900 0.892760
vt 0.195460 0.892850
vt 0.238150 0.870130
vt 0.243220 0.869900
vt 0.243740 0.876620
vt 0.237450 0.877590
vt 0.221080 0.890020
vt 0.213600 0.891450
vt 0.225110 0.867310
vt 0.232550 0.869900
vt 0.229670 0.878490
vt 0.238020 0.885960
vt 0.245490 0.884190
vt 0.245170 0.890440
vt 0.239160 0.891630
vt 0.172950 0.843130
vt 0.181700 0.843650
vt 0.165160 0.844660
vt 0.194960 0.913590
vt 0.196520 0.905150
vt 0.206150 0.905110
vt 0.205160 0.913170
vt 0.222680 0.840210
vt 0.220820 0.844910
vt 0.216290 0.842760
vt 0.218120 0.838410
vt 0.153450 0.852850
vt 0.158390 0.847710
vt 0.218690 0.855270
vt 0.223330 0.852310
vt 0.207800 0.833980
vt 0.205200 0.838630
vt 0.199210 0.836490
vt 0.201310 0.831590
vt 0.201000 0.847860
vt 0.195680 0.846270
vt 0.210900 0.840790
vt 0.213120 0.836240
vt 0.191440 0.839550
vt 0.189830 0.845080
vt 0.182990 0.837770
vt 0.202970 0.843220
vt 0.197420 0.841370
vt 0.215140 0.852730
vt 0.210990 0.850930
vt 0.213860 0.847000
vt 0.218300 0.849190
vt 0.206010 0.849410
vt 0.208490 0.845080
vt 0.208410 0.854620
vt 0.203730 0.853430
vt 0.186000 0.826170
vt 0.194360 0.828980
vt 0.192940 0.834250
vt 0.184840 0.831850
vt 0.202880 0.924090
vt 0.191890 0.923920
vt 0.240710 0.920980
vt 0.241450 0.908250
vt 0.134810 0.878010
vt 0.141460 0.873010
vt 0.150390 0.883040
vt 0.146420 0.889420
vt 0.239350 0.783320
vt 0.238830 0.780700
vt 0.242490 0.780710
vt 0.242880 0.783530
vt 0.154360 0.878970
vt 0.146950 0.870780
vt 0.216180 0.776620
vt 0.215420 0.775720
vt 0.197020 0.786810
vt 0.200800 0.790610
vt 0.204960 0.782950
vt 0.207390 0.785240
vt 0.204360 0.787520
vt 0.201650 0.784580
vt 0.207560 0.774820
vt 0.205360 0.773530
vt 0.209140 0.775490
vt 0.197860 0.776070
vt 0.196530 0.779790
vt 0.215870 0.778210
vt 0.017750 0.540940
vt 0.025610 0.524710
vt 0.028900 0.527080
vt 0.022300 0.542950
vt 0.035260 0.590140
vt 0.024750 0.583540
vt 0.029190 0.580220
vt 0.037610 0.585880
vt 0.069650 0.582660
vt 0.060010 0.589510
vt 0.057940 0.585650
vt 0.066880 0.579970
vt 0.081400 0.863000
vt 0.081680 0.856630
vt 0.085130 0.855640
vt 0.085650 0.860910
vt 0.077050 0.562170
vt 0.082190 0.563540
vt 0.077580 0.573580
vt 0.073660 0.571320
vt 0.089190 0.853390
vt 0.084260 0.549120
vt 0.079140 0.550190
vt 0.078410 0.538970
vt 0.082710 0.537490
vt 0.034860 0.513310
vt 0.037750 0.510770
vt 0.039610 0.514580
vt 0.037010 0.516730
vt 0.103000 0.831110
vt 0.102600 0.823800
vt 0.113080 0.822630
vt 0.113880 0.831140
vt 0.018660 0.573660
vt 0.015730 0.559670
vt 0.020280 0.560350
vt 0.023290 0.572450
vt 0.166640 0.662060
vt 0.150800 0.663000
vt 0.155890 0.649660
vt 0.171780 0.649310
vt 0.185890 0.661220
vt 0.188470 0.648450
vt 0.211040 0.829240
vt 0.203720 0.826840
vt 0.152010 0.768070
vt 0.111360 0.695220
vt 0.104610 0.712040
vt 0.136960 0.662820
vt 0.143520 0.678680
vt 0.130400 0.678590
vt 0.157990 0.678250
vt 0.172830 0.677480
vt 0.123560 0.821380
vt 0.123370 0.812790
vt 0.134470 0.811300
vt 0.134240 0.820350
vt 0.112770 0.814620
vt 0.115260 0.839890
vt 0.104050 0.839390
vt 0.058860 0.508980
vt 0.069530 0.516880
vt 0.067320 0.520030
vt 0.059260 0.514340
vt 0.049410 0.507770
vt 0.051060 0.511600
vt 0.078420 0.526380
vt 0.074880 0.528020
vt 0.074110 0.521770
vt 0.071210 0.524140
vt 0.041410 0.508230
vt 0.043470 0.512100
vt 0.234950 0.681190
vt 0.219520 0.683280
vt 0.221380 0.671900
vt 0.235650 0.669530
vt 0.101600 0.816760
vt 0.143850 0.608230
vt 0.159920 0.607890
vt 0.127670 0.608870
vt 0.175190 0.607790
vt 0.189130 0.607780
vt 0.202320 0.607970
vt 0.205690 0.623100
vt 0.205570 0.635560
vt 0.204870 0.647260
vt 0.204340 0.657770
vt 0.189310 0.690170
vt 0.176280 0.691940
vt 0.184070 0.678650
vt 0.195600 0.677920
vt 0.141540 0.648740
vt 0.064650 0.849890
vt 0.066080 0.865260
vt 0.063080 0.822250
vt 0.063790 0.834920
vt 0.074960 0.859310
vt 0.073240 0.854040
vt 0.078220 0.848830
vt 0.078360 0.851650
vt 0.072360 0.848060
vt 0.071870 0.841220
vt 0.078980 0.839300
vt 0.078310 0.845280
vt 0.212610 0.776950
vt 0.211330 0.776460
vt 0.204910 0.776660
vt 0.207180 0.776720
vt 0.206430 0.778330
vt 0.204000 0.778700
vt 0.202100 0.776430
vt 0.200990 0.779120
vt 0.617560 0.447600
vt 0.618280 0.450370
vt 0.212750 0.778240
vt 0.236200 0.646430
vt 0.235910 0.658200
vt 0.221930 0.636140
vt 0.220770 0.622140
vt 0.235270 0.621620
vt 0.236180 0.634790
vt 0.221220 0.646270
vt 0.219540 0.659520
vt 0.204090 0.686880
vt 0.207850 0.676110
vt 0.234170 0.692600
vt 0.215980 0.608430
vt 0.619910 0.422830
vt 0.619050 0.435970
vt 0.614740 0.436850
vt 0.616190 0.422740
vt 0.217010 0.695170
vt 0.232260 0.608970
vt 0.195660 0.726230
vt 0.213290 0.718670
vt 0.233760 0.713580
vt 0.195390 0.717000
vt 0.213340 0.710650
vt 0.232520 0.706460
vt 0.215370 0.781280
vt 0.219550 0.781820
vt 0.224530 0.782000
vt 0.235410 0.782850
vt 0.230370 0.782360
vt 0.623830 0.406150
vt 0.624180 0.408040
vt 0.622220 0.409010
vt 0.622020 0.406990
vt 0.234780 0.780580
vt 0.229900 0.780410
vt 0.620050 0.410770
vt 0.620150 0.408530
vt 0.207200 0.781730
vt 0.209310 0.783760
vt 0.625830 0.405680
vt 0.626050 0.407560
vt 0.617880 0.412400
vt 0.618390 0.410280
vt 0.616510 0.412790
vt 0.617230 0.411000
vt 0.622290 0.411890
vt 0.622610 0.415490
vt 0.619670 0.416610
vt 0.619930 0.413740
vt 0.624330 0.410560
vt 0.624950 0.414350
vt 0.626210 0.409880
vt 0.626700 0.413620
vt 0.625270 0.493380
vt 0.625160 0.490580
vt 0.626470 0.490660
vt 0.626530 0.493630
vt 0.623470 0.492800
vt 0.623360 0.489990
vt 0.621690 0.492180
vt 0.621570 0.489140
vt 0.617020 0.414380
vt 0.616210 0.416970
vt 0.613810 0.416420
vt 0.615130 0.414390
vt 0.625730 0.422450
vt 0.625640 0.434350
vt 0.622240 0.434980
vt 0.623040 0.422300
vt 0.623220 0.477840
vt 0.622340 0.463810
vt 0.625050 0.464460
vt 0.625310 0.478480
vt 0.620880 0.476680
vt 0.620680 0.462640
vt 0.627520 0.478670
vt 0.627830 0.421910
vt 0.614580 0.474490
vt 0.616970 0.461870
vt 0.618180 0.475400
vt 0.611950 0.422370
vt 0.610530 0.437860
vt 0.607390 0.440770
vt 0.606180 0.426470
vt 0.610010 0.471180
vt 0.612250 0.457970
vt 0.623730 0.486580
vt 0.625170 0.486950
vt 0.621990 0.485970
vt 0.617880 0.483530
vt 0.619820 0.484720
vt 0.612080 0.415710
vt 0.626300 0.486620
vt 0.615010 0.448960
vt 0.176620 0.860450
vt 0.171120 0.859620
vt 0.165520 0.858940
vt 0.014550 0.993030
vt 0.015830 0.989640
vt 0.018590 0.989770
vt 0.018600 0.994020
vt 0.006780 0.982160
vt 0.008850 0.981950
vt 0.010970 0.985230
vt 0.009660 0.988920
vt 0.037050 0.986110
vt 0.033470 0.983720
vt 0.037050 0.978850
vt 0.039770 0.976170
vt 0.022570 0.995000
vt 0.023120 0.990920
vt 0.029050 0.987830
vt 0.031030 0.992420
vt 0.162810 0.859190
vt 0.161510 0.859770
vt 0.036740 0.975360
vt 0.039460 0.973740
vt 0.183720 0.861800
vt 0.016780 0.959210
vt 0.016820 0.962690
vt 0.012290 0.967790
vt 0.009450 0.965340
vt 0.010930 0.971320
vt 0.007270 0.971230
vt 0.017150 0.984710
vt 0.007250 0.977290
vt 0.009690 0.975540
vt 0.010640 0.978810
vt 0.012960 0.982430
vt 0.030410 0.981890
vt 0.033200 0.976120
vt 0.022300 0.985980
vt 0.025510 0.984630
vt 0.007160 0.975110
vt 0.025380 0.957890
vt 0.025870 0.961470
vt 0.018960 0.970050
vt 0.016780 0.972040
vt 0.014640 0.972940
vt 0.012540 0.975740
vt 0.013160 0.977490
vt 0.015610 0.978710
vt 0.020240 0.978480
vt 0.022300 0.977660
vt 0.017990 0.979100
vt 0.021710 0.969080
vt 0.024970 0.969260
vt 0.025270 0.976890
vt 0.071340 0.561420
vt 0.071720 0.550770
vt 0.074590 0.549270
vt 0.073780 0.561630
vt 0.031760 0.516430
vt 0.034110 0.519890
vt 0.071060 0.570220
vt 0.069100 0.569110
vt 0.063780 0.575880
vt 0.065120 0.577800
vt 0.056840 0.582970
vt 0.056460 0.580870
vt 0.039290 0.583120
vt 0.031690 0.578170
vt 0.033400 0.575970
vt 0.040210 0.580560
vt 0.045120 0.523040
vt 0.042510 0.524880
vt 0.039140 0.520780
vt 0.042020 0.518590
vt 0.031930 0.529510
vt 0.037210 0.523040
vt 0.041120 0.526440
vt 0.035350 0.531960
vt 0.029370 0.544520
vt 0.026160 0.543760
vt 0.026800 0.559010
vt 0.028830 0.568520
vt 0.026220 0.570660
vt 0.023970 0.559710
vt 0.073330 0.539070
vt 0.052930 0.540470
vt 0.054720 0.545300
vt 0.050580 0.548530
vt 0.047490 0.542390
vt 0.047080 0.550950
vt 0.043320 0.544350
vt 0.032020 0.544840
vt 0.030270 0.558060
vt 0.070400 0.529950
vt 0.052150 0.515450
vt 0.045540 0.516250
vt 0.052970 0.520780
vt 0.048390 0.521650
vt 0.059320 0.517540
vt 0.058890 0.521840
vt 0.032090 0.565660
vt 0.054960 0.553500
vt 0.051450 0.555960
vt 0.064410 0.537140
vt 0.063060 0.533440
vt 0.065980 0.531300
vt 0.067070 0.534780
vt 0.066250 0.522710
vt 0.063810 0.525820
vt 0.068380 0.526440
vt 0.064920 0.528640
vt 0.062310 0.531270
vt 0.037360 0.534770
vt 0.043350 0.537230
vt 0.047160 0.536690
vt 0.187940 0.820500
vt 0.196300 0.823870
vt 0.061530 0.528980
vt 0.058830 0.527080
vt 0.058600 0.530240
vt 0.060290 0.530940
vt 0.054600 0.526800
vt 0.054030 0.530580
vt 0.049340 0.533190
vt 0.046340 0.531020
vt 0.049570 0.529080
vt 0.048160 0.530080
vt 0.051300 0.527780
vt 0.050960 0.532030
vt 0.052290 0.536700
vt 0.059770 0.533950
vt 0.061910 0.538250
vt 0.057990 0.540040
vt 0.054710 0.535820
vt 0.062980 0.794540
vt 0.063470 0.803280
vt 0.074710 0.819680
vt 0.076010 0.811670
vt 0.082880 0.810880
vt 0.080970 0.818360
vt 0.081170 0.804660
vt 0.084880 0.805190
vt 0.083780 0.808290
vt 0.219870 0.798580
vt 0.234930 0.770770
vt 0.240420 0.770010
vt 0.228330 0.772050
vt 0.221300 0.773590
vt 0.214440 0.774750
vt 0.060020 0.532490
vt 0.210250 0.776150
vt 0.204610 0.815240
vt 0.199750 0.819220
vt 0.190510 0.815160
vt 0.218340 0.802370
vt 0.205030 0.809840
vt 0.033250 0.960980
vt 0.031800 0.963500
vt 0.191060 0.860140
vt 0.190460 0.862920
vt 0.220190 0.813950
vt 0.222590 0.811050
vt 0.225320 0.812940
vt 0.223490 0.815730
vt 0.223820 0.780080
vt 0.620100 0.488350
vt 0.619970 0.491450
vt 0.210060 0.780690
vt 0.211770 0.782030
vt 0.210800 0.782990
vt 0.208790 0.780960
vt 0.209920 0.777050
vt 0.209570 0.778070
vt 0.208260 0.778110
vt 0.208800 0.776840
vt 0.211010 0.777410
vt 0.210680 0.778170
vt 0.212590 0.780940
vt 0.211000 0.780150
vt 0.212020 0.778480
vt 0.615710 0.412140
vt 0.616450 0.411100
vt 0.614050 0.413760
vt 0.211980 0.778600
vt 0.212090 0.779280
vt 0.212990 0.779480
vt 0.614450 0.488590
vt 0.614010 0.487440
vt 0.614100 0.487060
vt 0.614670 0.488570
vt 0.218880 0.779910
vt 0.215210 0.779650
vt 0.098490 0.728780
vt 0.109670 0.727030
vt 0.105480 0.740500
vt 0.094950 0.742650
vt 0.617050 0.487860
vt 0.618440 0.488370
vt 0.618390 0.490540
vt 0.617130 0.489720
vt 0.242720 0.816300
vt 0.245620 0.816590
vt 0.245650 0.818570
vt 0.242640 0.818520
vt 0.239370 0.816450
vt 0.239030 0.818480
vt 0.235060 0.818290
vt 0.235540 0.816210
vt 0.228100 0.814440
vt 0.231590 0.815690
vt 0.230980 0.817830
vt 0.226770 0.816980
vt 0.228950 0.807790
vt 0.230450 0.809610
vt 0.228010 0.810760
vt 0.225970 0.808710
vt 0.232960 0.807060
vt 0.232960 0.807620
vt 0.230570 0.807620
vt 0.235320 0.996010
vt 0.236030 0.992880
vt 0.218590 0.808940
vt 0.214960 0.812290
vt 0.211720 0.811960
vt 0.217030 0.806710
vt 0.223150 0.807300
vt 0.122790 0.695400
vt 0.217230 0.813230
vt 0.219740 0.810240
vt 0.220440 0.822930
vt 0.217860 0.821380
vt 0.217880 0.819100
vt 0.220950 0.820530
vt 0.217150 0.821780
vt 0.215740 0.818980
vt 0.219260 0.824670
vt 0.217070 0.827800
vt 0.235730 0.989170
vt 0.236770 0.989570
vt 0.236360 0.987120
vt 0.236250 0.986140
vt 0.238170 0.986030
vt 0.238210 0.987170
vt 0.178520 0.816670
vt 0.176300 0.823210
vt 0.181130 0.810510
vt 0.169750 0.803810
vt 0.178870 0.788660
vt 0.171620 0.790440
vt 0.184410 0.786800
vt 0.190520 0.785190
vt 0.195660 0.783340
vt 0.200680 0.782000
vt 0.203960 0.780770
vt 0.206390 0.779890
vt 0.615350 0.488740
vt 0.614820 0.487440
vt 0.615750 0.487430
vt 0.616060 0.489120
vt 0.210590 0.778870
vt 0.209510 0.778990
vt 0.211940 0.778770
vt 0.614960 0.488550
vt 0.147430 0.781010
vt 0.156010 0.792240
vt 0.156350 0.802470
vt 0.145470 0.802270
vt 0.145590 0.792120
vt 0.134750 0.802550
vt 0.134790 0.792800
vt 0.123350 0.803970
vt 0.123680 0.794540
vt 0.112530 0.806340
vt 0.112850 0.797200
vt 0.101490 0.809870
vt 0.101560 0.801450
vt 0.116960 0.775240
vt 0.114290 0.786800
vt 0.103550 0.790720
vt 0.105920 0.778750
vt 0.136270 0.781970
vt 0.140450 0.769130
vt 0.124780 0.784200
vt 0.127670 0.771990
vt 0.121570 0.760820
vt 0.133730 0.757740
vt 0.149290 0.753500
vt 0.148640 0.694840
vt 0.134990 0.695600
vt 0.162980 0.693240
vt 0.143840 0.733370
vt 0.159010 0.729280
vt 0.155530 0.741070
vt 0.140290 0.744490
vt 0.127030 0.747290
vt 0.132210 0.735090
vt 0.113020 0.750960
vt 0.109200 0.764670
vt 0.093150 0.822720
vt 0.092220 0.830530
vt 0.093040 0.818620
vt 0.092940 0.814280
vt 0.092160 0.806580
vt 0.095480 0.795030
vt 0.097340 0.781870
vt 0.175820 0.724690
vt 0.232360 0.700320
vt 0.199830 0.699010
vt 0.182860 0.703160
vt 0.167930 0.706760
vt 0.141250 0.711060
vt 0.127460 0.711900
vt 0.115710 0.711740
vt 0.154320 0.709320
vt 0.121800 0.725590
vt 0.117670 0.737850
vt 0.135660 0.723780
vt 0.148330 0.721730
vt 0.214350 0.704070
vt 0.163090 0.718000
vt 0.178530 0.713690
vt 0.197100 0.708390
vt 0.210460 0.666800
vt 0.201530 0.666900
vt 0.190990 0.668720
vt 0.089260 0.798160
vt 0.089680 0.785340
vt 0.083810 0.787310
vt 0.083710 0.773810
vt 0.090920 0.770550
vt 0.043200 0.750620
vt 0.040920 0.770700
vt 0.029040 0.772410
vt 0.030240 0.752750
vt 0.019540 0.774920
vt 0.020220 0.754540
vt 0.010450 0.777080
vt 0.010000 0.756720
vt 0.032460 0.734720
vt 0.045000 0.735040
vt 0.021560 0.734660
vt 0.010240 0.735220
vt 0.147450 0.859150
vt 0.151180 0.859050
vt 0.120390 0.862790
vt 0.129540 0.861510
vt 0.122460 0.877010
vt 0.057110 0.732970
vt 0.068050 0.731870
vt 0.065090 0.748020
vt 0.054380 0.750160
vt 0.078470 0.730950
vt 0.075250 0.745900
vt 0.085990 0.744760
vt 0.088710 0.730150
vt 0.091950 0.838320
vt 0.104600 0.889600
vt 0.106560 0.902110
vt 0.097850 0.901580
vt 0.095940 0.889990
vt 0.102030 0.875910
vt 0.092960 0.878060
vt 0.084790 0.879580
vt 0.088100 0.890600
vt 0.065030 0.887140
vt 0.070830 0.898840
vt 0.089970 0.901070
vt 0.076770 0.908610
vt 0.083620 0.915420
vt 0.082810 0.924370
vt 0.079680 0.789360
vt 0.078980 0.771810
vt 0.075020 0.789470
vt 0.074830 0.773370
vt 0.079870 0.828930
vt 0.072920 0.830320
vt 0.165760 0.867900
vt 0.160330 0.865230
vt 0.171570 0.869750
vt 0.177370 0.871420
vt 0.183320 0.872470
vt 0.197820 0.872500
vt 0.190360 0.873120
vt 0.207370 0.869530
vt 0.203520 0.871530
vt 0.210740 0.867230
vt 0.157030 0.860120
vt 0.154890 0.858230
vt 0.157160 0.858730
vt 0.157070 0.862050
vt 0.208150 0.779280
vt 0.248370 0.802140
vt 0.244620 0.802550
vt 0.244840 0.799660
vt 0.248140 0.799550
vt 0.245190 0.796460
vt 0.248200 0.796430
vt 0.245740 0.794140
vt 0.248560 0.794060
vt 0.250980 0.794120
vt 0.248550 0.791000
vt 0.250970 0.790830
vt 0.248460 0.788410
vt 0.250990 0.788390
vt 0.248540 0.785970
vt 0.250980 0.785950
vt 0.248630 0.783630
vt 0.250970 0.783770
vt 0.248270 0.780680
vt 0.250960 0.780650
vt 0.628680 0.491010
vt 0.629800 0.491190
vt 0.629810 0.494000
vt 0.628720 0.493920
vt 0.628580 0.486710
vt 0.629780 0.486780
vt 0.629800 0.478820
vt 0.628030 0.413320
vt 0.627930 0.409600
vt 0.627900 0.405460
vt 0.627870 0.407180
vt 0.245340 0.774830
vt 0.244620 0.777720
vt 0.245690 0.772320
vt 0.245630 0.769660
vt 0.245860 0.766200
vt 0.246210 0.761620
vt 0.245680 0.757060
vt 0.245420 0.753410
vt 0.244510 0.749180
vt 0.243900 0.744640
vt 0.243230 0.734900
vt 0.243370 0.739930
vt 0.243080 0.729570
vt 0.244560 0.724620
vt 0.242040 0.716300
vt 0.239520 0.802870
vt 0.235410 0.803330
vt 0.222960 0.806420
vt 0.208230 0.805270
vt 0.166780 0.820980
vt 0.156100 0.820070
vt 0.156420 0.811110
vt 0.168200 0.812530
vt 0.144920 0.819890
vt 0.145280 0.810720
vt 0.134580 0.829820
vt 0.124240 0.830440
vt 0.213890 0.863330
vt 0.213520 0.861870
vt 0.217460 0.862240
vt 0.149500 0.850380
vt 0.156000 0.840900
vt 0.222870 0.895070
vt 0.214130 0.896890
vt 0.205590 0.898240
vt 0.195580 0.898230
vt 0.117700 0.850270
vt 0.106990 0.850400
vt 0.212410 0.860190
vt 0.216070 0.859470
vt 0.211290 0.858990
vt 0.214370 0.857590
vt 0.212360 0.855790
vt 0.218260 0.866040
vt 0.213150 0.865480
vt 0.174070 0.836830
vt 0.165250 0.837590
vt 0.143050 0.860270
vt 0.143170 0.849140
vt 0.136770 0.859990
vt 0.135270 0.849170
vt 0.109270 0.862900
vt 0.100280 0.862280
vt 0.096050 0.848810
vt 0.145030 0.829570
vt 0.175520 0.830040
vt 0.165950 0.829430
vt 0.155900 0.829810
vt 0.164720 0.792080
vt 0.144890 0.839120
vt 0.060420 0.545590
vt 0.199690 0.802590
vt 0.134820 0.839010
vt 0.125000 0.839340
vt 0.126740 0.849390
vt 0.035810 0.571960
vt 0.060120 0.556640
vt 0.056890 0.559580
vt 0.078050 0.862220
vt 0.079740 0.854090
vt 0.046930 0.592220
vt 0.047230 0.587630
vt 0.047310 0.584540
vt 0.047570 0.581890
vt 0.112120 0.876710
vt 0.090850 0.847500
vt 0.095850 0.862040
vt 0.091840 0.864820
vt 0.084520 0.798620
vt 0.066820 0.566570
vt 0.068180 0.560490
vt 0.064400 0.558740
vt 0.062200 0.562720
vt 0.068910 0.551540
vt 0.062170 0.573320
vt 0.055340 0.578080
vt 0.038480 0.562260
vt 0.041760 0.568360
vt 0.035950 0.555470
vt 0.035450 0.544670
vt 0.041190 0.577010
vt 0.057300 0.549290
vt 0.047800 0.578850
vt 0.047490 0.557570
vt 0.052370 0.562000
vt 0.047950 0.565040
vt 0.043990 0.559710
vt 0.043670 0.551980
vt 0.040900 0.553430
vt 0.040330 0.544840
vt 0.040380 0.530560
vt 0.045430 0.573720
vt 0.057620 0.567600
vt 0.051700 0.571000
vt 0.041380 0.536360
vt 0.114070 0.890040
vt 0.123620 0.890810
vt 0.087960 0.868030
vt 0.097290 0.869990
vt 0.042560 0.532650
vt 0.134480 0.893150
vt 0.115590 0.902820
vt 0.080670 0.799660
vt 0.076290 0.799760
vt 0.068710 0.832050
vt 0.068770 0.821390
vt 0.068930 0.843330
vt 0.037850 0.966750
vt 0.033870 0.967140
vt 0.197140 0.860280
vt 0.205750 0.857620
vt 0.201490 0.860510
vt 0.201880 0.857230
vt 0.209320 0.857890
vt 0.207460 0.861190
vt 0.209200 0.860460
vt 0.205180 0.863150
vt 0.069470 0.791340
vt 0.071070 0.802360
vt 0.070030 0.778980
vt 0.062500 0.781200
vt 0.099220 0.767580
vt 0.102120 0.754270
vt 0.092490 0.756860
vt 0.084060 0.759120
vt 0.072490 0.761460
vt 0.062900 0.765010
vt 0.214890 0.911510
vt 0.215500 0.903120
vt 0.224000 0.901210
vt 0.223820 0.910170
vt 0.221350 0.921640
vt 0.211490 0.922190
vt 0.134210 0.905780
vt 0.124990 0.903760
vt 0.081340 0.891170
vt 0.083600 0.900800
vt 0.094000 0.871450
vt 0.052150 0.770280
vt 0.197670 0.936570
vt 0.183500 0.933980
vt 0.224710 0.971890
vt 0.212260 0.962020
vt 0.232670 0.944250
vt 0.138710 0.936200
vt 0.131040 0.937270
vt 0.122620 0.937440
vt 0.119560 0.926160
vt 0.081930 0.867550
vt 0.077190 0.867090
vt 0.078160 0.879730
vt 0.134510 0.917100
vt 0.126050 0.915720
vt 0.117230 0.914740
vt 0.128070 0.926710
vt 0.070230 0.877300
vt 0.073190 0.864750
vt 0.070670 0.857730
vt 0.069450 0.849760
vt 0.074180 0.892660
vt 0.108220 0.913750
vt 0.176030 0.932120
vt 0.169480 0.930200
vt 0.161870 0.927390
vt 0.165860 0.938600
vt 0.156540 0.933860
vt 0.199180 0.953990
vt 0.211730 0.942800
vt 0.187600 0.947600
vt 0.176430 0.942920
vt 0.152010 0.922580
vt 0.142630 0.919390
vt 0.099360 0.912450
vt 0.091130 0.910540
vt 0.079720 0.902690
vt 0.084280 0.907690
vt 0.043870 0.781140
vt 0.048050 0.781140
vt 0.065290 0.541010
vt 0.068300 0.540030
vt 0.070800 0.546330
vt 0.067940 0.546210
vt 0.062760 0.541580
vt 0.065370 0.546190
vt 0.065980 0.551830
vt 0.061490 0.550920
vt 0.614960 0.482600
vt 0.029220 0.970850
vt 0.029020 0.974670
vt 0.203720 0.984490
vt 0.192860 0.971620
vt 0.183350 0.961790
vt 0.176860 0.955000
vt 0.168780 0.950270
vt 0.149490 0.929420
vt 0.145110 0.933790
vt 0.151200 0.940310
vt 0.159580 0.946260
vt 0.142840 0.927540
vt 0.135870 0.927050
vt 0.168290 0.957980
vt 0.163710 0.954830
vt 0.615260 0.485470
vt 0.614310 0.485350
vt 0.613600 0.482700
vt 0.616690 0.485640
vt 0.229960 0.887730
vt 0.231340 0.893290
vt 0.232140 0.899460
vt 0.240910 0.897980
vt 0.233820 0.908910
vt 0.230940 0.921310
vt 0.196850 0.862680
vt 0.248240 0.879610
vt 0.247430 0.869780
vt 0.250990 0.869510
vt 0.251000 0.875170
vt 0.247710 0.875180
vt 0.247470 0.864590
vt 0.251010 0.864570
vt 0.247530 0.859360
vt 0.251010 0.859600
vt 0.247160 0.852600
vt 0.251020 0.853100
vt 0.247100 0.846110
vt 0.247340 0.840040
vt 0.247590 0.834630
vt 0.247830 0.830370
vt 0.248080 0.826500
vt 0.248040 0.823280
vt 0.248380 0.816890
vt 0.248380 0.818610
vt 0.250940 0.811600
vt 0.247900 0.813550
vt 0.248900 0.811540
vt 0.245820 0.893880
vt 0.208720 0.932090
vt 0.216490 0.933100
vt 0.226380 0.933560
vt 0.248470 0.806870
vt 0.034990 0.969570
vt 0.036170 0.972090
vt 0.038620 0.969600
vt 0.039320 0.972150
vt 0.201780 0.862450
vt 0.004990 0.977140
vt 0.236300 0.984660
vt 0.237800 0.984730
vt 0.236860 0.987970
vt 0.238090 0.987710
vt 0.234920 0.984240
vt 0.241850 0.805470
vt 0.244700 0.804820
vt 0.248730 0.804590
vt 0.246900 0.804630
vt 0.233750 0.822900
vt 0.248110 0.815180
vt 0.247700 0.990620
vt 0.243750 0.990040
vt 0.240500 0.987870
vt 0.230610 0.832520
vt 0.229190 0.837210
vt 0.242110 0.803460
vt 0.239330 0.805020
vt 0.237730 0.805060
vt 0.240550 0.804990
vt 0.235270 0.981490
vt 0.230180 0.985180
vt 0.232240 0.984840
vt 0.493130 0.977230
vt 0.274960 0.811820
vt 0.277230 0.810710
vt 0.277960 0.808440
vt 0.645610 0.487440
vt 0.645170 0.488590
vt 0.421440 0.798900
vt 0.425570 0.799580
vt 0.613260 0.484720
vt 0.242180 0.820760
vt 0.238400 0.820710
vt 0.088610 0.804740
vt 0.283300 0.816450
vt 0.279920 0.818240
vt 0.276260 0.819510
vt 0.272070 0.820260
vt 0.267670 0.820710
vt 0.263600 0.820860
vt 0.259820 0.820850
vt 0.256550 0.820750
vt 0.253640 0.820730
vt 0.250940 0.820690
vt 0.248270 0.820720
vt 0.245410 0.820710
vt 0.234360 0.820500
vt 0.230040 0.819910
vt 0.225700 0.819160
vt 0.221740 0.818050
vt 0.218480 0.816350
vt 0.216070 0.816090
vt 0.430640 0.802480
vt 0.077590 0.806370
vt 0.083190 0.809980
vt 0.438360 0.803370
vt 0.069620 0.811940
vt 0.063240 0.814320
vt 0.215390 0.831510
vt 0.283140 0.808760
vt 0.213510 0.816310
vt 0.289140 0.818030
vt 0.290260 0.811490
vt 0.229490 0.803340
vt 0.278220 0.806670
vt 0.272640 0.804580
vt 0.273240 0.805930
vt 0.223580 0.804480
vt 0.275970 0.987620
vt 0.236200 0.805470
vt 0.227370 0.984290
vt 0.234170 0.806030
vt 0.612390 0.482960
vt 0.627320 0.486480
vt 0.627520 0.490770
vt 0.627500 0.493830
vt 0.245270 0.780720
vt 0.245810 0.783530
vt 0.245730 0.785950
vt 0.245650 0.788460
vt 0.245690 0.791060
vt 0.271190 0.982570
vt 0.230500 0.982560
vt 0.228230 0.981310
vt 0.232730 0.983340
vt 0.233180 0.981480
vt 0.271640 0.984070
vt 0.273230 0.984920
vt 0.276610 0.984470
s 1
usemtl Bodymat
f 1/1/1 2/2/2 3/3/3 4/4/4
f 6/5/5 4/4/4 3/3/3 5/6/6
f 8/7/7 9/8/8 10/9/9 11/10/10
f 9/8/8 8/7/7 12/11/11 13/12/12
f 14/13/13 15/14/14 13/12/12 12/11/11
f 11/10/10 10/9/9 2/2/2 1/1/1
f 8/7/7 11/10/10 16/15/15 12/11/11
f 7/16/16 17/17/17 6/5/5 5/6/6
f 20/18/18 21/19/19 22/20/20 23/21/21
f 23/21/21 24/22/22 25/23/23 20/18/18
f 26/24/24 27/25/25 21/19/19 20/18/18
f 28/26/26 15/14/14 14/13/13 29/27/27
f 24/22/22 30/28/28 31/29/29 25/23/23
f 14/13/13 12/11/11 16/15/15 32/30/30
f 33/31/31 31/29/29 29/27/27 34/32/32
f 32/30/30 34/32/32 29/27/27 14/13/13
f 26/24/24 20/18/18 25/23/23 35/33/33
f 25/23/23 31/29/29 33/31/31 35/33/33
f 27/25/25 36/34/34 37/35/35 21/19/19
f 37/35/35 36/34/34 38/36/36 39/37/37
f 39/37/37 38/36/36 40/38/38 41/39/39
f 21/19/19 37/35/35 43/40/40 22/20/20
f 44/41/41 43/40/40 37/35/35 39/37/37
f 41/39/39 45/42/42 44/41/41 39/37/37
f 42/43/43 29/27/27 31/29/29 30/28/28
f 46/44/44 47/45/45 48/46/46 49/47/47
f 51/48/48 50/49/49 48/46/46 47/45/45
f 53/50/50 54/51/51 55/52/52 56/53/53
f 56/53/53 57/54/54 58/55/55 53/50/50
f 59/56/56 58/55/55 57/54/54 60/57/57
f 54/51/51 46/44/44 49/47/47 55/52/52
f 53/50/50 58/55/55 61/58/58 54/51/51
f 52/59/59 50/49/49 51/48/48 62/60/60
f 64/61/61 65/62/62 66/63/63 67/64/64
f 65/62/62 64/61/61 68/65/65 69/66/66
f 70/67/67 64/61/61 67/64/64 71/68/68
f 72/69/69 73/70/70 59/56/56 60/57/57
f 69/66/66 68/65/65 74/71/71 75/72/72
f 59/56/56 76/73/73 61/58/58 58/55/55
f 77/74/74 78/75/75 73/70/70 74/71/71
f 76/73/73 59/56/56 73/70/70 78/75/75
f 70/67/67 79/76/76 68/65/65 64/61/61
f 68/65/65 79/76/76 77/74/74 74/71/71
f 71/68/68 67/64/64 80/77/77 81/78/78
f 80/77/77 82/79/79 83/80/80 81/78/78
f 82/79/79 41/39/39 40/38/38 83/80/80
f 67/64/64 66/63/63 85/81/81 80/77/77
f 86/82/82 82/79/79 80/77/77 85/81/81
f 41/39/39 82/79/79 86/82/82 45/42/42
f 84/83/83 75/72/72 74/71/71 73/70/70
f 198/84/84 183/85/85 201/86/86 202/87/87
f 87/88/88 88/89/89 89/90/90 90/91/91
f 91/92/92 92/93/93 93/94/94 94/95/95
f 89/90/90 88/89/89 95/96/96 96/97/97
f 97/98/98 98/99/99 99/100/100 100/101/101
f 98/99/99 101/102/102 102/103/103 99/100/100
f 101/102/102 103/104/104 104/105/105 102/103/103
f 90/91/91 89/90/90 105/106/106 106/107/107
f 107/108/108 108/109/109 109/110/110 110/111/111
f 111/112/112 112/113/113 113/114/114 114/115/115
f 115/116/116 116/117/117 117/118/118 118/119/119
f 119/120/120 120/121/121 121/122/122 122/123/123
f 123/124/124 124/125/125 125/126/126 126/127/127
f 107/108/108 110/111/111 127/128/128 128/129/129
f 129/130/130 114/115/115 113/114/114 130/131/131
f 115/116/116 118/119/119 131/132/132 132/133/133
f 133/134/134 119/120/120 122/123/123 134/135/135
f 135/136/136 136/137/137 137/138/138 138/139/139
f 139/140/140 140/141/141 141/142/142 142/143/143
f 309/144/144 436/145/145 437/146/146 310/147/147
f 128/129/129 127/128/128 147/148/148 148/149/149
f 149/150/150 129/130/130 130/131/131 150/151/151
f 151/152/152 152/153/153 149/150/150 150/151/151
f 153/154/154 154/155/155 148/149/149 147/148/148
f 155/156/156 156/157/157 146/158/158 145/159/159
f 157/160/160 158/161/161 159/162/162 160/163/163
f 161/164/164 162/165/165 163/166/166 164/167/167
f 165/168/168 166/169/169 167/170/170 168/171/171
f 169/172/172 170/173/173 171/174/174 172/175/175
f 173/176/176 174/177/177 175/178/178 176/179/179
f 177/180/180 178/181/181 179/182/182 180/183/183
f 181/184/184 182/185/185 183/85/85 184/186/186
f 185/187/187 186/188/188 187/189/189 188/190/190
f 189/191/191 187/189/189 186/188/188 190/192/192
f 190/192/192 191/193/193 192/194/194 189/191/191
f 193/195/195 194/196/196 195/197/197 196/198/198
f 197/199/199 198/84/84 199/200/200 200/201/201
f 184/186/186 183/85/85 198/84/84 197/199/199
f 324/202/202 316/203/203 319/204/204 325/205/205
f 199/200/200 198/84/84 202/87/87 203/206/206
f 195/197/197 194/196/196 204/207/207 205/208/208
f 206/209/209 195/197/197 205/208/208 207/210/210
f 196/198/198 195/197/197 206/209/209 208/211/211
f 209/212/212 210/213/213 211/214/214 212/215/215
f 213/216/216 214/217/217 210/213/213 209/212/212
f 215/218/218 216/219/219 217/220/220 218/221/221
f 219/222/222 220/223/223 221/224/224 222/225/225
f 221/224/224 220/223/223 223/226/226 224/227/227
f 225/228/228 226/229/229 227/230/230 228/231/231
f 229/232/232 230/233/233 231/234/234 232/235/235
f 233/236/236 234/237/237 235/238/238 236/239/239
f 237/240/240 238/241/241 239/242/242 240/243/243
f 241/244/244 242/245/245 243/246/246 244/247/247
f 245/248/248 244/247/247 243/246/246 246/249/249
f 247/250/250 248/251/251 249/252/252 250/253/253
f 251/254/254 252/255/255 253/256/256 254/257/257
f 255/258/258 256/259/259 257/260/260 258/261/261
f 143/262/262 144/263/263 145/159/159 146/158/158
f 263/264/264 264/265/265 265/266/266 266/267/267
f 267/268/268 268/269/269 269/270/270 270/271/271
f 271/272/272 272/273/273 273/274/274 274/275/275
f 275/276/276 276/277/277 277/278/278 278/279/279
f 261/280/280 279/281/281 280/282/282 262/283/283
f 281/284/284 282/285/285 283/286/286 284/287/287
f 285/288/288 286/289/289 287/290/290 288/291/291
f 289/292/292 290/293/293 291/294/294 292/295/295
f 293/296/296 294/297/297 290/293/293 289/292/292
f 295/298/298 296/299/299 297/300/300 298/301/301
f 299/302/302 300/303/303 298/301/301 297/300/300
f 297/300/300 301/304/304 302/305/305 299/302/302
f 296/299/299 303/306/306 301/304/304 297/300/300
f 304/307/307 305/308/308 306/309/309 307/310/310
f 308/311/311 309/144/144 310/147/147 311/312/312
f 312/313/313 313/314/314 314/315/315 315/316/316
f 316/203/203 317/317/317 318/318/318 319/204/204
f 320/319/319 321/320/320 322/321/321 323/322/322
f 412/323/323 413/324/324 287/325/290 286/326/289
f 326/327/325 327/328/326 316/203/203 324/202/202
f 328/329/327 326/327/325 324/202/202 329/330/328
f 329/330/328 324/202/202 325/205/205 330/331/329
f 321/320/320 331/332/330 332/333/331 322/321/321
f 333/334/332 334/335/333 335/336/334 336/337/335
f 337/338/336 333/334/332 336/337/335 338/339/337
f 339/340/338 340/341/339 341/342/340 342/343/341
f 343/344/342 344/345/343 345/346/344 346/347/345
f 347/348/346 348/349/347 349/350/348 350/351/349
f 351/352/350 352/353/351 353/354/352 354/355/353
f 218/221/221 355/356/354 356/357/355 215/218/218
f 222/225/225 221/224/224 357/358/356 358/359/357
f 357/358/356 221/224/224 224/227/227 359/360/358
f 247/250/250 250/253/253 360/361/359 361/362/360
f 362/363/361 363/364/362 254/257/257 253/256/256
f 257/260/260 364/365/363 365/366/364 258/261/261
f 366/367/365 367/368/366 240/243/243 239/242/242
f 368/369/367 369/370/368 362/363/361 253/256/256
f 371/371/369 372/372/370 278/279/279 277/278/278
f 373/373/371 374/374/372 375/375/373 376/376/374
f 299/302/302 302/305/305 291/294/294 290/293/293
f 290/293/293 294/297/297 300/303/303 299/302/302
f 288/291/291 377/377/375 378/378/376 285/288/288
f 288/291/291 287/290/290 379/379/377 380/380/378
f 377/377/375 288/291/291 380/380/378 381/381/379
f 300/303/303 294/297/297 382/382/380 383/383/381
f 384/384/382 385/385/383 386/386/384 387/387/385
f 388/388/386 389/389/387 390/390/388 391/391/389
f 392/392/390 389/389/387 388/388/386 393/393/391
f 394/394/392 395/395/393 396/396/394 397/397/395
f 398/398/396 394/394/392 397/397/395 399/399/397
f 400/400/398 401/401/399 286/289/289 285/288/288
f 402/402/400 403/403/401 404/404/402 405/405/403
f 406/406/404 407/407/405 400/400/398 408/408/406
f 409/409/407 408/408/406 400/400/398 285/288/288
f 409/409/407 285/288/288 378/378/376 410/410/408
f 401/411/399 411/412/409 412/323/323 286/326/289
f 122/123/123 121/122/122 116/117/117 115/116/116
f 399/413/397 414/414/410 415/415/411 398/416/396
f 284/417/287 416/418/412 417/419/413 281/420/284
f 306/309/309 418/421/414 419/422/415 307/310/310
f 186/188/188 185/187/187 181/184/184 184/186/186
f 190/192/192 186/188/188 184/186/186 197/199/199
f 191/193/193 190/192/192 197/199/199 200/201/201
f 209/212/212 212/215/215 193/195/195 196/198/198
f 213/216/216 209/212/212 196/198/198 208/211/211
f 218/221/221 217/220/220 219/222/222 222/225/225
f 355/356/354 218/221/221 222/225/225 358/359/357
f 230/233/233 229/232/232 225/228/228 228/231/231
f 202/87/87 201/86/86 420/423/416 421/424/417
f 422/425/418 203/206/206 202/87/87 421/424/417
f 423/426/419 424/427/420 205/208/208 204/207/207
f 207/210/210 205/208/208 424/427/420 425/428/421
f 426/429/422 427/430/423 428/431/424 429/432/425
f 430/433/426 431/434/427 432/435/428 433/436/429
f 434/437/430 432/435/428 431/434/427 435/438/431
f 370/439/432 368/369/367 253/256/256 252/255/255
f 319/204/204 318/318/318 438/440/433 323/322/322
f 325/205/205 319/204/204 323/322/322 322/321/321
f 330/331/329 325/205/205 322/321/321 332/333/331
f 342/343/341 341/342/340 337/338/336 338/339/337
f 439/441/434 440/442/435 441/443/436 442/444/437
f 443/445/438 444/446/439 445/447/440 446/448/441
f 447/449/442 448/450/443 449/451/444 450/452/445
f 451/453/446 452/454/447 453/455/448 454/456/449
f 96/97/97 455/457/450 105/106/106 89/90/90
f 456/458/451 91/92/92 94/95/95 457/459/452
f 458/460/453 100/101/101 99/100/100 459/461/454
f 102/103/103 104/105/105 460/462/455 461/463/456
f 459/461/454 99/100/100 102/103/103 461/463/456
f 452/454/447 451/453/446 448/450/443 447/449/442
f 165/168/168 168/171/171 172/175/175 171/174/174
f 163/166/166 162/165/165 173/176/176 176/179/179
f 148/149/149 154/155/155 151/152/152 150/151/151
f 113/114/114 112/113/113 108/109/109 107/108/108
f 134/135/135 122/123/123 115/116/116 132/133/133
f 140/141/141 135/136/136 138/139/139 141/142/142
f 462/464/457 463/465/458 464/466/459 465/467/460
f 466/468/461 463/465/458 462/464/457 467/469/462
f 468/470/463 466/468/461 467/469/462 469/471/464
f 470/472/465 471/473/466 472/474/467 473/475/468
f 473/475/468 474/476/469 475/477/470 470/472/465
f 327/328/326 326/327/325 476/478/471 477/479/472
f 478/480/473 479/481/474 480/482/475 481/483/476
f 418/421/414 482/484/477 483/485/478 419/422/415
f 474/476/469 473/475/468 484/486/479 485/487/480
f 473/475/468 472/474/467 486/488/481 484/486/479
f 487/489/482 488/490/483 489/491/484 490/492/485
f 491/493/486 492/494/487 493/495/488 494/496/489
f 492/494/487 495/497/490 496/498/491 493/495/488
f 497/499/492 498/500/493 499/501/494 500/502/495
f 501/503/496 502/504/497 503/505/498 504/506/499
f 495/497/490 487/489/482 490/492/485 496/498/491
f 478/480/473 481/483/476 494/496/489 505/507/500
f 506/508/501 417/419/413 507/509/502 508/510/503
f 411/412/409 509/511/504 510/512/505 412/323/323
f 413/324/324 412/323/323 510/512/505 511/513/506
f 415/415/411 414/414/410 512/514/507 513/515/508
f 514/516/509 515/517/510 516/518/511 517/519/512
f 228/231/231 227/230/230 518/520/513 519/521/514
f 520/522/515 230/233/233 228/231/231 519/521/514
f 231/234/234 230/233/233 520/522/515 521/523/516
f 95/96/96 92/93/93 91/92/92 96/97/97
f 456/458/451 455/457/450 96/97/97 91/92/92
f 446/448/441 445/447/440 440/442/435 439/441/434
f 177/180/180 522/524/517 523/525/518 178/181/181
f 160/163/163 159/162/162 524/526/519 525/527/520
f 526/528/521 527/529/522 528/530/523 123/124/124
f 529/531/524 526/528/521 123/124/124 126/127/127
f 93/94/94 97/98/98 100/101/101 94/95/95
f 94/95/95 100/101/101 458/460/453 457/459/452
f 450/452/445 449/451/444 444/446/439 443/445/438
f 179/182/182 167/170/170 166/169/169 180/183/183
f 161/164/164 164/167/167 158/161/161 157/160/160
f 156/157/157 153/154/154 147/148/148 146/158/158
f 127/128/128 143/262/262 146/158/158 147/148/148
f 110/111/111 530/532/525 143/262/262 127/128/128
f 531/533/526 530/532/525 110/111/111 109/110/110
f 125/126/126 124/125/125 120/121/121 119/120/120
f 532/534/527 125/126/126 119/120/120 133/134/134
f 533/535/528 534/536/529 137/138/138 136/137/137
f 464/466/459 535/537/530 536/538/531 465/467/460
f 436/145/145 537/539/532 538/540/533 437/146/146
f 438/440/433 539/541/534 320/319/319 323/322/322
f 540/542/535 474/476/469 485/487/480 541/543/536
f 542/544/537 475/477/470 474/476/469 540/542/535
f 249/252/252 543/545/538 544/546/539 250/253/253
f 545/547/540 360/361/359 250/253/253 544/546/539
f 546/548/541 201/86/86 183/85/85 182/185/185
f 547/549/542 4/550/4 6/551/5 548/552/543
f 1/553/1 4/550/4 547/549/542 549/554/544
f 547/549/542 550/555/545 551/556/546 549/554/544
f 552/557/547 550/555/545 547/549/542 548/552/543
f 553/558/548 554/559/549 549/554/544 551/556/546
f 554/559/549 11/560/10 1/553/1 549/554/544
f 555/561/550 556/562/551 552/557/547 548/552/543
f 555/561/550 548/552/543 6/551/5 17/563/17
f 555/561/550 557/564/552 558/565/553 556/562/551
f 17/563/17 18/566/554 557/564/552 555/561/550
f 557/564/552 559/567/555 560/568/556 558/565/553
f 559/567/555 557/564/552 18/566/554 19/569/557
f 11/560/10 554/559/549 561/570/558 16/571/15
f 561/570/558 554/559/549 553/558/548 562/572/559
f 563/573/560 564/574/561 565/575/562 566/576/563
f 567/577/564 568/578/565 561/570/558 562/572/559
f 569/579/566 563/573/560 566/576/563 570/580/567
f 571/581/568 572/582/569 434/437/430 435/438/431
f 546/548/541 573/583/570 420/423/416 201/86/86
f 574/584/571 575/585/572 573/583/570 546/548/541
f 576/586/573 577/587/574 569/579/566 570/580/567
f 578/588/575 579/589/576 580/590/577 581/591/578
f 662/592/579 663/593/580 656/594/581 655/595/582
f 582/596/583 583/597/584 584/598/585 585/599/586
f 586/600/587 587/601/588 588/602/589 589/603/590
f 583/597/584 586/600/587 589/603/590 584/598/585
f 590/604/591 578/588/575 581/591/578 591/605/592
f 579/589/576 582/596/583 585/599/586 580/590/577
f 592/606/593 351/352/350 354/355/353 593/607/594
f 498/500/493 594/608/595 595/609/596 499/501/494
f 596/610/597 597/611/598 598/612/599 599/613/600
f 600/614/601 601/615/602 376/376/374 375/375/373
f 602/616/603 603/617/604 604/618/605 407/407/405
f 407/407/405 604/618/605 401/401/399 400/400/398
f 605/619/606 606/620/607 607/621/608 608/622/609
f 609/623/610 610/624/611 604/625/605 603/626/604
f 604/625/605 610/624/611 411/412/409 401/411/399
f 610/624/611 611/627/612 509/511/504 411/412/409
f 476/478/471 326/327/325 328/329/327 612/628/613
f 613/629/614 614/630/615 615/631/616 616/632/617
f 617/633/618 618/634/619 619/635/620 620/636/621
f 259/637/622 260/638/623 261/280/280 262/283/283
f 348/349/347 621/639/624 622/640/625 349/350/348
f 374/374/372 623/641/626 624/642/627 375/375/373
f 621/639/624 625/643/628 626/644/629 622/640/625
f 627/645/630 628/646/631 629/647/632 630/648/633
f 624/642/627 623/641/626 631/649/634 632/650/635
f 600/614/601 633/651/636 634/652/637 635/653/638
f 634/652/637 633/651/636 628/646/631 627/645/630
f 636/654/639 637/655/640 629/647/632 628/646/631
f 637/655/640 636/654/639 638/656/641 639/657/642
f 470/472/465 475/477/470 640/658/643 641/659/644
f 641/659/644 642/660/645 471/473/466 470/472/465
f 643/661/646 644/662/647 645/663/648 646/664/649
f 480/482/475 479/481/474 647/665/650 648/666/651
f 614/630/615 613/629/614 649/667/652 650/668/653
f 651/669/654 652/670/655 653/671/656 654/672/657
f 655/595/582 656/594/581 618/634/619 617/633/618
f 644/662/647 657/673/658 658/674/659 645/663/648
f 659/675/660 660/676/661 640/658/643 661/677/662
f 661/677/662 640/658/643 475/477/470 542/544/537
f 664/678/663 665/679/664 666/680/665 667/681/666
f 668/682/667 667/681/666 666/680/665 669/683/668
f 667/681/666 668/682/667 670/684/669 671/685/670
f 672/686/671 673/687/672 674/688/673 675/689/674
f 107/108/108 128/129/129 130/131/131 113/114/114
f 128/129/129 148/149/149 150/151/151 130/131/131
f 676/690/675 677/691/676 678/692/677 679/693/678
f 680/694/679 681/695/680 682/696/681 683/697/682
f 684/698/683 685/699/684 686/700/685 687/701/686
f 685/699/684 308/311/311 311/312/312 686/700/685
f 317/317/317 316/203/203 327/328/326 688/702/687
f 688/702/687 327/328/326 477/479/472 689/703/688
f 690/704/689 227/230/230 226/229/229 691/705/690
f 692/706/691 263/264/264 266/267/267 693/707/692
f 694/708/693 695/709/694 696/710/695 697/711/696
f 698/712/697 224/227/227 223/226/226 699/713/698
f 700/714/699 359/360/358 224/227/227 698/712/697
f 427/430/423 701/715/700 702/716/701 428/431/424
f 613/629/614 616/632/617 315/316/316 314/315/315
f 227/230/230 690/704/689 703/717/702 518/520/513
f 704/718/703 705/719/704 706/720/705 707/721/706
f 708/722/707 709/723/708 710/724/709 711/725/710
f 712/726/711 713/727/712 714/728/713 715/729/714
f 716/730/715 717/731/716 712/732/711 715/733/714
f 718/734/717 719/735/718 720/736/719 721/737/720
f 713/727/712 712/726/711 720/736/719 719/735/718
f 717/731/716 720/738/719 712/732/711
f 722/739/721 723/740/722 724/741/723 725/742/724
f 726/743/725 727/744/726 728/745/727 729/746/728
f 678/692/677 677/691/676 730/747/729 731/748/730
f 465/467/460 536/538/531 537/539/532 436/145/145
f 309/144/144 462/464/457 465/467/460 436/145/145
f 467/469/462 462/464/457 309/144/144 308/311/311
f 469/471/464 467/469/462 308/311/311 685/699/684
f 725/742/724 718/734/717 721/737/720 722/739/721
f 732/749/731 733/750/732 734/751/733 735/752/734
f 177/180/180 160/163/163 525/527/520 522/524/517
f 180/183/183 157/160/160 160/163/163 177/180/180
f 741/753/735 740/754/736 787/755/737 788/756/738
f 166/169/169 161/164/164 157/160/160 180/183/183
f 166/169/169 165/168/168 162/165/165 161/164/164
f 173/176/176 162/165/165 165/168/168 171/174/174
f 171/174/174 170/173/173 174/177/177 173/176/176
f 736/757/739 737/758/740 738/759/741 739/760/742
f 740/754/736 741/753/735 737/758/740 736/757/739
f 306/309/309 305/308/308 303/306/306 296/299/299
f 418/421/414 306/309/309 296/299/299 295/298/298
f 644/662/647 643/661/646 385/385/383 384/384/382
f 742/761/743 743/762/744 652/670/655 651/669/654
f 744/763/745 672/686/671 675/689/674 745/764/746
f 425/428/421 424/427/420 746/765/747 747/766/748
f 748/767/749 746/765/747 424/427/420 423/426/419
f 422/425/418 421/424/417 749/768/750 750/769/751
f 420/423/416 751/770/752 749/768/750 421/424/417
f 752/771/753 751/770/752 420/423/416 573/583/570
f 575/585/572 753/772/754 752/771/753 573/583/570
f 442/444/437 441/443/436 754/773/755 755/774/756
f 504/775/499 503/776/498 925/777/757 926/778/758
f 759/779/759 736/757/739 739/760/742 758/780/760
f 736/757/739 759/779/759 760/781/761 740/754/736
f 761/782/762 762/783/763 763/784/764 764/785/765
f 764/785/765 765/786/766 766/787/767 761/782/762
f 767/788/768 768/789/769 769/790/770 770/791/771
f 771/792/772 772/793/773 773/794/774 774/795/775
f 775/796/776 776/797/777 772/793/773 771/792/772
f 777/798/778 778/799/779 724/741/723 723/740/722
f 779/800/780 780/801/781 778/799/779 777/798/778
f 781/802/782 782/803/783 776/797/777 775/796/776
f 768/789/769 767/788/768 766/787/767 783/804/784
f 784/805/785 783/804/784 766/787/767 765/786/766
f 564/574/561 563/573/560 33/806/31 34/807/32
f 561/570/558 568/578/565 32/808/30 16/571/15
f 563/573/560 569/579/566 35/809/33 33/806/31
f 569/579/566 577/587/574 26/810/24 35/809/33
f 577/587/574 785/811/786 27/812/25 26/810/24
f 786/813/787 785/811/786 577/587/574 576/586/573
f 843/814/788 844/815/789 845/816/790 841/817/791
f 789/818/792 790/819/793 791/820/794 792/821/795
f 756/822/796 90/91/91 106/107/107 757/823/797
f 793/824/798 87/88/88 90/91/91 756/822/796
f 565/575/562 564/574/561 568/578/565 567/577/564
f 32/808/30 568/578/565 564/574/561 34/807/32
f 525/527/520 524/526/519 794/825/799 795/826/800
f 523/525/518 522/524/517 796/827/801 797/828/802
f 798/829/803 708/830/707 711/831/710 799/832/804
f 800/833/805 732/834/731 735/835/734 801/836/806
f 796/827/801 522/524/517 525/527/520 795/826/800
f 697/711/696 802/837/807 803/838/808 694/708/693
f 804/839/809 690/704/689 691/705/690 805/840/810
f 806/841/811 807/842/812 808/843/813 809/844/814
f 810/845/815 811/846/816 807/842/812 806/841/811
f 812/847/817 813/848/818 515/517/510 514/516/509
f 703/717/702 690/704/689 804/839/809 814/849/819
f 698/712/697 815/850/820 816/851/821 700/714/699
f 698/712/697 699/713/698 817/852/822 815/850/820
f 756/822/796 757/823/797 758/780/760 739/760/742
f 819/853/823 822/854/824 823/855/825 820/856/826
f 822/854/824 824/857/827 825/858/828 823/855/825
f 826/859/829 827/860/830 785/811/786 786/813/787
f 828/861/831 829/862/832 830/863/833 831/864/834
f 788/756/738 787/755/737 832/865/835 833/866/836
f 834/867/837 835/868/838 836/869/839 837/870/840
f 824/857/827 838/871/841 839/872/842 825/858/828
f 785/811/786 827/860/830 36/873/34 27/812/25
f 829/862/832 828/861/831 827/860/830 826/859/829
f 819/853/823 818/874/843 833/866/836 832/865/835
f 822/854/824 819/853/823 832/865/835 835/868/838
f 824/857/827 822/854/824 835/868/838 834/867/837
f 838/871/841 824/857/827 834/867/837 840/875/844
f 38/876/36 828/861/831 831/864/834 40/877/38
f 36/873/34 827/860/830 828/861/831 38/876/36
f 182/185/185 841/817/791 574/584/571 546/548/541
f 181/184/184 185/187/187 842/878/845 843/814/788
f 843/814/788 841/817/791 182/185/185 181/184/184
f 884/879/846 883/880/847 904/881/848 902/882/849
f 843/814/788 842/878/845 846/883/850 844/815/789
f 842/878/845 847/884/851 848/885/852 846/883/850
f 849/886/853 246/249/249 243/246/246 850/887/854
f 243/246/246 242/245/245 851/888/855 850/887/854
f 852/889/856 853/890/857 237/240/240 240/243/243
f 367/368/366 854/891/858 852/889/856 240/243/243
f 235/238/238 234/237/237 855/892/859 856/893/860
f 520/894/515 519/895/514 857/896/861 858/897/862
f 852/889/856 854/891/858 859/898/863 860/899/864
f 853/890/857 852/889/856 860/899/864 861/900/865
f 519/895/514 518/901/513 862/902/866 857/896/861
f 856/893/860 855/892/859 863/903/867 864/904/868
f 521/905/516 520/894/515 858/897/862 865/906/869
f 518/901/513 703/907/702 866/908/870 862/902/866
f 703/907/702 814/909/819 867/910/871 866/908/870
f 868/911/872 869/912/873 870/913/874 871/914/875
f 872/915/876 868/911/872 871/914/875 873/916/877
f 874/917/878 872/915/876 873/916/877 875/918/879
f 860/919/864 859/920/863 878/921/880 879/922/881
f 861/923/865 860/919/864 879/922/881 880/924/882
f 881/925/883 882/926/884 883/880/847 884/879/846
f 869/912/873 881/925/883 884/879/846 870/913/874
f 885/927/885 886/928/886 887/929/887 888/930/888
f 889/931/889 890/932/890 891/933/891 892/934/892
f 893/935/893 889/931/889 892/934/892 894/936/894
f 886/928/886 895/937/895 896/938/896 887/929/887
f 890/932/890 897/939/897 891/933/891
f 898/940/898 885/927/885 888/930/888
f 899/941/899 900/942/900 901/943/901
f 895/937/895 902/882/849 903/944/902 896/938/896
f 904/881/848 905/945/903 906/946/904 907/947/905
f 905/948/903 899/941/899 901/943/901 906/949/904
f 902/882/849 904/881/848 907/947/905 903/944/902
f 908/950/906 909/951/907 890/932/890 889/931/889
f 910/952/908 908/950/906 889/931/889 893/935/893
f 911/953/909 912/954/910 900/942/900 899/941/899
f 883/880/847 913/955/911 905/945/903 904/881/848
f 936/956/912 938/957/913 949/958/914 947/959/915
f 870/913/874 884/879/846 902/882/849 895/937/895
f 871/914/875 870/913/874 895/937/895 886/928/886
f 873/916/877 871/914/875 886/928/886 885/927/885
f 875/918/879 873/916/877 885/927/885 898/940/898
f 914/960/916 915/961/917 897/939/897
f 892/934/892 891/933/891 516/518/511
f 894/936/894 892/934/892 516/518/511 515/517/510
f 906/949/904 901/943/901 515/517/510 813/848/818
f 907/947/905 906/946/904 813/962/818 812/847/817
f 903/944/902 907/947/905 812/847/817 514/516/509
f 896/938/896 903/944/902 514/516/509
f 887/929/887 896/938/896 514/516/509 517/519/512
f 888/930/888 887/929/887 517/519/512
f 485/487/480 484/486/479 916/963/918 917/964/919
f 484/486/479 486/488/481 918/965/920 916/963/918
f 490/966/485 489/967/484 919/968/921 920/969/922
f 493/970/488 496/971/491 921/972/923 922/973/924
f 500/974/495 499/975/494 923/976/925 924/977/926
f 864/978/868 863/979/867 876/980/927 877/981/928
f 496/971/491 490/966/485 920/969/922 921/972/923
f 505/507/500 494/496/489 927/982/929 928/983/930
f 499/975/494 929/984/931 930/985/932 923/976/925
f 541/543/536 485/487/480 917/964/919 931/986/933
f 917/987/919 916/988/918 932/989/934 933/990/935
f 916/988/918 918/991/920 934/992/936 932/989/934
f 920/969/922 919/968/921 935/993/937
f 927/994/929 922/973/924 936/956/912 937/995/938
f 922/973/924 921/972/923 938/957/913 936/956/912
f 924/977/926 923/976/925 939/996/939 940/997/940
f 926/778/758 925/777/757 941/998/941 942/999/942
f 921/972/923 920/969/922 935/993/937 938/957/913
f 928/1000/930 927/994/929 937/995/938
f 923/976/925 930/985/932 939/996/939
f 931/1001/933 917/987/919 933/990/935 943/1002/943
f 933/990/935 932/989/934 944/1003/944 945/1004/945
f 932/989/934 934/992/936 946/1005/946 944/1003/944
f 937/995/938 936/956/912 947/959/915 948/1006/947
f 942/999/942 941/998/941 950/1007/948 951/1008/949
f 938/957/913 935/993/937 952/1009/950 949/958/914
f 943/1002/943 933/990/935 945/1004/945 953/1010/951
f 953/1010/951 950/1007/948 954/1011/952 955/1012/953
f 952/1009/950 944/1003/944 946/1005/946 949/958/914
f 952/1009/950 951/1008/949 945/1004/945 944/1003/944
f 949/958/914 946/1005/946 948/1006/947 947/959/915
f 956/1013/954 957/1014/955 958/1015/956 959/1016/957
f 707/721/706 706/720/705 960/1017/958 961/1018/959
f 962/1019/960 957/1014/955 956/1013/954 963/1020/961
f 964/1021/962 965/1022/963 962/1019/960 963/1020/961
f 965/1022/963 964/1021/962 966/1023/964 967/1024/965
f 968/1025/966 969/1026/967 970/1027/968 971/1028/969
f 972/1029/970 973/1030/971 974/1031/972 975/1032/973
f 976/1033/974 977/1034/975 978/1035/976 979/1036/977
f 977/1034/975 976/1033/974 980/1037/978 981/1038/979
f 982/1039/980 983/1040/981 984/1041/982 985/1042/983
f 973/1030/971 728/745/727 727/744/726 974/1031/972
f 706/720/705 976/1033/974 979/1036/977 960/1017/958
f 980/1037/978 976/1033/974 706/720/705 705/719/704
f 984/1041/982 983/1040/981 734/751/733 733/750/732
f 709/723/708 968/1025/966 971/1028/969 710/724/709
f 713/727/712 965/1022/963 967/1024/965 714/728/713
f 962/1019/960 965/1022/963 713/727/712 719/735/718
f 719/735/718 718/734/717 957/1014/955 962/1019/960
f 958/1015/956 957/1014/955 718/734/717 725/742/724
f 725/742/724 724/741/723 986/1043/984 958/1015/956
f 981/1038/979 980/1037/978 983/1040/981 982/1039/980
f 734/751/733 983/1040/981 980/1037/978 705/719/704
f 735/752/734 734/751/733 705/719/704 704/718/703
f 987/1044/985 988/1045/986 989/1046/987 990/1047/988
f 988/1045/986 991/1048/989 992/1049/990 989/1046/987
f 982/1039/980 993/1050/991 994/1051/992 981/1038/979
f 778/799/779 995/1052/993 986/1043/984 724/741/723
f 782/803/783 996/1053/994 997/1054/995 776/797/777
f 997/1054/995 996/1053/994 998/1055/996 999/1056/997
f 997/1054/995 1000/1057/998 772/793/773 776/797/777
f 1000/1057/998 997/1054/995 999/1056/997 1001/1058/999
f 993/1050/991 982/1039/980 985/1042/983 1002/1059/1000
f 992/1049/990 1003/1060/1001 1004/1061/1002 989/1046/987
f 1005/1062/1003 1006/1063/1004 1007/1064/1005 1008/1065/1006
f 1000/1057/998 1001/1058/999 1009/1066/1007 1010/1067/1008
f 1010/1067/1008 773/794/774 772/793/773 1000/1057/998
f 995/1052/993 778/799/779 780/801/781 1011/1068/1009
f 1011/1068/1009 1012/1069/1010 1007/1064/1005 995/1052/993
f 1008/1065/1006 1007/1064/1005 1012/1069/1010 1013/1070/1011
f 981/1038/979 994/1051/992 1014/1071/1012 977/1034/975
f 991/1048/989 988/1045/986 1015/1072/1013 1016/1073/1014
f 1017/1074/1015 1008/1065/1006 1013/1070/1011 1018/1075/1016
f 1001/1058/999 1019/1076/1017 1020/1077/1018 1009/1066/1007
f 1021/1078/1019 1022/1079/1020 1020/1077/1018 1019/1076/1017
f 1019/1076/1017 1001/1058/999 999/1056/997 1023/1080/1021
f 1023/1080/1021 1024/1081/1022 1021/1078/1019 1019/1076/1017
f 1025/1082/1023 1026/1083/1024 1016/1073/1014 1015/1072/1013
f 975/1032/973 1027/1084/1025 1028/1085/1026 972/1029/970
f 998/1055/996 1029/1086/1027 1023/1080/1021 999/1056/997
f 1029/1086/1027 1024/1081/1022 1023/1080/1021
f 1030/1087/1028 1028/1085/1026 1027/1084/1025
f 1031/1088/1029 1015/1072/1013 988/1045/986 987/1044/985
f 1017/1074/1015 1032/1089/1030 1033/1090/1031 1034/1091/1032
f 1034/1091/1032 1005/1062/1003 1008/1065/1006 1017/1074/1015
f 1035/1092/1033 523/525/518 797/828/802
f 178/181/181 523/525/518 591/605/592 581/591/578
f 179/182/182 178/181/181 581/591/578 580/590/577
f 580/590/577 585/599/586 167/170/170 179/182/182
f 168/171/171 167/170/170 585/599/586 584/598/585
f 172/175/175 168/171/171 584/598/585 589/603/590
f 588/602/589 169/172/172 172/175/175 589/603/590
f 1036/1093/1034 707/1094/706 961/1095/959 1037/1096/1035
f 1038/1097/1036 726/1098/725 729/1099/728 1039/1100/1037
f 273/274/274 272/273/273 256/259/259 255/258/258
f 278/279/279 372/372/370 370/439/432 252/255/255
f 251/254/254 275/276/276 278/279/279 252/255/255
f 543/545/538 249/252/252 268/269/269 1040/1101/1038
f 269/270/270 268/269/269 249/252/252 248/251/251
f 695/709/694 692/706/691 693/707/692 696/710/695
f 804/839/809 805/840/810 1068/1102/1039 1069/1103/1040
f 702/716/701 701/715/700 811/846/816 810/845/815
f 699/713/698 425/428/421 747/766/748 817/852/822
f 223/226/226 207/210/210 425/428/421 699/713/698
f 220/223/223 206/209/209 207/210/210 223/226/226
f 208/211/211 206/209/209 220/223/223 219/222/222
f 217/220/220 213/216/216 208/211/211 219/222/222
f 217/220/220 216/219/219 214/217/217 213/216/216
f 1041/1104/1041 229/232/232 232/235/235 1042/1105/1042
f 225/228/228 229/232/232 1041/1104/1041 1043/1106/1043
f 1043/1106/1043 1044/1107/1044 226/229/229 225/228/228
f 691/705/690 226/229/229 1044/1107/1044 1045/1108/1045
f 805/840/810 691/705/690 1045/1108/1045 1046/1109/1046
f 279/281/281 1047/1110/1047 1048/1111/1048 1049/1112/1049
f 1050/1113/1050 1040/1101/1038 268/269/269 267/268/268
f 280/282/282 279/281/281 1049/1112/1049 1051/1114/1051
f 1052/1115/1052 931/1001/933 943/1002/943 1053/1116/1053
f 1054/1117/1054 541/543/536 931/986/933 1052/1118/1052
f 619/635/620 540/542/535 541/543/536 1054/1117/1054
f 818/874/843 819/853/823 820/856/826 821/1119/1055
f 656/594/581 661/677/662 542/544/537 618/634/619
f 663/593/580 659/675/660 661/677/662 656/594/581
f 675/689/674 674/688/673 653/671/656 652/670/655
f 745/764/746 675/689/674 652/670/655 743/762/744
f 1049/1112/1049 1048/1111/1048 1055/1120/1056 1056/1121/1057
f 276/277/277 275/276/276 1040/1101/1038 1050/1113/1050
f 251/254/254 543/545/538 1040/1101/1038 275/276/276
f 544/546/539 543/545/538 251/254/254 254/257/257
f 363/364/362 545/547/540 544/546/539 254/257/257
f 238/241/241 237/240/240 242/245/245 241/244/244
f 851/888/855 242/245/245 237/240/240 853/890/857
f 1057/1122/1058 851/888/855 853/890/857 861/900/865
f 1058/1123/1059 1057/1124/1058 861/923/865 880/924/882
f 900/942/900 912/954/910 910/952/908 893/935/893
f 901/943/901 900/942/900 893/935/893 894/936/894
f 1059/1125/1060 1060/1126/1061 1061/1127/1062 1062/1128/1063
f 1063/1129/1064 1064/1130/1065 1065/1131/1066 1066/1132/1067
f 1067/1133/1068 1068/1102/1039 805/840/810 1046/1109/1046
f 1070/1134/1069 1063/1129/1064 1066/1132/1067 1071/1135/1070
f 1072/1136/1071 1073/1137/1072 1059/1125/1060 1062/1128/1063
f 1069/1103/1040 1074/1138/1073 814/849/819 804/839/809
f 1075/1139/1074 867/910/871 814/909/819 1074/1140/1073
f 913/955/911 883/880/847 882/926/884 1076/1141/1075
f 1077/1142/1076 1070/1134/1069 1071/1135/1070 1078/1143/1077
f 1079/1144/1078 1073/1137/1072 1072/1136/1071 1080/1145/1079
f 1077/1146/1076 1078/1147/1077 1081/1148/1080 1082/1149/1081
f 851/888/855 1057/1122/1058 1083/1150/1082 850/887/854
f 850/887/854 1083/1150/1082 1084/1151/1083 849/886/853
f 1079/1152/1078 1080/1153/1079 1085/1154/1084 1081/1148/1080
f 1086/1155/1085 1084/1156/1083 1083/1157/1082 1087/1158/1086
f 953/1010/951 945/1004/945 951/1008/949 950/1007/948
f 912/954/910 911/953/909 1087/1158/1086 1058/1123/1059
f 1058/1123/1059 1087/1158/1086 1083/1157/1082 1057/1124/1058
f 877/981/928 876/980/927 915/961/917 914/960/916
f 879/922/881 878/921/880 909/951/907 908/950/906
f 880/924/882 879/922/881 908/950/906 910/952/908
f 912/954/910 1058/1123/1059 880/924/882 910/952/908
f 618/634/619 542/544/537 540/542/535 619/635/620
f 901/943/901 894/936/894 515/517/510
f 1088/1159/1087 1089/1160/1088 1090/1161/1089 1091/1162/1090
f 1092/1163/1091 1093/1164/1092 1089/1160/1088 1088/1159/1087
f 1093/1164/1092 1092/1163/1091 1094/1165/1093 1095/1166/1094
f 1096/1167/1095 1097/1168/1096 1098/1169/1097 1099/1170/1098
f 283/286/286 1100/1171/1099 1101/1172/1100
f 284/287/287 283/286/286 1101/1172/1100 1102/1173/1101
f 1102/1174/1101 1103/1175/1102 416/418/412 284/417/287
f 1104/1176/1103 1105/1177/1104 1106/1178/1105 1107/1179/1106
f 1108/1180/1107 1109/1181/1108 1110/1182/1109 1111/1183/1110
f 1111/1183/1110 1112/1184/1111 1106/1178/1105 1108/1180/1107
f 1113/1185/1112 1114/1186/1113 1115/1187/1114 1116/1188/1115
f 1115/1187/1114 1117/1189/1116 1118/1190/1117 1116/1188/1115
f 1116/1188/1115 1118/1190/1117 1119/1191/1118 1113/1185/1112
f 384/384/382 387/387/385 1120/1192/1119 1121/1193/1120
f 1120/1192/1119 1119/1191/1118 1118/1190/1117 1122/1194/1121
f 1123/1195/1122 507/509/502 417/419/413 416/418/412
f 1124/1196/1123 1123/1195/1122 416/418/412 1103/1175/1102
f 1125/1197/1124 1126/1198/1125 1127/1199/1126 1128/1200/1127
f 1155/1201/1128 1158/1202/1129 760/781/761 759/779/759
f 1129/1203/1130 1130/1204/1131 672/686/671 744/763/745
f 1131/1205/1132 1047/1110/1047 279/281/281 261/280/280
f 260/638/623 1132/1206/1133 1131/1205/1132 261/280/280
f 433/436/429 432/435/428 260/638/623 259/637/622
f 264/265/265 263/264/264 427/430/423 426/429/422
f 263/264/264 692/706/691 701/715/700 427/430/423
f 811/846/816 701/715/700 692/706/691 695/709/694
f 807/842/812 811/846/816 695/709/694 694/708/693
f 808/843/813 807/842/812 694/708/693 803/838/808
f 1066/1132/1067 1065/1131/1066 1060/1126/1061 1059/1125/1060
f 1071/1135/1070 1066/1132/1067 1059/1125/1060 1073/1137/1072
f 1078/1143/1077 1071/1135/1070 1073/1137/1072 1079/1144/1078
f 1081/1148/1080 1078/1147/1077 1079/1152/1078
f 1133/1207/1134 572/582/569 571/581/568 1134/1208/1135
f 572/582/569 1133/1207/1134 1135/1209/1136 1136/1210/1137
f 1133/1207/1134 1137/1211/1138 1138/1212/1139 1135/1209/1136
f 1137/1211/1138 1139/1213/1140 1140/1214/1141 1138/1212/1139
f 1141/1215/1142 1140/1214/1141 1139/1213/1140 1142/1216/1143
f 816/851/821 1067/1133/1068 1046/1109/1046 700/714/699
f 1145/1217/1144 1146/1218/1145 1144/1219/1146 1142/1216/1143
f 1134/1208/1135 1147/1220/1147 1137/1211/1138 1133/1207/1134
f 1147/1220/1147 1148/1221/1148 1139/1213/1140 1137/1211/1138
f 1148/1221/1148 1145/1217/1144 1142/1216/1143 1139/1213/1140
f 1149/1222/1149 1150/1223/1150 1151/1224/1151 1152/1225/1152
f 575/585/572 1153/1226/1153 1154/1227/1154 753/772/754
f 1150/1223/1150 1154/1227/1154 1153/1226/1153 1151/1224/1151
f 1155/1201/1128 759/779/759 758/780/760 1156/1228/1155
f 1157/1229/1156 1156/1228/1155 758/780/760 757/823/797
f 106/107/107 755/774/756 1157/1229/1156 757/823/797
f 105/106/106 442/444/437 755/774/756 106/107/107
f 455/457/450 439/441/434 442/444/437 105/106/106
f 456/458/451 446/448/441 439/441/434 455/457/450
f 457/459/452 443/445/438 446/448/441 456/458/451
f 458/460/453 450/452/445 443/445/438 457/459/452
f 459/461/454 447/449/442 450/452/445 458/460/453
f 461/463/456 452/454/447 447/449/442 459/461/454
f 453/455/448 452/454/447 461/463/456 460/462/455
f 740/754/736 1193/1230/1157 1192/1231/1158 787/755/737
f 1159/1232/1159 1160/1233/1160 1161/1234/1161 1162/1235/1162
f 1160/1233/1160 1159/1232/1159 1163/1236/1163 1164/1237/1164
f 1165/1238/1165 1166/1239/1166 1152/1225/1152 1164/1237/1164
f 1166/1239/1166 1167/1240/1167 1149/1222/1149 1152/1225/1152
f 777/1241/778 723/1242/722 768/789/769 783/804/784
f 779/1243/780 777/1241/778 783/804/784 784/805/785
f 774/1244/775 1143/1245/1168 1144/1219/1146 771/1246/772
f 1151/1224/1151 1160/1233/1160 1164/1237/1164 1152/1225/1152
f 1160/1233/1160 1151/1224/1151 1153/1226/1153 1161/1234/1161
f 574/584/571 1161/1234/1161 1153/1226/1153 575/585/572
f 1168/1247/1169 1167/1240/1167 1166/1239/1166 1169/1248/1170
f 1146/1218/1145 1170/1249/1171 771/1246/772 1144/1219/1146
f 1161/1234/1161 574/584/571 1171/1250/1172 1162/1235/1162
f 574/584/571 841/817/791 845/816/790 1171/1250/1172
f 1172/1251/1173 1173/1252/1174 846/883/850 848/885/852
f 837/870/840 1174/1253/1175 840/875/844 834/867/837
f 1175/1254/1176 789/818/792 792/821/795 1176/1255/1177
f 1156/1228/1155 1177/1256/1178 1178/1257/1179 1155/1201/1128
f 1143/1245/1168 1141/1215/1142 1142/1216/1143 1144/1219/1146
f 1155/1201/1128 1178/1257/1179 1180/1258/1180 1158/1202/1129
f 1181/1259/1181 1182/1260/1182 1183/1261/1183 1184/1262/1184
f 1184/1262/1184 1183/1261/1183 1163/1236/1163 1185/1263/1185
f 1185/1263/1185 1163/1236/1163 1159/1232/1159 1186/1264/1186
f 1187/1265/1187 844/815/789 846/883/850 1173/1252/1174
f 1188/1266/1188 1162/1235/1162 1171/1250/1172 1189/1267/1189
f 1190/1268/1190 1189/1267/1189 1171/1250/1172 845/816/790
f 845/816/790 844/815/789 1187/1265/1187 1190/1268/1190
f 1188/1266/1188 1186/1264/1186 1159/1232/1159 1162/1235/1162
f 837/870/840 836/869/839 790/819/793 789/818/792
f 789/818/792 1175/1254/1176 1174/1253/1175 837/870/840
f 792/821/795 791/820/794 760/781/761 1158/1202/1129
f 1176/1255/1177 792/821/795 1158/1202/1129 1180/1258/1180
f 1191/1269/1191 1192/1231/1158 790/819/793 836/869/839
f 791/820/794 790/819/793 1192/1231/1158 1193/1230/1157
f 832/865/835 1191/1269/1191 836/869/839 835/868/838
f 1193/1230/1157 740/754/736 760/781/761 791/820/794
f 787/755/737 1192/1231/1158 1191/1269/1191 832/865/835
f 1247/1270/1192 1245/1271/1193 329/330/328 330/331/329
f 1170/1249/1171 1194/1272/1194 775/1273/776 771/1246/772
f 1169/1248/1170 1195/1274/1195 1196/1275/1196 1168/1247/1169
f 1157/1229/1156 755/774/756 754/773/755 1179/1276/1197
f 1197/1277/1198 1196/1275/1196 1195/1274/1195 1198/1278/1199
f 1199/1279/1200 1200/1280/1201 1201/1281/1202 1202/1282/1203
f 1200/1280/1201 1203/1283/1204 1204/1284/1205 1201/1281/1202
f 1203/1283/1204 1205/1285/1206 1206/1286/1207 1204/1284/1205
f 1207/1287/1208 1200/1280/1201 1199/1279/1200 1208/1288/1209
f 1209/1289/1210 1203/1283/1204 1200/1280/1201 1207/1287/1208
f 1209/1289/1210 1210/1290/1211 1205/1285/1206 1203/1283/1204
f 476/478/471 1211/1291/1212 1212/1292/1213 477/479/472
f 1213/1293/1214 1214/1294/1215 684/698/683 1215/1295/1216
f 1216/1296/1217 1217/1297/1218 1182/1260/1182 1181/1259/1181
f 1218/1298/1219 1219/1299/1220 1220/1300/1221 1221/1301/1222
f 1220/1300/1221 1222/1302/1223 1223/1303/1224 1221/1301/1222
f 1224/1304/1225 1217/1297/1218 1216/1296/1217 1225/1305/1226
f 1222/1302/1223 1224/1304/1225 1225/1305/1226 1223/1303/1224
f 769/790/770 768/789/769 723/1242/722 722/1306/721
f 1230/1307/1227 1231/1308/1228 1227/1309/1229 1226/1310/1230
f 1232/1311/1231 1233/1312/1232 1227/1309/1229 1231/1308/1228
f 145/159/159 1234/1313/1233 1235/1314/1234 155/156/156
f 1233/1312/1232 1236/1315/1235 1228/1316/1236 1227/1309/1229
f 1234/1313/1233 145/159/159 144/263/263 1237/1317/1237
f 144/263/263 1238/1318/1238 1239/1319/1239 1237/1317/1237
f 144/263/263 143/262/262 530/532/525 1238/1318/1238
f 117/118/118 116/117/117 112/113/113 111/112/112
f 108/109/109 112/113/113 116/117/117 121/122/122
f 109/110/110 108/109/109 121/122/122 120/121/121
f 124/125/125 531/533/526 109/110/110 120/121/121
f 1238/1318/1238 528/530/523 527/529/522 1239/1319/1239
f 124/125/125 123/124/124 528/530/523 531/533/526
f 531/533/526 528/530/523 1238/1318/1238 530/532/525
f 1198/1278/1199 1240/1320/1240 1241/1321/1241 1197/1277/1198
f 1242/1322/1242 1241/1321/1241 1240/1320/1240 1243/1323/1243
f 707/1094/706 1036/1093/1034 1244/1324/1244 704/1325/703
f 704/1325/703 1244/1324/1244 801/836/806 735/835/734
f 1245/1271/1193 1246/1326/1245 328/329/327 329/330/328
f 897/939/897 915/961/917 1272/1327/1246
f 332/333/331 1248/1328/1247 1247/1270/1192 330/331/329
f 331/332/330 1249/1329/1248 1248/1328/1247 332/333/331
f 1250/1330/1249 1251/1331/1250 347/348/346 350/351/349
f 1252/1332/1251 1253/1333/1252 373/373/371 376/376/374
f 1254/1334/1253 1252/1332/1251 376/376/374 601/615/602
f 616/632/617 615/631/616 635/653/638 634/652/637
f 315/316/316 616/632/617 634/652/637 627/645/630
f 630/648/633 312/313/313 315/316/316 627/645/630
f 1255/1335/1254 1256/1336/1255 1257/1337/1256
f 612/628/613 328/329/327 1246/1326/1245 1258/1338/1257
f 335/336/334 334/335/333 1256/1336/1255 1255/1335/1254
f 491/493/486 494/496/489 481/483/476
f 756/822/796 739/760/742 738/759/741 793/824/798
f 355/356/354 1041/1104/1041 1042/1105/1042 356/357/355
f 1043/1106/1043 1041/1104/1041 355/356/354 358/359/357
f 358/359/357 357/358/356 1044/1107/1044 1043/1106/1043
f 1045/1108/1045 1044/1107/1044 357/358/356 359/360/358
f 1046/1109/1046 1045/1108/1045 359/360/358 700/714/699
f 1226/1310/1230 1227/1309/1229 1228/1316/1236 1229/1339/1258
f 1065/1131/1066 1064/1130/1065 809/844/814 808/843/813
f 1060/1126/1061 1065/1131/1066 808/843/813 803/838/808
f 1061/1127/1062 1060/1126/1061 803/838/808 802/837/807
f 361/362/360 360/361/359 244/247/247 245/248/248
f 545/547/540 241/244/244 244/247/247 360/361/359
f 363/364/362 238/241/241 241/244/244 545/547/540
f 239/242/242 238/241/241 363/364/362 362/363/361
f 369/370/368 366/367/365 239/242/242 362/363/361
f 364/365/363 233/236/236 236/239/239 365/366/364
f 1259/1340/1259 1260/1341/1260 1261/1342/1261 1262/1343/1262
f 1263/1344/1263 1261/1342/1261 1260/1341/1260 1264/1345/1264
f 1265/1346/1265 1266/1347/1266 364/365/363 257/260/260
f 1266/1347/1266 1267/1348/1267 233/236/236 364/365/363
f 1267/1348/1267 1268/1349/1268 234/237/237 233/236/236
f 855/892/859 234/237/237 1268/1349/1268 1269/1350/1269
f 863/903/867 855/892/859 1269/1350/1269 1270/1351/1270
f 876/980/927 863/979/867 1270/1352/1270 1271/1353/1271
f 915/961/917 876/980/927 1271/1353/1271 1272/1327/1246
f 1273/1354/1272 1274/1355/1273 516/518/511 891/933/891
f 517/519/512 516/518/511 1274/1355/1273 1275/1356/1274
f 1276/1357/1275 888/930/888 517/519/512 1275/1356/1274
f 1277/1358/1276 875/918/879 898/940/898
f 1278/1359/1277 874/917/878 875/918/879 1277/1358/1276
f 1279/1360/1278 521/905/516 865/906/869 1280/1361/1279
f 1281/1362/1280 231/234/234 521/523/516 1279/1363/1278
f 232/235/235 231/234/234 1281/1362/1280 1282/1364/1281
f 1042/1105/1042 232/235/235 1282/1364/1281 1283/1365/1282
f 356/357/355 1042/1105/1042 1283/1365/1282 1284/1366/1283
f 215/218/218 356/357/355 1284/1366/1283 1285/1367/1284
f 1285/1367/1284 1286/1368/1285 216/219/219 215/218/218
f 214/217/217 216/219/219 1286/1368/1285 1287/1369/1286
f 210/213/213 214/217/217 1287/1369/1286 1288/1370/1287
f 211/214/214 210/213/213 1288/1370/1287 1289/1371/1288
f 189/191/191 192/194/194 1290/1372/1289 1291/1373/1290
f 1291/1373/1290 1292/1374/1291 187/189/189 189/191/191
f 188/190/190 187/189/189 1292/1374/1291 1293/1375/1292
f 847/884/851 842/878/845 1294/1376/1293 1295/1377/1294
f 271/272/272 274/275/275 1296/1378/1295 1297/1379/1296
f 1298/1380/1297 402/402/400 371/371/369 277/278/278
f 277/278/278 276/277/277 1299/1381/1298 1298/1380/1297
f 276/277/277 1050/1113/1050 1300/1382/1299 1299/1381/1298
f 1050/1113/1050 267/268/268 1301/1383/1300 1300/1382/1299
f 1302/1384/1301 1303/1385/1302 1304/1386/1303 1305/1387/1304
f 1129/1203/1130 1303/1385/1302 1302/1384/1301 1130/1204/1131
f 1305/1387/1304 1304/1386/1303 1306/1388/1305 1307/1389/1306
f 763/784/764 762/783/763 1307/1389/1306 1306/1388/1305
f 761/782/762 1308/1390/1307 1309/1391/1308 762/783/763
f 1308/1390/1307 761/782/762 766/787/767 767/788/768
f 925/777/757 924/977/926 940/997/940 941/998/941
f 503/776/498 500/974/495 924/977/926 925/777/757
f 502/504/497 497/499/492 500/502/495 503/505/498
f 353/354/352 352/353/351 343/344/342 346/347/345
f 373/373/371 1253/1333/1252 1250/1330/1249 350/351/349
f 350/351/349 349/350/348 374/374/372 373/373/371
f 349/350/348 622/640/625 623/641/626 374/374/372
f 631/649/634 623/641/626 622/640/625 626/644/629
f 375/375/373 624/642/627 633/651/636 600/614/601
f 647/665/650 1310/1392/1309 1311/1393/1310 648/666/651
f 437/146/146 538/540/533 539/541/534 438/440/433
f 310/147/147 437/146/146 438/440/433 318/318/318
f 311/312/312 310/147/147 318/318/318 317/317/317
f 686/700/685 311/312/312 317/317/317 688/702/687
f 687/701/686 686/700/685 688/702/687 689/703/688
f 1312/1394/1311 632/650/635 631/649/634 1313/1395/1312
f 626/644/629 1314/1396/1313 1313/1395/1312 631/649/634
f 625/643/628 1315/1397/1314 1314/1396/1313 626/644/629
f 769/790/770 1316/1398/1315 1317/1399/1316 770/791/771
f 1316/1398/1315 769/790/770 722/1306/721 1318/1400/1317
f 1319/1401/1318 1320/1402/1319 1321/1403/1320 1322/1404/1321
f 594/608/595 498/500/493 351/352/350 592/606/593
f 498/500/493 497/499/492 352/353/351 351/352/350
f 343/344/342 352/353/351 497/499/492 502/504/497
f 502/504/497 501/503/496 344/345/343 343/344/342
f 341/342/340 340/341/339 488/490/483 487/489/482
f 337/338/336 341/342/340 487/489/482 495/497/490
f 495/497/490 492/494/487 333/334/332 337/338/336
f 492/494/487 491/493/486 334/335/333 333/334/332
f 1256/1336/1255 334/335/333 491/493/486 481/483/476
f 1257/1337/1256 1256/1336/1255 481/483/476 480/482/475
f 648/666/651 1211/1291/1212 1257/1337/1256 480/482/475
f 1212/1292/1213 1211/1291/1212 648/666/651 1311/1393/1310
f 1322/1404/1321 1323/1405/1322 1324/1406/1323 1319/1401/1318
f 664/678/663 667/681/666 671/685/670 1325/1407/1324
f 594/608/595 592/606/593 1320/1402/1319 1319/1401/1318
f 1323/1405/1322 1322/1404/1321 614/630/615 650/668/653
f 1321/1403/1320 615/631/616 614/630/615 1322/1404/1321
f 1326/1408/1325 1321/1403/1320 1320/1402/1319
f 593/607/594 1326/1408/1325 1320/1402/1319 592/606/593
f 1327/1409/1326 1328/1410/1327 1254/1334/1253 601/615/602
f 1329/1411/1328 1330/1412/1329 642/660/645 641/659/644
f 477/479/472 1212/1292/1213 1331/1413/1330 689/703/688
f 660/676/661 1329/1411/1328 641/659/644 640/658/643
f 601/615/602 600/614/601 635/653/638 1327/1409/1326
f 1212/1292/1213 1311/1393/1310 1332/1414/1331 1331/1413/1330
f 693/707/692 269/270/270 248/251/251 696/710/695
f 1331/1413/1330 1332/1414/1331 1333/1415/1332 1334/1416/1333
f 1335/1417/1334 1213/1293/1214 1317/1399/1316 1316/1398/1315
f 1335/1417/1334 1316/1398/1315 1318/1400/1317 1336/1418/1335
f 1334/1416/1333 687/701/686 689/703/688 1331/1413/1330
f 762/783/763 1309/1391/1308 1337/1419/1336 1307/1389/1306
f 673/687/672 672/686/671 1130/1204/1131 1338/1420/1337
f 660/676/661 673/687/672 1338/1420/1337 1329/1411/1328
f 674/688/673 673/687/672 660/676/661 659/675/660
f 653/671/656 674/688/673 659/675/660 663/593/580
f 654/672/657 653/671/656 663/593/580 662/592/579
f 645/663/648 658/674/659 669/683/668 666/680/665
f 646/664/649 645/663/648 666/680/665 665/679/664
f 419/422/415 483/485/478 649/667/652 613/629/614
f 307/310/310 419/422/415 613/629/614 314/315/315
f 313/314/314 304/307/307 307/310/310 314/315/315
f 1338/1420/1337 1339/1421/1338 1330/1412/1329 1329/1411/1328
f 1338/1420/1337 1130/1204/1131 1302/1384/1301 1339/1421/1338
f 1307/1389/1306 1337/1419/1336 1340/1422/1339 1305/1387/1304
f 1177/1256/1178 1156/1228/1155 1157/1229/1156 1179/1276/1197
f 260/638/623 432/435/428 434/437/430 1132/1206/1133
f 434/437/430 572/582/569 1136/1210/1137 1132/1206/1133
f 918/991/920 928/1000/930 937/995/938 934/992/936
f 486/488/481 505/507/500 928/983/930 918/965/920
f 472/474/467 478/480/473 505/507/500 486/488/481
f 472/474/467 471/473/466 479/481/474 478/480/473
f 647/665/650 479/481/474 471/473/466 642/660/645
f 642/660/645 1330/1412/1329 1310/1392/1309 647/665/650
f 1330/1412/1329 1339/1421/1338 1340/1422/1339 1310/1392/1309
f 1311/1393/1310 1310/1392/1309 1341/1423/1340 1332/1414/1331
f 1341/1423/1340 1310/1392/1309 1340/1422/1339 1337/1419/1336
f 1085/1154/1084 1080/1153/1079 1084/1156/1083 1086/1155/1085
f 849/886/853 1084/1151/1083 1080/1145/1079 1072/1136/1071
f 1072/1136/1071 1062/1128/1063 246/249/249 849/886/853
f 1061/1127/1062 245/248/248 246/249/249 1062/1128/1063
f 802/837/807 361/362/360 245/248/248 1061/1127/1062
f 697/711/696 247/250/250 361/362/360 802/837/807
f 697/711/696 696/710/695 248/251/251 247/250/250
f 270/271/271 269/270/270 693/707/692 266/267/267
f 1342/1424/1341 1301/1383/1300 267/268/268 270/271/271
f 266/267/267 265/266/266 1342/1424/1341 270/271/271
f 1333/1415/1332 1332/1414/1331 1341/1423/1340 1343/1425/1342
f 1337/1419/1336 1309/1391/1308 1343/1425/1342 1341/1423/1340
f 1344/1426/1343 1343/1425/1342 1309/1391/1308 1308/1390/1307
f 1343/1425/1342 1344/1426/1343 1345/1427/1344 1333/1415/1332
f 1215/1295/1216 684/698/683 687/701/686 1334/1416/1333
f 1345/1427/1344 1215/1295/1216 1334/1416/1333 1333/1415/1332
f 770/791/771 1344/1426/1343 1308/1390/1307 767/788/768
f 770/791/771 1317/1399/1316 1345/1427/1344 1344/1426/1343
f 1317/1399/1316 1213/1293/1214 1215/1295/1216 1345/1427/1344
f 799/832/804 711/831/710 732/834/731 800/833/805
f 711/725/710 710/724/709 733/750/732 732/749/731
f 971/1028/969 984/1041/982 733/750/732 710/724/709
f 985/1042/983 984/1041/982 971/1028/969 970/1027/968
f 1002/1059/1000 985/1042/983 970/1027/968 1346/1428/1345
f 1004/1061/1002 1003/1060/1001 1347/1429/1346 1348/1430/1347
f 1349/1431/1348 1350/1432/1349 708/830/707 798/829/803
f 1340/1422/1339 1339/1421/1338 1302/1384/1301 1305/1387/1304
f 1350/1433/1349 1351/1434/1350 709/723/708 708/722/707
f 1351/1434/1350 1352/1435/1351 968/1025/966 709/723/708
f 1352/1435/1351 1353/1436/1352 969/1026/967 968/1025/966
f 967/1024/965 966/1023/964 1353/1436/1352 1352/1435/1351
f 714/728/713 967/1024/965 1352/1435/1351 1351/1434/1350
f 715/729/714 714/728/713 1351/1434/1350 1350/1433/1349
f 1349/1431/1348 716/730/715 715/733/714 1350/1432/1349
f 1214/1294/1215 1213/1293/1214 1335/1417/1334 1354/1437/1353
f 1354/1437/1353 1335/1417/1334 1336/1418/1335 1230/1307/1227
f 721/1438/720 1355/1439/1354 1336/1418/1335 1318/1400/1317
f 1355/1439/1354 721/1438/720 720/738/719 1356/1440/1355
f 1033/1090/1031 987/1044/985 990/1047/988 1357/1441/1356
f 1032/1089/1030 1031/1088/1029 1033/1090/1031
f 1025/1082/1023 1032/1089/1030 1030/1087/1028
f 956/1013/954 1358/1442/1357 1359/1443/1358 963/1020/961
f 1360/1444/1359 1348/1430/1347 1347/1429/1346 1361/1445/1360
f 1362/1446/1361 1358/1442/1357 956/1013/954 959/1016/957
f 1359/1443/1358 1363/1447/1362 964/1021/962 963/1020/961
f 964/1021/962 1363/1447/1362 1364/1448/1363 966/1023/964
f 671/685/670 670/684/669 1399/1449/1364 1398/1450/1365
f 1365/1451/1366 1002/1059/1000 1346/1428/1345 1366/1452/1367
f 1367/1453/1368 993/1050/991 1002/1059/1000 1365/1451/1366
f 994/1051/992 993/1050/991 1367/1453/1368 1368/1454/1369
f 1014/1071/1012 994/1051/992 1368/1454/1369
f 1346/1428/1345 970/1027/968 969/1026/967 1369/1455/1370
f 1370/1456/1371 990/1047/988 989/1046/987 1004/1061/1002
f 969/1026/967 1353/1436/1352 1371/1457/1372 1369/1455/1370
f 1364/1448/1363 1371/1457/1372 1353/1436/1352 966/1023/964
f 1372/1458/1373 1373/1459/1374 1374/1460/1375 1375/1461/1376
f 1376/1462/1377 1377/1463/1378 1373/1459/1374 1372/1458/1373
f 1378/1464/1379 1377/1463/1378 1376/1462/1377
f 1379/1465/1380 1026/1083/1024 978/1035/976 1380/1466/1381
f 1380/1466/1381 978/1035/976 977/1034/975 1014/1071/1012
f 1369/1455/1370 1381/1467/1382 1366/1452/1367 1346/1428/1345
f 1358/1442/1357 1360/1444/1359 1361/1445/1360 1359/1443/1358
f 1375/1461/1376 1374/1460/1375 1382/1468/1383 1383/1469/1384
f 1347/1429/1346 1375/1461/1376 1383/1469/1384 1361/1445/1360
f 1003/1060/1001 1372/1458/1373 1375/1461/1376 1347/1429/1346
f 1419/1470/1385 1437/1471/1386 1459/1472/1387 468/470/463
f 1378/1464/1379 1376/1462/1377 992/1049/990 991/1048/989
f 1384/1473/1388 1378/1464/1379 991/1048/989 1016/1073/1014
f 1382/1468/1383 1364/1448/1363 1363/1447/1362 1383/1469/1384
f 1383/1469/1384 1363/1447/1362 1359/1443/1358 1361/1445/1360
f 1230/1307/1227 1226/1310/1230 1385/1474/1389 1354/1437/1353
f 1354/1437/1353 1385/1474/1389 1386/1475/1390 1214/1294/1215
f 720/738/719 717/731/716 1387/1476/1391 1356/1440/1355
f 1230/1307/1227 1336/1418/1335 1355/1439/1354 1388/1477/1392
f 1379/1465/1380 1384/1473/1388 1016/1073/1014 1026/1083/1024
f 1214/1294/1215 1386/1475/1390 1389/1478/1393 684/698/683
f 684/698/683 1389/1478/1393 469/471/464 685/699/684
f 1390/1479/1394 781/1480/782 775/1273/776 1194/1272/1194
f 1037/1096/1035 1391/1481/1395 1392/1482/1396 1036/1093/1034
f 1036/1093/1034 1392/1482/1396 1393/1483/1397 1244/1324/1244
f 1393/1483/1397 1394/1484/1398 801/836/806 1244/1324/1244
f 1053/1116/1053 1395/1485/1399 1396/1486/1400 1052/1115/1052
f 1054/1117/1054 1397/1487/1401 620/636/621 619/635/620
f 1398/1450/1365 1399/1449/1364 1400/1488/1402 597/611/598
f 445/447/440 444/446/439 1218/1298/1219 1221/1301/1222
f 671/685/670 1398/1450/1365 1401/1489/1403 1325/1407/1324
f 594/608/595 1402/1490/1404 1403/1491/1405 595/609/596
f 1324/1406/1323 1402/1490/1404 594/608/595 1319/1401/1318
f 1398/1450/1365 597/611/598 596/610/597 1401/1489/1403
f 1403/1491/1405 929/1492/931 499/501/494 595/609/596
f 1035/1092/1033 797/828/802 1392/1482/1396 1391/1481/1395
f 1164/1237/1164 1163/1236/1163 1183/1261/1183 1165/1238/1165
f 1242/1322/1242 1243/1323/1243 1404/1493/1406 1405/1494/1407
f 1405/1494/1407 1404/1493/1406 1406/1495/1408 1407/1496/1409
f 1407/1496/1409 1406/1495/1408 590/604/591 591/605/592
f 797/828/802 796/827/801 1393/1483/1397 1392/1482/1396
f 796/827/801 795/826/800 1394/1484/1398 1393/1483/1397
f 1165/1238/1165 1183/1261/1183 1182/1260/1182 1408/1497/1410
f 1409/1498/1411 1195/1274/1195 1169/1248/1170 1408/1497/1410
f 1410/1499/1412 1198/1278/1199 1195/1274/1195 1409/1498/1411
f 1408/1497/1410 1182/1260/1182 1217/1297/1218 1409/1498/1411
f 1224/1304/1225 1410/1499/1412 1409/1498/1411 1217/1297/1218
f 1222/1302/1223 1411/1500/1413 1410/1499/1412 1224/1304/1225
f 992/1049/990 1376/1462/1377 1372/1458/1373 1003/1060/1001
f 1411/1500/1413 1222/1302/1223 1220/1300/1221 1412/1501/1414
f 1199/1279/1200 1219/1299/1220 1218/1298/1219 1208/1288/1209
f 1413/1502/1415 1414/1503/1416 1415/1504/1417 1416/1505/1418
f 1417/1506/1419 1414/1503/1416 1413/1502/1415 1418/1507/1420
f 677/691/676 1413/1502/1415 1416/1505/1418 730/747/729
f 1418/1507/1420 1413/1502/1415 677/691/676 676/690/675
f 1313/1395/1312 1416/1505/1418 1415/1504/1417 1312/1394/1311
f 1314/1396/1313 730/747/729 1416/1505/1418 1313/1395/1312
f 730/747/729 1314/1396/1313 1315/1397/1314 731/748/730
f 468/470/463 469/471/464 1389/1478/1393 1419/1470/1385
f 1419/1470/1385 1389/1478/1393 1386/1475/1390 1420/1508/1421
f 1420/1508/1421 1386/1475/1390 1385/1474/1389 1421/1509/1422
f 1226/1310/1230 1229/1339/1258 1421/1509/1422 1385/1474/1389
f 1230/1307/1227 1388/1477/1392 1422/1510/1423 1231/1308/1228
f 1209/1289/1210 451/453/446 454/456/449 1210/1290/1211
f 448/450/443 451/453/446 1209/1289/1210 1207/1287/1208
f 449/451/444 448/450/443 1207/1287/1208 1208/1288/1209
f 444/446/439 449/451/444 1208/1288/1209 1218/1298/1219
f 524/526/519 159/162/162 155/156/156 1235/1314/1234
f 440/442/435 445/447/440 1221/1301/1222 1223/1303/1224
f 441/443/436 440/442/435 1223/1303/1224 1225/1305/1226
f 754/773/755 441/443/436 1225/1305/1226 1216/1296/1217
f 1179/1276/1197 754/773/755 1216/1296/1217 1181/1259/1181
f 1184/1262/1184 1177/1256/1178 1179/1276/1197 1181/1259/1181
f 1178/1257/1179 1177/1256/1178 1184/1262/1184 1185/1263/1185
f 1180/1258/1180 1178/1257/1179 1185/1263/1185 1186/1264/1186
f 1188/1266/1188 1176/1255/1177 1180/1258/1180 1186/1264/1186
f 1189/1267/1189 1175/1254/1176 1176/1255/1177 1188/1266/1188
f 1174/1253/1175 1175/1254/1176 1189/1267/1189 1190/1268/1190
f 840/875/844 1174/1253/1175 1190/1268/1190 1187/1265/1187
f 1173/1252/1174 838/871/841 840/875/844 1187/1265/1187
f 839/872/842 838/871/841 1173/1252/1174 1172/1251/1173
f 1204/1284/1205 1206/1286/1207 587/601/588 586/600/587
f 1201/1281/1202 1204/1284/1205 586/600/587 583/597/584
f 1202/1282/1203 1201/1281/1202 583/597/584 582/596/583
f 1423/1511/1424 1219/1299/1220 1199/1279/1200 1202/1282/1203
f 1412/1501/1414 1220/1300/1221 1219/1299/1220 1423/1511/1424
f 1426/1512/1425 1427/1513/1426 1428/1514/1427 1429/1515/1428
f 1231/1308/1228 1422/1510/1423 1356/1440/1355 1387/1476/1391
f 1430/1516/1429 1431/1517/1430 534/536/529 533/535/528
f 1432/1518/1431 126/127/127 125/126/126 532/534/527
f 529/531/524 126/127/127 1432/1518/1431 1433/1519/1432
f 1434/1520/1433 1387/1476/1391 717/731/716 716/730/715
f 1231/1308/1228 1387/1476/1391 1434/1520/1433 1232/1311/1231
f 1435/1521/1434 1434/1520/1433 716/730/715 1349/1431/1348
f 1435/1521/1434 1436/1522/1435 1232/1311/1231 1434/1520/1433
f 1437/1471/1386 1419/1470/1385 1420/1508/1421 1438/1523/1436
f 1438/1523/1436 1420/1508/1421 1421/1509/1422 1439/1524/1437
f 1436/1522/1435 1440/1525/1438 1233/1312/1232 1232/1311/1231
f 1440/1525/1438 1441/1526/1439 1236/1315/1235 1233/1312/1232
f 1442/1527/1440 1438/1523/1436 1439/1524/1437 1433/1519/1432
f 176/179/179 175/178/178 152/153/153 151/152/152
f 154/155/155 163/166/166 176/179/179 151/152/152
f 164/167/167 163/166/166 154/155/155 153/154/154
f 158/161/161 164/167/167 153/154/154 156/157/157
f 159/162/162 158/161/161 156/157/157 155/156/156
f 1373/1459/1374 1365/1451/1366 1366/1452/1367 1374/1460/1375
f 794/825/799 524/526/519 1235/1314/1234 1443/1528/1441
f 1444/1529/1442 1443/1528/1441 1436/1522/1435 1435/1521/1434
f 1349/1431/1348 798/829/803 1444/1529/1442 1435/1521/1434
f 798/829/803 799/832/804 1445/1530/1443 1444/1529/1442
f 800/833/805 801/836/806 1394/1484/1398 1446/1531/1444
f 1446/1531/1444 1445/1530/1443 799/832/804 800/833/805
f 795/826/800 794/825/799 1445/1530/1443 1446/1531/1444
f 794/825/799 1443/1528/1441 1444/1529/1442 1445/1530/1443
f 1447/1532/1445 1440/1525/1438 1436/1522/1435 1443/1528/1441
f 1229/1339/1258 1448/1533/1446 1439/1524/1437 1421/1509/1422
f 1433/1519/1432 1439/1524/1437 1448/1533/1446 529/531/524
f 1449/1534/1447 535/537/530 464/466/459 1450/1535/1448
f 463/465/458 1451/1536/1449 1450/1535/1448 464/466/459
f 1451/1536/1449 1452/1537/1450 1453/1538/1451 1450/1535/1448
f 1429/1515/1428 1428/1514/1427 1454/1539/1452 1455/1540/1453
f 1456/1541/1454 1424/1542/1455 1425/1543/1456 1457/1544/1457
f 466/468/461 1458/1545/1458 1451/1536/1449 463/465/458
f 1458/1545/1458 466/468/461 468/470/463 1459/1472/1387
f 1424/1542/1455 676/690/675 679/693/678 1425/1543/1456
f 526/528/521 529/531/524 1448/1533/1446 1460/1546/1459
f 1228/1316/1236 1460/1546/1459 1448/1533/1446 1229/1339/1258
f 526/528/521 1460/1546/1459 1461/1547/1460 527/529/522
f 1236/1315/1235 1461/1547/1460 1460/1546/1459 1228/1316/1236
f 1235/1314/1234 1234/1313/1233 1447/1532/1445 1443/1528/1441
f 1441/1526/1439 1440/1525/1438 1447/1532/1445 1462/1548/1461
f 1462/1548/1461 1447/1532/1445 1234/1313/1233 1237/1317/1237
f 1463/1549/1462 1239/1319/1239 527/529/522 1461/1547/1460
f 1237/1317/1237 1239/1319/1239 1463/1549/1462 1462/1548/1461
f 1463/1549/1462 1441/1526/1439 1462/1548/1461
f 1463/1549/1462 1461/1547/1460 1236/1315/1235 1441/1526/1439
f 578/588/575 1464/1550/1463 1465/1551/1464 579/589/576
f 1406/1495/1408 1412/1501/1414 1423/1511/1424 590/604/591
f 1318/1400/1317 722/1306/721 721/1438/720
f 1455/1540/1453 1454/1539/1452 1424/1542/1455 1456/1541/1454
f 1453/1538/1451 1457/1544/1457 1425/1543/1456 1449/1534/1447
f 940/997/940 954/1011/952 950/1007/948 941/998/941
f 1381/1467/1382 1382/1468/1383 1374/1460/1375 1366/1452/1367
f 1377/1463/1378 1367/1453/1368 1365/1451/1366 1373/1459/1374
f 1368/1454/1369 1367/1453/1368 1377/1463/1378 1378/1464/1379
f 1014/1071/1012 1368/1454/1369 1378/1464/1379 1384/1473/1388
f 1380/1466/1381 1014/1071/1012 1384/1473/1388 1379/1465/1380
f 1381/1467/1382 1371/1457/1372 1364/1448/1363 1382/1468/1383
f 1466/1552/1465 1467/1553/1466 1468/1554/1467 1469/1555/1468
f 959/1016/957 1468/1554/1467 1467/1553/1466 1362/1446/1361
f 1470/1556/1469 1471/1557/1470 1467/1553/1466 1466/1552/1465
f 1371/1457/1372 1381/1467/1382 1369/1455/1370
f 1471/1557/1470 1472/1558/1471 1362/1446/1361 1467/1553/1466
f 1357/1441/1356 990/1047/988 1370/1456/1371 1473/1559/1472
f 1357/1441/1356 1473/1559/1472 1472/1558/1471 1471/1557/1470
f 1472/1558/1471 1360/1444/1359 1358/1442/1357 1362/1446/1361
f 1360/1444/1359 1472/1558/1471 1473/1559/1472 1348/1430/1347
f 1348/1430/1347 1473/1559/1472 1370/1456/1371 1004/1061/1002
f 1005/1062/1003 1466/1552/1465 1469/1555/1468 1006/1063/1004
f 1034/1091/1032 1470/1556/1469 1466/1552/1465 1005/1062/1003
f 986/1043/984 995/1052/993 1006/1063/1004 1469/1555/1468
f 1469/1555/1468 1468/1554/1467 958/1015/956 986/1043/984
f 995/1052/993 1007/1064/1005 1006/1063/1004
f 1468/1554/1467 959/1016/957 958/1015/956
f 1032/1089/1030 1017/1074/1015 1021/1078/1019 1024/1081/1022
f 1033/1090/1031 1357/1441/1356 1471/1557/1470 1470/1556/1469
f 1033/1090/1031 1470/1556/1469 1034/1091/1032
f 1017/1074/1015 1018/1075/1016 1022/1079/1020 1021/1078/1019
f 1031/1088/1029 1025/1082/1023 1015/1072/1013
f 1394/1484/1398 795/826/800 1446/1531/1444
f 590/604/591 1423/1511/1424 1464/1550/1463 578/588/575
f 579/589/576 1465/1551/1464 1202/1282/1203 582/596/583
f 188/190/190 1294/1376/1293 842/878/845 185/187/187
f 955/1012/953 1053/1116/1053 943/1002/943 953/1010/951
f 1053/1116/1053 955/1012/953 1474/1560/1473 1395/1485/1399
f 1474/1560/1473 955/1012/953 954/1011/952 1475/1561/1474
f 939/996/939 1475/1561/1474 954/1011/952 940/997/940
f 1426/1512/1425 1429/1515/1428 1476/1562/1475 1477/1563/1476
f 1429/1515/1428 1455/1540/1453 1478/1564/1477 1476/1562/1475
f 1479/1565/1478 1456/1541/1454 1457/1544/1457 1480/1566/1479
f 1456/1541/1454 1479/1565/1478 1478/1564/1477 1455/1540/1453
f 1451/1536/1449 1458/1545/1458 1481/1567/1480 1452/1537/1450
f 1482/1568/1481 1483/1569/1482 1452/1537/1450 1481/1567/1480
f 1452/1537/1450 1483/1569/1482 1484/1570/1483 1453/1538/1451
f 1453/1538/1451 1484/1570/1483 1480/1566/1479 1457/1544/1457
f 1481/1567/1480 1458/1545/1458 1459/1472/1387 1485/1571/1484
f 1437/1471/1386 1486/1572/1485 1485/1571/1484 1459/1472/1387
f 1486/1572/1485 1437/1471/1386 1438/1523/1436 1442/1527/1440
f 1482/1568/1481 1430/1516/1429 533/535/528 1483/1569/1482
f 139/140/140 1477/1563/1476 1476/1562/1475 140/141/141
f 140/141/141 1476/1562/1475 1478/1564/1477 135/136/136
f 1487/1573/1486 1479/1565/1478 1480/1566/1479 1488/1574/1487
f 1483/1569/1482 533/535/528 136/137/137 1484/1570/1483
f 135/136/136 1487/1573/1486 1488/1574/1487 136/137/137
f 1431/1517/1430 1432/1518/1431 532/534/527 534/536/529
f 137/138/138 534/536/529 532/534/527 133/134/134
f 138/139/139 137/138/138 133/134/134 134/135/135
f 141/142/142 138/139/139 134/135/135 132/133/133
f 142/143/143 141/142/142 132/133/133 131/132/132
f 1433/1519/1432 1432/1518/1431 1431/1517/1430 1442/1527/1440
f 1430/1516/1429 1486/1572/1485 1442/1527/1440 1431/1517/1430
f 1482/1568/1481 1485/1571/1484 1486/1572/1485 1430/1516/1429
f 1482/1568/1481 1481/1567/1480 1485/1571/1484
f 1484/1570/1483 136/137/137 1488/1574/1487 1480/1566/1479
f 1479/1565/1478 1487/1573/1486 135/136/136 1478/1564/1477
f 913/1575/911 1076/1576/1075 1489/1577/1488 1490/1578/1489
f 1491/1579/1490 911/953/909 1492/1580/1491 1493/1581/1492
f 1489/1577/1488 1081/1148/1080 1085/1154/1084 1493/1581/1492
f 1086/1155/1085 1491/1579/1490 1493/1581/1492 1085/1154/1084
f 1076/1576/1075 1082/1149/1081 1081/1148/1080 1489/1577/1488
f 1491/1579/1490 1086/1155/1085 1087/1158/1086 911/953/909
f 1490/1578/1489 905/948/903 913/1575/911
f 899/941/899 1492/1580/1491 911/953/909
f 1258/1338/1257 1255/1335/1254 1257/1337/1256 612/628/613
f 1246/1326/1245 335/336/334 1255/1335/1254 1258/1338/1257
f 336/337/335 335/336/334 1246/1326/1245 1245/1271/1193
f 338/339/337 336/337/335 1245/1271/1193 1247/1270/1192
f 1248/1328/1247 342/343/341 338/339/337 1247/1270/1192
f 1249/1329/1248 339/340/338 342/343/341 1248/1328/1247
f 1520/1582/1493 637/655/640 639/657/642 1521/1583/1494
f 346/347/345 345/346/344 1251/1331/1250 1250/1330/1249
f 1253/1333/1252 353/354/352 346/347/345 1250/1330/1249
f 354/355/353 353/354/352 1253/1333/1252 1252/1332/1251
f 593/607/594 354/355/353 1252/1332/1251 1254/1334/1253
f 1254/1334/1253 1328/1410/1327 1326/1408/1325 593/607/594
f 1328/1410/1327 1327/1409/1326 1321/1403/1320 1326/1408/1325
f 476/478/471 612/628/613 1257/1337/1256 1211/1291/1212
f 1327/1409/1326 635/653/638 615/631/616 1321/1403/1320
f 1464/1550/1463 1423/1511/1424 1202/1282/1203 1465/1551/1464
f 1494/1584/1495 636/654/639 628/646/631 633/651/636
f 633/651/636 624/642/627 632/650/635 1494/1584/1495
f 632/650/635 1312/1394/1311 1495/1585/1496 1494/1584/1495
f 1494/1584/1495 1495/1585/1496 638/656/641 636/654/639
f 1312/1394/1311 1415/1504/1417 1496/1586/1497 1495/1585/1496
f 1495/1585/1496 1496/1586/1497 1497/1587/1498 638/656/641
f 681/695/680 1498/1588/1499 1497/1587/1498 682/696/681
f 1496/1586/1497 1499/1589/1500 682/696/681 1497/1587/1498
f 1415/1504/1417 1414/1503/1416 1499/1589/1500 1496/1586/1497
f 1404/1493/1406 1411/1500/1413 1412/1501/1414 1406/1495/1408
f 1499/1589/1500 1500/1590/1501 683/697/682 682/696/681
f 1501/1591/1502 1277/1358/1276 898/940/898 1502/1592/1503
f 1503/1593/1504 1278/1359/1277 1277/1358/1276 1501/1591/1502
f 1504/1594/1505 1279/1360/1278 1280/1361/1279 1505/1595/1506
f 1506/1596/1507 1281/1362/1280 1279/1363/1278 1504/1597/1505
f 1282/1364/1281 1281/1362/1280 1506/1596/1507 1507/1598/1508
f 1283/1365/1282 1282/1364/1281 1507/1598/1508 1508/1599/1509
f 1284/1366/1283 1283/1365/1282 1508/1599/1509 1509/1600/1510
f 1285/1367/1284 1284/1366/1283 1509/1600/1510 1510/1601/1511
f 1510/1601/1511 1511/1602/1512 1286/1368/1285 1285/1367/1284
f 1287/1369/1286 1286/1368/1285 1511/1602/1512 1512/1603/1513
f 1288/1370/1287 1287/1369/1286 1512/1603/1513 1513/1604/1514
f 1289/1371/1288 1288/1370/1287 1513/1604/1514 1514/1605/1515
f 1291/1373/1290 1290/1372/1289 1515/1606/1516 1516/1607/1517
f 1516/1607/1517 1517/1608/1518 1292/1374/1291 1291/1373/1290
f 1293/1375/1292 1292/1374/1291 1517/1608/1518 1518/1609/1519
f 1295/1377/1294 1294/1376/1293 188/190/190 1519/1610/1520
f 188/190/190 1293/1375/1292 1518/1609/1519 1519/1610/1520
f 637/655/640 1520/1582/1493 1522/1611/1521 1523/1612/1522
f 630/648/633 629/647/632 1524/1613/1523 1525/1614/1524
f 1525/1614/1524 1526/1615/1525 312/313/313 630/648/633
f 1526/1615/1525 1527/1616/1526 313/314/314 312/313/313
f 1527/1616/1526 1528/1617/1527 304/307/307 313/314/314
f 1528/1617/1527 1529/1618/1528 305/308/308 304/307/307
f 1530/1619/1529 1531/1620/1530 1529/1618/1528 1532/1621/1531
f 1531/1620/1530 1530/1619/1529 1533/1622/1532 1534/1623/1533
f 1535/1624/1534 1534/1623/1533 1533/1622/1532 1536/1625/1535
f 1537/1626/1536 1535/1624/1534 1536/1625/1535 1538/1627/1537
f 1539/1628/1538 1537/1626/1536 1538/1627/1537 1540/1629/1539
f 1541/1630/1540 1542/1631/1541 1543/1632/1542 1544/1633/1543
f 1545/1634/1544 1546/1635/1545 1547/1636/1546 1548/1637/1547
f 409/409/407 1546/1635/1545 1549/1638/1548 408/408/406
f 1550/1639/1549 406/406/404 408/408/406 1551/1640/1550
f 1498/1588/1499 1552/1641/1551 1553/1642/1552 1497/1587/1498
f 1552/1641/1551 1521/1583/1494 639/657/642 1553/1642/1552
f 1454/1539/1452 1554/1643/1553 1555/1644/1554 1424/1542/1455
f 1427/1513/1426 680/694/679 683/697/682 1428/1514/1427
f 1414/1503/1416 1417/1506/1419 1500/1590/1501 1499/1589/1500
f 1554/1643/1553 1454/1539/1452 1428/1514/1427 1556/1645/1555
f 1417/1506/1419 1554/1643/1553 1556/1645/1555 1500/1590/1501
f 1555/1644/1554 1554/1643/1553 1417/1506/1419 1418/1507/1420
f 1500/1590/1501 1556/1645/1555 1428/1514/1427 683/697/682
f 676/690/675 1424/1542/1455 1555/1644/1554 1418/1507/1420
f 406/406/404 1557/1646/1556 602/616/603 407/407/405
f 1276/1357/1275 1502/1592/1503 898/940/898 888/930/888
f 1553/1642/1552 639/657/642 638/656/641 1497/1587/1498
f 934/992/936 937/995/938 948/1006/947 946/1005/946
f 1388/1477/1392 1355/1439/1354 1356/1440/1355 1422/1510/1423
f 1558/1647/1557 1474/1560/1473 1475/1561/1474 1559/1648/1558
f 1560/1649/1559 1558/1647/1557 1559/1648/1558 598/1650/599
f 1052/1118/1052 1396/1651/1400 1397/1487/1401 1054/1117/1054
f 1560/1652/1559 598/612/599 597/611/598 1400/1488/1402
f 927/994/929 493/970/488 922/973/924
f 1126/1198/1125 1125/1197/1124 508/510/503 507/509/502
f 611/627/612 1561/1653/1560 1562/1654/1561 509/511/504
f 511/513/506 510/512/505 1128/1200/1127
f 1126/1198/1125 1563/1655/1562 1564/1656/1563 1127/1199/1126
f 1401/1489/1403 596/610/597 1402/1490/1404 1324/1406/1323
f 1563/1655/1562 1123/1195/1122 1124/1196/1123
f 1563/1655/1562 1126/1198/1125 507/509/502 1123/1195/1122
f 1565/1657/1564 1561/1653/1560 611/627/612 1566/1658/1565
f 606/1659/607 603/617/604 602/616/603 1567/1660/1566
f 605/619/606 609/623/610 603/626/604 606/620/607
f 1568/1661/1567 1569/1662/1568 1557/1646/1556 1570/1663/1569
f 1550/1639/1549 1570/1663/1569 1557/1646/1556 406/406/404
f 1571/1664/1570 1567/1660/1566 602/616/603 1557/1646/1556
f 382/382/380 388/388/386 391/391/389 383/383/381
f 393/393/391 388/388/386 382/382/380 1572/1665/1571
f 1099/1170/1098 1098/1169/1097 1095/1166/1094 1094/1165/1093
f 397/397/395 396/396/394 381/381/379 380/380/378
f 399/399/397 397/397/395 380/380/378 379/379/377
f 379/1666/377 1573/1667/1572 414/414/410 399/413/397
f 512/514/507 414/414/410 1573/1667/1572 1574/1668/1573
f 1259/1340/1259 1262/1343/1262 1569/1662/1568 1568/1661/1567
f 391/391/389 390/390/388 387/387/385 386/386/384
f 293/296/296 1572/1665/1571 382/382/380 294/297/297
f 1835/1669/1574 1836/1670/1575 1700/1671/1576 1698/1672/1577
f 1574/1668/1573 1573/1667/1572 413/324/324 511/513/506
f 300/303/303 383/383/381 1575/1673/1578 298/301/301
f 1575/1673/1578 383/383/381 391/391/389 386/386/384
f 298/301/301 1575/1673/1578 1576/1674/1579 295/298/298
f 1576/1674/1579 1575/1673/1578 386/386/384 385/385/383
f 482/484/477 418/421/414 295/298/298 1576/1674/1579
f 643/661/646 482/484/477 1576/1674/1579 385/385/383
f 1297/1379/1296 1567/1660/1566 1571/1664/1570 271/272/272
f 607/1675/608 1297/1379/1296 1296/1378/1295 1577/1676/1580
f 608/622/609 607/621/608 1577/1677/1580 1578/1678/1581
f 1297/1379/1296 607/1675/608 606/1659/607 1567/1660/1566
f 1566/1658/1565 605/619/606 608/622/609 1579/1679/1582
f 609/623/610 611/627/612 610/624/611
f 482/484/477 643/661/646 646/664/649 483/485/478
f 649/667/652 483/485/478 646/664/649 665/679/664
f 650/668/653 649/667/652 665/679/664 664/678/663
f 1325/1407/1324 1323/1405/1322 650/668/653 664/678/663
f 1324/1406/1323 1323/1405/1322 1325/1407/1324 1401/1489/1403
f 1658/1680/1583 1659/1681/1584 1660/1682/1585 1661/1683/1586
f 1403/1491/1405 1402/1490/1404 596/610/597 599/613/600
f 599/613/600 598/612/599 929/1492/931 1403/1491/1405
f 930/985/932 929/984/931 598/1650/599 1559/1648/1558
f 939/996/939 930/985/932 1559/1648/1558 1475/1561/1474
f 513/515/508 512/514/507 1574/1668/1573 1564/1656/1563
f 1127/1199/1126 1574/1668/1573 511/513/506 1128/1200/1127
f 1574/1668/1573 1127/1199/1126 1564/1656/1563
f 1580/1684/1587 1581/1685/1588 1582/1686/1589 1583/1687/1590
f 1584/1688/1591 1585/1689/1592 1586/1690/1593 1587/1691/1594
f 1582/1686/1589 1588/1692/1595 1589/1693/1596 1583/1687/1590
f 1590/1694/1597 1591/1695/1598 1592/1696/1599 1593/1697/1600
f 1593/1697/1600 1592/1696/1599 1594/1698/1601 1595/1699/1602
f 1595/1699/1602 1594/1698/1601 104/1700/105 103/1701/104
f 1581/1685/1588 1596/1702/1603 1597/1703/1604 1582/1686/1589
f 1598/1704/1605 1599/1705/1606 1600/1706/1607 1601/1707/1608
f 111/1708/112 114/1709/115 1602/1710/1609 1603/1711/1610
f 1604/1712/1611 118/1713/119 117/1714/118 1605/1715/1612
f 1606/1716/1613 1607/1717/1614 1608/1718/1615 1609/1719/1616
f 1573/1667/1572 379/1666/377 287/325/290 413/324/324
f 1598/1704/1605 1614/1720/1617 1615/1721/1618 1599/1705/1606
f 129/1722/130 1616/1723/1619 1602/1710/1609 114/1709/115
f 1604/1712/1611 1617/1724/1620 131/1725/132 118/1713/119
f 1618/1726/1621 1619/1727/1622 1607/1717/1614 1606/1716/1613
f 1620/1728/1623 1621/1729/1624 1622/1730/1625 1623/1731/1626
f 139/1732/140 142/1733/143 1624/1734/1627 1625/1735/1628
f 1626/1736/1629 1627/1737/1630 1628/1738/1631 1629/1739/1632
f 1614/1720/1617 1630/1740/1633 1631/1741/1634 1615/1721/1618
f 149/1742/150 1632/1743/1635 1616/1723/1619 129/1722/130
f 1633/1744/1636 1632/1743/1635 149/1742/150 152/1745/153
f 1634/1746/1637 1631/1741/1634 1630/1740/1633 1635/1747/1638
f 1636/1748/1639 1628/1738/1631 1627/1737/1630 1637/1749/1640
f 1638/1750/1641 1639/1751/1642 1640/1752/1643 1641/1753/1644
f 1642/1754/1645 1643/1755/1646 1644/1756/1647 1645/1757/1648
f 1646/1758/1649 1647/1759/1650 1648/1760/1651 1649/1761/1652
f 169/1762/172 1650/1763/1653 1651/1764/1654 170/1765/173
f 1652/1766/1655 1653/1767/1656 175/1768/178 174/1769/177
f 1654/1770/1657 1655/1771/1658 1656/1772/1659 1657/1773/1660
f 1775/1774/1661 1774/1775/1662 1779/1776/1663 1780/1777/1664
f 1662/1778/1665 1663/1779/1666 1664/1780/1667 1665/1781/1668
f 1666/1782/1669 1667/1783/1670 1665/1781/1668 1664/1780/1667
f 1667/1783/1670 1666/1782/1669 1668/1784/1671 1669/1785/1672
f 1670/1786/1673 1671/1787/1674 1672/1788/1675 1673/1789/1676
f 1674/1790/1677 1675/1791/1678 1676/1792/1679 1677/1793/1680
f 1659/1681/1584 1674/1790/1677 1677/1793/1680 1660/1682/1585
f 1677/1793/1680 1678/1794/1681 1679/1795/1682 1660/1682/1585
f 1676/1792/1679 1680/1796/1683 1678/1794/1681 1677/1793/1680
f 1672/1788/1675 1681/1797/1684 1682/1798/1685 1673/1789/1676
f 1683/1799/1686 1684/1800/1687 1681/1797/1684 1672/1788/1675
f 1671/1787/1674 1685/1801/1688 1683/1799/1686 1672/1788/1675
f 1686/1802/1689 1687/1803/1690 1688/1804/1691 1689/1805/1692
f 1690/1806/1693 1686/1802/1689 1689/1805/1692 1691/1807/1694
f 1692/1808/1695 1693/1809/1696 1694/1810/1697 1695/1811/1698
f 1696/1812/1699 1697/1813/1700 1698/1672/1577 1699/1814/1701
f 1698/1672/1577 1700/1671/1576 1701/1815/1702 1699/1814/1701
f 1702/1816/1703 1703/1817/1704 1704/1818/1705 1705/1819/1706
f 1706/1820/1707 1707/1821/1708 1708/1822/1709 1709/1823/1710
f 1714/1824/1711 1715/1825/1712 1716/1826/1713 1717/1827/1714
f 1718/1828/1715 1719/1829/1716 1720/1830/1717 1721/1831/1718
f 1722/1832/1719 1723/1833/1720 1720/1830/1717 1719/1829/1716
f 1724/1834/1721 1725/1835/1722 1726/1836/1723 1727/1837/1724
f 1728/1838/1725 1729/1839/1726 1730/1840/1727 1731/1841/1728
f 1732/1842/1729 1733/1843/1730 1734/1844/1731 1735/1845/1732
f 1736/1846/1733 1737/1847/1734 1738/1848/1735 1739/1849/1736
f 1740/1850/1737 1741/1851/1738 1742/1852/1739 1743/1853/1740
f 1744/1854/1741 1745/1855/1742 1746/1856/1743 1747/1857/1744
f 1748/1858/1745 1749/1859/1746 1750/1860/1747 1751/1861/1748
f 1752/1862/1749 1753/1863/1750 1754/1864/1751 1755/1865/1752
f 1738/1848/1735 1737/1847/1734 1756/1866/1753 1757/1867/1754
f 1758/1868/1755 1759/1869/1756 1760/1870/1757 1761/1871/1758
f 1762/1872/1759 1763/1873/1760 1764/1874/1761 1765/1875/1762
f 1766/1876/1763 1762/1872/1759 1765/1875/1762 1767/1877/1764
f 1768/1878/1765 1769/1879/1766 1770/1880/1767 1771/1881/1768
f 1772/1882/1769 1773/1883/1770 1774/1775/1662 1775/1774/1661
f 1776/1884/1771 1774/1775/1662 1773/1883/1770 1777/1885/1772
f 1774/1775/1662 1776/1884/1771 1778/1886/1773 1779/1776/1663
f 1868/1887/1774 1869/1888/1775 1865/1889/1776 1864/1890/1777
f 1781/1891/1778 1782/1892/1779 1783/1893/1780 1784/1894/1781
f 1785/1895/1782 1786/1896/1783 1787/1897/1784 1788/1898/1785
f 1789/1899/1786 1790/1900/1787 1791/1901/1788 1792/1902/1789
f 1793/1903/1790 1794/1904/1791 1795/1905/1792 1796/1906/1793
f 1797/1907/1794 1798/1908/1795 1799/1909/1796 1800/1910/1797
f 1801/1911/1798 1802/1912/1799 1794/1904/1791 1793/1903/1790
f 1803/1913/1800 1801/1911/1798 1793/1903/1790 1804/1914/1801
f 1805/1915/1802 1806/1916/1803 1801/1911/1798 1803/1913/1800
f 1806/1916/1803 1807/1917/1804 1802/1912/1799 1801/1911/1798
f 1800/1910/1797 1799/1909/1796 1808/1918/1805 1809/1919/1806
f 1810/1920/1807 1811/1921/1808 1812/1922/1809 1813/1923/1810
f 1814/1924/1811 1815/1925/1812 1811/1921/1808 1810/1920/1807
f 1816/1926/1813 1817/1927/1814 1818/1928/1815 1819/1929/1816
f 1820/1930/1817 1821/1931/1818 1822/1932/1819 1823/1933/1820
f 1824/1934/1821 1825/1935/1822 1826/1936/1823 1827/1937/1824
f 1828/1938/1825 1829/1939/1826 1830/1940/1827 1831/1941/1828
f 1693/1809/1696 1692/1808/1695 1832/1942/1829 1833/1943/1830
f 1697/1813/1700 1834/1944/1831 1835/1669/1574 1698/1672/1577
f 1710/1945/1832 1711/1946/1833 1712/1947/1834 1713/1948/1835
f 1724/1834/1721 1837/1949/1836 1838/1950/1837 1725/1835/1722
f 1839/1951/1838 1730/1840/1727 1729/1839/1726 1840/1952/1839
f 1734/1844/1731 1733/1843/1730 1841/1953/1840 1842/1954/1841
f 1711/1946/1833 1716/1826/1713 1715/1825/1712 1712/1947/1834
f 1733/1843/1730 1730/1840/1727 1839/1951/1838 1841/1953/1840
f 1732/1842/1729 1731/1841/1728 1730/1840/1727 1733/1843/1730
f 1749/1859/1746 1754/1864/1751 1753/1863/1750 1750/1860/1747
f 1843/1955/1842 1844/1956/1843 1845/1957/1844 1846/1958/1845
f 1776/1884/1771 1765/1875/1762 1764/1874/1761 1778/1886/1773
f 1765/1875/1762 1776/1884/1771 1777/1885/1772 1767/1877/1764
f 1759/1869/1756 1758/1868/1755 1847/1959/1846 1848/1960/1847
f 1759/1869/1756 1849/1961/1848 1850/1962/1849 1760/1870/1757
f 1848/1960/1847 1851/1963/1850 1849/1961/1848 1759/1869/1756
f 1777/1885/1772 1852/1964/1851 1853/1965/1852 1767/1877/1764
f 1854/1966/1853 1855/1967/1854 1856/1968/1855 1857/1969/1856
f 1858/1970/1857 1859/1971/1858 1860/1972/1859 1861/1973/1860
f 1862/1974/1861 1863/1975/1862 1858/1970/1857 1861/1973/1860
f 1864/1890/1777 1865/1889/1776 1866/1976/1863 1867/1977/1864
f 1870/1978/1865 1758/1868/1755 1761/1871/1758 1871/1979/1866
f 1872/1980/1867 1873/1981/1868 1874/1982/1869 1875/1983/1870
f 1876/1984/1871 1877/1985/1872 1878/1986/1873 1870/1978/1865
f 1879/1987/1874 1758/1868/1755 1870/1978/1865 1878/1986/1873
f 1879/1987/1874 1880/1988/1875 1847/1959/1846 1758/1868/1755
f 1881/1989/1876 1882/1990/1877 1883/1991/1878 1884/1992/1879
f 1871/1993/1866 1761/1994/1758 1885/1995/1880 1886/1996/1881
f 1885/1995/1880 1761/1994/1758 1760/1997/1757 1887/1998/1882
f 1869/1999/1775 1868/2000/1774 1888/2001/1883 1889/2002/1884
f 1890/2003/1885 1884/1992/1879 1883/1991/1878 1891/2004/1886
f 1783/1893/1780 1782/1892/1779 1892/2005/1887 1893/2006/1888
f 1665/1781/1668 1659/1681/1584 1658/1680/1583 1662/1778/1665
f 1667/1783/1670 1674/1790/1677 1659/1681/1584 1665/1781/1668
f 1669/1785/1672 1675/1791/1678 1674/1790/1677 1667/1783/1670
f 1686/1802/1689 1671/1787/1674 1670/1786/1673 1687/1803/1690
f 1690/1806/1693 1685/1801/1688 1671/1787/1674 1686/1802/1689
f 1693/1809/1696 1697/1813/1700 1696/1812/1699 1694/1810/1697
f 1833/1943/1830 1834/1944/1831 1697/1813/1700 1693/1809/1696
f 1709/1823/1710 1703/1817/1704 1702/1816/1703 1706/1820/1707
f 1678/1794/1681 1894/2007/1889 1895/2008/1890 1679/1795/1682
f 1896/2009/1891 1894/2007/1889 1678/1794/1681 1680/1796/1683
f 1897/2010/1892 1682/1798/1685 1681/1797/1684 1898/2011/1893
f 1684/1800/1687 1899/2012/1894 1898/2011/1893 1681/1797/1684
f 1900/2013/1895 1901/2014/1896 1902/2015/1897 1903/2016/1898
f 1904/2017/1899 1905/2018/1900 1906/2019/1901 1907/2020/1902
f 1908/2021/1903 1909/2022/1904 1907/2020/1902 1906/2019/1901
f 1788/1898/1785 1787/1897/1784 1910/2023/1905 1911/2024/1906
f 1794/1904/1791 1798/1908/1795 1912/2025/1907 1795/1905/1792
f 1802/1912/1799 1799/1909/1796 1798/1908/1795 1794/1904/1791
f 1807/1917/1804 1808/1918/1805 1799/1909/1796 1802/1912/1799
f 1817/1927/1814 1815/1925/1812 1814/1924/1811 1818/1928/1815
f 1913/2026/1908 1914/2027/1909 1915/2028/1910 1916/2029/1911
f 1917/2030/1912 1918/2031/1913 1919/2032/1914 1920/2033/1915
f 1921/2034/1916 1922/2035/1917 1923/2036/1918 1924/2037/1919
f 1925/2038/1920 454/2039/449 453/2040/448 1926/2041/1921
f 1588/1692/1595 1582/1686/1589 1597/1703/1604 1927/2042/1922
f 1928/2043/1923 1929/2044/1924 1585/1689/1592 1584/1688/1591
f 1930/2045/1925 1931/2046/1926 1592/1696/1599 1591/1695/1598
f 1594/1698/1601 1932/2047/1927 460/2048/455 104/1700/105
f 1931/2046/1926 1932/2047/1927 1594/1698/1601 1592/1696/1599
f 1926/2041/1921 1921/2034/1916 1924/2037/1919 1925/2038/1920
f 1646/1758/1649 1651/1764/1654 1650/1763/1653 1647/1759/1650
f 1644/1756/1647 1653/1767/1656 1652/1766/1655 1645/1757/1648
f 1630/1740/1633 1632/1743/1635 1633/1744/1636 1635/1747/1638
f 1602/1710/1609 1598/1704/1605 1601/1707/1608 1603/1711/1610
f 1607/1717/1614 1604/1712/1611 1605/1715/1612 1608/1718/1615
f 1619/1727/1622 1617/1724/1620 1604/1712/1611 1607/1717/1614
f 1625/1735/1628 1624/1734/1627 1621/1729/1624 1620/1728/1623
f 1933/2049/1928 1934/2050/1929 1935/2051/1930 1936/2052/1931
f 1937/2053/1932 1938/2054/1933 1933/2049/1928 1936/2052/1931
f 1939/2055/1934 1940/2056/1935 1938/2054/1933 1937/2053/1932
f 1941/2057/1936 1942/2058/1937 1943/2059/1938 1944/2060/1939
f 1942/2058/1937 1941/2057/1936 1945/2061/1940 1946/2062/1941
f 1804/1914/1801 1947/2063/1942 1948/2064/1943 1803/1913/1800
f 1949/2065/1944 1950/2066/1945 1951/2067/1946 1952/2068/1947
f 1893/2006/1888 1892/2005/1887 1953/2069/1948 1954/2070/1949
f 1946/2062/1941 1955/2071/1950 1956/2072/1951 1942/2058/1937
f 1942/2058/1937 1956/2072/1951 1957/2073/1952 1943/2059/1938
f 1958/2074/1953 1959/2075/1954 1960/2076/1955 1961/2077/1956
f 1962/2078/1957 1963/2079/1958 1964/2080/1959 1965/2081/1960
f 1965/2081/1960 1964/2080/1959 1966/2082/1961 1967/2083/1962
f 1968/2084/1963 1969/2085/1964 1970/2086/1965 1971/2087/1966
f 1972/2088/1967 1973/2089/1968 1974/2090/1969 1975/2091/1970
f 1967/2083/1962 1966/2082/1961 1959/2075/1954 1958/2074/1953
f 1949/2065/1944 1976/2092/1971 1963/2079/1958 1950/2066/1945
f 1882/1990/1877 1977/2093/1972 1978/2094/1973 1883/1991/1878
f 1886/1996/1881 1885/1995/1880 1979/2095/1974 1980/2096/1975
f 1887/1998/1882 1981/2097/1976 1979/2095/1974 1885/1995/1880
f 1888/2001/1883 1982/2098/1977 1983/2099/1978 1889/2002/1884
f 1984/2100/1979 1985/2101/1980 1986/2102/1981 1987/2103/1982
f 1703/1817/1704 1988/2104/1983 1989/2105/1984 1704/1818/1705
f 1990/2106/1985 1988/2104/1983 1703/1817/1704 1709/1823/1710
f 1708/1822/1709 1991/2107/1986 1990/2106/1985 1709/1823/1710
f 1587/1691/1594 1589/1693/1596 1588/1692/1595 1584/1688/1591
f 1928/2043/1923 1584/1688/1591 1588/1692/1595 1927/2042/1922
f 1918/2031/1913 1913/2026/1908 1916/2029/1911 1919/2032/1914
f 2029/2108/1987 2030/2109/1988 2023/2110/1989 2024/2111/1990
f 1654/1770/1657 1657/1773/1660 1992/2112/1991 1993/2113/1992
f 1639/1751/1642 1994/2114/1993 1995/2115/1994 1640/1752/1643
f 1996/2116/1995 1610/2117/1996 1997/2118/1997 1998/2119/1998
f 1999/2120/1999 1611/2121/2000 1610/2117/1996 1996/2116/1995
f 1586/1690/1593 1585/1689/1592 1591/1695/1598 1590/1694/1597
f 1585/1689/1592 1929/2044/1924 1930/2045/1925 1591/1695/1598
f 1922/2035/1917 1917/2030/1912 1920/2033/1915 1923/2036/1918
f 1656/1772/1659 1655/1771/1658 1649/1761/1652 1648/1760/1651
f 1642/1754/1645 1638/1750/1641 1641/1753/1644 1643/1755/1646
f 1637/1749/1640 1627/1737/1630 1631/1741/1634 1634/1746/1637
f 1615/1721/1618 1631/1741/1634 1627/1737/1630 1626/1736/1629
f 1599/1705/1606 1615/1721/1618 1626/1736/1629 2000/2122/2001
f 2001/2123/2002 1600/1706/1607 1599/1705/1606 2000/2122/2001
f 1612/2124/2003 1606/1716/1613 1609/1719/1616 1613/2125/2004
f 2002/2126/2005 1618/1726/1621 1606/1716/1613 1612/2124/2003
f 2003/2127/2006 1623/1731/1626 1622/1730/1625 2004/2128/2007
f 1935/2051/1930 1934/2050/1929 2005/2129/2008 2006/2130/2009
f 1911/2024/1906 1910/2023/1905 2007/2131/2010 2008/2132/2011
f 1610/2117/1996 1611/2121/2000 1612/2124/2003 1613/2125/2004
f 2010/2133/2012 2011/2134/2013 1955/2071/1950 1946/2062/1941
f 2012/2135/2014 2010/2133/2012 1946/2062/1941 1945/2061/1940
f 1726/1836/1723 1725/1835/1722 2013/2136/2015 2014/2137/2016
f 2015/2138/2017 2013/2136/2015 1725/1835/1722 1838/1950/1837
f 2016/2139/2018 1661/1683/1586 1660/1682/1585 1679/1795/1682
f 2017/2140/2019 2018/2141/2020 51/2142/48 47/2143/45
f 46/2144/44 2019/2145/2021 2017/2140/2019 47/2143/45
f 2017/2140/2019 2019/2145/2021 2020/2146/2022 2021/2147/2023
f 2022/2148/2024 2018/2141/2020 2017/2140/2019 2021/2147/2023
f 2023/2110/1989 2020/2146/2022 2019/2145/2021 2024/2111/1990
f 2024/2111/1990 2019/2145/2021 46/2144/44 54/2149/51
f 2025/2150/2025 2018/2141/2020 2022/2148/2024 2026/2151/2026
f 2025/2150/2025 62/2152/60 51/2142/48 2018/2141/2020
f 2025/2150/2025 2026/2151/2026 2027/2153/2027 2028/2154/2028
f 62/2152/60 2025/2150/2025 2028/2154/2028 63/2155/2029
f 2028/2154/2028 2027/2153/2027 560/2156/556 559/2157/555
f 559/2157/555 19/2158/557 63/2155/2029 2028/2154/2028
f 54/2149/51 61/2159/58 2029/2108/1987 2024/2111/1990
f 2031/2160/2030 2032/2161/2031 2033/2162/2032 2034/2163/2033
f 2035/2164/2034 2030/2109/1988 2029/2108/1987 2036/2165/2035
f 2037/2166/2036 2038/2167/2037 2032/2161/2031 2031/2160/2030
f 2039/2168/2038 1909/2022/1904 1908/2021/1903 2040/2169/2039
f 2016/2139/2018 1679/1795/1682 1895/2008/1890 2041/2170/2040
f 2042/2171/2041 2016/2139/2018 2041/2170/2040 2043/2172/2042
f 2044/2173/2043 2038/2167/2037 2037/2166/2036 2045/2174/2044
f 2046/2175/2045 2047/2176/2046 2048/2177/2047 2049/2178/2048
f 2050/2179/2049 2051/2180/2050 2052/2181/2051 2053/2182/2052
f 2054/2183/2053 2055/2184/2054 588/2185/589 587/2186/588
f 2053/2182/2052 2052/2181/2051 2055/2184/2054 2054/2183/2053
f 2056/2187/2055 2057/2188/2056 2047/2176/2046 2046/2175/2045
f 2049/2178/2048 2048/2177/2047 2051/2180/2050 2050/2179/2049
f 2058/2189/2057 2059/2190/2058 1829/1939/1826 1828/1938/1825
f 1971/2087/1966 1970/2086/1965 2060/2191/2059 2061/2192/2060
f 2062/2193/2061 2063/2194/2062 2064/2195/2063 2065/2196/2064
f 2066/2197/2065 1845/1957/1844 1844/1956/1843 2067/2198/2066
f 2068/2199/2067 1876/1984/1871 2069/2200/2068 2070/2201/2069
f 2069/2200/2068 1876/1984/1871 1870/1978/1865 1871/1979/1866
f 1912/2025/1907 1798/1908/1795 1797/1907/1794 2009/2202/2070
f 2071/2203/2071 2072/2204/2072 2073/2205/2073 2074/2206/2074
f 2075/2207/2075 2070/2208/2069 2069/2209/2068 2076/2210/2076
f 2076/2210/2076 2069/2209/2068 1871/1993/1866 1886/1996/1881
f 2077/2211/2077 2076/2210/2076 1886/1996/1881 1980/2096/1975
f 1948/2064/1943 2078/2212/2078 1805/1915/1802 1803/1913/1800
f 2079/2213/2079 2080/2214/2080 2081/2215/2081 2082/2216/2082
f 2083/2217/2083 2084/2218/2084 2085/2219/2085 2086/2220/2086
f 2079/2213/2079 1791/1901/1788 1790/1900/1787 2080/2214/2080
f 1827/1937/1824 1826/1936/1823 2087/2221/2087 2088/2222/2088
f 1846/1958/1845 1845/1957/1844 2089/2223/2089 2090/2224/2090
f 2088/2222/2088 2087/2221/2087 2091/2225/2091 2092/2226/2092
f 2093/2227/2093 2094/2228/2094 2095/2229/2095 2096/2230/2096
f 2089/2223/2089 2097/2231/2097 2098/2232/2098 2090/2224/2090
f 2066/2197/2065 2099/2233/2099 2100/2234/2100 2101/2235/2101
f 2100/2234/2100 2093/2227/2093 2096/2230/2096 2101/2235/2101
f 2102/2236/2102 2096/2230/2096 2095/2229/2095 2103/2237/2103
f 2103/2237/2103 2104/2238/2104 2105/2239/2105 2102/2236/2102
f 1941/2057/1936 2106/2240/2106 2107/2241/2107 1945/2061/1940
f 2106/2240/2106 1941/2057/1936 1944/2060/1939 2108/2242/2108
f 2144/2243/2109 2194/2244/2110 2195/2245/2111 2145/2246/2112
f 2109/2247/2113 2110/2248/2114 2111/2249/2115 2112/2250/2116
f 1951/2067/1946 2113/2251/2117 2114/2252/2118 1952/2068/1947
f 2082/2216/2082 2115/2253/2119 2116/2254/2120 2079/2213/2079
f 2117/2255/2121 2118/2256/2122 2119/2257/2123 2120/2258/2124
f 2121/2259/2125 2083/2217/2083 2086/2220/2086 2122/2260/2126
f 2112/2250/2116 2111/2249/2115 2123/2261/2127 2124/2262/2128
f 2125/2263/2129 2126/2264/2130 2107/2241/2107 2127/2265/2131
f 2128/2266/2132 2121/2259/2125 2122/2260/2126 2129/2267/2133
f 2126/2264/2130 2012/2135/2014 1945/2061/1940 2107/2241/2107
f 2130/2268/2134 2131/2269/2135 2132/2270/2136 2133/2271/2137
f 2134/2272/2138 2135/2273/2139 2132/2270/2136 2131/2269/2135
f 2131/2269/2135 2136/2274/2140 2137/2275/2141 2134/2272/2138
f 2138/2276/2142 2139/2277/2143 2140/2278/2144 2141/2279/2145
f 1598/1704/1605 1602/1710/1609 1616/1723/1619 1614/1720/1617
f 1614/1720/1617 1616/1723/1619 1632/1743/1635 1630/1740/1633
f 2142/2280/2146 2143/2281/2147 2144/2243/2109 2145/2246/2112
f 680/694/679 2146/2282/2148 2147/2283/2149 681/695/680
f 2148/2284/2150 2149/2285/2151 2150/2286/2152 2151/2287/2153
f 2299/2288/2154 2304/2289/2155 2307/2290/2156 2300/2291/2157
f 1796/1906/1793 2152/2292/2158 1804/1914/1801 1793/1903/1790
f 2152/2292/2158 2153/2293/2159 1947/2063/1942 1804/1914/1801
f 2154/2294/2160 2155/2295/2161 1705/1819/1706 1704/1818/1705
f 2156/2296/2162 2157/2297/2163 1741/1851/1738 1740/1850/1737
f 2158/2298/2164 2159/2299/2165 2160/2300/2166 2161/2301/2167
f 2162/2302/2168 2163/2303/2169 1701/1815/1702 1700/1671/1576
f 2164/2304/2170 2162/2302/2168 1700/1671/1576 1836/1670/1575
f 1903/2016/1898 1902/2015/1897 2165/2305/2171 2166/2306/2172
f 1704/1818/1705 1989/2105/1984 2167/2307/2173 2154/2294/2160
f 2168/2308/2174 2169/2309/2175 2170/2310/2176 2171/2311/2177
f 2172/2312/2178 2173/2313/2179 2174/2314/2180 2175/2315/2181
f 2176/2316/2182 2177/2317/2183 2178/2318/2184 2179/2319/2185
f 2180/2320/2186 2177/2321/2183 2176/2322/2182 2181/2323/2187
f 2182/2324/2188 2183/2325/2189 2184/2326/2190 2185/2327/2191
f 2179/2319/2185 2185/2327/2191 2184/2326/2190 2176/2316/2182
f 2181/2323/2187 2176/2322/2182 2184/2328/2190
f 2186/2329/2192 2187/2330/2193 2188/2331/2194 2189/2332/2195
f 2190/2333/2196 2191/2334/2197 2192/2335/2198 2193/2336/2199
f 2227/2337/2200 2240/2338/2201 2222/2339/2202 2224/2340/2203
f 1934/2050/1929 1911/2024/1906 2008/2132/2011 2005/2129/2008
f 1788/1898/1785 1911/2024/1906 1934/2050/1929 1933/2049/1928
f 1938/2054/1933 1785/1895/1782 1788/1898/1785 1933/2049/1928
f 1940/2056/1935 2151/2287/2153 1785/1895/1782 1938/2054/1933
f 2187/2330/2193 2186/2329/2192 2183/2325/2189 2182/2324/2188
f 2196/2341/2204 2197/2342/2205 2198/2343/2206 2199/2344/2207
f 1654/1770/1657 1993/2113/1992 1994/2114/1993 1639/1751/1642
f 1655/1771/1658 1654/1770/1657 1639/1751/1642 1638/1750/1641
f 1649/1761/1652 1655/1771/1658 1638/1750/1641 1642/1754/1645
f 1649/1761/1652 1642/1754/1645 1645/1757/1648 1646/1758/1649
f 1652/1766/1655 1651/1764/1654 1646/1758/1649 1645/1757/1648
f 1651/1764/1654 1652/1766/1655 174/1769/177 170/1765/173
f 2200/2345/2208 2201/2346/2209 2202/2347/2210 2203/2348/2211
f 2204/2349/2212 2200/2345/2208 2203/2348/2211 2205/2350/2213
f 1784/1894/1781 1783/1893/1780 1775/1774/1661 1780/1777/1664
f 1783/1893/1780 1893/2006/1888 1772/1882/1769 1775/1774/1661
f 2109/2247/2113 2112/2250/2116 1854/1966/1853 1857/1969/1856
f 2206/2351/2214 2117/2255/2121 2120/2258/2124 2207/2352/2215
f 2151/2287/2153 2150/2286/2152 1786/1896/1783 1785/1895/1782
f 1899/2012/1894 2165/2305/2171 1902/2015/1897 1898/2011/1893
f 1901/2014/1896 1897/2010/1892 1898/2011/1893 1902/2015/1897
f 1896/2009/1891 1904/2017/1899 1907/2020/1902 1894/2007/1889
f 1895/2008/1890 1894/2007/1889 1907/2020/1902 1909/2022/1904
f 2039/2168/2038 2041/2170/2040 1895/2008/1890 1909/2022/1904
f 2043/2172/2042 2041/2170/2040 2039/2168/2038 2210/2353/2216
f 1914/2027/1909 2211/2354/2217 2212/2355/2218 1915/2028/1910
f 2213/2356/2219 2201/2346/2209 2214/2357/2220 2215/2358/2221
f 2216/2359/2222 2214/2357/2220 2201/2346/2209 2200/2345/2208
f 2200/2345/2208 2204/2349/2212 2217/2360/2223 2216/2359/2222
f 2218/2361/2224 2219/2362/2225 2220/2363/2226 2221/2364/2227
f 2219/2362/2225 2218/2361/2224 2222/2339/2202 2223/2365/2228
f 2224/2340/2203 2225/2366/2229 2226/2367/2230 2227/2337/2200
f 2228/2368/2231 2229/2369/2232 2230/2370/2233 2231/2371/2234
f 2232/2372/2235 2228/2368/2231 2231/2371/2234 2233/2373/2236
f 2234/2374/2237 2189/2332/2195 2188/2331/2194 2235/2375/2238
f 2236/2376/2239 2234/2374/2237 2235/2375/2238 2237/2377/2240
f 2238/2378/2241 2232/2372/2235 2233/2373/2236 2239/2379/2242
f 2275/2380/2243 2282/2381/2244 2285/2382/2245 2274/2383/2246
f 2241/2384/2247 2223/2365/2228 2222/2339/2202 2240/2338/2201
f 2034/2163/2033 78/2385/75 77/2386/74 2031/2160/2030
f 2029/2108/1987 61/2159/58 76/2387/73 2036/2165/2035
f 2031/2160/2030 77/2386/74 79/2388/76 2037/2166/2036
f 2037/2166/2036 79/2388/76 70/2389/67 2045/2174/2044
f 2045/2174/2044 70/2389/67 71/2390/68 2242/2391/2248
f 2243/2392/2249 2044/2173/2043 2045/2174/2044 2242/2391/2248
f 2205/2350/2213 2244/2393/2250 2245/2394/2251 2204/2349/2212
f 2246/2395/2252 2247/2396/2253 2248/2397/2254 2249/2398/2255
f 2213/2356/2219 2215/2358/2221 1596/1702/1603 1581/1685/1588
f 2250/2399/2256 2213/2356/2219 1581/1685/1588 1580/1684/1587
f 2033/2162/2032 2035/2164/2034 2036/2165/2035 2034/2163/2033
f 76/2387/73 78/2385/75 2034/2163/2033 2036/2165/2035
f 1994/2114/1993 2251/2400/2257 2252/2401/2258 1995/2115/1994
f 1992/2112/1991 2253/2402/2259 2254/2403/2260 1993/2113/1992
f 2255/2404/2261 2256/2405/2262 2173/2406/2179 2172/2407/2178
f 2257/2408/2263 2258/2409/2264 2197/2410/2205 2196/2411/2204
f 2254/2403/2260 2251/2400/2257 1994/2114/1993 1993/2113/1992
f 2261/2412/2265 2262/2413/2266 2155/2295/2161 2154/2294/2160
f 2263/2414/2267 2264/2415/2268 2265/2416/2269 2266/2417/2270
f 2267/2418/2271 2263/2414/2267 2266/2417/2270 2268/2419/2272
f 2269/2420/2273 1984/2100/1979 1987/2103/1982 2270/2421/2274
f 2167/2307/2173 2271/2422/2275 2261/2412/2265 2154/2294/2160
f 2162/2302/2168 2164/2304/2170 2264/2415/2268 2263/2414/2267
f 2162/2302/2168 2263/2414/2267 2267/2418/2271 2163/2303/2169
f 2272/2423/2276 821/1119/1055 820/856/826 2273/2424/2277
f 2273/2424/2277 820/856/826 823/855/825 2274/2383/2246
f 2274/2383/2246 823/855/825 825/858/828 2275/2380/2243
f 2276/2425/2278 2243/2392/2249 2242/2391/2248 2277/2426/2279
f 2278/2427/2280 831/864/834 830/863/833 2279/2428/2281
f 2244/2393/2250 2280/2429/2282 2281/2430/2283 2245/2394/2251
f 2282/2381/2244 2283/2431/2284 2284/2432/2285 2285/2382/2245
f 2275/2380/2243 825/858/828 839/872/842 2286/2433/2286
f 2242/2391/2248 71/2390/68 81/2434/78 2277/2426/2279
f 2279/2428/2281 2276/2425/2278 2277/2426/2279 2278/2427/2280
f 2273/2424/2277 2281/2430/2283 2280/2429/2282 2272/2423/2276
f 2274/2383/2246 2285/2382/2245 2281/2430/2283 2273/2424/2277
f 2338/2435/2287 2337/2436/2288 2344/2437/2289 2345/2438/2290
f 2286/2433/2286 2287/2439/2291 2282/2381/2244 2275/2380/2243
f 83/2440/80 40/877/38 831/864/834 2278/2427/2280
f 81/2434/78 83/2440/80 2278/2427/2280 2277/2426/2279
f 1661/1683/1586 2016/2139/2018 2042/2171/2041 2288/2441/2292
f 1658/1680/1583 2289/2442/2293 2290/2443/2294 1662/1778/1665
f 2289/2442/2293 1658/1680/1583 1661/1683/1586 2288/2441/2292
f 2289/2442/2293 2288/2441/2292 2291/2444/2295 2292/2445/2296
f 2289/2442/2293 2292/2445/2296 2293/2446/2297 2290/2443/2294
f 2290/2443/2294 2293/2446/2297 848/885/852 847/884/851
f 2294/2447/2298 2295/2448/2299 1720/1830/1717 1723/1833/1720
f 1720/1830/1717 2295/2448/2299 2296/2449/2300 1721/1831/1718
f 2297/2450/2301 1715/1825/1712 1714/1824/1711 2298/2451/2302
f 1712/1947/1834 1715/1825/1712 2297/2450/2301 2299/2288/2154
f 1712/1947/1834 2299/2288/2154 2300/2291/2157 1713/1948/1835
f 1990/2452/1985 2301/2453/2303 2302/2454/2304 1988/2455/1983
f 2297/2450/2301 2303/2456/2305 2304/2289/2155 2299/2288/2154
f 2298/2451/2302 2305/2457/2306 2303/2456/2305 2297/2450/2301
f 1988/2455/1983 2302/2454/2304 2306/2458/2307 1989/2459/1984
f 2159/2299/2165 2158/2298/2164 2259/2460/2308 2260/2461/2309
f 1991/2462/1986 2308/2463/2310 2301/2453/2303 1990/2452/1985
f 1989/2459/1984 2306/2458/2307 2309/2464/2311 2167/2465/2173
f 2167/2465/2173 2309/2464/2311 2310/2466/2312 2271/2467/2275
f 2311/2468/2313 2312/2469/2314 2313/2470/2315 2314/2471/2316
f 2315/2472/2317 2316/2473/2318 2312/2469/2314 2311/2468/2313
f 2317/2474/2319 2318/2475/2320 2316/2473/2318 2315/2472/2317
f 2304/2476/2155 2319/2477/2321 2320/2478/2322 2307/2479/2156
f 2303/2480/2305 2321/2481/2323 2319/2477/2321 2304/2476/2155
f 2305/2482/2306 2322/2483/2324 2321/2481/2323 2303/2480/2305
f 2323/2484/2325 2324/2485/2326 2325/2486/2327 2326/2487/2328
f 2314/2471/2316 2313/2470/2315 2324/2485/2326 2323/2484/2325
f 2327/2488/2329 2328/2489/2330 2329/2490/2331 2330/2491/2332
f 2331/2492/2333 2332/2493/2334 2333/2494/2335 2334/2495/2336
f 2335/2496/2337 2336/2497/2338 2332/2493/2334 2331/2492/2333
f 2330/2491/2332 2329/2490/2331 2337/2436/2288 2338/2435/2287
f 2334/2495/2336 2333/2494/2335 2339/2498/2339
f 2340/2499/2340 2328/2489/2330 2327/2488/2329
f 2341/2500/2341 2342/2501/2342 2343/2502/2343
f 2346/2503/2344 2347/2504/2345 2348/2505/2346 2349/2506/2347
f 2349/2507/2347 2348/2508/2346 2342/2501/2342 2341/2500/2341
f 2345/2438/2290 2344/2437/2289 2347/2504/2345 2346/2503/2344
f 2350/2509/2348 2331/2492/2333 2334/2495/2336 2351/2510/2349
f 2352/2511/2350 2335/2496/2337 2331/2492/2333 2350/2509/2348
f 2353/2512/2351 2341/2500/2341 2343/2502/2343 2354/2513/2352
f 2325/2486/2327 2346/2503/2344 2349/2506/2347 2355/2514/2353
f 2324/2485/2326 2345/2438/2290 2346/2503/2344 2325/2486/2327
f 2313/2470/2315 2338/2435/2287 2345/2438/2290 2324/2485/2326
f 2312/2469/2314 2330/2491/2332 2338/2435/2287 2313/2470/2315
f 2316/2473/2318 2327/2488/2329 2330/2491/2332 2312/2469/2314
f 2318/2475/2320 2340/2499/2340 2327/2488/2329 2316/2473/2318
f 2351/2510/2349 2334/2495/2336 2339/2498/2339 2356/2515/2354
f 2332/2493/2334 1986/2102/1981 2333/2494/2335
f 2336/2497/2338 1987/2103/1982 1986/2102/1981 2332/2493/2334
f 2348/2508/2346 2270/2421/2274 1987/2103/1982 2342/2501/2342
f 2347/2504/2345 2269/2420/2273 2270/2516/2274 2348/2505/2346
f 2344/2437/2289 1984/2100/1979 2269/2420/2273 2347/2504/2345
f 2337/2436/2288 1984/2100/1979 2344/2437/2289
f 2329/2490/2331 1985/2101/1980 1984/2100/1979 2337/2436/2288
f 2328/2489/2330 1985/2101/1980 2329/2490/2331
f 1955/2071/1950 2357/2517/2355 2358/2518/2356 1956/2072/1951
f 1956/2072/1951 2358/2518/2356 2359/2519/2357 1957/2073/1952
f 1959/2520/1954 2360/2521/2358 2361/2522/2359 1960/2523/1955
f 1964/2524/1959 2362/2525/2360 2363/2526/2361 1966/2527/1961
f 1969/2528/1964 2364/2529/2362 2365/2530/2363 1970/2531/1965
f 1973/2532/1968 2366/2533/2364 2367/2534/2365 1974/2535/1969
f 1966/2527/1961 2363/2526/2361 2360/2521/2358 1959/2520/1954
f 1976/2092/1971 2368/2536/2366 2369/2537/2367 1963/2079/1958
f 1970/2531/1965 2365/2530/2363 2370/2538/2368 2371/2539/2369
f 2011/2134/2013 2372/2540/2370 2357/2517/2355 1955/2071/1950
f 2357/2541/2355 2373/2542/2371 2374/2543/2372 2358/2544/2356
f 2358/2544/2356 2374/2543/2372 2375/2545/2373 2359/2546/2357
f 2360/2521/2358 2376/2547/2374 2361/2522/2359
f 2369/2548/2367 2377/2549/2375 2378/2550/2376 2362/2525/2360
f 2362/2525/2360 2378/2550/2376 2379/2551/2377 2363/2526/2361
f 2364/2529/2362 2380/2552/2378 2381/2553/2379 2365/2530/2363
f 2366/2533/2364 2382/2554/2380 2383/2555/2381 2367/2534/2365
f 2363/2526/2361 2379/2551/2377 2376/2547/2374 2360/2521/2358
f 2368/2556/2366 2377/2549/2375 2369/2548/2367
f 2365/2530/2363 2381/2553/2379 2370/2538/2368
f 2372/2557/2370 2384/2558/2382 2373/2542/2371 2357/2541/2355
f 2373/2542/2371 2385/2559/2383 2386/2560/2384 2374/2543/2372
f 2374/2543/2372 2386/2560/2384 2387/2561/2385 2375/2545/2373
f 2377/2549/2375 2388/2562/2386 2389/2563/2387 2378/2550/2376
f 2378/2550/2376 2389/2563/2387 2390/2564/2388 2379/2551/2377
f 2382/2554/2380 2391/2565/2389 2392/2566/2390 2383/2555/2381
f 2379/2551/2377 2390/2564/2388 2393/2567/2391 2376/2547/2374
f 2384/2558/2382 2394/2568/2392 2385/2559/2383 2373/2542/2371
f 2394/2568/2392 2395/2569/2393 2396/2570/2394 2392/2566/2390
f 2393/2567/2391 2390/2564/2388 2387/2561/2385 2386/2560/2384
f 2393/2567/2391 2386/2560/2384 2385/2559/2383 2391/2565/2389
f 2390/2564/2388 2389/2563/2387 2388/2562/2386 2387/2561/2385
f 2397/2571/2395 2398/2572/2396 2399/2573/2397 2400/2574/2398
f 2169/2309/2175 2401/2575/2399 2402/2576/2400 2170/2310/2176
f 2403/2577/2401 2404/2578/2402 2397/2571/2395 2400/2574/2398
f 2405/2579/2403 2404/2578/2402 2403/2577/2401 2406/2580/2404
f 2406/2580/2404 2407/2581/2405 2408/2582/2406 2405/2579/2403
f 2409/2583/2407 2410/2584/2408 2411/2585/2409 2412/2586/2410
f 2413/2587/2411 2414/2588/2412 2415/2589/2413 2416/2590/2414
f 2417/2591/2415 2418/2592/2416 2419/2593/2417 2420/2594/2418
f 2420/2594/2418 2421/2595/2419 2422/2596/2420 2417/2591/2415
f 2423/2597/2421 2424/2598/2422 2425/2599/2423 2426/2600/2424
f 2416/2590/2414 2415/2589/2413 2193/2336/2199 2192/2335/2198
f 2170/2310/2176 2402/2576/2400 2418/2592/2416 2417/2591/2415
f 2422/2596/2420 2171/2311/2177 2170/2310/2176 2417/2591/2415
f 2425/2599/2423 2199/2344/2207 2198/2343/2206 2426/2600/2424
f 2175/2315/2181 2174/2314/2180 2410/2584/2408 2409/2583/2407
f 2179/2319/2185 2178/2318/2184 2407/2581/2405 2406/2580/2404
f 2403/2577/2401 2185/2327/2191 2179/2319/2185 2406/2580/2404
f 2185/2327/2191 2403/2577/2401 2400/2574/2398 2182/2324/2188
f 2399/2573/2397 2187/2330/2193 2182/2324/2188 2400/2574/2398
f 2187/2330/2193 2399/2573/2397 2427/2601/2425 2188/2331/2194
f 2421/2595/2419 2423/2597/2421 2426/2600/2424 2422/2596/2420
f 2198/2343/2206 2171/2311/2177 2422/2596/2420 2426/2600/2424
f 2197/2342/2205 2168/2308/2174 2171/2311/2177 2198/2343/2206
f 588/2185/589 2055/2184/2054 1650/1763/1653 169/1762/172
f 2428/2602/2426 2429/2603/2427 2430/2604/2428 2431/2605/2429
f 2431/2605/2429 2430/2604/2428 2432/2606/2430 2433/2607/2431
f 2423/2597/2421 2421/2595/2419 2434/2608/2432 2435/2609/2433
f 2235/2375/2238 2188/2331/2194 2427/2601/2425 2436/2610/2434
f 2239/2379/2242 2233/2373/2236 2437/2611/2435 2438/2612/2436
f 2437/2611/2435 2439/2613/2437 2440/2614/2438 2438/2612/2436
f 2437/2611/2435 2233/2373/2236 2231/2371/2234 2441/2615/2439
f 2441/2615/2439 2442/2616/2440 2439/2613/2437 2437/2611/2435
f 2435/2609/2433 2443/2617/2441 2424/2598/2422 2423/2597/2421
f 2432/2606/2430 2430/2604/2428 2444/2618/2442 2445/2619/2443
f 2446/2620/2444 2447/2621/2445 2448/2622/2446 2449/2623/2447
f 2441/2615/2439 2450/2624/2448 2451/2625/2449 2442/2616/2440
f 2450/2624/2448 2441/2615/2439 2231/2371/2234 2230/2370/2233
f 2436/2610/2434 2452/2626/2450 2237/2377/2240 2235/2375/2238
f 2452/2626/2450 2436/2610/2434 2448/2622/2446 2453/2627/2451
f 2447/2621/2445 2454/2628/2452 2453/2627/2451 2448/2622/2446
f 2421/2595/2419 2420/2594/2418 2455/2629/2453 2434/2608/2432
f 2433/2607/2431 2456/2630/2454 2457/2631/2455 2431/2605/2429
f 2208/2632/2456 2209/2633/2457 2139/2277/2143 2138/2276/2142
f 2442/2616/2440 2451/2625/2449 2460/2634/2458 2461/2635/2459
f 2462/2636/2460 2461/2635/2459 2460/2634/2458 2463/2637/2461
f 2461/2635/2459 2464/2638/2462 2439/2613/2437 2442/2616/2440
f 2464/2638/2462 2461/2635/2459 2462/2636/2460 2465/2639/2463
f 2466/2640/2464 2457/2631/2455 2456/2630/2454 2467/2641/2465
f 2414/2588/2412 2413/2587/2411 2468/2642/2466 2469/2643/2467
f 2440/2614/2438 2439/2613/2437 2464/2638/2462 2470/2644/2468
f 2470/2644/2468 2464/2638/2462 2465/2639/2463
f 2471/2645/2469 2469/2643/2467 2468/2642/2466
f 2472/2646/2470 2428/2602/2426 2431/2605/2429 2457/2631/2455
f 2458/2647/2471 2473/2648/2472 2474/2649/2473 2475/2650/2474
f 2473/2648/2472 2458/2647/2471 2447/2621/2445 2446/2620/2444
f 2057/2188/2056 2476/2651/2475 2477/2652/2476
f 1657/1773/1660 2047/2176/2046 2057/2188/2056 1992/2112/1991
f 1656/1772/1659 2048/2177/2047 2047/2176/2046 1657/1773/1660
f 2048/2177/2047 1656/1772/1659 1648/1760/1651 2051/2180/2050
f 1647/1759/1650 2052/2181/2051 2051/2180/2050 1648/1760/1651
f 1650/1763/1653 2055/2184/2054 2052/2181/2051 1647/1759/1650
f 2478/2653/2477 2479/2654/2478 2401/2655/2399 2169/2656/2175
f 2480/2657/2479 2238/2658/2241 2191/2659/2197
f 1750/1860/1747 1732/1842/1729 1735/1845/1732 1751/1861/1748
f 1753/1863/1750 1731/1841/1728 1732/1842/1729 1750/1860/1747
f 1728/1838/1725 1731/1841/1728 1753/1863/1750 1752/1862/1749
f 2014/2137/2016 2481/2660/2480 1747/1857/1744 1726/1836/1723
f 1746/1856/1743 1727/1837/1724 1726/1836/1723 1747/1857/1744
f 2161/2301/2167 2160/2300/2166 2157/2297/2163 2156/2296/2162
f 2165/2305/2171 2267/2418/2271 2268/2419/2272 2166/2306/2172
f 2163/2303/2169 2267/2418/2271 2165/2305/2171 1899/2012/1894
f 1701/1815/1702 2163/2303/2169 1899/2012/1894 1684/1800/1687
f 1699/1814/1701 1701/1815/1702 1684/1800/1687 1683/1799/1686
f 1685/1801/1688 1696/1812/1699 1699/1814/1701 1683/1799/1686
f 1694/1810/1697 1696/1812/1699 1685/1801/1688 1690/1806/1693
f 1694/1810/1697 1690/1806/1693 1691/1807/1694 1695/1811/1698
f 2482/2661/2481 2483/2662/2482 1707/1821/1708 1706/1820/1707
f 1702/1816/1703 2484/2663/2483 2482/2661/2481 1706/1820/1707
f 2484/2663/2483 1702/1816/1703 1705/1819/1706 2485/2664/2484
f 2155/2295/2161 2486/2665/2485 2485/2664/2484 1705/1819/1706
f 2458/2647/2471 2459/2666/2486 2454/2628/2452 2447/2621/2445
f 2262/2413/2266 2487/2667/2487 2486/2665/2485 2155/2295/2161
f 1757/1867/1754 2488/2668/2488 2489/2669/2489 2490/2670/2490
f 2491/2671/2491 1744/1854/1741 1747/1857/1744 2481/2660/2480
f 1756/1866/1753 2492/2672/2492 2488/2668/2488 1757/1867/1754
f 2493/2673/2493 2494/2674/2494 2384/2558/2382 2372/2557/2370
f 2495/2675/2495 2493/2676/2493 2372/2540/2370 2011/2134/2013
f 2085/2219/2085 2495/2675/2495 2011/2134/2013 2010/2133/2012
f 2086/2220/2086 2085/2219/2085 2010/2133/2012 2012/2135/2014
f 2122/2260/2126 2086/2220/2086 2012/2135/2014 2126/2264/2130
f 2129/2267/2133 2122/2260/2126 2126/2264/2130 2125/2263/2129
f 2139/2277/2143 2120/2258/2124 2119/2257/2123 2140/2278/2144
f 2209/2633/2457 2207/2352/2215 2120/2258/2124 2139/2277/2143
f 2488/2668/2488 1769/1879/1766 1768/1878/1765 2489/2669/2489
f 1755/1865/1752 2491/2671/2491 2481/2660/2480 1752/1862/1749
f 1728/1838/1725 1752/1862/1749 2481/2660/2480 2014/2137/2016
f 2013/2136/2015 1729/1839/1726 1728/1838/1725 2014/2137/2016
f 1840/1952/1839 1729/1839/1726 2013/2136/2015 2015/2138/2017
f 1717/1827/1714 1718/1828/1715 1721/1831/1718 1714/1824/1711
f 2296/2449/2300 2298/2451/2302 1714/1824/1711 1721/1831/1718
f 2547/2677/2496 2548/2678/2497 2549/2679/2498 2550/2680/2499
f 2496/2681/2500 2305/2457/2306 2298/2451/2302 2296/2449/2300
f 2497/2682/2501 2322/2483/2324 2305/2482/2306 2496/2683/2500
f 2343/2502/2343 2335/2496/2337 2352/2511/2350 2354/2513/2352
f 2342/2501/2342 2336/2497/2338 2335/2496/2337 2343/2502/2343
f 2498/2684/2502 2499/2685/2503 2500/2686/2504 2501/2687/2505
f 2502/2688/2506 2503/2689/2507 2504/2690/2508 2505/2691/2509
f 2505/2691/2509 2487/2667/2487 2262/2413/2266 2502/2688/2506
f 2261/2412/2265 2506/2692/2510 2502/2688/2506 2262/2413/2266
f 2506/2692/2510 2507/2693/2511 2503/2689/2507 2502/2688/2506
f 2508/2694/2512 2499/2685/2503 2498/2684/2502 2509/2695/2513
f 2506/2692/2510 2261/2412/2265 2271/2422/2275 2510/2696/2514
f 2511/2697/2515 2510/2698/2514 2271/2467/2275 2310/2466/2312
f 2355/2514/2353 2512/2699/2516 2326/2487/2328 2325/2486/2327
f 2510/2696/2514 2513/2700/2517 2507/2693/2511 2506/2692/2510
f 2514/2701/2518 2515/2702/2519 2508/2694/2512 2509/2695/2513
f 2510/2703/2514 2511/2704/2515 2516/2705/2520 2513/2706/2517
f 2296/2449/2300 2295/2448/2299 2517/2707/2521 2496/2681/2500
f 2295/2448/2299 2294/2447/2298 2518/2708/2522 2517/2707/2521
f 2662/2709/2523 2630/2710/2524 2633/2711/2525 2663/2712/2526
f 2521/2713/2527 2522/2714/2528 2517/2715/2521 2518/2716/2522
f 2394/2568/2392 2392/2566/2390 2391/2565/2389 2385/2559/2383
f 2354/2513/2352 2497/2682/2501 2522/2714/2528 2353/2512/2351
f 2497/2682/2501 2496/2683/2500 2517/2715/2521 2522/2714/2528
f 2319/2477/2321 2351/2510/2349 2356/2515/2354 2320/2478/2322
f 2321/2481/2323 2350/2509/2348 2351/2510/2349 2319/2477/2321
f 2322/2483/2324 2352/2511/2350 2350/2509/2348 2321/2481/2323
f 2354/2513/2352 2352/2511/2350 2322/2483/2324 2497/2682/2501
f 2342/2501/2342 1987/2103/1982 2336/2497/2338
f 2523/2717/2529 2524/2718/2530 2525/2719/2531 2526/2720/2532
f 2527/2721/2533 2523/2717/2529 2526/2720/2532 2528/2722/2534
f 2528/2722/2534 2529/2723/2535 2530/2724/2536 2527/2721/2533
f 2531/2725/2537 2532/2726/2538 2533/2727/2539 2534/2728/2540
f 2535/2729/2541 2536/2730/2542 2537/2731/2543 2538/2732/2544
f 1890/2733/1885 2539/2734/2545 2536/2730/2542 2540/2735/2546
f 2539/2736/2545 1890/2003/1885 1891/2004/1886 2541/2737/2547
f 2542/2738/2548 2543/2739/2549 2544/2740/2550 2545/2741/2551
f 2535/2729/2541 2538/2732/2544 2546/2742/2552 1874/1982/1869
f 1596/1702/1603 2215/2358/2221 2609/2743/2553 2211/2354/2217
f 2548/2678/2497 2547/2677/2496 2551/2744/2554 2552/2745/2555
f 2553/2746/2556 2554/2747/2557 2555/2748/2558 2556/2749/2559
f 2555/2748/2558 2554/2747/2557 2557/2750/2560 2558/2751/2561
f 2554/2747/2557 2553/2746/2556 2559/2752/2562 2557/2750/2560
f 2558/2751/2561 2557/2750/2560 1771/1881/1768 1770/1880/1767
f 2560/2753/2563 1771/1881/1768 2557/2750/2560 2559/2752/2562
f 2561/2754/2564 1891/2004/1886 1883/1991/1878 1978/2094/1973
f 2562/2755/2565 2541/2737/2547 1891/2004/1886 2561/2754/2564
f 2563/2756/2566 2564/2757/2567 2565/2758/2568 2566/2759/2569
f 2567/2760/2570 2208/2632/2456 2138/2276/2142 2568/2761/2571
f 2569/2762/2572 1738/1848/1735 1757/1867/1754 2490/2670/2490
f 1739/1849/1736 1738/1848/1735 2569/2762/2572 2570/2763/2573
f 2571/2764/2574 1736/1846/1733 1739/1849/1736 2572/2765/2575
f 1743/1853/1740 2573/2766/2576 2574/2767/2577 1740/1850/1737
f 1740/1850/1737 2574/2767/2577 2575/2768/2578 2156/2296/2162
f 2576/2769/2579 2161/2301/2167 2156/2296/2162 2575/2768/2578
f 2577/2770/2580 2158/2298/2164 2161/2301/2167 2576/2769/2579
f 2578/2771/2581 2259/2460/2308 2158/2298/2164 2577/2770/2580
f 2514/2772/2518 2519/2773/2582 2520/2774/2583 2515/2775/2519
f 2581/2776/2584 2509/2695/2513 2498/2684/2502 2579/2777/2585
f 2582/2778/2586 2514/2701/2518 2509/2695/2513 2581/2776/2584
f 2519/2773/2582 2514/2772/2518 2582/2779/2586
f 2583/2780/2587 2210/2353/2216 2039/2168/2038 2040/2169/2039
f 2584/2781/2588 2585/2782/2589 2586/2783/2590 2587/2784/2591
f 2587/2784/2591 2586/2783/2590 2588/2785/2592 2589/2786/2593
f 2589/2786/2593 2588/2785/2592 2590/2787/2594 2591/2788/2595
f 2592/2789/2596 2593/2790/2597 2591/2788/2595 2590/2787/2594
f 2594/2791/2598 2595/2792/2599 2593/2790/2597 2592/2789/2596
f 2596/2793/2600 2597/2794/2601 2598/2795/2602 2599/2796/2603
f 2210/2353/2216 2583/2780/2587 2600/2797/2604 2601/2798/2605
f 2601/2798/2605 2600/2797/2604 2602/2799/2606 2603/2800/2607
f 2603/2800/2607 2602/2799/2606 2597/2794/2601 2596/2793/2600
f 2596/2793/2600 2604/2801/2608 2605/2802/2609 2603/2800/2607
f 2043/2172/2042 2210/2353/2216 2601/2798/2605 2606/2803/2610
f 2603/2800/2607 2605/2802/2609 2606/2803/2610 2601/2798/2605
f 2607/2804/2611 2608/2805/2612 2214/2357/2220 2216/2359/2222
f 2609/2743/2553 2215/2358/2221 2214/2357/2220 2608/2805/2612
f 2247/2396/2253 2610/2806/2613 2217/2360/2223 2248/2397/2254
f 1597/1703/1604 1596/1702/1603 2211/2354/2217 1914/2027/1909
f 1927/2042/1922 1597/1703/1604 1914/2027/1909 1913/2026/1908
f 1928/2043/1923 1927/2042/1922 1913/2026/1908 1918/2031/1913
f 1929/2044/1924 1928/2043/1923 1918/2031/1913 1917/2030/1912
f 1930/2045/1925 1929/2044/1924 1917/2030/1912 1922/2035/1917
f 1931/2046/1926 1930/2045/1925 1922/2035/1917 1921/2034/1916
f 1932/2047/1927 1931/2046/1926 1921/2034/1916 1926/2041/1921
f 453/2040/448 460/2048/455 1932/2047/1927 1926/2041/1921
f 2607/2804/2611 2216/2359/2222 2217/2360/2223 2610/2806/2613
f 2611/2807/2614 2612/2808/2615 2613/2809/2616 2614/2810/2617
f 2614/2810/2617 2615/2811/2618 2616/2812/2619 2611/2807/2614
f 2617/2813/2620 2615/2811/2618 2604/2801/2608 2618/2814/2621
f 2618/2814/2621 2604/2801/2608 2596/2793/2600 2599/2796/2603
f 2234/2815/2237 2240/2338/2201 2227/2337/2200 2189/2816/2195
f 2236/2817/2239 2241/2384/2247 2240/2338/2201 2234/2815/2237
f 2229/2818/2232 2228/2819/2231 2595/2792/2599 2594/2791/2598
f 2605/2802/2609 2604/2801/2608 2615/2811/2618 2614/2810/2617
f 2614/2810/2617 2613/2809/2616 2606/2803/2610 2605/2802/2609
f 2599/2796/2603 2598/2795/2602 2619/2820/2622 2620/2821/2623
f 2613/2809/2616 2612/2808/2615 2621/2822/2624 2042/2171/2041
f 2042/2171/2041 2621/2822/2624 2291/2444/2295 2288/2441/2292
f 1172/1251/1173 848/885/852 2293/2446/2297 2622/2823/2625
f 2283/2431/2284 2282/2381/2244 2287/2439/2291 2623/2824/2626
f 2624/2825/2627 2625/2826/2628 2247/2396/2253 2246/2395/2252
f 2608/2805/2612 2607/2804/2611 2626/2827/2629 2627/2828/2630
f 2627/2828/2630 2628/2829/2631 2609/2743/2553 2608/2805/2612
f 2607/2804/2611 2610/2806/2613 2629/2830/2632 2626/2827/2629
f 2630/2710/2524 2631/2831/2633 2632/2832/2634 2633/2711/2525
f 2631/2831/2633 2634/2833/2635 2616/2812/2619 2632/2832/2634
f 2634/2833/2635 2635/2834/2636 2611/2807/2614 2616/2812/2619
f 2636/2835/2637 2622/2823/2625 2293/2446/2297 2292/2445/2296
f 2637/2836/2638 2638/2837/2639 2621/2822/2624 2612/2808/2615
f 2639/2838/2640 2291/2444/2295 2621/2822/2624 2638/2837/2639
f 2291/2444/2295 2639/2838/2640 2636/2835/2637 2292/2445/2296
f 2637/2836/2638 2612/2808/2615 2611/2807/2614 2635/2834/2636
f 2283/2431/2284 2246/2395/2252 2249/2398/2255 2284/2432/2285
f 2246/2395/2252 2283/2431/2284 2623/2824/2626 2624/2825/2627
f 1613/2125/2004 2001/2123/2002 1997/2118/1997 1610/2117/1996
f 2625/2826/2628 2629/2830/2632 2610/2806/2613 2247/2396/2253
f 2640/2839/2641 2284/2432/2285 2249/2398/2255 2641/2840/2642
f 2248/2397/2254 2642/2841/2643 2641/2840/2642 2249/2398/2255
f 2281/2430/2283 2285/2382/2245 2284/2432/2285 2640/2839/2641
f 2642/2841/2643 2248/2397/2254 2217/2360/2223 2204/2349/2212
f 2245/2394/2251 2281/2430/2283 2640/2839/2641 2641/2840/2642
f 2204/2349/2212 2245/2394/2251 2641/2840/2642 2642/2841/2643
f 2620/2821/2623 2619/2820/2622 2643/2842/2644 2644/2843/2645
f 2609/2743/2553 2628/2829/2631 2212/2355/2218 2211/2354/2217
f 2645/2844/2646 2646/2845/2647 2647/2846/2648 2644/2843/2645
f 2648/2847/2649 2649/2848/2650 2650/2849/2651 2651/2850/2652
f 2651/2850/2652 2650/2849/2651 2652/2851/2653 2653/2852/2654
f 2653/2852/2654 2652/2851/2653 1206/2853/1207 1205/2854/1206
f 2654/2855/2655 2655/2856/2656 2648/2847/2649 2651/2850/2652
f 2656/2857/2657 2654/2855/2655 2651/2850/2652 2653/2852/2654
f 2656/2857/2657 2653/2852/2654 1205/2854/1206 1210/2858/1211
f 1948/2064/1943 1947/2063/1942 2657/2859/2658 2658/2860/2659
f 2659/2861/2660 2660/2862/2661 2148/2284/2150 2661/2863/2662
f 2042/2171/2041 2043/2172/2042 2606/2803/2610 2613/2809/2616
f 2664/2864/2663 2665/2865/2664 2666/2866/2665 2667/2867/2666
f 2666/2866/2665 2665/2865/2664 2668/2868/2667 2669/2869/2668
f 2670/2870/2669 2671/2871/2670 2662/2709/2523 2663/2712/2526
f 2669/2869/2668 2668/2868/2667 2671/2871/2670 2670/2870/2669
f 2226/2367/2230 2186/2872/2192 2189/2816/2195 2227/2337/2200
f 2672/2873/2671 2673/2874/2672 2674/2875/2673 2675/2876/2674
f 2676/2877/2675 2672/2873/2671 2675/2876/2674 2677/2878/2676
f 2678/2879/2677 2677/2878/2676 2675/2876/2674 2679/2880/2678
f 1628/1738/1631 1636/1748/1639 2680/2881/2679 2681/2882/2680
f 2679/2880/2678 2675/2876/2674 2674/2875/2673 2682/2883/2681
f 2681/2882/2680 2683/2884/2682 1629/1739/1632 1628/1738/1631
f 1629/1739/1632 2683/2884/2682 2684/2885/2683 2685/2886/2684
f 1629/1739/1632 2685/2886/2684 2000/2122/2001 1626/1736/1629
f 117/1714/118 111/1708/112 1603/1711/1610 1605/1715/1612
f 1601/1707/1608 1608/1718/1615 1605/1715/1612 1603/1711/1610
f 1600/1706/1607 1609/1719/1616 1608/1718/1615 1601/1707/1608
f 1613/2125/2004 1609/1719/1616 1600/1706/1607 2001/2123/2002
f 2685/2886/2684 2684/2885/2683 1998/2119/1998 1997/2118/1997
f 2001/2123/2002 2000/2122/2001 2685/2886/2684 1997/2118/1997
f 2646/2845/2647 2645/2844/2646 2686/2887/2685 2687/2888/2686
f 2688/2889/2687 2689/2890/2688 2687/2888/2686 2686/2887/2685
f 2169/2656/2175 2168/2891/2174 2690/2892/2689 2478/2653/2477
f 2168/2891/2174 2197/2410/2205 2258/2409/2264 2690/2892/2689
f 2691/2893/2690 1806/1916/1803 1805/1915/1802 2692/2894/2691
f 2693/2895/2692 1807/1917/1804 1806/1916/1803 2691/2893/2690
f 1808/1918/1805 1807/1917/1804 2693/2895/2692 2694/2896/2693
f 1809/1919/1806 1808/1918/1805 2694/2896/2693 2695/2897/2694
f 2696/2898/2695 1825/1935/1822 1824/1934/1821 2697/2899/2696
f 2698/2900/2697 1844/1956/1843 1843/1955/1842 2699/2901/2698
f 2700/2902/2699 2067/2198/2066 1844/1956/1843 2698/2900/2697
f 2080/2214/2080 2100/2234/2100 2099/2233/2099 2081/2215/2081
f 1790/1900/1787 2093/2227/2093 2100/2234/2100 2080/2214/2080
f 2094/2228/2094 2093/2227/2093 1790/1900/1787 1789/1899/1786
f 2701/2903/2700 2702/2904/2701 2703/2905/2702
f 2078/2212/2078 2704/2906/2703 2692/2894/2691 1805/1915/1802
f 1812/1922/1809 2701/2903/2700 2703/2905/2702 1813/1923/1810
f 1962/2078/1957 1950/2066/1945 1963/2079/1958
f 2213/2356/2219 2250/2399/2256 2202/2347/2210 2201/2346/2209
f 1833/1943/1830 1832/1942/1829 2483/2662/2482 2482/2661/2481
f 2484/2663/2483 1834/1944/1831 1833/1943/1830 2482/2661/2481
f 1834/1944/1831 2484/2663/2483 2485/2664/2484 1835/1669/1574
f 2486/2665/2485 1836/1670/1575 1835/1669/1574 2485/2664/2484
f 2487/2667/2487 2164/2304/2170 1836/1670/1575 2486/2665/2485
f 2264/2415/2268 2164/2304/2170 2487/2667/2487 2505/2691/2509
f 2504/2690/2508 2265/2416/2269 2264/2415/2268 2505/2691/2509
f 2501/2687/2505 2259/2460/2308 2578/2771/2581 2580/2907/2704
f 2500/2686/2504 2260/2461/2309 2259/2460/2308 2501/2687/2505
f 1837/1949/1836 1722/1832/1719 1719/1829/1716 1838/1950/1837
f 2015/2138/2017 1838/1950/1837 1719/1829/1716 1718/1828/1715
f 1840/1952/1839 2015/2138/2017 1718/1828/1715 1717/1827/1714
f 1716/1826/1713 1839/1951/1838 1840/1952/1839 1717/1827/1714
f 1841/1953/1840 1839/1951/1838 1716/1826/1713 1711/1946/1833
f 1842/1954/1841 1841/1953/1840 1711/1946/1833 1710/1945/1832
f 2705/2908/2705 2706/2909/2706 2707/2910/2707 2708/2911/2708
f 2709/2912/2709 2710/2913/2710 2708/2911/2708 2707/2910/2707
f 2711/2914/2711 2712/2915/2712 2710/2913/2710 2709/2912/2709
f 2713/2916/2713 2712/2915/2712 2714/2917/2714 2715/2918/2715
f 2715/2918/2715 2714/2917/2714 2716/2919/2716 2717/2920/2717
f 2717/2920/2717 2716/2919/2716 2718/2921/2718 2719/2922/2719
f 2720/2923/2720 2721/2924/2721 2719/2922/2719 2718/2921/2718
f 2722/2925/2722 2723/2926/2723 2721/2924/2721 2720/2923/2720
f 2724/2927/2724 2725/2928/2725 2723/2929/2723 2722/2930/2722
f 2726/2931/2726 2727/2932/2727 2725/2928/2725 2724/2927/2724
f 2339/2498/2339 2728/2933/2728 2727/2932/2727 2726/2931/2726
f 2333/2494/2335 1273/1354/1272 2728/2933/2728 2339/2498/2339
f 1986/2102/1981 1274/1355/1273 1273/1354/1272 2333/2494/2335
f 1985/2101/1980 1275/1356/1274 1274/1355/1273 1986/2102/1981
f 1276/1357/1275 1275/1356/1274 1985/2101/1980 2328/2489/2330
f 2729/2934/2729 2340/2499/2340 2318/2475/2320
f 2730/2935/2730 2729/2934/2729 2318/2475/2320 2317/2474/2319
f 2731/2936/2731 2732/2937/2732 2308/2463/2310 1991/2462/1986
f 2733/2938/2733 2731/2939/2731 1991/2107/1986 1708/1822/1709
f 1707/1821/1708 2734/2940/2734 2733/2938/2733 1708/1822/1709
f 2483/2662/2482 2735/2941/2735 2734/2940/2734 1707/1821/1708
f 1832/1942/1829 2736/2942/2736 2735/2941/2735 2483/2662/2482
f 1692/1808/1695 2737/2943/2737 2736/2942/2736 1832/1942/1829
f 2737/2943/2737 1692/1808/1695 1695/1811/1698 2738/2944/2738
f 1691/1807/1694 2739/2945/2739 2738/2944/2738 1695/1811/1698
f 1689/1805/1692 2740/2946/2740 2739/2945/2739 1691/1807/1694
f 1688/1804/1691 2741/2947/2741 2740/2946/2740 1689/1805/1692
f 1666/1782/1669 2742/2948/2742 2743/2949/2743 1668/1784/1671
f 2742/2948/2742 1666/1782/1669 1664/1780/1667 2744/2950/2744
f 1663/1779/1666 2745/2951/2745 2744/2950/2744 1664/1780/1667
f 847/884/851 1295/1377/1294 2746/2952/2746 2290/2443/2294
f 1748/1858/1745 2747/2953/2747 2748/2954/2748 1749/1859/1746
f 1875/1983/1870 1874/1982/1869 2546/2742/2552 2749/2955/2749
f 2491/2671/2491 2545/2741/2551 2750/2956/2750 1744/1854/1741
f 2751/2957/2751 2752/2958/2752 2753/2959/2753 2754/2960/2754
f 2567/2760/2570 2568/2761/2571 2751/2957/2751 2754/2960/2754
f 2752/2958/2752 2755/2961/2755 2756/2962/2756 2753/2959/2753
f 2220/2363/2226 2756/2962/2756 2755/2961/2755 2221/2364/2227
f 2218/2361/2224 2221/2364/2227 2757/2963/2757 2758/2964/2758
f 2758/2964/2758 2224/2340/2203 2222/2339/2202 2218/2361/2224
f 2367/2534/2365 2383/2555/2381 2380/2552/2378 2364/2529/2362
f 2775/2965/2759 2771/2966/2760 2770/2967/2761
f 1974/2535/1969 2367/2534/2365 2364/2529/2362 1969/2528/1964
f 1975/2091/1970 1974/2090/1969 1969/2085/1964 1968/2084/1963
f 1830/1940/1827 1821/1931/1818 1820/1930/1817 1831/1941/1828
f 1843/1955/1842 1825/1935/1822 2696/2898/2695 2699/2901/2698
f 1825/1935/1822 1843/1955/1842 1846/1958/1845 1826/1936/1823
f 1826/1936/1823 1846/1958/1845 2090/2224/2090 2087/2221/2087
f 2098/2232/2098 2091/2225/2091 2087/2221/2087 2090/2224/2090
f 1845/1957/1844 2066/2197/2065 2101/2235/2101 2089/2223/2089
f 2114/2252/2118 2113/2251/2117 2759/2968/2762 2760/2969/2763
f 1910/2023/1905 1912/2025/1907 2009/2202/2070 2007/2131/2010
f 1787/1897/1784 1795/1905/1792 1912/2025/1907 1910/2023/1905
f 1786/1896/1783 1796/1906/1793 1795/1905/1792 1787/1897/1784
f 2150/2286/2152 2152/2292/2158 1796/1906/1793 1786/1896/1783
f 2149/2285/2151 2153/2293/2159 2152/2292/2158 2150/2286/2152
f 2761/2970/2764 2762/2971/2765 2098/2232/2098 2097/2231/2097
f 2091/2225/2091 2098/2232/2098 2762/2971/2765 2763/2972/2766
f 2092/2226/2092 2091/2225/2091 2763/2972/2766 2764/2973/2767
f 2226/2367/2230 2225/2366/2229 2765/2974/2768 2766/2975/2769
f 2579/2777/2585 2498/2684/2502 2501/2687/2505 2580/2907/2704
f 2768/2976/2770 2769/2977/2771 2770/2967/2761 2771/2966/2760
f 2061/2192/2060 2058/2189/2057 1828/1938/1825 1971/2087/1966
f 1971/2087/1966 1828/1938/1825 1831/1941/1828 1968/2084/1963
f 1820/1930/1817 1975/2091/1970 1968/2084/1963 1831/1941/1828
f 1975/2091/1970 1820/1930/1817 1823/1933/1820 1972/2088/1967
f 1818/1928/1815 1958/2074/1953 1961/2077/1956 1819/1929/1816
f 1814/1924/1811 1967/2083/1962 1958/2074/1953 1818/1928/1815
f 1967/2083/1962 1814/1924/1811 1810/1920/1807 1965/2081/1960
f 1965/2081/1960 1810/1920/1807 1813/1923/1810 1962/2078/1957
f 2703/2905/2702 1950/2066/1945 1962/2078/1957 1813/1923/1810
f 2702/2904/2701 1951/2067/1946 1950/2066/1945 2703/2905/2702
f 2113/2251/2117 1951/2067/1946 2702/2904/2701 2658/2860/2659
f 2657/2859/2658 2759/2968/2762 2113/2251/2117 2658/2860/2659
f 2769/2977/2771 2768/2976/2770 2772/2978/2772 2773/2979/2773
f 2130/2268/2134 2774/2980/2774 2136/2274/2140 2131/2269/2135
f 2061/2192/2060 2768/2976/2770 2771/2966/2760 2058/2189/2057
f 2773/2979/2773 2115/2253/2119 2082/2216/2082 2769/2977/2771
f 2770/2967/2761 2769/2977/2771 2082/2216/2082 2081/2215/2081
f 2059/2190/2058 2058/2189/2057 2771/2966/2760 2775/2965/2759
f 2776/2981/2775 2067/2198/2066 2700/2902/2699 2777/2982/2776
f 2778/2983/2777 2106/2240/2106 2108/2242/2108 2779/2984/2778
f 1947/2063/1942 2153/2293/2159 2780/2985/2779 2657/2859/2658
f 2127/2265/2131 2107/2241/2107 2106/2240/2106 2778/2983/2777
f 2067/2198/2066 2776/2981/2775 2099/2233/2099 2066/2197/2065
f 2657/2859/2658 2780/2985/2779 2781/2986/2780 2759/2968/2762
f 2780/2985/2779 2782/2987/2781 2783/2988/2782 2781/2986/2780
f 2784/2989/2783 2766/2975/2769 2765/2974/2768 2659/2861/2660
f 2784/2989/2783 2785/2990/2784 2767/2991/2785 2766/2975/2769
f 2782/2987/2781 2780/2985/2779 2153/2293/2159 2149/2285/2151
f 2221/2364/2227 2755/2961/2755 2786/2992/2786 2757/2963/2757
f 2141/2279/2145 2787/2993/2787 2568/2761/2571 2138/2276/2142
f 2127/2265/2131 2778/2983/2777 2787/2993/2787 2141/2279/2145
f 2140/2278/2144 2125/2263/2129 2127/2265/2131 2141/2279/2145
f 2119/2257/2123 2129/2267/2133 2125/2263/2129 2140/2278/2144
f 2118/2256/2122 2128/2266/2132 2129/2267/2133 2119/2257/2123
f 2111/2249/2115 2132/2270/2136 2135/2273/2139 2123/2261/2127
f 2110/2248/2114 2133/2271/2137 2132/2270/2136 2111/2249/2115
f 2766/2975/2769 2767/2991/2785 2186/2872/2192 2226/2367/2230
f 1892/2005/1887 2079/2213/2079 2116/2254/2120 1953/2069/1948
f 1782/1892/1779 1791/1901/1788 2079/2213/2079 1892/2005/1887
f 1792/1902/1789 1791/1901/1788 1782/1892/1779 1781/1891/1778
f 2787/2993/2787 2778/2983/2777 2779/2984/2778 2788/2994/2788
f 2787/2993/2787 2788/2994/2788 2751/2957/2751 2568/2761/2571
f 2755/2961/2755 2752/2958/2752 2789/2995/2789 2786/2992/2786
f 2789/2995/2789 2752/2958/2752 2751/2957/2751 2788/2994/2788
f 1739/1849/1736 2570/2763/2573 2790/2996/2790 2572/2765/2575
f 2790/2996/2790 2570/2763/2573 2585/2782/2589 2584/2781/2588
f 2359/2546/2357 2375/2545/2373 2377/2549/2375 2368/2556/2366
f 1957/2073/1952 2359/2519/2357 2368/2536/2366 1976/2092/1971
f 1943/2059/1938 1957/2073/1952 1976/2092/1971 1949/2065/1944
f 1943/2059/1938 1949/2065/1944 1952/2068/1947 1944/2060/1939
f 2114/2252/2118 2108/2242/2108 1944/2060/1939 1952/2068/1947
f 2108/2242/2108 2114/2252/2118 2760/2969/2763 2779/2984/2778
f 2779/2984/2778 2760/2969/2763 2789/2995/2789 2788/2994/2788
f 2759/2968/2762 2781/2986/2780 2791/2997/2791 2760/2969/2763
f 2791/2997/2791 2786/2992/2786 2789/2995/2789 2760/2969/2763
f 2520/2774/2583 2521/2713/2527 2518/2716/2522 2515/2775/2519
f 2474/2649/2473 2807/2998/2792 2429/2603/2427 2428/2602/2426
f 2294/2447/2298 2508/2694/2512 2515/2702/2519 2518/2708/2522
f 2508/2694/2512 2294/2447/2298 1723/1833/1720 2499/2685/2503
f 2500/2686/2504 2499/2685/2503 1723/1833/1720 1722/1832/1719
f 2260/2461/2309 2500/2686/2504 1722/1832/1719 1837/1949/1836
f 2159/2299/2165 2260/2461/2309 1837/1949/1836 1724/1834/1721
f 2159/2299/2165 1724/1834/1721 1727/1837/1724 2160/2300/2166
f 2157/2297/2163 2160/2300/2166 1727/1837/1724 1746/1856/1743
f 1745/1855/1742 1741/1851/1738 2157/2297/2163 1746/1856/1743
f 2792/2999/2793 1745/1855/1742 1744/1854/1741 2750/2956/2750
f 1741/1851/1738 1745/1855/1742 2792/2999/2793 1742/1852/1739
f 2783/2988/2782 2793/3000/2794 2791/2997/2791 2781/2986/2780
f 2786/2992/2786 2791/2997/2791 2793/3000/2794 2757/2963/2757
f 2794/3001/2795 2758/2964/2758 2757/2963/2757 2793/3000/2794
f 2793/3000/2794 2783/2988/2782 2795/3002/2796 2794/3001/2795
f 2660/2862/2661 2782/2987/2781 2149/2285/2151 2148/2284/2150
f 2795/3002/2796 2783/2988/2782 2782/2987/2781 2660/2862/2661
f 2225/2366/2229 2224/2340/2203 2758/2964/2758 2794/3001/2795
f 2225/2366/2229 2794/3001/2795 2795/3002/2796 2765/2974/2768
f 839/872/842 1172/1251/1173 2622/2823/2625 2286/2433/2286
f 2256/2405/2262 2257/2408/2263 2196/2411/2204 2173/2406/2179
f 2173/2313/2179 2196/2341/2204 2199/2344/2207 2174/2314/2180
f 2410/2584/2408 2174/2314/2180 2199/2344/2207 2425/2599/2423
f 2424/2598/2422 2411/2585/2409 2410/2584/2408 2425/2599/2423
f 2443/2617/2441 2796/3003/2797 2411/2585/2409 2424/2598/2422
f 2444/2618/2442 2797/3004/2798 2798/3005/2799 2445/2619/2443
f 2799/3006/2800 2255/2404/2261 2172/2407/2178 2800/3007/2801
f 2800/3008/2801 2172/2312/2178 2175/2315/2181 2801/3009/2802
f 2801/3009/2802 2175/2315/2181 2409/2583/2407 2802/3010/2803
f 2802/3010/2803 2409/2583/2407 2412/2586/2410 2803/3011/2804
f 2407/2581/2405 2802/3010/2803 2803/3011/2804 2408/2582/2406
f 2178/2318/2184 2801/3009/2802 2802/3010/2803 2407/2581/2405
f 2177/2317/2183 2800/3008/2801 2801/3009/2802 2178/2318/2184
f 2799/3006/2800 2800/3007/2801 2177/2321/2183 2180/2320/2186
f 2661/2863/2662 2804/3012/2805 2784/2989/2783 2659/2861/2660
f 2804/3012/2805 2676/2877/2675 2785/2990/2784 2784/2989/2783
f 2183/3013/2189 2767/2991/2785 2785/2990/2784 2805/3014/2806
f 2805/3014/2806 2806/3015/2807 2184/2328/2190 2183/3013/2189
f 2645/2844/2646 2644/2843/2645 2643/2842/2644 2840/3016/2808
f 2472/2646/2470 2474/2649/2473 2428/2602/2426
f 2466/2640/2464 2475/2650/2474 2472/2646/2470
f 2397/2571/2395 2404/2578/2402 2808/3017/2809 2809/3018/2810
f 2810/3019/2811 2811/3020/2812 2798/3005/2799 2797/3004/2798
f 2812/3021/2813 2398/2572/2396 2397/2571/2395 2809/3018/2810
f 2808/3017/2809 2404/2578/2402 2405/2579/2403 2813/3022/2814
f 2405/2579/2403 2408/2582/2406 2814/3023/2815 2813/3022/2814
f 2815/3024/2816 2816/3025/2817 2796/3003/2797 2443/2617/2441
f 2817/3026/2818 2815/3024/2816 2443/2617/2441 2435/2609/2433
f 2434/2608/2432 2818/3027/2819 2817/3026/2818 2435/2609/2433
f 2455/2629/2453 2818/3027/2819 2434/2608/2432
f 2796/3003/2797 2819/3028/2820 2412/2586/2410 2411/2585/2409
f 2820/3029/2821 2444/2618/2442 2430/2604/2428 2429/2603/2427
f 2412/2586/2410 2819/3028/2820 2821/3030/2822 2803/3011/2804
f 2814/3023/2815 2408/2582/2406 2803/3011/2804 2821/3030/2822
f 2822/3031/2823 2823/3032/2824 2824/3033/2825 2825/3034/2826
f 2826/3035/2827 2822/3031/2823 2825/3034/2826 2827/3036/2828
f 2828/3037/2829 2826/3035/2827 2827/3036/2828
f 2765/2974/2768 2795/3002/2796 2660/2862/2661 2659/2861/2660
f 2830/3038/2830 2455/2629/2453 2420/2594/2418 2419/2593/2417
f 2819/3028/2820 2796/3003/2797 2816/3025/2817 2831/3039/2831
f 2809/3018/2810 2808/3017/2809 2811/3020/2812 2810/3019/2811
f 2823/3032/2824 2832/3040/2832 2833/3041/2833 2824/3033/2825
f 2798/3005/2799 2811/3020/2812 2832/3040/2832 2823/3032/2824
f 2445/2619/2443 2798/3005/2799 2823/3032/2824 2822/3031/2823
f 2432/2606/2430 2445/2619/2443 2822/3031/2823 2826/3035/2827
f 2828/3037/2829 2433/2607/2431 2432/2606/2430 2826/3035/2827
f 2834/3042/2834 2456/2630/2454 2433/2607/2431 2828/3037/2829
f 2833/3041/2833 2832/3040/2832 2813/3022/2814 2814/3023/2815
f 2832/3040/2832 2811/3020/2812 2808/3017/2809 2813/3022/2814
f 2676/2877/2675 2804/3012/2805 2835/3043/2835 2672/2873/2671
f 2804/3012/2805 2661/2863/2662 2836/3044/2836 2835/3043/2835
f 2184/2328/2190 2806/3015/2807 2837/3045/2837 2181/2323/2187
f 2676/2877/2675 2838/3046/2838 2805/3014/2806 2785/2990/2784
f 2829/3047/2839 2467/2641/2465 2456/2630/2454 2834/3042/2834
f 2661/2863/2662 2148/2284/2150 2839/3048/2840 2836/3044/2836
f 2148/2284/2150 2151/2287/2153 1940/2056/1935 2839/3048/2840
f 2672/2873/2671 2835/3043/2835 2873/3049/2841 2673/2874/2672
f 2840/3016/2808 2841/3050/2842 2686/2887/2685 2645/2844/2646
f 2841/3050/2842 2842/3051/2843 2688/2889/2687 2686/2887/2685
f 2478/2653/2477 2690/2892/2689 2843/3052/2844 2844/3053/2845
f 2843/3052/2844 2690/2892/2689 2258/2409/2264 2845/3054/2846
f 2494/2674/2494 2493/2673/2493 2846/3055/2847 2847/3056/2848
f 2495/2675/2495 2085/2219/2085 2084/2218/2084 2848/3057/2849
f 2849/3058/2850 2065/2196/2064 2850/3059/2851 2851/3060/2852
f 2136/2274/2140 2849/3058/2850 2851/3060/2852 2137/2275/2141
f 2136/2274/2140 2774/2980/2774 2852/3061/2853 2849/3058/2850
f 2061/2192/2060 2060/2191/2059 2853/3062/2854 2854/3063/2855
f 2772/2978/2772 2768/2976/2770 2061/2192/2060 2854/3063/2855
f 2849/3058/2850 2852/3061/2853 2062/2193/2061 2065/2196/2064
f 2853/3062/2854 2060/2191/2059 1970/2086/1965 2371/3064/2369
f 2476/2651/2475 2855/3065/2856 2856/3066/2857 2477/2652/2476
f 2615/2811/2618 2617/2813/2620 2632/2832/2634 2616/2812/2619
f 2688/2889/2687 2855/3065/2856 2857/3067/2858 2689/2890/2688
f 2855/3065/2856 2476/2651/2475 2858/3068/2859 2857/3067/2858
f 2476/2651/2475 2057/2188/2056 2056/2187/2055 2858/3068/2859
f 2254/2403/2260 2843/3052/2844 2845/3054/2846 2251/2400/2257
f 2859/3069/2860 2860/3070/2861 2617/2813/2620 2618/2814/2621
f 2617/2813/2620 2860/3070/2861 2633/2711/2525 2632/2832/2634
f 2860/3070/2861 2861/3071/2862 2663/2712/2526 2633/2711/2525
f 2670/2870/2669 2663/2712/2526 2861/3071/2862 2862/3072/2863
f 2669/2869/2668 2670/2870/2669 2862/3072/2863 2863/3073/2864
f 2857/3067/2858 2858/3068/2859 2864/3074/2865 2863/3073/2864
f 2863/3073/2864 2864/3074/2865 2666/2866/2665 2669/2869/2668
f 2648/2847/2649 2655/2856/2656 2664/2864/2663 2667/2867/2666
f 2865/3075/2866 2866/3076/2867 2867/3077/2868 2868/3078/2869
f 2869/3079/2870 2870/3080/2871 2865/3075/2866 2868/3078/2869
f 2145/2246/2112 2195/2245/2111 2866/3076/2867 2865/3075/2866
f 2870/3080/2871 2142/2280/2146 2145/2246/2112 2865/3075/2866
f 2762/2971/2765 2761/2970/2764 2867/3077/2868 2866/3076/2867
f 2763/2972/2766 2762/2971/2765 2866/3076/2867 2195/2245/2111
f 2195/2245/2111 2194/2244/2110 2764/2973/2767 2763/2972/2766
f 1939/2055/1934 2871/3081/2872 2839/3048/2840 1940/2056/1935
f 2871/3081/2872 2872/3082/2873 2836/3044/2836 2839/3048/2840
f 2872/3082/2873 2873/3049/2841 2835/3043/2835 2836/3044/2836
f 2890/3083/2874 2679/2880/2678 2682/2883/2681 2891/3084/2875
f 2676/2877/2675 2677/2878/2676 2874/3085/2876 2838/3046/2838
f 2656/2857/2657 1210/2858/1211 454/2039/449 1925/2038/1920
f 1924/2037/1919 2654/2855/2655 2656/2857/2657 1925/2038/1920
f 1923/2036/1918 2655/2856/2656 2654/2855/2655 1924/2037/1919
f 1920/2033/1915 2664/2864/2663 2655/2856/2656 1923/2036/1918
f 1919/2032/1914 2665/2865/2664 2664/2864/2663 1920/2033/1915
f 1916/2029/1911 2668/2868/2667 2665/2865/2664 1919/2032/1914
f 1915/2028/1910 2671/2871/2670 2668/2868/2667 1916/2029/1911
f 2212/2355/2218 2662/2709/2523 2671/2871/2670 1915/2028/1910
f 2628/2829/2631 2630/2710/2524 2662/2709/2523 2212/2355/2218
f 2631/2831/2633 2630/2710/2524 2628/2829/2631 2627/2828/2630
f 2626/2827/2629 2634/2833/2635 2631/2831/2633 2627/2828/2630
f 2629/2830/2632 2635/2834/2636 2634/2833/2635 2626/2827/2629
f 2637/2836/2638 2635/2834/2636 2629/2830/2632 2625/2826/2628
f 2638/2837/2639 2637/2836/2638 2625/2826/2628 2624/2825/2627
f 2623/2824/2626 2639/2838/2640 2638/2837/2639 2624/2825/2627
f 2287/2439/2291 2636/2835/2637 2639/2838/2640 2623/2824/2626
f 2622/2823/2625 2636/2835/2637 2287/2439/2291 2286/2433/2286
f 2253/2402/2259 2844/3053/2845 2843/3052/2844 2254/2403/2260
f 2652/2851/2653 2054/2183/2053 587/2186/588 1206/2853/1207
f 2650/2849/2651 2053/2182/2052 2054/2183/2053 2652/2851/2653
f 2649/2848/2650 2050/2179/2049 2053/2182/2052 2650/2849/2651
f 2875/3086/2877 2649/2848/2650 2648/2847/2649 2667/2867/2666
f 2864/3074/2865 2875/3086/2877 2667/2867/2666 2666/2866/2665
f 2876/3087/2878 2877/3088/2879 2143/2281/2147 2142/2280/2146
f 1426/3089/1425 2878/3090/2880 2879/3091/2881 1427/1513/1426
f 2677/2878/2676 2837/3045/2837 2806/3015/2807 2874/3085/2876
f 2880/3092/2882 2003/2127/2006 2004/2128/2007 2881/3093/2883
f 2882/3094/2884 2002/2126/2005 1612/2124/2003 1611/2121/2000
f 1999/2120/1999 2883/3095/2885 2882/3094/2884 1611/2121/2000
f 2884/3096/2886 2180/2320/2186 2181/2323/2187 2837/3045/2837
f 2677/2878/2676 2678/2879/2677 2884/3096/2886 2837/3045/2837
f 2885/3097/2887 2799/3006/2800 2180/2320/2186 2884/3096/2886
f 2885/3097/2887 2884/3096/2886 2678/2879/2677 2886/3098/2888
f 2887/3099/2889 2888/3100/2890 2872/3082/2873 2871/3081/2872
f 2888/3100/2890 2889/3101/2891 2873/3049/2841 2872/3082/2873
f 2886/3098/2888 2678/2879/2677 2679/2880/2678 2890/3083/2874
f 2892/3102/2892 2883/3095/2885 2889/3101/2891 2888/3100/2890
f 1653/1767/1656 1633/1744/1636 152/1745/153 175/1768/178
f 1635/1747/1638 1633/1744/1636 1653/1767/1656 1644/1756/1647
f 1643/1755/1646 1634/1746/1637 1635/1747/1638 1644/1756/1647
f 1641/1753/1644 1637/1749/1640 1634/1746/1637 1643/1755/1646
f 1640/1752/1643 1636/1748/1639 1637/1749/1640 1641/1753/1644
f 1995/2115/1994 2680/2881/2679 1636/1748/1639 1640/1752/1643
f 2252/2401/2258 2893/3103/2893 2680/2881/2679 1995/2115/1994
f 2894/3104/2894 2885/3097/2887 2886/3098/2888 2893/3103/2893
f 2799/3006/2800 2885/3097/2887 2894/3104/2894 2255/2404/2261
f 2255/2404/2261 2894/3104/2894 2895/3105/2895 2256/2405/2262
f 2257/2408/2263 2896/3106/2896 2845/3054/2846 2258/2409/2264
f 2896/3106/2896 2257/2408/2263 2256/2405/2262 2895/3105/2895
f 2251/2400/2257 2896/3106/2896 2895/3105/2895 2252/2401/2258
f 2252/2401/2258 2895/3105/2895 2894/3104/2894 2893/3103/2893
f 2897/3107/2897 2893/3103/2893 2886/3098/2888 2890/3083/2874
f 2673/2874/2672 2873/3049/2841 2889/3101/2891 2898/3108/2898
f 2883/3095/2885 1999/2120/1999 2898/3108/2898 2889/3101/2891
f 2899/3109/2899 2900/3110/2900 1935/2051/1930 2006/2130/2009
f 1936/2052/1931 1935/2051/1930 2900/3110/2900 2901/3111/2901
f 2901/3111/2901 2900/3110/2900 2902/3112/2902 2903/3113/2903
f 2878/3090/2880 2904/3114/2904 2905/3115/2905 2879/3091/2881
f 2906/3116/2906 2907/3117/2907 2877/3088/2879 2876/3087/2878
f 1937/2053/1932 1936/2052/1931 2901/3111/2901 2908/3118/2908
f 2908/3118/2908 2909/3119/2909 1939/2055/1934 1937/2053/1932
f 2871/3081/2872 1939/2055/1934 2909/3119/2909 2887/3099/2889
f 1996/2116/1995 2910/3120/2910 2898/3108/2898 1999/2120/1999
f 2674/2875/2673 2673/2874/2672 2898/3108/2898 2910/3120/2910
f 1996/2116/1995 1998/2119/1998 2911/3121/2911 2910/3120/2910
f 2682/2883/2681 2674/2875/2673 2910/3120/2910 2911/3121/2911
f 2680/2881/2679 2893/3103/2893 2897/3107/2897 2681/2882/2680
f 2891/3084/2875 2912/3122/2912 2897/3107/2897 2890/3083/2874
f 2912/3122/2912 2683/2884/2682 2681/2882/2680 2897/3107/2897
f 2913/3123/2913 2911/3121/2911 1998/2119/1998 2684/2885/2683
f 2683/2884/2682 2912/3122/2912 2913/3123/2913 2684/2885/2683
f 2913/3123/2913 2912/3122/2912 2891/3084/2875
f 2913/3123/2913 2891/3084/2875 2682/2883/2681 2911/3121/2911
f 2046/2175/2045 2049/2178/2048 2914/3124/2914 2915/3125/2915
f 2858/3068/2859 2056/2187/2055 2875/3086/2877 2864/3074/2865
f 2767/2991/2785 2183/3013/2189 2186/2872/2192
f 2904/3114/2904 2906/3116/2906 2876/3087/2878 2905/3115/2905
f 2902/3112/2902 2900/3110/2900 2899/3109/2899
f 2380/2552/2378 2383/2555/2381 2392/2566/2390 2396/2570/2394
f 2831/3039/2831 2816/3025/2817 2824/3033/2825 2833/3041/2833
f 2825/3034/2826 2824/3033/2825 2816/3025/2817 2815/3024/2816
f 2827/3036/2828 2825/3034/2826 2815/3024/2816 2817/3026/2818
f 2818/3027/2819 2828/3037/2829 2827/3036/2828 2817/3026/2818
f 2455/2629/2453 2834/3042/2834 2828/3037/2829 2818/3027/2819
f 2830/3038/2830 2829/3047/2839 2834/3042/2834 2455/2629/2453
f 2831/3039/2831 2833/3041/2833 2814/3023/2815 2821/3030/2822
f 2916/3126/2916 2917/3127/2917 2918/3128/2918 2919/3129/2919
f 2398/2572/2396 2812/3021/2813 2919/3129/2919 2918/3128/2918
f 2920/3130/2920 2916/3126/2916 2919/3129/2919 2921/3131/2921
f 2821/3030/2822 2819/3028/2820 2831/3039/2831
f 2921/3131/2921 2919/3129/2919 2812/3021/2813 2922/3132/2922
f 2807/2998/2792 2923/3133/2923 2820/3029/2821 2429/2603/2427
f 2807/2998/2792 2921/3131/2921 2922/3132/2922 2923/3133/2923
f 2922/3132/2922 2812/3021/2813 2809/3018/2810 2810/3019/2811
f 2810/3019/2811 2797/3004/2798 2923/3133/2923 2922/3132/2922
f 2797/3004/2798 2444/2618/2442 2820/3029/2821 2923/3133/2923
f 2446/2620/2444 2449/2623/2447 2917/3127/2917 2916/3126/2916
f 2473/2648/2472 2446/2620/2444 2916/3126/2916 2920/3130/2920
f 2427/2601/2425 2917/3127/2917 2449/2623/2447 2436/2610/2434
f 2917/3127/2917 2427/2601/2425 2399/2573/2397 2918/3128/2918
f 2436/2610/2434 2449/2623/2447 2448/2622/2446
f 2918/3128/2918 2399/2573/2397 2398/2572/2396
f 2475/2650/2474 2465/2639/2463 2462/2636/2460 2458/2647/2471
f 2474/2649/2473 2920/3130/2920 2921/3131/2921 2807/2998/2792
f 2474/2649/2473 2473/2648/2472 2920/3130/2920
f 2458/2647/2471 2462/2636/2460 2463/2637/2461 2459/2666/2486
f 2472/2646/2470 2457/2631/2455 2466/2640/2464
f 2845/3054/2846 2896/3106/2896 2251/2400/2257
f 2056/2187/2055 2046/2175/2045 2915/3125/2915 2875/3086/2877
f 2049/2178/2048 2050/2179/2049 2649/2848/2650 2914/3124/2914
f 1663/1779/1666 1662/1778/1665 2290/2443/2294 2746/2952/2746
f 2395/2569/2393 2394/2568/2392 2384/2558/2382 2494/2674/2494
f 2341/2500/2341 2353/2512/2351 2938/3134/2924
f 2494/2674/2494 2847/3056/2848 2924/3135/2925 2395/2569/2393
f 2924/3135/2925 2925/3136/2926 2396/2570/2394 2395/2569/2393
f 2381/2553/2379 2380/2552/2378 2396/2570/2394 2925/3136/2926
f 1426/3089/1425 1477/3137/1476 2926/3138/2927 2878/3090/2880
f 2878/3090/2880 2926/3138/2927 2927/3139/2928 2904/3114/2904
f 2928/3140/2929 2929/3141/2930 2907/3117/2907 2906/3116/2906
f 2906/3116/2906 2904/3114/2904 2927/3139/2928 2928/3140/2929
f 2901/3111/2901 2903/3113/2903 2930/3142/2931 2908/3118/2908
f 2931/3143/2932 2930/3142/2931 2903/3113/2903 2932/3144/2933
f 2903/3113/2903 2902/3112/2902 2933/3145/2934 2932/3144/2933
f 2902/3112/2902 2907/3117/2907 2929/3141/2930 2933/3145/2934
f 2930/3142/2931 2934/3146/2935 2909/3119/2909 2908/3118/2908
f 2887/3099/2889 2909/3119/2909 2934/3146/2935 2935/3147/2936
f 2935/3147/2936 2892/3102/2892 2888/3100/2890 2887/3099/2889
f 2931/3143/2932 2932/3144/2933 2003/2127/2006 2880/3092/2882
f 139/1732/140 1625/1735/1628 2926/3138/2927 1477/3137/1476
f 1625/1735/1628 1620/1728/1623 2927/3139/2928 2926/3138/2927
f 2936/3148/2937 2937/3149/2938 2929/3141/2930 2928/3140/2929
f 2829/3047/2839 2830/3038/2830 2419/2593/2417 2467/2641/2465
f 1620/1728/1623 1623/1731/1626 2937/3149/2938 2936/3148/2937
f 2881/3093/2883 2004/2128/2007 2002/2126/2005 2882/3094/2884
f 1622/1730/1625 1618/1726/1621 2002/2126/2005 2004/2128/2007
f 1621/1729/1624 1619/1727/1622 1618/1726/1621 1622/1730/1625
f 1624/1734/1627 1617/1724/1620 1619/1727/1622 1621/1729/1624
f 142/1733/143 131/1725/132 1617/1724/1620 1624/1734/1627
f 2883/3095/2885 2892/3102/2892 2881/3093/2883 2882/3094/2884
f 2880/3092/2882 2881/3093/2883 2892/3102/2892 2935/3147/2936
f 2931/3143/2932 2880/3092/2882 2935/3147/2936 2934/3146/2935
f 2931/3143/2932 2934/3146/2935 2930/3142/2931
f 2933/3145/2934 2929/3141/2930 2937/3149/2938 1623/1731/1626
f 2928/3140/2929 2927/3139/2928 1620/1728/1623 2936/3148/2937
f 2938/3134/2924 2939/3150/2939 2940/3151/2940 2941/3152/2941
f 2942/3153/2942 2939/3150/2939 2938/3134/2924 2353/2512/2351
f 2940/3151/2940 2939/3150/2939 2520/2774/2583 2519/2773/2582
f 2521/2713/2527 2520/2774/2583 2939/3150/2939 2942/3153/2942
f 2942/3153/2942 2353/2512/2351 2522/2714/2528 2521/2713/2527
f 2938/3134/2924 2941/3152/2941 2349/2507/2347 2341/2500/2341
f 2704/2906/2703 2078/2212/2078 2702/2904/2701 2701/2903/2700
f 2692/2894/2691 2704/2906/2703 2701/2903/2700 1812/1922/1809
f 1811/1921/1808 2691/2893/2690 2692/2894/2691 1812/1922/1809
f 1815/1925/1812 2693/2895/2692 2691/2893/2690 1811/1921/1808
f 2694/2896/2693 2693/2895/2692 1815/1925/1812 1817/1927/1814
f 2695/2897/2694 2694/2896/2693 1817/1927/1814 1816/1926/1813
f 1821/1931/1818 2696/2898/2695 2697/2899/2696 1822/1932/1819
f 2699/2901/2698 2696/2898/2695 1821/1931/1818 1830/1940/1827
f 1829/1939/1826 2698/2900/2697 2699/2901/2698 1830/1940/1827
f 2059/2190/2058 2700/2902/2699 2698/2900/2697 1829/1939/1826
f 2700/2902/2699 2059/2190/2058 2775/2965/2759 2777/2982/2776
f 2777/2982/2776 2775/2965/2759 2770/2967/2761 2776/2981/2775
f 1948/2064/1943 2658/2860/2659 2702/2904/2701 2078/2212/2078
f 2776/2981/2775 2770/2967/2761 2081/2215/2081 2099/2233/2099
f 2915/3125/2915 2914/3124/2914 2649/2848/2650 2875/3086/2877
f 2943/3154/2943 2101/2235/2101 2096/2230/2096 2102/2236/2102
f 2101/2235/2101 2943/3154/2943 2097/2231/2097 2089/2223/2089
f 2097/2231/2097 2943/3154/2943 2944/3155/2944 2761/2970/2764
f 2943/3154/2943 2102/2236/2102 2105/2239/2105 2944/3155/2944
f 2932/3144/2933 2933/3145/2934 1623/1731/1626 2003/2127/2006
f 2761/2970/2764 2944/3155/2944 2945/3156/2945 2867/3077/2868
f 2944/3155/2944 2105/2239/2105 2946/3157/2946 2945/3156/2945
f 681/695/680 2147/2283/2149 2946/3157/2946 1498/1588/1499
f 2945/3156/2945 2946/3157/2946 2147/2283/2149 2947/3158/2947
f 2867/3077/2868 2945/3156/2945 2947/3158/2947 2868/3078/2869
f 2868/3078/2869 2947/3158/2947 2948/3159/2948 2869/3079/2870
f 2947/3158/2947 2147/2283/2149 2146/2282/2148 2948/3159/2948
f 1501/1591/1502 1502/1592/1503 2340/2499/2340 2729/2934/2729
f 1503/1593/1504 1501/1591/1502 2729/2934/2729 2730/2935/2730
f 1504/1594/1505 1505/1595/1506 2732/2937/2732 2731/2936/2731
f 1506/1596/1507 1504/1597/1505 2731/2939/2731 2733/2938/2733
f 2734/2940/2734 1507/1598/1508 1506/1596/1507 2733/2938/2733
f 2735/2941/2735 1508/1599/1509 1507/1598/1508 2734/2940/2734
f 2736/2942/2736 1509/1600/1510 1508/1599/1509 2735/2941/2735
f 2737/2943/2737 1510/1601/1511 1509/1600/1510 2736/2942/2736
f 1510/1601/1511 2737/2943/2737 2738/2944/2738 1511/1602/1512
f 2739/2945/2739 1512/1603/1513 1511/1602/1512 2738/2944/2738
f 2740/2946/2740 1513/1604/1514 1512/1603/1513 2739/2945/2739
f 2741/2947/2741 1514/1605/1515 1513/1604/1514 2740/2946/2740
f 2493/2676/2493 2495/2675/2495 2848/3057/2849 2846/3160/2847
f 2742/2948/2742 1516/1607/1517 1515/1606/1516 2743/2949/2743
f 1516/1607/1517 2742/2948/2742 2744/2950/2744 1517/1608/1518
f 2745/2951/2745 1518/1609/1519 1517/1608/1518 2744/2950/2744
f 1295/1377/1294 1519/1610/1520 1663/1779/1666 2746/2952/2746
f 1663/1779/1666 1519/1610/1520 1518/1609/1519 2745/2951/2745
f 1520/1582/1493 1521/1583/1494 2104/2238/2104 2103/2237/2103
f 1522/1611/1521 1520/1582/1493 2103/2237/2103 2949/3161/2949
f 2950/3162/2950 2951/3163/2951 2952/3164/2952 2953/3165/2953
f 2951/3163/2951 2950/3162/2950 2954/3166/2954 2955/3167/2955
f 2955/3167/2955 2954/3166/2954 2956/3168/2956 2957/3169/2957
f 2957/3169/2957 2956/3168/2956 2958/3170/2958 2959/3171/2959
f 2959/3171/2959 2958/3170/2958 2960/3172/2960 1532/1621/1531
f 1784/1894/1781 1780/1777/1664 2961/3173/2961 2960/3172/2960
f 2962/3174/2962 2961/3173/2961 1780/1777/1664 1779/1776/1663
f 2963/3175/2963 1536/1625/1535 1533/1622/1532 2962/3174/2962
f 2964/3176/2964 1538/1627/1537 1536/1625/1535 2963/3175/2963
f 2965/3177/2965 1540/1629/1539 1538/1627/1537 2964/3176/2964
f 2966/3178/2966 1544/1633/1543 1543/1632/1542 2967/3179/2967
f 2453/2627/2451 2454/2628/2452 2460/2634/2458 2451/2625/2449
f 2970/3180/2968 1545/1634/1544 2969/3181/2969 2971/3182/2970
f 1877/1985/1872 1550/1639/1549 1551/1640/1550 1878/1986/1873
f 1498/1588/1499 2946/3157/2946 2972/3183/2971 1552/1641/1551
f 1552/1641/1551 2972/3183/2971 2104/2238/2104 1521/1583/1494
f 2905/3115/2905 2876/3087/2878 2973/3184/2972 2974/3185/2973
f 1427/1513/1426 2879/3091/2881 2146/2282/2148 680/694/679
f 2974/3185/2973 2975/3186/2974 2879/3091/2881 2905/3115/2905
f 2869/3079/2870 2948/3159/2948 2975/3186/2974 2974/3185/2973
f 2973/3184/2972 2870/3080/2871 2869/3079/2870 2974/3185/2973
f 2948/3159/2948 2146/2282/2148 2879/3091/2881 2975/3186/2974
f 2142/2280/2146 2870/3080/2871 2973/3184/2972 2876/3087/2878
f 1877/1985/1872 1876/1984/1871 2068/2199/2067 2976/3187/2975
f 1276/1357/1275 2328/2489/2330 2340/2499/2340 1502/1592/1503
f 2972/3183/2971 2946/3157/2946 2105/2239/2105 2104/2238/2104
f 2375/2545/2373 2387/2561/2385 2388/2562/2386 2377/2549/2375
f 2838/3046/2838 2874/3085/2876 2806/3015/2807 2805/3014/2806
f 2977/3188/2976 2978/3189/2977 2925/3136/2926 2924/3135/2925
f 2979/3190/2978 2064/3191/2063 2978/3189/2977 2977/3188/2976
f 1954/2070/1949 1953/2069/1948 2110/2248/2114 2109/2247/2113
f 2979/3192/2978 2850/3059/2851 2065/2196/2064 2064/2195/2063
f 2369/2548/2367 1964/2524/1959 1963/3193/1958
f 2563/2756/2566 1978/2094/1973 1977/2093/1972 2564/2757/2567
f 2564/2757/2567 2980/3194/2979 2981/3195/2980 2565/2758/2568
f 1979/2095/1974 2565/2758/2568 2981/3195/2980 1980/2096/1975
f 2982/3196/2981 2563/2756/2566 2566/2759/2569 2983/3197/2982
f 2562/2755/2565 2982/3196/2981 2983/3197/2982 1982/2098/1977
f 2982/3196/2981 2561/2754/2564 1978/2094/1973 2563/2756/2566
f 2564/2757/2567 1977/2093/1972 2984/3198/2983 2980/3194/2979
f 2074/3199/2074 2985/3200/2984 2068/2199/2067 2070/2201/2069
f 2071/2203/2071 2074/2206/2074 2070/2208/2069 2075/2207/2075
f 2986/3201/2985 2976/3187/2975 2987/3202/2986
f 1550/1639/1549 1877/1985/1872 2976/3187/2975 1570/1663/1569
f 2987/3202/2986 2976/3187/2975 2068/2199/2067 2985/3200/2984
f 1853/1965/1852 1852/1964/1851 1859/1971/1858 1858/1970/1857
f 1863/1975/1862 2988/3203/2987 1853/1965/1852 1858/1970/1857
f 2532/2726/2538 2530/2724/2536 2529/2723/2535 2533/2727/2539
f 1865/1889/1776 1849/1961/1848 1851/1963/1850 1866/1976/1863
f 1545/1634/1544 1548/1637/1547 2968/3204/2988 2969/3181/2969
f 1850/3205/1849 1869/1999/1775 1889/2002/1884 2989/3206/2989
f 1983/2099/1978 2990/3207/2990 2989/3206/2989 1889/2002/1884
f 2705/2908/2705 2986/3201/2985 2987/3202/2986 2706/2909/2706
f 1859/1971/1858 1856/1968/1855 1855/1967/1854 1860/1972/1859
f 1766/1876/1763 1767/1877/1764 1853/1965/1852 2988/3203/2987
f 2989/3206/2989 1887/1998/1882 1760/1997/1757 1850/3205/1849
f 2990/3207/2990 1981/2097/1976 1887/1998/1882 2989/3206/2989
f 1777/1885/1772 1773/1883/1770 2991/3208/2991 1852/1964/1851
f 2991/3208/2991 1856/1968/1855 1859/1971/1858 1852/1964/1851
f 1773/1883/1770 1772/1882/1769 2992/3209/2992 2991/3208/2991
f 2992/3209/2992 1857/1969/1856 1856/1968/1855 2991/3208/2991
f 1893/2006/1888 1954/2070/1949 2992/3209/2992 1772/1882/1769
f 1954/2070/1949 2109/2247/2113 1857/1969/1856 2992/3209/2992
f 2993/3210/2993 2706/2909/2706 2987/3202/2986 2985/3200/2984
f 2994/3211/2994 2995/3212/2995 2748/2954/2748 2747/2953/2747
f 2993/3210/2993 2985/3200/2984 2074/3199/2074 2073/3213/2073
f 2996/3214/2996 2071/2203/2071 2075/2207/2075 2077/2211/2077
f 1977/2093/1972 1882/1990/1877 2997/3215/2997 2998/3216/2998
f 426/429/422 433/436/429 259/637/622 264/265/265
f 2116/2254/2120 2133/2271/2137 2110/2248/2114 1953/2069/1948
f 2115/2253/2119 2130/2268/2134 2133/2271/2137 2116/2254/2120
f 2774/2980/2774 2130/2268/2134 2115/2253/2119 2773/2979/2773
f 2772/2978/2772 2852/3061/2853 2774/2980/2774 2773/2979/2773
f 2852/3061/2853 2772/2978/2772 2854/3063/2855 2062/2193/2061
f 2853/3062/2854 2063/2194/2062 2062/2193/2061 2854/3063/2855
f 2063/2194/2062 2853/3062/2854 2371/3064/2369 2064/2195/2063
f 2370/2538/2368 2978/3189/2977 2064/3191/2063 2371/2539/2369
f 2381/2553/2379 2925/3136/2926 2978/3189/2977 2370/2538/2368
f 1982/2098/1977 2983/3197/2982 2990/3207/2990 1983/2099/1978
f 2566/2759/2569 2565/2758/2568 1981/2097/1976 2990/3207/2990
f 2990/3207/2990 2983/3197/2982 2566/2759/2569
f 927/994/929 494/3217/489 493/970/488
f 2369/2548/2367 2362/2525/2360 1964/2524/1959
f 1901/2014/1896 1900/2013/1895 1905/2018/1900 1904/2017/1899
f 2573/2766/2576 1743/1853/1740 1736/1846/1733 2571/2764/2574
f 1743/1853/1740 1742/1852/1739 1737/1847/1734 1736/1846/1733
f 1756/1866/1753 1737/1847/1734 1742/1852/1739 2792/2999/2793
f 2750/2956/2750 2545/2741/2551 2544/2740/2550 2492/2672/2492
f 2546/2742/2552 2552/2745/2555 2542/2738/2548 2749/2955/2749
f 2538/2732/2544 2548/2678/2497 2552/2745/2555 2546/2742/2552
f 2549/2679/2498 2548/2678/2497 2538/2732/2544 2537/2731/2543
f 1867/1977/1864 1866/1976/1863 2532/2726/2538 2531/2725/2537
f 1866/1976/1863 1851/1963/1850 2530/2724/2536 2532/2726/2538
f 2527/2721/2533 2530/2724/2536 1851/1963/1850 1848/1960/1847
f 1848/1960/1847 1847/1959/1846 2523/2717/2529 2527/2721/2533
f 1847/1959/1846 1880/1988/1875 2524/2718/2530 2523/2717/2529
f 2968/3204/2988 1548/1637/1547 1544/1633/1543 2966/3178/2966
f 1547/1636/1546 1541/1630/1540 1544/1633/1543 1548/1637/1547
f 378/378/376 1088/1159/1087 1091/1162/1090 410/410/408
f 377/377/375 1092/1163/1091 1088/1159/1087 378/378/376
f 1094/1165/1093 1092/1163/1091 377/377/375 381/381/379
f 396/396/394 1099/1170/1098 1094/1165/1093 381/381/379
f 395/395/393 1096/1167/1095 1099/1170/1098 396/396/394
f 1111/1183/1110 1110/1182/1109 2999/3218/2999 3000/3219/3000
f 3000/3219/3000 3001/3220/3001 1112/1184/1111 1111/1183/1110
f 264/265/265 259/637/622 262/283/283 265/266/266
f 1131/1205/1132 1129/1203/1130 744/763/745 1047/1110/1047
f 429/432/425 430/433/426 433/436/429 426/429/422
f 423/426/419 422/425/418 750/769/751 748/767/749
f 423/426/419 204/207/207 203/206/206 422/425/418
f 194/196/196 199/200/200 203/206/206 204/207/207
f 200/201/201 199/200/200 194/196/196 193/195/195
f 212/215/215 191/193/193 200/201/201 193/195/195
f 192/194/194 191/193/193 212/215/215 211/214/214
f 1290/1372/1289 192/194/194 211/214/214 1289/1371/1288
f 1515/1606/1516 1290/1372/1289 1289/1371/1288 1514/1605/1515
f 2743/2949/2743 1515/1606/1516 1514/1605/1515 2741/2947/2741
f 1668/1784/1671 2743/2949/2743 2741/2947/2741 1688/1804/1691
f 1669/1785/1672 1668/1784/1671 1688/1804/1691 1687/1803/1690
f 1687/1803/1690 1670/1786/1673 1675/1791/1678 1669/1785/1672
f 1676/1792/1679 1675/1791/1678 1670/1786/1673 1673/1789/1676
f 1673/1789/1676 1682/1798/1685 1680/1796/1683 1676/1792/1679
f 1897/2010/1892 1896/2009/1891 1680/1796/1683 1682/1798/1685
f 1897/2010/1892 1901/2014/1896 1904/2017/1899 1896/2009/1891
f 2459/2666/2486 2463/2637/2461 2460/2634/2458 2454/2628/2452
f 2792/2999/2793 2750/2956/2750 2492/2672/2492 1756/1866/1753
f 2450/2624/2448 2452/2626/2450 2453/2627/2451 2451/2625/2449
f 2237/2377/2240 2452/2626/2450 2450/2624/2448 2230/2370/2233
f 2229/2369/2232 2236/2376/2239 2237/2377/2240 2230/2370/2233
f 2229/2818/2232 2594/2791/2598 2241/2384/2247 2236/2817/2239
f 2594/2791/2598 2592/2789/2596 2223/2365/2228 2241/2384/2247
f 2590/2787/2594 2219/2362/2225 2223/2365/2228 2592/2789/2596
f 2220/2363/2226 2219/2362/2225 2590/2787/2594 2588/2785/2592
f 2588/2785/2592 2586/2783/2590 2756/2962/2756 2220/2363/2226
f 2753/2959/2753 2756/2962/2756 2586/2783/2590 2585/2782/2589
f 2754/2960/2754 2753/2959/2753 2585/2782/2589 2570/2763/2573
f 2569/2762/2572 2567/2760/2570 2754/2960/2754 2570/2763/2573
f 2569/2762/2572 2490/2670/2490 2208/2632/2456 2567/2760/2570
f 2490/2670/2490 2489/2669/2489 2209/2633/2457 2208/2632/2456
f 2489/2669/2489 1768/1878/1765 2207/2352/2215 2209/2633/2457
f 1771/1881/1768 2206/2351/2214 2207/2352/2215 1768/1878/1765
f 1122/1194/1121 1055/1120/1056 743/762/744 742/761/743
f 1048/1111/1048 745/764/746 743/762/744 1055/1120/1056
f 1047/1110/1047 744/763/745 745/764/746 1048/1111/1048
f 1131/1205/1132 1132/1206/1133 1303/1385/1302 1129/1203/1130
f 1304/1386/1303 1303/1385/1302 1132/1206/1133 1136/1210/1137
f 1306/1388/1305 1304/1386/1303 1136/1210/1137 1135/1209/1136
f 1138/1212/1139 763/784/764 1306/1388/1305 1135/1209/1136
f 764/785/765 763/784/764 1138/1212/1139 1140/1214/1141
f 1140/1214/1141 1141/1215/1142 765/786/766 764/785/765
f 1143/1245/1168 784/805/785 765/786/766 1141/1215/1142
f 774/1244/775 779/1243/780 784/805/785 1143/1245/1168
f 774/795/775 773/794/774 780/801/781 779/800/780
f 1011/1068/1009 780/801/781 773/794/774 1010/1067/1008
f 1010/1067/1008 1009/1066/1007 1012/1069/1010 1011/1068/1009
f 1013/1070/1011 1012/1069/1010 1009/1066/1007 1020/1077/1018
f 1018/1075/1016 1013/1070/1011 1020/1077/1018 1022/1079/1020
f 1121/1193/1120 657/673/658 644/662/647 384/384/382
f 1546/1635/1545 409/409/407 410/410/408 1547/1636/1546
f 410/410/408 1091/1162/1090 1541/1630/1540 1547/1636/1546
f 1091/1162/1090 1090/1161/1089 1542/1631/1541 1541/1630/1540
f 292/295/295 291/294/294 1537/1626/1536 1539/1628/1538
f 291/294/294 302/305/305 1535/1624/1534 1537/1626/1536
f 302/305/305 301/304/304 1534/1623/1533 1535/1624/1534
f 1778/1886/1773 2963/3175/2963 2962/3174/2962 1779/1776/1663
f 1764/1874/1761 2964/3176/2964 2963/3175/2963 1778/1886/1773
f 1763/1873/1760 2965/3177/2965 2964/3176/2964 1764/1874/1761
f 2524/2718/2530 2966/3178/2966 2967/3179/2967 2525/2719/2531
f 1880/1988/1875 2968/3204/2988 2966/3178/2966 2524/2718/2530
f 2969/3181/2969 2968/3204/2988 1880/1988/1875 1879/1987/1874
f 303/306/306 1531/1620/1530 1534/1623/1533 301/304/304
f 1533/1622/1532 1530/1619/1529 2961/3173/2961 2962/3174/2962
f 1549/1638/1548 1546/1635/1545 1545/1634/1544 2970/3180/2968
f 1878/1986/1873 2971/3182/2970 2969/3181/2969 1879/1987/1874
f 1551/1640/1550 2970/3180/2968 2971/3182/2970 1878/1986/1873
f 408/408/406 1549/1638/1548 2970/3180/2968 1551/1640/1550
f 387/387/385 390/390/388 1119/1191/1118 1120/1192/1119
f 1113/1185/1112 1119/1191/1118 390/390/388 389/389/387
f 389/389/387 392/392/390 1114/1186/1113 1113/1185/1112
f 1110/1182/1109 1109/1181/1108 1097/1168/1096 1096/1167/1095
f 2999/3218/2999 1110/1182/1109 1096/1167/1095 395/395/393
f 1101/1172/1100 2999/3218/2999 395/395/393 394/394/392
f 1102/1173/1101 1101/1172/1100 394/394/392 398/398/396
f 398/416/396 415/415/411 1103/1175/1102 1102/1174/1101
f 513/515/508 1124/1196/1123 1103/1175/1102 415/415/411
f 1982/2098/1977 1888/2001/1883 2541/2737/2547 2562/2755/2565
f 1868/2000/1774 2539/2736/2545 2541/2737/2547 1888/2001/1883
f 2536/2730/2542 2539/2734/2545 1868/1887/1774 1864/1890/1777
f 2537/2731/2543 2536/2730/2542 1864/1890/1777 1867/1977/1864
f 2531/2725/2537 2549/2679/2498 2537/2731/2543 1867/1977/1864
f 2550/2680/2499 2549/2679/2498 2531/2725/2537 2534/2728/2540
f 1861/1973/1860 2553/2746/2556 2556/2749/2559 1862/1974/1861
f 2559/2752/2562 2553/2746/2556 1861/1973/1860 1860/1972/1859
f 1855/1967/1854 2560/2753/2563 2559/2752/2562 1860/1972/1859
f 1076/1576/1075 1075/3221/1074 1082/1149/1081
f 1074/3222/1073 1077/1146/1076 1082/1149/1081 1075/3221/1074
f 1074/1138/1073 1069/1103/1040 1070/1134/1069 1077/1142/1076
f 1069/1103/1040 1068/1102/1039 1063/1129/1064 1070/1134/1069
f 1068/1102/1039 1067/1133/1068 1064/1130/1065 1063/1129/1064
f 809/844/814 1064/1130/1065 1067/1133/1068 816/851/821
f 815/850/820 806/841/811 809/844/814 816/851/821
f 817/852/822 810/845/815 806/841/811 815/850/820
f 747/766/748 702/716/701 810/845/815 817/852/822
f 428/431/424 702/716/701 747/766/748 746/765/747
f 429/432/425 428/431/424 746/765/747 748/767/749
f 748/767/749 750/769/751 430/433/426 429/432/425
f 750/769/751 749/768/750 431/434/427 430/433/426
f 435/438/431 431/434/427 749/768/750 751/770/752
f 752/771/753 571/581/568 435/438/431 751/770/752
f 1134/1208/1135 571/581/568 752/771/753 753/772/754
f 753/772/754 1154/1227/1154 1147/1220/1147 1134/1208/1135
f 1154/1227/1154 1150/1223/1150 1148/1221/1148 1147/1220/1147
f 1150/1223/1150 1149/1222/1149 1145/1217/1144 1148/1221/1148
f 1149/1222/1149 1167/1240/1167 1146/1218/1145 1145/1217/1144
f 1167/1240/1167 1168/1247/1169 1170/1249/1171 1146/1218/1145
f 1168/1247/1169 1196/1275/1196 1194/1272/1194 1170/1249/1171
f 1197/1277/1198 1390/1479/1394 1194/1272/1194 1196/1275/1196
f 3002/3223/3002 1390/1479/1394 1197/1277/1198 1241/1321/1241
f 3003/3224/3003 3002/3223/3002 1241/1321/1241 1242/1322/1242
f 2512/3225/2516 2940/3151/2940 2519/2773/2582 2516/2705/2520
f 2528/2722/2534 2526/2720/2532 3016/3226/3004 3017/3227/3005
f 2513/2706/2517 2516/2705/2520 2519/2773/2582 2582/2779/2586
f 2507/2693/2511 2513/2700/2517 2582/2778/2586 2581/2776/2584
f 2503/2689/2507 2507/2693/2511 2581/2776/2584 2579/2777/2585
f 2504/2690/2508 2503/2689/2507 2579/2777/2585 2580/2907/2704
f 2580/2907/2704 2578/2771/2581 2265/2416/2269 2504/2690/2508
f 2266/2417/2270 2265/2416/2269 2578/2771/2581 2577/2770/2580
f 2268/2419/2272 2266/2417/2270 2577/2770/2580 2576/2769/2579
f 2166/2306/2172 2268/2419/2272 2576/2769/2579 2575/2768/2578
f 2574/2767/2577 1903/2016/1898 2166/2306/2172 2575/2768/2578
f 2573/2766/2576 1900/2013/1895 1903/2016/1898 2574/2767/2577
f 1905/2018/1900 1900/2013/1895 2573/2766/2576 2571/2764/2574
f 1906/2019/1901 1905/2018/1900 2571/2764/2574 2572/2765/2575
f 2790/2996/2790 1908/2021/1903 1906/2019/1901 2572/2765/2575
f 2040/2169/2039 1908/2021/1903 2790/2996/2790 2584/2781/2588
f 2587/2784/2591 2583/2780/2587 2040/2169/2039 2584/2781/2588
f 2600/2797/2604 2583/2780/2587 2587/2784/2591 2589/2786/2593
f 2602/2799/2606 2600/2797/2604 2589/2786/2593 2591/2788/2595
f 2597/2794/2601 2602/2799/2606 2591/2788/2595 2593/2790/2597
f 1869/1888/1775 1850/1962/1849 1849/1961/1848 1865/1889/1776
f 2619/2820/2622 2598/2795/2602 2595/2792/2599 2228/2819/2231
f 2643/2842/2644 2619/2820/2622 2228/2819/2231 2232/3228/2235
f 2840/3016/2808 2643/2842/2644 2232/3228/2235 2238/2658/2241
f 2238/2658/2241 2480/2657/2479 2841/3050/2842 2840/3016/2808
f 2842/3051/2843 2856/3066/2857 2855/3065/2856 2688/2889/2687
f 1108/1180/1107 1106/1178/1105 1105/1177/1104 3004/3229/3006
f 3004/3229/3006 3005/3230/3007 1109/1181/1108 1108/1180/1107
f 1097/1168/1096 1109/1181/1108 3005/3230/3007 3006/3231/3008
f 1098/1169/1097 1097/1168/1096 3006/3231/3008 3007/3232/3009
f 1095/1166/1094 1098/1169/1097 3007/3232/3009 3008/3233/3010
f 3009/3234/3011 1093/1164/1092 1095/1166/1094 3008/3233/3010
f 1089/1160/1088 1093/1164/1092 3009/3234/3011 3010/3235/3012
f 1090/1161/1089 1089/1160/1088 3010/3235/3012 3011/3236/3013
f 1542/1631/1541 1090/1161/1089 3011/3236/3013 3012/3237/3014
f 1543/1632/1542 1542/1631/1541 3012/3237/3014 3013/3238/3015
f 2967/3179/2967 1543/1632/1542 3013/3238/3015 3014/3239/3016
f 2525/2719/2531 2967/3179/2967 3014/3239/3016 3015/3240/3017
f 2526/2720/2532 2525/2719/2531 3015/3240/3017 3016/3226/3004
f 3017/3227/3005 3018/3241/3018 2529/2723/2535 2528/2722/2534
f 2533/2727/2539 2529/2723/2535 3018/3241/3018 3019/3242/3019
f 2534/2728/2540 2533/2727/2539 3019/3242/3019 3020/3243/3020
f 3021/3244/3021 2550/2680/2499 2534/2728/2540 3020/3243/3020
f 3022/3245/3022 2547/2677/2496 2550/2680/2499 3021/3244/3021
f 2551/2744/2554 2547/2677/2496 3022/3245/3022 3023/3246/3023
f 1169/1248/1170 1166/1239/1166 1165/1238/1165 1408/1497/1410
f 2620/2821/2623 2859/3069/2860 2618/2814/2621 2599/2796/2603
f 2647/2846/2648 2859/3069/2860 2620/2821/2623 2644/2843/2645
f 2862/3072/2863 2646/2845/2647 2687/2888/2686
f 2861/3071/2862 2860/3070/2861 2859/3069/2860 2647/2846/2648
f 1243/1323/1243 1411/1500/1413 1404/1493/1406
f 2862/3072/2863 2861/3071/2862 2647/2846/2648 2646/2845/2647
f 1410/1499/1412 1240/1320/1240 1198/1278/1199
f 2862/3072/2863 2687/2888/2686 2689/2890/2688 2863/3073/2864
f 2863/3073/2864 2689/2890/2688 2857/3067/2858
f 1410/1499/1412 1411/1500/1413 1243/1323/1243 1240/1320/1240
f 3024/3247/3024 3003/3224/3003 1242/1322/1242 1405/1494/1407
f 1033/1090/1031 1031/1088/1029 987/1044/985
f 2598/2795/2602 2597/2794/2601 2593/2790/2597 2595/2792/2599
f 2475/2650/2474 2474/2649/2473 2472/2646/2470
f 1030/1087/1028 1032/1089/1030 1024/1081/1022
f 1024/1081/1022 1029/1086/1027 1028/1085/1026 1030/1087/1028
f 972/1029/970 1028/1085/1026 1029/1086/1027 998/1055/996
f 998/1055/996 996/1053/994 973/1030/971 972/1029/970
f 996/1053/994 782/803/783 728/745/727 973/1030/971
f 729/746/728 728/745/727 782/803/783 781/802/782
f 2191/2334/2197 2238/2378/2241 2239/2379/2242 2192/2335/2198
f 2438/2612/2436 2416/2590/2414 2192/2335/2198 2239/2379/2242
f 2440/2614/2438 2413/2587/2411 2416/2590/2414 2438/2612/2436
f 2468/2642/2466 2413/2587/2411 2440/2614/2438 2470/2644/2468
f 2465/2639/2463 2471/2645/2469 2468/2642/2466 2470/2644/2468
f 2475/2650/2474 2471/2645/2469 2465/2639/2463
f 1039/1100/1037 729/1099/728 781/1480/782
f 781/1480/782 1390/1479/1394 3002/3223/3002 1039/1100/1037
f 3025/3248/3025 2480/2657/2479 2191/2659/2197 2190/3249/2196
f 2841/3050/2842 2480/2657/2479 3025/3248/3025 2842/3051/2843
f 1025/1082/1023 1031/1088/1029 1032/1089/1030
f 2466/2640/2464 2471/2645/2469 2475/2650/2474
f 833/866/836 818/874/843 829/862/832 826/859/829
f 1037/1096/1035 961/1095/959 726/1098/725 1038/1097/1036
f 961/1018/959 960/1017/958 727/744/726 726/743/725
f 974/1031/972 727/744/726 960/1017/958 979/1036/977
f 975/1032/973 974/1031/972 979/1036/977 978/1035/976
f 978/1035/976 1026/1083/1024 1027/1084/1025 975/1032/973
f 1030/1087/1028 1027/1084/1025 1026/1083/1024 1025/1082/1023
f 2471/2645/2469 2466/2640/2464 2467/2641/2465 2469/2643/2467
f 2419/2593/2417 2414/2588/2412 2469/2643/2467 2467/2641/2465
f 2415/2589/2413 2414/2588/2412 2419/2593/2417 2418/2592/2416
f 2193/2336/2199 2415/2589/2413 2418/2592/2416 2402/2576/2400
f 2401/2575/2399 2190/2333/2196 2193/2336/2199 2402/2576/2400
f 2479/2654/2478 3025/3248/3025 2190/3249/2196 2401/2655/2399
f 3003/3224/3003 1038/1097/1036 1039/1100/1037 3002/3223/3002
f 2842/3051/2843 3025/3248/3025 2856/3066/2857
f 1037/1096/1035 1038/1097/1036 3024/3247/3024 1391/1481/1395
f 3026/3250/3026 1035/1092/1033 1391/1481/1395 3024/3247/3024
f 3027/3251/3027 2479/2654/2478 2478/2653/2477 2844/3053/2845
f 3028/3252/3028 3027/3251/3027 2844/3053/2845 2253/2402/2259
f 669/683/668 658/674/659 654/672/657 662/592/579
f 2856/3066/2857 3025/3248/3025 2479/2654/2478 3027/3251/3027
f 1407/1496/1409 3026/3250/3026 3024/3247/3024 1405/1494/1407
f 2477/2652/2476 2856/3066/2857 3027/3251/3027 3028/3252/3028
f 591/605/592 523/525/518 1035/1092/1033 3026/3250/3026
f 1992/2112/1991 3028/3252/3028 2253/2402/2259
f 591/605/592 3026/3250/3026 1407/1496/1409
f 2057/2188/2056 2477/2652/2476 3028/3252/3028 1992/2112/1991
f 1583/1687/1590 1589/1693/1596 2023/2110/1989 2030/2109/1988
f 2035/2164/2034 1580/1684/1587 1583/1687/1590 2030/2109/1988
f 2033/2162/2032 2250/2399/2256 1580/1684/1587 2035/2164/2034
f 2202/2347/2210 2250/2399/2256 2033/2162/2032 2032/2161/2031
f 2203/2348/2211 2202/2347/2210 2032/2161/2031 2038/2167/2037
f 2205/2350/2213 2203/2348/2211 2038/2167/2037 2044/2173/2043
f 2044/2173/2043 2243/2392/2249 2244/2393/2250 2205/2350/2213
f 2243/2392/2249 2276/2425/2278 2280/2429/2282 2244/2393/2250
f 2272/2423/2276 2280/2429/2282 2276/2425/2278 2279/2428/2281
f 2279/2428/2281 830/863/833 821/1119/1055 2272/2423/2276
f 829/862/832 818/874/843 821/1119/1055 830/863/833
f 2957/3169/2957 2959/3171/2959 1528/1617/1527 1527/1616/1526
f 786/813/787 788/756/738 833/866/836 826/859/829
f 576/586/573 741/753/735 788/756/738 786/813/787
f 737/758/740 741/753/735 576/586/573 570/580/567
f 738/759/741 737/758/740 570/580/567 566/576/563
f 793/824/798 738/759/741 566/576/563 565/575/562
f 565/575/562 567/577/564 87/88/88 793/824/798
f 567/577/564 562/572/559 88/89/89 87/88/88
f 95/96/96 88/89/89 562/572/559 553/558/548
f 553/558/548 551/556/546 92/93/93 95/96/96
f 93/94/94 92/93/93 551/556/546 550/555/545
f 550/555/545 552/557/547 97/98/98 93/94/94
f 552/557/547 556/562/551 98/99/99 97/98/98
f 556/562/551 558/565/553 101/102/102 98/99/99
f 558/565/553 560/568/556 103/104/104 101/102/102
f 2027/2153/2027 1595/1699/1602 103/1701/104 560/2156/556
f 2026/2151/2026 1593/1697/1600 1595/1699/1602 2027/2153/2027
f 2022/2148/2024 1590/1694/1597 1593/1697/1600 2026/2151/2026
f 2021/2147/2023 1586/1690/1593 1590/1694/1597 2022/2148/2024
f 3024/3247/3024 1038/1097/1036 3003/3224/3003
f 2023/2110/1989 1589/1693/1596 1587/1691/1594 2020/2146/2022
f 3029/3253/3029 2206/2351/2214 1771/1881/1768 2560/2753/2563
f 2124/2262/2128 2117/2255/2121 2206/2351/2214 3029/3253/3029
f 1121/1193/1120 1120/1192/1119 1122/1194/1121 742/761/743
f 1854/1966/1853 3029/3253/3029 2560/2753/2563 1855/1967/1854
f 2112/2250/2116 2124/2262/2128 3029/3253/3029 1854/1966/1853
f 742/761/743 651/669/654 657/673/658 1121/1193/1120
f 1107/1179/1106 1106/1178/1105 1112/1184/1111 3030/3254/3030
f 1769/1879/1766 2544/2740/2550 2543/2739/2549 3031/3255/3031
f 2095/2229/2095 2953/3165/2953 2949/3161/2949 2103/2237/2103
f 2094/2228/2094 2950/3162/2950 2953/3165/2953 2095/2229/2095
f 2954/3166/2954 2950/3162/2950 2094/2228/2094 1789/1899/1786
f 2956/3168/2956 2954/3166/2954 1789/1899/1786 1792/1902/1789
f 2958/3170/2958 2956/3168/2956 1792/1902/1789 1781/1891/1778
f 2960/3172/2960 2958/3170/2958 1781/1891/1778 1784/1894/1781
f 1525/1614/1524 1524/1613/1523 2952/3164/2952 2951/3163/2951
f 2951/3163/2951 2955/3167/2955 1526/1615/1525 1525/1614/1524
f 2955/3167/2955 2957/3169/2957 1527/1616/1526 1526/1615/1525
f 1557/1646/1556 1569/1662/1568 1571/1664/1570
f 2959/3171/2959 1532/1621/1531 1529/1618/1528 1528/1617/1527
f 629/647/632 637/655/640 1523/1612/1522 1524/1613/1523
f 1529/1618/1528 1531/1620/1530 303/306/306 305/308/308
f 2960/3172/2960 2961/3173/2961 1530/1619/1529 1532/1621/1531
f 2952/3164/2952 1522/1611/1521 2949/3161/2949 2953/3165/2953
f 1523/1612/1522 1522/1611/1521 2952/3164/2952 1524/1613/1523
f 3032/3256/3032 1117/1189/1116 1105/1177/1104 1104/1176/1103
f 3004/3229/3006 1105/1177/1104 1117/1189/1116 1115/1187/1114
f 1115/1187/1114 1114/1186/1113 3005/3230/3007 3004/3229/3006
f 3006/3231/3008 3005/3230/3007 1114/1186/1113 392/392/390
f 3007/3232/3009 3006/3231/3008 392/392/390 393/393/391
f 3008/3233/3010 3007/3232/3009 393/393/391 1572/1665/1571
f 293/296/296 3009/3234/3011 3008/3233/3010 1572/1665/1571
f 3010/3235/3012 3009/3234/3011 293/296/296 289/292/292
f 3011/3236/3013 3010/3235/3012 289/292/292 292/295/295
f 3012/3237/3014 3011/3236/3013 292/295/295 1539/1628/1538
f 3013/3238/3015 3012/3237/3014 1539/1628/1538 1540/1629/1539
f 3014/3239/3016 3013/3238/3015 1540/1629/1539 2965/3177/2965
f 3016/3226/3004 3015/3240/3017 1763/1873/1760 1762/1872/1759
f 3017/3227/3005 3016/3226/3004 1762/1872/1759 1766/1876/1763
f 1766/1876/1763 2988/3203/2987 3018/3241/3018 3017/3227/3005
f 3019/3242/3019 3018/3241/3018 2988/3203/2987 1863/1975/1862
f 3020/3243/3020 3019/3242/3019 1863/1975/1862 1862/1974/1861
f 2556/2749/2559 3021/3244/3021 3020/3243/3020 1862/1974/1861
f 2555/2748/2558 3022/3245/3022 3021/3244/3021 2556/2749/2559
f 3023/3246/3023 3022/3245/3022 2555/2748/2558 2558/2751/2561
f 1769/1879/1766 3031/3255/3031 1770/1880/1767
f 3033/3257/3033 1051/1114/1051 1049/1112/1049 1056/1121/1057
f 2544/2740/2550 1769/1879/1766 2488/2668/2488 2492/2672/2492
f 257/260/260 256/259/259 1263/1344/1263 1265/1346/1265
f 256/259/259 272/273/273 1261/1342/1261 1263/1344/1263
f 1262/1343/1262 1261/1342/1261 272/273/273 271/272/272
f 2708/2911/2708 2710/2913/2710 1264/1345/1264 1260/1341/1260
f 1259/1340/1259 2705/2908/2705 2708/2911/2708 1260/1341/1260
f 1265/1346/1265 1263/1344/1263 1264/1345/1264 2713/2916/2713
f 2712/2915/2712 2713/2916/2713 1264/1345/1264 2710/2913/2710
f 1569/1662/1568 1262/1343/1262 271/272/272 1571/1664/1570
f 2748/2954/2748 3038/3258/3034 1754/1864/1751 1749/1859/1746
f 1259/1340/1259 1568/1661/1567 2986/3201/2985 2705/2908/2705
f 1568/1661/1567 1570/1663/1569 2976/3187/2975 2986/3201/2985
f 1301/1383/1300 1051/1114/1051 3033/3257/3033 1300/1382/1299
f 1342/1424/1341 280/282/282 1051/1114/1051 1301/1383/1300
f 262/283/283 280/282/282 1342/1424/1341 265/266/266
f 3033/3257/3033 1107/1179/1106 3030/3254/3030 1300/1382/1299
f 1056/1121/1057 1104/1176/1103 1107/1179/1106 3033/3257/3033
f 2543/2739/2549 2542/2738/2548 2552/2745/2555 2551/2744/2554
f 3031/3255/3031 2543/2739/2549 2551/2744/2554 3023/3246/3023
f 3001/3220/3001 3034/3259/3035 3030/3254/3030 1112/1184/1111
f 3035/3260/3036 3034/3259/3035 3001/3220/3001 3036/3261/3037
f 2749/2955/2749 2542/2738/2548 2545/2741/2551 3037/3262/3038
f 3038/3258/3034 1875/1983/1870 2749/2955/2749 3037/3262/3038
f 1056/1121/1057 3032/3256/3032 1104/1176/1103
f 1055/1120/1056 1122/1194/1121 3032/3256/3032 1056/1121/1057
f 1770/1880/1767 3031/3255/3031 3023/3246/3023 2558/2751/2561
f 1117/1189/1116 3032/3256/3032 1122/1194/1121 1118/1190/1117
f 657/673/658 651/669/654 654/672/657 658/674/659
f 3015/3240/3017 3014/3239/3016 2965/3177/2965 1763/1873/1760
f 655/595/582 668/682/667 669/683/668 662/592/579
f 670/684/669 668/682/667 655/595/582 617/633/618
f 1399/1449/1364 670/684/669 617/633/618 620/636/621
f 1400/1488/1402 1399/1449/1364 620/636/621 1397/1487/1401
f 1396/1651/1400 1560/1652/1559 1400/1488/1402 1397/1487/1401
f 1396/1486/1400 1395/1485/1399 1558/1647/1557 1560/1649/1559
f 1395/1485/1399 1474/1560/1473 1558/1647/1557
f 2847/3056/2848 2977/3188/2976 2924/3135/2925
f 2846/3055/2847 2979/3190/2978 2977/3188/2976 2847/3056/2848
f 2846/3160/2847 2848/3057/2849 2850/3059/2851 2979/3192/2978
f 2851/3060/2852 2850/3059/2851 2848/3057/2849 2084/2218/2084
f 2137/2275/2141 2851/3060/2852 2084/2218/2084 2083/2217/2083
f 2134/2272/2138 2137/2275/2141 2083/2217/2083 2121/2259/2125
f 2121/2259/2125 2128/2266/2132 2135/2273/2139 2134/2272/2138
f 2123/2261/2127 2135/2273/2139 2128/2266/2132 2118/2256/2122
f 2124/2262/2128 2123/2261/2127 2118/2256/2122 2117/2255/2121
f 1755/1865/1752 3037/3262/3038 2545/2741/2551 2491/2671/2491
f 1754/1864/1751 3038/3258/3034 3037/3262/3038 1755/1865/1752
f 3034/3259/3035 1299/1381/1298 1300/1382/1299 3030/3254/3030
f 1298/1380/1297 1299/1381/1298 3034/3259/3035 3035/3260/3036
f 402/402/400 1298/1380/1297 3035/3260/3036 403/403/401
f 2748/2954/2748 1872/1980/1867 1875/1983/1870 3038/3258/3034
f 404/404/402 403/403/401 282/285/285 281/284/284
f 506/508/501 404/3263/402 281/420/284 417/419/413
f 2748/2954/2748 2995/3212/2995 1881/3264/1876 1872/1980/1867
f 1882/1990/1877 1881/1989/1876 2995/3265/2995 2997/3215/2997
f 3036/3261/3037 282/285/285 403/403/401 3035/3260/3036
f 1872/1980/1867 1881/3264/1876 1884/3266/1879 1873/1981/1868
f 283/286/286 282/285/285 3036/3261/3037 1100/1171/1099
f 1884/3266/1879 1890/2733/1885 2540/2735/2546 1873/1981/1868
f 1425/1543/1456 679/693/678 535/537/530 1449/1534/1447
f 536/538/531 535/537/530 679/693/678 678/692/677
f 537/539/532 536/538/531 678/692/677 731/748/730
f 538/540/533 537/539/532 731/748/730 1315/1397/1314
f 539/541/534 538/540/533 1315/1397/1314 625/643/628
f 320/319/319 539/541/534 625/643/628 621/639/624
f 621/639/624 348/349/347 321/320/320 320/319/319
f 348/349/347 347/348/346 331/332/330 321/320/320
f 347/348/346 1251/1331/1250 1249/1329/1248 331/332/330
f 1251/1331/1250 345/346/344 339/340/338 1249/1329/1248
f 345/346/344 344/345/343 340/341/339 339/340/338
f 488/490/483 340/341/339 344/345/343 501/503/496
f 489/491/484 488/490/483 501/503/496 504/506/499
f 919/968/921 489/967/484 504/775/499 926/778/758
f 935/993/937 919/968/921 926/778/758 942/999/942
f 952/1009/950 935/993/937 942/999/942 951/1008/949
f 2376/2547/2374 2393/2567/2391 2391/2565/2389 2382/2554/2380
f 2361/2522/2359 2376/2547/2374 2382/2554/2380 2366/2533/2364
f 1960/2523/1955 2361/2522/2359 2366/2533/2364 1973/2532/1968
f 1961/2077/1956 1960/2076/1955 1973/2089/1968 1972/2088/1967
f 1819/1929/1816 1961/2077/1956 1972/2088/1967 1823/1933/1820
f 1822/1932/1819 1816/1926/1813 1819/1929/1816 1823/1933/1820
f 2697/2899/2696 2695/2897/2694 1816/1926/1813 1822/1932/1819
f 1824/1934/1821 1809/1919/1806 2695/2897/2694 2697/2899/2696
f 1827/1937/1824 1800/1910/1797 1809/1919/1806 1824/1934/1821
f 2088/2222/2088 1797/1907/1794 1800/1910/1797 1827/1937/1824
f 2009/2202/2070 1797/1907/1794 2088/2222/2088 2092/2226/2092
f 2007/2131/2010 2009/2202/2070 2092/2226/2092 2764/2973/2767
f 2008/2132/2011 2007/2131/2010 2764/2973/2767 2194/2244/2110
f 2005/2129/2008 2008/2132/2011 2194/2244/2110 2144/2243/2109
f 2006/2130/2009 2005/2129/2008 2144/2243/2109 2143/2281/2147
f 2877/3088/2879 2899/3109/2899 2006/2130/2009 2143/2281/2147
f 1453/1538/1451 1449/1534/1447 1450/1535/1448
f 2902/3112/2902 2899/3109/2899 2877/3088/2879 2907/3117/2907
f 2511/2704/2515 2512/3225/2516 2516/2705/2520
f 2512/2699/2516 2511/2697/2515 2310/2466/2312 2326/2487/2328
f 2309/2464/2311 2323/2484/2325 2326/2487/2328 2310/2466/2312
f 2306/2458/2307 2314/2471/2316 2323/2484/2325 2309/2464/2311
f 2302/2454/2304 2311/2468/2313 2314/2471/2316 2306/2458/2307
f 2301/2453/2303 2315/2472/2317 2311/2468/2313 2302/2454/2304
f 2308/2463/2310 2317/2474/2319 2315/2472/2317 2301/2453/2303
f 2732/2937/2732 2730/2935/2730 2317/2474/2319 2308/2463/2310
f 1505/1595/1506 1503/1593/1504 2730/2935/2730 2732/2937/2732
f 1505/1595/1506 1280/1361/1279 1278/1359/1277 1503/1593/1504
f 1280/1361/1279 865/906/869 874/917/878 1278/1359/1277
f 865/906/869 858/897/862 872/915/876 874/917/878
f 858/897/862 857/896/861 868/911/872 872/915/876
f 857/896/861 862/902/866 869/912/873 868/911/872
f 862/902/866 866/908/870 881/925/883 869/912/873
f 866/908/870 867/910/871 882/926/884 881/925/883
f 1076/1141/1075 882/926/884 867/910/871 1075/1139/1074
f 1492/1580/1491 1490/1578/1489 1489/1577/1488 1493/1581/1492
f 1492/1580/1491 899/941/899 905/948/903 1490/1578/1489
f 2355/3267/2353 2941/3152/2941 2940/3151/2940 2512/3225/2516
f 2349/2507/2347 2941/3152/2941 2355/3267/2353
f 2356/2515/2354 2339/2498/2339 3039/3268/3039
f 2320/2478/2322 2356/2515/2354 3039/3268/3039 3040/3269/3040
f 2307/2479/2156 2320/2478/2322 3040/3269/3040 3041/3270/3041
f 2300/2291/2157 2307/2290/2156 3041/3271/3041 3042/3272/3042
f 1713/1948/1835 2300/2291/2157 3042/3272/3042 3043/3273/3043
f 3044/3274/3044 1710/1945/1832 1713/1948/1835 3043/3273/3043
f 3045/3275/3045 1842/1954/1841 1710/1945/1832 3044/3274/3044
f 2711/2914/2711 1734/1844/1731 1842/1954/1841 3045/3275/3045
f 1735/1845/1732 1734/1844/1731 2711/2914/2711 2709/2912/2709
f 3050/3276/3046 1579/1679/1582 608/622/609 1578/1678/1581
f 1751/1861/1748 1735/1845/1732 2709/2912/2709 2707/2910/2707
f 2706/2909/2706 1748/1858/1745 1751/1861/1748 2707/2910/2707
f 2706/2909/2706 2993/3210/2993 2747/2953/2747 1748/1858/1745
f 2073/3213/2073 2994/3211/2994 2747/2953/2747 2993/3210/2993
f 2072/2204/2072 3046/3277/3047 2994/3278/2994 2073/2205/2073
f 909/951/907 914/960/916 897/939/897 890/932/890
f 878/921/880 877/981/928 914/960/916 909/951/907
f 859/920/863 864/978/868 877/981/928 878/921/880
f 854/891/858 856/893/860 864/904/868 859/898/863
f 367/368/366 235/238/238 856/893/860 854/891/858
f 236/239/239 235/238/238 367/368/366 366/367/365
f 365/366/364 236/239/239 366/367/365 369/370/368
f 258/261/261 365/366/364 369/370/368 368/369/367
f 370/439/432 255/258/258 258/261/261 368/369/367
f 372/372/370 273/274/274 255/258/258 370/439/432
f 274/275/275 273/274/274 372/372/370 371/371/369
f 1296/1378/1295 274/275/275 371/371/369 402/402/400
f 1577/1676/1580 1296/1378/1295 402/402/400 405/405/403
f 1587/1691/1594 1586/1690/1593 2021/2147/2023 2020/2146/2022
f 1563/1655/1562 1124/1196/1123 513/515/508 1564/1656/1563
f 2562/2755/2565 2561/2754/2564 2982/3196/2981
f 1981/2097/1976 2565/2758/2568 1979/2095/1974
f 1128/1200/1127 510/512/505 509/511/504 1562/1654/1561
f 2984/3198/2983 3048/3279/3048 3049/3280/3049 2996/3214/2996
f 508/510/503 1565/1657/1564 3050/3276/3046 3051/3281/3050
f 2980/3194/2979 2984/3198/2983 2996/3214/2996 2077/2211/2077
f 2981/3195/2980 2980/3194/2979 2077/2211/2077 1980/2096/1975
f 1125/1197/1124 1561/1653/1560 1565/1657/1564 508/510/503
f 1562/1654/1561 1561/1653/1560 1125/1197/1124 1128/1200/1127
f 2996/3214/2996 3049/3280/3049 2072/2204/2072 2071/2203/2071
f 1565/1657/1564 1566/1658/1565 1579/1679/1582 3050/3276/3046
f 3046/3277/3047 2997/3215/2997 2995/3265/2995 2994/3278/2994
f 1977/2093/1972 2998/3216/2998 3048/3279/3048 2984/3198/2983
f 506/508/501 3047/3282/3051 405/3283/403 404/3263/402
f 508/510/503 3051/3281/3050 3047/3282/3051 506/508/501
f 2998/3216/2998 2997/3215/2997 3046/3277/3047 3048/3279/3048
f 3049/3280/3049 3048/3279/3048 3046/3277/3047 2072/2204/2072
f 3051/3281/3050 3050/3276/3046 1578/1678/1581 3047/3282/3051
f 2077/2211/2077 2075/2207/2075 2076/2210/2076
f 609/623/610 605/619/606 1566/1658/1565 611/627/612
f 2712/2915/2712 2711/2914/2711 3045/3275/3045 2714/2917/2714
f 2716/2919/2716 2714/2917/2714 3045/3275/3045 3044/3274/3044
f 2718/2921/2718 2716/2919/2716 3044/3274/3044 3043/3273/3043
f 3042/3272/3042 2720/2923/2720 2718/2921/2718 3043/3273/3043
f 3041/3271/3041 2722/2925/2722 2720/2923/2720 3042/3272/3042
f 3040/3269/3040 2724/2927/2724 2722/2930/2722 3041/3270/3041
f 3039/3268/3039 2726/2931/2726 2724/2927/2724 3040/3269/3040
f 2339/2498/2339 2726/2931/2726 3039/3268/3039
f 2713/2916/2713 2715/2918/2715 1266/1347/1266 1265/1346/1265
f 2715/2918/2715 2717/2920/2717 1267/1348/1267 1266/1347/1266
f 2717/2920/2717 2719/2922/2719 1268/1349/1268 1267/1348/1267
f 1269/1350/1269 1268/1349/1268 2719/2922/2719 2721/2924/2721
f 1270/1351/1270 1269/1350/1269 2721/2924/2721 2723/2926/2723
f 1271/1353/1271 1270/1352/1270 2723/2929/2723 2725/2928/2725
f 1272/1327/1246 1271/1353/1271 2725/2928/2725 2727/2932/2727
f 897/939/897 1272/1327/1246 2727/2932/2727 2728/2933/2728
f 1578/1678/1581 1577/1677/1580 405/3283/403 3047/3282/3051
f 891/933/891 897/939/897 2728/2933/2728 1273/1354/1272
f 1100/1171/1099 3036/3261/3037 3001/3220/3001 3000/3219/3000
f 1101/1172/1100 1100/1171/1099 3000/3219/3000 2999/3218/2999
f 2540/2735/2546 2535/2729/2541 1874/1982/1869 1873/1981/1868
f 2540/2735/2546 2536/2730/2542 2535/2729/2541
