# Blender 5.0.1
# www.blender.org
mtllib lower_leg.mtl
o Ch31_Pants.002
v -0.014454 0.846939 0.085473
v -0.029230 0.834411 -0.076216
v -0.006430 0.867490 0.099117
v -0.022350 0.869255 0.096695
v -0.029769 0.855815 0.089631
v -0.007406 0.831438 0.074005
v 0.001810 0.835474 0.075244
v 0.004668 0.853124 0.088736
v 0.011009 0.867889 0.099393
v -0.016155 0.838205 -0.074898
v -0.006794 0.828179 -0.054355
v -0.011991 0.824109 -0.055132
v -0.017458 0.818099 -0.053589
v -0.034525 0.824094 -0.068501
v -0.035290 0.852902 -0.090542
v -0.021217 0.853776 -0.089619
v -0.050951 0.838472 -0.084201
v -0.050556 0.854698 -0.092923
v -0.051325 0.827260 -0.078516
v -0.138173 0.508364 -0.040028
v -0.126859 0.505453 -0.043273
v -0.115178 0.498545 -0.050136
v 0.002665 0.812316 0.000177
v 0.001852 0.814587 -0.017493
v 0.001479 0.819736 -0.034741
v -0.000781 0.821100 -0.034446
v -0.002644 0.829694 -0.053600
v 0.000879 0.827648 -0.052462
v -0.000257 0.816016 -0.017318
v -0.002525 0.815068 -0.017624
v -0.003274 0.819945 -0.035122
v 0.000344 0.813849 0.000226
v -0.002369 0.813195 0.000380
v -0.004126 0.810658 0.000553
v -0.003395 0.812289 -0.018131
v 0.002104 0.815315 0.020244
v -0.001233 0.814793 0.020703
v -0.003226 0.812262 0.021354
v -0.004056 0.808536 0.021760
v -0.004791 0.806935 0.000719
v 0.001280 0.815981 0.040166
v -0.001454 0.813466 0.040731
v -0.002700 0.809463 0.041348
v -0.005317 0.803532 0.040927
v -0.004275 0.803414 0.021832
v -0.002941 0.819035 0.058027
v -0.008006 0.814297 0.057274
v -0.013606 0.806056 0.054937
v -0.010607 0.788012 0.035171
v -0.016951 0.822716 0.070809
v -0.024299 0.811609 0.067028
v -0.031542 0.793075 0.061595
v -0.020226 0.789003 0.049431
v -0.036487 0.818725 0.075791
v -0.044075 0.798368 0.071186
v -0.035517 0.766570 0.057414
v -0.057344 0.803821 0.078030
v -0.061004 0.774253 0.076633
v -0.047730 0.770351 0.068239
v -0.071157 0.808725 0.082943
v -0.074901 0.777671 0.082826
v -0.060964 0.744507 0.075765
v -0.088977 0.780309 0.086592
v -0.088689 0.747992 0.086057
v -0.074606 0.746785 0.082246
v -0.102996 0.781322 0.087671
v -0.102895 0.748326 0.087015
v -0.087435 0.716764 0.085127
v -0.117069 0.748499 0.084596
v -0.116148 0.716750 0.083282
v -0.101888 0.716835 0.085894
v -0.130538 0.748600 0.078980
v -0.129498 0.716704 0.077610
v -0.114634 0.685755 0.082081
v -0.141359 0.716685 0.069159
v -0.139506 0.685487 0.067802
v -0.127803 0.685561 0.076207
v -0.151383 0.716624 0.058478
v -0.149307 0.685535 0.057243
v -0.137188 0.654623 0.066562
v -0.156757 0.685679 0.044881
v -0.153967 0.655014 0.043993
v -0.146778 0.654683 0.056126
v -0.161369 0.686011 0.031044
v -0.158383 0.655692 0.030529
v -0.155925 0.633154 0.030119
v -0.151559 0.632157 0.043225
v -0.160010 0.655711 0.016436
v -0.157625 0.633088 0.016316
v -0.152874 0.610456 0.029248
v -0.158954 0.654770 0.002009
v -0.156971 0.632562 0.002294
v -0.154932 0.611079 0.002335
v -0.154960 0.611024 0.016145
v -0.154144 0.632241 -0.011729
v -0.152620 0.611331 -0.011829
v -0.152654 0.583551 0.000886
v -0.148463 0.611687 -0.025670
v -0.146935 0.585157 -0.026443
v -0.150841 0.584717 -0.012996
v -0.141866 0.611674 -0.038282
v -0.139906 0.585044 -0.038504
v -0.145189 0.560067 -0.027570
v -0.129583 0.584579 -0.048521
v -0.128541 0.558604 -0.048312
v -0.137570 0.560357 -0.038948
v -0.117483 0.582384 -0.055670
v -0.117329 0.553918 -0.055554
v -0.119196 0.531862 -0.053080
v -0.130686 0.537288 -0.047051
v -0.104797 0.549780 -0.058768
v -0.105590 0.526739 -0.054974
v -0.108622 0.511927 -0.052086
v -0.122334 0.518403 -0.048674
v -0.094000 0.547965 -0.058314
v -0.096111 0.524294 -0.058526
v -0.100880 0.509383 -0.059161
v -0.107277 0.496009 -0.059219
v -0.090115 0.524078 -0.062869
v -0.094900 0.509403 -0.064391
v -0.101194 0.496166 -0.065728
v -0.087455 0.508327 -0.065536
v -0.093069 0.494668 -0.066969
v -0.084413 0.492489 -0.064194
v -0.149079 0.512312 -0.017481
v -0.147949 0.512798 -0.025088
v -0.144917 0.511066 -0.033006
v -0.144943 0.529212 -0.026976
v -0.140705 0.526816 -0.035668
v -0.134206 0.522880 -0.044201
v -0.137884 0.541156 -0.038371
v -0.144011 0.542423 -0.028313
v -0.148862 0.540581 -0.016288
v -0.149585 0.559047 -0.014819
v -0.150856 0.557134 -0.001714
v -0.149696 0.554788 0.011238
v -0.151537 0.582341 0.014184
v -0.148658 0.581171 0.026887
v -0.144372 0.580095 0.039199
v -0.148585 0.609449 0.041895
v -0.141817 0.608981 0.053722
v -0.144573 0.631665 0.055167
v -0.132583 0.609013 0.064166
v -0.135117 0.631631 0.065587
v -0.123717 0.631754 0.074170
v -0.125683 0.654753 0.075042
v -0.112661 0.654976 0.081047
v -0.098706 0.655115 0.083920
v -0.100495 0.685975 0.084832
v -0.086191 0.685974 0.084172
v -0.072443 0.685491 0.080270
v -0.073483 0.716140 0.081276
v -0.060386 0.714547 0.074519
v -0.048428 0.712274 0.065094
v -0.048075 0.741529 0.066737
v -0.036512 0.738625 0.055375
v -0.026721 0.736493 0.042063
v -0.024819 0.763889 0.044244
v -0.016230 0.763235 0.029112
v -0.010931 0.764499 0.013111
v -0.005589 0.791502 0.019140
v -0.005805 0.790273 -0.000545
v -0.004987 0.801522 0.000537
v -0.007853 0.789068 -0.019187
v -0.005147 0.802376 -0.019002
v -0.003632 0.808294 -0.018743
v -0.009483 0.805015 -0.037106
v -0.006204 0.812047 -0.037056
v -0.004673 0.816681 -0.036164
v -0.021884 0.808659 -0.052011
v -0.038531 0.792689 -0.063005
v -0.036923 0.812376 -0.064552
v -0.013691 0.788788 -0.036596
v -0.024591 0.790295 -0.051473
v -0.017848 0.762963 -0.035640
v -0.009306 0.764706 -0.003070
v -0.011581 0.763687 -0.019934
v -0.013735 0.734893 -0.003745
v -0.019383 0.735448 0.027258
v -0.014952 0.735197 0.011812
v -0.023314 0.707069 0.025922
v -0.038058 0.710060 0.053491
v -0.029612 0.708275 0.040238
v -0.039494 0.680945 0.051949
v -0.059828 0.684316 0.073319
v -0.048684 0.682578 0.063662
v -0.059111 0.653652 0.072033
v -0.084615 0.654996 0.083302
v -0.071207 0.654543 0.079234
v -0.097050 0.631755 0.083143
v -0.083110 0.631463 0.082482
v -0.110848 0.631845 0.080277
v -0.095182 0.608077 0.081734
v -0.121462 0.608964 0.072851
v -0.108801 0.608636 0.078985
v -0.119259 0.578840 0.070235
v -0.138135 0.579530 0.050938
v -0.129758 0.579320 0.061575
v -0.137123 0.549822 0.048338
v -0.146869 0.552638 0.023897
v -0.142814 0.550938 0.036390
v -0.149232 0.534417 0.008585
v -0.146565 0.531301 0.021079
v -0.150367 0.537565 -0.003759
v -0.149959 0.524100 -0.005826
v -0.149375 0.520375 0.005810
v -0.148422 0.527817 -0.017011
v -0.149974 0.509060 -0.008372
v -0.149861 0.505473 0.002430
v -0.147635 0.501900 0.015333
v -0.147211 0.516862 0.018553
v -0.142984 0.498506 0.028447
v -0.142989 0.513925 0.031673
v -0.142446 0.528834 0.033797
v -0.138219 0.511219 0.044717
v -0.137288 0.526895 0.046300
v -0.130375 0.525435 0.057313
v -0.129509 0.549213 0.059089
v -0.119910 0.548172 0.067584
v -0.108570 0.546533 0.072934
v -0.107124 0.577791 0.076081
v -0.093974 0.576311 0.078508
v -0.080789 0.574700 0.077095
v -0.081519 0.607428 0.080823
v -0.068714 0.606667 0.076279
v -0.069970 0.630948 0.078168
v -0.057524 0.605847 0.068790
v -0.058283 0.630187 0.070789
v -0.048467 0.629158 0.060918
v -0.048747 0.652358 0.062193
v -0.040407 0.651156 0.050496
v -0.034126 0.650260 0.037550
v -0.032270 0.679575 0.038822
v -0.026953 0.678536 0.024798
v -0.023625 0.677927 0.010218
v -0.019418 0.706372 0.011031
v -0.018401 0.706096 -0.004186
v -0.020452 0.706609 -0.019534
v -0.016032 0.734990 -0.019659
v -0.021904 0.735609 -0.034538
v -0.031331 0.736849 -0.048156
v -0.028061 0.764083 -0.049909
v -0.040888 0.765717 -0.061182
v -0.055458 0.767370 -0.069245
v -0.054113 0.794706 -0.070798
v -0.070415 0.796631 -0.075250
v -0.069649 0.816872 -0.078295
v -0.053058 0.814736 -0.073242
v -0.068536 0.826836 -0.080953
v -0.086305 0.818958 -0.078221
v -0.065042 0.840127 -0.085992
v -0.050672 0.874806 -0.105295
v -0.036952 0.872105 -0.102285
v -0.023228 0.871642 -0.100874
v -0.010170 0.871524 -0.100007
v -0.009571 0.854193 -0.088708
v -0.006652 0.839734 -0.073180
v 0.002667 0.871344 -0.099713
v 0.001842 0.854363 -0.088514
v 0.001235 0.839534 -0.073190
v 0.017202 0.905691 0.110069
v 0.014350 0.885649 0.106440
v -0.003015 0.885418 0.107689
v -0.021049 0.886207 0.104951
v -0.039314 0.889517 0.100004
v -0.041401 0.873149 0.094332
v -0.048164 0.860313 0.089797
v -0.057780 0.892630 0.095094
v -0.060196 0.876793 0.091554
v -0.065928 0.864087 0.088767
v -0.072573 0.850298 0.087030
v -0.056395 0.846080 0.086474
v -0.079826 0.879445 0.088387
v -0.084773 0.866941 0.087100
v -0.090149 0.853524 0.086695
v -0.094960 0.839030 0.086961
v -0.078904 0.835775 0.086265
v -0.103845 0.869294 0.085208
v -0.108007 0.855426 0.085537
v -0.111577 0.840368 0.085733
v -0.100306 0.815125 0.087553
v -0.124630 0.855912 0.081210
v -0.127017 0.840174 0.081108
v -0.129423 0.815255 0.080808
v -0.115035 0.815685 0.085859
v -0.141017 0.839583 0.073217
v -0.142586 0.814852 0.072651
v -0.130682 0.781558 0.080118
v -0.154000 0.814434 0.061850
v -0.154039 0.781185 0.060992
v -0.143228 0.781417 0.071762
v -0.162459 0.780908 0.048189
v -0.153057 0.748432 0.059823
v -0.167859 0.780609 0.033950
v -0.166218 0.747878 0.033007
v -0.161109 0.748164 0.047148
v -0.168121 0.747523 0.018061
v -0.163983 0.716446 0.031832
v -0.167037 0.747106 0.003114
v -0.164337 0.715665 0.001778
v -0.165630 0.716183 0.016774
v -0.160524 0.715561 -0.012347
v -0.161602 0.684866 0.001625
v -0.155001 0.715192 -0.025590
v -0.152827 0.684057 -0.025672
v -0.158001 0.684225 -0.012354
v -0.146089 0.684116 -0.038311
v -0.150975 0.654134 -0.025453
v -0.137435 0.684086 -0.049759
v -0.135624 0.654112 -0.049371
v -0.144385 0.654261 -0.038191
v -0.124862 0.653566 -0.058192
v -0.123192 0.631338 -0.057390
v -0.134177 0.632132 -0.049077
v -0.112684 0.652949 -0.064281
v -0.111037 0.630528 -0.062994
v -0.121022 0.609893 -0.056539
v -0.098407 0.630009 -0.065839
v -0.096555 0.607523 -0.063903
v -0.108667 0.608649 -0.061589
v -0.085827 0.629758 -0.066122
v -0.085069 0.607019 -0.063981
v -0.093609 0.576968 -0.061386
v -0.073442 0.607478 -0.062178
v -0.072106 0.577164 -0.059550
v -0.082450 0.576643 -0.060831
v -0.062794 0.577160 -0.056158
v -0.077607 0.545941 -0.061901
v -0.053460 0.576373 -0.051073
v -0.060889 0.543743 -0.052972
v -0.069777 0.544602 -0.058895
v -0.050749 0.543699 -0.045551
v -0.056004 0.520621 -0.048731
v -0.067327 0.520894 -0.055745
v -0.041626 0.543921 -0.036104
v -0.045409 0.520842 -0.039457
v -0.047885 0.505659 -0.041882
v -0.058541 0.505605 -0.051375
v -0.039577 0.520679 -0.028330
v -0.041790 0.505248 -0.030946
v -0.043783 0.489886 -0.033604
v -0.050098 0.490515 -0.044642
v -0.037206 0.520200 -0.015704
v -0.039113 0.504660 -0.018551
v -0.040700 0.489357 -0.021101
v -0.039513 0.504244 -0.007574
v -0.040554 0.489140 -0.010613
v -0.043210 0.488500 -0.000017
v -0.137999 0.495080 0.041265
v -0.130472 0.491716 0.052753
v -0.130995 0.508569 0.055608
v -0.120965 0.489407 0.060178
v -0.121843 0.506420 0.063670
v -0.121426 0.523677 0.065765
v -0.111536 0.504442 0.068103
v -0.110692 0.521691 0.070731
v -0.098970 0.519696 0.071750
v -0.096194 0.544447 0.074525
v -0.083875 0.542230 0.072142
v -0.072556 0.540206 0.066314
v -0.068690 0.573189 0.072162
v -0.058407 0.572097 0.064258
v -0.050044 0.571680 0.054342
v -0.048370 0.605045 0.058919
v -0.041165 0.604530 0.047413
v -0.040737 0.628286 0.049279
v -0.035739 0.604500 0.034831
v -0.034950 0.627749 0.036472
v -0.030894 0.627540 0.022894
v -0.029594 0.649659 0.023784
v -0.026792 0.649380 0.009480
v -0.026038 0.649486 -0.005089
v -0.022698 0.677804 -0.004704
v -0.024343 0.678317 -0.019583
v -0.029105 0.679248 -0.033630
v -0.025815 0.707652 -0.033957
v -0.034420 0.708914 -0.046898
v -0.045617 0.709912 -0.057508
v -0.043351 0.738101 -0.059245
v -0.057076 0.739311 -0.067428
v -0.071830 0.740485 -0.072646
v -0.071063 0.768960 -0.074040
v -0.087061 0.770588 -0.075541
v -0.102789 0.771934 -0.073425
v -0.102680 0.800457 -0.073546
v -0.086815 0.798660 -0.076041
v -0.105569 0.820729 -0.073925
v -0.117659 0.802169 -0.068422
v -0.117465 0.822737 -0.069444
v -0.051993 0.893766 -0.112293
v -0.037879 0.892165 -0.110579
v -0.023744 0.891661 -0.109358
v -0.010141 0.891155 -0.108480
v 0.003344 0.890649 -0.108185
v 0.017904 0.931589 0.111606
v -0.000130 0.931669 0.113020
v -0.001137 0.905754 0.111705
v -0.018886 0.905177 0.109622
v -0.036948 0.907919 0.104361
v -0.054953 0.910976 0.098137
v -0.072992 0.914013 0.092184
v -0.076616 0.895817 0.090365
v -0.095507 0.898279 0.085729
v -0.099581 0.882302 0.085207
v -0.114268 0.899838 0.081147
v -0.118348 0.884339 0.081337
v -0.121653 0.870624 0.081273
v -0.134902 0.884970 0.073931
v -0.137314 0.870600 0.073767
v -0.139415 0.855448 0.073505
v -0.150585 0.870078 0.062881
v -0.152068 0.854821 0.062648
v -0.153123 0.838988 0.062403
v -0.161808 0.854524 0.049129
v -0.162488 0.838704 0.049062
v -0.162913 0.814168 0.048792
v -0.168453 0.838684 0.033901
v -0.168621 0.814103 0.034166
v -0.170949 0.813820 0.018871
v -0.170040 0.780125 0.019088
v -0.169239 0.779499 0.004233
v -0.165760 0.778574 -0.010514
v -0.163338 0.746816 -0.011295
v -0.157555 0.746410 -0.025038
v -0.150090 0.745692 -0.038019
v -0.147975 0.714860 -0.038254
v -0.139123 0.714526 -0.049927
v -0.128208 0.714148 -0.059862
v -0.126719 0.683770 -0.059156
v -0.114353 0.683213 -0.065863
v -0.100912 0.682632 -0.069643
v -0.099731 0.652470 -0.067545
v -0.086507 0.652252 -0.068036
v -0.073473 0.652190 -0.065909
v -0.073451 0.629746 -0.064237
v -0.061376 0.629885 -0.060104
v -0.061789 0.607630 -0.058328
v -0.050247 0.629834 -0.053549
v -0.050911 0.607447 -0.052501
v -0.041861 0.607233 -0.043923
v -0.044457 0.575772 -0.043657
v -0.037311 0.575847 -0.033600
v -0.033122 0.575922 -0.021339
v -0.036529 0.544203 -0.024548
v -0.034581 0.544084 -0.011755
v -0.034769 0.543170 0.000605
v -0.037598 0.519549 -0.004277
v -0.040014 0.518384 0.007660
v -0.042203 0.503440 0.003756
v -0.044817 0.517236 0.019646
v -0.046664 0.502365 0.015656
v -0.048052 0.487750 0.011032
v -0.053032 0.501293 0.027827
v -0.054205 0.486454 0.023831
v -0.061274 0.485082 0.036416
v -0.111702 0.486917 0.064365
v -0.101558 0.484713 0.064892
v -0.100643 0.502534 0.068692
v -0.090268 0.484326 0.060930
v -0.089356 0.500947 0.065564
v -0.087231 0.517700 0.068707
v -0.078385 0.500309 0.058543
v -0.076529 0.516109 0.062077
v -0.067034 0.515576 0.052837
v -0.062839 0.538936 0.057789
v -0.054594 0.538795 0.047701
v -0.047666 0.539479 0.036615
v -0.043286 0.571895 0.043127
v -0.037965 0.572642 0.031023
v -0.034040 0.573650 0.018292
v -0.031966 0.604821 0.021491
v -0.029726 0.605345 0.007685
v -0.028455 0.627635 0.008831
v -0.029485 0.605975 -0.006313
v -0.027964 0.627979 -0.005475
v -0.029544 0.628460 -0.019496
v -0.027548 0.649917 -0.019490
v -0.031943 0.650579 -0.033130
v -0.039347 0.651341 -0.044998
v -0.037006 0.680308 -0.045960
v -0.047484 0.681084 -0.055968
v -0.059763 0.681536 -0.063382
v -0.058580 0.710685 -0.065445
v -0.072569 0.711373 -0.070571
v -0.087088 0.712057 -0.072732
v -0.087108 0.741746 -0.074570
v -0.102221 0.742799 -0.072967
v -0.116641 0.743531 -0.068053
v -0.117582 0.773038 -0.068215
v -0.130925 0.774108 -0.060272
v -0.131303 0.803837 -0.060884
v -0.143167 0.805646 -0.051014
v -0.142825 0.828710 -0.052688
v -0.130965 0.826253 -0.062206
v -0.142759 0.844314 -0.054680
v -0.143200 0.865038 -0.058265
v -0.143793 0.878749 -0.060716
v -0.110301 0.939626 -0.095202
v -0.096848 0.936629 -0.104907
v -0.082321 0.934093 -0.111567
v -0.067364 0.932295 -0.115006
v -0.052416 0.932582 -0.115507
v -0.023548 0.934874 -0.114011
v -0.009622 0.934795 -0.113519
v 0.003845 0.934019 -0.113480
v 0.017025 0.959891 0.113659
v -0.000699 0.959795 0.114617
v -0.018374 0.959596 0.113453
v -0.017996 0.931239 0.111581
v -0.035228 0.931010 0.107527
v -0.052155 0.931899 0.101391
v -0.069170 0.933697 0.094774
v -0.086429 0.936190 0.088253
v -0.091154 0.916091 0.086439
v -0.109537 0.918123 0.080828
v -0.127953 0.917990 0.073782
v -0.132242 0.898688 0.073921
v -0.146524 0.898822 0.063107
v -0.148717 0.884726 0.063034
v -0.157362 0.898807 0.049209
v -0.159244 0.884573 0.049222
v -0.160718 0.869822 0.049205
v -0.165805 0.884480 0.032973
v -0.167053 0.869749 0.033271
v -0.167946 0.854506 0.033582
v -0.169379 0.869485 0.016064
v -0.170283 0.854208 0.016920
v -0.170799 0.838440 0.017817
v -0.169178 0.852800 0.000120
v -0.169876 0.837224 0.001688
v -0.170233 0.812764 0.003635
v -0.166188 0.834351 -0.014000
v -0.166815 0.810507 -0.011409
v -0.160909 0.808618 -0.026040
v -0.159837 0.777580 -0.024885
v -0.152059 0.776465 -0.038141
v -0.142476 0.775290 -0.050085
v -0.140890 0.744957 -0.049926
v -0.129712 0.744224 -0.060150
v -0.115500 0.713597 -0.067259
v -0.101582 0.712820 -0.071620
v -0.086986 0.682165 -0.070401
v -0.073093 0.681852 -0.068213
v -0.060858 0.652148 -0.061539
v -0.049208 0.651917 -0.054586
v -0.040803 0.629527 -0.044361
v -0.033821 0.629011 -0.032812
v -0.035176 0.606912 -0.032917
v -0.031053 0.606492 -0.019959
v -0.031608 0.575655 -0.008249
v -0.031735 0.574727 0.005137
v -0.037265 0.541783 0.012954
v -0.041826 0.540538 0.024968
v -0.051280 0.516294 0.031285
v -0.058759 0.515669 0.042380
v -0.060780 0.500631 0.039100
v -0.069043 0.500465 0.049189
v -0.069446 0.484541 0.045742
v -0.079032 0.484541 0.053546
v -0.153005 0.807273 -0.039330
v -0.160424 0.832268 -0.028211
v -0.152628 0.830789 -0.041247
v -0.159725 0.848704 -0.030172
v -0.152143 0.846891 -0.043310
v -0.158969 0.864707 -0.032197
v -0.151534 0.862739 -0.045952
v -0.158010 0.880150 -0.034675
v -0.151218 0.878383 -0.049391
v -0.156478 0.895751 -0.037320
v -0.149936 0.894049 -0.052416
v -0.153249 0.918690 -0.038753
v -0.146526 0.917233 -0.054520
v -0.141381 0.946418 -0.053511
v -0.126026 0.943546 -0.078093
v -0.118130 0.973212 -0.078351
v -0.106609 0.972022 -0.089712
v -0.093800 0.970479 -0.098987
v -0.079873 0.969174 -0.105698
v -0.065645 0.968131 -0.109079
v -0.051453 0.967075 -0.109758
v -0.037382 0.966520 -0.109539
v -0.023473 0.966273 -0.109265
v -0.009735 0.966220 -0.109070
v 0.003837 0.966251 -0.109001
v 0.015450 0.988242 0.116239
v -0.001879 0.988080 0.116911
v -0.019292 0.987942 0.115772
v -0.036290 0.988015 0.112674
v -0.035473 0.959480 0.110187
v -0.051810 0.959834 0.104983
v -0.067564 0.960965 0.098211
v -0.083372 0.962505 0.091193
v -0.099134 0.964599 0.083577
v -0.104017 0.939269 0.081720
v -0.121191 0.942242 0.073989
v -0.136869 0.944505 0.063662
v -0.142948 0.919039 0.062846
v -0.154203 0.919418 0.048980
v -0.161470 0.919359 0.032664
v -0.164228 0.898661 0.032709
v -0.166641 0.898468 0.014585
v -0.168145 0.884292 0.015232
v -0.165209 0.897957 -0.004105
v -0.166814 0.883594 -0.002569
v -0.168185 0.868215 -0.000965
v -0.163191 0.881533 -0.019040
v -0.164554 0.866093 -0.016947
v -0.165408 0.850439 -0.015865
v -0.161449 0.896685 -0.021485
v -0.163017 0.918608 -0.004639
v -0.158855 0.918730 -0.022314
v -0.157957 0.945344 -0.002879
v -0.153920 0.946510 -0.020225
v -0.148263 0.947154 -0.036997
v -0.144114 0.974843 -0.033347
v -0.137240 0.974597 -0.049570
v -0.128456 0.974032 -0.064908
v -0.123870 1.001748 -0.057902
v -0.114205 1.002352 -0.070005
v -0.103407 1.002292 -0.080567
v -0.110392 1.024207 -0.063683
v -0.099615 1.025000 -0.072935
v -0.088317 1.025622 -0.079868
v -0.091585 1.001616 -0.089033
v -0.076937 1.025757 -0.084610
v -0.078854 1.000925 -0.095214
v -0.064822 1.025257 -0.087615
v -0.065373 1.001336 -0.098330
v -0.051956 1.024176 -0.088915
v -0.051890 1.000076 -0.099223
v -0.039391 1.023137 -0.089378
v -0.038175 0.999310 -0.098981
v -0.026434 1.022415 -0.089698
v -0.024551 0.999283 -0.098740
v -0.012556 1.022204 -0.089788
v -0.010894 0.999519 -0.098483
v 0.001798 1.022182 -0.089797
v 0.002882 0.999908 -0.098328
v 0.015054 1.009535 0.117918
v -0.002653 1.009669 0.118587
v -0.019900 1.009250 0.117366
v -0.036780 1.009235 0.114287
v -0.053169 1.009417 0.109307
v -0.052583 0.988357 0.107662
v -0.068944 1.009682 0.102823
v -0.068254 0.989026 0.100970
v -0.084184 1.010123 0.095093
v -0.083689 0.989944 0.093515
v -0.098824 1.011074 0.086072
v -0.098482 0.991156 0.084542
v -0.112600 0.992521 0.074335
v -0.114503 0.966681 0.074207
v -0.128804 0.968632 0.063158
v -0.140634 0.970358 0.049541
v -0.148336 0.945635 0.049335
v -0.155898 0.945635 0.033163
v -0.159073 0.944973 0.015246
v -0.164225 0.918943 0.014290
v -0.152399 0.971420 0.016616
v -0.152144 0.972292 -0.000007
v -0.148923 0.973952 -0.016561
v -0.144171 1.000628 -0.013325
v -0.139249 1.001687 -0.029137
v -0.132105 1.001689 -0.044133
v -0.135767 1.022169 -0.026457
v -0.128503 1.022830 -0.040720
v -0.119958 1.023501 -0.052903
v -0.140881 1.020455 -0.010420
v -0.146338 0.999256 0.002764
v -0.142857 1.019209 0.005461
v -0.145786 0.997927 0.018654
v -0.142309 1.017946 0.020560
v -0.142412 0.996307 0.034214
v -0.139151 1.016509 0.035571
v -0.135417 0.995215 0.049175
v -0.133188 1.015148 0.049811
v -0.125256 0.993906 0.062637
v -0.124154 1.013736 0.063421
v -0.112390 1.012290 0.075556
v -0.148761 0.971322 0.033532
v -0.060760 0.491131 -0.054267
v -0.074403 0.490777 -0.060149
v -0.070977 0.505477 -0.057603
v -0.079672 0.506729 -0.062276
v -0.075823 0.521900 -0.061235
v -0.083017 0.523220 -0.064257
v -0.085714 0.546994 -0.060909
v -0.105471 0.579407 -0.060348
v -0.132554 0.610934 -0.048756
v -0.143111 0.632615 -0.038179
v -0.149654 0.632463 -0.025425
v -0.155778 0.654136 -0.011956
v -0.162928 0.686059 0.016299
v -0.159136 0.716533 0.045926
v -0.142677 0.748569 0.070555
v -0.117024 0.781549 0.085499
v -0.085541 0.812669 0.086237
v -0.063795 0.831150 0.084500
v -0.049602 0.825491 0.081306
v -0.041537 0.840460 0.084332
v -0.027672 0.833163 0.079953
v 0.001814 0.822464 0.057908
v 0.003860 0.816182 0.039719
v -0.135719 0.852764 -0.074394
v -0.103278 0.846154 -0.092784
v -0.138715 0.849241 -0.067654
v -0.140237 0.863696 -0.069396
v -0.134100 0.861507 -0.077921
v -0.128537 0.847484 -0.080113
v -0.130007 0.840814 -0.071330
v -0.125924 0.856325 -0.085374
v -0.103157 0.837978 -0.089133
v -0.118352 0.840611 -0.084498
v -0.114537 0.848396 -0.089797
v -0.100335 0.857724 -0.097793
v -0.089505 0.850360 -0.097683
v -0.111843 0.862968 -0.094931
v -0.140207 0.876555 -0.070884
v -0.139942 0.890848 -0.071786
v -0.130503 0.887264 -0.082804
v -0.132396 0.873534 -0.080631
v -0.119886 0.882909 -0.092267
v -0.123064 0.868867 -0.089200
v -0.107683 0.877710 -0.099227
v -0.117114 0.897379 -0.095062
v -0.104741 0.892538 -0.102700
v -0.092547 0.887379 -0.107605
v -0.096423 0.872065 -0.102875
v -0.081464 0.882404 -0.109841
v -0.085528 0.866156 -0.104245
v -0.070934 0.878855 -0.110618
v -0.074792 0.861492 -0.103818
v -0.077204 0.839482 -0.090467
v -0.096244 0.831504 -0.084608
v -0.117913 0.832603 -0.076899
v -0.066407 0.895800 -0.115526
v -0.061748 0.913412 -0.118105
v -0.058131 0.930100 -0.118399
v -0.073699 0.916045 -0.117271
v -0.069738 0.932391 -0.117908
v -0.085373 0.919232 -0.114306
v -0.081846 0.934896 -0.115016
v -0.098345 0.923039 -0.108626
v -0.094828 0.937937 -0.109435
v -0.111768 0.926885 -0.099676
v -0.107460 0.941295 -0.101109
v -0.124493 0.930760 -0.087735
v -0.121725 0.945397 -0.087560
v -0.134955 0.934134 -0.073632
v -0.131708 0.947776 -0.073751
v -0.137166 0.918902 -0.074123
v -0.138886 0.904896 -0.073287
v -0.126881 0.915967 -0.086939
v -0.128708 0.901519 -0.085080
v -0.114784 0.912047 -0.097831
v -0.101662 0.907755 -0.106402
v -0.088714 0.903321 -0.111936
v -0.077573 0.899243 -0.114630
v -0.140196 0.905122 -0.068609
v -0.068441 0.861565 -0.098025
v -0.063379 0.877547 -0.107032
v -0.048056 0.927514 -0.115602
v -0.069632 0.927547 -0.114189
v -0.126981 0.941645 -0.077219
v -0.133594 0.945530 -0.067423
v -0.140976 0.891210 -0.067396
v -0.136805 0.933033 -0.068601
v -0.138732 0.919126 -0.069027
v -0.140943 0.877968 -0.065690
v -0.140178 0.864288 -0.063526
v -0.138887 0.847038 -0.059598
v -0.130211 0.839323 -0.064546
v -0.094622 0.831361 -0.080186
v -0.074010 0.842155 -0.086662
v -0.059196 0.893168 -0.112408
v -0.053467 0.910692 -0.115281
v -0.052578 0.926783 -0.115005
v -0.057988 0.925477 -0.114757
v -0.081682 0.930163 -0.111553
v -0.093797 0.931889 -0.106268
v -0.106475 0.935051 -0.098134
v -0.116964 0.939520 -0.088919
v -0.143880 0.892253 -0.062008
v -0.142807 0.907125 -0.062939
v -0.141453 0.918459 -0.063966
v -0.139228 0.932024 -0.063346
v -0.136625 0.947137 -0.062768
v -0.134558 0.956392 -0.061687
v 0.003525 0.911412 -0.112832
v -0.010134 0.911574 -0.112935
v -0.023927 0.911230 -0.113461
v -0.038206 0.911047 -0.114263
v 0.003973 0.949997 -0.111421
v -0.009706 0.950453 -0.111472
v -0.023601 0.950482 -0.111516
v -0.038005 0.950202 -0.112291
v -0.052066 0.950128 -0.113587
v -0.066626 0.950787 -0.113136
v -0.081332 0.952221 -0.109592
v -0.095614 0.954098 -0.102680
v -0.108680 0.956076 -0.092959
v -0.120393 0.957587 -0.081009
v -0.130827 0.957841 -0.067156
v -0.061416 0.858844 -0.096262
v -0.057862 0.875773 -0.106543
v -0.047265 0.910676 -0.115282
v -0.039459 0.933168 -0.114860
v -0.085621 0.834781 -0.087914
v -0.094845 0.841184 -0.092707
v -0.076146 0.837875 -0.084640
v -0.083781 0.834882 -0.082553
v -0.107884 0.827826 -0.074122
v -0.116905 0.830523 -0.070846
v -0.111027 0.837827 -0.086575
v -0.110955 0.829013 -0.080010
vn 0.0416 -0.5170 0.8550
vn -0.0859 -0.4763 0.8751
vn -0.1864 -0.3956 0.8993
vn -0.0335 -0.3874 0.9213
vn 0.2307 -0.6194 0.7504
vn 0.7392 -0.4795 0.4730
vn 0.6656 -0.4761 0.5747
vn 0.7086 -0.3913 0.5871
vn 0.2467 -0.6316 -0.7350
vn 0.2531 -0.7244 -0.6412
vn 0.4813 -0.7266 -0.4902
vn 0.5423 -0.5969 -0.5912
vn 0.5429 -0.4967 -0.6772
vn 0.3978 -0.5350 -0.7454
vn 0.0752 -0.5592 -0.8256
vn 0.0864 -0.5991 -0.7960
vn 0.1448 -0.4609 -0.8756
vn 0.0779 -0.4958 -0.8649
vn 0.2767 -0.4259 -0.8614
vn 0.5156 -0.7967 -0.3154
vn -0.0385 -0.9373 -0.3463
vn 0.0148 -0.8972 -0.4414
vn 0.4357 -0.8218 -0.3671
vn 0.4458 -0.8718 -0.2030
vn -0.1009 -0.9750 -0.1978
vn 0.7364 -0.6604 -0.1470
vn 0.7245 -0.6156 -0.3101
vn 0.8644 -0.4850 -0.1329
vn -0.0257 -0.9986 -0.0452
vn 0.5925 -0.8051 -0.0270
vn 0.9338 -0.3577 -0.0023
vn 0.9784 -0.1990 -0.0562
vn 0.1616 -0.9855 0.0509
vn 0.4988 -0.8665 0.0202
vn 0.8918 -0.4512 -0.0336
vn 0.9897 -0.1354 -0.0454
vn 0.9946 -0.1031 0.0081
vn 0.7244 -0.6871 0.0571
vn 0.8519 -0.5136 0.1023
vn 0.9069 -0.3728 0.1962
vn 0.8532 -0.4153 0.3157
vn 0.9963 -0.0855 0.0118
vn 0.5396 -0.6925 0.4788
vn 0.5701 -0.6050 0.5559
vn 0.6151 -0.5035 0.6067
vn 0.6989 -0.3551 0.6208
vn 0.8562 -0.3512 0.3788
vn 0.3321 -0.5527 0.7644
vn 0.4354 -0.4668 0.7698
vn 0.5668 -0.3174 0.7602
vn 0.2904 -0.3667 0.8839
vn 0.4402 -0.2495 0.8625
vn 0.5744 -0.1047 0.8118
vn 0.6924 -0.1445 0.7069
vn 0.3327 -0.1704 0.9275
vn 0.4573 -0.0622 0.8871
vn 0.2483 -0.0904 0.9645
vn 0.3270 -0.0296 0.9446
vn 0.3432 -0.0165 0.9391
vn 0.4986 -0.0248 0.8665
vn 0.1637 -0.0108 0.9865
vn 0.1628 -0.0193 0.9865
vn -0.0420 -0.0063 0.9991
vn -0.0525 -0.0289 0.9982
vn -0.0638 -0.0372 0.9973
vn 0.1603 -0.0234 0.9868
vn -0.2792 -0.0367 0.9595
vn -0.2873 -0.0495 0.9566
vn -0.4805 -0.0427 0.8760
vn -0.4883 -0.0592 0.8707
vn -0.4969 -0.0661 0.8653
vn -0.3002 -0.0517 0.9525
vn -0.6566 -0.0658 0.7513
vn -0.6599 -0.0756 0.7475
vn -0.7919 -0.0721 0.6064
vn -0.7968 -0.0820 0.5987
vn -0.7999 -0.0944 0.5927
vn -0.6654 -0.0849 0.7416
vn -0.9053 -0.0891 0.4154
vn -0.9074 -0.1018 0.4078
vn -0.9733 -0.0942 0.2093
vn -0.9719 -0.1045 0.2107
vn -0.9688 -0.1235 0.2149
vn -0.9062 -0.1256 0.4037
vn -0.9947 -0.0998 0.0244
vn -0.9928 -0.1124 0.0402
vn -0.9897 -0.1217 0.0758
vn -0.9620 -0.1473 0.2299
vn -0.9858 -0.0890 -0.1426
vn -0.9886 -0.0920 -0.1190
vn -0.9930 -0.0863 -0.0810
vn -0.9646 -0.0718 -0.2538
vn -0.9724 -0.0625 -0.2249
vn -0.9774 -0.0449 -0.2068
vn -0.9969 -0.0731 -0.0278
vn -0.9251 -0.0455 -0.3770
vn -0.9182 -0.0438 -0.3938
vn -0.8227 -0.0509 -0.5662
vn -0.7873 -0.0582 -0.6138
vn -0.7773 -0.0355 -0.6281
vn -0.8938 -0.0415 -0.4466
vn -0.6080 -0.0539 -0.7921
vn -0.6335 -0.0079 -0.7737
vn -0.4426 -0.0464 -0.8955
vn -0.4051 -0.0348 -0.9136
vn -0.3451 -0.1431 -0.9276
vn -0.6188 0.0080 -0.7855
vn -0.1264 -0.1071 -0.9862
vn -0.2903 -0.1354 -0.9473
vn -0.4876 0.0237 -0.8728
vn -0.3759 -0.2233 -0.8993
vn -0.1392 -0.0398 -0.9895
vn -0.4648 0.1202 -0.8772
vn -0.6203 0.2660 -0.7379
vn -0.6300 -0.5154 -0.5810
vn -0.4510 -0.6443 -0.6176
vn -0.3729 0.1813 -0.9100
vn -0.3850 0.2421 -0.8906
vn -0.4875 -0.4255 -0.7624
vn 0.1356 0.0453 -0.9897
vn -0.0390 -0.5939 -0.8036
vn -0.7161 -0.4983 -0.4887
vn -0.7545 -0.5533 -0.3530
vn -0.9195 0.0686 -0.3871
vn -0.8324 0.0943 -0.5461
vn -0.6026 -0.0372 -0.7972
vn -0.5111 -0.5858 -0.6290
vn -0.8090 0.0199 -0.5875
vn -0.4045 -0.6386 -0.6546
vn -0.8914 -0.0140 -0.4530
vn -0.9671 -0.0184 -0.2536
vn -0.9761 -0.0269 -0.2156
vn -0.9989 -0.0456 -0.0111
vn -0.9877 -0.0610 0.1438
vn -0.9841 -0.1043 0.1435
vn -0.9567 -0.1233 0.2638
vn -0.9118 -0.1261 0.3907
vn -0.9040 -0.1540 0.3989
vn -0.8052 -0.1447 0.5751
vn -0.8018 -0.1180 0.5858
vn -0.6794 -0.1246 0.7231
vn -0.6699 -0.1063 0.7348
vn -0.5151 -0.0882 0.8526
vn -0.5067 -0.0716 0.8592
vn -0.3114 -0.0540 0.9487
vn -0.0801 -0.0364 0.9961
vn -0.0726 -0.0364 0.9967
vn 0.1605 -0.0217 0.9868
vn 0.3805 -0.0161 0.9246
vn 0.3622 -0.0172 0.9320
vn 0.5370 -0.0240 0.8432
vn 0.6787 -0.0455 0.7330
vn 0.6325 -0.0489 0.7730
vn 0.7462 -0.0792 0.6610
vn 0.8439 -0.1105 0.5250
vn 0.8014 -0.1795 0.5705
vn 0.8963 -0.2092 0.3911
vn 0.9634 -0.1878 0.1914
vn 0.9765 -0.1763 0.1243
vn 0.9933 -0.1019 -0.0538
vn 0.9980 -0.0592 -0.0207
vn 0.9656 -0.1624 -0.2033
vn 0.9670 -0.2124 -0.1408
vn 0.9845 -0.1625 -0.0655
vn 0.8249 -0.3032 -0.4770
vn 0.8581 -0.2941 -0.4210
vn 0.9105 -0.2830 -0.3014
vn 0.6442 -0.2617 -0.7187
vn 0.7112 -0.1317 -0.6905
vn 0.5328 -0.1056 -0.8396
vn 0.5096 -0.2447 -0.8249
vn 0.8675 -0.1969 -0.4569
vn 0.9586 -0.1414 -0.2471
vn 0.8654 -0.1521 -0.4775
vn 0.9900 -0.1403 -0.0168
vn 0.9727 -0.1485 0.1782
vn 0.9877 -0.1530 -0.0315
vn 0.9219 -0.1371 0.3624
vn 0.8717 -0.1122 0.4770
vn 0.9327 -0.1386 0.3330
vn 0.7889 -0.0771 0.6097
vn 0.7209 -0.0375 0.6920
vn 0.8287 -0.0618 0.5563
vn 0.5712 -0.0215 0.8205
vn 0.4029 -0.0173 0.9151
vn 0.6027 -0.0202 0.7977
vn 0.1672 -0.0217 0.9857
vn -0.0788 -0.0520 0.9955
vn 0.1801 -0.0393 0.9829
vn -0.3175 -0.0684 0.9458
vn -0.3191 -0.0932 0.9431
vn -0.0680 -0.0839 0.9942
vn -0.5259 -0.1061 0.8439
vn -0.7122 -0.0961 0.6953
vn -0.5387 -0.0871 0.8380
vn -0.8333 -0.1152 0.5407
vn -0.9291 -0.0711 0.3629
vn -0.8627 -0.0558 0.5026
vn -0.9648 -0.0670 0.2542
vn -0.9891 -0.0299 0.1444
vn -0.9667 -0.0240 0.2549
vn -0.9995 -0.0250 -0.0186
vn -0.9990 -0.0073 -0.0450
vn -0.9940 -0.0018 0.1094
vn -0.9723 0.0121 -0.2334
vn -0.8187 -0.5344 -0.2101
vn -0.7800 -0.6173 -0.1020
vn -0.7996 -0.6003 0.0181
vn -0.7627 -0.6395 0.0968
vn -0.9717 -0.0106 0.2361
vn -0.7247 -0.6715 0.1545
vn -0.9474 -0.0387 0.3176
vn -0.9397 -0.0347 0.3401
vn -0.8947 -0.0485 0.4441
vn -0.8891 -0.0135 0.4576
vn -0.7745 -0.0270 0.6320
vn -0.7449 -0.0422 0.6658
vn -0.5528 -0.0443 0.8321
vn -0.2886 -0.0715 0.9548
vn -0.3137 -0.0933 0.9449
vn -0.0455 -0.1111 0.9928
vn 0.2313 -0.1356 0.9634
vn 0.1990 -0.0799 0.9767
vn 0.4445 -0.0775 0.8924
vn 0.4238 -0.0339 0.9051
vn 0.6437 -0.0804 0.7610
vn 0.6231 -0.0321 0.7815
vn 0.7723 -0.0373 0.6342
vn 0.7535 -0.0301 0.6568
vn 0.8579 -0.0453 0.5119
vn 0.9239 -0.0635 0.3772
vn 0.9007 -0.0900 0.4250
vn 0.9489 -0.1150 0.2940
vn 0.9807 -0.1310 0.1449
vn 0.9748 -0.1521 0.1632
vn 0.9874 -0.1546 -0.0334
vn 0.9590 -0.1412 -0.2457
vn 0.9546 -0.1502 -0.2572
vn 0.8699 -0.1400 -0.4730
vn 0.7434 -0.1217 -0.6577
vn 0.7262 -0.1340 -0.6743
vn 0.5629 -0.1057 -0.8197
vn 0.3828 -0.0767 -0.9206
vn 0.3456 -0.1004 -0.9330
vn 0.1441 -0.0999 -0.9845
vn 0.1129 -0.2119 -0.9708
vn 0.3382 -0.2740 -0.9003
vn 0.0547 -0.3140 -0.9478
vn 0.0203 -0.4213 -0.9067
vn 0.4177 -0.5437 -0.7279
vn 0.3148 -0.5426 -0.7788
vn 0.0446 -0.5068 -0.8609
vn 0.0222 -0.4254 -0.9047
vn 0.1072 -0.4289 -0.8970
vn 0.0630 -0.2563 -0.9645
vn 0.0783 -0.2874 -0.9546
vn 0.0906 -0.4501 -0.8884
vn 0.0611 -0.2974 -0.9528
vn 0.0652 -0.4596 -0.8857
vn 0.0299 -0.3058 -0.9516
vn 0.0342 -0.4726 -0.8806
vn 0.0535 -0.6403 -0.7662
vn 0.1031 -0.8049 -0.5844
vn 0.6796 -0.3516 -0.6438
vn 0.6841 -0.4715 -0.5566
vn 0.6797 -0.6039 -0.4163
vn 0.7299 -0.2027 0.6529
vn 0.7502 -0.1119 0.6517
vn -0.0101 -0.1213 0.9926
vn -0.0391 -0.3101 0.9499
vn -0.1998 -0.1427 0.9694
vn -0.2288 -0.3118 0.9222
vn -0.3187 -0.1415 0.9372
vn -0.2903 -0.2326 0.9282
vn -0.1819 -0.2740 0.9444
vn -0.0783 -0.2404 0.9675
vn -0.2703 -0.1435 0.9520
vn -0.1769 -0.1635 0.9705
vn -0.0963 -0.1256 0.9874
vn -0.0116 -0.0835 0.9964
vn 0.0235 -0.1915 0.9812
vn -0.1679 -0.0613 0.9839
vn -0.0977 -0.0276 0.9948
vn -0.0413 0.0086 0.9991
vn -0.0151 0.0254 0.9996
vn 0.0643 -0.0499 0.9967
vn -0.1530 0.0585 0.9865
vn -0.1574 0.0600 0.9857
vn -0.1840 0.0442 0.9819
vn -0.2267 0.0204 0.9738
vn -0.0164 0.0170 0.9997
vn -0.3603 0.0592 0.9310
vn -0.3938 0.0407 0.9183
vn -0.4330 0.0145 0.9013
vn -0.5833 0.0313 0.8117
vn -0.6109 0.0058 0.7917
vn -0.6332 -0.0235 0.7736
vn -0.4639 -0.0165 0.8858
vn -0.7612 -0.0016 0.6485
vn -0.7744 -0.0305 0.6320
vn -0.8845 -0.0052 0.4666
vn -0.8900 -0.0352 0.4546
vn -0.8953 -0.0620 0.4410
vn -0.7839 -0.0564 0.6183
vn -0.9668 -0.0396 0.2526
vn -0.9695 -0.0668 0.2356
vn -0.9979 -0.0435 0.0486
vn -0.9971 -0.0699 0.0291
vn -0.9963 -0.0845 0.0127
vn -0.9724 -0.0832 0.2179
vn -0.9848 -0.0697 -0.1588
vn -0.9816 -0.0815 -0.1727
vn -0.9460 -0.0694 -0.3165
vn -0.9437 -0.0750 -0.3221
vn -0.9499 -0.0753 -0.3035
vn -0.9825 -0.0874 -0.1645
vn -0.8988 -0.0637 -0.4336
vn -0.9072 -0.0610 -0.4162
vn -0.8371 -0.0520 -0.5446
vn -0.8415 -0.0504 -0.5380
vn -0.8403 -0.0499 -0.5398
vn -0.9156 -0.0580 -0.3979
vn -0.7317 -0.0486 -0.6799
vn -0.7147 -0.0542 -0.6973
vn -0.5720 -0.0542 -0.8185
vn -0.5453 -0.0657 -0.8357
vn -0.5171 -0.0779 -0.8524
vn -0.6941 -0.0596 -0.7174
vn -0.3501 -0.0737 -0.9338
vn -0.3249 -0.0869 -0.9417
vn -0.2907 -0.0826 -0.9532
vn -0.4765 -0.0861 -0.8750
vn -0.1438 -0.0787 -0.9865
vn -0.1245 -0.0890 -0.9882
vn -0.1038 -0.0928 -0.9903
vn 0.0629 -0.0871 -0.9942
vn 0.0715 -0.0941 -0.9930
vn 0.0893 -0.0502 -0.9947
vn -0.0274 -0.0948 -0.9951
vn 0.2348 -0.0818 -0.9686
vn 0.2433 -0.0231 -0.9697
vn 0.3935 -0.0793 -0.9159
vn 0.4141 -0.0467 -0.9090
vn 0.4587 -0.0275 -0.8882
vn 0.1349 0.0601 -0.9890
vn 0.5580 -0.0817 -0.8258
vn 0.5694 -0.0712 -0.8190
vn 0.7316 -0.0855 -0.6763
vn 0.6578 -0.0660 -0.7503
vn 0.5945 0.0087 -0.8040
vn 0.5324 -0.0353 -0.8457
vn 0.8310 -0.0632 -0.5526
vn 0.7850 -0.0340 -0.6186
vn 0.7798 -0.0136 -0.6259
vn 0.5600 0.0648 -0.8260
vn 0.9579 -0.0778 -0.2763
vn 0.9414 -0.0741 -0.3290
vn 0.9325 -0.0664 -0.3550
vn 0.5863 -0.7307 -0.3496
vn 0.4721 -0.6858 -0.5539
vn 0.9916 -0.1014 -0.0799
vn 0.9911 -0.0959 -0.0925
vn 0.6319 -0.7586 -0.1590
vn 0.9844 -0.1223 0.1263
vn 0.6313 -0.7741 0.0469
vn -0.6964 -0.6754 0.2428
vn -0.6042 -0.7002 0.3803
vn -0.7611 -0.0845 0.6431
vn -0.4427 -0.7435 0.5012
vn -0.5507 -0.1412 0.8227
vn -0.5672 -0.0555 0.8217
vn -0.2540 -0.1661 0.9528
vn -0.2726 -0.0968 0.9572
vn 0.0567 -0.1487 0.9873
vn 0.0130 -0.1188 0.9928
vn 0.2969 -0.1717 0.9393
vn 0.5273 -0.2191 0.8209
vn 0.4812 -0.1563 0.8626
vn 0.6744 -0.1716 0.7182
vn 0.7999 -0.1727 0.5747
vn 0.7883 -0.0852 0.6094
vn 0.8811 -0.0856 0.4651
vn 0.8728 -0.0460 0.4859
vn 0.9393 -0.0806 0.3336
vn 0.9350 -0.0539 0.3506
vn 0.9714 -0.0631 0.2291
vn 0.9637 -0.0821 0.2541
vn 0.9878 -0.0959 0.1224
vn 0.9943 -0.1029 -0.0279
vn 0.9907 -0.1333 -0.0258
vn 0.9677 -0.1214 -0.2210
vn 0.8932 -0.1027 -0.4377
vn 0.8807 -0.1204 -0.4580
vn 0.7566 -0.1013 -0.6460
vn 0.6017 -0.0892 -0.7938
vn 0.5888 -0.1026 -0.8017
vn 0.4175 -0.0835 -0.9048
vn 0.2249 -0.0642 -0.9723
vn 0.1895 -0.0500 -0.9806
vn -0.0230 -0.0254 -0.9994
vn -0.0620 -0.0617 -0.9962
vn -0.2355 -0.0116 -0.9718
vn -0.2395 -0.0271 -0.9705
vn -0.2913 -0.0873 -0.9526
vn -0.1216 -0.1877 -0.9747
vn -0.4084 -0.0245 -0.9125
vn -0.4284 -0.0844 -0.8997
vn 0.0354 0.7940 -0.6069
vn -0.2866 0.0818 -0.9546
vn -0.1345 0.0426 -0.9900
vn 0.1496 0.9246 0.3504
vn 0.1359 -0.1408 -0.9807
vn 0.0579 -0.0969 -0.9936
vn 0.1632 -0.2988 -0.9403
vn 0.0871 -0.1049 -0.9907
vn 0.0503 -0.1152 -0.9921
vn 0.0242 -0.1193 -0.9926
vn 0.6706 -0.1020 -0.7348
vn 0.6732 -0.2350 -0.7011
vn 0.7537 -0.0604 0.6544
vn 0.0007 -0.0537 0.9986
vn -0.1528 -0.0684 0.9859
vn -0.2844 -0.1001 0.9535
vn -0.3558 -0.1055 0.9286
vn -0.3335 -0.1020 0.9372
vn -0.3132 -0.0481 0.9485
vn -0.2487 -0.0573 0.9669
vn -0.2959 0.0088 0.9552
vn -0.2357 0.0234 0.9715
vn -0.1763 0.0340 0.9838
vn -0.3051 0.0931 0.9478
vn -0.3021 0.0794 0.9500
vn -0.3251 0.0680 0.9432
vn -0.5157 0.0886 0.8522
vn -0.5375 0.0704 0.8403
vn -0.5617 0.0527 0.8256
vn -0.7238 0.0723 0.6863
vn -0.7368 0.0500 0.6742
vn -0.7477 0.0255 0.6635
vn -0.8768 0.0478 0.4784
vn -0.8806 0.0230 0.4733
vn -0.9662 0.0227 0.2569
vn -0.9658 -0.0071 0.2590
vn -0.9985 -0.0089 0.0535
vn -0.9912 -0.0137 -0.1313
vn -0.9893 -0.0473 -0.1382
vn -0.9521 -0.0527 -0.3011
vn -0.8966 -0.0553 -0.4393
vn -0.8954 -0.0643 -0.4406
vn -0.8314 -0.0542 -0.5530
vn -0.7367 -0.0424 -0.6749
vn -0.7380 -0.0437 -0.6734
vn -0.5917 -0.0425 -0.8050
vn -0.4050 -0.0485 -0.9130
vn -0.3780 -0.0631 -0.9236
vn -0.1664 -0.0717 -0.9834
vn 0.0479 -0.0774 -0.9958
vn 0.0608 -0.0803 -0.9949
vn 0.2437 -0.0747 -0.9670
vn 0.2375 -0.0806 -0.9680
vn 0.4209 -0.0703 -0.9044
vn 0.4166 -0.0740 -0.9061
vn 0.6045 -0.0605 -0.7943
vn 0.5843 -0.0699 -0.8085
vn 0.7768 -0.0592 -0.6269
vn 0.9086 -0.0536 -0.4143
vn 0.8896 -0.0683 -0.4516
vn 0.9734 -0.0692 -0.2185
vn 0.9955 -0.0767 -0.0554
vn 0.9933 -0.0916 -0.0706
vn 0.9877 -0.1233 0.0963
vn 0.9843 -0.1426 0.1044
vn 0.9531 -0.1553 0.2598
vn 0.9456 -0.1892 0.2648
vn 0.9460 -0.1720 0.2747
vn 0.5630 -0.8080 0.1734
vn 0.8892 -0.2129 0.4049
vn 0.8989 -0.2109 0.3840
vn 0.5454 -0.8149 0.1961
vn 0.8444 -0.2064 0.4944
vn 0.5126 -0.8270 0.2309
vn -0.2703 -0.7714 0.5761
vn -0.0505 -0.7669 0.6397
vn 0.0736 -0.1968 0.9777
vn 0.2059 -0.8266 0.5238
vn 0.3708 -0.2433 0.8963
vn 0.3583 -0.1967 0.9127
vn 0.5998 -0.2535 0.7589
vn 0.5806 -0.2378 0.7787
vn 0.7134 -0.2592 0.6511
vn 0.6881 -0.2468 0.6824
vn 0.7905 -0.2470 0.5604
vn 0.8568 -0.2246 0.4641
vn 0.8784 -0.1624 0.4494
vn 0.9307 -0.1403 0.3377
vn 0.9679 -0.1114 0.2251
vn 0.9740 -0.0730 0.2144
vn 0.9940 -0.0668 0.0867
vn 0.9923 -0.0704 0.1019
vn 0.9965 -0.0666 -0.0505
vn 0.9961 -0.0779 -0.0405
vn 0.9745 -0.0767 -0.2111
vn 0.9726 -0.1006 -0.2094
vn 0.9014 -0.0907 -0.4233
vn 0.7743 -0.0768 -0.6281
vn 0.7652 -0.0867 -0.6379
vn 0.6030 -0.0775 -0.7940
vn 0.4276 -0.0767 -0.9007
vn 0.4297 -0.0830 -0.8992
vn 0.2423 -0.0782 -0.9670
vn 0.0320 -0.0695 -0.9971
vn 0.0059 -0.0475 -0.9989
vn -0.2167 -0.0339 -0.9756
vn -0.4234 -0.0294 -0.9055
vn -0.4252 -0.0131 -0.9050
vn -0.5909 -0.0258 -0.8063
vn -0.5680 -0.0323 -0.8224
vn -0.7087 -0.0392 -0.7044
vn -0.7015 -0.0639 -0.7098
vn -0.5597 -0.0873 -0.8241
vn -0.7680 -0.0964 -0.6332
vn -0.8033 -0.2928 -0.5186
vn -0.6742 -0.4654 -0.5735
vn -0.8409 -0.1210 -0.5275
vn -0.9667 -0.1083 -0.2318
vn -0.8516 -0.0907 -0.5162
vn -0.9477 -0.0719 -0.3110
vn -0.8650 -0.0107 -0.5016
vn -0.9359 -0.0144 -0.3519
vn -0.5064 0.1677 -0.8459
vn -0.4887 0.1934 -0.8508
vn -0.3137 0.1781 -0.9327
vn -0.1208 0.1676 -0.9784
vn 0.0322 0.1625 -0.9862
vn 0.0081 0.0086 -0.9999
vn 0.0698 0.1529 -0.9858
vn 0.0544 0.0678 -0.9962
vn 0.0273 0.1491 -0.9884
vn 0.0389 0.0705 -0.9968
vn 0.0063 0.1404 -0.9901
vn 0.0196 0.0535 -0.9984
vn 0.6952 0.0763 -0.7148
vn 0.6715 0.0159 -0.7408
vn 0.7443 -0.0644 0.6648
vn -0.0049 -0.0691 0.9976
vn -0.1255 -0.0760 0.9892
vn -0.2454 -0.0919 0.9651
vn -0.3519 -0.1062 0.9300
vn -0.4059 -0.0950 0.9090
vn -0.3642 -0.0734 0.9284
vn -0.3545 -0.0320 0.9345
vn -0.3738 0.0314 0.9270
vn -0.3213 0.0710 0.9443
vn -0.4722 0.1172 0.8737
vn -0.4920 0.1051 0.8642
vn -0.6808 0.1345 0.7201
vn -0.6967 0.1180 0.7076
vn -0.7107 0.0949 0.6970
vn -0.8570 0.1249 0.4999
vn -0.8652 0.1001 0.4913
vn -0.8718 0.0729 0.4844
vn -0.9625 0.0991 0.2525
vn -0.9649 0.0742 0.2520
vn -0.9660 0.0489 0.2540
vn -0.9969 0.0725 0.0294
vn -0.9982 0.0480 0.0346
vn -0.9988 0.0219 0.0435
vn -0.9874 0.0410 -0.1531
vn -0.9894 0.0166 -0.1441
vn -0.9530 0.0014 -0.3030
vn -0.9557 -0.0238 -0.2935
vn -0.8979 -0.0349 -0.4388
vn -0.8177 -0.0404 -0.5743
vn -0.8251 -0.0511 -0.5626
vn -0.7255 -0.0396 -0.6871
vn -0.6003 -0.0327 -0.7991
vn -0.1920 -0.0582 -0.9797
vn 0.2467 -0.0796 -0.9658
vn 0.6063 -0.0696 -0.7922
vn 0.7802 -0.0599 -0.6227
vn 0.9070 -0.0692 -0.4153
vn 0.9757 -0.0596 -0.2107
vn 0.9923 -0.0898 0.0856
vn 0.9052 -0.1916 0.3794
vn 0.8367 -0.2287 0.4976
vn 0.7854 -0.2501 0.5662
vn 0.7897 -0.1791 0.5868
vn 0.4719 -0.8131 0.3408
vn 0.7266 -0.2072 0.6551
vn 0.3899 -0.7885 0.4756
vn 0.3254 -0.8217 0.4679
vn -0.8962 -0.0186 -0.4433
vn -0.8146 -0.0419 -0.5785
vn -0.9007 -0.0128 -0.4342
vn -0.8255 -0.0545 -0.5618
vn -0.9126 -0.0087 -0.4088
vn -0.8519 -0.0731 -0.5186
vn -0.9297 0.0139 -0.3681
vn -0.8739 -0.0562 -0.4829
vn -0.9324 0.0708 -0.3544
vn -0.8819 0.0347 -0.4702
vn -0.9211 0.1459 -0.3611
vn -0.8925 0.1247 -0.4335
vn -0.8944 0.0507 -0.4445
vn -0.9346 0.0517 -0.3518
vn -0.9198 0.1827 -0.3474
vn -0.8942 0.1805 -0.4097
vn -0.8915 0.1653 -0.4217
vn -0.9192 0.2023 -0.3378
vn -0.9185 0.1131 -0.3790
vn -0.8810 0.1141 -0.4591
vn -0.8076 0.1935 -0.5571
vn -0.8036 0.2318 -0.5481
vn -0.7139 0.2491 -0.6544
vn -0.7329 0.1866 -0.6543
vn -0.7103 0.1784 -0.6809
vn -0.6282 0.1998 -0.7520
vn -0.6191 0.1677 -0.7672
vn -0.6045 0.2618 -0.7523
vn -0.4700 0.2713 -0.8400
vn -0.6043 0.3154 -0.7317
vn -0.4691 0.3340 -0.8176
vn -0.3101 0.3486 -0.8845
vn -0.2994 0.2727 -0.9143
vn -0.1250 0.3586 -0.9251
vn -0.1135 0.2694 -0.9563
vn 0.0030 0.3482 -0.9374
vn 0.0002 0.2621 -0.9650
vn 0.0264 0.3406 -0.9398
vn 0.0239 0.2364 -0.9714
vn 0.0145 0.3346 -0.9422
vn 0.0189 0.2231 -0.9746
vn 0.0063 0.3310 -0.9436
vn 0.0094 0.2275 -0.9737
vn 0.6852 0.2127 -0.6966
vn 0.6782 0.1433 -0.7208
vn 0.7304 -0.0713 0.6793
vn -0.0126 -0.0797 0.9967
vn -0.1220 -0.0812 0.9892
vn -0.2373 -0.0851 0.9677
vn -0.3448 -0.0901 0.9344
vn -0.4160 -0.0971 0.9042
vn -0.4799 -0.0798 0.8737
vn -0.4258 -0.0664 0.9024
vn -0.4763 0.0029 0.8793
vn -0.5542 0.0891 0.8276
vn -0.4631 0.1208 0.8780
vn -0.6511 0.1820 0.7369
vn -0.8268 0.2150 0.5198
vn -0.8420 0.1578 0.5159
vn -0.9484 0.1607 0.2733
vn -0.9590 0.1197 0.2568
vn -0.9872 0.1551 0.0374
vn -0.9934 0.1120 0.0251
vn -0.9951 0.0957 0.0260
vn -0.9839 0.0973 -0.1500
vn -0.9851 0.0832 -0.1507
vn -0.9866 0.0626 -0.1510
vn -0.9611 0.0580 -0.2701
vn -0.9575 0.0395 -0.2859
vn -0.9525 0.0212 -0.3038
vn -0.9613 0.0858 -0.2617
vn -0.9780 0.1464 -0.1483
vn -0.9505 0.1450 -0.2747
vn -0.9690 0.2075 -0.1338
vn -0.9455 0.1965 -0.2595
vn -0.9563 0.1996 -0.2136
vn -0.9245 0.1999 -0.3245
vn -0.8714 0.2222 -0.4374
vn -0.8163 0.2387 -0.5261
vn -0.8567 0.2369 -0.4582
vn -0.7948 0.2687 -0.5441
vn -0.7127 0.2935 -0.6371
vn -0.4325 0.8122 -0.3915
vn -0.3854 0.8095 -0.4428
vn -0.2923 0.8240 -0.4853
vn -0.1915 0.8361 -0.5140
vn -0.0848 0.8437 -0.5301
vn -0.0038 0.8384 -0.5450
vn 0.0197 0.8391 -0.5436
vn 0.0090 0.8375 -0.5463
vn 0.0047 0.8428 -0.5382
vn 0.5714 0.6740 -0.4681
vn 0.6007 0.5314 0.5974
vn -0.0111 0.6408 0.7676
vn -0.0902 0.6341 0.7680
vn -0.1721 0.6351 0.7530
vn -0.2484 0.6331 0.7331
vn -0.2996 0.6442 0.7037
vn -0.3553 0.6329 0.6879
vn -0.3998 0.6403 0.6559
vn -0.5548 -0.0449 0.8308
vn -0.6332 0.0009 0.7740
vn -0.7361 0.0657 0.6737
vn -0.6608 0.1709 0.7309
vn -0.8009 0.2101 0.5607
vn -0.9138 0.2363 0.3303
vn -0.9309 0.2222 0.2898
vn -0.9749 0.2160 0.0535
vn -0.9664 0.2364 0.1006
vn -0.9722 0.2184 -0.0840
vn -0.9802 0.1949 -0.0336
vn -0.9609 0.1924 -0.1992
vn -0.9130 0.2105 -0.3496
vn -0.6119 0.7675 -0.1912
vn -0.5855 0.7674 -0.2614
vn -0.5306 0.7774 -0.3377
vn -0.6493 0.7558 -0.0843
vn -0.6612 0.7498 0.0256
vn -0.9712 0.1934 0.1393
vn -0.6599 0.7385 0.1379
vn -0.9274 0.1780 0.3290
vn -0.6448 0.7220 0.2509
vn -0.8442 0.1312 0.5197
vn -0.6094 0.7027 0.3672
vn -0.5571 0.6759 0.4825
vn -0.4908 0.6482 0.5822
vn 0.2958 -0.6418 -0.7075
vn 0.1799 -0.6664 -0.7236
vn 0.4613 0.0228 -0.8869
vn 0.1525 -0.6765 -0.7205
vn 0.4267 -0.0325 -0.9038
vn 0.4607 -0.0435 -0.8865
vn 0.1146 0.0627 -0.9914
vn -0.2003 0.0728 -0.9770
vn -0.2359 -0.0610 -0.9699
vn -0.6610 -0.0715 -0.7470
vn -0.8357 -0.0482 -0.5471
vn -0.9214 -0.0525 -0.3851
vn -0.9580 -0.0744 -0.2769
vn -0.9957 -0.0924 0.0105
vn -0.9008 -0.0784 0.4271
vn -0.6469 -0.0493 0.7610
vn -0.2634 -0.0100 0.9646
vn 0.1468 -0.0244 0.9889
vn 0.1133 -0.1445 0.9830
vn 0.1857 -0.2498 0.9503
vn 0.0742 -0.3048 0.9495
vn 0.1652 -0.4323 0.8865
vn 0.8750 -0.4330 0.2164
vn 0.7633 -0.6459 -0.0133
vn -0.8162 -0.1832 -0.5479
vn -0.8795 -0.3746 -0.2935
vn -0.9553 -0.0810 -0.2842
vn -0.7612 -0.0742 -0.6443
vn -0.6568 -0.3952 -0.6423
vn -0.6756 -0.6494 -0.3489
vn -0.5999 -0.1820 -0.7791
vn -0.2618 -0.3593 -0.8957
vn -0.2072 -0.5581 -0.8035
vn -0.3256 -0.4820 -0.8134
vn -0.4037 -0.2973 -0.8652
vn -0.0858 -0.5129 -0.8541
vn -0.4241 -0.1860 -0.8863
vn -0.2740 -0.2865 -0.9181
vn -0.9188 -0.0252 -0.3939
vn -0.8942 0.0036 -0.4476
vn -0.7173 -0.0164 -0.6966
vn -0.7362 -0.0258 -0.6763
vn -0.5945 -0.0404 -0.8031
vn -0.5945 -0.0726 -0.8008
vn -0.4480 -0.1243 -0.8854
vn -0.6015 -0.0470 -0.7975
vn -0.4842 -0.1102 -0.8680
vn -0.3526 -0.1792 -0.9185
vn -0.3201 -0.2207 -0.9213
vn -0.2226 -0.2433 -0.9441
vn -0.1864 -0.3059 -0.9336
vn -0.0401 -0.4069 -0.9126
vn 0.0883 -0.3387 -0.9367
vn 0.2348 -0.4658 -0.8532
vn 0.4793 -0.6317 -0.6093
vn 0.2124 -0.8398 -0.4996
vn 0.0135 -0.7858 -0.6183
vn -0.2961 -0.6348 -0.7137
vn -0.3111 -0.8467 -0.4317
vn 0.0657 -0.8775 -0.4751
vn -0.5929 -0.7084 -0.3830
vn -0.5341 -0.5420 -0.6488
vn -0.5082 -0.4751 -0.7183
vn 0.1375 -0.4394 -0.8877
vn 0.0839 -0.2292 -0.9698
vn 0.1018 -0.1019 -0.9896
vn 0.2983 0.4387 -0.8477
vn -0.0818 -0.0184 -0.9965
vn -0.1704 -0.0564 -0.9838
vn 0.1381 0.9085 -0.3945
vn -0.3288 -0.0199 -0.9442
vn -0.2596 0.4337 -0.8628
vn -0.4746 0.0201 -0.8800
vn -0.2742 0.4470 -0.8515
vn -0.6098 0.0644 -0.7899
vn 0.0378 0.9514 -0.3056
vn -0.7254 0.1120 -0.6791
vn -0.0411 0.9498 -0.3103
vn -0.8699 0.1763 -0.4606
vn -0.8447 0.3646 -0.3919
vn -0.8445 0.2148 -0.4905
vn -0.8706 0.1113 -0.4792
vn -0.8775 0.0483 -0.4772
vn -0.7200 0.0407 -0.6928
vn -0.7087 -0.0129 -0.7054
vn -0.6122 -0.0127 -0.7906
vn -0.4872 -0.0662 -0.8708
vn -0.3480 -0.1155 -0.9304
vn -0.2078 -0.1645 -0.9642
vn 0.1543 -0.6298 -0.7613
vn -0.0766 -0.0476 -0.9959
vn 0.5049 0.6188 -0.6017
vn -0.8351 0.2088 -0.5089
vn 0.1482 0.6537 0.7421
vn 0.6713 0.4677 0.5750
vn 0.5557 0.4651 0.6891
vn 0.5992 0.5247 0.6046
vn 0.8371 0.3776 0.3958
vn 0.0945 -0.7360 -0.6703
vt 0.090702 0.043126
vt 0.103846 0.033784
vt 0.107444 0.041484
vt 0.100753 0.048625
vt 0.077692 0.043749
vt 0.077937 0.036780
vt 0.091391 0.031309
vt 0.101461 0.024920
vt 0.327267 0.435877
vt 0.323804 0.444416
vt 0.308283 0.445061
vt 0.309354 0.440204
vt 0.309096 0.434280
vt 0.323331 0.428629
vt 0.340786 0.439713
vt 0.336572 0.446916
vt 0.339469 0.427208
vt 0.347235 0.433271
vt 0.334535 0.422458
vt 0.574332 0.542365
vt 0.574998 0.544913
vt 0.562640 0.550737
vt 0.562725 0.546991
vt 0.584701 0.538288
vt 0.585358 0.540580
vt 0.282830 0.442776
vt 0.283613 0.440549
vt 0.294732 0.443109
vt 0.293708 0.445567
vt 0.594002 0.534597
vt 0.594589 0.536692
vt 0.273122 0.440312
vt 0.273733 0.438254
vt 0.274107 0.436010
vt 0.284333 0.438137
vt 0.122408 0.561781
vt 0.123477 0.559857
vt 0.134147 0.563660
vt 0.133175 0.566068
vt 0.028552 0.052869
vt 0.039556 0.049232
vt 0.040179 0.051866
vt 0.028821 0.055158
vt 0.040518 0.054826
vt 0.029036 0.057718
vt 0.051323 0.045087
vt 0.051954 0.048149
vt 0.052233 0.052109
vt 0.051895 0.057801
vt 0.040664 0.058516
vt 0.063991 0.045682
vt 0.063610 0.051887
vt 0.061803 0.059742
vt 0.057758 0.073115
vt 0.048076 0.070168
vt 0.075393 0.053092
vt 0.072367 0.062417
vt 0.067497 0.075355
vt 0.082407 0.065185
vt 0.077124 0.078070
vt 0.070459 0.094273
vt 0.061241 0.091719
vt 0.086299 0.081268
vt 0.079148 0.096756
vt 0.094873 0.084608
vt 0.087415 0.099871
vt 0.080329 0.115178
vt 0.072423 0.112334
vt 0.095073 0.103399
vt 0.087543 0.118362
vt 0.101958 0.107378
vt 0.094422 0.122044
vt 0.088271 0.136808
vt 0.081254 0.133529
vt 0.101303 0.125858
vt 0.095156 0.140143
vt 0.108135 0.129693
vt 0.102072 0.143529
vt 0.096954 0.157609
vt 0.089936 0.154613
vt 0.109042 0.146916
vt 0.103905 0.160523
vt 0.116025 0.150296
vt 0.110917 0.163407
vt 0.106406 0.176954
vt 0.099391 0.174450
vt 0.117991 0.166263
vt 0.113370 0.179303
vt 0.125156 0.169009
vt 0.120469 0.181543
vt 0.117208 0.191216
vt 0.110212 0.189372
vt 0.127519 0.184033
vt 0.124122 0.193499
vt 0.120895 0.203028
vt 0.114128 0.201281
vt 0.134584 0.186832
vt 0.131087 0.195937
vt 0.127836 0.205012
vt 0.370725 0.292481
vt 0.372576 0.301601
vt 0.365150 0.302746
vt 0.363269 0.293640
vt 0.360887 0.281737
vt 0.368122 0.280507
vt 0.355844 0.294988
vt 0.353566 0.282774
vt 0.348509 0.296273
vt 0.346271 0.283669
vt 0.344523 0.271694
vt 0.351757 0.270924
vt 0.338750 0.284451
vt 0.337550 0.271473
vt 0.331301 0.284359
vt 0.330354 0.269760
vt 0.331372 0.258239
vt 0.338386 0.260604
vt 0.323448 0.268152
vt 0.324011 0.255732
vt 0.326298 0.247755
vt 0.333717 0.251046
vt 0.317729 0.267489
vt 0.318573 0.254631
vt 0.320768 0.246311
vt 0.323945 0.238734
vt 0.330119 0.240575
vt 0.314626 0.254503
vt 0.316514 0.246122
vt 0.319236 0.238394
vt 0.312456 0.245868
vt 0.314822 0.237925
vt 0.348430 0.246784
vt 0.352848 0.247660
vt 0.351443 0.255975
vt 0.346276 0.254896
vt 0.340477 0.253162
vt 0.343322 0.245570
vt 0.344486 0.262175
vt 0.337209 0.244075
vt 0.350881 0.262484
vt 0.357908 0.261309
vt 0.358869 0.269932
vt 0.365818 0.268820
vt 0.124534 0.217174
vt 0.122626 0.229304
vt 0.115620 0.229170
vt 0.117613 0.216034
vt 0.110858 0.214880
vt 0.104074 0.213576
vt 0.107311 0.199697
vt 0.100455 0.197863
vt 0.103263 0.187331
vt 0.093456 0.195800
vt 0.096316 0.185094
vt 0.089278 0.182782
vt 0.092381 0.171882
vt 0.085384 0.169350
vt 0.078336 0.166893
vt 0.082941 0.151700
vt 0.075999 0.149028
vt 0.068890 0.146644
vt 0.074133 0.130641
vt 0.066669 0.128468
vt 0.058752 0.126646
vt 0.064109 0.110113
vt 0.055632 0.108400
vt 0.046975 0.106612
vt 0.051936 0.089538
vt 0.042738 0.087317
vt 0.033992 0.085125
vt 0.038994 0.066992
vt 0.028203 0.068433
vt 0.029002 0.061289
vt 0.274788 0.429968
vt 0.275105 0.422525
vt 0.285030 0.420892
vt 0.285357 0.430517
vt 0.285022 0.435087
vt 0.274353 0.433470
vt 0.296308 0.430200
vt 0.296111 0.436165
vt 0.295566 0.440107
vt 0.307985 0.427053
vt 0.305233 0.414904
vt 0.315336 0.410985
vt 0.319839 0.421994
vt 0.294974 0.418392
vt 0.283315 0.403398
vt 0.292028 0.400878
vt 0.274547 0.405241
vt 0.025387 0.084691
vt 0.030151 0.103837
vt 0.021996 0.103346
vt 0.038456 0.105030
vt 0.042701 0.123967
vt 0.034695 0.122801
vt 0.050734 0.125205
vt 0.054149 0.143499
vt 0.046483 0.142325
vt 0.061632 0.144803
vt 0.064362 0.162947
vt 0.057192 0.161475
vt 0.071334 0.164753
vt 0.075244 0.178537
vt 0.068281 0.176788
vt 0.082216 0.180529
vt 0.079375 0.191937
vt 0.072366 0.190384
vt 0.086401 0.193745
vt 0.090332 0.210218
vt 0.083343 0.208626
vt 0.097234 0.211997
vt 0.101874 0.227776
vt 0.094975 0.226587
vt 0.108759 0.228656
vt 0.115160 0.239274
vt 0.108078 0.239231
vt 0.121938 0.238754
vt 0.364844 0.259803
vt 0.362817 0.253354
vt 0.368426 0.250994
vt 0.371250 0.256733
vt 0.357028 0.255274
vt 0.356821 0.247538
vt 0.361563 0.246004
vt 0.367420 0.244599
vt 0.114412 0.253936
vt 0.107280 0.253968
vt 0.107643 0.246406
vt 0.114674 0.246338
vt 0.099762 0.253878
vt 0.100223 0.246131
vt 0.100854 0.238729
vt 0.092839 0.245657
vt 0.093684 0.237902
vt 0.086884 0.236988
vt 0.088166 0.225157
vt 0.081518 0.224060
vt 0.074928 0.223413
vt 0.076405 0.207417
vt 0.069519 0.206592
vt 0.062678 0.206082
vt 0.065462 0.189074
vt 0.058615 0.188083
vt 0.061288 0.175304
vt 0.051745 0.187327
vt 0.054310 0.174216
vt 0.047170 0.173451
vt 0.049860 0.160457
vt 0.042484 0.159625
vt 0.034992 0.158777
vt 0.038834 0.141309
vt 0.031225 0.140356
vt 0.023654 0.139380
vt 0.026767 0.121904
vt 0.018769 0.121307
vt 0.272353 0.385130
vt 0.270478 0.366041
vt 0.278570 0.365675
vt 0.280718 0.384252
vt 0.289078 0.382958
vt 0.297672 0.381274
vt 0.301302 0.398314
vt 0.310495 0.395130
vt 0.319266 0.391715
vt 0.325087 0.406230
vt 0.334344 0.401167
vt 0.339911 0.410441
vt 0.330397 0.416153
vt 0.342758 0.414980
vt 0.346277 0.421762
vt 0.350912 0.418915
vt 0.357263 0.428313
vt 0.353392 0.430176
vt 0.360894 0.437017
vt 0.358027 0.439620
vt 0.367969 0.443960
vt 0.363477 0.449281
vt 0.352270 0.444722
vt 0.359849 0.455156
vt 0.348219 0.450827
vt 0.356838 0.461089
vt 0.345179 0.457073
vt 0.333520 0.453153
vt 0.320963 0.450447
vt 0.538663 0.562868
vt 0.526999 0.566771
vt 0.524973 0.560313
vt 0.536381 0.556434
vt 0.548705 0.551977
vt 0.550313 0.557455
vt 0.112501 0.020527
vt 0.124346 0.016280
vt 0.126376 0.024243
vt 0.114826 0.028581
vt 0.128652 0.031948
vt 0.118010 0.036739
vt 0.133138 0.039398
vt 0.123426 0.044453
vt 0.114251 0.049546
vt 0.109005 0.056112
vt 0.129624 0.051815
vt 0.121718 0.056892
vt 0.116710 0.062913
vt 0.112516 0.069878
vt 0.104251 0.064298
vt 0.129256 0.064352
vt 0.124910 0.069787
vt 0.120756 0.075889
vt 0.116769 0.082391
vt 0.108709 0.077284
vt 0.133017 0.076454
vt 0.128686 0.082056
vt 0.124198 0.088090
vt 0.117285 0.097754
vt 0.110432 0.092801
vt 0.135720 0.088088
vt 0.130956 0.093817
vt 0.123817 0.103002
vt 0.137482 0.099457
vt 0.130473 0.108138
vt 0.122137 0.120554
vt 0.115296 0.116062
vt 0.137265 0.113208
vt 0.128915 0.124988
vt 0.144040 0.118120
vt 0.135762 0.129361
vt 0.128851 0.141327
vt 0.121880 0.137437
vt 0.142600 0.133634
vt 0.135742 0.145100
vt 0.149230 0.137771
vt 0.142718 0.148784
vt 0.137398 0.160252
vt 0.130128 0.156935
vt 0.149765 0.152309
vt 0.144549 0.163475
vt 0.382561 0.333245
vt 0.388684 0.342990
vt 0.381471 0.346291
vt 0.375310 0.335834
vt 0.370747 0.324105
vt 0.378084 0.322372
vt 0.368291 0.338397
vt 0.363510 0.326255
vt 0.361164 0.341229
vt 0.356415 0.328623
vt 0.352770 0.315667
vt 0.359967 0.313736
vt 0.349370 0.331050
vt 0.345572 0.317599
vt 0.342279 0.333451
vt 0.338565 0.319327
vt 0.336236 0.308637
vt 0.343263 0.307366
vt 0.331738 0.320949
vt 0.329395 0.309854
vt 0.327183 0.298787
vt 0.334047 0.298144
vt 0.324991 0.322615
vt 0.322865 0.311079
vt 0.320806 0.299385
vt 0.316511 0.312347
vt 0.314930 0.300161
vt 0.312288 0.283810
vt 0.318113 0.283242
vt 0.308983 0.301437
vt 0.306875 0.284800
vt 0.302750 0.302542
vt 0.301747 0.285480
vt 0.304268 0.266980
vt 0.308747 0.267176
vt 0.296231 0.285756
vt 0.298630 0.267120
vt 0.290215 0.286046
vt 0.292049 0.267806
vt 0.294111 0.254659
vt 0.301152 0.254071
vt 0.285202 0.268596
vt 0.286709 0.255545
vt 0.287597 0.246925
vt 0.295165 0.246085
vt 0.278637 0.269226
vt 0.280120 0.256071
vt 0.280956 0.247361
vt 0.281569 0.238666
vt 0.288419 0.238281
vt 0.273383 0.256315
vt 0.274269 0.247674
vt 0.274643 0.239038
vt 0.268497 0.247957
vt 0.269131 0.239633
vt 0.092334 0.253775
vt 0.084935 0.253647
vt 0.085937 0.245318
vt 0.078510 0.253410
vt 0.079566 0.244941
vt 0.080444 0.236354
vt 0.073699 0.244792
vt 0.074268 0.236078
vt 0.068132 0.236050
vt 0.068356 0.223196
vt 0.061790 0.223330
vt 0.055131 0.223714
vt 0.055966 0.205810
vt 0.049373 0.205686
vt 0.042722 0.205483
vt 0.044866 0.186841
vt 0.037951 0.186510
vt 0.039915 0.172800
vt 0.030846 0.186102
vt 0.032667 0.172260
vt 0.025279 0.171709
vt 0.027492 0.157916
vt 0.020033 0.156606
vt 0.012810 0.154522
vt 0.015898 0.138404
vt 0.269015 0.347567
vt 0.276964 0.347538
vt 0.284739 0.347294
vt 0.286615 0.365079
vt 0.294758 0.364034
vt 0.302661 0.362386
vt 0.306165 0.378981
vt 0.314473 0.376196
vt 0.322425 0.373281
vt 0.327832 0.387907
vt 0.336194 0.383812
vt 0.343082 0.396431
vt 0.344206 0.379832
vt 0.351580 0.391466
vt 0.359096 0.397867
vt 0.348804 0.404629
vt 0.359722 0.386755
vt 0.365972 0.393856
vt 0.396475 0.442177
vt 0.398325 0.442843
vt 0.393384 0.447788
vt 0.392016 0.446009
vt 0.376604 0.447134
vt 0.375439 0.449576
vt 0.369615 0.440951
vt 0.373488 0.453186
vt 0.370512 0.458965
vt 0.368164 0.464812
vt 0.515276 0.570597
vt 0.503996 0.574457
vt 0.502041 0.568489
vt 0.513457 0.564280
vt 0.137960 0.012494
vt 0.139964 0.019916
vt 0.142119 0.027210
vt 0.144981 0.034234
vt 0.148896 0.041004
vt 0.138637 0.046530
vt 0.144954 0.053245
vt 0.136538 0.058866
vt 0.151188 0.059896
vt 0.143766 0.065697
vt 0.137354 0.071289
vt 0.150790 0.072425
vt 0.145090 0.077814
vt 0.140382 0.082749
vt 0.151984 0.084119
vt 0.147119 0.088886
vt 0.142235 0.094009
vt 0.153682 0.094927
vt 0.148867 0.099804
vt 0.144095 0.104965
vt 0.155636 0.105392
vt 0.150934 0.110296
vt 0.157805 0.115450
vt 0.150848 0.122845
vt 0.157552 0.127544
vt 0.163882 0.132352
vt 0.155851 0.141851
vt 0.395897 0.352173
vt 0.388847 0.355872
vt 0.381516 0.359818
vt 0.374336 0.349616
vt 0.367194 0.352877
vt 0.359916 0.356356
vt 0.354044 0.344124
vt 0.346926 0.347041
vt 0.339716 0.349989
vt 0.335307 0.335677
vt 0.328420 0.337797
vt 0.321427 0.339930
vt 0.318350 0.324269
vt 0.311736 0.325888
vt 0.310175 0.313678
vt 0.304944 0.327442
vt 0.303750 0.314987
vt 0.297192 0.316055
vt 0.296492 0.303341
vt 0.290169 0.303943
vt 0.283621 0.304261
vt 0.283882 0.286564
vt 0.277202 0.286940
vt 0.270401 0.286913
vt 0.271880 0.269494
vt 0.265376 0.269165
vt 0.267398 0.256323
vt 0.014518 0.238182
vt 0.014841 0.224074
vt 0.021450 0.223809
vt 0.020909 0.237636
vt 0.020570 0.246394
vt 0.014437 0.247000
vt 0.020045 0.254966
vt 0.014319 0.255330
vt 0.027668 0.237428
vt 0.027186 0.246098
vt 0.026334 0.254625
vt 0.034350 0.245930
vt 0.033777 0.254338
vt 0.073029 0.253657
vt 0.067627 0.253988
vt 0.067985 0.244919
vt 0.061379 0.253924
vt 0.061909 0.245189
vt 0.061812 0.236340
vt 0.055163 0.245389
vt 0.055323 0.236841
vt 0.048470 0.237124
vt 0.048446 0.224070
vt 0.041757 0.224120
vt 0.034983 0.223975
vt 0.036008 0.205222
vt 0.029235 0.204935
vt 0.022298 0.204741
vt 0.023637 0.185767
vt 0.016361 0.185668
vt 0.017697 0.171199
vt 0.262154 0.315107
vt 0.262395 0.303237
vt 0.269686 0.303818
vt 0.269212 0.316356
vt 0.267742 0.329071
vt 0.259707 0.326000
vt 0.276355 0.317039
vt 0.275706 0.329735
vt 0.283480 0.329865
vt 0.290868 0.329505
vt 0.292410 0.346708
vt 0.299952 0.345550
vt 0.307291 0.343913
vt 0.310415 0.360273
vt 0.318016 0.357847
vt 0.325380 0.355309
vt 0.330228 0.370191
vt 0.337860 0.366820
vt 0.345308 0.363332
vt 0.351975 0.375698
vt 0.359548 0.371522
vt 0.367455 0.382293
vt 0.375032 0.377871
vt 0.381914 0.385178
vt 0.374285 0.389521
vt 0.387092 0.389730
vt 0.385633 0.392493
vt 0.378257 0.393707
vt 0.394657 0.395527
vt 0.392277 0.397433
vt 0.399566 0.399403
vt 0.397222 0.401156
vt 0.404635 0.402995
vt 0.402006 0.404780
vt 0.404187 0.438189
vt 0.411354 0.441808
vt 0.405999 0.446683
vt 0.401279 0.451506
vt 0.397055 0.456273
vt 0.388855 0.452697
vt 0.393704 0.461112
vt 0.385309 0.456938
vt 0.391003 0.466390
vt 0.382863 0.463426
vt 0.388694 0.471644
vt 0.380418 0.468985
vt 0.491705 0.578517
vt 0.483499 0.581386
vt 0.481913 0.575931
vt 0.490201 0.572793
vt 0.152411 0.009319
vt 0.154151 0.016057
vt 0.156384 0.022650
vt 0.158987 0.029013
vt 0.162400 0.035043
vt 0.166628 0.040807
vt 0.153888 0.047461
vt 0.159914 0.053561
vt 0.166590 0.059542
vt 0.157969 0.066403
vt 0.164294 0.073457
vt 0.156867 0.079650
vt 0.170968 0.079721
vt 0.163451 0.085882
vt 0.158506 0.090292
vt 0.170086 0.091940
vt 0.165232 0.096241
vt 0.160396 0.100698
vt 0.172175 0.102153
vt 0.167375 0.106412
vt 0.162543 0.110805
vt 0.174417 0.112228
vt 0.169483 0.116357
vt 0.164593 0.120628
vt 0.176048 0.122301
vt 0.171111 0.126167
vt 0.403976 0.360979
vt 0.410295 0.367196
vt 0.402891 0.371823
vt 0.396733 0.365053
vt 0.389453 0.369260
vt 0.382258 0.373660
vt 0.374249 0.363681
vt 0.366964 0.367567
vt 0.352627 0.359837
vt 0.332545 0.352719
vt 0.314417 0.342011
vt 0.298003 0.328714
vt 0.290460 0.316822
vt 0.283537 0.317129
vt 0.276722 0.304214
vt 0.263408 0.286416
vt 0.015256 0.204806
vt 0.028189 0.223826
vt 0.034591 0.237357
vt 0.041561 0.237319
vt 0.041470 0.245764
vt 0.041348 0.254245
vt 0.048282 0.245514
vt 0.047830 0.254103
vt 0.054334 0.253911
vt 0.395897 0.376286
vt 0.389067 0.380794
vt 0.400871 0.380924
vt 0.394078 0.385471
vt 0.406087 0.385332
vt 0.399381 0.390083
vt 0.411106 0.389795
vt 0.404443 0.394829
vt 0.416157 0.394542
vt 0.409474 0.399686
vt 0.424224 0.401180
vt 0.417414 0.406616
vt 0.410059 0.407069
vt 0.407002 0.408571
vt 0.435333 0.409385
vt 0.428569 0.415403
vt 0.419275 0.414410
vt 0.417496 0.416440
vt 0.412153 0.412410
vt 0.414024 0.410444
vt 0.427511 0.424694
vt 0.434468 0.429193
vt 0.429106 0.435041
vt 0.422657 0.431254
vt 0.418670 0.426278
vt 0.416940 0.436704
vt 0.410104 0.433175
vt 0.423750 0.440375
vt 0.418498 0.445409
vt 0.437904 0.447912
vt 0.433401 0.452668
vt 0.429196 0.457230
vt 0.413589 0.450361
vt 0.425933 0.461984
vt 0.409300 0.455114
vt 0.422369 0.466259
vt 0.405372 0.459762
vt 0.419257 0.470654
vt 0.401987 0.464487
vt 0.416760 0.475107
vt 0.399204 0.469325
vt 0.414768 0.479662
vt 0.396970 0.474304
vt 0.475293 0.584255
vt 0.457864 0.590712
vt 0.456214 0.586036
vt 0.473578 0.579157
vt 0.166851 0.006470
vt 0.168386 0.012319
vt 0.170435 0.018072
vt 0.173024 0.023613
vt 0.176029 0.029012
vt 0.179728 0.034248
vt 0.184051 0.039423
vt 0.171596 0.046396
vt 0.177352 0.051788
vt 0.183446 0.057457
vt 0.173576 0.065453
vt 0.180546 0.071438
vt 0.187176 0.077473
vt 0.177503 0.085788
vt 0.184160 0.091895
vt 0.176944 0.098029
vt 0.191133 0.098327
vt 0.184179 0.104272
vt 0.179336 0.108204
vt 0.191563 0.110812
vt 0.186397 0.114494
vt 0.181022 0.118323
vt 0.419507 0.374687
vt 0.424554 0.378654
vt 0.417706 0.384405
vt 0.412748 0.380095
vt 0.407494 0.376194
vt 0.414671 0.370984
vt 0.429380 0.382637
vt 0.422575 0.388959
vt 0.437025 0.388200
vt 0.430557 0.395040
vt 0.447731 0.395863
vt 0.441619 0.402823
vt 0.452966 0.410861
vt 0.446911 0.417290
vt 0.440549 0.423274
vt 0.429016 0.421958
vt 0.452505 0.431681
vt 0.447183 0.437225
vt 0.442520 0.442737
vt 0.452283 0.449716
vt 0.448326 0.454955
vt 0.444762 0.459797
vt 0.441454 0.464160
vt 0.438104 0.468336
vt 0.434728 0.472387
vt 0.431708 0.476087
vt 0.429045 0.479736
vt 0.426892 0.483636
vt 0.445795 0.594852
vt 0.444631 0.590625
vt 0.177713 0.003988
vt 0.179258 0.009240
vt 0.180948 0.014340
vt 0.183235 0.019221
vt 0.186023 0.024013
vt 0.189131 0.028837
vt 0.192864 0.033600
vt 0.197354 0.038346
vt 0.188997 0.044593
vt 0.194531 0.049769
vt 0.200314 0.055092
vt 0.189904 0.063157
vt 0.196575 0.068973
vt 0.203111 0.075041
vt 0.193511 0.083602
vt 0.200059 0.090033
vt 0.207201 0.096210
vt 0.198530 0.104903
vt 0.209429 0.081101
vt 0.215933 0.086746
vt 0.458786 0.404245
vt 0.469866 0.413692
vt 0.464123 0.419851
vt 0.458361 0.425948
vt 0.466459 0.433330
vt 0.461163 0.439096
vt 0.456525 0.444455
vt 0.472145 0.426943
vt 0.477953 0.420884
vt 0.231655 0.068269
vt 0.225100 0.076500
vt 0.218767 0.071059
vt 0.225728 0.063043
vt 0.212481 0.065879
vt 0.219640 0.057997
vt 0.206338 0.060461
vt 0.213785 0.053116
vt 0.208009 0.048133
vt 0.202468 0.043173
vt 0.296131 0.237766
vt 0.304054 0.236853
vt 0.302547 0.245297
vt 0.309880 0.237237
vt 0.307878 0.245470
vt 0.306549 0.254066
vt 0.310748 0.254336
vt 0.313086 0.267355
vt 0.324415 0.283775
vt 0.341238 0.297282
vt 0.350434 0.305951
vt 0.357780 0.304291
vt 0.367262 0.311997
vt 0.374720 0.310666
vt 0.139448 0.174984
vt 0.132391 0.171827
vt 0.123007 0.153632
vt 0.114962 0.133549
vt 0.108579 0.111643
vt 0.102944 0.088418
vt 0.100257 0.072686
vt 0.091634 0.068625
vt 0.095649 0.059271
vt 0.086448 0.054747
vt 0.307078 0.448373
vt 0.063901 0.041155
vt 0.145943 0.567763
vt 0.144853 0.570457
vt 0.383415 0.399298
vt 0.384383 0.395970
vt 0.390120 0.399421
vt 0.385646 0.402560
vt 0.378146 0.401180
vt 0.377575 0.396639
vt 0.379757 0.405187
vt 0.367018 0.410742
vt 0.364246 0.407894
vt 0.367537 0.404975
vt 0.372331 0.407369
vt 0.361890 0.412074
vt 0.376208 0.412688
vt 0.369870 0.415505
vt 0.394838 0.402657
vt 0.400235 0.406211
vt 0.393638 0.410318
vt 0.389260 0.406328
vt 0.386888 0.414304
vt 0.382973 0.409684
vt 0.379897 0.418146
vt 0.391208 0.418739
vt 0.384387 0.422851
vt 0.377967 0.426543
vt 0.373535 0.421126
vt 0.372208 0.429657
vt 0.367291 0.423644
vt 0.362997 0.417100
vt 0.367203 0.432824
vt 0.361477 0.426187
vt 0.353329 0.417143
vt 0.355337 0.412436
vt 0.356740 0.406173
vt 0.362542 0.399313
vt 0.364902 0.401171
vt 0.358829 0.407250
vt 0.369043 0.399053
vt 0.368306 0.396519
vt 0.371502 0.403188
vt 0.363441 0.435262
vt 0.373198 0.438726
vt 0.379723 0.444118
vt 0.386215 0.448092
vt 0.384705 0.452571
vt 0.383849 0.439992
vt 0.389909 0.444304
vt 0.388445 0.436241
vt 0.394197 0.440567
vt 0.394001 0.431995
vt 0.399082 0.436162
vt 0.400470 0.427325
vt 0.404823 0.431853
vt 0.407709 0.422568
vt 0.412541 0.426795
vt 0.415410 0.418014
vt 0.419317 0.422101
vt 0.422357 0.420824
vt 0.410007 0.413937
vt 0.405118 0.410047
vt 0.402879 0.418447
vt 0.398176 0.414408
vt 0.395753 0.422978
vt 0.389028 0.427560
vt 0.382931 0.431739
vt 0.377827 0.435163
vt 0.350325 0.416202
vt 0.387984 0.449547
vt 0.386164 0.451122
vt 0.425024 0.419281
vt 0.406876 0.433928
vt 0.401275 0.438243
vt 0.412593 0.429974
vt 0.418269 0.425480
vt 0.352629 0.411750
s 1
usemtl Ch31_body
f 1/1/1 3/2/2 4/3/3 5/4/4
f 1/1/1 6/5/5 7/6/6 8/7/7
f 1/1/1 8/7/7 9/8/8 3/2/2
f 2/9/9 10/10/10 11/11/11 12/12/12
f 2/9/9 12/12/12 13/13/13 14/14/14
f 2/9/9 15/15/15 16/16/16 10/10/10
f 2/9/9 17/17/17 18/18/18 15/15/15
f 2/9/9 14/14/14 19/19/19 17/17/17
f 25/20/20 26/21/21 27/22/22 28/23/23
f 25/20/20 24/24/24 29/25/25 26/21/21
f 29/26/25 30/27/26 31/28/27 26/29/21
f 29/25/25 24/24/24 23/30/28 32/31/29
f 29/26/25 32/32/29 33/33/30 30/27/26
f 33/33/30 34/34/31 35/35/32 30/27/26
f 33/36/30 32/37/29 36/38/33 37/39/34
f 33/40/30 37/41/34 38/42/35 34/43/31
f 38/42/35 39/44/36 40/45/37 34/43/31
f 38/42/35 37/41/34 41/46/38 42/47/39
f 38/42/35 42/47/39 43/48/40 39/44/36
f 43/48/40 44/49/41 45/50/42 39/44/36
f 43/48/40 42/47/39 46/51/43 47/52/44
f 43/48/40 47/52/44 48/53/45 44/49/41
f 48/53/45 53/54/46 49/55/47 44/49/41
f 48/53/45 47/52/44 50/56/48 51/57/49
f 48/53/45 51/57/49 52/58/50 53/54/46
f 52/58/50 51/57/49 54/59/51 55/60/52
f 55/60/52 59/61/53 56/62/54 52/58/50
f 55/60/52 57/63/55 58/64/56 59/61/53
f 58/64/56 57/63/55 60/65/57 61/66/58
f 61/66/58 65/67/59 62/68/60 58/64/56
f 61/66/58 63/69/61 64/70/62 65/67/59
f 64/70/62 63/69/61 66/71/63 67/72/64
f 67/72/64 71/73/65 68/74/66 64/70/62
f 67/72/64 69/75/67 70/76/68 71/73/65
f 70/76/68 69/75/67 72/77/69 73/78/70
f 73/78/70 77/79/71 74/80/72 70/76/68
f 73/78/70 75/81/73 76/82/74 77/79/71
f 76/82/74 75/81/73 78/83/75 79/84/76
f 79/84/76 83/85/77 80/86/78 76/82/74
f 79/84/76 81/87/79 82/88/80 83/85/77
f 82/88/80 81/87/79 84/89/81 85/90/82
f 85/90/82 86/91/83 87/92/84 82/88/80
f 85/90/82 88/93/85 89/94/86 86/91/83
f 89/94/86 94/95/87 90/96/88 86/91/83
f 89/94/86 88/93/85 91/97/89 92/98/90
f 89/94/86 92/98/90 93/99/91 94/95/87
f 93/100/91 92/101/90 95/102/92 96/103/93
f 96/103/93 100/104/94 97/105/95 93/100/91
f 96/103/93 98/106/96 99/107/97 100/104/94
f 99/107/97 98/106/96 101/108/98 102/109/99
f 102/109/99 106/110/100 103/111/101 99/107/97
f 102/109/99 104/112/102 105/113/103 106/110/100
f 105/113/103 104/112/102 107/114/104 108/115/105
f 108/115/105 109/116/106 110/117/107 105/113/103
f 108/115/105 111/118/108 112/119/109 109/116/106
f 112/119/109 113/120/110 114/121/111 109/116/106
f 112/119/109 111/118/108 115/122/112 116/123/113
f 112/119/109 116/123/113 117/124/114 113/120/110
f 117/124/114 118/125/115 22/126/116 113/120/110
f 117/124/114 116/123/113 119/127/117 120/128/118
f 117/124/114 120/128/118 121/129/119 118/125/115
f 121/129/119 120/128/118 122/130/120 123/131/121
f 127/132/122 126/133/123 128/134/124 129/135/125
f 127/132/122 129/135/125 130/136/126 20/137/127
f 130/136/126 129/135/125 131/138/128 110/117/107
f 130/136/126 110/117/107 109/116/106 114/121/111
f 130/136/126 114/121/111 21/139/129 20/137/127
f 131/138/128 129/135/125 128/134/124 132/140/130
f 131/138/128 132/140/130 103/111/101 106/110/100
f 131/138/128 106/110/100 105/113/103 110/117/107
f 103/111/101 132/140/130 133/141/131 134/142/132
f 134/142/132 135/143/133 97/105/95 100/104/94
f 134/142/132 100/104/94 99/107/97 103/111/101
f 97/144/95 135/145/133 136/146/134 137/147/135
f 137/147/135 138/148/136 90/96/88 94/95/87
f 137/147/135 94/95/87 93/99/91 97/144/95
f 90/96/88 138/148/136 139/149/137 140/150/138
f 140/150/138 141/151/139 142/152/140 87/92/84
f 140/150/138 87/92/84 86/91/83 90/96/88
f 142/152/140 141/151/139 143/153/141 144/154/142
f 142/152/140 144/154/142 80/86/78 83/85/77
f 142/152/140 83/85/77 82/88/80 87/92/84
f 80/86/78 144/154/142 145/155/143 146/156/144
f 146/156/144 147/157/145 74/80/72 77/79/71
f 146/156/144 77/79/71 76/82/74 80/86/78
f 74/80/72 147/157/145 148/158/146 149/159/147
f 149/159/147 150/160/148 68/74/66 71/73/65
f 149/159/147 71/73/65 70/76/68 74/80/72
f 68/74/66 150/160/148 151/161/149 152/162/150
f 152/162/150 153/163/151 62/68/60 65/67/59
f 152/162/150 65/67/59 64/70/62 68/74/66
f 62/68/60 153/163/151 154/164/152 155/165/153
f 155/165/153 156/166/154 56/62/54 59/61/53
f 155/165/153 59/61/53 58/64/56 62/68/60
f 56/62/54 156/166/154 157/167/155 158/168/156
f 158/168/156 159/169/157 49/55/47 53/54/46
f 158/168/156 53/54/46 52/58/50 56/62/54
f 49/55/47 159/169/157 160/170/158 161/171/159
f 161/171/159 162/172/160 163/173/161 45/50/42
f 161/171/159 45/50/42 44/49/41 49/55/47
f 163/174/161 162/175/160 164/176/162 165/177/163
f 163/174/161 165/177/163 166/178/164 40/179/37
f 163/173/161 40/45/37 39/44/36 45/50/42
f 166/178/164 165/177/163 167/180/165 168/181/166
f 166/178/164 168/181/166 169/182/167 35/35/32
f 166/178/164 35/35/32 34/34/31 40/179/37
f 169/182/167 168/181/166 13/13/13 12/12/12
f 169/182/167 12/12/12 11/11/11 31/28/27
f 169/182/167 31/28/27 30/27/26 35/35/32
f 168/181/166 167/180/165 170/183/168 13/13/13
f 170/183/168 174/184/169 171/185/170 172/186/171
f 170/183/168 172/186/171 14/14/14 13/13/13
f 170/183/168 167/180/165 173/187/172 174/184/169
f 173/187/172 167/180/165 165/177/163 164/176/162
f 164/176/162 177/188/173 175/189/174 173/187/172
f 164/176/162 162/175/160 176/190/175 177/188/173
f 176/191/175 162/172/160 161/171/159 160/170/158
f 160/170/158 180/192/176 178/193/177 176/191/175
f 160/170/158 159/169/157 179/194/178 180/192/176
f 179/194/178 159/169/157 158/168/156 157/167/155
f 157/167/155 183/195/179 181/196/180 179/194/178
f 157/167/155 156/166/154 182/197/181 183/195/179
f 182/197/181 156/166/154 155/165/153 154/164/152
f 154/164/152 186/198/182 184/199/183 182/197/181
f 154/164/152 153/163/151 185/200/184 186/198/182
f 185/200/184 153/163/151 152/162/150 151/161/149
f 151/161/149 189/201/185 187/202/186 185/200/184
f 151/161/149 150/160/148 188/203/187 189/201/185
f 188/203/187 150/160/148 149/159/147 148/158/146
f 148/158/146 190/204/188 191/205/189 188/203/187
f 148/158/146 147/157/145 192/206/190 190/204/188
f 192/206/190 195/207/191 193/208/192 190/204/188
f 192/206/190 147/157/145 146/156/144 145/155/143
f 192/206/190 145/155/143 194/209/193 195/207/191
f 194/209/193 145/155/143 144/154/142 143/153/141
f 143/153/141 198/210/194 196/211/195 194/209/193
f 143/153/141 141/151/139 197/212/196 198/210/194
f 197/212/196 141/151/139 140/150/138 139/149/137
f 139/149/137 201/213/197 199/214/198 197/212/196
f 139/149/137 138/148/136 200/215/199 201/213/197
f 200/215/199 138/148/136 137/147/135 136/146/134
f 136/146/134 202/216/200 203/217/201 200/215/199
f 136/146/134 135/145/133 204/218/202 202/216/200
f 204/219/202 205/220/203 206/221/204 202/222/200
f 204/219/202 135/143/133 134/142/132 133/141/131
f 204/219/202 133/141/131 207/223/205 205/220/203
f 207/223/205 125/224/206 208/225/207 205/220/203
f 207/223/205 133/141/131 132/140/130 128/134/124
f 207/223/205 128/134/124 126/133/123 125/224/206
f 208/225/207 209/226/208 206/221/204 205/220/203
f 209/227/208 210/228/209 211/229/210 206/230/204
f 211/229/210 210/228/209 212/231/211 213/232/212
f 211/229/210 213/232/212 214/233/213 203/217/201
f 211/229/210 203/217/201 202/216/200 206/230/204
f 214/233/213 213/232/212 215/234/214 216/235/215
f 214/233/213 216/235/215 199/214/198 201/213/197
f 214/233/213 201/213/197 200/215/199 203/217/201
f 199/214/198 216/235/215 217/236/216 218/237/217
f 218/237/217 219/238/218 196/211/195 198/210/194
f 218/237/217 198/210/194 197/212/196 199/214/198
f 196/211/195 219/238/218 220/239/219 221/240/220
f 221/240/220 222/241/221 193/208/192 195/207/191
f 221/240/220 195/207/191 194/209/193 196/211/195
f 193/208/192 222/241/221 223/242/222 224/243/223
f 224/243/223 225/244/224 226/245/225 191/205/189
f 224/243/223 191/205/189 190/204/188 193/208/192
f 226/245/225 225/244/224 227/246/226 228/247/227
f 226/245/225 228/247/227 187/202/186 189/201/185
f 226/245/225 189/201/185 188/203/187 191/205/189
f 187/202/186 228/247/227 229/248/228 230/249/229
f 230/249/229 231/250/230 184/199/183 186/198/182
f 230/249/229 186/198/182 185/200/184 187/202/186
f 184/199/183 231/250/230 232/251/231 233/252/232
f 233/252/232 234/253/233 181/196/180 183/195/179
f 233/252/232 183/195/179 182/197/181 184/199/183
f 181/196/180 234/253/233 235/254/234 236/255/235
f 236/255/235 237/256/236 178/193/177 180/192/176
f 236/255/235 180/192/176 179/194/178 181/196/180
f 178/257/177 237/258/236 238/259/237 239/260/238
f 239/260/238 240/261/239 175/189/174 177/188/173
f 239/260/238 177/188/173 176/190/175 178/257/177
f 175/189/174 240/261/239 241/262/240 242/263/241
f 242/263/241 243/264/242 171/185/170 174/184/169
f 242/263/241 174/184/169 173/187/172 175/189/174
f 171/185/170 243/264/242 244/265/243 245/266/244
f 245/266/244 246/267/245 247/268/246 248/269/247
f 245/266/244 248/269/247 172/186/171 171/185/170
f 248/269/247 247/268/246 249/270/248 19/19/19
f 248/269/247 19/19/19 14/14/14 172/186/171
f 251/271/249 17/17/17 19/19/19 249/270/248
f 251/271/249 774/272/250 760/273/251 804/274/252
f 251/271/249 804/274/252 18/18/18 17/17/17
f 805/275/253 252/276/254 18/18/18 804/274/252
f 252/276/254 805/275/253 390/277/255
f 252/276/254 390/277/255 391/278/256 253/279/257
f 252/276/254 253/279/257 15/15/15 18/18/18
f 253/279/257 391/278/256 392/280/258 254/281/259
f 253/279/257 254/281/259 16/16/16 15/15/15
f 254/281/259 392/280/258 393/282/260 255/283/261
f 254/281/259 255/283/261 256/284/262 16/16/16
f 256/284/262 257/285/263 10/10/10 16/16/16
f 256/286/262 255/287/261 258/288/264 259/289/265
f 256/286/262 259/289/265 260/290/266 257/291/263
f 260/290/266 28/23/23 27/22/22 257/291/263
f 262/292/267 261/293/268 397/294/269 263/295/270
f 262/292/267 263/295/270 3/2/2 9/8/8
f 263/295/270 397/294/269 398/296/271 264/297/272
f 263/295/270 264/297/272 4/3/3 3/2/2
f 264/297/272 398/296/271 399/298/273 265/299/274
f 264/297/272 265/299/274 266/300/275 4/3/3
f 266/300/275 267/301/276 5/4/4 4/3/3
f 266/300/275 265/299/274 268/302/277 269/303/278
f 266/300/275 269/303/278 270/304/279 267/301/276
f 270/304/279 271/305/280 272/306/281 267/301/276
f 270/304/279 269/303/278 273/307/282 274/308/283
f 270/304/279 274/308/283 275/309/284 271/305/280
f 275/309/284 276/310/285 277/311/286 271/305/280
f 275/309/284 274/308/283 278/312/287 279/313/288
f 275/309/284 279/313/288 280/314/289 276/310/285
f 280/314/289 285/315/290 281/316/291 276/310/285
f 280/314/289 279/313/288 282/317/292 283/318/293
f 280/314/289 283/318/293 284/319/294 285/315/290
f 284/319/294 283/318/293 286/320/295 287/321/296
f 287/321/296 291/322/297 288/323/298 284/319/294
f 287/321/296 289/324/299 290/325/300 291/322/297
f 290/325/300 289/324/299 416/326/301 292/327/302
f 292/327/302 296/328/303 293/329/304 290/325/300
f 292/327/302 294/330/305 295/331/306 296/328/303
f 295/331/306 294/330/305 420/332/307 297/333/308
f 297/333/308 301/334/309 298/335/310 295/331/306
f 297/333/308 299/336/311 300/337/312 301/334/309
f 300/338/312 299/339/311 423/340/313 302/341/314
f 302/341/314 306/342/315 303/343/316 300/338/312
f 302/341/314 304/344/317 305/345/318 306/342/315
f 305/345/318 304/344/317 426/346/319 307/347/320
f 307/347/320 311/348/321 308/349/322 305/345/318
f 307/347/320 309/350/323 310/351/324 311/348/321
f 310/351/324 309/350/323 429/352/325 312/353/326
f 312/353/326 313/354/327 314/355/328 310/351/324
f 312/353/326 315/356/329 316/357/330 313/354/327
f 316/357/330 320/358/331 317/359/332 313/354/327
f 316/357/330 315/356/329 432/360/333 318/361/334
f 316/357/330 318/361/334 319/362/335 320/358/331
f 319/362/335 318/361/334 321/363/336 322/364/337
f 322/364/337 326/365/338 323/366/339 319/362/335
f 322/364/337 324/367/340 325/368/341 326/365/338
f 325/368/341 324/367/340 437/369/342 327/370/343
f 327/370/343 331/371/344 328/372/345 325/368/341
f 327/370/343 329/373/346 330/374/347 331/371/344
f 330/374/347 329/373/346 441/375/348 332/376/349
f 332/376/349 333/377/350 334/378/351 330/374/347
f 332/376/349 335/379/352 336/380/353 333/377/350
f 336/380/353 337/381/354 338/382/355 333/377/350
f 336/380/353 335/379/352 444/383/356 339/384/357
f 336/380/353 339/384/357 340/385/358 337/381/354
f 340/385/358 341/386/359 342/387/360 337/381/354
f 340/385/358 339/384/357 343/388/361 344/389/362
f 340/385/358 344/389/362 345/390/363 341/386/359
f 345/390/363 344/389/362 346/391/364 347/392/365
f 349/393/366 350/394/367 351/395/368 215/234/214
f 349/393/366 215/234/214 213/232/212 212/231/211
f 351/395/368 350/394/367 352/396/369 353/397/370
f 351/395/368 353/397/370 354/398/371 217/236/216
f 351/395/368 217/236/216 216/235/215 215/234/214
f 354/398/371 353/397/370 355/399/372 356/400/373
f 354/398/371 356/400/373 220/239/219 219/238/218
f 354/398/371 219/238/218 218/237/217 217/236/216
f 220/239/219 356/400/373 357/401/374 358/402/375
f 358/402/375 359/403/376 223/242/222 222/241/221
f 358/402/375 222/241/221 221/240/220 220/239/219
f 223/242/222 359/403/376 360/404/377 361/405/378
f 361/405/378 362/406/379 227/246/226 225/244/224
f 361/405/378 225/244/224 224/243/223 223/242/222
f 227/246/226 362/406/379 363/407/380 364/408/381
f 364/408/381 365/409/382 366/410/383 229/248/228
f 364/408/381 229/248/228 228/247/227 227/246/226
f 366/410/383 365/409/382 367/411/384 368/412/385
f 366/410/383 368/412/385 232/251/231 231/250/230
f 366/410/383 231/250/230 230/249/229 229/248/228
f 232/251/231 368/412/385 369/413/386 370/414/387
f 370/414/387 371/415/388 235/254/234 234/253/233
f 370/414/387 234/253/233 233/252/232 232/251/231
f 235/254/234 371/415/388 372/416/389 373/417/390
f 373/418/390 374/419/391 238/259/237 237/258/236
f 373/417/390 237/256/236 236/255/235 235/254/234
f 238/259/237 374/419/391 375/420/392 376/421/393
f 376/421/393 377/422/394 241/262/240 240/261/239
f 376/421/393 240/261/239 239/260/238 238/259/237
f 241/262/240 377/422/394 378/423/395 379/424/396
f 379/424/396 380/425/397 244/265/243 243/264/242
f 379/424/396 243/264/242 242/263/241 241/262/240
f 244/265/243 380/425/397 381/426/398 382/427/399
f 382/427/399 383/428/400 386/429/401 246/267/245
f 382/427/399 246/267/245 245/266/244 244/265/243
f 386/429/401 383/428/400 384/430/402 385/431/403
f 386/429/401 385/431/403 387/432/404 250/433/405
f 386/429/401 250/433/405 247/268/246 246/267/245
f 387/432/404 385/431/403 388/434/406 389/435/407
f 779/436/408 500/437/409 501/438/410 763/439/411
f 776/440/412 806/441/413 390/277/255 775/442/414
f 390/277/255 806/441/413 792/443/415 391/278/256
f 391/278/256 792/443/415 791/444/416 392/280/258
f 392/280/258 791/444/416 790/445/417 393/282/260
f 393/446/260 790/447/417 789/448/418 394/449/419
f 394/449/419 258/288/264 255/287/261 393/446/260
f 395/450/420 396/451/421 397/294/269 261/293/268
f 397/294/269 396/451/421 509/452/422 398/296/271
f 398/296/271 509/452/422 510/453/423 399/298/273
f 399/298/273 510/453/423 511/454/424 400/455/425
f 400/455/425 268/302/277 265/299/274 399/298/273
f 400/455/425 401/456/426 402/457/427 268/302/277
f 402/457/427 273/307/282 269/303/278 268/302/277
f 402/457/427 401/456/426 514/458/428 403/459/429
f 402/457/427 403/459/429 404/460/430 273/307/282
f 404/460/430 278/312/287 274/308/283 273/307/282
f 404/460/430 403/459/429 405/461/431 406/462/432
f 404/460/430 406/462/432 407/463/433 278/312/287
f 407/463/433 282/317/292 279/313/288 278/312/287
f 407/463/433 406/462/432 408/464/434 409/465/435
f 407/463/433 409/465/435 410/466/436 282/317/292
f 410/466/436 286/320/295 283/318/293 282/317/292
f 410/466/436 409/465/435 411/467/437 412/468/438
f 410/466/436 412/468/438 413/469/439 286/320/295
f 413/469/439 289/324/299 287/321/296 286/320/295
f 413/469/439 412/468/438 414/470/440 415/471/441
f 413/469/439 415/471/441 416/326/301 289/324/299
f 416/326/301 415/471/441 417/472/442 418/473/443
f 418/473/443 294/330/305 292/327/302 416/326/301
f 418/473/443 419/474/444 420/332/307 294/330/305
f 420/332/307 419/474/444 531/475/445 421/476/446
f 421/476/446 299/336/311 297/333/308 420/332/307
f 421/477/446 422/478/447 423/340/313 299/339/311
f 423/340/313 422/478/447 535/479/448 424/480/449
f 424/480/449 304/344/317 302/341/314 423/340/313
f 424/480/449 425/481/450 426/346/319 304/344/317
f 426/346/319 425/481/450 538/482/451 427/483/452
f 427/483/452 309/350/323 307/347/320 426/346/319
f 427/483/452 428/484/453 429/352/325 309/350/323
f 429/352/325 428/484/453 540/485/454 430/486/455
f 430/486/455 315/356/329 312/353/326 429/352/325
f 430/486/455 431/487/456 432/360/333 315/356/329
f 432/360/333 431/487/456 542/488/457 433/489/458
f 433/489/458 321/363/336 318/361/334 432/360/333
f 433/489/458 434/490/459 435/491/460 321/363/336
f 435/491/460 324/367/340 322/364/337 321/363/336
f 435/491/460 434/490/459 544/492/461 436/493/462
f 435/491/460 436/493/462 437/369/342 324/367/340
f 437/369/342 436/493/462 438/494/463 439/495/464
f 439/495/464 329/373/346 327/370/343 437/369/342
f 439/495/464 440/496/465 441/375/348 329/373/346
f 441/375/348 440/496/465 548/497/466 442/498/467
f 442/498/467 335/379/352 332/376/349 441/375/348
f 442/498/467 443/499/468 444/383/356 335/379/352
f 444/383/356 443/499/468 550/500/469 445/501/470
f 445/501/470 343/388/361 339/384/357 444/383/356
f 445/501/470 446/502/471 447/503/472 343/388/361
f 447/503/472 346/391/364 344/389/362 343/388/361
f 447/504/472 446/505/471 552/506/473 448/507/474
f 447/504/472 448/507/474 449/508/475 346/509/364
f 449/508/475 348/510/476 347/511/365 346/509/364
f 449/508/475 448/507/474 450/512/477 451/513/478
f 449/508/475 451/513/478 452/514/479 348/510/476
f 452/514/479 451/513/478 453/515/480 454/516/481
f 456/517/482 457/518/483 458/519/484 355/399/372
f 456/517/482 355/399/372 353/397/370 352/396/369
f 458/519/484 457/518/483 459/520/485 460/521/486
f 458/519/484 460/521/486 461/522/487 357/401/374
f 458/519/484 357/401/374 356/400/373 355/399/372
f 461/522/487 460/521/486 462/523/488 463/524/489
f 461/522/487 463/524/489 360/404/377 359/403/376
f 461/522/487 359/403/376 358/402/375 357/401/374
f 360/404/377 463/524/489 464/525/490 465/526/491
f 465/526/491 466/527/492 363/407/380 362/406/379
f 465/526/491 362/406/379 361/405/378 360/404/377
f 363/407/380 466/527/492 467/528/493 468/529/494
f 468/529/494 469/530/495 367/411/384 365/409/382
f 468/529/494 365/409/382 364/408/381 363/407/380
f 367/411/384 469/530/495 470/531/496 471/532/497
f 471/532/497 472/533/498 473/534/499 369/413/386
f 471/532/497 369/413/386 368/412/385 367/411/384
f 473/535/499 472/536/498 474/537/500 475/538/501
f 473/535/499 475/538/501 372/539/389 371/540/388
f 473/534/499 371/415/388 370/414/387 369/413/386
f 372/539/389 475/538/501 476/541/502 477/542/503
f 477/542/503 478/543/504 375/420/392 374/419/391
f 477/542/503 374/419/391 373/418/390 372/539/389
f 375/420/392 478/543/504 479/544/505 480/545/506
f 480/545/506 481/546/507 378/423/395 377/422/394
f 480/545/506 377/422/394 376/421/393 375/420/392
f 378/423/395 481/546/507 482/547/508 483/548/509
f 483/548/509 484/549/510 381/426/398 380/425/397
f 483/548/509 380/425/397 379/424/396 378/423/395
f 381/426/398 484/549/510 485/550/511 486/551/512
f 486/551/512 487/552/513 384/430/402 383/428/400
f 486/551/512 383/428/400 382/427/399 381/426/398
f 384/430/402 487/552/513 488/553/514 489/554/515
f 489/554/515 490/555/516 491/556/517 388/434/406
f 489/554/515 388/434/406 385/431/403 384/430/402
f 491/556/517 492/557/518 493/558/519 494/559/520
f 491/556/517 494/559/520 389/435/407 388/434/406
f 494/559/520 493/558/519 495/560/521 771/561/522
f 494/559/520 771/561/522 772/562/523
f 771/561/522 495/560/521 496/563/524 770/564/525
f 770/564/525 496/563/524 497/565/526 769/566/527
f 769/566/527 497/565/526 783/567/528 766/568/529
f 500/437/409 499/569/530 800/570/531 799/571/532
f 500/437/409 799/571/532 798/572/533 501/438/410
f 501/438/410 798/572/533 797/573/534 502/574/535
f 502/574/535 797/573/534 796/575/536 807/576/537
f 807/576/537 796/575/536 795/577/538 503/578/539
f 503/578/539 795/577/538 794/579/540 504/580/541
f 504/581/541 794/582/540 793/583/542 505/584/543
f 506/585/544 507/586/545 396/451/421 395/450/420
f 507/586/545 508/587/546 509/452/422 396/451/421
f 509/452/422 508/587/546 589/588/547 510/453/423
f 510/453/423 589/588/547 590/589/548 511/454/424
f 511/454/424 590/589/548 591/590/549 512/591/550
f 512/591/550 401/456/426 400/455/425 511/454/424
f 512/591/550 513/592/551 514/458/428 401/456/426
f 514/458/428 513/592/551 594/593/552 515/594/553
f 515/594/553 405/461/431 403/459/429 514/458/428
f 515/594/553 516/595/554 517/596/555 405/461/431
f 517/596/555 408/464/434 406/462/432 405/461/431
f 517/596/555 516/595/554 597/597/556 518/598/557
f 517/596/555 518/598/557 519/599/558 408/464/434
f 519/599/558 411/467/437 409/465/435 408/464/434
f 519/599/558 518/598/557 520/600/559 521/601/560
f 519/599/558 521/601/560 522/602/561 411/467/437
f 522/602/561 414/470/440 412/468/438 411/467/437
f 522/602/561 521/601/560 523/603/562 524/604/563
f 522/602/561 524/604/563 525/605/564 414/470/440
f 525/605/564 417/472/442 415/471/441 414/470/440
f 525/605/564 524/604/563 526/606/565 527/607/566
f 525/605/564 527/607/566 528/608/567 417/472/442
f 528/608/567 419/474/444 418/473/443 417/472/442
f 528/608/567 527/607/566 529/609/568 530/610/569
f 528/608/567 530/610/569 531/475/445 419/474/444
f 531/611/445 530/612/569 532/613/570 533/614/571
f 533/614/571 422/478/447 421/477/446 531/611/445
f 533/614/571 534/615/572 535/479/448 422/478/447
f 535/479/448 534/615/572 560/616/573 536/617/574
f 536/617/574 425/481/450 424/480/449 535/479/448
f 536/617/574 537/618/575 538/482/451 425/481/450
f 538/482/451 537/618/575 490/555/516 539/619/576
f 539/619/576 428/484/453 427/483/452 538/482/451
f 539/619/576 488/553/514 540/485/454 428/484/453
f 540/485/454 488/553/514 487/552/513 541/620/577
f 541/620/577 431/487/456 430/486/455 540/485/454
f 541/620/577 485/550/511 542/488/457 431/487/456
f 542/488/457 485/550/511 484/549/510 543/621/578
f 543/621/578 434/490/459 433/489/458 542/488/457
f 543/621/578 482/547/508 544/492/461 434/490/459
f 544/492/461 482/547/508 481/546/507 545/622/579
f 545/622/579 438/494/463 436/493/462 544/492/461
f 545/622/579 479/544/505 546/623/580 438/494/463
f 546/623/580 440/496/465 439/495/464 438/494/463
f 546/623/580 479/544/505 478/543/504 547/624/581
f 546/623/580 547/624/581 548/497/466 440/496/465
f 548/497/466 547/624/581 476/541/502 549/625/582
f 549/625/582 443/499/468 442/498/467 548/497/466
f 549/625/582 474/537/500 550/500/469 443/499/468
f 550/500/469 474/537/500 472/536/498 551/626/583
f 551/626/583 446/502/471 445/501/470 550/500/469
f 551/627/583 470/531/496 552/506/473 446/505/471
f 552/506/473 470/531/496 469/530/495 553/628/584
f 553/628/584 450/512/477 448/507/474 552/506/473
f 553/628/584 467/528/493 554/629/585 450/512/477
f 554/629/585 453/515/480 451/513/478 450/512/477
f 554/629/585 467/528/493 466/527/492 555/630/586
f 554/629/585 555/630/586 556/631/587 453/515/480
f 556/631/587 455/632/588 454/516/481 453/515/480
f 556/631/587 555/630/586 464/525/490 557/633/589
f 556/631/587 557/633/589 558/634/590 455/632/588
f 558/634/590 557/633/589 462/523/488 559/635/591
f 559/635/591 462/523/488 460/521/486 459/520/485
f 557/633/589 464/525/490 463/524/489 462/523/488
f 555/630/586 466/527/492 465/526/491 464/525/490
f 553/628/584 469/530/495 468/529/494 467/528/493
f 551/627/583 472/533/498 471/532/497 470/531/496
f 549/625/582 476/541/502 475/538/501 474/537/500
f 547/624/581 478/543/504 477/542/503 476/541/502
f 545/622/579 481/546/507 480/545/506 479/544/505
f 543/621/578 484/549/510 483/548/509 482/547/508
f 541/620/577 487/552/513 486/551/512 485/550/511
f 539/619/576 490/555/516 489/554/515 488/553/514
f 537/618/575 536/617/574 560/616/573 492/557/518
f 537/618/575 492/557/518 491/556/517 490/555/516
f 560/616/573 534/615/572 561/636/592 562/637/593
f 560/616/573 562/637/593 493/558/519 492/557/518
f 562/637/593 561/636/592 563/638/594 564/639/595
f 562/637/593 564/639/595 495/560/521 493/558/519
f 564/639/595 563/638/594 565/640/596 566/641/597
f 564/639/595 566/641/597 496/563/524 495/560/521
f 566/641/597 565/640/596 567/642/598 568/643/599
f 566/641/597 568/643/599 497/565/526 496/563/524
f 568/643/599 567/642/598 569/644/600 570/645/601
f 570/645/601 569/644/600 571/646/602 572/647/603
f 784/648/604 759/649/605 766/568/529 783/567/528
f 572/647/603 571/646/602 614/650/606 573/651/607
f 786/652/608 767/653/609 768/654/610 785/655/611
f 803/656/612 617/657/613 575/658/614 802/659/615
f 574/660/616 802/659/615 801/661/617 498/662/618
f 576/663/619 577/664/620 800/570/531 801/661/617
f 577/664/620 576/663/619 620/665/621 624/666/622
f 577/664/620 624/666/622 626/667/623 578/668/624
f 578/668/624 626/667/623 628/669/625 579/670/626
f 579/670/626 628/669/625 630/671/627 580/672/628
f 580/672/628 630/671/627 632/673/629 581/674/630
f 581/674/630 632/673/629 634/675/631 582/676/632
f 582/676/632 634/675/631 636/677/633 583/678/634
f 583/679/634 636/680/633 638/681/635 584/682/636
f 585/683/637 586/684/638 507/586/545 506/585/544
f 586/684/638 587/685/639 508/587/546 507/586/545
f 587/685/639 588/686/640 589/588/547 508/587/546
f 589/588/547 588/686/640 644/687/641 590/589/548
f 590/589/548 644/687/641 646/688/642 591/590/549
f 591/590/549 646/688/642 648/689/643 592/690/644
f 592/690/644 513/592/551 512/591/550 591/590/549
f 592/690/644 593/691/645 594/593/552 513/592/551
f 594/593/552 593/691/645 652/692/646 595/693/647
f 595/693/647 516/595/554 515/594/553 594/593/552
f 595/693/647 596/694/648 597/597/556 516/595/554
f 597/597/556 596/694/648 655/695/649 598/696/650
f 598/696/650 520/600/559 518/598/557 597/597/556
f 598/696/650 599/697/651 600/698/652 520/600/559
f 600/698/652 523/603/562 521/601/560 520/600/559
f 600/698/652 599/697/651 658/699/653 601/700/654
f 600/698/652 601/700/654 602/701/655 523/603/562
f 602/701/655 526/606/565 524/604/563 523/603/562
f 602/701/655 601/700/654 603/702/656 604/703/657
f 602/701/655 604/703/657 605/704/658 526/606/565
f 605/704/658 529/609/568 527/607/566 526/606/565
f 605/705/658 604/706/657 606/707/659 607/708/660
f 605/705/658 607/708/660 608/709/661 529/710/568
f 608/709/661 532/613/570 530/612/569 529/710/568
f 608/709/661 607/708/660 565/640/596 563/638/594
f 608/709/661 563/638/594 561/636/592 532/613/570
f 607/708/660 606/707/659 567/642/598 565/640/596
f 606/707/659 604/706/657 603/711/656 609/712/662
f 606/707/659 609/712/662 569/644/600 567/642/598
f 609/712/662 603/711/656 610/713/663 611/714/664
f 609/712/662 611/714/664 571/646/602 569/644/600
f 611/714/664 610/713/663 612/715/665 613/716/666
f 611/714/664 613/716/666 614/650/606 571/646/602
f 614/650/606 613/716/666 661/717/667 615/718/668
f 614/650/606 615/718/668 616/719/669 573/651/607
f 788/720/670 616/719/669 617/657/613 803/656/612
f 617/657/613 616/719/669 664/721/671 618/722/672
f 617/657/613 618/722/672 619/723/673 575/658/614
f 619/723/673 620/665/621 576/663/619 575/658/614
f 620/665/621 619/723/673 621/724/674 622/725/675
f 620/665/621 622/725/675 623/726/676 624/666/622
f 624/666/622 623/726/676 625/727/677 626/667/623
f 626/667/623 625/727/677 627/728/678 628/669/625
f 628/669/625 627/728/678 629/729/679 630/671/627
f 630/671/627 629/729/679 631/730/680 632/673/629
f 632/673/629 631/730/680 633/731/681 634/675/631
f 634/675/631 633/731/681 635/732/682 636/677/633
f 636/680/633 635/733/682 637/734/683 638/681/635
f 639/735/684 640/736/685 586/684/638 585/683/637
f 640/736/685 641/737/686 587/685/639 586/684/638
f 641/737/686 642/738/687 588/686/640 587/685/639
f 642/738/687 643/739/688 644/687/641 588/686/640
f 644/687/641 643/739/688 645/740/689 646/688/642
f 646/688/642 645/740/689 647/741/690 648/689/643
f 648/689/643 647/741/690 649/742/691 650/743/692
f 650/743/692 593/691/645 592/690/644 648/689/643
f 650/743/692 651/744/693 652/692/646 593/691/645
f 652/692/646 651/744/693 677/745/694 653/746/695
f 653/746/695 596/694/648 595/693/647 652/692/646
f 653/746/695 654/747/696 655/695/649 596/694/648
f 655/695/649 654/747/696 680/748/697 656/749/698
f 656/749/698 599/697/651 598/696/650 655/695/649
f 656/749/698 657/750/699 658/699/653 599/697/651
f 658/699/653 657/750/699 612/751/665 610/752/663
f 657/750/699 656/749/698 680/748/697 659/753/700
f 657/750/699 659/753/700 660/754/701 612/751/665
f 660/755/701 661/717/667 613/716/666 612/715/665
f 661/717/667 660/755/701 669/756/702 662/757/703
f 661/717/667 662/757/703 663/758/704 615/718/668
f 663/758/704 664/721/671 616/719/669 615/718/668
f 664/721/671 663/758/704 665/759/705 666/760/706
f 664/721/671 666/760/706 667/761/707 618/722/672
f 667/761/707 621/724/674 619/723/673 618/722/672
f 665/759/705 663/758/704 662/757/703 668/762/708
f 668/762/708 662/757/703 669/756/702 670/763/709
f 670/764/709 669/765/702 671/766/710 672/767/711
f 672/767/711 671/766/710 673/768/712 674/769/713
f 674/769/713 673/768/712 675/770/714 676/771/715
f 676/771/715 675/770/714 677/745/694 678/772/716
f 678/772/716 677/745/694 651/744/693 679/773/717
f 679/773/717 651/744/693 650/743/692 649/742/691
f 675/770/714 654/747/696 653/746/695 677/745/694
f 675/770/714 673/768/712 680/748/697 654/747/696
f 680/748/697 673/768/712 671/766/710 659/753/700
f 671/766/710 669/765/702 660/754/701 659/753/700
f 610/752/663 603/702/656 601/700/654 658/699/653
f 561/636/592 534/615/572 533/614/571 532/613/570
f 681/774/718 682/775/719 683/776/720 338/382/355
f 681/774/718 338/382/355 337/381/354 342/387/360
f 683/776/720 682/775/719 124/777/721 684/778/722
f 683/776/720 684/778/722 685/779/723 334/378/351
f 683/776/720 334/378/351 333/377/350 338/382/355
f 685/779/723 684/778/722 122/130/120 686/780/724
f 685/779/723 686/780/724 328/372/345 331/371/344
f 685/779/723 331/371/344 330/374/347 334/378/351
f 328/372/345 686/780/724 119/127/117 687/781/725
f 687/781/725 115/122/112 323/366/339 326/365/338
f 687/781/725 326/365/338 325/368/341 328/372/345
f 323/366/339 115/122/112 111/118/108 688/782/726
f 688/782/726 107/114/104 317/359/332 320/358/331
f 688/782/726 320/358/331 319/362/335 323/366/339
f 317/359/332 107/114/104 104/112/102 689/783/727
f 689/783/727 101/108/98 690/784/728 314/355/328
f 689/783/727 314/355/328 313/354/327 317/359/332
f 690/784/728 101/108/98 98/106/96 691/785/729
f 690/784/728 691/785/729 308/349/322 311/348/321
f 690/784/728 311/348/321 310/351/324 314/355/328
f 308/349/322 691/785/729 95/102/92 692/786/730
f 692/786/730 91/787/89 303/343/316 306/342/315
f 692/786/730 306/342/315 305/345/318 308/349/322
f 303/788/316 91/97/89 88/93/85 693/789/731
f 693/789/731 84/89/81 298/335/310 301/334/309
f 693/789/731 301/334/309 300/337/312 303/788/316
f 298/335/310 84/89/81 81/87/79 694/790/732
f 694/790/732 78/83/75 293/329/304 296/328/303
f 694/790/732 296/328/303 295/331/306 298/335/310
f 293/329/304 78/83/75 75/81/73 695/791/733
f 695/791/733 72/77/69 288/323/298 291/322/297
f 695/791/733 291/322/297 290/325/300 293/329/304
f 288/323/298 72/77/69 69/75/67 696/792/734
f 696/792/734 66/71/63 281/316/291 285/315/290
f 696/792/734 285/315/290 284/319/294 288/323/298
f 281/316/291 66/71/63 63/69/61 697/793/735
f 697/793/735 60/65/57 698/794/736 277/311/286
f 697/793/735 277/311/286 276/310/285 281/316/291
f 698/794/736 60/65/57 57/63/55 699/795/737
f 698/794/736 699/795/737 700/796/738 272/306/281
f 698/794/736 272/306/281 271/305/280 277/311/286
f 700/796/738 699/795/737 54/59/51 701/797/739
f 700/796/738 701/797/739 1/1/1 5/4/4
f 700/796/738 5/4/4 267/301/276 272/306/281
f 701/797/739 54/59/51 51/57/49 50/56/48
f 701/797/739 50/56/48 6/5/5 1/1/1
f 699/795/737 57/63/55 55/60/52 54/59/51
f 697/793/735 63/69/61 61/66/58 60/65/57
f 696/792/734 69/75/67 67/72/64 66/71/63
f 695/791/733 75/81/73 73/78/70 72/77/69
f 694/790/732 81/87/79 79/84/76 78/83/75
f 693/789/731 88/93/85 85/90/82 84/89/81
f 692/786/730 95/102/92 92/101/90 91/787/89
f 691/785/729 98/106/96 96/103/93 95/102/92
f 689/783/727 104/112/102 102/109/99 101/108/98
f 688/782/726 111/118/108 108/115/105 107/114/104
f 687/781/725 119/127/117 116/123/113 115/122/112
f 686/780/724 122/130/120 120/128/118 119/127/117
f 684/778/722 124/777/721 123/131/121 122/130/120
f 257/285/263 27/798/22 11/11/11 10/10/10
f 114/121/111 113/120/110 22/126/116 21/139/129
f 50/56/48 47/52/44 46/51/43 6/5/5
f 46/51/43 42/47/39 41/46/38 702/799/740
f 46/51/43 702/799/740 7/6/6 6/5/5
f 703/800/741 41/801/38 37/39/34 36/38/33
f 31/28/27 11/11/11 27/798/22 26/29/21
f 704/802/742 706/803/743 707/804/744 708/805/745
f 704/802/742 709/806/746 710/807/747 706/803/743
f 704/802/742 708/805/745 711/808/748 709/806/746
f 705/809/749 712/810/750 814/811/751 714/812/752
f 705/809/749 809/813/753 712/810/750
f 705/809/749 714/812/752 717/814/754 715/815/755
f 706/803/743 771/561/522 770/564/525 707/804/744
f 770/564/525 769/566/527 718/816/756 707/804/744
f 718/816/756 769/566/527 766/568/529 719/817/757
f 718/816/756 719/817/757 720/818/758 721/819/759
f 718/816/756 721/819/759 708/805/745 707/804/744
f 721/819/759 720/818/758 722/820/760 723/821/761
f 721/819/759 723/821/761 711/808/748 708/805/745
f 723/821/761 722/820/760 724/822/762 717/814/754
f 723/821/761 717/814/754 714/812/752 711/808/748
f 724/822/762 722/820/760 725/823/763 726/824/764
f 724/822/762 726/824/764 727/825/765 728/826/766
f 724/822/762 728/826/766 715/815/755 717/814/754
f 728/826/766 727/825/765 729/827/767 730/828/768
f 728/826/766 730/828/768 716/829/769 715/815/755
f 730/828/768 729/827/767 731/830/770 732/831/771
f 730/828/768 732/831/771 733/832/772 716/829/769
f 733/832/772 808/833/773 809/813/753 716/829/769
f 733/832/772 732/831/771 760/273/251 774/272/250
f 773/834/774 812/835/775 815/836/776 734/837/777
f 735/838/778 813/839/779 772/562/523 710/807/747
f 735/838/778 710/807/747 709/806/746 713/840/780
f 735/838/778 713/840/780 814/811/751 815/836/776
f 760/273/251 732/831/771 731/830/770 761/841/781
f 761/841/781 731/830/770 736/842/782 775/442/414
f 775/442/414 736/842/782 737/843/783 776/440/412
f 776/440/412 737/843/783 738/844/784 762/845/785
f 738/844/784 737/843/783 739/846/786 740/847/787
f 740/847/787 739/846/786 741/848/788 742/849/789
f 742/849/789 741/848/788 743/850/790 744/851/791
f 744/851/791 743/850/790 745/852/792 746/853/793
f 746/853/793 745/852/792 747/854/794 748/855/795
f 748/855/795 747/854/794 749/856/796 750/857/797
f 750/857/797 749/856/796 767/653/609 765/858/798
f 767/653/609 749/856/796 751/859/799 768/654/610
f 768/654/610 751/859/799 752/860/800 759/649/605
f 759/649/605 752/860/800 719/817/757 766/568/529
f 752/860/800 751/859/799 753/861/801 754/862/802
f 752/860/800 754/862/802 720/818/758 719/817/757
f 754/862/802 753/861/801 755/863/803 725/823/763
f 754/862/802 725/823/763 722/820/760 720/818/758
f 755/863/803 753/861/801 747/854/794 745/852/792
f 755/863/803 745/852/792 743/850/790 756/864/804
f 755/863/803 756/864/804 726/824/764 725/823/763
f 756/864/804 743/850/790 741/848/788 757/865/805
f 756/864/804 757/865/805 727/825/765 726/824/764
f 757/865/805 741/848/788 739/846/786 758/866/806
f 757/865/805 758/866/806 729/827/767 727/825/765
f 758/866/806 739/846/786 737/843/783 736/842/782
f 758/866/806 736/842/782 731/830/770 729/827/767
f 753/861/801 751/859/799 749/856/796 747/854/794
f 771/561/522 706/803/743 710/807/747 772/562/523
f 714/812/752 713/840/780 709/806/746 711/808/748
f 810/867/807 733/832/772 774/272/250
f 778/868/808 501/438/410 502/574/535 777/869/809
f 777/869/809 502/574/535 807/576/537 762/845/785
f 785/655/611 768/654/610 759/649/605 784/648/604
f 787/870/810 765/858/798 767/653/609 786/652/608
f 497/565/526 568/643/599 570/645/601 783/567/528
f 783/567/528 570/645/601 572/647/603 784/648/604
f 784/648/604 572/647/603 785/655/611
f 785/655/611 572/647/603 786/652/608
f 786/652/608 572/647/603 573/651/607 787/870/810
f 788/720/670 787/870/810 573/651/607 616/719/669
f 792/443/415 807/576/537 503/578/539 791/444/416
f 791/444/416 503/578/539 504/580/541 790/445/417
f 790/447/417 504/581/541 505/584/543 789/448/418
f 807/576/537 792/443/415 806/441/413
f 800/570/531 577/664/620 578/668/624 799/571/532
f 799/571/532 578/668/624 579/670/626 798/572/533
f 798/572/533 579/670/626 580/672/628 797/573/534
f 797/573/534 580/672/628 581/674/630 796/575/536
f 796/575/536 581/674/630 582/676/632 795/577/538
f 795/577/538 582/676/632 583/678/634 794/579/540
f 794/582/540 583/679/634 584/682/636 793/583/542
f 802/659/615 575/658/614 576/663/619 801/661/617
f 800/570/531 499/569/530 498/662/618 801/661/617
f 802/659/615 574/660/616 765/858/798 803/656/612
f 803/656/612 765/858/798 787/870/810 788/720/670
f 740/847/787 742/849/789 779/436/408 763/439/411
f 738/844/784 740/847/787 763/439/411 778/868/811
f 744/851/791 746/853/793 781/871/812 780/872/813
f 746/853/793 748/855/795 782/873/814 781/871/812
f 748/855/795 750/857/797 764/874/815 782/873/814
f 804/274/252 760/273/251 761/841/781 805/275/253
f 805/275/253 761/841/781 775/442/414 390/277/255
f 806/441/413 776/440/412 762/845/785 807/576/537
f 705/809/749 715/815/755 716/829/769 809/813/753
f 808/833/773 734/837/777 712/810/750 809/813/753
f 249/270/248 247/268/246 250/433/405
f 773/834/774 734/837/777 808/833/773 811/875/816
f 774/272/250 251/271/249 249/270/248 810/867/807
f 811/875/816 250/433/405 773/834/774
f 249/270/248 250/433/405 811/875/816 810/867/807
f 810/867/807 811/875/816 808/833/773 733/832/772
f 773/834/774 250/433/405 387/432/404 812/835/775
f 389/435/407 494/559/520 772/562/523 813/839/779
f 387/432/404 389/435/407 813/839/779 812/835/775
f 814/811/751 713/840/780 714/812/752
f 812/835/775 813/839/779 735/838/778 815/836/776
f 814/811/751 712/810/750 734/837/777 815/836/776
f 622/725/675 621/724/674 627/728/678
f 621/724/674 667/761/707 629/729/679
f 667/761/707 666/760/706 649/742/691
f 666/760/706 665/759/705 679/773/717
f 649/742/691 666/760/706 679/773/717
f 665/759/705 668/762/708 679/773/717
f 668/762/708 670/763/709 679/773/717
f 670/763/709 672/767/711 678/772/716
f 672/767/711 674/769/713 676/771/715
f 678/772/716 672/767/711 676/771/715
f 678/772/716 679/773/717 670/763/709
f 649/742/691 647/741/690 631/730/680
f 647/741/690 645/740/689 631/730/680
f 649/742/691 631/730/680 629/729/679
f 645/740/689 643/739/688 633/731/681
f 643/739/688 642/738/687 635/733/682
f 642/738/687 641/737/686 635/733/682
f 641/737/686 640/736/685 637/734/683
f 640/736/685 639/735/684 637/734/683
f 637/734/683 635/733/682 641/737/686
f 635/733/682 633/731/681 643/739/688
f 633/731/681 631/730/680 645/740/689
f 629/729/679 627/728/678 621/724/674
f 627/728/678 625/727/677 623/726/676
f 622/725/675 627/728/678 623/726/676
f 629/729/679 667/761/707 649/742/691
f 584/682/636 638/681/635 395/450/420
f 9/8/8 8/7/7 262/292/267
f 8/7/7 7/6/6 703/800/741
f 262/292/267 8/7/7 261/293/268
f 7/6/6 702/799/740 703/800/741
f 702/799/740 41/801/38 703/800/741
f 703/800/741 23/30/28 8/7/7
f 23/30/28 24/24/24 8/7/7
f 395/450/420 261/293/268 28/23/23
f 25/20/20 261/293/268 24/24/24
f 639/735/684 585/683/637 637/734/683
f 585/683/637 506/585/544 637/734/683
f 637/734/683 506/585/544 638/681/635
f 506/585/544 395/450/420 638/681/635
f 261/293/268 25/20/20 28/23/23
f 793/583/542 395/450/420 28/23/23
f 8/7/7 24/24/24 261/293/268
f 28/23/23 260/290/266 259/289/265
f 258/288/264 28/23/23 259/289/265
f 258/288/264 394/449/419 28/23/23
f 394/449/419 789/448/418 28/23/23
f 789/448/418 505/584/543 28/23/23
f 505/584/543 793/583/542 28/23/23
f 793/583/542 584/682/636 395/450/420
f 22/126/116 682/775/719 345/390/363
f 118/125/115 121/129/119 123/131/121
f 123/131/121 124/777/721 118/125/115
f 124/777/721 682/775/719 22/126/116
f 682/775/719 681/774/718 341/386/359
f 681/774/718 342/387/360 341/386/359
f 341/386/359 345/390/363 682/775/719
f 345/390/363 347/511/365 348/510/476
f 348/510/476 452/514/479 22/126/116
f 452/514/479 454/516/481 22/126/116
f 454/516/481 455/632/588 212/231/211
f 455/632/588 558/634/590 212/231/211
f 558/634/590 559/635/591 212/231/211
f 559/635/591 459/520/485 350/394/367
f 212/231/211 559/635/591 349/393/366
f 459/520/485 457/518/483 456/517/482
f 456/517/482 352/396/369 459/520/485
f 352/396/369 350/394/367 459/520/485
f 350/394/367 349/393/366 559/635/591
f 212/231/211 210/228/209 454/516/481
f 210/228/209 209/226/208 21/139/129
f 454/516/481 210/228/209 21/139/129
f 209/226/208 208/225/207 21/139/129
f 208/225/207 125/224/206 21/139/129
f 125/224/206 126/133/123 21/139/129
f 126/133/123 127/132/122 21/139/129
f 127/132/122 20/137/127 21/139/129
f 22/126/116 118/125/115 124/777/721
f 21/139/129 22/126/116 454/516/481
f 345/390/363 348/510/476 22/126/116
