# Blender 5.0.1
# www.blender.org
mtllib pants_l.mtl
o Bottoms.001
v 14.121647 10.304299 -154.213943
v 14.343155 10.808035 -154.084946
v 14.273193 10.573820 -153.951355
v 14.147717 10.320106 -153.982620
v 14.015873 9.804240 -153.203751
v 13.904919 9.839202 -153.947311
v 14.051838 10.086926 -153.889771
v 14.110687 10.023403 -153.360229
v 14.258068 10.341650 -153.293854
v 14.295647 10.363039 -153.001144
v 14.085960 9.899878 -152.985107
v 14.496571 10.887879 -153.351318
v 14.490116 10.821281 -153.098160
v 14.381439 10.648021 -153.430023
v 13.839073 10.325435 -155.764435
v 13.798817 10.331633 -155.990356
v 13.976425 10.678454 -155.878754
v 13.917271 10.492084 -155.705475
v 14.098209 10.799140 -155.469620
v 13.662464 9.833694 -155.353195
v 13.774578 10.090989 -155.400726
v 13.834229 10.143128 -155.186890
v 13.764435 9.908230 -154.954025
v 14.138062 10.722453 -155.063675
v 13.861172 10.151416 -153.823761
v 13.731091 9.899710 -153.887329
v 13.836201 9.867551 -153.140793
v 13.921631 10.092164 -153.279205
v 13.940380 9.954334 -152.918457
v 14.158649 10.411082 -152.972321
v 14.090427 10.400819 -153.231979
v 13.965370 10.383204 -153.905334
v 13.595169 9.963291 -154.892044
v 14.346016 10.874320 -153.035721
v 14.323025 10.952754 -153.286697
v 14.201542 10.710783 -153.367249
v 14.096462 10.635339 -153.877884
v 14.178017 10.866523 -154.031082
v 13.678703 10.376512 -155.708221
v 13.769695 10.547522 -155.652481
v 13.817513 10.735782 -155.832733
v 13.635277 10.385176 -155.942459
v 13.935562 10.859786 -155.413528
v 13.497707 9.891359 -155.306091
v 13.620838 10.142033 -155.349304
v 13.670380 10.195923 -155.129013
v 13.829845 10.553042 -155.172134
v 13.962658 10.787987 -154.978989
v 13.757893 10.376079 -155.121994
v 13.905037 10.319198 -155.182190
v 13.965099 10.309737 -154.982193
v 13.871994 9.976477 -155.311340
v 13.929676 9.571789 -155.330582
v 13.934757 9.595600 -155.714142
v 13.877708 10.000587 -155.702332
v 13.709366 10.360219 -155.277603
v 13.713047 10.383965 -155.657471
v 13.750771 9.180015 -155.319168
v 13.756535 9.201789 -155.691940
v 13.457417 10.350452 -155.629349
v 13.456470 10.325637 -155.242294
v 13.759354 9.945559 -155.308517
v 13.699562 9.506384 -155.290009
v 13.666435 10.246752 -155.281937
v 13.765728 9.966716 -155.668839
v 13.666698 10.268409 -155.647705
v 15.935852 3.024922 -201.696381
v 15.747669 3.067558 -201.472855
v 15.510597 6.569122 -201.870911
v 15.817631 6.600275 -201.896347
v 15.733673 6.859824 -200.940384
v 15.941673 6.817774 -200.993103
v 15.839260 6.442343 -202.712540
v 16.006500 2.863157 -202.516708
v 15.334427 2.369795 -205.298126
v 15.619621 2.366511 -205.406006
v 16.300495 2.871978 -202.601807
v 14.621166 1.723057 -207.534531
v 14.779114 1.729195 -207.564957
v 13.648613 1.124210 -209.383606
v 13.839905 4.452248 -209.389130
v 14.691025 4.956233 -207.609222
v 13.514500 4.484364 -209.141983
v 14.427452 4.961620 -207.486877
v 13.108437 4.150187 -211.008636
v 13.246479 4.255171 -210.261215
v 13.294395 4.111588 -211.162094
v 13.475140 0.966059 -209.965637
v 13.222843 0.600998 -211.360596
v 13.687851 4.325909 -209.959320
v 15.233929 5.604236 -205.354782
v 15.589329 5.587820 -205.470749
v 13.436783 1.141187 -209.184784
v 16.196625 6.420124 -202.765656
v 16.236393 6.796848 -200.926895
v 16.214310 6.612565 -201.908386
v 16.244808 7.117908 -199.666611
v 16.505711 7.057184 -199.604309
v 16.453728 3.254844 -200.766586
v 16.454586 3.413188 -199.446564
v 16.104939 3.396928 -199.373352
v 16.316105 3.432689 -199.240356
v 16.320038 7.038070 -199.339523
v 16.117195 7.116951 -199.489014
v 16.345524 3.016340 -201.939957
v 16.131699 3.230756 -200.755554
v 16.236317 3.383653 -199.577026
v 15.902760 3.229143 -200.708817
v 13.413181 4.336172 -209.732208
v 13.310310 4.324039 -209.654129
v 13.016418 1.162836 -209.518570
v 13.261127 0.982834 -209.739044
v 13.036457 4.064045 -211.331024
v 12.768879 4.133192 -211.015625
v 13.027863 4.266822 -210.188110
v 12.822380 0.846093 -210.133362
v 12.711315 0.597416 -211.278244
v 13.019558 0.634584 -211.059326
v 13.109516 0.828864 -210.293045
v 13.014683 0.540952 -211.572922
v -4.726881 23.219347 -205.699600
v -8.058201 24.138845 -205.223541
v -8.025250 23.882406 -204.970352
v -4.824784 23.051329 -205.502670
v -4.910779 22.569410 -206.142960
v -4.864812 22.816896 -206.332962
v -5.091520 22.450846 -207.208679
v -5.292270 22.200258 -207.221542
v -5.275944 22.265444 -207.547867
v -4.584394 23.522150 -205.894638
v -7.297880 25.511904 -202.767761
v -3.817591 25.030228 -203.135529
v -8.032263 24.369890 -205.427612
v -7.199918 25.701622 -202.836533
v -8.319562 23.920416 -205.789459
v -8.524870 23.677095 -207.153442
v -8.644580 23.604294 -206.998398
v -5.093059 22.616068 -207.382599
v -3.298138 26.099113 -200.861267
v -3.371147 25.843447 -200.827332
v -6.639148 26.747887 -200.565414
v -6.728822 26.556726 -200.531036
v -6.518275 26.942965 -199.086655
v -6.426110 27.219419 -199.023102
v -6.324125 27.319410 -197.303940
v -6.371855 26.925198 -197.834198
v -6.474479 27.074356 -197.074600
v -3.278429 26.150757 -199.461243
v -8.732544 23.286592 -207.096817
v -8.513011 23.680058 -205.628159
v -8.679645 23.376686 -207.334305
v -6.424786 26.676153 -197.609940
v -3.257673 26.120758 -197.492340
v -3.193489 26.509569 -196.475204
v -3.175701 26.648779 -195.986679
v -3.130489 26.779453 -196.216324
v -3.186522 26.507549 -197.637955
v -6.308309 27.741215 -195.755997
v -6.340589 27.513500 -195.987625
v -6.424896 27.411446 -195.750031
v -6.352805 27.631134 -195.531265
v -6.490428 26.891710 -197.044266
v -3.191887 26.491154 -199.382385
v 3.191227 -15.965896 -209.624344
v 5.088436 -13.888501 -209.613388
v 3.044130 -15.662586 -209.020981
v 2.805202 -15.837125 -210.155334
v 3.020954 -16.037367 -210.472534
v 2.809940 -16.007406 -211.366745
v 2.642550 -15.756901 -211.286697
v 2.827370 -16.046522 -211.856583
v 3.510410 -16.410589 -210.336594
v 4.443356 -16.556215 -206.567551
v 6.366123 -14.356905 -206.686462
v 4.632824 -16.769171 -206.734406
v 5.326359 -14.143476 -210.031982
v 6.495804 -14.548499 -206.843369
v 4.930857 -13.778720 -210.096375
v 4.826830 -14.049616 -211.514679
v 4.741446 -13.832248 -211.237427
v 3.058800 -16.263771 -211.788254
v 6.934866 -14.632673 -204.278931
v 7.132227 -14.857697 -204.362595
v 7.276875 -14.562307 -202.612762
v 6.989761 -14.486410 -202.990906
v 7.046103 -14.375867 -202.409500
v 5.089304 -16.748001 -204.515305
v 4.545595 -13.682522 -211.270325
v 4.621494 -13.859185 -211.529297
v 5.134230 -16.290268 -202.874039
v 6.798649 -14.244010 -202.545486
v 5.273855 -16.511564 -203.181381
v 5.276899 -16.565708 -202.798203
v 5.086939 -16.376455 -202.504501
v 5.462603 -16.587547 -201.684219
v 5.395042 -16.480083 -201.349884
v 5.606674 -16.640162 -201.347778
v 5.698416 -16.715080 -201.623413
v 5.525238 -16.723764 -202.919067
v 7.589773 -14.547161 -201.572632
v 7.387024 -14.425227 -201.645920
v 7.358292 -14.261044 -201.373581
v 7.542786 -14.414512 -201.328049
v 6.853933 -14.198468 -202.119919
v 5.341063 -16.991491 -204.568176
v -21.981070 -25.619890 -202.689255
v -21.996012 -25.444389 -202.433060
v -18.651831 -25.008776 -203.072632
v -18.626322 -25.261295 -203.123764
v -18.566839 -25.074585 -202.251862
v -18.597279 -25.264296 -202.330841
v -18.601397 -25.329927 -203.868042
v -21.940552 -25.710224 -203.474503
v -21.847559 -25.158392 -205.825241
v -21.835386 -25.393497 -205.982864
v -21.900101 -25.950695 -203.619431
v -22.034061 -24.252712 -207.580338
v -22.022985 -24.401573 -207.653778
v -22.216433 -22.952332 -208.895996
v -19.038786 -22.875813 -209.162476
v -18.942705 -24.030214 -207.838776
v -19.036736 -22.584684 -208.857407
v -18.943956 -23.792215 -207.687393
v -19.009483 -22.029785 -210.506058
v -19.038399 -22.186142 -209.786224
v -19.024527 -22.213972 -210.717682
v -22.265656 -22.704796 -209.398132
v -22.380489 -22.375618 -210.663391
v -19.050369 -22.652987 -209.621323
v -18.785683 -24.807518 -206.052170
v -18.798731 -25.099100 -206.227905
v -22.219452 -22.770519 -208.680801
v -18.612312 -25.633614 -204.019043
v -18.617887 -25.511742 -202.341919
v -18.608021 -25.591494 -203.237457
v -18.570860 -25.368063 -201.193283
v -18.628759 -25.588354 -201.166061
v -21.931990 -25.969034 -201.956619
v -21.969893 -25.769867 -200.744217
v -22.009104 -25.459118 -200.619125
v -21.984318 -25.615349 -200.530258
v -18.699348 -25.407408 -200.894958
v -18.606895 -25.225355 -201.000732
v -21.916218 -25.971525 -203.019867
v -21.964968 -25.692829 -201.888840
v -21.990522 -25.606018 -200.827942
v -21.987843 -25.489096 -201.773529
v -19.062954 -22.403177 -209.346191
v -22.266897 -22.503786 -209.117188
v -19.033318 -21.965780 -210.817795
v -19.014553 -21.716505 -210.406921
v -19.038559 -21.962952 -209.622696
v -22.318771 -22.028242 -209.338547
v -22.372669 -21.874794 -210.446655
v -22.382870 -22.176214 -210.307007
v -22.319765 -22.293354 -209.585678
v -22.391447 -22.158295 -210.823349
v 14.129177 12.516912 -142.206238
v 16.376999 11.883218 -141.762268
v 15.970894 10.623757 -142.360382
v 15.965847 12.832066 -140.294876
v 13.311295 15.712372 -141.970108
v 13.967449 17.714102 -137.369247
v 15.281666 14.389734 -138.872086
v 12.063488 20.167631 -136.446350
v 9.864460 20.943810 -141.139511
v 12.596565 15.505157 -145.209885
v 9.102476 20.407251 -144.361206
v 9.316231 22.470407 -136.339996
v 3.455391 23.464882 -142.906738
v -3.038269 24.545847 -143.099548
v 0.527584 24.939066 -139.436356
v 5.638359 23.196177 -140.178940
v 4.279150 25.222822 -138.300064
v 6.588854 24.156027 -137.048065
v 14.276249 11.107624 -145.516632
v 15.591324 8.128888 -145.292526
v 14.923767 7.060875 -147.543839
v 13.166748 11.093721 -149.862396
v 11.455648 15.157725 -149.343323
v 8.056280 19.916523 -148.515610
v 9.680338 14.314104 -150.747299
v 6.835575 18.102409 -149.984024
v -3.519341 22.127352 -147.710022
v -4.239653 23.804979 -146.633667
v 1.978159 23.437157 -147.575714
v 1.378603 21.466925 -148.858658
v 11.237545 10.335717 -151.261353
v 14.345428 6.329082 -150.173584
v 13.220081 5.738037 -150.525742
v 15.547821 10.247393 -141.966217
v 16.064312 11.570115 -141.338211
v 13.761089 12.228410 -141.971878
v 15.732357 12.440756 -140.074966
v 14.898640 14.119534 -138.660522
v 13.605492 17.387527 -137.269226
v 12.422722 17.165447 -141.657486
v 11.699219 19.784912 -136.408737
v 8.864401 21.360516 -140.851669
v 8.996138 22.058945 -136.308121
v 0.394394 24.465097 -139.271271
v -3.109402 24.050428 -142.961121
v 3.320133 22.998722 -142.839386
v 6.345888 23.734987 -136.914337
v 4.098103 24.854631 -138.001160
v 5.457279 22.752197 -139.984665
v 14.473381 6.848342 -147.374268
v 15.267036 7.793840 -145.079803
v 13.363579 10.474677 -145.307816
v -4.230345 23.356138 -146.307831
v 1.896896 23.012630 -147.242081
v 13.998653 6.186064 -149.846832
v 11.484669 -5.058662 -148.149841
v 7.983398 -4.845726 -149.244781
v 10.413801 -0.497434 -150.393372
v 13.477161 -0.591127 -149.109604
v 7.656885 -9.909070 -147.299088
v 5.100889 -8.360021 -148.595291
v 4.448294 -13.980977 -146.727539
v 3.496838 -11.896928 -148.074722
v 9.249783 -9.751019 -142.389145
v 9.413979 -9.652254 -136.784485
v 7.776545 -11.615432 -138.789780
v 6.701391 -12.854074 -140.579178
v 5.602373 -13.951218 -143.107864
v 12.379883 -5.831554 -143.255905
v 14.664841 -0.043086 -144.413849
v 15.126293 1.489821 -146.563324
v 15.550011 -0.031279 -144.443207
v 13.046692 3.646761 -150.300751
v 14.476189 3.743956 -149.570374
v 11.762005 2.951315 -150.691055
v 15.352417 3.843648 -146.822174
v 16.530350 2.282932 -144.099854
v 15.668087 -1.881386 -142.901077
v 14.561626 -1.742439 -142.872604
v 11.766705 -7.601309 -136.093109
v 14.604126 -4.853539 -136.957443
v 14.627037 -3.267085 -140.566177
v 15.359379 -3.381200 -140.338928
v 15.871998 -2.530187 -138.404587
v 17.222332 0.499618 -141.401413
v 4.095985 -13.599664 -146.344879
v 3.166748 -11.689693 -147.569672
v 7.278353 -11.207492 -138.659134
v 8.913658 -9.202645 -136.691437
v 6.237259 -12.441437 -140.450348
v 5.169491 -13.537819 -142.970688
v 14.288490 0.277987 -144.036789
v 15.194141 0.250233 -144.056641
v 14.507526 1.593548 -146.313339
v 12.916599 -0.457822 -148.639236
v 13.940102 3.798191 -149.105560
v 14.718746 3.832909 -146.593857
v 15.926620 2.364202 -143.850494
v 14.199257 -1.402334 -142.487747
v 15.326530 -1.531681 -142.555847
v 11.262333 -7.183036 -135.960190
v 14.074539 -4.490125 -136.837662
v 14.240948 -2.871193 -140.325378
v 14.938938 -2.974151 -140.089615
v 15.248245 -2.292288 -138.370010
v 16.601547 0.663621 -141.255325
v -14.424158 15.262010 -143.474777
v -10.061187 19.226135 -144.070572
v -10.918813 20.340883 -148.482468
v -17.183838 15.846061 -148.303757
v -15.280781 8.369644 -119.144524
v -13.042696 12.135779 -114.575737
v -13.815975 12.394344 -119.453285
v -10.578207 16.148863 -116.821625
v -11.088889 16.211323 -119.734024
v -16.180687 4.322598 -113.184494
v -14.984881 8.281223 -113.290817
v -16.862572 3.858688 -119.038071
v -16.219147 8.277211 -125.146461
v -16.697424 8.267399 -131.908783
v -17.757830 2.973921 -132.199371
v -17.488989 3.516236 -125.165352
v -17.705074 -2.258132 -131.400543
v -17.906036 -2.058753 -124.382889
v -14.344652 12.645500 -125.513153
v -11.519254 15.981824 -125.976036
v -14.347836 11.556552 -132.139191
v -11.963883 15.631295 -132.631042
v -10.031735 16.026730 -114.235939
v -12.538288 12.114099 -107.733536
v -9.788693 16.692648 -108.543709
v -14.148303 7.825803 -107.495224
v -11.198683 11.021604 -102.984009
v -13.090414 7.246807 -102.606041
v -9.221580 16.100439 -103.376381
v -10.484562 9.943045 -97.560448
v -8.685951 14.878353 -98.105301
v -12.232189 6.689434 -97.453354
v -15.405640 4.387633 -107.259102
v -14.812421 3.984885 -102.387642
v 16.230515 6.135324 -99.211494
v 14.061768 9.785577 -99.682480
v 15.027084 9.368218 -94.349388
v 16.680092 5.934414 -94.058678
v 12.138412 14.207334 -93.781792
v 15.119434 9.310982 -93.812408
v 12.042362 14.264870 -94.348007
v 18.378727 -6.786667 -99.904472
v 19.091949 -1.633909 -101.139252
v 20.218433 -3.033885 -93.474037
v 19.444958 -7.499168 -92.963959
v 13.362083 13.424205 -133.561676
v 14.895912 7.999124 -134.453644
v 13.991188 8.475755 -140.201614
v 13.535679 14.244746 -139.322662
v 13.841137 13.161639 -127.131920
v 15.602055 7.739450 -127.578835
v 13.735054 9.784043 -146.223526
v 12.202850 14.756470 -145.991089
v 7.568113 20.467625 -156.487488
v 7.597952 20.719118 -160.675842
v 1.013582 24.208872 -159.296188
v 1.022686 23.951992 -155.518524
v 7.774891 20.151981 -152.241714
v 1.212549 23.550089 -151.324036
v 1.073948 24.348709 -163.090942
v 7.921028 20.950359 -165.386398
v 1.281525 24.654440 -167.388458
v 8.305944 21.226685 -170.313690
v -4.736335 23.844080 -158.181519
v -4.913777 24.339596 -154.818069
v -10.578624 23.015442 -157.106293
v -10.870348 21.629610 -152.930222
v -4.871573 24.229750 -150.285507
v -10.115964 24.482161 -161.421387
v -4.465590 25.179228 -161.970337
v -4.123230 25.846210 -166.237015
v -9.675553 26.099747 -166.085983
v -3.669485 26.808348 -171.361267
v -3.478172 27.231869 -176.820557
v -8.934763 28.254440 -176.428177
v -9.235471 27.340937 -171.037201
v 1.663536 25.063730 -172.561905
v 1.852737 25.374527 -178.067871
v -8.956413 28.166912 -182.187180
v -8.730050 28.512609 -188.046555
v -13.133232 29.026920 -188.311295
v -13.421200 28.710611 -182.381165
v -13.816971 27.604557 -176.491180
v -3.544159 27.189192 -182.414413
v 1.791611 25.534355 -183.612366
v -3.538157 27.307148 -188.094833
v 1.638277 25.500814 -189.050568
v -14.202770 26.614128 -171.001556
v -14.552079 25.419479 -166.235931
v 8.637205 21.587120 -175.585388
v 8.767920 21.901608 -180.999344
v 12.799831 17.737080 -177.471573
v 12.815552 18.331451 -182.909515
v 12.251980 16.861172 -172.297470
v 11.517973 16.168859 -162.370880
v 11.837879 16.469692 -167.253159
v -15.555218 18.735113 -153.156937
v -15.446983 21.922087 -157.299805
v -14.770565 23.803885 -161.943344
v 11.446287 15.412553 -153.638290
v 11.395386 15.820552 -157.771713
v 12.973728 11.163417 -154.677292
v 13.234818 11.843017 -159.199387
v 14.492069 7.420007 -155.691147
v 14.367558 7.787385 -159.792618
v 13.108120 12.158036 -163.364990
v 14.795647 8.391987 -164.136459
v 14.817223 5.211310 -159.797363
v 14.411903 4.624126 -155.652878
v 13.526802 -0.052081 -158.634811
v 12.448475 -0.224145 -154.242630
v 13.898651 0.424769 -163.137253
v 15.150902 5.735362 -164.299164
v 11.206499 -4.248371 -160.568527
v 11.694145 -4.652004 -155.609222
v 11.343760 -5.064182 -152.337372
v 12.993187 -0.466055 -150.021912
v 10.793201 -5.010587 -147.998444
v 13.575153 -0.678872 -146.580383
v 11.035883 -5.466649 -145.038361
v 14.336388 4.550666 -151.177429
v 13.852459 12.876290 -168.179184
v 14.175678 13.318893 -173.070068
v 14.969486 8.871325 -168.652756
v 15.629799 9.461880 -173.523026
v 14.395779 0.922295 -167.939026
v 15.483379 6.059700 -168.942703
v 12.957108 10.901232 -150.041702
v 11.379322 14.817676 -148.940018
v 14.047405 6.910439 -150.882812
v -16.539568 11.443250 -138.659760
v -12.700720 15.727721 -139.037354
v -18.215845 8.608575 -138.283905
v -18.531542 3.154783 -138.333847
v -18.250542 -2.237003 -138.028320
v -19.096394 3.593247 -142.217010
v -18.970272 8.526028 -142.335281
v -19.648962 4.490236 -144.897766
v -19.096458 8.559522 -145.979401
v -19.116240 -1.626573 -143.897156
v -18.527987 -1.982569 -142.132095
v -19.087250 12.205034 -146.355927
v -18.101347 11.983744 -142.588181
v -21.102413 1.001840 -143.328156
v -19.825514 -0.792663 -144.536194
v -20.362961 6.076292 -146.166809
v -21.703882 7.287611 -145.359024
v -20.523821 -2.099962 -145.773819
v -18.906363 -3.728323 -145.275146
v -18.436275 -4.697731 -143.933441
v -19.716761 -5.713940 -148.342712
v -17.799021 -6.090967 -148.476852
v -15.013266 -9.250781 -138.964554
v -17.472099 -5.708871 -138.127625
v -18.114172 -5.353290 -141.526062
v -15.374727 -8.821062 -143.137955
v -16.004709 -8.003445 -146.445358
v -13.258312 -12.878712 -144.591766
v -13.701557 -12.512344 -149.644684
v -12.738453 -12.863734 -139.684555
v -8.931381 -15.771921 -145.881134
v -11.573519 -14.325880 -150.310532
v -8.130367 -14.324198 -150.170349
v -3.872089 -14.723163 -145.789871
v -3.631475 -14.267102 -149.408295
v -4.162111 -16.823584 -141.935883
v -8.932999 -15.969872 -140.953171
v -11.515284 -14.956863 -145.467255
v -7.347783 -14.315648 -154.568741
v -1.764944 -15.611550 -153.926605
v -11.807911 -13.451000 -155.021393
v -10.164602 -12.215938 -159.244370
v -6.132839 -12.447934 -158.598419
v -2.181665 -13.229769 -158.571228
v -17.021965 -5.632033 -131.615463
v -17.339710 -5.281768 -124.747009
v -13.595366 -9.777805 -101.616516
v -11.302267 -12.983463 -101.438194
v -9.987962 -13.211944 -96.295547
v -11.914762 -9.999415 -96.638657
v -10.773499 -10.378377 -91.420387
v -9.209787 -13.540697 -91.055817
v -9.179259 -13.573258 -90.524345
v -10.701530 -10.418725 -90.895355
v -12.466075 -12.573951 -106.176506
v -15.114147 -9.472507 -106.213684
v -16.229300 -8.888937 -112.043053
v -14.503553 -12.409218 -111.757622
v -15.537404 -9.440455 -131.787964
v -16.201862 -8.827088 -124.586418
v -9.704289 -15.371160 -126.604607
v -13.833982 -12.730981 -125.237961
v -12.691652 -12.672797 -132.439087
v -9.061263 -15.718700 -133.719742
v -5.200171 -17.651550 -128.469818
v -4.446294 -17.323257 -135.345886
v -5.938585 -17.990000 -120.696289
v -10.867720 -15.813121 -119.085518
v -0.235579 -15.811647 -129.958755
v -0.128443 -15.684680 -136.481567
v 3.939827 -13.577126 -131.490829
v 4.096283 -13.446288 -137.891281
v -0.437033 -17.520319 -121.976913
v 6.739733 -12.578726 -139.132690
v 11.088942 -6.481630 -140.051971
v 11.604355 -7.509260 -134.256714
v 6.527874 -12.570862 -133.009567
v 4.211866 -13.512088 -143.099808
v 6.878105 -11.291352 -144.033768
v 0.170607 -15.860751 -142.017502
v 10.623713 -17.456470 -97.011421
v 15.679165 -12.440732 -98.528870
v 17.085232 -13.839668 -92.420952
v 11.747761 -18.820486 -91.617821
v 10.159792 -17.259827 -103.369186
v 7.488514 -18.075766 -102.546310
v 6.696381 -17.795504 -107.740654
v 9.820873 -17.287918 -109.648209
v -0.350166 -16.854393 -112.302017
v -5.491470 -16.682917 -112.719818
v -5.894618 -18.007580 -117.239517
v -0.607149 -18.111416 -117.639732
v 0.176697 -16.801384 -108.129570
v 6.306707 -17.457018 -110.184303
v 15.471142 -12.442844 -103.607773
v -8.368333 -16.171761 -101.083069
v -7.588438 -16.304480 -95.942535
v -6.973619 -16.574711 -90.599274
v -6.947735 -16.599863 -90.044182
v -4.392066 -19.131399 -95.949020
v -3.974266 -19.478170 -90.590820
v 13.953316 -1.121448 -202.623383
v 12.625481 -2.643952 -208.785767
v 13.332348 0.604671 -208.731812
v 14.795506 2.045202 -202.559952
v 13.226212 4.369629 -208.473740
v 15.178951 6.323489 -202.624756
v 11.696058 -6.284420 -202.634888
v 10.039833 -7.204514 -208.720886
v -6.921208 -21.961500 -203.083374
v -7.888261 -20.741768 -208.891937
v -3.690861 -19.789877 -209.261322
v -2.682430 -20.315798 -203.128906
v -10.897521 -23.269583 -202.890350
v -12.020941 -21.662539 -208.710037
v 1.715897 -18.383999 -203.377213
v 0.320627 -18.010775 -209.459686
v 3.695564 -15.323732 -209.420822
v 5.358173 -15.527804 -203.556610
v 8.464062 -11.797772 -203.198715
v 6.569021 -12.010895 -209.089706
v 3.453667 -19.484015 -198.972672
v -1.254562 -21.948330 -198.628662
v 7.387838 -15.807985 -199.048691
v 9.300266 -16.148813 -193.932129
v 4.964659 -19.828785 -194.030762
v -0.155029 -22.250237 -193.541840
v 13.756523 -6.064888 -197.587723
v 10.619934 -11.948699 -198.436050
v 15.408237 -5.868806 -192.263702
v 12.268913 -12.032476 -193.138153
v -5.933527 -23.547432 -198.443100
v -5.243703 -23.830992 -193.087769
v -10.208590 -24.518555 -193.013245
v -10.500317 -24.513485 -198.201218
v -14.243656 -22.866310 -187.010315
v -9.844519 -23.258919 -187.091644
v -9.555212 -21.394604 -180.870300
v -13.902268 -20.329218 -181.199463
v -19.509647 -23.158880 -186.629593
v -18.908281 -20.774178 -180.695724
v -20.467680 -24.786516 -192.515991
v -14.670736 -24.582052 -192.837143
v -4.622978 -21.544678 -181.424149
v -4.777036 -23.330675 -187.726120
v 0.602226 -22.093084 -188.221207
v 0.786976 -20.895533 -182.083801
v -21.554787 -25.259485 -202.825470
v -15.213678 -24.561100 -203.174957
v -15.044161 -24.879047 -198.033905
v -21.300468 -25.393517 -197.797348
v -16.162064 -22.742912 -208.703079
v -22.308136 -23.361340 -208.437439
v 8.075106 20.591412 -201.545380
v 6.901867 18.433771 -207.769379
v 0.015942 21.703028 -206.105164
v 1.169575 23.678795 -200.136276
v 8.566128 21.987860 -191.416183
v 8.396893 21.649111 -196.335007
v 1.530018 25.189054 -194.568909
v 8.647787 21.957312 -186.303574
v 12.633575 18.871420 -187.843277
v -3.415129 27.144312 -193.957809
v -3.781778 25.126427 -199.323471
v -8.750237 26.154051 -198.635376
v -8.543097 28.231133 -193.761963
v -12.969567 26.932312 -198.079834
v -12.864717 28.856339 -193.611252
v -13.211956 24.914368 -203.741379
v -9.361975 24.391788 -204.282898
v -4.744641 23.018293 -205.066055
v 0.211050 -18.651369 -175.927277
v -4.797057 -19.013380 -175.357681
v -0.627520 -16.296612 -169.657547
v -5.229210 -16.213011 -169.423294
v -9.391542 -17.865160 -175.319061
v -9.237614 -14.153750 -169.666840
v 5.145994 -17.251049 -176.249298
v 9.608023 -14.915506 -176.630646
v 7.988850 -13.234092 -170.366302
v 3.897194 -15.167869 -169.920837
v 6.001129 -18.901062 -182.406296
v 10.437326 -15.793645 -182.517532
v 9.475414 -9.300387 -164.780746
v 6.882629 -13.349065 -165.152863
v 11.018183 -10.227637 -170.922333
v 12.361519 -4.380663 -165.880249
v 14.146118 -4.816096 -171.981644
v 7.722124 -8.250563 -159.302414
v 5.903639 -11.916959 -159.341934
v 16.681084 1.349121 -178.256470
v 15.396233 -5.163471 -177.588501
v 16.411270 -5.719229 -182.776138
v 17.054298 1.236175 -183.063675
v 16.096123 -5.665046 -188.020386
v 17.252384 0.919450 -188.068085
v 15.609100 0.001252 -197.534897
v 17.116409 7.067681 -188.722931
v 17.423409 6.859742 -183.696930
v 13.860271 -12.129183 -182.655106
v 10.426580 -16.238430 -188.864273
v 13.637733 -12.364602 -188.444839
v 12.732418 -11.383439 -177.033813
v 5.793558 -19.350637 -188.729263
v 2.755606 -14.411761 -158.280930
v 1.234142 -14.154447 -153.957138
v 4.119440 -11.883324 -150.606812
v 0.701006 -14.816284 -150.842407
v 4.509516 -11.167697 -154.574829
v 1.362677 -14.747387 -148.732697
v 0.152178 -14.679142 -146.616745
v 4.527479 -12.879465 -149.375366
v 3.776659 -12.621800 -146.855972
v 6.811829 -9.408253 -146.952957
v 7.999292 -9.803874 -151.158844
v 7.008968 -8.185989 -154.812103
v -1.400244 -14.377814 -163.828766
v 3.022182 -14.151400 -164.070007
v -5.649067 -13.861359 -163.645752
v -9.374744 -11.913899 -163.925293
v 14.782207 -1.315041 -141.086746
v -11.146100 6.309263 -92.277573
v -9.693617 9.332965 -92.362457
v 15.327774 14.046561 -178.410370
v 20.212994 -3.252951 -92.305145
v 19.429073 -7.606974 -91.827370
v 19.534908 -7.580708 -92.296059
v 20.306324 -3.186051 -92.736359
v 19.528225 1.408969 -92.826424
v 19.559189 1.455271 -93.192528
v 16.891224 -2.290242 -98.504112
v 19.759712 -3.249658 -91.997917
v 19.136375 1.319636 -92.568695
v 16.098034 1.815384 -99.062668
v 17.103848 3.901834 -93.233864
v 17.018276 3.801864 -92.795563
v 16.719109 5.900491 -93.546898
v 14.983700 9.190648 -93.241394
v 16.549385 5.759132 -92.992043
v -10.405322 -9.356075 -96.048599
v -8.594163 -12.221409 -95.694313
v -9.045825 -11.145589 -100.368675
v -11.266491 -8.655049 -100.943024
v -11.660877 -5.971023 -96.265839
v -12.468841 -5.609806 -100.948570
v -3.655733 -16.660906 -95.547829
v -6.307152 -14.634751 -95.303391
v -6.522346 -16.232542 -89.528526
v -3.743666 -19.152950 -89.442390
v -8.618535 -13.289145 -90.001022
v 4.870737 -17.584995 -95.896690
v 0.286543 -17.677021 -95.640266
v 0.575041 -20.515503 -89.755692
v 6.037910 -20.278856 -90.053391
v 7.854752 -14.578886 -101.373665
v 3.953419 -15.603146 -100.472687
v 9.551237 -16.342220 -96.247978
v 14.229465 -12.047453 -97.790192
v 12.689205 -11.072711 -102.554871
v 0.011726 -15.836189 -100.090187
v -3.617838 -14.873384 -99.864510
v -6.398503 -13.190115 -99.782265
v 15.108372 -5.892123 -102.093994
v 16.594860 -6.415596 -98.210114
v 19.003433 -7.527054 -91.549896
v 16.858570 -13.776856 -91.069336
v 15.208305 -2.052888 -102.226967
v 14.280640 1.806007 -102.859909
v 14.470016 5.710255 -99.471588
v 12.705742 5.473168 -103.570854
v 12.672817 9.336810 -100.095757
v 10.849779 8.886218 -104.293106
v 17.183056 -13.981648 -91.377663
v 17.219131 -13.982509 -91.859795
v 11.644030 -18.665499 -90.444313
v 6.156746 -20.537104 -90.289436
v 6.157122 -20.510347 -90.727654
v 11.846096 -18.956255 -91.113014
v 11.847816 -18.942198 -90.621170
v 0.588972 -20.776022 -89.852554
v -3.883757 -19.459335 -89.588531
v -3.949017 -19.507246 -90.065353
v 0.571581 -20.832897 -90.383766
v -6.791295 -16.520279 -89.590530
v -8.953070 -13.511356 -90.018707
v -9.946702 -10.218840 -90.376999
v -10.741588 -6.657804 -90.485191
v -12.480471 -2.817242 -91.844414
v -13.845037 0.718022 -93.384949
v -13.519720 0.555821 -96.654877
v -12.785248 3.484680 -96.913734
v -12.661810 3.623138 -92.334602
v -11.298865 6.340660 -96.886101
v -10.458639 6.094495 -91.900902
v -10.101209 9.660801 -98.412582
v -9.053326 9.086304 -91.970718
v -8.546012 12.968407 -98.798981
v -7.737787 12.244095 -92.103096
v -9.629258 9.263629 -91.812782
v -11.045649 6.258398 -91.752487
v -10.669259 6.143228 -91.529945
v -9.359481 9.147016 -91.557465
v -6.443217 14.833076 -92.527412
v -5.243187 17.166674 -99.190910
v -4.277628 16.690546 -92.395523
v -10.265008 9.734149 -102.532478
v -9.002345 13.101196 -103.010445
v -11.416442 6.371471 -102.270340
v -12.476812 3.307387 -102.089653
v -12.879087 1.336993 -101.730499
v -10.365982 -10.365602 -90.400894
v -5.668709 16.971621 -103.751602
v -1.071058 18.937159 -104.264160
v -0.411814 19.624407 -99.639114
v 4.665693 18.748114 -100.463493
v 3.434509 17.818130 -105.019585
v 8.077095 13.483292 -105.154144
v 9.815989 14.011685 -100.605659
v 11.842365 13.849470 -93.137703
v 14.613285 9.032090 -93.135361
v 9.548910 16.720570 -93.131958
v 3.994177 19.315504 -92.722427
v 0.996105 19.180475 -92.594482
v 12.090248 14.014918 -93.116951
v -19.573551 1.798969 -198.854492
v -22.292850 -22.709238 -201.821701
v -11.665015 -20.598484 -202.195282
v -15.498756 -22.150917 -202.231339
v -7.847983 -19.511890 -202.510300
v -3.968653 -18.225988 -202.652557
v -0.035603 -16.394997 -202.930206
v 3.240515 -13.775571 -203.106232
v 5.946991 -10.454578 -203.004852
v 8.927483 -5.491025 -202.776581
v 11.538485 6.816158 -203.138397
v 11.580404 2.766353 -203.019836
v 10.931217 -0.818316 -202.861359
v 11.076719 10.390035 -203.207932
v 10.259144 13.245073 -203.154175
v 8.698862 16.615479 -203.118500
v -0.516781 21.497995 -201.465393
v 5.925631 18.886717 -202.583084
v 11.973499 9.085152 -208.349762
v 12.499187 4.962906 -208.382523
v 10.936260 12.181959 -208.368408
v 6.116030 17.724461 -207.177933
v 8.367489 15.556270 -207.896179
v 12.365952 1.104640 -208.361496
v 11.530752 -2.277360 -208.279877
v 11.191080 -2.957963 -211.436417
v 9.125334 -7.326108 -211.606384
v 9.351635 -6.706598 -208.275055
v 9.128643 -7.363020 -211.648026
v 11.409597 -3.084750 -211.532898
v 3.252296 -14.484000 -208.643631
v 6.021322 -11.305485 -208.458038
v 5.744585 -11.870593 -211.899002
v 5.741087 -11.924762 -211.961914
v 2.891012 -15.105170 -212.262772
v 2.709702 -14.843990 -212.139633
v 12.257248 0.200313 -211.507217
v 11.984909 0.254807 -211.455017
v 12.130367 3.989300 -211.286240
v 12.313850 3.955518 -211.341858
v -7.979532 -19.656557 -208.083237
v -3.863657 -18.739740 -208.416336
v -12.069387 -20.491350 -207.675064
v 0.011196 -17.062784 -208.613068
v -12.513834 -20.153612 -211.156586
v -8.316662 -19.530592 -211.407120
v -4.344054 -18.791948 -211.845474
v -8.381934 -19.675993 -211.520218
v -4.231199 -19.080870 -212.000122
v -12.568922 -20.283236 -211.276413
v -16.522732 -20.585562 -210.659103
v -16.273291 -21.202785 -207.282578
v -16.544971 -20.864546 -210.830627
v -22.276161 -21.342806 -210.504471
v -22.271803 -21.036667 -210.329590
v -22.227345 -21.720728 -206.906662
v -0.489195 -17.371552 -212.206757
v -0.322376 -17.638128 -212.385056
v -13.559233 24.439388 -199.287308
v -9.742908 23.925541 -199.868530
v -17.430977 24.784975 -198.700150
v -20.993206 24.881624 -198.367371
v -13.472034 23.784967 -203.448837
v -9.796089 23.316086 -203.932800
v -5.079746 22.807106 -200.633926
v -5.265023 21.919106 -204.613083
v -0.730228 20.455797 -205.515961
v -5.561708 21.486626 -207.393753
v -1.021418 20.064625 -208.320984
v -9.859376 22.778135 -206.947296
v -5.402393 21.802288 -207.497543
v -9.727856 23.124426 -207.051224
v -0.746761 20.531034 -208.489929
v 5.877939 17.026005 -210.145584
v 6.017790 17.331932 -210.184830
v 8.250790 14.878546 -210.720947
v 11.722725 7.983069 -211.031754
v 10.536140 11.491043 -211.038635
v 12.026108 8.042015 -211.134506
v 13.125820 8.616879 -208.738876
v -13.429153 23.219267 -206.636154
v -13.355892 23.572771 -206.726044
v -17.391827 23.882488 -203.092209
v -21.186501 23.792271 -202.688293
v -21.462666 23.235121 -205.997116
v -17.373005 23.338346 -206.511246
v 16.258724 5.796000 -93.003006
v 16.744354 3.754061 -92.643044
v -21.862539 10.808021 -146.421417
v 10.710073 11.594601 -211.079056
v 8.637325 15.163392 -210.866608
v -17.330856 23.709291 -206.623978
v -17.271301 24.900167 -203.391754
v -17.157339 27.668659 -197.668030
v -20.591076 28.209908 -197.621307
v -20.837620 25.347155 -203.195023
v -17.095650 29.685106 -193.336029
v -20.678181 29.800852 -193.282516
v -17.276554 29.899401 -188.286301
v -20.771669 29.336588 -188.201279
v -17.799997 28.588831 -182.453400
v -21.425650 27.663212 -182.370132
v -18.320992 26.848421 -176.494995
v -22.016882 25.681330 -176.543030
v -18.834913 25.461302 -170.989090
v -22.672943 24.202984 -170.813354
v -19.084105 23.989246 -166.382309
v -22.596306 23.767839 -166.350876
v -19.132244 22.541182 -162.500778
v -22.583370 22.903688 -162.321671
v -19.330833 20.662197 -158.234451
v -22.333244 20.872175 -158.539398
v -19.410870 17.248669 -154.612808
v -21.810492 17.903114 -154.868912
v -19.707653 14.866408 -151.551468
v -21.541111 15.155420 -151.729736
v -22.349091 14.254347 -148.331558
v -20.103392 12.102417 -149.573166
v -20.459097 9.090748 -148.293976
v -21.441559 13.106812 -149.144760
v -21.234209 23.815744 -206.126877
v -11.418365 -6.794034 -90.951347
v -11.151784 -6.768437 -90.560501
v -12.764465 -6.224968 -96.800949
v -11.514282 -6.739862 -91.483833
v -13.186010 -3.105126 -91.924492
v -13.873698 -2.664410 -97.151649
v -14.436422 -6.135325 -101.787682
v -14.501053 -2.546453 -101.595169
v -14.949644 0.461114 -97.016846
v -15.260626 0.796482 -102.227875
v -16.190855 0.968701 -106.613312
v -15.962552 -5.827418 -106.473625
v -15.978771 -2.245211 -106.854210
v -17.448374 -5.323417 -112.271957
v -17.047878 -0.020954 -112.746971
v -17.777325 -5.118903 -118.317276
v -16.342369 -8.704168 -118.397324
v -17.863794 -1.747917 -118.519974
v -17.233046 -1.840444 -112.159973
v -14.856403 0.483838 -92.175026
v -14.856611 0.493424 -92.621513
v -13.128691 -3.157890 -91.405693
v -13.062981 3.656026 -91.957954
v -13.402493 3.734931 -92.271622
v -14.525402 0.495426 -91.965599
v -14.099390 2.175688 -92.050911
v -14.447252 2.237633 -92.305634
v -12.768264 -3.033183 -91.056190
v -14.130110 3.712668 -97.380493
v -13.462455 3.743891 -92.736145
v -14.417185 2.379891 -92.757469
v -8.411457 12.994742 -92.317810
v -8.011760 12.239147 -91.519623
v -8.402546 12.798155 -91.736435
v -6.500340 14.721949 -91.581612
v -6.741337 15.027657 -91.829788
v -2.031977 18.198051 -92.594421
v -6.592090 15.281931 -92.431900
v -4.588342 16.909977 -91.973557
v -4.631533 16.990814 -92.576057
v -4.401685 16.754686 -91.846024
v 11.107298 14.746167 -100.068489
v 10.001215 16.888100 -93.924530
v 9.822634 16.821430 -92.925987
v 6.910387 19.026903 -92.605461
v 6.763483 18.655201 -92.970818
v 9.870634 17.081217 -93.304535
v 4.009537 19.571873 -92.379768
v 4.027866 19.949558 -92.639542
v 0.914728 19.623133 -92.490402
v 0.976133 19.372355 -92.154686
v -2.203836 18.562225 -92.233582
v 0.840464 19.652147 -93.040642
v -1.988117 18.699934 -92.839043
v -2.131371 18.336082 -92.132202
v 5.590233 19.392502 -99.639214
v 0.025415 19.932442 -98.903618
v 3.684566 19.939915 -93.218094
v 6.825491 19.350195 -93.338486
v 6.955835 19.336702 -92.748032
v 16.293926 11.517088 -193.684647
v 16.966373 7.398477 -193.631866
v 16.111248 7.090907 -198.143158
v 15.397228 11.548758 -198.232468
v 16.041443 3.383928 -197.577438
v 14.086605 6.756985 -146.734360
v 14.402523 2.921027 -146.982132
v 14.258457 4.662575 -146.778824
v 13.945484 6.272017 -140.543839
v 15.515594 2.562629 -141.088333
v 14.399471 4.558382 -140.656326
v 14.439526 5.611143 -134.403229
v 14.355446 4.344743 -134.538666
v 18.147652 1.956690 -98.909637
v 19.445656 1.513036 -93.697456
v 17.203850 3.734751 -93.742706
v 9.529240 -16.508503 -113.611267
v 6.123613 -17.470755 -112.928116
v 3.246567 -17.522526 -114.866737
v 7.137228 -12.752481 -121.605766
v 8.419889 -14.742128 -117.498741
v 5.736671 -16.769894 -115.872772
v 4.328842 -13.809744 -124.338165
v 6.694382 -12.343536 -125.383774
v -15.233362 -12.818458 -117.823715
v -12.713713 -15.643961 -112.178497
v -9.943719 -16.133181 -105.206932
v -4.157562 -16.312349 -108.865089
v -4.209888 -19.142473 -101.932510
v -7.410909 -17.783991 -105.759781
v 0.616917 -18.524126 -101.242111
v 0.593506 -19.848705 -96.224014
v 0.585173 -20.746670 -90.889908
v 5.830076 -19.366125 -96.782158
v 6.137489 -20.406582 -91.248352
v 0.602739 -19.948282 -98.558411
v 10.363411 -7.028193 -126.128197
v 11.907539 -8.518250 -121.730591
v 15.179619 -1.947211 -135.462906
v 16.560162 -2.655437 -128.306595
v 16.755814 1.948306 -135.283508
v 15.249138 -2.192901 -130.608521
v 18.213779 1.316064 -128.679382
v 10.190163 15.198506 -106.994888
v 4.594877 19.638889 -106.384132
v -0.701546 20.677994 -105.257767
v -6.645452 19.342047 -109.081352
v -7.225983 19.012384 -115.240723
v -3.694939 20.747234 -109.667419
v -4.608904 20.792728 -115.621017
v -7.861463 19.015450 -120.578545
v -7.437233 19.027964 -116.741661
v -4.877035 20.720787 -121.292770
v -2.309402 22.086447 -116.262245
v -1.958990 21.984814 -122.316368
v -8.289125 18.927147 -126.723412
v -5.009404 20.639685 -127.346298
v -1.971739 22.366945 -128.073914
v -8.553301 18.755558 -133.062546
v -4.966539 20.937777 -134.242264
v -9.382475 19.303963 -139.649902
v -4.919171 22.006908 -140.279251
v -0.783627 23.952845 -140.839203
v -4.206133 23.125074 -145.196854
v -6.001929 18.611341 -104.161041
v -5.199237 17.730381 -98.529869
v -0.945240 20.893335 -107.423363
v -1.300623 23.171764 -135.482956
v 4.098223 22.846790 -129.930481
v 10.887955 18.291952 -132.168427
v 10.801962 17.657757 -126.009758
v 3.894426 21.065458 -123.378212
v 7.939880 20.705786 -124.567078
v 7.249123 20.698214 -130.896240
v 3.111431 21.946964 -135.549423
v 10.645792 19.472628 -138.289215
v 7.115639 21.837856 -137.320297
v 2.375498 22.848415 -142.816269
v 9.471041 19.524134 -144.839111
v 7.922058 19.570143 -147.743423
v 1.721304 22.571642 -146.291946
v 6.060472 21.586658 -144.206253
v 0.563459 21.784731 -109.701447
v -1.526056 22.672615 -111.946945
v 4.302074 20.234823 -107.767418
v 4.185781 20.963266 -117.673439
v 4.134014 20.520851 -112.964729
v 11.214956 17.849367 -119.618889
v 10.602821 15.853783 -108.319138
v 11.282801 17.148333 -114.106384
v 14.302982 12.712699 -120.606186
v 14.311100 11.513373 -108.823746
v 14.928215 12.694830 -114.553864
v 15.844414 7.581290 -120.760742
v 16.510296 7.232165 -113.494522
v 14.748314 5.141812 -127.781548
v 15.623753 5.460484 -120.279076
v 14.946922 4.902506 -120.108658
v 16.158592 5.973725 -112.548744
v 14.791695 5.499694 -112.189850
v 16.251728 8.443287 -110.947083
v 13.782845 10.424671 -107.319633
v 15.514355 7.097852 -109.204155
v 15.637543 6.531390 -105.326202
v 15.025227 6.961381 -108.826424
v 18.926117 0.920411 -121.156075
v 17.918156 -4.266761 -120.546043
v 15.228451 3.206655 -120.269691
v 16.049030 3.032964 -112.210060
v 19.788975 0.667421 -113.130333
v 15.888916 3.140633 -120.517799
v 17.003487 2.803325 -112.460228
v 16.942280 2.374531 -105.239792
v 17.391121 1.953937 -103.058701
v 20.524391 -0.273572 -107.459816
v 17.574913 2.261590 -105.705109
v 14.821983 3.699706 -127.779434
v 16.236794 6.577960 -173.835129
v 15.620567 1.136931 -173.079926
v 15.809101 14.349165 -183.681259
v 12.076984 19.123730 -192.790115
v 11.868252 18.894236 -197.532516
v 11.270916 17.756033 -202.438660
v 14.189270 10.621248 -202.577820
v 9.834442 15.927306 -208.550201
v 13.689262 14.101064 -202.817642
v 11.891979 12.335137 -208.817886
v 14.614857 15.381681 -198.143555
v 14.378521 14.980548 -198.152115
v 15.256237 15.502692 -193.656311
v 15.108925 15.008068 -193.538452
v 16.628956 6.641021 -176.160309
v 16.964272 6.631230 -178.970062
v 16.834305 9.228534 -179.321594
v 16.965893 10.062193 -183.743347
v 17.247227 9.521178 -179.309845
v 16.962204 12.377973 -183.749420
v 15.933128 13.795142 -188.920120
v 16.526760 10.964891 -188.748810
v 16.542469 11.854314 -183.666336
v 16.214260 14.247897 -188.899567
v 16.954704 0.492130 -192.578140
v 15.011814 -12.159297 -111.812164
v 19.606300 -6.196112 -112.835670
v 19.513321 -7.275054 -105.954597
v 18.295376 -9.208448 -110.724739
v 12.816940 -9.543914 -117.459702
v -18.873335 -8.151033 -152.130219
v -15.633958 -9.349066 -152.141220
v -17.220526 -7.574587 -152.135925
v -14.949513 -11.364910 -155.879852
v -16.475279 -9.391437 -156.160797
v -18.938055 -9.451819 -155.997635
v -18.885868 -10.368917 -160.145020
v -14.162912 -11.523010 -160.346695
v -16.154928 -10.153049 -160.344330
v -18.600109 -11.359796 -164.824539
v -13.393591 -11.381624 -164.966995
v -15.861968 -10.936620 -165.239349
v -13.157228 -12.835619 -170.055969
v -18.885973 -12.955139 -169.626877
v -18.415651 -17.501369 -175.564285
v -13.651747 -17.164270 -175.578384
v -15.990845 -13.035619 -170.689178
v 9.485594 17.286772 -93.889755
v 0.008106 0.185782 -101.536560
v 0.940130 -22.871655 -188.259689
v 6.913874 -19.790085 -187.624222
v 3.280281 -21.403152 -182.569656
v -1.169954 -22.995224 -184.609940
v 8.450048 -19.157072 -180.923309
v -3.845806 -24.123837 -187.893631
v 0.158287 -22.196308 -191.595306
v -5.353142 -24.193325 -190.909622
v -6.088308 -23.021891 -191.712555
v 5.396919 -19.809837 -191.851700
v 17.384926 -6.388463 -184.761429
v 17.697624 -2.779742 -185.475189
v 17.329548 -4.755884 -182.227798
v 16.300888 -8.166927 -179.851303
v 11.294294 -16.753489 -186.285431
v 12.907257 -14.894469 -179.269470
v 15.964985 -5.715472 -189.122314
v 17.064053 -1.972674 -188.372849
v 15.917999 -1.621578 -189.274124
v 13.145691 -12.246897 -190.745407
v 15.439949 -12.175708 -184.691757
v 9.989492 -16.269247 -191.744156
v 14.966103 -11.541821 -178.984039
v 3.012671 -20.796144 -182.505554
v 7.355640 -18.783329 -187.393829
v -0.138235 -22.693520 -188.094925
v -1.333548 -22.376575 -184.667892
v 8.102222 -18.573061 -180.726776
v -4.006666 -23.471375 -187.709259
v -0.869337 -22.117098 -190.959183
v -5.487289 -23.597069 -190.381104
v 16.680397 -4.642720 -182.151291
v 17.049946 -2.644711 -185.147507
v 16.224976 -8.150176 -184.839279
v 15.663551 -7.968924 -179.821823
v 12.379906 -14.434035 -179.179352
v 16.509556 -1.854932 -187.798965
v 14.962372 -7.509994 -188.841248
v 15.466667 -1.526160 -188.482925
v 14.359337 -11.234838 -178.965012
vn 0.8889 -0.4284 -0.1625
vn 0.9502 0.2153 -0.2251
vn 0.8311 -0.5396 0.1346
vn 0.8735 -0.3700 0.3164
vn 0.8808 0.2516 -0.4010
vn 0.5200 -0.1065 -0.8475
vn 0.7244 -0.1401 0.6750
vn 0.2871 -0.9531 0.0964
vn 0.5503 -0.5528 0.6258
vn 0.9478 0.2827 -0.1475
vn 0.9425 -0.0767 0.3253
vn 0.8911 -0.3710 -0.2613
vn -0.7693 0.6015 0.2155
vn -0.9349 -0.2204 0.2784
vn -0.9496 -0.2081 0.2346
vn -0.7648 0.6434 0.0333
vn -0.6951 0.1537 0.7023
vn -0.2494 0.2927 0.9231
vn -0.8681 0.4200 -0.2645
vn -0.8433 0.4324 0.3192
vn -0.8939 0.2976 0.3353
vn -0.5367 0.5418 0.6468
vn -0.5385 0.8359 0.1059
vn -0.8562 0.4164 0.3059
vn -0.5005 0.3228 0.8033
vn -0.5469 0.8361 0.0424
vn -0.3669 0.2812 0.8867
vn -0.7012 0.4135 0.5808
vn -0.2096 0.7894 -0.5771
vn -0.6354 0.5357 -0.5561
vn -0.9057 0.4006 -0.1388
vn -0.5502 0.8151 0.1814
vn -0.8818 -0.3679 0.2951
vn 0.9551 0.1966 0.2217
vn -0.0145 -0.4074 0.9131
vn 0.2568 -0.2212 0.9408
vn -0.0503 0.9782 -0.2013
vn -0.0647 0.9837 -0.1676
vn 0.8550 0.5026 0.1281
vn -0.4313 0.8803 0.1975
vn 0.3732 0.9270 -0.0387
vn 0.3193 0.9449 -0.0717
vn 0.0436 0.7282 -0.6840
vn -0.1433 0.3953 -0.9073
vn -0.2464 -0.9272 0.2820
vn -0.4315 -0.8779 0.2077
vn -0.4291 -0.9019 0.0497
vn 0.9231 -0.3612 -0.1321
vn -0.7111 0.5986 0.3689
vn -0.7106 0.4120 0.5704
vn 0.9387 -0.2686 -0.2162
vn 0.8078 -0.5894 -0.0015
vn 0.7603 -0.6411 -0.1040
vn 0.8761 -0.4435 -0.1889
vn 0.9479 0.2525 0.1941
vn 0.9658 -0.1487 0.2123
vn 0.9254 0.1587 0.3443
vn 0.3672 0.1473 -0.9184
vn 0.7926 0.5469 0.2697
vn -0.0485 0.9953 -0.0843
vn 0.9081 -0.4106 0.0829
vn 0.8958 -0.3972 0.1996
vn -0.0913 0.9153 0.3924
vn -0.2156 0.9334 -0.2868
vn 0.0723 -0.0384 0.9966
vn 0.1833 -0.0254 0.9827
vn 0.0549 -0.0666 0.9963
vn -0.2540 -0.0019 -0.9672
vn -0.2556 0.0057 -0.9668
vn -0.9416 -0.2607 -0.2132
vn -0.9880 -0.1448 -0.0545
vn -0.9992 -0.0020 -0.0411
vn -0.9196 0.1925 -0.3425
vn -0.9789 0.0419 0.1998
vn 0.0460 0.9728 -0.2271
vn -0.9885 0.0897 0.1220
vn -0.9734 -0.1227 0.1934
vn -0.9455 -0.1194 0.3030
vn 0.9553 -0.0658 -0.2883
vn 0.9810 -0.0714 -0.1803
vn -0.8766 -0.1092 0.4687
vn 0.9066 -0.0720 -0.4158
vn 0.9136 -0.1065 -0.3924
vn 0.8861 0.0617 -0.4593
vn 0.8930 0.0960 -0.4397
vn -0.8808 0.0835 0.4661
vn -0.9168 0.0703 0.3930
vn -0.0016 0.9865 -0.1638
vn -0.0401 0.9888 -0.1441
vn 0.9449 -0.0032 -0.3272
vn 0.9703 -0.0769 -0.2295
vn 0.5580 -0.8050 0.2017
vn 0.9676 0.0066 -0.2523
vn -0.9673 0.0707 0.2434
vn 0.9454 0.1047 -0.3086
vn -0.8792 -0.0870 0.4685
vn 0.9690 0.1280 -0.2112
vn 0.9881 0.1096 -0.1081
vn 0.9874 0.1360 -0.0815
vn 0.1095 0.9767 -0.1847
vn 0.9968 0.0794 0.0071
vn 0.9961 -0.0484 -0.0741
vn 0.9995 -0.0290 0.0138
vn 0.8918 0.3974 0.2163
vn -0.9473 0.2994 0.1138
vn 0.9976 -0.0561 -0.0394
vn 0.0680 -0.9845 0.1619
vn 0.0632 -0.9907 0.1207
vn 0.7911 -0.2062 0.5759
vn -0.6626 -0.6290 -0.4066
vn -0.9720 -0.0738 0.2232
vn -0.2179 0.0897 -0.9718
vn -0.9956 0.0845 -0.0412
vn -0.9632 0.1110 0.2450
vn -0.9905 0.1246 0.0588
vn -0.8395 0.2401 0.4875
vn -0.9430 -0.3150 -0.1075
vn -0.9672 -0.0328 0.2518
vn -0.9899 -0.0215 -0.1400
vn -0.0028 -0.9742 0.2257
vn 0.0723 -0.9644 0.2543
vn -0.2394 -0.0119 -0.9708
vn -0.8921 -0.4502 -0.0382
vn -0.5959 0.5362 0.5978
vn 0.4379 0.6731 0.5959
vn -0.4340 0.8943 0.1089
vn -0.0123 0.9278 0.3729
vn 0.8826 -0.4679 -0.0454
vn 0.8713 -0.4802 -0.1009
vn 0.0868 -0.9012 -0.4246
vn -0.2241 -0.8470 0.4820
vn -0.3624 0.8560 -0.3686
vn 0.1094 0.8694 -0.4818
vn 0.0774 0.8824 -0.4640
vn -0.4516 0.7882 -0.4180
vn -0.4987 0.8370 0.2253
vn -0.8349 0.5435 0.0866
vn 0.1339 0.8082 -0.5734
vn -0.8437 0.5251 -0.1115
vn 0.8195 -0.1847 -0.5425
vn 0.0936 0.9200 -0.3807
vn 0.1296 0.9870 0.0952
vn -0.5345 -0.1317 0.8349
vn -0.8400 0.1430 -0.5234
vn 0.1307 0.9797 -0.1518
vn 0.1865 0.9731 -0.1354
vn -0.7265 0.6335 -0.2661
vn -0.9527 0.2921 -0.0835
vn -0.0108 -0.7243 0.6894
vn -0.0603 -0.9544 0.2923
vn -0.3966 -0.5841 0.7082
vn -0.8811 0.2486 -0.4023
vn -0.1349 0.1517 -0.9792
vn -0.5796 -0.6220 -0.5264
vn -0.1727 0.9281 0.3298
vn 0.9277 0.2558 0.2720
vn 0.2234 0.9692 -0.1039
vn -0.9399 0.3364 -0.0590
vn -0.9008 0.4320 0.0439
vn -0.8094 0.4456 0.3826
vn -0.6889 0.6578 0.3043
vn 0.0104 0.9972 -0.0739
vn 0.1492 0.6538 -0.7418
vn 0.9839 -0.1787 0.0004
vn 0.9858 -0.1643 0.0360
vn 0.0359 0.9328 0.3587
vn 0.8751 -0.3299 -0.3542
vn 0.9498 -0.2695 -0.1589
vn -0.0396 -0.9318 0.3609
vn -0.6521 -0.7449 0.1410
vn -0.9799 -0.0074 0.1993
vn -0.4954 -0.8547 -0.1555
vn -0.7387 -0.6644 0.1132
vn -0.4318 -0.8399 0.3289
vn 0.6769 -0.6747 -0.2944
vn 0.6314 -0.7221 -0.2825
vn -0.7601 -0.5668 -0.3178
vn 0.8927 -0.3869 0.2312
vn 0.8047 -0.5042 -0.3134
vn 0.7302 -0.1182 -0.6729
vn 0.9528 0.2314 0.1963
vn 0.7355 0.6520 -0.1840
vn 0.8117 -0.5224 -0.2610
vn 0.7385 0.6610 -0.1330
vn 0.0681 0.0995 -0.9927
vn 0.9671 0.2316 -0.1056
vn 0.8156 -0.5591 -0.1489
vn 0.8051 -0.5886 -0.0734
vn 0.8093 0.3902 -0.4390
vn 0.5407 0.8167 -0.2018
vn -0.0886 -0.0203 -0.9959
vn 0.0365 0.7270 -0.6857
vn -0.2780 0.5866 -0.7607
vn -0.8060 0.0961 -0.5841
vn -0.8856 -0.2752 -0.3742
vn -0.7704 -0.4330 0.4681
vn -0.7838 -0.6199 -0.0370
vn -0.8230 0.4970 0.2751
vn -0.5865 -0.8057 0.0833
vn -0.8120 0.5329 0.2382
vn -0.2245 -0.8630 0.4526
vn 0.8051 -0.5927 -0.0209
vn 0.8840 -0.4219 0.2013
vn 0.5555 0.7997 -0.2279
vn -0.5924 0.5745 0.5648
vn 0.3792 0.1527 0.9126
vn 0.4130 -0.2712 0.8694
vn -0.6937 0.6634 0.2807
vn -0.3007 0.8994 0.3173
vn 0.6925 -0.7023 -0.1649
vn -0.6955 -0.6158 -0.3702
vn -0.5203 -0.7847 -0.3371
vn -0.6741 -0.5676 -0.4727
vn -0.9648 -0.0690 0.2537
vn 0.7655 -0.1437 -0.6272
vn 0.2608 0.5784 -0.7730
vn 0.8122 -0.5775 0.0830
vn 0.9987 -0.0451 -0.0251
vn -0.7855 -0.6098 -0.1052
vn -0.0044 -0.9312 -0.3644
vn -0.0183 -0.9852 -0.1702
vn -0.7249 -0.3925 -0.5661
vn -0.7850 -0.4569 -0.4183
vn -0.0375 -0.7842 -0.6194
vn -0.8033 -0.5797 0.1368
vn 0.1021 -0.7493 -0.6543
vn 0.1226 -0.7672 -0.6296
vn 0.8692 -0.0959 -0.4850
vn 0.8098 -0.3830 -0.4444
vn -0.9269 -0.1668 -0.3362
vn -0.0276 -0.9025 -0.4298
vn -0.1490 -0.6803 -0.7177
vn 0.0624 -0.9363 -0.3457
vn 0.7973 -0.5653 -0.2115
vn 0.1502 -0.9133 -0.3787
vn 0.1780 -0.9665 -0.1850
vn -0.8443 -0.5028 -0.1854
vn 0.7627 0.1324 -0.6330
vn 0.1865 -0.9814 0.0463
vn 0.2018 -0.9789 0.0316
vn 0.9951 -0.0921 0.0361
vn 0.1594 -0.9776 0.1375
vn 0.0402 -0.9980 0.0482
vn 0.0542 -0.9830 0.1754
vn 0.4892 -0.8107 0.3215
vn 0.8635 -0.2598 -0.4322
vn 0.0412 -0.9987 0.0308
vn -0.9922 -0.1248 -0.0063
vn -0.9934 -0.1139 -0.0116
vn -0.1458 -0.8920 0.4280
vn -0.8106 -0.4797 -0.3358
vn -0.7567 -0.6343 0.1584
vn -0.0009 0.4864 -0.8737
vn 0.9999 0.0120 -0.0085
vn 0.5147 0.2896 -0.8070
vn 0.8775 -0.2071 -0.4325
vn 0.9996 -0.0050 0.0273
vn -0.8993 -0.0438 -0.4352
vn -0.7128 0.0632 -0.6985
vn -0.9982 -0.0233 0.0550
vn -0.9969 -0.0476 0.0627
vn -0.0952 0.4477 -0.8891
vn 0.6821 -0.2395 0.6909
vn 0.9993 -0.0195 0.0317
vn -0.7737 0.1535 -0.6147
vn 0.8575 0.4182 -0.2996
vn 0.6879 0.4836 -0.5413
vn 0.9431 0.2357 -0.2345
vn 0.8326 0.4063 -0.3765
vn 0.8131 0.5109 -0.2791
vn 0.7948 0.5635 -0.2252
vn 0.8918 0.3849 -0.2377
vn 0.7538 0.6323 -0.1788
vn 0.6297 0.7283 -0.2701
vn 0.8359 0.4936 -0.2400
vn 0.6148 0.7534 -0.2331
vn 0.5200 0.8464 -0.1149
vn 0.3218 0.9288 -0.1838
vn 0.0203 0.9957 -0.0907
vn 0.0446 0.9949 -0.0901
vn 0.4136 0.8657 -0.2820
vn 0.2158 0.9061 -0.3640
vn 0.4560 0.8720 -0.1780
vn 0.9009 0.3512 -0.2550
vn 0.9719 0.0515 -0.2295
vn 0.9549 0.1710 -0.2429
vn 0.7223 0.4287 -0.5427
vn 0.7387 0.4851 -0.4681
vn 0.5295 0.7227 -0.4443
vn 0.4368 0.3764 -0.8170
vn 0.2795 0.4852 -0.8285
vn -0.0103 0.5685 -0.8226
vn -0.0442 0.5001 -0.8648
vn 0.2268 0.8905 -0.3945
vn 0.0630 0.5355 -0.8422
vn 0.4816 0.3153 -0.8177
vn 0.6644 0.4405 -0.6037
vn 0.3051 0.2431 -0.9208
vn -0.5428 -0.6336 0.5513
vn 0.1610 -0.6424 0.7493
vn -0.7398 -0.4656 0.4858
vn -0.6655 -0.4731 0.5773
vn -0.7216 -0.4340 0.5393
vn -0.6963 -0.6273 0.3488
vn -0.7617 -0.5812 0.2863
vn -0.6724 -0.6649 0.3253
vn -0.6102 -0.7587 0.2280
vn -0.4957 -0.7823 0.3773
vn -0.3284 -0.8206 0.4677
vn -0.2141 -0.9545 0.2075
vn -0.1570 -0.9755 0.1539
vn -0.4649 -0.7789 0.4208
vn -0.3394 -0.4745 0.8122
vn -0.3835 -0.8744 0.2971
vn 0.6559 -0.6974 -0.2887
vn -0.5133 -0.6911 0.5088
vn -0.7295 -0.5438 0.4148
vn -0.0184 -0.8610 0.5083
vn -0.1019 -0.9875 0.1202
vn -0.3906 -0.9171 -0.0798
vn 0.6548 -0.5165 -0.5518
vn 0.2691 -0.3619 -0.8925
vn 0.3233 -0.3249 -0.8888
vn 0.6999 -0.3823 -0.6033
vn 0.6324 -0.5768 -0.5170
vn 0.2797 -0.3498 -0.8941
vn 0.6142 -0.6488 -0.4494
vn 0.2470 -0.3746 -0.8937
vn 0.7460 -0.6475 -0.1556
vn 0.7003 -0.7114 0.0589
vn 0.6175 -0.7606 0.2003
vn 0.5863 -0.7994 0.1311
vn 0.6846 -0.7094 -0.1674
vn 0.7691 -0.6128 -0.1813
vn 0.8396 -0.4603 -0.2885
vn 0.8898 -0.2933 -0.3497
vn 0.7668 -0.3823 -0.5156
vn 0.7173 -0.4565 -0.5264
vn 0.3566 0.0863 -0.9303
vn 0.3827 -0.5930 -0.7085
vn 0.9197 0.3073 -0.2445
vn 0.9559 0.0097 -0.2936
vn 0.7560 -0.5410 -0.3684
vn 0.8040 -0.4990 -0.3235
vn 0.7215 -0.6907 0.0498
vn 0.7794 -0.6209 0.0843
vn 0.7048 -0.6250 -0.3356
vn 0.7722 -0.6055 -0.1924
vn 0.9445 -0.2259 0.2383
vn 0.9808 -0.1764 -0.0835
vn 0.0694 0.7329 0.6768
vn -0.7698 0.3733 0.5177
vn -0.8826 0.2235 0.4135
vn -0.6431 0.5743 0.5066
vn -0.8723 0.2448 0.4232
vn -0.7093 0.5712 0.4131
vn -0.6956 0.4907 0.5248
vn 0.0711 0.7610 0.6449
vn -0.7615 0.5408 0.3572
vn -0.4331 0.7253 0.5351
vn 0.1542 0.3608 0.9198
vn -0.6618 0.5894 0.4633
vn 0.3202 0.7791 0.5389
vn -0.4773 -0.6558 0.5849
vn -0.5586 -0.8090 -0.1830
vn 0.3959 -0.1730 0.9019
vn -0.2064 -0.8796 0.4286
vn -0.2743 -0.9250 0.2628
vn -0.3761 -0.9144 -0.1501
vn -0.2560 -0.6331 0.7305
vn 0.0037 -0.1571 0.9876
vn -0.6179 0.7290 0.2947
vn -0.5627 0.7938 0.2308
vn -0.5143 0.8143 0.2692
vn -0.6068 0.7194 0.3381
vn -0.9398 0.3261 0.1022
vn -0.8565 0.5080 0.0910
vn -0.8465 0.5199 0.1146
vn -0.7411 0.6556 0.1447
vn -0.7228 0.6879 0.0662
vn -0.9607 0.2587 0.1003
vn -0.9243 0.3685 0.0996
vn -0.9709 0.2260 0.0795
vn -0.9406 0.3344 0.0586
vn -0.9374 0.3302 0.1107
vn -0.9928 0.0847 0.0845
vn -0.9856 0.1625 0.0472
vn -0.9968 -0.0719 0.0357
vn -1.0000 -0.0012 0.0051
vn -0.8418 0.5395 0.0184
vn -0.7409 0.6714 0.0141
vn -0.8254 0.5575 0.0887
vn -0.7490 0.6585 0.0731
vn -0.7708 0.6350 0.0508
vn -0.8707 0.4664 0.1560
vn -0.7664 0.6347 0.0991
vn -0.9052 0.3856 0.1788
vn -0.8825 0.4121 0.2265
vn -0.8707 0.4428 0.2140
vn -0.7704 0.5997 0.2163
vn -0.8982 0.3981 0.1866
vn -0.8080 0.5547 0.1986
vn -0.8467 0.4992 0.1841
vn -0.9453 0.2904 0.1487
vn -0.9265 0.3393 0.1629
vn 0.9076 0.4152 -0.0627
vn 0.8596 0.5078 -0.0572
vn 0.8664 0.4897 -0.0979
vn 0.9122 0.4068 -0.0491
vn 0.8288 0.5508 0.0988
vn 0.8698 0.4812 0.1089
vn 0.8378 0.5374 -0.0965
vn 0.9496 -0.3113 -0.0364
vn 0.9985 0.0430 0.0352
vn 0.9861 -0.0250 -0.1640
vn 0.9255 -0.3160 -0.2088
vn 0.9322 0.3619 -0.0093
vn 0.9909 0.1121 -0.0740
vn 0.9954 0.0843 -0.0445
vn 0.9295 0.3654 -0.0493
vn 0.9099 0.4132 -0.0368
vn 0.9891 0.1322 -0.0652
vn 0.9849 0.1622 -0.0597
vn 0.9100 0.3895 -0.1419
vn 0.6241 0.7798 0.0501
vn 0.6219 0.7804 0.0649
vn 0.3039 0.9496 0.0763
vn 0.2939 0.9551 0.0378
vn 0.6280 0.7750 0.0707
vn 0.3037 0.9470 0.1046
vn 0.3438 0.9331 0.1056
vn 0.6170 0.7823 0.0857
vn 0.3832 0.9169 0.1117
vn 0.6056 0.7886 0.1061
vn -0.0695 0.9855 0.1550
vn -0.1614 0.9842 0.0729
vn -0.2351 0.9282 0.2884
vn -0.4298 0.8702 0.2406
vn -0.2026 0.9634 0.1753
vn -0.1132 0.9455 0.3051
vn 0.0390 0.9737 0.2246
vn 0.1377 0.9728 0.1862
vn -0.0549 0.9659 0.2529
vn 0.2154 0.9660 0.1433
vn 0.2471 0.9677 0.0492
vn 0.0538 0.9944 0.0904
vn -0.0052 0.9827 0.1849
vn 0.4085 0.9080 0.0932
vn 0.4067 0.9127 0.0401
vn 0.1250 0.9913 0.0424
vn 0.1700 0.9854 0.0110
vn 0.1313 0.9907 0.0369
vn 0.0222 0.9914 0.1288
vn -0.1116 0.9794 0.1681
vn 0.2532 0.9674 0.0105
vn 0.3972 0.9177 0.0031
vn 0.2679 0.9634 -0.0049
vn 0.3975 0.9172 -0.0276
vn -0.1828 0.9612 0.2064
vn -0.2116 0.9362 0.2808
vn 0.5830 0.8071 0.0927
vn 0.5526 0.8325 0.0406
vn 0.7712 0.6246 0.1227
vn 0.7382 0.6723 0.0550
vn 0.8047 0.5770 0.1398
vn 0.8391 0.5384 0.0778
vn 0.8271 0.5513 0.1095
vn -0.4905 0.7816 0.3854
vn -0.3360 0.8402 0.4256
vn -0.2402 0.9135 0.3285
vn 0.8641 0.5007 0.0504
vn 0.8501 0.5244 0.0480
vn 0.9419 0.3307 0.0591
vn 0.9357 0.3489 0.0529
vn 0.9754 0.2127 0.0575
vn 0.9685 0.2400 0.0672
vn 0.9284 0.3589 0.0962
vn 0.9619 0.2555 0.0970
vn 0.9886 -0.1263 0.0815
vn 0.9808 -0.1861 0.0585
vn 0.9588 -0.2659 0.0999
vn 0.9559 -0.2886 0.0537
vn 0.9507 -0.2995 0.0809
vn 0.9935 -0.0897 0.0707
vn 0.8247 -0.5635 0.0482
vn 0.8606 -0.5093 -0.0017
vn 0.8966 -0.4343 0.0862
vn 0.9347 -0.3460 -0.0811
vn 0.8752 -0.4835 -0.0164
vn 0.9000 -0.3955 -0.1831
vn 0.8247 -0.5433 -0.1570
vn 0.9842 -0.1726 -0.0407
vn 0.9201 0.3711 0.1256
vn 0.9023 0.3914 0.1808
vn 0.9604 0.2492 0.1250
vn 0.9452 0.2587 0.1990
vn 0.9587 -0.2246 0.1745
vn 0.9899 -0.0489 0.1333
vn 0.9584 0.2845 0.0227
vn 0.9811 0.1917 0.0245
vn 0.8602 0.5073 0.0515
vn -0.7560 0.6100 0.2375
vn -0.7134 0.6804 0.1677
vn -0.9433 0.2567 0.2103
vn -0.9901 0.0229 0.1387
vn -0.9903 -0.1012 0.0956
vn -0.9880 -0.0088 0.1541
vn -0.9829 0.1045 0.1517
vn -0.9455 0.0670 0.3186
vn -0.9447 0.1644 0.2837
vn -0.9557 -0.1139 0.2715
vn -0.9848 -0.1033 0.1397
vn -0.8945 0.3393 0.2912
vn -0.7986 0.5388 0.2681
vn -0.3087 0.1066 0.9452
vn -0.3669 -0.0965 0.9252
vn 0.3280 0.3799 0.8649
vn -0.2999 0.3101 0.9022
vn -0.3250 -0.3602 0.8744
vn -0.7287 -0.5981 0.3335
vn -0.8691 -0.4905 0.0642
vn -0.3879 -0.7236 0.5708
vn -0.6695 -0.7052 0.2335
vn -0.8356 -0.5493 0.0088
vn -0.9195 -0.3908 0.0421
vn -0.8936 -0.4449 0.0593
vn -0.8424 -0.5376 0.0365
vn -0.8442 -0.5340 0.0466
vn -0.8441 -0.5337 0.0522
vn -0.7929 -0.6089 0.0223
vn -0.7379 -0.6743 0.0289
vn -0.0312 -0.9798 -0.1975
vn -0.3023 -0.9436 -0.1351
vn -0.0358 -0.9955 -0.0876
vn 0.0908 -0.9544 -0.2845
vn -0.0280 -0.9994 -0.0187
vn 0.0244 -0.9919 -0.1249
vn -0.4195 -0.9077 0.0095
vn -0.5613 -0.8275 0.0151
vn -0.1229 -0.9711 -0.2047
vn -0.0812 -0.9862 -0.1445
vn -0.3449 -0.9240 -0.1652
vn -0.0882 -0.9708 -0.2230
vn -0.1557 -0.9693 -0.1901
vn -0.1627 -0.9752 -0.1498
vn -0.9492 -0.3147 -0.0033
vn -0.9711 -0.2362 -0.0337
vn -0.8832 -0.3946 0.2534
vn -0.7894 -0.5836 0.1903
vn -0.8173 -0.5596 0.1374
vn -0.9097 -0.3524 0.2196
vn -0.9258 -0.3430 0.1588
vn -0.8361 -0.5411 0.0902
vn -0.8451 -0.4771 0.2411
vn -0.9047 -0.2856 0.3163
vn -0.8007 -0.5603 0.2119
vn -0.8875 -0.4061 0.2176
vn -0.9161 -0.3845 0.1134
vn -0.8545 -0.4886 0.1764
vn -0.8600 -0.5085 -0.0423
vn -0.8997 -0.4310 -0.0687
vn -0.5156 -0.8527 -0.0846
vn -0.6942 -0.7120 -0.1059
vn -0.7114 -0.7018 -0.0378
vn -0.4911 -0.8708 -0.0225
vn -0.0884 -0.9930 -0.0778
vn -0.0029 -0.9998 -0.0218
vn -0.1988 -0.9754 -0.0956
vn -0.4918 -0.8650 -0.0997
vn 0.3947 -0.9161 -0.0704
vn 0.3959 -0.9183 -0.0013
vn 0.4627 -0.8855 -0.0421
vn 0.4458 -0.8951 -0.0006
vn 0.2904 -0.9441 -0.1563
vn 0.6806 -0.7275 -0.0863
vn 0.7917 -0.5967 -0.1307
vn 0.7824 -0.6228 -0.0030
vn 0.6727 -0.7398 0.0126
vn 0.5006 -0.8547 -0.1371
vn 0.6282 -0.7336 -0.2591
vn 0.3441 -0.9323 -0.1115
vn 0.5294 -0.8255 -0.1958
vn 0.7853 -0.6021 -0.1441
vn 0.7595 -0.5866 -0.2811
vn 0.4912 -0.8222 -0.2875
vn 0.5702 -0.8196 -0.0560
vn 0.1270 -0.9815 -0.1433
vn 0.0031 -0.9946 -0.1038
vn 0.5862 -0.8066 -0.0757
vn -0.0654 -0.9901 0.1239
vn -0.0786 -0.9755 0.2057
vn -0.1818 -0.9813 0.0636
vn 0.0775 -0.9963 0.0361
vn -0.0302 -0.9875 -0.1549
vn -0.0775 -0.9970 -0.0075
vn 0.7447 -0.6674 -0.0069
vn -0.6755 -0.7268 0.1243
vn -0.7119 -0.6999 0.0586
vn -0.7345 -0.6775 0.0396
vn -0.7509 -0.6398 0.1637
vn -0.4442 -0.8958 -0.0142
vn -0.4381 -0.8975 -0.0510
vn 0.9248 -0.3175 -0.2095
vn 0.9088 -0.3720 -0.1888
vn 0.9603 -0.1165 -0.2536
vn 0.9672 -0.1171 -0.2255
vn 0.9549 0.0339 -0.2951
vn 0.9648 0.0539 -0.2573
vn 0.8679 -0.4327 -0.2442
vn 0.8453 -0.4977 -0.1944
vn 0.2665 -0.9212 -0.2836
vn 0.2249 -0.9334 -0.2797
vn 0.3110 -0.9283 -0.2040
vn 0.3444 -0.8985 -0.2721
vn 0.2315 -0.9351 -0.2682
vn 0.2193 -0.9033 -0.3686
vn 0.4994 -0.8221 -0.2734
vn 0.4918 -0.8498 -0.1897
vn 0.6771 -0.7026 -0.2185
vn 0.6799 -0.6762 -0.2836
vn 0.8002 -0.5310 -0.2786
vn 0.7864 -0.5770 -0.2205
vn 0.5188 -0.8036 -0.2916
vn 0.3578 -0.8987 -0.2536
vn 0.6940 -0.6456 -0.3187
vn 0.7062 -0.6749 -0.2141
vn 0.5372 -0.8325 -0.1353
vn 0.3638 -0.9294 -0.0627
vn 0.8880 -0.3595 -0.2868
vn 0.8178 -0.4802 -0.3172
vn 0.9244 -0.3171 -0.2120
vn 0.8463 -0.4706 -0.2496
vn 0.2548 -0.9450 -0.2051
vn 0.2014 -0.9794 0.0132
vn 0.0652 -0.9929 0.0997
vn 0.1573 -0.9804 -0.1182
vn -0.0012 -0.9497 0.3132
vn -0.0264 -0.9655 0.2591
vn -0.1089 -0.9093 0.4016
vn -0.0377 -0.8972 0.4399
vn -0.6373 -0.7360 0.2282
vn -0.6100 -0.7122 0.3474
vn -0.6331 -0.7634 0.1277
vn 0.0387 -0.9859 0.1627
vn 0.0688 -0.9410 0.3314
vn 0.1369 -0.9749 0.1753
vn 0.3346 -0.9378 0.0926
vn 0.2737 -0.9284 0.2514
vn -0.6100 -0.7785 -0.1479
vn 0.1501 -0.9632 -0.2229
vn 0.0938 -0.9954 -0.0191
vn -0.6438 -0.7652 0.0110
vn 0.1318 -0.8932 -0.4299
vn -0.6347 -0.7185 -0.2843
vn 0.4274 0.8513 -0.3043
vn 0.3977 0.8251 -0.4014
vn 0.2615 0.8812 -0.3938
vn 0.3033 0.9001 -0.3128
vn 0.5087 0.8600 -0.0416
vn 0.4735 0.8668 -0.1565
vn 0.3680 0.9158 -0.1607
vn 0.5275 0.8496 0.0022
vn 0.7150 0.6991 0.0080
vn 0.2532 0.9498 -0.1836
vn 0.2029 0.9170 -0.3434
vn 0.1441 0.9233 -0.3561
vn 0.1637 0.9655 -0.2023
vn 0.0972 0.9205 -0.3783
vn 0.1464 0.9658 -0.2141
vn 0.0610 0.9278 -0.3680
vn 0.1453 0.9197 -0.3647
vn 0.1819 0.9058 -0.3828
vn 0.1989 -0.9113 0.3605
vn -0.0427 -0.9042 0.4250
vn 0.1155 -0.9316 0.3446
vn -0.1872 -0.9010 0.3914
vn -0.2181 -0.8368 0.5022
vn -0.3390 -0.8313 0.4404
vn 0.3871 -0.8647 0.3201
vn 0.6047 -0.7424 0.2884
vn 0.6231 -0.7274 0.2876
vn 0.3053 -0.9015 0.3068
vn 0.4613 -0.8696 0.1763
vn 0.6452 -0.7526 0.1313
vn 0.8245 -0.4907 0.2819
vn 0.6390 -0.7414 0.2049
vn 0.8155 -0.5045 0.2836
vn 0.8942 -0.3807 0.2354
vn 0.9123 -0.3177 0.2582
vn 0.8149 -0.5238 0.2482
vn 0.7594 -0.5755 0.3035
vn 0.9814 -0.1126 0.1554
vn 0.9369 -0.2751 0.2156
vn 0.9633 -0.2559 0.0810
vn 0.9947 -0.0879 0.0541
vn 0.9596 -0.2692 -0.0814
vn 0.9954 -0.0882 -0.0376
vn 0.9328 -0.2516 -0.2581
vn 0.9980 0.0530 -0.0351
vn 0.9995 0.0248 0.0200
vn 0.8622 -0.4963 0.1016
vn 0.6809 -0.7303 -0.0540
vn 0.8665 -0.4881 -0.1044
vn 0.8280 -0.4960 0.2616
vn 0.5115 -0.8591 0.0179
vn 0.2112 -0.9771 0.0275
vn 0.5996 -0.7981 0.0590
vn 0.5885 -0.7713 -0.2426
vn 0.3991 -0.9161 -0.0378
vn 0.7310 -0.6731 0.1121
vn 0.3107 -0.9505 -0.0041
vn 0.2167 -0.9596 -0.1793
vn 0.6470 -0.7593 0.0698
vn 0.5957 -0.8017 -0.0482
vn 0.7221 -0.6864 0.0863
vn 0.7151 -0.6990 0.0102
vn 0.6384 -0.7486 -0.1791
vn 0.0050 -0.9609 0.2769
vn 0.1318 -0.9785 0.1586
vn -0.2640 -0.9207 0.2876
vn -0.3074 -0.9382 0.1590
vn 0.8801 -0.4401 -0.1781
vn -0.8362 0.5171 0.1830
vn -0.9037 0.3883 0.1802
vn 0.8754 0.4509 0.1744
vn 0.8197 0.0382 0.5715
vn 0.8263 -0.1917 0.5296
vn 0.9590 -0.2781 -0.0541
vn 0.9995 -0.0241 -0.0183
vn 0.7681 0.3504 0.5360
vn 0.9249 0.3800 0.0074
vn -0.9162 -0.0029 0.4006
vn -0.8781 0.0515 0.4758
vn -0.8583 -0.1933 0.4754
vn -0.9062 -0.2188 0.3618
vn 0.8579 0.4990 0.1227
vn 0.6304 0.4915 0.6009
vn 0.9193 0.3625 0.1532
vn 0.6944 0.3908 0.6043
vn 0.7362 0.3230 0.5948
vn 0.9050 0.4236 -0.0393
vn 0.7813 0.6160 0.1005
vn 0.3287 0.4787 0.8141
vn 0.5118 0.3528 0.7833
vn 0.9634 0.2625 -0.0535
vn 0.6660 0.2031 0.7178
vn 0.4335 0.8364 0.3356
vn 0.6635 0.7144 0.2222
vn 0.6748 0.6760 0.2961
vn 0.4198 0.8089 0.4117
vn 0.7923 0.5776 0.1963
vn -0.1064 0.9017 0.4192
vn 0.1215 0.9080 0.4009
vn 0.1204 0.8764 0.4662
vn -0.1085 0.8660 0.4881
vn -0.0865 0.5083 0.8568
vn 0.0452 0.5332 0.8448
vn -0.4073 0.8070 0.4276
vn -0.7117 0.5694 0.4113
vn -0.2874 0.3173 0.9037
vn 0.1166 0.5154 0.8490
vn 0.2525 0.4751 0.8429
vn 0.3073 0.4734 0.8255
vn -0.4259 0.0947 0.8998
vn -0.8820 0.2678 0.3877
vn -0.8408 0.2788 0.4641
vn -0.6759 0.5391 0.5025
vn -0.3939 0.0463 0.9180
vn -0.3734 0.0310 0.9271
vn -0.8843 -0.3565 0.3016
vn -0.3744 0.0025 0.9273
vn -0.8490 -0.4438 0.2869
vn -0.3696 -0.0376 0.9284
vn 0.7555 -0.4659 0.4607
vn 0.8178 -0.5627 -0.1207
vn -0.3991 0.7603 0.5124
vn 0.1765 -0.9046 0.3880
vn 0.1565 -0.9816 -0.1093
vn 0.4993 -0.8539 -0.1471
vn 0.5005 -0.7570 0.4201
vn -0.0659 -0.9071 0.4156
vn -0.3930 -0.7473 0.5358
vn -0.4874 -0.8709 0.0630
vn -0.1049 -0.9937 -0.0395
vn -0.5735 -0.4476 0.6861
vn -0.5999 -0.2629 0.7556
vn 0.9169 0.3928 0.0708
vn 0.9467 0.3220 0.0108
vn 0.9220 0.3756 0.0944
vn 0.9893 -0.0166 0.1450
vn 0.9986 0.0481 0.0208
vn 0.9227 -0.3855 0.0088
vn 0.6489 -0.7209 0.2435
vn 0.8978 -0.4323 -0.0838
vn 0.8343 -0.5176 -0.1896
vn 0.9140 -0.3894 -0.1142
vn 0.9022 -0.4136 -0.1222
vn 0.8326 -0.5431 -0.1088
vn 0.8081 -0.5833 0.0819
vn -0.7953 0.3258 0.5113
vn -0.7259 0.4497 0.5205
vn -0.1522 0.1098 0.9822
vn 0.2577 -0.1155 0.9593
vn 0.7080 -0.7043 -0.0528
vn 0.5977 -0.7994 -0.0610
vn 0.6850 -0.7235 -0.0858
vn 0.5655 -0.1237 0.8154
vn 0.5066 -0.1867 0.8417
vn 0.5672 -0.1674 0.8064
vn 0.6194 -0.1335 0.7736
vn 0.6153 0.1153 0.7798
vn -0.5873 -0.1418 0.7968
vn 0.3786 -0.3116 0.8715
vn 0.1883 -0.4289 0.8835
vn 0.1777 -0.9834 0.0363
vn -0.4513 -0.8626 0.2287
vn -0.1018 -0.3525 0.9303
vn -0.2727 -0.1876 0.9436
vn -0.7589 -0.5839 0.2885
vn -0.8176 -0.5122 0.2631
vn -0.8501 -0.4498 0.2738
vn -0.6594 -0.7075 0.2543
vn -0.1198 -0.9895 0.0810
vn 0.2867 -0.9567 -0.0504
vn 0.6611 0.4097 0.6286
vn -0.1663 0.4815 -0.8605
vn -0.1200 0.5237 -0.8434
vn -0.7055 -0.0092 -0.7087
vn -0.8737 0.4857 0.0295
vn -0.1826 0.5003 -0.8464
vn -0.2202 0.4624 -0.8589
vn -0.3045 0.4109 -0.8593
vn -0.3546 0.3523 -0.8661
vn -0.3668 0.2976 -0.8814
vn -0.3863 0.2175 -0.8964
vn -0.4216 -0.0512 -0.9053
vn -0.4239 0.0048 -0.9057
vn -0.4187 0.1102 -0.9014
vn -0.4258 -0.0943 -0.8999
vn -0.4051 -0.1743 -0.8975
vn -0.3859 -0.2359 -0.8918
vn -0.2600 -0.2784 -0.9246
vn -0.3240 -0.3326 -0.8856
vn -0.9787 -0.2049 -0.0083
vn -0.9975 -0.0485 -0.0519
vn -0.8948 -0.4385 0.0837
vn -0.4385 -0.8729 0.2141
vn -0.7524 -0.6394 0.1583
vn -0.9897 0.1177 -0.0814
vn -0.9332 0.3409 -0.1139
vn -0.9270 0.3721 -0.0466
vn -0.8433 0.5342 -0.0587
vn -0.8584 0.5008 -0.1112
vn 0.8102 -0.5216 -0.2675
vn 0.8564 -0.3804 -0.3490
vn -0.6874 0.7240 -0.0581
vn -0.7888 0.6086 -0.0857
vn -0.7656 0.6417 -0.0449
vn 0.7610 -0.5857 -0.2791
vn 0.6552 -0.6838 -0.3211
vn -0.6650 0.7443 -0.0618
vn 0.9045 -0.0970 -0.4152
vn -0.9876 0.1569 -0.0062
vn -0.9989 -0.0206 0.0429
vn 0.9064 0.0351 -0.4209
vn -0.2258 0.9741 0.0077
vn -0.3257 0.9445 -0.0418
vn -0.2085 0.9742 0.0859
vn -0.5158 0.8548 -0.0568
vn -0.1472 0.9867 0.0694
vn -0.1857 0.9826 0.0079
vn -0.2910 0.9550 -0.0567
vn 0.1304 -0.8816 -0.4535
vn 0.2289 -0.8957 -0.3811
vn 0.1252 -0.8060 -0.5786
vn -0.0976 0.9900 0.1015
vn -0.1250 0.9776 0.1696
vn 0.0618 -0.6963 -0.7150
vn -0.4539 -0.7495 -0.4819
vn -0.7264 0.6439 0.2402
vn -0.7481 0.6497 0.1353
vn -0.4909 0.8670 -0.0858
vn 0.4578 -0.8209 -0.3413
vn -0.1713 -0.3381 -0.9254
vn -0.2102 -0.3048 -0.9289
vn -0.1252 -0.3614 -0.9240
vn -0.4840 -0.1832 -0.8556
vn -0.0647 -0.9839 0.1663
vn -0.1836 -0.9676 0.1731
vn -0.2466 -0.2931 -0.9237
vn -0.2494 -0.9481 0.1974
vn -0.2995 -0.9289 0.2177
vn -0.2895 -0.9563 0.0412
vn -0.3481 -0.9363 0.0477
vn -0.2118 -0.9757 0.0557
vn 0.1306 0.8074 -0.5754
vn 0.1217 0.8392 -0.5301
vn 0.1719 0.7854 -0.5946
vn -0.4939 -0.8686 0.0409
vn 0.2912 0.7448 -0.6003
vn -0.7600 -0.6453 0.0770
vn -0.9795 -0.1845 0.0811
vn -0.8857 -0.4541 0.0963
vn 0.8606 0.1420 -0.4891
vn 0.9326 0.1574 -0.3248
vn -0.0669 -0.9962 0.0565
vn 0.0213 0.8724 -0.4883
vn 0.0020 -0.9832 0.1826
vn -0.6532 -0.7432 0.1451
vn -0.5934 -0.4984 0.6320
vn -0.4157 -0.8351 0.3603
vn -0.8954 -0.3515 0.2732
vn -0.8628 -0.4186 0.2836
vn 0.7270 0.3494 -0.5911
vn 0.5655 0.5577 -0.6076
vn -0.2753 0.9288 -0.2481
vn 0.0516 0.9122 -0.4065
vn 0.0933 0.9080 -0.4085
vn 0.1002 0.9763 -0.1920
vn -0.3051 0.9346 -0.1826
vn -0.8832 0.4098 -0.2283
vn 0.0177 0.9954 0.0945
vn -0.4487 0.8862 0.1153
vn -0.1122 0.9700 0.2156
vn -0.5463 0.8095 0.2152
vn -0.2115 0.9515 0.2235
vn -0.6198 0.7625 0.1858
vn -0.2443 0.9460 0.2131
vn -0.6675 0.7253 0.1686
vn -0.2031 0.9421 0.2668
vn -0.7338 0.6511 0.1941
vn -0.1707 0.9215 0.3489
vn -0.6730 0.7014 0.2349
vn -0.2179 0.8306 0.5125
vn -0.6592 0.6828 0.3151
vn -0.3167 0.7678 0.5570
vn -0.6540 0.6221 0.4304
vn -0.4550 0.7472 0.4844
vn -0.6061 0.5863 0.5375
vn -0.6643 0.5082 0.5482
vn -0.1366 0.4503 0.8824
vn -0.2357 0.4329 0.8701
vn 0.3624 0.6307 0.6862
vn -0.9676 0.0595 0.2454
vn -0.5302 0.8292 0.1770
vn -0.8679 0.4929 -0.0621
vn -0.8843 -0.2532 0.3922
vn -0.2944 0.0558 0.9540
vn -0.9473 -0.2343 0.2186
vn -0.9486 -0.2676 0.1690
vn -0.9267 -0.3611 0.1041
vn -0.9499 -0.2838 0.1314
vn -0.9492 -0.1398 0.2818
vn -0.9681 -0.1393 0.2082
vn -0.9939 -0.0848 0.0701
vn -0.9876 0.0089 0.1568
vn -0.9807 0.0981 0.1691
vn -0.9614 -0.1151 0.2498
vn -0.9707 -0.0177 0.2395
vn -0.9807 -0.1479 0.1275
vn -0.9798 0.1647 0.1135
vn -0.9831 -0.1826 0.0141
vn -0.9463 -0.3229 0.0125
vn -0.9956 0.0787 0.0502
vn -0.9866 0.0298 0.1604
vn -0.9108 -0.1787 0.3721
vn -0.9865 -0.1579 0.0437
vn -0.8504 -0.3205 0.4172
vn -0.7149 0.5469 0.4356
vn 0.1055 -0.0553 0.9929
vn 0.4851 0.3447 0.8036
vn 0.4035 -0.2901 0.8678
vn -0.8378 0.3531 0.4165
vn 0.2857 0.3378 0.8968
vn -0.9030 0.4097 0.1294
vn -0.7926 0.5901 0.1538
vn -0.9485 0.3147 0.0360
vn -0.8500 0.4951 0.1800
vn -0.0462 -0.0862 0.9952
vn -0.7574 0.3820 0.5296
vn -0.3689 0.0697 0.9268
vn -0.6286 0.5829 0.5148
vn 0.4208 -0.9041 -0.0747
vn -0.6697 0.7189 0.1865
vn -0.5351 0.7361 0.4145
vn -0.5007 0.8586 0.1096
vn 0.5412 -0.5734 0.6151
vn 0.7522 0.6557 -0.0659
vn 0.6671 0.7334 -0.1305
vn 0.4199 0.2616 0.8690
vn 0.1206 -0.0435 0.9918
vn -0.4213 -0.8879 0.1847
vn 0.7048 0.6745 0.2198
vn 0.0373 -0.1347 0.9902
vn 0.0930 0.9402 0.3278
vn -0.1708 0.9169 0.3607
vn 0.0991 -0.2454 0.9643
vn -0.4108 0.8456 0.3409
vn -0.2058 0.9757 0.0757
vn -0.4160 0.9046 0.0931
vn 0.3036 -0.4663 0.8309
vn 0.4094 0.9117 -0.0347
vn -0.1219 0.9891 0.0825
vn 0.0875 0.9957 -0.0300
vn 0.2909 0.9540 -0.0722
vn 0.4467 0.8568 0.2574
vn 0.9697 0.2164 -0.1131
vn 0.9920 0.0741 -0.1025
vn 0.9725 0.0766 -0.2201
vn 0.9535 0.2093 -0.2169
vn 0.9725 -0.0932 -0.2135
vn 0.9905 0.1365 -0.0178
vn 0.9825 -0.1064 -0.1526
vn 0.9801 0.1972 -0.0237
vn 0.9979 0.0529 -0.0364
vn 0.9873 0.0576 -0.1481
vn 0.9260 0.3759 -0.0347
vn 0.9920 -0.0963 -0.0811
vn 0.8299 0.5571 -0.0309
vn 0.9407 0.3199 -0.1126
vn 0.9300 0.3394 -0.1412
vn 0.8869 0.4605 -0.0371
vn 0.5680 -0.7140 -0.4092
vn 0.0684 -0.9925 -0.1016
vn 0.0901 -0.9959 -0.0127
vn 0.6162 -0.6927 -0.3748
vn 0.5897 -0.6761 -0.4418
vn 0.3635 -0.8747 -0.3205
vn 0.4938 -0.8497 -0.1849
vn 0.6833 -0.7277 -0.0605
vn -0.7722 -0.6324 -0.0611
vn -0.5399 -0.8393 0.0643
vn -0.6797 -0.7047 0.2033
vn 0.0031 -0.9846 -0.1745
vn -0.2333 -0.9630 -0.1349
vn -0.2566 -0.9604 -0.1087
vn 0.0392 -0.9639 -0.2634
vn -0.0744 -0.9928 -0.0943
vn -0.0729 -0.9869 -0.1442
vn 0.1872 -0.9603 -0.2068
vn 0.1763 -0.9613 -0.2116
vn -0.0049 -0.9877 -0.1566
vn 0.7249 -0.6837 -0.0841
vn 0.6159 -0.7170 -0.3265
vn 0.8555 -0.5135 -0.0665
vn 0.7863 -0.5539 -0.2737
vn 0.9593 0.2549 -0.1214
vn 0.7962 -0.5996 -0.0809
vn 0.9556 0.2500 -0.1560
vn 0.7231 0.6884 0.0567
vn 0.4423 0.8937 0.0756
vn -0.1030 0.9863 0.1291
vn -0.5831 0.8088 0.0763
vn -0.6149 0.7876 0.0399
vn -0.4058 0.9008 0.1548
vn -0.5042 0.8631 0.0279
vn -0.5862 0.8094 0.0351
vn -0.5970 0.7985 0.0777
vn -0.4683 0.8835 0.0107
vn -0.0555 0.9984 -0.0069
vn -0.0636 0.9963 0.0582
vn -0.5881 0.8086 0.0147
vn -0.4786 0.8777 0.0240
vn -0.1996 0.9741 0.1060
vn -0.5962 0.7997 0.0707
vn -0.4862 0.8698 0.0841
vn -0.5967 0.7929 0.1237
vn -0.4834 0.8673 0.1186
vn 0.0197 0.9989 0.0425
vn -0.2501 0.9560 0.1534
vn -0.4636 0.8656 0.1894
vn -0.4869 0.8570 0.1688
vn -0.1542 0.9495 0.2734
vn -0.1701 0.9818 0.0846
vn 0.2592 0.9648 0.0453
vn 0.7833 0.6176 0.0705
vn 0.7926 0.6090 -0.0287
vn 0.1912 0.9732 0.1281
vn 0.4698 0.8803 0.0666
vn 0.5704 0.8213 0.0129
vn 0.2523 0.9675 0.0182
vn 0.7922 0.6078 0.0545
vn 0.2818 0.9539 0.1034
vn 0.1734 0.9829 -0.0621
vn 0.8670 0.4918 -0.0807
vn 0.1809 0.9811 0.0691
vn 0.5667 0.8172 0.1047
vn 0.1506 0.9871 0.0547
vn 0.1974 0.9609 0.1943
vn -0.0330 0.9974 0.0635
vn 0.4308 0.8779 0.2089
vn 0.3055 0.9504 0.0582
vn 0.4102 0.9088 0.0759
vn 0.6548 0.7549 0.0371
vn 0.6335 0.7366 0.2368
vn 0.6318 0.7665 0.1149
vn 0.9045 0.4240 -0.0468
vn 0.8172 0.4996 0.2875
vn 0.8808 0.4718 0.0399
vn 0.9873 0.1439 -0.0668
vn 0.9891 0.1456 -0.0212
vn 0.9897 -0.1262 -0.0671
vn 0.9031 -0.4266 -0.0494
vn 0.9597 -0.2801 -0.0235
vn 0.8212 -0.5627 0.0946
vn 0.9946 0.0936 -0.0445
vn 0.9470 0.2586 0.1904
vn 0.8630 0.4982 0.0837
vn 0.8569 -0.2091 0.4712
vn 0.9137 0.4004 -0.0704
vn 0.9594 0.2736 -0.0687
vn 0.9556 0.2633 -0.1326
vn 0.8290 -0.4943 -0.2615
vn 0.8532 0.5204 -0.0363
vn 0.7964 0.6012 -0.0657
vn 0.9556 0.2789 -0.0948
vn 0.5384 0.8423 -0.0235
vn 0.5451 0.8384 -0.0036
vn 0.8929 0.4372 -0.1079
vn 0.8958 0.4443 0.0098
vn 0.9790 0.1967 0.0531
vn 0.6502 0.7476 0.1351
vn 0.7658 0.6425 -0.0262
vn 0.9818 0.0088 0.1898
vn 0.9646 -0.1615 0.2085
vn 0.8373 0.5406 0.0824
vn 0.6929 0.7194 -0.0486
vn 0.6815 0.7124 -0.1675
vn 0.6772 0.6649 -0.3152
vn 0.9461 0.1783 -0.2704
vn 0.6720 0.6175 -0.4088
vn 0.8636 0.4019 -0.3045
vn 0.8463 0.3705 -0.3828
vn 0.8010 0.5672 -0.1918
vn 0.9614 0.1938 -0.1956
vn 0.8077 0.5857 -0.0669
vn 0.9715 0.1929 -0.1378
vn 0.9812 0.0038 0.1929
vn 0.9935 -0.0165 0.1125
vn 0.9998 -0.0178 -0.0101
vn 0.9872 0.1594 -0.0085
vn 0.9519 0.2567 0.1671
vn 0.8414 0.4427 -0.3100
vn 0.9147 -0.0349 -0.4027
vn 0.9808 0.1902 -0.0427
vn 0.8945 -0.4260 -0.1361
vn 0.9588 -0.1790 -0.2205
vn 0.9792 -0.1435 -0.1437
vn 0.7038 -0.6739 -0.2247
vn 0.8893 -0.3903 -0.2384
vn 0.9394 -0.3376 0.0596
vn 0.7199 -0.6676 -0.1899
vn 0.6282 -0.6710 -0.3938
vn -0.7812 -0.6194 0.0777
vn -0.5563 -0.8209 0.1289
vn -0.2964 -0.8895 0.3477
vn -0.6941 -0.7196 0.0192
vn -0.3804 -0.9045 0.1929
vn -0.5593 -0.8007 0.2145
vn -0.3271 -0.9428 -0.0643
vn -0.6361 -0.7550 0.1594
vn -0.2173 -0.9698 0.1109
vn -0.1886 -0.9744 0.1220
vn -0.0353 -0.9705 0.2384
vn -0.6014 -0.7638 0.2343
vn -0.1953 -0.8595 0.4723
vn -0.0948 -0.8259 0.5559
vn -0.5812 -0.6362 0.5074
vn 0.0458 -0.8710 0.4892
vn -0.5768 -0.7790 0.2458
vn 0.6197 0.7722 -0.1403
vn 0.0679 0.1188 0.9906
vn 0.3790 -0.9231 -0.0648
vn 0.5346 -0.8397 -0.0957
vn 0.3405 -0.9211 0.1887
vn 0.2646 -0.9384 0.2224
vn 0.5636 -0.8187 0.1099
vn 0.1459 -0.9885 -0.0388
vn 0.3626 -0.9071 -0.2136
vn 0.3817 -0.6592 -0.6479
vn 0.3391 -0.3635 -0.8677
vn 0.5092 -0.8345 -0.2106
vn 0.9578 -0.2662 -0.1088
vn 0.9840 0.0094 -0.1781
vn 0.9140 0.1482 0.3776
vn 0.9401 -0.2599 0.2206
vn 0.6871 -0.7223 -0.0782
vn 0.7128 -0.6890 0.1314
vn 0.9087 -0.2507 -0.3338
vn 0.9317 -0.0139 -0.3630
vn 0.6439 0.3595 -0.6753
vn 0.8434 -0.4357 -0.3145
vn 0.8736 -0.4829 -0.0600
vn 0.6593 -0.7160 -0.2294
vn 0.8582 -0.4852 0.1673
vn -0.4362 0.8993 0.0319
vn -0.8052 -0.3383 0.4871
vn 0.4517 0.2936 0.8425
vn -0.3267 0.9195 0.2185
vn -0.5722 0.7992 -0.1841
vn -0.6353 0.7213 0.2761
vn -0.3874 0.9003 0.1985
vn -0.4903 0.8317 0.2605
vn -0.7291 0.3923 0.5608
vn -0.8464 0.3289 0.4188
vn -0.9345 0.1304 0.3313
vn -0.9390 0.1912 0.2858
vn -0.4457 0.3275 0.8331
vn -0.6248 -0.6255 0.4674
vn 0.4472 0.2405 0.8615
vn 0.3273 -0.2192 0.9191
vn 0.4502 0.2559 0.8555
vn 0.1597 -0.5589 0.8137
vt 0.714000 0.871200
vt 0.706500 0.885700
vt 0.704000 0.878700
vt 0.708200 0.871200
vt 0.687400 0.863000
vt 0.683900 0.871500
vt 0.676400 0.871500
vt 0.683100 0.856500
vt 0.676800 0.859300
vt 0.684400 0.886000
vt 0.678000 0.883600
vt 0.688400 0.880000
vt 0.969100 0.580700
vt 0.962400 0.583100
vt 0.962000 0.562400
vt 0.967900 0.565600
vt 0.964600 0.555600
vt 0.976800 0.555500
vt 0.976200 0.563400
vt 0.975100 0.582600
vt 0.962600 0.610600
vt 0.988800 0.557100
vt 0.990600 0.564200
vt 0.984200 0.566600
vt 0.981800 0.581000
vt 0.987600 0.584700
vt 0.972000 0.632200
vt 0.976500 0.630400
vt 0.981000 0.635000
vt 0.971600 0.638600
vt 0.968200 0.616800
vt 0.966600 0.622700
vt 0.960100 0.621900
vt 0.703600 0.871300
vt 0.701300 0.867700
vt 0.703300 0.864200
vt 0.689600 0.866400
vt 0.688100 0.871400
vt 0.701800 0.874800
vt 0.754800 0.875600
vt 0.751800 0.872600
vt 0.752600 0.870600
vt 0.756900 0.870400
vt 0.746500 0.867700
vt 0.743200 0.868900
vt 0.739800 0.865800
vt 0.746300 0.863400
vt 0.706100 0.891200
vt 0.735300 0.883600
vt 0.735700 0.889600
vt 0.749000 0.889100
vt 0.747700 0.884300
vt 0.762600 0.882300
vt 0.759300 0.879400
vt 0.767100 0.869700
vt 0.762700 0.869900
vt 0.733800 0.853700
vt 0.746900 0.852500
vt 0.746100 0.857400
vt 0.733700 0.859600
vt 0.682300 0.851600
vt 0.705500 0.851800
vt 0.704800 0.857800
vt 0.673600 0.857000
vt 0.671500 0.871700
vt 0.674500 0.885900
vt 0.682200 0.891400
vt 0.983900 0.611900
vt 0.977500 0.617400
vt 0.972900 0.616400
vt 0.738700 0.871300
vt 0.733600 0.871300
vt 0.973400 0.515500
vt 0.974800 0.501800
vt 0.986800 0.502200
vt 0.987100 0.516100
vt 0.973200 0.530200
vt 0.986000 0.530700
vt 0.973900 0.488900
vt 0.988400 0.489400
vt 0.986400 0.539400
vt 0.972100 0.538800
vt 0.969100 0.515900
vt 0.967300 0.500700
vt 0.970200 0.529000
vt 0.989200 0.529800
vt 0.991400 0.516700
vt 0.913300 0.853900
vt 0.911500 0.853900
vt 0.912500 0.835900
vt 0.914300 0.836000
vt 0.958100 0.868000
vt 0.958300 0.866200
vt 0.963500 0.867300
vt 0.963300 0.868600
vt 0.918800 0.835600
vt 0.917800 0.853800
vt 0.938500 0.891900
vt 0.938400 0.890200
vt 0.955000 0.891100
vt 0.955300 0.892800
vt 0.924500 0.891600
vt 0.924700 0.890700
vt 0.911000 0.891300
vt 0.910800 0.870800
vt 0.923400 0.870700
vt 0.910800 0.868800
vt 0.923200 0.869200
vt 0.899500 0.869500
vt 0.903900 0.868900
vt 0.899500 0.870500
vt 0.907100 0.891500
vt 0.899100 0.891800
vt 0.907000 0.870800
vt 0.937200 0.868500
vt 0.937200 0.870600
vt 0.932500 0.835200
vt 0.944900 0.834800
vt 0.944600 0.852000
vt 0.932300 0.852100
vt 0.956500 0.851900
vt 0.956000 0.834300
vt 0.952900 0.870200
vt 0.911200 0.892700
vt 0.953100 0.868200
vt 0.963600 0.870300
vt 0.957900 0.870200
vt 0.970900 0.869000
vt 0.971200 0.870300
vt 0.965500 0.890900
vt 0.972900 0.891100
vt 0.972900 0.870100
vt 0.972100 0.868200
vt 0.958900 0.891100
vt 0.960300 0.893500
vt 0.965700 0.892700
vt 0.972400 0.892300
vt 0.974300 0.891400
vt 0.973600 0.892900
vt 0.966100 0.894000
vt 0.907500 0.836100
vt 0.907500 0.854200
vt 0.901100 0.855300
vt 0.900100 0.836900
vt 0.961800 0.894600
vt 0.897700 0.870200
vt 0.898600 0.868100
vt 0.903700 0.867700
vt 0.907400 0.868400
vt 0.907300 0.869100
vt 0.961700 0.851200
vt 0.960700 0.834400
vt 0.964100 0.833800
vt 0.965200 0.851900
vt 0.904600 0.894800
vt 0.898100 0.894200
vt 0.900000 0.893100
vt 0.904300 0.893300
vt 0.897300 0.892100
vt 0.959600 0.834300
vt 0.960000 0.852000
vt 0.970800 0.851500
vt 0.968500 0.833100
vt 0.970300 0.833000
vt 0.972600 0.851500
vt 0.907600 0.892900
vt 0.908400 0.894500
vt 0.757400 0.931000
vt 0.759300 0.908800
vt 0.761800 0.909600
vt 0.759300 0.930800
vt 0.693900 0.975100
vt 0.700800 0.976600
vt 0.700800 0.978800
vt 0.692400 0.976500
vt 0.705900 0.973800
vt 0.705600 0.948300
vt 0.725800 0.949500
vt 0.727500 0.973800
vt 0.706700 0.946000
vt 0.725900 0.947700
vt 0.702200 0.945800
vt 0.693200 0.947700
vt 0.693600 0.946700
vt 0.693700 0.973600
vt 0.743300 0.950000
vt 0.744400 0.974100
vt 0.743500 0.948200
vt 0.754500 0.947800
vt 0.754500 0.949900
vt 0.767200 0.949600
vt 0.764100 0.947100
vt 0.769200 0.946800
vt 0.716600 0.905700
vt 0.726200 0.906600
vt 0.723100 0.928400
vt 0.714500 0.927200
vt 0.692100 0.945100
vt 0.702400 0.943400
vt 0.774100 0.933200
vt 0.771900 0.932800
vt 0.776000 0.909300
vt 0.777600 0.909700
vt 0.690900 0.947100
vt 0.766800 0.908100
vt 0.764200 0.932500
vt 0.708200 0.943600
vt 0.775500 0.972800
vt 0.766700 0.973300
vt 0.777200 0.949000
vt 0.776100 0.947800
vt 0.766000 0.944600
vt 0.769700 0.945300
vt 0.778000 0.946500
vt 0.779100 0.948500
vt 0.754600 0.973600
vt 0.744700 0.976300
vt 0.754600 0.976100
vt 0.774600 0.974600
vt 0.768700 0.976600
vt 0.777500 0.973200
vt 0.690900 0.974000
vt 0.663100 0.943200
vt 0.663200 0.945300
vt 0.657500 0.943900
vt 0.655700 0.941200
vt 0.669700 0.946600
vt 0.671100 0.945300
vt 0.658400 0.948000
vt 0.630300 0.946400
vt 0.630400 0.944300
vt 0.657200 0.971900
vt 0.630700 0.970500
vt 0.656400 0.974300
vt 0.630500 0.972100
vt 0.660500 0.974400
vt 0.668600 0.971800
vt 0.668100 0.973200
vt 0.669600 0.949000
vt 0.611300 0.970100
vt 0.611500 0.968100
vt 0.598700 0.967200
vt 0.601800 0.969300
vt 0.597600 0.969300
vt 0.596800 0.922600
vt 0.595900 0.904900
vt 0.598200 0.905000
vt 0.598000 0.922900
vt 0.602500 0.941100
vt 0.603500 0.943000
vt 0.600500 0.942900
vt 0.599500 0.941100
vt 0.592000 0.942200
vt 0.590100 0.941200
vt 0.600800 0.945100
vt 0.590700 0.966500
vt 0.590900 0.943800
vt 0.591400 0.967900
vt 0.663300 0.921700
vt 0.663800 0.903800
vt 0.665200 0.903800
vt 0.664700 0.921700
vt 0.656600 0.904500
vt 0.657800 0.921300
vt 0.655400 0.921500
vt 0.654500 0.905500
vt 0.599400 0.971100
vt 0.596400 0.971000
vt 0.589500 0.968800
vt 0.588800 0.966800
vt 0.613000 0.945600
vt 0.613400 0.943300
vt 0.589100 0.943000
vt 0.672200 0.948600
vt 0.670400 0.972400
vt 0.802300 0.855000
vt 0.800700 0.854900
vt 0.801500 0.839200
vt 0.803100 0.839200
vt 0.855300 0.867200
vt 0.855500 0.865400
vt 0.861200 0.866500
vt 0.860900 0.867900
vt 0.834100 0.893100
vt 0.834000 0.891200
vt 0.852000 0.892200
vt 0.852300 0.894100
vt 0.819000 0.892800
vt 0.819200 0.891800
vt 0.804400 0.892400
vt 0.804200 0.870300
vt 0.817800 0.870200
vt 0.804200 0.868100
vt 0.817600 0.868500
vt 0.800200 0.892600
vt 0.791500 0.893000
vt 0.792000 0.869900
vt 0.800100 0.870200
vt 0.832800 0.867800
vt 0.832700 0.870100
vt 0.849700 0.869600
vt 0.804600 0.893900
vt 0.849900 0.867400
vt 0.861200 0.869700
vt 0.855100 0.869700
vt 0.869100 0.868400
vt 0.869400 0.869800
vt 0.863300 0.892000
vt 0.871300 0.892300
vt 0.871300 0.869500
vt 0.870400 0.867500
vt 0.856100 0.892200
vt 0.857700 0.894800
vt 0.863500 0.894000
vt 0.870700 0.893500
vt 0.872800 0.892500
vt 0.872000 0.894200
vt 0.863900 0.895400
vt 0.859200 0.896100
vt 0.790100 0.869600
vt 0.792100 0.868800
vt 0.791000 0.867300
vt 0.796600 0.866900
vt 0.796800 0.868200
vt 0.797500 0.896200
vt 0.790500 0.895600
vt 0.792500 0.894300
vt 0.797200 0.894600
vt 0.789600 0.893300
vt 0.852900 0.852900
vt 0.850900 0.836700
vt 0.852500 0.836600
vt 0.854500 0.852800
vt 0.800400 0.868400
vt 0.800800 0.894100
vt 0.586200 0.845800
vt 0.596100 0.840300
vt 0.599400 0.845100
vt 0.590700 0.834700
vt 0.564300 0.842900
vt 0.567200 0.822800
vt 0.582800 0.829000
vt 0.553700 0.820200
vt 0.544500 0.841700
vt 0.564900 0.858500
vt 0.543800 0.856800
vt 0.538300 0.821600
vt 0.516600 0.854600
vt 0.490200 0.860000
vt 0.501400 0.841700
vt 0.524000 0.840700
vt 0.514600 0.832100
vt 0.525100 0.826100
vt 0.591100 0.860600
vt 0.607200 0.860100
vt 0.609000 0.871300
vt 0.585800 0.880700
vt 0.562100 0.878700
vt 0.542400 0.877100
vt 0.559600 0.889400
vt 0.543700 0.889900
vt 0.493100 0.884300
vt 0.488600 0.875800
vt 0.513600 0.875900
vt 0.514600 0.887000
vt 0.583100 0.891300
vt 0.608900 0.883900
vt 0.608900 0.889200
vt 0.759300 0.835900
vt 0.755700 0.835700
vt 0.756600 0.828600
vt 0.751900 0.834300
vt 0.746900 0.831400
vt 0.739500 0.825400
vt 0.748700 0.818000
vt 0.734200 0.819500
vt 0.740600 0.806400
vt 0.730300 0.811500
vt 0.728100 0.787700
vt 0.733400 0.776400
vt 0.739500 0.790600
vt 0.728200 0.804000
vt 0.727400 0.797200
vt 0.735000 0.798900
vt 0.775700 0.834400
vt 0.769300 0.836700
vt 0.766300 0.827400
vt 0.740200 0.770500
vt 0.748600 0.782500
vt 0.597600 0.838500
vt 0.602200 0.843800
vt 0.592300 0.833000
vt 0.567800 0.820700
vt 0.583500 0.826900
vt 0.553700 0.818100
vt 0.537900 0.819400
vt 0.488200 0.859400
vt 0.499700 0.840300
vt 0.513600 0.830300
vt 0.524400 0.824100
vt 0.609300 0.859500
vt 0.611200 0.871200
vt 0.487000 0.876000
vt 0.610500 0.883800
vt 0.441700 0.856800
vt 0.463500 0.846700
vt 0.458400 0.890700
vt 0.439700 0.894100
vt 0.442200 0.812800
vt 0.461500 0.811400
vt 0.438700 0.779400
vt 0.454300 0.784900
vt 0.408900 0.816100
vt 0.377800 0.813500
vt 0.391200 0.798300
vt 0.402600 0.789200
vt 0.417800 0.781500
vt 0.408500 0.851300
vt 0.409500 0.896600
vt 0.420800 0.909300
vt 0.406400 0.899800
vt 0.449600 0.923500
vt 0.440600 0.924800
vt 0.455800 0.918600
vt 0.423400 0.925200
vt 0.404000 0.916100
vt 0.397100 0.887400
vt 0.401100 0.883900
vt 0.369500 0.833200
vt 0.368600 0.859800
vt 0.388000 0.872400
vt 0.384400 0.874700
vt 0.372400 0.879400
vt 0.386600 0.904300
vt 0.831800 0.807000
vt 0.833800 0.805800
vt 0.835700 0.813700
vt 0.839900 0.823900
vt 0.826800 0.819200
vt 0.842100 0.816900
vt 0.840500 0.807500
vt 0.827700 0.800800
vt 0.830300 0.799700
vt 0.827500 0.792200
vt 0.831300 0.788700
vt 0.838500 0.798700
vt 0.825500 0.792900
vt 0.439000 0.776300
vt 0.455900 0.782300
vt 0.374600 0.811600
vt 0.388700 0.795600
vt 0.400600 0.786000
vt 0.416800 0.778100
vt 0.440800 0.928200
vt 0.422700 0.928700
vt 0.402100 0.919200
vt 0.366000 0.832400
vt 0.365100 0.860300
vt 0.384200 0.906300
vt 0.369200 0.880600
vt 0.083500 0.365900
vt 0.104900 0.373700
vt 0.103400 0.401700
vt 0.075200 0.394700
vt 0.057400 0.219700
vt 0.074300 0.196400
vt 0.074600 0.224600
vt 0.093792 0.211858
vt 0.093359 0.228892
vt 0.039400 0.185200
vt 0.057100 0.187300
vt 0.037100 0.216500
vt 0.057300 0.252900
vt 0.058000 0.289500
vt 0.034900 0.284900
vt 0.036500 0.248900
vt 0.011200 0.276500
vt 0.011200 0.241700
vt 0.076200 0.258700
vt 0.093067 0.264146
vt 0.073700 0.295000
vt 0.091630 0.301988
vt 0.094311 0.196768
vt 0.075500 0.159100
vt 0.097603 0.164658
vt 0.056900 0.156500
vt 0.074800 0.134000
vt 0.057500 0.130700
vt 0.098322 0.136989
vt 0.074800 0.104900
vt 0.097506 0.108788
vt 0.058700 0.102900
vt 0.041500 0.154400
vt 0.041800 0.128700
vt 0.240928 0.109409
vt 0.221699 0.112463
vt 0.224500 0.082000
vt 0.241700 0.080000
vt 0.199300 0.081300
vt 0.225000 0.079200
vt 0.198900 0.083800
vt 0.303652 0.115993
vt 0.279752 0.120905
vt 0.284900 0.079400
vt 0.303700 0.078800
vt 0.215485 0.291018
vt 0.240868 0.288391
vt 0.240487 0.324951
vt 0.215379 0.326365
vt 0.214296 0.254186
vt 0.238921 0.249794
vt 0.236000 0.366300
vt 0.212900 0.371200
vt 0.184500 0.445400
vt 0.184800 0.469700
vt 0.153300 0.465500
vt 0.153500 0.443900
vt 0.184700 0.419600
vt 0.154000 0.419200
vt 0.153300 0.487000
vt 0.185400 0.493600
vt 0.153700 0.510100
vt 0.186200 0.517100
vt 0.129700 0.460400
vt 0.129600 0.440300
vt 0.105600 0.453700
vt 0.104300 0.429200
vt 0.129900 0.413600
vt 0.106600 0.477800
vt 0.129900 0.481900
vt 0.130400 0.504800
vt 0.107500 0.502500
vt 0.131300 0.529900
vt 0.132100 0.555800
vt 0.109400 0.553700
vt 0.108500 0.527800
vt 0.154500 0.535000
vt 0.155600 0.560600
vt 0.109900 0.580300
vt 0.110400 0.607200
vt 0.091500 0.606500
vt 0.090800 0.580400
vt 0.089900 0.554200
vt 0.132800 0.582500
vt 0.156300 0.586600
vt 0.133200 0.609000
vt 0.156700 0.612400
vt 0.089000 0.528200
vt 0.088200 0.502500
vt 0.187100 0.541400
vt 0.188100 0.566300
vt 0.211000 0.543400
vt 0.210600 0.568500
vt 0.211200 0.519600
vt 0.209900 0.472200
vt 0.210500 0.496200
vt 0.083100 0.425700
vt 0.085800 0.451600
vt 0.087400 0.477300
vt 0.209900 0.421100
vt 0.209700 0.446200
vt 0.228700 0.421600
vt 0.228200 0.449000
vt 0.247900 0.424300
vt 0.247400 0.448400
vt 0.228200 0.472500
vt 0.247300 0.471500
vt 0.260300 0.446300
vt 0.261500 0.422800
vt 0.290100 0.438500
vt 0.290000 0.413600
vt 0.289300 0.460900
vt 0.260500 0.469800
vt 0.321000 0.449700
vt 0.319500 0.422900
vt 0.322500 0.401500
vt 0.289700 0.384300
vt 0.322700 0.372600
vt 0.291056 0.359225
vt 0.324201 0.350613
vt 0.261800 0.394200
vt 0.228400 0.495700
vt 0.229100 0.518600
vt 0.247500 0.493500
vt 0.248000 0.516200
vt 0.289100 0.483700
vt 0.261700 0.491800
vt 0.229500 0.392500
vt 0.249400 0.394200
vt 0.210700 0.391300
vt 0.068700 0.332100
vt 0.089784 0.339740
vt 0.056500 0.325300
vt 0.034200 0.317000
vt 0.011200 0.305300
vt 0.033400 0.339600
vt 0.053200 0.347800
vt 0.033900 0.356900
vt 0.049600 0.368000
vt 0.011200 0.339900
vt 0.011200 0.326300
vt 0.062000 0.377900
vt 0.066000 0.356100
vt 0.011200 0.357700
vt 0.011200 0.347400
vt 0.036100 0.367600
vt 0.028600 0.373600
vt 0.518400 0.331900
vt 0.521800 0.337900
vt 0.521000 0.343000
vt 0.511500 0.340900
vt 0.517000 0.325600
vt 0.505700 0.331600
vt 0.521900 0.356600
vt 0.507300 0.355300
vt 0.483200 0.304600
vt 0.501400 0.298800
vt 0.503000 0.317100
vt 0.485500 0.327400
vt 0.491400 0.345900
vt 0.464100 0.336400
vt 0.470700 0.363800
vt 0.464100 0.310400
vt 0.443925 0.341953
vt 0.459900 0.365200
vt 0.445500 0.369300
vt 0.422398 0.348440
vt 0.423400 0.369900
vt 0.422042 0.320785
vt 0.443001 0.315693
vt 0.454353 0.339636
vt 0.445300 0.393100
vt 0.415800 0.395400
vt 0.467700 0.390000
vt 0.466200 0.414100
vt 0.445200 0.419900
vt 0.424300 0.424900
vt 0.515200 0.312900
vt 0.515200 0.298900
vt 0.502200 0.267000
vt 0.515200 0.265600
vt 0.503300 0.233000
vt 0.515200 0.231000
vt 0.483400 0.120900
vt 0.466700 0.122800
vt 0.466200 0.097100
vt 0.482500 0.095200
vt 0.481000 0.068600
vt 0.464900 0.070600
vt 0.464500 0.069200
vt 0.480700 0.067700
vt 0.467000 0.147600
vt 0.484000 0.145500
vt 0.483800 0.175000
vt 0.467000 0.175300
vt 0.484100 0.269300
vt 0.487200 0.234100
vt 0.444897 0.244505
vt 0.466100 0.239000
vt 0.464800 0.273600
vt 0.443722 0.278750
vt 0.423099 0.250997
vt 0.422063 0.285139
vt 0.424355 0.217931
vt 0.445001 0.211316
vt 0.400771 0.258874
vt 0.402213 0.292909
vt 0.379087 0.266944
vt 0.380045 0.301760
vt 0.402308 0.221824
vt 0.366841 0.308255
vt 0.328491 0.315636
vt 0.331038 0.280600
vt 0.366040 0.274832
vt 0.380575 0.332062
vt 0.363665 0.339561
vt 0.402264 0.323704
vt 0.363155 0.107277
vt 0.331550 0.111890
vt 0.331600 0.078200
vt 0.362000 0.078600
vt 0.364194 0.137934
vt 0.376804 0.135106
vt 0.378356 0.158894
vt 0.364696 0.164193
vt 0.405040 0.180868
vt 0.424012 0.184058
vt 0.424336 0.204462
vt 0.404127 0.204883
vt 0.405178 0.163632
vt 0.378959 0.169567
vt 0.333102 0.135648
vt 0.448886 0.123782
vt 0.449700 0.098100
vt 0.448500 0.071900
vt 0.448200 0.070500
vt 0.431396 0.099711
vt 0.430600 0.073900
vt 0.302100 0.655000
vt 0.305100 0.687800
vt 0.287600 0.690000
vt 0.286200 0.656400
vt 0.268300 0.692300
vt 0.266600 0.659200
vt 0.330900 0.650600
vt 0.332300 0.684800
vt 0.446000 0.640700
vt 0.446800 0.677100
vt 0.426100 0.678100
vt 0.425500 0.642000
vt 0.465600 0.639600
vt 0.467000 0.676300
vt 0.404300 0.643500
vt 0.405100 0.679200
vt 0.383800 0.680000
vt 0.383000 0.645100
vt 0.361500 0.646900
vt 0.362300 0.682300
vt 0.403800 0.612800
vt 0.425400 0.610500
vt 0.381800 0.615600
vt 0.380500 0.586500
vt 0.402900 0.583200
vt 0.424700 0.579800
vt 0.329000 0.623200
vt 0.360400 0.618200
vt 0.326800 0.595300
vt 0.359000 0.589900
vt 0.446000 0.609000
vt 0.445700 0.577100
vt 0.466000 0.575700
vt 0.465900 0.607800
vt 0.485500 0.539700
vt 0.466800 0.542400
vt 0.467900 0.511000
vt 0.487700 0.507800
vt 0.510000 0.537300
vt 0.511600 0.505300
vt 0.510400 0.572900
vt 0.484200 0.574100
vt 0.446400 0.515600
vt 0.445900 0.546800
vt 0.424700 0.550100
vt 0.424100 0.520700
vt 0.511000 0.636700
vt 0.484800 0.638200
vt 0.484800 0.606500
vt 0.511200 0.605600
vt 0.485900 0.675000
vt 0.513700 0.674500
vt 0.189800 0.665300
vt 0.191200 0.698000
vt 0.157700 0.696500
vt 0.157100 0.663100
vt 0.189300 0.616200
vt 0.189400 0.640800
vt 0.156800 0.637900
vt 0.188800 0.591300
vt 0.209800 0.592100
vt 0.133500 0.635700
vt 0.133800 0.661600
vt 0.111600 0.660600
vt 0.111100 0.634400
vt 0.092600 0.660000
vt 0.091900 0.633900
vt 0.093500 0.694600
vt 0.112300 0.695000
vt 0.134600 0.695800
vt 0.423900 0.494200
vt 0.446500 0.488500
vt 0.423500 0.469800
vt 0.446000 0.464300
vt 0.468500 0.483300
vt 0.468300 0.458800
vt 0.401100 0.499800
vt 0.378600 0.505900
vt 0.377800 0.481400
vt 0.400600 0.474900
vt 0.401700 0.525300
vt 0.378900 0.530900
vt 0.354500 0.464400
vt 0.380400 0.459700
vt 0.355900 0.488000
vt 0.321100 0.473400
vt 0.322100 0.497600
vt 0.353600 0.440700
vt 0.376600 0.435300
vt 0.290200 0.530600
vt 0.322800 0.521800
vt 0.324400 0.546500
vt 0.291800 0.555000
vt 0.324900 0.573400
vt 0.294100 0.579900
vt 0.298800 0.628600
vt 0.266300 0.586400
vt 0.265800 0.561200
vt 0.356700 0.537500
vt 0.379500 0.560300
vt 0.357800 0.565200
vt 0.356600 0.512200
vt 0.402000 0.554900
vt 0.396800 0.425100
vt 0.400500 0.401600
vt 0.380300 0.387900
vt 0.402400 0.380400
vt 0.377400 0.412000
vt 0.396000 0.367500
vt 0.401954 0.353550
vt 0.379500 0.374000
vt 0.380800 0.358701
vt 0.357651 0.363126
vt 0.356700 0.389900
vt 0.355300 0.417100
vt 0.423300 0.447100
vt 0.399900 0.451500
vt 0.445600 0.441800
vt 0.467800 0.435900
vt 0.293664 0.320675
vt 0.061700 0.075300
vt 0.076700 0.076900
vt 0.230200 0.542400
vt 0.285800 0.075300
vt 0.303600 0.074900
vt 0.303500 0.076200
vt 0.285500 0.076500
vt 0.266400 0.075100
vt 0.266000 0.076400
vt 0.283000 0.033600
vt 0.286100 0.073200
vt 0.266700 0.072900
vt 0.261200 0.034500
vt 0.250900 0.075800
vt 0.251400 0.072900
vt 0.241800 0.077100
vt 0.225300 0.076000
vt 0.242300 0.073600
vt 0.474300 0.037300
vt 0.458800 0.036900
vt 0.457500 0.012200
vt 0.472600 0.012200
vt 0.490400 0.037200
vt 0.484500 0.012200
vt 0.426900 0.036800
vt 0.443600 0.037300
vt 0.446700 0.068700
vt 0.429700 0.071200
vt 0.462700 0.066900
vt 0.384200 0.037600
vt 0.406600 0.036700
vt 0.409900 0.072400
vt 0.386300 0.074300
vt 0.360800 0.012200
vt 0.381400 0.012200
vt 0.361600 0.040500
vt 0.332600 0.036100
vt 0.335800 0.012200
vt 0.404100 0.012200
vt 0.425100 0.012200
vt 0.442200 0.012200
vt 0.306700 0.012200
vt 0.304200 0.033500
vt 0.303900 0.073100
vt 0.331400 0.073000
vt 0.281200 0.012200
vt 0.260700 0.012200
vt 0.240100 0.035400
vt 0.234900 0.012200
vt 0.220100 0.036400
vt 0.219600 0.012200
vt 0.331400 0.075200
vt 0.331300 0.077000
vt 0.361700 0.075300
vt 0.386400 0.075300
vt 0.386500 0.076100
vt 0.361900 0.077500
vt 0.361800 0.076500
vt 0.410000 0.073400
vt 0.430100 0.072200
vt 0.430400 0.072900
vt 0.410100 0.074300
vt 0.447500 0.069500
vt 0.463700 0.067800
vt 0.479900 0.065500
vt 0.497400 0.062300
vt 0.515200 0.058200
vt 0.033800 0.061100
vt 0.041800 0.042800
vt 0.052400 0.043600
vt 0.049000 0.069800
vt 0.065100 0.044300
vt 0.063500 0.071600
vt 0.079800 0.036300
vt 0.078200 0.071700
vt 0.095000 0.036100
vt 0.093100 0.072600
vt 0.077100 0.074800
vt 0.062200 0.073700
vt 0.062900 0.072700
vt 0.077600 0.073700
vt 0.105700 0.072600
vt 0.117400 0.037700
vt 0.117600 0.075300
vt 0.080100 0.012200
vt 0.094700 0.012200
vt 0.066200 0.012200
vt 0.053600 0.012200
vt 0.045600 0.012200
vt 0.480000 0.066500
vt 0.515200 0.039500
vt 0.515200 0.012200
vt 0.116000 0.012200
vt 0.137300 0.012200
vt 0.139800 0.038400
vt 0.162000 0.037000
vt 0.158200 0.012200
vt 0.191300 0.012200
vt 0.193700 0.036500
vt 0.199800 0.076900
vt 0.225400 0.073400
vt 0.183000 0.077800
vt 0.155000 0.078100
vt 0.142300 0.077500
vt 0.199800 0.078200
vt 0.665900 0.835200
vt 0.660000 0.836300
vt 0.655000 0.799400
vt 0.651100 0.836200
vt 0.672000 0.834400
vt 0.678100 0.833100
vt 0.684100 0.830800
vt 0.689500 0.827300
vt 0.694000 0.822600
vt 0.698900 0.814600
vt 0.702500 0.793700
vt 0.702600 0.800200
vt 0.701900 0.806300
vt 0.701600 0.788000
vt 0.700100 0.783400
vt 0.697300 0.778100
vt 0.683700 0.768700
vt 0.693100 0.774200
vt 0.244100 0.726800
vt 0.265100 0.728700
vt 0.260700 0.747200
vt 0.241400 0.747200
vt 0.228100 0.727200
vt 0.225000 0.747200
vt 0.206000 0.747200
vt 0.193200 0.747200
vt 0.193000 0.727800
vt 0.208200 0.726800
vt 0.281900 0.747200
vt 0.285600 0.728500
vt 0.305300 0.747200
vt 0.304700 0.727700
vt 0.305600 0.710000
vt 0.331700 0.708100
vt 0.331400 0.726500
vt 0.332600 0.703100
vt 0.306200 0.705300
vt 0.381500 0.723400
vt 0.377200 0.747200
vt 0.358800 0.747200
vt 0.360400 0.725000
vt 0.332600 0.747200
vt 0.361200 0.705700
vt 0.362300 0.700500
vt 0.384100 0.698300
vt 0.382800 0.703200
vt 0.287600 0.707000
vt 0.287200 0.711100
vt 0.267500 0.712600
vt 0.267800 0.708900
vt 0.447400 0.717300
vt 0.450800 0.747200
vt 0.430100 0.747200
vt 0.426100 0.717900
vt 0.467800 0.717000
vt 0.470000 0.747200
vt 0.406400 0.747200
vt 0.404100 0.719400
vt 0.467400 0.697600
vt 0.446900 0.698200
vt 0.425600 0.698800
vt 0.447100 0.695300
vt 0.426100 0.696200
vt 0.467500 0.694400
vt 0.486600 0.697000
vt 0.486800 0.716900
vt 0.486600 0.693600
vt 0.513600 0.693300
vt 0.513800 0.696600
vt 0.514200 0.716600
vt 0.404300 0.700400
vt 0.405100 0.697200
vt 0.514900 0.747200
vt 0.488300 0.747200
vt 0.663800 0.763200
vt 0.669500 0.764200
vt 0.658000 0.762600
vt 0.652600 0.762600
vt 0.095100 0.728100
vt 0.114800 0.728100
vt 0.116700 0.747200
vt 0.096600 0.747200
vt 0.676500 0.766100
vt 0.137700 0.728300
vt 0.161000 0.728500
vt 0.161900 0.747200
vt 0.139400 0.747200
vt 0.136600 0.712700
vt 0.159900 0.713100
vt 0.113700 0.712500
vt 0.135700 0.711200
vt 0.113100 0.710700
vt 0.158800 0.711000
vt 0.192400 0.713600
vt 0.192200 0.711600
vt 0.208700 0.713500
vt 0.246400 0.713100
vt 0.228600 0.713300
vt 0.246500 0.711200
vt 0.247000 0.697100
vt 0.094200 0.712800
vt 0.094200 0.710900
vt 0.074000 0.728000
vt 0.052600 0.728800
vt 0.052600 0.713000
vt 0.073800 0.713300
vt 0.075500 0.747200
vt 0.052600 0.747200
vt 0.242200 0.071600
vt 0.251800 0.070600
vt 0.228600 0.711400
vt 0.208800 0.711600
vt 0.074000 0.711600
vt 0.074100 0.694900
vt 0.073800 0.659700
vt 0.073300 0.633900
vt 0.057800 0.634800
vt 0.057900 0.660800
vt 0.072900 0.607000
vt 0.057500 0.607800
vt 0.072200 0.581500
vt 0.056600 0.582400
vt 0.071600 0.555800
vt 0.056400 0.557800
vt 0.071000 0.529800
vt 0.056000 0.531200
vt 0.070500 0.503300
vt 0.056800 0.505000
vt 0.070300 0.477500
vt 0.057600 0.479100
vt 0.069100 0.452500
vt 0.058300 0.454100
vt 0.066800 0.428000
vt 0.060100 0.431100
vt 0.062900 0.408900
vt 0.057900 0.410600
vt 0.054600 0.394600
vt 0.045300 0.380000
vt 0.037900 0.388600
vt 0.050000 0.398700
vt 0.045800 0.405400
vt 0.052600 0.711100
vt 0.057300 0.695000
vt 0.498100 0.064500
vt 0.497800 0.063700
vt 0.500200 0.092900
vt 0.498300 0.065300
vt 0.515200 0.062900
vt 0.515200 0.090400
vt 0.500400 0.119300
vt 0.515200 0.116000
vt 0.011200 0.098900
vt 0.027400 0.098900
vt 0.027100 0.128200
vt 0.011200 0.128900
vt 0.026300 0.151200
vt 0.500900 0.143800
vt 0.515200 0.139400
vt 0.011200 0.151400
vt 0.501500 0.172900
vt 0.019300 0.183000
vt 0.502300 0.202000
vt 0.484100 0.204600
vt 0.011200 0.212800
vt 0.011200 0.180900
vt 0.515200 0.202200
vt 0.515200 0.169400
vt 0.029800 0.071500
vt 0.029600 0.073700
vt 0.011200 0.073600
vt 0.011200 0.071100
vt 0.047300 0.073800
vt 0.047900 0.072300
vt 0.030200 0.070000
vt 0.039200 0.071500
vt 0.038800 0.072900
vt 0.515200 0.060100
vt 0.515200 0.061700
vt 0.011200 0.068100
vt 0.011200 0.063300
vt 0.043100 0.101200
vt 0.046800 0.075800
vt 0.039100 0.075000
vt 0.093900 0.077900
vt 0.092500 0.074600
vt 0.093600 0.076300
vt 0.105100 0.076300
vt 0.105400 0.077400
vt 0.129000 0.076400
vt 0.106400 0.079300
vt 0.117200 0.077800
vt 0.117200 0.080100
vt 0.117300 0.077400
vt 0.195676 0.115490
vt 0.183900 0.082300
vt 0.182900 0.079200
vt 0.167200 0.079000
vt 0.167500 0.077800
vt 0.182800 0.080000
vt 0.154800 0.079600
vt 0.154400 0.081300
vt 0.142200 0.080700
vt 0.142200 0.079300
vt 0.129000 0.078800
vt 0.142000 0.082900
vt 0.130000 0.081400
vt 0.128800 0.078200
vt 0.163800 0.115940
vt 0.140083 0.113859
vt 0.153500 0.082800
vt 0.166600 0.082000
vt 0.166900 0.080000
vt 0.247600 0.613300
vt 0.265500 0.611400
vt 0.266800 0.635300
vt 0.246400 0.638300
vt 0.283400 0.630500
vt 0.250300 0.366700
vt 0.270526 0.363903
vt 0.261000 0.364800
vt 0.251184 0.324733
vt 0.272776 0.322828
vt 0.260469 0.322708
vt 0.251954 0.285607
vt 0.258692 0.284802
vt 0.261984 0.107747
vt 0.265600 0.078500
vt 0.251800 0.078800
vt 0.363667 0.179756
vt 0.378332 0.180822
vt 0.389267 0.191170
vt 0.361922 0.218647
vt 0.362821 0.198227
vt 0.377657 0.193225
vt 0.376000 0.231769
vt 0.362897 0.236234
vt 0.466300 0.204400
vt 0.451924 0.179088
vt 0.449542 0.145261
vt 0.421662 0.166552
vt 0.427338 0.129587
vt 0.437055 0.148365
vt 0.407126 0.130437
vt 0.409642 0.103050
vt 0.410100 0.075600
vt 0.386244 0.106689
vt 0.386500 0.077500
vt 0.408899 0.114125
vt 0.332191 0.238372
vt 0.332410 0.216873
vt 0.296770 0.285728
vt 0.296922 0.244211
vt 0.275546 0.285253
vt 0.298377 0.258030
vt 0.276978 0.248240
vt 0.192760 0.153229
vt 0.162137 0.153568
vt 0.139033 0.149190
vt 0.114565 0.168777
vt 0.111799 0.202475
vt 0.127684 0.172987
vt 0.124946 0.204911
vt 0.110563 0.233518
vt 0.111501 0.211044
vt 0.124335 0.237280
vt 0.135857 0.208983
vt 0.137016 0.243137
vt 0.109873 0.268922
vt 0.124026 0.272368
vt 0.137652 0.276505
vt 0.109034 0.306198
vt 0.124888 0.313139
vt 0.107545 0.345976
vt 0.126905 0.350249
vt 0.143984 0.352953
vt 0.131600 0.382100
vt 0.115233 0.142299
vt 0.116289 0.112060
vt 0.138654 0.160722
vt 0.141386 0.320246
vt 0.160343 0.284810
vt 0.192708 0.289964
vt 0.191978 0.254598
vt 0.159471 0.245925
vt 0.175363 0.250899
vt 0.175082 0.287228
vt 0.159021 0.318150
vt 0.191179 0.326907
vt 0.174686 0.325545
vt 0.157000 0.364100
vt 0.189500 0.369400
vt 0.155900 0.387800
vt 0.185200 0.391500
vt 0.174200 0.369000
vt 0.145457 0.173920
vt 0.138431 0.186654
vt 0.160587 0.161361
vt 0.160733 0.214486
vt 0.160747 0.189420
vt 0.190586 0.220674
vt 0.192214 0.161644
vt 0.191589 0.192684
vt 0.214370 0.220185
vt 0.216156 0.163006
vt 0.213988 0.191501
vt 0.236329 0.215861
vt 0.235235 0.184139
vt 0.250866 0.248037
vt 0.245078 0.211687
vt 0.249000 0.209755
vt 0.240043 0.179096
vt 0.244964 0.175356
vt 0.230355 0.173141
vt 0.219235 0.152867
vt 0.235767 0.163381
vt 0.238807 0.142193
vt 0.236960 0.160080
vt 0.276069 0.211864
vt 0.299983 0.206982
vt 0.256575 0.209886
vt 0.255605 0.174159
vt 0.274793 0.176803
vt 0.259697 0.210684
vt 0.260469 0.175032
vt 0.258186 0.141823
vt 0.261277 0.131048
vt 0.277132 0.152343
vt 0.261490 0.144220
vt 0.258184 0.246573
vt 0.262300 0.514400
vt 0.290000 0.506500
vt 0.231400 0.566800
vt 0.208600 0.617400
vt 0.208600 0.642000
vt 0.209200 0.666400
vt 0.246200 0.663000
vt 0.209500 0.698200
vt 0.229400 0.665000
vt 0.229000 0.697900
vt 0.227700 0.640200
vt 0.230500 0.640300
vt 0.228600 0.616200
vt 0.231800 0.615300
vt 0.263300 0.524600
vt 0.265000 0.538500
vt 0.253800 0.541700
vt 0.251800 0.563200
vt 0.251900 0.541600
vt 0.241000 0.564500
vt 0.236800 0.590900
vt 0.249200 0.588300
vt 0.243900 0.564300
vt 0.234000 0.591200
vt 0.296800 0.603100
vt 0.334476 0.170077
vt 0.302957 0.173120
vt 0.305357 0.144368
vt 0.316132 0.164384
vt 0.333046 0.198591
vt 0.493900 0.375400
vt 0.521200 0.374100
vt 0.506200 0.372100
vt 0.489100 0.393200
vt 0.505000 0.391400
vt 0.518800 0.390700
vt 0.487900 0.411400
vt 0.518300 0.407300
vt 0.502900 0.409000
vt 0.489700 0.431600
vt 0.502600 0.429000
vt 0.515600 0.427100
vt 0.489400 0.452300
vt 0.489700 0.479100
vt 0.511700 0.477400
vt 0.502200 0.451300
vt 0.514300 0.447400
vt 0.181100 0.082800
vt 0.936700 0.817000
vt 0.931100 0.814600
vt 0.953100 0.795300
vt 0.943300 0.818200
vt 0.921600 0.790800
vt 0.923300 0.782700
vt 0.929400 0.772800
vt 0.923000 0.806100
vt 0.921500 0.798800
vt 0.926400 0.811200
vt 0.939300 0.767000
vt 0.946900 0.765800
vt 0.954800 0.766600
vt 0.962600 0.769100
vt 0.970000 0.772300
vt 0.980500 0.810500
vt 0.974100 0.813500
vt 0.967800 0.816000
vt 0.961800 0.818200
vt 0.957900 0.818900
vt 0.988000 0.803600
vt 0.991800 0.794400
vt 0.989200 0.785700
vt 0.979900 0.777200
vt 0.276900 0.877000
vt 0.246600 0.872800
vt 0.268800 0.850100
vt 0.289100 0.860600
vt 0.242000 0.842500
vt 0.299400 0.877200
vt 0.275900 0.896100
vt 0.303200 0.893200
vt 0.304400 0.903400
vt 0.248700 0.893400
vt 0.157200 0.869300
vt 0.137900 0.874700
vt 0.148400 0.858300
vt 0.168100 0.845200
vt 0.221200 0.867700
vt 0.210200 0.837800
vt 0.155800 0.892500
vt 0.134700 0.889500
vt 0.133600 0.897500
vt 0.194100 0.892000
vt 0.189500 0.863900
vt 0.221000 0.892900
vt 0.188600 0.838900
vt 0.329700 0.875600
vt 0.332700 0.858900
vt 0.342800 0.868300
vt 0.310900 0.865400
vt 0.305400 0.855300
vt 0.313000 0.852900
vt 0.317800 0.860500
vt 0.358700 0.920300
vt 0.354100 0.925900
vt 0.343900 0.913900
vt 0.351800 0.906500
vt 0.351300 0.928400
vt 0.270400 0.846700
vt 0.291500 0.858000
vt 0.242700 0.839000
vt 0.302600 0.875500
vt 0.306500 0.892400
vt 0.134700 0.873100
vt 0.145900 0.855800
vt 0.166500 0.842000
vt 0.210200 0.834200
vt 0.131300 0.888600
vt 0.129600 0.896400
vt 0.187900 0.835300
s 1
usemtl Bottommat
f 1/1/1 2/2/2 3/3/3 4/4/4
f 8/5/5 9/6/6 10/7/7 5/8/8
f 10/7/7 11/9/9 5/8/8
f 12/10/10 13/11/11 10/7/7 14/12/12
f 3/3/3 2/2/2 12/10/10 14/12/12
f 25/13/13 26/14/14 27/15/15 28/16/16
f 27/15/15 29/17/17 30/18/18 28/16/16
f 31/19/19 28/16/16 30/18/18
f 32/20/20 33/21/21 26/14/14 25/13/13
f 30/18/18 34/22/22 35/23/23 36/24/24
f 37/25/25 36/24/24 35/23/23 38/26/26
f 39/27/27 40/28/28 41/29/29 42/30/30
f 46/31/31 45/32/32 44/33/33 33/21/21
f 32/34/20 25/35/13 7/36/34 4/4/4
f 25/35/13 28/37/16 8/5/5 7/36/34
f 28/37/16 31/38/19 9/6/6 8/5/5
f 37/39/25 32/34/20 4/4/4 3/3/3
f 18/40/35 40/41/28 39/42/27 15/43/36
f 45/44/32 46/45/31 22/46/37 21/47/38
f 38/48/26 2/2/2 24/49/39 48/50/40
f 43/51/41 48/50/40 24/49/39 19/52/42
f 41/53/29 43/51/41 19/52/42 17/54/43
f 42/55/30 41/53/29 17/54/43 16/56/44
f 33/57/21 44/58/33 20/59/45 23/60/46
f 27/61/15 26/62/14 6/63/47 5/8/8
f 29/64/17 27/61/15 5/8/8 11/9/9
f 30/65/18 29/64/17 11/9/9 10/7/7
f 34/66/22 30/65/18 10/7/7 13/11/11
f 35/67/23 34/66/22 13/11/11 12/10/10
f 38/48/26 35/67/23 12/10/10 2/2/2
f 7/36/34 6/63/48 1/1/1 4/4/4
f 48/68/40 47/69/49 49/70/50 32/20/20
f 49/70/50 46/31/31 33/21/21 32/20/20
f 32/20/20 37/25/25 38/26/26 48/68/40
f 23/60/51 22/46/52 50/71/53 51/72/54
f 23/60/51 51/72/54 1/1/1 6/63/48
f 1/1/1 51/72/54 24/49/39 2/2/2
f 52/73/55 53/74/56 54/75/57 55/76/58
f 56/77/59 52/73/55 55/76/58 57/78/60
f 53/74/56 58/79/61 59/80/62 54/75/57
f 60/81/63 61/82/64 56/77/59 57/78/60
f 52/73/55 62/83/65 53/74/56
f 63/84/66 58/79/61 53/74/56
f 52/73/55 56/77/59 64/85/67 62/83/65
f 66/86/68 57/78/60 55/76/58 65/87/69
f 62/83/65 63/84/66 53/74/56
f 67/88/70 68/89/71 69/90/72 70/91/73
f 70/92/73 69/93/72 71/94/74 72/95/75
f 70/91/73 73/96/76 74/97/77 67/88/70
f 75/98/78 76/99/79 77/100/80 74/101/77
f 75/98/78 78/102/81 79/103/82 76/99/79
f 80/104/83 81/105/84 82/106/85 79/103/82
f 81/105/84 83/107/86 84/108/87 82/106/85
f 85/109/88 86/110/89 87/111/90
f 88/112/91 89/113/92 87/111/90 90/114/93
f 82/106/85 84/108/87 91/115/94 92/116/95
f 91/117/94 84/118/87 78/119/81 75/120/78
f 93/121/96 78/119/81 84/118/87 83/122/86
f 79/103/82 82/106/85 92/116/95 76/99/79
f 76/99/79 92/116/95 94/123/97 77/100/80
f 80/104/83 79/103/82 78/102/81 93/124/96
f 73/96/76 91/117/94 75/120/78 74/97/77
f 94/123/97 92/116/95 91/115/94 73/125/76
f 72/95/75 95/126/98 96/127/99 70/92/73
f 95/126/98 72/95/75 97/128/100 98/129/101
f 99/130/102 95/126/98 98/129/101 100/131/103
f 103/132/104 98/129/101 97/128/100 104/133/105
f 96/127/99 105/134/106 77/100/80 94/123/97
f 67/135/70 105/134/106 99/130/102 106/136/107
f 99/130/102 100/131/103 107/137/108 106/136/107
f 102/138/109 101/139/110 107/137/108 100/131/103
f 108/140/111 106/136/107 107/137/108 101/139/110
f 71/141/74 69/90/72 68/89/71 108/142/111
f 108/142/111 101/143/110 104/144/105 71/141/74
f 68/145/71 67/135/70 106/136/107 108/140/111
f 71/94/74 104/133/105 97/128/100 72/95/75
f 87/111/90 113/146/112 85/109/88
f 85/109/88 114/147/113 115/148/114 86/110/89
f 110/149/115 109/150/116 86/110/89 115/148/114
f 111/151/117 110/152/115 115/153/114 116/154/118
f 116/155/118 117/156/119 118/157/120 119/158/121
f 89/113/92 118/157/120 117/156/119 120/159/122
f 109/160/116 112/161/123 93/121/96 83/122/86
f 89/113/92 88/112/91 119/158/121
f 117/162/119 114/163/113 113/164/112 120/165/122
f 115/153/114 114/163/113 117/162/119 116/154/118
f 112/166/123 111/167/117 116/155/118 119/158/121
f 81/105/84 90/114/93 109/150/116 83/107/86
f 88/112/91 90/114/93 81/105/84 80/104/83
f 112/166/123 88/112/91 80/104/83 93/124/96
f 113/146/112 87/111/90 89/113/92 120/159/122
f 86/110/89 109/150/116 90/114/93
f 113/146/112 114/147/113 85/109/88
f 86/110/89 90/114/93 87/111/90
f 88/112/91 112/166/123 119/158/121
f 73/125/76 70/92/73 96/127/99 94/123/97
f 105/134/106 96/127/99 95/126/98 99/130/102
f 105/134/106 67/135/70 74/101/77 77/100/80
f 103/132/104 102/138/109 100/131/103 98/129/101
f 121/168/124 122/169/125 123/170/126 124/171/127
f 127/172/128 126/173/129 125/174/130 128/175/131
f 130/176/132 133/177/133 134/178/134 132/179/135
f 134/178/134 133/177/133 122/180/125 131/181/136
f 135/182/137 133/177/133 136/183/138 137/184/139
f 133/177/133 130/176/132 138/185/140 136/183/138
f 141/186/141 139/187/142 132/179/135 134/178/134
f 142/188/143 141/186/141 134/178/134 131/181/136
f 142/188/143 143/189/144 144/190/145 141/186/141
f 145/191/146 146/192/147 147/193/148
f 143/194/144 142/195/143 140/196/149 148/197/150
f 137/184/139 149/198/151 150/199/152 135/182/137
f 129/200/153 128/201/131 149/202/151 151/203/154
f 136/183/138 151/204/154 137/184/139
f 150/205/152 149/202/151 128/201/131 125/206/130
f 122/180/125 135/182/137 150/199/152 123/207/126
f 156/208/155 157/209/156 145/191/146 158/210/157
f 147/193/148 159/211/158 158/210/157 145/191/146
f 152/212/159 162/213/160 147/193/148 146/192/147
f 162/213/160 160/214/161 159/211/158 147/193/148
f 158/210/157 159/211/158 160/214/161 161/215/162
f 163/216/163 139/187/142 141/186/141 144/190/145
f 140/217/149 139/187/142 163/216/163 148/218/150
f 157/209/156 156/208/155 154/219/164 153/220/165
f 146/192/147 145/191/146 144/190/145 143/189/144
f 144/190/145 145/191/146 157/209/156 163/216/163
f 158/210/157 161/215/162 155/221/166 156/208/155
f 129/222/153 151/204/154 136/183/138 138/185/140
f 135/182/137 122/180/125 133/177/133
f 129/222/153 138/185/140 127/172/167
f 126/173/168 138/185/140 130/176/132
f 167/223/169 168/224/170 164/225/171 166/226/172
f 169/227/173 168/224/170 167/223/169 170/228/174
f 172/229/175 164/225/171 168/224/170
f 175/230/176 173/231/177 164/225/171 172/229/175
f 172/229/175 176/232/178 177/233/179 175/230/176
f 177/233/179 176/232/178 165/234/180 174/235/181
f 178/236/182 176/232/178 179/237/183 180/238/184
f 172/229/175 181/239/185 179/237/183 176/232/178
f 182/240/186 183/241/187 177/233/179 174/235/181
f 184/242/188 185/243/189 186/244/190
f 189/245/191 171/246/192 170/247/193 188/248/194
f 190/249/195 192/250/196 193/251/197 194/252/198
f 195/253/199 196/254/200 194/252/198 193/251/197
f 199/255/201 184/242/188 200/256/202 198/257/203
f 184/242/188 186/244/190 201/258/204 200/256/202
f 202/259/205 196/260/200 197/261/206 203/262/207
f 194/263/198 196/260/200 202/259/205 204/264/208
f 204/264/208 191/265/209 190/266/195 194/263/198
f 191/267/209 204/268/208 186/244/190 185/243/189
f 204/268/208 202/269/205 201/258/204 186/244/190
f 200/256/202 201/258/204 202/269/205 203/270/207
f 175/230/176 177/233/179 183/241/187 205/271/210
f 175/230/176 205/271/210 187/272/211 173/231/177
f 199/255/201 198/257/203 195/253/199 193/251/197
f 185/243/189 184/242/188 183/241/187 182/240/186
f 192/250/212 187/272/211 205/271/210 199/255/201
f 183/241/187 184/242/188 199/255/201 205/271/210
f 203/270/207 197/273/206 198/257/203 200/256/202
f 171/274/192 189/275/191 179/237/183 181/239/185
f 168/224/170 181/239/185 172/229/175
f 206/276/213 207/277/214 208/278/215 209/279/216
f 209/280/216 208/281/215 210/282/217 211/283/218
f 214/284/219 215/285/220 216/286/221 213/287/222
f 214/284/219 217/288/223 218/289/224 215/285/220
f 219/290/225 220/291/226 221/292/227 218/289/224
f 220/291/226 222/293/228 223/294/229 221/292/227
f 227/295/230 228/296/231 226/297/232 229/298/233
f 221/292/227 223/294/229 230/299/234 231/300/235
f 218/289/224 221/292/227 231/300/235 215/285/220
f 215/285/220 231/300/235 233/301/236 216/286/221
f 219/290/225 218/289/224 217/288/223 232/302/237
f 233/301/236 231/300/235 230/299/234 212/303/238
f 211/283/218 234/304/239 235/305/240 209/280/216
f 234/304/239 211/283/218 236/306/241 237/307/242
f 238/308/243 234/304/239 237/307/242 239/309/244
f 242/310/245 237/307/242 236/306/241 243/311/246
f 235/305/240 244/312/247 216/286/221 233/301/236
f 206/313/213 244/312/247 238/308/243 245/314/248
f 238/308/243 239/309/244 246/315/249 245/314/248
f 241/316/250 240/317/251 246/315/249 239/309/244
f 247/318/252 245/314/248 246/315/249 240/317/251
f 207/319/214 206/313/213 245/314/248 247/318/252
f 210/282/217 243/311/246 236/306/241 211/283/218
f 226/297/232 250/320/253 224/321/254
f 224/321/254 251/322/255 252/323/256 225/324/257
f 253/325/258 254/326/259 255/327/260 256/328/261
f 228/296/231 255/327/260 254/326/259 257/329/262
f 228/296/231 227/295/230 256/328/261
f 254/330/259 251/331/255 250/332/253 257/333/262
f 220/291/226 229/298/233 248/334/263 222/293/228
f 227/295/230 229/298/233 220/291/226 219/290/225
f 250/320/253 226/297/232 228/296/231 257/329/262
f 225/324/264 248/334/263 229/298/233
f 250/320/253 251/322/255 224/321/254
f 225/324/264 229/298/233 226/297/232
f 256/328/261 255/327/260 228/296/231
f 227/295/230 249/335/265 256/328/261
f 212/303/238 209/280/216 235/305/240 233/301/236
f 244/312/247 235/305/240 234/304/239 238/308/243
f 244/312/247 206/313/213 213/287/222 216/286/221
f 242/310/245 241/316/250 239/309/244 237/307/242
f 258/336/266 259/337/267 260/338/268
f 261/339/269 259/337/267 258/336/266
f 262/340/270 263/341/271 264/342/272
f 264/342/272 261/339/269 258/336/266 262/340/270
f 265/343/273 263/341/271 262/340/270 266/344/274
f 262/340/270 267/345/275 268/346/276 266/344/274
f 269/347/277 265/343/273 266/344/274
f 270/348/278 271/349/279 272/350/280
f 273/351/281 266/344/274 268/346/276 270/348/278
f 273/351/281 274/352/282 275/353/283
f 275/353/283 269/347/277 266/344/274 273/351/281
f 273/351/281 272/350/280 274/352/282
f 270/348/278 272/350/280 273/351/281
f 276/354/284 277/355/285 278/356/286
f 267/345/275 262/340/270 258/336/266 276/354/284
f 260/338/268 276/354/284 258/336/266
f 267/345/275 276/354/284 279/357/287 280/358/288
f 268/346/276 267/345/275 280/358/288 281/359/289
f 280/358/288 282/360/290 283/361/291 281/359/289
f 284/362/292 285/363/293 286/364/294 287/365/295
f 286/364/294 285/363/293 271/349/279 270/348/278
f 270/348/278 268/346/276 281/359/289 286/364/294
f 281/359/289 283/361/291 287/365/295 286/364/294
f 288/366/296 282/360/290 280/358/288 279/357/287
f 279/357/287 289/367/297 290/368/298
f 278/356/286 289/367/297 279/357/287 276/354/284
f 291/369/299 292/370/300 293/371/301
f 293/371/301 292/370/300 294/372/302
f 295/373/303 296/374/304 297/375/305
f 293/371/301 294/372/302 295/373/303 297/375/305
f 297/375/305 296/374/304 298/376/306 299/377/307
f 299/377/307 298/376/306 300/378/308
f 301/379/309 302/380/310 303/381/311
f 304/382/312 305/383/313 306/384/314
f 299/377/307 300/378/308 304/382/312 306/384/314
f 305/383/313 301/379/309 306/384/314
f 306/384/314 301/379/309 303/381/311
f 307/385/315 308/386/316 309/387/317
f 308/386/316 291/369/299 293/371/301 309/387/317
f 302/380/310 310/388/318 311/389/319 303/381/311
f 292/390/300 291/391/299 260/338/268 259/337/267
f 294/392/302 292/390/300 259/337/267 261/339/269
f 296/393/304 295/394/303 264/342/272 263/341/271
f 295/394/303 294/392/302 261/339/269 264/342/272
f 298/395/306 296/393/304 263/341/271 265/343/273
f 300/396/308 298/395/306 265/343/273 269/347/277
f 302/397/310 301/398/309 272/350/280 271/349/279
f 305/399/313 304/400/312 275/353/283 274/352/282
f 304/400/312 300/396/308 269/347/277 275/353/283
f 301/398/309 305/399/313 274/352/282 272/350/280
f 308/401/316 307/402/315 278/356/286 277/355/285
f 291/391/299 308/401/316 277/355/285 260/338/268
f 310/403/318 302/397/310 271/349/279 285/363/293
f 307/402/315 312/404/320 289/367/297 278/356/286
f 260/338/268 277/355/285 276/354/284
f 313/405/321 314/406/322 315/407/323 316/408/324
f 317/409/325 318/410/326 314/406/322 313/405/321
f 318/410/326 317/409/325 319/411/327 320/412/328
f 321/413/329 322/414/330 323/415/331
f 323/415/331 324/416/332 321/413/329
f 321/413/329 324/416/332 325/417/333
f 317/409/325 321/413/329 325/417/333 319/411/327
f 317/409/325 313/405/321 326/418/334 321/413/329
f 327/419/335 316/408/324 328/420/336
f 328/420/336 329/421/337 327/419/335
f 330/422/338 331/423/339 316/408/324
f 316/408/324 331/423/339 328/420/336
f 316/408/324 315/407/323 332/424/340 330/422/338
f 331/423/339 333/425/341 328/420/336
f 334/426/342 329/421/337 328/420/336 333/425/341
f 329/421/337 335/427/343 336/428/344 327/419/335
f 321/413/329 326/418/334 337/429/345 322/414/330
f 326/418/334 338/430/346 337/429/345
f 339/431/347 338/430/346 326/418/334
f 340/432/348 338/430/346 339/431/347
f 341/433/349 340/432/348 335/427/343 342/434/350
f 341/433/349 338/430/346 340/432/348
f 342/434/350 335/427/343 329/421/337 334/426/342
f 339/431/347 336/428/344 335/427/343 340/432/348
f 336/428/344 326/418/334 313/405/321
f 336/428/344 313/405/321 316/408/324 327/419/335
f 336/428/344 339/431/347 326/418/334
f 349/435/351 350/436/352 351/437/353
f 351/437/353 353/438/354 352/439/355
f 351/437/353 354/440/356 353/438/354
f 351/437/353 350/436/352 355/441/357 354/440/356
f 356/442/358 357/443/359 350/436/352 349/435/351
f 357/443/359 361/444/360 362/445/361 363/446/362
f 350/436/352 357/443/359 363/446/362 355/441/357
f 357/443/359 356/442/358 360/447/363 361/444/360
f 320/412/328 319/411/327 343/448/364 344/449/365
f 322/414/330 346/450/366 345/451/367 323/415/331
f 323/415/331 345/451/367 347/452/368 324/416/332
f 324/416/332 347/452/368 348/453/369 325/417/333
f 325/417/333 348/453/369 343/448/364 319/411/327
f 333/425/341 331/423/339 353/454/354 354/455/356
f 333/425/341 354/455/356 355/456/357 334/426/342
f 322/414/330 337/429/345 358/457/370 346/450/366
f 337/429/345 338/430/346 359/458/371 358/457/370
f 341/433/349 342/434/350 363/459/362 362/460/361
f 341/433/349 362/460/361 359/458/371 338/430/346
f 334/426/342 355/456/357 363/459/362 342/434/350
f 364/461/372 365/462/373 366/463/374 367/464/375
f 368/465/376 369/466/377 370/467/378
f 370/467/378 371/468/379 372/469/380
f 373/470/381 374/471/382 368/465/376 375/472/383
f 376/473/384 377/474/385 378/475/386 379/476/387
f 379/476/387 378/475/386 380/477/388 381/478/389
f 368/465/376 376/473/384 379/476/387 375/472/383
f 382/479/390 370/467/378 372/469/380 383/480/391
f 384/481/392 382/479/390 383/480/391 385/482/393
f 377/474/385 376/473/384 382/479/390 384/481/392
f 370/467/378 376/473/384 368/465/376
f 386/483/394 369/466/377 387/484/395 388/485/396
f 387/484/395 369/466/377 374/471/382 389/486/397
f 390/487/398 387/484/395 389/486/397 391/488/399
f 392/489/400 388/485/396 387/484/395 390/487/398
f 390/487/398 393/490/401 394/491/402 392/489/400
f 391/488/399 395/492/403 393/490/401 390/487/398
f 391/488/399 389/486/397 396/493/404 397/494/405
f 374/471/382 373/470/381 396/493/404 389/486/397
f 398/495/406 399/496/407 400/497/408 401/498/409
f 402/499/410 403/500/411 400/497/408 404/501/412
f 405/502/413 406/503/414 407/504/415 408/505/416
f 409/506/417 410/507/418 411/508/419 412/509/420
f 413/510/421 414/511/422 410/507/418 409/506/417
f 412/509/420 415/512/423 416/513/424
f 417/514/425 418/515/426 419/516/427 420/517/428
f 421/518/429 417/514/425 420/517/428 422/519/430
f 423/520/431 419/516/427 418/515/426 424/521/432
f 425/522/433 423/520/431 424/521/432 426/523/434
f 420/517/428 419/516/427 427/524/435 428/525/436
f 428/525/436 427/524/435 429/526/437 430/527/438
f 431/528/439 428/525/436 430/527/438 366/463/374
f 422/519/430 420/517/428 428/525/436 431/528/439
f 432/529/440 429/526/437 427/524/435 433/530/441
f 433/530/441 427/524/435 419/516/427 423/520/431
f 434/531/442 433/530/441 423/520/431 425/522/433
f 435/532/443 432/529/440 433/530/441 434/531/442
f 436/533/444 437/534/445 438/535/446 439/536/447
f 434/531/442 436/533/444 439/536/447 435/532/443
f 425/522/433 440/537/448 436/533/444 434/531/442
f 440/537/448 441/538/449 437/534/445 436/533/444
f 442/539/450 443/540/451 444/541/452 445/542/453
f 438/535/446 442/539/450 445/542/453 446/543/454
f 447/544/455 437/534/445 441/538/449 448/545/456
f 449/546/457 447/544/455 448/545/456 450/547/458
f 443/540/451 442/539/450 447/544/455 449/546/457
f 442/539/450 438/535/446 437/534/445 447/544/455
f 439/536/447 438/535/446 446/543/454 451/548/459
f 435/532/443 439/536/447 451/548/459 452/549/460
f 440/537/448 425/522/433 426/523/434 453/550/461
f 441/538/449 440/537/448 453/550/461 454/551/462
f 455/552/463 456/553/464 454/551/462 453/550/461
f 457/554/465 455/552/463 453/550/461 426/523/434
f 424/521/432 418/515/426 458/555/466 459/556/467
f 426/523/434 424/521/432 459/556/467 457/554/465
f 460/557/468 367/464/375 366/463/374 430/527/438
f 461/558/469 460/557/468 430/527/438 429/526/437
f 462/559/470 461/558/469 429/526/437 432/529/440
f 452/549/460 462/559/470 432/529/440 435/532/443
f 417/514/425 421/518/429 463/560/471 464/561/472
f 418/515/426 417/514/425 464/561/472 458/555/466
f 464/561/472 463/560/471 465/562/473 466/563/474
f 466/563/474 465/562/473 467/564/475 468/565/476
f 469/566/477 466/563/474 468/565/476 470/567/478
f 458/555/466 464/561/472 466/563/474 469/566/477
f 471/568/479 468/565/476 467/564/475 472/569/480
f 473/570/481 471/568/479 472/569/480 474/571/482
f 475/572/483 476/573/484 471/568/479 473/570/481
f 476/573/484 470/567/478 468/565/476 471/568/479
f 477/574/485 475/572/483 478/575/486
f 474/571/482 479/576/487 478/575/486 473/570/481
f 480/577/488 481/578/489 479/576/487 474/571/482
f 482/579/490 483/580/491 481/578/489 480/577/488
f 474/571/482 472/569/480 484/581/492 480/577/488
f 485/582/493 486/583/494 457/554/465 459/556/467
f 469/566/477 485/582/493 459/556/467 458/555/466
f 470/567/478 487/584/495 485/582/493 469/566/477
f 487/584/495 488/585/496 486/583/494 485/582/493
f 476/573/484 475/572/483 489/586/497 490/587/498
f 476/573/484 490/587/498 487/584/495 470/567/478
f 465/562/473 491/588/499 493/589/500 467/564/475
f 463/560/471 492/590/501 491/588/499 465/562/473
f 494/591/502 384/481/392 385/482/393 495/592/503
f 496/593/504 377/474/385 384/481/392 494/591/502
f 377/474/385 496/593/504 497/594/505 378/475/386
f 378/475/386 497/594/505 498/595/506 380/477/388
f 499/596/507 497/594/505 496/593/504 500/597/508
f 501/598/509 499/596/507 500/597/508 502/599/510
f 503/600/511 504/601/512 499/596/507 501/598/509
f 504/601/512 498/595/506 497/594/505 499/596/507
f 505/602/513 506/603/514 367/464/375
f 506/603/514 505/602/513 502/599/510 500/597/508
f 500/597/508 496/593/504 506/603/514
f 364/461/372 506/603/514 494/591/502 495/592/503
f 507/604/515 508/605/516 509/606/517 510/607/518
f 508/605/516 503/600/511 501/598/509 509/606/517
f 508/608/516 507/609/515 511/610/519 512/611/520
f 503/612/511 508/608/516 512/611/520 513/613/521
f 512/611/520 511/610/519 514/614/522 515/615/523
f 516/616/524 517/617/525 518/618/526 519/619/527
f 519/619/527 518/618/526 513/613/521 520/620/528
f 521/621/529 519/619/527 520/620/528 522/622/530
f 523/623/531 516/616/524 519/619/527 521/621/529
f 524/624/532 525/625/533 526/626/534
f 527/627/535 524/624/532 526/626/534 528/628/536
f 529/629/537 524/624/532 527/627/535
f 530/630/538 531/631/539 524/624/532
f 532/632/540 533/633/541 528/628/536 526/626/534
f 534/634/542 525/625/533 522/622/530
f 535/635/543 536/636/544 532/632/540 534/634/542
f 536/636/544 537/637/545 533/633/541 532/632/540
f 504/638/512 503/612/511 513/613/521 518/618/526
f 498/639/506 504/638/512 518/618/526 517/617/525
f 517/617/525 538/640/546 380/641/388 498/639/506
f 539/642/547 381/643/389 380/641/388 538/640/546
f 540/644/548 541/645/549 542/646/550 543/647/551
f 544/648/552 545/649/553 546/650/554 547/651/555
f 548/652/556 549/653/557 550/654/558 551/655/559
f 541/645/549 540/644/548 549/653/557 548/652/556
f 538/640/546 552/656/560 553/657/561 539/642/547
f 554/658/562 555/659/563 556/660/564 557/661/565
f 558/662/566 554/658/562 557/661/565 559/663/567
f 560/664/568 561/665/569 554/658/562 558/662/566
f 530/630/538 529/629/537 559/663/567 557/661/565
f 523/623/531 530/630/538 557/661/565 556/660/564
f 562/666/570 558/662/566 559/663/567 563/667/571
f 564/668/572 562/666/570 563/667/571 565/669/573
f 566/670/574 560/664/568 558/662/566 562/666/570
f 567/671/575 568/672/576 569/673/577 570/674/578
f 565/669/573 567/671/575 570/674/578 564/668/572
f 567/671/575 565/669/573 571/675/579 572/676/580
f 568/672/576 567/671/575 572/676/580 483/580/491
f 573/677/581 571/675/579 565/669/573 563/667/571
f 529/629/537 573/677/581 563/667/571 559/663/567
f 552/656/560 538/640/546 517/617/525 516/616/524
f 556/660/564 552/656/560 516/616/524 523/623/531
f 574/678/582 575/679/583 576/680/584 577/681/585
f 575/679/583 405/502/413 408/505/416 576/680/584
f 578/682/586 579/683/587 580/684/588 581/685/589
f 582/686/590 583/687/591 584/688/592 585/689/593
f 580/684/588 586/690/594 582/686/590 587/691/595
f 578/682/586 588/692/596 575/679/583 574/678/582
f 541/645/549 589/693/597 590/694/598 542/646/550
f 546/650/554 545/649/553 591/695/599 592/696/600
f 593/697/601 594/698/602 591/695/599 590/694/598
f 595/699/603 596/700/604 597/701/605 598/702/606
f 598/702/606 597/701/605 599/703/607 600/704/608
f 595/699/603 601/705/609 602/706/610 596/700/604
f 603/707/611 604/708/612 605/709/613 606/710/614
f 607/711/615 608/712/616 604/708/612 603/707/611
f 609/713/617 610/714/618 611/715/619 612/716/620
f 606/710/614 605/709/613 610/714/618 609/713/617
f 602/706/610 601/705/609 613/717/621 614/718/622
f 612/716/620 611/715/619 614/718/622 613/717/621
f 615/719/623 616/720/624 606/710/614 609/713/617
f 617/721/625 615/719/623 609/713/617 612/716/620
f 618/722/626 619/723/627 615/719/623 617/721/625
f 619/723/627 620/724/628 616/720/624 615/719/623
f 613/717/621 601/705/609 621/725/629 622/726/630
f 623/727/631 624/728/632 622/726/630 621/725/629
f 624/728/632 618/722/626 617/721/625 622/726/630
f 617/721/625 612/716/620 613/717/621 622/726/630
f 625/729/633 603/707/611 606/710/614 616/720/624
f 625/729/633 616/720/624 620/724/628 626/730/634
f 627/731/635 628/732/636 625/729/633 626/730/634
f 628/732/636 607/711/615 603/707/611 625/729/633
f 629/733/637 630/734/638 631/735/639 632/736/640
f 633/737/641 629/733/637 632/736/640 634/738/642
f 635/739/643 636/740/644 629/733/637 633/737/641
f 636/740/644 627/731/635 630/734/638 629/733/637
f 637/741/645 631/735/639 630/734/638 638/742/646
f 638/742/646 630/734/638 627/731/635 626/730/634
f 639/743/647 638/742/646 626/730/634 620/724/628
f 640/744/648 637/741/645 638/742/646 639/743/647
f 641/745/649 642/746/650 643/747/651 644/748/652
f 628/732/636 643/747/651 642/746/650 607/711/615
f 627/731/635 636/740/644 643/747/651 628/732/636
f 635/739/643 644/748/652 643/747/651 636/740/644
f 645/749/653 642/746/650 641/745/649 646/750/654
f 608/712/616 607/711/615 642/746/650 645/749/653
f 647/751/655 648/752/656 649/753/657 650/754/658
f 651/755/659 652/756/660 653/757/661 450/547/458
f 652/756/660 647/751/655 650/754/658 653/757/661
f 654/758/662 454/551/462 456/553/464 655/759/663
f 448/545/456 441/538/449 454/551/462 654/758/662
f 450/547/458 448/545/456 654/758/662 651/755/659
f 656/760/664 449/546/457 450/547/458 653/757/661
f 657/761/665 656/760/664 653/757/661 650/754/658
f 658/762/666 659/763/667 656/760/664 657/761/665
f 659/763/667 443/540/451 449/546/457 656/760/664
f 659/763/667 658/762/666 660/764/668 661/765/669
f 443/540/451 659/763/667 661/765/669 444/541/452
f 662/766/670 660/764/668 658/762/666 663/767/671
f 657/761/665 664/768/672 663/767/671 658/762/666
f 650/754/658 649/753/657 664/768/672 657/761/665
f 637/741/645 640/744/648 665/769/673 666/770/674
f 666/770/674 665/769/673 667/771/675 668/772/676
f 669/773/677 666/770/674 668/772/676 670/774/678
f 631/735/639 637/741/645 666/770/674 669/773/677
f 671/775/679 672/776/680 673/777/681 674/778/682
f 665/769/673 671/775/679 674/778/682 667/771/675
f 640/744/648 675/779/683 671/775/679 665/769/673
f 675/779/683 676/780/684 672/776/680 671/775/679
f 677/781/685 678/782/686 673/777/681 679/783/687
f 680/784/688 677/781/685 679/783/687 681/785/689
f 677/781/685 680/784/688 682/786/690
f 678/782/686 677/781/685 683/787/691
f 475/572/483 477/574/485 680/784/688 489/586/497
f 684/788/692 685/789/693 686/790/694 687/791/695
f 688/792/696 689/793/697 687/791/695 686/790/694
f 595/699/603 690/794/698 621/725/629 601/705/609
f 689/793/697 691/795/699 692/796/700 687/791/695
f 693/797/701 676/780/684 694/798/702 695/799/703
f 624/728/632 695/799/703 694/798/702 618/722/626
f 688/792/696 695/799/703 624/728/632 623/727/631
f 686/790/694 693/797/701 695/799/703 688/792/696
f 696/800/704 672/776/680 676/780/684 693/797/701
f 685/789/693 696/800/704 693/797/701 686/790/694
f 681/785/689 679/783/687 696/800/704 685/789/693
f 679/783/687 673/777/681 672/776/680 696/800/704
f 697/801/705 694/798/702 676/780/684 675/779/683
f 639/743/647 697/801/705 675/779/683 640/744/648
f 620/724/628 619/723/627 697/801/705 639/743/647
f 697/801/705 619/723/627 618/722/626 694/798/702
f 537/637/545 698/802/706 533/633/541
f 698/802/706 683/787/691 699/803/707
f 700/804/708 701/805/709 699/803/707 702/806/710
f 533/633/541 701/805/709 528/628/536
f 528/628/536 703/807/711 704/808/712 527/627/535
f 701/805/709 700/804/708 705/809/713 703/807/711
f 571/675/579 573/677/581 704/808/712 706/810/714
f 573/677/581 529/629/537 527/627/535 704/808/712
f 706/810/714 707/811/715 572/676/580 571/675/579
f 705/809/713 700/804/708 708/812/716
f 708/812/716 479/576/487 481/578/489 707/811/715
f 683/787/691 682/786/690 702/806/710
f 682/786/690 477/574/485 709/813/717
f 709/813/717 478/575/486 708/812/716
f 702/806/710 709/813/717 700/804/708
f 710/814/718 711/815/719 537/637/545
f 711/815/719 710/814/718 667/771/675 674/778/682
f 674/778/682 678/782/686 711/815/719
f 711/815/719 678/782/686 698/802/706
f 668/772/676 667/771/675 710/814/718 712/816/720
f 712/816/720 710/814/718 537/637/545 536/636/544
f 536/636/544 713/817/721 712/816/720
f 670/774/678 668/772/676 712/816/720 713/817/721
f 714/818/722 568/672/576 483/580/491 482/579/490
f 393/490/401 395/492/403 715/819/723 716/820/724
f 486/583/494 717/821/725 455/552/463 457/554/465
f 718/822/726 719/823/727 720/824/728 721/825/729
f 722/826/730 718/822/726 721/825/729 723/827/731
f 724/828/732 725/829/733 726/830/734 727/831/735
f 722/826/730 723/827/731 728/832/736 729/833/737
f 730/834/738 403/500/411 731/835/739 732/836/740
f 733/837/741 734/838/742 735/839/743 736/840/744
f 737/841/745 733/837/741 736/840/744 738/842/746
f 739/843/747 740/844/748 741/845/749 742/846/750
f 740/844/748 734/838/742 743/847/751 741/845/749
f 744/848/752 745/849/753 746/850/754 747/851/755
f 742/846/750 746/850/754 745/849/753 739/843/747
f 748/852/756 749/853/757 744/848/752 750/854/758
f 748/852/756 750/854/758 751/855/759 752/856/760
f 745/849/753 753/857/761 754/858/762 739/843/747
f 744/848/752 749/853/757 753/857/761 745/849/753
f 739/843/747 754/858/762 755/859/763 740/844/748
f 734/838/742 740/844/748 755/859/763 735/839/743
f 756/860/764 752/856/760 751/855/759 757/861/765
f 758/862/766 757/861/765 751/855/759 759/863/767
f 724/828/732 760/864/768 756/860/764 757/861/765
f 727/831/735 761/865/769 760/864/768 724/828/732
f 762/866/770 763/867/771 761/865/769 727/831/735
f 764/868/772 765/869/773 763/867/771 762/866/770
f 725/829/733 724/828/732 757/861/765 758/862/766
f 719/823/727 766/870/774 767/871/775 720/824/728
f 768/872/776 759/863/767 751/855/759 750/854/758
f 769/873/777 770/874/778 771/875/779 772/876/780
f 772/876/780 771/875/779 767/871/775 766/870/774
f 747/851/755 768/872/776 750/854/758 744/848/752
f 773/877/781 774/878/782 775/879/783 776/880/784
f 773/877/781 776/880/784 770/874/778 769/873/777
f 546/650/554 592/696/600 777/881/785 778/882/786
f 775/879/783 774/878/782 777/881/785 592/696/600
f 779/883/787 743/847/751 734/838/742 733/837/741
f 733/837/741 737/841/745 780/884/788 779/883/787
f 737/841/745 781/885/789 780/884/788
f 782/886/790 783/887/791 784/888/792 785/889/793
f 785/889/793 784/888/792 786/890/794 787/891/795
f 786/890/794 788/892/796 789/893/797 787/891/795
f 789/893/797 788/892/796 790/894/798 791/895/799
f 792/896/800 793/897/801 794/898/802 795/899/803
f 796/900/804 790/894/798 797/901/805 798/902/806
f 790/894/798 796/900/804 791/895/799
f 788/892/796 799/903/807 800/904/808 790/894/798
f 801/905/809 799/903/807 788/892/796 786/890/794
f 784/888/792 802/906/810 801/905/809 786/890/794
f 803/907/811 802/906/810 784/888/792 783/887/791
f 778/882/786 804/908/812 547/651/555 546/650/554
f 783/909/791 737/841/745 738/842/746 803/910/811
f 790/894/798 800/904/808 805/911/813 797/901/805
f 806/912/814 807/913/815 797/901/805 805/911/813
f 808/914/816 807/913/815 806/912/814 809/915/817
f 808/914/816 809/915/817 810/916/818 811/917/819
f 765/869/773 764/868/772 811/917/819 810/916/818
f 812/918/820 811/917/819 764/868/772 813/919/821
f 812/918/820 814/920/822 811/917/819
f 807/913/815 815/921/823 816/922/824
f 817/923/825 731/835/739 403/500/411 402/499/410
f 820/924/826 821/925/827 818/926/828
f 819/927/829 818/926/828 821/925/827
f 822/928/830 820/924/826 818/926/828
f 823/929/831 822/928/830 818/926/828
f 824/930/832 823/929/831 818/926/828
f 825/931/833 824/930/832 818/926/828
f 826/932/834 825/931/833 818/926/828
f 827/933/835 826/932/834 818/926/828
f 828/934/836 829/935/837 818/926/828
f 830/936/838 818/926/828 829/935/837
f 831/937/839 828/934/836 818/926/828
f 818/926/828 832/938/840 831/937/839
f 818/926/828 833/939/841 832/938/840
f 834/940/842 835/941/843 818/926/828
f 836/942/844 837/943/845 828/944/836 831/945/839
f 838/946/846 836/942/844 831/945/839 832/947/840
f 833/948/841 835/949/843 839/950/847 840/951/848
f 829/952/837 828/944/836 837/943/845 841/953/849
f 830/954/838 829/952/837 841/953/849 842/955/850
f 842/955/850 843/956/851 844/957/852 845/958/853
f 602/706/610 846/959/854 847/960/855 596/700/604
f 848/961/856 825/962/833 826/963/834 849/964/857
f 849/964/857 826/963/834 827/965/835 845/958/853
f 845/958/853 844/957/852 850/966/858 849/964/857
f 602/706/610 614/718/622 851/967/859 846/959/854
f 611/715/619 852/968/860 851/967/859 614/718/622
f 848/961/856 849/964/857 850/966/858 853/969/861
f 845/958/853 827/965/835 830/954/838 842/955/850
f 597/701/605 596/700/604 847/960/855 854/970/862
f 855/971/863 843/956/851 842/955/850 841/953/849
f 856/972/864 855/971/863 841/953/849 837/943/845
f 599/703/607 597/701/605 854/970/862 857/973/865
f 830/936/838 827/933/835 818/926/828
f 858/974/866 822/975/830 823/976/831 859/977/867
f 860/978/868 820/979/826 822/975/830 858/974/866
f 859/977/867 823/976/831 824/980/832 861/981/869
f 861/981/869 824/980/832 825/962/833 848/961/856
f 862/982/870 860/978/868 858/974/866 863/983/871
f 863/983/871 858/974/866 859/977/867 864/984/872
f 604/708/612 865/985/873 866/986/874 605/709/613
f 608/712/616 867/987/875 865/985/873 604/708/612
f 868/988/876 869/989/877 860/978/868 862/982/870
f 645/749/653 870/990/878 867/987/875 608/712/616
f 646/750/654 871/991/879 870/990/878 645/749/653
f 868/988/876 872/992/880 873/993/881 869/989/877
f 861/981/869 848/961/856 853/969/861 874/994/882
f 610/714/618 875/995/883 852/968/860 611/715/619
f 605/709/613 866/986/874 875/995/883 610/714/618
f 874/994/882 864/984/872 859/977/867 861/981/869
f 819/996/829 821/997/827 869/989/877 873/993/881
f 869/989/877 821/997/827 820/979/826 860/978/868
f 818/926/828 876/998/884 877/999/885
f 878/1000/886 876/998/884 818/926/828
f 818/926/828 879/1001/887 878/1000/886
f 880/1002/888 881/1003/889 877/1004/885 876/1005/884
f 877/999/885 882/1006/890 818/926/828
f 882/1006/890 834/940/842 818/926/828
f 883/1007/891 884/1008/892 834/1009/842 882/1010/890
f 881/1003/889 883/1007/891 882/1010/890 877/1004/885
f 885/1011/893 886/1012/894 884/1008/892 883/1007/891
f 887/1013/895 885/1011/893 883/1007/891 881/1003/889
f 664/768/672 888/1014/896 889/1015/897 663/767/671
f 649/753/657 890/1016/898 888/1014/896 664/768/672
f 884/1008/892 839/950/847 835/949/843 834/1009/842
f 886/1012/894 891/1017/899 839/950/847 884/1008/892
f 648/752/656 892/1018/900 890/1016/898 649/753/657
f 840/951/848 839/950/847 891/1017/899 893/1019/901
f 894/1020/902 856/972/864 837/943/845 836/942/844
f 895/1021/903 894/1020/902 836/942/844 838/946/846
f 857/973/865 896/1022/904 897/1023/905 599/703/607
f 898/1024/906 887/1013/895 881/1003/889 880/1002/888
f 663/767/671 889/1015/897 899/1025/907 662/766/670
f 900/1026/908 901/1027/909 902/1028/910 903/1029/911
f 903/1029/911 898/1024/906 880/1002/888 900/1026/908
f 878/1030/886 879/1031/887 901/1027/909 900/1026/908
f 876/1005/884 878/1030/886 900/1026/908 880/1002/888
f 813/919/821 764/868/772 762/866/770 904/1032/912
f 762/866/770 727/831/735 905/1033/913 904/1032/912
f 843/956/851 847/960/855 846/959/854 844/957/852
f 851/967/859 850/966/858 844/957/852 846/959/854
f 853/969/861 850/966/858 851/967/859 852/968/860
f 855/971/863 854/970/862 847/960/855 843/956/851
f 854/970/862 855/971/863 856/972/864 857/973/865
f 863/983/871 865/985/873 867/987/875 862/982/870
f 864/984/872 866/986/874 865/985/873 863/983/871
f 862/982/870 867/987/875 870/990/878 868/988/876
f 868/988/876 870/990/878 871/991/879 872/992/880
f 852/968/860 875/995/883 874/994/882 853/969/861
f 866/986/874 864/984/872 874/994/882 875/995/883
f 888/1014/896 890/1016/898 886/1012/894 885/1011/893
f 888/1014/896 885/1011/893 887/1013/895 889/1015/897
f 890/1016/898 892/1018/900 891/1017/899 886/1012/894
f 907/1034/914 895/1021/903 893/1019/901 908/1035/915
f 894/1020/902 896/1022/904 857/973/865 856/972/864
f 895/1021/903 907/1034/914 896/1022/904 894/1020/902
f 889/1015/897 887/1013/895 898/1024/906 899/1025/907
f 903/1029/911 909/1036/916 899/1025/907 898/1024/906
f 719/823/727 718/822/726 725/829/733 758/862/766
f 725/829/733 718/822/726 722/826/730 726/830/734
f 904/1032/912 732/836/740 731/835/739 813/919/821
f 729/833/737 905/1033/913 726/830/734 722/826/730
f 759/863/767 766/870/774 719/823/727 758/862/766
f 772/876/780 766/870/774 759/863/767 768/872/776
f 769/873/777 772/876/780 768/872/776 747/851/755
f 773/877/781 769/873/777 747/851/755 746/850/754
f 774/878/782 773/877/781 746/850/754 742/846/750
f 778/882/786 777/881/785 741/845/749 743/847/751
f 742/846/750 741/845/749 777/881/785 774/878/782
f 789/893/797 795/899/803 794/898/802 787/891/795
f 743/847/751 779/883/787 804/908/812 778/882/786
f 731/835/739 817/923/825 812/918/820 813/919/821
f 662/766/670 899/1025/907 909/1036/916 910/1037/917
f 660/764/668 662/766/670 910/1037/917 911/1038/918
f 661/765/669 660/764/668 911/1038/918 914/1039/919
f 915/1040/920 914/1039/919 911/1038/918 912/1041/921
f 914/1039/919 916/1042/922 444/541/452 661/765/669
f 917/1043/923 916/1042/922 914/1039/919 915/1040/920
f 445/542/453 444/541/452 916/1042/922 918/1044/924
f 918/1044/924 916/1042/922 917/1043/923 919/1045/925
f 446/543/454 445/542/453 918/1044/924 920/1046/926
f 921/1047/927 920/1046/926 918/1044/924 919/1045/925
f 451/548/459 446/543/454 920/1046/926 922/1048/928
f 920/1046/926 921/1047/927 923/1049/929 922/1048/928
f 452/549/460 451/548/459 922/1048/928 924/1050/930
f 922/1048/928 923/1049/929 925/1051/931 924/1050/930
f 462/559/470 452/549/460 924/1050/930 926/1052/932
f 926/1052/932 924/1050/930 925/1051/931 927/1053/933
f 461/558/469 462/559/470 926/1052/932 928/1054/934
f 928/1054/934 926/1052/932 927/1053/933 929/1055/935
f 460/557/468 461/558/469 928/1054/934 930/1056/936
f 930/1056/936 928/1054/934 929/1055/935 931/1057/937
f 930/1056/936 932/1058/938 367/464/375 460/557/468
f 932/1058/938 930/1056/936 931/1057/937 933/1059/939
f 367/464/375 932/1058/938 935/1060/940 505/602/513
f 936/1061/941 502/599/510 505/602/513 935/1060/940
f 509/606/517 501/598/509 502/599/510 936/1061/941
f 510/607/518 509/606/517 936/1061/941 906/1062/942
f 937/1063/943 934/1064/944 906/1062/942 936/1061/941
f 936/1061/941 935/1060/940 937/1063/943
f 935/1060/940 932/1058/938 933/1059/939 937/1063/943
f 910/1037/917 909/1036/916 938/1065/945 913/1066/946
f 912/1041/921 911/1038/918 910/1037/917 913/1066/946
f 939/1067/947 547/651/555 804/908/812 940/1068/948
f 941/1069/949 942/1070/950 943/1071/951 944/1072/952
f 942/1070/950 544/648/552 547/651/555 939/1067/947
f 543/647/551 941/1069/949 945/1073/953 540/644/548
f 941/1069/949 944/1072/952 946/1074/954 945/1073/953
f 944/1075/952 947/1076/955 948/1077/956 946/1078/954
f 396/493/404 949/1079/957 948/1077/956 397/494/405
f 945/1073/953 950/1080/958 549/653/557 540/644/548
f 945/1073/953 946/1074/954 951/1081/959 950/1080/958
f 946/1078/954 948/1077/956 949/1079/957 951/1082/959
f 549/653/557 950/1080/958 952/1083/960 550/654/558
f 949/1079/957 396/493/404 373/470/381 953/1084/961
f 954/1085/962 955/1086/963 550/654/558 952/1083/960
f 375/472/383 379/476/387 381/478/389 956/1087/964
f 951/1082/959 949/1079/957 953/1084/961 957/1088/965
f 953/1084/961 373/470/381 375/472/383 956/1087/964
f 957/1088/965 953/1084/961 956/1087/964
f 381/643/389 539/642/547 954/1085/962 956/1089/964
f 956/1089/964 954/1085/962 952/1083/960 957/1090/965
f 950/1080/958 951/1081/959 957/1090/965 952/1083/960
f 958/1091/966 959/1092/967 943/1093/951 960/1094/968
f 793/897/801 962/1095/969 961/1096/970 794/898/802
f 963/1097/971 964/1098/972 965/1099/973 958/1091/966
f 939/1067/947 940/1068/948 966/1100/974 960/1101/968
f 963/1097/971 958/1091/966 960/1094/968 966/1102/974
f 940/1068/948 804/908/812 779/883/787 780/884/788
f 964/1098/972 963/1097/971 782/886/790
f 785/889/793 961/1096/970 964/1098/972 782/886/790
f 781/1103/789 782/886/790 963/1097/971 966/1102/974
f 966/1100/974 940/1068/948 780/884/788 781/885/789
f 391/488/399 397/494/405 967/1104/975 395/492/403
f 397/494/405 948/1077/956 947/1076/955 967/1104/975
f 395/492/403 967/1104/975 968/1105/976 715/819/723
f 965/1099/973 969/1106/977 959/1092/967 958/1091/966
f 965/1099/973 962/1095/969 968/1105/976 969/1106/977
f 964/1098/972 961/1096/970 962/1095/969 965/1099/973
f 393/490/401 716/820/724 970/1107/978 394/491/402
f 792/896/800 795/899/803 971/1108/979 972/1109/980
f 973/1110/981 974/1111/982 972/1109/980 971/1108/979
f 789/893/797 791/895/799 971/1108/979 795/899/803
f 975/1112/983 797/901/805 807/913/815 816/922/824
f 974/1111/982 976/1113/984 970/1107/978 972/1109/980
f 977/1114/985 978/1115/986 976/1113/984 974/1111/982
f 979/1116/987 977/1114/985 974/1111/982 973/1110/981
f 979/1116/987 973/1110/981 796/900/804 798/902/806
f 980/1117/988 981/1118/989 404/501/412
f 982/1119/990 983/1120/991 984/1121/992 814/920/822
f 982/1119/990 817/923/825 402/499/410 985/1122/993
f 986/1123/994 987/1124/995 988/1125/996 989/1126/997
f 990/1127/998 988/1125/996 991/1128/999 992/1129/1000
f 977/1114/985 979/1116/987 993/1130/1001 990/1127/998
f 989/1126/997 988/1125/996 990/1127/998 993/1130/1001
f 994/1131/1002 995/1132/1003 996/1133/1004 997/1134/1005
f 990/1127/998 992/1129/1000 978/1115/986 977/1114/985
f 995/1132/1003 991/1128/999 996/1133/1004
f 986/1123/994 983/1120/991 998/1135/1006 987/1124/995
f 999/1136/1007 1000/1137/1008 1001/1138/1009 1002/1139/1010
f 1000/1137/1008 1003/1140/1011 1001/1138/1009
f 472/569/480 467/564/475 493/589/500 484/581/492
f 493/589/500 491/588/499 415/512/423 1004/1141/1012
f 480/577/488 484/581/492 1005/1142/1013 482/579/490
f 1004/1141/1012 1006/1143/1014 484/581/492 493/589/500
f 1005/1142/1013 484/581/492 1006/1143/1014
f 1004/1141/1012 415/512/423 411/508/419 1007/1144/1015
f 1008/1145/1016 714/818/722 482/579/490 1005/1142/1013
f 1008/1145/1016 1005/1142/1013 1006/1143/1014 1009/1146/1017
f 1006/1143/1014 1004/1141/1012 1007/1144/1015 1009/1146/1017
f 1010/1147/1018 1011/1148/1019 1009/1146/1017 1007/1144/1015
f 1007/1144/1015 411/508/419 410/507/418 1010/1147/1018
f 1012/1149/1020 1013/1150/1021 407/504/415 406/503/414
f 1012/1149/1020 1014/1151/1022 1013/1150/1021
f 1015/1152/1023 581/685/589 1016/1153/1024
f 1017/1154/1025 582/686/590 585/689/593
f 1018/1155/1026 1019/1156/1027 1020/1157/1028 1021/1158/1029
f 1021/1158/1029 566/670/574 562/666/570 564/668/572
f 564/668/572 570/674/578 1022/1159/1030 1021/1158/1029
f 1021/1158/1029 1022/1159/1030 1018/1155/1026
f 1023/1160/1031 955/1086/963 553/657/561
f 552/656/560 556/660/564 555/659/563 553/657/561
f 539/642/547 955/1086/963 954/1085/962
f 1023/1160/1031 561/665/569 1024/1161/1032
f 550/654/558 955/1086/963 551/655/559
f 555/659/563 554/658/562 561/665/569 1023/1160/1031
f 553/657/561 555/659/563 1023/1160/1031
f 1024/1161/1032 551/655/559 1023/1160/1031
f 583/687/591 1024/1161/1032 584/688/592
f 589/693/597 541/645/549 548/652/556 1025/1162/1033
f 1024/1161/1032 1025/1162/1033 551/655/559
f 583/687/591 1026/1163/1034 1024/1161/1032
f 583/687/591 582/686/590 586/690/594 1026/1163/1034
f 593/697/601 590/694/598 589/693/597 1027/1164/1035
f 1025/1162/1033 1024/1161/1032 1028/1165/1036
f 589/693/597 1025/1162/1033 1028/1165/1036 1027/1164/1035
f 1028/1165/1036 1026/1163/1034 1027/1164/1035
f 586/690/594 580/684/588 579/683/587 1029/1166/1037
f 593/697/601 1030/1167/1038 1031/1168/1039 594/698/602
f 1029/1166/1037 1027/1164/1035 1026/1163/1034 586/690/594
f 1030/1167/1038 1032/1169/1040 1033/1170/1041 1031/1168/1039
f 1029/1166/1037 579/683/587 1032/1169/1040 1034/1171/1042
f 1034/1171/1042 1027/1164/1035 1029/1166/1037
f 1033/1170/1041 577/681/585 771/875/779 770/874/778
f 579/683/587 578/682/586 574/678/582 1032/1169/1040
f 1032/1169/1040 1030/1167/1038 1034/1171/1042
f 1034/1171/1042 1030/1167/1038 593/697/601 1027/1164/1035
f 570/674/578 569/673/577 1035/1172/1043 1022/1159/1030
f 1022/1159/1030 1035/1172/1043 1036/1173/1044 1018/1155/1026
f 568/672/576 714/818/722 1037/1174/1045 569/673/577
f 1036/1173/1044 1035/1172/1043 1038/1175/1046
f 1039/1176/1047 1037/1174/1045 714/818/722 1008/1145/1016
f 1040/1177/1048 1037/1174/1045 1039/1176/1047
f 1041/1178/1049 1038/1175/1046 1040/1177/1048 1039/1176/1047
f 1039/1176/1047 1008/1145/1016 1009/1146/1017 1011/1148/1019
f 1040/1177/1048 1038/1175/1046 1035/1172/1043
f 1040/1177/1048 1035/1172/1043 569/673/577 1037/1174/1045
f 994/1131/1002 980/1117/988 1042/1179/1050 1043/1180/1051
f 994/1131/1002 1043/1180/1051 1044/1181/1052 995/1132/1003
f 386/483/394 388/485/396 1045/1182/1053 1046/1183/1054
f 1046/1183/1054 1045/1182/1053 1047/1184/1055 1048/1185/1056
f 1049/1186/1057 372/469/380 371/468/379 1050/1187/1058
f 1048/1185/1056 1050/1187/1058 1046/1183/1054
f 1051/1188/1059 1048/1185/1056 1052/1189/1060 1053/1190/1061
f 383/480/391 372/469/380 1049/1186/1057 1054/1191/1062
f 1054/1191/1062 1049/1186/1057 1051/1188/1059 1055/1192/1063
f 1055/1192/1063 1051/1188/1059 1053/1190/1061 1056/1193/1064
f 385/482/393 383/480/391 1054/1191/1062 1057/1194/1065
f 1057/1194/1065 1054/1191/1062 1055/1192/1063 1058/1195/1066
f 495/592/503 385/482/393 1057/1194/1065 1059/1196/1067
f 365/462/373 364/461/372 495/592/503 1059/1196/1067
f 1060/1197/1068 1061/1198/1069 1062/1199/1070
f 1062/1199/1070 431/528/439 366/463/374 365/462/373
f 365/462/373 1059/1196/1067 1060/1197/1068 1062/1199/1070
f 1059/1196/1067 1057/1194/1065 1058/1195/1066 1060/1197/1068
f 1063/1200/1071 1045/1182/1053 388/485/396 392/489/400
f 1047/1184/1055 1045/1182/1053 1063/1200/1071
f 995/1132/1003 1044/1181/1052 1063/1200/1071 1064/1201/1072
f 392/489/400 394/491/402 1064/1201/1072 1063/1200/1071
f 1065/1202/1073 1044/1181/1052 1043/1180/1051
f 1066/1203/1074 1061/1198/1069 1060/1197/1068 1058/1195/1066
f 1058/1195/1066 1055/1192/1063 1056/1193/1064 1066/1203/1074
f 1066/1203/1074 1056/1193/1064 1067/1204/1075
f 413/510/421 409/506/417 1068/1205/1076 1069/1206/1077
f 1056/1193/1064 1053/1190/1061 1070/1207/1078 1067/1204/1075
f 1071/1208/1079 1067/1204/1075 1070/1207/1078
f 1069/1206/1077 1068/1205/1076 1072/1209/1080
f 1071/1208/1079 1069/1206/1077 1072/1209/1080 1067/1204/1075
f 1073/1210/1081 1066/1203/1074 1067/1204/1075
f 1073/1210/1081 1067/1204/1075 1072/1209/1080
f 1068/1205/1076 409/506/417 412/509/420 1074/1211/1082
f 1068/1205/1076 1074/1211/1082 1075/1212/1083 1072/1209/1080
f 1073/1210/1081 1072/1209/1080 1075/1212/1083
f 1061/1198/1069 1066/1203/1074 1073/1210/1081 1076/1213/1084
f 416/513/424 1077/1214/1085 1074/1211/1082 412/509/420
f 422/519/430 1079/1215/1086 1078/1216/1087 421/518/429
f 492/590/501 463/560/471 421/518/429 1078/1216/1087
f 1061/1198/1069 1076/1213/1084 1079/1215/1086 1062/1199/1070
f 431/528/439 1062/1199/1070 1079/1215/1086 422/519/430
f 1076/1213/1084 1073/1210/1081 1075/1212/1083 1080/1217/1088
f 1047/1184/1055 1065/1202/1073 1081/1218/1089 1082/1219/1090
f 1047/1184/1055 1063/1200/1071 1044/1181/1052 1065/1202/1073
f 1082/1219/1090 1052/1189/1060 1048/1185/1056 1047/1184/1055
f 1065/1202/1073 1043/1180/1051 1083/1220/1091 1081/1218/1089
f 1084/1221/1092 1070/1207/1078 1053/1190/1061 1052/1189/1060
f 1085/1222/1093 1084/1221/1092 1052/1189/1060 1082/1219/1090
f 1085/1222/1093 1082/1219/1090 1081/1218/1089 1083/1220/1091
f 1071/1208/1079 1070/1207/1078 1084/1221/1092 1086/1223/1094
f 1043/1180/1051 1042/1179/1050 1087/1224/1095 1083/1220/1091
f 1086/1223/1094 1069/1206/1077 1071/1208/1079
f 1085/1222/1093 1083/1220/1091 1087/1224/1095 1088/1225/1096
f 1084/1221/1092 1085/1222/1093 1088/1225/1096 1086/1223/1094
f 1069/1206/1077 1086/1223/1094 1089/1226/1097 413/510/421
f 1087/1224/1095 1090/1227/1098 1091/1228/1099 1088/1225/1096
f 1089/1226/1097 1086/1223/1094 1088/1225/1096 1091/1228/1099
f 414/511/422 413/510/421 1089/1226/1097 1092/1229/1100
f 1091/1228/1099 1093/1230/1101 1092/1229/1100 1089/1226/1097
f 1010/1147/1018 410/507/418 414/511/422 1094/1231/1102
f 1095/1232/1103 1096/1233/1104 1094/1231/1102
f 1094/1231/1102 414/511/422 1092/1229/1100 1095/1232/1103
f 1095/1232/1103 1092/1229/1100 1093/1230/1101 1097/1234/1105
f 1097/1234/1105 1098/1235/1106 1096/1233/1104 1095/1232/1103
f 1099/1236/1107 1093/1230/1101 1091/1228/1099 1090/1227/1098
f 1090/1227/1098 1087/1224/1095 1042/1179/1050 1100/1237/1108
f 1100/1237/1108 1042/1179/1050 980/1117/988 399/496/407
f 1099/1236/1107 1090/1227/1098 1100/1237/1108 1101/1238/1109
f 399/496/407 398/495/406 1102/1239/1110 1100/1237/1108
f 1100/1237/1108 1102/1239/1110 1103/1240/1111
f 1100/1237/1108 1103/1240/1111 1101/1238/1109
f 1101/1238/1109 1103/1240/1111 1098/1235/1106 1097/1234/1105
f 1097/1234/1105 1093/1230/1101 1099/1236/1107 1101/1238/1109
f 1104/1241/1112 1105/1242/1113 1038/1175/1046 1041/1178/1049
f 1106/1243/1114 1096/1233/1104 1107/1244/1115
f 1096/1233/1104 1098/1235/1106 1107/1244/1115
f 1108/1245/1116 1104/1241/1112 1109/1246/1117 1110/1247/1118
f 1107/1244/1115 1098/1235/1106 1103/1240/1111 1111/1248/1119
f 1111/1248/1119 1103/1240/1111 1102/1239/1110 1112/1249/1120
f 1113/1250/1121 1108/1245/1116 1110/1247/1118 1114/1251/1122
f 398/495/406 1012/1149/1020 1112/1249/1120 1102/1239/1110
f 1112/1249/1120 1012/1149/1020 406/503/414
f 1112/1249/1120 406/503/414 1113/1250/1121 1114/1251/1122
f 1114/1251/1122 1111/1248/1119 1112/1249/1120
f 1114/1251/1122 1110/1247/1118 1107/1244/1115 1111/1248/1119
f 1104/1241/1112 1041/1178/1049 1115/1252/1123 1109/1246/1117
f 1041/1178/1049 1039/1176/1047 1011/1148/1019 1115/1252/1123
f 1011/1148/1019 1010/1147/1018 1094/1231/1102 1115/1252/1123
f 1096/1233/1104 1106/1243/1114 1115/1252/1123 1094/1231/1102
f 1115/1252/1123 1106/1243/1114 1109/1246/1117
f 1106/1243/1114 1107/1244/1115 1110/1247/1118 1109/1246/1117
f 488/585/496 487/584/495 490/587/498 1116/1253/1124
f 490/587/498 489/586/497 1117/1254/1125 1116/1253/1124
f 489/586/497 680/784/688 681/785/689 1117/1254/1125
f 1117/1254/1125 681/785/689 685/789/693 684/788/692
f 456/553/464 455/552/463 717/821/725 1118/1255/1126
f 651/755/659 654/758/662 655/759/663 1119/1256/1127
f 652/756/660 651/755/659 1119/1256/1127 1120/1257/1128
f 647/751/655 652/756/660 1120/1257/1128 1121/1258/1129
f 599/703/607 897/1023/905 1122/1259/1130 600/704/608
f 908/1035/915 892/1018/900 648/752/656 1123/1260/1131
f 1121/1258/1129 1123/1260/1131 648/752/656 647/751/655
f 1124/1261/1132 1122/1259/1130 897/1023/905 1125/1262/1133
f 896/1022/904 907/1034/914 1125/1262/1133 897/1023/905
f 1002/1139/1010 1001/1138/1009 600/704/608 1122/1259/1130
f 1120/1257/1128 1126/1263/1134 1124/1261/1132 1121/1258/1129
f 1127/1264/1135 1002/1139/1010 1122/1259/1130 1124/1261/1132
f 1127/1264/1135 1124/1261/1132 1126/1263/1134
f 1126/1263/1134 1120/1257/1128 1119/1256/1127 1128/1265/1136
f 1127/1264/1135 1126/1263/1134 1128/1265/1136 1129/1266/1137
f 1129/1266/1137 999/1136/1007 1002/1139/1010 1127/1264/1135
f 1130/1267/1138 1117/1254/1125 684/788/692 1131/1268/1139
f 1132/1269/1140 1130/1267/1138 1131/1268/1139
f 1131/1268/1139 684/788/692 687/791/695 692/796/700
f 692/796/700 1133/1270/1141 1132/1269/1140 1131/1268/1139
f 717/821/725 486/583/494 488/585/496 1134/1271/1142
f 488/585/496 1116/1253/1124 1130/1267/1138 1134/1271/1142
f 1135/1272/1143 1118/1255/1126 717/821/725 1134/1271/1142
f 1134/1271/1142 1130/1267/1138 1132/1269/1140
f 1130/1267/1138 1116/1253/1124 1117/1254/1125
f 1136/1273/1144 1137/1274/1145 999/1136/1007 1129/1266/1137
f 1000/1137/1008 999/1136/1007 1137/1274/1145 691/795/699
f 1138/1275/1146 1133/1270/1141 1137/1274/1145 1136/1273/1144
f 1133/1270/1141 692/796/700 691/795/699 1137/1274/1145
f 655/759/663 456/553/464 1118/1255/1126 1139/1276/1147
f 1128/1265/1136 1119/1256/1127 655/759/663 1139/1276/1147
f 1139/1276/1147 1118/1255/1126 1135/1272/1143
f 1129/1266/1137 1128/1265/1136 1139/1276/1147 1136/1273/1144
f 1132/1269/1140 1133/1270/1141 1138/1275/1146
f 1138/1275/1146 1135/1272/1143 1134/1271/1142 1132/1269/1140
f 1140/1277/1148 623/727/631 621/725/629 690/794/698
f 689/793/697 688/792/696 623/727/631 1140/1277/1148
f 691/795/699 689/793/697 1140/1277/1148 1000/1137/1008
f 1140/1277/1148 690/794/698 1003/1140/1011
f 1003/1140/1011 1000/1137/1008 1140/1277/1148
f 690/794/698 595/699/603 598/702/606 1003/1140/1011
f 598/702/606 600/704/608 1001/1138/1009 1003/1140/1011
f 588/692/596 578/682/586 581/685/589 1141/1278/1149
f 1105/1242/1113 1104/1241/1112 1108/1245/1116 1142/1279/1150
f 406/503/414 405/502/413 1143/1280/1151 1113/1250/1121
f 405/502/413 575/679/583 588/692/596 1143/1280/1151
f 1142/1279/1150 1108/1245/1116 1113/1250/1121 1143/1280/1151
f 588/692/596 1141/1278/1149 1144/1281/1152 1143/1280/1151
f 1105/1242/1113 1142/1279/1150 1144/1281/1152 1145/1282/1153
f 1036/1173/1044 1038/1175/1046 1105/1242/1113 1145/1282/1153
f 1019/1156/1027 1145/1282/1153 1141/1278/1149 1015/1152/1023
f 1144/1281/1152 1141/1278/1149 1145/1282/1153
f 1018/1155/1026 1036/1173/1044 1145/1282/1153 1019/1156/1027
f 1144/1281/1152 1142/1279/1150 1143/1280/1151
f 515/615/523 520/620/528 513/613/521 512/611/520
f 520/620/528 515/615/523 1147/1283/1154 522/622/530
f 514/614/522 1146/1284/1155 1148/1285/1156 515/615/523
f 1147/1283/1154 515/615/523 1148/1285/1156
f 1149/1286/1157 534/634/542 522/622/530 1147/1283/1154
f 1150/1287/1158 1148/1285/1156 1146/1284/1155 1151/1288/1159
f 1147/1283/1154 1148/1285/1156 1150/1287/1158 1149/1286/1157
f 1153/1289/1160 534/634/542 1149/1286/1157
f 1151/1288/1159 1152/1290/1161 1154/1291/1162 1150/1287/1158
f 1149/1286/1157 1150/1287/1158 1154/1291/1162 1153/1289/1160
f 1156/1292/1163 713/817/721 535/635/543 1153/1289/1160
f 1157/1293/1164 1156/1292/1163 1153/1289/1160 1154/1291/1162
f 1154/1291/1162 1152/1290/1161 1155/1294/1165 1157/1293/1164
f 1158/1295/1166 713/817/721 1156/1292/1163
f 632/736/640 631/735/639 669/773/677 1161/1296/1167
f 1161/1296/1167 669/773/677 670/774/678 1158/1295/1166
f 634/738/642 632/736/640 1161/1296/1167 1160/1297/1168
f 1161/1296/1167 1158/1295/1166 1162/1298/1169
f 1162/1298/1169 1160/1297/1168 1161/1296/1167
f 1157/1293/1164 1155/1294/1165 1159/1299/1170 1162/1298/1169
f 1162/1298/1169 1159/1299/1170 1160/1297/1168
f 1156/1292/1163 1157/1293/1164 1162/1298/1169 1158/1295/1166
f 732/836/740 729/833/737 728/832/736 730/834/738
f 905/1033/913 729/833/737 732/836/740 904/1032/912
f 727/831/735 726/830/734 905/1033/913
f 398/495/406 401/498/409 1014/1151/1022 1012/1149/1020
f 737/841/745 783/909/791 781/885/789
f 783/887/791 782/886/790 781/1103/789
f 815/921/823 984/1121/992 983/1120/991 986/1123/994
f 989/1126/997 993/1130/1001 975/1112/983 816/922/824
f 798/902/806 975/1112/983 993/1130/1001 979/1116/987
f 975/1112/983 798/902/806 797/901/805
f 816/922/824 815/921/823 986/1123/994 989/1126/997
f 807/913/815 808/914/816 815/921/823
f 808/914/816 984/1121/992 815/921/823
f 982/1119/990 814/920/822 812/918/820 817/923/825
f 983/1120/991 982/1119/990 985/1122/993 998/1135/1006
f 994/1131/1002 1163/1300/1171 981/1118/989 980/1117/988
f 994/1131/1002 997/1134/1005 1163/1300/1171
f 814/920/822 808/914/816 811/917/819
f 814/920/822 984/1121/992 808/914/816
f 832/947/840 833/948/841 840/951/848 838/946/846
f 838/946/846 840/951/848 893/1019/901 895/1021/903
f 893/1019/901 891/1017/899 892/1018/900 908/1035/915
f 1123/1260/1131 1125/1262/1133 907/1034/914 908/1035/915
f 1125/1262/1133 1123/1260/1131 1121/1258/1129 1124/1261/1132
f 531/631/539 522/622/530 525/625/533
f 526/626/534 525/625/533 534/634/542 532/632/540
f 530/630/538 523/623/531 531/631/539
f 523/623/531 521/621/529 531/631/539
f 529/629/537 530/630/538 524/624/532
f 736/1301/744 735/1302/743 1164/1303/1172
f 738/1304/746 736/1301/744 1164/1303/1172
f 749/1305/757 748/1306/756 1164/1303/1172
f 748/1306/756 752/1307/760 1164/1303/1172
f 754/1308/762 753/1309/761 1164/1303/1172
f 753/1309/761 749/1305/757 1164/1303/1172
f 755/1310/763 754/1308/762 1164/1303/1172
f 735/1302/743 755/1310/763 1164/1303/1172
f 752/1307/760 756/1311/764 1164/1303/1172
f 756/1311/764 760/1312/768 1164/1303/1172
f 760/1312/768 761/1313/769 1164/1303/1172
f 761/1313/769 763/1314/771 1164/1303/1172
f 763/1314/771 765/1315/773 1164/1303/1172
f 800/1316/808 799/1317/807 1164/1303/1172
f 799/1317/807 801/1318/809 1164/1303/1172
f 801/1318/809 802/1319/810 1164/1303/1172
f 802/1319/810 803/1320/811 1164/1303/1172
f 803/1320/811 738/1304/746 1164/1303/1172
f 805/1321/813 800/1316/808 1164/1303/1172
f 806/1322/814 805/1321/813 1164/1303/1172
f 809/1323/817 806/1322/814 1164/1303/1172
f 810/1324/818 809/1323/817 1164/1303/1172
f 765/1315/773 810/1324/818 1164/1303/1172
f 818/926/828 835/941/843 833/939/841
f 403/500/411 730/834/738 401/498/409 400/497/408
f 399/496/407 980/1117/988 404/501/412 400/497/408
f 721/825/729 720/824/728 408/505/416 407/504/415
f 544/648/552 543/647/551 542/646/550 545/649/553
f 767/871/775 771/875/779 577/681/585 576/680/584
f 720/824/728 767/871/775 576/680/584 408/505/416
f 545/649/553 542/646/550 590/694/598 591/695/599
f 775/879/783 592/696/600 591/695/599 594/698/602
f 793/897/801 792/896/800 716/820/724 715/819/723
f 942/1070/950 939/1067/947 960/1101/968 943/1071/951
f 942/1070/950 941/1069/949 543/647/551 544/648/552
f 947/1076/955 944/1075/952 943/1093/951 959/1092/967
f 962/1095/969 793/897/801 715/819/723 968/1105/976
f 969/1106/977 967/1104/975 947/1076/955 959/1092/967
f 968/1105/976 967/1104/975 969/1106/977
f 716/820/724 792/896/800 972/1109/980 970/1107/978
f 976/1113/984 1064/1201/1072 394/491/402 970/1107/978
f 978/1115/986 1064/1201/1072 976/1113/984
f 985/1122/993 402/499/410 404/501/412 981/1118/989
f 991/1128/999 995/1132/1003 992/1129/1000
f 987/1124/995 998/1135/1006 997/1134/1005 996/1133/1004
f 992/1129/1000 995/1132/1003 1064/1201/1072 978/1115/986
f 987/1124/995 996/1133/1004 991/1128/999 988/1125/996
f 723/827/731 721/825/729 407/504/415 1013/1150/1021
f 728/832/736 723/827/731 1013/1150/1021 1014/1151/1022
f 776/880/784 775/879/783 594/698/602 1031/1168/1039
f 770/874/778 776/880/784 1031/1168/1039 1033/1170/1041
f 1033/1170/1041 1032/1169/1040 574/678/582 577/681/585
f 401/498/409 730/834/738 728/832/736 1014/1151/1022
f 1163/1300/1171 985/1122/993 981/1118/989
f 985/1122/993 1163/1300/1171 997/1134/1005 998/1135/1006
f 533/633/541 699/803/707 701/805/709
f 678/782/686 683/787/691 698/802/706
f 698/802/706 699/803/707 533/633/541
f 682/786/690 709/813/717 702/806/710
f 680/784/688 477/574/485 682/786/690
f 536/636/544 535/635/543 713/817/721
f 1158/1295/1166 670/774/678 713/817/721
f 566/670/574 1021/1158/1029 1020/1157/1028
f 478/575/486 479/576/487 708/812/716
f 475/572/483 473/570/481 478/575/486
f 539/642/547 553/657/561 955/1086/963
f 955/1086/963 1023/1160/1031 551/655/559
f 1025/1162/1033 548/652/556 551/655/559
f 711/815/719 698/802/706 537/637/545
f 1153/1289/1160 535/635/543 534/634/542
f 707/811/715 706/810/714 705/809/713 708/812/716
f 706/810/714 704/808/712 703/807/711 705/809/713
f 528/628/536 701/805/709 703/807/711
f 524/624/532 531/631/539 525/625/533
f 531/631/539 521/621/529 522/622/530
f 683/787/691 702/806/710 699/803/707
f 674/778/682 673/777/681 678/782/686
f 412/509/420 411/508/419 415/512/423
f 506/603/514 364/461/372 367/464/375
f 496/593/504 494/591/502 506/603/514
f 677/781/685 682/786/690 683/787/691
f 709/813/717 708/812/716 700/804/708
f 477/574/485 478/575/486 709/813/717
f 1026/1163/1034 1028/1165/1036 1024/1161/1032
f 561/665/569 560/664/568 584/688/592 1024/1161/1032
f 560/664/568 566/670/574 585/689/593 584/688/592
f 587/691/595 582/686/590 1017/1154/1025 1016/1153/1024
f 585/689/593 566/670/574 1020/1157/1028 1017/1154/1025
f 1017/1154/1025 1020/1157/1028 1016/1153/1024
f 581/685/589 587/691/595 1016/1153/1024
f 1020/1157/1028 1019/1156/1027 1015/1152/1023 1016/1153/1024
f 1141/1278/1149 581/685/589 1015/1152/1023
f 581/685/589 580/684/588 587/691/595
f 368/465/376 374/471/382 369/466/377
f 386/483/394 371/468/379 370/467/378 369/466/377
f 386/483/394 1046/1183/1054 1050/1187/1058 371/468/379
f 1048/1185/1056 1051/1188/1059 1049/1186/1057 1050/1187/1058
f 370/467/378 382/479/390 376/473/384
f 1165/1325/1173 1166/1326/1174 1167/1327/1175 1168/1328/1176
f 1169/1329/1177 1167/1327/1175 1166/1326/1174
f 1168/1328/1176 1170/1330/1178 1165/1325/1173
f 1171/1331/1179 1172/1332/1180 1173/1333/1181
f 1170/1330/1178 1172/1332/1180 1171/1331/1179 1165/1325/1173
f 1174/1334/1182 1166/1326/1174 1165/1325/1173 1171/1331/1179
f 1175/1335/1183 1176/1336/1184 1177/1337/1185
f 1175/1335/1183 1177/1337/1185 1178/1338/1186
f 1179/1339/1187 1180/1340/1188 1169/1329/1177 1166/1326/1174
f 1181/1341/1189 1182/1342/1190 1176/1336/1184 1175/1335/1183
f 1181/1341/1189 1183/1343/1191 1182/1342/1190
f 1184/1344/1192 1181/1341/1189 1185/1345/1193
f 1186/1346/1194 1179/1339/1187 1166/1326/1174 1174/1334/1182
f 1185/1345/1193 1179/1339/1187 1186/1346/1194
f 1178/1338/1186 1187/1347/1195 1185/1345/1193 1175/1335/1183
f 1181/1341/1189 1175/1335/1183 1185/1345/1193
f 1180/1340/1188 1179/1339/1187 1185/1345/1193 1187/1347/1195
f 1189/1348/1196 1188/1349/1197 1192/1350/1198
f 1194/1351/1199 1195/1352/1200 1193/1353/1201 1190/1354/1202
f 1190/1354/1202 1189/1348/1203 1194/1351/1199
f 1197/1355/1204 1201/1356/1205 1202/1357/1206 1198/1358/1207
f 1201/1356/1205 1203/1359/1208 1202/1357/1206
f 1168/1328/1176 1167/1327/1175 1188/1360/1197 1191/1361/1209
f 1167/1327/1175 1169/1329/1177 1192/1362/1198 1188/1360/1197
f 1168/1328/1176 1191/1361/1209 1193/1363/1201 1170/1330/1178
f 1170/1330/1178 1193/1363/1201 1195/1364/1200 1172/1332/1180
f 1177/1337/1185 1176/1336/1184 1197/1365/1204 1196/1366/1210
f 1177/1337/1185 1196/1366/1210 1199/1367/1211 1178/1338/1186
f 1180/1340/1188 1200/1368/1212 1192/1362/1198 1169/1329/1177
f 1176/1336/1184 1182/1342/1190 1201/1369/1205 1197/1365/1204
f 1183/1343/1191 1203/1370/1208 1201/1369/1205 1182/1342/1190
f 1178/1338/1186 1199/1367/1211 1204/1371/1213 1187/1347/1195
f 1187/1347/1195 1204/1371/1213 1200/1368/1212 1180/1340/1188
f 1185/1345/1193 1186/1346/1194 1184/1344/1192
f 818/926/828 819/927/829 635/739/643
f 937/1063/943 933/1059/939 934/1064/944
f 510/607/518 906/1062/942 1151/1288/1159
f 906/1062/942 934/1064/944 1151/1288/1159
f 1151/1288/1159 934/1064/944 1152/1290/1161
f 902/1028/910 901/1027/909 818/926/828
f 901/1027/909 879/1031/887 818/926/828
f 934/1064/944 902/1028/910 818/926/828
f 1155/1294/1165 934/1064/944 818/926/828
f 511/610/519 507/609/515 510/607/518
f 1146/1284/1155 514/614/522 511/610/519
f 1151/1288/1159 1146/1284/1155 510/607/518
f 1155/1294/1165 1152/1290/1161 934/1064/944
f 1146/1284/1155 511/610/519 510/607/518
f 1159/1299/1170 1155/1294/1165 818/926/828
f 634/738/642 1160/1297/1168 818/926/828
f 1160/1297/1168 1159/1299/1170 818/926/828
f 635/739/643 633/737/641 818/926/828
f 633/737/641 634/738/642 818/926/828
f 641/745/649 644/748/652 819/927/829
f 644/748/652 635/739/643 819/927/829
f 871/991/879 646/750/654 872/992/880
f 646/750/654 641/745/649 873/993/881
f 873/993/881 872/992/880 646/750/654
f 819/927/829 873/993/881 641/745/649
f 903/1029/911 902/1028/910 938/1065/945
f 902/1028/910 934/1064/944 933/1059/939
f 938/1065/945 902/1028/910 913/1066/946
f 909/1036/916 903/1029/911 938/1065/945
f 912/1041/921 913/1066/946 919/1045/925
f 919/1045/925 913/1066/946 902/1028/910
f 915/1040/920 912/1041/921 917/1043/923
f 919/1045/925 917/1043/923 912/1041/921
f 921/1047/927 919/1045/925 902/1028/910
f 933/1059/939 931/1057/937 923/1049/929
f 931/1057/937 929/1055/935 925/1051/931
f 923/1049/929 931/1057/937 925/1051/931
f 929/1055/935 927/1053/933 925/1051/931
f 923/1049/929 921/1047/927 902/1028/910
f 902/1028/910 933/1059/939 923/1049/929
