# Blender 5.0.1
# www.blender.org
mtllib pants_2.mtl
o Ch31_Pants.001
v -0.081490 0.136067 0.022636
v -0.109751 0.185661 -0.071363
v -0.052954 0.144521 -0.036885
v -0.014454 0.846939 0.085473
v -0.065182 0.138398 0.008000
v -0.059407 0.157364 -0.004242
v -0.069497 0.149221 0.011522
v -0.069859 0.206871 0.005257
v -0.085387 0.185486 0.015586
v -0.056681 0.150856 -0.039524
v -0.047040 0.110255 -0.056840
v -0.029230 0.834411 -0.076216
v -0.114459 0.146852 -0.069748
v -0.128713 0.496217 -0.042139
v -0.129091 0.463532 -0.052707
v -0.097831 0.135493 0.021081
v -0.098368 0.127452 0.022715
v -0.085000 0.126310 0.024337
v -0.083794 0.152887 0.026396
v -0.094710 0.152794 0.026109
v -0.069135 0.119632 0.020179
v -0.068238 0.125679 0.016501
v -0.074115 0.151693 0.019251
v -0.059353 0.145307 -0.046988
v -0.061862 0.152946 -0.055652
v -0.057681 0.162240 -0.046181
v -0.050425 0.161514 -0.031813
v -0.050300 0.151857 -0.030125
v -0.116541 0.182120 -0.066247
v -0.122138 0.194741 -0.069404
v -0.111768 0.195181 -0.075203
v -0.102805 0.180285 -0.074904
v -0.108738 0.170458 -0.068651
v -0.056073 0.139857 -0.038906
v -0.050520 0.143990 -0.029287
v -0.051629 0.137070 -0.030166
v -0.006430 0.867490 0.099117
v -0.022350 0.869255 0.096695
v -0.029769 0.855815 0.089631
v -0.007406 0.831438 0.074005
v 0.001810 0.835474 0.075244
v 0.004668 0.853124 0.088736
v 0.011009 0.867889 0.099393
v -0.060080 0.132084 0.001669
v -0.061786 0.137405 0.001057
v -0.064353 0.144862 0.002504
v -0.068027 0.143612 0.010439
v -0.049078 0.169852 -0.005941
v -0.053406 0.179271 0.005082
v -0.060951 0.169881 0.010316
v -0.069323 0.162490 0.016083
v -0.066791 0.153194 0.006660
v -0.059046 0.145167 -0.007823
v -0.065369 0.200668 -0.000329
v -0.061729 0.213167 -0.004740
v -0.068275 0.216921 0.005064
v -0.077933 0.216742 0.013621
v -0.077131 0.203429 0.011493
v -0.072233 0.192132 0.007000
v -0.091600 0.169008 0.023231
v -0.078447 0.168793 0.022724
v -0.073303 0.178869 0.013544
v -0.102256 0.187047 0.016248
v -0.105006 0.170086 0.018567
v -0.089451 0.201928 0.016724
v -0.103501 0.201392 0.016901
v -0.065771 0.186176 0.005743
v -0.043275 0.103675 -0.035035
v -0.045692 0.093790 -0.034255
v -0.045533 0.092056 -0.049113
v -0.052953 0.089888 -0.067422
v -0.053518 0.105163 -0.072588
v -0.051370 0.119098 -0.051461
v -0.048105 0.112399 -0.034860
v -0.016155 0.838205 -0.074898
v -0.006794 0.828179 -0.054355
v -0.011991 0.824109 -0.055132
v -0.017458 0.818099 -0.053589
v -0.034525 0.824094 -0.068501
v -0.035290 0.852902 -0.090542
v -0.021217 0.853776 -0.089619
v -0.050951 0.838472 -0.084201
v -0.050556 0.854698 -0.092923
v -0.051325 0.827260 -0.078516
v -0.059960 0.139816 -0.051299
v -0.054544 0.131654 -0.061863
v -0.057811 0.144938 -0.067056
v -0.062038 0.156545 -0.065661
v -0.099619 0.138999 -0.086732
v -0.100287 0.123557 -0.083581
v -0.112398 0.127121 -0.070897
v -0.105629 0.160677 -0.079968
v -0.097143 0.154197 -0.090914
v -0.116924 0.163726 -0.059444
v -0.138260 0.493753 -0.037813
v -0.138173 0.508364 -0.040028
v -0.126859 0.505453 -0.043273
v -0.131088 0.481975 -0.043726
v -0.115178 0.498545 -0.050136
v -0.141714 0.462118 -0.044271
v -0.149177 0.476566 -0.033914
v -0.140081 0.478580 -0.038464
v -0.119889 0.473647 -0.056665
v -0.117036 0.459921 -0.069508
v -0.118313 0.444554 -0.073353
v -0.128022 0.447930 -0.062457
v -0.138488 0.446931 -0.052877
v -0.112911 0.471977 -0.067735
v 0.002665 0.812316 0.000177
v 0.001852 0.814587 -0.017493
v 0.001479 0.819736 -0.034741
v -0.000781 0.821100 -0.034446
v -0.002644 0.829694 -0.053600
v 0.000879 0.827648 -0.052462
v -0.000257 0.816016 -0.017318
v -0.002525 0.815068 -0.017624
v -0.003274 0.819945 -0.035122
v 0.000344 0.813849 0.000226
v -0.002369 0.813195 0.000380
v -0.004126 0.810658 0.000553
v -0.003395 0.812289 -0.018131
v 0.002104 0.815315 0.020244
v -0.001233 0.814793 0.020703
v -0.003226 0.812262 0.021354
v -0.004056 0.808536 0.021760
v -0.004791 0.806935 0.000719
v 0.001280 0.815981 0.040166
v -0.001454 0.813466 0.040731
v -0.002700 0.809463 0.041348
v -0.005317 0.803532 0.040927
v -0.004275 0.803414 0.021832
v -0.002941 0.819035 0.058027
v -0.008006 0.814297 0.057274
v -0.013606 0.806056 0.054937
v -0.010607 0.788012 0.035171
v -0.016951 0.822716 0.070809
v -0.024299 0.811609 0.067028
v -0.031542 0.793075 0.061595
v -0.020226 0.789003 0.049431
v -0.036487 0.818725 0.075791
v -0.044075 0.798368 0.071186
v -0.035517 0.766570 0.057414
v -0.057344 0.803821 0.078030
v -0.061004 0.774253 0.076633
v -0.047730 0.770351 0.068239
v -0.071157 0.808725 0.082943
v -0.074901 0.777671 0.082826
v -0.060964 0.744507 0.075765
v -0.088977 0.780309 0.086592
v -0.088689 0.747992 0.086057
v -0.074606 0.746785 0.082246
v -0.102996 0.781322 0.087671
v -0.102895 0.748326 0.087015
v -0.087435 0.716764 0.085127
v -0.117069 0.748499 0.084596
v -0.116148 0.716750 0.083282
v -0.101888 0.716835 0.085894
v -0.130538 0.748600 0.078980
v -0.129498 0.716704 0.077610
v -0.114634 0.685755 0.082081
v -0.141359 0.716685 0.069159
v -0.139506 0.685487 0.067802
v -0.127803 0.685561 0.076207
v -0.151383 0.716624 0.058478
v -0.149307 0.685535 0.057243
v -0.137188 0.654623 0.066562
v -0.156757 0.685679 0.044881
v -0.153967 0.655014 0.043993
v -0.146778 0.654683 0.056126
v -0.161369 0.686011 0.031044
v -0.158383 0.655692 0.030529
v -0.155925 0.633154 0.030119
v -0.151559 0.632157 0.043225
v -0.160010 0.655711 0.016436
v -0.157625 0.633088 0.016316
v -0.152874 0.610456 0.029248
v -0.158954 0.654770 0.002009
v -0.156971 0.632562 0.002294
v -0.154932 0.611079 0.002335
v -0.154960 0.611024 0.016145
v -0.154144 0.632241 -0.011729
v -0.152620 0.611331 -0.011829
v -0.152654 0.583551 0.000886
v -0.148463 0.611687 -0.025670
v -0.146935 0.585157 -0.026443
v -0.150841 0.584717 -0.012996
v -0.141866 0.611674 -0.038282
v -0.139906 0.585044 -0.038504
v -0.145189 0.560067 -0.027570
v -0.129583 0.584579 -0.048521
v -0.128541 0.558604 -0.048312
v -0.137570 0.560357 -0.038948
v -0.117483 0.582384 -0.055670
v -0.117329 0.553918 -0.055554
v -0.119196 0.531862 -0.053080
v -0.130686 0.537288 -0.047051
v -0.104797 0.549780 -0.058768
v -0.105590 0.526739 -0.054974
v -0.108622 0.511927 -0.052086
v -0.122334 0.518403 -0.048674
v -0.094000 0.547965 -0.058314
v -0.096111 0.524294 -0.058526
v -0.100880 0.509383 -0.059161
v -0.107277 0.496009 -0.059219
v -0.090115 0.524078 -0.062869
v -0.094900 0.509403 -0.064391
v -0.101194 0.496166 -0.065728
v -0.113492 0.483992 -0.058780
v -0.087455 0.508327 -0.065536
v -0.093069 0.494668 -0.066969
v -0.098251 0.481843 -0.068834
v -0.102453 0.469103 -0.070821
v -0.084413 0.492489 -0.064194
v -0.088641 0.479144 -0.066405
v -0.091874 0.465894 -0.069044
v -0.093764 0.452306 -0.072126
v -0.104969 0.455435 -0.072932
v -0.078903 0.464002 -0.066483
v -0.079583 0.451016 -0.069921
v -0.079718 0.437673 -0.073349
v -0.094222 0.438036 -0.075566
v -0.063760 0.463837 -0.061356
v -0.064821 0.450336 -0.064820
v -0.065937 0.436620 -0.068023
v -0.079595 0.415314 -0.078631
v -0.054172 0.448570 -0.054191
v -0.055221 0.434794 -0.057925
v -0.056343 0.413998 -0.063741
v -0.067066 0.415180 -0.072735
v -0.047681 0.433317 -0.047599
v -0.049057 0.412508 -0.053635
v -0.056276 0.385438 -0.070261
v -0.044187 0.410976 -0.042059
v -0.043773 0.383312 -0.049281
v -0.048784 0.384467 -0.060512
v -0.042117 0.410040 -0.032250
v -0.041570 0.382269 -0.038245
v -0.043162 0.354441 -0.054473
v -0.041667 0.381309 -0.026596
v -0.040226 0.352467 -0.031652
v -0.040485 0.353470 -0.043394
v -0.044391 0.380232 -0.014593
v -0.042566 0.351410 -0.019744
v -0.040307 0.322985 -0.036995
v -0.047423 0.350236 -0.008239
v -0.042126 0.321722 -0.024808
v -0.054681 0.349072 0.002412
v -0.052865 0.320315 -0.002697
v -0.045389 0.290751 -0.024274
v -0.061888 0.320127 0.007202
v -0.060400 0.291289 0.002458
v -0.052176 0.290504 -0.008593
v -0.072855 0.319791 0.015733
v -0.070903 0.291945 0.011619
v -0.068886 0.270856 0.009518
v -0.058744 0.269776 -0.001066
v -0.083209 0.291558 0.018599
v -0.081264 0.271085 0.016564
v -0.079657 0.257329 0.016243
v -0.067450 0.257015 0.008732
v -0.096710 0.290558 0.022706
v -0.094781 0.270072 0.020733
v -0.093416 0.256668 0.020154
v -0.092327 0.243313 0.019330
v -0.078508 0.243535 0.015804
v -0.108977 0.269068 0.020108
v -0.107886 0.255698 0.019197
v -0.106813 0.242434 0.018512
v -0.105788 0.229012 0.017836
v -0.091572 0.229836 0.018420
v -0.121413 0.255290 0.013452
v -0.120103 0.241631 0.013063
v -0.118862 0.227667 0.012432
v -0.117623 0.213997 0.011630
v -0.104717 0.215288 0.017335
v -0.131474 0.240028 0.005092
v -0.129572 0.226163 0.003742
v -0.128012 0.212134 0.002978
v -0.126151 0.198068 0.002391
v -0.115981 0.200074 0.010936
v -0.135730 0.225021 -0.008195
v -0.135655 0.210588 -0.007966
v -0.133247 0.196222 -0.008438
v -0.129542 0.182139 -0.009057
v -0.123551 0.184289 0.001521
v -0.138207 0.209936 -0.021030
v -0.134629 0.195298 -0.021475
v -0.133022 0.179914 -0.021112
v -0.132402 0.164806 -0.019900
v -0.131408 0.167606 -0.006961
v -0.136751 0.194586 -0.034555
v -0.134357 0.178701 -0.034202
v -0.129295 0.162963 -0.033565
v -0.127504 0.147026 -0.034401
v -0.130550 0.149950 -0.018474
v -0.132396 0.178169 -0.047136
v -0.124167 0.162274 -0.046762
v -0.122156 0.145270 -0.052025
v -0.121532 0.128722 -0.052284
v -0.127367 0.131543 -0.034348
v -0.128920 0.116321 -0.033523
v -0.134135 0.119878 -0.018109
v -0.131237 0.135849 -0.017623
v -0.121828 0.113077 -0.051392
v -0.122547 0.097748 -0.050276
v -0.130001 0.100846 -0.033860
v -0.112704 0.110552 -0.068212
v -0.113090 0.095152 -0.066799
v -0.113186 0.081909 -0.067981
v -0.123451 0.084652 -0.049538
v -0.100302 0.108097 -0.081728
v -0.100645 0.093137 -0.080236
v -0.101708 0.080029 -0.079525
v -0.084355 0.091750 -0.088257
v -0.084861 0.078899 -0.088130
v -0.066606 0.090552 -0.082811
v -0.066056 0.078727 -0.082980
v -0.052791 0.079600 -0.066415
v -0.045763 0.082184 -0.046142
v -0.045664 0.085061 -0.032569
v -0.047009 0.095917 -0.017971
v -0.047417 0.088363 -0.016551
v -0.049309 0.100372 -0.002553
v -0.050161 0.092792 -0.000570
v -0.056912 0.106210 0.011309
v -0.058062 0.099278 0.013542
v -0.069347 0.114710 0.022796
v -0.072328 0.108618 0.023815
v -0.084963 0.122751 0.027401
v -0.084379 0.119392 0.025438
v -0.098635 0.123129 0.023919
v -0.097858 0.119622 0.022415
v -0.110017 0.119152 0.019359
v -0.106953 0.112435 0.021187
v -0.119056 0.113214 0.014252
v -0.115662 0.104084 0.017465
v -0.127204 0.108755 0.006068
v -0.123862 0.096876 0.008569
v -0.132827 0.105866 -0.004795
v -0.128916 0.093079 -0.003610
v -0.133202 0.103320 -0.018371
v -0.130964 0.090047 -0.017392
v -0.129732 0.087228 -0.033038
v -0.135937 0.122502 -0.005121
v -0.131327 0.122036 0.006419
v -0.131333 0.138347 0.008559
v -0.133247 0.138799 -0.002066
v -0.128751 0.154418 0.008094
v -0.132020 0.153069 -0.003152
v -0.124511 0.169093 0.003147
v -0.120670 0.154629 0.015677
v -0.115665 0.169833 0.011373
v -0.114406 0.186113 0.010302
v -0.109993 0.153697 0.020817
v -0.111329 0.136161 0.017168
v -0.123746 0.137740 0.014591
v -0.123020 0.124132 0.015516
v -0.111157 0.126314 0.019498
v -0.056535 0.113503 0.009363
v -0.048432 0.109365 -0.004115
v -0.050104 0.116914 -0.005877
v -0.057206 0.121077 0.006685
v -0.056042 0.129662 -0.008796
v -0.047912 0.113143 -0.020059
v -0.053989 0.129287 -0.020193
v -0.054785 0.136648 -0.019693
v -0.057429 0.136307 -0.008864
v -0.054915 0.144545 -0.019109
v -0.051016 0.153208 -0.017708
v -0.046561 0.163356 -0.018770
v -0.043915 0.175526 -0.030677
v -0.041384 0.178009 -0.019272
v -0.043358 0.183415 -0.010926
v -0.038375 0.193749 -0.021214
v -0.039588 0.199278 -0.015986
v -0.045613 0.205062 -0.009961
v -0.048272 0.191075 -0.002135
v -0.054078 0.207928 -0.009275
v -0.058836 0.195737 -0.002555
v -0.043625 0.220027 -0.017037
v -0.051691 0.222556 -0.014247
v -0.059733 0.227571 -0.006128
v -0.051208 0.238657 -0.016048
v -0.058448 0.241982 -0.005489
v -0.067130 0.243009 0.007204
v -0.066984 0.229769 0.005316
v -0.078047 0.229933 0.014837
v -0.090878 0.216117 0.017496
v -0.058071 0.255952 -0.003536
v -0.051214 0.254683 -0.015510
v -0.051535 0.271182 -0.013797
v -0.043471 0.253673 -0.023840
v -0.045211 0.270589 -0.026538
v -0.041050 0.269847 -0.032601
v -0.043247 0.292591 -0.032022
v -0.042655 0.294876 -0.043451
v -0.041879 0.294982 -0.052603
v -0.041441 0.324394 -0.048922
v -0.044330 0.324591 -0.058700
v -0.048367 0.323933 -0.066967
v -0.048106 0.355155 -0.064778
v -0.055198 0.355609 -0.073749
v -0.064497 0.355849 -0.081375
v -0.066357 0.386087 -0.078483
v -0.078231 0.386306 -0.084061
v -0.091477 0.386240 -0.087018
v -0.093065 0.414886 -0.081531
v -0.106268 0.415294 -0.081260
v -0.106539 0.440150 -0.075458
v -0.118675 0.417513 -0.077595
v -0.130098 0.421281 -0.070893
v -0.139180 0.423151 -0.061458
v -0.146943 0.421243 -0.052878
v -0.147153 0.444669 -0.046141
v -0.152330 0.418645 -0.041653
v -0.149814 0.441651 -0.036331
v -0.150659 0.456929 -0.028945
v -0.149630 0.459629 -0.037986
v -0.152820 0.473462 -0.018572
v -0.152468 0.474911 -0.026726
v -0.153054 0.491827 -0.011962
v -0.152594 0.493605 -0.019622
v -0.149079 0.512312 -0.017481
v -0.147949 0.512798 -0.025088
v -0.144917 0.511066 -0.033006
v -0.147264 0.494133 -0.032538
v -0.144943 0.529212 -0.026976
v -0.140705 0.526816 -0.035668
v -0.134206 0.522880 -0.044201
v -0.137884 0.541156 -0.038371
v -0.144011 0.542423 -0.028313
v -0.148862 0.540581 -0.016288
v -0.149585 0.559047 -0.014819
v -0.150856 0.557134 -0.001714
v -0.149696 0.554788 0.011238
v -0.151537 0.582341 0.014184
v -0.148658 0.581171 0.026887
v -0.144372 0.580095 0.039199
v -0.148585 0.609449 0.041895
v -0.141817 0.608981 0.053722
v -0.144573 0.631665 0.055167
v -0.132583 0.609013 0.064166
v -0.135117 0.631631 0.065587
v -0.123717 0.631754 0.074170
v -0.125683 0.654753 0.075042
v -0.112661 0.654976 0.081047
v -0.098706 0.655115 0.083920
v -0.100495 0.685975 0.084832
v -0.086191 0.685974 0.084172
v -0.072443 0.685491 0.080270
v -0.073483 0.716140 0.081276
v -0.060386 0.714547 0.074519
v -0.048428 0.712274 0.065094
v -0.048075 0.741529 0.066737
v -0.036512 0.738625 0.055375
v -0.026721 0.736493 0.042063
v -0.024819 0.763889 0.044244
v -0.016230 0.763235 0.029112
v -0.010931 0.764499 0.013111
v -0.005589 0.791502 0.019140
v -0.005805 0.790273 -0.000545
v -0.004987 0.801522 0.000537
v -0.007853 0.789068 -0.019187
v -0.005147 0.802376 -0.019002
v -0.003632 0.808294 -0.018743
v -0.009483 0.805015 -0.037106
v -0.006204 0.812047 -0.037056
v -0.004673 0.816681 -0.036164
v -0.021884 0.808659 -0.052011
v -0.038531 0.792689 -0.063005
v -0.036923 0.812376 -0.064552
v -0.013691 0.788788 -0.036596
v -0.024591 0.790295 -0.051473
v -0.017848 0.762963 -0.035640
v -0.009306 0.764706 -0.003070
v -0.011581 0.763687 -0.019934
v -0.013735 0.734893 -0.003745
v -0.019383 0.735448 0.027258
v -0.014952 0.735197 0.011812
v -0.023314 0.707069 0.025922
v -0.038058 0.710060 0.053491
v -0.029612 0.708275 0.040238
v -0.039494 0.680945 0.051949
v -0.059828 0.684316 0.073319
v -0.048684 0.682578 0.063662
v -0.059111 0.653652 0.072033
v -0.084615 0.654996 0.083302
v -0.071207 0.654543 0.079234
v -0.097050 0.631755 0.083143
v -0.083110 0.631463 0.082482
v -0.110848 0.631845 0.080277
v -0.095182 0.608077 0.081734
v -0.121462 0.608964 0.072851
v -0.108801 0.608636 0.078985
v -0.119259 0.578840 0.070235
v -0.138135 0.579530 0.050938
v -0.129758 0.579320 0.061575
v -0.137123 0.549822 0.048338
v -0.146869 0.552638 0.023897
v -0.142814 0.550938 0.036390
v -0.149232 0.534417 0.008585
v -0.146565 0.531301 0.021079
v -0.150367 0.537565 -0.003759
v -0.149959 0.524100 -0.005826
v -0.149375 0.520375 0.005810
v -0.148422 0.527817 -0.017011
v -0.149974 0.509060 -0.008372
v -0.149861 0.505473 0.002430
v -0.147603 0.486021 0.011282
v -0.147635 0.501900 0.015333
v -0.147211 0.516862 0.018553
v -0.142984 0.498506 0.028447
v -0.142989 0.513925 0.031673
v -0.142446 0.528834 0.033797
v -0.138219 0.511219 0.044717
v -0.137288 0.526895 0.046300
v -0.130375 0.525435 0.057313
v -0.129509 0.549213 0.059089
v -0.119910 0.548172 0.067584
v -0.108570 0.546533 0.072934
v -0.107124 0.577791 0.076081
v -0.093974 0.576311 0.078508
v -0.080789 0.574700 0.077095
v -0.081519 0.607428 0.080823
v -0.068714 0.606667 0.076279
v -0.069970 0.630948 0.078168
v -0.057524 0.605847 0.068790
v -0.058283 0.630187 0.070789
v -0.048467 0.629158 0.060918
v -0.048747 0.652358 0.062193
v -0.040407 0.651156 0.050496
v -0.034126 0.650260 0.037550
v -0.032270 0.679575 0.038822
v -0.026953 0.678536 0.024798
v -0.023625 0.677927 0.010218
v -0.019418 0.706372 0.011031
v -0.018401 0.706096 -0.004186
v -0.020452 0.706609 -0.019534
v -0.016032 0.734990 -0.019659
v -0.021904 0.735609 -0.034538
v -0.031331 0.736849 -0.048156
v -0.028061 0.764083 -0.049909
v -0.040888 0.765717 -0.061182
v -0.055458 0.767370 -0.069245
v -0.054113 0.794706 -0.070798
v -0.070415 0.796631 -0.075250
v -0.069649 0.816872 -0.078295
v -0.053058 0.814736 -0.073242
v -0.068536 0.826836 -0.080953
v -0.086305 0.818958 -0.078221
v -0.065042 0.840127 -0.085992
v -0.050672 0.874806 -0.105295
v -0.036952 0.872105 -0.102285
v -0.023228 0.871642 -0.100874
v -0.010170 0.871524 -0.100007
v -0.009571 0.854193 -0.088708
v -0.006652 0.839734 -0.073180
v 0.002667 0.871344 -0.099713
v 0.001842 0.854363 -0.088514
v 0.001235 0.839534 -0.073190
v 0.017202 0.905691 0.110069
v 0.014350 0.885649 0.106440
v -0.003015 0.885418 0.107689
v -0.021049 0.886207 0.104951
v -0.039314 0.889517 0.100004
v -0.041401 0.873149 0.094332
v -0.048164 0.860313 0.089797
v -0.057780 0.892630 0.095094
v -0.060196 0.876793 0.091554
v -0.065928 0.864087 0.088767
v -0.072573 0.850298 0.087030
v -0.056395 0.846080 0.086474
v -0.079826 0.879445 0.088387
v -0.084773 0.866941 0.087100
v -0.090149 0.853524 0.086695
v -0.094960 0.839030 0.086961
v -0.078904 0.835775 0.086265
v -0.103845 0.869294 0.085208
v -0.108007 0.855426 0.085537
v -0.111577 0.840368 0.085733
v -0.100306 0.815125 0.087553
v -0.124630 0.855912 0.081210
v -0.127017 0.840174 0.081108
v -0.129423 0.815255 0.080808
v -0.115035 0.815685 0.085859
v -0.141017 0.839583 0.073217
v -0.142586 0.814852 0.072651
v -0.130682 0.781558 0.080118
v -0.154000 0.814434 0.061850
v -0.154039 0.781185 0.060992
v -0.143228 0.781417 0.071762
v -0.162459 0.780908 0.048189
v -0.153057 0.748432 0.059823
v -0.167859 0.780609 0.033950
v -0.166218 0.747878 0.033007
v -0.161109 0.748164 0.047148
v -0.168121 0.747523 0.018061
v -0.163983 0.716446 0.031832
v -0.167037 0.747106 0.003114
v -0.164337 0.715665 0.001778
v -0.165630 0.716183 0.016774
v -0.160524 0.715561 -0.012347
v -0.161602 0.684866 0.001625
v -0.155001 0.715192 -0.025590
v -0.152827 0.684057 -0.025672
v -0.158001 0.684225 -0.012354
v -0.146089 0.684116 -0.038311
v -0.150975 0.654134 -0.025453
v -0.137435 0.684086 -0.049759
v -0.135624 0.654112 -0.049371
v -0.144385 0.654261 -0.038191
v -0.124862 0.653566 -0.058192
v -0.123192 0.631338 -0.057390
v -0.134177 0.632132 -0.049077
v -0.112684 0.652949 -0.064281
v -0.111037 0.630528 -0.062994
v -0.121022 0.609893 -0.056539
v -0.098407 0.630009 -0.065839
v -0.096555 0.607523 -0.063903
v -0.108667 0.608649 -0.061589
v -0.085827 0.629758 -0.066122
v -0.085069 0.607019 -0.063981
v -0.093609 0.576968 -0.061386
v -0.073442 0.607478 -0.062178
v -0.072106 0.577164 -0.059550
v -0.082450 0.576643 -0.060831
v -0.062794 0.577160 -0.056158
v -0.077607 0.545941 -0.061901
v -0.053460 0.576373 -0.051073
v -0.060889 0.543743 -0.052972
v -0.069777 0.544602 -0.058895
v -0.050749 0.543699 -0.045551
v -0.056004 0.520621 -0.048731
v -0.067327 0.520894 -0.055745
v -0.041626 0.543921 -0.036104
v -0.045409 0.520842 -0.039457
v -0.047885 0.505659 -0.041882
v -0.058541 0.505605 -0.051375
v -0.039577 0.520679 -0.028330
v -0.041790 0.505248 -0.030946
v -0.043783 0.489886 -0.033604
v -0.050098 0.490515 -0.044642
v -0.037206 0.520200 -0.015704
v -0.039113 0.504660 -0.018551
v -0.040700 0.489357 -0.021101
v -0.041377 0.474279 -0.023835
v -0.039513 0.504244 -0.007574
v -0.040554 0.489140 -0.010613
v -0.040961 0.473759 -0.014256
v -0.041225 0.458740 -0.018225
v -0.041683 0.459949 -0.027413
v -0.043210 0.488500 -0.000017
v -0.043029 0.458003 -0.008081
v -0.044621 0.443706 -0.013148
v -0.040688 0.444651 -0.022543
v -0.046888 0.473205 0.006863
v -0.045416 0.458011 0.003339
v -0.045824 0.442756 -0.000732
v -0.046774 0.428900 -0.004898
v -0.044952 0.430013 -0.017541
v -0.053907 0.457600 0.014648
v -0.052781 0.443035 0.011422
v -0.052536 0.428446 0.008156
v -0.046688 0.408344 -0.009909
v -0.062182 0.441550 0.022839
v -0.061341 0.427448 0.019058
v -0.059850 0.405864 0.013582
v -0.052154 0.407209 0.002703
v -0.070888 0.425853 0.028934
v -0.068789 0.404538 0.023112
v -0.057134 0.377324 0.007713
v -0.078803 0.402857 0.030873
v -0.076750 0.374777 0.025194
v -0.066318 0.376076 0.017090
v -0.088636 0.373837 0.031428
v -0.074958 0.347289 0.020227
v -0.101961 0.373700 0.034437
v -0.100761 0.345968 0.030280
v -0.087231 0.346335 0.026795
v -0.114640 0.346270 0.029141
v -0.098858 0.318217 0.026282
v -0.127390 0.346990 0.023428
v -0.125483 0.318242 0.019956
v -0.112794 0.317978 0.025529
v -0.136142 0.318790 0.011105
v -0.123285 0.289693 0.016570
v -0.144566 0.319502 -0.000037
v -0.142308 0.290619 -0.003243
v -0.133975 0.290181 0.007675
v -0.147823 0.290557 -0.015382
v -0.147137 0.267410 -0.016555
v -0.141990 0.268072 -0.004752
v -0.150239 0.290228 -0.028514
v -0.147641 0.267600 -0.029670
v -0.146034 0.252843 -0.031245
v -0.145988 0.252325 -0.017976
v -0.145826 0.267612 -0.043228
v -0.143184 0.253517 -0.044774
v -0.140705 0.239738 -0.046066
v -0.144170 0.238648 -0.032704
v -0.140790 0.267573 -0.057116
v -0.137720 0.253688 -0.058774
v -0.135529 0.240182 -0.060314
v -0.134303 0.225808 -0.060780
v -0.138621 0.225566 -0.047020
v -0.129605 0.254039 -0.071765
v -0.127533 0.239422 -0.073317
v -0.126204 0.224502 -0.073131
v -0.124797 0.209312 -0.071702
v -0.133618 0.210164 -0.060817
v -0.117507 0.238854 -0.082147
v -0.115420 0.223396 -0.081125
v -0.113780 0.208519 -0.078803
v -0.105246 0.222840 -0.087719
v -0.103151 0.207509 -0.084260
v -0.101976 0.193138 -0.079918
v -0.094336 0.206166 -0.091003
v -0.094079 0.190062 -0.087419
v -0.097821 0.174692 -0.084165
v -0.089456 0.188153 -0.097085
v -0.092877 0.171164 -0.094528
v -0.079788 0.187425 -0.099098
v -0.082701 0.169767 -0.097985
v -0.084950 0.152624 -0.095304
v -0.085315 0.137057 -0.093001
v -0.072727 0.170536 -0.094637
v -0.073490 0.153910 -0.094328
v -0.071584 0.137745 -0.091609
v -0.068861 0.121363 -0.088144
v -0.084718 0.121800 -0.091303
v -0.064924 0.156185 -0.086962
v -0.061275 0.140350 -0.085193
v -0.057518 0.123617 -0.080256
v -0.066914 0.105335 -0.084893
v -0.056715 0.143197 -0.075417
v -0.052219 0.128050 -0.068642
v -0.062294 0.157280 -0.076533
v -0.067924 0.171500 -0.084952
v -0.066190 0.171406 -0.073851
v -0.062678 0.167813 -0.060068
v -0.063009 0.185923 -0.070464
v -0.058212 0.180794 -0.055454
v -0.051609 0.176012 -0.041280
v -0.052075 0.195475 -0.052889
v -0.045032 0.191260 -0.038349
v -0.039437 0.190986 -0.029186
v -0.043509 0.212866 -0.040299
v -0.038030 0.212959 -0.034186
v -0.036147 0.214723 -0.028043
v -0.038936 0.233006 -0.036998
v -0.035963 0.234079 -0.031796
v -0.037978 0.235486 -0.025091
v -0.037397 0.217321 -0.021253
v -0.043341 0.236664 -0.021080
v -0.038989 0.253093 -0.028336
v -0.037267 0.252171 -0.034576
v -0.039112 0.269400 -0.040294
v -0.039830 0.251081 -0.040205
v -0.039763 0.268450 -0.046913
v -0.043747 0.267159 -0.052702
v -0.042666 0.293031 -0.059616
v -0.048001 0.290904 -0.065372
v -0.055179 0.290280 -0.070158
v -0.054060 0.323390 -0.074074
v -0.063542 0.324039 -0.081108
v -0.074361 0.325828 -0.087715
v -0.076046 0.356272 -0.087000
v -0.088992 0.356573 -0.089911
v -0.102661 0.356471 -0.090082
v -0.105307 0.386270 -0.087057
v -0.119087 0.386756 -0.083809
v -0.131717 0.387846 -0.077148
v -0.141917 0.389022 -0.067975
v -0.149311 0.389094 -0.057711
v -0.154761 0.386914 -0.045752
v -0.157552 0.385101 -0.032042
v -0.156302 0.416898 -0.027636
v -0.156563 0.415640 -0.013044
v -0.153961 0.438629 -0.007247
v -0.153024 0.440130 -0.022634
v -0.151935 0.453644 -0.000924
v -0.152303 0.455631 -0.015966
v -0.149485 0.469438 0.005757
v -0.152509 0.471927 -0.007882
v -0.147936 0.450981 0.013650
v -0.144683 0.466337 0.019378
v -0.143026 0.482436 0.024442
v -0.138759 0.462283 0.032547
v -0.137999 0.495080 0.041265
v -0.130472 0.491716 0.052753
v -0.130995 0.508569 0.055608
v -0.120965 0.489407 0.060178
v -0.121843 0.506420 0.063670
v -0.121426 0.523677 0.065765
v -0.111536 0.504442 0.068103
v -0.110692 0.521691 0.070731
v -0.098970 0.519696 0.071750
v -0.096194 0.544447 0.074525
v -0.083875 0.542230 0.072142
v -0.072556 0.540206 0.066314
v -0.068690 0.573189 0.072162
v -0.058407 0.572097 0.064258
v -0.050044 0.571680 0.054342
v -0.048370 0.605045 0.058919
v -0.041165 0.604530 0.047413
v -0.040737 0.628286 0.049279
v -0.035739 0.604500 0.034831
v -0.034950 0.627749 0.036472
v -0.030894 0.627540 0.022894
v -0.029594 0.649659 0.023784
v -0.026792 0.649380 0.009480
v -0.026038 0.649486 -0.005089
v -0.022698 0.677804 -0.004704
v -0.024343 0.678317 -0.019583
v -0.029105 0.679248 -0.033630
v -0.025815 0.707652 -0.033957
v -0.034420 0.708914 -0.046898
v -0.045617 0.709912 -0.057508
v -0.043351 0.738101 -0.059245
v -0.057076 0.739311 -0.067428
v -0.071830 0.740485 -0.072646
v -0.071063 0.768960 -0.074040
v -0.087061 0.770588 -0.075541
v -0.102789 0.771934 -0.073425
v -0.102680 0.800457 -0.073546
v -0.086815 0.798660 -0.076041
v -0.105569 0.820729 -0.073925
v -0.117659 0.802169 -0.068422
v -0.117465 0.822737 -0.069444
v -0.051993 0.893766 -0.112293
v -0.037879 0.892165 -0.110579
v -0.023744 0.891661 -0.109358
v -0.010141 0.891155 -0.108480
v 0.003344 0.890649 -0.108185
v 0.017904 0.931589 0.111606
v -0.000130 0.931669 0.113020
v -0.001137 0.905754 0.111705
v -0.018886 0.905177 0.109622
v -0.036948 0.907919 0.104361
v -0.054953 0.910976 0.098137
v -0.072992 0.914013 0.092184
v -0.076616 0.895817 0.090365
v -0.095507 0.898279 0.085729
v -0.099581 0.882302 0.085207
v -0.114268 0.899838 0.081147
v -0.118348 0.884339 0.081337
v -0.121653 0.870624 0.081273
v -0.134902 0.884970 0.073931
v -0.137314 0.870600 0.073767
v -0.139415 0.855448 0.073505
v -0.150585 0.870078 0.062881
v -0.152068 0.854821 0.062648
v -0.153123 0.838988 0.062403
v -0.161808 0.854524 0.049129
v -0.162488 0.838704 0.049062
v -0.162913 0.814168 0.048792
v -0.168453 0.838684 0.033901
v -0.168621 0.814103 0.034166
v -0.170949 0.813820 0.018871
v -0.170040 0.780125 0.019088
v -0.169239 0.779499 0.004233
v -0.165760 0.778574 -0.010514
v -0.163338 0.746816 -0.011295
v -0.157555 0.746410 -0.025038
v -0.150090 0.745692 -0.038019
v -0.147975 0.714860 -0.038254
v -0.139123 0.714526 -0.049927
v -0.128208 0.714148 -0.059862
v -0.126719 0.683770 -0.059156
v -0.114353 0.683213 -0.065863
v -0.100912 0.682632 -0.069643
v -0.099731 0.652470 -0.067545
v -0.086507 0.652252 -0.068036
v -0.073473 0.652190 -0.065909
v -0.073451 0.629746 -0.064237
v -0.061376 0.629885 -0.060104
v -0.061789 0.607630 -0.058328
v -0.050247 0.629834 -0.053549
v -0.050911 0.607447 -0.052501
v -0.041861 0.607233 -0.043923
v -0.044457 0.575772 -0.043657
v -0.037311 0.575847 -0.033600
v -0.033122 0.575922 -0.021339
v -0.036529 0.544203 -0.024548
v -0.034581 0.544084 -0.011755
v -0.034769 0.543170 0.000605
v -0.037598 0.519549 -0.004277
v -0.040014 0.518384 0.007660
v -0.042203 0.503440 0.003756
v -0.044817 0.517236 0.019646
v -0.046664 0.502365 0.015656
v -0.048052 0.487750 0.011032
v -0.053032 0.501293 0.027827
v -0.054205 0.486454 0.023831
v -0.054830 0.471925 0.018976
v -0.061274 0.485082 0.036416
v -0.063054 0.455416 0.026908
v -0.072187 0.452972 0.037852
v -0.072255 0.439543 0.033287
v -0.079309 0.452070 0.047957
v -0.081978 0.437679 0.041896
v -0.081229 0.424074 0.036702
v -0.091199 0.437665 0.049660
v -0.091426 0.422524 0.042527
v -0.090108 0.401433 0.036296
v -0.102807 0.421541 0.045248
v -0.102582 0.400947 0.038560
v -0.115535 0.401568 0.037085
v -0.115783 0.374325 0.032878
v -0.128594 0.375608 0.027139
v -0.139620 0.377401 0.018476
v -0.138255 0.347968 0.014585
v -0.146765 0.349155 0.003558
v -0.152737 0.350631 -0.008815
v -0.150441 0.320156 -0.012688
v -0.153685 0.320647 -0.026039
v -0.153646 0.321360 -0.039567
v -0.149326 0.289996 -0.042039
v -0.145290 0.289721 -0.055117
v -0.137983 0.290444 -0.066818
v -0.132673 0.268641 -0.069417
v -0.123495 0.271658 -0.079453
v -0.120191 0.254797 -0.081406
v -0.113427 0.274725 -0.086814
v -0.110163 0.256062 -0.088614
v -0.107707 0.239019 -0.089286
v -0.100183 0.257071 -0.094260
v -0.098434 0.239277 -0.095818
v -0.096756 0.222318 -0.094945
v -0.088559 0.239520 -0.099133
v -0.087690 0.222245 -0.099960
v -0.087807 0.205204 -0.098855
v -0.078125 0.222247 -0.098046
v -0.078079 0.204990 -0.098943
v -0.070830 0.221599 -0.090760
v -0.069944 0.204626 -0.092300
v -0.070861 0.187510 -0.093851
v -0.063974 0.203316 -0.081416
v -0.066589 0.187257 -0.082938
v -0.058267 0.200583 -0.067744
v -0.064821 0.219980 -0.079920
v -0.058297 0.217381 -0.066274
v -0.051543 0.214648 -0.052903
v -0.059716 0.233745 -0.065359
v -0.051637 0.232396 -0.054017
v -0.043058 0.232293 -0.042944
v -0.051036 0.249254 -0.056036
v -0.043030 0.249975 -0.046550
v -0.050660 0.265754 -0.059514
v -0.059585 0.249850 -0.065209
v -0.057898 0.265739 -0.066034
v -0.067863 0.269191 -0.077070
v -0.065327 0.293712 -0.078687
v -0.073892 0.297439 -0.087615
v -0.083718 0.299924 -0.093615
v -0.086333 0.327122 -0.090894
v -0.098877 0.327278 -0.090710
v -0.111676 0.326398 -0.088099
v -0.116569 0.356054 -0.087251
v -0.130019 0.355352 -0.081043
v -0.141235 0.355134 -0.071629
v -0.149004 0.355153 -0.061081
v -0.154155 0.354168 -0.049147
v -0.156627 0.353001 -0.035734
v -0.156143 0.351794 -0.022022
v -0.157299 0.383660 -0.017997
v -0.154061 0.382001 -0.004645
v -0.148120 0.379576 0.007620
v -0.147132 0.409958 0.012879
v -0.153087 0.413419 0.000666
v -0.144378 0.432227 0.019944
v -0.150783 0.436159 0.007768
v -0.141627 0.447104 0.026562
v -0.136370 0.427510 0.030316
v -0.134224 0.441783 0.037567
v -0.132102 0.457701 0.044444
v -0.124868 0.437926 0.045233
v -0.124173 0.454619 0.052841
v -0.114904 0.453153 0.055962
v -0.111702 0.486917 0.064365
v -0.101558 0.484713 0.064892
v -0.100643 0.502534 0.068692
v -0.090268 0.484326 0.060930
v -0.089356 0.500947 0.065564
v -0.087231 0.517700 0.068707
v -0.078385 0.500309 0.058543
v -0.076529 0.516109 0.062077
v -0.067034 0.515576 0.052837
v -0.062839 0.538936 0.057789
v -0.054594 0.538795 0.047701
v -0.047666 0.539479 0.036615
v -0.043286 0.571895 0.043127
v -0.037965 0.572642 0.031023
v -0.034040 0.573650 0.018292
v -0.031966 0.604821 0.021491
v -0.029726 0.605345 0.007685
v -0.028455 0.627635 0.008831
v -0.029485 0.605975 -0.006313
v -0.027964 0.627979 -0.005475
v -0.029544 0.628460 -0.019496
v -0.027548 0.649917 -0.019490
v -0.031943 0.650579 -0.033130
v -0.039347 0.651341 -0.044998
v -0.037006 0.680308 -0.045960
v -0.047484 0.681084 -0.055968
v -0.059763 0.681536 -0.063382
v -0.058580 0.710685 -0.065445
v -0.072569 0.711373 -0.070571
v -0.087088 0.712057 -0.072732
v -0.087108 0.741746 -0.074570
v -0.102221 0.742799 -0.072967
v -0.116641 0.743531 -0.068053
v -0.117582 0.773038 -0.068215
v -0.130925 0.774108 -0.060272
v -0.131303 0.803837 -0.060884
v -0.143167 0.805646 -0.051014
v -0.142825 0.828710 -0.052688
v -0.130965 0.826253 -0.062206
v -0.142759 0.844314 -0.054680
v -0.143200 0.865038 -0.058265
v -0.143793 0.878749 -0.060716
v -0.110301 0.939626 -0.095202
v -0.096848 0.936629 -0.104907
v -0.082321 0.934093 -0.111567
v -0.067364 0.932295 -0.115006
v -0.052416 0.932582 -0.115507
v -0.023548 0.934874 -0.114011
v -0.009622 0.934795 -0.113519
v 0.003845 0.934019 -0.113480
v 0.017025 0.959891 0.113659
v -0.000699 0.959795 0.114617
v -0.018374 0.959596 0.113453
v -0.017996 0.931239 0.111581
v -0.035228 0.931010 0.107527
v -0.052155 0.931899 0.101391
v -0.069170 0.933697 0.094774
v -0.086429 0.936190 0.088253
v -0.091154 0.916091 0.086439
v -0.109537 0.918123 0.080828
v -0.127953 0.917990 0.073782
v -0.132242 0.898688 0.073921
v -0.146524 0.898822 0.063107
v -0.148717 0.884726 0.063034
v -0.157362 0.898807 0.049209
v -0.159244 0.884573 0.049222
v -0.160718 0.869822 0.049205
v -0.165805 0.884480 0.032973
v -0.167053 0.869749 0.033271
v -0.167946 0.854506 0.033582
v -0.169379 0.869485 0.016064
v -0.170283 0.854208 0.016920
v -0.170799 0.838440 0.017817
v -0.169178 0.852800 0.000120
v -0.169876 0.837224 0.001688
v -0.170233 0.812764 0.003635
v -0.166188 0.834351 -0.014000
v -0.166815 0.810507 -0.011409
v -0.160909 0.808618 -0.026040
v -0.159837 0.777580 -0.024885
v -0.152059 0.776465 -0.038141
v -0.142476 0.775290 -0.050085
v -0.140890 0.744957 -0.049926
v -0.129712 0.744224 -0.060150
v -0.115500 0.713597 -0.067259
v -0.101582 0.712820 -0.071620
v -0.086986 0.682165 -0.070401
v -0.073093 0.681852 -0.068213
v -0.060858 0.652148 -0.061539
v -0.049208 0.651917 -0.054586
v -0.040803 0.629527 -0.044361
v -0.033821 0.629011 -0.032812
v -0.035176 0.606912 -0.032917
v -0.031053 0.606492 -0.019959
v -0.031608 0.575655 -0.008249
v -0.031735 0.574727 0.005137
v -0.037265 0.541783 0.012954
v -0.041826 0.540538 0.024968
v -0.051280 0.516294 0.031285
v -0.058759 0.515669 0.042380
v -0.060780 0.500631 0.039100
v -0.069043 0.500465 0.049189
v -0.069446 0.484541 0.045742
v -0.079032 0.484541 0.053546
v -0.090714 0.468753 0.055213
v -0.090805 0.453322 0.051813
v -0.103488 0.453221 0.053844
v -0.103414 0.436913 0.050957
v -0.114873 0.436515 0.050323
v -0.114814 0.421778 0.043825
v -0.126072 0.423703 0.038422
v -0.127910 0.403436 0.031846
v -0.138736 0.406487 0.023511
v -0.153005 0.807273 -0.039330
v -0.160424 0.832268 -0.028211
v -0.152628 0.830789 -0.041247
v -0.159725 0.848704 -0.030172
v -0.152143 0.846891 -0.043310
v -0.158969 0.864707 -0.032197
v -0.151534 0.862739 -0.045952
v -0.158010 0.880150 -0.034675
v -0.151218 0.878383 -0.049391
v -0.156478 0.895751 -0.037320
v -0.149936 0.894049 -0.052416
v -0.153249 0.918690 -0.038753
v -0.146526 0.917233 -0.054520
v -0.141381 0.946418 -0.053511
v -0.126026 0.943546 -0.078093
v -0.118130 0.973212 -0.078351
v -0.106609 0.972022 -0.089712
v -0.093800 0.970479 -0.098987
v -0.079873 0.969174 -0.105698
v -0.065645 0.968131 -0.109079
v -0.051453 0.967075 -0.109758
v -0.037382 0.966520 -0.109539
v -0.023473 0.966273 -0.109265
v -0.009735 0.966220 -0.109070
v 0.003837 0.966251 -0.109001
v 0.015450 0.988242 0.116239
v -0.001879 0.988080 0.116911
v -0.019292 0.987942 0.115772
v -0.036290 0.988015 0.112674
v -0.035473 0.959480 0.110187
v -0.051810 0.959834 0.104983
v -0.067564 0.960965 0.098211
v -0.083372 0.962505 0.091193
v -0.099134 0.964599 0.083577
v -0.104017 0.939269 0.081720
v -0.121191 0.942242 0.073989
v -0.136869 0.944505 0.063662
v -0.142948 0.919039 0.062846
v -0.154203 0.919418 0.048980
v -0.161470 0.919359 0.032664
v -0.164228 0.898661 0.032709
v -0.166641 0.898468 0.014585
v -0.168145 0.884292 0.015232
v -0.165209 0.897957 -0.004105
v -0.166814 0.883594 -0.002569
v -0.168185 0.868215 -0.000965
v -0.163191 0.881533 -0.019040
v -0.164554 0.866093 -0.016947
v -0.165408 0.850439 -0.015865
v -0.161449 0.896685 -0.021485
v -0.163017 0.918608 -0.004639
v -0.158855 0.918730 -0.022314
v -0.157957 0.945344 -0.002879
v -0.153920 0.946510 -0.020225
v -0.148263 0.947154 -0.036997
v -0.144114 0.974843 -0.033347
v -0.137240 0.974597 -0.049570
v -0.128456 0.974032 -0.064908
v -0.123870 1.001748 -0.057902
v -0.114205 1.002352 -0.070005
v -0.103407 1.002292 -0.080567
v -0.110392 1.024207 -0.063683
v -0.099615 1.025000 -0.072935
v -0.088317 1.025622 -0.079868
v -0.091585 1.001616 -0.089033
v -0.076937 1.025757 -0.084610
v -0.078854 1.000925 -0.095214
v -0.064822 1.025257 -0.087615
v -0.065373 1.001336 -0.098330
v -0.051956 1.024176 -0.088915
v -0.051890 1.000076 -0.099223
v -0.039391 1.023137 -0.089378
v -0.038175 0.999310 -0.098981
v -0.026434 1.022415 -0.089698
v -0.024551 0.999283 -0.098740
v -0.012556 1.022204 -0.089788
v -0.010894 0.999519 -0.098483
v 0.001798 1.022182 -0.089797
v 0.002882 0.999908 -0.098328
v 0.015054 1.009535 0.117918
v -0.002653 1.009669 0.118587
v -0.019900 1.009250 0.117366
v -0.036780 1.009235 0.114287
v -0.053169 1.009417 0.109307
v -0.052583 0.988357 0.107662
v -0.068944 1.009682 0.102823
v -0.068254 0.989026 0.100970
v -0.084184 1.010123 0.095093
v -0.083689 0.989944 0.093515
v -0.098824 1.011074 0.086072
v -0.098482 0.991156 0.084542
v -0.112600 0.992521 0.074335
v -0.114503 0.966681 0.074207
v -0.128804 0.968632 0.063158
v -0.140634 0.970358 0.049541
v -0.148336 0.945635 0.049335
v -0.155898 0.945635 0.033163
v -0.159073 0.944973 0.015246
v -0.164225 0.918943 0.014290
v -0.152399 0.971420 0.016616
v -0.152144 0.972292 -0.000007
v -0.148923 0.973952 -0.016561
v -0.144171 1.000628 -0.013325
v -0.139249 1.001687 -0.029137
v -0.132105 1.001689 -0.044133
v -0.135767 1.022169 -0.026457
v -0.128503 1.022830 -0.040720
v -0.119958 1.023501 -0.052903
v -0.140881 1.020455 -0.010420
v -0.146338 0.999256 0.002764
v -0.142857 1.019209 0.005461
v -0.145786 0.997927 0.018654
v -0.142309 1.017946 0.020560
v -0.142412 0.996307 0.034214
v -0.139151 1.016509 0.035571
v -0.135417 0.995215 0.049175
v -0.133188 1.015148 0.049811
v -0.125256 0.993906 0.062637
v -0.124154 1.013736 0.063421
v -0.112390 1.012290 0.075556
v -0.148761 0.971322 0.033532
v -0.150641 0.321613 -0.052598
v -0.144706 0.321679 -0.064424
v -0.135981 0.322344 -0.074633
v -0.128514 0.293456 -0.076715
v -0.124432 0.324509 -0.082891
v -0.118079 0.297285 -0.084434
v -0.106839 0.299680 -0.090016
v -0.103073 0.276716 -0.092443
v -0.095428 0.300664 -0.093925
v -0.092469 0.277340 -0.096394
v -0.090210 0.257497 -0.098035
v -0.081729 0.276388 -0.095346
v -0.080207 0.256853 -0.096365
v -0.079082 0.239281 -0.097001
v -0.073476 0.254931 -0.088425
v -0.072221 0.238156 -0.089483
v -0.068185 0.252092 -0.077463
v -0.066768 0.236133 -0.078626
v -0.074232 0.273627 -0.087478
v -0.084408 0.106467 -0.089548
v -0.131547 0.194412 -0.060103
v -0.136443 0.194091 -0.047771
v -0.137211 0.210050 -0.047565
v -0.139018 0.209933 -0.034358
v -0.141819 0.224548 -0.033665
v -0.141512 0.224184 -0.020303
v -0.142452 0.238423 -0.019539
v -0.139107 0.238698 -0.006518
v -0.141398 0.252667 -0.005546
v -0.132671 0.254384 0.004729
v -0.133196 0.268825 0.005373
v -0.122120 0.268757 0.014345
v -0.110614 0.289802 0.022164
v -0.085266 0.318960 0.022437
v -0.064050 0.348191 0.011917
v -0.049636 0.378763 -0.002909
v -0.043758 0.409387 -0.022075
v -0.040509 0.430841 -0.026683
v -0.042457 0.431895 -0.035962
v -0.041969 0.445983 -0.031770
v -0.046797 0.447335 -0.043607
v -0.045785 0.461202 -0.039869
v -0.052948 0.462325 -0.050953
v -0.051632 0.476178 -0.047807
v -0.062512 0.477298 -0.057658
v -0.060760 0.491131 -0.054267
v -0.074403 0.490777 -0.060149
v -0.070977 0.505477 -0.057603
v -0.079672 0.506729 -0.062276
v -0.075823 0.521900 -0.061235
v -0.083017 0.523220 -0.064257
v -0.085714 0.546994 -0.060909
v -0.105471 0.579407 -0.060348
v -0.132554 0.610934 -0.048756
v -0.143111 0.632615 -0.038179
v -0.149654 0.632463 -0.025425
v -0.155778 0.654136 -0.011956
v -0.162928 0.686059 0.016299
v -0.159136 0.716533 0.045926
v -0.142677 0.748569 0.070555
v -0.117024 0.781549 0.085499
v -0.085541 0.812669 0.086237
v -0.063795 0.831150 0.084500
v -0.049602 0.825491 0.081306
v -0.041537 0.840460 0.084332
v -0.027672 0.833163 0.079953
v -0.126301 0.178861 -0.059008
v -0.053164 0.130201 -0.031645
v -0.058645 0.133753 -0.041645
v -0.045122 0.104854 -0.019063
v 0.001814 0.822464 0.057908
v 0.003860 0.816182 0.039719
v -0.135719 0.852764 -0.074394
v -0.103278 0.846154 -0.092784
v -0.138715 0.849241 -0.067654
v -0.140237 0.863696 -0.069396
v -0.134100 0.861507 -0.077921
v -0.128537 0.847484 -0.080113
v -0.130007 0.840814 -0.071330
v -0.125924 0.856325 -0.085374
v -0.103157 0.837978 -0.089133
v -0.118352 0.840611 -0.084498
v -0.114537 0.848396 -0.089797
v -0.100335 0.857724 -0.097793
v -0.089505 0.850360 -0.097683
v -0.111843 0.862968 -0.094931
v -0.140207 0.876555 -0.070884
v -0.139942 0.890848 -0.071786
v -0.130503 0.887264 -0.082804
v -0.132396 0.873534 -0.080631
v -0.119886 0.882909 -0.092267
v -0.123064 0.868867 -0.089200
v -0.107683 0.877710 -0.099227
v -0.117114 0.897379 -0.095062
v -0.104741 0.892538 -0.102700
v -0.092547 0.887379 -0.107605
v -0.096423 0.872065 -0.102875
v -0.081464 0.882404 -0.109841
v -0.085528 0.866156 -0.104245
v -0.070934 0.878855 -0.110618
v -0.074792 0.861492 -0.103818
v -0.077204 0.839482 -0.090467
v -0.096244 0.831504 -0.084608
v -0.117913 0.832603 -0.076899
v -0.066407 0.895800 -0.115526
v -0.061748 0.913412 -0.118105
v -0.058131 0.930100 -0.118399
v -0.073699 0.916045 -0.117271
v -0.069738 0.932391 -0.117908
v -0.085373 0.919232 -0.114306
v -0.081846 0.934896 -0.115016
v -0.098345 0.923039 -0.108626
v -0.094828 0.937937 -0.109435
v -0.111768 0.926885 -0.099676
v -0.107460 0.941295 -0.101109
v -0.124493 0.930760 -0.087735
v -0.121725 0.945397 -0.087560
v -0.134955 0.934134 -0.073632
v -0.131708 0.947776 -0.073751
v -0.137166 0.918902 -0.074123
v -0.138886 0.904896 -0.073287
v -0.126881 0.915967 -0.086939
v -0.128708 0.901519 -0.085080
v -0.114784 0.912047 -0.097831
v -0.101662 0.907755 -0.106402
v -0.088714 0.903321 -0.111936
v -0.077573 0.899243 -0.114630
v -0.122138 0.488976 -0.048192
v -0.107219 0.483804 -0.066786
v -0.077174 0.477073 -0.063177
v -0.151563 0.494252 -0.026409
v -0.151077 0.489028 -0.001503
v -0.044913 0.475175 -0.036570
v -0.041488 0.472975 -0.003819
v -0.137338 0.478520 0.037421
v -0.129273 0.475033 0.048848
v -0.062648 0.469776 0.032026
v -0.068871 0.467078 0.042707
v -0.120719 0.472585 0.055426
v -0.112584 0.469800 0.060890
v -0.102356 0.468539 0.059122
v -0.078268 0.468655 0.049969
v -0.140196 0.905122 -0.068609
v -0.068441 0.861565 -0.098025
v -0.063379 0.877547 -0.107032
v -0.048056 0.927514 -0.115602
v -0.069632 0.927547 -0.114189
v -0.126981 0.941645 -0.077219
v -0.133594 0.945530 -0.067423
v -0.140976 0.891210 -0.067396
v -0.136805 0.933033 -0.068601
v -0.138732 0.919126 -0.069027
v -0.140943 0.877968 -0.065690
v -0.140178 0.864288 -0.063526
v -0.138887 0.847038 -0.059598
v -0.130211 0.839323 -0.064546
v -0.094622 0.831361 -0.080186
v -0.074010 0.842155 -0.086662
v -0.059196 0.893168 -0.112408
v -0.053467 0.910692 -0.115281
v -0.052578 0.926783 -0.115005
v -0.057988 0.925477 -0.114757
v -0.081682 0.930163 -0.111553
v -0.093797 0.931889 -0.106268
v -0.106475 0.935051 -0.098134
v -0.116964 0.939520 -0.088919
v -0.143880 0.892253 -0.062008
v -0.142807 0.907125 -0.062939
v -0.141453 0.918459 -0.063966
v -0.139228 0.932024 -0.063346
v -0.136625 0.947137 -0.062768
v -0.134558 0.956392 -0.061687
v 0.003525 0.911412 -0.112832
v -0.010134 0.911574 -0.112935
v -0.023927 0.911230 -0.113461
v -0.038206 0.911047 -0.114263
v 0.003973 0.949997 -0.111421
v -0.009706 0.950453 -0.111472
v -0.023601 0.950482 -0.111516
v -0.038005 0.950202 -0.112291
v -0.052066 0.950128 -0.113587
v -0.066626 0.950787 -0.113136
v -0.081332 0.952221 -0.109592
v -0.095614 0.954098 -0.102680
v -0.108680 0.956076 -0.092959
v -0.120393 0.957587 -0.081009
v -0.130827 0.957841 -0.067156
v -0.061416 0.858844 -0.096262
v -0.057862 0.875773 -0.106543
v -0.047265 0.910676 -0.115282
v -0.039459 0.933168 -0.114860
v -0.085621 0.834781 -0.087914
v -0.094845 0.841184 -0.092707
v -0.076146 0.837875 -0.084640
v -0.083781 0.834882 -0.082553
v -0.107884 0.827826 -0.074122
v -0.116905 0.830523 -0.070846
v -0.111027 0.837827 -0.086575
v -0.110955 0.829013 -0.080010
v -0.077943 0.152298 0.023702
v -0.045987 0.320954 -0.013921
v -0.049896 0.206638 -0.009350
v -0.053567 0.193490 -0.001661
v -0.059104 0.183798 0.007072
v -0.048013 0.221421 -0.015585
v -0.048105 0.253895 -0.019376
v -0.048985 0.271528 -0.019471
v -0.048153 0.290750 -0.016486
v -0.047702 0.237691 -0.018391
v -0.065346 0.174949 0.014346
v -0.071972 0.165198 0.019826
v -0.064993 0.135553 0.010059
v -0.069810 0.142102 0.014551
v -0.071219 0.150457 0.014593
v -0.067414 0.157908 0.010611
v -0.059286 0.164418 0.003672
v -0.050821 0.174452 0.000133
v -0.045116 0.187570 -0.005639
v -0.041963 0.202718 -0.012106
v -0.040364 0.218848 -0.018599
v -0.040331 0.236076 -0.022832
v -0.089724 0.135607 0.023062
v -0.091624 0.127442 0.024085
v -0.091773 0.123870 0.026410
v -0.091065 0.121039 0.024177
v -0.072885 0.139985 0.019164
v -0.065561 0.131772 0.013388
v -0.058373 0.127346 0.003847
v -0.053611 0.123896 -0.007747
v -0.052264 0.121616 -0.020478
v -0.054236 0.122015 -0.033178
v -0.057320 0.126956 -0.045848
v -0.058684 0.136186 -0.055470
v -0.060072 0.144350 -0.058732
v -0.088589 0.119104 -0.027946
vn 0.0181 0.1449 0.9893
vn 0.2728 -0.0622 0.9601
vn 0.1687 0.0044 0.9857
vn -0.0993 0.0014 0.9951
vn 0.1919 0.3853 0.9026
vn 0.5509 0.3760 0.7451
vn 0.6363 0.2434 0.7320
vn 0.5714 -0.0942 0.8153
vn 0.7775 0.1545 0.6097
vn 0.5732 0.0024 0.8194
vn 0.9027 -0.1672 -0.3966
vn 0.9073 -0.2080 -0.3654
vn 0.9665 -0.0406 -0.2535
vn 0.8786 0.0130 -0.4774
vn 0.9546 0.0471 -0.2943
vn 0.9919 -0.0238 -0.1246
vn -0.5383 -0.3261 -0.7771
vn -0.4921 -0.2911 -0.8204
vn -0.5643 -0.3252 -0.7588
vn -0.4547 -0.3512 -0.8185
vn -0.7639 -0.0817 -0.6402
vn -0.7646 0.0543 -0.6422
vn 0.8648 -0.0090 -0.5020
vn 0.8387 -0.2264 -0.4952
vn 0.9926 -0.0967 0.0734
vn 0.9800 -0.1720 -0.0999
vn 0.0416 -0.5170 0.8550
vn -0.0859 -0.4763 0.8751
vn -0.1864 -0.3956 0.8993
vn -0.0335 -0.3874 0.9213
vn 0.2307 -0.6194 0.7504
vn 0.7392 -0.4794 0.4730
vn 0.6656 -0.4761 0.5747
vn 0.7086 -0.3913 0.5872
vn 0.8743 0.3138 0.3704
vn 0.8598 0.2942 0.4173
vn 0.8756 0.3837 0.2935
vn 0.8843 0.2795 0.3739
vn 0.8865 0.1252 0.4456
vn 0.8737 0.1957 0.4454
vn 0.8209 0.1718 0.5447
vn 0.7888 -0.3440 0.5094
vn 0.8098 -0.3899 0.4385
vn 0.7901 -0.2773 0.5467
vn 0.7522 -0.4597 0.4721
vn 0.8153 -0.2875 0.5026
vn 0.8734 -0.1318 0.4689
vn 0.9178 0.0149 0.3968
vn 0.8665 0.0891 0.4911
vn 0.8566 0.0053 0.5159
vn 0.6925 -0.1126 0.7126
vn 0.6122 0.1280 0.7803
vn 0.6834 0.0090 0.7300
vn 0.7413 -0.0954 0.6643
vn 0.4831 -0.0929 0.8706
vn 0.5247 -0.1083 0.8443
vn 0.5432 0.1586 0.8245
vn 0.2738 0.2195 0.9364
vn -0.1265 0.3260 0.9369
vn 0.2622 0.3874 0.8838
vn 0.3127 0.5347 0.7851
vn -0.1879 0.0448 0.9812
vn -0.4265 0.2219 0.8769
vn 0.1978 -0.0270 0.9799
vn -0.2105 -0.0556 0.9760
vn 0.2825 0.5278 0.8010
vn 0.9710 0.1541 -0.1826
vn 0.9959 0.0863 -0.0285
vn 0.9921 -0.1117 0.0576
vn 0.9840 -0.0328 -0.1748
vn 0.8534 -0.0851 -0.5142
vn 0.8236 -0.1076 -0.5569
vn 0.8853 0.4491 0.1207
vn 0.8605 0.5095 0.0001
vn 0.2467 -0.6316 -0.7350
vn 0.2531 -0.7244 -0.6412
vn 0.4813 -0.7266 -0.4902
vn 0.5423 -0.5969 -0.5912
vn 0.5429 -0.4967 -0.6772
vn 0.3978 -0.5350 -0.7454
vn 0.0752 -0.5592 -0.8256
vn 0.0864 -0.5991 -0.7960
vn 0.1448 -0.4609 -0.8756
vn 0.0779 -0.4958 -0.8649
vn 0.2767 -0.4259 -0.8614
vn 0.9941 0.1079 -0.0108
vn 0.9278 0.2969 0.2260
vn 0.9620 0.1847 0.2011
vn 0.9397 0.3080 0.1488
vn 0.9818 0.1890 0.0164
vn -0.8559 0.0295 -0.5162
vn -0.6145 -0.1244 -0.7791
vn -0.6058 -0.1141 -0.7874
vn -0.8167 -0.0614 -0.5738
vn -0.8031 0.1821 -0.5674
vn -0.5966 -0.0761 -0.7989
vn -0.8019 -0.0726 -0.5931
vn -0.5111 0.1061 -0.8530
vn -0.4701 0.0184 -0.8824
vn -0.5560 -0.1041 -0.8246
vn -0.4221 -0.1254 -0.8978
vn -0.5950 0.2850 -0.7515
vn -0.5595 0.2453 -0.7917
vn -0.5783 0.2166 -0.7866
vn -0.6192 0.3525 -0.7017
vn -0.5983 0.2682 -0.7551
vn -0.7561 0.1117 -0.6449
vn -0.5098 0.2382 -0.8266
vn -0.6973 0.3510 -0.6249
vn -0.5219 0.2651 -0.8108
vn -0.4303 0.1987 -0.8805
vn -0.6517 0.3298 -0.6831
vn -0.6507 0.2696 -0.7099
vn -0.5368 0.3100 -0.7847
vn 0.5156 -0.7967 -0.3154
vn -0.0385 -0.9374 -0.3463
vn 0.0148 -0.8972 -0.4414
vn 0.4357 -0.8218 -0.3671
vn 0.4458 -0.8718 -0.2030
vn -0.1008 -0.9750 -0.1978
vn 0.7364 -0.6603 -0.1470
vn 0.7245 -0.6156 -0.3101
vn 0.8644 -0.4850 -0.1329
vn -0.0257 -0.9986 -0.0452
vn 0.5925 -0.8051 -0.0270
vn 0.9338 -0.3577 -0.0023
vn 0.9784 -0.1990 -0.0562
vn 0.1616 -0.9855 0.0509
vn 0.4988 -0.8665 0.0202
vn 0.8918 -0.4512 -0.0336
vn 0.9898 -0.1354 -0.0454
vn 0.9946 -0.1031 0.0081
vn 0.7244 -0.6870 0.0570
vn 0.8519 -0.5136 0.1023
vn 0.9069 -0.3728 0.1962
vn 0.8532 -0.4153 0.3157
vn 0.9963 -0.0855 0.0118
vn 0.5396 -0.6925 0.4788
vn 0.5701 -0.6050 0.5559
vn 0.6151 -0.5035 0.6067
vn 0.6989 -0.3551 0.6208
vn 0.8562 -0.3512 0.3788
vn 0.3321 -0.5527 0.7644
vn 0.4354 -0.4668 0.7698
vn 0.5668 -0.3174 0.7602
vn 0.2904 -0.3667 0.8839
vn 0.4402 -0.2495 0.8625
vn 0.5744 -0.1047 0.8118
vn 0.6924 -0.1445 0.7069
vn 0.3327 -0.1704 0.9275
vn 0.4573 -0.0622 0.8871
vn 0.2483 -0.0904 0.9645
vn 0.3270 -0.0296 0.9445
vn 0.3432 -0.0165 0.9391
vn 0.4986 -0.0248 0.8665
vn 0.1637 -0.0108 0.9864
vn 0.1628 -0.0192 0.9865
vn -0.0420 -0.0063 0.9991
vn -0.0525 -0.0289 0.9982
vn -0.0638 -0.0372 0.9973
vn 0.1603 -0.0234 0.9868
vn -0.2792 -0.0367 0.9595
vn -0.2873 -0.0495 0.9566
vn -0.4805 -0.0427 0.8760
vn -0.4881 -0.0595 0.8708
vn -0.4967 -0.0664 0.8654
vn -0.3003 -0.0516 0.9524
vn -0.6566 -0.0658 0.7513
vn -0.6599 -0.0756 0.7476
vn -0.7919 -0.0721 0.6064
vn -0.7969 -0.0819 0.5986
vn -0.7999 -0.0944 0.5927
vn -0.6655 -0.0854 0.7415
vn -0.9053 -0.0891 0.4154
vn -0.9074 -0.1018 0.4077
vn -0.9733 -0.0942 0.2093
vn -0.9719 -0.1045 0.2107
vn -0.9688 -0.1235 0.2149
vn -0.9062 -0.1256 0.4037
vn -0.9947 -0.0999 0.0244
vn -0.9928 -0.1124 0.0402
vn -0.9897 -0.1217 0.0758
vn -0.9620 -0.1473 0.2299
vn -0.9857 -0.0892 -0.1427
vn -0.9886 -0.0920 -0.1190
vn -0.9930 -0.0863 -0.0810
vn -0.9646 -0.0718 -0.2539
vn -0.9724 -0.0625 -0.2249
vn -0.9774 -0.0449 -0.2068
vn -0.9969 -0.0731 -0.0278
vn -0.9251 -0.0455 -0.3770
vn -0.9182 -0.0438 -0.3938
vn -0.8227 -0.0509 -0.5662
vn -0.7873 -0.0582 -0.6138
vn -0.7773 -0.0355 -0.6281
vn -0.8937 -0.0415 -0.4466
vn -0.6080 -0.0539 -0.7921
vn -0.6335 -0.0079 -0.7737
vn -0.4426 -0.0464 -0.8955
vn -0.4051 -0.0348 -0.9136
vn -0.3451 -0.1431 -0.9276
vn -0.6188 0.0080 -0.7855
vn -0.1264 -0.1071 -0.9862
vn -0.2903 -0.1354 -0.9473
vn -0.4876 0.0237 -0.8728
vn -0.3759 -0.2233 -0.8993
vn -0.1392 -0.0398 -0.9895
vn -0.4648 0.1202 -0.8772
vn -0.6203 0.2660 -0.7379
vn -0.6813 0.3276 -0.6546
vn -0.3729 0.1813 -0.9100
vn -0.3850 0.2421 -0.8906
vn -0.4267 0.2848 -0.8583
vn -0.4824 0.3015 -0.8224
vn -0.7046 0.3233 -0.6317
vn 0.1356 0.0453 -0.9897
vn 0.0951 0.0862 -0.9917
vn 0.0388 0.1356 -0.9900
vn -0.0246 0.1591 -0.9870
vn 0.3455 0.0295 -0.9379
vn 0.2778 0.0975 -0.9557
vn 0.2133 0.1652 -0.9629
vn 0.1491 0.2137 -0.9655
vn -0.0519 0.1651 -0.9849
vn 0.3205 0.1678 -0.9323
vn 0.2672 0.2181 -0.9386
vn 0.2487 0.2366 -0.9392
vn 0.2604 0.2304 -0.9376
vn 0.0914 0.2420 -0.9660
vn 0.5182 0.1779 -0.8366
vn 0.5330 0.1613 -0.8306
vn 0.5375 0.1524 -0.8294
vn 0.5347 0.1656 -0.8286
vn 0.3095 0.2048 -0.9286
vn 0.7698 0.0965 -0.6309
vn 0.7538 0.1283 -0.6444
vn 0.7325 0.1499 -0.6641
vn 0.8664 0.0855 -0.4920
vn 0.8724 0.1039 -0.4777
vn 0.8568 0.1123 -0.5033
vn 0.7143 0.1323 -0.6872
vn 0.9546 0.0496 -0.2938
vn 0.9511 0.0831 -0.2976
vn 0.9994 -0.0210 -0.0287
vn 0.9947 0.0467 -0.0912
vn 0.9917 0.0255 -0.1263
vn 0.9419 0.0451 -0.3327
vn 0.9920 0.0415 0.1193
vn 0.9962 0.0081 0.0865
vn 0.9479 0.0139 0.3182
vn 0.9568 -0.0132 0.2905
vn 0.9692 -0.0616 0.2385
vn 0.9986 -0.0478 0.0230
vn 0.8793 -0.0348 0.4750
vn 0.9041 -0.0685 0.4219
vn 0.7743 -0.0570 0.6302
vn 0.7986 -0.0776 0.5968
vn 0.8433 -0.1003 0.5281
vn 0.9141 -0.0998 0.3931
vn 0.6786 -0.0777 0.7304
vn 0.7299 -0.0649 0.6805
vn 0.5480 -0.0893 0.8317
vn 0.5775 -0.0536 0.8146
vn 0.6158 -0.0005 0.7879
vn 0.8007 -0.0526 0.5968
vn 0.3972 -0.0762 0.9146
vn 0.3981 -0.0153 0.9172
vn 0.4038 0.0156 0.9147
vn 0.6713 -0.0181 0.7410
vn 0.1328 -0.0999 0.9861
vn 0.1311 -0.0563 0.9898
vn 0.1088 -0.0418 0.9932
vn 0.1002 -0.0571 0.9933
vn 0.4352 -0.0200 0.9001
vn -0.2217 -0.0988 0.9701
vn -0.2278 -0.0765 0.9707
vn -0.2164 -0.0667 0.9740
vn -0.2101 -0.0587 0.9759
vn 0.1110 -0.0610 0.9919
vn -0.5032 -0.0780 0.8607
vn -0.4718 -0.0760 0.8784
vn -0.5013 -0.0895 0.8606
vn -0.5157 -0.0997 0.8510
vn -0.2091 -0.0504 0.9766
vn -0.7043 -0.1026 0.7024
vn -0.7601 -0.1420 0.6341
vn -0.7213 -0.1207 0.6820
vn -0.7249 -0.1511 0.6721
vn -0.5280 -0.1010 0.8432
vn -0.8834 -0.1322 0.4496
vn -0.9153 -0.0826 0.3943
vn -0.9142 -0.2090 0.3473
vn -0.9182 -0.0423 0.3938
vn -0.7848 -0.0364 0.6187
vn -0.9635 -0.2349 0.1282
vn -0.9754 -0.1693 0.1412
vn -0.9786 -0.0611 0.1966
vn -0.9944 -0.0879 -0.0581
vn -0.9446 0.1406 0.2966
vn -0.9864 -0.1468 0.0737
vn -0.9735 -0.2285 -0.0092
vn -0.9425 -0.1985 -0.2689
vn -0.9711 -0.0520 -0.2330
vn -0.9901 -0.0465 -0.1323
vn -0.8928 -0.3482 -0.2859
vn -0.8833 -0.2008 -0.4235
vn -0.9371 -0.0163 -0.3487
vn -0.9265 -0.0164 -0.3758
vn -0.9603 0.0380 -0.2762
vn -0.9313 0.0732 -0.3568
vn -0.9683 0.0641 -0.2412
vn -0.9741 0.1080 -0.1985
vn -0.9054 0.0025 -0.4246
vn -0.8883 0.0221 -0.4588
vn -0.9492 0.0173 -0.3141
vn -0.8180 -0.0543 -0.5727
vn -0.8082 0.0125 -0.5888
vn -0.4792 -0.8470 -0.2302
vn -0.4824 -0.8714 -0.0896
vn -0.6038 -0.0801 -0.7931
vn -0.5986 -0.0301 -0.8005
vn -0.3746 -0.8554 -0.3577
vn -0.0785 -0.0474 -0.9958
vn -0.1038 -0.8031 -0.5867
vn 0.5443 -0.0338 -0.8382
vn 0.3500 -0.8063 -0.4769
vn 0.4730 -0.8656 -0.1644
vn 0.4930 -0.8658 0.0861
vn 0.4694 -0.8579 0.2091
vn 0.9853 -0.1055 0.1341
vn 0.4124 -0.8711 0.2666
vn 0.9461 -0.0291 0.3226
vn 0.4024 -0.8106 0.4254
vn 0.8117 0.0845 0.5779
vn 0.2598 -0.7058 0.6591
vn 0.5561 0.1347 0.8201
vn -0.1484 -0.6300 0.7623
vn 0.1049 0.1104 0.9883
vn -0.4346 -0.7382 0.5160
vn -0.2372 -0.0094 0.9714
vn -0.1335 -0.8788 0.4582
vn 0.2472 -0.7481 0.6158
vn -0.3490 -0.0586 0.9353
vn -0.4269 -0.0241 0.9040
vn 0.1880 -0.4972 0.8470
vn -0.5710 -0.1127 0.8132
vn -0.0287 -0.6171 0.7864
vn -0.7703 -0.1696 0.6147
vn -0.2439 -0.7953 0.5550
vn -0.9362 -0.2122 0.2801
vn -0.3386 -0.8851 0.3194
vn -0.9911 -0.1123 -0.0713
vn -0.4233 -0.8876 0.1817
vn -0.4990 -0.8663 0.0232
vn -0.9952 -0.0020 0.0979
vn -0.8367 -0.1723 0.5199
vn -0.8537 0.0405 0.5192
vn -0.9923 0.1203 0.0297
vn -0.8233 0.2675 0.5006
vn -0.9924 0.0813 0.0920
vn -0.7481 0.2596 0.6108
vn -0.5456 0.2208 0.8085
vn -0.6092 0.2497 0.7527
vn -0.5682 -0.0039 0.8229
vn -0.3795 0.0352 0.9245
vn -0.2356 0.0245 0.9716
vn -0.2581 -0.0048 0.9661
vn -0.1755 -0.0261 0.9841
vn -0.4399 0.0265 0.8977
vn -0.5336 -0.1222 0.8369
vn -0.2923 0.0805 0.9529
vn -0.2254 0.2399 0.9443
vn -0.0905 0.3487 0.9328
vn 0.7891 0.1909 0.5839
vn 0.9348 0.1237 0.3330
vn 0.9066 0.3686 0.2053
vn 0.7945 0.3154 0.5189
vn 0.8895 0.4414 0.1177
vn 0.8579 0.3847 0.3406
vn 0.9238 0.3173 0.2144
vn 0.9345 0.3522 -0.0521
vn 0.9790 0.1593 0.1269
vn 0.9636 0.0423 0.2640
vn 0.9358 0.1693 0.3092
vn 0.9010 -0.2266 0.3698
vn 0.8467 -0.3884 0.3636
vn 0.9299 -0.3629 0.0594
vn 0.8820 -0.3016 -0.3620
vn 0.9589 -0.2592 0.1150
vn 0.9108 -0.1694 0.3765
vn 0.9822 -0.1295 0.1362
vn 0.9121 -0.0347 0.4084
vn 0.7588 0.1492 0.6340
vn 0.8511 -0.0422 0.5233
vn 0.5765 0.2748 0.7695
vn 0.4559 0.3501 0.8183
vn 0.2098 0.4034 0.8907
vn 0.2036 0.5236 0.8273
vn 0.3183 0.4952 0.8083
vn 0.6746 0.0244 0.7378
vn 0.2866 0.4356 0.8533
vn 0.3573 0.2932 0.8868
vn 0.3823 0.2329 0.8942
vn 0.5583 0.1276 0.8197
vn 0.7638 -0.0744 0.6412
vn 0.7009 0.0158 0.7131
vn 0.8114 -0.1007 0.5758
vn 0.7188 -0.0746 0.6912
vn 0.7545 -0.0854 0.6507
vn 0.4660 -0.0619 0.8826
vn 0.1394 -0.0497 0.9890
vn 0.8277 -0.0789 0.5556
vn 0.8223 -0.0315 0.5682
vn 0.8935 -0.0596 0.4450
vn 0.7396 0.0500 0.6712
vn 0.8958 -0.0346 0.4432
vn 0.9548 -0.0504 0.2928
vn 0.8548 0.0580 0.5158
vn 0.9116 0.1450 0.3846
vn 0.9879 0.0079 0.1548
vn 0.9973 0.0183 0.0714
vn 0.9993 0.0274 -0.0272
vn 0.9813 0.0069 -0.1922
vn 0.9296 0.0373 -0.3666
vn 0.8424 0.0072 -0.5389
vn 0.8474 0.0631 -0.5272
vn 0.7113 0.0697 -0.6994
vn 0.5390 0.0606 -0.8401
vn 0.5283 0.1452 -0.8365
vn 0.3191 0.1521 -0.9354
vn 0.1083 0.1487 -0.9829
vn 0.0925 0.2214 -0.9708
vn -0.1309 0.2059 -0.9698
vn -0.0390 0.1992 -0.9792
vn -0.3566 0.1707 -0.9185
vn -0.5591 0.2364 -0.7947
vn -0.7110 0.2262 -0.6659
vn -0.8318 0.1443 -0.5360
vn -0.8283 0.1547 -0.5385
vn -0.9331 0.1444 -0.3293
vn -0.9688 0.1097 -0.2222
vn -0.9921 -0.0207 -0.1237
vn -0.8792 0.1410 -0.4552
vn -0.9979 -0.0627 -0.0146
vn -0.9775 0.0191 -0.2101
vn -0.9948 0.0608 0.0822
vn -0.9901 0.1140 -0.0823
vn -0.9341 0.1098 -0.3396
vn -0.9887 0.1131 -0.0982
vn -0.9519 0.1718 -0.2537
vn -0.8306 0.1138 -0.5451
vn -0.7079 0.0039 -0.7063
vn -0.9195 0.0687 -0.3871
vn -0.8324 0.0943 -0.5461
vn -0.6026 -0.0372 -0.7972
vn -0.8090 0.0199 -0.5875
vn -0.8914 -0.0140 -0.4530
vn -0.9671 -0.0184 -0.2536
vn -0.9761 -0.0269 -0.2156
vn -0.9989 -0.0456 -0.0111
vn -0.9877 -0.0611 0.1438
vn -0.9841 -0.1043 0.1435
vn -0.9567 -0.1233 0.2638
vn -0.9118 -0.1261 0.3907
vn -0.9040 -0.1540 0.3989
vn -0.8052 -0.1447 0.5751
vn -0.8018 -0.1180 0.5859
vn -0.6794 -0.1246 0.7231
vn -0.6699 -0.1063 0.7348
vn -0.5152 -0.0883 0.8525
vn -0.5067 -0.0716 0.8592
vn -0.3115 -0.0540 0.9487
vn -0.0801 -0.0364 0.9961
vn -0.0728 -0.0360 0.9967
vn 0.1605 -0.0217 0.9868
vn 0.3805 -0.0161 0.9247
vn 0.3622 -0.0172 0.9320
vn 0.5370 -0.0240 0.8432
vn 0.6787 -0.0455 0.7330
vn 0.6325 -0.0489 0.7730
vn 0.7462 -0.0792 0.6610
vn 0.8439 -0.1105 0.5250
vn 0.8014 -0.1795 0.5705
vn 0.8963 -0.2092 0.3911
vn 0.9634 -0.1878 0.1914
vn 0.9765 -0.1763 0.1243
vn 0.9933 -0.1019 -0.0538
vn 0.9980 -0.0592 -0.0207
vn 0.9656 -0.1624 -0.2033
vn 0.9669 -0.2125 -0.1409
vn 0.9845 -0.1625 -0.0655
vn 0.8249 -0.3032 -0.4770
vn 0.8581 -0.2941 -0.4210
vn 0.9106 -0.2829 -0.3014
vn 0.6442 -0.2617 -0.7187
vn 0.7112 -0.1317 -0.6905
vn 0.5328 -0.1056 -0.8396
vn 0.5096 -0.2447 -0.8249
vn 0.8675 -0.1969 -0.4569
vn 0.9586 -0.1414 -0.2471
vn 0.8654 -0.1521 -0.4775
vn 0.9900 -0.1403 -0.0168
vn 0.9727 -0.1485 0.1782
vn 0.9877 -0.1530 -0.0315
vn 0.9219 -0.1371 0.3624
vn 0.8717 -0.1122 0.4770
vn 0.9327 -0.1386 0.3330
vn 0.7889 -0.0771 0.6097
vn 0.7209 -0.0375 0.6920
vn 0.8287 -0.0618 0.5563
vn 0.5712 -0.0215 0.8205
vn 0.4029 -0.0173 0.9151
vn 0.6027 -0.0202 0.7977
vn 0.1672 -0.0217 0.9857
vn -0.0788 -0.0520 0.9955
vn 0.1801 -0.0392 0.9829
vn -0.3175 -0.0684 0.9458
vn -0.3191 -0.0931 0.9431
vn -0.0681 -0.0838 0.9942
vn -0.5259 -0.1061 0.8439
vn -0.7122 -0.0961 0.6953
vn -0.5387 -0.0871 0.8379
vn -0.8333 -0.1152 0.5407
vn -0.9291 -0.0712 0.3629
vn -0.8627 -0.0558 0.5026
vn -0.9648 -0.0670 0.2542
vn -0.9891 -0.0299 0.1444
vn -0.9667 -0.0240 0.2549
vn -0.9995 -0.0250 -0.0186
vn -0.9990 -0.0073 -0.0450
vn -0.9940 -0.0018 0.1094
vn -0.9723 0.0121 -0.2334
vn -0.9958 0.0911 -0.0112
vn -0.9737 0.0075 0.2277
vn -0.9945 0.0299 0.1005
vn -0.9568 -0.0327 0.2891
vn -0.9691 -0.0445 0.2427
vn -0.9717 -0.0106 0.2361
vn -0.9409 -0.0747 0.3303
vn -0.9474 -0.0387 0.3176
vn -0.9397 -0.0347 0.3401
vn -0.8947 -0.0485 0.4441
vn -0.8891 -0.0135 0.4576
vn -0.7745 -0.0270 0.6320
vn -0.7449 -0.0422 0.6658
vn -0.5528 -0.0442 0.8321
vn -0.2886 -0.0715 0.9548
vn -0.3137 -0.0933 0.9449
vn -0.0455 -0.1111 0.9928
vn 0.2313 -0.1356 0.9634
vn 0.1990 -0.0799 0.9767
vn 0.4445 -0.0775 0.8924
vn 0.4238 -0.0340 0.9051
vn 0.6437 -0.0804 0.7610
vn 0.6231 -0.0321 0.7814
vn 0.7722 -0.0373 0.6342
vn 0.7534 -0.0301 0.6568
vn 0.8579 -0.0453 0.5119
vn 0.9239 -0.0635 0.3772
vn 0.9007 -0.0900 0.4250
vn 0.9489 -0.1150 0.2940
vn 0.9807 -0.1310 0.1449
vn 0.9748 -0.1522 0.1632
vn 0.9874 -0.1546 -0.0334
vn 0.9590 -0.1412 -0.2457
vn 0.9546 -0.1502 -0.2572
vn 0.8699 -0.1400 -0.4730
vn 0.7434 -0.1217 -0.6577
vn 0.7262 -0.1340 -0.6743
vn 0.5629 -0.1057 -0.8197
vn 0.3825 -0.0764 -0.9208
vn 0.3456 -0.1004 -0.9330
vn 0.1441 -0.0999 -0.9845
vn 0.1129 -0.2119 -0.9708
vn 0.3382 -0.2740 -0.9003
vn 0.0547 -0.3140 -0.9479
vn 0.0203 -0.4213 -0.9067
vn 0.4177 -0.5437 -0.7279
vn 0.3148 -0.5426 -0.7787
vn 0.0446 -0.5068 -0.8609
vn 0.0222 -0.4254 -0.9047
vn 0.1072 -0.4289 -0.8970
vn 0.0631 -0.2563 -0.9645
vn 0.0783 -0.2874 -0.9546
vn 0.0906 -0.4501 -0.8883
vn 0.0612 -0.2975 -0.9528
vn 0.0652 -0.4596 -0.8857
vn 0.0297 -0.3063 -0.9515
vn 0.0342 -0.4726 -0.8806
vn 0.0535 -0.6403 -0.7662
vn 0.1031 -0.8049 -0.5844
vn 0.6796 -0.3516 -0.6438
vn 0.6841 -0.4715 -0.5566
vn 0.6797 -0.6039 -0.4163
vn 0.7298 -0.2026 0.6529
vn 0.7502 -0.1119 0.6517
vn -0.0101 -0.1213 0.9926
vn -0.0391 -0.3101 0.9499
vn -0.1998 -0.1427 0.9694
vn -0.2288 -0.3118 0.9222
vn -0.3187 -0.1415 0.9372
vn -0.2903 -0.2326 0.9282
vn -0.1819 -0.2740 0.9444
vn -0.0783 -0.2404 0.9675
vn -0.2703 -0.1435 0.9520
vn -0.1769 -0.1635 0.9705
vn -0.0963 -0.1256 0.9874
vn -0.0116 -0.0835 0.9964
vn 0.0235 -0.1915 0.9812
vn -0.1679 -0.0613 0.9839
vn -0.0977 -0.0276 0.9948
vn -0.0413 0.0086 0.9991
vn -0.0151 0.0254 0.9996
vn 0.0644 -0.0498 0.9967
vn -0.1530 0.0585 0.9865
vn -0.1574 0.0600 0.9857
vn -0.1840 0.0442 0.9819
vn -0.2267 0.0204 0.9738
vn -0.0164 0.0170 0.9997
vn -0.3603 0.0592 0.9309
vn -0.3937 0.0407 0.9183
vn -0.4331 0.0145 0.9012
vn -0.5833 0.0313 0.8117
vn -0.6109 0.0058 0.7917
vn -0.6333 -0.0235 0.7736
vn -0.4639 -0.0165 0.8858
vn -0.7612 -0.0017 0.6485
vn -0.7744 -0.0305 0.6320
vn -0.8845 -0.0052 0.4666
vn -0.8900 -0.0352 0.4546
vn -0.8954 -0.0620 0.4410
vn -0.7839 -0.0564 0.6183
vn -0.9668 -0.0396 0.2526
vn -0.9695 -0.0668 0.2356
vn -0.9979 -0.0435 0.0486
vn -0.9971 -0.0699 0.0290
vn -0.9963 -0.0845 0.0127
vn -0.9724 -0.0832 0.2179
vn -0.9848 -0.0697 -0.1588
vn -0.9816 -0.0815 -0.1727
vn -0.9460 -0.0694 -0.3165
vn -0.9437 -0.0750 -0.3221
vn -0.9498 -0.0753 -0.3035
vn -0.9825 -0.0874 -0.1645
vn -0.8988 -0.0637 -0.4337
vn -0.9072 -0.0609 -0.4162
vn -0.8371 -0.0519 -0.5446
vn -0.8415 -0.0504 -0.5380
vn -0.8403 -0.0499 -0.5398
vn -0.9156 -0.0580 -0.3979
vn -0.7317 -0.0486 -0.6799
vn -0.7147 -0.0542 -0.6973
vn -0.5720 -0.0542 -0.8184
vn -0.5453 -0.0657 -0.8357
vn -0.5171 -0.0779 -0.8524
vn -0.6941 -0.0596 -0.7174
vn -0.3501 -0.0737 -0.9338
vn -0.3249 -0.0869 -0.9417
vn -0.2907 -0.0826 -0.9532
vn -0.4765 -0.0861 -0.8750
vn -0.1438 -0.0788 -0.9865
vn -0.1245 -0.0890 -0.9882
vn -0.1038 -0.0928 -0.9903
vn 0.0629 -0.0871 -0.9942
vn 0.0715 -0.0941 -0.9930
vn 0.0893 -0.0502 -0.9947
vn -0.0274 -0.0948 -0.9951
vn 0.2348 -0.0818 -0.9686
vn 0.2433 -0.0231 -0.9697
vn 0.3935 -0.0793 -0.9159
vn 0.4141 -0.0467 -0.9090
vn 0.4587 -0.0275 -0.8882
vn 0.1349 0.0601 -0.9890
vn 0.5580 -0.0817 -0.8258
vn 0.5694 -0.0712 -0.8190
vn 0.7316 -0.0855 -0.6763
vn 0.6578 -0.0660 -0.7503
vn 0.5945 0.0087 -0.8040
vn 0.5324 -0.0353 -0.8457
vn 0.8310 -0.0632 -0.5526
vn 0.7850 -0.0340 -0.6186
vn 0.7798 -0.0136 -0.6259
vn 0.5600 0.0648 -0.8260
vn 0.9579 -0.0778 -0.2763
vn 0.9414 -0.0741 -0.3290
vn 0.9325 -0.0664 -0.3550
vn 0.9278 -0.0258 -0.3722
vn 0.7795 0.0277 -0.6258
vn 0.9916 -0.1014 -0.0799
vn 0.9911 -0.0959 -0.0925
vn 0.9904 -0.0509 -0.1283
vn 0.9881 0.0002 -0.1540
vn 0.9200 0.0219 -0.3913
vn 0.9844 -0.1223 0.1263
vn 0.9909 -0.0721 0.1134
vn 0.9997 -0.0233 0.0024
vn 0.9978 -0.0088 0.0652
vn 0.9837 0.0292 -0.1777
vn 0.9451 -0.0596 0.3212
vn 0.9650 -0.0641 0.2545
vn 0.9699 -0.1624 0.1814
vn 0.9633 -0.1412 0.2285
vn 0.9915 -0.0137 0.1293
vn 0.8657 -0.0529 0.4978
vn 0.9105 -0.0674 0.4080
vn 0.9452 -0.1310 0.2992
vn 0.9579 -0.1034 0.2677
vn 0.9544 -0.0626 0.2919
vn 0.8012 -0.0986 0.5902
vn 0.8228 -0.0848 0.5619
vn 0.8515 -0.1085 0.5129
vn 0.8731 -0.0637 0.4834
vn 0.9493 -0.0231 0.3136
vn 0.7506 -0.1356 0.6467
vn 0.7513 -0.1208 0.6488
vn 0.7776 -0.0795 0.6238
vn 0.6693 -0.1487 0.7280
vn 0.6796 -0.1128 0.7249
vn 0.6697 -0.0899 0.7372
vn 0.7708 -0.0546 0.6347
vn 0.5371 -0.1474 0.8305
vn 0.5459 -0.1210 0.8291
vn 0.3181 -0.1992 0.9269
vn 0.3470 -0.1417 0.9271
vn 0.3652 -0.1286 0.9220
vn 0.5436 -0.1048 0.8328
vn 0.0506 -0.1472 0.9878
vn 0.0830 -0.1403 0.9866
vn -0.2725 -0.1413 0.9517
vn -0.2527 -0.1384 0.9576
vn -0.2306 -0.1355 0.9636
vn 0.1136 -0.1264 0.9855
vn -0.5276 -0.1336 0.8389
vn -0.5244 -0.1383 0.8402
vn -0.7179 -0.1285 0.6842
vn -0.7207 -0.1347 0.6801
vn -0.7192 -0.1183 0.6847
vn -0.5235 -0.1294 0.8421
vn -0.8539 -0.1237 0.5056
vn -0.8558 -0.0854 0.5103
vn -0.9399 -0.1121 0.3226
vn -0.9511 -0.0776 0.2989
vn -0.9718 -0.0683 0.2257
vn -0.8435 -0.0537 0.5344
vn -0.9915 -0.1168 0.0580
vn -0.9931 -0.1076 -0.0465
vn -0.9885 -0.1076 -0.1060
vn -0.9690 -0.1765 0.1730
vn -0.9750 -0.1313 -0.1791
vn -0.9612 -0.1464 -0.2338
vn -0.9468 -0.1447 -0.2876
vn -0.9445 -0.1305 -0.3015
vn -0.9875 -0.1411 -0.0697
vn -0.8832 -0.1407 -0.4474
vn -0.8862 -0.1176 -0.4481
vn -0.8963 -0.0790 -0.4363
vn -0.9025 -0.0511 -0.4277
vn -0.9576 -0.1007 -0.2699
vn -0.7823 -0.0542 -0.6205
vn -0.7615 -0.0566 -0.6457
vn -0.7270 -0.1015 -0.6791
vn -0.6654 -0.1814 -0.7241
vn -0.8878 -0.0857 -0.4521
vn -0.6224 -0.1022 -0.7760
vn -0.5704 -0.1594 -0.8057
vn -0.4998 -0.2406 -0.8320
vn -0.5930 -0.2108 -0.7771
vn -0.5397 -0.2695 -0.7975
vn -0.6035 -0.2661 -0.7517
vn -0.6949 -0.2162 -0.6859
vn -0.8181 -0.0292 -0.5743
vn -0.8343 0.2020 -0.5130
vn -0.6027 -0.0120 -0.7979
vn -0.6493 0.0080 -0.7605
vn 0.1677 -0.0497 -0.9846
vn -0.0046 -0.1096 -0.9940
vn -0.1352 -0.1382 -0.9811
vn -0.1644 -0.1282 -0.9780
vn 0.6504 -0.0385 -0.7586
vn 0.3768 -0.0694 -0.9237
vn 0.3298 -0.1309 -0.9349
vn 0.3958 -0.1319 -0.9088
vn -0.1361 -0.1158 -0.9839
vn 0.8103 0.1802 -0.5577
vn 0.7341 0.0289 -0.6784
vn 0.7664 -0.0609 -0.6395
vn 0.4818 -0.1139 -0.8688
vn 0.9363 0.2601 -0.2359
vn 0.9676 0.1878 -0.1686
vn 0.9117 0.3525 0.2110
vn 0.9356 0.3215 -0.1455
vn 0.9469 0.0876 -0.3094
vn 0.9805 0.0486 -0.1905
vn 0.9547 -0.0173 -0.2971
vn 0.9281 -0.1873 -0.3219
vn 0.8791 -0.2221 -0.4217
vn 0.8201 -0.2065 -0.5337
vn 0.8811 -0.1517 -0.4479
vn 0.8467 -0.1904 -0.4968
vn 0.9422 -0.1955 -0.2720
vn 0.7877 -0.1053 -0.6069
vn 0.8703 -0.1008 -0.4821
vn 0.9965 -0.0690 -0.0465
vn 0.8481 -0.0430 -0.5281
vn 0.9927 0.0101 -0.1198
vn 0.8598 0.1359 0.4922
vn 0.8900 0.0752 0.4496
vn 0.6238 0.1716 0.7625
vn 0.6089 0.2173 0.7629
vn 0.5324 0.1657 0.8301
vn 0.6939 0.1629 0.7014
vn 0.5550 0.0977 0.8261
vn 0.4397 0.2709 0.8563
vn 0.8597 0.1814 0.4774
vn 0.9947 0.0729 -0.0722
vn 0.9899 0.1323 0.0504
vn 0.9049 -0.0946 -0.4149
vn 0.9383 -0.0648 -0.3397
vn 0.7695 -0.1907 -0.6095
vn 0.9035 -0.0380 -0.4268
vn 0.6589 -0.1384 -0.7393
vn 0.5795 -0.1605 -0.7990
vn 0.6920 -0.0407 -0.7208
vn 0.5550 -0.0457 -0.8306
vn 0.3967 0.0239 -0.9176
vn 0.3315 0.0781 -0.9402
vn 0.1164 0.0750 -0.9904
vn -0.0959 0.0507 -0.9941
vn -0.1123 0.1398 -0.9838
vn -0.3437 0.1320 -0.9298
vn -0.5612 0.1232 -0.8185
vn -0.7349 0.1222 -0.6670
vn -0.8644 0.0918 -0.4944
vn -0.9522 0.0616 -0.2993
vn -0.9958 0.0163 -0.0896
vn -0.9844 0.1112 -0.1361
vn -0.9924 0.0451 0.1148
vn -0.9921 0.0975 0.0785
vn -0.9814 0.1369 -0.1344
vn -0.9847 0.0771 0.1562
vn -0.9981 0.0397 -0.0477
vn -0.9595 0.0234 0.2806
vn -0.9924 -0.0163 0.1221
vn -0.9308 0.0493 0.3621
vn -0.9265 0.0156 0.3759
vn -0.9342 -0.0509 0.3531
vn -0.8965 -0.0310 0.4419
vn -0.8773 -0.1046 0.4683
vn -0.8958 -0.1195 0.4282
vn -0.7307 -0.1311 0.6700
vn -0.7487 -0.1676 0.6414
vn -0.7611 -0.0845 0.6431
vn -0.5425 -0.2156 0.8119
vn -0.5507 -0.1412 0.8227
vn -0.5672 -0.0555 0.8217
vn -0.2540 -0.1661 0.9528
vn -0.2726 -0.0968 0.9573
vn 0.0567 -0.1487 0.9872
vn 0.0131 -0.1188 0.9928
vn 0.2970 -0.1716 0.9393
vn 0.5273 -0.2191 0.8210
vn 0.4812 -0.1563 0.8625
vn 0.6744 -0.1716 0.7182
vn 0.8000 -0.1727 0.5747
vn 0.7883 -0.0852 0.6094
vn 0.8811 -0.0856 0.4651
vn 0.8728 -0.0460 0.4858
vn 0.9393 -0.0806 0.3336
vn 0.9350 -0.0539 0.3506
vn 0.9714 -0.0631 0.2290
vn 0.9637 -0.0821 0.2541
vn 0.9878 -0.0960 0.1224
vn 0.9943 -0.1029 -0.0279
vn 0.9907 -0.1333 -0.0258
vn 0.9677 -0.1214 -0.2210
vn 0.8932 -0.1027 -0.4377
vn 0.8807 -0.1203 -0.4582
vn 0.7566 -0.1013 -0.6460
vn 0.6017 -0.0892 -0.7938
vn 0.5888 -0.1026 -0.8017
vn 0.4175 -0.0835 -0.9048
vn 0.2249 -0.0642 -0.9723
vn 0.1895 -0.0500 -0.9806
vn -0.0230 -0.0254 -0.9994
vn -0.0620 -0.0617 -0.9962
vn -0.2355 -0.0116 -0.9718
vn -0.2395 -0.0271 -0.9705
vn -0.2913 -0.0873 -0.9526
vn -0.1216 -0.1877 -0.9747
vn -0.4084 -0.0245 -0.9125
vn -0.4284 -0.0844 -0.8997
vn 0.3629 0.8741 0.3228
vn -0.2866 0.0818 -0.9546
vn -0.1345 0.0426 -0.9900
vn 0.1496 0.9246 0.3504
vn 0.1359 -0.1408 -0.9807
vn 0.0579 -0.0969 -0.9936
vn 0.1632 -0.2988 -0.9403
vn 0.0871 -0.1048 -0.9907
vn 0.0502 -0.1152 -0.9921
vn 0.0241 -0.1193 -0.9926
vn 0.6706 -0.1020 -0.7348
vn 0.6732 -0.2350 -0.7011
vn 0.7537 -0.0604 0.6544
vn 0.0007 -0.0537 0.9986
vn -0.1528 -0.0684 0.9859
vn -0.2844 -0.1001 0.9535
vn -0.3558 -0.1055 0.9286
vn -0.3335 -0.1020 0.9372
vn -0.3132 -0.0481 0.9485
vn -0.2487 -0.0573 0.9669
vn -0.2959 0.0089 0.9552
vn -0.2357 0.0234 0.9715
vn -0.1763 0.0340 0.9838
vn -0.3051 0.0931 0.9478
vn -0.3021 0.0794 0.9500
vn -0.3251 0.0680 0.9432
vn -0.5157 0.0886 0.8522
vn -0.5375 0.0704 0.8404
vn -0.5617 0.0527 0.8256
vn -0.7238 0.0723 0.6863
vn -0.7368 0.0499 0.6742
vn -0.7477 0.0255 0.6635
vn -0.8768 0.0478 0.4784
vn -0.8806 0.0229 0.4733
vn -0.9662 0.0227 0.2569
vn -0.9658 -0.0071 0.2591
vn -0.9985 -0.0089 0.0535
vn -0.9913 -0.0137 -0.1313
vn -0.9893 -0.0473 -0.1382
vn -0.9521 -0.0527 -0.3011
vn -0.8966 -0.0554 -0.4393
vn -0.8954 -0.0644 -0.4407
vn -0.8315 -0.0542 -0.5529
vn -0.7368 -0.0424 -0.6748
vn -0.7380 -0.0437 -0.6734
vn -0.5917 -0.0425 -0.8050
vn -0.4050 -0.0485 -0.9130
vn -0.3781 -0.0630 -0.9236
vn -0.1664 -0.0717 -0.9834
vn 0.0479 -0.0775 -0.9958
vn 0.0608 -0.0803 -0.9949
vn 0.2439 -0.0748 -0.9669
vn 0.2375 -0.0806 -0.9680
vn 0.4209 -0.0703 -0.9044
vn 0.4166 -0.0740 -0.9061
vn 0.6045 -0.0605 -0.7943
vn 0.5843 -0.0699 -0.8085
vn 0.7768 -0.0592 -0.6269
vn 0.9086 -0.0536 -0.4143
vn 0.8896 -0.0683 -0.4516
vn 0.9734 -0.0692 -0.2185
vn 0.9955 -0.0767 -0.0554
vn 0.9933 -0.0916 -0.0706
vn 0.9877 -0.1233 0.0963
vn 0.9843 -0.1425 0.1044
vn 0.9531 -0.1553 0.2598
vn 0.9456 -0.1892 0.2648
vn 0.9460 -0.1720 0.2747
vn 0.8892 -0.2129 0.4049
vn 0.8989 -0.2109 0.3840
vn 0.9050 -0.1294 0.4053
vn 0.8444 -0.2064 0.4944
vn 0.8791 -0.1864 0.4387
vn 0.8462 -0.1543 0.5100
vn 0.8094 -0.1777 0.5598
vn 0.8611 -0.2021 0.4665
vn 0.7894 -0.1774 0.5877
vn 0.7362 -0.2440 0.6313
vn 0.7827 -0.2809 0.5554
vn 0.6977 -0.1935 0.6898
vn 0.5657 -0.2756 0.7772
vn 0.6354 -0.3203 0.7026
vn 0.5608 -0.2144 0.7997
vn 0.3779 -0.2624 0.8879
vn 0.3803 -0.3227 0.8668
vn 0.0675 -0.3261 0.9429
vn 0.0308 -0.2290 0.9729
vn -0.2706 -0.2203 0.9371
vn -0.5275 -0.1734 0.8317
vn -0.5273 -0.1302 0.8396
vn -0.7166 -0.1109 0.6887
vn -0.8542 -0.0840 0.5131
vn -0.8512 -0.1158 0.5120
vn -0.9379 -0.0981 0.3328
vn -0.9879 -0.0742 0.1364
vn -0.9882 -0.1064 0.1102
vn -0.9876 -0.1022 -0.1190
vn -0.9358 -0.0971 -0.3389
vn -0.9012 -0.1325 -0.4127
vn -0.7763 -0.1175 -0.6193
vn -0.7786 -0.0885 -0.6213
vn -0.6437 -0.0816 -0.7609
vn -0.6574 -0.0492 -0.7519
vn -0.6465 -0.0560 -0.7609
vn -0.5313 -0.0158 -0.8470
vn -0.5354 -0.0280 -0.8441
vn -0.5772 -0.1085 -0.8094
vn -0.4248 0.0293 -0.9048
vn -0.4485 -0.0278 -0.8934
vn -0.5611 -0.1874 -0.8063
vn -0.0474 0.0513 -0.9976
vn -0.1453 -0.0116 -0.9893
vn -0.4183 -0.0549 -0.9066
vn 0.4758 0.0639 -0.8772
vn 0.3397 0.0123 -0.9405
vn 0.8008 0.1043 -0.5897
vn 0.7723 0.0575 -0.6326
vn 0.7601 -0.0177 -0.6496
vn 0.9012 -0.0072 -0.4333
vn 0.9424 -0.0819 -0.3243
vn 0.9117 -0.0818 -0.4026
vn 0.8910 0.1141 -0.4395
vn 0.9005 0.0708 -0.4291
vn 0.8662 -0.0257 -0.4991
vn 0.8530 0.0512 -0.5195
vn 0.7990 -0.0656 -0.5978
vn 0.8052 -0.1088 -0.5829
vn 0.7427 -0.1292 -0.6570
vn 0.8373 -0.1309 -0.5309
vn 0.6821 -0.1982 -0.7039
vn 0.7725 -0.0554 -0.6327
vn 0.6861 -0.1494 -0.7121
vn 0.7891 -0.0588 -0.6114
vn 0.6565 -0.1079 -0.7465
vn 0.6269 -0.0023 -0.7791
vn 0.2968 0.1096 -0.9486
vn 0.1267 0.0770 -0.9890
vn -0.1090 0.0553 -0.9925
vn -0.2902 -0.0027 -0.9570
vn -0.3139 0.0280 -0.9491
vn -0.5390 0.0118 -0.8422
vn -0.7315 0.0013 -0.6819
vn -0.8678 -0.0090 -0.4968
vn -0.9559 -0.0296 -0.2922
vn -0.9956 -0.0519 -0.0778
vn -0.9920 -0.0237 0.1237
vn -0.9434 -0.0542 0.3271
vn -0.9422 -0.0179 0.3347
vn -0.8559 -0.0592 0.5138
vn -0.8532 -0.0651 0.5175
vn -0.9413 0.0201 0.3369
vn -0.8728 -0.0403 0.4864
vn -0.7411 -0.1708 0.6493
vn -0.7672 -0.1806 0.6154
vn -0.8140 -0.0765 0.5758
vn -0.5727 -0.3176 0.7557
vn -0.5578 -0.1736 0.8116
vn -0.6034 -0.1156 0.7890
vn -0.0986 -0.2955 0.9503
vn -0.2316 -0.2123 0.9494
vn -0.2710 -0.1866 0.9443
vn 0.2148 -0.3363 0.9169
vn 0.1023 -0.2778 0.9552
vn 0.0736 -0.1967 0.9777
vn 0.4198 -0.2954 0.8582
vn 0.3708 -0.2433 0.8963
vn 0.3583 -0.1967 0.9127
vn 0.5998 -0.2535 0.7589
vn 0.5806 -0.2378 0.7787
vn 0.7134 -0.2592 0.6511
vn 0.6881 -0.2468 0.6824
vn 0.7905 -0.2470 0.5604
vn 0.8568 -0.2246 0.4641
vn 0.8784 -0.1624 0.4494
vn 0.9307 -0.1403 0.3377
vn 0.9679 -0.1114 0.2251
vn 0.9740 -0.0730 0.2144
vn 0.9940 -0.0668 0.0867
vn 0.9923 -0.0704 0.1020
vn 0.9965 -0.0667 -0.0506
vn 0.9961 -0.0779 -0.0405
vn 0.9744 -0.0768 -0.2111
vn 0.9726 -0.1006 -0.2094
vn 0.9014 -0.0907 -0.4233
vn 0.7744 -0.0768 -0.6281
vn 0.7653 -0.0866 -0.6379
vn 0.6030 -0.0775 -0.7940
vn 0.4277 -0.0767 -0.9007
vn 0.4297 -0.0830 -0.8992
vn 0.2423 -0.0782 -0.9670
vn 0.0320 -0.0695 -0.9971
vn 0.0059 -0.0475 -0.9989
vn -0.2168 -0.0338 -0.9756
vn -0.4234 -0.0294 -0.9055
vn -0.4252 -0.0131 -0.9050
vn -0.5909 -0.0258 -0.8063
vn -0.5680 -0.0323 -0.8224
vn -0.7087 -0.0392 -0.7044
vn -0.7015 -0.0639 -0.7098
vn -0.5597 -0.0873 -0.8241
vn -0.7680 -0.0964 -0.6332
vn -0.8033 -0.2928 -0.5186
vn -0.6742 -0.4654 -0.5735
vn -0.8409 -0.1210 -0.5275
vn -0.9667 -0.1083 -0.2318
vn -0.8516 -0.0907 -0.5162
vn -0.9477 -0.0719 -0.3110
vn -0.8650 -0.0107 -0.5016
vn -0.9359 -0.0144 -0.3519
vn 0.2999 0.9534 -0.0332
vn -0.6134 0.1392 -0.7774
vn -0.5285 0.0199 -0.8487
vn 0.4660 0.5971 0.6529
vn -0.4887 0.1934 -0.8508
vn -0.3137 0.1781 -0.9327
vn -0.1208 0.1675 -0.9784
vn 0.0322 0.1625 -0.9862
vn 0.0081 0.0086 -0.9999
vn 0.0698 0.1529 -0.9858
vn 0.0544 0.0678 -0.9962
vn 0.0274 0.1493 -0.9884
vn 0.0389 0.0705 -0.9968
vn 0.0063 0.1404 -0.9901
vn 0.0196 0.0535 -0.9984
vn 0.6952 0.0763 -0.7148
vn 0.6715 0.0159 -0.7408
vn 0.7443 -0.0644 0.6648
vn -0.0049 -0.0690 0.9976
vn -0.1255 -0.0760 0.9892
vn -0.2454 -0.0919 0.9650
vn -0.3519 -0.1062 0.9300
vn -0.4059 -0.0950 0.9090
vn -0.3642 -0.0734 0.9284
vn -0.3545 -0.0320 0.9345
vn -0.3738 0.0314 0.9270
vn -0.3213 0.0710 0.9443
vn -0.4722 0.1172 0.8737
vn -0.4920 0.1051 0.8642
vn -0.6808 0.1345 0.7201
vn -0.6967 0.1180 0.7076
vn -0.7107 0.0949 0.6970
vn -0.8570 0.1249 0.4999
vn -0.8652 0.1000 0.4913
vn -0.8718 0.0729 0.4844
vn -0.9625 0.0991 0.2525
vn -0.9649 0.0741 0.2520
vn -0.9660 0.0489 0.2540
vn -0.9969 0.0725 0.0294
vn -0.9982 0.0480 0.0346
vn -0.9988 0.0218 0.0435
vn -0.9874 0.0410 -0.1531
vn -0.9894 0.0166 -0.1441
vn -0.9530 0.0014 -0.3030
vn -0.9557 -0.0238 -0.2935
vn -0.8979 -0.0349 -0.4388
vn -0.8177 -0.0404 -0.5743
vn -0.8252 -0.0512 -0.5626
vn -0.7256 -0.0396 -0.6870
vn -0.6003 -0.0327 -0.7991
vn -0.1920 -0.0582 -0.9797
vn 0.2468 -0.0797 -0.9658
vn 0.6063 -0.0696 -0.7922
vn 0.7802 -0.0599 -0.6227
vn 0.9070 -0.0692 -0.4153
vn 0.9757 -0.0596 -0.2106
vn 0.9923 -0.0898 0.0856
vn 0.9052 -0.1916 0.3794
vn 0.8367 -0.2287 0.4976
vn 0.7854 -0.2501 0.5662
vn 0.7897 -0.1791 0.5868
vn 0.7266 -0.2072 0.6551
vn 0.6894 -0.1347 0.7117
vn 0.5787 -0.2115 0.7876
vn 0.4940 -0.1498 0.8565
vn 0.3415 -0.2709 0.9000
vn 0.2275 -0.1744 0.9580
vn 0.1663 -0.2525 0.9532
vn 0.0358 -0.2601 0.9649
vn -0.2573 -0.3516 0.9001
vn -0.2892 -0.3409 0.8945
vn -0.5596 -0.2635 0.7858
vn -0.7218 -0.1175 0.6821
vn -0.8962 -0.0186 -0.4433
vn -0.8146 -0.0419 -0.5785
vn -0.9007 -0.0128 -0.4342
vn -0.8255 -0.0545 -0.5618
vn -0.9126 -0.0087 -0.4088
vn -0.8519 -0.0731 -0.5186
vn -0.9297 0.0139 -0.3681
vn -0.8739 -0.0562 -0.4829
vn -0.9324 0.0708 -0.3544
vn -0.8819 0.0347 -0.4702
vn -0.9211 0.1459 -0.3611
vn -0.8925 0.1247 -0.4335
vn -0.8944 0.0507 -0.4445
vn -0.9346 0.0517 -0.3518
vn -0.9198 0.1827 -0.3474
vn -0.8942 0.1805 -0.4097
vn -0.8915 0.1653 -0.4217
vn -0.9192 0.2023 -0.3378
vn -0.9185 0.1131 -0.3790
vn -0.8810 0.1141 -0.4591
vn -0.8221 0.2972 -0.4856
vn -0.7561 0.1292 -0.6416
vn 0.0172 0.9962 -0.0858
vn -0.8076 0.1935 -0.5571
vn -0.8036 0.2318 -0.5481
vn -0.7139 0.2491 -0.6544
vn -0.7329 0.1866 -0.6543
vn -0.6282 0.1998 -0.7520
vn -0.6045 0.2618 -0.7523
vn -0.4699 0.2713 -0.8400
vn -0.6043 0.3154 -0.7317
vn -0.4691 0.3340 -0.8176
vn -0.3101 0.3486 -0.8845
vn -0.2994 0.2727 -0.9143
vn -0.1250 0.3587 -0.9251
vn -0.1134 0.2694 -0.9563
vn 0.0030 0.3482 -0.9374
vn 0.0002 0.2621 -0.9650
vn 0.0264 0.3406 -0.9398
vn 0.0239 0.2364 -0.9714
vn 0.0146 0.3346 -0.9422
vn 0.0189 0.2231 -0.9746
vn 0.0064 0.3309 -0.9436
vn 0.0094 0.2275 -0.9737
vn 0.6852 0.2127 -0.6966
vn 0.6782 0.1433 -0.7208
vn 0.7304 -0.0713 0.6793
vn -0.0126 -0.0797 0.9967
vn -0.1220 -0.0812 0.9892
vn -0.2373 -0.0851 0.9677
vn -0.3449 -0.0899 0.9343
vn -0.4160 -0.0971 0.9042
vn -0.4799 -0.0798 0.8737
vn -0.4258 -0.0664 0.9024
vn -0.4763 0.0029 0.8793
vn -0.5542 0.0891 0.8276
vn -0.4631 0.1208 0.8780
vn -0.6511 0.1820 0.7369
vn -0.8268 0.2150 0.5198
vn -0.8419 0.1578 0.5160
vn -0.9484 0.1608 0.2732
vn -0.9590 0.1197 0.2568
vn -0.9872 0.1551 0.0374
vn -0.9934 0.1120 0.0250
vn -0.9951 0.0958 0.0260
vn -0.9839 0.0972 -0.1500
vn -0.9851 0.0832 -0.1507
vn -0.9866 0.0626 -0.1510
vn -0.9611 0.0580 -0.2701
vn -0.9575 0.0395 -0.2859
vn -0.9525 0.0212 -0.3038
vn -0.9613 0.0858 -0.2617
vn -0.9781 0.1464 -0.1483
vn -0.9505 0.1450 -0.2747
vn -0.9690 0.2075 -0.1338
vn -0.9455 0.1965 -0.2595
vn -0.9563 0.1996 -0.2136
vn -0.9245 0.1999 -0.3245
vn -0.8714 0.2222 -0.4374
vn -0.8163 0.2387 -0.5261
vn -0.8567 0.2369 -0.4582
vn -0.7948 0.2687 -0.5441
vn -0.7127 0.2935 -0.6371
vn -0.4325 0.8122 -0.3915
vn -0.3854 0.8095 -0.4428
vn -0.2923 0.8240 -0.4854
vn -0.1915 0.8361 -0.5141
vn -0.0848 0.8437 -0.5301
vn -0.0038 0.8384 -0.5450
vn 0.0197 0.8391 -0.5436
vn 0.0090 0.8375 -0.5463
vn 0.0047 0.8428 -0.5382
vn 0.5714 0.6740 -0.4681
vn 0.6007 0.5314 0.5974
vn -0.0111 0.6408 0.7676
vn -0.0902 0.6341 0.7680
vn -0.1721 0.6351 0.7530
vn -0.2484 0.6331 0.7331
vn -0.2996 0.6442 0.7037
vn -0.3553 0.6329 0.6879
vn -0.3998 0.6403 0.6559
vn -0.5548 -0.0449 0.8308
vn -0.6332 0.0009 0.7740
vn -0.7361 0.0657 0.6737
vn -0.6608 0.1709 0.7309
vn -0.8009 0.2101 0.5607
vn -0.9138 0.2363 0.3303
vn -0.9309 0.2222 0.2898
vn -0.9749 0.2160 0.0535
vn -0.9664 0.2364 0.1006
vn -0.9722 0.2185 -0.0841
vn -0.9802 0.1949 -0.0336
vn -0.9609 0.1924 -0.1992
vn -0.9130 0.2105 -0.3496
vn -0.6119 0.7675 -0.1912
vn -0.5855 0.7674 -0.2614
vn -0.5306 0.7774 -0.3377
vn -0.6493 0.7558 -0.0843
vn -0.6612 0.7498 0.0256
vn -0.9712 0.1934 0.1393
vn -0.6599 0.7385 0.1379
vn -0.9274 0.1780 0.3290
vn -0.6448 0.7220 0.2509
vn -0.8442 0.1312 0.5197
vn -0.6095 0.7027 0.3672
vn -0.5571 0.6759 0.4825
vn -0.4908 0.6482 0.5822
vn -0.8287 -0.0940 -0.5517
vn -0.6702 -0.0810 -0.7378
vn -0.4776 -0.0478 -0.8773
vn -0.5114 -0.0437 -0.8583
vn -0.3864 0.0145 -0.9222
vn -0.4157 0.0255 -0.9091
vn -0.1497 0.0926 -0.9844
vn -0.1249 0.0787 -0.9890
vn -0.0942 0.0622 -0.9936
vn 0.4498 0.0927 -0.8883
vn 0.5008 0.0740 -0.8624
vn 0.5067 0.0724 -0.8591
vn 0.8443 0.0786 -0.5300
vn 0.8275 0.1044 -0.5516
vn 0.8664 0.0554 -0.4962
vn 0.8905 0.1266 -0.4370
vn 0.7971 0.0229 -0.6035
vn -0.1034 -0.1018 -0.9894
vn -0.8138 -0.2179 -0.5387
vn -0.9693 -0.1478 -0.1965
vn -0.9779 -0.0632 -0.1996
vn -0.9853 -0.1662 -0.0389
vn -0.9790 -0.1690 -0.1137
vn -0.9609 -0.1549 0.2296
vn -0.9679 -0.1683 0.1867
vn -0.8864 -0.2207 0.4069
vn -0.8542 -0.1177 0.5065
vn -0.6888 -0.0484 0.7233
vn -0.6919 -0.0803 0.7175
vn -0.5173 -0.1011 0.8498
vn -0.2205 -0.1230 0.9676
vn 0.3796 -0.1095 0.9186
vn 0.6628 -0.0791 0.7446
vn 0.8699 -0.0223 0.4927
vn 0.9798 0.0267 0.1983
vn 0.9918 -0.0618 0.1118
vn 0.9516 0.0337 -0.3056
vn 0.9658 0.0509 -0.2541
vn 0.8799 0.0703 -0.4700
vn 0.9036 0.0467 -0.4259
vn 0.7742 0.0748 -0.6285
vn 0.7747 0.0631 -0.6292
vn 0.5170 0.1612 -0.8407
vn 0.5375 0.1102 -0.8360
vn 0.3896 0.0966 -0.9159
vn 0.4613 0.0228 -0.8869
vn 0.4267 -0.0325 -0.9038
vn 0.4607 -0.0435 -0.8865
vn 0.1146 0.0627 -0.9914
vn -0.2003 0.0728 -0.9770
vn -0.2359 -0.0610 -0.9699
vn -0.6610 -0.0715 -0.7470
vn -0.8357 -0.0482 -0.5471
vn -0.9214 -0.0525 -0.3851
vn -0.9580 -0.0744 -0.2770
vn -0.9957 -0.0924 0.0105
vn -0.9009 -0.0783 0.4269
vn -0.6469 -0.0493 0.7610
vn -0.2634 -0.0100 0.9646
vn 0.1468 -0.0244 0.9889
vn 0.1133 -0.1445 0.9830
vn 0.1857 -0.2498 0.9503
vn 0.0742 -0.3048 0.9495
vn 0.1652 -0.4323 0.8865
vn -0.6929 -0.3454 -0.6329
vn 0.9655 -0.1228 -0.2294
vn 0.9528 0.2758 -0.1267
vn 0.9184 0.3892 0.0712
vn 0.9537 0.0691 -0.2928
vn 0.9231 0.3845 0.0038
vn 0.9863 0.0589 0.1540
vn 0.8751 -0.4330 0.2163
vn 0.7633 -0.6459 -0.0134
vn 0.4475 0.2755 0.8508
vn 0.6132 -0.0103 0.7899
vn -0.8162 -0.1832 -0.5479
vn -0.8795 -0.3746 -0.2935
vn -0.9553 -0.0810 -0.2842
vn -0.7612 -0.0742 -0.6443
vn -0.6568 -0.3952 -0.6423
vn -0.6756 -0.6494 -0.3489
vn -0.5999 -0.1820 -0.7791
vn -0.2618 -0.3593 -0.8957
vn -0.2072 -0.5581 -0.8035
vn -0.3256 -0.4820 -0.8134
vn -0.4037 -0.2973 -0.8652
vn -0.0858 -0.5129 -0.8541
vn -0.4241 -0.1859 -0.8863
vn -0.2740 -0.2865 -0.9181
vn -0.9188 -0.0252 -0.3939
vn -0.8942 0.0036 -0.4476
vn -0.7173 -0.0164 -0.6966
vn -0.7362 -0.0258 -0.6763
vn -0.5945 -0.0404 -0.8031
vn -0.5945 -0.0726 -0.8008
vn -0.4480 -0.1243 -0.8854
vn -0.6015 -0.0470 -0.7975
vn -0.4842 -0.1102 -0.8680
vn -0.3526 -0.1792 -0.9185
vn -0.3201 -0.2207 -0.9213
vn -0.2226 -0.2433 -0.9441
vn -0.1864 -0.3059 -0.9336
vn -0.0401 -0.4069 -0.9126
vn 0.0883 -0.3387 -0.9367
vn 0.2348 -0.4658 -0.8532
vn 0.4793 -0.6317 -0.6093
vn 0.2124 -0.8398 -0.4996
vn 0.0135 -0.7858 -0.6183
vn -0.2961 -0.6348 -0.7137
vn -0.3111 -0.8467 -0.4317
vn 0.0657 -0.8775 -0.4751
vn -0.5929 -0.7084 -0.3830
vn -0.5341 -0.5420 -0.6488
vn -0.5082 -0.4751 -0.7183
vn 0.1375 -0.4394 -0.8877
vn 0.0839 -0.2292 -0.9698
vn 0.1018 -0.1019 -0.9896
vn 0.2681 0.8767 -0.3994
vn 0.0285 0.1955 -0.9803
vn -0.1704 -0.0564 -0.9838
vn 0.1381 0.9085 -0.3945
vn -0.3288 -0.0199 -0.9442
vn 0.0799 0.9226 -0.3775
vn -0.4746 0.0201 -0.8800
vn 0.0661 0.9392 -0.3370
vn -0.6098 0.0644 -0.7900
vn 0.0378 0.9514 -0.3056
vn -0.7254 0.1120 -0.6791
vn -0.0411 0.9498 -0.3103
vn -0.8699 0.1763 -0.4606
vn -0.1576 0.9863 -0.0491
vn -0.8706 0.1113 -0.4792
vn -0.8775 0.0483 -0.4772
vn -0.7200 0.0407 -0.6928
vn -0.7086 -0.0129 -0.7054
vn -0.6122 -0.0127 -0.7906
vn -0.4872 -0.0662 -0.8708
vn -0.3480 -0.1155 -0.9304
vn -0.2078 -0.1645 -0.9642
vn 0.1543 -0.6298 -0.7613
vn -0.0080 0.9979 -0.0642
vn -0.1465 0.3367 -0.9302
vn -0.8351 0.2088 -0.5089
vn 0.2561 0.9586 -0.1246
vn 0.0945 -0.7360 -0.6703
vn 0.7914 -0.0459 0.6096
vn 0.7141 -0.2510 0.6535
vn 0.7535 -0.2558 0.6056
vn -0.0071 -0.9675 0.2530
vt 0.059376 0.440456
vt 0.063533 0.440268
vt 0.064811 0.444060
vt 0.062026 0.444953
vt 0.060266 0.432090
vt 0.055839 0.449725
vt 0.053645 0.446906
vt 0.057159 0.432634
vt 0.050967 0.444333
vt 0.054581 0.439272
vt 0.014847 0.435235
vt 0.023231 0.433130
vt 0.025324 0.437954
vt 0.019669 0.440288
vt 0.016429 0.444544
vt 0.010964 0.441947
vt 0.335782 0.074924
vt 0.340459 0.073568
vt 0.340929 0.080793
vt 0.334747 0.080193
vt 0.332218 0.071781
vt 0.337369 0.066994
vt 0.022590 0.442940
vt 0.021593 0.445967
vt 0.026598 0.442040
vt 0.026883 0.445882
vt 0.090702 0.043126
vt 0.103846 0.033784
vt 0.107444 0.041484
vt 0.100753 0.048625
vt 0.077692 0.043749
vt 0.077937 0.036780
vt 0.091391 0.031309
vt 0.101461 0.024920
vt 0.047914 0.441312
vt 0.049035 0.442667
vt 0.044417 0.445322
vt 0.044031 0.442514
vt 0.044785 0.438480
vt 0.049337 0.438374
vt 0.051679 0.438762
vt 0.040013 0.432708
vt 0.036298 0.425461
vt 0.039369 0.422661
vt 0.043333 0.427970
vt 0.048690 0.430934
vt 0.046928 0.433781
vt 0.038730 0.439356
vt 0.049909 0.435345
vt 0.051633 0.434420
vt 0.049273 0.403959
vt 0.045717 0.407431
vt 0.042057 0.401386
vt 0.048015 0.398786
vt 0.054893 0.398398
vt 0.054582 0.405460
vt 0.051344 0.411517
vt 0.060140 0.414702
vt 0.064027 0.423767
vt 0.057413 0.424424
vt 0.053454 0.418724
vt 0.069610 0.413779
vt 0.071368 0.422617
vt 0.061910 0.406030
vt 0.069625 0.406211
vt 0.048044 0.414918
vt 0.017457 0.466301
vt 0.029087 0.465517
vt 0.031166 0.470447
vt 0.024421 0.473931
vt 0.294462 0.026413
vt 0.295856 0.014443
vt 0.304603 0.019732
vt 0.303734 0.027868
vt 0.018194 0.460256
vt 0.027530 0.460546
vt 0.327267 0.435877
vt 0.323804 0.444416
vt 0.308283 0.445061
vt 0.309354 0.440204
vt 0.309096 0.434280
vt 0.323331 0.428629
vt 0.340786 0.439713
vt 0.336572 0.446916
vt 0.339469 0.427208
vt 0.347235 0.433271
vt 0.334535 0.422458
vt 0.287921 0.043500
vt 0.290160 0.041663
vt 0.291306 0.046663
vt 0.289205 0.051114
vt 0.285121 0.045850
vt 0.295575 0.047641
vt 0.293776 0.054270
vt 0.339809 0.054446
vt 0.327887 0.050460
vt 0.329943 0.042615
vt 0.339392 0.044030
vt 0.331907 0.061449
vt 0.324714 0.058078
vt 0.344328 0.063711
vt 0.338485 0.239238
vt 0.344015 0.237860
vt 0.343322 0.245570
vt 0.337209 0.244075
vt 0.334092 0.235292
vt 0.339631 0.231561
vt 0.330119 0.240575
vt 0.337125 0.221190
vt 0.345261 0.220648
vt 0.350660 0.228638
vt 0.345257 0.229809
vt 0.331336 0.226488
vt 0.326726 0.217918
vt 0.327160 0.209617
vt 0.334531 0.212123
vt 0.342142 0.212218
vt 0.324779 0.224563
vt 0.574332 0.542365
vt 0.574998 0.544913
vt 0.562640 0.550737
vt 0.562725 0.546991
vt 0.584701 0.538288
vt 0.585358 0.540580
vt 0.282830 0.442776
vt 0.283613 0.440549
vt 0.294732 0.443109
vt 0.293708 0.445567
vt 0.594002 0.534597
vt 0.594589 0.536692
vt 0.273122 0.440312
vt 0.273733 0.438254
vt 0.274107 0.436010
vt 0.284333 0.438137
vt 0.122408 0.561781
vt 0.123477 0.559857
vt 0.134147 0.563660
vt 0.133175 0.566068
vt 0.028552 0.052869
vt 0.039556 0.049232
vt 0.040179 0.051866
vt 0.028821 0.055158
vt 0.040518 0.054826
vt 0.029036 0.057718
vt 0.051323 0.045087
vt 0.051954 0.048149
vt 0.052233 0.052109
vt 0.051895 0.057801
vt 0.040664 0.058516
vt 0.063991 0.045682
vt 0.063610 0.051887
vt 0.061803 0.059742
vt 0.057758 0.073115
vt 0.048076 0.070168
vt 0.075393 0.053092
vt 0.072367 0.062417
vt 0.067497 0.075355
vt 0.082407 0.065185
vt 0.077124 0.078070
vt 0.070459 0.094273
vt 0.061241 0.091719
vt 0.086299 0.081268
vt 0.079148 0.096756
vt 0.094873 0.084608
vt 0.087415 0.099871
vt 0.080329 0.115178
vt 0.072423 0.112334
vt 0.095073 0.103399
vt 0.087543 0.118362
vt 0.101958 0.107378
vt 0.094422 0.122044
vt 0.088271 0.136808
vt 0.081254 0.133529
vt 0.101303 0.125858
vt 0.095156 0.140143
vt 0.108135 0.129693
vt 0.102072 0.143529
vt 0.096954 0.157609
vt 0.089936 0.154613
vt 0.109042 0.146916
vt 0.103905 0.160523
vt 0.116025 0.150296
vt 0.110917 0.163407
vt 0.106406 0.176954
vt 0.099391 0.174450
vt 0.117991 0.166263
vt 0.113370 0.179303
vt 0.125156 0.169009
vt 0.120469 0.181543
vt 0.117208 0.191216
vt 0.110212 0.189372
vt 0.127519 0.184033
vt 0.124122 0.193499
vt 0.120895 0.203028
vt 0.114128 0.201281
vt 0.134584 0.186832
vt 0.131087 0.195937
vt 0.127836 0.205012
vt 0.370725 0.292481
vt 0.372576 0.301601
vt 0.365150 0.302746
vt 0.363269 0.293640
vt 0.360887 0.281737
vt 0.368122 0.280507
vt 0.355844 0.294988
vt 0.353566 0.282774
vt 0.348509 0.296273
vt 0.346271 0.283669
vt 0.344523 0.271694
vt 0.351757 0.270924
vt 0.338750 0.284451
vt 0.337550 0.271473
vt 0.331301 0.284359
vt 0.330354 0.269760
vt 0.331372 0.258239
vt 0.338386 0.260604
vt 0.323448 0.268152
vt 0.324011 0.255732
vt 0.326298 0.247755
vt 0.333717 0.251046
vt 0.317729 0.267489
vt 0.318573 0.254631
vt 0.320768 0.246311
vt 0.323945 0.238734
vt 0.314626 0.254503
vt 0.316514 0.246122
vt 0.319236 0.238394
vt 0.322024 0.231247
vt 0.327319 0.232033
vt 0.312456 0.245868
vt 0.314822 0.237925
vt 0.317124 0.230458
vt 0.319044 0.223196
vt 0.309880 0.237237
vt 0.311768 0.229508
vt 0.313289 0.221938
vt 0.314217 0.214319
vt 0.320174 0.215660
vt 0.305374 0.228922
vt 0.306282 0.221411
vt 0.306651 0.214048
vt 0.306754 0.206597
vt 0.314434 0.206460
vt 0.297869 0.221963
vt 0.298489 0.214272
vt 0.299015 0.206591
vt 0.299562 0.194782
vt 0.306720 0.194384
vt 0.290606 0.214315
vt 0.291308 0.206496
vt 0.292259 0.194855
vt 0.284633 0.206540
vt 0.285716 0.194842
vt 0.286545 0.179313
vt 0.292872 0.179212
vt 0.279108 0.194910
vt 0.280147 0.179443
vt 0.273828 0.195191
vt 0.274271 0.179653
vt 0.274915 0.163633
vt 0.280838 0.163557
vt 0.268171 0.179963
vt 0.268747 0.163715
vt 0.015157 0.330132
vt 0.016262 0.314605
vt 0.022760 0.314303
vt 0.021558 0.329916
vt 0.020518 0.346048
vt 0.013980 0.346199
vt 0.028144 0.329700
vt 0.026623 0.345697
vt 0.034949 0.329482
vt 0.033602 0.345203
vt 0.032206 0.361457
vt 0.027406 0.361963
vt 0.040682 0.344514
vt 0.039605 0.360200
vt 0.048047 0.344001
vt 0.047083 0.359114
vt 0.046611 0.370426
vt 0.038761 0.371795
vt 0.054708 0.358706
vt 0.054270 0.369688
vt 0.054133 0.377031
vt 0.046518 0.377769
vt 0.062300 0.358804
vt 0.061904 0.369795
vt 0.061749 0.376938
vt 0.061763 0.384055
vt 0.054227 0.384320
vt 0.069520 0.370117
vt 0.069452 0.377258
vt 0.069446 0.384326
vt 0.069525 0.391491
vt 0.061961 0.391226
vt 0.077214 0.377516
vt 0.077019 0.384736
vt 0.077058 0.392164
vt 0.077214 0.399423
vt 0.069612 0.398811
vt 0.084324 0.385682
vt 0.084424 0.393038
vt 0.084490 0.400494
vt 0.084538 0.407979
vt 0.077222 0.406844
vt 0.091585 0.393994
vt 0.091621 0.401530
vt 0.091576 0.409179
vt 0.091543 0.416819
vt 0.084590 0.415399
vt 0.098677 0.402330
vt 0.098658 0.410192
vt 0.098610 0.418407
vt 0.098590 0.426553
vt 0.091517 0.424712
vt 0.105728 0.410887
vt 0.105781 0.419322
vt 0.106171 0.428273
vt 0.106604 0.437365
vt 0.098339 0.434655
vt 0.112745 0.420003
vt 0.113684 0.429770
vt 0.116217 0.439815
vt 0.115413 0.449434
vt 0.106039 0.446059
vt 0.350139 0.053643
vt 0.352113 0.063092
vt 0.350239 0.044013
vt 0.104131 0.454621
vt 0.096521 0.451312
vt 0.097606 0.442446
vt 0.113522 0.458339
vt 0.110842 0.466567
vt 0.102230 0.463109
vt 0.350846 0.034228
vt 0.340418 0.035020
vt 0.340218 0.027069
vt 0.349856 0.024229
vt 0.337157 0.020460
vt 0.344920 0.019362
vt 0.330788 0.034834
vt 0.331027 0.027453
vt 0.330868 0.021176
vt 0.322278 0.026462
vt 0.323535 0.019948
vt 0.313872 0.023785
vt 0.315749 0.018024
vt 0.307128 0.015158
vt 0.299387 0.010258
vt 0.291765 0.006957
vt 0.295745 0.004462
vt 0.033524 0.474472
vt 0.038436 0.466726
vt 0.040502 0.470137
vt 0.044918 0.462460
vt 0.047189 0.465832
vt 0.051264 0.457845
vt 0.053512 0.460851
vt 0.057461 0.452104
vt 0.059934 0.454618
vt 0.062925 0.447063
vt 0.063449 0.448867
vt 0.065046 0.446025
vt 0.065347 0.447896
vt 0.067368 0.448165
vt 0.067767 0.446284
vt 0.072704 0.449040
vt 0.070293 0.452236
vt 0.077148 0.452640
vt 0.074055 0.457061
vt 0.082526 0.455467
vt 0.079541 0.461375
vt 0.088364 0.457595
vt 0.085798 0.464180
vt 0.094765 0.460107
vt 0.092393 0.466934
vt 0.099773 0.470298
vt 0.348017 0.012489
vt 0.354351 0.014237
vt 0.090549 0.448967
vt 0.084661 0.448442
vt 0.084815 0.440055
vt 0.089999 0.440142
vt 0.084578 0.431751
vt 0.090401 0.432457
vt 0.084910 0.423396
vt 0.079210 0.431196
vt 0.078317 0.422759
vt 0.077344 0.414249
vt 0.073464 0.431086
vt 0.074184 0.440213
vt 0.067625 0.440173
vt 0.065583 0.431706
vt 0.080212 0.439909
vt 0.079120 0.446907
vt 0.073563 0.445303
vt 0.067820 0.444114
vt 0.049294 0.454490
vt 0.042711 0.458351
vt 0.041103 0.454666
vt 0.047352 0.450923
vt 0.039638 0.450786
vt 0.045613 0.447884
vt 0.038825 0.447616
vt 0.033358 0.453223
vt 0.032894 0.449033
vt 0.032618 0.445019
vt 0.038481 0.444120
vt 0.032355 0.440669
vt 0.031648 0.435517
vt 0.029927 0.429950
vt 0.023025 0.424746
vt 0.028536 0.422007
vt 0.032679 0.418685
vt 0.026809 0.414007
vt 0.029424 0.410826
vt 0.031726 0.408837
vt 0.035441 0.416269
vt 0.037810 0.414318
vt 0.033784 0.407325
vt 0.035790 0.405943
vt 0.040203 0.412449
vt 0.045116 0.417392
vt 0.042160 0.419980
vt 0.042408 0.410361
vt 0.037701 0.404637
vt 0.032206 0.398509
vt 0.034124 0.397499
vt 0.039815 0.394137
vt 0.032076 0.389335
vt 0.038621 0.386655
vt 0.046701 0.385144
vt 0.046809 0.392141
vt 0.054538 0.391474
vt 0.062161 0.398529
vt 0.038323 0.379209
vt 0.031027 0.380960
vt 0.030782 0.372087
vt 0.028410 0.381784
vt 0.027412 0.372406
vt 0.022944 0.362614
vt 0.023186 0.373581
vt 0.019289 0.374605
vt 0.018500 0.362254
vt 0.012254 0.361907
vt 0.270424 0.147289
vt 0.273126 0.131686
vt 0.277978 0.131400
vt 0.276759 0.147540
vt 0.282120 0.147314
vt 0.286921 0.146671
vt 0.286745 0.163429
vt 0.292635 0.163250
vt 0.298788 0.163030
vt 0.299535 0.179063
vt 0.306233 0.178845
vt 0.313129 0.178680
vt 0.313847 0.193893
vt 0.320704 0.194042
vt 0.320891 0.207413
vt 0.327360 0.195421
vt 0.334114 0.197666
vt 0.340752 0.199262
vt 0.346815 0.198817
vt 0.348185 0.211412
vt 0.353350 0.198297
vt 0.353923 0.210651
vt 0.355902 0.218923
vt 0.350811 0.219642
vt 0.359245 0.228098
vt 0.354892 0.228262
vt 0.360881 0.237488
vt 0.356813 0.237994
vt 0.353261 0.238057
vt 0.356821 0.247538
vt 0.352848 0.247660
vt 0.348430 0.246784
vt 0.349410 0.238025
vt 0.351443 0.255975
vt 0.346276 0.254896
vt 0.340477 0.253162
vt 0.344486 0.262175
vt 0.350881 0.262484
vt 0.357908 0.261309
vt 0.358869 0.269932
vt 0.365818 0.268820
vt 0.124534 0.217174
vt 0.122626 0.229304
vt 0.115620 0.229170
vt 0.117613 0.216034
vt 0.110858 0.214880
vt 0.104074 0.213576
vt 0.107311 0.199697
vt 0.100455 0.197863
vt 0.103263 0.187331
vt 0.093456 0.195800
vt 0.096316 0.185094
vt 0.089278 0.182782
vt 0.092381 0.171882
vt 0.085384 0.169350
vt 0.078336 0.166893
vt 0.082941 0.151700
vt 0.075999 0.149028
vt 0.068890 0.146644
vt 0.074133 0.130641
vt 0.066669 0.128468
vt 0.058752 0.126646
vt 0.064109 0.110113
vt 0.055632 0.108400
vt 0.046975 0.106612
vt 0.051936 0.089538
vt 0.042738 0.087317
vt 0.033992 0.085125
vt 0.038994 0.066992
vt 0.028203 0.068433
vt 0.029002 0.061289
vt 0.274788 0.429968
vt 0.275105 0.422525
vt 0.285030 0.420892
vt 0.285357 0.430517
vt 0.285022 0.435087
vt 0.274353 0.433470
vt 0.296308 0.430200
vt 0.296111 0.436165
vt 0.295566 0.440107
vt 0.307985 0.427053
vt 0.305233 0.414904
vt 0.315336 0.410985
vt 0.319839 0.421994
vt 0.294974 0.418392
vt 0.283315 0.403398
vt 0.292028 0.400878
vt 0.274547 0.405241
vt 0.025387 0.084691
vt 0.030151 0.103837
vt 0.021996 0.103346
vt 0.038456 0.105030
vt 0.042701 0.123967
vt 0.034695 0.122801
vt 0.050734 0.125205
vt 0.054149 0.143499
vt 0.046483 0.142325
vt 0.061632 0.144803
vt 0.064362 0.162947
vt 0.057192 0.161475
vt 0.071334 0.164753
vt 0.075244 0.178537
vt 0.068281 0.176788
vt 0.082216 0.180529
vt 0.079375 0.191937
vt 0.072366 0.190384
vt 0.086401 0.193745
vt 0.090332 0.210218
vt 0.083343 0.208626
vt 0.097234 0.211997
vt 0.101874 0.227776
vt 0.094975 0.226587
vt 0.108759 0.228656
vt 0.115160 0.239274
vt 0.108078 0.239231
vt 0.121938 0.238754
vt 0.364844 0.259803
vt 0.362817 0.253354
vt 0.368426 0.250994
vt 0.371250 0.256733
vt 0.357028 0.255274
vt 0.361563 0.246004
vt 0.366593 0.236870
vt 0.367420 0.244599
vt 0.114412 0.253936
vt 0.114203 0.262277
vt 0.107042 0.262063
vt 0.107280 0.253968
vt 0.107643 0.246406
vt 0.114674 0.246338
vt 0.099762 0.253878
vt 0.100223 0.246131
vt 0.100854 0.238729
vt 0.092839 0.245657
vt 0.093684 0.237902
vt 0.086884 0.236988
vt 0.088166 0.225157
vt 0.081518 0.224060
vt 0.074928 0.223413
vt 0.076405 0.207417
vt 0.069519 0.206592
vt 0.062678 0.206082
vt 0.065462 0.189074
vt 0.058615 0.188083
vt 0.061288 0.175304
vt 0.051745 0.187327
vt 0.054310 0.174216
vt 0.047170 0.173451
vt 0.049860 0.160457
vt 0.042484 0.159625
vt 0.034992 0.158777
vt 0.038834 0.141309
vt 0.031225 0.140356
vt 0.023654 0.139380
vt 0.026767 0.121904
vt 0.018769 0.121307
vt 0.272353 0.385130
vt 0.270478 0.366041
vt 0.278570 0.365675
vt 0.280718 0.384252
vt 0.289078 0.382958
vt 0.297672 0.381274
vt 0.301302 0.398314
vt 0.310495 0.395130
vt 0.319266 0.391715
vt 0.325087 0.406230
vt 0.334344 0.401167
vt 0.339911 0.410441
vt 0.330397 0.416153
vt 0.342758 0.414980
vt 0.346277 0.421762
vt 0.350912 0.418915
vt 0.357263 0.428313
vt 0.353392 0.430176
vt 0.360894 0.437017
vt 0.358027 0.439620
vt 0.367969 0.443960
vt 0.363477 0.449281
vt 0.352270 0.444722
vt 0.359849 0.455156
vt 0.348219 0.450827
vt 0.356838 0.461089
vt 0.345179 0.457073
vt 0.333520 0.453153
vt 0.320963 0.450447
vt 0.538663 0.562868
vt 0.526999 0.566771
vt 0.524973 0.560313
vt 0.536381 0.556434
vt 0.548705 0.551977
vt 0.550313 0.557455
vt 0.112501 0.020527
vt 0.124346 0.016280
vt 0.126376 0.024243
vt 0.114826 0.028581
vt 0.128652 0.031948
vt 0.118010 0.036739
vt 0.133138 0.039398
vt 0.123426 0.044453
vt 0.114251 0.049546
vt 0.109005 0.056112
vt 0.129624 0.051815
vt 0.121718 0.056892
vt 0.116710 0.062913
vt 0.112516 0.069878
vt 0.104251 0.064298
vt 0.129256 0.064352
vt 0.124910 0.069787
vt 0.120756 0.075889
vt 0.116769 0.082391
vt 0.108709 0.077284
vt 0.133017 0.076454
vt 0.128686 0.082056
vt 0.124198 0.088090
vt 0.117285 0.097754
vt 0.110432 0.092801
vt 0.135720 0.088088
vt 0.130956 0.093817
vt 0.123817 0.103002
vt 0.137482 0.099457
vt 0.130473 0.108138
vt 0.122137 0.120554
vt 0.115296 0.116062
vt 0.137265 0.113208
vt 0.128915 0.124988
vt 0.144040 0.118120
vt 0.135762 0.129361
vt 0.128851 0.141327
vt 0.121880 0.137437
vt 0.142600 0.133634
vt 0.135742 0.145100
vt 0.149230 0.137771
vt 0.142718 0.148784
vt 0.137398 0.160252
vt 0.130128 0.156935
vt 0.149765 0.152309
vt 0.144549 0.163475
vt 0.382561 0.333245
vt 0.388684 0.342990
vt 0.381471 0.346291
vt 0.375310 0.335834
vt 0.370747 0.324105
vt 0.378084 0.322372
vt 0.368291 0.338397
vt 0.363510 0.326255
vt 0.361164 0.341229
vt 0.356415 0.328623
vt 0.352770 0.315667
vt 0.359967 0.313736
vt 0.349370 0.331050
vt 0.345572 0.317599
vt 0.342279 0.333451
vt 0.338565 0.319327
vt 0.336236 0.308637
vt 0.343263 0.307366
vt 0.331738 0.320949
vt 0.329395 0.309854
vt 0.327183 0.298787
vt 0.334047 0.298144
vt 0.324991 0.322615
vt 0.322865 0.311079
vt 0.320806 0.299385
vt 0.316511 0.312347
vt 0.314930 0.300161
vt 0.312288 0.283810
vt 0.318113 0.283242
vt 0.308983 0.301437
vt 0.306875 0.284800
vt 0.302750 0.302542
vt 0.301747 0.285480
vt 0.304268 0.266980
vt 0.308747 0.267176
vt 0.296231 0.285756
vt 0.298630 0.267120
vt 0.290215 0.286046
vt 0.292049 0.267806
vt 0.294111 0.254659
vt 0.301152 0.254071
vt 0.285202 0.268596
vt 0.286709 0.255545
vt 0.287597 0.246925
vt 0.295165 0.246085
vt 0.278637 0.269226
vt 0.280120 0.256071
vt 0.280956 0.247361
vt 0.281569 0.238666
vt 0.288419 0.238281
vt 0.273383 0.256315
vt 0.274269 0.247674
vt 0.274643 0.239038
vt 0.274848 0.230613
vt 0.282106 0.230332
vt 0.268497 0.247957
vt 0.269131 0.239633
vt 0.269458 0.230682
vt 0.271556 0.222256
vt 0.276230 0.222568
vt 0.013346 0.263676
vt 0.014319 0.255330
vt 0.020045 0.254966
vt 0.018765 0.263829
vt 0.263751 0.228713
vt 0.266558 0.221917
vt 0.267173 0.214557
vt 0.272495 0.214453
vt 0.018452 0.272658
vt 0.025055 0.262878
vt 0.024505 0.271465
vt 0.024302 0.280015
vt 0.017777 0.280987
vt 0.023962 0.287801
vt 0.017240 0.288596
vt 0.031910 0.270690
vt 0.031559 0.278757
vt 0.031439 0.286813
vt 0.030755 0.298566
vt 0.023482 0.299101
vt 0.039426 0.278570
vt 0.038893 0.286387
vt 0.037892 0.298327
vt 0.046297 0.286408
vt 0.044938 0.298198
vt 0.043405 0.313875
vt 0.036444 0.314014
vt 0.051845 0.298472
vt 0.050434 0.313862
vt 0.058704 0.298812
vt 0.057567 0.313873
vt 0.056582 0.328937
vt 0.049233 0.328962
vt 0.064825 0.313815
vt 0.063925 0.328845
vt 0.072175 0.313736
vt 0.071219 0.328818
vt 0.070362 0.343988
vt 0.062999 0.343890
vt 0.078547 0.328973
vt 0.077623 0.344193
vt 0.085838 0.329283
vt 0.084897 0.344532
vt 0.084491 0.359504
vt 0.077098 0.359300
vt 0.092237 0.345007
vt 0.091755 0.359928
vt 0.099505 0.345693
vt 0.098808 0.360695
vt 0.098473 0.372399
vt 0.091737 0.371489
vt 0.105826 0.361704
vt 0.105347 0.373091
vt 0.105547 0.380623
vt 0.098631 0.380063
vt 0.112871 0.362829
vt 0.112510 0.373993
vt 0.112802 0.381230
vt 0.112955 0.388314
vt 0.105685 0.387910
vt 0.356336 0.111713
vt 0.357377 0.118980
vt 0.349605 0.118871
vt 0.348437 0.111618
vt 0.347595 0.104596
vt 0.355565 0.104565
vt 0.347498 0.097179
vt 0.355109 0.097188
vt 0.340346 0.111428
vt 0.339569 0.103853
vt 0.339754 0.096190
vt 0.340416 0.088398
vt 0.347718 0.089159
vt 0.332570 0.103026
vt 0.332767 0.094998
vt 0.333619 0.087280
vt 0.326437 0.094041
vt 0.327478 0.085906
vt 0.329265 0.078327
vt 0.321702 0.084651
vt 0.323636 0.076393
vt 0.326895 0.068689
vt 0.318040 0.075021
vt 0.320923 0.066462
vt 0.312835 0.074181
vt 0.315193 0.065319
vt 0.317811 0.056780
vt 0.319603 0.048955
vt 0.309444 0.064863
vt 0.311536 0.056490
vt 0.312239 0.048116
vt 0.312295 0.039506
vt 0.320648 0.041333
vt 0.305276 0.056145
vt 0.305744 0.047680
vt 0.304941 0.038558
vt 0.312417 0.031283
vt 0.299926 0.047552
vt 0.298119 0.038352
vt 0.294247 0.039637
vt 0.290685 0.031257
vt 0.299478 0.055630
vt 0.303411 0.064256
vt 0.297179 0.063224
vt 0.289429 0.059927
vt 0.294350 0.071039
vt 0.286243 0.067804
vt 0.006870 0.434087
vt 0.008127 0.426386
vt 0.016573 0.426706
vt 0.282785 0.053587
vt 0.008984 0.417238
vt 0.017566 0.417535
vt 0.022885 0.416170
vt 0.015499 0.406073
vt 0.019611 0.405056
vt 0.022775 0.403575
vt 0.017279 0.394763
vt 0.020317 0.393722
vt 0.023912 0.392540
vt 0.026241 0.401828
vt 0.025573 0.391928
vt 0.028215 0.400722
vt 0.027336 0.391252
vt 0.024969 0.382544
vt 0.029937 0.390217
vt 0.029971 0.399750
vt 0.021623 0.383502
vt 0.018169 0.384455
vt 0.015102 0.375430
vt 0.014841 0.385384
vt 0.011548 0.376251
vt 0.007561 0.362841
vt 0.275797 0.116482
vt 0.279507 0.116113
vt 0.281703 0.130324
vt 0.285826 0.129085
vt 0.290347 0.128517
vt 0.291676 0.146193
vt 0.297876 0.146289
vt 0.304550 0.146993
vt 0.305361 0.163029
vt 0.312140 0.163144
vt 0.319096 0.163218
vt 0.320160 0.178755
vt 0.327353 0.179219
vt 0.334599 0.180157
vt 0.341546 0.181279
vt 0.348023 0.181931
vt 0.354928 0.181561
vt 0.362334 0.181551
vt 0.360756 0.198480
vt 0.368019 0.197770
vt 0.370115 0.209983
vt 0.361766 0.210816
vt 0.118766 0.287878
vt 0.110766 0.287335
vt 0.108963 0.279197
vt 0.116900 0.279681
vt 0.362784 0.219657
vt 0.107611 0.270717
vt 0.115079 0.271113
vt 0.364911 0.228297
vt 0.100963 0.278698
vt 0.099866 0.270431
vt 0.099443 0.262040
vt 0.091996 0.270541
vt 0.091670 0.262107
vt 0.092334 0.253775
vt 0.083998 0.262023
vt 0.084935 0.253647
vt 0.085937 0.245318
vt 0.078510 0.253410
vt 0.079566 0.244941
vt 0.080444 0.236354
vt 0.073699 0.244792
vt 0.074268 0.236078
vt 0.068132 0.236050
vt 0.068356 0.223196
vt 0.061790 0.223330
vt 0.055131 0.223714
vt 0.055966 0.205810
vt 0.049373 0.205686
vt 0.042722 0.205483
vt 0.044866 0.186841
vt 0.037951 0.186510
vt 0.039915 0.172800
vt 0.030846 0.186102
vt 0.032667 0.172260
vt 0.025279 0.171709
vt 0.027492 0.157916
vt 0.020033 0.156606
vt 0.012810 0.154522
vt 0.015898 0.138404
vt 0.269015 0.347567
vt 0.276964 0.347538
vt 0.284739 0.347294
vt 0.286615 0.365079
vt 0.294758 0.364034
vt 0.302661 0.362386
vt 0.306165 0.378981
vt 0.314473 0.376196
vt 0.322425 0.373281
vt 0.327832 0.387907
vt 0.336194 0.383812
vt 0.343082 0.396431
vt 0.344206 0.379832
vt 0.351580 0.391466
vt 0.359096 0.397867
vt 0.348804 0.404629
vt 0.359722 0.386755
vt 0.365972 0.393856
vt 0.396475 0.442177
vt 0.398325 0.442843
vt 0.393384 0.447788
vt 0.392016 0.446009
vt 0.376604 0.447134
vt 0.375439 0.449576
vt 0.369615 0.440951
vt 0.373488 0.453186
vt 0.370512 0.458965
vt 0.368164 0.464812
vt 0.515276 0.570597
vt 0.503996 0.574457
vt 0.502041 0.568489
vt 0.513457 0.564280
vt 0.137960 0.012494
vt 0.139964 0.019916
vt 0.142119 0.027210
vt 0.144981 0.034234
vt 0.148896 0.041004
vt 0.138637 0.046530
vt 0.144954 0.053245
vt 0.136538 0.058866
vt 0.151188 0.059896
vt 0.143766 0.065697
vt 0.137354 0.071289
vt 0.150790 0.072425
vt 0.145090 0.077814
vt 0.140382 0.082749
vt 0.151984 0.084119
vt 0.147119 0.088886
vt 0.142235 0.094009
vt 0.153682 0.094927
vt 0.148867 0.099804
vt 0.144095 0.104965
vt 0.155636 0.105392
vt 0.150934 0.110296
vt 0.157805 0.115450
vt 0.150848 0.122845
vt 0.157552 0.127544
vt 0.163882 0.132352
vt 0.155851 0.141851
vt 0.395897 0.352173
vt 0.388847 0.355872
vt 0.381516 0.359818
vt 0.374336 0.349616
vt 0.367194 0.352877
vt 0.359916 0.356356
vt 0.354044 0.344124
vt 0.346926 0.347041
vt 0.339716 0.349989
vt 0.335307 0.335677
vt 0.328420 0.337797
vt 0.321427 0.339930
vt 0.318350 0.324269
vt 0.311736 0.325888
vt 0.310175 0.313678
vt 0.304944 0.327442
vt 0.303750 0.314987
vt 0.297192 0.316055
vt 0.296492 0.303341
vt 0.290169 0.303943
vt 0.283621 0.304261
vt 0.283882 0.286564
vt 0.277202 0.286940
vt 0.270401 0.286913
vt 0.271880 0.269494
vt 0.265376 0.269165
vt 0.267398 0.256323
vt 0.014518 0.238182
vt 0.014841 0.224074
vt 0.021450 0.223809
vt 0.020909 0.237636
vt 0.020570 0.246394
vt 0.014437 0.247000
vt 0.027668 0.237428
vt 0.027186 0.246098
vt 0.026334 0.254625
vt 0.034350 0.245930
vt 0.033777 0.254338
vt 0.032761 0.262631
vt 0.041348 0.254245
vt 0.040874 0.262742
vt 0.040088 0.270849
vt 0.047448 0.263320
vt 0.047719 0.271293
vt 0.047237 0.278806
vt 0.054117 0.270902
vt 0.054237 0.279102
vt 0.053349 0.286760
vt 0.060514 0.278530
vt 0.059812 0.287159
vt 0.066209 0.287607
vt 0.065669 0.299023
vt 0.072876 0.299183
vt 0.080325 0.299104
vt 0.079623 0.313799
vt 0.087090 0.313965
vt 0.094363 0.314075
vt 0.093104 0.329751
vt 0.100295 0.330256
vt 0.107351 0.331056
vt 0.106683 0.346533
vt 0.113786 0.347366
vt 0.358473 0.130570
vt 0.360374 0.147070
vt 0.353376 0.147097
vt 0.351253 0.130430
vt 0.343953 0.130524
vt 0.341793 0.119066
vt 0.336596 0.131618
vt 0.334490 0.120165
vt 0.333195 0.111334
vt 0.327749 0.121232
vt 0.326634 0.111440
vt 0.326187 0.102545
vt 0.320538 0.111408
vt 0.320228 0.102112
vt 0.320601 0.093284
vt 0.314757 0.101656
vt 0.315200 0.092691
vt 0.316285 0.083825
vt 0.310145 0.092134
vt 0.311164 0.083157
vt 0.304773 0.091421
vt 0.305704 0.082422
vt 0.307312 0.073453
vt 0.299292 0.081207
vt 0.301146 0.072530
vt 0.291652 0.079255
vt 0.298321 0.090231
vt 0.290500 0.088472
vt 0.282745 0.086640
vt 0.283352 0.076203
vt 0.290052 0.097490
vt 0.282752 0.096462
vt 0.007792 0.406690
vt 0.006415 0.397299
vt 0.013594 0.395772
vt 0.004498 0.388534
vt 0.011047 0.386531
vt 0.276632 0.106917
vt 0.283087 0.106064
vt 0.284594 0.115170
vt 0.007897 0.377530
vt 0.289699 0.106316
vt 0.289683 0.114997
vt 0.297496 0.116865
vt 0.297421 0.130095
vt 0.304026 0.131972
vt 0.310154 0.133219
vt 0.311072 0.147661
vt 0.317670 0.147978
vt 0.324562 0.147867
vt 0.326355 0.163321
vt 0.333964 0.163406
vt 0.341501 0.163798
vt 0.348269 0.164288
vt 0.355032 0.164266
vt 0.362192 0.164071
vt 0.115910 0.316674
vt 0.114538 0.331898
vt 0.108668 0.315274
vt 0.101547 0.314425
vt 0.103375 0.298469
vt 0.111124 0.299247
vt 0.118620 0.301373
vt 0.095701 0.298581
vt 0.094687 0.286908
vt 0.102422 0.286723
vt 0.093118 0.278792
vt 0.087146 0.287608
vt 0.085600 0.279628
vt 0.084498 0.270968
vt 0.078889 0.280142
vt 0.078302 0.271057
vt 0.078106 0.261977
vt 0.073197 0.270913
vt 0.072718 0.262247
vt 0.073029 0.253657
vt 0.067210 0.262520
vt 0.067627 0.253988
vt 0.067985 0.244919
vt 0.061379 0.253924
vt 0.061909 0.245189
vt 0.061812 0.236340
vt 0.055163 0.245389
vt 0.055323 0.236841
vt 0.048470 0.237124
vt 0.048446 0.224070
vt 0.041757 0.224120
vt 0.034983 0.223975
vt 0.036008 0.205222
vt 0.029235 0.204935
vt 0.022298 0.204741
vt 0.023637 0.185767
vt 0.016361 0.185668
vt 0.017697 0.171199
vt 0.262154 0.315107
vt 0.262395 0.303237
vt 0.269686 0.303818
vt 0.269212 0.316356
vt 0.267742 0.329071
vt 0.259707 0.326000
vt 0.276355 0.317039
vt 0.275706 0.329735
vt 0.283480 0.329865
vt 0.290868 0.329505
vt 0.292410 0.346708
vt 0.299952 0.345550
vt 0.307291 0.343913
vt 0.310415 0.360273
vt 0.318016 0.357847
vt 0.325380 0.355309
vt 0.330228 0.370191
vt 0.337860 0.366820
vt 0.345308 0.363332
vt 0.351975 0.375698
vt 0.359548 0.371522
vt 0.367455 0.382293
vt 0.375032 0.377871
vt 0.381914 0.385178
vt 0.374285 0.389521
vt 0.387092 0.389730
vt 0.385633 0.392493
vt 0.378257 0.393707
vt 0.394657 0.395527
vt 0.392277 0.397433
vt 0.399566 0.399403
vt 0.397222 0.401156
vt 0.404635 0.402995
vt 0.402006 0.404780
vt 0.406876 0.433928
vt 0.410104 0.433175
vt 0.404187 0.438189
vt 0.401275 0.438243
vt 0.411354 0.441808
vt 0.405999 0.446683
vt 0.401279 0.451506
vt 0.397055 0.456273
vt 0.388855 0.452697
vt 0.393704 0.461112
vt 0.385309 0.456938
vt 0.391003 0.466390
vt 0.382863 0.463426
vt 0.388694 0.471644
vt 0.380418 0.468985
vt 0.491705 0.578517
vt 0.483499 0.581386
vt 0.481913 0.575931
vt 0.490201 0.572793
vt 0.152411 0.009319
vt 0.154151 0.016057
vt 0.156384 0.022650
vt 0.158987 0.029013
vt 0.162400 0.035043
vt 0.166628 0.040807
vt 0.153888 0.047461
vt 0.159914 0.053561
vt 0.166590 0.059542
vt 0.157969 0.066403
vt 0.164294 0.073457
vt 0.156867 0.079650
vt 0.170968 0.079721
vt 0.163451 0.085882
vt 0.158506 0.090292
vt 0.170086 0.091940
vt 0.165232 0.096241
vt 0.160396 0.100698
vt 0.172175 0.102153
vt 0.167375 0.106412
vt 0.162543 0.110805
vt 0.174417 0.112228
vt 0.169483 0.116357
vt 0.164593 0.120628
vt 0.176048 0.122301
vt 0.171111 0.126167
vt 0.403976 0.360979
vt 0.410295 0.367196
vt 0.402891 0.371823
vt 0.396733 0.365053
vt 0.389453 0.369260
vt 0.382258 0.373660
vt 0.374249 0.363681
vt 0.366964 0.367567
vt 0.352627 0.359837
vt 0.332545 0.352719
vt 0.314417 0.342011
vt 0.298003 0.328714
vt 0.290460 0.316822
vt 0.283537 0.317129
vt 0.276722 0.304214
vt 0.263408 0.286416
vt 0.015256 0.204806
vt 0.028189 0.223826
vt 0.034591 0.237357
vt 0.041561 0.237319
vt 0.041470 0.245764
vt 0.048282 0.245514
vt 0.047830 0.254103
vt 0.054334 0.253911
vt 0.053585 0.262278
vt 0.060715 0.262299
vt 0.060413 0.270389
vt 0.067149 0.270699
vt 0.066906 0.279185
vt 0.072926 0.279752
vt 0.072786 0.288033
vt 0.079716 0.288116
vt 0.088007 0.298776
vt 0.395897 0.376286
vt 0.389067 0.380794
vt 0.400871 0.380924
vt 0.394078 0.385471
vt 0.406087 0.385332
vt 0.399381 0.390083
vt 0.411106 0.389795
vt 0.404443 0.394829
vt 0.416157 0.394542
vt 0.409474 0.399686
vt 0.424224 0.401180
vt 0.417414 0.406616
vt 0.410059 0.407069
vt 0.407002 0.408571
vt 0.435333 0.409385
vt 0.428569 0.415403
vt 0.419275 0.414410
vt 0.417496 0.416440
vt 0.412153 0.412410
vt 0.414024 0.410444
vt 0.422357 0.420824
vt 0.418670 0.426278
vt 0.418269 0.425480
vt 0.427511 0.424694
vt 0.434468 0.429193
vt 0.429106 0.435041
vt 0.422657 0.431254
vt 0.416940 0.436704
vt 0.423750 0.440375
vt 0.418498 0.445409
vt 0.437904 0.447912
vt 0.433401 0.452668
vt 0.429196 0.457230
vt 0.413589 0.450361
vt 0.425933 0.461984
vt 0.409300 0.455114
vt 0.422369 0.466259
vt 0.405372 0.459762
vt 0.419257 0.470654
vt 0.401987 0.464487
vt 0.416760 0.475107
vt 0.399204 0.469325
vt 0.414768 0.479662
vt 0.396970 0.474304
vt 0.475293 0.584255
vt 0.457864 0.590712
vt 0.456214 0.586036
vt 0.473578 0.579157
vt 0.166851 0.006470
vt 0.168386 0.012319
vt 0.170435 0.018072
vt 0.173024 0.023613
vt 0.176029 0.029012
vt 0.179728 0.034248
vt 0.184051 0.039423
vt 0.171596 0.046396
vt 0.177352 0.051788
vt 0.183446 0.057457
vt 0.173576 0.065453
vt 0.180546 0.071438
vt 0.187176 0.077473
vt 0.177503 0.085788
vt 0.184160 0.091895
vt 0.176944 0.098029
vt 0.191133 0.098327
vt 0.184179 0.104272
vt 0.179336 0.108204
vt 0.191563 0.110812
vt 0.186397 0.114494
vt 0.181022 0.118323
vt 0.419507 0.374687
vt 0.424554 0.378654
vt 0.417706 0.384405
vt 0.412748 0.380095
vt 0.407494 0.376194
vt 0.414671 0.370984
vt 0.429380 0.382637
vt 0.422575 0.388959
vt 0.437025 0.388200
vt 0.430557 0.395040
vt 0.447731 0.395863
vt 0.441619 0.402823
vt 0.452966 0.410861
vt 0.446911 0.417290
vt 0.440549 0.423274
vt 0.429016 0.421958
vt 0.452505 0.431681
vt 0.447183 0.437225
vt 0.442520 0.442737
vt 0.452283 0.449716
vt 0.448326 0.454955
vt 0.444762 0.459797
vt 0.441454 0.464160
vt 0.438104 0.468336
vt 0.434728 0.472387
vt 0.431708 0.476087
vt 0.429045 0.479736
vt 0.426892 0.483636
vt 0.445795 0.594852
vt 0.444631 0.590625
vt 0.177713 0.003988
vt 0.179258 0.009240
vt 0.180948 0.014340
vt 0.183235 0.019221
vt 0.186023 0.024013
vt 0.189131 0.028837
vt 0.192864 0.033600
vt 0.197354 0.038346
vt 0.188997 0.044593
vt 0.194531 0.049769
vt 0.200314 0.055092
vt 0.189904 0.063157
vt 0.196575 0.068973
vt 0.203111 0.075041
vt 0.193511 0.083602
vt 0.200059 0.090033
vt 0.207201 0.096210
vt 0.198530 0.104903
vt 0.209429 0.081101
vt 0.215933 0.086746
vt 0.458786 0.404245
vt 0.469866 0.413692
vt 0.464123 0.419851
vt 0.458361 0.425948
vt 0.466459 0.433330
vt 0.461163 0.439096
vt 0.456525 0.444455
vt 0.472145 0.426943
vt 0.477953 0.420884
vt 0.231655 0.068269
vt 0.225100 0.076500
vt 0.218767 0.071059
vt 0.225728 0.063043
vt 0.212481 0.065879
vt 0.219640 0.057997
vt 0.206338 0.060461
vt 0.213785 0.053116
vt 0.208009 0.048133
vt 0.202468 0.043173
vt 0.346423 0.146863
vt 0.339372 0.146800
vt 0.331860 0.147378
vt 0.329561 0.133104
vt 0.322804 0.133841
vt 0.321426 0.121739
vt 0.316364 0.133880
vt 0.315419 0.121546
vt 0.314881 0.111101
vt 0.309734 0.120719
vt 0.309552 0.110393
vt 0.309630 0.101128
vt 0.304078 0.109253
vt 0.304295 0.100271
vt 0.297633 0.107657
vt 0.297902 0.099033
vt 0.303928 0.119285
vt 0.321557 0.033737
vt 0.347805 0.081015
vt 0.354758 0.080683
vt 0.354900 0.089067
vt 0.112725 0.403370
vt 0.112714 0.411474
vt 0.105737 0.402837
vt 0.105705 0.395192
vt 0.112955 0.395537
vt 0.098680 0.394770
vt 0.098665 0.387424
vt 0.091599 0.386665
vt 0.091732 0.379386
vt 0.084701 0.378199
vt 0.084666 0.370663
vt 0.077148 0.370386
vt 0.069725 0.359058
vt 0.055531 0.343866
vt 0.041993 0.329177
vt 0.029550 0.314146
vt 0.016885 0.299641
vt 0.268430 0.195656
vt 0.273100 0.206817
vt 0.267784 0.207070
vt 0.278011 0.206675
vt 0.277323 0.214620
vt 0.283906 0.214511
vt 0.283049 0.222475
vt 0.289959 0.222148
vt 0.289195 0.230080
vt 0.297055 0.229741
vt 0.296131 0.237766
vt 0.304054 0.236853
vt 0.302547 0.245297
vt 0.307878 0.245470
vt 0.306549 0.254066
vt 0.310748 0.254336
vt 0.313086 0.267355
vt 0.324415 0.283775
vt 0.341238 0.297282
vt 0.350434 0.305951
vt 0.357780 0.304291
vt 0.367262 0.311997
vt 0.374720 0.310666
vt 0.139448 0.174984
vt 0.132391 0.171827
vt 0.123007 0.153632
vt 0.114962 0.133549
vt 0.108579 0.111643
vt 0.102944 0.088418
vt 0.100257 0.072686
vt 0.091634 0.068625
vt 0.095649 0.059271
vt 0.086448 0.054747
vt 0.347006 0.072587
vt 0.354018 0.072120
vt 0.307078 0.448373
vt 0.026805 0.449868
vt 0.026742 0.454490
vt 0.019648 0.453943
vt 0.020615 0.449654
vt 0.013669 0.451029
vt 0.014930 0.448315
vt 0.034607 0.458111
vt 0.036299 0.462459
vt 0.063901 0.041155
vt 0.145943 0.567763
vt 0.144853 0.570457
vt 0.049690 0.421732
vt 0.053755 0.426432
vt 0.383415 0.399298
vt 0.384383 0.395970
vt 0.390120 0.399421
vt 0.385646 0.402560
vt 0.378146 0.401180
vt 0.377575 0.396639
vt 0.379757 0.405187
vt 0.367018 0.410742
vt 0.364246 0.407894
vt 0.367537 0.404975
vt 0.372331 0.407369
vt 0.361890 0.412074
vt 0.376208 0.412688
vt 0.369870 0.415505
vt 0.394838 0.402657
vt 0.400235 0.406211
vt 0.393638 0.410318
vt 0.389260 0.406328
vt 0.386888 0.414304
vt 0.382973 0.409684
vt 0.379897 0.418146
vt 0.391208 0.418739
vt 0.384387 0.422851
vt 0.377967 0.426543
vt 0.373535 0.421126
vt 0.372208 0.429657
vt 0.367291 0.423644
vt 0.362997 0.417100
vt 0.367203 0.432824
vt 0.361477 0.426187
vt 0.353329 0.417143
vt 0.355337 0.412436
vt 0.356740 0.406173
vt 0.362542 0.399313
vt 0.364902 0.401171
vt 0.358829 0.407250
vt 0.369043 0.399053
vt 0.368306 0.396519
vt 0.371502 0.403188
vt 0.363441 0.435262
vt 0.373198 0.438726
vt 0.379723 0.444118
vt 0.386215 0.448092
vt 0.384705 0.452571
vt 0.383849 0.439992
vt 0.389909 0.444304
vt 0.388445 0.436241
vt 0.394197 0.440567
vt 0.394001 0.431995
vt 0.399082 0.436162
vt 0.400470 0.427325
vt 0.404823 0.431853
vt 0.407709 0.422568
vt 0.412541 0.426795
vt 0.415410 0.418014
vt 0.419317 0.422101
vt 0.410007 0.413937
vt 0.405118 0.410047
vt 0.402879 0.418447
vt 0.398176 0.414408
vt 0.395753 0.422978
vt 0.389028 0.427560
vt 0.382931 0.431739
vt 0.377827 0.435163
vt 0.350325 0.416202
vt 0.387984 0.449547
vt 0.386164 0.451122
vt 0.425024 0.419281
vt 0.412593 0.429974
vt 0.352629 0.411750
vt 0.054326 0.433363
vt 0.046552 0.424495
vt 0.051459 0.428073
vt 0.286299 0.035263
vt 0.518853 0.644366
vt 0.527475 0.635110
vt 0.538854 0.666538
vt 0.535974 0.629820
vt 0.547218 0.626985
vt 0.558354 0.631517
vt 0.565986 0.641908
vt 0.569647 0.654347
vt 0.569276 0.662803
vt 0.567573 0.672530
vt 0.564556 0.682223
vt 0.558071 0.690538
vt 0.547537 0.696084
vt 0.537712 0.696388
vt 0.533245 0.695144
vt 0.528905 0.693333
vt 0.522120 0.690839
vt 0.515602 0.686538
vt 0.510718 0.679385
vt 0.509169 0.671087
vt 0.509880 0.662402
vt 0.512889 0.653245
s 1
usemtl Ch31_body
f 1/1/1 1435/2/1 1436/3/1 18/4/1
f 1/1/2 19/5/3 1435/2/4
f 1/1/2 18/4/5 21/6/6 22/7/7
f 1/1/2 1413/8/8 19/5/3
f 1/1/2 22/7/7 1440/9/9 1439/10/10
f 26/11/11 27/12/12 28/13/13 10/14/14
f 10/14/14 24/15/15 25/16/16 26/11/11
f 2/17/17 29/18/18 30/19/19 31/20/20
f 2/17/17 32/21/21 33/22/22 29/18/18
f 3/23/23 34/24/24 24/15/15 10/14/14
f 3/23/23 35/25/25 36/26/26 34/24/24
f 3/23/23 10/14/14 28/13/13 35/25/25
f 4/27/27 37/28/28 38/29/29 39/30/30
f 4/27/27 40/31/31 41/32/32 42/33/33
f 4/27/27 42/33/33 43/34/34 37/28/28
f 5/35/35 1425/36/36 44/37/37 45/38/38
f 5/35/35 45/38/38 46/39/39 47/40/40
f 5/35/35 47/40/40 1426/41/41 1425/36/36
f 6/42/42 48/43/43 1430/44/44 1429/45/45
f 6/42/42 1429/45/45 1428/46/46 52/47/47
f 6/42/42 52/47/47 46/39/39 53/48/48
f 7/49/49 47/40/40 46/39/39 52/47/47
f 7/49/49 52/47/47 1428/46/46 1427/50/50
f 7/49/49 1427/50/50 1426/41/41 47/40/40
f 8/51/51 54/52/52 55/53/53 56/54/54
f 8/51/51 56/54/54 57/55/55 58/56/56
f 8/51/51 58/56/56 59/57/57 54/52/52
f 9/58/58 60/59/59 61/60/60 62/61/61
f 9/58/58 63/62/62 64/63/63 60/59/59
f 9/58/58 65/64/64 66/65/65 63/62/62
f 9/58/58 59/57/57 58/56/56 65/64/64
f 9/58/58 62/61/61 67/66/66 59/57/57
f 11/67/67 68/68/68 69/69/69 70/70/70
f 11/71/67 70/72/70 71/73/71 72/74/72
f 11/67/67 73/75/73 74/76/74 68/68/68
f 12/77/75 75/78/76 76/79/77 77/80/78
f 12/77/75 77/80/78 78/81/79 79/82/80
f 12/77/75 80/83/81 81/84/82 75/78/76
f 12/77/75 82/85/83 83/86/84 80/83/81
f 12/77/75 79/82/80 84/87/85 82/85/83
f 85/88/86 1446/89/87 1447/90/88
f 1447/90/88 25/91/16 24/92/15 85/88/86
f 1447/90/88 87/93/89 88/94/90 25/91/16
f 13/95/91 89/96/92 90/97/93 91/98/94
f 13/95/91 92/99/95 93/100/96 89/96/92
f 13/95/91 94/101/97 33/22/22 92/99/95
f 14/102/98 95/103/99 96/104/100 97/105/101
f 14/102/98 1341/106/102 98/107/103 95/103/99
f 14/102/98 97/105/101 99/108/104 1341/106/102
f 15/109/105 100/110/106 101/111/107 102/112/108
f 15/109/105 102/112/108 98/107/103 103/113/109
f 15/109/105 104/114/110 105/115/111 106/116/112
f 15/109/105 106/116/112 107/117/113 100/110/106
f 15/109/105 103/113/109 108/118/114 104/114/110
f 111/119/115 112/120/116 113/121/117 114/122/118
f 111/119/115 110/123/119 115/124/120 112/120/116
f 115/125/120 116/126/121 117/127/122 112/128/116
f 115/124/120 110/123/119 109/129/123 118/130/124
f 115/125/120 118/131/124 119/132/125 116/126/121
f 119/132/125 120/133/126 121/134/127 116/126/121
f 119/135/125 118/136/124 122/137/128 123/138/129
f 119/139/125 123/140/129 124/141/130 120/142/126
f 124/141/130 125/143/131 126/144/132 120/142/126
f 124/141/130 123/140/129 127/145/133 128/146/134
f 124/141/130 128/146/134 129/147/135 125/143/131
f 129/147/135 130/148/136 131/149/137 125/143/131
f 129/147/135 128/146/134 132/150/138 133/151/139
f 129/147/135 133/151/139 134/152/140 130/148/136
f 134/152/140 139/153/141 135/154/142 130/148/136
f 134/152/140 133/151/139 136/155/143 137/156/144
f 134/152/140 137/156/144 138/157/145 139/153/141
f 138/157/145 137/156/144 140/158/146 141/159/147
f 141/159/147 145/160/148 142/161/149 138/157/145
f 141/159/147 143/162/150 144/163/151 145/160/148
f 144/163/151 143/162/150 146/164/152 147/165/153
f 147/165/153 151/166/154 148/167/155 144/163/151
f 147/165/153 149/168/156 150/169/157 151/166/154
f 150/169/157 149/168/156 152/170/158 153/171/159
f 153/171/159 157/172/160 154/173/161 150/169/157
f 153/171/159 155/174/162 156/175/163 157/172/160
f 156/175/163 155/174/162 158/176/164 159/177/165
f 159/177/165 163/178/166 160/179/167 156/175/163
f 159/177/165 161/180/168 162/181/169 163/178/166
f 162/181/169 161/180/168 164/182/170 165/183/171
f 165/183/171 169/184/172 166/185/173 162/181/169
f 165/183/171 167/186/174 168/187/175 169/184/172
f 168/187/175 167/186/174 170/188/176 171/189/177
f 171/189/177 172/190/178 173/191/179 168/187/175
f 171/189/177 174/192/180 175/193/181 172/190/178
f 175/193/181 180/194/182 176/195/183 172/190/178
f 175/193/181 174/192/180 177/196/184 178/197/185
f 175/193/181 178/197/185 179/198/186 180/194/182
f 179/199/186 178/200/185 181/201/187 182/202/188
f 182/202/188 186/203/189 183/204/190 179/199/186
f 182/202/188 184/205/191 185/206/192 186/203/189
f 185/206/192 184/205/191 187/207/193 188/208/194
f 188/208/194 192/209/195 189/210/196 185/206/192
f 188/208/194 190/211/197 191/212/198 192/209/195
f 191/212/198 190/211/197 193/213/199 194/214/200
f 194/214/200 195/215/201 196/216/202 191/212/198
f 194/214/200 197/217/203 198/218/204 195/215/201
f 198/218/204 199/219/205 200/220/206 195/215/201
f 198/218/204 197/217/203 201/221/207 202/222/208
f 198/218/204 202/222/208 203/223/209 199/219/205
f 203/223/209 204/224/210 99/108/104 199/219/205
f 203/223/209 202/222/208 205/225/211 206/226/212
f 203/223/209 206/226/212 207/227/213 204/224/210
f 207/227/213 1342/228/214 208/229/215 204/224/210
f 207/227/213 206/226/212 209/230/216 210/231/217
f 207/227/213 210/231/217 211/232/218 1342/228/214
f 211/232/218 212/233/219 108/118/114 1342/228/214
f 211/232/218 210/231/217 213/234/220 214/235/221
f 211/232/218 214/235/221 215/236/222 212/233/219
f 215/236/222 216/237/223 217/238/224 212/233/219
f 215/236/222 214/235/221 1343/239/225 218/240/226
f 215/236/222 218/240/226 219/241/227 216/237/223
f 219/241/227 220/242/228 221/243/229 216/237/223
f 219/241/227 218/240/226 222/244/230 223/245/231
f 219/241/227 223/245/231 224/246/232 220/242/228
f 224/246/232 229/247/233 225/248/234 220/242/228
f 224/246/232 223/245/231 226/249/235 227/250/236
f 224/246/232 227/250/236 228/251/237 229/247/233
f 228/251/237 227/250/236 230/252/238 231/253/239
f 231/253/239 235/254/240 232/255/241 228/251/237
f 231/253/239 233/256/242 234/257/243 235/254/240
f 234/257/243 233/256/242 236/258/244 237/259/245
f 237/259/245 241/260/246 238/261/247 234/257/243
f 237/259/245 239/262/248 240/263/249 241/260/246
f 240/264/249 239/265/248 242/266/250 243/267/251
f 243/267/251 246/268/252 244/269/253 240/264/249
f 243/267/251 245/270/254 1414/271/255 246/268/252
f 245/270/254 247/272/256 248/273/257 1414/271/255
f 248/273/257 252/274/258 1421/275/259 1414/271/255
f 248/273/257 250/276/260 251/277/261 252/274/258
f 251/277/261 250/276/260 253/278/262 254/279/263
f 254/279/263 255/280/264 256/281/265 251/277/261
f 254/279/263 257/282/266 258/283/267 255/280/264
f 258/283/267 259/284/268 260/285/269 255/280/264
f 258/283/267 257/282/266 261/286/270 262/287/271
f 258/283/267 262/287/271 263/288/272 259/284/268
f 263/288/272 264/289/273 265/290/274 259/284/268
f 263/288/272 262/287/271 266/291/275 267/292/276
f 263/288/272 267/292/276 268/293/277 264/289/273
f 268/293/277 269/294/278 270/295/279 264/289/273
f 268/293/277 267/292/276 271/296/280 272/297/281
f 268/293/277 272/297/281 273/298/282 269/294/278
f 273/298/282 274/299/283 275/300/284 269/294/278
f 273/298/282 272/297/281 276/301/285 277/302/286
f 273/298/282 277/302/286 278/303/287 274/299/283
f 278/303/287 279/304/288 280/305/289 274/299/283
f 278/303/287 277/302/286 281/306/290 282/307/291
f 278/303/287 282/307/291 283/308/292 279/304/288
f 283/308/292 284/309/293 285/310/294 279/304/288
f 283/308/292 282/307/291 286/311/295 287/312/296
f 283/308/292 287/312/296 288/313/297 284/309/293
f 288/313/297 289/314/298 290/315/299 284/309/293
f 288/313/297 287/312/296 291/316/300 292/317/301
f 288/313/297 292/317/301 293/318/302 289/314/298
f 293/318/302 294/319/303 295/320/304 289/314/298
f 293/318/302 292/317/301 296/321/305 297/322/306
f 293/318/302 297/322/306 298/323/307 294/319/303
f 298/323/307 299/324/308 300/325/309 294/319/303
f 298/326/307 297/327/306 94/101/97 13/95/91
f 298/326/307 13/95/91 91/98/94 299/328/308
f 300/325/309 301/329/310 302/330/311 303/331/312
f 300/325/309 303/331/312 295/320/304 294/319/303
f 300/325/309 299/324/308 304/332/313 301/329/310
f 304/332/313 305/333/314 306/334/315 301/329/310
f 304/335/313 299/328/308 91/98/94 307/336/316
f 304/335/313 307/336/316 308/337/317 305/338/314
f 308/337/317 309/339/318 310/340/319 305/338/314
f 308/337/317 307/336/316 311/341/320 312/342/321
f 308/337/317 312/342/321 313/343/322 309/339/318
f 313/343/322 312/342/321 314/344/323 315/345/324
f 315/345/324 314/344/323 316/346/325 317/347/326
f 317/347/326 316/346/325 71/73/71 318/348/327
f 318/348/327 71/73/71 70/72/70 319/349/328
f 319/349/328 70/72/70 69/350/69 320/351/329
f 320/352/329 69/69/69 321/353/330 322/354/331
f 322/354/331 321/353/330 323/355/332 324/356/333
f 324/356/333 323/355/332 325/357/334 326/358/335
f 326/358/335 325/357/334 327/359/336 328/360/337
f 328/360/337 327/359/336 329/361/338 330/362/339
f 330/362/339 329/361/338 1437/363/340 1438/364/341
f 332/365/342 331/366/343 333/367/344 334/368/345
f 334/368/345 333/367/344 335/369/346 336/370/347
f 336/370/347 335/369/346 337/371/348 338/372/349
f 338/372/349 337/371/348 339/373/350 340/374/351
f 340/374/351 339/373/350 341/375/352 342/376/353
f 342/376/353 341/375/352 306/334/315 343/377/354
f 343/378/354 306/379/315 305/338/314 310/340/319
f 341/375/352 339/373/350 344/380/355 302/330/311
f 341/375/352 302/330/311 301/329/310 306/334/315
f 344/380/355 339/373/350 337/371/348 345/381/356
f 344/380/355 345/381/356 346/382/357 347/383/358
f 344/380/355 347/383/358 303/331/312 302/330/311
f 347/383/358 346/382/357 348/384/359 349/385/360
f 347/383/358 349/385/360 295/320/304 303/331/312
f 349/385/360 348/384/359 350/386/361 290/315/299
f 349/385/360 290/315/299 289/314/298 295/320/304
f 350/386/361 348/384/359 351/387/362 352/388/363
f 350/386/361 352/388/363 353/389/364 285/310/294
f 350/386/361 285/310/294 284/309/293 290/315/299
f 353/389/364 352/388/363 64/63/63 63/62/62
f 353/389/364 63/62/62 66/65/65 280/305/289
f 353/389/364 280/305/289 279/304/288 285/310/294
f 352/388/363 351/387/362 354/390/365 64/63/63
f 354/390/365 355/391/366 16/392/367 20/393/368
f 354/390/365 20/393/368 60/59/59 64/63/63
f 354/390/365 351/387/362 356/394/369 355/391/366
f 356/394/369 357/395/370 358/396/371 355/391/366
f 356/394/369 351/387/362 348/384/359 346/382/357
f 356/394/369 346/382/357 345/381/356 357/395/370
f 358/396/371 333/367/344 331/366/343 17/397/372
f 358/396/371 17/397/372 16/392/367 355/391/366
f 358/396/371 357/395/370 335/369/346 333/367/344
f 357/395/370 345/381/356 337/371/348 335/369/346
f 331/366/343 1437/363/340 1436/3/373 17/397/372
f 329/361/338 327/359/336 21/6/6 18/4/5
f 327/359/336 325/357/334 359/398/374 21/6/6
f 359/398/374 325/357/334 323/355/332 360/399/375
f 359/398/374 360/399/375 361/400/376 362/401/377
f 359/398/374 362/401/377 22/7/7 21/6/6
f 362/401/377 361/400/376 1442/402/378 1441/403/379
f 362/401/377 1441/403/379 1440/9/9 22/7/7
f 363/404/380 1442/402/378 1443/405/381 365/406/382
f 363/404/380 365/406/382 366/407/383 367/408/384
f 363/404/380 367/408/384 45/38/38 44/37/37
f 367/408/384 366/407/383 368/409/385 53/48/48
f 367/408/384 53/48/48 46/39/39 45/38/38
f 368/409/385 366/407/383 36/26/26 35/25/25
f 368/409/385 35/25/25 28/13/13 369/410/386
f 368/409/385 369/410/386 6/42/42 53/48/48
f 369/410/386 28/13/13 27/12/12 370/411/387
f 369/410/386 370/411/387 48/43/43 6/42/42
f 370/411/387 27/12/12 371/412/388 372/413/389
f 370/411/387 372/413/389 373/414/390 48/43/43
f 373/414/390 372/413/389 374/415/391 375/416/392
f 373/414/390 375/416/392 1432/417/393 1431/418/394
f 373/414/390 1431/418/394 1430/44/44 48/43/43
f 377/419/395 376/420/396 1415/421/397 1416/422/398
f 377/419/395 1416/422/398 1417/423/399 49/424/400
f 379/425/401 378/426/402 55/53/53 54/52/52
f 379/425/401 54/52/52 59/57/57 67/66/66
f 378/426/402 1415/421/397 1418/427/403 381/428/404
f 378/426/402 381/428/404 382/429/405 55/53/53
f 382/429/405 381/428/404 383/430/406 384/431/407
f 382/429/405 384/431/407 385/432/408 386/433/409
f 382/429/405 386/433/409 56/54/54 55/53/53
f 386/433/409 385/432/408 265/290/274 387/434/410
f 386/433/409 387/434/410 57/55/55 56/54/54
f 387/434/410 265/290/274 264/289/273 270/295/279
f 387/434/410 270/295/279 388/435/411 57/55/55
f 388/435/411 65/64/64 58/56/56 57/55/55
f 388/435/411 270/295/279 269/294/278 275/300/284
f 388/435/411 275/300/284 66/65/65 65/64/64
f 385/432/408 384/431/407 389/436/412 260/285/269
f 385/432/408 260/285/269 259/284/268 265/290/274
f 389/436/412 384/431/407 383/430/406 390/437/413
f 389/436/412 390/437/413 391/438/414 256/281/265
f 389/436/412 256/281/265 255/280/264 260/285/269
f 391/438/414 390/437/413 1419/439/415 1420/440/416
f 391/438/414 1420/440/416 1421/275/259 252/274/258
f 391/438/414 252/274/258 251/277/261 256/281/265
f 249/441/417 393/442/418 394/443/419 395/444/420
f 395/444/420 396/445/421 244/269/253 246/268/252
f 395/444/420 246/268/252 1414/271/255 249/441/417
f 244/446/253 396/447/421 397/448/422 398/449/423
f 398/449/423 399/450/424 238/261/247 241/260/246
f 398/449/423 241/260/246 240/263/249 244/446/253
f 238/261/247 399/450/424 400/451/425 401/452/426
f 401/452/426 402/453/427 232/255/241 235/254/240
f 401/452/426 235/254/240 234/257/243 238/261/247
f 232/255/241 402/453/427 403/454/428 404/455/429
f 404/455/429 405/456/430 225/248/234 229/247/233
f 404/455/429 229/247/233 228/251/237 232/255/241
f 225/248/234 405/456/430 406/457/431 407/458/432
f 407/458/432 408/459/433 409/460/434 221/243/229
f 407/458/432 221/243/229 220/242/228 225/248/234
f 409/460/434 408/459/433 410/461/435 105/115/111
f 409/460/434 105/115/111 104/114/110 217/238/224
f 409/460/434 217/238/224 216/237/223 221/243/229
f 410/461/435 411/462/436 106/116/112 105/115/111
f 411/462/436 412/463/437 107/117/113 106/116/112
f 412/463/437 413/464/438 414/465/439 107/117/113
f 414/465/439 413/464/438 415/466/440 416/467/441
f 414/465/439 416/467/441 417/468/442 418/469/443
f 414/465/439 418/469/443 100/110/106 107/117/113
f 418/469/443 417/468/442 419/470/444 420/471/445
f 418/469/443 420/471/445 101/111/107 100/110/106
f 420/471/445 419/470/444 421/472/446 422/473/447
f 420/471/445 422/473/447 1344/474/448 101/111/107
f 1344/474/448 422/473/447 423/475/449 424/476/450
f 1344/474/448 424/476/450 425/477/451 426/478/452
f 1344/474/448 426/478/452 102/112/108 101/111/107
f 426/478/452 425/477/451 96/104/100 95/103/99
f 426/478/452 95/103/99 98/107/103 102/112/108
f 425/477/451 424/476/450 427/479/453 428/480/454
f 425/477/451 428/480/454 429/481/455 96/104/100
f 429/481/455 428/480/454 430/482/456 196/216/202
f 429/481/455 196/216/202 195/215/201 200/220/206
f 429/481/455 200/220/206 97/105/101 96/104/100
f 430/482/456 428/480/454 427/479/453 431/483/457
f 430/482/456 431/483/457 189/210/196 192/209/195
f 430/482/456 192/209/195 191/212/198 196/216/202
f 189/210/196 431/483/457 432/484/458 433/485/459
f 433/485/459 434/486/460 183/204/190 186/203/189
f 433/485/459 186/203/189 185/206/192 189/210/196
f 183/487/190 434/488/460 435/489/461 436/490/462
f 436/490/462 437/491/463 176/195/183 180/194/182
f 436/490/462 180/194/182 179/198/186 183/487/190
f 176/195/183 437/491/463 438/492/464 439/493/465
f 439/493/465 440/494/466 441/495/467 173/191/179
f 439/493/465 173/191/179 172/190/178 176/195/183
f 441/495/467 440/494/466 442/496/468 443/497/469
f 441/495/467 443/497/469 166/185/173 169/184/172
f 441/495/467 169/184/172 168/187/175 173/191/179
f 166/185/173 443/497/469 444/498/470 445/499/471
f 445/499/471 446/500/472 160/179/167 163/178/166
f 445/499/471 163/178/166 162/181/169 166/185/173
f 160/179/167 446/500/472 447/501/473 448/502/474
f 448/502/474 449/503/475 154/173/161 157/172/160
f 448/502/474 157/172/160 156/175/163 160/179/167
f 154/173/161 449/503/475 450/504/476 451/505/477
f 451/505/477 452/506/478 148/167/155 151/166/154
f 451/505/477 151/166/154 150/169/157 154/173/161
f 148/167/155 452/506/478 453/507/479 454/508/480
f 454/508/480 455/509/481 142/161/149 145/160/148
f 454/508/480 145/160/148 144/163/151 148/167/155
f 142/161/149 455/509/481 456/510/482 457/511/483
f 457/511/483 458/512/484 135/154/142 139/153/141
f 457/511/483 139/153/141 138/157/145 142/161/149
f 135/154/142 458/512/484 459/513/485 460/514/486
f 460/514/486 461/515/487 462/516/488 131/149/137
f 460/514/486 131/149/137 130/148/136 135/154/142
f 462/517/488 461/518/487 463/519/489 464/520/490
f 462/517/488 464/520/490 465/521/491 126/522/132
f 462/516/488 126/144/132 125/143/131 131/149/137
f 465/521/491 464/520/490 466/523/492 467/524/493
f 465/521/491 467/524/493 468/525/494 121/134/127
f 465/521/491 121/134/127 120/133/126 126/522/132
f 468/525/494 467/524/493 78/81/79 77/80/78
f 468/525/494 77/80/78 76/79/77 117/127/122
f 468/525/494 117/127/122 116/126/121 121/134/127
f 467/524/493 466/523/492 469/526/495 78/81/79
f 469/526/495 473/527/496 470/528/497 471/529/498
f 469/526/495 471/529/498 79/82/80 78/81/79
f 469/526/495 466/523/492 472/530/499 473/527/496
f 472/530/499 466/523/492 464/520/490 463/519/489
f 463/519/489 476/531/500 474/532/501 472/530/499
f 463/519/489 461/518/487 475/533/502 476/531/500
f 475/534/502 461/515/487 460/514/486 459/513/485
f 459/513/485 479/535/503 477/536/504 475/534/502
f 459/513/485 458/512/484 478/537/505 479/535/503
f 478/537/505 458/512/484 457/511/483 456/510/482
f 456/510/482 482/538/506 480/539/507 478/537/505
f 456/510/482 455/509/481 481/540/508 482/538/506
f 481/540/508 455/509/481 454/508/480 453/507/479
f 453/507/479 485/541/509 483/542/510 481/540/508
f 453/507/479 452/506/478 484/543/511 485/541/509
f 484/543/511 452/506/478 451/505/477 450/504/476
f 450/504/476 488/544/512 486/545/513 484/543/511
f 450/504/476 449/503/475 487/546/514 488/544/512
f 487/546/514 449/503/475 448/502/474 447/501/473
f 447/501/473 489/547/515 490/548/516 487/546/514
f 447/501/473 446/500/472 491/549/517 489/547/515
f 491/549/517 494/550/518 492/551/519 489/547/515
f 491/549/517 446/500/472 445/499/471 444/498/470
f 491/549/517 444/498/470 493/552/520 494/550/518
f 493/552/520 444/498/470 443/497/469 442/496/468
f 442/496/468 497/553/521 495/554/522 493/552/520
f 442/496/468 440/494/466 496/555/523 497/553/521
f 496/555/523 440/494/466 439/493/465 438/492/464
f 438/492/464 500/556/524 498/557/525 496/555/523
f 438/492/464 437/491/463 499/558/526 500/556/524
f 499/558/526 437/491/463 436/490/462 435/489/461
f 435/489/461 501/559/527 502/560/528 499/558/526
f 435/489/461 434/488/460 503/561/529 501/559/527
f 503/562/529 504/563/530 505/564/531 501/565/527
f 503/562/529 434/486/460 433/485/459 432/484/458
f 503/562/529 432/484/458 506/566/532 504/563/530
f 506/566/532 423/475/449 507/567/533 504/563/530
f 506/566/532 432/484/458 431/483/457 427/479/453
f 506/566/532 427/479/453 424/476/450 423/475/449
f 507/567/533 421/472/446 1345/568/534 508/569/535
f 507/567/533 508/569/535 505/564/531 504/563/530
f 507/567/533 423/475/449 422/473/447 421/472/446
f 508/570/535 1345/571/534 509/572/536 510/573/537
f 508/570/535 510/573/537 511/574/538 505/575/531
f 511/574/538 510/573/537 512/576/539 513/577/540
f 511/574/538 513/577/540 514/578/541 502/560/528
f 511/574/538 502/560/528 501/559/527 505/575/531
f 514/578/541 513/577/540 515/579/542 516/580/543
f 514/578/541 516/580/543 498/557/525 500/556/524
f 514/578/541 500/556/524 499/558/526 502/560/528
f 498/557/525 516/580/543 517/581/544 518/582/545
f 518/582/545 519/583/546 495/554/522 497/553/521
f 518/582/545 497/553/521 496/555/523 498/557/525
f 495/554/522 519/583/546 520/584/547 521/585/548
f 521/585/548 522/586/549 492/551/519 494/550/518
f 521/585/548 494/550/518 493/552/520 495/554/522
f 492/551/519 522/586/549 523/587/550 524/588/551
f 524/588/551 525/589/552 526/590/553 490/548/516
f 524/588/551 490/548/516 489/547/515 492/551/519
f 526/590/553 525/589/552 527/591/554 528/592/555
f 526/590/553 528/592/555 486/545/513 488/544/512
f 526/590/553 488/544/512 487/546/514 490/548/516
f 486/545/513 528/592/555 529/593/556 530/594/557
f 530/594/557 531/595/558 483/542/510 485/541/509
f 530/594/557 485/541/509 484/543/511 486/545/513
f 483/542/510 531/595/558 532/596/559 533/597/560
f 533/597/560 534/598/561 480/539/507 482/538/506
f 533/597/560 482/538/506 481/540/508 483/542/510
f 480/539/507 534/598/561 535/599/562 536/600/563
f 536/600/563 537/601/564 477/536/504 479/535/503
f 536/600/563 479/535/503 478/537/505 480/539/507
f 477/602/504 537/603/564 538/604/565 539/605/566
f 539/605/566 540/606/567 474/532/501 476/531/500
f 539/605/566 476/531/500 475/533/502 477/602/504
f 474/532/501 540/606/567 541/607/568 542/608/569
f 542/608/569 543/609/570 470/528/497 473/527/496
f 542/608/569 473/527/496 472/530/499 474/532/501
f 470/528/497 543/609/570 544/610/571 545/611/572
f 545/611/572 546/612/573 547/613/574 548/614/575
f 545/611/572 548/614/575 471/529/498 470/528/497
f 548/614/575 547/613/574 549/615/576 84/87/85
f 548/614/575 84/87/85 79/82/80 471/529/498
f 551/616/577 82/85/83 84/87/85 549/615/576
f 551/616/577 1371/617/578 1357/618/579 1401/619/580
f 551/616/577 1401/619/580 83/86/84 82/85/83
f 1402/620/581 552/621/582 83/86/84 1401/619/580
f 552/621/582 1402/620/581 830/622/583
f 552/621/582 830/622/583 831/623/584 553/624/585
f 552/621/582 553/624/585 80/83/81 83/86/84
f 553/624/585 831/623/584 832/625/586 554/626/587
f 553/624/585 554/626/587 81/84/82 80/83/81
f 554/626/587 832/625/586 833/627/588 555/628/589
f 554/626/587 555/628/589 556/629/590 81/84/82
f 556/629/590 557/630/591 75/78/76 81/84/82
f 556/631/590 555/632/589 558/633/592 559/634/593
f 556/631/590 559/634/593 560/635/594 557/636/591
f 560/635/594 114/122/118 113/121/117 557/636/591
f 562/637/595 561/638/596 837/639/597 563/640/598
f 562/637/595 563/640/598 37/28/28 43/34/34
f 563/640/598 837/639/597 838/641/599 564/642/600
f 563/640/598 564/642/600 38/29/29 37/28/28
f 564/642/600 838/641/599 839/643/601 565/644/602
f 564/642/600 565/644/602 566/645/603 38/29/29
f 566/645/603 567/646/604 39/30/30 38/29/29
f 566/645/603 565/644/602 568/647/605 569/648/606
f 566/645/603 569/648/606 570/649/607 567/646/604
f 570/649/607 571/650/608 572/651/609 567/646/604
f 570/649/607 569/648/606 573/652/610 574/653/611
f 570/649/607 574/653/611 575/654/612 571/650/608
f 575/654/612 576/655/613 577/656/614 571/650/608
f 575/654/612 574/653/611 578/657/615 579/658/616
f 575/654/612 579/658/616 580/659/617 576/655/613
f 580/659/617 585/660/618 581/661/619 576/655/613
f 580/659/617 579/658/616 582/662/620 583/663/621
f 580/659/617 583/663/621 584/664/622 585/660/618
f 584/664/622 583/663/621 586/665/623 587/666/624
f 587/666/624 591/667/625 588/668/626 584/664/622
f 587/666/624 589/669/627 590/670/628 591/667/625
f 590/670/628 589/669/627 856/671/629 592/672/630
f 592/672/630 596/673/631 593/674/632 590/670/628
f 592/672/630 594/675/633 595/676/634 596/673/631
f 595/676/634 594/675/633 860/677/635 597/678/636
f 597/678/636 601/679/637 598/680/638 595/676/634
f 597/678/636 599/681/639 600/682/640 601/679/637
f 600/683/640 599/684/639 863/685/641 602/686/642
f 602/686/642 606/687/643 603/688/644 600/683/640
f 602/686/642 604/689/645 605/690/646 606/687/643
f 605/690/646 604/689/645 866/691/647 607/692/648
f 607/692/648 611/693/649 608/694/650 605/690/646
f 607/692/648 609/695/651 610/696/652 611/693/649
f 610/696/652 609/695/651 869/697/653 612/698/654
f 612/698/654 613/699/655 614/700/656 610/696/652
f 612/698/654 615/701/657 616/702/658 613/699/655
f 616/702/658 620/703/659 617/704/660 613/699/655
f 616/702/658 615/701/657 872/705/661 618/706/662
f 616/702/658 618/706/662 619/707/663 620/703/659
f 619/707/663 618/706/662 621/708/664 622/709/665
f 622/709/665 626/710/666 623/711/667 619/707/663
f 622/709/665 624/712/668 625/713/669 626/710/666
f 625/713/669 624/712/668 877/714/670 627/715/671
f 627/715/671 631/716/672 628/717/673 625/713/669
f 627/715/671 629/718/674 630/719/675 631/716/672
f 630/719/675 629/718/674 881/720/676 632/721/677
f 632/721/677 633/722/678 634/723/679 630/719/675
f 632/721/677 635/724/680 636/725/681 633/722/678
f 636/725/681 637/726/682 638/727/683 633/722/678
f 636/725/681 635/724/680 884/728/684 639/729/685
f 636/725/681 639/729/685 640/730/686 637/726/682
f 640/730/686 641/731/687 642/732/688 637/726/682
f 640/730/686 639/729/685 643/733/689 644/734/690
f 640/730/686 644/734/690 645/735/691 641/731/687
f 645/735/691 646/736/692 1346/737/693 641/731/687
f 645/735/691 644/734/690 647/738/694 648/739/695
f 645/735/691 648/739/695 649/740/696 646/736/692
f 649/740/696 650/741/697 651/742/698 646/736/692
f 649/743/696 648/744/695 652/745/699 1347/746/700
f 649/740/696 1347/747/700 653/748/701 650/741/697
f 653/748/701 654/749/702 655/750/703 650/741/697
f 653/751/701 1347/746/700 656/752/704 657/753/705
f 653/751/701 657/753/705 658/754/706 654/755/702
f 658/754/706 659/756/707 660/757/708 654/755/702
f 658/754/706 657/753/705 661/758/709 662/759/710
f 658/754/706 662/759/710 663/760/711 659/756/707
f 663/760/711 668/761/712 664/762/713 659/756/707
f 663/760/711 662/759/710 665/763/714 666/764/715
f 663/760/711 666/764/715 667/765/716 668/761/712
f 667/765/716 666/764/715 669/766/717 670/767/718
f 670/767/718 674/768/719 671/769/720 667/765/716
f 670/767/718 672/770/721 673/771/722 674/768/719
f 673/771/722 672/770/721 905/772/723 675/773/724
f 675/773/724 679/774/725 676/775/726 673/771/722
f 675/773/724 677/776/727 678/777/728 679/774/725
f 678/777/728 677/776/727 909/778/729 680/779/730
f 680/779/730 684/780/731 681/781/732 678/777/728
f 680/779/730 682/782/733 683/783/734 684/780/731
f 683/783/734 682/782/733 912/784/735 685/785/736
f 685/785/736 689/786/737 686/787/738 683/783/734
f 685/785/736 687/788/739 688/789/740 689/786/737
f 688/789/740 687/788/739 915/790/741 690/791/742
f 690/791/742 691/792/743 692/793/744 688/789/740
f 690/791/742 693/794/745 694/795/746 691/792/743
f 694/795/746 695/796/747 696/797/748 691/792/743
f 694/795/746 693/794/745 918/798/749 697/799/750
f 694/795/746 697/799/750 698/800/751 695/796/747
f 698/800/751 699/801/752 700/802/753 695/796/747
f 698/803/751 697/804/750 701/805/754 702/806/755
f 698/803/751 702/806/755 703/807/756 699/808/752
f 703/807/756 704/809/757 705/810/758 699/808/752
f 703/807/756 702/806/755 706/811/759 707/812/760
f 703/807/756 707/812/760 708/813/761 704/809/757
f 708/813/761 709/814/762 710/815/763 704/809/757
f 708/813/761 707/812/760 711/816/764 712/817/765
f 708/813/761 712/817/765 713/818/766 709/814/762
f 713/818/766 31/20/20 30/19/19 709/814/762
f 713/818/766 712/817/765 714/819/767 715/820/768
f 713/818/766 715/820/768 716/821/769 31/20/20
f 716/821/769 32/21/21 2/17/17 31/20/20
f 716/821/769 715/820/768 717/822/770 718/823/771
f 716/821/769 718/823/771 719/824/772 32/21/21
f 719/824/772 92/99/95 33/22/22 32/21/21
f 719/824/772 718/823/771 720/825/773 721/826/774
f 719/824/772 721/826/774 93/100/96 92/99/95
f 721/826/774 720/825/773 722/827/775 723/828/776
f 721/826/774 723/828/776 724/829/777 93/100/96
f 724/829/777 725/830/778 89/96/92 93/100/96
f 724/829/777 723/828/776 726/831/779 727/832/780
f 724/829/777 727/832/780 728/833/781 725/830/778
f 728/833/781 729/834/782 730/835/783 725/830/778
f 728/833/781 727/832/780 731/836/784 732/837/785
f 728/833/781 732/837/785 733/838/786 729/834/782
f 733/838/786 72/74/72 734/839/787 729/834/782
f 733/838/786 732/837/785 735/840/788 736/841/789
f 733/838/786 736/841/789 11/71/67 72/74/72
f 736/841/789 735/840/788 87/93/89 86/842/790
f 736/841/789 86/842/790 73/843/73 11/71/67
f 735/840/788 732/837/785 731/836/784 737/844/791
f 735/840/788 737/844/791 88/94/90 87/93/89
f 737/844/791 731/836/784 738/845/792 739/846/793
f 737/844/791 739/846/793 740/847/794 88/94/90
f 740/847/794 739/846/793 741/848/795 742/849/796
f 740/850/794 742/851/796 743/852/797 26/11/11
f 740/847/794 26/853/11 25/91/16 88/94/90
f 743/852/797 742/851/796 744/854/798 745/855/799
f 743/852/797 745/855/799 746/856/800 371/412/388
f 743/852/797 371/412/388 27/12/12 26/11/11
f 746/856/800 745/855/799 747/857/801 748/858/802
f 746/856/800 748/858/802 749/859/803 374/415/391
f 746/856/800 374/415/391 372/413/389 371/412/388
f 749/859/803 748/858/802 750/860/804 751/861/805
f 749/859/803 751/861/805 752/862/806 753/863/807
f 749/859/803 753/863/807 375/416/392 374/415/391
f 753/863/807 752/862/806 1434/864/808 1433/865/809
f 753/863/807 1433/865/809 1432/417/393 375/416/392
f 754/866/810 1434/864/808 392/867/811
f 754/866/810 392/867/811 1419/439/415 1422/868/812
f 754/866/810 1422/868/812 1418/427/403 380/869/813
f 755/870/814 752/862/806 751/861/805 756/871/815
f 755/870/814 756/871/815 757/872/816 394/443/419
f 755/870/814 394/443/419 393/442/418 392/867/811
f 757/872/816 756/871/815 758/873/817 759/874/818
f 757/872/816 759/874/818 397/875/422 396/445/421
f 757/872/816 396/445/421 395/444/420 394/443/419
f 397/448/422 759/876/818 760/877/819 761/878/820
f 761/878/820 762/879/821 400/451/425 399/450/424
f 761/878/820 399/450/424 398/449/423 397/448/422
f 400/451/425 762/879/821 763/880/822 764/881/823
f 764/881/823 765/882/824 403/454/428 402/453/427
f 764/881/823 402/453/427 401/452/426 400/451/425
f 403/454/428 765/882/824 766/883/825 767/884/826
f 767/884/826 768/885/827 406/457/431 405/456/430
f 767/884/826 405/456/430 404/455/429 403/454/428
f 406/457/431 768/885/827 769/886/828 770/887/829
f 770/887/829 771/888/830 410/461/435 408/459/433
f 770/887/829 408/459/433 407/458/432 406/457/431
f 771/888/830 772/889/831 411/462/436 410/461/435
f 772/889/831 773/890/832 412/463/437 411/462/436
f 773/890/832 774/891/833 413/464/438 412/463/437
f 774/891/833 775/892/834 415/466/440 413/464/438
f 415/466/440 775/892/834 776/893/835 777/894/836
f 777/894/836 778/895/837 779/896/838 780/897/839
f 777/894/836 780/897/839 416/467/441 415/466/440
f 780/898/839 779/899/838 781/900/840 782/901/841
f 780/897/839 782/902/841 417/468/442 416/467/441
f 782/901/841 781/900/840 783/903/842 784/904/843
f 782/902/841 784/905/843 419/470/444 417/468/442
f 784/904/843 783/903/842 509/572/536 1345/571/534
f 784/905/843 1345/568/534 421/472/446 419/470/444
f 783/903/842 781/900/840 785/906/844 786/907/845
f 783/903/842 786/907/845 787/908/846 509/572/536
f 787/908/846 786/907/845 788/909/847 1348/910/848
f 787/908/846 1348/910/848 789/911/849 512/576/539
f 787/908/846 512/576/539 510/573/537 509/572/536
f 789/911/849 1348/910/848 1349/912/850 790/913/851
f 789/911/849 790/913/851 791/914/852 515/579/542
f 789/911/849 515/579/542 513/577/540 512/576/539
f 791/914/852 790/913/851 792/915/853 793/916/854
f 791/914/852 793/916/854 794/917/855 517/581/544
f 791/914/852 517/581/544 516/580/543 515/579/542
f 794/917/855 793/916/854 795/918/856 796/919/857
f 794/917/855 796/919/857 520/584/547 519/583/546
f 794/917/855 519/583/546 518/582/545 517/581/544
f 520/584/547 796/919/857 797/920/858 798/921/859
f 798/921/859 799/922/860 523/587/550 522/586/549
f 798/921/859 522/586/549 521/585/548 520/584/547
f 523/587/550 799/922/860 800/923/861 801/924/862
f 801/924/862 802/925/863 527/591/554 525/589/552
f 801/924/862 525/589/552 524/588/551 523/587/550
f 527/591/554 802/925/863 803/926/864 804/927/865
f 804/927/865 805/928/866 806/929/867 529/593/556
f 804/927/865 529/593/556 528/592/555 527/591/554
f 806/929/867 805/928/866 807/930/868 808/931/869
f 806/929/867 808/931/869 532/596/559 531/595/558
f 806/929/867 531/595/558 530/594/557 529/593/556
f 532/596/559 808/931/869 809/932/870 810/933/871
f 810/933/871 811/934/872 535/599/562 534/598/561
f 810/933/871 534/598/561 533/597/560 532/596/559
f 535/599/562 811/934/872 812/935/873 813/936/874
f 813/937/874 814/938/875 538/604/565 537/603/564
f 813/936/874 537/601/564 536/600/563 535/599/562
f 538/604/565 814/938/875 815/939/876 816/940/877
f 816/940/877 817/941/878 541/607/568 540/606/567
f 816/940/877 540/606/567 539/605/566 538/604/565
f 541/607/568 817/941/878 818/942/879 819/943/880
f 819/943/880 820/944/881 544/610/571 543/609/570
f 819/943/880 543/609/570 542/608/569 541/607/568
f 544/610/571 820/944/881 821/945/882 822/946/883
f 822/946/883 823/947/884 826/948/885 546/612/573
f 822/946/883 546/612/573 545/611/572 544/610/571
f 826/948/885 823/947/884 824/949/886 825/950/887
f 826/948/885 825/950/887 827/951/888 550/952/889
f 826/948/885 550/952/889 547/613/574 546/612/573
f 827/951/888 825/950/887 828/953/890 829/954/891
f 1376/955/892 1024/956/893 1025/957/894 1360/958/895
f 1373/959/896 1403/960/897 830/622/583 1372/961/898
f 830/622/583 1403/960/897 1389/962/899 831/623/584
f 831/623/584 1389/962/899 1388/963/900 832/625/586
f 832/625/586 1388/963/900 1387/964/901 833/627/588
f 833/965/588 1387/966/901 1386/967/902 834/968/903
f 834/968/903 558/633/592 555/632/589 833/965/588
f 835/969/904 836/970/905 837/639/597 561/638/596
f 837/639/597 836/970/905 1033/971/906 838/641/599
f 838/641/599 1033/971/906 1034/972/907 839/643/601
f 839/643/601 1034/972/907 1035/973/908 840/974/909
f 840/974/909 568/647/605 565/644/602 839/643/601
f 840/974/909 841/975/910 842/976/911 568/647/605
f 842/976/911 573/652/610 569/648/606 568/647/605
f 842/976/911 841/975/910 1038/977/912 843/978/913
f 842/976/911 843/978/913 844/979/914 573/652/610
f 844/979/914 578/657/615 574/653/611 573/652/610
f 844/979/914 843/978/913 845/980/915 846/981/916
f 844/979/914 846/981/916 847/982/917 578/657/615
f 847/982/917 582/662/620 579/658/616 578/657/615
f 847/982/917 846/981/916 848/983/918 849/984/919
f 847/982/917 849/984/919 850/985/920 582/662/620
f 850/985/920 586/665/623 583/663/621 582/662/620
f 850/985/920 849/984/919 851/986/921 852/987/922
f 850/985/920 852/987/922 853/988/923 586/665/623
f 853/988/923 589/669/627 587/666/624 586/665/623
f 853/988/923 852/987/922 854/989/924 855/990/925
f 853/988/923 855/990/925 856/671/629 589/669/627
f 856/671/629 855/990/925 857/991/926 858/992/927
f 858/992/927 594/675/633 592/672/630 856/671/629
f 858/992/927 859/993/928 860/677/635 594/675/633
f 860/677/635 859/993/928 1055/994/929 861/995/930
f 861/995/930 599/681/639 597/678/636 860/677/635
f 861/996/930 862/997/931 863/685/641 599/684/639
f 863/685/641 862/997/931 1059/998/932 864/999/933
f 864/999/933 604/689/645 602/686/642 863/685/641
f 864/999/933 865/1000/934 866/691/647 604/689/645
f 866/691/647 865/1000/934 1062/1001/935 867/1002/936
f 867/1002/936 609/695/651 607/692/648 866/691/647
f 867/1002/936 868/1003/937 869/697/653 609/695/651
f 869/697/653 868/1003/937 1064/1004/938 870/1005/939
f 870/1005/939 615/701/657 612/698/654 869/697/653
f 870/1005/939 871/1006/940 872/705/661 615/701/657
f 872/705/661 871/1006/940 1066/1007/941 873/1008/942
f 873/1008/942 621/708/664 618/706/662 872/705/661
f 873/1008/942 874/1009/943 875/1010/944 621/708/664
f 875/1010/944 624/712/668 622/709/665 621/708/664
f 875/1010/944 874/1009/943 1068/1011/945 876/1012/946
f 875/1010/944 876/1012/946 877/714/670 624/712/668
f 877/714/670 876/1012/946 878/1013/947 879/1014/948
f 879/1014/948 629/718/674 627/715/671 877/714/670
f 879/1014/948 880/1015/949 881/720/676 629/718/674
f 881/720/676 880/1015/949 1072/1016/950 882/1017/951
f 882/1017/951 635/724/680 632/721/677 881/720/676
f 882/1017/951 883/1018/952 884/728/684 635/724/680
f 884/728/684 883/1018/952 1074/1019/953 885/1020/954
f 885/1020/954 643/733/689 639/729/685 884/728/684
f 885/1020/954 886/1021/955 887/1022/956 643/733/689
f 887/1022/956 647/738/694 644/734/690 643/733/689
f 887/1023/956 886/1024/955 1076/1025/957 888/1026/958
f 887/1023/956 888/1026/958 889/1027/959 647/1028/694
f 889/1027/959 652/745/699 648/744/695 647/1028/694
f 889/1027/959 888/1026/958 890/1029/960 891/1030/961
f 889/1027/959 891/1030/961 892/1031/962 652/745/699
f 892/1031/962 656/752/704 1347/746/700 652/745/699
f 892/1031/962 891/1030/961 893/1032/963 894/1033/964
f 892/1031/962 894/1033/964 895/1034/965 656/752/704
f 895/1034/965 661/758/709 657/753/705 656/752/704
f 895/1034/965 894/1033/964 896/1035/966 1350/1036/967
f 895/1034/965 1350/1036/967 897/1037/968 661/758/709
f 897/1037/968 665/763/714 662/759/710 661/758/709
f 897/1037/968 1350/1036/967 1351/1038/969 898/1039/970
f 897/1037/968 898/1039/970 899/1040/971 665/763/714
f 899/1040/971 669/766/717 666/764/715 665/763/714
f 899/1040/971 898/1039/970 900/1041/972 901/1042/973
f 899/1040/971 901/1042/973 902/1043/974 669/766/717
f 902/1043/974 672/770/721 670/767/718 669/766/717
f 902/1043/974 901/1042/973 903/1044/975 904/1045/976
f 902/1043/974 904/1045/976 905/772/723 672/770/721
f 905/772/723 904/1045/976 906/1046/977 907/1047/978
f 907/1047/978 677/776/727 675/773/724 905/772/723
f 907/1047/978 908/1048/979 909/778/729 677/776/727
f 909/778/729 908/1048/979 1091/1049/980 910/1050/981
f 910/1050/981 682/782/733 680/779/730 909/778/729
f 910/1050/981 911/1051/982 912/784/735 682/782/733
f 912/784/735 911/1051/982 968/1052/983 913/1053/984
f 913/1053/984 687/788/739 685/785/736 912/784/735
f 913/1053/984 914/1054/985 915/790/741 687/788/739
f 915/790/741 914/1054/985 965/1055/986 916/1056/987
f 916/1056/987 693/794/745 690/791/742 915/790/741
f 916/1056/987 917/1057/988 918/798/749 693/794/745
f 918/1058/749 917/1059/988 1214/1060/989 919/1061/990
f 919/1061/990 701/805/754 697/804/750 918/1058/749
f 919/1061/990 920/1062/991 921/1063/992 701/805/754
f 921/1063/992 706/811/759 702/806/755 701/805/754
f 921/1063/992 920/1062/991 1217/1064/993 922/1065/994
f 921/1063/992 922/1065/994 923/1066/995 706/811/759
f 923/1066/995 711/816/764 707/812/760 706/811/759
f 923/1066/995 922/1065/994 924/1067/996 925/1068/997
f 923/1066/995 925/1068/997 926/1069/998 711/816/764
f 926/1069/998 714/819/767 712/817/765 711/816/764
f 926/1069/998 925/1068/997 927/1070/999 928/1071/1000
f 926/1069/998 928/1071/1000 929/1072/1001 714/819/767
f 929/1072/1001 717/822/770 715/820/768 714/819/767
f 929/1072/1001 928/1071/1000 930/1073/1002 931/1074/1003
f 929/1072/1001 931/1074/1003 932/1075/1004 717/822/770
f 932/1075/1004 720/825/773 718/823/771 717/822/770
f 932/1075/1004 931/1074/1003 933/1076/1005 934/1077/1006
f 932/1075/1004 934/1077/1006 722/827/775 720/825/773
f 934/1077/1006 933/1076/1005 935/1078/1007 936/1079/1008
f 934/1077/1006 936/1079/1008 937/1080/1009 722/827/775
f 937/1080/1009 726/831/779 723/828/776 722/827/775
f 937/1080/1009 936/1079/1008 938/1081/1010 939/1082/1011
f 937/1080/1009 939/1082/1011 738/845/792 726/831/779
f 939/1082/1011 938/1081/1010 940/1083/1012 741/848/795
f 939/1082/1011 741/848/795 739/846/793 738/845/792
f 940/1083/1012 938/1081/1010 941/1084/1013 942/1085/1014
f 940/1083/1012 942/1085/1014 943/1086/1015 744/1087/798
f 940/1083/1012 744/1087/798 742/849/796 741/848/795
f 943/1086/1015 942/1085/1014 944/1088/1016 945/1089/1017
f 943/1090/1015 945/1091/1017 946/1092/1018 747/857/801
f 943/1090/1015 747/857/801 745/855/799 744/854/798
f 946/1092/1018 945/1091/1017 947/1093/1019 948/1094/1020
f 946/1092/1018 948/1094/1020 758/873/817 750/860/804
f 946/1092/1018 750/860/804 748/858/802 747/857/801
f 948/1095/1020 947/1096/1019 949/1097/1021 760/877/819
f 948/1094/1020 760/1098/819 759/874/818 758/873/817
f 949/1097/1021 947/1096/1019 950/1099/1022 951/1100/1023
f 949/1097/1021 951/1100/1023 763/880/822 762/879/821
f 949/1097/1021 762/879/821 761/878/820 760/877/819
f 763/880/822 951/1100/1023 952/1101/1024 953/1102/1025
f 953/1102/1025 954/1103/1026 766/883/825 765/882/824
f 953/1102/1025 765/882/824 764/881/823 763/880/822
f 766/883/825 954/1103/1026 955/1104/1027 956/1105/1028
f 956/1105/1028 957/1106/1029 769/886/828 768/885/827
f 956/1105/1028 768/885/827 767/884/826 766/883/825
f 769/886/828 957/1106/1029 958/1107/1030 959/1108/1031
f 959/1108/1031 960/1109/1032 772/889/831 771/888/830
f 959/1108/1031 771/888/830 770/887/829 769/886/828
f 960/1109/1032 961/1110/1033 773/890/832 772/889/831
f 961/1110/1033 962/1111/1034 774/891/833 773/890/832
f 962/1111/1034 963/1112/1035 775/892/834 774/891/833
f 963/1112/1035 964/1113/1036 776/893/835 775/892/834
f 776/1114/835 964/1115/1036 965/1055/986 966/1116/1037
f 966/1116/1037 967/1117/1038 970/1118/1039 778/1119/837
f 966/1116/1037 778/1119/837 777/1120/836 776/1114/835
f 970/1118/1039 967/1117/1038 968/1052/983 969/1121/1040
f 970/1118/1039 969/1121/1040 971/1122/1041 972/1123/1042
f 970/1118/1039 972/1123/1042 779/899/838 778/1119/837
f 972/1123/1042 971/1122/1041 973/1124/1043 785/906/844
f 972/1123/1042 785/906/844 781/900/840 779/899/838
f 973/1124/1043 971/1122/1041 974/1125/1044 975/1126/1045
f 973/1124/1043 975/1126/1045 976/1127/1046 788/909/847
f 973/1124/1043 788/909/847 786/907/845 785/906/844
f 976/1127/1046 975/1126/1045 977/1128/1047 978/1129/1048
f 976/1127/1046 978/1129/1048 1352/1130/1049 1349/912/850
f 976/1127/1046 1349/912/850 1348/910/848 788/909/847
f 1352/1130/1049 978/1129/1048 979/1131/1050 1353/1132/1051
f 1352/1130/1049 1353/1132/1051 980/1133/1052 792/915/853
f 1352/1130/1049 792/915/853 790/913/851 1349/912/850
f 980/1133/1052 1353/1132/1051 1354/1134/1053 981/1135/1054
f 980/1133/1052 981/1135/1054 982/1136/1055 795/918/856
f 980/1133/1052 795/918/856 793/916/854 792/915/853
f 982/1136/1055 981/1135/1054 983/1137/1056 984/1138/1057
f 982/1136/1055 984/1138/1057 985/1139/1058 797/920/858
f 982/1136/1055 797/920/858 796/919/857 795/918/856
f 985/1139/1058 984/1138/1057 986/1140/1059 987/1141/1060
f 985/1139/1058 987/1141/1060 800/923/861 799/922/860
f 985/1139/1058 799/922/860 798/921/859 797/920/858
f 800/923/861 987/1141/1060 988/1142/1061 989/1143/1062
f 989/1143/1062 990/1144/1063 803/926/864 802/925/863
f 989/1143/1062 802/925/863 801/924/862 800/923/861
f 803/926/864 990/1144/1063 991/1145/1064 992/1146/1065
f 992/1146/1065 993/1147/1066 807/930/868 805/928/866
f 992/1146/1065 805/928/866 804/927/865 803/926/864
f 807/930/868 993/1147/1066 994/1148/1067 995/1149/1068
f 995/1149/1068 996/1150/1069 997/1151/1070 809/932/870
f 995/1149/1068 809/932/870 808/931/869 807/930/868
f 997/1152/1070 996/1153/1069 998/1154/1071 999/1155/1072
f 997/1152/1070 999/1155/1072 812/1156/873 811/1157/872
f 997/1151/1070 811/934/872 810/933/871 809/932/870
f 812/1156/873 999/1155/1072 1000/1158/1073 1001/1159/1074
f 1001/1159/1074 1002/1160/1075 815/939/876 814/938/875
f 1001/1159/1074 814/938/875 813/937/874 812/1156/873
f 815/939/876 1002/1160/1075 1003/1161/1076 1004/1162/1077
f 1004/1162/1077 1005/1163/1078 818/942/879 817/941/878
f 1004/1162/1077 817/941/878 816/940/877 815/939/876
f 818/942/879 1005/1163/1078 1006/1164/1079 1007/1165/1080
f 1007/1165/1080 1008/1166/1081 821/945/882 820/944/881
f 1007/1165/1080 820/944/881 819/943/880 818/942/879
f 821/945/882 1008/1166/1081 1009/1167/1082 1010/1168/1083
f 1010/1168/1083 1011/1169/1084 824/949/886 823/947/884
f 1010/1168/1083 823/947/884 822/946/883 821/945/882
f 824/949/886 1011/1169/1084 1012/1170/1085 1013/1171/1086
f 1013/1171/1086 1014/1172/1087 1015/1173/1088 828/953/890
f 1013/1171/1086 828/953/890 825/950/887 824/949/886
f 1015/1173/1088 1016/1174/1089 1017/1175/1090 1018/1176/1091
f 1015/1173/1088 1018/1176/1091 829/954/891 828/953/890
f 1018/1176/1091 1017/1175/1090 1019/1177/1092 1368/1178/1093
f 1018/1176/1091 1368/1178/1093 1369/1179/1094
f 1368/1178/1093 1019/1177/1092 1020/1180/1095 1367/1181/1096
f 1367/1181/1096 1020/1180/1095 1021/1182/1097 1366/1183/1098
f 1366/1183/1098 1021/1182/1097 1380/1184/1099 1363/1185/1100
f 1378/1186/1101 1022/1187/1102 1023/1188/1103 1377/1189/1104
f 1024/956/893 1023/1188/1103 1397/1190/1105 1396/1191/1106
f 1024/956/893 1396/1191/1106 1395/1192/1107 1025/957/894
f 1025/957/894 1395/1192/1107 1394/1193/1108 1026/1194/1109
f 1026/1194/1109 1394/1193/1108 1393/1195/1110 1404/1196/1111
f 1404/1196/1111 1393/1195/1110 1392/1197/1112 1027/1198/1113
f 1027/1198/1113 1392/1197/1112 1391/1199/1114 1028/1200/1115
f 1028/1201/1115 1391/1202/1114 1390/1203/1116 1029/1204/1117
f 1030/1205/1118 1031/1206/1119 836/970/905 835/969/904
f 1031/1206/1119 1032/1207/1120 1033/971/906 836/970/905
f 1033/971/906 1032/1207/1120 1122/1208/1121 1034/972/907
f 1034/972/907 1122/1208/1121 1123/1209/1122 1035/973/908
f 1035/973/908 1123/1209/1122 1124/1210/1123 1036/1211/1124
f 1036/1211/1124 841/975/910 840/974/909 1035/973/908
f 1036/1211/1124 1037/1212/1125 1038/977/912 841/975/910
f 1038/977/912 1037/1212/1125 1127/1213/1126 1039/1214/1127
f 1039/1214/1127 845/980/915 843/978/913 1038/977/912
f 1039/1214/1127 1040/1215/1128 1041/1216/1129 845/980/915
f 1041/1216/1129 848/983/918 846/981/916 845/980/915
f 1041/1216/1129 1040/1215/1128 1130/1217/1130 1042/1218/1131
f 1041/1216/1129 1042/1218/1131 1043/1219/1132 848/983/918
f 1043/1219/1132 851/986/921 849/984/919 848/983/918
f 1043/1219/1132 1042/1218/1131 1044/1220/1133 1045/1221/1134
f 1043/1219/1132 1045/1221/1134 1046/1222/1135 851/986/921
f 1046/1222/1135 854/989/924 852/987/922 851/986/921
f 1046/1222/1135 1045/1221/1134 1047/1223/1136 1048/1224/1137
f 1046/1222/1135 1048/1224/1137 1049/1225/1138 854/989/924
f 1049/1225/1138 857/991/926 855/990/925 854/989/924
f 1049/1225/1138 1048/1224/1137 1050/1226/1139 1051/1227/1140
f 1049/1225/1138 1051/1227/1140 1052/1228/1141 857/991/926
f 1052/1228/1141 859/993/928 858/992/927 857/991/926
f 1052/1228/1141 1051/1227/1140 1053/1229/1142 1054/1230/1143
f 1052/1228/1141 1054/1230/1143 1055/994/929 859/993/928
f 1055/1231/929 1054/1232/1143 1056/1233/1144 1057/1234/1145
f 1057/1234/1145 862/997/931 861/996/930 1055/1231/929
f 1057/1234/1145 1058/1235/1146 1059/998/932 862/997/931
f 1059/998/932 1058/1235/1146 1093/1236/1147 1060/1237/1148
f 1060/1237/1148 865/1000/934 864/999/933 1059/998/932
f 1060/1237/1148 1061/1238/1149 1062/1001/935 865/1000/934
f 1062/1001/935 1061/1238/1149 1014/1172/1087 1063/1239/1150
f 1063/1239/1150 868/1003/937 867/1002/936 1062/1001/935
f 1063/1239/1150 1012/1170/1085 1064/1004/938 868/1003/937
f 1064/1004/938 1012/1170/1085 1011/1169/1084 1065/1240/1151
f 1065/1240/1151 871/1006/940 870/1005/939 1064/1004/938
f 1065/1240/1151 1009/1167/1082 1066/1007/941 871/1006/940
f 1066/1007/941 1009/1167/1082 1008/1166/1081 1067/1241/1152
f 1067/1241/1152 874/1009/943 873/1008/942 1066/1007/941
f 1067/1241/1152 1006/1164/1079 1068/1011/945 874/1009/943
f 1068/1011/945 1006/1164/1079 1005/1163/1078 1069/1242/1153
f 1069/1242/1153 878/1013/947 876/1012/946 1068/1011/945
f 1069/1242/1153 1003/1161/1076 1070/1243/1154 878/1013/947
f 1070/1243/1154 880/1015/949 879/1014/948 878/1013/947
f 1070/1243/1154 1003/1161/1076 1002/1160/1075 1071/1244/1155
f 1070/1243/1154 1071/1244/1155 1072/1016/950 880/1015/949
f 1072/1016/950 1071/1244/1155 1000/1158/1073 1073/1245/1156
f 1073/1245/1156 883/1018/952 882/1017/951 1072/1016/950
f 1073/1245/1156 998/1154/1071 1074/1019/953 883/1018/952
f 1074/1019/953 998/1154/1071 996/1153/1069 1075/1246/1157
f 1075/1246/1157 886/1021/955 885/1020/954 1074/1019/953
f 1075/1247/1157 994/1148/1067 1076/1025/957 886/1024/955
f 1076/1025/957 994/1148/1067 993/1147/1066 1077/1248/1158
f 1077/1248/1158 890/1029/960 888/1026/958 1076/1025/957
f 1077/1248/1158 991/1145/1064 1078/1249/1159 890/1029/960
f 1078/1249/1159 893/1032/963 891/1030/961 890/1029/960
f 1078/1249/1159 991/1145/1064 990/1144/1063 1079/1250/1160
f 1078/1249/1159 1079/1250/1160 1080/1251/1161 893/1032/963
f 1080/1251/1161 896/1035/966 894/1033/964 893/1032/963
f 1080/1251/1161 1079/1250/1160 988/1142/1061 1081/1252/1162
f 1080/1251/1161 1081/1252/1162 1082/1253/1163 896/1035/966
f 1082/1253/1163 1351/1038/969 1350/1036/967 896/1035/966
f 1082/1253/1163 1081/1252/1162 986/1140/1059 1083/1254/1164
f 1082/1253/1163 1083/1254/1164 1355/1255/1165 1351/1038/969
f 1355/1255/1165 900/1041/972 898/1039/970 1351/1038/969
f 1355/1255/1165 1083/1254/1164 983/1137/1056 1084/1256/1166
f 1355/1255/1165 1084/1256/1166 1085/1257/1167 900/1041/972
f 1085/1257/1167 903/1044/975 901/1042/973 900/1041/972
f 1085/1257/1167 1084/1256/1166 1354/1134/1053 1086/1258/1168
f 1085/1257/1167 1086/1258/1168 1087/1259/1169 903/1044/975
f 1087/1259/1169 906/1046/977 904/1045/976 903/1044/975
f 1087/1259/1169 1086/1258/1168 979/1131/1050 1088/1260/1170
f 1087/1259/1169 1088/1260/1170 1089/1261/1171 906/1046/977
f 1089/1261/1171 908/1048/979 907/1047/978 906/1046/977
f 1089/1261/1171 1088/1260/1170 977/1128/1047 1090/1262/1172
f 1089/1261/1171 1090/1262/1172 1091/1049/980 908/1048/979
f 1091/1049/980 1090/1262/1172 974/1125/1044 1092/1263/1173
f 1092/1263/1173 911/1051/982 910/1050/981 1091/1049/980
f 1092/1263/1173 969/1121/1040 968/1052/983 911/1051/982
f 1092/1263/1173 974/1125/1044 971/1122/1041 969/1121/1040
f 1090/1262/1172 977/1128/1047 975/1126/1045 974/1125/1044
f 1088/1260/1170 979/1131/1050 978/1129/1048 977/1128/1047
f 1086/1258/1168 1354/1134/1053 1353/1132/1051 979/1131/1050
f 1084/1256/1166 983/1137/1056 981/1135/1054 1354/1134/1053
f 1083/1254/1164 986/1140/1059 984/1138/1057 983/1137/1056
f 1081/1252/1162 988/1142/1061 987/1141/1060 986/1140/1059
f 1079/1250/1160 990/1144/1063 989/1143/1062 988/1142/1061
f 1077/1248/1158 993/1147/1066 992/1146/1065 991/1145/1064
f 1075/1247/1157 996/1150/1069 995/1149/1068 994/1148/1067
f 1073/1245/1156 1000/1158/1073 999/1155/1072 998/1154/1071
f 1071/1244/1155 1002/1160/1075 1001/1159/1074 1000/1158/1073
f 1069/1242/1153 1005/1163/1078 1004/1162/1077 1003/1161/1076
f 1067/1241/1152 1008/1166/1081 1007/1165/1080 1006/1164/1079
f 1065/1240/1151 1011/1169/1084 1010/1168/1083 1009/1167/1082
f 1063/1239/1150 1014/1172/1087 1013/1171/1086 1012/1170/1085
f 1061/1238/1149 1060/1237/1148 1093/1236/1147 1016/1174/1089
f 1061/1238/1149 1016/1174/1089 1015/1173/1088 1014/1172/1087
f 1093/1236/1147 1058/1235/1146 1094/1264/1174 1095/1265/1175
f 1093/1236/1147 1095/1265/1175 1017/1175/1090 1016/1174/1089
f 1095/1265/1175 1094/1264/1174 1096/1266/1176 1097/1267/1177
f 1095/1265/1175 1097/1267/1177 1019/1177/1092 1017/1175/1090
f 1097/1267/1177 1096/1266/1176 1098/1268/1178 1099/1269/1179
f 1097/1267/1177 1099/1269/1179 1020/1180/1095 1019/1177/1092
f 1099/1269/1179 1098/1268/1178 1100/1270/1180 1101/1271/1181
f 1099/1269/1179 1101/1271/1181 1021/1182/1097 1020/1180/1095
f 1101/1271/1181 1100/1270/1180 1102/1272/1182 1103/1273/1183
f 1103/1273/1183 1102/1272/1182 1104/1274/1184 1105/1275/1185
f 1381/1276/1186 1356/1277/1187 1363/1185/1100 1380/1184/1099
f 1105/1275/1185 1104/1274/1184 1147/1278/1188 1106/1279/1189
f 1383/1280/1190 1364/1281/1191 1365/1282/1192 1382/1283/1193
f 1362/1284/1194 1107/1285/1195 1361/1286/1196
f 1400/1287/1197 1150/1288/1198 1108/1289/1199 1399/1290/1200
f 1107/1285/1195 1399/1290/1200 1398/1291/1201 1022/1187/1102
f 1109/1292/1202 1110/1293/1203 1397/1190/1105 1398/1291/1201
f 1110/1293/1203 1109/1292/1202 1153/1294/1204 1157/1295/1205
f 1110/1293/1203 1157/1295/1205 1159/1296/1206 1111/1297/1207
f 1111/1297/1207 1159/1296/1206 1161/1298/1208 1112/1299/1209
f 1112/1299/1209 1161/1298/1208 1163/1300/1210 1113/1301/1211
f 1113/1301/1211 1163/1300/1210 1165/1302/1212 1114/1303/1213
f 1114/1303/1213 1165/1302/1212 1167/1304/1214 1115/1305/1215
f 1115/1305/1215 1167/1304/1214 1169/1306/1216 1116/1307/1217
f 1116/1308/1217 1169/1309/1216 1171/1310/1218 1117/1311/1219
f 1118/1312/1220 1119/1313/1221 1031/1206/1119 1030/1205/1118
f 1119/1313/1221 1120/1314/1222 1032/1207/1120 1031/1206/1119
f 1120/1314/1222 1121/1315/1223 1122/1208/1121 1032/1207/1120
f 1122/1208/1121 1121/1315/1223 1177/1316/1224 1123/1209/1122
f 1123/1209/1122 1177/1316/1224 1179/1317/1225 1124/1210/1123
f 1124/1210/1123 1179/1317/1225 1181/1318/1226 1125/1319/1227
f 1125/1319/1227 1037/1212/1125 1036/1211/1124 1124/1210/1123
f 1125/1319/1227 1126/1320/1228 1127/1213/1126 1037/1212/1125
f 1127/1213/1126 1126/1320/1228 1185/1321/1229 1128/1322/1230
f 1128/1322/1230 1040/1215/1128 1039/1214/1127 1127/1213/1126
f 1128/1322/1230 1129/1323/1231 1130/1217/1130 1040/1215/1128
f 1130/1217/1130 1129/1323/1231 1188/1324/1232 1131/1325/1233
f 1131/1325/1233 1044/1220/1133 1042/1218/1131 1130/1217/1130
f 1131/1325/1233 1132/1326/1234 1133/1327/1235 1044/1220/1133
f 1133/1327/1235 1047/1223/1136 1045/1221/1134 1044/1220/1133
f 1133/1327/1235 1132/1326/1234 1191/1328/1236 1134/1329/1237
f 1133/1327/1235 1134/1329/1237 1135/1330/1238 1047/1223/1136
f 1135/1330/1238 1050/1226/1139 1048/1224/1137 1047/1223/1136
f 1135/1330/1238 1134/1329/1237 1136/1331/1239 1137/1332/1240
f 1135/1330/1238 1137/1332/1240 1138/1333/1241 1050/1226/1139
f 1138/1333/1241 1053/1229/1142 1051/1227/1140 1050/1226/1139
f 1138/1334/1241 1137/1335/1240 1139/1336/1242 1140/1337/1243
f 1138/1334/1241 1140/1337/1243 1141/1338/1244 1053/1339/1142
f 1141/1338/1244 1056/1233/1144 1054/1232/1143 1053/1339/1142
f 1141/1338/1244 1140/1337/1243 1098/1268/1178 1096/1266/1176
f 1141/1338/1244 1096/1266/1176 1094/1264/1174 1056/1233/1144
f 1140/1337/1243 1139/1336/1242 1100/1270/1180 1098/1268/1178
f 1139/1336/1242 1137/1335/1240 1136/1340/1239 1142/1341/1245
f 1139/1336/1242 1142/1341/1245 1102/1272/1182 1100/1270/1180
f 1142/1341/1245 1136/1340/1239 1143/1342/1246 1144/1343/1247
f 1142/1341/1245 1144/1343/1247 1104/1274/1184 1102/1272/1182
f 1144/1343/1247 1143/1342/1246 1145/1344/1248 1146/1345/1249
f 1144/1343/1247 1146/1345/1249 1147/1278/1188 1104/1274/1184
f 1147/1278/1188 1146/1345/1249 1194/1346/1250 1148/1347/1251
f 1147/1278/1188 1148/1347/1251 1149/1348/1252 1106/1279/1189
f 1385/1349/1253 1149/1348/1252 1150/1288/1198 1400/1287/1197
f 1150/1288/1198 1149/1348/1252 1197/1350/1254 1151/1351/1255
f 1150/1288/1198 1151/1351/1255 1152/1352/1256 1108/1289/1199
f 1152/1352/1256 1153/1294/1204 1109/1292/1202 1108/1289/1199
f 1153/1294/1204 1152/1352/1256 1154/1353/1257 1155/1354/1258
f 1153/1294/1204 1155/1354/1258 1156/1355/1259 1157/1295/1205
f 1157/1295/1205 1156/1355/1259 1158/1356/1260 1159/1296/1206
f 1159/1296/1206 1158/1356/1260 1160/1357/1261 1161/1298/1208
f 1161/1298/1208 1160/1357/1261 1162/1358/1262 1163/1300/1210
f 1163/1300/1210 1162/1358/1262 1164/1359/1263 1165/1302/1212
f 1165/1302/1212 1164/1359/1263 1166/1360/1264 1167/1304/1214
f 1167/1304/1214 1166/1360/1264 1168/1361/1265 1169/1306/1216
f 1169/1309/1216 1168/1362/1265 1170/1363/1266 1171/1310/1218
f 1172/1364/1267 1173/1365/1268 1119/1313/1221 1118/1312/1220
f 1173/1365/1268 1174/1366/1269 1120/1314/1222 1119/1313/1221
f 1174/1366/1269 1175/1367/1270 1121/1315/1223 1120/1314/1222
f 1175/1367/1270 1176/1368/1271 1177/1316/1224 1121/1315/1223
f 1177/1316/1224 1176/1368/1271 1178/1369/1272 1179/1317/1225
f 1179/1317/1225 1178/1369/1272 1180/1370/1273 1181/1318/1226
f 1181/1318/1226 1180/1370/1273 1182/1371/1274 1183/1372/1275
f 1183/1372/1275 1126/1320/1228 1125/1319/1227 1181/1318/1226
f 1183/1372/1275 1184/1373/1276 1185/1321/1229 1126/1320/1228
f 1185/1321/1229 1184/1373/1276 1210/1374/1277 1186/1375/1278
f 1186/1375/1278 1129/1323/1231 1128/1322/1230 1185/1321/1229
f 1186/1375/1278 1187/1376/1279 1188/1324/1232 1129/1323/1231
f 1188/1324/1232 1187/1376/1279 1213/1377/1280 1189/1378/1281
f 1189/1378/1281 1132/1326/1234 1131/1325/1233 1188/1324/1232
f 1189/1378/1281 1190/1379/1282 1191/1328/1236 1132/1326/1234
f 1191/1328/1236 1190/1379/1282 1145/1380/1248 1143/1381/1246
f 1190/1379/1282 1189/1378/1281 1213/1377/1280 1192/1382/1283
f 1190/1379/1282 1192/1382/1283 1193/1383/1284 1145/1380/1248
f 1193/1384/1284 1194/1346/1250 1146/1345/1249 1145/1344/1248
f 1194/1346/1250 1193/1384/1284 1202/1385/1285 1195/1386/1286
f 1194/1346/1250 1195/1386/1286 1196/1387/1287 1148/1347/1251
f 1196/1387/1287 1197/1350/1254 1149/1348/1252 1148/1347/1251
f 1197/1350/1254 1196/1387/1287 1198/1388/1288 1199/1389/1289
f 1197/1350/1254 1199/1389/1289 1200/1390/1290 1151/1351/1255
f 1200/1390/1290 1154/1353/1257 1152/1352/1256 1151/1351/1255
f 1198/1388/1288 1196/1387/1287 1195/1386/1286 1201/1391/1291
f 1201/1391/1291 1195/1386/1286 1202/1385/1285 1203/1392/1292
f 1203/1393/1292 1202/1394/1285 1204/1395/1293 1205/1396/1294
f 1205/1396/1294 1204/1395/1293 1206/1397/1295 1207/1398/1296
f 1207/1398/1296 1206/1397/1295 1208/1399/1297 1209/1400/1298
f 1209/1400/1298 1208/1399/1297 1210/1374/1277 1211/1401/1299
f 1211/1401/1299 1210/1374/1277 1184/1373/1276 1212/1402/1300
f 1212/1402/1300 1184/1373/1276 1183/1372/1275 1182/1371/1274
f 1208/1399/1297 1187/1376/1279 1186/1375/1278 1210/1374/1277
f 1208/1399/1297 1206/1397/1295 1213/1377/1280 1187/1376/1279
f 1213/1377/1280 1206/1397/1295 1204/1395/1293 1192/1382/1283
f 1204/1395/1293 1202/1394/1285 1193/1383/1284 1192/1382/1283
f 1143/1381/1246 1136/1331/1239 1134/1329/1237 1191/1328/1236
f 1094/1264/1174 1058/1235/1146 1057/1234/1145 1056/1233/1144
f 967/1117/1038 914/1054/985 913/1053/984 968/1052/983
f 967/1117/1038 966/1116/1037 965/1055/986 914/1054/985
f 964/1115/1036 917/1057/988 916/1056/987 965/1055/986
f 964/1113/1036 963/1112/1035 1214/1060/989 917/1059/988
f 1214/1060/989 963/1112/1035 962/1111/1034 1215/1403/1301
f 1215/1403/1301 920/1062/991 919/1061/990 1214/1060/989
f 1215/1403/1301 1216/1404/1302 1217/1064/993 920/1062/991
f 1217/1064/993 1216/1404/1302 1218/1405/1303 1219/1406/1304
f 1219/1406/1304 924/1067/996 922/1065/994 1217/1064/993
f 1219/1406/1304 1220/1407/1305 1221/1408/1306 924/1067/996
f 1221/1408/1306 927/1070/999 925/1068/997 924/1067/996
f 1221/1408/1306 1220/1407/1305 1222/1409/1307 1223/1410/1308
f 1221/1408/1306 1223/1410/1308 1224/1411/1309 927/1070/999
f 1224/1411/1309 930/1073/1002 928/1071/1000 927/1070/999
f 1224/1411/1309 1223/1410/1308 1225/1412/1310 1226/1413/1311
f 1224/1411/1309 1226/1413/1311 1227/1414/1312 930/1073/1002
f 1227/1414/1312 933/1076/1005 931/1074/1003 930/1073/1002
f 1227/1414/1312 1226/1413/1311 1228/1415/1313 1229/1416/1314
f 1227/1414/1312 1229/1416/1314 935/1078/1007 933/1076/1005
f 1229/1416/1314 1228/1415/1313 1230/1417/1315 1231/1418/1316
f 1229/1416/1314 1231/1418/1316 941/1084/1013 935/1078/1007
f 1231/1418/1316 1230/1417/1315 950/1099/1022 944/1088/1016
f 1231/1418/1316 944/1088/1016 942/1085/1014 941/1084/1013
f 1230/1417/1315 1228/1415/1313 1232/1419/1317 952/1101/1024
f 1230/1417/1315 952/1101/1024 951/1100/1023 950/1099/1022
f 1232/1419/1317 1228/1415/1313 1226/1413/1311 1225/1412/1310
f 1232/1419/1317 1225/1412/1310 955/1104/1027 954/1103/1026
f 1232/1419/1317 954/1103/1026 953/1102/1025 952/1101/1024
f 955/1104/1027 1225/1412/1310 1223/1410/1308 1222/1409/1307
f 1222/1409/1307 1220/1407/1305 958/1107/1030 957/1106/1029
f 1222/1409/1307 957/1106/1029 956/1105/1028 955/1104/1027
f 958/1107/1030 1220/1407/1305 1219/1406/1304 1218/1405/1303
f 1218/1405/1303 1216/1404/1302 961/1110/1033 960/1109/1032
f 1218/1405/1303 960/1109/1032 959/1108/1031 958/1107/1030
f 1216/1404/1302 1215/1403/1301 962/1111/1034 961/1110/1033
f 950/1099/1022 947/1096/1019 945/1089/1017 944/1088/1016
f 941/1084/1013 938/1081/1010 936/1079/1008 935/1078/1007
f 758/873/817 756/871/815 751/861/805 750/860/804
f 738/845/792 731/836/784 727/832/780 726/831/779
f 734/839/787 316/346/325 314/344/323 1233/1420/1318
f 734/839/787 1233/1420/1318 730/835/783 729/834/782
f 734/839/787 72/74/72 71/73/71 316/346/325
f 1233/1420/1318 314/344/323 312/342/321 311/341/320
f 1233/1420/1318 311/341/320 90/97/93 730/835/783
f 730/835/783 90/97/93 89/96/92 725/830/778
f 710/815/763 1234/1421/1319 1235/1422/1320 1236/1423/1321
f 710/815/763 1236/1423/1321 705/810/758 704/809/757
f 710/815/763 709/814/762 30/19/19 1234/1421/1319
f 1236/1424/1321 1235/1425/1320 291/316/300 1237/1426/1322
f 1236/1424/1321 1237/1426/1322 1238/1427/1323 705/1428/758
f 1238/1427/1323 1237/1426/1322 286/311/295 1239/1429/1324
f 1238/1427/1323 1239/1429/1324 1240/1430/1325 700/802/753
f 1238/1427/1323 700/802/753 699/801/752 705/1428/758
f 1240/1430/1325 1239/1429/1324 281/306/290 1241/1431/1326
f 1240/1430/1325 1241/1431/1326 1242/1432/1327 696/797/748
f 1240/1430/1325 696/797/748 695/796/747 700/802/753
f 1242/1432/1327 1241/1431/1326 276/301/285 1243/1433/1328
f 1242/1432/1327 1243/1433/1328 1244/1434/1329 692/793/744
f 1242/1432/1327 692/793/744 691/792/743 696/797/748
f 1244/1434/1329 1243/1433/1328 271/296/280 1245/1435/1330
f 1244/1434/1329 1245/1435/1330 686/787/738 689/786/737
f 1244/1434/1329 689/786/737 688/789/740 692/793/744
f 686/787/738 1245/1435/1330 266/291/275 1246/1436/1331
f 1246/1436/1331 261/286/270 681/781/732 684/780/731
f 1246/1436/1331 684/780/731 683/783/734 686/787/738
f 681/781/732 261/286/270 257/282/266 1247/1437/1332
f 1247/1437/1332 253/278/262 676/775/726 679/774/725
f 1247/1437/1332 679/774/725 678/777/728 681/781/732
f 676/775/726 253/278/262 250/276/260 1248/1438/1333
f 1248/1438/1333 247/272/256 671/769/720 674/768/719
f 1248/1438/1333 674/768/719 673/771/722 676/775/726
f 671/769/720 247/272/256 245/270/254 1249/1439/1334
f 1249/1439/1334 242/266/250 664/762/713 668/761/712
f 1249/1439/1334 668/761/712 667/765/716 671/769/720
f 664/762/713 242/266/250 239/265/248 1250/1440/1335
f 1250/1441/1335 236/258/244 1251/1442/1336 660/1443/708
f 1250/1440/1335 660/757/708 659/756/707 664/762/713
f 1251/1442/1336 236/258/244 233/256/242 1252/1444/1337
f 1251/1442/1336 1252/1444/1337 1253/1445/1338 655/750/703
f 1251/1442/1336 655/750/703 654/749/702 660/1443/708
f 1253/1445/1338 1252/1444/1337 230/252/238 1254/1446/1339
f 1253/1445/1338 1254/1446/1339 1255/1447/1340 651/742/698
f 1253/1445/1338 651/742/698 650/741/697 655/750/703
f 1255/1447/1340 1254/1446/1339 226/249/235 1256/1448/1341
f 1255/1447/1340 1256/1448/1341 1257/1449/1342 1346/737/693
f 1255/1447/1340 1346/737/693 646/736/692 651/742/698
f 1257/1449/1342 1256/1448/1341 222/244/230 1258/1450/1343
f 1257/1449/1342 1258/1450/1343 1259/1451/1344 642/732/688
f 1257/1449/1342 642/732/688 641/731/687 1346/737/693
f 1259/1451/1344 1258/1450/1343 1343/239/225 1260/1452/1345
f 1259/1451/1344 1260/1452/1345 1261/1453/1346 638/727/683
f 1259/1451/1344 638/727/683 637/726/682 642/732/688
f 1261/1453/1346 1260/1452/1345 213/234/220 1262/1454/1347
f 1261/1453/1346 1262/1454/1347 1263/1455/1348 634/723/679
f 1261/1453/1346 634/723/679 633/722/678 638/727/683
f 1263/1455/1348 1262/1454/1347 209/230/216 1264/1456/1349
f 1263/1455/1348 1264/1456/1349 628/717/673 631/716/672
f 1263/1455/1348 631/716/672 630/719/675 634/723/679
f 628/717/673 1264/1456/1349 205/225/211 1265/1457/1350
f 1265/1457/1350 201/221/207 623/711/667 626/710/666
f 1265/1457/1350 626/710/666 625/713/669 628/717/673
f 623/711/667 201/221/207 197/217/203 1266/1458/1351
f 1266/1458/1351 193/213/199 617/704/660 620/703/659
f 1266/1458/1351 620/703/659 619/707/663 623/711/667
f 617/704/660 193/213/199 190/211/197 1267/1459/1352
f 1267/1459/1352 187/207/193 1268/1460/1353 614/700/656
f 1267/1459/1352 614/700/656 613/699/655 617/704/660
f 1268/1460/1353 187/207/193 184/205/191 1269/1461/1354
f 1268/1460/1353 1269/1461/1354 608/694/650 611/693/649
f 1268/1460/1353 611/693/649 610/696/652 614/700/656
f 608/694/650 1269/1461/1354 181/201/187 1270/1462/1355
f 1270/1462/1355 177/1463/184 603/688/644 606/687/643
f 1270/1462/1355 606/687/643 605/690/646 608/694/650
f 603/1464/644 177/196/184 174/192/180 1271/1465/1356
f 1271/1465/1356 170/188/176 598/680/638 601/679/637
f 1271/1465/1356 601/679/637 600/682/640 603/1464/644
f 598/680/638 170/188/176 167/186/174 1272/1466/1357
f 1272/1466/1357 164/182/170 593/674/632 596/673/631
f 1272/1466/1357 596/673/631 595/676/634 598/680/638
f 593/674/632 164/182/170 161/180/168 1273/1467/1358
f 1273/1467/1358 158/176/164 588/668/626 591/667/625
f 1273/1467/1358 591/667/625 590/670/628 593/674/632
f 588/668/626 158/176/164 155/174/162 1274/1468/1359
f 1274/1468/1359 152/170/158 581/661/619 585/660/618
f 1274/1468/1359 585/660/618 584/664/622 588/668/626
f 581/661/619 152/170/158 149/168/156 1275/1469/1360
f 1275/1469/1360 146/164/152 1276/1470/1361 577/656/614
f 1275/1469/1360 577/656/614 576/655/613 581/661/619
f 1276/1470/1361 146/164/152 143/162/150 1277/1471/1362
f 1276/1470/1361 1277/1471/1362 1278/1472/1363 572/651/609
f 1276/1470/1361 572/651/609 571/650/608 577/656/614
f 1278/1472/1363 1277/1471/1362 140/158/146 1279/1473/1364
f 1278/1472/1363 1279/1473/1364 4/27/27 39/30/30
f 1278/1472/1363 39/30/30 567/646/604 572/651/609
f 1279/1473/1364 140/158/146 137/156/144 136/155/143
f 1279/1473/1364 136/155/143 40/31/31 4/27/27
f 1277/1471/1362 143/162/150 141/159/147 140/158/146
f 1275/1469/1360 149/168/156 147/165/153 146/164/152
f 1274/1468/1359 155/174/162 153/171/159 152/170/158
f 1273/1467/1358 161/180/168 159/177/165 158/176/164
f 1272/1466/1357 167/186/174 165/183/171 164/182/170
f 1271/1465/1356 174/192/180 171/189/177 170/188/176
f 1270/1462/1355 181/201/187 178/200/185 177/1463/184
f 1269/1461/1354 184/205/191 182/202/188 181/201/187
f 1267/1459/1352 190/211/197 188/208/194 187/207/193
f 1266/1458/1351 197/217/203 194/214/200 193/213/199
f 1265/1457/1350 205/225/211 202/222/208 201/221/207
f 1264/1456/1349 209/230/216 206/226/212 205/225/211
f 1262/1454/1347 213/234/220 210/231/217 209/230/216
f 1260/1452/1345 1343/239/225 214/235/221 213/234/220
f 1258/1450/1343 222/244/230 218/240/226 1343/239/225
f 1256/1448/1341 226/249/235 223/245/231 222/244/230
f 1254/1446/1339 230/252/238 227/250/236 226/249/235
f 1252/1444/1337 233/256/242 231/253/239 230/252/238
f 1250/1441/1335 239/262/248 237/259/245 236/258/244
f 1249/1439/1334 245/270/254 243/267/251 242/266/250
f 1248/1438/1333 250/276/260 248/273/257 247/272/256
f 1247/1437/1332 257/282/266 254/279/263 253/278/262
f 1246/1436/1331 266/291/275 262/287/271 261/286/270
f 1245/1435/1330 271/296/280 267/292/276 266/291/275
f 1243/1433/1328 276/301/285 272/297/281 271/296/280
f 1241/1431/1326 281/306/290 277/302/286 276/301/285
f 1239/1429/1324 286/311/295 282/307/291 281/306/290
f 1237/1426/1322 291/316/300 287/312/296 286/311/295
f 1235/1425/1320 296/321/305 292/317/301 291/316/300
f 1235/1422/1320 1234/1421/1319 1280/1474/1365 296/1475/305
f 1280/1474/1365 94/101/97 297/327/306 296/1475/305
f 1280/1474/1365 1234/1421/1319 30/19/19 29/18/18
f 1280/1474/1365 29/18/18 33/22/22 94/101/97
f 557/630/591 113/1476/117 76/79/77 75/78/76
f 366/407/383 365/406/382 1281/1477/1366 36/26/26
f 1281/1477/1366 1444/1478/1367 1445/1479/1368 1282/1480/1369
f 1281/1477/1366 1282/1480/1369 34/24/24 36/26/26
f 1281/1477/1366 365/406/382 1443/405/381 1444/1478/1367
f 1282/1480/1369 1445/1479/1368 1446/1481/87 85/1482/86
f 1282/1480/1369 85/1482/86 24/15/15 34/24/24
f 364/1483/1370 1283/1484/1371 68/68/68 74/76/74
f 364/1483/1370 361/400/376 360/399/375 1283/1484/1371
f 1283/1484/1371 321/353/330 69/69/69 68/68/68
f 1283/1484/1371 360/399/375 323/355/332 321/353/330
f 311/341/320 307/336/316 91/98/94 90/97/93
f 280/305/289 66/65/65 275/300/284 274/299/283
f 217/238/224 104/114/110 108/118/114 212/233/219
f 208/229/215 103/113/109 98/107/103 1341/106/102
f 208/229/215 1341/106/102 99/108/104 204/224/210
f 208/229/215 1342/228/214 108/118/114 103/113/109
f 200/220/206 199/219/205 99/108/104 97/105/101
f 136/155/143 133/151/139 132/150/138 40/31/31
f 132/150/138 128/146/134 127/145/133 1284/1485/1372
f 132/150/138 1284/1485/1372 41/32/32 40/31/31
f 1285/1486/1373 127/1487/133 123/138/129 122/137/128
f 117/127/122 76/79/77 113/1476/117 112/128/116
f 67/66/66 62/61/61 1423/1488/1374 1417/423/399
f 62/61/61 61/60/60 1424/1489/1375 1423/1488/1374
f 61/60/60 19/5/3 1413/8/8 1424/1489/1375
f 61/60/60 60/59/59 20/393/368 19/5/3
f 1286/1490/1376 1288/1491/1377 1289/1492/1378 1290/1493/1379
f 1286/1490/1376 1291/1494/1380 1292/1495/1381 1288/1491/1377
f 1286/1490/1376 1290/1493/1379 1293/1496/1382 1291/1494/1380
f 1287/1497/1383 1294/1498/1384 1411/1499/1385 1296/1500/1386
f 1287/1497/1383 1406/1501/1387 1294/1498/1384
f 1287/1497/1383 1296/1500/1386 1299/1502/1388 1297/1503/1389
f 1288/1491/1377 1368/1178/1093 1367/1181/1096 1289/1492/1378
f 1367/1181/1096 1366/1183/1098 1300/1504/1390 1289/1492/1378
f 1300/1504/1390 1366/1183/1098 1363/1185/1100 1301/1505/1391
f 1300/1504/1390 1301/1505/1391 1302/1506/1392 1303/1507/1393
f 1300/1504/1390 1303/1507/1393 1290/1493/1379 1289/1492/1378
f 1303/1507/1393 1302/1506/1392 1304/1508/1394 1305/1509/1395
f 1303/1507/1393 1305/1509/1395 1293/1496/1382 1290/1493/1379
f 1305/1509/1395 1304/1508/1394 1306/1510/1396 1299/1502/1388
f 1305/1509/1395 1299/1502/1388 1296/1500/1386 1293/1496/1382
f 1306/1510/1396 1304/1508/1394 1307/1511/1397 1308/1512/1398
f 1306/1510/1396 1308/1512/1398 1309/1513/1399 1310/1514/1400
f 1306/1510/1396 1310/1514/1400 1297/1503/1389 1299/1502/1388
f 1310/1514/1400 1309/1513/1399 1311/1515/1401 1312/1516/1402
f 1310/1514/1400 1312/1516/1402 1298/1517/1403 1297/1503/1389
f 1312/1516/1402 1311/1515/1401 1313/1518/1404 1314/1519/1405
f 1312/1516/1402 1314/1519/1405 1315/1520/1406 1298/1517/1403
f 1315/1520/1406 1405/1521/1407 1406/1501/1387 1298/1517/1403
f 1315/1520/1406 1314/1519/1405 1357/618/579 1371/617/578
f 1370/1522/1408 1409/1523/1409 1412/1524/1410 1316/1525/1411
f 1317/1526/1412 1410/1527/1413 1369/1179/1094 1292/1495/1381
f 1317/1526/1412 1292/1495/1381 1291/1494/1380 1295/1528/1414
f 1317/1526/1412 1295/1528/1414 1411/1499/1385 1412/1524/1410
f 1357/618/579 1314/1519/1405 1313/1518/1404 1358/1529/1415
f 1358/1529/1415 1313/1518/1404 1318/1530/1416 1372/961/898
f 1372/961/898 1318/1530/1416 1319/1531/1417 1373/959/896
f 1373/959/896 1319/1531/1417 1320/1532/1418 1359/1533/1419
f 1320/1532/1418 1319/1531/1417 1321/1534/1420 1322/1535/1421
f 1322/1535/1421 1321/1534/1420 1323/1536/1422 1324/1537/1423
f 1324/1537/1423 1323/1536/1422 1325/1538/1424 1326/1539/1425
f 1326/1539/1425 1325/1538/1424 1327/1540/1426 1328/1541/1427
f 1328/1541/1427 1327/1540/1426 1329/1542/1428 1330/1543/1429
f 1330/1543/1429 1329/1542/1428 1331/1544/1430 1332/1545/1431
f 1332/1545/1431 1331/1544/1430 1364/1281/1191 1362/1284/1194
f 1364/1281/1191 1331/1544/1430 1333/1546/1432 1365/1282/1192
f 1365/1282/1192 1333/1546/1432 1334/1547/1433 1356/1277/1187
f 1356/1277/1187 1334/1547/1433 1301/1505/1391 1363/1185/1100
f 1334/1547/1433 1333/1546/1432 1335/1548/1434 1336/1549/1435
f 1334/1547/1433 1336/1549/1435 1302/1506/1392 1301/1505/1391
f 1336/1549/1435 1335/1548/1434 1337/1550/1436 1307/1511/1397
f 1336/1549/1435 1307/1511/1397 1304/1508/1394 1302/1506/1392
f 1337/1550/1436 1335/1548/1434 1329/1542/1428 1327/1540/1426
f 1337/1550/1436 1327/1540/1426 1325/1538/1424 1338/1551/1437
f 1337/1550/1436 1338/1551/1437 1308/1512/1398 1307/1511/1397
f 1338/1551/1437 1325/1538/1424 1323/1536/1422 1339/1552/1438
f 1338/1551/1437 1339/1552/1438 1309/1513/1399 1308/1512/1398
f 1339/1552/1438 1323/1536/1422 1321/1534/1420 1340/1553/1439
f 1339/1552/1438 1340/1553/1439 1311/1515/1401 1309/1513/1399
f 1340/1553/1439 1321/1534/1420 1319/1531/1417 1318/1530/1416
f 1340/1553/1439 1318/1530/1416 1313/1518/1404 1311/1515/1401
f 1335/1548/1434 1333/1546/1432 1331/1544/1430 1329/1542/1428
f 1368/1178/1093 1288/1491/1377 1292/1495/1381 1369/1179/1094
f 1296/1500/1386 1295/1528/1414 1291/1494/1380 1293/1496/1382
f 1407/1554/1440 1315/1520/1406 1371/617/578
f 1375/1555/1441 1025/957/894 1026/1194/1109 1374/1556/1442
f 1374/1556/1442 1026/1194/1109 1404/1196/1111 1359/1533/1419
f 1382/1283/1193 1365/1282/1192 1356/1277/1187 1381/1276/1186
f 1384/1557/1443 1362/1284/1194 1364/1281/1191 1383/1280/1190
f 1021/1182/1097 1101/1271/1181 1103/1273/1183 1380/1184/1099
f 1380/1184/1099 1103/1273/1183 1105/1275/1185 1381/1276/1186
f 1381/1276/1186 1105/1275/1185 1382/1283/1193
f 1382/1283/1193 1105/1275/1185 1383/1280/1190
f 1383/1280/1190 1105/1275/1185 1106/1279/1189 1384/1557/1443
f 1385/1349/1253 1384/1557/1443 1106/1279/1189 1149/1348/1252
f 1389/962/899 1404/1196/1111 1027/1198/1113 1388/963/900
f 1388/963/900 1027/1198/1113 1028/1200/1115 1387/964/901
f 1387/966/901 1028/1201/1115 1029/1204/1117 1386/967/902
f 1404/1196/1111 1389/962/899 1403/960/897
f 1397/1190/1105 1110/1293/1203 1111/1297/1207 1396/1191/1106
f 1396/1191/1106 1111/1297/1207 1112/1299/1209 1395/1192/1107
f 1395/1192/1107 1112/1299/1209 1113/1301/1211 1394/1193/1108
f 1394/1193/1108 1113/1301/1211 1114/1303/1213 1393/1195/1110
f 1393/1195/1110 1114/1303/1213 1115/1305/1215 1392/1197/1112
f 1392/1197/1112 1115/1305/1215 1116/1307/1217 1391/1199/1114
f 1391/1202/1114 1116/1308/1217 1117/1311/1219 1390/1203/1116
f 1399/1290/1200 1108/1289/1199 1109/1292/1202 1398/1291/1201
f 1397/1190/1105 1023/1188/1103 1022/1187/1102 1398/1291/1201
f 1399/1290/1200 1107/1285/1195 1362/1284/1194 1400/1287/1197
f 1400/1287/1197 1362/1284/1194 1384/1557/1443 1385/1349/1253
f 1379/1558/1444 1361/1286/1196 1107/1285/1195 1022/1187/1102
f 1320/1532/1418 1375/1555/1441 1374/1556/1442 1359/1533/1419
f 1324/1537/1423 1326/1539/1425 1377/1189/1104 1376/955/892
f 1322/1535/1421 1324/1537/1423 1376/955/892 1360/958/895
f 1320/1532/1418 1322/1535/1421 1360/958/895 1375/1555/1441
f 1326/1539/1425 1328/1541/1427 1378/1186/1101 1377/1189/1104
f 1328/1541/1427 1330/1543/1429 1379/1558/1444 1378/1186/1101
f 1330/1543/1429 1332/1545/1431 1361/1286/1196 1379/1558/1444
f 1332/1545/1431 1362/1284/1194 1361/1286/1196
f 1401/619/580 1357/618/579 1358/1529/1415 1402/620/581
f 1402/620/581 1358/1529/1415 1372/961/898 830/622/583
f 1403/960/897 1373/959/896 1359/1533/1419 1404/1196/1111
f 1287/1497/1383 1297/1503/1389 1298/1517/1403 1406/1501/1387
f 1405/1521/1407 1316/1525/1411 1294/1498/1384 1406/1501/1387
f 549/615/576 547/613/574 550/952/889
f 1370/1522/1408 1316/1525/1411 1405/1521/1407 1408/1559/1445
f 1371/617/578 551/616/577 549/615/576 1407/1554/1440
f 1408/1559/1445 550/952/889 1370/1522/1408
f 549/615/576 550/952/889 1408/1559/1445 1407/1554/1440
f 1407/1554/1440 1408/1559/1445 1405/1521/1407 1315/1520/1406
f 1370/1522/1408 550/952/889 827/951/888 1409/1523/1409
f 829/954/891 1018/1176/1091 1369/1179/1094 1410/1527/1413
f 827/951/888 829/954/891 1410/1527/1413 1409/1523/1409
f 1411/1499/1385 1295/1528/1414 1296/1500/1386
f 1409/1523/1409 1410/1527/1413 1317/1526/1412 1412/1524/1410
f 1411/1499/1385 1294/1498/1384 1316/1525/1411 1412/1524/1410
f 1/1/2 1439/10/10 23/1560/1446 1413/8/8
f 1421/275/259 249/441/417 1414/271/255
f 1415/421/397 378/426/402 379/425/401 1416/422/398
f 1416/422/398 379/425/401 67/66/66 1417/423/399
f 1415/421/397 376/420/396 380/869/813 1418/427/403
f 1419/439/415 392/867/811 393/442/418 1420/440/416
f 1420/440/416 393/442/418 249/441/417 1421/275/259
f 1419/439/415 390/437/413 383/430/406 1422/868/812
f 1422/868/812 383/430/406 381/428/404 1418/427/403
f 1423/1488/1374 50/1561/1447 49/424/400 1417/423/399
f 1424/1489/1375 51/1562/1448 50/1561/1447 1423/1488/1374
f 1413/8/8 23/1560/1446 51/1562/1448 1424/1489/1375
f 1430/44/44 49/424/400 50/1561/1447 1429/45/45
f 1429/45/45 50/1561/1447 51/1562/1448 1428/46/46
f 1428/46/46 51/1562/1448 23/1560/1446 1427/50/50
f 1427/50/50 23/1560/1446 1439/10/10 1426/41/41
f 1432/417/393 376/420/396 377/419/395 1431/418/394
f 1431/418/394 377/419/395 49/424/400 1430/44/44
f 1434/864/808 754/866/810 380/869/813 1433/865/809
f 1433/865/809 380/869/813 376/420/396 1432/417/393
f 1434/864/808 752/862/806 755/870/814 392/867/811
f 1435/2/4 16/392/367 17/397/372 1436/3/373
f 1437/363/340 331/366/343 332/365/342 1438/364/341
f 1437/363/340 329/361/338 18/4/5 1436/3/373
f 19/5/3 20/393/368 16/392/367 1435/2/4
f 1440/9/9 1425/36/36 1426/41/41 1439/10/10
f 1446/89/87 86/842/790 87/93/89 1447/90/88
f 1442/402/378 363/404/380 44/37/37 1441/403/379
f 1441/403/379 44/37/37 1425/36/36 1440/9/9
f 1442/402/378 361/400/376 364/1483/1370 1443/405/381
f 1444/1478/1367 74/76/74 73/75/73 1445/1479/1368
f 1443/405/381 364/1483/1370 74/76/74 1444/1478/1367
f 1445/1563/1368 73/843/73 86/842/790 1446/89/87
f 310/1564/319 309/1565/318 1448/1566/1449
f 309/1565/318 313/1567/322 1448/1566/1449
f 313/1567/322 315/1568/324 1448/1566/1449
f 315/1568/324 317/1569/326 1448/1566/1449
f 317/1569/326 318/1570/327 1448/1566/1449
f 318/1570/327 319/1571/328 1448/1566/1449
f 319/1571/328 320/1572/329 1448/1566/1449
f 320/1572/329 322/1573/331 1448/1566/1449
f 322/1573/331 324/1574/333 1448/1566/1449
f 324/1574/333 326/1575/335 1448/1566/1449
f 326/1575/335 328/1576/337 1448/1566/1449
f 328/1576/337 330/1577/339 1448/1566/1449
f 330/1577/339 1438/1578/341 1448/1566/1449
f 332/1579/342 334/1580/345 1448/1566/1449
f 334/1580/345 336/1581/347 1448/1566/1449
f 336/1581/347 338/1582/349 1448/1566/1449
f 338/1582/349 340/1583/351 1448/1566/1449
f 340/1583/351 342/1584/353 1448/1566/1449
f 342/1584/353 343/1585/354 1448/1566/1449
f 343/1585/354 310/1564/319 1448/1566/1449
f 1438/1578/341 332/1579/342 1448/1566/1449
f 1155/1354/1258 1154/1353/1257 1160/1357/1261
f 1154/1353/1257 1200/1390/1290 1162/1358/1262
f 1200/1390/1290 1199/1389/1289 1182/1371/1274
f 1199/1389/1289 1198/1388/1288 1212/1402/1300
f 1182/1371/1274 1199/1389/1289 1212/1402/1300
f 1198/1388/1288 1201/1391/1291 1212/1402/1300
f 1201/1391/1291 1203/1392/1292 1212/1402/1300
f 1203/1392/1292 1205/1396/1294 1211/1401/1299
f 1205/1396/1294 1207/1398/1296 1209/1400/1298
f 1211/1401/1299 1205/1396/1294 1209/1400/1298
f 1211/1401/1299 1212/1402/1300 1203/1392/1292
f 1182/1371/1274 1180/1370/1273 1164/1359/1263
f 1180/1370/1273 1178/1369/1272 1164/1359/1263
f 1182/1371/1274 1164/1359/1263 1162/1358/1262
f 1178/1369/1272 1176/1368/1271 1166/1360/1264
f 1176/1368/1271 1175/1367/1270 1168/1362/1265
f 1175/1367/1270 1174/1366/1269 1168/1362/1265
f 1174/1366/1269 1173/1365/1268 1170/1363/1266
f 1173/1365/1268 1172/1364/1267 1170/1363/1266
f 1170/1363/1266 1168/1362/1265 1174/1366/1269
f 1168/1362/1265 1166/1360/1264 1176/1368/1271
f 1166/1360/1264 1164/1359/1263 1178/1369/1272
f 1162/1358/1262 1160/1357/1261 1154/1353/1257
f 1160/1357/1261 1158/1356/1260 1156/1355/1259
f 1155/1354/1258 1160/1357/1261 1156/1355/1259
f 1162/1358/1262 1200/1390/1290 1182/1371/1274
f 1117/1311/1219 1171/1310/1218 835/969/904
f 43/34/34 42/33/33 562/637/595
f 42/33/33 41/32/32 1285/1486/1373
f 562/637/595 42/33/33 561/638/596
f 41/32/32 1284/1485/1372 1285/1486/1373
f 1284/1485/1372 127/1487/133 1285/1486/1373
f 1285/1486/1373 109/129/123 42/33/33
f 109/129/123 110/123/119 42/33/33
f 835/969/904 561/638/596 114/122/118
f 111/119/115 561/638/596 110/123/119
f 1172/1364/1267 1118/1312/1220 1170/1363/1266
f 1118/1312/1220 1030/1205/1118 1170/1363/1266
f 1170/1363/1266 1030/1205/1118 1171/1310/1218
f 1030/1205/1118 835/969/904 1171/1310/1218
f 561/638/596 111/119/115 114/122/118
f 1390/1203/1116 835/969/904 114/122/118
f 42/33/33 110/123/119 561/638/596
f 114/122/118 560/635/594 559/634/593
f 558/633/592 114/122/118 559/634/593
f 558/633/592 834/968/903 114/122/118
f 834/968/903 1386/967/902 114/122/118
f 1386/967/902 1029/1204/1117 114/122/118
f 1029/1204/1117 1390/1203/1116 114/122/118
f 1390/1203/1116 1117/1311/1219 835/969/904
