# Blender 5.0.1
# www.blender.org
mtllib pants_r.mtl
o Bottoms.027
v -88.177597 1.062579 -143.670517
v -88.777832 7.195751 -145.651840
v -87.597366 -1.916620 -146.020020
v -88.936516 1.094822 -140.997253
v -89.627556 7.907570 -143.231567
v -89.169060 0.964333 -138.460114
v -88.690544 -3.300114 -142.900879
v -89.323143 -3.685009 -140.607681
v -88.843796 -8.079957 -145.326080
v -86.789803 -5.488452 -148.559158
v -89.862663 -8.535808 -142.171051
v -88.876366 -10.664059 -147.307602
v -90.210777 -10.949481 -143.128281
v -85.944885 -7.872407 -152.264526
v -90.647354 -12.732442 -149.388214
v -91.516281 -14.323262 -154.887314
v -88.154716 -11.102266 -155.497543
v -92.282135 -12.836013 -144.153641
v -93.743172 -15.233023 -150.430344
v -97.225502 -16.291134 -151.048584
v -97.341705 -16.521690 -145.346375
v -97.230194 -16.726444 -140.556076
v -102.511269 -18.295132 -146.067734
v -101.980743 -18.763971 -141.660004
v -102.506310 -16.736328 -149.976807
v -107.833824 -16.511793 -149.099609
v -107.185059 -15.389102 -144.996582
v -107.473572 -16.288048 -142.242889
v -111.052002 -12.888055 -147.060547
v -110.417725 -14.755122 -143.360077
v -110.334969 -15.412967 -138.569580
v -112.807274 -13.276151 -143.464142
v -117.055023 -9.910696 -143.663239
v -112.424446 -14.580793 -139.197708
v -117.761620 -10.781445 -139.834015
v -113.277382 -15.370743 -133.632385
v -110.500664 -16.173010 -132.200760
v -118.190445 -11.114976 -133.922760
v -113.475983 -16.588032 -129.361404
v -110.346848 -16.528763 -129.013748
v -118.469055 -13.086402 -127.467438
v -113.341187 -16.386292 -126.560783
v -112.272652 -17.747278 -119.891853
v -110.188393 -16.410740 -125.360565
v -109.930199 -17.421091 -118.547935
v -108.165359 -16.616844 -125.353256
v -106.638031 -18.786238 -118.110481
v -102.849754 -17.691570 -124.030220
v -104.316437 -16.962229 -131.188095
v -107.848381 -17.066843 -131.746323
v -107.614975 -16.554188 -138.109406
v -105.091843 -17.778027 -137.245819
v -103.157272 -17.434444 -136.767441
v -98.032425 -16.447731 -135.693573
v -93.658684 -12.839159 -134.330811
v -98.290390 -15.853778 -128.835846
v -100.727989 -17.143045 -129.768387
v -93.930923 -13.238284 -127.254135
v -98.207230 -15.846425 -123.154724
v -96.005661 -16.037550 -115.418846
v -93.318489 -13.134989 -122.400116
v -102.189499 -17.417816 -116.792847
v -105.738037 -19.091026 -113.298286
v -101.301239 -18.637356 -112.123222
v -99.518478 -18.464348 -109.471458
v -99.553261 -17.917824 -104.034538
v -103.372185 -19.531811 -103.585960
v -95.786713 -15.671116 -109.156731
v -105.002922 -18.324911 -108.848282
v -109.904922 -18.431723 -108.621826
v -109.733124 -18.246004 -104.541504
v -112.931297 -19.005510 -112.575478
v -109.847252 -18.644886 -112.120438
v -112.542625 -18.948938 -105.447533
v -116.161995 -14.989964 -112.308418
v -117.806061 -14.920717 -106.759918
v -118.502037 -15.200614 -102.271843
v -121.979134 -10.455406 -107.161003
v -123.569122 -9.579785 -103.363029
v -125.519440 -8.999808 -108.607040
v -119.516640 -12.321367 -110.904579
v -122.458344 -11.701384 -114.737869
v -117.853073 -14.842716 -120.965637
v -123.350174 -9.963884 -117.766808
v -124.445526 -7.761382 -119.710800
v -125.750519 -8.626354 -113.665092
v -121.997017 -10.631837 -122.129616
v -123.234238 -9.371803 -128.713531
v -126.714020 -6.428173 -121.861443
v -126.780945 -4.964916 -129.162766
v -125.900055 -5.916718 -118.670731
v -128.345016 -2.638157 -120.461533
v -127.110764 0.060045 -120.873360
v -126.690079 0.777539 -127.858345
v -128.647156 -4.434780 -113.020279
v -128.293030 -6.069254 -108.178703
v -127.439224 -0.328338 -113.132469
v -127.989548 -0.776178 -108.065857
v -124.633209 1.754657 -113.013237
v -123.882706 2.347189 -120.631424
v -123.928932 4.104577 -113.078575
v -124.957382 1.562551 -106.404556
v -123.786064 4.776189 -109.444145
v -122.444099 7.927510 -106.770035
v -125.565712 1.703901 -98.148125
v -126.609695 -0.959041 -102.320335
v -125.939407 -5.016647 -98.345978
v -128.369965 -2.119186 -104.759186
v -127.220856 -6.639860 -104.352219
v -122.644241 -10.768883 -98.487152
v -125.792236 -6.131979 -92.764076
v -125.765556 -6.264888 -92.215797
v -122.921326 -12.145650 -92.548431
v -126.371521 1.213193 -92.565193
v -123.555756 5.518296 -92.047417
v -126.445633 1.127167 -92.014359
v -123.626068 5.411465 -91.410599
v -126.277824 0.957131 -91.170525
v -123.424065 5.235380 -90.679962
v -125.809952 -6.314258 -91.388985
v -125.656448 0.745399 -91.626816
v -124.484184 0.903838 -96.977234
v -125.241928 -6.319935 -91.562523
v -123.082001 5.100177 -90.667137
v -121.886215 5.549920 -96.765694
v -118.767441 10.178666 -90.776146
v -118.401344 10.944386 -97.048119
v -115.105820 15.825740 -91.581276
v -119.040390 10.329464 -90.708763
v -119.341141 10.612395 -91.504532
v -115.290382 16.035162 -91.518639
v -115.466888 16.343231 -92.235550
v -110.409637 19.670256 -91.461105
v -110.425224 19.855904 -92.050179
v -107.936722 19.802099 -91.380028
v -110.369553 19.432505 -91.489471
v -107.992462 19.584465 -91.397888
v -110.266556 19.132977 -96.897797
v -110.281914 18.849543 -104.015800
v -114.556351 15.964475 -97.373489
v -108.173698 19.322592 -96.730858
v -108.250732 19.063200 -103.571793
v -106.018723 18.348816 -96.677269
v -106.118202 18.167997 -103.211853
v -105.585129 18.538036 -91.582901
v -102.127808 14.460186 -96.678711
v -101.625862 14.282860 -92.272484
v -99.864616 10.892795 -96.537338
v -102.023552 14.438461 -102.235092
v -99.547966 11.110479 -102.011909
v -107.551727 0.335344 -102.250412
v -104.287201 -15.469882 -101.328041
v -107.508240 -15.830035 -101.899559
v -101.654297 -14.163981 -101.075897
v -99.768692 -12.176046 -101.038231
v -97.771164 -9.876234 -101.317543
v -116.586632 -13.024629 -103.522797
v -121.158966 -9.232545 -103.853882
v -120.844643 6.244266 -104.323288
v -118.116341 11.818461 -104.835999
v -114.171745 16.206118 -104.435905
v -123.503586 -4.368200 -103.991837
v -123.345062 0.918688 -103.908279
v -111.827011 -15.098062 -102.769989
v -97.478134 7.672635 -102.013687
v -95.891418 4.476079 -102.063385
v -94.492950 -1.578779 -101.971008
v -94.737144 -4.555779 -101.913185
v -95.928619 -7.417665 -101.647270
v -95.550339 -8.108920 -96.871323
v -94.270058 -5.065645 -96.932831
v -95.551964 -8.318001 -92.606682
v -97.255806 -10.791308 -96.590714
v -97.334641 -10.955426 -92.248428
v -99.080017 -13.383733 -96.263649
v -99.179237 -13.818891 -91.619194
v -100.887665 -15.910456 -96.091316
v -103.648941 -17.707359 -96.065117
v -100.709862 -16.550875 -91.103630
v -103.365929 -18.783699 -90.934647
v -100.506065 -16.810194 -91.066971
v -100.339714 -16.962318 -91.536018
v -103.266853 -19.073744 -90.929176
v -98.900826 -13.888341 -91.477425
v -98.612640 -14.003331 -91.977180
v -96.943535 -11.089110 -92.183388
v -96.670029 -11.198225 -92.515442
v -95.120399 -8.409168 -92.523140
v -94.799683 -8.465903 -92.816536
v -94.096054 -5.457295 -92.547630
v -93.636543 -5.450284 -92.834618
v -93.801994 -2.271405 -92.588539
v -94.295593 -5.320155 -93.040749
v -94.059525 -2.149439 -92.886620
v -93.983261 -1.758315 -96.961784
v -96.979164 3.884589 -92.695656
v -95.936577 4.356024 -96.884506
v -98.832237 6.849526 -92.640854
v -96.477478 3.942164 -92.576332
v -96.146347 4.026759 -92.815857
v -98.316048 6.936953 -92.455101
v -99.573517 10.627501 -92.254082
v -97.953682 7.049256 -92.728233
v -99.249176 10.742163 -92.519119
v -97.802536 7.172931 -93.184570
v -96.204758 8.120932 -97.552071
v -96.043732 4.110031 -93.280296
v -99.110146 10.890349 -92.984291
v -100.871742 14.722662 -93.072403
v -97.584442 12.013535 -97.465981
v -95.837074 13.732123 -103.941086
v -100.215958 15.816292 -97.935097
v -99.407547 17.347898 -104.522949
v -105.358345 19.815165 -98.005501
v -105.391739 19.054562 -92.657494
v -105.187630 21.649317 -105.101433
v -107.895027 20.711273 -98.174202
v -110.347244 20.442469 -98.357231
v -107.808365 22.183681 -105.787979
v -107.922989 20.078825 -92.552040
v -107.919846 19.969872 -91.925812
v -110.428375 19.944059 -92.681953
v -115.458275 16.464027 -92.845726
v -115.324600 17.391588 -98.517281
v -119.355743 10.772210 -92.165634
v -119.489838 12.118265 -98.584213
v -119.613281 13.905479 -105.718407
v -122.763931 6.276233 -98.365578
v -115.102570 18.419918 -105.624641
v -120.161705 14.694632 -108.006432
v -123.878944 9.051440 -108.789680
v -119.982529 16.003374 -112.714081
v -115.424622 19.751595 -107.859344
v -115.015228 20.100559 -112.373924
v -110.381310 23.189499 -108.504494
v -108.345924 24.214344 -109.913025
v -110.043571 21.847895 -106.589096
v -107.923180 22.571159 -107.407310
v -105.998093 22.401661 -108.110947
v -105.534828 22.162601 -110.488762
v -100.015884 17.933676 -109.802147
v -96.049667 14.358431 -109.167023
v -99.552994 18.718166 -115.480934
v -95.214096 15.246056 -114.854393
v -99.277809 18.564695 -121.383636
v -105.180237 21.823906 -115.824600
v -105.579468 21.572733 -122.299164
v -107.657768 23.392084 -116.794884
v -108.084198 23.644823 -122.862396
v -114.648048 21.063282 -118.629982
v -115.286278 22.780313 -124.913673
v -119.986862 17.377741 -119.454742
v -119.396385 18.080160 -125.754623
v -122.326546 10.146088 -120.112595
v -124.405487 9.804200 -113.049408
v -125.875397 7.186621 -120.546066
v -123.577866 12.569410 -126.968384
v -126.138779 8.492225 -127.252785
v -123.255325 12.997034 -133.607285
v -119.609123 18.894886 -132.376450
v -121.901146 12.270800 -140.657181
v -125.357712 8.208610 -134.759827
v -124.108887 5.961506 -134.912720
v -124.937943 7.895545 -141.216965
v -124.230339 7.262362 -145.908783
v -124.373390 3.331070 -141.665710
v -124.379349 3.420634 -134.646530
v -124.653610 1.174706 -141.583313
v -124.252930 3.131195 -146.604446
v -123.979095 2.474575 -151.095993
v -122.446198 -1.726932 -145.605011
v -121.742401 -2.341471 -150.108292
v -123.017357 -1.911185 -141.249557
v -119.978340 -5.809890 -144.164993
v -119.897614 -6.283869 -148.345047
v -120.862144 -6.285023 -140.418045
v -121.935318 -7.347210 -134.890549
v -125.058334 -2.894423 -135.354553
v -125.391289 1.089178 -135.159164
v -121.318314 -7.591442 -154.042191
v -115.877197 -10.025348 -147.294662
v -115.715347 -10.767826 -149.736969
v -116.427986 -12.254756 -151.835785
v -116.451210 -12.686547 -154.801270
v -112.635651 -15.434297 -150.905334
v -112.548096 -16.070940 -154.070053
v -112.285965 -15.946316 -158.997711
v -107.758690 -17.805035 -158.727524
v -108.022034 -15.503648 -153.076447
v -102.719109 -14.863227 -153.184128
v -102.477989 -16.547935 -158.342102
v -97.414093 -14.130653 -155.212997
v -97.768250 -14.664035 -158.189484
v -93.704475 -13.166800 -158.567856
v -88.350784 -12.365000 -159.881866
v -93.864548 -14.322203 -163.304626
v -89.435730 -12.285428 -164.042984
v -85.670654 -11.063114 -164.904938
v -85.957741 -12.680137 -169.772598
v -93.242928 -17.321367 -168.890182
v -85.487961 -17.249681 -175.740402
v -85.979950 -20.499943 -180.836426
v -93.301758 -20.418329 -174.407959
v -98.058586 -21.703169 -174.468491
v -93.067825 -23.536432 -180.026459
v -98.981743 -24.105587 -180.454208
v -86.580528 -22.867579 -186.727737
v -94.071037 -24.777128 -186.382919
v -94.910683 -25.821365 -192.359924
v -100.072533 -25.163460 -186.875275
v -100.397797 -25.320601 -192.198792
v -105.973419 -24.277807 -187.422653
v -106.229492 -24.005594 -192.792786
v -110.755157 -22.740120 -187.874542
v -104.551025 -23.671400 -181.056259
v -103.313698 -22.183727 -174.627029
v -109.300270 -21.777138 -181.073547
v -114.498917 -19.887093 -181.153641
v -108.709290 -21.095776 -174.885803
v -108.137329 -19.658855 -168.919296
v -113.683205 -19.116135 -175.276337
v -113.028603 -18.092972 -169.465637
v -118.058868 -16.747355 -175.863647
v -117.076752 -15.664352 -170.274887
v -122.340317 -11.613692 -177.078873
v -118.778503 -17.349623 -181.372375
v -118.702805 -17.249527 -187.221100
v -123.073685 -12.150819 -182.091660
v -125.779030 -5.837914 -182.926300
v -122.992310 -11.994075 -187.126022
v -125.714958 -5.729209 -187.652054
v -122.122879 -11.421721 -191.629288
v -120.103790 -10.199145 -196.433533
v -124.775711 -5.296033 -192.181503
v -118.151955 -16.660818 -192.075928
v -116.461731 -15.255220 -197.209579
v -114.483391 -19.695396 -192.715347
v -113.230927 -18.590252 -197.848358
v -110.422890 -22.253733 -192.930527
v -115.176529 -20.488001 -187.767822
v -109.189453 -21.320789 -197.745255
v -105.126678 -23.090273 -197.541672
v -108.204208 -20.238499 -202.125336
v -111.937546 -17.899742 -202.287338
v -104.162033 -22.149139 -202.164581
v -107.743111 -20.123940 -208.356262
v -103.818626 -21.728947 -208.235916
v -107.532120 -19.955362 -211.435349
v -111.209747 -17.704018 -208.405533
v -110.794342 -17.512985 -211.338516
v -113.996407 -14.423224 -207.913300
v -113.515579 -14.363106 -210.906509
v -117.599747 -9.762496 -207.612381
v -114.577713 -14.032942 -201.550262
v -118.456680 -9.347555 -201.270706
v -121.506195 -4.612499 -201.627594
v -123.726860 2.363883 -201.989395
v -120.308609 -5.066956 -207.710144
v -123.296043 -4.822713 -196.782059
v -125.185211 2.294011 -197.685486
v -126.526871 1.891008 -192.996689
v -124.543320 8.988731 -197.684662
v -125.396622 8.881775 -192.980103
v -122.939232 12.362640 -197.256790
v -122.846039 8.643201 -202.175827
v -121.266335 7.385297 -208.036438
v -121.770805 11.979977 -202.031479
v -121.840767 12.568086 -202.008636
v -121.031860 13.362124 -201.859634
v -117.922539 13.161407 -207.739227
v -124.095337 12.748981 -197.496826
v -125.210464 11.846662 -192.729156
v -123.414810 14.056205 -197.271957
v -124.377708 13.165646 -192.552490
v -120.557266 16.893787 -196.447876
v -116.323158 19.514961 -195.185059
v -121.770279 16.634787 -192.024841
v -118.709450 15.611257 -201.328934
v -114.826370 19.012583 -200.422806
v -112.866165 17.508263 -206.401230
v -109.903076 21.789930 -199.499680
v -108.148987 20.163317 -205.205826
v -105.026627 23.965670 -198.678589
v -111.373215 22.420532 -194.051315
v -106.453918 24.545938 -193.040955
v -111.753014 24.465414 -189.823166
v -106.833038 25.824173 -189.424805
v -112.945648 23.355923 -183.832291
v -116.493980 22.014111 -190.371201
v -117.469543 21.778318 -185.142090
v -119.806442 19.110619 -191.154846
v -120.758156 18.746574 -186.133713
v -120.979675 18.509886 -180.568649
v -122.320816 15.849743 -186.924988
v -122.267197 14.881467 -181.659790
v -125.452354 11.713179 -187.945206
v -126.456711 10.162148 -188.264297
v -125.517059 9.863557 -183.102386
v -125.422806 8.195202 -177.957016
v -126.665497 8.126997 -183.517853
v -126.536758 5.561211 -178.454666
v -125.755127 8.009964 -183.738159
v -126.417831 0.946143 -183.304459
v -125.804733 8.605200 -188.094223
v -125.879120 9.686014 -188.138428
v -125.354973 5.231515 -178.009415
v -124.824799 2.122145 -173.483124
v -126.297340 0.807164 -178.681900
v -124.731964 0.766629 -173.360275
v -124.899124 -5.586433 -178.077515
v -124.128616 -5.425028 -173.211563
v -121.593796 -10.988484 -171.761612
v -123.270370 -4.962382 -168.252792
v -120.675858 -10.123586 -166.276169
v -122.369980 -4.529015 -163.259674
v -124.780212 1.150954 -168.825790
v -124.964424 0.861894 -170.853653
v -125.683426 2.472704 -173.834473
v -125.023224 5.933039 -173.179276
v -121.893105 13.720984 -172.087830
v -124.120728 6.048986 -168.295639
v -123.673592 5.846591 -163.763214
v -121.561951 14.004397 -169.019867
v -118.657227 17.573797 -167.240402
v -122.029961 12.415204 -163.052414
v -121.086960 16.345510 -171.016281
v -119.043091 18.337000 -169.784424
v -121.382858 17.808136 -175.579697
v -118.554298 20.080492 -174.564819
v -122.126923 13.944334 -176.380524
v -113.692360 22.007902 -173.281082
v -117.937775 20.958048 -179.611694
v -113.578484 22.867504 -178.102142
v -109.011589 23.257954 -176.845306
v -108.300156 24.334757 -182.709320
v -106.340530 22.432484 -176.230270
v -109.676064 23.257139 -173.044418
v -107.256866 22.444166 -171.186752
v -111.476387 23.347076 -170.604935
v -108.676941 22.517584 -166.949188
v -113.731659 21.754160 -168.904846
v -113.830719 20.729080 -166.468246
v -108.591019 22.122334 -162.748337
v -114.094666 20.705929 -160.140152
v -118.586525 17.271017 -161.799255
v -114.090073 20.721764 -155.959442
v -108.553711 22.073729 -158.616257
v -102.690399 21.807613 -157.699509
v -108.442810 22.008957 -154.683350
v -102.115997 21.803938 -153.578720
v -108.421387 21.877113 -150.801285
v -114.159431 20.829292 -152.112579
v -101.811501 21.698431 -149.402557
v -109.051689 21.941385 -146.366562
v -114.342453 20.692635 -147.731323
v -102.613281 21.802311 -145.334137
v -109.174515 22.237658 -143.500336
v -109.439430 23.069294 -143.024078
v -114.146942 21.271105 -144.321365
v -105.641174 22.191523 -142.868332
v -104.262039 21.477276 -141.186066
v -106.353027 22.642401 -142.292267
v -108.322144 23.174379 -136.322800
v -105.416962 21.217512 -135.639862
v -108.352783 23.628969 -129.567825
v -114.381233 21.846716 -138.429916
v -114.493141 22.893652 -131.427002
v -118.932465 17.877228 -139.593292
v -118.913490 17.290016 -144.492432
v -121.948532 12.445310 -145.264771
v -118.691933 17.250378 -148.669983
v -118.529938 17.218254 -152.950958
v -121.911369 12.411231 -149.767776
v -121.976517 12.361678 -154.092636
v -123.873817 6.731827 -151.077286
v -124.073814 6.284844 -155.245422
v -124.057648 6.057257 -159.604218
v -124.188980 1.708830 -155.671829
v -124.320267 1.346958 -160.333496
v -121.833282 -3.261067 -154.416824
v -122.490417 -4.123868 -158.864288
v -120.741577 -8.781185 -157.086960
v -120.028351 -9.188691 -161.245850
v -115.637604 -13.288584 -159.552383
v -116.049789 -14.412576 -164.743896
v -112.700920 -17.224215 -163.984055
v -107.860748 -18.492496 -163.499786
v -102.602448 -18.566465 -163.273682
v -102.832809 -20.071159 -168.765991
v -97.885635 -16.552460 -163.171585
v -97.884407 -18.961248 -168.818863
v -124.452461 1.305274 -164.466919
v -121.977165 12.370048 -158.418060
v -118.485733 17.153931 -157.191452
v -105.202682 21.457731 -128.785919
v -99.512703 17.614389 -127.842270
v -96.521828 14.062214 -127.525566
v -99.334091 17.081774 -134.601135
v -97.767120 17.709538 -139.198135
v -96.398415 13.640090 -134.314636
v -95.167564 14.044978 -138.757919
v -94.139183 10.564384 -134.146362
v -91.428894 7.804368 -133.725937
v -93.975731 11.045999 -127.311485
v -90.573387 7.877265 -137.706558
v -92.107681 11.298635 -138.185883
v -90.473236 11.808892 -141.400635
v -89.766373 11.944963 -143.976379
v -90.033470 7.954679 -140.891006
v -93.241165 14.737834 -142.479523
v -91.658089 15.153375 -145.502121
v -96.391876 17.738623 -142.812561
v -99.750755 19.665096 -144.417618
v -95.903122 18.332863 -146.258942
v -100.454338 19.923315 -139.963379
v -94.434868 19.985044 -149.071152
v -93.323189 17.113840 -147.118607
v -89.417053 13.674239 -148.359879
v -88.936272 10.687554 -146.705582
v -89.900200 17.403423 -150.999573
v -88.810707 15.531319 -154.874420
v -88.142853 14.039864 -152.687744
v -88.416046 16.804138 -155.846878
v -90.464195 19.921083 -154.426224
v -88.915604 19.670036 -159.387405
v -90.877380 21.426786 -158.427368
v -89.136940 21.529163 -162.843475
v -90.924263 23.034065 -162.203964
v -89.154587 22.328468 -166.579803
v -90.333794 23.527382 -166.414536
v -89.231186 22.763714 -171.043106
v -88.572983 24.272255 -176.908508
v -90.195915 23.923567 -170.907104
v -96.325027 23.050499 -170.819992
v -89.378235 25.220959 -176.505432
v -96.038773 22.877365 -175.932495
v -88.820732 27.295532 -182.427185
v -95.461693 25.421495 -181.633072
v -88.054153 28.793749 -188.260056
v -87.981956 26.259977 -182.755142
v -87.328979 27.896517 -188.438217
v -87.260262 28.314499 -193.076126
v -87.249802 26.844767 -197.026917
v -88.081383 29.255985 -193.310181
v -94.814178 28.378185 -192.785400
v -87.919769 27.705704 -197.490829
v -94.584381 26.676624 -197.307861
v -88.309784 24.793858 -203.075165
v -94.491882 24.570135 -203.069305
v -87.511353 24.009195 -202.537506
v -88.005096 22.651035 -205.050568
v -84.488487 23.515408 -204.926437
v -88.531532 23.547661 -205.989227
v -94.456566 23.214851 -205.814224
v -98.837379 22.264862 -206.546387
v -94.362404 22.903133 -205.770462
v -94.200584 23.583569 -202.800140
v -98.689888 21.934755 -206.425858
v -98.672386 22.648926 -203.269180
v -102.731186 20.316532 -206.606018
v -103.059166 20.948236 -203.786789
v -106.978294 18.501570 -207.459885
v -102.909088 20.602438 -206.713791
v -103.644005 21.986923 -204.221420
v -107.177216 18.808270 -207.603836
v -111.757980 16.376759 -208.694046
v -116.684601 12.122643 -209.903702
v -111.491341 16.087128 -208.561752
v -111.859093 16.463512 -205.809769
v -116.359467 11.931681 -209.756836
v -116.702461 12.572356 -207.131592
v -119.847748 6.450328 -210.534912
v -119.806534 7.257632 -207.507782
v -120.127922 1.922899 -210.598923
v -120.207840 6.603836 -210.508057
v -120.618988 2.071431 -210.596359
v -121.497330 2.310167 -207.601425
v -119.054314 -5.141953 -210.301010
v -116.738510 -9.690155 -210.508423
v -118.723618 -5.017693 -210.609512
v -118.934235 -4.578154 -207.123550
v -116.517410 -9.573761 -210.810303
v -116.675774 -9.155440 -207.083450
v -113.237762 -14.102177 -210.746048
v -113.428230 -13.720759 -207.324188
v -110.574982 -17.241659 -211.154465
v -107.391296 -19.660891 -211.268539
v -110.587013 -16.715202 -207.561493
v -107.367027 -19.102797 -207.557220
v -109.978020 -15.773741 -201.862473
v -106.668732 -18.057241 -201.700897
v -86.636047 1.777091 -198.548004
v -112.830963 -12.835227 -201.793030
v -116.112129 -8.330960 -201.683075
v -118.507637 -3.853304 -201.933929
v -119.684845 2.266341 -202.361420
v -119.340164 8.194329 -202.602798
v -120.340836 2.236899 -207.388870
v -116.777237 13.696692 -202.310394
v -112.151718 17.414158 -201.475189
v -107.685211 19.808851 -200.668182
v -103.199883 21.567303 -199.748016
v -107.329727 18.994514 -204.647125
v -98.581894 23.325787 -199.041489
v -93.941238 24.560284 -198.631302
v -88.056297 25.277435 -198.052567
v -88.256714 24.092899 -202.751282
v -89.355553 -23.073299 -201.557388
v -95.372421 -22.030739 -201.986984
v -99.302177 -21.203403 -201.851974
v -102.882660 -19.605167 -201.565628
v -103.620323 -20.984867 -207.593613
v -99.566414 -21.924034 -207.692825
v -103.504448 -20.959415 -211.027176
v -99.409012 -21.303125 -210.909439
v -103.595535 -21.195049 -211.215027
v -99.471718 -21.559988 -211.051132
v -95.308670 -21.467470 -210.995026
v -99.772064 -22.714533 -208.344315
v -95.642632 -23.001341 -208.444183
v -100.035248 -23.298447 -201.991364
v -100.319656 -24.621382 -197.559311
v -96.083221 -24.451214 -201.836487
v -88.622742 -24.953915 -202.771088
v -95.534325 -25.449862 -197.281586
v -88.369736 -25.086136 -197.810745
v -87.537811 -24.484297 -192.574509
v -89.373901 -23.092926 -208.273010
v -89.337296 -21.289072 -210.120346
v -89.336617 -21.380970 -210.172882
v -89.296410 -22.021849 -206.966019
v -95.354568 -21.251886 -210.868515
v -95.554298 -21.928717 -207.524857
v -99.164093 23.704319 -203.612686
v -99.914429 25.455507 -197.959595
v -101.563011 26.417507 -192.334091
v -101.825134 25.147593 -187.410858
v -104.068375 24.906179 -187.576584
v -105.270081 23.479383 -181.854279
v -102.646919 23.741711 -181.610306
v -103.093002 22.513571 -175.937119
v -103.368118 22.905838 -170.679077
v -103.309502 22.471979 -166.261627
v -96.090149 23.477333 -166.407303
v -103.011124 22.254171 -161.991974
v -95.862991 23.669632 -162.098633
v -95.396988 23.206181 -158.092392
v -94.590683 21.544809 -153.326843
v -94.765663 26.945848 -187.570190
v -84.982246 24.627975 -205.390137
v -89.043907 0.975962 -136.682037
v -88.917145 1.109864 -132.801437
v -90.067604 -3.736580 -137.467697
v -90.913567 -3.474846 -133.390472
v -90.761940 -8.491942 -138.187164
v -91.171562 -10.933240 -138.668777
v -91.515167 -8.112095 -133.634094
v -91.712097 -10.766276 -133.937729
v -92.111061 -7.530416 -126.867867
v -92.211876 -10.712045 -127.134293
v -91.570335 -7.496379 -120.522873
v -90.525833 -3.295249 -126.472610
v -89.371948 1.276216 -126.199478
v -89.646477 -3.437404 -120.010071
v -90.375633 -8.053264 -114.360435
v -90.029747 -3.723899 -114.338745
v -90.092842 1.300746 -119.925446
v -91.610329 8.078148 -120.353485
v -90.464630 0.740904 -114.309441
v -90.182983 -0.144553 -108.305176
v -91.626030 7.728279 -114.390419
v -92.165131 6.844260 -108.672020
v -92.716690 11.536279 -114.493813
v -92.935974 10.362823 -108.609810
v -92.751610 11.774361 -120.578232
v -95.337318 15.182538 -120.825600
v -91.899216 7.912772 -126.941933
v -93.863098 9.746356 -103.535759
v -93.452881 5.794003 -103.617577
v -90.819656 -0.919365 -103.324364
v -94.960609 4.719411 -97.835312
v -92.362297 -1.600908 -97.613617
v -92.447357 -5.247277 -97.869926
v -93.341461 -2.135705 -93.172218
v -93.537331 -5.412783 -93.289719
v -93.437691 -2.209507 -92.741386
v -94.712074 -8.460688 -93.248146
v -93.716736 -8.511610 -97.907166
v -96.573601 -11.209884 -92.993568
v -95.498909 -11.541957 -97.750717
v -98.514709 -14.052888 -92.490852
v -97.355171 -14.583153 -97.485168
v -100.332298 -16.974403 -92.075974
v -103.224495 -19.234150 -92.036514
v -99.974724 -17.151682 -97.442200
v -103.355797 -19.069162 -97.566910
v -107.306450 -20.116880 -97.646721
v -110.682571 -18.335630 -101.221542
v -113.007645 -17.929512 -99.101646
v -107.099472 -20.241259 -92.071007
v -107.071136 -20.261362 -91.544510
v -112.792999 -19.380558 -92.432335
v -118.261230 -16.949354 -92.605110
v -112.767258 -19.535273 -91.809349
v -112.672173 -19.417929 -91.126205
v -118.288132 -17.144016 -92.030273
v -118.205498 -17.170647 -91.448296
v -122.946136 -12.301879 -91.972244
v -122.886269 -12.375223 -91.416603
v -122.467720 -12.128997 -91.333214
v -121.759628 -10.774969 -97.036285
v -117.914330 -16.945318 -91.261993
v -112.528854 -19.108778 -91.027695
v -117.149696 -15.125377 -96.859550
v -112.495049 -17.353035 -96.469185
v -107.228989 -18.407028 -96.193497
v -107.028618 -19.848059 -90.844910
v -107.057922 -20.150356 -90.932266
v -124.476013 -5.409475 -97.036758
v -117.954338 -15.094173 -98.802834
v -103.192596 -19.244270 -91.511536
v -112.934196 -18.669498 -102.425926
v -96.321945 -15.130181 -103.976768
v -93.673439 -11.892023 -103.980881
v -92.714935 -12.056373 -108.969398
v -90.854027 -8.262245 -108.871025
v -92.156647 -8.393915 -104.114014
v -90.968063 -4.858564 -103.832352
v -90.381691 -4.352491 -108.820107
v -92.673782 -12.078503 -114.811462
v -93.309555 -12.824935 -139.274612
v -124.647964 11.336098 -192.597046
v -126.544662 1.211419 -188.216248
v -85.956123 -10.068963 -160.210007
v -86.008636 -9.155694 -156.079910
v -124.215225 3.179184 -127.410728
v -123.588074 4.680595 -127.738022
v -123.480347 3.967913 -120.811424
v -125.736298 6.972146 -113.342995
v -125.425659 6.919512 -110.173172
v -105.383995 18.882420 -92.064079
v -100.935555 14.562099 -92.547745
v -105.409485 18.734056 -91.562988
v -101.128044 14.442703 -92.238838
v -100.135956 10.510614 -92.419991
v -97.906715 7.396043 -96.693573
v -88.772339 7.287611 -145.359024
v -88.170868 1.001840 -143.328156
v -87.592278 -2.099962 -145.773819
v -85.954430 -12.955139 -169.626877
v -85.668564 -11.359796 -164.824539
v -85.484108 -17.501369 -175.564285
v -85.976738 -20.774178 -180.695724
v -88.931000 10.808021 -146.421417
v -89.417549 14.254347 -148.331558
v -86.642014 1.798969 -198.854492
v -88.506706 12.770037 -149.004654
v -88.061668 24.881624 -198.367371
v -88.254959 23.792271 -202.688293
v -88.531128 23.235121 -205.997116
v -89.361313 -22.709238 -201.821701
v -88.368927 -25.393517 -197.797348
v -88.623245 -25.259485 -202.825470
v -87.536140 -24.786516 -192.515991
v -86.578110 -23.158880 -186.629593
v -89.376595 -23.361340 -208.437439
v -89.344620 -21.342806 -210.504471
v -89.340263 -21.036667 -210.329590
v -89.295807 -21.720728 -206.906662
v -85.954323 -10.368917 -160.145020
v -84.147408 20.358555 -191.564606
v -86.006516 -9.451819 -155.997635
v -85.941795 -8.151033 -152.130219
v -86.785217 -5.713940 -148.342712
v -88.510017 13.106812 -149.144760
v -84.441460 23.338346 -206.511246
v -88.609573 15.155420 -151.729736
v -88.878952 17.903114 -154.868912
v -89.401703 20.872175 -158.539398
v -89.651825 22.903688 -162.321671
v -89.664764 23.767839 -166.350876
v -89.741402 24.202984 -170.813354
v -89.085342 25.681330 -176.543030
v -87.840126 29.336588 -188.201279
v -88.494110 27.663212 -182.370132
v -87.746643 29.800852 -193.282516
v -87.659538 28.209908 -197.621307
v -84.399315 23.709291 -206.623978
v -88.302666 23.815744 -206.126877
v -87.906082 25.347155 -203.195023
vn 0.7429 0.6089 0.2783
vn 0.9754 -0.0543 0.2135
vn 0.9588 0.1478 0.2426
vn 0.9741 0.0757 0.2133
vn 0.9449 -0.1333 0.2988
vn 0.4678 -0.1867 0.8639
vn 0.9645 0.1889 0.1843
vn 0.9915 0.0528 0.1188
vn 0.9679 -0.1478 0.2033
vn 0.9509 -0.1950 0.2404
vn 0.9151 -0.2222 0.3365
vn 0.8290 0.1568 0.5368
vn 0.8082 -0.5326 0.2513
vn 0.9901 -0.1294 -0.0540
vn 0.7973 -0.5690 0.2016
vn 0.6123 -0.7804 0.1268
vn 0.6275 -0.7639 0.1510
vn 0.4094 -0.9076 -0.0931
vn 0.4993 -0.8593 0.1109
vn 0.6886 -0.7088 0.1529
vn 0.9100 -0.1239 0.3958
vn 0.4880 -0.8726 0.0208
vn 0.0985 -0.9433 -0.3169
vn 0.4987 -0.8636 0.0738
vn 0.0942 -0.9955 0.0116
vn 0.0181 -0.9947 -0.1016
vn 0.6489 -0.7562 0.0837
vn -0.0280 -0.9137 -0.4054
vn -0.4835 -0.8644 0.1380
vn -0.2855 -0.9547 0.0840
vn -0.3932 -0.9069 -0.1514
vn -0.4111 -0.8856 -0.2163
vn -0.5726 -0.7836 0.2410
vn -0.4767 -0.8222 0.3110
vn -0.5170 -0.8388 -0.1708
vn -0.5348 -0.8110 -0.2374
vn -0.3448 -0.9303 -0.1255
vn -0.3844 -0.9187 -0.0911
vn -0.6506 -0.7592 0.0188
vn -0.6691 -0.7142 -0.2054
vn -0.6688 -0.7174 -0.1951
vn -0.2361 -0.9610 -0.1443
vn -0.5171 -0.8338 -0.1934
vn -0.6305 -0.7422 -0.2270
vn -0.4566 -0.8723 -0.1751
vn -0.0901 -0.9957 -0.0210
vn -0.5949 -0.7838 -0.1784
vn -0.0571 -0.9922 -0.1112
vn -0.3320 -0.9377 -0.1026
vn -0.5756 -0.8150 -0.0667
vn -0.3442 -0.9317 -0.1162
vn -0.0472 -0.9825 -0.1800
vn -0.1805 -0.9769 -0.1148
vn -0.0433 -0.9899 -0.1352
vn -0.1455 -0.9893 0.0094
vn 0.1548 -0.9859 -0.0643
vn 0.0284 -0.9993 0.0237
vn -0.2212 -0.9751 0.0169
vn 0.1388 -0.9825 0.1243
vn 0.4310 -0.8980 0.0889
vn 0.2189 -0.9757 0.0082
vn 0.6526 -0.7558 0.0542
vn 0.5024 -0.8643 0.0239
vn 0.6182 -0.7860 0.0015
vn 0.4275 -0.9030 -0.0430
vn 0.7934 -0.6069 -0.0460
vn 0.5568 -0.8268 -0.0794
vn 0.2840 -0.9504 -0.1266
vn 0.1983 -0.9724 -0.1232
vn 0.0388 -0.9992 0.0083
vn 0.3696 -0.9288 -0.0255
vn -0.0447 -0.9989 -0.0158
vn 0.7038 -0.7064 0.0752
vn 0.6960 -0.7033 0.1449
vn 0.5589 -0.8208 0.1184
vn 0.1052 -0.9934 -0.0458
vn -0.0690 -0.9931 -0.0951
vn 0.0372 -0.9993 0.0036
vn 0.0252 -0.9996 -0.0153
vn -0.3160 -0.9487 -0.0084
vn -0.4120 -0.9090 -0.0632
vn -0.6141 -0.7891 -0.0146
vn -0.6662 -0.7371 -0.1133
vn -0.4040 -0.9143 0.0299
vn -0.6494 -0.7602 -0.0203
vn -0.5989 -0.8006 -0.0210
vn -0.7315 -0.6790 0.0627
vn -0.5537 -0.8314 0.0476
vn -0.6384 -0.7676 0.0572
vn -0.5807 -0.8133 0.0353
vn -0.7553 -0.6403 -0.1401
vn -0.7316 -0.6628 -0.1599
vn -0.6900 -0.7182 -0.0898
vn -0.7739 -0.6276 -0.0854
vn -0.7923 -0.5862 -0.1690
vn -0.6782 -0.7056 -0.2053
vn -0.7897 -0.6133 -0.0184
vn -0.8868 -0.4005 -0.2305
vn -0.9971 -0.0166 -0.0742
vn -0.8222 0.5691 0.0087
vn -0.7657 0.6426 0.0282
vn -0.9772 -0.1954 -0.0831
vn -0.9223 0.3729 -0.1015
vn -0.9322 -0.3610 0.0258
vn -0.8809 0.4699 0.0559
vn -0.7655 0.6433 -0.0152
vn -0.8442 0.5358 0.0150
vn -0.7644 0.6444 0.0234
vn -0.9831 -0.1823 -0.0172
vn -0.9501 -0.3103 -0.0331
vn -0.9857 0.0919 0.1409
vn -0.8993 0.4102 0.1518
vn -0.8713 0.4902 0.0238
vn -0.9464 0.3220 -0.0252
vn -0.9542 0.1968 0.2254
vn -0.9437 0.2533 0.2128
vn -0.9609 -0.2734 0.0443
vn -0.8735 -0.4435 0.2009
vn -0.7827 -0.6201 -0.0537
vn -0.9713 0.2303 -0.0597
vn -0.9600 -0.2654 -0.0896
vn -0.7834 -0.5969 -0.1732
vn -0.9802 0.1809 0.0806
vn -0.9680 -0.2500 -0.0227
vn -0.8224 -0.5618 -0.0896
vn -0.8324 0.5542 0.0055
vn -0.7820 0.5772 0.2351
vn -0.7282 0.0786 0.6808
vn -0.5597 0.3810 0.7359
vn -0.7227 -0.2125 0.6577
vn 0.9382 -0.2196 0.2674
vn 0.8159 -0.5548 0.1627
vn 0.9240 0.2427 0.2956
vn 0.9604 -0.2340 0.1511
vn 0.8541 -0.5146 0.0758
vn 0.9570 0.2253 0.1828
vn 0.8089 -0.5820 0.0831
vn 0.8217 -0.5697 0.0182
vn -0.5463 0.4660 0.6960
vn 0.7076 -0.7065 0.0142
vn 0.7379 -0.6700 0.0810
vn -0.5510 0.5446 0.6323
vn -0.7526 0.5879 0.2966
vn -0.6893 0.6703 0.2748
vn -0.4340 0.8654 0.2503
vn -0.3933 0.7250 0.5654
vn 0.4622 -0.8802 0.1075
vn 0.1759 0.9551 0.2385
vn 0.1515 0.8059 0.5723
vn -0.1789 -0.9770 0.1158
vn -0.1743 -0.9835 0.0478
vn 0.4571 -0.8886 0.0366
vn -0.2314 -0.6128 0.7556
vn 0.2262 -0.6261 0.7462
vn 0.4140 -0.5083 0.7551
vn -0.5125 -0.5028 0.6961
vn -0.6126 -0.7892 0.0422
vn -0.6081 -0.7801 0.1472
vn -0.7660 -0.6427 0.0138
vn -0.5856 -0.3910 0.7100
vn -0.7823 -0.6055 0.1461
vn -0.8687 -0.4900 -0.0726
vn -0.9005 -0.4330 0.0400
vn -0.6061 -0.3566 0.7109
vn -0.0998 0.0408 0.9942
vn -0.2628 0.4988 0.8259
vn -0.3957 0.4219 0.8158
vn -0.0984 0.5577 0.8242
vn 0.0490 0.5489 0.8344
vn -0.4199 0.3781 0.8250
vn -0.3944 0.3917 0.8313
vn -0.4795 0.3413 0.8084
vn 0.2536 0.4922 0.8327
vn 0.4625 0.3796 0.8013
vn 0.6191 0.1297 0.7746
vn 0.5841 -0.2595 0.7691
vn 0.6407 -0.1518 0.7527
vn 0.5462 -0.3814 0.7457
vn -0.5999 -0.3493 0.7198
vn -0.6316 -0.2349 0.7388
vn -0.6768 -0.0958 0.7299
vn -0.5846 0.1795 0.7912
vn -0.8723 0.4806 0.0904
vn -0.9682 0.2411 0.0665
vn -0.8062 0.5801 0.1162
vn -0.8690 0.4829 0.1077
vn -0.9661 0.2492 0.0674
vn -0.8201 0.5637 0.0982
vn -0.7949 0.5868 0.1542
vn -0.8239 0.5551 0.1139
vn -0.6643 0.7113 0.2298
vn -0.6884 0.6988 0.1942
vn -0.3634 0.8820 0.2999
vn -0.3854 0.8810 0.2743
vn 0.5488 -0.4178 0.7240
vn 0.3527 -0.7194 0.5984
vn 0.4874 -0.1308 0.8633
vn 0.7400 -0.6260 0.2459
vn 0.8170 -0.4541 0.3554
vn 0.4356 -0.8889 0.1417
vn 0.7796 -0.4685 0.4155
vn 0.3790 -0.1017 0.9198
vn 0.7900 -0.3909 0.4723
vn 0.1910 -0.0525 0.9802
vn 0.8156 -0.1852 0.5482
vn -0.0634 0.0185 0.9978
vn 0.7921 0.1959 0.5780
vn -0.0144 0.0364 0.9992
vn -0.9742 -0.2250 -0.0169
vn -0.9815 -0.1903 -0.0226
vn -0.9192 -0.3839 -0.0875
vn -0.8970 -0.4296 -0.1040
vn 0.0254 0.0032 0.9997
vn -0.8664 -0.4803 -0.1363
vn -0.8794 -0.4653 -0.1005
vn 0.0929 -0.0087 0.9956
vn 0.7376 0.3158 0.5968
vn 0.7323 0.3520 0.5830
vn 0.1635 0.0308 0.9861
vn 0.7851 0.2934 0.5455
vn 0.8711 0.3400 0.3545
vn 0.8537 0.3916 0.3434
vn 0.8795 0.3854 0.2791
vn 0.8803 0.3085 0.3605
vn 0.8144 0.4684 0.3426
vn 0.8930 0.3376 0.2977
vn 0.7289 0.6421 0.2375
vn 0.7452 0.5517 0.3746
vn 0.6707 0.6984 0.2497
vn 0.7735 0.5886 0.2351
vn 0.6419 0.7493 0.1628
vn 0.9048 0.2850 0.3164
vn 0.5192 0.8299 0.2043
vn 0.5064 0.8479 0.1569
vn 0.5659 0.8070 0.1691
vn 0.0820 0.9831 0.1638
vn 0.1472 0.9818 0.1199
vn 0.0161 0.9799 0.1988
vn -0.4292 0.8953 0.1190
vn -0.4227 0.9005 0.1025
vn -0.4087 0.8737 0.2639
vn 0.5956 0.7513 0.2844
vn -0.7051 0.7007 0.1085
vn -0.6669 0.7364 0.1141
vn -0.8250 0.5571 0.0951
vn -0.8137 0.5759 0.0798
vn -0.8101 0.5503 0.2021
vn -0.6264 0.7514 0.2076
vn -0.7651 0.5921 0.2529
vn -0.6112 0.7610 0.2172
vn -0.8467 0.4039 0.3463
vn -0.7785 0.6255 0.0522
vn -0.8464 0.5325 0.0087
vn -0.5497 0.8343 0.0423
vn -0.4669 0.8646 0.1859
vn -0.2029 0.9791 0.0162
vn 0.0585 0.9084 0.4139
vn 0.5420 0.8372 0.0733
vn 0.5612 0.8269 0.0349
vn 0.6079 0.7894 0.0851
vn 0.7159 0.6923 0.0906
vn 0.5604 0.8270 0.0463
vn 0.7134 0.6904 0.1202
vn 0.5249 0.8512 0.0006
vn 0.7325 0.6729 -0.1036
vn 0.5693 0.8190 -0.0713
vn 0.5238 0.8508 -0.0412
vn -0.0751 0.9967 0.0293
vn 0.0563 0.9957 0.0729
vn -0.4831 0.8690 0.1067
vn -0.4056 0.9096 0.0897
vn -0.8055 0.5818 0.1128
vn -0.7949 0.6012 0.0825
vn -0.8501 0.5188 0.0907
vn -0.8508 0.5224 0.0564
vn -0.9986 0.0327 0.0408
vn -0.9998 0.0186 -0.0052
vn -0.9940 0.1036 0.0350
vn -0.7575 0.6483 -0.0767
vn -0.8508 0.5179 -0.0891
vn -0.9793 0.1739 -0.1038
vn -0.7478 0.6511 -0.1300
vn -0.8539 0.5067 -0.1193
vn -0.9546 0.2868 -0.0802
vn -0.9733 -0.2294 0.0112
vn -0.9517 -0.3066 -0.0165
vn -0.9688 0.2362 -0.0748
vn -0.9811 -0.1758 -0.0810
vn -0.9987 0.0452 -0.0244
vn -0.8757 0.4805 -0.0486
vn -0.9585 0.2850 0.0094
vn -0.9786 0.1264 -0.1622
vn -0.9799 -0.1152 -0.1630
vn -0.9271 -0.3688 0.0675
vn -0.8885 -0.4491 -0.0941
vn -0.9759 -0.2175 0.0161
vn -0.9770 0.2125 -0.0184
vn -0.8240 -0.5555 0.1113
vn -0.8139 -0.5635 -0.1416
vn -0.8639 -0.4417 -0.2421
vn -0.7865 -0.5671 -0.2447
vn -0.8943 -0.3371 -0.2942
vn -0.7168 -0.6308 -0.2971
vn -0.8245 0.5641 0.0453
vn -0.6383 -0.6436 0.4223
vn -0.8503 -0.4910 0.1894
vn -0.9429 -0.2998 0.1454
vn -0.6807 -0.6462 0.3451
vn -0.7823 -0.6229 0.0040
vn -0.6728 -0.7388 0.0389
vn -0.4232 -0.9041 0.0596
vn 0.0575 -0.9948 0.0843
vn -0.0035 -0.9599 0.2804
vn -0.5603 -0.8222 0.1000
vn -0.6715 -0.7353 0.0921
vn 0.2513 -0.9110 0.3269
vn 0.0993 -0.9932 -0.0606
vn 0.3527 -0.8962 0.2693
vn 0.1294 -0.9798 -0.1523
vn 0.2641 -0.9644 0.0124
vn 0.4340 -0.8254 0.3611
vn 0.3767 -0.8565 0.3530
vn 0.4140 -0.9099 0.0260
vn 0.3795 -0.8884 0.2585
vn 0.3467 -0.9332 0.0949
vn 0.4023 -0.7890 0.4644
vn 0.4370 -0.8816 -0.1786
vn 0.4796 -0.0313 0.8769
vn 0.3524 -0.8021 0.4822
vn 0.2395 -0.9105 0.3372
vn 0.5601 -0.1053 0.8217
vn 0.1299 -0.9141 0.3841
vn 0.2639 -0.8774 0.4006
vn -0.0052 -0.9733 0.2296
vn -0.0658 -0.9914 0.1129
vn 0.1126 -0.9803 0.1621
vn 0.2463 -0.9437 0.2207
vn 0.9993 -0.0368 -0.0033
vn 0.0488 -0.9964 0.0699
vn -0.1405 -0.9895 -0.0329
vn -0.2500 -0.9648 0.0815
vn -0.2825 -0.9512 -0.1241
vn -0.1926 -0.9596 0.2051
vn -0.4399 -0.8757 -0.1990
vn -0.3937 -0.9179 0.0494
vn -0.3421 -0.9229 0.1768
vn -0.0759 -0.9514 0.2985
vn -0.2845 -0.9330 0.2202
vn -0.4559 -0.8788 0.1413
vn -0.5344 -0.8452 -0.0083
vn -0.4248 -0.8844 0.1934
vn 0.0143 -0.9525 0.3041
vn -0.2090 -0.9472 0.2430
vn -0.4358 -0.8729 0.2193
vn -0.6596 -0.7145 0.2333
vn -0.6586 -0.7256 0.1992
vn -0.6837 -0.7236 0.0947
vn -0.8302 -0.5155 0.2124
vn -0.8456 -0.5010 0.1844
vn -0.8534 -0.5158 0.0754
vn -0.8474 -0.5196 -0.1091
vn -0.7145 -0.6955 -0.0757
vn -0.9512 -0.2564 0.1720
vn -0.9638 -0.2592 0.0626
vn -0.9569 -0.2757 -0.0915
vn -0.9095 -0.3253 -0.2588
vn -0.8148 -0.4943 -0.3029
vn -0.7302 -0.6165 -0.2946
vn -0.7766 -0.4972 -0.3869
vn -0.7312 -0.5572 -0.3935
vn -0.8646 -0.3717 -0.3382
vn -0.6258 -0.7031 -0.3378
vn -0.5937 -0.7633 -0.2546
vn -0.4528 -0.8451 -0.2843
vn -0.3137 -0.9182 -0.2419
vn -0.4702 -0.8660 -0.1701
vn -0.3300 -0.9292 -0.1664
vn -0.6755 -0.7121 -0.1913
vn -0.6797 -0.7276 -0.0926
vn -0.4711 -0.8778 -0.0866
vn -0.3031 -0.9453 -0.1203
vn -0.4504 -0.8651 -0.2206
vn -0.2388 -0.9221 -0.3045
vn -0.6611 -0.7110 -0.2395
vn -0.7686 -0.5787 -0.2726
vn -0.7902 -0.6051 -0.0970
vn -0.7815 -0.5859 -0.2145
vn -0.8028 -0.5045 -0.3177
vn -0.8174 -0.5615 -0.1289
vn -0.8024 -0.5540 -0.2219
vn -0.8883 -0.3756 -0.2641
vn -0.9082 -0.3442 -0.2382
vn -0.9435 -0.1019 -0.3154
vn -0.9489 -0.0913 -0.3021
vn -0.9468 -0.0932 -0.3081
vn -0.9833 -0.0526 -0.1742
vn -0.9299 0.1737 -0.3242
vn -0.9391 0.2106 -0.2714
vn -0.9734 0.1814 -0.1403
vn -0.9616 0.0294 -0.2729
vn -0.9455 0.1290 -0.2991
vn -0.8539 0.3456 -0.3892
vn -0.8852 0.2340 -0.4022
vn -0.8139 0.3776 -0.4416
vn -0.6241 0.6282 -0.4646
vn -0.9406 0.0640 -0.3335
vn -0.7102 0.6586 -0.2486
vn -0.6138 0.6867 -0.3895
vn -0.9734 0.0956 -0.2084
vn -0.7970 0.6026 -0.0408
vn -0.7395 0.6657 -0.0994
vn -0.5971 0.7550 -0.2710
vn -0.5557 0.7509 -0.3568
vn -0.4777 0.8242 -0.3041
vn -0.4818 0.8178 -0.3146
vn -0.6673 0.7259 -0.1665
vn -0.4567 0.7828 -0.4227
vn -0.3291 0.8481 -0.4153
vn -0.3824 0.8788 -0.2854
vn -0.3779 0.8741 -0.3052
vn -0.3023 0.9115 -0.2788
vn -0.2732 0.8724 -0.4053
vn -0.2786 0.9345 -0.2217
vn -0.3297 0.9353 -0.1284
vn -0.1533 0.9882 -0.0078
vn -0.4849 0.8525 -0.1950
vn -0.3087 0.9469 0.0901
vn -0.0641 0.9827 0.1738
vn -0.5217 0.8530 0.0166
vn -0.7742 0.6327 -0.0189
vn -0.8449 0.5329 0.0469
vn -0.8179 0.5743 0.0335
vn -0.5133 0.8551 0.0728
vn -0.8910 0.4431 0.0989
vn -0.8264 0.5561 0.0882
vn -0.8540 0.4961 0.1567
vn -0.9772 0.2073 -0.0463
vn -0.9961 0.0858 0.0188
vn -0.8966 0.4060 0.1768
vn -0.9193 0.3737 0.1233
vn -0.9977 -0.0205 0.0645
vn -0.9231 -0.2773 -0.2664
vn -0.9989 -0.0420 -0.0201
vn -0.9972 -0.0750 0.0015
vn -0.9985 -0.0055 0.0544
vn -0.9882 -0.0286 0.1505
vn -0.9992 -0.0220 -0.0348
vn -0.9930 0.1172 -0.0167
vn -0.9788 -0.0983 0.1799
vn -0.9904 -0.0713 0.1183
vn -0.9922 -0.1114 0.0555
vn -0.9462 -0.2708 0.1772
vn -0.9364 -0.3094 0.1655
vn -0.8139 -0.5377 0.2203
vn -0.9873 -0.0905 0.1303
vn -0.8052 -0.5855 0.0937
vn -0.9337 -0.3455 0.0940
vn -0.9911 -0.1137 0.0699
vn -0.9879 -0.0747 0.1361
vn -0.9377 0.2979 0.1787
vn -0.9345 0.3288 0.1362
vn -0.9635 0.2510 0.0931
vn -0.9078 0.4063 0.1035
vn -0.9745 0.2238 0.0161
vn -0.9104 0.4130 0.0263
vn -0.7015 0.7021 0.1226
vn -0.6165 0.7485 0.2441
vn -0.8444 0.4908 0.2145
vn -0.7112 0.7024 0.0300
vn -0.5412 0.8290 0.1409
vn -0.8516 0.5158 0.0934
vn -0.3982 0.9118 0.1009
vn -0.3011 0.9482 0.1015
vn -0.4387 0.8649 0.2438
vn -0.0083 0.9926 0.1214
vn 0.0068 0.9987 0.0515
vn 0.0673 0.9728 0.2217
vn 0.0770 0.9923 0.0974
vn 0.0569 0.9980 0.0260
vn -0.1825 0.9767 0.1126
vn -0.0859 0.9893 0.1184
vn -0.4611 0.8780 0.1283
vn -0.1357 0.9899 0.0409
vn -0.4389 0.8985 0.0099
vn -0.1171 0.9929 0.0197
vn -0.7302 0.6832 0.0031
vn -0.4375 0.8992 -0.0003
vn -0.0860 0.9962 0.0108
vn 0.0204 0.9927 0.1190
vn -0.0622 0.9928 0.1025
vn -0.1026 0.9925 0.0663
vn -0.0765 0.9971 0.0017
vn 0.0925 0.9933 0.0686
vn -0.4237 0.9057 -0.0121
vn -0.4422 0.8957 -0.0469
vn -0.0818 0.9951 -0.0553
vn 0.1926 0.9756 0.1051
vn -0.4565 0.8857 -0.0844
vn -0.0403 0.9719 -0.2320
vn 0.1053 0.9896 -0.0977
vn -0.1874 0.9771 -0.1013
vn 0.3707 0.9277 -0.0443
vn 0.4391 0.8918 0.1089
vn 0.0782 0.9956 -0.0519
vn 0.5436 0.8385 0.0381
vn 0.1306 0.9906 -0.0396
vn 0.5545 0.8309 -0.0456
vn -0.4340 0.8950 -0.1025
vn -0.3309 0.9399 -0.0849
vn -0.7573 0.6509 -0.0537
vn -0.7402 0.6717 -0.0302
vn -0.8897 0.4558 -0.0263
vn -0.7325 0.6806 -0.0162
vn -0.8928 0.4504 -0.0047
vn -0.9800 0.1988 0.0112
vn -0.9762 -0.2018 0.0796
vn -0.8966 0.4429 -0.0076
vn -0.9782 0.2068 -0.0200
vn -0.9865 -0.1601 0.0328
vn -0.9365 -0.3483 0.0402
vn -0.6723 -0.7046 0.2273
vn -0.4791 -0.8514 0.2137
vn -0.1590 -0.9675 0.1967
vn 0.1624 -0.9420 0.2938
vn 0.6222 0.7789 -0.0789
vn 0.6439 0.7594 0.0935
vn 0.7596 0.6409 0.1104
vn 0.7571 0.6419 -0.1211
vn 0.6283 0.7105 0.3169
vn 0.4764 0.8590 0.1874
vn 0.6749 0.6479 0.3532
vn 0.7270 0.5638 0.3920
vn 0.7642 0.6371 0.1007
vn 0.7875 0.6063 -0.1108
vn 0.8958 0.4407 0.0570
vn 0.9386 0.3018 0.1674
vn 0.9148 0.4038 0.0124
vn 0.7926 0.4958 0.3549
vn 0.6357 0.6696 0.3840
vn 0.8651 0.3921 0.3127
vn 0.6359 0.7001 0.3248
vn 0.5767 0.7754 0.2572
vn 0.5763 0.6818 0.4506
vn 0.4825 0.7560 0.4424
vn 0.4580 0.8362 0.3017
vn 0.3740 0.8525 0.3652
vn 0.6484 0.6320 0.4245
vn 0.7603 0.6110 0.2204
vn 0.7859 0.6074 0.1159
vn 0.9379 0.1990 0.2842
vn 0.8494 0.4518 0.2730
vn 0.7625 0.5940 0.2567
vn 0.5356 0.7814 0.3203
vn 0.4284 0.8409 0.3308
vn 0.3694 0.8853 0.2826
vn 0.1446 0.9762 0.1616
vn -0.0331 0.9404 0.3383
vn -0.0443 0.9986 0.0299
vn -0.4120 0.8937 0.1776
vn -0.2097 0.9765 0.0490
vn -0.7316 0.6489 0.2090
vn -0.7045 0.1140 0.7005
vn -0.2889 0.9281 0.2350
vn -0.1084 0.9941 0.0037
vn -0.0777 0.9969 0.0115
vn -0.1673 0.9705 0.1738
vn -0.2926 0.9213 0.2561
vn -0.2186 0.9382 0.2684
vn -0.8454 0.0063 0.5340
vn -0.2264 0.9504 0.2131
vn -0.2731 0.9436 0.1869
vn 0.8652 0.4707 -0.1727
vn 0.8663 0.4525 0.2117
vn -0.2441 0.9658 -0.0876
vn -0.9979 0.0123 -0.0634
vn -0.1952 0.9065 -0.3743
vn -0.2121 0.9765 -0.0378
vn -0.1590 0.9250 -0.3450
vn -0.1423 0.9105 -0.3883
vn -0.1126 0.9190 -0.3779
vn -0.8554 -0.1095 -0.5063
vn -0.0824 0.8622 -0.4998
vn 0.1747 -0.0374 -0.9839
vn -0.4620 0.8755 -0.1416
vn -0.9518 -0.2002 -0.2324
vn 0.2156 -0.9676 0.1314
vn 0.1141 -0.9908 0.0729
vn 0.2874 -0.9525 0.1007
vn -0.1830 0.8129 -0.5529
vn -0.2025 0.9032 -0.3784
vn 0.1114 -0.9723 0.2053
vn 0.2700 -0.9448 0.1854
vn 0.8771 0.3436 -0.3356
vn 0.3463 -0.9186 0.1906
vn 0.3672 -0.9231 0.1140
vn -0.2192 0.7702 -0.5989
vn 0.3965 -0.8943 0.2076
vn 0.4306 -0.8988 0.0814
vn -0.2152 0.7453 -0.6311
vn -0.3261 0.6849 -0.6516
vn 0.5611 -0.8248 0.0699
vn -0.5325 0.5472 -0.6458
vn 0.7679 -0.6389 0.0471
vn 0.7557 -0.6362 0.1551
vn 0.5238 -0.8258 0.2090
vn 0.9524 -0.3032 0.0314
vn 0.9570 -0.2838 -0.0607
vn -0.7970 0.2597 -0.5453
vn 0.9959 0.0728 -0.0530
vn 0.9902 0.0944 -0.1034
vn -0.8977 -0.0937 -0.4305
vn -0.8653 -0.2984 -0.4027
vn 0.9432 0.3158 -0.1031
vn 0.8440 0.5244 -0.1120
vn 0.8477 0.5197 -0.1064
vn 0.9486 0.3087 -0.0704
vn 0.7694 0.6262 -0.1260
vn 0.7683 0.6253 -0.1370
vn 0.6537 0.7408 -0.1544
vn 0.6484 0.7368 -0.1916
vn 0.4837 0.8568 -0.1786
vn 0.4938 0.8527 -0.1705
vn 0.2967 0.3339 -0.8947
vn 0.2534 0.3812 -0.8891
vn 0.3137 0.2775 -0.9081
vn 0.0968 0.0404 -0.9945
vn 0.3449 0.1936 -0.9185
vn 0.3966 0.0708 -0.9153
vn 0.3930 -0.0207 -0.9193
vn 0.3904 -0.1177 -0.9131
vn 0.3653 -0.2070 -0.9076
vn 0.3067 -0.2171 -0.9267
vn 0.2830 -0.2251 -0.9323
vn 0.2631 -0.2196 -0.9394
vn 0.1987 -0.2718 -0.9416
vn 0.1032 -0.3504 -0.9309
vn 0.7217 0.2431 0.6481
vn 0.3721 0.2281 -0.8997
vn 0.0417 0.5228 -0.8514
vn 0.0755 0.5052 -0.8597
vn 0.1566 0.4192 -0.8943
vn 0.3304 0.9349 -0.1297
vn 0.1607 0.9867 -0.0256
vn 0.0724 0.9948 0.0713
vn 0.2766 0.9590 -0.0625
vn -0.0834 -0.8819 -0.4639
vn -0.1750 -0.9628 -0.2057
vn -0.0323 0.9926 0.1169
vn 0.0010 -0.7749 -0.6321
vn -0.0917 -0.9414 -0.3247
vn -0.1247 -0.9731 -0.1939
vn -0.2245 -0.9569 -0.1844
vn -0.2117 -0.9584 -0.1915
vn -0.0586 -0.9942 -0.0905
vn 0.2471 -0.1433 -0.9583
vn 0.9952 -0.0419 -0.0885
vn 0.2675 -0.8143 0.5152
vn -0.1678 -0.9771 -0.1310
vn 0.2213 0.6467 -0.7299
vn 0.0243 0.9950 0.0966
vn 0.2130 0.9484 -0.2347
vn -0.2326 0.9273 -0.2933
vn -0.2457 0.9686 -0.0369
vn -0.2139 0.9510 0.2234
vn 0.0027 0.9835 0.1808
vn -0.1556 0.9573 0.2435
vn -0.0840 0.9904 0.1096
vn -0.0579 0.9982 -0.0183
vn -0.0842 0.9960 0.0286
vn -0.0506 0.9943 0.0935
vn 0.0447 0.9787 0.2004
vn 0.2129 0.9444 0.2505
vn 0.9943 0.0421 0.0982
vn 0.9956 0.0723 0.0602
vn 0.9654 -0.2026 0.1642
vn 0.9614 -0.2660 0.0700
vn 0.9792 -0.1745 0.1034
vn 0.9669 -0.1666 0.1934
vn 0.8388 -0.5248 0.1449
vn 0.8758 -0.4766 0.0761
vn 0.9396 -0.3418 0.0178
vn 0.9746 -0.2237 0.0113
vn 0.9554 -0.2942 -0.0245
vn 0.9421 -0.3233 -0.0895
vn 0.9903 0.1365 0.0279
vn 0.9859 -0.1626 -0.0404
vn 0.9990 -0.0019 0.0439
vn 0.9442 -0.3263 -0.0448
vn 0.9769 0.2072 0.0515
vn 0.9722 0.2277 0.0549
vn 0.9858 0.1617 0.0464
vn 0.9654 0.2599 0.0230
vn 0.9935 -0.0780 0.0832
vn 0.9784 0.1705 0.1166
vn 0.9598 0.2405 0.1448
vn 0.9091 0.3836 0.1627
vn 0.8860 0.4565 0.0808
vn 0.8668 0.4922 -0.0798
vn 0.9181 0.2839 0.2766
vn 0.9488 0.2044 0.2409
vn 0.9361 0.2299 0.2661
vn 0.9400 0.2355 0.2469
vn 0.9532 -0.2031 0.2241
vn 0.9673 -0.1687 0.1895
vn 0.9545 -0.2101 0.2114
vn 0.8742 -0.4417 0.2016
vn 0.8869 -0.4060 0.2205
vn 0.8316 -0.5105 0.2185
vn 0.8451 -0.4792 0.2372
vn 0.8047 -0.5633 0.1873
vn 0.7601 -0.6228 0.1855
vn 0.6710 -0.7376 0.0750
vn 0.6112 -0.7841 0.1076
vn 0.4063 -0.9136 -0.0129
vn 0.3932 -0.9187 0.0379
vn -0.0913 -0.9904 -0.1040
vn -0.0354 -0.9956 -0.0869
vn -0.1691 -0.9771 -0.1289
vn -0.3908 -0.9152 -0.0983
vn -0.3327 -0.9270 -0.1733
vn -0.2684 -0.9631 -0.0194
vn 0.0208 -0.9977 0.0641
vn -0.5640 -0.7939 -0.2273
vn -0.6055 -0.7884 -0.1084
vn -0.5684 -0.8175 -0.0926
vn -0.4978 -0.7255 0.4753
vn -0.2458 -0.8484 0.4687
vn 0.0108 -0.8606 0.5092
vn -0.6883 -0.4925 0.5326
vn 0.7531 0.5651 0.3371
vn 0.5174 0.7678 0.3779
vn 0.7736 0.5888 0.2344
vn 0.5278 0.7962 0.2959
vn 0.2428 0.9004 0.3611
vn 0.2578 0.9096 0.3260
vn 0.0007 0.9445 0.3286
vn -0.0072 0.9433 0.3319
vn 0.8247 -0.5278 0.2033
vn 0.9142 -0.3429 0.2161
vn 0.9496 -0.2851 0.1304
vn 0.8052 -0.5872 0.0831
vn 0.8291 -0.5588 -0.0202
vn 0.6473 -0.7484 0.1445
vn -0.9461 -0.0473 0.3204
vn 0.4533 0.4912 0.7438
vn 0.3968 0.2770 0.8751
vn 1.0000 0.0007 -0.0031
vn 0.9988 -0.0241 -0.0425
vn 0.9115 -0.0848 0.4024
vn 0.0629 -0.0685 0.9957
vn 0.9484 0.2293 0.2192
vn 0.9998 0.0123 -0.0181
vn 0.9988 0.0354 -0.0339
vn 0.8386 -0.4354 -0.3274
vn 0.9987 -0.0128 -0.0494
vn 0.9957 0.0882 0.0275
vn 0.9958 -0.0404 -0.0824
vn 0.9972 -0.0246 -0.0712
vn 0.9688 0.0332 0.2454
vn 0.9984 0.0117 -0.0553
vn 0.7635 -0.4884 0.4225
vn 0.9988 -0.0015 -0.0487
vn 0.8329 -0.5516 0.0444
vn 0.8522 -0.1723 -0.4940
vn 0.9979 -0.0029 -0.0644
vn 0.9986 0.0001 -0.0534
vn 0.9951 -0.0150 -0.0981
vn 0.9969 -0.0295 -0.0730
vn 0.9942 0.0514 -0.0941
vn 0.8704 -0.4254 -0.2479
vn 1.0000 0.0028 -0.0076
vn 0.9965 -0.0140 -0.0826
vn 0.9711 0.0801 0.2250
vn 0.9597 -0.1312 -0.2485
vn 0.4195 0.7907 -0.4459
vn 0.6683 -0.1056 -0.7363
vn 0.5718 -0.8171 0.0730
vn 0.9350 -0.3159 0.1611
vn 0.9501 0.3115 -0.0140
vn 0.9258 0.3679 -0.0870
vn 0.8475 0.4727 -0.2414
vn 0.7271 0.5649 -0.3901
vn 0.6536 0.5147 -0.5549
vn 0.4604 0.4379 -0.7722
vn 0.3164 0.2358 -0.9188
vn -0.0649 0.2359 -0.9696
vn 0.0752 0.5700 -0.8182
vn -0.0744 -0.2192 -0.9728
vn 0.0967 0.1220 -0.9878
vn -0.2090 0.9761 0.0596
vn -0.5714 0.8174 -0.0730
vn 0.2088 -0.9761 -0.0595
vn 0.4614 -0.8758 0.1416
vt 0.987900 0.351800
vt 0.977200 0.358400
vt 0.965100 0.349200
vt 0.987900 0.335600
vt 0.533400 0.336100
vt 0.521000 0.343000
vt 0.521800 0.337900
vt 0.526800 0.319600
vt 0.961800 0.335100
vt 0.987900 0.320200
vt 0.538200 0.322100
vt 0.526800 0.306600
vt 0.551837 0.331547
vt 0.546300 0.350200
vt 0.521900 0.356600
vt 0.550900 0.358100
vt 0.521200 0.374100
vt 0.559800 0.335600
vt 0.566700 0.339800
vt 0.556900 0.366700
vt 0.557100 0.392100
vt 0.572200 0.372000
vt 0.537900 0.389900
vt 0.518800 0.390700
vt 0.589210 0.345465
vt 0.585500 0.377100
vt 0.591397 0.319219
vt 0.610112 0.326016
vt 0.610906 0.350971
vt 0.571985 0.314835
vt 0.607700 0.378000
vt 0.631883 0.352034
vt 0.631300 0.378200
vt 0.631617 0.332001
vt 0.645016 0.340132
vt 0.651200 0.365600
vt 0.650000 0.393800
vt 0.652513 0.315144
vt 0.657070 0.342907
vt 0.643166 0.311658
vt 0.631502 0.308392
vt 0.677000 0.373000
vt 0.680301 0.348048
vt 0.679685 0.321464
vt 0.643030 0.276482
vt 0.654841 0.283529
vt 0.680908 0.288076
vt 0.654842 0.261379
vt 0.642548 0.260498
vt 0.679289 0.254401
vt 0.642580 0.243784
vt 0.655272 0.248476
vt 0.676444 0.224665
vt 0.652305 0.218220
vt 0.642857 0.214254
vt 0.634563 0.243774
vt 0.629650 0.211199
vt 0.632111 0.273974
vt 0.614916 0.236707
vt 0.618080 0.271072
vt 0.620933 0.302491
vt 0.612912 0.299496
vt 0.594147 0.294239
vt 0.605468 0.263634
vt 0.574759 0.289326
vt 0.595439 0.260076
vt 0.578509 0.253856
vt 0.596978 0.233642
vt 0.577880 0.231376
vt 0.591429 0.200023
vt 0.612842 0.207276
vt 0.610988 0.186015
vt 0.626841 0.192104
vt 0.604427 0.173906
vt 0.624366 0.172970
vt 0.588003 0.172817
vt 0.585075 0.146857
vt 0.600903 0.148282
vt 0.616618 0.146351
vt 0.643417 0.152149
vt 0.643510 0.171683
vt 0.642762 0.187081
vt 0.654605 0.157018
vt 0.654295 0.187245
vt 0.675311 0.187124
vt 0.681415 0.161026
vt 0.656683 0.142270
vt 0.683764 0.138808
vt 0.705408 0.162610
vt 0.714102 0.144064
vt 0.692267 0.179560
vt 0.718782 0.171152
vt 0.701175 0.198165
vt 0.718699 0.193767
vt 0.707263 0.211771
vt 0.699497 0.230978
vt 0.715839 0.220819
vt 0.725571 0.216965
vt 0.703229 0.262014
vt 0.723818 0.232737
vt 0.725514 0.266057
vt 0.739938 0.226984
vt 0.753251 0.194333
vt 0.751042 0.230135
vt 0.737300 0.193117
vt 0.750019 0.263169
vt 0.733260 0.171173
vt 0.752230 0.171227
vt 0.766277 0.194910
vt 0.766557 0.162083
vt 0.765665 0.230606
vt 0.775380 0.196190
vt 0.771925 0.232643
vt 0.779444 0.178198
vt 0.792995 0.164574
vt 0.787890 0.119702
vt 0.766191 0.117973
vt 0.747966 0.156569
vt 0.754174 0.141559
vt 0.737639 0.119172
vt 0.731528 0.152353
vt 0.709965 0.118648
vt 0.764100 0.086400
vt 0.734200 0.087900
vt 0.707600 0.086300
vt 0.763300 0.084600
vt 0.733400 0.085000
vt 0.706900 0.083500
vt 0.784500 0.086300
vt 0.784200 0.083600
vt 0.762300 0.081100
vt 0.784000 0.081300
vt 0.732700 0.080800
vt 0.760800 0.077200
vt 0.783600 0.078800
vt 0.731300 0.077200
vt 0.758700 0.049600
vt 0.783100 0.050900
vt 0.730900 0.048800
vt 0.811400 0.079400
vt 0.811800 0.051600
vt 0.811500 0.081900
vt 0.839400 0.051200
vt 0.839300 0.081600
vt 0.839400 0.082500
vt 0.812000 0.084600
vt 0.839700 0.086000
vt 0.862900 0.084800
vt 0.862800 0.082700
vt 0.862900 0.080900
vt 0.872400 0.083500
vt 0.872400 0.082000
vt 0.872300 0.080200
vt 0.871100 0.053700
vt 0.861700 0.053700
vt 0.871400 0.014600
vt 0.862800 0.014600
vt 0.839600 0.014600
vt 0.881400 0.014600
vt 0.881700 0.052800
vt 0.883000 0.078300
vt 0.904400 0.049100
vt 0.903200 0.014600
vt 0.906500 0.073700
vt 0.922000 0.046700
vt 0.923700 0.069500
vt 0.918900 0.014600
vt 0.898200 0.813500
vt 0.893500 0.818900
vt 0.886800 0.792400
vt 0.885800 0.825100
vt 0.895500 0.762900
vt 0.900600 0.765600
vt 0.888900 0.761800
vt 0.880300 0.763200
vt 0.903900 0.769500
vt 0.905700 0.774200
vt 0.906900 0.779400
vt 0.871600 0.767400
vt 0.863300 0.774400
vt 0.858600 0.783200
vt 0.862600 0.802400
vt 0.858600 0.792800
vt 0.866700 0.812200
vt 0.872600 0.820400
vt 0.878600 0.825800
vt 0.882000 0.826500
vt 0.902200 0.808000
vt 0.905200 0.802500
vt 0.907400 0.790600
vt 0.907500 0.784900
vt 0.555600 0.013300
vt 0.554200 0.044100
vt 0.539400 0.045000
vt 0.540600 0.013300
vt 0.570000 0.013300
vt 0.568100 0.043700
vt 0.552600 0.070100
vt 0.538600 0.069800
vt 0.566200 0.069800
vt 0.581700 0.044300
vt 0.580400 0.071100
vt 0.582000 0.013300
vt 0.595700 0.045600
vt 0.595200 0.073800
vt 0.595900 0.013300
vt 0.611100 0.046800
vt 0.610900 0.075900
vt 0.611900 0.013300
vt 0.595300 0.076300
vt 0.611300 0.077700
vt 0.580200 0.074900
vt 0.595400 0.079400
vt 0.580300 0.079000
vt 0.611600 0.080800
vt 0.566000 0.077400
vt 0.566000 0.073600
vt 0.552400 0.077300
vt 0.552300 0.073800
vt 0.538400 0.077300
vt 0.538600 0.074000
vt 0.526800 0.078700
vt 0.526800 0.075300
vt 0.526800 0.072900
vt 0.526800 0.049000
vt 0.956700 0.043100
vt 0.987900 0.039600
vt 0.987900 0.063500
vt 0.956900 0.066200
vt 0.957300 0.069000
vt 0.987900 0.066500
vt 0.939500 0.044600
vt 0.940800 0.067300
vt 0.941500 0.070300
vt 0.941900 0.072700
vt 0.957500 0.071200
vt 0.987900 0.069400
vt 0.924600 0.072800
vt 0.925100 0.075100
vt 0.942100 0.075300
vt 0.925300 0.077800
vt 0.957500 0.074000
vt 0.943700 0.100200
vt 0.926748 0.103095
vt 0.958900 0.099900
vt 0.907800 0.080600
vt 0.907700 0.078000
vt 0.908437 0.107572
vt 0.927631 0.139589
vt 0.909121 0.145169
vt 0.944201 0.135171
vt 0.883700 0.113326
vt 0.882354 0.154426
vt 0.883200 0.083500
vt 0.872874 0.115582
vt 0.872500 0.085100
vt 0.872638 0.160231
vt 0.863311 0.117928
vt 0.863100 0.086500
vt 0.864067 0.165336
vt 0.883200 0.081900
vt 0.840000 0.088100
vt 0.840908 0.120455
vt 0.814624 0.120887
vt 0.812600 0.086000
vt 0.818092 0.160933
vt 0.841865 0.160375
vt 0.819251 0.174612
vt 0.844032 0.174416
vt 0.795208 0.179320
vt 0.823353 0.199751
vt 0.796918 0.200242
vt 0.845903 0.198284
vt 0.864525 0.178204
vt 0.871138 0.184434
vt 0.872453 0.169444
vt 0.879562 0.171738
vt 0.882784 0.184108
vt 0.908262 0.175236
vt 0.927618 0.200707
vt 0.908176 0.206875
vt 0.927225 0.169142
vt 0.885436 0.212987
vt 0.928387 0.233240
vt 0.910280 0.239556
vt 0.886147 0.248461
vt 0.874372 0.219872
vt 0.874522 0.253785
vt 0.849521 0.232029
vt 0.851326 0.266822
vt 0.830323 0.267705
vt 0.827242 0.235349
vt 0.805507 0.269622
vt 0.801614 0.233635
vt 0.785338 0.234655
vt 0.786502 0.200882
vt 0.787269 0.267419
vt 0.832086 0.302563
vt 0.806336 0.303866
vt 0.784035 0.305014
vt 0.831544 0.343808
vt 0.806290 0.344684
vt 0.782000 0.341056
vt 0.773315 0.304285
vt 0.770770 0.266318
vt 0.780900 0.369400
vt 0.761400 0.369200
vt 0.760126 0.339689
vt 0.807300 0.373100
vt 0.760916 0.300655
vt 0.748225 0.300820
vt 0.747600 0.337152
vt 0.730600 0.390500
vt 0.731357 0.361753
vt 0.761600 0.397100
vt 0.782500 0.400300
vt 0.704100 0.383300
vt 0.704374 0.354808
vt 0.729370 0.334510
vt 0.704390 0.328249
vt 0.728960 0.298321
vt 0.703986 0.294898
vt 0.763978 0.263448
vt 0.674700 0.389000
vt 0.707200 0.416100
vt 0.730300 0.418000
vt 0.672100 0.403200
vt 0.701500 0.433600
vt 0.671700 0.421600
vt 0.648400 0.413600
vt 0.628200 0.405400
vt 0.623600 0.433200
vt 0.645900 0.439500
vt 0.666900 0.446300
vt 0.600200 0.426900
vt 0.603500 0.401100
vt 0.577000 0.420700
vt 0.578500 0.404900
vt 0.557500 0.416200
vt 0.554000 0.436800
vt 0.574800 0.442500
vt 0.534300 0.409700
vt 0.532100 0.430400
vt 0.515600 0.427100
vt 0.551100 0.459600
vt 0.514300 0.447400
vt 0.511700 0.477400
vt 0.549100 0.483400
vt 0.544700 0.510500
vt 0.511600 0.505300
vt 0.570500 0.489000
vt 0.572400 0.464600
vt 0.570300 0.515600
vt 0.570200 0.545500
vt 0.543200 0.542200
vt 0.510000 0.537300
vt 0.510400 0.572900
vt 0.543600 0.575200
vt 0.568000 0.575200
vt 0.593900 0.549000
vt 0.593500 0.578300
vt 0.592600 0.520600
vt 0.611400 0.580500
vt 0.613300 0.553500
vt 0.612900 0.524300
vt 0.592500 0.494100
vt 0.615100 0.499900
vt 0.635300 0.529600
vt 0.633000 0.557600
vt 0.637100 0.506100
vt 0.594600 0.470600
vt 0.617700 0.476800
vt 0.639700 0.483200
vt 0.660800 0.489900
vt 0.658500 0.512400
vt 0.656700 0.535600
vt 0.693600 0.500200
vt 0.691400 0.522300
vt 0.688800 0.544800
vt 0.686200 0.569700
vt 0.654100 0.561500
vt 0.722800 0.531400
vt 0.720200 0.553700
vt 0.716900 0.576900
vt 0.713200 0.599800
vt 0.682800 0.592600
vt 0.651100 0.586300
vt 0.679600 0.619500
vt 0.648600 0.615600
vt 0.709300 0.623900
vt 0.627900 0.613800
vt 0.630300 0.583400
vt 0.607300 0.611600
vt 0.588000 0.609700
vt 0.605100 0.642100
vt 0.584200 0.640700
vt 0.625900 0.643400
vt 0.624600 0.678700
vt 0.603600 0.677400
vt 0.582600 0.676400
vt 0.603700 0.693800
vt 0.582900 0.693800
vt 0.624000 0.695500
vt 0.645400 0.696600
vt 0.645700 0.679500
vt 0.647100 0.644000
vt 0.675000 0.697200
vt 0.675400 0.680400
vt 0.677100 0.646400
vt 0.705700 0.649700
vt 0.702800 0.682100
vt 0.740500 0.652300
vt 0.742600 0.630400
vt 0.739600 0.684200
vt 0.745700 0.607000
vt 0.770300 0.656800
vt 0.772900 0.634500
vt 0.776400 0.612000
vt 0.786300 0.612900
vt 0.788000 0.636400
vt 0.787200 0.658900
vt 0.764700 0.686100
vt 0.789600 0.659800
vt 0.798400 0.691900
vt 0.791200 0.636800
vt 0.795500 0.637700
vt 0.794500 0.661200
vt 0.788300 0.613500
vt 0.793400 0.614600
vt 0.811400 0.617200
vt 0.811700 0.639500
vt 0.809300 0.663700
vt 0.833200 0.640700
vt 0.832900 0.666800
vt 0.824900 0.616700
vt 0.831800 0.699200
vt 0.854800 0.698200
vt 0.855400 0.665100
vt 0.855200 0.638400
vt 0.876600 0.663700
vt 0.876100 0.697500
vt 0.875500 0.634600
vt 0.860000 0.613800
vt 0.877600 0.614400
vt 0.840800 0.614600
vt 0.858700 0.586500
vt 0.876500 0.583500
vt 0.840900 0.590000
vt 0.823100 0.591700
vt 0.810500 0.592500
vt 0.826800 0.566900
vt 0.841100 0.565200
vt 0.811300 0.568300
vt 0.789400 0.591800
vt 0.786900 0.568100
vt 0.783500 0.591200
vt 0.780800 0.567900
vt 0.784400 0.543900
vt 0.812200 0.544300
vt 0.774300 0.543300
vt 0.782200 0.590700
vt 0.779500 0.568700
vt 0.772300 0.543600
vt 0.750400 0.561800
vt 0.753000 0.540900
vt 0.747200 0.584400
vt 0.779600 0.589500
vt 0.756400 0.518700
vt 0.761100 0.521100
vt 0.762500 0.520800
vt 0.724700 0.509600
vt 0.726300 0.488300
vt 0.695800 0.478400
vt 0.757900 0.506600
vt 0.698300 0.456500
vt 0.728000 0.466000
vt 0.761600 0.474400
vt 0.758700 0.496100
vt 0.777500 0.520900
vt 0.814500 0.523100
vt 0.781000 0.498600
vt 0.816200 0.506600
vt 0.782000 0.475700
vt 0.810000 0.475200
vt 0.834600 0.500700
vt 0.835300 0.514800
vt 0.824700 0.519200
vt 0.834500 0.471400
vt 0.839400 0.541800
vt 0.826600 0.543800
vt 0.858900 0.538400
vt 0.858800 0.560900
vt 0.858900 0.514500
vt 0.876300 0.557000
vt 0.874700 0.538200
vt 0.887700 0.581400
vt 0.886300 0.555300
vt 0.884000 0.530000
vt 0.867800 0.525100
vt 0.877900 0.504700
vt 0.856800 0.500200
vt 0.877900 0.480800
vt 0.856300 0.464700
vt 0.877800 0.457700
vt 0.834300 0.446500
vt 0.856100 0.441300
vt 0.877900 0.435000
vt 0.900900 0.428400
vt 0.899500 0.452400
vt 0.898700 0.476600
vt 0.877500 0.412600
vt 0.901600 0.403700
vt 0.855800 0.419200
vt 0.854400 0.393800
vt 0.875000 0.386700
vt 0.898600 0.379600
vt 0.855300 0.373900
vt 0.874600 0.370200
vt 0.888285 0.364299
vt 0.872074 0.363699
vt 0.885202 0.360438
vt 0.893383 0.353669
vt 0.876559 0.326436
vt 0.889467 0.321580
vt 0.875218 0.289460
vt 0.888427 0.283503
vt 0.854163 0.338832
vt 0.854590 0.300053
vt 0.831200 0.374200
vt 0.832800 0.399200
vt 0.809000 0.400700
vt 0.833900 0.423400
vt 0.809700 0.425800
vt 0.782600 0.425500
vt 0.761900 0.424700
vt 0.810300 0.450000
vt 0.782600 0.451500
vt 0.762000 0.451600
vt 0.730300 0.443300
vt 0.663800 0.468100
vt 0.643300 0.461200
vt 0.620700 0.454800
vt 0.597600 0.448600
vt 0.912781 0.274983
vt 0.915757 0.312559
vt 0.931764 0.306331
vt 0.929670 0.269333
vt 0.919517 0.339651
vt 0.907260 0.346127
vt 0.933935 0.331845
vt 0.947600 0.324800
vt 0.945698 0.300030
vt 0.944316 0.263594
vt 0.959500 0.293500
vt 0.960500 0.316100
vt 0.958900 0.257900
vt 0.950100 0.346100
vt 0.937900 0.355600
vt 0.954600 0.361500
vt 0.943400 0.373800
vt 0.923863 0.361139
vt 0.936200 0.385200
vt 0.925700 0.381600
vt 0.911000 0.372700
vt 0.927900 0.399900
vt 0.947400 0.406600
vt 0.954900 0.388000
vt 0.964700 0.371400
vt 0.057900 0.410600
vt 0.051800 0.420400
vt 0.045800 0.405400
vt 0.050000 0.398700
vt 0.060100 0.431100
vt 0.052600 0.437500
vt 0.058300 0.454100
vt 0.052600 0.456800
vt 0.052600 0.479300
vt 0.057600 0.479100
vt 0.052600 0.505500
vt 0.056800 0.505000
vt 0.052600 0.530700
vt 0.056000 0.531200
vt 0.056400 0.557800
vt 0.052600 0.557300
vt 0.942300 0.528200
vt 0.922600 0.528200
vt 0.923900 0.502000
vt 0.942300 0.500100
vt 0.942300 0.556300
vt 0.921100 0.554900
vt 0.942300 0.582900
vt 0.920200 0.581100
vt 0.056600 0.582400
vt 0.052600 0.582400
vt 0.919200 0.608000
vt 0.942300 0.609700
vt 0.057500 0.607800
vt 0.052600 0.607200
vt 0.057800 0.634800
vt 0.052600 0.633900
vt 0.057900 0.660800
vt 0.052600 0.659200
vt 0.942300 0.637700
vt 0.917800 0.634900
vt 0.917200 0.662600
vt 0.942300 0.664100
vt 0.942300 0.699900
vt 0.916700 0.697400
vt 0.052600 0.697100
vt 0.057300 0.695000
vt 0.916100 0.713200
vt 0.942300 0.714700
vt 0.052600 0.711100
vt 0.074000 0.711600
vt 0.073800 0.713300
vt 0.052600 0.713000
vt 0.942300 0.717100
vt 0.915900 0.715900
vt 0.895300 0.715200
vt 0.895800 0.713000
vt 0.896600 0.697100
vt 0.915200 0.731500
vt 0.894400 0.730900
vt 0.942300 0.731900
vt 0.874000 0.730700
vt 0.874500 0.715400
vt 0.875100 0.713100
vt 0.853100 0.731200
vt 0.853200 0.715700
vt 0.853800 0.712400
vt 0.830700 0.712500
vt 0.830300 0.715500
vt 0.796300 0.707000
vt 0.797100 0.711800
vt 0.799100 0.728400
vt 0.830500 0.731000
vt 0.765700 0.721600
vt 0.763100 0.704600
vt 0.762400 0.701200
vt 0.738000 0.721000
vt 0.738900 0.703500
vt 0.739400 0.700900
vt 0.701700 0.698300
vt 0.702100 0.701600
vt 0.675200 0.700100
vt 0.674500 0.719100
vt 0.701900 0.719800
vt 0.645100 0.717600
vt 0.645600 0.699600
vt 0.624100 0.716800
vt 0.624200 0.698200
vt 0.603400 0.697300
vt 0.603400 0.716400
vt 0.622100 0.747200
vt 0.601400 0.747200
vt 0.642800 0.747200
vt 0.655000 0.799400
vt 0.624000 0.830400
vt 0.618600 0.827100
vt 0.614100 0.822700
vt 0.609200 0.815200
vt 0.672000 0.747200
vt 0.606100 0.807200
vt 0.700700 0.747200
vt 0.605300 0.797400
vt 0.734500 0.747200
vt 0.606100 0.788300
vt 0.768100 0.747200
vt 0.807800 0.747200
vt 0.610000 0.779800
vt 0.616200 0.773600
vt 0.832700 0.747200
vt 0.855500 0.747200
vt 0.623200 0.769700
vt 0.630200 0.766900
vt 0.872500 0.747200
vt 0.637100 0.764800
vt 0.891200 0.747200
vt 0.643900 0.763300
vt 0.912300 0.747200
vt 0.652600 0.762600
vt 0.942300 0.747200
vt 0.651100 0.836200
vt 0.642100 0.835700
vt 0.635900 0.834900
vt 0.630000 0.832700
vt 0.582600 0.715900
vt 0.580900 0.747200
vt 0.562100 0.716000
vt 0.560900 0.747200
vt 0.561800 0.696800
vt 0.582600 0.696900
vt 0.562100 0.693600
vt 0.561900 0.675700
vt 0.541700 0.696900
vt 0.541500 0.693700
vt 0.541900 0.675200
vt 0.544200 0.636400
vt 0.563600 0.639400
vt 0.564400 0.608700
vt 0.542500 0.606600
vt 0.511000 0.636700
vt 0.511200 0.605600
vt 0.513700 0.674500
vt 0.513600 0.693300
vt 0.513800 0.696600
vt 0.542300 0.716300
vt 0.514200 0.716600
vt 0.541700 0.747200
vt 0.514900 0.747200
vt 0.896900 0.663100
vt 0.894100 0.631700
vt 0.896200 0.608400
vt 0.888600 0.608300
vt 0.896700 0.581200
vt 0.897700 0.554100
vt 0.898400 0.527600
vt 0.898500 0.501600
vt 0.924600 0.476100
vt 0.925100 0.451700
vt 0.942300 0.473100
vt 0.942300 0.448400
vt 0.926900 0.424200
vt 0.942300 0.426700
vt 0.987900 0.302000
vt 0.987900 0.281600
vt 0.541900 0.303900
vt 0.526800 0.298300
vt 0.543000 0.281800
vt 0.526800 0.279600
vt 0.556908 0.285687
vt 0.555284 0.309603
vt 0.563194 0.312622
vt 0.565578 0.287919
vt 0.567882 0.254062
vt 0.556821 0.252172
vt 0.541100 0.249100
vt 0.556974 0.222681
vt 0.526800 0.247800
vt 0.541500 0.218300
vt 0.541200 0.191500
vt 0.556395 0.193829
vt 0.526800 0.217500
vt 0.959400 0.191200
vt 0.987900 0.187800
vt 0.987900 0.217000
vt 0.959100 0.223500
vt 0.987900 0.249000
vt 0.526800 0.190600
vt 0.540700 0.165300
vt 0.526800 0.161700
vt 0.959600 0.160500
vt 0.987900 0.156800
vt 0.945681 0.162754
vt 0.943956 0.195196
vt 0.943894 0.227906
vt 0.959600 0.132700
vt 0.987900 0.129700
vt 0.987900 0.097600
vt 0.987900 0.071900
vt 0.539700 0.106900
vt 0.540300 0.139500
vt 0.526800 0.136200
vt 0.526800 0.105400
vt 0.538500 0.080600
vt 0.526800 0.081100
vt 0.552500 0.081000
vt 0.554100 0.108000
vt 0.566300 0.081500
vt 0.567900 0.109300
vt 0.580600 0.082700
vt 0.582242 0.110529
vt 0.595800 0.082600
vt 0.597193 0.112112
vt 0.612200 0.083600
vt 0.613807 0.113825
vt 0.631600 0.114369
vt 0.630100 0.084700
vt 0.647953 0.135074
vt 0.658699 0.123680
vt 0.654900 0.086600
vt 0.654000 0.083400
vt 0.629400 0.082300
vt 0.680000 0.086100
vt 0.683419 0.120740
vt 0.679300 0.083400
vt 0.678400 0.080900
vt 0.653200 0.080300
vt 0.628700 0.079400
vt 0.706000 0.080900
vt 0.705100 0.078200
vt 0.677300 0.079500
vt 0.705000 0.048300
vt 0.677400 0.048200
vt 0.653500 0.077300
vt 0.653600 0.047800
vt 0.653000 0.013300
vt 0.678100 0.013300
vt 0.704300 0.013300
vt 0.630200 0.013300
vt 0.628600 0.047700
vt 0.629200 0.076700
vt 0.729000 0.013300
vt 0.755900 0.013900
vt 0.569848 0.144736
vt 0.555052 0.142966
vt 0.555700 0.167968
vt 0.571215 0.170365
vt 0.572882 0.197563
vt 0.518300 0.407300
vt 0.787186 0.187329
vt 0.883100 0.080500
vt 0.907200 0.076300
vt 0.937300 0.014600
vt 0.955000 0.014600
vt 0.987900 0.014600
vt 0.526800 0.013300
vt 0.782300 0.014600
vt 0.812900 0.014600
vt 0.512510 0.706538
vt 0.648826 0.794380
vt 0.512201 0.692593
vt 0.091073 0.633557
vt 0.383501 0.394657
vt 0.948261 0.360347
vt 0.531970 0.339955
vt 0.522242 0.345437
vt 0.513900 0.428976
vt 0.512433 0.450140
vt 0.510766 0.480003
vt 0.510996 0.507794
vt 0.814868 0.388602
vt 0.942441 0.373137
vt 1.532426 0.792620
vt 1.125143 0.739175
vt 0.187138 0.723953
vt 0.591897 0.754317
vt 0.512973 0.610434
vt 0.514539 0.644383
vt 0.510970 0.576212
vt 0.509950 0.540176
vt 0.511622 0.676806
vt 0.512211 0.693911
vt 0.516717 0.408861
vt 0.517692 0.392047
vt 0.520315 0.375506
vt 0.521517 0.358289
vt 0.067728 0.703843
vt 0.062916 0.690697
vt 0.058142 0.708059
vt 0.052224 0.418058
vt 0.055632 0.430048
vt 0.057059 0.436295
vt 0.057609 0.458269
vt 0.057390 0.480443
vt 0.057054 0.503496
vt 0.056905 0.528637
vt 0.057487 0.557620
vt 0.058758 0.610593
vt 0.057953 0.584255
vt 0.059160 0.635104
vt 0.060084 0.658354
vt 0.070297 0.704745
s 1
usemtl Bottommat
f 748/1/1 747/2/2 5/3/3 4/4/4
f 7/5/5 749/6/6 748/7/1 4/8/4
f 4/4/4 5/3/3 509/9/7 6/10/8
f 8/11/9 7/5/5 4/8/4 6/12/8
f 11/13/10 9/14/11 7/5/5 8/11/9
f 774/15/12 749/6/6 7/5/5 9/14/11
f 9/14/11 12/16/13 773/17/14 774/15/12
f 9/14/11 11/13/10 13/18/15 12/16/13
f 18/19/16 15/20/17 12/16/13 13/18/15
f 12/16/13 15/20/17 773/17/14
f 16/21/18 15/20/17 19/22/19
f 15/20/17 16/21/18 17/23/20
f 17/23/20 772/24/21 773/17/14 15/20/17
f 19/22/19 15/20/17 18/19/16 21/25/22
f 16/21/18 19/22/19 20/26/23
f 21/25/22 20/26/23 19/22/19
f 21/25/22 22/27/24 24/28/25 23/29/26
f 22/27/24 21/25/22 18/19/16 731/30/27
f 20/26/23 21/25/22 23/29/26
f 23/29/26 25/31/28 20/26/23
f 27/32/29 23/29/26 24/28/25
f 26/33/30 25/31/28 23/29/26
f 27/32/29 26/33/30 23/29/26
f 24/28/25 28/34/31 27/32/29
f 27/32/29 28/34/31 30/35/32
f 29/36/33 285/37/34 26/33/30 27/32/29
f 27/32/29 30/35/32 29/36/33
f 34/38/35 32/39/36 30/35/32 31/40/37
f 31/40/37 30/35/32 28/34/31 51/41/38
f 29/36/33 30/35/32 32/39/36
f 281/42/39 29/36/33 32/39/36 33/43/40
f 35/44/41 33/43/40 32/39/36 34/38/35
f 31/40/37 37/45/42 36/46/43 34/38/35
f 38/47/44 35/44/41 34/38/35 36/46/43
f 39/48/45 36/46/43 37/45/42 40/49/46
f 36/46/43 39/48/45 41/50/47 38/47/44
f 40/49/46 44/51/48 42/52/49 39/48/45
f 39/48/45 42/52/49 41/50/47
f 83/53/50 41/50/47 42/52/49 43/54/51
f 44/51/48 45/55/52 43/54/51 42/52/49
f 45/55/52 44/51/48 46/56/53 47/57/54
f 44/51/48 40/49/46 50/58/55 46/56/53
f 48/59/56 47/57/54 46/56/53
f 49/60/57 48/59/56 46/56/53
f 49/60/57 46/56/53 50/58/55
f 37/45/42 31/40/37 51/41/38 50/58/55
f 50/58/55 51/41/38 52/61/58
f 53/62/59 49/60/57 50/58/55 52/61/58
f 50/58/55 40/49/46 37/45/42
f 24/28/25 52/61/58 51/41/38 28/34/31
f 24/28/25 53/62/59 52/61/58
f 53/62/59 24/28/25 22/27/24 54/63/60
f 57/64/61 49/60/57 53/62/59 54/63/60
f 54/63/60 22/27/24 731/30/27 55/65/62
f 56/66/63 54/63/60 55/65/62 58/67/64
f 56/66/63 57/64/61 54/63/60
f 56/66/63 59/68/65 48/59/56 57/64/61
f 48/59/56 49/60/57 57/64/61
f 58/67/64 61/69/66 59/68/65 56/66/63
f 59/68/65 60/70/67 62/71/68
f 61/69/66 60/70/67 59/68/65
f 59/68/65 62/71/68 48/59/56
f 48/59/56 62/71/68 47/57/54
f 62/71/68 64/72/69 63/73/70
f 62/71/68 63/73/70 47/57/54
f 64/72/69 62/71/68 60/70/67 65/74/71
f 64/72/69 65/74/71 69/75/72 63/73/70
f 68/76/73 723/77/74 66/78/75 65/74/71
f 65/74/71 66/78/75 67/79/76
f 67/79/76 69/75/72 65/74/71
f 60/70/67 68/76/73 65/74/71
f 69/75/72 67/79/76 71/80/77 70/81/78
f 63/73/70 69/75/72 70/81/78 73/82/79
f 70/81/78 71/80/77 74/83/80 72/84/81
f 73/82/79 70/81/78 72/84/81
f 47/57/54 63/73/70 73/82/79
f 47/57/54 73/82/79 45/55/52
f 45/55/52 73/82/79 72/84/81 43/54/51
f 75/85/82 83/53/50 43/54/51 72/84/81
f 74/83/80 76/86/83 72/84/81
f 76/86/83 75/85/82 72/84/81
f 76/86/83 74/83/80 722/87/84 77/88/85
f 78/89/86 76/86/83 77/88/85 79/90/87
f 81/91/88 75/85/82 76/86/83 78/89/86
f 79/90/87 80/92/89 78/89/86
f 78/89/86 80/92/89 82/93/90 81/91/88
f 82/93/90 83/53/50 75/85/82 81/91/88
f 82/93/90 80/92/89 86/94/91 84/95/92
f 87/96/93 83/53/50 82/93/90 84/95/92
f 87/96/93 84/95/92 85/97/94
f 85/97/94 84/95/92 86/94/91 91/98/95
f 88/99/96 87/96/93 89/100/97 90/101/98
f 87/96/93 88/99/96 41/50/47 83/53/50
f 89/100/97 87/96/93 85/97/94
f 90/101/98 89/100/97 92/102/99
f 91/98/95 89/100/97 85/97/94
f 92/102/99 89/100/97 91/98/95
f 97/103/100 93/104/101 92/102/99 95/105/102
f 92/102/99 93/104/101 94/106/103
f 90/101/98 92/102/99 94/106/103
f 91/98/95 86/94/91 95/105/102 92/102/99
f 86/94/91 80/92/89 96/107/104 95/105/102
f 95/105/102 96/107/104 98/108/105 97/103/100
f 99/109/106 97/103/100 98/108/105 102/110/107
f 97/103/100 99/109/106 100/111/108 93/104/101
f 100/111/108 99/109/106 101/112/109 738/113/110
f 99/109/106 102/110/107 103/114/111 101/112/109
f 102/110/107 104/115/112 103/114/111
f 228/116/113 104/115/112 102/110/107 105/117/114
f 98/108/105 108/118/115 106/119/116 102/110/107
f 105/117/114 102/110/107 106/119/116
f 106/119/116 107/120/117 105/117/114
f 109/121/118 107/120/117 106/119/116 108/118/115
f 108/118/115 98/108/105 96/107/104 109/121/118
f 109/121/118 96/107/104 80/92/89 79/90/87
f 79/90/87 110/122/119 107/120/117 109/121/118
f 114/123/120 105/117/114 107/120/117 111/124/121
f 111/124/121 107/120/117 110/122/119 113/125/122
f 116/126/123 114/123/120 111/124/121 112/127/124
f 112/127/124 111/124/121 113/125/122 708/128/125
f 105/117/114 114/123/120 115/129/126 228/116/113
f 116/126/123 117/130/127 115/129/126 114/123/120
f 117/130/127 116/126/123 118/131/128 119/132/129
f 112/127/124 120/133/130 118/131/128 116/126/123
f 119/132/129 118/131/128 121/134/131 124/135/132
f 121/134/131 118/131/128 120/133/130 123/136/133
f 121/134/131 122/137/134 125/138/135 124/135/132
f 719/139/136 122/137/134 121/134/131 123/136/133
f 126/140/137 124/135/132 125/138/135 127/141/138
f 129/142/139 119/132/129 124/135/132 126/140/137
f 127/141/138 140/143/140 128/144/141 126/140/137
f 129/142/139 126/140/137 128/144/141 131/145/142
f 119/132/129 129/142/139 130/146/143 117/130/127
f 130/146/143 129/142/139 131/145/142 132/147/144
f 134/148/145 132/147/144 131/145/142 133/149/146
f 131/145/142 128/144/141 136/150/147 133/149/146
f 221/151/148 134/148/145 133/149/146 135/152/149
f 137/153/150 135/152/149 133/149/146 136/150/147
f 141/154/151 137/153/150 136/150/147 138/155/152
f 128/144/141 140/143/140 138/155/152 136/150/147
f 142/156/153 141/154/151 138/155/152 139/157/154
f 139/157/154 138/155/152 140/143/140 161/158/155
f 141/154/151 142/156/153 144/159/156 143/160/157
f 137/153/150 141/154/151 143/160/157 145/161/158
f 146/162/159 143/160/157 144/159/156 149/163/160
f 147/164/161 145/161/158 143/160/157 146/162/159
f 146/162/159 148/165/162 745/166/163 147/164/161
f 148/165/162 146/162/159 149/163/160 150/167/164
f 150/168/164 149/169/160 151/170/165
f 149/169/160 144/171/156 151/170/165
f 152/172/166 154/173/167 151/170/165
f 153/174/168 152/172/166 151/170/165
f 164/175/169 153/174/168 151/170/165
f 154/173/167 155/176/170 151/170/165
f 155/176/170 156/177/171 151/170/165
f 156/177/171 169/178/172 151/170/165
f 157/179/173 164/175/169 151/170/165
f 158/180/174 157/179/173 151/170/165
f 162/181/175 158/180/174 151/170/165
f 159/182/176 163/183/177 151/170/165
f 160/184/178 159/182/176 151/170/165
f 161/185/155 160/184/178 151/170/165
f 139/186/154 161/185/155 151/170/165
f 163/183/177 162/181/175 151/170/165
f 142/187/153 139/186/154 151/170/165
f 144/171/156 142/187/153 151/170/165
f 165/188/179 150/168/164 151/170/165
f 166/189/180 165/188/179 151/170/165
f 167/190/181 166/189/180 151/170/165
f 168/191/182 167/190/181 151/170/165
f 169/178/172 168/191/182 151/170/165
f 169/192/172 170/193/183 171/194/184 168/195/182
f 156/196/171 173/197/185 170/193/183 169/192/172
f 172/198/186 193/199/187 171/194/184 170/193/183
f 174/200/188 172/198/186 170/193/183 173/197/185
f 175/201/189 176/202/190 174/200/188 173/197/185
f 155/203/170 175/201/189 173/197/185 156/196/171
f 176/202/190 175/201/189 177/204/191 179/205/192
f 154/206/167 177/204/191 175/201/189 155/203/170
f 179/205/192 177/204/191 178/207/193 180/208/194
f 154/206/167 152/209/166 178/207/193 177/204/191
f 181/210/195 179/205/192 180/208/194 183/211/196
f 179/205/192 181/210/195 184/212/197 176/202/190
f 182/213/198 185/214/199 184/212/197 181/210/195
f 721/215/200 182/213/198 181/210/195 183/211/196
f 187/216/201 186/217/202 184/212/197 185/214/199
f 186/217/202 174/200/188 176/202/190 184/212/197
f 189/218/203 188/219/204 186/217/202 187/216/201
f 186/217/202 188/219/204 172/198/186 174/200/188
f 191/220/205 190/221/206 188/219/204 189/218/203
f 172/198/186 188/219/204 190/221/206 193/199/187
f 190/221/206 191/220/205 686/222/207 192/223/208
f 193/199/187 190/221/206 192/223/208 194/224/209
f 193/199/187 194/224/209 195/225/210 171/194/184
f 197/226/211 195/227/210 194/228/209 196/229/212
f 199/230/213 196/229/212 194/228/209 192/231/208
f 746/232/214 197/226/211 196/229/212 198/233/215
f 196/229/212 199/230/213 201/234/216 198/233/215
f 203/235/217 201/234/216 199/230/213 200/236/218
f 200/236/218 199/230/213 192/231/208 686/237/207
f 198/233/215 201/234/216 202/238/219 745/166/163
f 204/239/220 202/238/219 201/234/216 203/235/217
f 205/240/221 208/241/222 204/239/220 203/235/217
f 205/240/221 203/235/217 200/236/218 207/242/223
f 205/240/221 206/243/224 210/244/225 208/241/222
f 206/243/224 205/240/221 207/242/223 681/245/226
f 204/239/220 208/241/222 209/246/227 742/247/228
f 210/244/225 212/248/229 209/246/227 208/241/222
f 211/249/230 213/250/231 212/248/229 210/244/225
f 678/251/232 211/249/230 210/244/225 206/243/224
f 214/252/233 212/248/229 213/250/231 216/253/234
f 212/248/229 214/252/233 215/254/235 209/246/227
f 214/252/233 217/255/236 220/256/237 215/254/235
f 216/253/234 219/257/238 217/255/236 214/252/233
f 217/255/236 218/258/239 222/259/240 220/256/237
f 219/257/238 237/260/241 218/258/239 217/255/236
f 221/151/148 741/261/242 215/254/235 220/256/237
f 134/148/145 221/151/148 220/256/237 222/259/240
f 132/147/144 134/148/145 222/259/240 223/262/243
f 218/258/239 224/263/244 223/262/243 222/259/240
f 223/262/243 224/263/244 226/264/245 225/265/246
f 132/147/144 223/262/243 225/265/246 130/146/143
f 130/146/143 225/265/246 115/129/126 117/130/127
f 225/265/246 226/264/245 228/116/113 115/129/126
f 104/115/112 228/116/113 226/264/245 227/266/247
f 224/263/244 229/267/248 227/266/247 226/264/245
f 230/268/249 227/266/247 229/267/248 233/269/250
f 227/266/247 230/268/249 231/270/251 104/115/112
f 230/268/249 232/271/252 255/272/253 231/270/251
f 233/269/250 234/273/254 232/271/252 230/268/249
f 234/273/254 233/269/250 235/274/255 236/275/256
f 233/269/250 229/267/248 237/260/241 235/274/255
f 238/276/257 236/275/256 235/274/255 237/260/241
f 229/267/248 224/263/244 218/258/239 237/260/241
f 237/260/241 219/257/238 238/276/257
f 219/257/238 216/253/234 239/277/258 238/276/257
f 236/275/256 238/276/257 239/277/258
f 239/277/258 240/278/259 236/275/256
f 241/279/260 240/278/259 239/277/258
f 216/253/234 213/250/231 241/279/260 239/277/258
f 244/280/261 243/281/262 241/279/260 242/282/263
f 242/282/263 241/279/260 213/250/231 211/249/230
f 243/281/262 246/283/264 240/278/259 241/279/260
f 243/281/262 244/280/261 676/284/265 245/285/266
f 246/283/264 243/281/262 245/285/266 247/286/267
f 248/287/268 246/283/264 247/286/267 249/288/269
f 240/278/259 246/283/264 248/287/268 236/275/256
f 250/289/270 248/287/268 249/288/269 251/290/271
f 248/287/268 250/289/270 234/273/254 236/275/256
f 250/289/270 251/290/271 253/291/272 252/292/273
f 234/273/254 250/289/270 252/292/273 232/271/252
f 252/292/273 253/291/272 257/293/274 254/294/275
f 254/294/275 255/272/253 232/271/252 252/292/273
f 256/295/276 739/296/277 255/272/253 254/294/275
f 254/294/275 257/293/274 258/297/278 256/295/276
f 253/291/272 260/298/279 259/299/280 257/293/274
f 258/297/278 257/293/274 259/299/280 262/300/281
f 259/299/280 260/298/279 468/301/282 261/302/283
f 262/300/281 259/299/280 261/302/283 264/303/284
f 264/303/284 263/304/285 262/300/281
f 262/300/281 263/304/285 737/305/286 258/297/278
f 265/306/287 269/307/288 266/308/289 264/303/284
f 261/302/283 470/309/290 265/306/287 264/303/284
f 263/304/285 264/303/284 266/308/289 267/310/291
f 279/311/292 267/310/291 266/308/289 268/312/293
f 266/308/289 269/307/288 268/312/293
f 272/313/294 271/314/295 269/307/288 270/315/296
f 265/306/287 475/316/297 270/315/296 269/307/288
f 269/307/288 271/314/295 268/312/293
f 271/314/295 272/313/294 275/317/298 274/318/299
f 271/314/295 273/319/300 268/312/293
f 273/319/300 271/314/295 274/318/299 276/320/301
f 274/318/299 275/317/298 281/42/39 33/43/40
f 276/320/301 274/318/299 33/43/40 35/44/41
f 278/321/302 273/319/300 276/320/301 277/322/303
f 277/322/303 276/320/301 35/44/41 38/47/44
f 90/101/98 278/321/302 277/322/303 88/99/96
f 88/99/96 277/322/303 38/47/44 41/50/47
f 273/319/300 278/321/302 279/311/292 268/312/293
f 94/106/103 279/311/292 278/321/302 90/101/98
f 267/310/291 279/311/292 94/106/103 736/323/304
f 282/324/305 281/42/39 275/317/298 280/325/306
f 272/313/294 480/326/307 280/325/306 275/317/298
f 29/36/33 281/42/39 282/324/305
f 285/37/34 29/36/33 282/324/305 283/327/308
f 283/327/308 282/324/305 280/325/306
f 280/325/306 482/328/309 284/329/310 283/327/308
f 283/327/308 284/329/310 286/330/311 285/37/34
f 285/37/34 286/330/311 289/331/312 26/33/30
f 288/332/313 286/330/311 287/333/314
f 284/329/310 484/334/315 287/333/314 286/330/311
f 288/332/313 289/331/312 286/330/311
f 289/331/312 288/332/313 291/335/316 290/336/317
f 289/331/312 290/336/317 25/31/28 26/33/30
f 290/336/317 291/335/316 293/337/318 292/338/319
f 290/336/317 292/338/319 20/26/23 25/31/28
f 292/338/319 16/21/18 20/26/23
f 292/338/319 293/337/318 294/339/320
f 294/339/320 16/21/18 292/338/319
f 296/340/321 294/339/320 293/337/318 490/341/322
f 295/342/323 16/21/18 294/339/320
f 295/342/323 294/339/320 297/343/324 751/344/325
f 297/343/324 294/339/320 296/340/321
f 297/343/324 296/340/321 300/345/326 750/346/327
f 750/346/327 751/344/325 297/343/324
f 752/347/328 750/346/327 300/345/326 303/348/329
f 303/348/329 305/349/330 753/350/331 752/347/328
f 305/349/330 303/348/329 304/351/332
f 491/352/333 304/351/332 303/348/329 300/345/326
f 305/349/330 304/351/332 306/353/334
f 306/353/334 310/354/335 308/355/336 305/349/330
f 305/349/330 308/355/336 765/356/337
f 305/349/330 765/356/337 753/350/331
f 764/357/338 765/356/337 308/355/336 309/358/339
f 310/354/335 311/359/340 309/358/339 308/355/336
f 310/354/335 312/360/341 313/361/342 311/359/340
f 315/362/343 312/360/341 310/354/335 306/353/334
f 339/363/344 313/361/342 312/360/341 314/364/345
f 312/360/341 315/362/343 317/365/346 314/364/345
f 315/362/343 316/366/347 319/367/348 317/365/346
f 316/366/347 315/362/343 306/353/334 304/351/332
f 314/364/345 317/365/346 318/368/349 340/369/350
f 317/365/346 319/367/348 321/370/351 318/368/349
f 316/366/347 489/371/352 320/372/353 319/367/348
f 319/367/348 320/372/353 322/373/354 321/370/351
f 321/370/351 322/373/354 324/374/355 323/375/356
f 318/368/349 321/370/351 323/375/356 326/376/357
f 323/375/356 324/374/355 412/377/358 325/378/359
f 326/376/357 323/375/356 325/378/359 328/379/360
f 328/379/360 330/380/361 327/381/362 326/376/357
f 326/376/357 327/381/362 340/369/350 318/368/349
f 328/379/360 325/378/359 410/382/363 329/383/364
f 329/383/364 331/384/365 330/380/361 328/379/360
f 331/384/365 334/385/366 332/386/367 330/380/361
f 330/380/361 332/386/367 335/387/368 327/381/362
f 332/386/367 333/388/369 336/389/370 335/387/368
f 334/385/366 359/390/371 333/388/369 332/386/367
f 335/387/368 336/389/370 338/391/372 337/392/373
f 327/381/362 335/387/368 337/392/373 340/369/350
f 341/393/374 339/363/344 337/392/373 338/391/372
f 339/363/344 314/364/345 340/369/350 337/392/373
f 341/393/374 342/394/375 313/361/342 339/363/344
f 343/395/376 345/396/377 342/394/375 341/393/374
f 343/395/376 341/393/374 338/391/372 344/397/378
f 343/395/376 344/397/378 349/398/379 346/399/380
f 346/399/380 347/400/381 345/396/377 343/395/376
f 347/400/381 346/399/380 348/401/382 616/402/383
f 350/403/384 348/401/382 346/399/380 349/398/379
f 352/404/385 350/403/384 349/398/379 351/405/386
f 344/397/378 354/406/387 351/405/386 349/398/379
f 579/407/388 352/404/385 351/405/386 353/408/389
f 354/406/387 355/409/390 353/408/389 351/405/386
f 354/406/387 344/397/378 338/391/372 336/389/370
f 333/388/369 355/409/390 354/406/387 336/389/370
f 355/409/390 356/410/391 358/411/392 353/408/389
f 333/388/369 359/390/371 356/410/391 355/409/390
f 357/412/393 356/410/391 359/390/371 360/413/394
f 356/410/391 357/412/393 577/414/395 358/411/392
f 359/390/371 334/385/366 361/415/396 360/413/394
f 365/416/397 357/412/393 360/413/394 362/417/398
f 362/417/398 360/413/394 361/415/396 363/418/399
f 362/417/398 363/418/399 732/419/400 364/420/401
f 367/421/402 365/416/397 362/417/398 364/420/401
f 577/414/395 357/412/393 365/416/397 366/422/403
f 366/422/403 365/416/397 367/421/402
f 367/421/402 368/423/404 370/424/405 366/422/403
f 364/420/401 371/425/406 368/423/404 367/421/402
f 368/423/404 371/425/406 373/426/407 369/427/408
f 368/423/404 369/427/408 370/424/405
f 364/420/401 732/419/400 372/428/409 371/425/406
f 371/425/406 372/428/409 374/429/410 373/426/407
f 377/430/411 375/431/412 373/426/407 374/429/410
f 373/426/407 375/431/412 378/432/413 369/427/408
f 375/431/412 376/433/414 379/434/415 378/432/413
f 391/435/416 376/433/414 375/431/412 377/430/411
f 378/432/413 379/434/415 380/436/417 370/424/405
f 369/427/408 378/432/413 370/424/405
f 382/437/418 380/436/417 379/434/415 381/438/419
f 381/438/419 379/434/415 376/433/414 384/439/420
f 381/438/419 383/440/421 564/441/422 382/437/418
f 384/439/420 385/442/423 383/440/421 381/438/419
f 385/442/423 384/439/420 386/443/424 387/444/425
f 389/445/426 386/443/424 384/439/420 376/433/414
f 387/444/425 386/443/424 388/446/427 435/447/428
f 390/448/429 388/446/427 386/443/424 389/445/426
f 392/449/430 390/448/429 389/445/426 391/435/416
f 391/435/416 389/445/426 376/433/414
f 394/450/431 392/449/430 391/435/416 377/430/411
f 393/451/432 432/452/433 390/448/429 392/449/430
f 395/453/434 393/451/432 392/449/430 394/450/431
f 395/453/434 394/450/431 396/454/435 398/455/436
f 394/450/431 377/430/411 374/429/410 396/454/435
f 397/456/437 400/457/438 398/455/436 396/454/435
f 372/428/409 397/456/437 396/454/435 374/429/410
f 395/453/434 398/455/436 399/458/439 430/459/440
f 400/457/438 401/460/441 399/458/439 398/455/436
f 400/457/438 397/456/437 405/461/442 402/462/443
f 402/462/443 406/463/444 401/460/441 400/457/438
f 403/464/445 408/465/446 406/463/444 402/462/443
f 733/466/447 403/464/445 402/462/443 404/467/448
f 402/462/443 405/461/442 404/467/448
f 408/465/446 409/468/449 407/469/450 406/463/444
f 406/463/444 407/469/450 418/470/451 401/460/441
f 410/382/363 411/471/452 409/468/449 408/465/446
f 329/383/364 410/382/363 408/465/446 403/464/445
f 325/378/359 412/377/358 411/471/452 410/382/363
f 413/472/453 411/471/452 412/377/358 414/473/454
f 411/471/452 413/472/453 417/474/455 409/468/449
f 414/473/454 483/475/456 415/476/457 413/472/453
f 413/472/453 415/476/457 492/477/458 416/478/459
f 413/472/453 416/478/459 417/474/455
f 407/469/450 409/468/449 417/474/455
f 416/478/459 419/479/460 418/470/451 417/474/455
f 407/469/450 417/474/455 418/470/451
f 419/479/460 399/458/439 401/460/441 418/470/451
f 430/459/440 399/458/439 419/479/460 420/480/461
f 421/481/462 423/482/463 420/480/461 419/479/460
f 416/478/459 421/481/462 419/479/460
f 421/481/462 416/478/459 492/477/458 422/483/464
f 421/481/462 422/483/464 425/484/465 423/482/463
f 424/485/466 427/486/467 426/487/468 423/482/463
f 425/484/465 445/488/469 424/485/466 423/482/463
f 426/487/468 420/480/461 423/482/463
f 426/487/468 427/486/467 429/489/470 428/490/471
f 428/490/471 430/459/440 420/480/461 426/487/468
f 428/490/471 429/489/470 432/452/433 393/451/432
f 430/459/440 428/490/471 393/451/432 395/453/434
f 429/489/470 431/491/472 433/492/473 432/452/433
f 427/486/467 441/493/474 431/491/472 429/489/470
f 432/452/433 433/492/473 388/446/427 390/448/429
f 435/447/428 388/446/427 433/492/473 434/494/475
f 434/494/475 433/492/473 431/491/472 437/495/476
f 639/496/477 435/447/428 434/494/475 436/497/478
f 436/497/478 434/494/475 437/495/476 438/498/479
f 438/498/479 437/495/476 439/499/480 440/500/481
f 431/491/472 441/493/474 439/499/480 437/495/476
f 442/501/482 440/500/481 439/499/480 441/493/474
f 442/501/482 441/493/474 427/486/467 424/485/466
f 442/501/482 443/502/483 440/500/481
f 444/503/484 447/504/485 443/502/483 442/501/482
f 445/488/469 444/503/484 442/501/482 424/485/466
f 444/503/484 445/488/469 494/505/486 446/506/487
f 446/506/487 449/507/488 447/504/485 444/503/484
f 449/507/488 450/508/489 448/509/490 447/504/485
f 447/504/485 448/509/490 645/510/491 443/502/483
f 451/511/492 453/512/493 450/508/489 449/507/488
f 452/513/494 451/511/492 449/507/488 446/506/487
f 451/511/492 452/513/494 455/514/495 454/515/496
f 453/512/493 451/511/492 454/515/496 456/516/497
f 454/515/496 455/514/495 459/517/498 457/518/499
f 460/519/500 456/516/497 454/515/496 457/518/499
f 457/518/499 458/520/501 462/521/502 460/519/500
f 459/517/498 458/520/501 457/518/499
f 461/522/503 456/516/497 460/519/500
f 460/519/500 462/521/502 461/522/503
f 462/521/502 458/520/501 463/523/504
f 463/523/504 464/524/505 461/522/503 462/521/502
f 464/524/505 463/523/504 465/525/506 495/526/507
f 463/523/504 466/527/508 467/528/509 465/525/506
f 466/527/508 463/523/504 458/520/501 459/517/498
f 260/298/279 467/528/509 466/527/508 468/301/282
f 468/301/282 466/527/508 459/517/498 469/529/510
f 469/529/510 470/309/290 261/302/283 468/301/282
f 471/530/511 473/531/512 470/309/290 469/529/510
f 455/514/495 471/530/511 469/529/510 459/517/498
f 472/532/513 474/533/514 473/531/512 471/530/511
f 452/513/494 472/532/513 471/530/511 455/514/495
f 470/309/290 473/531/512 475/316/297 265/306/287
f 474/533/514 476/534/515 475/316/297 473/531/512
f 478/535/516 270/315/296 475/316/297 476/534/515
f 476/534/515 474/533/514 493/536/517 477/537/518
f 478/535/516 476/534/515 477/537/518 479/538/519
f 481/539/520 480/326/307 478/535/516 479/538/519
f 480/326/307 272/313/294 270/315/296 478/535/516
f 480/326/307 481/539/520 280/325/306
f 415/476/457 481/539/520 479/538/519 492/477/458
f 483/475/456 482/328/309 481/539/520 415/476/457
f 481/539/520 482/328/309 280/325/306
f 482/328/309 483/475/456 484/334/315 284/329/310
f 485/540/521 484/334/315 483/475/456 414/473/454
f 486/541/522 287/333/314 484/334/315 485/540/521
f 324/374/355 485/540/521 414/473/454 412/377/358
f 322/373/354 486/541/522 485/540/521 324/374/355
f 486/541/522 322/373/354 320/372/353 487/542/523
f 288/332/313 287/333/314 486/541/522
f 487/542/523 288/332/313 486/541/522
f 487/542/523 320/372/353 489/371/352 488/543/524
f 488/543/524 288/332/313 487/542/523
f 488/543/524 489/371/352 491/352/333
f 488/543/524 291/335/316 288/332/313
f 490/341/322 293/337/318 291/335/316 488/543/524
f 488/543/524 491/352/333 490/341/322
f 489/371/352 316/366/347 304/351/332 491/352/333
f 490/341/322 491/352/333 300/345/326 296/340/321
f 479/538/519 477/537/518 422/483/464 492/477/458
f 477/537/518 493/536/517 425/484/465 422/483/464
f 445/488/469 425/484/465 493/536/517 494/505/486
f 494/505/486 493/536/517 474/533/514 472/532/513
f 446/506/487 494/505/486 472/532/513 452/513/494
f 251/290/271 249/288/269 465/525/506 467/528/509
f 260/298/279 251/290/271 467/528/509
f 249/288/269 247/286/267 495/526/507 465/525/506
f 247/286/267 245/285/266 496/544/525 495/526/507
f 495/526/507 496/544/525 498/545/526 464/524/505
f 500/546/527 498/545/526 496/544/525 497/547/528
f 245/285/266 676/284/265 497/547/528 496/544/525
f 499/548/529 515/549/530 464/524/505 498/545/526
f 501/550/531 499/548/529 498/545/526 500/546/527
f 506/551/532 501/550/531 500/546/527 502/552/533
f 502/552/533 500/546/527 497/547/528 504/553/534
f 502/552/533 503/554/535 505/555/536
f 503/554/535 502/552/533 504/553/534 677/556/537
f 502/552/533 505/555/536 506/551/532
f 501/550/531 506/551/532 507/557/538 510/558/539
f 509/9/7 507/557/538 506/551/532 505/555/536
f 510/558/539 507/557/538 508/559/540 511/560/541
f 5/3/3 508/559/540 507/557/538 509/9/7
f 511/560/541 512/561/542 510/558/539
f 499/548/529 501/550/531 510/558/539 512/561/542
f 517/562/543 514/563/544 512/561/542 511/560/541
f 515/549/530 499/548/529 512/561/542
f 461/522/503 515/549/530 512/561/542 513/564/545
f 513/564/545 512/561/542 514/563/544
f 515/549/530 461/522/503 464/524/505
f 456/516/497 513/564/545 514/563/544 516/565/546
f 517/562/543 516/565/546 514/563/544
f 520/566/547 516/565/546 517/562/543 755/567/548
f 511/560/541 755/567/548 517/562/543
f 755/567/548 511/560/541 508/559/540
f 754/568/549 755/567/548 508/559/540
f 777/569/550 520/570/547 755/571/548 775/572/551
f 778/573/552 524/574/553 520/570/547 777/569/550
f 524/574/553 778/573/552 779/575/554 526/576/555
f 528/577/556 526/576/555 779/575/554 780/578/557
f 530/579/558 528/577/556 780/578/557 781/580/559
f 533/581/560 530/579/558 781/580/559 782/582/561
f 782/582/561 783/583/562 535/584/563 533/581/560
f 533/585/560 534/586/564 644/587/565 530/588/558
f 535/589/563 536/590/566 534/586/564 533/585/560
f 537/591/567 538/592/568 536/590/566 535/589/563
f 783/583/562 785/593/569 537/594/567 535/584/563
f 649/595/570 538/592/568 537/591/567 539/596/571
f 785/593/569 784/597/572 539/598/571 537/594/567
f 784/597/572 786/599/573 544/600/574 539/598/571
f 786/599/573 787/601/575 546/602/576 544/600/574
f 544/603/574 545/604/577 649/595/570 539/596/571
f 547/605/578 545/604/577 544/603/574 546/606/576
f 548/607/579 549/608/580 547/605/578 546/606/576
f 548/609/579 546/602/576 787/601/575 790/610/581
f 554/611/582 549/608/580 548/607/579 789/612/583
f 789/613/583 548/609/579 790/610/581
f 789/613/583 788/614/584 776/615/585 760/616/586
f 760/617/586 556/618/587 554/611/582 789/612/583
f 558/619/588 555/620/589 554/611/582 556/618/587
f 554/611/582 555/620/589 634/621/590 549/608/580
f 556/618/587 557/622/591 559/623/592 558/619/588
f 760/617/586 759/624/593 557/622/591 556/618/587
f 558/619/588 559/623/592 561/625/594 560/626/595
f 555/620/589 558/619/588 560/626/595 563/627/596
f 560/626/595 561/625/594 603/628/597 562/629/598
f 562/629/598 565/630/599 563/627/596 560/626/595
f 564/441/422 634/621/590 555/620/589 563/627/596
f 382/437/418 564/441/422 563/627/596 565/630/599
f 380/436/417 382/437/418 565/630/599 566/631/600
f 568/632/601 566/631/600 565/630/599 562/629/598
f 566/631/600 567/633/602 370/424/405 380/436/417
f 566/631/600 568/632/601 570/634/603 567/633/602
f 571/635/604 570/634/603 568/632/601 569/636/605
f 569/636/605 568/632/601 562/629/598 603/628/597
f 570/634/603 571/635/604 573/637/606 572/638/607
f 575/639/608 567/633/602 570/634/603 572/638/607
f 598/640/609 574/641/610 572/638/607 573/637/606
f 576/642/611 575/639/608 572/638/607 574/641/610
f 567/633/602 575/639/608 366/422/403 370/424/405
f 575/639/608 576/642/611 577/414/395 366/422/403
f 577/414/395 576/642/611 578/643/612 358/411/392
f 578/643/612 576/642/611 574/641/610 580/644/613
f 353/408/389 358/411/392 578/643/612 579/407/388
f 582/645/614 579/407/388 578/643/612 580/644/613
f 583/646/615 582/645/614 580/644/613 581/647/616
f 598/640/609 581/647/616 580/644/613 574/641/610
f 583/646/615 585/648/617 584/649/618 582/645/614
f 579/407/388 582/645/614 584/649/618 352/404/385
f 584/649/618 585/648/617 588/650/619 586/651/620
f 586/651/620 350/403/384 352/404/385 584/649/618
f 350/403/384 586/651/620 587/652/621 348/401/382
f 588/650/619 589/653/622 587/652/621 586/651/620
f 589/653/622 588/650/619 590/654/623 591/655/624
f 593/656/625 590/654/623 588/650/619 585/648/617
f 756/657/626 591/658/624 590/659/623
f 756/657/626 590/659/623 593/660/625
f 756/657/626 593/660/625 594/661/627
f 594/662/627 593/656/625 585/648/617 583/646/615
f 756/657/626 594/661/627 595/663/628
f 583/646/615 581/647/616 595/664/628 594/662/627
f 596/665/629 756/657/626 595/663/628
f 596/666/629 595/664/628 581/647/616 598/640/609
f 597/667/630 756/657/626 596/665/629
f 573/637/606 597/668/630 596/666/629 598/640/609
f 571/635/604 599/669/631 597/668/630 573/637/606
f 599/670/631 756/657/626 597/667/630
f 600/671/632 756/657/626 599/670/631
f 599/669/631 571/635/604 569/636/605 600/672/632
f 600/672/632 569/636/605 603/628/597 601/673/633
f 600/671/632 601/674/633 756/657/626
f 601/674/633 602/675/634 756/657/626
f 561/625/594 602/676/634 601/673/633 603/628/597
f 604/677/635 756/657/626 602/675/634
f 559/623/592 604/678/635 602/676/634 561/625/594
f 605/679/636 756/657/626 604/677/635
f 557/622/591 605/680/636 604/678/635 559/623/592
f 605/679/636 758/681/637 756/657/626
f 759/624/593 758/682/637 605/680/636 557/622/591
f 756/657/626 761/683/638 609/684/639
f 756/657/626 609/684/639 610/685/640
f 756/657/626 610/685/640 611/686/641
f 611/686/641 591/658/624 756/657/626
f 612/687/642 589/653/622 591/655/624 611/688/641
f 613/689/643 612/687/642 611/688/641 610/690/640
f 612/687/642 613/689/643 615/691/644 614/692/645
f 614/692/645 587/652/621 589/653/622 612/687/642
f 616/402/383 348/401/382 587/652/621 614/692/645
f 614/692/645 615/691/644 617/693/646 616/402/383
f 616/402/383 617/693/646 619/694/647 347/400/381
f 615/691/644 632/695/648 618/696/649 617/693/646
f 617/693/646 618/696/649 620/697/650 619/694/647
f 620/697/650 623/698/651 621/699/652 619/694/647
f 347/400/381 619/694/647 621/699/652 345/396/377
f 345/396/377 621/699/652 622/700/653 342/394/375
f 623/698/651 625/701/654 622/700/653 621/699/652
f 625/701/654 623/698/651 763/702/655 762/703/656
f 766/704/657 763/702/655 623/698/651 620/697/650
f 622/700/653 625/701/654 309/358/339 311/359/340
f 309/358/339 625/701/654 762/703/656 764/357/338
f 767/705/658 766/704/657 620/697/650 618/696/649
f 767/705/658 618/696/649 632/695/648 768/706/659
f 768/706/659 632/695/648 633/707/660 769/708/661
f 613/689/643 633/707/660 632/695/648 615/691/644
f 769/708/661 633/707/660 609/709/639 761/710/638
f 610/690/640 609/709/639 633/707/660 613/689/643
f 342/394/375 622/700/653 311/359/340 313/361/342
f 383/440/421 635/711/662 634/621/590 564/441/422
f 549/608/580 634/621/590 635/711/662 547/605/578
f 636/712/663 635/711/662 383/440/421 385/442/423
f 545/604/577 547/605/578 635/711/662 636/712/663
f 637/713/664 649/595/570 545/604/577 636/712/663
f 636/712/663 385/442/423 387/444/425 638/714/665
f 638/714/665 637/713/664 636/712/663
f 637/713/664 638/714/665 639/496/477 640/715/666
f 638/714/665 387/444/425 435/447/428 639/496/477
f 640/715/666 639/496/477 436/497/478 641/716/667
f 649/595/570 637/713/664 640/715/666 538/592/568
f 538/592/568 640/715/666 641/716/667 536/590/566
f 536/590/566 641/716/667 642/717/668 534/586/564
f 438/498/479 642/717/668 641/716/667 436/497/478
f 643/718/669 644/587/565 534/586/564 642/717/668
f 643/718/669 642/717/668 438/498/479 440/500/481
f 645/510/491 646/719/670 644/587/565 643/718/669
f 443/502/483 645/510/491 643/718/669 440/500/481
f 448/509/490 647/720/671 646/719/670 645/510/491
f 530/588/558 644/587/565 646/719/670 528/721/556
f 528/721/556 646/719/670 647/720/671 526/722/555
f 647/720/671 448/509/490 450/508/489 648/723/672
f 647/720/671 648/723/672 524/724/553 526/722/555
f 648/723/672 450/508/489 453/512/493 516/565/546
f 520/566/547 524/724/553 648/723/672 516/565/546
f 5/3/3 747/2/2 754/568/549 508/559/540
f 456/516/497 516/565/546 453/512/493
f 461/522/503 513/564/545 456/516/497
f 6/10/8 509/9/7 505/555/536 651/725/673
f 651/725/673 505/555/536 503/554/535 652/726/674
f 653/727/675 8/11/9 6/12/8 651/728/673
f 654/729/676 653/727/675 651/728/673 652/730/674
f 657/731/677 655/732/678 653/727/675 654/729/676
f 655/732/678 11/13/10 8/11/9 653/727/675
f 11/13/10 655/732/678 656/733/679 13/18/15
f 655/732/678 657/731/677 658/734/680 656/733/679
f 657/731/677 660/735/681 658/734/680
f 659/736/682 657/731/677 654/729/676 662/737/683
f 657/731/677 659/736/682 660/735/681
f 61/69/66 58/67/64 660/735/681
f 61/69/66 660/735/681 659/736/682 661/738/684
f 58/67/64 55/65/62 658/734/680 660/735/681
f 662/737/683 661/738/684 659/736/682
f 662/737/683 654/729/676 652/730/674 663/739/685
f 662/737/683 663/739/685 664/740/686
f 662/737/683 664/740/686 661/738/684
f 664/740/686 666/741/687 665/742/688
f 664/740/686 665/742/688 661/738/684
f 663/739/685 667/743/689 664/740/686
f 666/741/687 664/740/686 667/743/689
f 671/744/690 669/745/691 667/746/689 668/747/692
f 663/748/685 677/556/537 668/747/692 667/746/689
f 669/749/691 666/741/687 667/743/689
f 729/750/693 666/741/687 669/749/691 670/751/694
f 672/752/695 670/753/694 669/745/691 671/744/690
f 674/754/696 672/752/695 671/744/690 673/755/697
f 673/755/697 671/744/690 668/747/692 675/756/698
f 244/280/261 673/755/697 675/756/698 676/284/265
f 673/755/697 244/280/261 242/282/263 674/754/696
f 676/284/265 675/756/698 504/553/534 497/547/528
f 675/756/698 677/556/537 504/553/534
f 675/756/698 668/747/692 677/556/537
f 652/726/674 503/554/535 677/556/537 663/748/685
f 211/249/230 678/251/232 674/754/696
f 211/249/230 674/754/696 242/282/263
f 678/251/232 679/757/699 672/752/695 674/754/696
f 678/251/232 206/243/224 681/245/226 679/757/699
f 679/757/699 680/758/700 670/753/694 672/752/695
f 682/759/701 680/758/700 679/757/699 681/245/226
f 684/760/702 682/759/701 681/245/226 207/242/223
f 683/761/703 728/762/704 680/763/700 682/764/701
f 685/765/705 683/761/703 682/764/701 684/766/702
f 191/220/205 685/765/705 684/766/702 686/222/207
f 684/760/702 207/242/223 200/236/218 686/237/207
f 685/765/705 191/220/205 189/218/203 687/767/706
f 683/761/703 685/765/705 687/767/706 688/768/707
f 688/768/707 687/767/706 689/769/708 690/770/709
f 687/767/706 189/218/203 187/216/201 689/769/708
f 690/770/709 689/769/708 691/771/710 692/772/711
f 689/769/708 187/216/201 185/214/199 691/771/710
f 693/773/712 695/774/713 692/772/711 691/771/710
f 693/773/712 691/771/710 185/214/199 182/213/198
f 694/775/714 696/776/715 695/774/713 693/773/712
f 721/215/200 694/775/714 693/773/712 182/213/198
f 723/77/74 692/772/711 695/774/713 66/78/75
f 66/78/75 695/774/713 696/776/715 67/79/76
f 67/79/76 696/776/715 697/777/716
f 700/778/717 697/777/716 696/776/715 694/775/714
f 71/80/77 67/79/76 697/777/716 698/779/718
f 698/779/718 697/777/716 699/780/719
f 702/781/720 699/780/719 697/777/716 700/778/717
f 704/782/721 702/781/720 700/778/717 701/783/722
f 701/783/722 700/778/717 694/775/714 721/215/200
f 699/780/719 702/781/720 703/784/723 720/785/724
f 702/781/720 704/782/721 706/786/725 703/784/723
f 707/787/726 706/786/725 704/782/721 705/788/727
f 705/788/727 704/782/721 701/783/722 718/789/728
f 706/786/725 707/787/726 709/790/729 708/128/125
f 708/128/125 113/125/122 703/784/723 706/786/725
f 120/133/130 112/127/124 708/128/125 709/790/729
f 710/791/730 709/790/729 707/787/726 712/792/731
f 123/136/133 120/133/130 709/790/729 710/791/730
f 123/136/133 710/791/730 711/793/732 719/139/136
f 714/794/733 711/793/732 710/791/730 712/792/731
f 712/792/731 707/787/726 705/788/727 713/795/734
f 712/792/731 713/795/734 715/796/735 714/794/733
f 164/797/169 157/798/173 714/794/733 715/796/735
f 157/798/173 158/799/174 711/793/732 714/794/733
f 153/800/168 164/797/169 715/796/735 716/801/736
f 713/795/734 717/802/737 716/801/736 715/796/735
f 152/209/166 153/800/168 716/801/736 178/207/193
f 178/207/193 716/801/736 717/802/737 180/208/194
f 717/802/737 718/789/728 183/211/196 180/208/194
f 718/789/728 717/802/737 713/795/734 705/788/727
f 183/211/196 718/789/728 701/783/722 721/215/200
f 719/139/136 711/793/732 158/799/174 162/803/175
f 122/137/134 719/139/136 162/803/175 163/804/177
f 113/125/122 110/122/119 720/785/724 703/784/723
f 699/780/719 720/785/724 77/88/85 722/87/84
f 77/88/85 720/785/724 110/122/119 79/90/87
f 698/779/718 699/780/719 722/87/84
f 71/80/77 698/779/718 722/87/84 74/83/80
f 692/772/711 724/805/738 690/770/709
f 692/772/711 723/77/74 724/805/738
f 690/770/709 724/805/738 727/806/739 688/768/707
f 726/807/740 724/805/738 725/808/741
f 723/77/74 68/76/73 725/808/741 724/805/738
f 726/807/740 727/806/739 724/805/738
f 727/806/739 726/807/740 729/750/693 728/762/704
f 688/768/707 727/806/739 728/762/704 683/761/703
f 728/762/704 729/750/693 670/751/694 680/763/700
f 666/741/687 729/750/693 726/807/740
f 666/741/687 726/807/740 665/742/688
f 665/742/688 726/807/740 725/808/741
f 665/742/688 725/808/741 730/809/742
f 68/76/73 60/70/67 730/809/742 725/808/741
f 61/69/66 730/809/742 60/70/67
f 661/738/684 665/742/688 730/809/742
f 661/738/684 730/809/742 61/69/66
f 55/65/62 731/30/27 656/733/679 658/734/680
f 731/30/27 18/19/16 13/18/15 656/733/679
f 397/456/437 372/428/409 732/419/400 405/461/442
f 405/461/442 732/419/400 363/418/399 404/467/448
f 733/466/447 404/467/448 363/418/399 361/415/396
f 733/466/447 361/415/396 334/385/366 331/384/365
f 403/464/445 733/466/447 331/384/365 329/383/364
f 751/344/325 770/810/743 295/342/323
f 295/342/323 770/810/743 17/23/20 16/21/18
f 770/810/743 772/24/21 17/23/20
f 267/310/291 736/323/304 737/305/286 263/304/285
f 93/104/101 100/111/108 736/323/304 94/106/103
f 736/323/304 100/111/108 738/113/110 737/305/286
f 737/305/286 738/113/110 256/295/276 258/297/278
f 738/113/110 101/112/109 739/296/277 256/295/276
f 260/298/279 253/291/272 251/290/271
f 740/811/744 739/296/277 101/112/109 103/114/111
f 740/811/744 231/270/251 255/272/253 739/296/277
f 103/114/111 104/115/112 231/270/251 740/811/744
f 741/261/242 221/151/148 135/152/149 743/812/745
f 741/261/242 742/247/228 209/246/227 215/254/235
f 744/813/746 742/247/228 741/261/242 743/812/745
f 743/812/745 145/161/158 147/164/161 744/813/746
f 743/812/745 135/152/149 137/153/150 145/161/158
f 742/247/228 744/813/746 202/238/219 204/239/220
f 745/166/163 202/238/219 744/813/746 147/164/161
f 148/165/162 746/232/214 198/233/215 745/166/163
f 746/232/214 148/165/162 150/167/164 165/814/179
f 197/226/211 746/232/214 165/814/179 166/815/180
f 195/227/210 197/226/211 166/815/180 167/816/181
f 167/817/181 168/195/182 171/194/184 195/225/210
f 125/138/135 122/137/134 163/804/177 159/818/176
f 127/141/138 160/819/178 161/158/155 140/143/140
f 127/141/138 125/138/135 159/818/176 160/819/178
f 631/820/747 592/821/748 630/822/749
f 771/823/750 776/615/585 775/572/551 757/824/751
f 2/825/752 747/2/2 748/7/1 1/826/753
f 1/826/753 748/7/1 749/6/6 3/827/754
f 298/828/755 751/344/325 750/346/327 299/829/756
f 299/829/756 750/346/327 752/347/328 301/830/757
f 301/830/757 752/347/328 753/350/331 302/831/758
f 518/832/759 755/567/548 754/568/549 519/833/760
f 757/824/751 775/572/551 755/567/548 518/832/759
f 592/821/748 756/657/626 758/682/637 606/834/761
f 606/834/761 758/682/637 759/624/593 607/835/762
f 607/835/762 759/624/593 760/616/586 553/836/763
f 608/837/764 761/683/638 756/657/626 592/821/748
f 626/838/765 762/703/656 763/702/655 624/839/766
f 627/840/767 764/357/338 762/703/656 626/838/765
f 307/841/768 765/356/337 764/357/338 627/840/767
f 624/839/766 763/702/655 766/704/657 628/842/769
f 628/842/769 766/704/657 767/705/658 629/843/770
f 629/843/770 767/705/658 768/706/659 630/822/749
f 630/822/749 768/706/659 769/708/661 631/820/747
f 631/820/747 769/708/661 761/683/638 608/837/764
f 553/836/763 776/615/585 771/823/750
f 519/833/760 754/568/549 747/2/2 2/825/752
f 302/831/758 753/350/331 765/356/337 307/841/768
f 734/844/771 770/810/743 751/344/325 298/828/755
f 735/845/772 772/24/21 770/810/743 734/844/771
f 14/846/773 773/17/14 772/24/21 735/845/772
f 10/847/774 774/15/12 773/17/14 14/846/773
f 3/827/754 749/6/6 774/15/12 10/847/774
f 551/848/775 550/849/776 650/850/777
f 522/851/778 777/569/550 775/572/551 521/852/779
f 523/853/780 778/573/552 777/569/550 522/851/778
f 525/854/781 779/575/554 778/573/552 523/853/780
f 527/855/782 780/578/557 779/575/554 525/854/781
f 529/856/783 781/580/559 780/578/557 527/855/782
f 531/857/784 782/582/561 781/580/559 529/856/783
f 532/858/785 783/583/562 782/582/561 531/857/784
f 541/859/786 784/597/572 785/593/569 540/860/787
f 540/860/787 785/593/569 783/583/562 532/858/785
f 542/861/788 786/599/573 784/597/572 541/859/786
f 543/862/789 787/601/575 786/599/573 542/861/788
f 552/863/790 788/614/584 789/613/583 551/848/775
f 551/848/775 789/613/583 790/610/581 550/849/776
f 650/850/791 552/863/792 788/614/793
f 550/849/776 790/610/581 787/601/575 543/862/789
f 521/852/779 776/615/585 650/850/777
f 2/825/752 1/826/753 3/827/754
f 3/827/754 10/847/774 14/846/773
f 14/846/773 735/845/772 757/824/751
f 735/845/772 734/844/771 757/824/751
f 14/846/773 757/824/751 2/825/752
f 734/844/771 298/828/755 757/824/751
f 2/825/752 3/827/754 14/846/773
f 518/832/759 519/833/760 757/824/751
f 519/833/760 2/825/752 757/824/751
f 299/829/756 301/830/757 771/823/750
f 301/830/757 302/831/758 771/823/750
f 298/828/755 299/829/756 771/823/750
f 757/824/751 298/828/755 771/823/750
f 606/834/761 607/835/762 592/821/748
f 607/835/762 553/836/763 592/821/748
f 592/821/748 553/836/763 630/822/749
f 553/836/763 771/823/750 629/843/770
f 302/831/758 307/841/768 771/823/750
f 307/841/768 627/840/767 771/823/750
f 627/840/767 626/838/765 629/843/770
f 626/838/765 624/839/766 629/843/770
f 624/839/766 628/842/769 629/843/770
f 771/823/750 627/840/767 629/843/770
f 553/836/763 629/843/770 630/822/749
f 631/820/747 608/837/764 592/821/748
f 523/853/780 522/851/778 521/852/779
f 523/853/780 521/852/779 529/856/783
f 521/852/779 650/850/777 550/849/776
f 532/858/785 521/852/779 550/849/776
f 527/855/782 525/854/781 529/856/783
f 525/854/781 523/853/780 529/856/783
f 531/857/784 529/856/783 521/852/779
f 541/859/786 540/860/787 543/862/789
f 540/860/787 532/858/785 550/849/776
f 543/862/789 540/860/787 550/849/776
f 542/861/788 541/859/786 543/862/789
f 532/858/785 531/857/784 521/852/779
f 552/863/790 551/848/775 650/850/777
f 521/852/779 775/572/551 776/615/585
f 650/850/777 776/615/585 788/614/584
f 553/836/763 760/616/586 776/615/585
