# Blender 5.0.1
# www.blender.org
mtllib r_shoe.mtl
o Shoes
v -20.908428 -11.910714 -17.346609
v -22.558762 -8.131352 -16.215046
v -13.281886 -3.058619 -14.928265
v -12.479605 -8.244425 -16.635202
v -12.553941 -9.951858 -17.826849
v -13.161967 -11.292902 -18.808573
v -14.177497 -12.432498 -19.595100
v -15.470980 -13.395071 -19.955770
v -18.194921 -14.170530 -19.272980
v -19.593950 -13.402602 -18.382277
v -23.623169 -3.771693 -15.177110
v -13.916085 -0.162062 -14.607784
v -24.114040 0.953049 -14.643452
v -23.794308 1.706832 -16.664444
v -16.607958 7.439601 -14.412873
v -15.570953 4.353527 -14.687872
v -22.807159 28.764282 -11.135829
v -25.090031 27.629576 -11.518103
v -25.651588 29.923845 -10.761968
v -23.288712 31.125278 -10.423715
v -26.086590 31.970041 -10.509279
v -24.066389 32.942158 -10.356047
v -28.006487 29.224689 -10.992867
v -28.178066 31.364334 -10.606383
v -27.608797 26.848543 -11.725851
v -26.368586 33.554874 -10.499969
v -24.755253 34.294537 -10.408484
v -26.558224 34.673077 -10.621062
v -25.421497 35.072544 -10.483800
v -27.973722 33.214737 -10.565069
v -27.649660 34.312866 -10.577061
v -22.786396 -13.798561 -17.611340
v -25.125252 -9.122557 -16.578587
v -9.465555 -2.527066 -14.785367
v -8.839026 -7.872710 -16.832594
v -9.447382 -10.183175 -17.818245
v -11.946094 -14.368789 -18.953638
v -14.082940 -16.104765 -19.107737
v -21.025314 -15.933357 -18.245684
v -26.333197 -4.226752 -15.415318
v -27.441664 1.378132 -12.205287
v -9.968797 -0.012107 -14.358385
v -11.665143 4.853184 -14.736907
v -12.293814 7.757316 -10.919946
v -13.035931 7.926603 -15.425071
v -27.275505 3.765374 -16.054441
v -27.016605 0.858476 -15.461388
v -28.185793 4.241929 -12.085498
v -14.382980 13.700022 -13.609848
v -15.524619 19.005451 -12.294511
v -32.028168 14.732565 -9.651083
v -30.285297 13.888324 -12.251074
v -33.800884 19.908060 -8.985234
v -31.653923 19.329796 -11.581034
v -34.586243 22.857653 -8.394217
v -15.803602 28.588305 -7.955736
v -16.609848 33.749844 -6.829021
v -18.167133 32.333740 -8.843258
v -16.909584 27.234915 -10.335738
v -34.354679 29.692793 -7.183541
v -34.540260 26.970232 -7.372637
v -32.779976 29.269188 -9.387345
v -32.843803 26.898899 -9.626445
v -32.172970 32.035637 -9.459833
v -33.766689 32.743160 -7.295501
v -17.691685 35.804413 -6.502247
v -19.150961 37.721455 -6.341163
v -19.119385 34.437546 -8.462892
v -20.359842 36.163990 -8.292781
v -32.132904 35.354065 -7.268702
v -30.924442 34.495697 -9.538798
v -29.153950 35.999031 -9.268441
v -29.560469 37.673798 -7.877728
v -26.873304 37.363640 -9.060746
v -24.739708 37.577793 -8.878081
v -21.207811 38.842392 -6.299097
v -22.297216 37.273689 -8.538734
v -24.847656 -9.479465 -19.732100
v -22.407343 -13.846871 -21.524424
v -8.810694 -7.916850 -20.258692
v -9.156045 -2.624347 -17.666372
v -10.747955 -12.545723 -22.918718
v -9.616194 -10.395870 -21.769947
v -14.457530 -15.724920 -23.745386
v -12.259184 -14.227914 -23.736692
v -20.872746 -15.672076 -22.576902
v -18.914242 -16.601448 -23.302725
v -26.180098 -4.687967 -18.310961
v -9.923253 -0.213572 -17.282452
v -26.620398 1.873392 -19.623484
v -26.730789 -0.119571 -18.592474
v -11.928640 3.661321 -18.250090
v -13.760293 5.662641 -19.738192
v -29.461969 19.888138 -13.324754
v -26.543442 21.356451 -14.233693
v -18.736084 25.987518 -11.958805
v -20.164204 30.635265 -10.342285
v -21.967712 23.611315 -13.244289
v -30.676929 28.836332 -10.723835
v -30.567966 26.619480 -11.213049
v -30.218494 31.384661 -10.351030
v -20.994787 32.708122 -9.906750
v -22.030691 34.365578 -9.868134
v -29.521585 33.516911 -10.295296
v -28.404024 34.981197 -10.372053
v -26.681992 35.941429 -10.300210
v -24.959185 36.189720 -10.210391
v -23.412313 35.608150 -9.890564
v -15.533796 8.194905 -19.195723
v -28.903343 9.227468 -13.595687
v -26.432331 5.205719 -19.106070
v -24.230860 22.489988 -13.817916
v -32.403275 22.232313 -11.191132
v -15.375553 25.317104 -8.823523
v -16.469038 24.379438 -11.383974
v -18.158319 22.988749 -13.278986
v -14.322580 19.537851 -9.271938
v -28.325016 14.104039 -14.558920
v -17.517630 18.008543 -14.634526
v -30.162027 9.231711 -10.797075
v -15.280293 6.277415 -21.364080
v -10.857393 -9.927171 -27.254351
v -11.846385 -9.519058 -27.640970
v -11.023570 -7.626285 -25.403212
v -12.484116 -11.193160 -28.848810
v -11.652654 -11.750227 -28.561539
v -15.088428 -15.143571 -28.307659
v -12.964841 -13.924239 -28.932718
v -13.549391 -13.056009 -29.042889
v -15.399104 -14.228529 -28.693565
v -22.333975 -13.013030 -26.431589
v -21.040756 -14.500031 -27.798672
v -19.425884 -15.419835 -28.714603
v -20.712021 -13.495285 -28.056049
v -19.240747 -14.341954 -28.992853
v -21.794561 -12.137141 -26.643663
v -24.215351 -9.451893 -24.194607
v -23.582468 -8.977691 -24.388062
v -26.320351 -1.588254 -23.518497
v -25.832901 -5.471622 -22.339363
v -25.108406 -5.352290 -22.752661
v -26.355461 -0.197078 -24.892586
v -25.471085 -1.674295 -23.880026
v -25.554468 -0.274825 -25.135252
v -25.960983 2.615206 -25.863041
v -21.950014 3.630511 -30.229347
v -21.995268 4.273051 -29.883259
v -21.992926 6.149837 -26.773104
v -23.844374 21.091412 -14.786346
v -18.799940 4.941718 -27.768127
v -13.882292 3.181983 -24.652393
v -15.946326 4.140256 -26.117107
v -14.548880 2.590590 -25.010363
v -9.690422 -0.022045 -21.356163
v -11.610421 1.697044 -22.618418
v -12.277630 1.220460 -22.815994
v -8.996614 -2.513000 -21.633356
v -10.625914 -0.571511 -21.910883
v -10.040576 -2.782688 -22.232473
v -10.039838 -7.833353 -24.951664
v -13.002821 -9.375777 -26.409758
v -12.218163 -7.643746 -24.383875
v -13.503153 -10.791619 -27.643440
v -15.976045 -13.176948 -27.656891
v -14.400792 -12.201986 -27.925354
v -21.059265 -11.424636 -25.472193
v -20.039463 -12.496792 -26.942307
v -18.880672 -13.099382 -27.863026
v -22.843609 -8.540882 -23.185503
v -24.159582 -5.061814 -21.523218
v -24.347826 -1.210840 -21.808159
v -16.290411 2.444169 -23.452869
v -13.860817 0.619484 -22.019482
v -11.370173 -3.167587 -21.267010
v -12.100084 -1.063467 -20.936426
v -16.863609 -14.036538 -19.831076
v -17.511873 -13.353821 -27.766397
v -17.538269 -14.771045 -28.832041
v -17.370041 -15.723438 -28.575649
v -16.641394 -16.494497 -23.769457
v -18.729778 -17.096819 -18.734161
v -25.546099 -5.183544 -20.796583
v -26.445013 0.309690 -23.376120
v -26.402729 -1.052242 -21.934509
v -13.825054 3.889421 -23.021200
v -15.237714 4.690276 -24.055243
v -11.678082 2.102951 -21.117470
v -8.993794 -2.511229 -20.281277
v -9.542293 -0.071951 -19.930712
v -9.898881 -8.109016 -23.624624
v -11.445230 -12.158319 -27.074602
v -10.636825 -10.403636 -25.813196
v -14.994751 -15.265090 -27.074726
v -12.911210 -13.965243 -27.439766
v -19.205063 -15.640672 -27.611744
v -17.276590 -15.528431 -27.262011
v -22.107941 -13.476549 -25.108847
v -20.816189 -14.945557 -26.709520
v -23.826242 -9.480052 -22.668098
v -13.469790 13.718872 -9.908079
v -16.530619 12.889228 -16.569927
v -27.288231 9.636023 -16.167486
v -25.266996 1.208750 -26.073078
v -16.255459 3.468930 -26.023241
v -21.810965 2.801387 -29.868649
v -19.064341 4.223411 -29.015759
v -19.451647 3.156541 -29.234007
v -24.461901 3.424655 -28.424904
v -24.129583 2.660101 -29.094641
v -23.818743 2.015975 -28.905642
v -25.564846 1.405046 -26.089808
v -17.210316 3.893182 -26.606586
v -17.479204 3.349910 -26.954390
v -16.876740 3.086865 -25.354988
v -24.713930 1.780393 -27.520813
v -24.892311 2.899287 -26.213919
v -24.927353 1.944597 -27.168173
v -20.132998 0.617192 -15.182800
v -16.081419 2.425247 -21.507124
v -16.153313 2.693063 -20.256365
v -21.438889 2.588156 -26.972202
v -21.651806 2.289083 -28.956133
v -20.023981 2.780160 -26.563179
v -19.603859 2.671915 -28.285328
v -22.618687 1.619291 -26.564619
v -23.353294 1.620036 -28.288891
v -18.088751 2.571341 -23.629082
v -17.655148 2.519424 -25.177549
v -18.871233 2.783105 -24.799543
v -18.288898 2.792632 -26.435097
v -22.893164 1.039898 -25.339258
v -23.686495 1.005861 -26.977806
v -23.797274 0.633747 -24.787374
v -22.853846 0.441032 -24.166363
v -17.399370 2.188630 -21.093163
v -17.027788 2.036630 -23.407454
v -16.751637 1.755156 -22.029531
v -22.733744 0.140681 -22.282806
v -22.703842 0.339694 -20.413912
v -24.118666 0.350367 -21.743122
v -24.313036 0.666151 -23.414558
v -24.013285 0.745396 -20.216961
v -23.553139 1.965395 -17.912235
v -17.491802 3.888864 -18.325611
v -16.847191 2.149612 -20.648315
v -24.425631 1.024829 -25.191971
v -23.438274 0.297261 -20.379734
v -23.744213 0.015637 -23.357603
v -23.466682 0.009100 -21.669577
v -25.270216 -8.668364 -12.932711
v -22.984924 -13.967539 -13.650754
v -9.675041 -7.826111 -13.422453
v -9.897993 -2.263715 -11.787948
v -9.899418 -10.255317 -14.305770
v -11.892550 -14.361938 -15.108706
v -13.971047 -16.297335 -15.180261
v -20.993555 -16.233702 -13.887320
v -18.294577 -17.450424 -14.541070
v -26.363184 -3.989421 -12.401647
v -9.871340 0.288238 -11.362034
v -11.255850 5.231085 -11.023441
v -33.791103 15.198948 -6.471441
v -33.444595 15.520555 -6.654499
v -34.625130 19.590958 -6.377443
v -34.975304 19.777159 -6.088480
v -35.086254 23.154961 -6.217617
v -35.435268 23.409101 -5.973149
v -34.573669 26.357969 -5.719250
v -34.865391 26.479132 -5.590679
v -34.232193 29.110189 -5.653809
v -34.527061 29.408094 -5.553790
v -33.615261 32.367130 -5.704915
v -33.798199 32.695911 -5.627768
v -32.192280 35.202538 -5.576790
v -32.455109 35.412861 -5.638832
v -29.209429 38.282928 -6.982531
v -29.697117 38.257473 -6.387082
v -24.651407 39.594990 -6.121487
v -24.291830 39.814388 -5.467684
v -21.387154 38.768364 -5.225865
v -21.328829 39.246178 -4.906992
v -19.181322 37.456551 -5.046171
v -19.075130 37.945641 -4.744285
v -17.410406 36.017559 -4.779284
v -17.134054 36.537838 -4.447084
v -15.712067 34.354034 -4.864633
v -15.411605 34.836807 -4.482326
v -15.514704 28.628761 -5.420629
v -15.209851 29.112417 -5.001798
v -14.842513 25.498526 -5.668880
v -14.424862 25.877697 -5.112291
v -13.854554 19.811914 -5.845235
v -13.391852 20.068323 -5.332805
v -23.212290 -13.798913 -10.391215
v -23.424004 -14.212094 -10.254752
v -21.078854 -16.455666 -10.530222
v -21.138500 -16.011122 -10.814077
v -18.173548 -17.610640 -10.930236
v -18.359179 -17.126081 -11.186254
v -13.956254 -16.286312 -11.420264
v -14.122731 -15.858988 -11.627773
v -12.015014 -14.340769 -11.473233
v -12.204172 -13.904454 -11.612168
v -10.415897 -10.264800 -10.820173
v -10.866261 -10.081775 -10.940688
v -10.086164 -7.813019 -10.100120
v -10.558538 -7.712108 -10.269345
v -10.027174 -2.360877 -8.955628
v -10.438780 -2.326736 -9.170118
v -31.903173 10.217865 -7.532889
v -31.493561 10.229573 -7.661443
v -30.512297 7.105669 -8.051941
v -25.259146 -8.277436 -10.086757
v -25.464458 -8.584211 -9.831495
v -26.654024 -3.900509 -9.443669
v -26.914011 -4.111381 -9.189940
v -29.307167 4.660980 -8.338880
v -29.207880 4.810369 -8.435680
v -13.247419 13.552341 -5.912017
v -13.392937 13.645934 -6.399647
v -12.950380 10.307041 -6.918805
v -12.754416 10.372519 -6.405327
v -12.589127 7.642505 -7.073752
v -12.381435 7.461424 -6.654753
v -11.596092 5.493479 -7.252667
v -11.691725 5.581272 -7.625509
v -10.148876 0.466012 -8.246074
v -10.515224 0.510126 -8.516699
v -28.132002 1.410849 -8.798790
v -28.026709 1.562946 -8.955136
v -28.817608 38.021885 -7.570336
v -26.665106 38.268333 -8.060919
v -25.062220 38.776669 -7.708990
v -22.944098 39.532070 -5.086911
v -27.564037 37.920570 -8.321898
v -28.398291 37.704605 -8.315231
v -26.045774 38.492310 -7.964808
v -31.047012 36.888493 -5.892089
v -31.366600 37.029308 -6.115698
v -30.359356 37.014519 -7.671478
v -30.250599 37.964115 -6.167181
v -31.873728 9.634586 -2.893980
v -30.251253 6.294971 -3.822858
v -28.259748 6.246907 -3.398611
v -30.872082 9.830195 -2.646048
v -32.889011 13.384122 -2.307754
v -21.404331 39.518833 -3.952705
v -32.748783 35.671677 -4.463667
v -34.243877 32.465843 -3.776170
v -19.084333 38.723106 -3.094310
v -16.571672 37.058311 -2.311716
v -34.782463 30.112799 -3.258203
v -35.408634 26.683632 -3.029989
v -15.508635 35.076351 -1.944676
v -15.048319 31.873199 -1.926147
v -35.612419 23.920584 -2.080542
v -35.363056 21.054852 -2.086833
v -13.860834 26.524027 -1.652960
v -13.360441 21.889626 -1.527220
v -15.047595 11.900082 -2.126047
v -17.938166 -17.866997 -2.988789
v -13.760627 -16.605810 -3.434569
v -12.159904 -15.345343 -3.507398
v -19.901052 -17.312757 -2.706564
v -10.309706 -12.863470 -3.680006
v -9.307074 -7.207698 -2.839274
v -23.375341 -15.184964 -2.624295
v -25.811808 -9.688673 -2.269494
v -9.980082 -2.685070 -2.626792
v -11.345992 1.990194 -2.106797
v -26.752771 -5.019400 -1.924741
v -26.269899 -2.882017 -1.990998
v -10.224552 -2.214519 -5.798081
v -10.026615 -7.658146 -6.501235
v -10.120046 -10.122316 -7.010990
v -12.023738 -14.643681 -7.540537
v -13.761623 -16.497292 -7.505299
v -17.839373 -18.068571 -7.052438
v -21.086512 -16.827921 -6.348283
v -23.354702 -14.789536 -5.749500
v -29.258217 3.754327 -4.290368
v -27.323853 3.987143 -3.705741
v -25.770172 -9.233028 -5.351901
v -27.407375 -4.735136 -4.891046
v -13.574636 10.082406 -3.782937
v -13.456096 12.965495 -2.846838
v -13.176023 7.545524 -4.489397
v -10.493484 0.327954 -5.336556
v -12.329461 3.688695 -1.906757
v -12.549925 5.299529 -4.479040
v -28.486816 0.515927 -4.555433
v -25.602777 1.078123 -3.242604
v -10.534815 -0.108380 -2.304740
v -9.976643 -4.867458 -9.464964
v -10.066731 -4.823284 -6.041626
v -9.698343 -4.671860 -2.752004
v -9.459099 -9.054927 -3.322353
v -9.482433 -10.027308 -3.383140
v -14.557673 14.551796 -1.958383
v -13.153319 15.885973 -2.277188
v -13.254319 16.655972 -5.602508
v -14.213275 18.172920 -1.297004
v -14.525773 28.991072 -1.936122
v -22.004246 39.088268 -3.757193
v -22.874229 39.963867 -4.507233
v -15.750842 -17.388636 -11.206269
v -15.525224 -17.803440 -7.361831
v -15.404510 -17.661121 -3.169595
v -21.740849 -16.213358 -2.449435
v -24.867083 -12.280363 -2.284390
v -24.612606 -12.020702 -5.517979
v -24.456514 -11.387076 -10.046087
v -24.124306 -13.883725 -2.436554
v -25.507296 -10.635546 -2.254225
v -26.340956 -7.176220 -2.183403
v -26.626020 -6.892441 -5.136087
v -26.185930 -6.312592 -9.516829
v -26.187344 -8.562501 -2.252437
v -30.012503 8.677566 -2.837592
v -31.220291 8.374476 -3.300734
v -32.174061 12.155012 -2.407448
v -34.400162 16.833046 -6.298915
v -34.755459 18.075668 -1.953786
v -33.923458 16.006596 -2.040489
v -35.601089 25.662905 -2.671358
v -35.139259 25.119772 -5.705682
v -34.933315 27.934784 -3.233293
v -33.389782 34.393433 -4.178303
v -31.666643 37.020000 -5.168031
v -32.219059 36.336971 -4.773076
v -31.167103 37.605732 -5.527514
v -15.634838 9.596008 -2.593378
v -32.655792 26.920795 -0.705372
v -33.041847 27.394621 -0.910291
v -31.676453 26.891817 -1.326407
v -32.331272 27.388149 -1.735138
v -34.813335 25.338652 -0.858167
v -34.872383 26.319363 -1.164085
v -33.097332 27.766642 -1.165989
v -33.453972 28.073593 -1.548127
v -32.978268 28.010998 -2.315498
v -34.973831 26.901985 -1.461529
v -34.835491 27.429468 -1.749107
v -33.577465 28.503164 -1.774438
v -33.941296 29.153343 -2.121502
v -33.720654 29.332834 -2.804651
v -34.832504 27.813311 -2.047215
v -34.758179 28.554712 -2.259713
v -32.808475 29.157278 -1.493340
v -33.202541 29.683054 -1.864823
v -31.153294 30.439306 -2.117997
v -31.296902 28.841528 -1.576247
v -31.592310 29.981625 -1.656020
v -31.769131 29.497030 -1.312184
v -32.836388 31.043968 -2.290745
v -32.809864 32.170593 -2.702584
v -32.211884 30.734289 -2.543390
v -31.952024 32.662151 -3.222460
v -34.180275 30.946375 -2.698538
v -34.078022 32.112244 -3.219471
v -32.413036 33.273003 -3.094221
v -32.164413 34.152344 -3.333164
v -31.385798 34.003536 -3.636360
v -33.746265 33.072674 -3.529862
v -33.290779 34.180443 -3.794724
v -31.216120 31.440830 -1.893714
v -31.978697 31.414648 -2.059947
v -30.879488 33.357632 -2.491552
v -31.682016 33.286930 -2.737229
v -30.544498 32.863216 -2.714377
v -31.009188 34.953857 -3.871404
v -29.405666 35.566074 -3.522756
v -31.092451 34.955158 -3.322370
v -30.325487 35.329388 -3.110043
v -30.303337 36.233727 -3.469744
v -29.917942 37.166813 -3.646966
v -29.408770 36.648602 -3.315160
v -28.926441 37.541042 -3.509364
v -30.318615 35.131477 -3.755761
v -29.576538 36.705578 -4.013019
v -28.164488 37.324623 -3.760422
v -30.736179 35.980202 -4.157012
v -30.978109 35.973248 -3.589014
v -30.767500 36.605652 -3.767044
v -31.940922 34.840977 -3.504764
v -31.727026 35.416176 -3.640741
v -32.981506 34.862858 -3.961424
v -32.732422 35.566879 -4.114930
v -31.091434 36.821590 -4.015810
v -32.279419 36.676952 -4.590597
v -29.759336 37.609524 -3.874897
v -28.710758 38.031689 -3.689074
v -30.659878 36.552589 -4.497653
v -29.310030 37.231091 -4.244201
v -28.105844 37.503101 -3.843354
v -31.875788 37.148464 -4.829863
v -31.015177 37.333763 -4.286866
v -29.649128 37.936619 -4.025493
v -28.720964 38.182106 -3.763348
v -31.598183 36.025589 -3.810603
v -32.581444 36.145889 -4.327446
v -31.018629 37.576138 -4.565681
v -30.511549 37.748066 -5.478054
v -31.508814 37.558830 -4.955454
v -30.873230 37.960247 -5.168387
v -29.399330 38.378662 -4.221816
v -29.204500 38.847023 -4.722198
v -28.790199 38.537247 -5.000517
v -27.135317 39.121231 -4.668108
v -26.874052 37.628960 -3.493797
v -30.513901 37.881355 -4.504596
v -30.267242 38.331936 -5.110803
v -27.678671 39.322353 -4.285052
v -27.704102 38.744133 -3.772587
v -24.379181 37.520103 -2.574242
v -24.431429 38.342842 -3.044399
v -24.074007 36.555531 -2.812958
v -24.241325 37.918655 -3.469432
v -22.516727 38.771729 -3.190700
v -23.287132 36.180943 -1.769916
v -23.828901 36.732098 -2.251462
v -23.217346 35.457626 -1.774455
v -26.252344 36.168957 -2.589995
v -21.447634 37.979713 -2.736538
v -20.154305 39.153870 -2.832721
v -21.200726 39.478527 -3.329344
v -20.320894 39.105789 -2.845755
v -18.067713 37.160034 -1.837547
v -19.287897 38.221115 -2.335945
v -20.028389 36.561504 -2.026059
v -16.888763 35.719414 -1.071104
v -17.450594 36.526108 -1.369924
v -18.881016 34.709961 -1.373782
v -22.479948 34.940281 -1.042142
v -22.967464 35.534943 -1.400358
v -22.244919 34.414391 -1.128737
v -25.135916 34.189316 -1.839767
v -22.761324 34.336632 -0.736185
v -22.803143 34.461777 -0.790677
v -23.375254 33.719975 -0.703090
v -23.724764 34.304649 -1.002559
v -21.094265 34.393711 -0.547961
v -21.157562 35.162251 -0.956006
v -22.294474 34.105480 -1.144320
v -22.403299 33.033920 -1.115103
v -23.807674 34.262001 -1.496360
v -21.120634 33.626087 -1.078097
v -21.141562 35.366096 -1.494060
v -24.741631 32.836090 -1.480902
v -19.304605 35.023827 -1.459463
v -29.370367 35.461990 -2.792531
v -29.252537 36.252052 -3.102408
v -27.728741 37.159950 -3.074517
v -28.121187 37.886826 -3.421314
v -29.219175 34.429230 -2.946275
v -29.058823 35.814053 -3.543724
v -27.390631 36.275906 -3.151200
v -30.095301 34.227398 -3.203868
v -26.927414 37.779121 -3.156906
v -29.990862 35.058090 -2.860194
v -29.720112 35.798225 -3.064934
v -26.975796 37.870995 -3.142517
v -26.826471 37.106964 -2.778597
v -29.404970 33.220394 -1.993960
v -29.362932 34.459106 -2.361766
v -27.538111 35.558327 -2.087045
v -27.670824 36.462650 -2.655099
v -29.430122 32.400639 -2.007985
v -27.302010 35.197952 -2.110683
v -25.577557 35.005753 -1.958339
v -30.355364 33.380791 -2.278699
v -30.064285 34.463661 -2.584210
v -26.546717 36.486687 -2.354553
v -26.173944 35.595978 -1.916763
v -29.621019 30.873875 -1.201437
v -29.388811 31.951799 -1.662830
v -26.940088 33.442268 -1.452240
v -27.076855 34.409576 -1.760741
v -29.657089 30.042233 -1.257958
v -26.647875 32.919994 -1.614617
v -25.078897 33.359085 -1.580208
v -30.756725 30.810230 -1.664782
v -30.297581 32.095043 -1.881909
v -25.774569 34.698612 -1.602056
v -25.495430 33.885899 -1.411907
v -29.135469 29.996769 -0.429482
v -29.470800 30.485464 -0.748410
v -26.486656 32.459816 -0.880191
v -26.587872 32.944992 -1.219108
v -29.037245 29.152306 -0.676879
v -26.320471 31.976053 -1.045758
v -24.544035 32.222542 -1.036500
v -30.871885 29.516514 -0.939183
v -30.794748 30.039381 -1.359087
v -25.249800 33.379906 -1.072297
v -25.024864 32.799313 -0.798721
v -28.101032 27.002586 -0.215905
v -28.398590 28.248079 -0.136667
v -25.856106 29.649435 -0.296979
v -26.088324 29.974573 -0.319299
v -28.132244 26.017853 -1.236453
v -28.628071 28.173712 -0.851045
v -25.742825 28.916389 -1.109054
v -26.094774 30.115049 -1.019432
v -24.451120 31.092110 -1.177229
v -23.856121 28.436237 -1.458208
v -24.713474 30.876688 -0.447018
v -24.402191 29.532232 -0.458824
v -27.488750 24.097448 -0.901925
v -27.919842 25.713879 -0.434915
v -25.288191 26.823429 -0.479277
v -25.677490 28.350164 -0.337089
v -30.013794 26.746483 -0.347205
v -30.273176 25.511944 -0.553266
v -27.451061 22.912554 -2.231936
v -25.068316 26.000214 -1.662130
v -30.283297 27.200869 -1.086800
v -30.700037 24.928398 -1.557747
v -23.176167 25.264425 -2.070015
v -31.145107 26.311739 -1.304401
v -24.244434 28.273695 -0.515090
v -23.795553 26.599567 -0.746817
v -30.890886 26.468487 -0.447434
v -30.427862 26.974026 -0.348734
v -26.795927 20.682030 -1.089730
v -27.254044 22.469000 -1.071597
v -24.459173 23.792927 -1.206341
v -24.841913 25.455837 -0.789125
v -26.716213 19.725651 -2.299289
v -24.362118 23.195232 -2.416458
v -30.162027 21.954662 -1.906953
v -22.525251 22.234531 -2.300072
v -29.326757 21.934656 -0.836981
v -29.795706 23.895683 -0.838634
v -23.586653 25.127905 -1.020644
v -23.146002 23.366758 -1.189421
v -25.711029 16.552776 -1.483249
v -26.130819 18.169033 -1.225094
v -27.378939 16.840601 -1.324169
v -24.557194 19.406347 -1.067377
v -24.630337 19.598961 -1.049320
v -25.701689 15.477835 -3.061091
v -28.252441 16.411201 -2.555298
v -26.372416 18.418066 -2.511199
v -24.128761 20.356508 -2.295365
v -24.925011 13.104476 -2.005996
v -25.485703 15.005610 -1.754161
v -23.431965 15.320173 -1.692521
v -24.263844 16.947565 -1.427479
v -23.087540 19.927130 -0.937686
v -23.666489 19.617050 -1.012106
v -24.728697 12.123546 -3.462284
v -23.169518 14.352645 -3.116572
v -24.709940 17.460024 -2.655246
v -22.276306 21.312807 -1.851934
v -26.860687 12.634051 -3.199708
v -26.569111 13.385192 -1.851147
v -27.358616 15.454298 -1.542692
v -23.627918 10.972246 -2.125103
v -24.247725 11.708239 -2.085192
v -21.995775 13.083988 -1.785735
v -22.823275 14.051025 -1.763486
v -21.628101 17.025005 -1.215114
v -22.312382 17.305862 -1.245794
v -22.255562 20.365931 -0.880370
v -22.353771 20.327518 -0.891967
v -23.536896 10.949557 -3.111708
v -21.634504 13.115894 -2.647480
v -21.472000 15.161981 -2.655841
v -22.767408 17.549528 -2.554114
v -24.189159 8.561384 -3.306155
v -24.247499 9.184114 -2.322336
v -25.780550 11.566457 -2.055471
v -21.061764 28.151157 -0.708984
v -21.551342 30.310087 -0.475746
v -22.250122 30.617821 -0.469517
v -23.323618 29.378574 -0.516973
v -19.481354 30.725683 -0.458007
v -21.110868 31.155548 -0.401068
v -20.902687 26.759958 -1.865643
v -21.828596 30.903385 -1.194100
v -18.652798 30.604986 -1.412649
v -21.764523 32.521996 -0.968504
v -18.953070 33.135033 -1.108015
v -23.089804 31.876778 -1.119995
v -21.047993 32.487492 -0.325305
v -19.600315 32.906425 -0.334863
v -23.875277 31.209913 -0.466733
v -23.153742 31.587324 -0.453103
v -21.100943 26.260603 -0.969214
v -21.375441 26.671484 -0.896748
v -19.447981 25.116753 -0.884442
v -18.530910 26.751400 -0.864143
v -19.550877 24.199800 -2.036004
v -17.981577 26.317814 -1.948687
v -20.971886 23.690760 -2.241054
v -18.138893 29.819803 -1.604683
v -21.158209 24.569345 -1.100296
v -22.434023 25.555605 -1.028636
v -20.194201 26.527189 -0.953117
v -20.125437 27.076191 -0.869982
v -18.606121 29.216700 -0.650077
v -15.552248 30.075624 -0.787498
v -15.700555 31.739788 -1.036034
v -17.739416 31.160587 -1.177751
v -17.911673 32.456490 -0.503147
v -15.150621 26.796749 -0.409859
v -15.374290 28.542643 -0.597790
v -17.961971 27.536318 -1.870964
v -17.168295 27.721352 -0.753974
v -17.304823 29.500643 -0.730522
v -14.145701 19.082657 -0.303438
v -14.081324 21.382542 -0.236302
v -16.580299 19.781664 -1.848720
v -17.074512 23.043350 -1.450836
v -16.020914 20.467333 -0.370708
v -16.184240 21.975643 -0.294454
v -14.777985 15.693363 -0.540541
v -14.295363 17.493814 -0.379906
v -16.988373 16.413870 -1.849649
v -16.175655 16.890156 -0.490794
v -15.676625 12.670857 -0.952062
v -15.140979 14.173324 -0.693882
v -17.167498 12.756130 -2.300332
v -16.593151 13.204008 -0.967613
v -16.521852 15.339121 -0.664338
v -16.207985 9.930658 -1.512676
v -16.913626 10.090021 -1.525540
v -17.477448 9.784943 -2.828364
v -16.797724 11.702126 -1.219256
v -15.989610 11.134750 -1.242100
v -19.253944 17.817648 -0.799447
v -19.423952 20.097677 -0.580958
v -20.034441 20.486958 -0.613563
v -21.042870 19.349936 -0.802588
v -17.492342 20.361248 -0.421329
v -19.022360 20.913139 -0.500996
v -19.272753 16.754831 -2.176425
v -21.738150 18.355915 -2.262578
v -19.706825 20.739349 -1.804971
v -19.608028 20.996582 -1.780539
v -19.789856 22.549986 -1.915753
v -20.992092 22.070658 -2.064301
v -19.042206 22.375425 -0.562824
v -17.586811 22.687197 -0.358424
v -20.969261 21.659214 -0.777706
v -19.016830 14.161901 -1.131882
v -19.101221 16.221720 -0.935148
v -19.111950 13.278347 -2.494087
v -20.714809 15.426062 -1.321687
v -20.831572 17.395533 -1.053406
v -17.237841 18.468981 -0.577876
v -17.386282 16.330883 -0.682625
v -18.998026 11.424537 -1.471863
v -19.018215 12.599451 -1.272025
v -19.087744 10.742965 -2.771623
v -20.879553 13.207187 -1.651478
v -20.808195 14.058694 -1.487685
v -17.340132 14.759737 -0.839079
v -17.423168 12.887698 -1.087488
v -18.766703 8.363219 -2.039579
v -18.853836 10.025209 -1.658141
v -18.798738 7.643442 -2.857996
v -20.705242 8.903330 -2.850754
v -20.177013 11.398335 -2.404927
v -20.153969 8.970794 -2.059022
v -19.800266 10.441857 -1.772101
v -17.468885 11.413452 -1.343715
v -17.622082 9.793733 -1.625144
v -19.608582 6.055182 -2.340703
v -19.264523 7.305884 -2.266637
v -19.975584 5.804726 -2.893279
v -21.317678 6.555348 -3.355410
v -20.764812 6.676655 -2.509190
v -20.338335 7.961745 -2.236821
v -21.070053 4.375650 -2.467982
v -20.525837 5.438739 -2.483688
v -21.281672 3.958347 -3.329432
v -20.893023 6.242480 -3.038743
v -22.323599 4.645952 -3.392253
v -19.948359 4.464595 -2.956025
v -21.907032 4.808451 -2.675182
v -21.377066 5.964937 -2.624393
v -19.811497 5.274772 -2.384124
v -20.021013 4.722929 -2.335245
v -21.807272 2.496987 -2.142007
v -21.429619 3.579911 -2.385976
v -22.001827 1.997875 -3.013626
v -23.299948 2.634863 -3.070316
v -20.682005 2.490994 -2.723984
v -22.885874 2.958246 -2.401681
v -22.347822 4.061771 -2.628170
v -20.477173 3.933292 -2.263304
v -20.766073 2.944880 -2.062932
v -22.562561 0.664326 -1.395729
v -22.153515 1.761396 -1.910148
v -22.753086 0.068921 -2.418941
v -24.319948 0.659270 -2.495100
v -21.094175 0.813965 -2.181195
v -23.768623 1.196221 -1.815190
v -23.268629 2.154676 -2.149616
v -21.137259 2.200399 -1.844710
v -21.339972 1.305488 -1.407047
v -23.195539 -1.490102 -0.873206
v -22.866892 -0.360736 -1.006967
v -23.318453 -1.980667 -2.145875
v -25.285433 -1.000399 -2.187175
v -21.276295 -0.894229 -1.765915
v -24.599710 -0.696138 -0.956826
v -24.132645 0.204294 -1.400950
v -21.510818 0.259025 -1.023053
v -21.588722 -0.674464 -0.805020
v -23.322376 -3.188512 -0.824224
v -23.315910 -2.333737 -0.794874
v -23.319126 -3.537866 -2.029841
v -25.593826 -2.548051 -0.813993
v -24.990862 -1.640092 -0.802426
v -21.670929 -1.550082 -0.765136
v -21.611370 -2.511776 -0.785211
v -23.387453 -5.264616 -0.894854
v -23.323666 -4.039660 -0.835245
v -23.456379 -5.732012 -2.098057
v -20.906549 -4.596717 -1.747647
v -25.922564 -4.745864 -0.861643
v -25.629982 -3.480778 -0.818997
v -21.550426 -3.376853 -0.828748
v -21.417730 -4.406167 -0.867707
v -23.368658 -7.364986 -0.969742
v -23.425819 -6.135900 -0.930737
v -23.484512 -7.773728 -2.260527
v -20.415960 -6.540628 -1.852069
v -25.663383 -6.756314 -0.936590
v -25.868309 -5.668235 -0.903265
v -21.292040 -5.141129 -0.907608
v -21.045013 -6.309476 -0.968822
v -15.956177 5.289496 -1.715544
v -16.428804 6.100205 -1.938561
v -15.813004 4.891671 -2.960366
v -16.694944 6.367902 -3.211180
v -17.150530 4.279854 -2.710227
v -17.884090 5.616502 -2.948918
v -15.214264 7.527272 -2.507966
v -14.332537 6.101873 -2.441792
v -17.088491 4.917849 -1.879313
v -17.084440 4.935439 -1.791129
v -17.387241 5.682581 -2.001979
v -15.768430 6.945076 -1.845948
v -15.273186 6.170302 -1.778548
v -14.961723 3.410162 -1.074005
v -15.569566 4.553938 -1.524186
v -14.715722 2.868356 -2.310464
v -16.344858 2.604763 -2.070153
v -13.577105 4.517844 -2.398259
v -16.222080 3.389925 -1.183448
v -16.654163 4.331938 -1.547152
v -14.802494 5.535866 -1.605586
v -14.046350 4.753578 -1.388219
v -14.093137 1.855532 -0.737840
v -14.577857 2.666476 -0.842317
v -14.345758 1.230069 -1.638415
v -15.899982 1.079687 -1.622181
v -15.598636 1.728481 -0.674352
v -15.851259 2.568852 -0.903342
v -13.530906 3.998992 -1.144095
v -12.891348 3.435465 -0.869848
v -13.172677 0.134227 -0.794071
v -13.601257 1.037261 -0.688052
v -13.146302 -0.180372 -2.312437
v -15.061740 -0.095001 -0.736398
v -12.459205 2.619543 -0.758079
v -11.818925 1.858982 -0.675438
v -12.713778 -2.070667 -0.997116
v -12.907816 -0.799510 -0.876717
v -12.818562 -2.441338 -2.550518
v -15.266214 -2.290060 -1.995376
v -14.733471 -1.829161 -0.886321
v -14.807717 -0.914759 -0.808663
v -11.390827 0.974584 -0.768946
v -10.987595 -0.186560 -0.896114
v -12.367785 -4.012528 -1.197322
v -12.555225 -2.860901 -1.072632
v -12.467914 -4.490364 -2.777331
v -14.968233 -4.266072 -2.180005
v -14.509041 -3.793007 -1.060945
v -14.637676 -2.711960 -0.960135
v -10.713028 -1.122974 -0.994256
v -10.308523 -2.536377 -1.150848
v -12.122242 -5.884261 -1.370450
v -12.221332 -4.871352 -1.275350
v -12.217189 -6.289929 -2.985801
v -14.754493 -5.319617 -2.261792
v -14.170870 -5.134843 -1.187541
v -14.260264 -4.605446 -1.149567
v -10.153233 -3.541119 -1.260711
v -9.924628 -4.602316 -1.365545
v -11.940752 -7.788154 -1.485023
v -11.972148 -6.661588 -1.423407
v -11.859979 -8.648468 -1.502983
v -12.170665 -9.031446 -3.072010
v -14.739683 -6.442925 -2.434160
v -14.509666 -7.463486 -2.493454
v -14.086533 -6.657738 -1.293389
v -14.137645 -5.777325 -1.241754
v -9.719027 -5.493445 -1.444284
v -9.514953 -7.167650 -1.570594
v -10.063589 -8.822437 -1.621240
v -13.906995 -7.394699 -1.333181
v -23.762213 -9.927173 -1.008041
v -24.099209 -9.225973 -0.997431
v -25.344629 -9.685953 -1.022681
v -25.120590 -10.256720 -1.043852
v -23.277758 -10.385073 -1.913507
v -23.929893 -9.043556 -1.895538
v -24.621964 -8.175476 -2.468669
v -25.569098 -9.124084 -1.013603
v -24.528996 -8.737579 -0.994809
v -23.216717 -11.395883 -1.031121
v -23.540123 -10.582371 -1.026712
v -24.364527 -10.758748 -1.030116
v -23.988630 -11.737085 -1.048313
v -22.579723 -11.741317 -1.914609
v -23.929123 -11.970427 -2.543051
v -24.536470 -10.498755 -2.541608
v -24.541058 -11.969659 -1.092780
v -24.975464 -10.841411 -1.066861
v -22.681099 -12.069836 -1.028150
v -23.571646 -12.199874 -1.047284
v -23.090355 -13.275823 -1.025997
v -23.011801 -13.540573 -1.907893
v -23.715597 -13.491055 -1.105794
v -24.145681 -12.463552 -1.080677
v -21.746000 -9.120766 -1.049817
v -22.005659 -8.555944 -1.028730
v -22.819071 -8.773150 -1.009675
v -22.408993 -9.691035 -1.027296
v -21.259434 -9.239859 -1.657816
v -22.298414 -9.888965 -1.913333
v -22.988585 -8.573225 -2.457571
v -21.758583 -8.295650 -1.867739
v -22.953667 -10.151143 -1.025183
v -23.435677 -9.091369 -0.987889
v -21.025238 -10.130600 -1.077640
v -22.099602 -10.060662 -1.052287
v -21.689339 -10.792690 -1.066163
v -20.670218 -10.287060 -1.934780
v -21.597874 -10.998451 -1.924834
v -22.234009 -11.340142 -1.041997
v -22.737589 -10.388400 -1.034019
v -20.224596 -11.054567 -1.081125
v -20.658884 -10.475109 -1.083082
v -21.360382 -11.131309 -1.068816
v -20.923504 -11.766955 -1.052605
v -19.857780 -11.186808 -1.758182
v -20.843861 -11.998035 -1.904619
v -21.498953 -12.353059 -1.005216
v -21.939455 -11.672813 -1.034888
v -18.966269 -9.462257 -1.164156
v -19.677994 -8.737554 -1.125143
v -20.485964 -8.985290 -1.094593
v -19.588356 -10.023964 -1.140047
v -18.309502 -9.387311 -1.965083
v -19.304218 -10.415388 -1.938026
v -20.777937 -8.536682 -2.547946
v -19.437624 -8.237861 -2.450180
v -20.044052 -10.606263 -1.121377
v -20.938923 -9.061372 -1.083036
v -20.803421 -15.316727 -1.249586
v -21.469034 -14.703432 -1.144427
v -19.121244 -14.646040 -1.268399
v -19.856499 -13.902479 -1.163737
v -20.580889 -15.427431 -2.794873
v -21.917074 -14.451095 -2.666563
v -18.203497 -14.583813 -2.271108
v -19.867397 -13.540764 -2.119389
v -21.762161 -16.000521 -1.419143
v -22.669102 -15.302007 -1.290932
v -18.962236 -16.366062 -1.512544
v -19.941284 -15.726003 -1.327253
v -17.343407 -15.428846 -1.472805
v -18.160040 -14.859691 -1.338335
v -18.599648 -16.357876 -3.050471
v -16.260832 -15.362267 -2.561737
v -20.123102 -17.009026 -1.693802
v -20.908211 -16.486525 -1.514264
v -17.275133 -17.203751 -1.913211
v -18.061565 -16.470364 -1.590031
v -15.468473 -16.018976 -1.880199
v -16.298656 -15.630796 -1.620769
v -17.308367 -17.457027 -3.416247
v -14.580138 -15.343445 -2.882830
v -18.325758 -17.771023 -2.033656
v -19.203442 -17.324589 -1.813884
v -15.427671 -17.551662 -2.275665
v -15.446945 -16.744896 -1.995040
v -17.001055 -17.631737 -2.043477
v -17.055019 -17.777338 -2.096762
v -13.080335 -16.025568 -2.362199
v -14.388085 -15.752169 -1.968070
v -15.648151 -16.484722 -3.345325
v -17.902519 -11.958670 -1.185656
v -18.519779 -11.595617 -1.150469
v -19.280935 -12.359262 -1.111022
v -18.285292 -12.919898 -1.190545
v -17.883770 -11.694936 -2.119956
v -17.915817 -13.267432 -2.671754
v -19.603495 -12.245625 -2.033868
v -18.575367 -11.092632 -2.105211
v -18.376339 -13.780013 -1.274009
v -19.443407 -13.186316 -1.155876
v -15.926702 -12.979102 -1.360627
v -16.878244 -12.610646 -1.262589
v -17.570967 -13.451292 -1.262361
v -16.513660 -13.878981 -1.375850
v -15.497175 -12.640267 -2.339095
v -16.039593 -14.134986 -2.854075
v -16.553381 -14.804045 -1.467667
v -17.692467 -14.328029 -1.322046
v -14.160862 -13.543050 -1.581384
v -15.111794 -13.354218 -1.434131
v -15.686407 -14.218752 -1.441580
v -14.699112 -14.457567 -1.610908
v -13.353703 -12.911552 -2.690959
v -14.124299 -14.281590 -3.242794
v -14.653451 -15.155540 -1.760448
v -15.775212 -15.271611 -1.586068
v -12.001417 -13.807837 -2.053333
v -12.652626 -15.139762 -2.228956
v -11.840693 -12.960577 -3.030508
v -13.136747 -15.365097 -3.165990
v -10.690271 -13.662922 -2.463218
v -13.962272 -14.836085 -1.846023
v -13.503873 -13.579851 -1.693852
v -10.686201 -13.689086 -2.377449
v -11.848741 -15.079769 -2.437748
v -16.413969 -9.863733 -1.262557
v -17.437437 -11.544802 -1.179158
v -15.810296 -12.030328 -1.288977
v -12.870140 -12.374133 -1.649379
v -12.367542 -9.792622 -1.453334
v -16.711823 -9.379842 -2.220379
v -10.121026 -10.448298 -1.824399
v -10.686320 -12.533786 -2.121427
v -16.857430 6.917042 -1.947126
v -17.302820 8.755230 -1.762453
v -17.896437 6.414092 -2.083591
v -18.275949 7.397780 -2.099369
v -16.293791 8.758206 -1.730242
v -16.048773 7.672092 -1.824764
v -31.348093 28.366646 -0.501597
v -31.586580 29.170057 -0.934228
v -30.845179 27.700636 -1.107504
v -31.804375 27.954464 -0.610485
v -32.547268 28.618895 -1.218097
v -29.642336 29.220978 -0.265409
v -29.714462 29.281639 -0.283445
v -30.654591 28.535128 -0.333785
v -30.797661 29.154856 -0.575407
v -26.356049 31.321199 -0.494092
v -26.436260 31.830763 -0.645141
v -25.002901 32.255894 -0.634666
v -25.032957 32.298275 -0.646210
v -26.182228 30.832861 -1.083480
v -28.349390 29.954937 -0.293043
v -28.369741 30.014473 -0.299671
v -27.470095 19.798445 -0.975988
v -28.558899 18.677546 -1.014443
v -28.850224 17.646566 -2.398745
v -29.161211 20.705082 -0.834270
v -24.002451 21.919579 -1.148639
v -24.254873 22.711767 -1.210593
v -23.098425 22.274136 -1.082163
v -23.130816 22.360825 -1.089483
v -23.873581 21.724962 -2.356541
v -25.457180 20.881399 -1.103581
v -25.480185 20.987421 -1.104573
v -29.424526 18.515394 -0.958460
v -29.902380 18.094254 -0.960915
v -30.510956 22.133436 -0.691995
v -31.417353 21.450935 -0.579544
v -29.729332 16.749962 -2.404199
v -32.123829 21.217066 -1.635131
v -32.844349 24.792341 -1.787897
v -32.298645 24.658104 -0.626369
v -31.344839 25.370167 -0.648683
v -32.793575 21.623474 -0.463925
v -33.269100 23.575644 -0.540079
v -34.308910 19.798641 -0.669862
v -34.637638 21.520823 -0.581286
v -30.549820 16.625166 -1.067442
v -31.429213 18.177532 -0.860934
v -31.274134 19.402010 -1.935163
v -32.344696 14.768901 -1.064688
v -32.984436 16.232212 -0.934746
v -32.048843 19.333687 -0.683588
v -32.465614 20.347397 -0.562115
v -33.532738 17.289991 -0.817640
v -33.925934 18.502453 -0.730562
v -29.351933 12.058900 -1.549895
v -30.718428 10.522781 -1.463190
v -28.805683 12.480281 -2.955856
v -29.986753 14.539770 -2.576604
v -28.257246 10.282175 -1.815846
v -29.729668 9.152361 -1.701461
v -27.791918 10.903798 -3.217512
v -26.438072 8.115096 -2.266990
v -27.429546 6.555958 -2.356237
v -26.299385 9.033712 -3.495984
v -24.506853 7.875195 -3.402336
v -25.997841 5.492918 -3.849725
v -24.500324 8.386684 -2.414047
v -24.570936 8.054257 -2.462516
v -27.034632 12.343723 -1.866023
v -27.653706 11.529133 -1.833524
v -25.471653 9.813596 -2.179965
v -25.888447 9.145925 -2.217686
v -25.518642 10.350539 -3.441278
v -29.104986 14.152637 -1.477611
v -28.242338 15.127645 -1.497813
v -22.054068 39.231434 -3.240029
v -21.472757 38.796570 -2.771337
v -20.546492 38.027714 -2.331089
v -19.828012 37.103199 -1.863392
v -19.115089 36.165379 -1.400155
v -18.471733 35.566399 -0.934873
v -19.787205 35.353741 -0.897408
v -20.357273 35.898136 -1.404748
v -21.905107 34.638996 -0.720377
v -21.887867 34.538879 -0.670516
v -24.817936 33.996387 -1.308731
v -24.493467 33.594910 -0.927095
v -20.866362 36.636387 -1.699246
v -21.491882 37.390354 -2.060725
v -21.967236 38.162254 -2.436819
v -22.329273 38.712585 -2.789358
v -22.642580 39.109447 -3.331623
v -23.180738 39.727375 -3.783684
v -26.691214 39.344368 -3.926726
v -26.544903 38.498688 -3.372068
v -31.252064 37.973488 -5.300927
v -25.774736 36.580196 -2.261274
v -26.114681 37.335472 -2.733350
v -24.838915 34.841015 -1.529660
v -25.288790 35.718689 -1.864955
v -18.895803 29.483734 -0.602441
v -23.213720 27.942905 -0.629263
v -29.804407 27.435707 -0.256032
v -25.846373 5.782049 -2.669858
v -24.960491 7.155533 -2.529537
v -27.600624 9.393445 -2.015123
v -29.122370 8.194173 -1.892349
v -28.848135 11.184949 -1.675593
v -30.202669 9.807231 -1.555482
v -30.074333 13.274920 -1.384337
v -31.294724 11.983816 -1.266843
v -24.525902 39.093586 -3.484774
v -24.884041 39.952374 -4.139994
v -24.887976 39.560429 -4.514283
v -26.984423 39.225739 -5.926824
v -23.515375 40.154533 -4.338331
v -24.310246 40.187416 -4.752796
v -26.401270 39.825153 -4.998422
v -26.627571 39.689350 -4.351577
v -25.965395 39.853817 -5.340460
v -26.104052 39.610710 -6.210949
v -26.798323 39.446461 -6.095401
v -25.644392 39.668255 -6.264977
v -26.184736 39.097855 -7.201296
v -26.743250 39.019512 -7.217663
v -26.190857 38.657726 -8.152951
v -26.607901 38.554417 -8.195328
v -25.634499 38.823921 -8.025252
v -25.173933 38.962627 -7.933304
v -25.344955 39.227081 -7.268158
v -25.831802 39.174446 -7.180017
v -26.147661 39.496716 -5.823671
v -25.836664 39.629890 -5.084929
v -25.503590 39.421371 -6.062342
v -26.840261 38.771767 -7.102066
v -26.109917 38.935471 -7.062652
v -28.822893 39.088444 -5.163808
v -28.562099 39.188778 -5.791022
v -28.443918 39.129887 -6.163151
v -28.280979 39.030033 -6.559309
v -27.040142 39.263771 -6.443621
v -26.939297 38.970673 -7.021969
v -28.145121 38.869946 -6.845401
v -27.959917 38.627884 -7.367279
v -27.859215 38.517960 -7.586571
v -27.590763 38.127148 -8.407383
v -28.463255 38.996857 -5.899307
v -28.172043 38.772091 -6.569607
v -27.897997 38.408272 -7.267696
v -27.078705 39.379417 -5.292238
v -27.190012 39.610401 -5.666598
v -27.101690 39.421066 -6.142627
v -27.292074 39.700363 -5.320874
v -27.459229 39.620052 -4.786178
v -30.033442 38.556610 -6.399850
v -30.283152 38.483154 -6.000092
v -29.315731 38.548100 -6.931770
v -29.686552 38.553455 -6.749022
v -28.805202 38.220169 -7.656446
v -29.088995 38.494633 -7.319974
v -28.688890 38.169640 -7.891041
v -28.405157 37.901447 -8.447392
v -26.872726 38.853172 -7.291139
v -26.723202 38.419567 -8.195890
v -24.662596 39.790966 -6.194550
v -25.003101 39.272877 -7.200327
v -24.467821 40.032856 -5.544105
v -25.493607 39.680637 -4.836881
v -25.240242 39.502968 -6.495958
v -25.019220 39.921188 -5.788543
v -24.622925 39.742420 -4.965012
v -24.715115 40.022739 -5.089170
v -25.479023 39.898197 -5.127800
v -25.707411 39.872204 -5.307649
v -24.938925 39.962254 -4.756837
v -15.184765 0.962717 -0.651441
v -20.069532 12.417121 -1.559758
v -23.233524 17.576916 -1.305856
v -18.575260 27.985266 -0.809192
v -18.372503 29.373495 -1.616920
v -13.711122 24.010857 -1.707074
v -23.716194 -8.250459 -2.855867
v -21.834583 -8.139068 -2.850981
v -20.533693 -7.674728 -2.696719
v -32.323475 11.490885 -2.592466
v -32.989586 13.207572 -6.997758
v -32.609974 13.389239 -7.157222
v -31.131742 11.983439 -10.206601
v -29.606867 11.509025 -12.858683
v -27.852158 11.846411 -15.272647
v -22.815300 14.021167 -17.641830
v -16.993404 15.599417 -15.524734
v -14.938344 16.418245 -12.928280
v -13.850410 16.678570 -9.605844
v -13.554898 16.609833 -6.119022
v -13.825698 22.926001 -5.203207
v -14.288079 22.582211 -5.739431
v -14.943257 22.344723 -9.029462
v -16.038404 21.637163 -11.772665
v -17.819725 19.824123 -14.015076
v -23.410631 18.301773 -15.543172
v -28.757181 16.551073 -13.929258
v -30.925829 16.449347 -11.855007
v -32.611637 17.324764 -9.400281
v -34.041473 17.057947 -6.537558
v -34.788864 24.954985 -5.871138
v -34.492496 25.070454 -7.757363
v -32.692913 24.661224 -10.259861
v -30.219803 24.283560 -12.043255
v -27.111868 24.513174 -12.878239
v -24.595156 25.335676 -12.509350
v -22.344379 26.521114 -12.031735
v -19.326200 28.376535 -11.022638
v -17.378759 29.876991 -9.466694
v -16.187836 31.328102 -7.337034
v -15.735882 31.615683 -5.028041
v -15.349276 31.979895 -4.707805
v -21.820000 -9.996715 -16.824026
v -21.962303 -9.970178 -24.361444
v -22.666899 -10.544301 -25.589293
v -23.213734 -11.226179 -25.392830
v -22.874275 -11.479298 -23.949492
v -23.575726 -11.636989 -20.596251
v -24.096325 -11.479538 -17.019945
v -24.264879 -11.313541 -13.298014
v -24.267897 -11.020223 -10.221362
v -10.437157 -4.848256 -9.641804
v -9.838268 -5.085946 -12.483055
v -9.023491 -5.229571 -15.632481
v -8.717496 -5.424662 -18.690567
v -9.041247 -5.661665 -21.722116
v -9.171856 -5.467100 -23.009407
v -10.215160 -5.486907 -23.571558
v -11.376985 -5.740750 -22.659622
v -12.657583 -6.084224 -15.671050
v -25.934053 -6.077221 -9.765268
v -25.847841 -6.306910 -12.693226
v -25.878134 -6.641942 -15.801737
v -25.555466 -7.047066 -18.895992
v -24.658722 -7.399582 -21.744545
v -25.024805 -7.439763 -23.326183
v -24.384562 -7.155765 -23.615837
v -23.550529 -6.781529 -22.386265
v -23.140120 -5.925765 -15.706483
v -15.942965 -17.000126 -11.459275
v -16.072224 -17.280949 -14.944968
v -16.341595 -17.091610 -19.056749
v -12.963343 10.726694 -10.519895
v -13.817991 10.985390 -14.443227
v -16.085461 10.388307 -17.729759
v -26.871126 7.491560 -17.492992
v -28.135996 6.779870 -14.591240
v -29.098900 6.686944 -11.511676
v -30.170008 7.167162 -8.165566
v -27.794743 -2.445309 -4.721123
v -27.323450 -1.356507 -9.051171
v -27.102543 -1.182509 -9.324605
v -26.787907 -1.340338 -12.237836
v -26.645580 -1.724791 -15.292474
v -26.476267 -2.408300 -18.311394
v -25.921408 -3.192868 -21.223230
v -26.112173 -3.565453 -22.752731
v -25.234468 -3.563582 -23.139757
v -24.336740 -3.213227 -21.730145
v -23.878241 -1.064182 -14.869578
v -14.732594 2.093866 -14.656107
v -12.987673 -0.215608 -21.477041
v -11.370522 0.418444 -22.223558
v -10.633495 0.849321 -21.996441
v -10.650103 1.191788 -20.553917
v -10.848015 1.767347 -17.535316
v -10.667531 2.335443 -14.368808
v -10.236737 2.642204 -11.139867
v -10.763721 2.497990 -8.186415
v -10.408492 2.421958 -7.943846
v -11.397955 2.994220 -4.886812
v -10.443025 -12.319687 -18.580650
v -10.645044 -12.287023 -14.851729
v -11.412040 -12.055155 -11.327173
v -11.062178 -12.289303 -11.200883
v -10.802784 -12.397671 -7.446495
v -20.159489 4.929964 -20.798357
v -21.096937 4.795309 -20.848114
v -21.976603 4.213561 -20.757717
v -18.914768 4.724991 -19.595900
v -19.459885 4.920369 -20.298990
v -22.329111 3.737768 -20.119184
v -18.256775 4.490839 -18.813173
v -22.485905 3.206943 -19.652540
v -22.802303 2.557711 -18.940540
v -23.341291 1.842361 -17.893494
v -22.645540 1.635408 -18.800461
v -20.035767 -7.462883 -2.622517
v -23.194218 39.202785 -5.459022
v -23.224321 39.065666 -6.554729
v -13.247839 18.595722 -1.950503
v -15.825512 18.821045 -0.955736
v -20.427124 -12.834618 -2.371739
v -21.080545 -13.153404 -2.345359
v -21.994324 -13.519096 -2.305273
v -25.160789 2.608235 -25.646687
v -26.166580 20.237648 -14.242119
v -26.272858 20.458622 -14.886477
v -26.571138 20.105087 -14.552683
v -26.260338 17.463535 -15.352706
v -24.978247 10.264266 -17.785875
v -25.118481 12.056490 -17.085169
v -21.341362 -2.737841 -1.525649
v -15.307678 -0.569596 -1.637514
v -26.007425 15.449904 -15.949179
v -25.703665 15.499774 -15.593156
v -26.285238 1.314751 -25.739716
v -26.347666 1.450744 -23.789694
v -19.885817 15.671602 -16.300953
v -21.630190 22.121634 -14.177340
v -21.184015 22.227663 -14.196129
v -21.574230 22.595272 -14.819556
v -20.758780 19.383522 -14.967443
v -18.595154 10.121756 -19.882542
v -18.830400 9.543035 -19.693720
v -18.121410 8.000821 -21.936508
v -18.164225 6.102788 -24.013475
v -17.588791 6.368164 -24.177193
v -20.121166 17.009661 -15.820085
v -19.875906 17.029713 -15.901319
v -23.868227 21.556568 -15.304970
v -17.858465 6.810539 -24.378334
v -23.058432 6.858240 -24.055115
v -17.899101 7.068120 -23.333237
v -18.406313 8.523324 -21.071404
v -18.765505 10.513977 -19.456940
v -18.991673 10.178038 -19.079544
v -24.965347 8.804193 -19.040882
v -25.167559 8.837120 -19.218254
v -25.255404 10.265668 -18.198076
v -22.498022 11.757545 -18.672768
v -19.468882 11.858480 -17.770144
v -19.166557 12.072536 -18.070044
v -18.738705 12.010499 -18.062695
v -17.708960 12.205848 -17.687237
v -19.242182 12.744084 -17.634432
v -19.554626 12.625120 -17.435385
v -22.583937 12.721774 -18.175037
v -25.562174 11.898963 -17.357557
v -25.831738 14.431697 -16.308697
v -25.541687 14.440111 -15.902320
v -24.653105 15.382010 -16.107975
v -26.085917 16.341991 -15.704787
v -25.808825 16.152473 -15.594761
v -23.108198 16.749079 -16.575415
v -20.476927 18.462856 -15.151517
v -20.256014 18.721235 -15.310160
v -25.949303 17.523537 -14.993766
v -23.572369 19.678425 -15.312948
v -26.047590 19.349203 -14.433724
v -22.533888 19.296881 -15.390449
v -20.999691 20.630478 -14.639901
v -20.761227 20.727324 -14.794822
v -16.712481 5.296353 -25.486908
v -17.681873 5.109178 -25.438385
v -22.392727 -12.969340 -1.000149
v -21.824047 -12.992574 -1.893505
v -18.411509 7.638673 -21.690012
v -18.209894 8.259645 -22.280613
v -20.898346 7.196354 -23.071012
v -21.139090 7.405504 -23.897278
v -24.486223 4.793462 -24.853897
v -24.640921 5.138935 -24.832375
v -22.018778 6.972442 -24.356333
v -21.955063 6.495363 -24.307158
v -25.372429 3.878575 -24.602104
v -25.766827 4.064011 -24.634890
v -25.820042 3.691079 -24.540249
v -26.078966 2.672850 -23.804588
v -25.260218 4.617072 -23.327332
v -25.634048 4.432433 -24.103745
v -24.438395 5.183421 -23.596657
v -24.717463 5.396892 -24.335342
v -23.075428 6.459942 -23.438953
v -17.947590 7.197327 -23.788830
v -18.282585 6.852477 -22.799915
v -22.124949 7.427352 -23.587404
v -22.061140 7.400147 -22.654037
v -18.546137 8.362947 -20.900265
v -18.273752 8.650346 -21.819677
v -25.343487 6.573374 -21.877508
v -24.850739 6.507987 -21.405174
v -25.183691 6.607642 -21.231649
v -25.094831 5.838111 -21.999245
v -25.334497 6.118529 -22.242260
v -25.166334 5.842044 -21.876059
v -18.196926 6.326683 -23.874590
v -25.529146 4.503377 -23.500229
v -26.136728 3.306855 -22.977240
v -26.272232 2.783662 -22.315495
v -26.473997 2.900496 -23.964317
v -26.129313 2.410058 -22.637943
v -26.492487 3.340401 -23.547928
v -26.293907 2.243399 -21.965872
v -16.209488 6.076437 -22.987968
v -17.122736 6.701914 -22.763231
v -16.711264 7.057076 -23.492628
v -16.708195 6.661484 -23.949957
v -16.176682 6.502262 -22.356304
v -26.508493 11.847441 -16.491766
v -26.348890 10.180477 -17.114489
v -25.937153 9.576994 -17.668606
v -26.802311 8.390588 -18.669485
v -26.061533 8.070774 -18.455185
v -25.845070 6.084141 -20.108105
v -26.289165 6.041223 -20.792946
v -27.500532 16.950966 -14.666354
v -27.377211 16.110136 -14.894024
v -27.159178 14.663878 -15.275116
v -26.918535 13.400994 -15.721540
v -26.300276 5.701792 -21.169510
v -25.858984 5.535182 -20.706491
v -26.072039 5.808844 -19.754967
v -26.105717 5.393397 -20.092110
v -26.348139 5.919419 -20.274891
v -26.362705 5.539960 -20.639034
v -26.539873 2.959960 -22.838654
v -26.454945 2.625848 -23.060225
v -24.894352 7.967391 -19.700882
v -25.111425 8.017486 -19.841732
v -26.395781 8.084227 -18.132292
v -26.582552 9.331397 -17.088219
v -25.409531 11.019822 -17.653000
v -19.094751 19.471251 -14.654014
v -18.744516 17.538307 -15.279084
v -16.648035 8.146796 -20.271866
v -17.324619 10.563802 -18.686108
v -19.843580 22.837206 -13.681768
v -19.589621 23.349119 -13.341977
v -20.067268 24.303110 -12.999084
v -16.915955 6.196149 -23.635340
v -16.157892 6.378947 -23.516035
v -16.180172 6.768742 -22.945547
v -16.728605 8.583079 -19.918102
v -16.551832 8.936055 -20.516779
v -16.524004 8.532644 -20.817310
v -17.043749 8.932293 -21.096167
v -16.993685 8.526303 -21.475197
v -25.171753 8.717837 -19.741407
v -26.427868 8.283854 -18.943874
v -26.291454 8.792139 -18.994356
v -25.108778 8.269207 -20.008333
v -26.031153 8.683199 -18.584698
v -18.458599 10.664790 -18.943247
v -19.689947 13.862417 -16.943029
v -19.381826 14.284558 -17.163748
v -18.867836 14.941459 -16.589802
v -18.988775 15.657458 -16.284998
v -19.650534 15.880989 -16.435621
v -23.121742 15.460183 -16.966490
v -25.371349 13.869064 -16.308720
v -25.778725 13.597971 -16.525831
v -26.652643 12.716619 -15.943998
v -22.500540 16.333538 -16.415871
v -20.359987 17.874849 -15.504476
v -20.105268 18.004181 -15.621216
v -18.963211 18.678007 -14.904001
v -20.211313 12.728751 -17.474566
v -19.614498 13.049910 -17.271593
v -19.318815 13.167094 -17.382723
v -17.975388 14.311850 -16.566858
v -18.205484 16.093719 -15.769638
v -19.011837 16.513420 -15.926644
v -19.784765 16.575586 -16.116747
v -20.038994 16.523397 -15.998972
v -25.393116 11.237366 -17.480867
v -26.438520 11.140727 -16.630747
v -27.394596 11.888244 -15.735120
v -27.615082 12.476001 -15.253687
v -27.383329 15.466858 -15.065845
v -22.565536 11.958082 -19.016634
v -22.488855 12.641033 -18.583097
v -24.690897 12.097130 -17.976467
v -24.462591 11.153851 -18.987703
v -19.131390 12.243269 -18.296751
v -20.550911 12.703727 -18.222412
v -19.337072 13.335146 -17.752764
v -26.212111 16.216772 -16.213274
v -26.041220 15.585436 -16.471840
v -23.136782 16.554293 -17.262135
v -24.683317 15.452245 -17.070881
v -22.507572 16.433096 -17.278105
v -25.601343 11.975271 -17.579401
v -25.419462 11.397456 -17.836090
v -25.472610 10.967178 -18.265568
v -25.428091 10.528781 -18.367220
v -20.248800 18.822433 -16.291330
v -20.077431 18.129776 -16.543242
v -18.381840 19.001198 -14.625233
v -18.536671 19.803474 -14.427790
v -18.917997 19.493113 -15.298445
v -18.768629 18.692123 -15.552791
v -19.163538 12.771480 -18.074778
v -26.448364 9.744479 -18.121220
v -26.664019 10.099876 -17.681967
v -27.007086 9.484190 -17.733477
v -18.473587 12.192425 -18.534941
v -17.769449 12.281230 -18.250528
v -18.209232 10.964557 -19.531536
v -17.440428 10.804921 -19.318565
v -19.760706 15.873307 -16.764433
v -19.858324 16.629633 -16.443012
v -18.733936 15.757456 -16.888395
v -18.876476 16.569963 -16.395298
v -23.126987 15.728965 -17.400612
v -25.867853 13.922628 -17.048790
v -25.881659 14.386740 -16.862333
v -27.128428 13.085807 -16.549540
v -27.146244 12.751531 -16.585312
v -18.551870 15.031083 -17.330393
v -18.152561 16.164911 -16.508900
v -17.942457 14.519308 -17.278315
v -19.395475 13.939497 -17.619995
v -26.828810 11.314090 -17.052874
v -26.788610 11.868163 -16.875788
v -27.644787 12.086795 -16.635408
v -27.714304 12.697961 -16.202610
v -27.553009 15.511399 -15.764186
v -27.691946 16.192009 -15.579643
v -28.295204 15.305378 -15.263150
v -28.347170 15.990708 -15.206263
v -18.564056 12.504865 -17.544785
v -18.843174 10.436118 -19.158468
v -24.433651 11.611689 -18.111778
v -25.110863 11.152066 -17.410421
v -25.094980 11.223402 -17.313053
v -24.576914 11.560272 -18.693583
v -22.628517 12.472984 -18.948952
v -27.312668 11.385210 -16.919697
v -27.073544 11.174545 -16.115767
v -18.424574 12.606852 -18.113447
v -28.571844 15.118196 -14.711413
v -28.592409 15.872687 -14.543406
v -22.593439 7.254174 -22.439014
v -22.796835 8.091509 -21.445740
v -22.730217 8.205344 -20.992321
v -22.718508 8.761750 -20.640846
v -21.412487 8.888793 -21.005789
v -21.351336 8.516018 -21.292841
v -21.238113 7.570422 -22.326052
v -21.498703 9.319235 -20.068043
v -22.824636 9.080950 -19.997452
v -22.154381 9.228220 -20.182478
v -22.774973 8.172354 -21.536921
v -22.128103 8.443083 -21.764738
v -22.737696 8.398206 -21.299355
v -21.409763 8.574773 -21.644079
v -21.509575 8.956752 -21.223797
v -22.798546 8.970917 -20.705313
v -22.212692 9.169806 -20.839119
v -21.573605 9.325134 -20.731390
v -24.943968 6.618567 -21.106844
v -21.439983 9.002096 -20.374081
v -19.061180 8.249321 -21.461435
v -21.329784 8.324211 -21.497932
v -20.627642 18.539436 -15.110915
v -25.798611 16.503325 -15.380501
v -21.310820 21.526909 -14.333257
v -26.000559 18.495203 -14.706611
v -24.678272 18.500580 -15.268974
v -23.548737 19.312748 -15.815993
v -22.816643 19.405611 -15.705568
v -23.440010 18.722702 -16.020052
v -24.437653 18.640583 -15.862317
v -26.461830 21.118835 -14.784129
v -19.680710 24.097532 -12.857143
v -21.790113 23.202780 -14.428329
v -24.075706 22.164141 -14.903605
v -27.905922 19.626184 -14.042870
v -28.026499 19.752520 -14.270624
v -28.234053 20.385670 -14.226932
v -28.054090 20.598850 -13.916015
v -28.606817 19.461159 -13.747842
v -28.796146 20.139523 -13.573150
v -20.122686 23.998030 -13.847587
v -20.009871 23.137152 -14.309262
v -19.548923 21.535818 -14.111308
v -18.604143 9.774257 -19.734526
vn 0.5966 0.4294 -0.6780
vn 0.5515 0.4992 -0.6683
vn 0.8432 0.5270 -0.1064
vn 0.8786 0.4559 -0.1424
vn -0.6109 0.6224 -0.4893
vn -0.7308 0.5205 -0.4417
vn -0.9001 0.4271 -0.0860
vn -0.8290 0.5467 -0.1176
vn -0.4939 0.7252 -0.4797
vn -0.6946 0.7065 -0.1355
vn -0.3729 0.7951 -0.4783
vn -0.4235 0.8997 -0.1060
vn 0.3325 0.7922 -0.5118
vn 0.0443 0.8813 -0.4705
vn 0.2397 0.9617 -0.1332
vn 0.5187 0.8509 -0.0830
vn 0.5166 0.6425 -0.5660
vn 0.7579 0.6480 -0.0760
vn 0.8099 0.3649 -0.4592
vn 0.9085 0.3724 -0.1896
vn 0.0336 0.3274 -0.9443
vn -0.0147 0.3527 -0.9356
vn 0.0147 0.2327 -0.9724
vn 0.0673 0.2095 -0.9755
vn 0.0476 0.0841 -0.9953
vn 0.1188 0.0919 -0.9887
vn -0.0734 0.2256 -0.9715
vn -0.0580 0.1188 -0.9912
vn -0.1163 0.3331 -0.9357
vn 0.0555 -0.0097 -0.9984
vn 0.1547 0.0690 -0.9856
vn 0.8694 0.2241 -0.4404
vn 0.9153 0.2238 -0.3349
vn 0.6559 0.3391 -0.6744
vn 0.5812 0.3395 -0.7395
vn -0.9213 0.0965 -0.3767
vn -0.9313 0.1430 -0.3350
vn -0.6783 0.1259 -0.7239
vn -0.6897 0.1292 -0.7124
vn -0.8810 0.3288 -0.3403
vn -0.6389 0.2263 -0.7353
vn 0.5580 0.6889 -0.4625
vn 0.6517 0.5379 -0.5347
vn 0.4849 0.3838 -0.7859
vn 0.4350 0.4791 -0.7624
vn 0.7657 0.3453 -0.5427
vn 0.5120 0.3519 -0.7836
vn -0.9028 -0.4041 -0.1471
vn -0.9300 -0.3272 -0.1676
vn -0.9204 -0.3698 -0.1268
vn -0.9126 -0.3978 -0.0943
vn 0.9838 0.1682 0.0619
vn 0.9992 0.0395 -0.0040
vn 0.9909 -0.0262 -0.1316
vn 0.9902 0.1395 0.0015
vn -0.2222 -0.9637 -0.1482
vn -0.6338 -0.7665 -0.1039
vn -0.6217 -0.7706 -0.1402
vn -0.2332 -0.9568 -0.1738
vn -0.8495 -0.5167 -0.1067
vn -0.8520 -0.5142 -0.0989
vn -0.9603 -0.2372 -0.1465
vn -0.9458 -0.3068 -0.1062
vn 0.9428 0.3318 0.0310
vn 0.9194 0.3911 0.0421
vn 0.7666 0.5418 -0.3445
vn 0.8479 0.4703 -0.2446
vn 0.7719 0.5931 -0.2290
vn 0.7084 0.6347 -0.3086
vn 0.8921 0.4421 -0.0932
vn 0.8072 0.5851 -0.0781
vn -0.3381 0.1720 -0.9252
vn -0.3715 0.2394 -0.8970
vn -0.2973 0.1406 -0.9444
vn 0.2620 0.2693 -0.9267
vn 0.3023 0.2689 -0.9145
vn 0.2170 0.3310 -0.9183
vn 0.9244 0.2098 -0.3185
vn 0.7254 0.2844 -0.6268
vn 0.9362 0.1949 -0.2923
vn 0.7906 0.2341 -0.5658
vn 0.9494 0.1733 -0.2618
vn 0.9452 0.1851 -0.2689
vn 0.9425 0.1797 -0.2819
vn 0.6234 0.7373 -0.2605
vn 0.6692 0.5972 -0.4421
vn 0.8070 0.3247 -0.4934
vn 0.9300 0.1236 -0.3460
vn -0.8874 -0.0066 -0.4609
vn -0.8623 -0.1748 -0.4753
vn -0.8943 -0.1906 -0.4048
vn -0.9346 -0.0269 -0.3547
vn -0.8510 -0.2125 -0.4802
vn -0.8562 -0.2256 -0.4647
vn -0.9856 0.1351 -0.1021
vn -0.9436 0.3219 -0.0772
vn -0.9795 0.0900 -0.1800
vn -0.8813 0.1331 -0.4534
vn -0.9492 0.1315 -0.2859
vn 0.8676 0.1379 -0.4777
vn 0.8483 0.1314 -0.5130
vn -0.0578 0.6923 -0.7193
vn -0.0870 0.7367 -0.6706
vn -0.1219 0.4320 -0.8936
vn 0.7883 -0.1971 -0.5829
vn 0.5495 -0.6125 -0.5682
vn 0.2972 -0.8384 -0.4569
vn -0.1479 0.1927 -0.9700
vn -0.2162 0.1833 -0.9590
vn -0.7455 -0.4538 -0.4882
vn -0.8886 -0.3097 -0.3384
vn -0.2239 0.5645 -0.7945
vn -0.3770 0.4439 -0.8129
vn -0.3469 -0.7013 -0.6228
vn -0.1233 0.2992 -0.9462
vn 0.0216 0.5923 -0.8054
vn -0.9229 -0.2630 -0.2812
vn -0.9255 -0.3325 -0.1816
vn 0.1403 0.5699 -0.8096
vn -0.9389 -0.2992 -0.1701
vn 0.2653 0.4864 -0.8325
vn -0.1480 0.2940 -0.9443
vn 0.8857 0.1940 -0.4218
vn 0.8753 0.1035 -0.4724
vn -0.1483 0.5689 -0.8089
vn 0.9445 -0.2491 -0.2139
vn 0.8595 -0.4732 -0.1935
vn 0.9661 -0.1230 -0.2272
vn 0.6651 -0.7287 -0.1628
vn 0.3819 -0.9088 -0.1679
vn 0.7335 0.4696 -0.4914
vn 0.8305 0.3878 -0.4000
vn -0.2369 0.8491 -0.4721
vn -0.0667 0.9926 -0.1015
vn 0.0863 0.2090 -0.9741
vn 0.1038 -0.8539 -0.5100
vn 0.1138 -0.9761 -0.1851
vn 0.4550 -0.8784 -0.1465
vn 0.1696 -0.9696 -0.1765
vn -0.9771 -0.1841 -0.1064
vn -0.9857 -0.1512 -0.0739
vn -0.9854 -0.1638 -0.0470
vn -0.9680 -0.2312 -0.0971
vn -0.9514 -0.2960 -0.0848
vn -0.9425 -0.2284 -0.2440
vn 0.6611 -0.5174 -0.5433
vn 0.2012 -0.9680 -0.1498
vn 0.2612 -0.9519 -0.1605
vn 0.4872 -0.4891 -0.7235
vn 0.2705 -0.9304 -0.2473
vn 0.1306 -0.5450 -0.8282
vn 0.5286 0.4003 -0.7486
vn -0.0656 0.2603 -0.9633
vn 0.0800 -0.9696 -0.2314
vn 0.1240 -0.9172 -0.3788
vn -0.0647 -0.0747 -0.9951
vn 0.0369 -0.4729 -0.8804
vn -0.0637 -0.9186 -0.3900
vn -0.0040 -0.9826 -0.1857
vn 0.1835 -0.9304 -0.3173
vn -0.2681 -0.6904 -0.6719
vn -0.6755 0.0148 -0.7372
vn 0.3578 0.2217 -0.9071
vn 0.5619 -0.1640 -0.8107
vn -0.2458 -0.9627 0.1126
vn -0.6961 -0.7033 -0.1445
vn 0.3128 -0.9486 -0.0490
vn -0.6796 -0.6658 0.3078
vn -0.7790 -0.5312 -0.3331
vn -0.0802 -0.9959 -0.0414
vn -0.8999 -0.4330 -0.0529
vn -0.9405 -0.3382 -0.0315
vn 0.9866 0.0303 0.1602
vn 0.9871 0.1181 0.1083
vn -0.6241 -0.7791 -0.0594
vn -0.8317 -0.5515 -0.0640
vn -0.2375 -0.9683 -0.0771
vn -0.9883 -0.1484 -0.0356
vn -0.9856 -0.1683 -0.0152
vn -0.9709 -0.2392 -0.0150
vn 0.9755 0.2193 -0.0175
vn 0.9346 0.3329 -0.1253
vn 0.2026 -0.9745 -0.0968
vn 0.5183 -0.8516 -0.0787
vn 0.8638 0.3999 -0.3066
vn 0.9005 0.3894 -0.1936
vn -0.9181 -0.3963 -0.0062
vn -0.9476 -0.3190 0.0175
vn -0.5920 -0.8059 -0.0092
vn -0.8314 -0.5550 -0.0277
vn -0.2030 -0.9792 0.0029
vn 0.5718 -0.8200 0.0257
vn 0.2485 -0.9686 0.0024
vn 0.9869 0.0150 0.1609
vn 0.9745 -0.0223 0.2231
vn -0.6061 -0.7895 -0.0960
vn -0.8496 -0.5132 -0.1215
vn -0.2176 -0.9740 -0.0631
vn 0.6053 -0.7959 -0.0075
vn 0.2657 -0.9627 -0.0502
vn 0.9982 -0.0000 0.0606
vn 0.9982 -0.0129 0.0593
vn -0.9689 -0.2473 0.0036
vn -0.9522 -0.2987 -0.0643
vn -0.9611 -0.2516 -0.1138
vn -0.9284 -0.3633 -0.0785
vn 0.9918 0.0970 0.0826
vn 0.9629 0.2698 0.0106
vn 0.9640 0.2573 0.0674
vn 0.9951 0.0774 0.0622
vn 0.9506 0.3038 -0.0633
vn 0.9331 0.3585 -0.0274
vn 0.9659 0.2585 0.0159
vn 0.9319 0.3584 0.0557
vn -0.9680 -0.1894 -0.1645
vn -0.9622 -0.2136 -0.1691
vn -0.9787 -0.1905 -0.0760
vn -0.9816 -0.1878 -0.0356
vn -0.9579 -0.2788 -0.0684
vn -0.9815 -0.1561 -0.1112
vn -0.9897 -0.0472 -0.1351
vn -0.9673 0.1196 -0.2236
vn -0.9408 0.1452 -0.3064
vn -0.9524 0.1348 -0.2735
vn 0.5204 0.7157 -0.4658
vn 0.6595 0.6406 -0.3933
vn 0.9462 0.1873 -0.2638
vn 0.9645 0.1533 -0.2150
vn -0.9235 -0.3567 -0.1409
vn -0.9309 -0.3253 -0.1662
vn -0.5352 -0.8322 -0.1453
vn -0.1918 -0.9659 -0.1741
vn 0.3132 -0.9286 -0.1991
vn 0.6352 -0.7526 -0.1734
vn 0.9943 0.0293 -0.1026
vn 0.9954 0.0678 -0.0676
vn 0.9902 0.1375 0.0234
vn -0.9366 -0.2965 -0.1865
vn 0.9494 0.1969 0.2447
vn 0.9197 0.3317 0.2102
vn 0.9515 0.2764 0.1349
vn 0.1312 0.1180 -0.9843
vn 0.0101 0.0932 -0.9956
vn -0.0667 0.0321 -0.9973
vn -0.0877 0.0800 -0.9929
vn -0.7606 0.5358 -0.3667
vn -0.5576 0.4065 -0.7238
vn -0.2950 0.1848 -0.9375
vn -0.8292 0.5267 -0.1871
vn -0.2820 0.4115 -0.8667
vn -0.4093 0.5519 -0.7265
vn -0.6274 0.6098 -0.4843
vn -0.7551 0.5772 -0.3109
vn -0.9858 -0.0882 0.1425
vn -0.8876 -0.1167 0.4457
vn -0.9875 0.1514 0.0446
vn -0.9616 0.2686 -0.0562
vn -0.9816 0.1826 -0.0556
vn -0.8573 -0.4436 0.2611
vn -0.8850 -0.3336 0.3247
vn -0.2158 -0.0425 0.9755
vn -0.3150 -0.4568 0.8319
vn 0.9971 0.0541 -0.0542
vn 0.9961 0.0867 0.0137
vn 0.9967 0.0786 0.0202
vn 0.9900 0.0981 0.1016
vn 0.9984 0.0279 -0.0495
vn 0.9967 -0.0010 -0.0814
vn 0.9899 -0.0192 -0.1402
vn 0.9643 -0.2617 0.0404
vn 0.7493 0.1733 0.6392
vn 0.9115 0.0955 0.4000
vn 0.3208 -0.9460 -0.0457
vn 0.6378 -0.7680 -0.0579
vn -0.5585 -0.8256 0.0808
vn -0.5160 -0.8552 -0.0483
vn -0.3453 -0.9346 0.0859
vn -0.1517 -0.9877 -0.0389
vn -0.1034 -0.9934 0.0490
vn -0.9398 -0.3294 -0.0907
vn -0.9535 -0.2956 -0.0595
vn -0.9477 -0.1361 0.2887
vn -0.9370 -0.3492 0.0053
vn -0.9154 -0.4001 0.0447
vn -0.9125 -0.4064 0.0459
vn -0.9243 -0.3723 -0.0839
vn -0.8726 -0.4063 0.2712
vn -0.2964 -0.3739 0.8788
vn -0.8556 -0.4635 0.2304
vn -0.9580 -0.2284 0.1732
vn -0.9394 -0.3400 -0.0439
vn -0.7884 -0.4388 0.4311
vn -0.8884 -0.3508 0.2963
vn -0.9893 0.1380 0.0466
vn 0.8497 0.3785 0.3671
vn 0.6626 0.3461 0.6642
vn 0.6922 0.5418 0.4768
vn 0.8465 0.1613 0.5074
vn 0.6191 0.1135 0.7771
vn 0.8597 -0.0387 0.5092
vn 0.5722 -0.1187 0.8115
vn 0.5434 -0.2550 0.7998
vn 0.9145 -0.1016 0.3917
vn 0.3700 -0.4219 0.8277
vn -0.3795 0.8986 0.2203
vn -0.6628 0.6970 0.2737
vn -0.0838 -0.5055 0.8587
vn -0.4677 0.2390 0.8510
vn 0.2572 -0.4507 0.8549
vn -0.2556 0.9640 0.0734
vn -0.5969 0.8004 0.0549
vn -0.1730 -0.5289 0.8309
vn 0.3140 -0.2173 0.9242
vn -0.1571 0.8902 0.4276
vn -0.7690 0.5695 0.2903
vn -0.3371 -0.4208 0.8422
vn -0.5103 0.3979 0.7624
vn -0.6795 0.5559 0.4789
vn -0.4292 -0.2285 0.8738
vn 0.0380 -0.0617 0.9974
vn -0.0426 0.8507 0.5240
vn -0.3508 0.4427 0.8252
vn -0.2192 0.5462 0.8085
vn -0.0426 -0.0315 0.9986
vn -0.0484 0.5532 0.8316
vn -0.5276 0.5396 0.6561
vn -0.5037 -0.0107 0.8638
vn -0.2908 0.0205 0.9566
vn -0.9550 0.2963 -0.0124
vn -0.0996 0.0748 0.9922
vn 0.0208 0.5919 0.8057
vn -0.3994 0.6380 0.6584
vn -0.4634 0.0916 0.8814
vn 0.2079 0.0907 0.9739
vn -0.6865 0.1482 0.7119
vn -0.1478 -0.0056 0.9890
vn 0.1794 0.7121 0.6787
vn -0.2757 0.8255 0.4924
vn -0.4991 0.0189 0.8663
vn -0.6357 0.5883 0.4998
vn -0.2108 0.2249 0.9513
vn -0.1299 0.9345 -0.3316
vn -0.3237 0.9456 -0.0331
vn -0.1679 0.0364 0.9851
vn -0.0167 0.5801 -0.8144
vn -0.0804 -0.0217 0.9965
vn 0.1896 0.5423 -0.8185
vn -0.3619 0.9317 0.0300
vn -0.7965 0.5510 -0.2490
vn -0.3891 0.4812 0.7855
vn -0.4723 0.2268 0.8518
vn -0.2868 0.3457 0.8934
vn -0.2491 0.1454 0.9575
vn -0.6926 0.6359 0.3405
vn 0.1343 0.3118 0.9406
vn -0.8125 0.1973 0.5486
vn 0.0209 0.1201 0.9925
vn -0.2431 0.6929 0.6788
vn -0.0608 0.9042 0.4227
vn -0.2690 0.1826 0.9457
vn 0.1295 0.3593 0.9242
vn -0.3685 0.7015 0.6100
vn 0.2562 0.0091 0.9666
vn -0.1047 0.9363 0.3354
vn -0.2187 0.8887 0.4030
vn -0.0049 -0.3792 0.9253
vn -0.3019 0.6739 0.6743
vn 0.2327 -0.2879 0.9290
vn 0.4582 0.0970 0.8836
vn 0.0020 0.7338 0.6794
vn -0.4680 0.7083 0.5285
vn -0.2763 -0.2655 0.9237
vn 0.0571 0.0163 0.9982
vn -0.6216 0.5748 0.5321
vn -0.8509 0.5253 -0.0080
vn -0.8673 0.0437 0.4960
vn -0.1305 0.1608 0.9783
vn -0.5271 0.6958 0.4879
vn -0.1160 0.1592 0.9804
vn -0.2294 0.3890 0.8922
vn 0.0474 0.3329 0.9418
vn -0.5177 0.6056 0.6043
vn -0.2327 0.3182 0.9190
vn -0.7371 0.6408 0.2146
vn -0.1732 0.0831 0.9814
vn -0.4780 0.5558 0.6801
vn -0.5834 0.6353 0.5059
vn -0.7040 0.1653 0.6907
vn -0.2226 0.2809 0.9336
vn -0.5386 0.7521 0.3798
vn 0.1395 0.3164 0.9383
vn 0.0542 0.7950 0.6041
vn -0.3261 0.3418 0.8814
vn -0.1295 0.1505 0.9801
vn -0.0462 0.0688 0.9966
vn -0.2987 0.3814 0.8748
vn -0.4452 0.4545 0.7715
vn -0.4928 0.1770 0.8520
vn -0.3825 0.6844 0.6208
vn 0.0022 0.0454 0.9990
vn -0.5318 0.7051 0.4691
vn -0.4924 0.7039 0.5119
vn -0.4425 -0.0554 0.8951
vn 0.1012 -0.1343 0.9858
vn 0.3167 -0.5730 0.7559
vn -0.3409 0.5158 0.7860
vn -0.5998 -0.2455 0.7616
vn 0.2654 -0.3347 0.9042
vn -0.3284 0.5478 0.7695
vn 0.5422 -0.2721 0.7950
vn 0.3863 0.6411 0.6631
vn -0.2279 0.0738 0.9709
vn -0.0571 0.2664 0.9622
vn 0.2829 -0.2813 0.9170
vn -0.3213 0.4438 0.8365
vn -0.2225 0.4283 0.8758
vn 0.0159 -0.2332 0.9723
vn 0.1696 -0.6133 0.7714
vn -0.0764 0.0601 0.9953
vn 0.2302 0.3130 0.9214
vn -0.2898 -0.5268 0.7991
vn 0.2216 -0.3578 0.9071
vn -0.2461 0.3834 0.8902
vn 0.5688 -0.3056 0.7636
vn 0.5509 0.3428 0.7609
vn -0.4832 0.5014 0.7177
vn -0.7767 0.0143 0.6297
vn 0.2745 -0.2898 0.9169
vn -0.0685 0.2232 0.9724
vn 0.1619 -0.3638 0.9173
vn 0.2502 -0.5971 0.7621
vn -0.0013 0.2406 0.9706
vn -0.0361 0.4767 0.8783
vn -0.3167 -0.4173 0.8518
vn 0.2357 -0.3566 0.9040
vn -0.3134 0.4401 0.8415
vn 0.5047 -0.3559 0.7865
vn 0.5655 0.3386 0.7521
vn 0.3328 -0.3808 0.8627
vn 0.3130 -0.3539 0.8813
vn -0.0529 0.0065 0.9986
vn -0.4501 -0.5058 0.7359
vn -0.1954 0.1599 0.9676
vn -0.3969 0.2984 0.8680
vn -0.3541 0.2202 0.9089
vn -0.5024 0.5689 0.6511
vn 0.3007 -0.5702 0.7645
vn -0.1012 0.1946 0.9757
vn -0.4840 0.1961 0.8528
vn -0.4330 -0.4883 0.7577
vn -0.2947 0.3000 0.9073
vn 0.2151 -0.5072 0.8346
vn -0.0037 -0.0606 0.9982
vn 0.1452 0.1080 0.9835
vn -0.3418 -0.3639 0.8665
vn 0.4892 -0.2360 0.8396
vn -0.1643 -0.0636 0.9844
vn 0.3259 0.3898 0.8613
vn -0.2763 0.3757 0.8846
vn 0.7231 -0.0602 0.6881
vn 0.4205 0.5173 0.7453
vn -0.5222 -0.4393 0.7309
vn 0.3575 -0.5969 0.7182
vn -0.3151 0.3661 0.8756
vn 0.0456 -0.2035 0.9780
vn 0.2587 -0.5897 0.7651
vn 0.6029 0.1662 0.7803
vn -0.3688 0.4509 0.8128
vn -0.6818 -0.2892 0.6719
vn 0.0250 -0.3447 0.9384
vn 0.5466 -0.1557 0.8228
vn 0.1669 -0.1768 0.9700
vn 0.3788 -0.6422 0.6664
vn -0.7322 -0.3662 0.5742
vn -0.5377 0.3415 0.7709
vn 0.5213 0.0904 0.8486
vn 0.1510 -0.6350 0.7576
vn -0.1041 -0.0395 0.9938
vn -0.0353 0.2233 0.9741
vn -0.5092 -0.3341 0.7932
vn 0.2185 -0.2264 0.9492
vn -0.2011 0.2425 0.9491
vn 0.1344 -0.6819 0.7190
vn -0.2845 0.2775 0.9176
vn -0.3256 0.4204 0.8469
vn -0.5854 -0.3477 0.7324
vn 0.2462 -0.6591 0.7106
vn -0.2752 0.1476 0.9500
vn -0.3420 0.2558 0.9042
vn -0.5358 -0.3325 0.7761
vn 0.6787 -0.3375 0.6523
vn 0.2405 0.4100 0.8798
vn -0.2533 -0.1068 0.9615
vn -0.2036 -0.1532 0.9670
vn -0.3107 -0.1767 0.9339
vn -0.1284 -0.5537 0.8227
vn -0.0554 0.2977 0.9531
vn -0.5315 0.4328 0.7281
vn -0.6900 -0.0505 0.7221
vn 0.4312 -0.4673 0.7718
vn 0.6287 0.2335 0.7418
vn 0.0296 0.0543 0.9981
vn -0.1914 0.4005 0.8961
vn -0.1035 -0.4352 0.8944
vn -0.1212 0.5583 0.8207
vn -0.3345 0.6374 0.6942
vn -0.6304 -0.0088 0.7762
vn 0.4413 -0.2873 0.8501
vn 0.3468 0.5125 0.7855
vn -0.0373 0.2390 0.9703
vn -0.1758 0.5132 0.8401
vn -0.0291 -0.4269 0.9038
vn -0.1165 0.7293 0.6742
vn -0.2937 0.7441 0.6000
vn -0.6105 0.0502 0.7904
vn 0.4369 -0.2069 0.8754
vn 0.3196 0.7181 0.6182
vn -0.0246 0.2459 0.9690
vn -0.1618 0.5553 0.8158
vn -0.0935 0.6437 0.7595
vn -0.0233 -0.7056 0.7083
vn 0.5149 -0.4491 0.7302
vn 0.1649 0.7486 0.6421
vn 0.0507 0.0923 0.9944
vn -0.0898 0.3891 0.9168
vn -0.0191 -0.7545 0.6560
vn -0.0147 0.5928 0.8052
vn -0.1135 0.7156 0.6892
vn -0.5704 -0.4430 0.6917
vn 0.4972 -0.4780 0.7242
vn -0.0064 0.7281 0.6855
vn 0.0482 -0.6798 0.7318
vn 0.4446 -0.4893 0.7503
vn 0.1255 0.5307 0.8382
vn -0.0045 0.4651 0.8853
vn -0.9096 -0.1307 0.3943
vn -0.0656 0.1248 0.9900
vn -0.3857 -0.4951 0.7785
vn 0.0643 -0.7011 0.7101
vn -0.0350 0.5019 0.8642
vn -0.2121 0.5701 0.7937
vn -0.3535 -0.5502 0.7565
vn 0.4291 -0.4809 0.7646
vn 0.0259 0.5931 0.8047
vn 0.3008 -0.5117 0.8047
vn -0.4766 0.5905 0.6512
vn -0.5700 0.5537 0.6071
vn -0.0516 -0.1869 0.9810
vn 0.4845 -0.1844 0.8551
vn -0.2910 0.6664 0.6865
vn -0.3246 0.5584 0.7634
vn -0.3058 -0.7760 0.5516
vn -0.2289 0.2475 0.9415
vn -0.1728 0.0081 0.9849
vn -0.1160 -0.0437 0.9923
vn -0.3504 0.6209 0.7012
vn 0.3718 -0.4426 0.8160
vn 0.6335 0.0251 0.7734
vn -0.2237 0.7327 0.6427
vn -0.2426 0.2222 0.9443
vn -0.4134 -0.4002 0.8179
vn -0.6776 0.4481 0.5832
vn -0.2118 0.4356 0.8749
vn -0.3443 0.6304 0.6958
vn 0.5042 -0.5300 0.6818
vn 0.7165 -0.1263 0.6860
vn -0.3403 0.7511 0.5657
vn -0.2128 0.4613 0.8613
vn 0.2827 -0.7441 0.6053
vn 0.6956 -0.3786 0.6105
vn 0.0009 0.6525 0.7578
vn 0.0299 0.1063 0.9939
vn -0.1800 0.6168 0.7663
vn 0.1591 -0.8453 0.5101
vn 0.6605 -0.5049 0.5557
vn -0.0070 0.7150 0.6991
vn 0.1015 0.2251 0.9690
vn -0.0429 0.5449 0.8374
vn 0.0563 -0.0449 0.9974
vn 0.6660 -0.0596 0.7435
vn 0.1953 0.6455 0.7383
vn -0.1883 -0.7719 0.6072
vn 0.3513 -0.7112 0.6090
vn 0.0267 0.2490 0.9681
vn 0.0642 0.2589 0.9638
vn -0.5787 0.4732 0.6642
vn 0.0997 0.7817 0.6156
vn 0.5763 -0.4111 0.7063
vn 0.2661 0.7414 0.6161
vn -0.1374 0.7545 0.6418
vn 0.1793 -0.7499 0.6367
vn -0.0159 -0.0704 0.9974
vn -0.1061 0.0162 0.9942
vn -0.7773 0.2334 0.5842
vn -0.4683 -0.7004 0.5387
vn -0.2276 0.7327 0.6414
vn 0.2796 0.7018 0.6552
vn 0.6084 -0.2191 0.7628
vn 0.0781 0.7923 0.6051
vn -0.2529 0.7519 0.6088
vn 0.3638 -0.5474 0.7537
vn 0.2164 -0.1901 0.9576
vn -0.1986 -0.2814 0.9388
vn 0.5647 -0.0967 0.8196
vn -0.1983 0.5430 0.8160
vn 0.4760 -0.4243 0.7704
vn 0.0164 0.0433 0.9989
vn -0.3713 -0.1835 0.9102
vn 0.7127 -0.0578 0.6990
vn -0.0020 0.7772 0.6292
vn -0.4299 0.5488 0.7169
vn 0.4895 -0.4901 0.7212
vn 0.3139 -0.7028 0.6384
vn -0.3491 0.6141 0.7078
vn -0.6039 0.4862 0.6316
vn 0.1394 -0.8105 0.5689
vn 0.5739 -0.5550 0.6022
vn -0.0304 0.7012 0.7123
vn 0.0077 -0.3040 0.9526
vn 0.3541 -0.6947 0.6261
vn -0.3254 0.5623 0.7602
vn -0.6588 -0.0977 0.7459
vn 0.0145 -0.8525 0.5226
vn 0.6090 -0.4783 0.6328
vn -0.0441 0.6607 0.7494
vn 0.0866 -0.3703 0.9249
vn 0.0125 -0.8502 0.5262
vn -0.7074 0.0279 0.7063
vn -0.3426 0.5757 0.7424
vn 0.0927 -0.0775 0.9927
vn 0.0644 -0.4525 0.8894
vn 0.7125 0.1987 0.6729
vn 0.6234 -0.2417 0.7436
vn 0.7071 0.0978 0.7003
vn -0.2649 0.5550 0.7886
vn -0.6820 0.1472 0.7164
vn 0.6545 -0.3360 0.6773
vn -0.1102 0.5183 0.8481
vn -0.6315 -0.2387 0.7377
vn -0.0036 -0.3484 0.9373
vn 0.2147 -0.5091 0.8335
vn -0.3663 0.3947 0.8426
vn -0.6364 0.0338 0.7706
vn -0.2487 -0.5468 0.7995
vn 0.4417 -0.2852 0.8506
vn 0.2576 0.3517 0.9000
vn 0.3236 -0.5538 0.7672
vn -0.0975 0.9951 0.0171
vn -0.5673 0.8113 0.1413
vn -0.2340 -0.5161 0.8239
vn 0.3799 -0.4430 0.8120
vn -0.5917 0.7793 0.2064
vn -0.6760 0.7122 0.1895
vn 0.4271 -0.5561 0.7130
vn 0.4187 -0.4695 0.7773
vn -0.2090 0.9107 0.3564
vn 0.2759 -0.3051 0.9115
vn 0.0609 0.1131 0.9917
vn -0.3213 -0.6453 0.6931
vn 0.7492 0.2108 0.6279
vn -0.4150 0.3736 0.8296
vn 0.3061 -0.2880 0.9074
vn 0.4582 -0.7719 0.4407
vn -0.4687 0.7855 0.4041
vn -0.7399 0.5244 0.4213
vn 0.5427 -0.7812 0.3085
vn 0.3307 -0.8438 0.4225
vn 0.3421 0.8350 0.4309
vn 0.2730 -0.5509 0.7886
vn 0.5629 -0.1461 0.8135
vn -0.1734 0.6289 0.7579
vn -0.6937 0.2332 0.6815
vn -0.0879 -0.4992 0.8620
vn -0.3128 0.0586 0.9480
vn 0.1906 -0.5831 0.7897
vn -0.4987 0.1251 0.8577
vn 0.4400 -0.2536 0.8614
vn -0.1018 -0.2616 0.9598
vn -0.0296 0.4874 0.8727
vn 0.6301 -0.2306 0.7415
vn 0.6415 -0.2837 0.7127
vn -0.2992 0.6193 0.7259
vn -0.6617 0.2523 0.7060
vn 0.2616 -0.6118 0.7465
vn -0.3858 -0.3215 0.8648
vn -0.1007 -0.2524 0.9624
vn 0.7524 -0.2174 0.6218
vn 0.1345 -0.7141 0.6870
vn 0.3377 -0.7996 0.4965
vn 0.7992 -0.3706 0.4733
vn -0.0608 0.6062 0.7930
vn -0.5762 0.2401 0.7813
vn 0.1426 0.4180 0.8972
vn -0.4268 -0.0881 0.9000
vn -0.1918 -0.5249 0.8293
vn 0.3520 0.1940 0.9157
vn 0.2983 -0.6937 0.6556
vn 0.6712 -0.0711 0.7378
vn -0.0706 -0.8173 0.5719
vn 0.7359 0.2889 0.6124
vn 0.6549 0.3415 0.6741
vn -0.3716 -0.4839 0.7923
vn 0.0876 -0.0255 0.9958
vn 0.0703 -0.1075 0.9917
vn 0.2028 0.7649 0.6114
vn -0.6937 0.2648 0.6698
vn -0.2348 0.9067 0.3503
vn -0.2910 -0.6956 0.6569
vn -0.6170 -0.2302 0.7525
vn -0.1752 -0.6959 0.6964
vn -0.6791 0.1295 0.7225
vn -0.6681 0.1176 0.7347
vn -0.0215 -0.6720 0.7402
vn -0.5340 0.6451 0.5465
vn -0.3693 -0.4431 0.8169
vn -0.0703 0.8044 0.5899
vn -0.3356 -0.7090 0.6202
vn -0.3700 -0.1095 0.9226
vn -0.4611 -0.6216 0.6333
vn 0.1145 0.7996 0.5895
vn 0.0790 0.6725 0.7359
vn -0.2649 0.5534 0.7897
vn -0.1200 0.0185 0.9926
vn 0.2348 0.2822 0.9302
vn 0.5660 0.7251 0.3923
vn -0.5392 0.8277 -0.1557
vn -0.6443 0.7264 -0.2393
vn -0.4428 0.8951 -0.0524
vn -0.4899 -0.6383 0.5938
vn 0.5561 -0.6866 0.4683
vn -0.7574 0.1305 0.6398
vn 0.2053 0.7374 -0.6436
vn -0.4849 0.5896 -0.6460
vn -0.5057 0.7678 -0.3934
vn 0.1872 0.8938 -0.4075
vn -0.6203 0.6746 -0.4003
vn -0.0485 0.6619 -0.7481
vn -0.0145 0.6989 -0.7150
vn -0.1091 0.8430 -0.5267
vn -0.4637 0.7788 -0.4224
vn -0.2942 0.5436 -0.7861
vn -0.0082 0.7113 -0.7028
vn -0.4069 0.9122 0.0473
vn -0.1464 0.9823 0.1166
vn 0.1982 0.7012 -0.6849
vn -0.0313 0.9877 -0.1534
vn 0.1934 0.7896 -0.5824
vn -0.0140 0.6935 -0.7203
vn -0.2902 0.9338 -0.2093
vn -0.1617 0.4648 -0.8705
vn -0.4950 0.8079 -0.3197
vn -0.2619 0.9244 -0.2774
vn -0.1111 0.7376 -0.6660
vn -0.3201 0.6203 -0.7161
vn -0.5082 0.7931 -0.3359
vn -0.0066 0.9726 -0.2323
vn 0.0490 0.7967 -0.6023
vn -0.1817 0.8575 -0.4813
vn -0.1887 0.5354 -0.8232
vn -0.2871 0.5699 -0.7700
vn 0.1325 0.9834 0.1240
vn -0.2076 0.9435 -0.2582
vn -0.3161 0.9466 0.0634
vn -0.0475 0.8990 0.4353
vn -0.1985 0.8966 -0.3959
vn -0.5803 0.8073 -0.1071
vn -0.0600 0.9309 0.3604
vn 0.1931 0.5806 -0.7909
vn 0.2354 0.9183 -0.3184
vn 0.2679 0.9304 -0.2503
vn -0.1315 0.7772 -0.6153
vn -0.2986 0.3465 0.8893
vn 0.4874 -0.6846 0.5420
vn 0.7670 -0.2571 0.5878
vn -0.1074 0.5960 0.7958
vn -0.1594 0.1005 0.9821
vn -0.1951 -0.6891 0.6979
vn -0.3979 0.4426 0.8036
vn -0.1132 0.2659 0.9573
vn -0.5628 -0.1046 0.8200
vn 0.3344 -0.4887 0.8058
vn 0.4563 0.0781 0.8864
vn -0.2814 0.3049 0.9099
vn -0.1831 0.1431 0.9726
vn -0.2059 -0.0450 0.9775
vn 0.1360 -0.1239 0.9829
vn 0.6643 -0.3600 0.6550
vn 0.2620 -0.7350 0.6254
vn -0.2359 0.1492 0.9603
vn -0.2926 0.3382 0.8944
vn -0.0302 0.4861 0.8734
vn 0.2977 -0.3773 0.8769
vn -0.4727 -0.4273 0.7707
vn -0.6327 -0.2335 0.7383
vn 0.0925 0.6623 0.7435
vn 0.6051 -0.2821 0.7445
vn -0.6400 0.1138 0.7599
vn 0.5807 0.1230 0.8047
vn -0.6692 0.2119 0.7122
vn 0.7378 -0.1865 0.6487
vn -0.2930 -0.1315 0.9470
vn -0.3426 -0.1333 0.9300
vn -0.6130 0.0658 0.7874
vn -0.8169 0.0004 0.5767
vn -0.6495 0.1107 0.7523
vn -0.1853 0.1823 0.9656
vn 0.2359 -0.7010 0.6730
vn 0.6169 -0.2503 0.7462
vn 0.1554 -0.6463 0.7471
vn 0.4465 -0.3537 0.8219
vn -0.3017 0.2992 0.9052
vn -0.6028 0.0227 0.7975
vn 0.5855 -0.3256 0.7424
vn 0.1531 -0.2499 0.9561
vn 0.5085 0.0096 0.8610
vn 0.4920 0.4489 0.7459
vn 0.6879 0.2440 0.6835
vn 0.2001 -0.0062 0.9798
vn 0.4157 0.3400 0.8436
vn -0.5314 -0.1161 0.8391
vn -0.3514 -0.3532 0.8670
vn 0.6859 -0.0324 0.7270
vn 0.9330 0.1492 0.3276
vn -0.9183 0.0132 0.3956
vn 0.1473 -0.2955 0.9439
vn -0.2832 0.2918 0.9136
vn -0.5620 0.0811 0.8231
vn 0.4786 -0.0112 0.8780
vn 0.6579 0.1438 0.7392
vn 0.7878 0.0822 0.6104
vn 0.2038 0.3881 0.8988
vn -0.5574 0.0508 0.8287
vn -0.2254 -0.4857 0.8446
vn -0.4855 -0.2021 0.8505
vn -0.1724 -0.2437 0.9544
vn 0.0257 -0.6177 0.7860
vn 0.6110 -0.2500 0.7511
vn -0.6385 0.2797 0.7170
vn -0.5477 -0.2709 0.7916
vn -0.0415 -0.2699 0.9620
vn -0.4486 -0.5505 0.7041
vn -0.1438 0.6057 0.7826
vn -0.3074 -0.1457 0.9404
vn 0.1560 -0.6124 0.7750
vn 0.9694 0.2346 0.0723
vn 0.3741 0.4530 0.8092
vn 0.6053 0.0246 0.7956
vn -0.6085 0.4035 0.6833
vn 0.6050 -0.0252 0.7959
vn 0.8323 0.1032 0.5446
vn -0.1867 -0.3393 0.9220
vn 0.3637 -0.2141 0.9066
vn 0.2081 -0.3095 0.9279
vn 0.1286 0.6975 0.7049
vn -0.2775 0.6001 0.7502
vn -0.0069 -0.1839 0.9829
vn 0.3656 -0.0430 0.9298
vn -0.0138 0.4038 0.9148
vn -0.0485 0.3817 0.9230
vn 0.6790 0.7334 0.0322
vn 0.1431 0.4357 0.8886
vn -0.0782 0.1942 0.9778
vn -0.2659 0.2492 0.9312
vn 0.1137 -0.2280 0.9670
vn -0.0324 0.1460 0.9888
vn 0.0129 0.4111 0.9115
vn -0.1924 0.6482 0.7368
vn -0.4046 0.2259 0.8861
vn -0.1188 0.0872 0.9891
vn -0.0708 0.8553 0.5132
vn 0.0360 0.9939 0.1039
vn -0.1135 0.4115 0.9043
vn -0.1257 0.6836 0.7189
vn 0.1461 0.4417 0.8852
vn -0.2046 0.2856 0.9363
vn -0.4696 0.6201 0.6284
vn -0.5613 0.7818 0.2715
vn -0.1806 0.3836 0.9057
vn -0.1806 0.5881 0.7884
vn -0.1499 0.7045 0.6937
vn -0.2477 0.5119 0.8226
vn -0.2637 0.1195 0.9572
vn -0.2284 0.2420 0.9430
vn -0.1048 0.1545 0.9824
vn -0.2811 0.3725 0.8845
vn -0.0243 0.3931 0.9192
vn 0.1168 0.0803 0.9899
vn -0.2455 0.3878 0.8885
vn -0.5429 0.6113 0.5758
vn -0.0283 0.3150 0.9487
vn -0.2485 -0.3935 0.8851
vn 0.1814 0.1650 0.9695
vn 0.1081 0.2804 0.9538
vn -0.1834 -0.0206 0.9828
vn -0.7282 -0.0048 0.6854
vn 0.0490 0.0403 0.9980
vn 0.2368 0.8121 0.5333
vn -0.3266 0.2232 0.9184
vn -0.3367 0.9415 -0.0127
vn -0.3576 0.3289 0.8741
vn -0.0005 0.4675 0.8840
vn 0.0602 0.9698 0.2362
vn -0.6499 0.2524 0.7169
vn -0.5907 0.7577 -0.2774
vn 0.6394 0.7247 -0.2569
vn -0.0487 0.1748 0.9834
vn -0.4956 0.7685 0.4046
vn -0.0543 0.8297 0.5556
vn 0.2077 0.1342 0.9690
vn -0.2651 0.2835 0.9216
vn -0.4549 0.2443 0.8564
vn -0.3142 -0.4248 0.8490
vn -0.8577 0.4939 0.1431
vn 0.1439 0.9878 0.0598
vn 0.5974 0.1344 0.7906
vn -0.5931 0.3422 0.7288
vn -0.6031 0.3752 0.7039
vn -0.6888 0.3956 0.6075
vn -0.5613 0.6137 0.5552
vn -0.1188 0.7026 0.7016
vn -0.0931 -0.2397 0.9664
vn -0.6095 0.2465 0.7535
vn -0.2683 0.9449 -0.1877
vn -0.1651 0.9849 -0.0526
vn -0.2697 0.9098 -0.3155
vn -0.1725 0.8723 -0.4575
vn -0.2146 0.8992 -0.3812
vn 0.0144 0.9536 -0.3008
vn -0.2406 0.7180 0.6531
vn -0.2258 0.6747 0.7027
vn -0.6114 0.7366 -0.2891
vn -0.0253 0.9684 -0.2481
vn 0.0313 0.9853 -0.1680
vn -0.2573 0.9417 0.2169
vn -0.4378 0.2663 0.8588
vn -0.4269 0.8751 -0.2279
vn -0.1607 0.8279 0.5373
vn -0.1830 -0.7709 0.6101
vn 0.6124 -0.3894 0.6879
vn 0.5728 0.3816 0.7255
vn 0.1215 -0.3897 0.9129
vn -0.2628 0.1633 0.9509
vn 0.0333 0.9054 0.4233
vn 0.4366 -0.2926 0.8507
vn -0.0943 -0.5278 0.8441
vn -0.3110 0.3169 0.8960
vn -0.0149 0.6610 0.7502
vn 0.3794 -0.3020 0.8746
vn -0.0898 0.1384 0.9863
vn -0.0845 0.5641 0.8213
vn -0.6385 0.0957 0.7637
vn 0.0014 0.0347 0.9994
vn -0.5790 -0.4240 0.6964
vn 0.3526 -0.6647 0.6586
vn 0.3424 -0.6139 0.7113
vn 0.7297 -0.1501 0.6671
vn 0.1482 0.4473 0.8820
vn 0.0875 -0.3376 0.9372
vn -0.0180 0.0785 0.9967
vn 0.4060 -0.7012 0.5860
vn 0.6247 -0.3907 0.6761
vn -0.1174 0.5927 0.7968
vn 0.3320 -0.4772 0.8137
vn -0.0092 -0.9230 0.3847
vn -0.4309 0.7018 0.5672
vn -0.3539 0.4452 0.8225
vn -0.0519 -0.1457 0.9880
vn 0.1611 -0.6356 0.7551
vn 0.2495 0.2273 0.9413
vn -0.3500 0.3938 0.8500
vn -0.4325 -0.3534 0.8295
vn 0.6387 -0.6898 0.3409
vn 0.2971 0.1368 0.9450
vn 0.2309 -0.2274 0.9460
vn 0.0775 -0.4309 0.8991
vn 0.1196 -0.0673 0.9905
vn -0.0523 -0.0606 0.9968
vn 0.9985 -0.0277 0.0466
vn 0.0822 -0.8007 0.5935
vn 0.1510 -0.2523 0.9558
vn 0.0534 -0.0840 0.9950
vn 0.0953 0.0370 0.9948
vn 0.1762 -0.0281 0.9840
vn 0.1251 -0.3348 0.9340
vn 0.0116 -0.2649 0.9642
vn 0.6007 0.2201 0.7686
vn -0.2297 0.7743 0.5897
vn -0.6187 -0.2219 0.7536
vn -0.4611 0.6999 0.5455
vn -0.4741 0.7091 -0.5219
vn -0.7213 0.6272 0.2939
vn -0.4536 0.8664 0.2089
vn -0.1596 0.0833 0.9837
vn -0.2008 0.2368 0.9506
vn -0.4733 0.4844 0.7357
vn -0.0239 -0.0781 0.9967
vn 0.6377 0.1528 0.7550
vn 0.1452 0.7390 0.6579
vn 0.3848 -0.2774 0.8803
vn -0.1881 0.1197 0.9748
vn 0.8188 0.0772 0.5689
vn -0.3520 0.9337 -0.0658
vn -0.0503 0.9898 0.1335
vn -0.4543 0.6511 -0.6081
vn -0.4665 0.7149 -0.5209
vn -0.3614 0.6441 -0.6742
vn -0.2200 0.6071 -0.7636
vn -0.6819 0.7308 -0.0303
vn -0.6248 0.6319 -0.4586
vn -0.5773 0.2674 -0.7715
vn -0.6082 0.7449 0.2742
vn -0.6607 0.6857 -0.3055
vn -0.5888 0.6441 -0.4883
vn -0.1642 0.3151 0.9347
vn 0.0974 -0.1101 0.9891
vn -0.3205 0.1872 0.9286
vn 0.0517 -0.2529 0.9661
vn 0.1059 -0.0054 0.9944
vn -0.0366 -0.1230 0.9917
vn 0.4841 0.6414 0.5952
vn -0.1537 -0.0460 0.9870
vn 0.0955 -0.0412 0.9946
vn -0.2192 0.2370 0.9465
vn -0.0553 0.4819 0.8745
vn 0.0292 0.2736 0.9614
vn -0.2781 0.2271 0.9333
vn -0.2505 -0.0125 0.9680
vn -0.3600 0.5605 0.7458
vn -0.5417 0.0628 0.8382
vn -0.8773 -0.1905 -0.4405
vn -0.8944 -0.2156 -0.3919
vn -0.8766 -0.2239 -0.4259
vn -0.8623 -0.2084 -0.4615
vn -0.4640 0.8362 -0.2923
vn -0.0053 -0.7731 -0.6342
vn -0.9713 -0.1984 -0.1315
vn 0.9466 0.1993 -0.2536
vn 0.9574 0.1608 -0.2400
vn 0.9819 0.1140 -0.1513
vn 0.9658 0.1685 -0.1972
vn -0.7603 -0.0962 -0.6424
vn -0.8076 -0.0831 -0.5838
vn -0.6588 0.1787 -0.7307
vn 0.9303 0.2987 -0.2129
vn 0.9744 0.1049 -0.1990
vn 0.9426 0.1828 -0.2793
vn 0.8151 0.2537 0.5209
vn 0.9351 0.1796 0.3055
vn 0.4465 0.3877 0.8064
vn 0.0750 0.4112 0.9084
vn 0.2365 0.1614 0.9581
vn 0.9921 -0.0790 0.0971
vn 0.9622 -0.1267 0.2411
vn 0.9835 -0.1390 0.1161
vn 0.9852 -0.1335 -0.1078
vn 0.9578 0.2195 -0.1855
vn 0.9763 0.1713 -0.1321
vn 0.9897 0.1228 -0.0738
vn 0.8588 0.2864 -0.4247
vn 0.9732 0.2111 -0.0917
vn 0.8690 0.3283 -0.3701
vn 0.9864 0.1631 -0.0206
vn 0.9868 0.0682 0.1471
vn -0.9066 -0.2597 -0.3325
vn -0.8803 -0.2589 -0.3975
vn -0.9636 -0.2285 -0.1387
vn -0.9414 -0.2676 -0.2054
vn -0.9201 -0.2932 -0.2597
vn -0.9483 -0.2442 -0.2029
vn -0.9241 -0.2705 -0.2700
vn -0.8944 -0.3096 -0.3227
vn -0.9132 -0.3913 -0.1133
vn -0.9377 -0.3287 -0.1130
vn -0.9847 -0.1437 -0.0988
vn -0.9920 -0.0998 -0.0769
vn -0.9942 -0.0969 -0.0470
vn -0.9237 -0.2658 -0.2758
vn -0.9814 -0.1917 0.0107
vn -0.9576 -0.2161 -0.1906
vn -0.1573 0.5802 0.7992
vn 0.7495 0.4816 -0.4543
vn 0.0779 -0.6754 -0.7334
vn 0.9484 -0.2854 -0.1381
vn 0.8546 -0.5058 -0.1176
vn 0.6788 -0.7235 -0.1255
vn 0.8605 -0.5094 -0.0013
vn 0.7157 -0.6971 -0.0420
vn 0.9394 -0.3396 0.0472
vn 0.7601 -0.6464 0.0667
vn 0.8821 -0.4551 0.1216
vn 0.9347 -0.2979 0.1940
vn 0.7975 -0.6017 0.0451
vn 0.9129 -0.3961 0.0988
vn 0.9639 -0.2321 0.1306
vn 0.8015 -0.5777 -0.1546
vn 0.9208 -0.3603 -0.1492
vn 0.9715 -0.1676 -0.1679
vn 0.9141 -0.3924 -0.1021
vn 0.7909 -0.6069 -0.0778
vn 0.9062 -0.4184 -0.0605
vn 0.7452 -0.6629 -0.0732
vn 0.9793 -0.1707 -0.1088
vn 0.5237 -0.4004 0.7519
vn 0.2066 -0.4408 0.8735
vn 0.8829 -0.4695 -0.0034
vn -0.9176 -0.3614 0.1658
vn -0.9334 -0.3382 -0.1203
vn -0.9492 -0.3010 -0.0919
vn -0.9351 -0.3286 0.1324
vn -0.3623 0.0208 0.9318
vn -0.5233 0.0976 0.8466
vn 0.0758 0.5365 0.8405
vn -0.1373 0.0852 0.9869
vn -0.8234 -0.5525 -0.1291
vn -0.8016 -0.5941 -0.0662
vn 0.1824 -0.6299 0.7549
vn 0.6316 -0.2357 0.7386
vn -0.4904 -0.6347 0.5972
vn 0.6182 -0.7858 -0.0180
vn 0.3094 -0.9505 0.0293
vn 0.1546 -0.0069 0.9879
vn -0.1158 0.4146 0.9026
vn 0.2038 -0.4880 0.8487
vn 0.2833 -0.8200 0.4974
vn 0.6631 -0.1669 0.7297
vn 0.3748 -0.9033 0.2089
vn 0.6661 -0.7412 0.0828
vn -0.0044 -0.9718 0.2359
vn -0.3787 -0.8961 0.2316
vn -0.5906 -0.7923 0.1532
vn -0.0934 -0.9886 0.1180
vn 0.3596 -0.9315 0.0541
vn 0.7300 -0.6833 0.0138
vn -0.4931 -0.8699 -0.0143
vn -0.3085 -0.9499 0.0513
vn 0.8818 -0.4492 -0.1436
vn 0.8660 -0.4997 -0.0191
vn -0.7217 -0.6586 0.2130
vn -0.4342 -0.8785 -0.1994
vn 0.1363 -0.8878 0.4395
vn -0.0142 -0.9566 -0.2910
vn 0.9503 -0.2777 -0.1408
vn 0.9136 -0.3969 -0.0880
vn -0.1691 -0.9522 -0.2544
vn 0.6033 -0.7402 0.2969
vn 0.9031 -0.3230 -0.2829
vn 0.9263 -0.3766 0.0133
vn -0.1809 -0.9692 -0.1674
vn 0.8877 -0.4264 0.1739
vn -0.1664 -0.9823 0.0859
vn -0.2453 -0.8832 0.3998
vn 0.6752 -0.7144 -0.1837
vn 0.0813 -0.2826 0.9558
vn -0.0315 0.8283 0.5594
vn 0.0228 -0.0972 0.9950
vn -0.0865 -0.3100 0.9468
vn -0.0083 0.4369 0.8995
vn 0.5008 0.8611 -0.0873
vn 0.4034 0.7462 0.5296
vn 0.3463 0.9059 -0.2439
vn 0.1316 0.9822 0.1341
vn -0.1043 0.4241 0.8996
vn -0.0821 0.8633 0.4980
vn -0.2023 0.8479 0.4901
vn -0.0832 0.2013 0.9760
vn 0.2961 0.9517 0.0815
vn 0.3763 0.6697 0.6402
vn 0.2837 0.3781 -0.8812
vn 0.2939 0.6248 -0.7233
vn 0.3475 0.8223 -0.4505
vn 0.3810 0.8887 -0.2550
vn 0.2486 0.9066 -0.3410
vn 0.2961 0.7431 -0.6001
vn 0.3912 0.7784 -0.4910
vn 0.1954 0.8502 -0.4888
vn 0.1352 0.5163 -0.8456
vn 0.1426 0.6828 -0.7165
vn -0.1452 0.5424 -0.8275
vn -0.1515 0.6501 -0.7446
vn 0.3884 0.7720 -0.5031
vn 0.3658 0.9167 -0.1609
vn 0.9141 -0.3946 0.0930
vn 0.2255 -0.9342 -0.2763
vn 0.1155 -0.9260 -0.3595
vn 0.6849 -0.3119 -0.6585
vn 0.7317 -0.6260 -0.2699
vn 0.5567 -0.5598 -0.6138
vn 0.8726 -0.4754 0.1121
vn -0.9346 -0.0450 -0.3528
vn -0.8856 -0.3390 -0.3174
vn -0.8162 -0.5485 -0.1817
vn -0.1722 -0.9839 0.0480
vn -0.9314 0.3435 -0.1205
vn -0.9416 0.2176 -0.2570
vn -0.7464 -0.0010 -0.6655
vn -0.7248 -0.2642 -0.6362
vn -0.7460 -0.4355 -0.5037
vn 0.8724 0.2188 -0.4371
vn -0.7251 0.4879 -0.4860
vn -0.7813 0.2354 -0.5780
vn -0.1327 -0.1271 0.9830
vn 0.1254 0.1106 0.9859
vn -0.1779 -0.0479 0.9829
vn -0.0757 0.2712 0.9595
vn -0.2577 0.6035 0.7546
vn -0.2957 -0.6266 0.7211
vn 0.0128 -0.1877 0.9821
vn -0.0550 0.1553 0.9863
vn 0.3916 -0.7464 0.5381
vn -0.2590 -0.6557 0.7092
vn -0.2922 0.5160 0.8053
vn 0.1630 -0.0867 0.9828
vn 0.2259 -0.3269 0.9177
vn -0.0019 -0.2254 0.9743
vn 0.0627 -0.1514 0.9865
vn 0.9781 0.1885 0.0884
vn 0.9106 0.3525 0.2157
vn 0.9053 0.3337 0.2628
vn 0.7220 0.5590 0.4078
vn 0.9649 0.2063 0.1628
vn -0.2569 0.4028 0.8785
vn 0.7394 -0.3388 0.5818
vn -0.0931 0.6351 0.7668
vn -0.0831 0.1374 0.9870
vn -0.5138 0.0804 0.8541
vn 0.0866 0.4630 0.8821
vn 0.0304 0.0002 0.9995
vn 0.1153 0.0044 0.9933
vn -0.1309 0.1144 0.9848
vn 0.0652 0.2046 0.9767
vn -0.0155 -0.0744 0.9971
vn 0.9956 0.0142 -0.0923
vn 0.9998 0.0034 0.0208
vn 0.9771 -0.0491 0.2070
vn -0.5258 -0.2911 0.7992
vn 0.3088 -0.4884 0.8162
vn 0.5014 0.3410 0.7952
vn -0.3127 0.4245 0.8497
vn 0.9823 0.0915 -0.1635
vn 0.8807 0.2440 0.4060
vn 0.9913 0.0196 0.1303
vn 0.5790 -0.2428 0.7783
vn 0.4345 0.4618 0.7733
vn 0.0389 0.2580 0.9654
vn 0.5421 -0.3154 0.7789
vn -0.0778 0.5575 0.8265
vn 0.1974 -0.5740 0.7947
vn -0.5447 -0.1700 0.8212
vn 0.0947 -0.2403 0.9661
vn 0.0078 -0.3105 0.9506
vn 0.5865 -0.1395 0.7978
vn 0.6155 0.0976 0.7821
vn -0.3396 0.4455 0.8283
vn -0.5232 0.7401 -0.4225
vn -0.1921 0.9173 -0.3487
vn 0.2691 0.8339 -0.4819
vn 0.3623 0.8339 -0.4163
vn -0.0349 0.7252 -0.6877
vn 0.2483 0.7533 -0.6090
vn -0.8855 0.2491 -0.3923
vn -0.7497 0.3407 -0.5673
vn -0.8921 0.4466 -0.0693
vn -0.8607 0.4867 -0.1495
vn -0.8230 0.4533 -0.3423
vn -0.6713 0.4364 0.5991
vn -0.2657 0.1521 0.9520
vn -0.2122 0.4530 0.8659
vn 0.3929 -0.5490 0.7377
vn -0.4266 0.4665 0.7749
vn -0.3668 0.5303 0.7643
vn -0.1765 0.6518 0.7375
vn -0.5798 0.3159 0.7510
vn 0.4313 -0.5843 0.6875
vn -0.5693 -0.3736 0.7323
vn -0.4676 0.1053 0.8776
vn 0.0472 -0.2345 0.9710
vn 0.0763 0.1623 0.9838
vn -0.8630 -0.4942 0.1051
vn -0.7176 -0.6764 0.1659
vn 0.1649 -0.6979 0.6970
vn 0.0798 -0.2673 0.9603
vn 0.0867 -0.3212 0.9430
vn -0.9542 -0.2564 -0.1541
vn -0.9442 -0.2009 0.2609
vn -0.3390 0.1361 0.9309
vn -0.5630 0.4187 0.7125
vn -0.9619 -0.1967 -0.1897
vn -0.9851 -0.1686 0.0331
vn -0.7959 0.1081 0.5958
vn -0.0660 0.1444 0.9873
vn -0.5334 -0.7373 -0.4146
vn -0.9388 0.0299 -0.3431
vn 0.1747 -0.7736 -0.6092
vn -0.5951 0.4882 -0.6383
vn -0.2730 -0.3869 -0.8808
vn -0.8993 -0.2601 -0.3515
vn -0.6236 -0.1213 -0.7723
vn -0.6395 0.5107 -0.5746
vn -0.9182 0.2959 -0.2633
vn -0.9663 0.0641 -0.2494
vn -0.8284 0.4002 -0.3918
vn -0.3289 0.4745 -0.8165
vn -0.1064 0.3643 -0.9252
vn -0.1403 0.6964 -0.7038
vn 0.7149 0.4115 -0.5653
vn 0.2026 -0.7034 -0.6813
vn 0.0504 -0.7506 -0.6588
vn 0.6153 0.4265 -0.6629
vn 0.5174 0.4568 -0.7236
vn -0.6657 0.7447 -0.0467
vn -0.5638 0.8060 -0.1802
vn -0.5233 0.0222 -0.8519
vn -0.9254 0.0927 -0.3675
vn -0.9985 -0.0099 -0.0542
vn 0.6234 0.6895 -0.3687
vn -0.6907 0.6098 -0.3887
vn -0.2024 0.8321 -0.5163
vn -0.5929 0.6685 -0.4489
vn -0.1543 0.9096 -0.3859
vn -0.0781 0.7835 -0.6165
vn -0.5240 0.4482 -0.7243
vn 0.3282 0.8368 -0.4383
vn 0.2633 -0.1929 -0.9452
vn -0.0890 0.9908 -0.1020
vn 0.8048 0.4443 -0.3935
vn -0.7604 0.6479 -0.0454
vn -0.6222 0.7634 -0.1734
vn -0.2675 0.4070 -0.8734
vn -0.7273 0.3830 -0.5696
vn -0.2418 0.0059 -0.9703
vn 0.0642 -0.0922 -0.9937
vn -0.3495 0.7228 -0.5962
vn -0.3968 0.5372 -0.7443
vn -0.8398 0.5133 -0.1769
vn -0.8884 0.2533 -0.3828
vn -0.9348 0.1923 0.2986
vn -0.6804 0.7269 -0.0927
vn -0.7465 -0.2730 -0.6068
vn -0.8960 -0.4434 -0.0238
vn -0.9725 -0.0898 -0.2147
vn -0.9326 -0.1198 -0.3405
vn -0.9896 0.1315 -0.0580
vn -0.9910 0.0164 -0.1328
vn -0.9769 0.1449 -0.1573
vn -0.9619 0.0577 -0.2673
vn -0.9144 0.0226 -0.4043
vn -0.8955 0.4449 -0.0125
vn -0.8988 0.4194 -0.1274
vn -0.9679 0.0447 0.2475
vn -0.9426 0.2062 -0.2626
vn -0.9749 0.1689 -0.1452
vn -0.9788 0.1487 -0.1412
vn -0.8882 0.2040 -0.4118
vn -0.9817 0.1453 -0.1234
vn -0.5662 0.3520 -0.7454
vn -0.8682 -0.0007 -0.4963
vn -0.9886 0.1475 -0.0284
vn -0.8584 -0.5124 -0.0224
vn -0.2222 -0.1438 -0.9643
vn -0.6029 0.5136 -0.6105
vn 0.0451 0.5619 -0.8260
vn 0.0993 0.0509 -0.9938
vn -0.2890 0.5090 -0.8108
vn -0.1210 0.0337 -0.9921
vn 0.3591 0.7395 -0.5694
vn 0.3048 0.7407 -0.5988
vn 0.1403 0.9170 -0.3735
vn 0.0205 0.5404 -0.8412
vn 0.1100 0.7124 -0.6931
vn 0.0968 0.3482 -0.9324
vn 0.0956 0.9701 -0.2232
vn 0.0345 0.9993 -0.0131
vn 0.6205 0.6167 -0.4844
vn 0.6518 0.6531 -0.3854
vn 0.5034 0.3046 -0.8086
vn 0.3139 0.9437 -0.1041
vn 0.4239 0.8377 -0.3445
vn 0.8004 -0.1525 -0.5797
vn 0.5853 0.7859 0.1997
vn 0.6699 0.6218 -0.4056
vn 0.5281 0.7310 -0.4321
vn 0.4686 0.4731 -0.7461
vn 0.3946 0.2209 -0.8919
vn 0.6905 0.5337 -0.4882
vn 0.5645 0.6438 -0.5166
vn 0.6338 -0.1721 -0.7541
vn 0.9448 -0.0044 -0.3276
vn -0.0473 0.9984 -0.0310
vn 0.7490 0.6536 0.1084
vn 0.6906 0.4367 -0.5765
vn 0.5905 -0.6836 -0.4289
vn 0.0237 0.3463 -0.9378
vn 0.9330 -0.3325 -0.1374
vn 0.4184 -0.7454 -0.5189
vn -0.0714 0.9838 -0.1646
vn 0.9017 0.3082 -0.3034
vn -0.0842 0.9784 -0.1888
vn -0.9318 0.3593 -0.0508
vn -0.7114 0.6117 -0.3460
vn 0.2136 -0.0358 -0.9763
vn -0.9267 -0.2206 -0.3044
vn -0.6303 0.5842 -0.5112
vn -0.7135 0.3700 -0.5950
vn -0.0478 0.5636 -0.8247
vn -0.7301 0.2122 -0.6496
vn -0.8979 -0.1105 -0.4261
vn -0.2337 0.3718 -0.8984
vn -0.9963 -0.0288 0.0811
vn -0.7855 0.6153 -0.0664
vn -0.3483 0.6303 -0.6939
vn -0.9630 -0.2092 -0.1701
vn -0.7988 0.4481 -0.4014
vn -0.9378 0.1348 -0.3201
vn -0.6701 -0.1859 -0.7187
vn -0.5266 -0.3822 -0.7593
vn -0.6654 0.6771 -0.3143
vn -0.6497 0.6801 -0.3397
vn -0.4870 0.8707 -0.0688
vn 0.0177 -0.7944 -0.6072
vn -0.2501 -0.2023 -0.9469
vn 0.0177 -0.0300 -0.9994
vn -0.3270 0.3628 -0.8726
vn -0.0811 0.6271 -0.7747
vn 0.4996 -0.2049 -0.8417
vn 0.4972 -0.0594 -0.8656
vn 0.2400 0.3640 -0.8999
vn -0.3754 -0.2814 -0.8831
vn -0.4112 -0.4420 -0.7972
vn -0.3462 0.9224 -0.1714
vn -0.2247 0.7009 -0.6769
vn -0.4179 0.6024 -0.6801
vn -0.3603 0.7836 -0.5061
vn -0.5360 0.7320 -0.4206
vn -0.4963 0.7028 -0.5096
vn -0.8447 -0.0998 -0.5259
vn -0.8856 -0.1140 -0.4502
vn -0.8519 0.0218 -0.5233
vn -0.7933 -0.0055 -0.6088
vn -0.8011 -0.0700 -0.5944
vn -0.7327 -0.5085 -0.4523
vn -0.2554 0.8211 -0.5105
vn -0.2425 0.7546 -0.6097
vn -0.9282 0.0479 -0.3689
vn -0.5750 -0.5223 -0.6298
vn -0.4883 0.2590 -0.8334
vn -0.5702 0.4891 -0.6600
vn -0.5921 0.5037 -0.6291
vn -0.4460 0.2568 -0.8574
vn 0.6516 0.3807 -0.6561
vn 0.8427 -0.0988 -0.5292
vn 0.6091 0.3112 -0.7295
vn 0.8305 0.2825 -0.4800
vn 0.8018 0.2823 -0.5268
vn 0.6302 0.3573 -0.6893
vn 0.5168 0.4481 -0.7295
vn -0.3324 0.7147 -0.6154
vn -0.4579 0.0414 -0.8880
vn -0.0059 -0.1736 -0.9848
vn -0.2212 0.0284 -0.9748
vn 0.1461 -0.4755 -0.8675
vn -0.5637 0.1144 -0.8180
vn -0.2119 -0.7140 -0.6674
vn -0.8766 -0.2651 -0.4015
vn -0.7391 -0.0104 -0.6735
vn -0.4317 -0.6693 -0.6046
vn -0.3374 -0.5237 -0.7822
vn -0.6259 0.6857 -0.3715
vn -0.3809 0.7620 -0.5237
vn -0.9241 0.2376 -0.2992
vn 0.7409 -0.2478 -0.6243
vn 0.5544 -0.3486 -0.7557
vn -0.2802 0.8228 -0.4945
vn 0.1944 0.8358 -0.5135
vn 0.5255 -0.3169 -0.7895
vn 0.2019 0.3863 -0.9000
vn 0.3283 0.3764 -0.8663
vn 0.5767 -0.3142 -0.7541
vn 0.5071 0.3104 -0.8040
vn 0.5916 0.3446 -0.7289
vn 0.3421 0.3131 -0.8860
vn 0.1608 0.4720 -0.8668
vn 0.6181 0.2762 -0.7359
vn -0.1564 0.5867 -0.7945
vn -0.2731 0.8573 -0.4363
vn -0.5955 0.7152 -0.3659
vn -0.4666 0.5181 -0.7169
vn -0.5831 0.6821 -0.4414
vn -0.5701 0.5390 -0.6200
vn -0.3528 0.9164 -0.1891
vn -0.5940 0.6029 -0.5325
vn -0.4576 0.5551 -0.6946
vn -0.7902 0.4685 -0.3951
vn -0.8406 0.1008 -0.5323
vn -0.7765 0.2513 -0.5779
vn -0.6521 0.6850 -0.3248
vn -0.3444 0.7591 -0.5523
vn -0.4871 0.6138 -0.6213
vn -0.3379 0.9399 -0.0497
vn -0.3682 0.4664 -0.8043
vn -0.1542 0.5562 -0.8166
vn -0.4431 0.8710 -0.2122
vn 0.1080 0.1832 -0.9771
vn -0.2248 0.7908 -0.5693
vn 0.1702 0.5903 -0.7891
vn 0.0096 0.1263 -0.9919
vn 0.0939 0.9362 -0.3387
vn 0.2685 0.6102 -0.7454
vn -0.3653 0.9281 -0.0722
vn -0.0920 0.9591 -0.2678
vn -0.1847 0.6548 -0.7329
vn 0.1682 0.7905 -0.5890
vn 0.1924 -0.5127 -0.8367
vn 0.1153 -0.5590 -0.8211
vn -0.2972 0.2832 -0.9119
vn -0.1404 0.7543 -0.6414
vn -0.1470 0.6499 -0.7456
vn -0.7374 -0.1171 -0.6652
vn -0.6668 0.0740 -0.7415
vn -0.2819 0.7237 -0.6300
vn 0.1324 -0.2033 -0.9701
vn -0.0862 -0.2861 -0.9543
vn -0.3717 0.5619 -0.7390
vn 0.0864 -0.1367 -0.9868
vn -0.1493 -0.1135 -0.9823
vn -0.2099 0.5342 -0.8189
vn -0.1020 0.5593 -0.8227
vn 0.5250 0.3052 -0.7945
vn -0.4081 0.2523 -0.8774
vn -0.1504 0.3621 -0.9199
vn -0.0116 0.4023 -0.9154
vn -0.3501 0.3309 -0.8763
vn -0.3637 0.2398 -0.9001
vn -0.5123 0.2607 -0.8183
vn -0.2953 0.0177 -0.9553
vn -0.4347 0.6474 -0.6260
vn -0.6714 0.0021 -0.7411
vn -0.5880 0.0394 -0.8079
vn -0.3612 -0.2243 -0.9051
vn -0.4852 0.0742 -0.8712
vn -0.4570 0.0767 -0.8862
vn -0.4849 0.1560 -0.8605
vn -0.3567 0.2046 -0.9115
vn -0.2452 0.7092 -0.6610
vn 0.2373 0.3310 -0.9133
vn 0.3389 0.1551 -0.9280
vn 0.0434 0.3632 -0.9307
vn -0.2243 0.4474 -0.8658
vn 0.2935 -0.1199 -0.9484
vn 0.3241 -0.0173 -0.9459
vn 0.2034 0.3210 -0.9250
vn 0.0774 0.3735 -0.9244
vn -0.2036 0.7881 -0.5809
vn 0.2459 0.0172 -0.9691
vn 0.3066 0.4520 -0.8377
vn 0.4522 0.0583 -0.8900
vn -0.1644 0.3392 -0.9263
vn -0.0597 0.3995 -0.9148
vn 0.1083 0.4279 -0.8973
vn -0.3698 0.8330 -0.4115
vn -0.3983 0.8305 -0.3893
vn -0.0205 0.2380 -0.9710
vn 0.0959 0.2003 -0.9750
vn 0.4722 0.3637 -0.8030
vn 0.2611 0.3122 -0.9134
vn 0.1103 -0.1698 -0.9793
vn -0.4581 0.2342 -0.8575
vn -0.7701 0.0953 -0.6308
vn -0.3243 0.7774 -0.5389
vn -0.2972 0.3718 -0.8794
vn -0.2224 0.1523 -0.9630
vn -0.2245 0.5451 -0.8078
vn -0.3900 -0.2591 -0.8836
vn -0.4674 0.2518 -0.8474
vn -0.3218 0.7352 -0.5966
vn -0.3681 0.8155 -0.4466
vn 0.2087 -0.5012 -0.8398
vn 0.3338 0.1726 -0.9267
vn -0.0785 0.4501 -0.8895
vn 0.0322 0.3900 -0.9202
vn 0.2301 0.3827 -0.8948
vn -0.0965 0.5780 -0.8103
vn 0.2857 0.4169 -0.8629
vn 0.0307 0.5081 -0.8608
vn 0.2006 0.4397 -0.8754
vn 0.0594 0.8243 -0.5630
vn 0.2445 0.6349 -0.7329
vn 0.0986 0.8532 -0.5122
vn -0.6414 0.2492 -0.7257
vn -0.5459 0.7002 -0.4601
vn -0.4587 0.8676 -0.1919
vn -0.0325 0.1960 -0.9801
vn -0.2220 0.8115 -0.5405
vn -0.2763 0.9233 -0.2668
vn -0.1933 0.9453 -0.2629
vn -0.1380 0.9730 -0.1852
vn 0.1459 0.8246 -0.5466
vn 0.9848 0.0161 -0.1727
vn 0.9796 -0.1296 -0.1538
vn 0.9059 -0.4144 -0.0870
vn 0.8353 0.1427 -0.5310
vn 0.8547 -0.2767 -0.4393
vn 0.2616 -0.1301 -0.9564
vn 0.4533 0.6552 -0.6043
vn 0.5811 0.4995 -0.6425
vn 0.0096 0.9023 -0.4310
vn 0.3446 0.5512 -0.7599
vn 0.3896 0.1593 -0.9071
vn 0.7611 0.2026 -0.6162
vn 0.5247 0.4984 -0.6902
vn -0.0561 0.7861 -0.6156
vn 0.1607 0.4406 -0.8832
vn 0.3075 0.6272 -0.7156
vn 0.1499 0.6418 -0.7521
vn -0.3008 0.5022 -0.8108
vn 0.1227 0.7939 -0.5955
vn 0.1298 -0.1832 -0.9745
vn 0.3212 0.9408 -0.1084
vn 0.1984 0.6731 -0.7124
vn 0.7153 0.5971 -0.3631
vn 0.1751 -0.3162 -0.9324
vn 0.1534 0.7662 -0.6240
vn 0.0932 0.7654 -0.6368
vn -0.1591 0.2986 -0.9410
vn 0.8940 0.4084 -0.1842
vn 0.2799 0.9030 -0.3261
vn 0.3578 0.7397 -0.5699
vt 0.478412 0.332061
vt 0.470947 0.334908
vt 0.446473 0.313270
vt 0.458568 0.307570
vt 0.457365 0.368747
vt 0.462221 0.372872
vt 0.433029 0.391779
vt 0.425568 0.383155
vt 0.454174 0.364045
vt 0.422467 0.372198
vt 0.452679 0.358901
vt 0.421744 0.360792
vt 0.458069 0.342644
vt 0.454503 0.348069
vt 0.420320 0.340619
vt 0.426025 0.330646
vt 0.463757 0.337817
vt 0.436166 0.321232
vt 0.487710 0.329552
vt 0.471836 0.302156
vt 0.877585 0.209106
vt 0.867135 0.189233
vt 0.881342 0.182782
vt 0.892098 0.201984
vt 0.894704 0.176491
vt 0.903993 0.192427
vt 0.872808 0.163238
vt 0.887139 0.159372
vt 0.857557 0.168151
vt 0.906327 0.171541
vt 0.913676 0.183478
vt 0.907300 0.282054
vt 0.894545 0.293297
vt 0.878737 0.275009
vt 0.892714 0.263918
vt 0.837574 0.095540
vt 0.859807 0.096156
vt 0.861959 0.120735
vt 0.843780 0.120464
vt 0.883948 0.100324
vt 0.883328 0.122918
vt 0.946671 0.239237
vt 0.933371 0.256913
vt 0.918315 0.237699
vt 0.930204 0.222579
vt 0.920263 0.271460
vt 0.905752 0.251349
vt 0.508868 0.183637
vt 0.527959 0.179591
vt 0.526563 0.202023
vt 0.509248 0.208099
vt 0.674578 0.438618
vt 0.655549 0.455878
vt 0.638778 0.442311
vt 0.660599 0.425175
vt 0.453980 0.202132
vt 0.471323 0.195417
vt 0.476904 0.223104
vt 0.463613 0.229853
vt 0.489976 0.188588
vt 0.492541 0.213767
vt 0.549029 0.178137
vt 0.545428 0.199875
vt 0.688615 0.420622
vt 0.673712 0.407838
vt 0.711457 0.350625
vt 0.706630 0.380614
vt 0.681714 0.377812
vt 0.684646 0.348316
vt 0.698648 0.401866
vt 0.678428 0.391464
vt 0.864700 0.141342
vt 0.849384 0.143255
vt 0.883294 0.141724
vt 0.904801 0.220304
vt 0.915853 0.207445
vt 0.892008 0.231923
vt 0.879131 0.306590
vt 0.862679 0.286823
vt 0.863772 0.317588
vt 0.846078 0.297782
vt 0.906391 0.313663
vt 0.893704 0.326280
vt 0.880714 0.336047
vt 0.955380 0.251961
vt 0.943616 0.272321
vt 0.931151 0.289575
vt 0.917742 0.302331
vt 0.807733 0.096949
vt 0.788527 0.102234
vt 0.785069 0.083441
vt 0.804546 0.081061
vt 0.767373 0.109740
vt 0.763149 0.086666
vt 0.855802 0.080035
vt 0.882290 0.085610
vt 0.832583 0.079634
vt 0.822350 0.096537
vt 0.818429 0.080431
vt 0.612091 0.444519
vt 0.593528 0.451228
vt 0.590529 0.444084
vt 0.608460 0.436926
vt 0.579473 0.449924
vt 0.581821 0.456309
vt 0.569456 0.463969
vt 0.554509 0.471854
vt 0.552578 0.461230
vt 0.566840 0.456266
vt 0.480286 0.230709
vt 0.496142 0.223448
vt 0.499893 0.231956
vt 0.483910 0.238427
vt 0.467328 0.236475
vt 0.470858 0.243508
vt 0.515010 0.226841
vt 0.512078 0.218367
vt 0.528474 0.212929
vt 0.530398 0.221641
vt 0.546414 0.210929
vt 0.546986 0.219411
vt 0.646100 0.413049
vt 0.653128 0.419069
vt 0.632915 0.434801
vt 0.627908 0.427699
vt 0.597548 0.459946
vt 0.584876 0.464710
vt 0.617003 0.452582
vt 0.571817 0.472838
vt 0.557038 0.481991
vt 0.668542 0.387695
vt 0.666293 0.400561
vt 0.575346 0.439575
vt 0.588092 0.433089
vt 0.549539 0.448641
vt 0.562514 0.444810
vt 0.506964 0.242212
vt 0.490599 0.249006
vt 0.476164 0.254420
vt 0.534868 0.232593
vt 0.521222 0.237054
vt 0.549108 0.230581
vt 0.452799 0.353567
vt 0.420301 0.351439
vt 0.463349 0.260249
vt 0.457404 0.248206
vt 0.452819 0.265303
vt 0.444696 0.254896
vt 0.453261 0.240323
vt 0.437769 0.246146
vt 0.448487 0.232048
vt 0.432517 0.236875
vt 0.420139 0.215267
vt 0.436696 0.209415
vt 0.571011 0.178494
vt 0.593806 0.183186
vt 0.587567 0.205598
vt 0.566859 0.197686
vt 0.565373 0.209342
vt 0.585510 0.216117
vt 0.665787 0.315695
vt 0.656946 0.315489
vt 0.656488 0.302293
vt 0.661896 0.299726
vt 0.651067 0.289083
vt 0.656380 0.286521
vt 0.668131 0.298749
vt 0.661188 0.284108
vt 0.653777 0.324362
vt 0.660734 0.326213
vt 0.657671 0.395986
vt 0.662218 0.384326
vt 0.650521 0.339293
vt 0.645616 0.334410
vt 0.643598 0.276430
vt 0.648365 0.273775
vt 0.652909 0.271531
vt 0.564478 0.218864
vt 0.583461 0.224774
vt 0.638369 0.346229
vt 0.651167 0.369317
vt 0.637807 0.339153
vt 0.545680 0.381267
vt 0.530836 0.405090
vt 0.529452 0.367115
vt 0.534755 0.364975
vt 0.629192 0.348160
vt 0.507918 0.157916
vt 0.528643 0.156696
vt 0.672758 0.470592
vt 0.691816 0.452844
vt 0.466413 0.166249
vt 0.487442 0.161338
vt 0.446006 0.171899
vt 0.598814 0.158229
vt 0.574385 0.154979
vt 0.551489 0.154069
vt 0.707513 0.434357
vt 0.721047 0.414769
vt 0.427073 0.177878
vt 0.408602 0.183207
vt 0.749202 0.362054
vt 0.734374 0.391946
vt 0.506720 0.129229
vt 0.530080 0.127348
vt 0.460526 0.134509
vt 0.483626 0.131655
vt 0.437965 0.142061
vt 0.401688 0.152233
vt 0.420149 0.147742
vt 0.712354 0.467661
vt 0.692807 0.487035
vt 0.460431 0.108978
vt 0.484574 0.105171
vt 0.437216 0.114824
vt 0.398459 0.121936
vt 0.416151 0.119305
vt 0.731082 0.483762
vt 0.714018 0.501976
vt 0.553054 0.128195
vt 0.533083 0.103413
vt 0.555329 0.102698
vt 0.508894 0.104106
vt 0.728621 0.449297
vt 0.743604 0.431074
vt 0.763659 0.449824
vt 0.750548 0.464129
vt 0.777265 0.389948
vt 0.760426 0.410362
vt 0.802419 0.414509
vt 0.785991 0.428433
vt 0.577522 0.102042
vt 0.604049 0.103559
vt 0.601844 0.130984
vt 0.576099 0.128911
vt 0.764119 0.083681
vt 0.786096 0.080247
vt 0.805532 0.077794
vt 0.819392 0.076964
vt 0.833566 0.076044
vt 0.857376 0.077436
vt 0.960433 0.254155
vt 0.948176 0.274839
vt 0.897915 0.328949
vt 0.885068 0.338777
vt 0.506887 0.100571
vt 0.531453 0.099769
vt 0.457993 0.105250
vt 0.434759 0.110613
vt 0.414502 0.114419
vt 0.397303 0.116976
vt 0.716441 0.505988
vt 0.733217 0.487685
vt 0.752370 0.467896
vt 0.554009 0.099089
vt 0.804385 0.418915
vt 0.787693 0.431656
vt 0.764850 0.453729
vt 0.919624 0.176606
vt 0.915441 0.167718
vt 0.901283 0.158631
vt 0.910741 0.158722
vt 0.907848 0.108410
vt 0.904765 0.129281
vt 0.900738 0.144712
vt 0.909113 0.094863
vt 0.914770 0.150980
vt 0.921944 0.140096
vt 0.927157 0.121128
vt 0.924872 0.104128
vt 0.784086 0.053789
vt 0.798685 0.051676
vt 0.812859 0.050808
vt 0.826241 0.049660
vt 0.842434 0.050222
vt 0.681995 0.066664
vt 0.658111 0.069577
vt 0.657689 0.053926
vt 0.678660 0.052474
vt 0.741205 0.524540
vt 0.756485 0.503262
vt 0.765665 0.538389
vt 0.776663 0.521792
vt 0.750793 0.559588
vt 0.721659 0.545985
vt 0.694812 0.527205
vt 0.736693 0.572282
vt 0.905325 0.355686
vt 0.915215 0.348178
vt 0.412745 0.082296
vt 0.395349 0.083966
vt 0.464626 0.039086
vt 0.457103 0.071905
vt 0.447520 0.041864
vt 0.431620 0.079028
vt 0.431185 0.045102
vt 0.532200 0.066068
vt 0.555137 0.066206
vt 0.542470 0.040303
vt 0.531929 0.039716
vt 0.508277 0.038194
vt 0.523425 0.038995
vt 0.506718 0.066195
vt 0.555290 0.041093
vt 0.700699 0.051948
vt 0.701586 0.062431
vt 0.767976 0.053976
vt 0.747397 0.085760
vt 0.738885 0.055824
vt 0.755059 0.054337
vt 0.859932 0.052862
vt 0.808976 0.448183
vt 0.834711 0.453266
vt 0.823595 0.463968
vt 0.822765 0.430940
vt 0.846660 0.444328
vt 0.840486 0.415676
vt 0.857086 0.430479
vt 0.865319 0.414730
vt 0.858254 0.399459
vt 0.680270 0.799720
vt 0.676927 0.803063
vt 0.667709 0.795309
vt 0.667319 0.788982
vt 0.660055 0.798192
vt 0.677277 0.812818
vt 0.669012 0.813602
vt 0.666805 0.818585
vt 0.659293 0.811715
vt 0.659797 0.806674
vt 0.816612 0.037856
vt 0.825083 0.038184
vt 0.660281 0.829258
vt 0.656773 0.835208
vt 0.651385 0.829663
vt 0.652024 0.823250
vt 0.832463 0.039581
vt 0.842078 0.040882
vt 0.644279 0.833052
vt 0.657728 0.844581
vt 0.666582 0.843383
vt 0.671200 0.837518
vt 0.678426 0.843562
vt 0.677453 0.851004
vt 0.681145 0.860762
vt 0.687156 0.838563
vt 0.659808 0.862666
vt 0.657689 0.870177
vt 0.646294 0.865851
vt 0.649653 0.855971
vt 0.646399 0.847667
vt 0.668667 0.861031
vt 0.868708 0.047572
vt 0.879061 0.054355
vt 0.881151 0.060708
vt 0.654477 0.881674
vt 0.654335 0.888335
vt 0.644547 0.886963
vt 0.644672 0.876151
vt 0.675675 0.869570
vt 0.671725 0.867823
vt 0.654260 0.897731
vt 0.655163 0.902075
vt 0.645528 0.903379
vt 0.644672 0.895553
vt 0.647345 0.917294
vt 0.658842 0.918907
vt 0.658086 0.924163
vt 0.649059 0.922625
vt 0.668458 0.925218
vt 0.669188 0.927829
vt 0.675471 0.927799
vt 0.675265 0.928800
vt 0.658456 0.930150
vt 0.648790 0.927068
vt 0.669761 0.932262
vt 0.663574 0.914473
vt 0.670685 0.921018
vt 0.681227 0.929916
vt 0.681782 0.927235
vt 0.652186 0.932936
vt 0.648131 0.931579
vt 0.741245 0.911706
vt 0.734772 0.921444
vt 0.710484 0.926193
vt 0.718883 0.917198
vt 0.748792 0.927638
vt 0.743270 0.936607
vt 0.754240 0.877113
vt 0.753271 0.878583
vt 0.746494 0.880253
vt 0.752846 0.872596
vt 0.767189 0.887807
vt 0.771230 0.879035
vt 0.775656 0.886773
vt 0.771100 0.895874
vt 0.765070 0.882415
vt 0.765949 0.881221
vt 0.687743 0.904936
vt 0.685998 0.911210
vt 0.684351 0.907645
vt 0.684504 0.902326
vt 0.693791 0.919254
vt 0.688190 0.925421
vt 0.702369 0.920437
vt 0.696566 0.927095
vt 0.681899 0.897328
vt 0.689950 0.899406
vt 0.698489 0.914141
vt 0.680764 0.912460
vt 0.693784 0.884893
vt 0.692917 0.894059
vt 0.687324 0.893512
vt 0.687084 0.886184
vt 0.707110 0.900581
vt 0.702052 0.908720
vt 0.716678 0.901332
vt 0.710599 0.909751
vt 0.694196 0.879624
vt 0.710269 0.897326
vt 0.697453 0.864525
vt 0.696198 0.874335
vt 0.688342 0.874620
vt 0.687704 0.866425
vt 0.699540 0.857403
vt 0.708678 0.843360
vt 0.703330 0.852816
vt 0.690003 0.853828
vt 0.692943 0.844913
vt 0.712383 0.835540
vt 0.725236 0.817089
vt 0.723464 0.822328
vt 0.716401 0.815102
vt 0.743425 0.829105
vt 0.741630 0.831232
vt 0.753698 0.829921
vt 0.750395 0.835849
vt 0.708651 0.810225
vt 0.727110 0.809661
vt 0.747850 0.822130
vt 0.717390 0.827945
vt 0.738930 0.839096
vt 0.764357 0.823993
vt 0.734255 0.794471
vt 0.731154 0.801581
vt 0.715510 0.800477
vt 0.716531 0.793434
vt 0.751510 0.806968
vt 0.749647 0.813885
vt 0.760997 0.808308
vt 0.758210 0.814911
vt 0.712878 0.800228
vt 0.711570 0.796495
vt 0.713564 0.783586
vt 0.737044 0.786059
vt 0.756557 0.799409
vt 0.743561 0.769677
vt 0.740733 0.777780
vt 0.724485 0.777343
vt 0.729033 0.771398
vt 0.760906 0.784495
vt 0.759334 0.791363
vt 0.768995 0.785390
vt 0.765834 0.792026
vt 0.765472 0.777774
vt 0.746729 0.759950
vt 0.740943 0.730762
vt 0.748765 0.738503
vt 0.748293 0.752728
vt 0.753680 0.746253
vt 0.768064 0.758793
vt 0.761416 0.751499
vt 0.770230 0.721446
vt 0.764809 0.728876
vt 0.753799 0.726386
vt 0.761873 0.719052
vt 0.759428 0.735281
vt 0.785289 0.831822
vt 0.779672 0.842146
vt 0.774411 0.842291
vt 0.770022 0.833969
vt 0.793575 0.844694
vt 0.782383 0.846775
vt 0.790834 0.855145
vt 0.782404 0.853432
vt 0.785041 0.812473
vt 0.783680 0.813632
vt 0.778902 0.808010
vt 0.785769 0.806574
vt 0.773386 0.816194
vt 0.790908 0.820798
vt 0.870377 0.732425
vt 0.871096 0.742566
vt 0.860401 0.744282
vt 0.863764 0.733208
vt 0.855775 0.722330
vt 0.875157 0.724539
vt 0.873808 0.398708
vt 0.883510 0.406403
vt 0.878107 0.416162
vt 0.860030 0.700060
vt 0.875237 0.698995
vt 0.872921 0.707623
vt 0.867963 0.708272
vt 0.865773 0.716718
vt 0.872229 0.716081
vt 0.816718 0.768998
vt 0.812084 0.778859
vt 0.807110 0.777636
vt 0.805068 0.768435
vt 0.804835 0.755627
vt 0.821686 0.760609
vt 0.828199 0.742823
vt 0.826074 0.752130
vt 0.814611 0.750814
vt 0.818047 0.743015
vt 0.843623 0.689099
vt 0.840185 0.700725
vt 0.832287 0.699936
vt 0.830520 0.690806
vt 0.850131 0.701182
vt 0.850274 0.710187
vt 0.823131 0.686268
vt 0.846556 0.680603
vt 0.824571 0.708520
vt 0.823580 0.651605
vt 0.827864 0.658058
vt 0.821359 0.659622
vt 0.817981 0.652869
vt 0.831207 0.653519
vt 0.832308 0.656789
vt 0.835109 0.650389
vt 0.820277 0.646791
vt 0.817657 0.634386
vt 0.819704 0.640816
vt 0.812388 0.641507
vt 0.810097 0.634902
vt 0.825201 0.636717
vt 0.827625 0.643325
vt 0.829718 0.632050
vt 0.815472 0.629280
vt 0.813990 0.616949
vt 0.815302 0.623070
vt 0.806673 0.622705
vt 0.805597 0.617280
vt 0.822056 0.619730
vt 0.823269 0.625408
vt 0.828628 0.615720
vt 0.812796 0.611393
vt 0.814683 0.604391
vt 0.814765 0.599189
vt 0.824324 0.602559
vt 0.823701 0.607526
vt 0.831633 0.599428
vt 0.815009 0.593608
vt 0.818647 0.581851
vt 0.816680 0.586818
vt 0.803246 0.588129
vt 0.801584 0.581898
vt 0.830712 0.585125
vt 0.828288 0.591349
vt 0.826104 0.561504
vt 0.838998 0.567869
vt 0.835378 0.574768
vt 0.823150 0.568342
vt 0.806261 0.550784
vt 0.828615 0.554910
vt 0.808781 0.558244
vt 0.834940 0.541529
vt 0.831347 0.548320
vt 0.813453 0.545241
vt 0.817676 0.539820
vt 0.850043 0.551123
vt 0.845446 0.557856
vt 0.877599 0.667767
vt 0.874071 0.671178
vt 0.868050 0.666816
vt 0.871556 0.663600
vt 0.881994 0.673004
vt 0.878430 0.676723
vt 0.880881 0.663161
vt 0.871447 0.662874
vt 0.870294 0.655565
vt 0.859640 0.666149
vt 0.877672 0.682765
vt 0.868746 0.674113
vt 0.851065 0.453229
vt 0.844022 0.457949
vt 0.889739 0.672186
vt 0.886270 0.658383
vt 0.890930 0.652973
vt 0.896270 0.661199
vt 0.891172 0.665233
vt 0.882689 0.641137
vt 0.884025 0.649860
vt 0.879405 0.654595
vt 0.840452 0.461116
vt 0.833058 0.468320
vt 0.902893 0.659129
vt 0.895312 0.649103
vt 0.899236 0.642746
vt 0.902866 0.638810
vt 0.910115 0.649040
vt 0.906163 0.651978
vt 0.932849 0.591566
vt 0.935666 0.584949
vt 0.948073 0.592691
vt 0.945307 0.601714
vt 0.954790 0.586231
vt 0.939413 0.577419
vt 0.941859 0.569455
vt 0.943834 0.563555
vt 0.957754 0.569456
vt 0.955971 0.576343
vt 0.783395 0.534707
vt 0.777267 0.543405
vt 0.963558 0.562383
vt 0.946588 0.555429
vt 0.948264 0.546504
vt 0.949996 0.537956
vt 0.966065 0.541383
vt 0.964490 0.552430
vt 0.951832 0.531714
vt 0.964570 0.531308
vt 0.770917 0.551816
vt 0.760497 0.565228
vt 0.751768 0.579595
vt 0.973122 0.520754
vt 0.950751 0.520928
vt 0.830952 0.527524
vt 0.818430 0.521593
vt 0.822154 0.514220
vt 0.829074 0.516922
vt 0.844369 0.496069
vt 0.840912 0.500014
vt 0.836024 0.496707
vt 0.839771 0.492132
vt 0.845210 0.487187
vt 0.854037 0.494810
vt 0.832119 0.494783
vt 0.836521 0.489303
vt 0.840168 0.482955
vt 0.849351 0.481672
vt 0.853556 0.485718
vt 0.854372 0.521961
vt 0.852277 0.524666
vt 0.847490 0.523389
vt 0.849852 0.518774
vt 0.851812 0.514691
vt 0.860291 0.520309
vt 0.861367 0.512057
vt 0.855171 0.511484
vt 0.858255 0.507197
vt 0.861884 0.503722
vt 0.867697 0.510913
vt 0.872985 0.503127
vt 0.869179 0.505319
vt 0.866127 0.500803
vt 0.869771 0.497772
vt 0.877606 0.460999
vt 0.873539 0.463659
vt 0.867366 0.457501
vt 0.872624 0.454675
vt 0.886333 0.468549
vt 0.881762 0.471572
vt 0.877438 0.449540
vt 0.883531 0.455725
vt 0.894813 0.448020
vt 0.889460 0.450463
vt 0.883741 0.444630
vt 0.888670 0.441439
vt 0.903175 0.456700
vt 0.897785 0.459935
vt 0.894243 0.435764
vt 0.901347 0.442529
vt 0.450194 0.032159
vt 0.457603 0.030385
vt 0.433720 0.035614
vt 0.441614 0.033605
vt 0.900793 0.431230
vt 0.907952 0.437379
vt 0.919177 0.467716
vt 0.923119 0.479879
vt 0.915807 0.479511
vt 0.912589 0.474169
vt 0.936096 0.467249
vt 0.929544 0.469705
vt 0.926914 0.464456
vt 0.933347 0.460907
vt 0.912749 0.511972
vt 0.908518 0.499310
vt 0.920987 0.492289
vt 0.865828 0.680071
vt 0.862597 0.689942
vt 0.854778 0.680966
vt 0.859262 0.675548
vt 0.871285 0.684748
vt 0.869855 0.690637
vt 0.863147 0.440863
vt 0.856643 0.447766
vt 0.705926 0.831449
vt 0.705386 0.831927
vt 0.697037 0.831236
vt 0.700689 0.824079
vt 0.732738 0.848286
vt 0.730502 0.852831
vt 0.718862 0.840501
vt 0.718991 0.840039
vt 0.740936 0.852901
vt 0.740572 0.853476
vt 0.737987 0.843365
vt 0.728849 0.857904
vt 0.733122 0.750480
vt 0.737871 0.756054
vt 0.730309 0.757344
vt 0.731682 0.740308
vt 0.768262 0.769906
vt 0.767240 0.772196
vt 0.758956 0.766298
vt 0.759011 0.765825
vt 0.772467 0.772856
vt 0.772176 0.773238
vt 0.772824 0.765180
vt 0.684121 0.758424
vt 0.682392 0.766782
vt 0.673611 0.758828
vt 0.675365 0.751329
vt 0.773459 0.043574
vt 0.782786 0.042603
vt 0.665624 0.763721
vt 0.686394 0.779805
vt 0.744814 0.043351
vt 0.754415 0.043515
vt 0.722476 0.729631
vt 0.703373 0.742480
vt 0.704340 0.731666
vt 0.709521 0.726809
vt 0.693297 0.741892
vt 0.691784 0.745113
vt 0.683396 0.738067
vt 0.685564 0.732562
vt 0.688391 0.724210
vt 0.759843 0.043883
vt 0.767375 0.043578
vt 0.718074 0.677648
vt 0.732205 0.692458
vt 0.721706 0.693054
vt 0.714498 0.685404
vt 0.727818 0.671015
vt 0.734135 0.679007
vt 0.731598 0.681920
vt 0.725053 0.674334
vt 0.707050 0.039909
vt 0.712992 0.040120
vt 0.711696 0.052292
vt 0.747537 0.669517
vt 0.740942 0.659787
vt 0.753198 0.654206
vt 0.756874 0.665774
vt 0.765124 0.654070
vt 0.769011 0.664668
vt 0.774106 0.679159
vt 0.773975 0.680790
vt 0.765739 0.687574
vt 0.763639 0.683204
vt 0.773189 0.692705
vt 0.784696 0.680201
vt 0.838006 0.520775
vt 0.844164 0.521059
vt 0.844773 0.528650
vt 0.846803 0.515716
vt 0.537113 0.029079
vt 0.531838 0.028773
vt 0.855663 0.503088
vt 0.851452 0.508564
vt 0.862971 0.496994
vt 0.866659 0.494049
vt 0.890845 0.638929
vt 0.893952 0.634749
vt 0.925532 0.568441
vt 0.927348 0.565815
vt 0.930958 0.546930
vt 0.933567 0.541796
vt 0.928754 0.552737
vt 0.873199 0.424904
vt 0.868229 0.432958
vt 0.776556 0.925229
vt 0.766010 0.924016
vt 0.774750 0.913990
vt 0.786769 0.914285
vt 0.651368 0.937758
vt 0.648480 0.935860
vt 0.667941 0.913120
vt 0.672343 0.917150
vt 0.696184 0.721838
vt 0.699367 0.714897
vt 0.701997 0.701995
vt 0.925506 0.458537
vt 0.932950 0.455895
vt 0.846300 0.478558
vt 0.679101 0.986769
vt 0.675625 0.985376
vt 0.677367 0.979667
vt 0.682279 0.981885
vt 0.674897 0.978567
vt 0.673144 0.986615
vt 0.680716 0.989106
vt 0.684455 0.982742
vt 0.687306 0.983736
vt 0.685828 0.988430
vt 0.667647 0.965543
vt 0.668213 0.962256
vt 0.679325 0.966247
vt 0.677966 0.969121
vt 0.676352 0.972868
vt 0.674295 0.976690
vt 0.665363 0.973213
vt 0.666247 0.969417
vt 0.657624 0.970560
vt 0.658174 0.966797
vt 0.664261 0.976960
vt 0.663301 0.982978
vt 0.656829 0.978614
vt 0.657144 0.973957
vt 0.673301 0.979587
vt 0.671884 0.985208
vt 0.664663 0.974996
vt 0.662447 0.984827
vt 0.655014 0.979383
vt 0.708110 0.974686
vt 0.702702 0.978328
vt 0.700979 0.972590
vt 0.707310 0.971981
vt 0.687940 0.977266
vt 0.681647 0.973307
vt 0.693711 0.972872
vt 0.690259 0.989268
vt 0.691352 0.985484
vt 0.692446 0.978639
vt 0.688223 0.976965
vt 0.910419 0.629856
vt 0.914018 0.625638
vt 0.921661 0.635463
vt 0.918393 0.639757
vt 0.891338 0.626693
vt 0.903349 0.619033
vt 0.899804 0.625312
vt 0.904058 0.633128
vt 0.826213 0.669070
vt 0.834909 0.666692
vt 0.838766 0.675829
vt 0.828590 0.678797
vt 0.823612 0.664056
vt 0.814433 0.665263
vt 0.834961 0.662369
vt 0.845284 0.727364
vt 0.834550 0.718491
vt 0.836817 0.709251
vt 0.833229 0.725156
vt 0.845710 0.737368
vt 0.811310 0.715634
vt 0.826263 0.720385
vt 0.819772 0.722302
vt 0.819246 0.726112
vt 0.777033 0.732859
vt 0.772066 0.739432
vt 0.779106 0.754916
vt 0.775964 0.752346
vt 0.778175 0.743442
vt 0.786452 0.743726
vt 0.784681 0.726930
vt 0.765267 0.743777
vt 0.794995 0.743718
vt 0.793505 0.723952
vt 0.776758 0.713820
vt 0.755874 0.741376
vt 0.761713 0.750853
vt 0.783866 0.693123
vt 0.788839 0.703969
vt 0.783961 0.707822
vt 0.774488 0.704198
vt 0.800170 0.719581
vt 0.796533 0.697818
vt 0.762277 0.708234
vt 0.740881 0.715321
vt 0.752036 0.701468
vt 0.732899 0.663402
vt 0.744003 0.681445
vt 0.761358 0.674783
vt 0.736264 0.708489
vt 0.747611 0.695198
vt 0.799463 0.743607
vt 0.792041 0.759587
vt 0.791556 0.759155
vt 0.811897 0.733714
vt 0.830677 0.733899
vt 0.702063 0.794158
vt 0.722210 0.765100
vt 0.711493 0.762625
vt 0.720007 0.745334
vt 0.703172 0.779783
vt 0.698060 0.775348
vt 0.717923 0.742951
vt 0.705701 0.758352
vt 0.694274 0.754724
vt 0.676270 0.741947
vt 0.805805 0.816277
vt 0.809994 0.822456
vt 0.801657 0.821918
vt 0.801580 0.820111
vt 0.819616 0.827707
vt 0.826727 0.834958
vt 0.823936 0.839035
vt 0.813849 0.841720
vt 0.926471 0.357082
vt 0.924694 0.339454
vt 0.932545 0.350087
vt 0.833291 0.841456
vt 0.837416 0.837148
vt 0.847540 0.829837
vt 0.834640 0.850046
vt 0.808480 0.830991
vt 0.807236 0.831924
vt 0.809487 0.826687
vt 0.813529 0.838598
vt 0.814478 0.853581
vt 0.805885 0.844356
vt 0.826782 0.855691
vt 0.794692 0.899754
vt 0.783225 0.899732
vt 0.791323 0.890530
vt 0.801416 0.891664
vt 0.763613 0.894026
vt 0.772228 0.907170
vt 0.797801 0.910058
vt 0.762596 0.906798
vt 0.758902 0.882402
vt 0.745137 0.886807
vt 0.761113 0.877835
vt 0.753746 0.890436
vt 0.754837 0.927839
vt 0.756513 0.916698
vt 0.700721 0.940510
vt 0.728286 0.935286
vt 0.721997 0.943558
vt 0.695260 0.949168
vt 0.740476 0.943492
vt 0.730323 0.929250
vt 0.737490 0.947550
vt 0.754349 0.936028
vt 0.745966 0.945845
vt 0.731939 0.956055
vt 0.712486 0.913868
vt 0.743717 0.905213
vt 0.725400 0.904082
vt 0.746847 0.900279
vt 0.734137 0.895338
vt 0.723046 0.897893
vt 0.715356 0.882338
vt 0.711656 0.891524
vt 0.722413 0.890737
vt 0.727313 0.882666
vt 0.719274 0.876792
vt 0.737824 0.881427
vt 0.731289 0.888896
vt 0.744375 0.873983
vt 0.681689 0.883843
vt 0.675111 0.884668
vt 0.671180 0.910956
vt 0.666986 0.909511
vt 0.676228 0.914700
vt 0.677245 0.920954
vt 0.696652 0.933377
vt 0.670450 0.944165
vt 0.670541 0.938881
vt 0.685541 0.940662
vt 0.683210 0.947758
vt 0.661780 0.936911
vt 0.661431 0.941353
vt 0.696875 0.927592
vt 0.725554 0.862741
vt 0.721922 0.871680
vt 0.732621 0.869880
vt 0.738500 0.860799
vt 0.734276 0.876342
vt 0.668667 0.828444
vt 0.650680 0.814367
vt 0.688231 0.813885
vt 0.678516 0.824555
vt 0.684589 0.830667
vt 0.690223 0.817054
vt 0.661616 0.879078
vt 0.660621 0.894020
vt 0.667845 0.882704
vt 0.667437 0.898495
vt 0.642458 0.870534
vt 0.674570 0.901890
vt 0.670725 0.903947
vt 0.679279 0.909508
vt 0.679335 0.971176
vt 0.682605 0.964684
vt 0.668816 0.960438
vt 0.666885 0.967471
vt 0.669515 0.958265
vt 0.680627 0.961853
vt 0.681344 0.957433
vt 0.687169 0.955610
vt 0.698578 0.973456
vt 0.696500 0.970726
vt 0.701513 0.969866
vt 0.691951 0.966206
vt 0.694869 0.959853
vt 0.709352 0.969330
vt 0.711864 0.964549
vt 0.826256 0.508067
vt 0.835145 0.511833
vt 0.832301 0.515205
vt 0.823895 0.510890
vt 0.834028 0.503770
vt 0.843608 0.508170
vt 0.526617 0.028424
vt 0.521151 0.028062
vt 0.510849 0.027525
vt 0.828072 0.501022
vt 0.855168 0.528405
vt 0.878495 0.504924
vt 0.876032 0.513144
vt 0.865503 0.523629
vt 0.869020 0.524780
vt 0.878476 0.517683
vt 0.896263 0.470002
vt 0.909829 0.483525
vt 0.906462 0.478413
vt 0.899845 0.483223
vt 0.904973 0.473198
vt 0.911858 0.467918
vt 0.893505 0.481906
vt 0.894275 0.488008
vt 0.948403 0.508180
vt 0.947951 0.484855
vt 0.915750 0.456549
vt 0.906415 0.428064
vt 0.912727 0.433466
vt 0.923256 0.443779
vt 0.917271 0.446223
vt 0.912829 0.422430
vt 0.917158 0.425357
vt 0.921818 0.415908
vt 0.922500 0.416905
vt 0.933922 0.424616
vt 0.926451 0.432875
vt 0.960091 0.451217
vt 0.962256 0.463922
vt 0.950376 0.462329
vt 0.948640 0.452736
vt 0.967398 0.453771
vt 0.972644 0.466161
vt 0.940943 0.455922
vt 0.945253 0.471224
vt 0.836793 0.581882
vt 0.902669 0.611474
vt 0.973564 0.513427
vt 0.569574 0.029850
vt 0.576630 0.040842
vt 0.559078 0.029394
vt 0.814610 0.530365
vt 0.838056 0.533672
vt 0.838865 0.529635
vt 0.697200 0.041134
vt 0.681209 0.041295
vt 0.781577 0.672540
vt 0.783206 0.886564
vt 0.788695 0.881949
vt 0.666282 0.776214
vt 0.691729 0.801427
vt 0.801909 0.038931
vt 0.810156 0.038023
vt 0.699920 0.814612
vt 0.966141 0.505826
vt 0.805332 0.604544
vt 0.806069 0.600349
vt 0.669903 0.953175
vt 0.657065 0.952757
vt 0.656503 0.949057
vt 0.670732 0.949370
vt 0.807843 0.647917
vt 0.801202 0.629153
vt 0.796069 0.612082
vt 0.772041 0.647179
vt 0.752290 0.643906
vt 0.764951 0.631036
vt 0.882025 0.522239
vt 0.874976 0.526684
vt 0.884368 0.511697
vt 0.900893 0.496865
vt 0.895859 0.494024
vt 0.710823 0.973666
vt 0.715737 0.970899
vt 0.935808 0.127808
vt 0.943388 0.124011
vt 0.942140 0.132471
vt 0.940312 0.140700
vt 0.658755 0.962135
vt 0.657789 0.959018
vt 0.656943 0.964045
vt 0.655895 0.971705
vt 0.931760 0.096673
vt 0.925706 0.100376
vt 0.925697 0.090466
vt 0.930545 0.089180
vt 0.933450 0.092598
vt 0.655510 0.942191
vt 0.647994 0.939951
vt 0.936310 0.109709
vt 0.939941 0.114835
vt 0.936797 0.102274
vt 0.943012 0.107187
vt 0.943497 0.111876
vt 0.656618 0.956555
vt 0.941235 0.115450
vt 0.774045 0.851304
vt 0.774643 0.870904
vt 0.773721 0.859858
vt 0.770995 0.801319
vt 0.780024 0.778383
vt 0.792221 0.799456
vt 0.805403 0.786993
vt 0.806213 0.807076
vt 0.819801 0.820267
vt 0.852044 0.818012
vt 0.787230 0.768690
vt 0.799348 0.776939
vt 0.794823 0.786664
vt 0.805398 0.795698
vt 0.814858 0.783752
vt 0.815298 0.790117
vt 0.805806 0.788279
vt 0.749332 0.114550
vt 0.729769 0.119642
vt 0.728935 0.092433
vt 0.746565 0.088616
vt 0.764108 0.199942
vt 0.768310 0.198489
vt 0.769106 0.206323
vt 0.848572 0.329048
vt 0.868011 0.346666
vt 0.852184 0.360869
vt 0.831676 0.341644
vt 0.772494 0.135747
vt 0.752884 0.141407
vt 0.827446 0.122201
vt 0.935314 0.291837
vt 0.921167 0.305268
vt 0.910465 0.316079
vt 0.961870 0.294617
vt 0.948395 0.312972
vt 0.935544 0.328783
vt 0.823527 0.861421
vt 0.810346 0.858270
vt 0.937413 0.345101
vt 0.943477 0.337882
vt 0.961729 0.313456
vt 0.968206 0.303434
vt 0.812425 0.886135
vt 0.825203 0.871859
vt 0.796561 0.864399
vt 0.692531 0.523110
vt 0.671172 0.505358
vt 0.651352 0.486062
vt 0.634207 0.468210
vt 0.562671 0.230913
vt 0.813995 0.355931
vt 0.836348 0.376483
vt 0.792530 0.332997
vt 0.795044 0.371910
vt 0.772240 0.346335
vt 0.816840 0.396113
vt 0.820574 0.398901
vt 0.708323 0.124812
vt 0.710434 0.095881
vt 0.628197 0.133168
vt 0.628755 0.103210
vt 0.658065 0.101255
vt 0.656925 0.134541
vt 0.682412 0.130650
vt 0.684153 0.099205
vt 0.683912 0.096601
vt 0.656492 0.099004
vt 0.625000 0.163833
vt 0.617865 0.190133
vt 0.611024 0.215308
vt 0.606849 0.226139
vt 0.577819 0.066609
vt 0.576367 0.098538
vt 0.805435 0.566005
vt 0.671160 0.374649
vt 0.664882 0.372284
vt 0.614360 0.478373
vt 0.598105 0.486167
vt 0.583690 0.492570
vt 0.567881 0.503006
vt 0.617162 0.507392
vt 0.601619 0.518484
vt 0.633367 0.497597
vt 0.584970 0.530119
vt 0.621111 0.540558
vt 0.603731 0.554800
vt 0.636682 0.528717
vt 0.652073 0.518365
vt 0.642154 0.561377
vt 0.624947 0.576395
vt 0.657426 0.549953
vt 0.673338 0.538088
vt 0.644042 0.565649
vt 0.627951 0.580440
vt 0.659854 0.553379
vt 0.675474 0.541810
vt 0.684371 0.575601
vt 0.665429 0.590632
vt 0.708522 0.598788
vt 0.686767 0.618372
vt 0.703029 0.562069
vt 0.730320 0.579415
vt 0.650267 0.604069
vt 0.967217 0.488825
vt 0.961339 0.474693
vt 0.976673 0.478049
vt 0.737611 0.593917
vt 0.721455 0.606918
vt 0.972565 0.466897
vt 0.710847 0.612670
vt 0.697390 0.622666
vt 0.710363 0.612049
vt 0.712808 0.059628
vt 0.710915 0.093075
vt 0.729511 0.089591
vt 0.725993 0.057665
vt 0.730139 0.054656
vt 0.712341 0.691901
vt 0.719502 0.697923
vt 0.719561 0.041329
vt 0.730155 0.041871
vt 0.722856 0.709852
vt 0.705233 0.696251
vt 0.482519 0.101616
vt 0.480951 0.066752
vt 0.853930 0.477339
vt 0.857615 0.481375
vt 0.850557 0.474325
vt 0.393966 0.049765
vt 0.409865 0.047408
vt 0.936998 0.445707
vt 0.942169 0.433584
vt 0.955673 0.440606
vt 0.934885 0.417550
vt 0.955909 0.430633
vt 0.967297 0.440664
vt 0.384738 0.039636
vt 0.408855 0.039126
vt 0.673239 0.629619
vt 0.422712 0.037054
vt 0.686287 0.631783
vt 0.643164 0.293878
vt 0.635361 0.281883
vt 0.648507 0.304663
vt 0.647340 0.317039
vt 0.644092 0.324726
vt 0.562296 0.349616
vt 0.562248 0.343722
vt 0.585120 0.337250
vt 0.585927 0.348226
vt 0.560017 0.337197
vt 0.580694 0.325130
vt 0.554796 0.357773
vt 0.559319 0.354193
vt 0.580449 0.360148
vt 0.574941 0.367912
vt 0.555638 0.334263
vt 0.574243 0.318819
vt 0.630370 0.335374
vt 0.549480 0.361663
vt 0.557353 0.377884
vt 0.629285 0.340928
vt 0.635083 0.271094
vt 0.626828 0.276410
vt 0.551589 0.331989
vt 0.567428 0.314156
vt 0.622557 0.266202
vt 0.618844 0.274748
vt 0.543747 0.366525
vt 0.552705 0.379875
vt 0.544940 0.328118
vt 0.555732 0.311663
vt 0.611740 0.266586
vt 0.607111 0.275934
vt 0.544856 0.313787
vt 0.602103 0.268589
vt 0.595794 0.278076
vt 0.594310 0.270568
vt 0.539617 0.325160
vt 0.852884 0.534705
vt 0.863194 0.534122
vt 0.863240 0.540262
vt 0.925854 0.538229
vt 0.906747 0.521923
vt 0.975078 0.266927
vt 0.982496 0.259346
vt 0.981434 0.235395
vt 0.984275 0.244280
vt 0.973463 0.290476
vt 0.979116 0.274981
vt 0.766133 0.938396
vt 0.755297 0.946340
vt 0.764522 0.937976
vt 0.749416 0.953567
vt 0.743442 0.950838
vt 0.775448 0.934686
vt 0.720862 0.949296
vt 0.717870 0.956386
vt 0.731491 0.964919
vt 0.724870 0.966572
vt 0.924884 0.193532
vt 0.939405 0.203386
vt 0.956386 0.218914
vt 0.965125 0.226188
vt 0.968311 0.205798
vt 0.973013 0.210045
vt 0.970860 0.227882
vt 0.960531 0.199239
vt 0.929390 0.178745
vt 0.943165 0.180089
vt 0.925924 0.163899
vt 0.939242 0.158954
vt 0.944264 0.149462
vt 0.949644 0.159355
vt 0.952436 0.165873
vt 0.711578 0.978459
vt 0.708733 0.977666
vt 0.980480 0.214276
vt 0.974865 0.194197
vt 0.983010 0.198627
vt 0.984647 0.209108
vt 0.531855 0.320249
vt 0.539055 0.308977
vt 0.614375 0.259440
vt 0.627230 0.260235
vt 0.603340 0.234640
vt 0.601113 0.260221
vt 0.619604 0.244334
vt 0.591698 0.264249
vt 0.531937 0.306409
vt 0.637583 0.404529
vt 0.646349 0.389890
vt 0.649408 0.379956
vt 0.533140 0.321935
vt 0.605872 0.425931
vt 0.622807 0.417527
vt 0.495345 0.377627
vt 0.509313 0.375783
vt 0.509003 0.409263
vt 0.489260 0.410276
vt 0.520311 0.408191
vt 0.520138 0.372094
vt 0.486069 0.299671
vt 0.497186 0.327675
vt 0.470502 0.375750
vt 0.448075 0.401153
vt 0.480926 0.377409
vt 0.466962 0.407539
vt 0.922756 0.548887
vt 0.890306 0.523185
vt 0.922157 0.560795
vt 0.875683 0.535602
vt 0.916985 0.588629
vt 0.920477 0.581821
vt 0.908876 0.593741
vt 0.929211 0.599361
vt 0.925307 0.606041
vt 0.911848 0.602463
vt 0.909234 0.608242
vt 0.847613 0.565319
vt 0.859104 0.549869
vt 0.917673 0.573174
vt 0.867471 0.541822
vt 0.772417 0.484153
vt 0.790399 0.464326
vt 0.803478 0.485287
vt 0.814898 0.473516
vt 0.791417 0.501592
vt 0.826694 0.474895
vt 0.820821 0.480506
vt 0.818964 0.484666
vt 0.813664 0.491655
vt 0.922754 0.612721
vt 0.935328 0.615993
vt 0.933032 0.623155
vt 0.929745 0.632676
vt 0.919091 0.620431
vt 0.808917 0.498250
vt 0.802187 0.507201
vt 0.943210 0.611817
vt 0.797087 0.514798
vt 0.788903 0.526173
vt 0.917677 0.649385
vt 0.763594 0.842335
vt 0.766878 0.845058
vt 0.742156 0.867294
vt 0.746496 0.854890
vt 0.753243 0.844636
vt 0.763535 0.854089
vt 0.765038 0.864970
vt 0.855791 0.363678
vt 0.839176 0.379930
vt 0.872923 0.385358
vt 0.848414 0.789069
vt 0.861557 0.788165
vt 0.857598 0.798478
vt 0.844333 0.795129
vt 0.872553 0.349352
vt 0.899067 0.363797
vt 0.885163 0.374750
vt 0.825902 0.782079
vt 0.824083 0.792621
vt 0.830535 0.801031
vt 0.858661 0.809890
vt 0.838057 0.753884
vt 0.837822 0.762844
vt 0.868537 0.762316
vt 0.858287 0.762541
vt 0.850226 0.751282
vt 0.874142 0.752300
vt 0.840691 0.777326
vt 0.889778 0.383151
vt 0.862337 0.779490
vt 0.906539 0.373850
vt 0.899355 0.384078
vt 0.866159 0.772018
vt 0.852524 0.772457
vt 0.887400 0.400310
vt 0.894603 0.391194
vt 0.697435 0.982266
vt 0.695607 0.980100
vt 0.704246 0.982362
vt 0.705352 0.984304
vt 0.969930 0.187258
vt 0.696229 0.986888
vt 0.957383 0.177282
vt 0.692274 0.991236
vt 0.884410 0.083162
vt 0.910262 0.091760
vt 0.899571 0.070146
vt 0.912058 0.077417
vt 0.918715 0.084069
vt 0.888491 0.059415
vt 0.898734 0.065159
vt 0.642094 0.890985
vt 0.905548 0.069471
vt 0.911581 0.073330
vt 0.646480 0.911121
vt 0.655969 0.911288
vt 0.920989 0.081385
vt 0.925741 0.085283
vt 0.916203 0.077190
vt 0.662585 0.904685
vt 0.644921 0.907503
vt 0.865372 0.487225
vt 0.881825 0.480497
vt 0.867509 0.471726
vt 0.893063 0.496182
vt 0.889110 0.491733
vt 0.873957 0.494042
vt 0.888284 0.486635
vt 0.882570 0.494342
vt 0.877272 0.487140
vt 0.892006 0.504121
vt 0.493179 0.038843
vt 0.480338 0.039959
vt 0.858090 0.473812
vt 0.863813 0.482136
vt 0.505144 0.026672
vt 0.495785 0.026247
vt 0.465751 0.029203
vt 0.475052 0.027496
vt 0.852785 0.466710
vt 0.872268 0.483669
vt 0.865792 0.477961
vt 0.860024 0.462334
vt 0.627329 0.100660
vt 0.628533 0.069770
vt 0.632365 0.047798
vt 0.800546 0.595874
vt 0.785716 0.611781
vt 0.602726 0.100127
vt 0.601043 0.068238
vt 0.596811 0.042349
vt 0.799329 0.573582
vt 0.820400 0.575209
vt 0.597747 0.030712
vt 0.606630 0.028048
vt 0.613834 0.039512
vt 0.579680 0.030099
vt 0.591832 0.030006
vt 0.643742 0.263701
vt 0.644689 0.260656
vt 0.634834 0.253992
vt 0.761895 0.198786
vt 0.768933 0.195937
vt 0.622615 0.236664
vt 0.637458 0.251546
vt 0.648854 0.252250
vt 0.651945 0.256202
vt 0.637214 0.243764
vt 0.647453 0.246000
vt 0.741750 0.211878
vt 0.760753 0.236253
vt 0.749445 0.240709
vt 0.673460 0.346943
vt 0.668121 0.326346
vt 0.667196 0.345009
vt 0.670431 0.315891
vt 0.674406 0.325218
vt 0.673443 0.246295
vt 0.667289 0.239717
vt 0.677568 0.235277
vt 0.683909 0.256629
vt 0.626144 0.227390
vt 0.685304 0.331863
vt 0.656841 0.267317
vt 0.664368 0.282616
vt 0.667264 0.253949
vt 0.677632 0.276075
vt 0.687478 0.271520
vt 0.658483 0.246316
vt 0.673628 0.299347
vt 0.708174 0.296289
vt 0.702601 0.298292
vt 0.697442 0.280109
vt 0.663386 0.241278
vt 0.671408 0.250068
vt 0.669544 0.252366
vt 0.659892 0.242738
vt 0.744958 0.196360
vt 0.752320 0.204318
vt 0.739326 0.208002
vt 0.740064 0.197830
vt 0.665073 0.238339
vt 0.677385 0.234128
vt 0.678602 0.218206
vt 0.679667 0.221468
vt 0.677491 0.222705
vt 0.676123 0.219487
vt 0.655075 0.173891
vt 0.684890 0.163150
vt 0.637269 0.232149
vt 0.639058 0.202658
vt 0.644256 0.221391
vt 0.671522 0.206179
vt 0.693200 0.195228
vt 0.653874 0.232797
vt 0.655401 0.229817
vt 0.651198 0.228563
vt 0.673886 0.222442
vt 0.649784 0.224796
vt 0.673642 0.216122
vt 0.678300 0.214447
vt 0.647495 0.235172
vt 0.656558 0.241823
vt 0.650794 0.233965
vt 0.645753 0.226949
vt 0.648765 0.229056
vt 0.780765 0.266448
vt 0.770704 0.271719
vt 0.768627 0.268969
vt 0.779232 0.264404
vt 0.777156 0.274245
vt 0.780758 0.272640
vt 0.681136 0.308930
vt 0.683016 0.315790
vt 0.689365 0.302021
vt 0.692430 0.306305
vt 0.691319 0.301116
vt 0.695483 0.302351
vt 0.698632 0.300869
vt 0.701513 0.301679
vt 0.694073 0.313161
vt 0.697842 0.319849
vt 0.697057 0.311005
vt 0.699923 0.310066
vt 0.704039 0.309907
vt 0.698196 0.315980
vt 0.701393 0.315382
vt 0.706953 0.330099
vt 0.703747 0.318887
vt 0.710918 0.298185
vt 0.712579 0.294903
vt 0.729631 0.325315
vt 0.722470 0.312696
vt 0.718467 0.303375
vt 0.721696 0.308013
vt 0.720993 0.302737
vt 0.723621 0.307089
vt 0.751017 0.316477
vt 0.797268 0.258138
vt 0.792863 0.261546
vt 0.785098 0.240237
vt 0.760793 0.275961
vt 0.758758 0.277049
vt 0.757023 0.271106
vt 0.789975 0.262661
vt 0.744417 0.185692
vt 0.748627 0.189920
vt 0.745489 0.191952
vt 0.739820 0.188630
vt 0.760372 0.202157
vt 0.751847 0.186614
vt 0.737937 0.195558
vt 0.745087 0.180753
vt 0.736471 0.182326
vt 0.714537 0.208488
vt 0.711928 0.202698
vt 0.716175 0.205005
vt 0.706782 0.210760
vt 0.704020 0.206717
vt 0.718950 0.200580
vt 0.711114 0.196661
vt 0.729907 0.195171
vt 0.731105 0.209141
vt 0.728130 0.210690
vt 0.726134 0.214943
vt 0.730345 0.212328
vt 0.731715 0.211589
vt 0.723022 0.215973
vt 0.721337 0.217278
vt 0.765963 0.272187
vt 0.763584 0.274685
vt 0.762525 0.278239
vt 0.753304 0.264232
vt 0.734816 0.210402
vt 0.734369 0.195043
vt 0.747011 0.242765
vt 0.744156 0.243340
vt 0.737703 0.208596
vt 0.739265 0.218897
vt 0.736243 0.221181
vt 0.733563 0.223351
vt 0.732218 0.147710
vt 0.709874 0.154676
vt 0.714014 0.185183
vt 0.736247 0.176221
vt 0.729397 0.187321
vt 0.734748 0.191252
vt 0.709373 0.222424
vt 0.708987 0.212655
vt 0.699096 0.203958
vt 0.702880 0.209965
vt 0.750714 0.283169
vt 0.742114 0.285792
vt 0.739300 0.283656
vt 0.750870 0.279682
vt 0.770928 0.307836
vt 0.775496 0.282892
vt 0.775140 0.287711
vt 0.811545 0.320597
vt 0.829424 0.308803
vt 0.791291 0.297614
vt 0.789626 0.282174
vt 0.705998 0.224481
vt 0.702646 0.225978
vt 0.773677 0.230720
vt 0.754675 0.208172
vt 0.757221 0.202770
vt 0.761707 0.182903
vt 0.767103 0.180762
vt 0.768045 0.171601
vt 0.757491 0.169680
vt 0.770633 0.175693
vt 0.771409 0.182463
vt 0.774278 0.175780
vt 0.775078 0.180835
vt 0.775367 0.170610
vt 0.809601 0.265483
vt 0.801297 0.254178
vt 0.803981 0.252289
vt 0.813722 0.263014
vt 0.799165 0.259587
vt 0.793407 0.263845
vt 0.801295 0.275326
vt 0.808528 0.270036
vt 0.814574 0.273687
vt 0.809900 0.286402
vt 0.820863 0.269059
vt 0.818511 0.262714
vt 0.823856 0.278248
vt 0.718757 0.254705
vt 0.715079 0.256451
vt 0.713296 0.252346
vt 0.716317 0.249691
vt 0.704875 0.252852
vt 0.705514 0.253696
vt 0.696721 0.258455
vt 0.707863 0.253369
vt 0.709339 0.250002
vt 0.682204 0.218346
vt 0.698501 0.208944
vt 0.700695 0.225206
vt 0.687585 0.230909
vt 0.688977 0.232900
vt 0.707085 0.250818
vt 0.688609 0.234943
vt 0.700576 0.227211
vt 0.742567 0.289467
vt 0.737651 0.285720
vt 0.748968 0.277421
vt 0.738113 0.282021
vt 0.721881 0.261447
vt 0.739372 0.244994
vt 0.717803 0.261203
vt 0.716194 0.265282
vt 0.719591 0.263501
vt 0.716057 0.293803
vt 0.708252 0.259856
vt 0.714792 0.263616
vt 0.741991 0.243232
vt 0.731523 0.225453
vt 0.720914 0.220755
vt 0.709668 0.225464
vt 0.810371 0.250595
vt 0.791475 0.129846
vt 0.810787 0.124859
vt 0.828909 0.205926
vt 0.825396 0.208513
vt 0.814347 0.186666
vt 0.818659 0.184316
vt 0.820241 0.210081
vt 0.809828 0.188529
vt 0.821880 0.181327
vt 0.834528 0.201630
vt 0.846198 0.266866
vt 0.833753 0.146830
vt 0.842870 0.173932
vt 0.852949 0.195397
vt 0.813097 0.167743
vt 0.807136 0.160868
vt 0.810159 0.168360
vt 0.809653 0.184139
vt 0.779563 0.179109
vt 0.778878 0.163699
vt 0.803581 0.154778
vt 0.806203 0.170180
vt 0.802183 0.163404
vt 0.803929 0.170622
vt 0.784872 0.176805
vt 0.789961 0.190300
vt 0.781469 0.194126
vt 0.832205 0.254567
vt 0.840605 0.248787
vt 0.826334 0.235724
vt 0.809683 0.215295
vt 0.830026 0.231506
vt 0.832072 0.235645
vt 0.823201 0.242341
vt 0.822027 0.239858
vt 0.839108 0.225701
vt 0.835952 0.228497
vt 0.845168 0.250418
vt 0.842231 0.242157
vt 0.804609 0.190712
vt 0.798744 0.192152
vt 0.810684 0.246057
vt 0.809479 0.248057
vt 0.786902 0.227205
vt 0.799363 0.220209
vt 0.814180 0.244164
vt 0.810155 0.226871
vt 0.808328 0.222750
vt 0.803103 0.218772
vt 0.801448 0.208668
vt 0.799884 0.204829
vt 0.782216 0.197679
vt 0.785865 0.196537
vt 0.791756 0.194213
vt 0.806506 0.216942
vt 0.772873 0.197783
vt 0.771441 0.212442
vt 0.777169 0.195499
vt 0.781871 0.228972
vt 0.777650 0.229962
vt 0.783130 0.236168
vt 0.777646 0.277668
vt 0.863286 0.215738
vt 0.878815 0.244140
vt 0.845512 0.222382
vt 0.864761 0.254620
vt 0.851331 0.242073
vt 0.850401 0.248242
vt 0.846427 0.239934
vt 0.711374 0.265348
vt 0.695438 0.276179
vt 0.680976 0.234455
vt 0.686685 0.260317
vt 0.684597 0.233351
vt 0.689579 0.270240
vt 0.698869 0.264141
vt 0.694413 0.266792
vt 0.703592 0.270812
vt 0.715524 0.286953
vt 0.711118 0.267866
vt 0.577918 0.235998
vt 0.592981 0.246730
vt 0.525804 0.322840
vt 0.518635 0.296105
vt 0.501563 0.295708
vt 0.509283 0.327065
vt 0.517518 0.327648
vt 0.519231 0.347706
vt 0.727533 0.310024
vt 0.744880 0.300714
vt 0.720367 0.292797
vt 0.732420 0.289965
vt 0.734733 0.287939
vt 0.744107 0.295664
vt 0.758731 0.294996
vt 0.720160 0.290994
vt 0.730296 0.288227
vt 0.713049 0.267064
vt 0.759078 0.279671
vt 0.752418 0.285922
vt 0.755766 0.278843
vt 0.752898 0.278751
vt 0.755833 0.286284
vt 0.760187 0.287396
vt 0.754999 0.291997
vt 0.782883 0.264542
vt 0.789936 0.265086
vt 0.787104 0.263439
vt 0.783134 0.274734
vt 0.785928 0.278784
vt 0.788036 0.272727
vt 0.791707 0.274263
s 1
usemtl Shoesmat
f 2/1/1 1261/2/2 1262/3/3 169/4/4
f 6/5/5 5/6/6 161/7/7 163/8/8
f 7/9/9 6/5/5 163/8/8 165/10/10
f 8/11/11 7/9/9 165/10/10 164/12/12
f 10/13/13 9/14/14 168/15/15 167/16/16
f 1/17/17 10/13/13 167/16/16 166/18/18
f 1287/19/19 2/1/1 169/4/4 1286/20/20
f 17/21/21 18/22/22 19/23/23 20/24/24
f 20/24/24 19/23/23 21/25/25 22/26/26
f 19/23/23 23/27/27 24/28/28 21/25/25
f 18/22/22 25/29/29 23/27/27 19/23/23
f 22/26/26 21/25/25 26/30/30 27/31/31
f 1258/32/32 56/33/33 59/34/34 1257/35/35
f 61/36/36 60/37/37 62/38/38 63/39/39
f 60/37/37 65/40/40 64/41/41 62/38/38
f 67/42/42 66/43/43 68/44/44 69/45/45
f 66/43/43 57/46/46 58/47/47 68/44/44
f 1266/48/48 78/49/49 199/50/50 1265/51/51
f 81/52/52 1273/53/53 1274/54/54 188/55/55
f 87/56/56 86/57/57 198/58/58 195/59/59
f 86/57/57 79/60/60 197/61/61 198/58/58
f 78/49/49 1282/62/62 1283/63/63 199/50/50
f 89/64/64 81/52/52 188/55/55 189/65/65
f 93/66/66 92/67/67 187/68/68 185/69/69
f 1314/70/70 89/64/64 189/65/65 1313/71/71
f 63/39/39 62/38/38 99/72/72 100/73/73
f 100/73/73 99/72/72 23/27/27 25/29/29
f 99/72/72 101/74/74 24/28/28 23/27/27
f 62/38/38 64/41/41 101/74/74 99/72/72
f 69/45/45 68/44/44 102/75/75 103/76/76
f 103/76/76 102/75/75 20/24/24 22/26/26
f 102/75/75 97/77/77 17/21/21 20/24/24
f 68/44/44 58/47/47 97/77/77 102/75/75
f 56/33/33 114/78/78 115/79/79 59/34/34
f 114/78/78 1241/80/80 1242/81/81 115/79/79
f 56/33/33 288/82/82 290/83/83 114/78/78
f 114/78/78 290/83/83 1240/84/84 1241/80/80
f 67/42/42 282/85/85 284/86/86 66/43/43
f 66/43/43 284/86/86 286/87/87 57/46/46
f 1258/32/32 1259/88/88 288/82/82 56/33/33
f 55/89/89 53/90/90 264/91/91 266/92/92
f 53/90/90 1247/93/93 1248/94/94 264/91/91
f 65/40/40 60/37/37 270/95/95 272/96/96
f 60/37/37 61/36/36 268/97/97 270/95/95
f 1250/98/98 55/89/89 266/92/92 1249/99/99
f 160/100/100 122/101/101 123/102/102 124/103/103
f 125/104/104 123/102/102 122/101/101 126/105/105
f 128/106/106 127/107/107 130/108/108 129/109/109
f 125/104/104 126/105/105 128/106/106 129/109/109
f 132/110/110 131/111/111 136/112/112 134/113/113
f 133/114/114 132/110/110 134/113/113 135/115/115
f 1263/116/116 1264/117/117 137/118/118 138/119/119
f 138/119/119 137/118/118 1284/120/120 1285/121/121
f 159/122/122 157/123/123 1275/124/124 1276/125/125
f 122/101/101 192/126/126 191/127/127 126/105/105
f 160/100/100 190/128/128 192/126/126 122/101/101
f 128/106/106 194/129/129 193/130/130 127/107/107
f 126/105/105 191/127/127 194/129/129 128/106/106
f 132/110/110 198/58/58 197/61/61 131/111/111
f 133/114/114 195/59/59 198/58/58 132/110/110
f 1264/117/117 1265/51/51 199/50/50 137/118/118
f 137/118/118 199/50/50 1283/63/63 1284/120/120
f 1312/131/131 1313/71/71 189/65/65 154/132/132
f 154/132/132 189/65/65 188/55/55 157/123/123
f 157/123/123 188/55/55 1274/54/54 1275/124/124
f 123/102/102 125/104/104 163/133/8 161/134/7
f 130/108/108 164/135/12 165/136/10 129/109/109
f 129/109/109 165/136/10 163/133/8 125/104/104
f 136/112/112 166/137/18 167/138/16 134/113/113
f 134/113/113 167/138/16 168/139/15 135/115/115
f 138/119/119 169/140/4 1262/141/3 1263/116/116
f 1285/121/121 1286/142/20 169/140/4 138/119/119
f 176/143/133 8/11/11 164/12/12 177/144/134
f 168/15/15 9/14/14 176/143/133 177/144/134
f 135/115/115 168/139/15 177/145/134 178/146/135
f 164/147/12 130/148/108 178/146/135 177/145/134
f 179/149/136 133/114/114 135/115/115 178/146/135
f 130/148/108 127/150/107 179/149/136 178/146/135
f 179/149/136 196/151/137 195/59/59 133/114/114
f 127/150/107 193/152/130 196/151/137 179/149/136
f 193/152/130 84/153/138 180/154/139 196/151/137
f 180/154/139 87/56/56 195/59/59 196/151/137
f 88/155/140 1303/156/141 1304/157/142 182/158/143
f 140/159/144 182/158/143 1304/157/142 1305/160/145
f 213/161/146 230/162/147 224/163/148 207/164/149
f 207/164/149 224/163/148 222/165/150 205/166/151
f 206/167/152 207/164/149 205/166/151 146/168/153
f 228/169/154 230/162/147 213/161/146 214/170/155
f 1312/131/131 154/132/132 158/171/156 1311/172/157
f 154/132/132 157/123/123 159/122/122 158/171/156
f 214/170/155 172/173/158 236/174/159 228/169/154
f 222/165/150 226/175/160 210/176/161 205/166/151
f 205/166/151 210/176/161 209/177/162 146/168/153
f 141/178/163 140/159/144 1305/160/145 1306/179/164
f 219/180/165 172/173/158 173/181/166
f 237/182/167 236/174/159 172/173/158 219/180/165
f 220/183/168 173/184/166 16/185/169 15/186/170
f 173/181/166 220/187/168 219/180/165
f 1267/188/171 33/189/172 78/49/49 1266/48/48
f 1272/190/173 1273/53/53 81/52/52 34/191/174
f 39/192/175 32/193/176 79/60/60 86/57/57
f 181/194/177 39/192/175 86/57/57 87/56/56
f 1302/195/178 1303/156/141 88/155/140 40/196/179
f 33/189/172 1281/197/180 1282/62/62 78/49/49
f 34/191/174 81/52/52 89/64/64 42/198/181
f 42/198/181 89/64/64 1314/70/70 1315/199/182
f 181/194/177 87/56/56 180/154/139 1290/200/183
f 38/201/184 1290/200/183 180/154/139 84/153/138
f 45/202/185 43/203/186 92/67/67 93/66/66
f 1268/204/187 250/205/188 33/189/172 1267/188/171
f 257/206/189 251/207/190 32/193/176 39/192/175
f 258/208/191 257/206/189 39/192/175 181/194/177
f 256/209/192 1289/210/193 1290/200/183 38/201/184
f 253/211/194 1271/212/195 1272/190/173 34/191/174
f 251/207/190 257/206/189 297/213/196 294/214/197
f 257/206/189 258/208/191 299/215/198 297/213/196
f 1289/210/193 256/209/192 301/216/199 1288/217/200
f 1271/212/195 253/211/194 309/218/201 1270/219/202
f 250/205/188 1280/220/203 1281/197/180 33/189/172
f 1280/220/203 250/205/188 313/221/204 1279/222/205
f 250/205/188 1268/204/187 1269/223/206 313/221/204
f 260/224/207 253/211/194 34/191/174 42/198/181
f 1316/225/208 260/224/207 42/198/181 1315/199/182
f 1317/226/209 328/227/210 260/224/207 1316/225/208
f 43/203/186 45/202/185 44/228/211 261/229/212
f 323/230/213 326/231/214 261/229/212 44/228/211
f 328/227/210 309/218/201 253/211/194 260/224/207
f 315/232/215 1300/233/216 1301/234/217 259/235/218
f 259/235/218 1301/234/217 1302/195/178 40/196/179
f 1248/94/94 422/236/219 265/237/220 264/91/91
f 264/91/91 265/237/220 267/238/221 266/92/92
f 266/92/92 267/238/221 426/239/222 1249/99/99
f 268/97/97 269/240/223 271/241/224 270/95/95
f 282/85/85 283/242/225 285/243/226 284/86/86
f 290/83/83 291/244/227 1239/245/228 1240/84/84
f 1269/223/206 412/246/229 314/247/230 313/221/204
f 296/248/231 297/213/196 299/215/198 298/249/232
f 406/250/233 1288/217/200 301/216/199 300/251/234
f 394/252/235 1270/219/202 309/218/201 308/253/236
f 308/253/236 309/218/201 328/227/210 327/254/237
f 313/221/204 314/247/230 417/255/238 1279/222/205
f 323/230/213 324/256/239 325/257/240 326/231/214
f 1317/226/209 1318/258/241 327/254/237 328/227/210
f 29/259/242 27/31/31 26/30/30 28/260/243
f 26/30/30 30/261/244 31/262/245 28/260/243
f 21/25/25 24/28/28 30/261/244 26/30/30
f 64/41/41 65/40/40 70/263/246 71/264/247
f 101/74/74 64/41/41 71/264/247 104/265/248
f 24/28/28 101/74/74 104/265/248 30/261/244
f 274/266/249 70/263/246 65/40/40 272/96/96
f 105/267/250 31/262/245 30/261/244 104/265/248
f 72/268/251 105/267/250 104/265/248 71/264/247
f 340/269/252 72/268/251 71/264/247 70/263/246
f 338/270/253 340/269/252 70/263/246 274/266/249
f 267/238/221 265/237/220 357/271/254 356/272/255
f 426/239/222 267/238/221 356/272/255 425/273/256
f 269/240/223 353/274/257 427/275/258
f 343/276/259 381/277/260 382/278/261 344/279/262
f 395/280/263 394/252/235 308/253/236 373/281/264
f 396/282/265 395/280/263 373/281/264 369/283/266
f 395/280/263 396/282/265 366/284/267 374/285/268
f 394/252/235 395/280/263 374/285/268 306/286/269
f 397/287/270 374/285/268 366/284/267
f 1224/288/271 1239/245/228 291/244/227 358/289/272
f 407/290/273 406/250/233 300/251/234 377/291/274
f 409/292/275 379/293/276 364/294/277
f 296/248/231 298/249/232 378/295/278 379/293/276
f 379/293/276 378/295/278 361/296/279 364/294/277
f 298/249/232 406/250/233 407/290/273 378/295/278
f 417/255/238 314/247/230 383/297/280 416/298/281
f 418/299/282 383/297/280 368/300/283
f 410/301/284 414/302/285 411/303/286
f 314/247/230 412/246/229 411/303/286 383/297/280
f 414/302/285 368/300/283 383/297/280 411/303/286
f 383/297/280 418/299/282 415/304/287 416/298/281
f 419/305/288 420/306/289 343/276/259 344/279/262
f 265/237/220 422/236/219 423/307/290 357/271/254
f 422/236/219 262/308/291 346/309/292 424/310/293
f 422/236/219 424/310/293 423/307/290
f 269/240/223 426/239/222 425/273/256 353/274/257
f 271/241/224 269/240/223 427/275/258 352/311/294
f 390/312/295 843/313/296 853/314/297
f 390/312/295 387/315/298 842/316/299 843/313/296
f 390/312/295 325/257/240 324/256/239 387/315/298
f 387/315/298 385/317/300 432/318/301 842/316/299
f 360/319/302 432/318/301 385/317/300 386/320/303
f 433/321/304 434/322/305 438/323/306 437/324/307
f 425/325/256 438/323/306 434/322/305 436/326/308
f 439/327/309 440/328/310 443/329/311 442/330/312
f 425/325/256 436/326/308 439/327/309 442/330/312
f 353/274/257 425/273/256 442/331/312 443/332/311
f 444/333/313 445/334/314 448/335/315 447/336/316
f 427/275/258 353/274/257 447/337/316 448/338/315
f 427/339/258 448/335/315 445/334/314 446/340/317
f 450/341/318 449/342/319 454/343/320 453/344/321
f 446/340/317 450/341/318 453/344/321 451/345/322
f 452/346/323 451/345/322 453/344/321 454/343/320
f 455/347/324 456/348/325 460/349/326 459/350/327
f 455/347/324 459/350/327 352/351/294 457/352/328
f 352/311/294 459/353/327 460/354/326 349/355/329
f 461/356/330 462/357/331 465/358/332 464/359/333
f 457/352/328 451/345/322 466/360/334 467/361/335
f 485/362/336 486/363/337 488/364/338 487/365/339
f 490/366/340 489/367/341 497/368/342 496/369/343
f 489/367/341 491/370/344 498/371/345 497/368/342
f 491/370/344 492/372/346 499/373/347 498/371/345
f 493/374/348 429/375/349 496/369/343 497/368/342
f 494/376/350 493/374/348 497/368/342 498/371/345
f 482/377/351 480/378/352 491/370/344 489/367/341
f 495/379/353 494/376/350 498/371/345 499/373/347
f 495/379/353 499/373/347 492/372/346 481/380/354
f 480/378/352 481/380/354 492/372/346 491/370/344
f 493/374/348 502/381/355 504/382/356 429/375/349
f 520/383/357 521/384/358 1141/385/359 1140/386/360
f 521/384/358 520/383/357 1133/387/361 1134/388/362
f 538/389/363 539/390/364 541/391/365 540/392/366
f 543/393/367 542/394/368 1125/395/369 1126/396/370
f 542/394/368 543/393/367 1127/397/371 1128/398/372
f 551/399/373 552/400/374 561/401/375 560/402/376
f 553/403/377 554/404/378 552/400/374 551/399/373
f 554/404/378 553/403/377 563/405/379 562/406/380
f 558/407/381 555/408/382 551/399/373 560/402/376
f 555/408/382 557/409/383 553/403/377 551/399/373
f 481/380/354 556/410/384 552/400/374 554/404/378
f 564/411/385 565/412/386 572/413/387 571/414/388
f 566/415/389 567/416/390 565/412/386 564/411/385
f 567/416/390 566/415/389 574/417/391 573/418/392
f 558/407/381 572/413/387 565/412/386 555/408/382
f 568/419/393 569/420/394 566/415/389 564/411/385
f 555/408/382 565/412/386 567/416/390 557/409/383
f 575/421/395 576/422/396 583/423/397 582/424/398
f 579/425/399 575/421/395 451/345/322
f 575/421/395 582/424/398 451/345/322
f 586/426/400 587/427/401 594/428/402 593/429/403
f 590/430/404 586/426/400 452/346/323
f 586/426/400 593/429/403 452/346/323
f 451/345/322 452/346/323 594/428/402
f 452/346/323 593/429/403 594/428/402
f 587/427/401 579/425/399 451/345/322 594/428/402
f 597/431/405 598/432/406 1146/433/407
f 599/434/408 600/435/409 598/432/406 597/431/405
f 600/435/409 599/434/408 608/436/410 607/437/411
f 597/431/405 1146/433/407 617/438/412 601/439/413
f 601/439/413 603/440/414 599/434/408 597/431/405
f 602/441/415 598/432/406 600/435/409 604/442/416
f 606/443/417 608/436/410 599/434/408 603/440/414
f 609/444/418 610/445/419 613/446/420 614/447/421
f 611/448/422 612/449/423 610/445/419 609/444/418
f 612/449/423 611/448/422 622/450/424 621/451/425
f 614/447/421 613/446/420 624/452/426 623/453/427
f 614/447/421 618/454/428 615/455/429 609/444/418
f 615/455/429 616/456/430 611/448/422 609/444/418
f 621/451/425 606/443/417 603/440/414 612/449/423
f 625/457/431 626/458/432 634/459/433 633/460/434
f 627/461/435 628/462/436 626/458/432 625/457/431
f 628/462/436 627/461/435 636/463/437 635/464/438
f 618/454/428 634/459/433 626/458/432 615/455/429
f 630/465/439 627/461/435 625/457/431 629/466/440
f 615/455/429 626/458/432 628/462/436 616/456/430
f 643/467/441 639/468/442 644/469/443
f 644/469/443 639/468/442 638/470/444
f 645/471/445 644/469/443 641/472/446
f 641/472/446 644/469/443 638/470/444
f 646/473/447 647/474/448 658/475/449 657/476/450
f 643/467/441 658/475/449 647/474/448 642/477/451
f 674/478/452 675/479/453 676/480/454 677/481/455
f 675/479/453 674/478/452 678/482/456 679/483/457
f 679/483/457 678/482/456 687/484/458 686/485/459
f 690/486/460 691/487/461 699/488/462 698/489/463
f 691/487/461 1145/490/464 699/488/462
f 606/443/417 1145/490/464 691/487/461 680/491/465
f 722/492/466 723/493/467 726/494/468 725/495/469
f 725/495/469 724/496/470 360/497/302 722/492/466
f 360/319/302 399/498/471 723/499/467 722/500/466
f 729/501/472 432/502/301 727/503/473 728/504/474
f 360/497/302 724/496/470 730/505/475 731/506/476
f 732/507/477 733/508/478 734/509/479 735/510/480
f 739/511/481 738/512/482 732/507/477 735/510/480
f 747/513/483 748/514/484 751/515/485 750/516/486
f 739/511/481 751/515/485 748/514/484 738/512/482
f 761/517/487 762/518/488 767/519/489 766/520/490
f 762/518/488 761/517/487 769/521/491 768/522/492
f 764/523/493 763/524/494 761/517/487 766/520/490
f 765/525/495 764/523/493 766/520/490 767/519/489
f 729/501/472 724/496/470 768/522/492 769/521/491
f 776/526/496 777/527/497 783/528/498 782/529/499
f 777/527/497 776/526/496 785/530/500 784/531/501
f 781/532/502 785/530/500 776/526/496 778/533/503
f 786/534/504 787/535/505 792/536/506 791/537/507
f 787/535/505 786/534/504 794/538/508 793/539/509
f 781/532/502 778/533/503 787/535/505 793/539/509
f 790/540/510 781/532/502 793/539/509 794/538/508
f 790/540/510 794/538/508 786/534/504 788/541/511
f 795/542/512 796/543/513 801/544/514 800/545/515
f 796/543/513 795/542/512 803/546/516 802/547/517
f 790/540/510 788/541/511 796/543/513 802/547/517
f 799/548/518 790/540/510 802/547/517 803/546/516
f 799/548/518 803/546/516 795/542/512 797/549/519
f 805/550/520 804/551/521 812/552/522 811/553/523
f 799/548/518 797/549/519 805/550/520 811/553/523
f 808/554/524 799/548/518 811/553/523 812/552/522
f 808/554/524 812/552/522 804/551/521 806/555/525
f 813/556/526 814/557/527 817/558/528 816/559/529
f 814/557/527 813/556/526 819/560/530 818/561/531
f 808/554/524 806/555/525 814/557/527 818/561/531
f 820/562/532 827/563/533 826/564/534 821/565/535
f 371/566/536 822/567/537 820/562/532 824/568/538
f 828/569/539 829/570/540 833/571/541 832/572/542
f 829/570/540 828/569/539 835/573/543 834/574/544
f 371/566/536 833/571/541 829/570/540 822/567/537
f 836/575/545 837/576/546 846/577/547 845/578/548
f 837/576/546 836/575/545 848/579/549 847/580/550
f 836/575/545 845/578/548 838/581/551
f 845/578/548 844/582/552 838/581/551
f 844/582/552 840/583/553 838/581/551
f 841/584/554 840/583/553 846/577/547
f 845/578/548 846/577/547 844/582/552
f 840/583/553 844/582/552 846/577/547
f 842/585/299 839/586/555 837/576/546 847/580/550
f 843/313/296 842/316/299 847/587/550 848/588/549
f 843/589/296 848/579/549 836/575/545 838/581/551
f 850/590/556 849/591/557 857/592/558 856/593/559
f 840/583/553 852/594/560 854/595/561 855/596/562
f 843/589/296 838/581/551 850/590/556 856/593/559
f 853/314/297 843/313/296 856/597/559 857/598/558
f 853/599/297 857/592/558 849/591/557 851/600/563
f 859/601/564 858/602/565 865/603/566 864/604/567
f 853/599/297 851/600/563 859/601/564 864/604/567
f 881/605/568 880/606/569 887/607/570 886/608/571
f 369/609/266 887/607/570 880/606/569 882/610/572
f 889/611/573 888/612/574 895/613/575 894/614/576
f 894/614/576 369/609/266 882/610/572 889/611/573
f 396/282/265 369/283/266 894/615/576 895/616/575
f 396/617/265 895/613/575 888/612/574 890/618/577
f 897/619/578 896/620/579 905/621/580 904/622/581
f 896/620/579 898/623/582 906/624/583 905/621/580
f 904/622/581 396/617/265 890/618/577 897/619/578
f 366/284/267 396/282/265 904/625/581 905/626/580
f 397/287/270 366/284/267 905/626/580 906/627/583
f 397/628/270 906/624/583 898/623/582 899/629/584
f 914/630/585 418/631/282 915/632/586 916/633/587
f 917/634/588 918/635/589 919/636/590 920/637/591
f 922/638/592 921/639/593 917/634/588 920/637/591
f 920/637/591 919/636/590 925/640/594 924/641/595
f 924/641/595 410/642/284 922/638/592 920/637/591
f 921/639/593 922/638/592 927/643/596 926/644/597
f 932/645/598 933/646/599 934/647/600 935/648/601
f 937/649/602 936/650/603 932/645/598 935/648/601
f 942/651/604 936/650/603 943/652/605 944/653/606
f 946/654/607 945/655/608 942/651/604 944/653/606
f 936/650/603 937/649/602 943/652/605
f 945/655/608 936/650/603 942/651/604
f 949/656/609 950/657/610 951/658/611 952/659/612
f 945/655/608 946/654/607 951/658/611 950/657/610
f 967/660/613 968/661/614 976/662/615 975/663/616
f 969/664/617 970/665/618 968/661/614 967/660/613
f 409/666/275 971/667/619 967/660/613 975/663/616
f 977/668/620 978/669/621 984/670/622 983/671/623
f 979/672/624 980/673/625 978/669/621 977/668/620
f 364/674/277 981/675/626 977/668/620 983/671/623
f 409/292/275 364/294/277 983/676/623 984/677/622
f 364/294/277 361/296/279 991/678/627 992/679/628
f 364/674/277 992/680/628 986/681/629 981/675/626
f 1015/682/630 1014/683/631 1010/684/632 1013/685/633
f 1018/686/634 1019/687/635 1020/688/636 1021/689/637
f 1014/683/631 1015/682/630 1020/688/636 1019/687/635
f 1035/690/638 1036/691/639 1037/692/640
f 1043/693/641 1044/694/642 1046/695/643 1045/696/644
f 1044/694/642 1043/693/641 1048/697/645 1047/698/646
f 1045/696/644 841/584/554 839/586/555 1043/693/641
f 763/524/494 841/584/554 1045/696/644 1046/695/643
f 1047/698/646 432/502/301 729/501/472 1044/694/642
f 842/316/299 432/318/301 1047/699/646 1048/700/645
f 842/585/299 1048/697/645 1043/693/641 839/586/555
f 1054/701/647 1055/702/648 1057/703/649 1056/704/650
f 590/430/404 1055/702/648 1054/701/647
f 1058/705/651 1059/706/652 1064/707/653 1063/708/654
f 1060/709/655 1061/710/656 1059/706/652 1058/705/651
f 590/430/404 1062/711/657 1058/705/651 1063/708/654
f 590/430/404 1063/708/654 1064/707/653
f 590/430/404 1064/707/653 1059/706/652 591/712/658
f 1066/713/659 1065/714/660 1068/715/661
f 1067/716/662 629/466/440 1065/714/660 1066/713/659
f 1069/717/663 1070/718/664 1075/719/665 1074/720/666
f 1071/721/667 1072/722/668 1070/718/664 1069/717/663
f 629/466/440 1073/723/669 1069/717/663 1074/720/666
f 629/466/440 1074/720/666 1075/719/665
f 1070/718/664 630/465/439 629/466/440 1075/719/665
f 1085/724/670 1086/725/671 1088/726/672 1087/727/673
f 357/271/254 423/307/290 1087/728/673 1088/729/672
f 357/730/254 1088/726/672 1086/725/671 1082/731/674
f 424/310/293 346/309/292 1092/732/675 1093/733/676
f 1080/734/677 1091/735/678 1090/736/679 1089/737/680
f 1094/738/681 1095/739/682 1097/740/683 1096/741/684
f 424/742/293 1091/735/678 1094/738/681 1096/741/684
f 423/307/290 424/310/293 1096/743/684 1097/744/683
f 345/745/685 1100/746/686 1098/747/687 1099/748/688
f 1103/749/689 1102/750/690 1151/751/691 1152/752/692
f 1103/753/689 1152/754/692 345/755/685 419/305/288
f 1100/746/686 345/745/685 1152/752/692 1151/751/691
f 1149/756/693 1150/757/694 1106/758/695 1105/759/696
f 1105/759/696 1106/758/695 1147/760/697 1148/761/698
f 1111/762/699 1110/763/700 1114/764/701 1115/765/702
f 1116/766/703 1114/764/701 1110/763/700 671/767/704
f 913/768/705 941/769/706 934/647/600 938/770/707
f 934/647/600 941/769/706 940/771/708 935/648/601
f 915/772/586 418/299/282 368/300/283 910/773/709
f 947/774/710 921/639/593 946/654/607 944/653/606
f 943/652/605 948/775/711 947/774/710 944/653/606
f 921/639/593 956/776/712 951/658/611 946/654/607
f 951/658/611 956/776/712 955/777/713 952/659/612
f 837/576/546 839/586/555 841/584/554 846/577/547
f 763/524/494 1046/695/643 1044/694/642 729/501/472
f 840/583/553 855/596/562 850/590/556 838/581/551
f 854/595/561 852/594/560 851/600/563 849/591/557
f 855/596/562 854/595/561 849/591/557 850/590/556
f 852/594/560 863/778/714 859/601/564 851/600/563
f 863/778/714 862/779/715 858/602/565 859/601/564
f 893/780/716 892/781/717 888/612/574 889/611/573
f 902/782/718 907/783/719 898/623/582 896/620/579
f 903/784/720 902/782/718 896/620/579 897/619/578
f 761/517/487 763/524/494 729/501/472 769/521/491
f 731/506/476 730/505/475 728/504/474 727/503/473
f 360/319/302 731/785/476 727/786/473 432/318/301
f 730/505/475 724/496/470 729/501/472 728/504/474
f 529/787/721 1121/788/722 1122/789/723 528/790/724
f 505/791/725 1139/792/726 504/382/356 502/381/355
f 482/377/351 484/793/727 476/794/728 480/378/352
f 452/346/323 1057/703/649 1055/702/648 590/430/404
f 1146/433/407 598/432/406 602/441/415 617/438/412
f 610/445/419 612/449/423 603/440/414 601/439/413
f 617/438/412 613/446/420 610/445/419 601/439/413
f 617/438/412 624/452/426 613/446/420
f 424/742/293 1093/795/676 1090/736/679 1091/735/678
f 1092/796/675 346/797/292 1080/734/677 1089/737/680
f 1093/795/676 1092/796/675 1089/737/680 1090/736/679
f 1020/688/636 1025/798/729 1024/799/730 1021/689/637
f 409/666/275 984/670/622 978/669/621 971/667/619
f 410/642/284 931/800/731 927/643/596 922/638/592
f 1169/801/732 1170/802/733 1168/803/734 1167/804/735
f 1178/805/736 1168/803/734 1170/802/733 332/806/737
f 337/807/738 332/806/737 1170/802/733 1169/801/732
f 1179/808/739 337/807/738 1169/801/732 1167/804/735
f 1179/808/739 1174/809/740 1171/810/741 337/807/738
f 1183/811/742 1182/812/743 1194/813/744 1195/814/745
f 1184/815/746 1185/816/747 1187/817/748 1186/818/749
f 1186/818/749 1187/817/748 1202/819/750 1203/820/751
f 1188/821/752 1189/822/753 1205/823/754 1204/824/755
f 1189/822/753 1188/821/752 1206/825/756 1207/826/757
f 1187/817/748 1185/816/747 1178/805/736 1192/827/758
f 1205/823/754 1189/822/753 335/828/759 336/829/760
f 1178/805/736 332/806/737 1207/826/757 1206/825/756
f 1206/825/756 1188/821/752 1192/827/758 1178/805/736
f 1189/822/753 1207/826/757 332/806/737 335/828/759
f 1215/830/761 1213/831/762 1216/832/763 1218/833/764
f 1164/834/765 1165/835/766 1163/836/767
f 1165/835/766 1164/834/765 1167/804/735 1168/803/734
f 1172/837/768 1171/810/741 1174/809/740 1173/838/769
f 1166/839/770 1173/838/769 1174/809/740 1164/834/765
f 1179/808/739 1175/840/771 1164/834/765 1174/809/740
f 1163/836/767 1166/839/770 1164/834/765
f 1179/808/739 1167/804/735 1164/834/765 1175/840/771
f 867/841/772 866/842/773 871/843/774 870/844/775
f 863/778/714 852/594/560 861/845/776 862/779/715
f 869/846/777 866/842/773 867/841/772 1219/847/778
f 862/779/715 861/845/776 860/848/779 858/602/565
f 1219/847/778 867/841/772 860/848/779 861/845/776
f 774/849/780 770/850/781 771/851/782 775/852/783
f 779/853/784 774/849/780 773/854/785
f 775/852/783 764/523/493 773/854/785 774/849/780
f 763/524/494 764/523/493 775/852/783 771/851/782
f 770/850/781 772/855/786 763/524/494 771/851/782
f 779/853/784 773/854/785 783/528/498 777/527/497
f 784/531/501 772/855/786 779/853/784 777/527/497
f 781/532/502 772/855/786 784/531/501 785/530/500
f 774/849/780 779/853/784 772/855/786 770/850/781
f 724/496/470 760/856/787 754/857/788 756/858/789
f 756/858/789 765/525/495 767/519/489 762/518/488
f 768/522/492 724/496/470 756/858/789 762/518/488
f 755/859/790 754/857/788 760/856/787 759/860/791
f 668/861/792 765/525/495 1220/862/793 757/863/794
f 754/857/788 1220/862/793 765/525/495 756/858/789
f 1220/862/793 755/859/790 758/864/795 757/863/794
f 755/859/790 1220/862/793 754/857/788
f 648/865/796 649/866/797 647/474/448 646/473/447
f 650/867/798 651/868/799 649/866/797 1221/869/800
f 670/870/801 1221/869/800 648/865/796 653/871/802
f 651/868/799 645/471/445 654/872/803 649/866/797
f 664/873/804 670/870/801 653/871/802 662/874/805
f 1221/869/800 649/866/797 648/865/796
f 653/871/802 648/865/796 646/473/447 652/875/806
f 654/872/803 642/477/451 647/474/448 649/866/797
f 639/468/442 637/876/807 638/470/444
f 640/877/808 641/472/446 638/470/444 637/876/807
f 645/471/445 641/472/446 640/877/808
f 637/876/807 639/468/442 643/467/441 642/477/451
f 640/877/808 637/876/807 654/872/803
f 654/872/803 637/876/807 642/477/451
f 640/877/808 654/872/803 645/471/445
f 672/878/809 659/879/810 660/880/811 673/881/812
f 661/882/813 662/874/805 660/880/811 659/879/810
f 672/878/809 671/767/704 667/883/814 659/879/810
f 1116/766/703 672/878/809 673/881/812 656/884/815
f 659/879/810 667/883/814 668/861/792 661/882/813
f 656/884/815 643/467/441 1118/885/816 1112/886/817
f 652/875/806 656/884/815 673/881/812 660/880/811
f 653/871/802 652/875/806 660/880/811 662/874/805
f 646/473/447 657/476/450 656/884/815 652/875/806
f 656/884/815 657/476/450 658/475/449 643/467/441
f 1116/766/703 656/884/815 1112/886/817 1114/764/701
f 672/878/809 1116/766/703 671/767/704
f 419/887/288 1104/888/818 1102/750/690 1103/749/689
f 1149/756/693 1104/888/818 419/887/288 1150/757/694
f 1107/889/819 1104/888/818 1149/756/693 1105/759/696
f 1117/890/820 1113/891/821 1112/886/817 1118/885/816
f 1114/764/701 1112/886/817 1113/891/821 1115/765/702
f 1113/891/821 1104/888/818 1115/765/702
f 1115/765/702 1104/888/818 1107/889/819
f 1151/751/691 1102/750/690 1104/888/818 1100/746/686
f 1113/891/821 1100/746/686 1104/888/818
f 663/892/822 664/873/804 662/874/805 661/882/813
f 664/873/804 663/892/822 665/893/823 666/894/824
f 661/882/813 668/861/792 669/895/825 663/892/822
f 739/511/481 663/892/822 669/895/825
f 669/895/825 749/896/826 747/513/483 750/516/486
f 751/515/485 739/511/481 669/895/825 750/516/486
f 669/895/825 668/861/792 757/863/794 758/864/795
f 758/864/795 755/859/790 749/896/826 669/895/825
f 623/453/427 620/897/827 618/454/428 614/447/421
f 624/452/426 617/438/412 620/897/827 623/453/427
f 634/459/433 618/454/428 631/898/828 633/460/434
f 1068/715/661 631/898/828 1067/716/662 1066/713/659
f 629/466/440 631/898/828 1068/715/661 1065/714/660
f 631/898/828 1078/899/829 1076/900/830 1067/716/662
f 1084/901/831 620/897/827 1082/731/674 1083/902/832
f 1084/901/831 618/454/428 620/897/827
f 633/460/434 631/898/828 629/466/440 625/457/431
f 618/454/428 1084/901/831 1078/899/829 631/898/828
f 1077/903/833 1080/734/677 1067/716/662 1076/900/830
f 1091/735/678 1077/903/833 1079/904/834 1081/905/835
f 1083/902/832 1082/731/674 1081/905/835 1079/904/834
f 1087/727/673 423/906/290 1081/905/835 1085/724/670
f 1081/905/835 1082/731/674 1086/725/671 1085/724/670
f 1095/739/682 1081/905/835 423/906/290 1097/740/683
f 1091/735/678 1081/905/835 1095/739/682 1094/738/681
f 1079/904/834 1077/903/833 1076/900/830 1078/899/829
f 1083/902/832 1079/904/834 1078/899/829 1084/901/831
f 1077/903/833 1091/735/678 1080/734/677
f 692/907/836 693/908/837 701/909/838 700/910/839
f 709/911/840 710/912/841 711/913/842 697/914/843
f 707/915/844 358/289/272 403/916/845 708/917/846
f 708/918/846 711/913/842 710/912/841 707/919/844
f 709/911/840 358/920/272 707/919/844 710/912/841
f 708/918/846 403/921/845 697/914/843 711/913/842
f 702/922/847 1144/923/848 701/909/838 1222/924/849
f 702/922/847 1222/924/849 709/911/840 1223/925/850
f 1222/924/849 701/909/838 693/908/837
f 697/914/843 705/926/851 682/927/852
f 682/927/852 1223/925/850 697/914/843
f 703/928/853 705/926/851 697/914/843 403/921/845
f 1223/925/850 709/911/840 697/914/843
f 1223/925/850 682/927/852 1144/923/848 702/922/847
f 532/929/854 1123/930/855 1124/931/856 531/932/857
f 548/933/858 543/393/367 1126/396/370 530/934/859
f 528/790/724 1122/789/723 530/934/859 351/935/860
f 1123/930/855 532/929/854 351/935/860 530/934/859
f 1131/936/861 548/933/858 530/934/859
f 536/937/862 546/938/863 541/391/365 539/390/364
f 536/937/862 539/390/364 538/389/363 544/939/864
f 1127/397/371 536/937/862 544/939/864 1128/398/372
f 536/937/862 1127/397/371 543/393/367 548/933/858
f 548/933/858 1131/936/861 534/940/865 536/937/862
f 1121/788/722 524/941/866 530/934/859 1122/789/723
f 530/934/859 524/941/866 1132/942/867 1131/936/861
f 1138/943/868 515/944/869 516/945/870 1137/946/871
f 1134/388/362 519/947/872 517/948/873 521/384/358
f 515/944/869 517/948/873 519/947/872 1135/949/874
f 524/941/866 519/947/872 1134/388/362 1133/387/361
f 1120/950/875 1119/951/876 519/947/872 524/941/866
f 516/945/870 515/944/869 1135/949/874 1136/952/877
f 1140/386/360 523/953/878 522/954/879 520/383/357
f 523/953/878 557/409/383 567/416/390 573/418/392
f 557/409/383 523/953/878 563/405/379 553/403/377
f 522/954/879 523/953/878 1143/955/880 535/956/881
f 1142/957/882 534/940/865 535/956/881 1143/955/880
f 534/940/865 1142/957/882 546/938/863 536/937/862
f 535/956/881 534/940/865 1131/936/861 1132/942/867
f 524/941/866 1133/387/361 520/383/357 522/954/879
f 522/954/879 535/956/881 1132/942/867 524/941/866
f 569/420/394 570/958/883 574/417/391 566/415/389
f 577/959/884 578/960/885 576/422/396 575/421/395
f 584/961/886 578/960/885 577/959/884 585/962/887
f 580/963/888 577/959/884 575/421/395 579/425/399
f 578/960/885 569/420/394 568/419/393 576/422/396
f 570/958/883 569/420/394 578/960/885 584/961/886
f 523/953/878 573/418/392 574/417/391 570/958/883
f 570/958/883 1143/955/880 523/953/878
f 1129/964/889 541/391/365 546/938/863 537/965/890
f 546/938/863 1142/957/882 537/965/890
f 584/961/886 537/965/890 570/958/883
f 1142/957/882 1143/955/880 570/958/883 537/965/890
f 540/392/366 541/391/365 1130/966/891
f 1129/964/889 1130/966/891 541/391/365
f 451/345/322 470/967/892 468/968/893 466/360/334
f 470/967/892 568/419/393 564/411/385 571/414/388
f 470/967/892 571/414/388 572/413/387 558/407/381
f 470/967/892 451/345/322 583/423/397
f 451/345/322 582/424/398 583/423/397
f 568/419/393 470/967/892 583/423/397 576/422/396
f 475/969/894 476/794/728 484/793/727 483/970/895
f 477/971/896 478/972/897 476/794/728 475/969/894
f 477/971/896 556/410/384 481/380/354 478/972/897
f 480/378/352 476/794/728 478/972/897 481/380/354
f 515/944/869 1138/943/868 510/973/898 517/948/873
f 517/948/873 510/973/898 1141/385/359 521/384/358
f 507/974/899 506/975/900 514/976/901 513/977/902
f 511/978/903 493/374/348 494/376/350 506/975/900
f 514/976/901 506/975/900 494/376/350 495/379/353
f 506/975/900 507/974/899 512/979/904 511/978/903
f 1141/385/359 510/973/898 523/953/878 1140/386/360
f 481/380/354 554/404/378 510/973/898
f 562/406/380 559/980/905 554/404/378
f 554/404/378 559/980/905 510/973/898
f 514/976/901 495/379/353 510/973/898
f 523/953/878 510/973/898 563/405/379
f 562/406/380 563/405/379 559/980/905
f 559/980/905 563/405/379 510/973/898
f 510/973/898 495/379/353 481/380/354
f 588/981/906 589/982/907 587/427/401 586/426/400
f 595/983/908 589/982/907 588/981/906 596/984/909
f 591/712/658 588/981/906 586/426/400 590/430/404
f 589/982/907 580/963/888 579/425/399 587/427/401
f 581/985/910 580/963/888 589/982/907 595/983/908
f 585/962/887 577/959/884 580/963/888 581/985/910
f 581/985/910 1129/964/889 537/965/890
f 537/965/890 584/961/886 585/962/887 581/985/910
f 440/328/310 441/986/911 353/987/257 443/329/311
f 436/326/308 441/986/911 440/328/310 439/327/309
f 441/986/911 444/333/313 447/336/316 353/987/257
f 441/986/911 446/340/317 445/334/314 444/333/313
f 441/986/911 449/342/319 450/341/318 446/340/317
f 449/342/319 441/986/911 452/346/323 454/343/320
f 436/326/308 1052/988/912 1053/989/913 441/986/911
f 441/986/911 1053/989/913 1050/990/914 452/346/323
f 1050/990/914 1053/989/913 1049/991/915
f 1053/989/913 1052/988/912 1049/991/915
f 457/352/328 458/992/916 456/348/325 455/347/324
f 458/992/916 463/993/917 462/357/331 461/356/330
f 458/992/916 457/352/328 467/361/335 469/994/918
f 458/992/916 469/994/918 473/995/919 463/993/917
f 456/348/325 458/992/916 349/996/329 460/349/326
f 469/994/918 467/361/335 466/360/334 468/968/893
f 473/995/919 469/994/918 468/968/893 474/997/920
f 558/407/381 474/997/920 468/968/893 470/967/892
f 475/969/894 479/998/921 472/999/922 477/971/896
f 472/999/922 558/407/381 560/402/376 561/401/375
f 472/999/922 561/401/375 552/400/374 556/410/384
f 474/997/920 558/407/381 472/999/922
f 556/410/384 477/971/896 472/999/922
f 461/356/330 464/359/333 349/996/329 458/992/916
f 1178/805/736 1158/1000/923 1165/835/766 1168/803/734
f 1158/1000/923 1195/814/745 1194/813/744 1193/1001/924
f 1194/813/744 1182/812/743 1190/1002/925 1193/1001/924
f 1184/815/746 1158/1000/923 1178/805/736 1185/816/747
f 1184/815/746 1186/818/749 1191/1003/926 1158/1000/923
f 1191/1003/926 1183/811/742 1195/814/745 1158/1000/923
f 1190/1002/925 1181/1004/927 1196/1005/928 1193/1001/924
f 1197/1006/929 509/1007/930 1193/1001/924 1196/1005/928
f 1137/946/871 509/1007/930 510/973/898 1138/943/868
f 509/1007/930 513/977/902 514/976/901 510/973/898
f 1216/832/763 1217/1008/931 1176/1009/932 1211/1010/933
f 1163/836/767 1165/835/766 1158/1000/923 1176/1009/932
f 1193/1001/924 1161/1011/934 1158/1000/923
f 1161/1011/934 1193/1001/924 509/1007/930 1162/1012/935
f 1161/1011/934 1176/1009/932 1158/1000/923
f 1211/1010/933 1157/1013/936 1218/833/764 1216/832/763
f 1176/1009/932 1161/1011/934 1156/1014/937 1211/1010/933
f 1211/1010/933 1156/1014/937 1157/1013/936
f 911/1015/938 908/1016/939 909/1017/940 910/1018/709
f 908/1016/939 923/1019/941 912/1020/942
f 368/300/283 414/302/285 911/1021/938 910/773/709
f 908/1016/939 912/1020/942 913/768/705 909/1017/940
f 925/1022/594 414/302/285 410/301/284 924/1023/595
f 918/635/589 912/1020/942 923/1019/941 919/636/590
f 912/1020/942 918/635/589 917/634/588 921/639/593
f 923/1019/941 414/1024/285 925/640/594 919/636/590
f 912/1020/942 940/771/708 941/769/706 913/768/705
f 912/1020/942 921/639/593 947/774/710 948/775/711
f 940/771/708 912/1020/942 937/649/602 935/648/601
f 913/768/705 914/630/585 916/633/587 909/1017/940
f 910/1018/709 909/1017/940 916/633/587 915/632/586
f 937/649/602 912/1020/942 948/775/711 943/652/605
f 923/1019/941 908/1016/939 911/1015/938 414/1024/285
f 933/646/599 939/1025/943 938/770/707 934/647/600
f 936/650/603 939/1025/943 933/646/599 932/645/598
f 949/656/609 953/1026/944 945/655/608 950/657/610
f 945/655/608 965/1027/945 966/1028/946 936/650/603
f 959/1029/947 966/1028/946 965/1027/945 960/1030/948
f 936/650/603 966/1028/946 939/1025/943
f 965/1027/945 945/655/608 953/1026/944
f 971/667/619 973/1031/949 969/664/617 967/660/613
f 973/1031/949 971/667/619 978/669/621 980/673/625
f 1013/685/633 1010/684/632 1011/1032/950 1012/1033/951
f 1005/1034/952 973/1031/949 1017/1035/953 1012/1033/951
f 1013/685/633 1012/1033/951 1017/1035/953 1016/1036/954
f 1008/1037/955 973/1031/949 1005/1034/952 1003/1038/956
f 1039/1039/957 1035/690/638 1037/692/640 1038/1040/958
f 981/675/626 982/1041/959 979/672/624 977/668/620
f 991/1042/627 985/1043/960 986/681/629 992/680/628
f 985/1043/960 987/1044/961 988/1045/962 986/681/629
f 991/1042/627 361/1046/279 989/1047/963 985/1043/960
f 982/1041/959 981/675/626 986/681/629 988/1045/962
f 989/1047/963 361/1046/279 996/1048/964 995/1049/965
f 989/1047/963 995/1049/965 994/1050/966 999/1051/967
f 1015/682/630 982/1041/959 1025/798/729 1020/688/636
f 1016/1036/954 982/1041/959 1015/682/630 1013/685/633
f 979/672/624 982/1041/959 973/1031/949 980/673/625
f 973/1031/949 982/1041/959 1016/1036/954 1017/1035/953
f 999/1051/967 987/1044/961 985/1043/960 989/1047/963
f 1027/1052/968 1026/1053/969 1032/1054/970 1031/1055/971
f 1026/1053/969 1027/1052/968 1034/1056/972 1033/1057/973
f 1023/1058/974 1022/1059/975 1018/686/634 1021/689/637
f 1018/686/634 1022/1059/975 1014/683/631 1019/687/635
f 1014/683/631 1022/1059/975 1038/1040/958 1037/692/640
f 1023/1058/974 1031/1055/971 1032/1054/970 1022/1059/975
f 764/523/493 765/525/495 667/883/814 671/767/704
f 772/855/786 781/532/502 841/584/554
f 841/584/554 781/532/502 790/540/510 840/583/553
f 790/540/510 799/548/518 852/594/560 840/583/553
f 799/548/518 808/554/524 861/845/776 852/594/560
f 808/554/524 1351/1060/976 1352/1061/977 861/845/776
f 841/584/554 763/524/494 772/855/786
f 629/466/440 1067/716/662 643/467/441 644/469/443
f 899/629/584 398/1062/978 397/628/270
f 446/340/317 451/345/322 457/352/328
f 427/339/258 446/340/317 352/351/294
f 352/351/294 446/340/317 457/352/328
f 602/441/415 604/442/416 1062/711/657 590/430/404
f 629/466/440 644/469/443 645/471/445 1073/723/669
f 765/525/495 668/861/792 667/883/814
f 833/1063/541 371/1064/536 415/304/287 832/1065/542
f 832/572/542 415/1066/287 830/1067/979 828/569/539
f 1225/1068/980 913/768/705 938/770/707
f 914/630/585 830/1067/979 415/1066/287 418/631/282
f 1225/1068/980 830/1067/979 914/630/585 913/768/705
f 1150/1069/694 419/305/288 344/279/262 1106/1070/695
f 1111/762/699 1108/1071/981 671/767/704 1110/763/700
f 1107/889/819 1105/759/696 1148/761/698 1108/1071/981
f 773/854/785 764/523/493 671/767/704 1108/1071/981
f 1108/1071/981 1111/762/699 1107/889/819
f 1111/762/699 1115/765/702 1107/889/819
f 1124/931/856 550/1072/982 533/1073/983
f 550/1072/982 530/934/859 1126/396/370 1125/395/369
f 550/1072/982 1124/931/856 1123/930/855 530/934/859
f 437/324/307 356/1074/255 435/1075/984 433/321/304
f 425/273/256 356/272/255 437/1076/307 438/1077/306
f 435/1075/984 436/326/308 434/322/305 433/321/304
f 1054/701/647 1056/704/650 1051/1078/985 590/430/404
f 1057/703/649 452/346/323 1051/1078/985 1056/704/650
f 1050/990/914 1049/991/915 1051/1078/985 452/346/323
f 1052/988/912 436/326/308 435/1075/984
f 620/897/827 617/438/412 1051/1078/985 435/1075/984
f 1082/731/674 620/897/827 435/1075/984
f 602/441/415 590/430/404 1051/1078/985 617/438/412
f 356/1074/255 357/730/254 1082/731/674 435/1075/984
f 1051/1078/985 1049/991/915 1052/988/912 435/1075/984
f 1041/1079/986 398/1062/978 899/629/584 1039/1039/957
f 810/1080/987 809/1081/988 804/551/521 805/550/520
f 1180/1082/989 1181/1004/927 1198/1083/990 1199/1084/991
f 1181/1004/927 1180/1082/989 1197/1006/929 1196/1005/928
f 1197/1006/929 1180/1082/989 508/1085/992 509/1007/930
f 508/1085/992 507/974/899 513/977/902 509/1007/930
f 782/529/499 780/1086/993 778/533/503 776/526/496
f 791/537/507 789/1087/994 788/541/511 786/534/504
f 792/536/506 780/1086/993 789/1087/994 791/537/507
f 778/533/503 780/1086/993 792/536/506 787/535/505
f 800/545/515 798/1088/995 797/549/519 795/542/512
f 801/544/514 789/1087/994 798/1088/995 800/545/515
f 788/541/511 789/1087/994 801/544/514 796/543/513
f 797/549/519 798/1088/995 810/1080/987 805/550/520
f 773/854/785 780/1086/993 782/529/499 783/528/498
f 1109/1089/996 1108/1071/981 1148/761/698 1147/760/697
f 1147/760/697 1106/758/695 344/1090/262 1109/1089/996
f 780/1086/993 773/854/785 1108/1071/981 1109/1089/996
f 382/1091/261 1109/1089/996 344/1090/262
f 1109/1089/996 382/1091/261 789/1087/994 780/1086/993
f 960/1030/948 957/1092/997 958/1093/998 959/1029/947
f 965/1027/945 953/1026/944 962/1094/999 960/1030/948
f 1005/1034/952 1004/1095/1000 1000/1096/1001 1003/1038/956
f 1011/1032/950 1004/1095/1000 1005/1034/952 1012/1033/951
f 1014/683/631 1004/1095/1000 1011/1032/950 1010/684/632
f 1037/692/640 1036/691/639 1004/1095/1000 1014/683/631
f 1218/833/764 1157/1013/936 1214/1097/1002 1215/830/761
f 1157/1013/936 1156/1014/937 1160/1098/1003 1214/1097/1002
f 72/268/251 340/269/252 73/1099/1004
f 276/1100/1005 331/1101/1006 73/1099/1004
f 72/268/251 73/1099/1004 331/1101/1006 336/1102/760
f 1182/812/743 1183/811/742 1200/1103/1007 1201/1104/1008
f 276/1105/1005 1200/1103/1007 1183/811/742 1191/1003/926
f 1202/819/750 1187/817/748 1192/827/758 331/1106/1006
f 336/829/760 331/1106/1006 1204/824/755 1205/823/754
f 1192/827/758 1188/821/752 1204/824/755 331/1106/1006
f 1191/1003/926 1186/818/749 1203/820/751 276/1105/1005
f 431/1107/1009 339/1108/1010 429/1109/349
f 504/1110/356 1139/1111/726 431/1107/1009 429/1109/349
f 505/791/725 503/1112/1011 431/1113/1009 1139/792/726
f 503/1112/1011 505/791/725 502/381/355 493/374/348
f 508/1085/992 1180/1082/989 1199/1084/991 503/1112/1011
f 511/978/903 512/979/904 503/1112/1011 493/374/348
f 512/979/904 507/974/899 508/1085/992 503/1112/1011
f 341/1114/1012 340/269/252 338/270/253
f 341/1114/1012 338/270/253 339/1108/1010
f 341/1114/1012 339/1108/1010 431/1107/1009
f 277/1115/1013 503/1116/1011 1199/1117/991 1198/1118/990
f 277/1119/1013 1198/1083/990 1181/1004/927 1190/1002/925
f 276/1105/1005 277/1119/1013 1201/1104/1008 1200/1103/1007
f 1190/1002/925 1182/812/743 1201/1104/1008 277/1119/1013
f 503/1116/1011 341/1114/1012 431/1107/1009
f 341/1114/1012 503/1116/1011 277/1115/1013
f 73/1099/1004 277/1120/1013 276/1100/1005
f 73/1099/1004 340/269/252 341/1114/1012 277/1120/1013
f 1203/820/751 1202/819/750 331/1106/1006 276/1105/1005
f 681/1121/1014 676/480/454 675/479/453
f 675/479/453 679/483/457 681/1121/1014
f 550/1072/982 1125/395/369 542/394/368 547/1122/1015
f 542/394/368 1128/398/372 544/939/864 547/1122/1015
f 683/1123/1016 681/1121/1014 679/483/457 686/485/459
f 622/450/424 619/1124/1017 606/443/417 621/451/425
f 635/464/438 619/1124/1017 616/456/430 628/462/436
f 636/463/437 632/1125/1018 619/1124/1017 635/464/438
f 630/465/439 632/1125/1018 636/463/437 627/461/435
f 619/1124/1017 699/488/462 1145/490/464 606/443/417
f 1073/723/669 632/1125/1018 1071/721/667 1069/717/663
f 1072/722/668 632/1125/1018 630/465/439 1070/718/664
f 632/1125/1018 1072/722/668 1071/721/667
f 616/456/430 619/1124/1017 622/450/424 611/448/422
f 606/443/417 680/491/465 674/478/452 677/481/455
f 696/1126/1019 680/491/465 690/486/460 698/489/463
f 680/491/465 691/487/461 690/486/460
f 740/1127/1020 734/509/479 733/508/478
f 700/910/839 701/909/838 680/491/465
f 692/907/836 694/1128/1021 695/1129/1022 693/908/837
f 709/911/840 1222/924/849 693/908/837 695/1129/1022
f 680/491/465 682/927/852 678/482/456 674/478/452
f 1144/923/848 682/927/852 680/491/465 701/909/838
f 358/920/272 709/911/840 695/1129/1022 1224/1130/271
f 699/488/462 619/1124/1017 696/1126/1019 698/489/463
f 696/1126/1019 694/1128/1021 680/491/465
f 700/910/839 680/491/465 694/1128/1021 692/907/836
f 666/894/824 655/1131/1023 670/870/801 664/873/804
f 735/510/480 734/509/479 746/1132/1024 655/1131/1023
f 655/1131/1023 739/511/481 735/510/480
f 650/867/798 655/1131/1023 645/471/445 651/868/799
f 650/867/798 1221/869/800 670/870/801 655/1131/1023
f 665/893/823 655/1131/1023 666/894/824
f 665/893/823 663/892/822 739/511/481 655/1131/1023
f 1073/723/669 645/471/445 655/1131/1023 632/1125/1018
f 743/1133/1025 655/1131/1023 746/1132/1024
f 740/1127/1020 743/1133/1025 746/1132/1024 734/509/479
f 632/1125/1018 743/1133/1025 696/1126/1019 619/1124/1017
f 743/1133/1025 632/1125/1018 655/1131/1023
f 742/1134/1026 694/1128/1021 696/1126/1019 743/1133/1025
f 737/1135/1027 744/1136/1028 741/1137/1029
f 742/1134/1026 741/1137/1029 744/1136/1028
f 733/508/478 737/1135/1027 741/1137/1029
f 740/1127/1020 733/508/478 741/1137/1029
f 743/1133/1025 740/1127/1020 741/1137/1029 742/1134/1026
f 51/1138/1030 1231/1139/1031 1230/1140/1032 263/1141/1033
f 1389/1142/1034 1354/1143/1035 1390/1144/1036
f 117/1145/1037 292/1146/1038 1238/1147/1039 1237/1148/1040
f 1241/80/80 1240/84/84 292/1146/1038 117/1145/1037
f 51/1138/1030 1247/93/93 1246/1149/1041 52/1150/1042
f 1248/94/94 1247/93/93 51/1138/1030 263/1141/1033
f 263/1141/1033 262/308/291 422/236/219 1248/94/94
f 1249/99/99 426/239/222 269/240/223 268/97/97
f 61/36/36 1250/98/98 1249/99/99 268/97/97
f 1251/1151/1043 1250/98/98 61/36/36 63/39/39
f 57/46/46 1258/32/32 1257/35/35 58/47/47
f 57/46/46 286/87/87 1259/88/88 1258/32/32
f 284/86/86 285/243/226 287/1152/1044 286/87/87
f 1259/88/88 1260/1153/1045 289/1154/1046 288/82/82
f 288/82/82 289/1154/1046 291/244/227 290/83/83
f 291/244/227 289/1154/1046 403/916/845 358/289/272
f 287/1152/1044 285/243/226 351/1155/860 354/1156/1047
f 355/1157/1048 403/916/845 289/1154/1046 1260/1153/1045
f 705/926/851 703/928/853 704/1158/1049 706/1159/1050
f 703/1160/853 403/916/845 355/1157/1048 704/1161/1049
f 531/1162/857 354/1156/1047 351/1155/860 532/1163/854
f 531/932/857 1124/931/856 533/1073/983 354/1164/1047
f 355/1165/1048 684/1166/1051 706/1159/1050 704/1158/1049
f 682/927/852 684/1166/1051 687/484/458 678/482/456
f 706/1159/1050 684/1166/1051 682/927/852 705/926/851
f 684/1166/1051 355/1165/1048 354/1164/1047 533/1073/983
f 533/1073/983 550/1072/982 684/1166/1051
f 684/1166/1051 550/1072/982 547/1122/1015
f 683/1123/1016 684/1166/1051 547/1122/1015
f 286/87/87 287/1152/1044 1260/1153/1045 1259/88/88
f 684/1166/1051 683/1123/1016 686/485/459 687/484/458
f 355/1157/1048 1260/1153/1045 287/1152/1044 354/1156/1047
f 1261/2/2 1/17/17 166/18/18 1262/3/3
f 1263/116/116 1262/141/3 166/137/18 136/112/112
f 136/112/112 131/111/111 1264/117/117 1263/116/116
f 131/111/111 197/61/61 1265/51/51 1264/117/117
f 79/60/60 1266/48/48 1265/51/51 197/61/61
f 32/193/176 1267/188/171 1266/48/48 79/60/60
f 251/207/190 1268/204/187 1267/188/171 32/193/176
f 1269/223/206 1268/204/187 251/207/190 294/214/197
f 306/286/269 307/1167/1052 1270/219/202 394/252/235
f 252/1168/1053 1271/212/195 1270/219/202 307/1167/1052
f 1272/190/173 1271/212/195 252/1168/1053 35/1169/1054
f 35/1169/1054 80/1170/1055 1273/53/53 1272/190/173
f 1274/54/54 1273/53/53 80/1170/1055 190/128/128
f 1275/124/124 1274/54/54 190/128/128 160/100/100
f 1276/125/125 1275/124/124 160/100/100 124/103/103
f 259/235/218 1280/220/203 1279/222/205 315/232/215
f 1281/197/180 1280/220/203 259/235/218 40/196/179
f 1282/62/62 1281/197/180 40/196/179 88/155/140
f 1283/63/63 1282/62/62 88/155/140 182/158/143
f 1284/120/120 1283/63/63 182/158/143 140/159/144
f 1285/121/121 1284/120/120 140/159/144 141/178/163
f 141/178/163 170/1171/1056 1286/142/20 1285/121/121
f 298/249/232 299/215/198 1288/217/200 406/250/233
f 258/208/191 1289/210/193 1288/217/200 299/215/198
f 1290/200/183 1289/210/193 258/208/191 181/194/177
f 200/1172/1057 1237/1148/1040 1238/1147/1039 320/1173/1058
f 49/1174/1059 200/1172/1057 1291/1175/1060 1292/1176/1061
f 1291/1175/1060 200/1172/1057 320/1173/1058 321/1177/1062
f 321/1177/1062 323/230/213 44/228/211 1291/1175/1060
f 323/230/213 321/1177/1062 322/1178/1063 324/256/239
f 387/315/298 324/256/239 322/1178/1063 385/317/300
f 1292/1176/1061 1291/1175/1060 44/228/211 45/202/185
f 1231/1139/1031 120/1179/1064 311/1180/1065 1230/1140/1032
f 41/1181/1066 330/1182/1067 318/1183/1068 48/1184/1069
f 311/1180/1065 120/1179/1064 1296/1185/1070 1297/1186/1071
f 312/1187/1072 317/1188/1073 381/277/260 343/276/259
f 1297/1186/1071 1296/1185/1070 48/1184/1069 318/1183/1068
f 312/1187/1072 1297/1186/1071 318/1183/1068 317/1188/1073
f 1301/234/217 1300/233/216 330/1182/1067 41/1181/1066
f 1302/195/178 1301/234/217 41/1181/1066 47/1189/1074
f 47/1189/1074 91/1190/1075 1303/156/141 1302/195/178
f 1304/157/142 1303/156/141 91/1190/1075 184/1191/1076
f 1305/160/145 1304/157/142 184/1191/1076 139/1192/1077
f 384/1193/1078 416/298/281 415/304/287 371/1064/536
f 316/1194/1079 417/255/238 416/298/281 384/1193/1078
f 824/568/538 820/562/532 821/565/535 825/1195/1080
f 1279/222/205 417/255/238 316/1194/1079 315/232/215
f 155/1196/1081 1312/131/131 1311/172/157 156/1197/1082
f 155/1196/1081 187/68/68 1313/71/71 1312/131/131
f 92/67/67 1314/70/70 1313/71/71 187/68/68
f 1315/199/182 1314/70/70 92/67/67 43/203/186
f 261/229/212 1316/225/208 1315/199/182 43/203/186
f 326/231/214 1317/226/209 1316/225/208 261/229/212
f 325/257/240 1318/258/241 1317/226/209 326/231/214
f 190/128/128 80/1170/1055 83/1198/1083 192/126/126
f 82/1199/1084 85/1200/1085 194/129/129 191/127/127
f 85/1200/1085 84/1201/138 193/130/130 194/129/129
f 82/1199/1084 1320/1202/1086 37/1203/1087 85/1200/1085
f 36/1204/1088 83/1198/1083 80/1170/1055 35/1169/1054
f 38/1205/184 84/1201/138 85/1200/1085 37/1203/1087
f 255/1206/1089 256/1207/192 38/1205/184 37/1203/1087
f 1320/1202/1086 1321/1208/1090 255/1206/1089 37/1203/1087
f 35/1169/1054 252/1168/1053 254/1209/1091 36/1204/1088
f 256/1207/192 255/1206/1089 303/1210/1092 301/1211/199
f 1321/1208/1090 1322/1212/1093 303/1210/1092 255/1206/1089
f 305/1213/1094 254/1209/1091 252/1168/1053 307/1167/1052
f 302/1214/1095 300/1215/234 301/1211/199 303/1210/1092
f 1322/1212/1093 1323/1216/1096 302/1214/1095 303/1210/1092
f 306/286/269 304/1217/1097 305/1213/1094 307/1167/1052
f 1323/1216/1096 1324/1218/1098 376/1219/1099 302/1214/1095
f 365/1220/1100 363/1221/1101 376/1219/1099 1324/1218/1098
f 375/1222/1102 304/1217/1097 306/286/269 374/285/268
f 375/1222/1102 398/1223/978 365/1220/1100 1324/1218/1098
f 398/1223/978 375/1222/1102 374/285/268 397/287/270
f 377/1224/274 300/1215/234 302/1214/1095 376/1219/1099
f 1039/1039/957 1038/1040/958 1042/1225/1103 1041/1079/986
f 1028/1226/1104 365/1227/1100 1042/1225/1103
f 398/1223/978 1041/1228/986 1042/1229/1103 365/1220/1100
f 1022/1059/975 1032/1054/970 1026/1053/969 1028/1226/1104
f 1028/1226/1104 1042/1225/1103 1038/1040/958 1022/1059/975
f 365/1227/1100 1028/1226/1104 1030/1230/1105
f 1026/1053/969 1033/1057/973 1028/1226/1104
f 1028/1226/1104 1033/1057/973 1030/1230/1105
f 1033/1231/973 1034/1232/972 1030/1233/1105
f 363/1221/1101 365/1220/1100 1030/1233/1105 1034/1232/972
f 83/1198/1083 36/1204/1088 1320/1202/1086 82/1199/1084
f 191/127/127 192/126/126 83/1198/1083 82/1199/1084
f 1321/1208/1090 1320/1202/1086 36/1204/1088 254/1209/1091
f 1322/1212/1093 1321/1208/1090 254/1209/1091 305/1213/1094
f 1323/1216/1096 1322/1212/1093 305/1213/1094 304/1217/1097
f 1324/1218/1098 1323/1216/1096 304/1217/1097 375/1222/1102
f 345/755/685 342/1234/1106 420/306/289 419/305/288
f 310/1235/1107 420/306/289 342/1234/1106
f 1229/1236/1108 310/1235/1107 342/1234/1106 1228/1237/1109
f 1228/1237/1109 421/1238/1110 346/309/292
f 1154/1239/1111 1099/748/688 1098/747/687 1153/1240/1112
f 1099/1241/688 1154/1242/1111 421/1238/1110 345/755/685
f 1153/1240/1112 1101/1243/1113 421/1244/1110 1154/1239/1111
f 1153/1240/1112 1098/747/687 1100/746/686 1101/1243/1113
f 1100/746/686 1113/891/821 1117/890/820 1101/1243/1113
f 1118/885/816 643/467/441 1101/1243/1113 1117/890/820
f 346/797/292 421/1244/1110 1101/1243/1113 1080/734/677
f 1080/734/677 1101/1243/1113 643/467/441 1067/716/662
f 346/309/292 262/308/291 1229/1236/1108 1228/1237/1109
f 1229/1236/1108 262/308/291 263/1141/1033 1230/1140/1032
f 310/1235/1107 1229/1236/1108 1230/1140/1032 311/1180/1065
f 312/1187/1072 310/1235/1107 311/1180/1065 1297/1186/1071
f 312/1187/1072 343/276/259 420/306/289 310/1235/1107
f 345/755/685 421/1238/1110 1228/1237/1109 342/1234/1106
f 295/1245/1114 294/214/197 297/213/196 296/248/231
f 295/1245/1114 296/248/231 379/293/276 380/1246/1115
f 380/1246/1115 411/303/286 412/246/229 295/1245/1114
f 928/1247/1116 1404/1248/1117 926/644/597 927/643/596
f 927/643/596 931/800/731 930/1249/1118 928/1247/1116
f 294/214/197 295/1245/1114 412/246/229 1269/223/206
f 362/1250/1119 408/1251/1120 407/290/273 377/291/274
f 378/295/278 407/290/273 408/1251/1120 361/296/279
f 987/1044/961 999/1051/967 990/1252/1121
f 987/1044/961 990/1252/1121 982/1041/959 988/1045/962
f 990/1252/1121 999/1051/967 994/1050/966 998/1253/1122
f 1025/798/729 982/1041/959 990/1252/1121 1024/799/730
f 1031/1055/971 990/1252/1121 1029/1254/1123 1027/1052/968
f 1024/799/730 990/1252/1121 1023/1058/974 1021/689/637
f 1031/1055/971 1023/1058/974 990/1252/1121
f 993/1255/1124 994/1050/966 995/1049/965 996/1048/964
f 993/1255/1124 997/1256/1125 998/1253/1122 994/1050/966
f 363/1257/1101 1034/1056/972 1027/1052/968 1029/1254/1123
f 1029/1254/1123 997/1256/1125 363/1257/1101
f 1029/1254/1123 990/1252/1121 998/1253/1122 997/1256/1125
f 997/1258/1125 993/1259/1124 362/1250/1119
f 362/1250/1119 993/1259/1124 408/1251/1120
f 363/1221/1101 362/1260/1119 377/1224/274 376/1219/1099
f 996/1261/964 361/296/279 408/1251/1120 993/1259/1124
f 997/1262/1125 362/1260/1119 363/1221/1101
f 226/175/160 222/165/150 221/1263/1126 225/1264/1127
f 221/1263/1126 222/165/150 224/163/148 223/1265/1128
f 223/1265/1128 224/163/148 230/162/147 229/1266/1129
f 228/169/154 227/1267/1130 229/1266/1129 230/162/147
f 1325/1268/1131 1326/1269/1132 221/1270/1126 223/1271/1128
f 1326/1269/1132 1327/1272/1133 225/1273/1127 221/1270/1126
f 1328/1274/1134 1329/1275/1135 229/1276/1129 227/1277/1130
f 1329/1275/1135 1325/1268/1131 223/1271/1128 229/1276/1129
f 1327/1272/1133 1330/1278/1136 231/1279/1137 225/1273/1127
f 227/1267/1130 228/169/154 236/174/159 235/1280/1138
f 235/1280/1138 236/174/159 237/182/167
f 1331/1281/1139 1328/1274/1134 227/1277/1130 235/1282/1138
f 237/182/167 245/1283/1140 235/1280/1138
f 232/1284/1141 226/175/160 225/1264/1127 231/1285/1137
f 1330/1278/1136 1332/1286/1142 234/1287/1143 231/1279/1137
f 233/1288/1144 232/1284/1141 231/1285/1137 234/1289/1143
f 245/1283/1140 237/182/167 219/180/165 220/187/168
f 15/186/170 244/1290/1145 220/183/168
f 244/1290/1145 245/1291/1140 220/183/168
f 244/1290/1145 1331/1281/1139 235/1282/1138
f 245/1291/1140 244/1290/1145 235/1282/1138
f 1332/1286/1142 1333/1292/1146 238/1293/1147 234/1287/1143
f 248/1294/1148 233/1288/1144 234/1289/1143 238/1295/1147
f 1333/1292/1146 239/1296/1149 238/1293/1147
f 249/1297/1150 248/1294/1148 238/1295/1147 239/1298/1149
f 247/1299/1151 249/1297/1150 239/1298/1149
f 1333/1292/1146 1335/1300/1152 239/1296/1149
f 938/770/707 939/1025/943 1226/1301/1153 1225/1068/980
f 963/1302/1154 939/1025/943 966/1028/946 959/1029/947
f 1226/1301/1153 939/1025/943 963/1302/1154 1227/1303/1155
f 907/783/719 901/1304/1156 899/629/584 898/623/582
f 1039/1039/957 899/629/584 1040/1305/1157 1035/690/638
f 1004/1095/1000 1036/691/639 1035/690/638 1040/1305/1157
f 901/1304/1156 1040/1305/1157 899/629/584
f 285/243/226 283/242/225 350/1306/1158 351/1155/860
f 525/1307/1159 350/1306/1158 347/1308/1160 526/1309/1161
f 528/1310/724 351/1155/860 350/1306/1158 529/1311/721
f 525/1312/1159 526/1313/1161 527/1314/1162
f 527/1314/1162 526/1313/1161 1120/950/875
f 526/1313/1161 1119/951/876 1120/950/875
f 1119/951/876 526/1313/1161 347/1315/1160 404/1316/1163
f 1121/788/722 529/787/721 350/1317/1158 524/941/866
f 350/1317/1158 525/1312/1159 524/941/866
f 525/1312/1159 527/1314/1162 524/941/866
f 524/941/866 527/1314/1162 1120/950/875
f 519/947/872 1119/951/876 404/1316/1163
f 404/1316/1163 1136/952/877 1135/949/874 519/947/872
f 1137/946/871 516/945/870 518/1318/1164 509/1007/930
f 1155/1319/1165 1162/1012/935 509/1007/930 518/1318/1164
f 1162/1012/935 1155/1319/1165 1156/1014/937 1161/1011/934
f 1136/952/877 404/1316/1163 405/1320/1166
f 1136/952/877 405/1320/1166 518/1318/1164 516/945/870
f 1155/1319/1165 518/1318/1164 405/1320/1166 1159/1321/1167
f 1156/1014/937 1155/1319/1165 1159/1321/1167 1160/1098/1003
f 405/1320/1166 404/1316/1163 347/1315/1160
f 108/1322/1168 103/76/76 22/26/26 27/31/31
f 77/1323/1169 69/45/45 103/76/76 108/1322/1168
f 76/1324/1170 67/42/42 69/45/45 77/1323/1169
f 67/42/42 76/1324/1170 280/1325/1171 282/85/85
f 1337/1326/1172 334/1327/1173 281/1328/1174 280/1325/1171
f 1337/1326/1172 280/1325/1171 76/1324/1170 1338/1329/1175
f 107/1330/1176 108/1322/1168 27/31/31 29/259/242
f 107/1330/1176 75/1331/1177 77/1323/1169 108/1322/1168
f 75/1331/1177 1338/1329/1175 76/1324/1170 77/1323/1169
f 31/262/245 105/267/250 106/1332/1178 28/260/243
f 106/1332/1178 107/1330/1176 29/259/242 28/260/243
f 74/1333/1179 335/1334/759 332/1335/737
f 337/1336/738 75/1331/1177 74/1333/1179 332/1335/737
f 74/1333/1179 75/1331/1177 107/1330/1176 106/1332/1178
f 279/1337/1180 1210/1338/1181 1215/830/761 1214/1097/1002
f 1214/1097/1002 1160/1098/1003 279/1337/1180
f 72/268/251 74/1333/1179 106/1332/1178 105/267/250
f 74/1333/1179 72/268/251 336/1102/760 335/1334/759
f 280/1325/1171 281/1328/1174 283/242/225 282/85/85
f 283/242/225 281/1328/1174 347/1308/1160 350/1306/1158
f 405/1339/1166 347/1308/1160 281/1328/1174 334/1327/1173
f 334/1327/1173 279/1340/1180 405/1339/1166
f 405/1339/1166 279/1340/1180 1160/1341/1003 1159/1342/1167
f 243/1343/1182 247/1344/1151 239/1296/1149
f 241/1345/1183 246/1346/1184 233/1288/1144 248/1294/1148
f 1306/179/164 1305/160/145 139/1192/1077 143/1347/1185
f 240/1348/1186 144/1349/1187 241/1345/1183
f 248/1294/1148 249/1297/1150 240/1348/1186 241/1345/1183
f 240/1348/1186 249/1297/1150 247/1299/1151 242/1350/1188
f 247/1344/1151 243/1343/1182 242/1351/1188
f 158/171/156 159/122/122 174/1352/1189 175/1353/1190
f 1311/172/157 158/171/156 175/1353/1190 1310/1354/1191
f 156/1197/1082 1311/172/157 1310/1354/1191 173/181/166
f 1334/1355/1192 243/1343/1182 239/1296/1149 1335/1300/1152
f 124/103/103 123/102/102 161/134/7 162/1356/1193
f 159/122/122 1276/125/125 1277/1357/1194 174/1352/1189
f 1276/125/125 124/103/103 162/1356/1193 1277/1357/1194
f 3/1358/1195 12/1359/1196 175/1360/1190 174/1361/1189
f 1310/1362/1191 175/1360/1190 12/1359/1196 1309/1363/1197
f 173/184/166 1310/1362/1191 1309/1363/1197 16/185/169
f 170/1364/1056 11/1365/1198 1287/19/19 1286/20/20
f 5/6/6 4/1366/1199 162/1367/1193 161/7/7
f 1278/1368/1200 3/1358/1195 174/1361/1189 1277/1369/1194
f 4/1366/1199 1278/1368/1200 1277/1369/1194 162/1367/1193
f 902/782/718 900/1370/1201 901/1304/1156 907/783/719
f 957/1092/997 960/1030/948 962/1094/999 961/1371/1202
f 1040/1305/1157 901/1304/1156 900/1370/1201 961/1371/1202
f 888/612/574 892/781/717 891/1372/1203 890/618/577
f 890/618/577 891/1372/1203 903/784/720 897/619/578
f 958/1093/998 964/1373/1204 963/1302/1154 959/1029/947
f 903/784/720 891/1372/1203 900/1370/1201 902/782/718
f 964/1373/1204 958/1093/998 957/1092/997 961/1371/1202
f 891/1372/1203 961/1371/1202 900/1370/1201
f 891/1372/1203 964/1373/1204 961/1371/1202
f 881/605/568 885/1374/1205 884/1375/1206 880/606/569
f 875/1376/1207 874/1377/1208 872/1378/1209 876/1379/1210
f 874/1377/1208 875/1376/1207 885/1374/1205 881/605/568
f 875/1376/1207 876/1379/1210 877/1380/1211 1352/1061/977
f 826/564/534 827/563/533 823/1381/1212 1351/1060/976
f 822/567/537 823/1381/1212 827/563/533 820/562/532
f 834/574/544 823/1381/1212 822/567/537 829/570/540
f 1351/1060/976 823/1381/1212 875/1376/1207 1352/1061/977
f 835/573/543 831/1382/1213 823/1381/1212 834/574/544
f 830/1067/979 831/1382/1213 835/573/543 828/569/539
f 1226/1301/1153 831/1382/1213 830/1067/979 1225/1068/980
f 831/1382/1213 1226/1301/1153 1227/1303/1155
f 885/1374/1205 875/1376/1207 883/1383/1214 884/1375/1206
f 893/780/716 883/1383/1214 891/1372/1203 892/781/717
f 880/606/569 884/1375/1206 883/1383/1214 882/610/572
f 882/610/572 883/1383/1214 893/780/716 889/611/573
f 1336/1384/1215 831/1382/1213 1227/1303/1155
f 1336/1384/1215 883/1383/1214 875/1376/1207 831/1382/1213
f 1336/1384/1215 1227/1303/1155 963/1302/1154 964/1373/1204
f 883/1383/1214 1336/1384/1215 964/1373/1204 891/1372/1203
f 831/1382/1213 875/1376/1207 823/1381/1212
f 388/1385/1216 327/254/237 1318/258/241 1319/1386/1217
f 370/1387/1218 1319/1386/1217 389/1388/1219
f 373/281/264 308/253/236 327/254/237 388/1385/1216
f 373/281/264 388/1385/1216 393/1389/1220 369/283/266
f 389/1388/1219 1319/1386/1217 390/312/295 853/314/297
f 325/257/240 390/312/295 1319/1386/1217 1318/258/241
f 389/1388/1219 853/314/297 864/1390/567 865/1391/566
f 370/1387/1218 389/1388/1219 870/1392/775 871/1393/774
f 876/1379/1210 872/1378/1209 873/1394/1221 877/1380/1211
f 873/1394/1221 872/1378/1209 879/1395/1222 878/1396/1223
f 878/1396/1223 370/1397/1218 868/1398/1224 873/1394/1221
f 393/1389/1220 370/1387/1218 878/1399/1223 879/1400/1222
f 874/1377/1208 393/1401/1220 879/1395/1222 872/1378/1209
f 886/608/571 393/1401/1220 874/1377/1208 881/605/568
f 369/283/266 393/1389/1220 886/1402/571 887/1403/570
f 868/1398/1224 370/1397/1218 871/843/774 866/842/773
f 860/848/779 389/1404/1219 865/603/566 858/602/565
f 870/844/775 389/1404/1219 860/848/779 867/841/772
f 868/1398/1224 1352/1061/977 877/1380/1211 873/1394/1221
f 866/842/773 869/846/777 1352/1061/977 868/1398/1224
f 388/1385/1216 1319/1386/1217 370/1387/1218 393/1389/1220
f 688/1405/1225 677/481/455 676/480/454 689/1406/1226
f 595/983/908 549/1407/1227 581/985/910
f 596/984/909 588/981/906 591/712/658 592/1408/1228
f 1062/711/657 592/1408/1228 1060/709/655 1058/705/651
f 1061/710/656 592/1408/1228 591/712/658 1059/706/652
f 592/1408/1228 1061/710/656 1060/709/655
f 1130/966/891 1129/964/889 581/985/910 549/1407/1227
f 549/1407/1227 595/983/908 596/984/909 592/1408/1228
f 607/437/411 605/1409/1229 604/442/416 600/435/409
f 608/436/410 606/443/417 605/1409/1229 607/437/411
f 688/1405/1225 605/1409/1229 606/443/417 677/481/455
f 685/1410/1230 605/1409/1229 688/1405/1225 689/1406/1226
f 681/1121/1014 685/1410/1230 689/1406/1226 676/480/454
f 1062/711/657 604/442/416 605/1409/1229 592/1408/1228
f 544/939/864 538/389/363 540/392/366 545/1411/1231
f 683/1123/1016 685/1410/1230 681/1121/1014
f 547/1122/1015 544/939/864 545/1411/1231
f 683/1123/1016 547/1122/1015 545/1411/1231 685/1410/1230
f 592/1408/1228 545/1411/1231 549/1407/1227
f 545/1411/1231 592/1408/1228 605/1409/1229 685/1410/1230
f 540/392/366 1130/966/891 549/1407/1227 545/1411/1231
f 1238/1147/1039 401/1412/1232 319/1413/1233 320/1173/1058
f 319/1413/1233 401/1412/1232 400/1414/1234 386/320/303
f 386/320/303 400/1414/1234 399/498/471 360/319/302
f 716/1415/1235 712/1416/1236 713/1417/1237 717/1418/1238
f 292/1146/1038 293/1419/1239 401/1412/1232 1238/1147/1039
f 1240/84/84 1239/245/228 293/1419/1239 292/1146/1038
f 320/1173/1058 319/1413/1233 322/1178/1063 321/1177/1062
f 319/1413/1233 386/320/303 385/317/300 322/1178/1063
f 359/1420/1240 1339/1421/1241 293/1419/1239
f 1339/1421/1241 400/1414/1234 401/1412/1232 293/1419/1239
f 359/1420/1240 293/1419/1239 1239/245/228 1224/288/271
f 733/508/478 732/507/477 736/1422/1242 737/1135/1027
f 737/1135/1027 736/1422/1242 745/1423/1243 744/1136/1028
f 715/1424/1244 742/1134/1026 744/1136/1028 745/1423/1243
f 694/1128/1021 742/1134/1026 715/1424/1244 695/1129/1022
f 359/1425/1240 715/1424/1244 717/1418/1238 713/1417/1237
f 715/1424/1244 359/1425/1240 1224/1130/271 695/1129/1022
f 748/514/484 747/513/483 753/1426/1245 752/1427/1246
f 718/1428/1247 721/1429/1248 720/1430/1249 399/1431/471
f 720/1430/1249 724/496/470 725/495/469 726/494/468
f 714/1432/1250 736/1422/1242 732/507/477 738/512/482
f 752/1427/1246 714/1432/1250 738/512/482 748/514/484
f 720/1430/1249 714/1432/1250 752/1427/1246 753/1426/1245
f 720/1430/1249 753/1426/1245 747/513/483 749/896/826
f 399/1431/471 720/1430/1249 726/494/468 723/493/467
f 724/496/470 720/1430/1249 759/860/791 760/856/787
f 749/896/826 755/859/790 759/860/791 720/1430/1249
f 402/1433/1251 399/498/471 400/1414/1234
f 716/1415/1235 714/1432/1250 402/1434/1251 712/1416/1236
f 402/1433/1251 359/1420/1240 713/1435/1237 712/1436/1236
f 721/1429/1248 718/1428/1247 719/1437/1252 1340/1438/1253
f 718/1439/1247 399/498/471 402/1433/1251 719/1440/1252
f 717/1418/1238 715/1424/1244 714/1432/1250 716/1415/1235
f 715/1424/1244 745/1423/1243 736/1422/1242 714/1432/1250
f 1339/1421/1241 359/1420/1240 402/1433/1251
f 400/1414/1234 1339/1421/1241 402/1433/1251
f 719/1437/1252 402/1434/1251 714/1432/1250 1340/1438/1253
f 1340/1438/1253 714/1432/1250 720/1430/1249 721/1429/1248
f 1213/831/762 1212/1441/1254 1217/1008/931 1216/832/763
f 1166/839/770 1177/1442/1255 1173/838/769
f 1177/1442/1255 1176/1009/932 1217/1008/931 1212/1441/1254
f 1163/836/767 1176/1009/932 1177/1442/1255 1166/839/770
f 1210/1338/1181 1208/1443/1256 1213/831/762 1215/830/761
f 278/1444/1257 1208/1443/1256 1210/1338/1181 279/1337/1180
f 279/1340/1180 334/1327/1173 1337/1326/1172 278/1445/1257
f 1208/1443/1256 1209/1446/1258 1212/1441/1254 1213/831/762
f 75/1331/1177 337/1336/738 333/1447/1259
f 333/1448/1259 337/807/738 1171/810/741 1172/837/768
f 1209/1446/1258 333/1448/1259 1177/1442/1255 1212/1441/1254
f 1177/1442/1255 333/1448/1259 1173/838/769
f 1172/837/768 1173/838/769 333/1448/1259
f 1338/1329/1175 333/1447/1259 278/1445/1257 1337/1326/1172
f 1338/1329/1175 75/1331/1177 333/1447/1259
f 278/1444/1257 333/1448/1259 1209/1446/1258 1208/1443/1256
f 271/241/224 273/1449/1260 272/96/96 270/95/95
f 274/266/249 272/96/96 273/1449/1260 275/1450/1261
f 339/1108/1010 338/270/253 274/266/249 275/1450/1261
f 271/241/224 352/311/294 349/355/329 273/1449/1260
f 428/1451/1262 273/1449/1260 349/355/329
f 428/1451/1262 348/1452/1263 275/1450/1261 273/1449/1260
f 429/1109/349 339/1108/1010 275/1450/1261 430/1453/1264
f 428/1451/1262 349/355/329 464/1454/333 465/1455/332
f 428/1456/1262 465/358/332 462/357/331 463/993/917
f 487/365/339 428/1456/1262 463/993/917 485/362/336
f 348/1452/1263 428/1451/1262 487/1457/339 488/1458/338
f 490/366/340 501/1459/1265 500/1460/1266 489/367/341
f 429/1109/349 430/1453/1264 490/1461/340 496/1462/343
f 501/1463/1265 490/1461/340 430/1453/1264 348/1452/1263
f 482/377/351 471/1464/1267 483/970/895 484/793/727
f 486/363/337 471/1464/1267 348/1465/1263 488/364/338
f 463/993/917 471/1464/1267 486/363/337 485/362/336
f 348/1465/1263 471/1464/1267 500/1460/1266
f 348/1465/1263 500/1460/1266 501/1459/1265
f 483/970/895 471/1464/1267 479/998/921 475/969/894
f 474/997/920 472/999/922 471/1464/1267 473/995/919
f 463/993/917 473/995/919 471/1464/1267
f 500/1460/1266 471/1464/1267 482/377/351
f 489/367/341 500/1460/1266 482/377/351
f 348/1452/1263 430/1453/1264 275/1450/1261
f 921/639/593 926/644/597 1404/1248/1117 1405/1466/1268
f 921/639/593 1405/1466/1268 955/777/713 956/776/712
f 974/1467/1269 972/1468/1270 968/661/614 970/665/618
f 1001/1469/1271 1002/1470/1272 1003/1038/956 1000/1096/1001
f 955/777/713 1405/1466/1268 954/1471/1273 952/659/612
f 1009/1472/1274 1002/1470/1272 1006/1473/1275 974/1467/1269
f 1009/1472/1274 1008/1037/955 1003/1038/956 1002/1470/1272
f 954/1471/1273 953/1026/944 949/656/609 952/659/612
f 969/664/617 973/1031/949 974/1467/1269 970/665/618
f 974/1467/1269 973/1031/949 1008/1037/955 1009/1472/1274
f 1006/1473/1275 953/1026/944 954/1471/1273 1341/1474/1276
f 1001/1469/1271 1007/1475/1277 1006/1473/1275 1002/1470/1272
f 1004/1095/1000 1007/1475/1277 1001/1469/1271 1000/1096/1001
f 1007/1475/1277 962/1094/999 953/1026/944 1006/1473/1275
f 413/1476/1278 410/301/284 411/303/286 380/1246/1115
f 380/1246/1115 379/293/276 409/292/275 367/1477/1279
f 929/1478/1280 1405/1479/1268 1404/1248/1117 928/1247/1116
f 931/1480/731 410/301/284 413/1476/1278 930/1481/1118
f 409/292/275 975/1482/616 367/1477/1279
f 367/1477/1279 975/1482/616 976/1483/615
f 930/1249/1118 413/1484/1278 929/1478/1280 928/1247/1116
f 1341/1474/1276 954/1471/1273 1405/1466/1268 1342/1485/1281
f 1342/1485/1281 1405/1479/1268 1343/1486/1282
f 1343/1486/1282 1405/1479/1268 929/1478/1280
f 929/1478/1280 413/1484/1278 367/1487/1279 972/1468/1270
f 972/1468/1270 367/1487/1279 976/662/615 968/661/614
f 413/1476/1278 380/1246/1115 367/1477/1279
f 1040/1305/1157 1007/1475/1277 1004/1095/1000
f 1007/1475/1277 1040/1305/1157 961/1371/1202 962/1094/999
f 1341/1474/1276 974/1467/1269 1006/1473/1275
f 1342/1485/1281 974/1467/1269 1341/1474/1276
f 1343/1486/1282 972/1468/1270 974/1467/1269 1342/1485/1281
f 929/1478/1280 972/1468/1270 1343/1486/1282
f 317/1188/1073 318/1183/1068 330/1182/1067 329/1488/1283
f 391/1489/1284 392/1490/1285 382/278/261 381/277/260
f 317/1188/1073 329/1488/1283 391/1489/1284 381/277/260
f 817/558/528 814/557/527 806/555/525 807/1491/1286
f 809/1081/988 807/1491/1286 806/555/525 804/551/521
f 810/1080/987 798/1088/995 807/1491/1286 809/1081/988
f 798/1088/995 789/1087/994 392/1492/1285
f 798/1088/995 392/1492/1285 807/1491/1286
f 789/1087/994 382/1091/261 392/1492/1285
f 315/232/215 316/1194/1079 1299/1493/1287 1300/233/216
f 316/1194/1079 384/1193/1078 1298/1494/1288 1299/1493/1287
f 384/1193/1078 371/1064/536 372/1495/1289 1298/1494/1288
f 816/559/529 372/1496/1289 815/1497/1290 813/556/526
f 372/1495/1289 816/1498/529 817/1499/528 807/1500/1286
f 371/1064/536 824/1501/538 825/1502/1080 372/1495/1289
f 815/1497/1290 372/1496/1289 825/1195/1080 821/565/535
f 372/1495/1289 807/1500/1286 392/1490/1285
f 391/1489/1284 1298/1494/1288 372/1495/1289
f 1299/1493/1287 1298/1494/1288 391/1489/1284 329/1488/1283
f 1300/233/216 1299/1493/1287 329/1488/1283 330/1182/1067
f 372/1495/1289 392/1490/1285 391/1489/1284
f 226/175/160 232/1284/1141 215/1503/1291 210/176/161
f 215/1503/1291 217/1504/1292 209/177/162 210/176/161
f 215/1503/1291 246/1346/1184 203/1505/1293
f 246/1346/1184 215/1503/1291 232/1284/1141 233/1288/1144
f 246/1346/1184 241/1345/1183 144/1349/1187 203/1505/1293
f 1351/1060/976 815/1497/1290 821/565/535 826/564/534
f 1351/1060/976 819/560/530 813/556/526 815/1497/1290
f 1351/1060/976 808/554/524 818/561/531 819/560/530
f 1352/1061/977 869/846/777 1219/847/778 861/845/776
f 1388/1506/1294 1353/1507/1295 1354/1143/1035 1389/1142/1034
f 143/1347/1185 139/1192/1077 142/1508/1296 144/1349/1187
f 217/1504/1292 215/1503/1291 203/1505/1293 211/1509/1297
f 211/1509/1297 203/1505/1293 144/1349/1187 142/1508/1296
f 1344/1510/1298 216/1511/1299 217/1504/1292 211/1509/1297
f 1355/1512/1300 211/1509/1297 142/1508/1296
f 211/1509/1297 145/1513/1301 1344/1510/1298
f 1355/1512/1300 145/1513/1301 211/1509/1297
f 1350/1514/1302 1234/1515/1303 1386/1516/1304
f 185/69/69 187/68/68 155/1196/1081 151/1517/1305
f 214/170/155 213/161/146 204/1518/1306
f 156/1197/1082 153/1519/1307 151/1517/1305 155/1196/1081
f 153/1519/1307 172/173/158 214/170/155 204/1518/1306
f 153/1519/1307 156/1197/1082 173/181/166 172/173/158
f 213/161/146 207/164/149 206/167/152 212/1520/1308
f 152/1521/1309 151/1517/1305 153/1519/1307 204/1518/1306
f 204/1518/1306 213/161/146 212/1520/1308 152/1521/1309
f 1420/1522/1310 1418/1523/1311 1432/1524/1312
f 1420/1522/1310 1432/1524/1312 1422/1525/1313
f 139/1192/1077 184/1191/1076 183/1526/1314 142/1508/1296
f 151/1517/1305 152/1521/1309 186/1527/1315 185/69/69
f 209/177/162 208/1528/1316 147/1529/1317 146/168/153
f 208/1528/1316 1410/1530/1318 148/1531/1319 147/1529/1317
f 216/1511/1299 1410/1530/1318 208/1528/1316
f 217/1504/1292 216/1511/1299 208/1528/1316 209/177/162
f 1413/1532/1320 148/1531/1319 1410/1530/1318
f 216/1511/1299 1344/1510/1298 1414/1533/1321 1410/1530/1318
f 206/167/152 146/168/153 147/1529/1317 150/1534/1322
f 1406/1535/1323 1424/1536/1324 1408/1537/1325
f 1419/1538/1326 1421/1539/1327 1411/1540/1328 1415/1541/1329
f 1421/1539/1327 1419/1538/1326 1418/1523/1311 1420/1522/1310
f 1410/1530/1318 1414/1533/1321 1415/1541/1329 1411/1540/1328
f 1501/1542/1330 1500/1543/1331 1387/1544/1332 1448/1545/1333
f 1436/1546/1334 1418/1523/1311 1419/1538/1326
f 1434/1547/1335 1432/1524/1312 1418/1523/1311 1436/1546/1334
f 1463/1548/1336 1454/1549/1337 1459/1550/1338 1464/1551/1339
f 48/1184/1069 46/1552/1340 47/1189/1074 41/1181/1066
f 48/1184/1069 1296/1185/1070 1295/1553/1341 46/1552/1340
f 142/1508/1296 183/1526/1314 1356/1554/1342 1355/1512/1300
f 46/1552/1340 90/1555/1343 91/1190/1075 47/1189/1074
f 184/1191/1076 91/1190/1075 90/1555/1343 183/1526/1314
f 183/1526/1314 90/1555/1343 1356/1554/1342
f 1356/1554/1342 90/1555/1343 1442/1556/1344
f 90/1555/1343 46/1552/1340 111/1557/1345 1442/1556/1344
f 1294/1558/1346 111/1557/1345 46/1552/1340 1295/1553/1341
f 1419/1538/1326 1441/1559/1347 1437/1560/1348 1436/1546/1334
f 1437/1560/1348 1441/1559/1347 1465/1561/1349
f 1460/1562/1350 1437/1560/1348 1438/1563/1351 1462/1564/1352
f 1460/1562/1350 1434/1547/1335 1436/1546/1334 1437/1560/1348
f 1464/1551/1339 1459/1550/1338 1460/1562/1350
f 1462/1564/1352 1461/1565/1353 1463/1548/1336 1464/1551/1339
f 1460/1562/1350 1462/1564/1352 1464/1551/1339
f 1417/1566/1354 1416/1567/1355 145/1513/1301
f 1416/1567/1355 1417/1566/1354 1439/1568/1356 1415/1541/1329
f 1415/1541/1329 1414/1533/1321 1416/1567/1355
f 1417/1566/1354 145/1513/1301 1355/1512/1300 1356/1554/1342
f 1440/1569/1357 1417/1566/1354 1356/1554/1342 1442/1556/1344
f 1415/1541/1329 1439/1568/1356 1441/1559/1347 1419/1538/1326
f 1438/1563/1351 1440/1569/1357 1442/1556/1344
f 1465/1561/1349 1441/1559/1347 1439/1568/1356 1466/1570/1358
f 1462/1564/1352 1438/1563/1351 1442/1556/1344 111/1557/1345
f 1461/1565/1353 1462/1564/1352 111/1557/1345
f 145/1513/1301 1416/1567/1355 1414/1533/1321 1344/1510/1298
f 1440/1569/1357 1466/1570/1358 1417/1566/1354
f 1466/1570/1358 1439/1568/1356 1417/1566/1354
f 1465/1561/1349 1438/1563/1351 1437/1560/1348
f 1466/1570/1358 1440/1569/1357 1438/1563/1351 1465/1561/1349
f 1497/1571/1359 1494/1572/1360 1493/1573/1361 1357/1574/1362
f 1495/1575/1363 1494/1572/1360 1497/1571/1359 1496/1576/1364
f 212/1520/1308 206/167/152 150/1534/1322 1403/1577/1365
f 212/1520/1308 1403/1577/1365 1402/1578/1366 152/1521/1309
f 1402/1578/1366 186/1527/1315 152/1521/1309
f 150/1534/1322 147/1529/1317 148/1531/1319 1365/1579/1367
f 1403/1577/1365 150/1534/1322 1365/1579/1367
f 1366/1580/1368 1365/1579/1367 1435/1581/1369 1370/1582/1370
f 1366/1580/1368 1402/1578/1366 1403/1577/1365 1365/1579/1367
f 1365/1579/1367 148/1531/1319 1413/1532/1320 1435/1581/1369
f 1423/1583/1371 1424/1536/1324 1372/1584/1372
f 1402/1578/1366 1479/1585/1373 1443/1586/1374 186/1527/1315
f 1366/1580/1368 1370/1582/1370 1446/1587/1375 1479/1585/1373
f 1370/1582/1370 1423/1583/1371 1445/1588/1376 1446/1587/1375
f 1423/1583/1371 1372/1584/1372 1444/1589/1377 1445/1588/1376
f 1402/1578/1366 1366/1580/1368 1479/1585/1373
f 1446/1587/1375 1480/1590/1378 1443/1586/1374 1479/1585/1373
f 1480/1590/1378 1446/1587/1375 1445/1588/1376 1481/1591/1379
f 121/1592/1380 93/66/66 185/69/69 186/1527/1315
f 1443/1586/1374 121/1592/1380 186/1527/1315
f 1481/1591/1379 1447/1593/1381 1443/1586/1374 1480/1590/1378
f 1444/1589/1377 1447/1593/1381 1481/1591/1379 1445/1588/1376
f 1447/1593/1381 121/1592/1380 1443/1586/1374
f 1364/1594/1382 1372/1584/1372 1424/1536/1324 1406/1535/1323
f 1444/1589/1377 1372/1584/1372 1364/1594/1382
f 1406/1535/1323 1407/1595/1383 1364/1594/1382
f 109/1596/1384 45/202/185 93/66/66 121/1592/1380
f 109/1596/1384 121/1592/1380 1447/1593/1381
f 1444/1589/1377 1364/1594/1382 1474/1597/1385 1447/1593/1381
f 1474/1597/1385 109/1596/1384 1447/1593/1381
f 1486/1598/1386 1474/1597/1385 1364/1594/1382 1407/1595/1383
f 1486/1598/1386 1484/1599/1387 1474/1597/1385
f 1485/1600/1388 1483/1601/1389 1484/1599/1387 1486/1598/1386
f 1293/1602/1390 1292/1176/1061 45/202/185 109/1596/1384
f 1234/1515/1303 1357/1574/1362 1493/1573/1361 1386/1516/1304
f 1503/1603/1391 1367/1604/1392 1502/1605/1393
f 1507/1606/1394 1385/1607/1395 1506/1608/1396
f 1502/1605/1393 1367/1604/1392 1513/1609/1397
f 1565/1610/1398 1556/1611/1399 1557/1612/1400 1564/1613/1401
f 1389/1142/1034 1555/1614/1402 1388/1506/1294
f 1388/1506/1294 1555/1614/1402 1556/1611/1399 1458/1615/1403
f 1448/1545/1333 1563/1616/1404 1557/1612/1400 1501/1542/1330
f 1517/1617/1405 1565/1610/1398 1564/1613/1401 1516/1618/1406
f 1458/1615/1403 1556/1611/1399 1565/1610/1398 1517/1617/1405
f 1542/1619/1407 1544/1620/1408 1543/1621/1409
f 1542/1619/1407 1489/1622/1410 1451/1623/1411 1544/1620/1408
f 1449/1624/1412 1543/1621/1409 1544/1620/1408 1470/1625/1413
f 1449/1624/1412 1515/1626/1414 1514/1627/1415 1471/1628/1416
f 1471/1628/1416 1533/1629/1417 1543/1621/1409 1449/1624/1412
f 1573/1630/1418 1533/1629/1417 1471/1628/1416
f 1573/1630/1418 1471/1628/1416 1514/1627/1415 1574/1631/1419
f 1542/1619/1407 1534/1632/1420 1378/1633/1421 1450/1619/1422
f 1534/1632/1420 1542/1619/1407 1543/1621/1409 1533/1629/1417
f 1494/1572/1360 1561/1634/1423 1493/1573/1361
f 1507/1606/1394 1525/1635/1424 1508/1636/1425
f 1506/1608/1396 1524/1637/1426 1525/1635/1424 1507/1606/1394
f 1514/1627/1415 1532/1638/1427 1574/1631/1419
f 1562/1639/1428 1532/1638/1427 1514/1627/1415 1515/1626/1414
f 1561/1634/1423 1520/1640/1429 1386/1516/1304 1493/1573/1361
f 1524/1637/1426 1576/1641/1430 1561/1634/1423 1525/1635/1424
f 1576/1641/1430 1520/1640/1429 1561/1634/1423
f 1387/1544/1332 1531/1642/1431 1563/1616/1404 1448/1545/1333
f 1521/1643/1432 1531/1642/1431 1387/1544/1332 1350/1514/1302
f 1562/1639/1428 1563/1616/1404 1531/1642/1431 1532/1638/1427
f 1572/1644/1433 1574/1631/1419 1532/1638/1427
f 1533/1629/1417 1573/1630/1418 1572/1644/1433 1575/1645/1434
f 1386/1516/1304 1520/1640/1429 1521/1643/1432 1350/1514/1302
f 1572/1644/1433 1521/1643/1432 1520/1640/1429
f 1575/1645/1434 1572/1644/1433 1520/1640/1429 1576/1641/1430
f 1572/1644/1433 1573/1630/1418 1574/1631/1419
f 1532/1638/1427 1531/1642/1431 1521/1643/1432 1572/1644/1433
f 1231/1139/1031 51/1138/1030 52/1150/1042 1232/1646/1435
f 120/1179/1064 1231/1139/1031 1232/1646/1435 110/1647/1436
f 1296/1185/1070 120/1179/1064 110/1647/1436 1295/1553/1341
f 1449/1624/1412 1470/1625/1413 202/1648/1437
f 1233/1649/1438 202/1648/1437 110/1647/1436 1232/1646/1435
f 202/1648/1437 1294/1558/1346 1295/1553/1341 110/1647/1436
f 1564/1613/1401 1557/1612/1400 1563/1616/1404
f 1516/1618/1406 1578/1650/1439 202/1648/1437 1233/1649/1438
f 1563/1616/1404 1562/1639/1428 1577/1651/1440 1564/1613/1401
f 1577/1651/1440 1562/1639/1428 1515/1626/1414 1578/1650/1439
f 1516/1618/1406 1564/1613/1401 1577/1651/1440 1578/1650/1439
f 1578/1650/1439 1515/1626/1414 1449/1624/1412 202/1648/1437
f 1377/1652/1441 1491/1653/1442 1450/1619/1422 1378/1633/1421
f 1461/1565/1353 111/1557/1345 1294/1558/1346 1469/1654/1443
f 1470/1625/1413 1469/1654/1443 1294/1558/1346 202/1648/1437
f 1544/1620/1408 1451/1623/1411 1469/1654/1443 1470/1625/1413
f 1542/1619/1407 1450/1619/1422 1491/1653/1442 1489/1622/1410
f 1451/1623/1411 1489/1622/1410 1488/1655/1444
f 1382/1656/1445 1492/1657/1446 1571/1658/1447 1381/1659/1448
f 201/1660/1449 49/1174/1059 1292/1176/1061 1293/1602/1390
f 1508/1636/1425 1525/1635/1424 1560/1661/1450 1509/1662/1451
f 1237/1148/1040 1236/1663/1452 50/1664/1453 117/1145/1037
f 1242/81/81 1241/80/80 117/1145/1037 50/1664/1453
f 1236/1663/1452 1237/1148/1040 200/1172/1057 49/1174/1059
f 1235/1665/1454 1236/1663/1452 49/1174/1059 201/1660/1449
f 1509/1662/1451 1510/1666/1455 1235/1665/1454
f 1488/1655/1444 1489/1622/1410 1487/1667/1456 1490/1668/1457
f 1377/1652/1441 1487/1667/1456 1489/1622/1410 1491/1653/1442
f 1498/1669/1458 1357/1574/1362 1234/1515/1303
f 1234/1515/1303 1350/1514/1302 1499/1670/1459 1498/1669/1458
f 1350/1514/1302 1387/1544/1332 1500/1543/1331 1499/1670/1459
f 1556/1611/1399 1555/1614/1402 1554/1671/1460 1557/1612/1400
f 1500/1543/1331 1554/1671/1460 1499/1670/1459
f 1557/1612/1400 1554/1671/1460 1500/1543/1331 1501/1542/1330
f 1457/1672/1461 1353/1507/1295 1388/1506/1294 1458/1615/1403
f 1457/1672/1461 1518/1673/1462 1353/1507/1295
f 1580/1674/1463 1518/1673/1462 1457/1672/1461
f 1457/1672/1461 1458/1615/1403 1517/1617/1405 118/1675/1464
f 1580/1674/1463 1568/1676/1465 1566/1677/1466 1518/1673/1462
f 1517/1617/1405 1516/1618/1406 1233/1649/1438 118/1675/1464
f 118/1675/1464 1233/1649/1438 1232/1646/1435 52/1150/1042
f 1457/1672/1461 118/1675/1464 1580/1674/1463
f 1568/1676/1465 1569/1678/1467 1567/1679/1468 1566/1677/1466
f 1581/1680/1469 1569/1678/1467 1568/1676/1465 1580/1674/1463
f 1540/1681/1470 1536/1682/1471 1535/1683/1472 1539/1684/1473
f 1367/1604/1392 1503/1603/1391 1504/1685/1474 1368/1686/1475
f 1473/1687/1476 1505/1688/1477 1537/1689/1478
f 1473/1687/1476 1368/1686/1475 1504/1685/1474 1505/1688/1477
f 1503/1603/1391 1536/1682/1471 1504/1685/1474
f 1504/1685/1474 1536/1682/1471 1540/1681/1470 1505/1688/1477
f 1236/1663/1452 1235/1665/1454 119/1690/1479 50/1664/1453
f 1505/1688/1477 1540/1681/1470 1537/1689/1478
f 1538/1691/1480 1539/1684/1473 1472/1692/1481
f 1537/1689/1478 1540/1681/1470 1539/1684/1473 1538/1691/1480
f 1243/1693/1482 1537/1689/1478 1538/1691/1480
f 1243/1693/1482 1242/81/81 50/1664/1453 119/1690/1479
f 1537/1689/1478 1243/1693/1482 119/1690/1479 1473/1687/1476
f 1591/1694/1483 1598/1695/1484 1597/1696/1485 1590/1697/1486
f 1583/1698/1487 1592/1699/1488 1582/1700/1489
f 1597/1696/1485 1594/1701/1490 1585/1702/1491 1590/1697/1486
f 1453/1703/1492 1454/1549/1337 1463/1548/1336
f 1463/1548/1336 1461/1565/1353 1453/1703/1492
f 1453/1703/1492 1452/1704/1493 1468/1705/1494 1431/1706/1495
f 1461/1565/1353 1469/1654/1443 1452/1704/1493 1453/1703/1492
f 1469/1654/1443 1451/1623/1411 1488/1655/1444 1452/1704/1493
f 1600/1707/1496 1584/1708/1497 1583/1698/1487 1430/1709/1498
f 1430/1709/1498 1583/1698/1487 1582/1700/1489
f 1467/1710/1499 1490/1668/1457 1584/1708/1497
f 1468/1705/1494 1490/1668/1457 1467/1710/1499
f 1490/1668/1457 1487/1667/1456 1585/1702/1491 1584/1708/1497
f 1468/1705/1494 1452/1704/1493 1488/1655/1444 1490/1668/1457
f 1584/1708/1497 1594/1701/1490 1592/1699/1488 1583/1698/1487
f 1585/1702/1491 1594/1701/1490 1584/1708/1497
f 1600/1707/1496 1467/1710/1499 1584/1708/1497
f 1600/1707/1496 1430/1709/1498 1431/1706/1495
f 1431/1706/1495 1468/1705/1494 1467/1710/1499 1600/1707/1496
f 1492/1657/1446 1547/1711/1500 1374/1712/1501 1571/1658/1447
f 1380/1713/1502 1381/1659/1448 1571/1658/1447 1375/1714/1503
f 1571/1658/1447 1374/1712/1501 1375/1714/1503
f 1380/1713/1502 1375/1714/1503 1589/1715/1504
f 1591/1694/1483 1379/1716/1505 1380/1713/1502 1589/1715/1504
f 1599/1717/1506 1598/1695/1484 1591/1694/1483 1589/1715/1504
f 1375/1714/1503 1374/1712/1501 1586/1718/1507 1601/1719/1508
f 1601/1719/1508 1589/1715/1504 1375/1714/1503
f 1599/1717/1506 1589/1715/1504 1601/1719/1508
f 1486/1598/1386 1407/1595/1383 1428/1720/1509 1485/1600/1388
f 1594/1701/1490 1593/1721/1510 1592/1699/1488
f 1598/1695/1484 1593/1721/1510 1594/1701/1490 1597/1696/1485
f 1596/1722/1511 1593/1721/1510 1598/1695/1484 1599/1717/1506
f 1586/1718/1507 1596/1722/1511 1599/1717/1506 1601/1719/1508
f 1524/1637/1426 1519/1723/1512 1576/1641/1430
f 1522/1724/1513 1534/1632/1420 1533/1629/1417 1575/1645/1434
f 1519/1723/1512 1522/1724/1513 1575/1645/1434 1576/1641/1430
f 1522/1724/1513 1519/1723/1512 1379/1716/1505 1349/1725/1514
f 1378/1633/1421 1534/1632/1420 1522/1724/1513 1349/1725/1514
f 1376/1726/1515 1487/1667/1456 1377/1652/1441
f 1377/1652/1441 1378/1633/1421 1349/1725/1514 1376/1726/1515
f 1590/1697/1486 1376/1726/1515 1349/1725/1514
f 1585/1702/1491 1487/1667/1456 1376/1726/1515
f 1376/1726/1515 1590/1697/1486 1585/1702/1491
f 1590/1697/1486 1349/1725/1514 1379/1716/1505 1591/1694/1483
f 1539/1684/1473 1535/1683/1472 1395/1727/1516 1472/1692/1481
f 1247/93/93 53/90/90 54/1728/1517 1246/1149/1041
f 53/90/90 55/89/89 113/1729/1518 54/1728/1517
f 1250/98/98 1251/1151/1043 113/1729/1518 55/89/89
f 1616/1730/1519 1369/1731/1520 1346/1732/1521 1613/1733/1522
f 149/1734/1523 1345/1735/1524 1346/1732/1521 1369/1731/1520
f 1613/1733/1522 95/1736/1525 112/1737/1526 1616/1730/1519
f 1242/81/81 1243/1693/1482 116/1738/1527 115/79/79
f 116/1738/1527 1243/1693/1482 1538/1691/1480
f 1252/1739/1528 1251/1151/1043 63/39/39 100/73/73
f 1253/1740/1529 1252/1739/1528 100/73/73 25/29/29
f 1254/1741/1530 1253/1740/1529 25/29/29 18/22/22
f 1253/1740/1529 1254/1741/1530 112/1737/1526 95/1736/1525
f 1620/1742/1531 1622/1743/1532 1252/1739/1528 1253/1740/1529
f 1622/1743/1532 1620/1742/1531 1619/1744/1533
f 95/1736/1525 1613/1733/1522 1619/1744/1533 1620/1742/1531
f 1253/1740/1529 95/1736/1525 1620/1742/1531
f 1345/1735/1524 1347/1745/1534 1346/1732/1521
f 1456/1746/1535 1567/1679/1468 1569/1678/1467 1581/1680/1469
f 1245/1747/1536 118/1675/1464 52/1150/1042 1246/1149/1041
f 1580/1674/1463 118/1675/1464 1245/1747/1536 1581/1680/1469
f 1252/1739/1528 94/1748/1537 113/1729/1518 1251/1151/1043
f 1619/1744/1533 1618/1749/1538 1621/1750/1539 1622/1743/1532
f 54/1728/1517 94/1748/1537 1245/1747/1536 1246/1149/1041
f 54/1728/1517 113/1729/1518 94/1748/1537
f 1346/1732/1521 1618/1749/1538 1619/1744/1533 1613/1733/1522
f 1621/1750/1539 94/1748/1537 1622/1743/1532
f 1622/1743/1532 94/1748/1537 1252/1739/1528
f 1621/1750/1539 1618/1749/1538 1617/1751/1540
f 1347/1745/1534 1617/1751/1540 1618/1749/1538 1346/1732/1521
f 1245/1747/1536 94/1748/1537 1621/1750/1539
f 1581/1680/1469 1245/1747/1536 1455/1752/1541
f 1455/1752/1541 1456/1746/1535 1581/1680/1469
f 1456/1746/1535 1455/1752/1541 1348/1753/1542 1391/1754/1543
f 1347/1745/1534 1348/1753/1542 1455/1752/1541 1617/1751/1540
f 1621/1750/1539 1617/1751/1540 1455/1752/1541 1245/1747/1536
f 1472/1692/1481 1625/1755/1544 116/1738/1527 1538/1691/1480
f 1625/1755/1544 1476/1756/1545 116/1738/1527
f 1606/1757/1546 1397/1758/1547 149/1734/1523 1358/1759/1548
f 1606/1757/1546 1359/1760/1549 1401/1761/1550 1400/1762/1551
f 1401/1761/1550 1359/1760/1549 1476/1756/1545 1625/1755/1544
f 1369/1731/1520 1616/1730/1519 1615/1763/1552 1360/1764/1553
f 116/1738/1527 1476/1756/1545 1477/1765/1554
f 1358/1759/1548 1360/1764/1553 1359/1760/1549
f 1359/1760/1549 1360/1764/1553 1624/1766/1555 1476/1756/1545
f 1369/1731/1520 1360/1764/1553 1358/1759/1548 149/1734/1523
f 1624/1766/1555 1477/1765/1554 1476/1756/1545
f 1472/1692/1481 1395/1727/1516 1401/1761/1550 1625/1755/1544
f 1606/1757/1546 1358/1759/1548 1359/1760/1549
f 1398/1767/1556 1345/1735/1524 149/1734/1523 1397/1758/1547
f 1347/1745/1534 1345/1735/1524 1398/1767/1556
f 1347/1745/1534 1398/1767/1556 1607/1768/1557 1348/1753/1542
f 1604/1769/1558 1394/1770/1559 1393/1771/1560 1244/1772/1561
f 1361/1773/1562 1400/1762/1551 1401/1761/1550
f 1399/1774/1563 1400/1762/1551 1361/1773/1562
f 1399/1774/1563 1610/1775/1564 1400/1762/1551
f 1361/1773/1562 1610/1775/1564 1399/1774/1563
f 1244/1772/1561 1611/1776/1565 1604/1769/1558
f 1607/1768/1557 1612/1777/1566 1608/1778/1567
f 1244/1772/1561 1393/1771/1560 1392/1779/1568 1605/1780/1569
f 1605/1780/1569 1611/1776/1565 1244/1772/1561
f 1605/1780/1569 1392/1779/1568 1391/1754/1543
f 1608/1778/1567 1396/1781/1570 1607/1768/1557
f 1608/1778/1567 1612/1777/1566 1396/1781/1570
f 1348/1753/1542 1607/1768/1557 1396/1781/1570
f 1348/1753/1542 1396/1781/1570 1605/1780/1569 1391/1754/1543
f 1606/1757/1546 1400/1762/1551 1610/1775/1564 1609/1782/1571
f 1606/1757/1546 1609/1782/1571 1397/1758/1547
f 1398/1767/1556 1609/1782/1571 1612/1777/1566 1607/1768/1557
f 1397/1758/1547 1609/1782/1571 1398/1767/1556
f 1612/1777/1566 1611/1776/1565 1605/1780/1569 1396/1781/1570
f 1612/1777/1566 1609/1782/1571 1611/1776/1565
f 1611/1776/1565 1610/1775/1564 1361/1773/1562 1604/1769/1558
f 1611/1776/1565 1609/1782/1571 1610/1775/1564
f 1353/1507/1295 1527/1783/1572 1354/1143/1035
f 1527/1783/1572 1529/1784/1573 1390/1144/1036 1354/1143/1035
f 1390/1144/1036 1529/1784/1573 1555/1614/1402 1389/1142/1034
f 1529/1784/1573 1527/1783/1572 1526/1785/1574 1528/1786/1575
f 1555/1614/1402 1529/1784/1573 1553/1787/1576 1554/1671/1460
f 1499/1670/1459 1554/1671/1460 1553/1787/1576 1498/1669/1458
f 1553/1787/1576 1528/1786/1575 1530/1788/1577
f 1566/1677/1466 1527/1783/1572 1353/1507/1295 1518/1673/1462
f 1566/1677/1466 1567/1679/1468 1526/1785/1574 1527/1783/1572
f 1535/1683/1472 1536/1682/1471 1530/1788/1577 1528/1786/1575
f 1502/1605/1393 1530/1788/1577 1536/1682/1471 1503/1603/1391
f 1535/1683/1472 1528/1786/1575 1393/1771/1560 1394/1770/1559
f 1567/1679/1468 1456/1746/1535 1391/1754/1543 1526/1785/1574
f 1528/1786/1575 1526/1785/1574 1392/1779/1568 1393/1771/1560
f 1392/1779/1568 1526/1785/1574 1391/1754/1543
f 1529/1784/1573 1528/1786/1575 1553/1787/1576
f 1395/1727/1516 1604/1769/1558 1361/1773/1562 1401/1761/1550
f 1395/1727/1516 1394/1770/1559 1604/1769/1558
f 1395/1727/1516 1535/1683/1472 1394/1770/1559
f 1525/1635/1424 1561/1634/1423 1558/1789/1578 1560/1661/1450
f 1558/1789/1578 1561/1634/1423 1494/1572/1360 1495/1575/1363
f 1510/1666/1455 1473/1687/1476 119/1690/1479 1235/1665/1454
f 1255/1790/1579 1254/1741/1530 18/22/22 17/21/21
f 97/77/77 1256/1791/1580 1255/1790/1579 17/21/21
f 58/47/47 1257/35/35 1256/1791/1580 97/77/77
f 1254/1741/1530 1255/1790/1579 98/1792/1581 112/1737/1526
f 1257/35/35 59/34/34 96/1793/1582 1256/1791/1580
f 115/79/79 116/1738/1527 96/1793/1582 59/34/34
f 1478/1794/1583 98/1792/1581 1255/1790/1579
f 1614/1795/1584 96/1793/1582 116/1738/1527 1477/1765/1554
f 1623/1796/1585 1615/1763/1552 98/1792/1581 1478/1794/1583
f 98/1792/1581 1615/1763/1552 1616/1730/1519 112/1737/1526
f 1614/1795/1584 1478/1794/1583 96/1793/1582
f 1478/1794/1583 1614/1795/1584 1623/1796/1585
f 1360/1764/1553 1615/1763/1552 1623/1796/1585 1624/1766/1555
f 1614/1795/1584 1477/1765/1554 1624/1766/1555 1623/1796/1585
f 96/1793/1582 1478/1794/1583 1255/1790/1579 1256/1791/1580
f 1595/1797/1586 1593/1721/1510 1596/1722/1511
f 1408/1537/1325 1424/1536/1324 1423/1583/1371 1409/1798/1587
f 1408/1537/1325 1409/1798/1587 1407/1595/1383 1406/1535/1323
f 1422/1525/1313 1432/1524/1312 1433/1799/1588 1371/1800/1589
f 1422/1525/1313 1371/1800/1589 1421/1539/1327 1420/1522/1310
f 1434/1547/1335 1433/1799/1588 1432/1524/1312
f 1429/1801/1590 1433/1799/1588 1459/1550/1338 1454/1549/1337
f 1434/1547/1335 1460/1562/1350 1459/1550/1338 1433/1799/1588
f 1429/1801/1590 1431/1706/1495 1430/1709/1498
f 1454/1549/1337 1453/1703/1492 1431/1706/1495 1429/1801/1590
f 1411/1540/1328 1412/1802/1591 1413/1532/1320 1410/1530/1318
f 1435/1581/1369 1413/1532/1320 1412/1802/1591 1370/1582/1370
f 1411/1540/1328 1421/1539/1327 1371/1800/1589 1412/1802/1591
f 1409/1798/1587 1423/1583/1371 1370/1582/1370 1412/1802/1591
f 1582/1700/1489 1426/1803/1592 1425/1804/1593
f 1593/1721/1510 1426/1803/1592 1582/1700/1489 1592/1699/1488
f 1428/1720/1509 1425/1804/1593 1588/1805/1594
f 1428/1720/1509 1588/1805/1594 1602/1806/1595
f 1602/1806/1595 1588/1805/1594 1603/1807/1596
f 1593/1721/1510 1595/1797/1586 1588/1805/1594 1426/1803/1592
f 1425/1804/1593 1426/1803/1592 1588/1805/1594
f 1603/1807/1596 1588/1805/1594 1595/1797/1586
f 1428/1720/1509 1407/1595/1383 1409/1798/1587 1425/1804/1593
f 1409/1798/1587 1412/1802/1591 1425/1804/1593
f 1429/1801/1590 1425/1804/1593 1371/1800/1589 1433/1799/1588
f 1425/1804/1593 1412/1802/1591 1371/1800/1589
f 1425/1804/1593 1429/1801/1590 1430/1709/1498 1582/1700/1489
f 141/178/163 1306/179/164 1307/1808/1597 170/1171/1056
f 171/1809/1598 1307/1808/1597 1306/179/164 143/1347/1185
f 242/1350/1188 171/1809/1598 240/1348/1186
f 240/1348/1186 171/1809/1598 143/1347/1185 144/1349/1187
f 1334/1355/1192 14/1810/1599 243/1343/1182
f 242/1351/1188 243/1343/1182 14/1810/1599 171/1811/1598
f 1307/1812/1597 1308/1813/1600 11/1365/1198 170/1364/1056
f 1307/1812/1597 171/1811/1598 14/1810/1599 13/1814/1601
f 1261/2/2 2/1/1 218/1815/1602 1/17/17
f 218/1815/1602 1278/1368/1200 4/1366/1199
f 4/1366/1199 5/6/6 218/1815/1602
f 5/6/6 6/5/5 218/1815/1602
f 6/5/5 7/9/9 218/1815/1602
f 7/9/9 8/11/11 218/1815/1602
f 9/14/14 10/13/13 218/1815/1602
f 10/13/13 1/17/17 218/1815/1602
f 2/1/1 1287/19/19 218/1815/1602
f 218/1815/1602 1287/19/19 11/1365/1198
f 8/11/11 176/143/133 218/1815/1602
f 176/143/133 9/14/14 218/1815/1602
f 12/1359/1196 3/1358/1195 218/1815/1602
f 15/186/170 16/185/169 218/1815/1602
f 218/1815/1602 1309/1363/1197 12/1359/1196
f 244/1290/1145 15/186/170 218/1815/1602
f 1331/1281/1139 244/1290/1145 218/1815/1602
f 1328/1274/1134 1331/1281/1139 218/1815/1602
f 1329/1275/1135 1328/1274/1134 218/1815/1602
f 1325/1268/1131 1329/1275/1135 218/1815/1602
f 1326/1269/1132 1325/1268/1131 218/1815/1602
f 1327/1272/1133 1326/1269/1132 218/1815/1602
f 1330/1278/1136 1327/1272/1133 218/1815/1602
f 1332/1286/1142 1330/1278/1136 218/1815/1602
f 1333/1292/1146 1332/1286/1142 218/1815/1602
f 1335/1300/1152 1333/1292/1146 218/1815/1602
f 1334/1355/1192 1335/1300/1152 218/1815/1602
f 1308/1813/1600 218/1815/1602 11/1365/1198
f 13/1814/1601 14/1810/1599 218/1815/1602
f 14/1810/1599 1334/1355/1192 218/1815/1602
f 1309/1363/1197 218/1815/1602 16/185/169
f 1278/1368/1200 218/1815/1602 3/1358/1195
f 218/1815/1602 1308/1813/1600 13/1814/1601
f 13/1814/1601 1308/1813/1600 1307/1812/1597
f 1482/1816/1603 1483/1601/1389 1485/1600/1388
f 1484/1599/1387 1483/1601/1389 1482/1816/1603 1474/1597/1385
f 1482/1816/1603 109/1596/1384 1474/1597/1385
f 1293/1602/1390 109/1596/1384 1482/1816/1603 1475/1817/1604
f 1475/1817/1604 1482/1816/1603 1373/1818/1605 1626/1819/1606
f 1475/1817/1604 1626/1819/1606 1362/1820/1607 1548/1821/1608
f 1547/1711/1500 1548/1821/1608 1362/1820/1607
f 1383/1822/1609 201/1660/1449 1293/1602/1390 1475/1817/1604
f 201/1660/1449 1383/1822/1609 1509/1662/1451 1235/1665/1454
f 1362/1820/1607 1374/1712/1501 1547/1711/1500
f 1586/1718/1507 1374/1712/1501 1362/1820/1607
f 1485/1600/1388 1428/1720/1509 1373/1818/1605 1482/1816/1603
f 1373/1818/1605 1428/1720/1509 1427/1823/1610
f 1626/1819/1606 1373/1818/1605 1427/1823/1610 1363/1824/1611
f 1363/1824/1611 1427/1823/1610 1587/1825/1612
f 1586/1718/1507 1362/1820/1607 1363/1824/1611 1587/1825/1612
f 1602/1806/1595 1427/1823/1610 1428/1720/1509
f 1596/1722/1511 1586/1718/1507 1587/1825/1612 1595/1797/1586
f 1587/1825/1612 1427/1823/1610 1602/1806/1595 1603/1807/1596
f 1595/1797/1586 1587/1825/1612 1603/1807/1596
f 1363/1824/1611 1362/1820/1607 1626/1819/1606
f 1508/1636/1425 1384/1826/1613 1385/1607/1395 1507/1606/1394
f 1492/1657/1446 1382/1656/1445 1545/1827/1614 1547/1711/1500
f 1541/1828/1615 1385/1607/1395 1384/1826/1613
f 1523/1829/1616 1545/1827/1614 1382/1656/1445 1381/1659/1448
f 1541/1828/1615 1524/1637/1426 1506/1608/1396 1385/1607/1395
f 1545/1827/1614 1523/1829/1616 1541/1828/1615
f 1579/1830/1617 1541/1828/1615 1384/1826/1613 1570/1831/1618
f 1570/1831/1618 1384/1826/1613 1508/1636/1425 1509/1662/1451
f 1380/1713/1502 1523/1829/1616 1381/1659/1448
f 1524/1637/1426 1541/1828/1615 1523/1829/1616 1519/1723/1512
f 1519/1723/1512 1523/1829/1616 1380/1713/1502 1379/1716/1505
f 1547/1711/1500 1545/1827/1614 1546/1832/1619 1548/1821/1608
f 1579/1830/1617 1546/1832/1619 1545/1827/1614
f 1546/1832/1619 1383/1822/1609 1475/1817/1604 1548/1821/1608
f 1509/1662/1451 1383/1822/1609 1570/1831/1618
f 1570/1831/1618 1383/1822/1609 1546/1832/1619 1579/1830/1617
f 1541/1828/1615 1579/1830/1617 1545/1827/1614
f 1357/1574/1362 1549/1833/1620 1497/1571/1359
f 1512/1834/1621 1550/1835/1622 1513/1609/1397
f 1513/1609/1397 1367/1604/1392 1368/1686/1475 1512/1834/1621
f 1530/1788/1577 1550/1835/1622 1549/1833/1620 1553/1787/1576
f 1498/1669/1458 1553/1787/1576 1549/1833/1620 1357/1574/1362
f 1550/1835/1622 1530/1788/1577 1502/1605/1393 1513/1609/1397
f 1551/1836/1623 1549/1833/1620 1550/1835/1622
f 1559/1837/1624 1560/1661/1450 1558/1789/1578 1551/1836/1623
f 1497/1571/1359 1549/1833/1620 1551/1836/1623 1496/1576/1364
f 1552/1838/1625 1550/1835/1622 1512/1834/1621 1511/1839/1626
f 1551/1836/1623 1558/1789/1578 1495/1575/1363 1496/1576/1364
f 1559/1837/1624 1552/1838/1625 1511/1839/1626 1510/1666/1455
f 1559/1837/1624 1510/1666/1455 1509/1662/1451 1560/1661/1450
f 1368/1686/1475 1473/1687/1476 1511/1839/1626 1512/1834/1621
f 1473/1687/1476 1510/1666/1455 1511/1839/1626
f 1551/1836/1623 1552/1838/1625 1559/1837/1624
f 1550/1835/1622 1552/1838/1625 1551/1836/1623
