# Blender 5.0.1
# www.blender.org
mtllib shirt.mtl
o Tops
v 90.369308 -17.199076 -494.859131
v 91.610580 -21.334024 -494.671936
v 90.833725 -21.257349 -491.986084
v 88.767029 -16.612614 -490.580444
v 93.629013 -25.513714 -494.972351
v 92.975136 -25.647350 -493.454895
v 127.872704 -32.906586 -501.973450
v 127.912651 -33.101139 -499.314880
v 122.591721 -33.243805 -499.342133
v 122.413177 -33.343552 -502.479736
v 117.320572 -33.872826 -499.210876
v 117.378265 -32.963654 -502.807068
v 127.529457 -35.859089 -505.791016
v 127.843102 -32.920322 -503.583405
v 122.277069 -33.553883 -505.115875
v 121.688820 -37.280151 -507.352264
v 99.332657 5.679810 -502.880646
v 98.769203 6.303879 -500.866150
v 103.041260 8.907515 -503.003143
v 102.510345 9.712255 -500.642822
v 107.299217 11.641159 -503.011169
v 106.783615 12.973778 -499.910706
v 94.147827 -26.534885 -506.994293
v 96.717857 -29.606153 -507.520142
v 96.625015 -29.437986 -502.308167
v 93.499908 -26.630932 -502.121399
v 99.797310 -31.859680 -507.774902
v 99.957901 -31.588472 -502.486877
v 99.852592 -31.410118 -498.490021
v 95.938446 -29.671522 -497.881958
v 95.277710 -28.535089 -498.087524
v 93.749863 -25.912632 -497.735413
v 93.104721 -26.678093 -499.934113
v 107.732948 -34.389294 -498.988922
v 103.684990 -32.974785 -498.667511
v 103.739853 -33.080353 -502.684052
v 107.870422 -34.014072 -502.863586
v 103.464027 -33.281090 -507.611786
v 107.621002 -34.036011 -507.307404
v 89.802628 -18.711525 -506.078156
v 91.820473 -22.923336 -506.294373
v 90.046349 -18.555111 -503.809265
v 91.145660 -22.814518 -501.840851
v 91.531281 -21.393122 -496.603088
v 91.953545 -22.278011 -499.847290
v 89.988945 -17.681055 -497.083984
v 90.922142 -18.157375 -501.385254
v 126.513290 16.689079 -506.918610
v 121.169983 16.417168 -507.010986
v 121.100937 16.004465 -502.253967
v 126.424454 16.307520 -502.154175
v 116.221779 15.605940 -502.166168
v 116.237396 15.511438 -506.945312
v 115.935226 16.966835 -496.065643
v 121.089897 17.604702 -495.719788
v 126.290649 18.000797 -495.692383
v 90.303749 -12.928095 -495.406372
v 89.729828 -13.400965 -497.898743
v 91.122787 -8.701512 -496.101227
v 90.595154 -8.885136 -498.826752
v 89.814178 -14.015488 -503.541260
v 90.332993 -9.189434 -502.482971
v 91.031242 -9.495712 -505.285828
v 90.393745 -14.046658 -506.141846
v 112.333649 -34.679802 -499.135132
v 112.416992 -34.044941 -503.054443
v 112.168816 -34.135262 -507.113495
v 117.144386 -33.762733 -506.364014
v 116.242622 -37.959305 -508.484039
v 121.246658 -38.489479 -515.731018
v 126.755371 -37.779518 -516.216187
v 127.101616 -37.342216 -511.537720
v 121.437889 -38.142128 -510.918091
v 110.800522 -38.267838 -509.933014
v 106.083435 -37.733978 -510.644409
v 106.065010 -37.476158 -513.403687
v 101.874420 -35.963562 -511.116333
v 98.355782 -33.783913 -511.168213
v 98.586464 -33.462410 -513.256958
v 102.416824 -35.123390 -514.843506
v 106.115196 -37.425915 -514.839111
v 96.381584 -30.197489 -511.480896
v 95.992889 -30.429388 -510.040436
v 94.380280 -26.645288 -511.055206
v 97.736778 -32.614120 -511.825439
v 93.717056 -26.991541 -508.894684
v 94.386322 -22.185202 -513.884399
v 93.070312 -22.689533 -510.178284
v 92.086395 -18.491947 -510.240051
v 93.776672 -18.174896 -514.391052
v 95.197853 -26.194265 -513.075623
v 91.653938 -23.143976 -507.686829
v 91.559143 -18.465048 -508.910126
v 92.202271 -9.838795 -509.571167
v 91.599663 -14.173212 -509.914978
v 92.887672 -9.987233 -513.712708
v 92.838440 -14.107276 -514.097595
v 95.631012 -2.417911 -513.465271
v 94.048050 -6.083831 -513.505432
v 92.963135 -5.595417 -509.407349
v 94.558769 -1.664810 -509.431091
v 92.198578 -5.133057 -505.101318
v 93.818512 -1.056911 -505.086182
v 100.402718 4.171468 -514.157104
v 97.804741 0.959235 -513.672913
v 96.862152 1.895735 -509.648804
v 99.720306 5.207887 -510.070526
v 96.314857 2.296613 -506.506592
v 99.440735 5.615345 -507.765472
v 108.123520 9.192621 -515.317261
v 104.061203 6.775969 -514.692871
v 103.303169 8.335001 -510.442810
v 107.362312 11.071205 -510.922821
v 103.252480 8.564987 -508.640930
v 116.250397 15.035910 -511.606689
v 121.239494 15.889811 -511.680847
v 121.153564 15.471807 -516.203186
v 116.301781 14.051414 -516.132690
v 126.505753 16.243420 -511.678955
v 126.408669 16.080967 -516.166016
v 110.494568 9.299068 -560.836792
v 113.997322 9.401731 -560.843018
v 114.789246 7.919699 -565.561218
v 110.973282 7.034700 -566.140747
v 117.929459 9.226299 -560.199951
v 118.883598 8.378445 -564.619507
v 93.796791 -23.081966 -594.413696
v 92.762306 -19.436663 -594.529907
v 98.904732 -17.936756 -595.632324
v 100.199265 -21.390165 -595.992920
v 89.514076 -24.079891 -592.655212
v 88.167847 -20.322475 -592.798218
v 88.994598 -16.730453 -592.570679
v 93.230934 -15.633297 -594.601074
v 99.689636 -13.921074 -595.526367
v 108.854446 -15.231092 -596.720398
v 105.578140 -16.252445 -596.608521
v 106.358177 -12.475159 -595.731689
v 109.979073 -12.119456 -595.282959
v 109.076675 -18.409927 -596.923706
v 105.938850 -19.708698 -596.817505
v 102.072906 -35.541595 -526.729919
v 105.528625 -38.418892 -527.528320
v 105.756805 -38.140762 -523.454468
v 102.432098 -35.201580 -523.184021
v 99.710976 -32.034241 -522.775513
v 99.293884 -32.334106 -525.899780
v 101.602875 -36.046440 -530.135559
v 105.240463 -38.728653 -531.404663
v 126.011848 14.686743 -528.261475
v 121.008514 14.190056 -524.399048
v 126.114609 14.774702 -524.174866
v 125.937172 14.648373 -532.970825
v 121.086037 14.922621 -528.701538
v 121.477753 13.907856 -533.143188
v 116.857040 12.730621 -531.583984
v 118.417305 13.718828 -524.437988
v 110.189255 -39.684082 -524.049133
v 110.358894 -39.427315 -519.545898
v 105.993500 -37.748024 -519.248901
v 115.517937 -39.107910 -524.555298
v 115.608925 -39.159065 -519.955078
v 115.722511 -39.216507 -515.199158
v 110.489731 -39.204212 -514.870361
v 87.595917 -16.635900 -592.473145
v 86.028442 -20.775766 -592.244751
v 85.951721 -21.322229 -592.163086
v 86.152786 -24.987993 -591.126953
v 84.847580 -22.284052 -591.664307
v 126.433167 -39.233368 -525.362305
v 120.893936 -38.658379 -524.872864
v 120.717918 -39.439102 -529.160828
v 126.361900 -39.908489 -529.586731
v 115.424797 -39.225853 -528.913513
v 115.283981 -39.620506 -532.986938
v 120.536621 -40.321377 -533.171021
v 126.334816 -40.300186 -533.627319
v 102.612335 -34.979378 -519.166565
v 99.549461 -32.229973 -517.086365
v 99.784447 -32.086105 -519.243347
v 94.187210 -18.318104 -520.894653
v 95.280960 -21.660381 -519.073792
v 95.465599 -17.920650 -518.257629
v 95.577194 -21.737122 -516.995178
v 95.977371 -25.849049 -515.094299
v 101.823036 2.106887 -521.716187
v 99.198769 -0.676935 -521.250610
v 98.499390 0.178131 -517.459778
v 101.538284 2.700489 -517.882690
v 96.766830 -3.511921 -521.043335
v 95.794464 -2.646687 -517.306152
v 121.082481 14.578688 -520.432678
v 117.798141 13.748634 -520.431824
v 126.262230 15.532368 -520.336548
v 95.315979 -6.845590 -521.028442
v 94.396561 -6.250161 -517.365540
v 94.593842 -10.600883 -521.115601
v 94.224541 -10.295783 -517.622009
v 94.622574 -14.256115 -517.930420
v 94.125732 -14.452650 -521.271606
v 96.002441 -17.964680 -525.427612
v 96.876022 -21.333519 -525.759521
v 95.644890 -21.690254 -524.099304
v 94.734482 -18.213146 -523.929260
v 97.290771 -24.890594 -526.234741
v 96.303871 -25.232752 -524.786377
v 95.622208 -25.540199 -521.143188
v 94.111298 -22.053741 -520.743225
v 94.418480 -22.115002 -522.442627
v 93.284721 -18.523895 -522.021851
v 93.924614 -10.689679 -523.233276
v 94.083946 -10.766626 -524.333313
v 93.389091 -14.582774 -524.348083
v 93.061646 -14.912326 -522.422546
v 94.310646 -11.099027 -527.404724
v 104.705170 5.445616 -518.643066
v 107.994217 8.519400 -519.194214
v 104.832855 5.098886 -520.386108
v 108.191452 7.878029 -521.283203
v 104.959656 4.688981 -522.487061
v 121.061127 -38.563828 -520.404114
v 126.536987 -38.502838 -520.851440
v 110.032402 -39.793522 -528.344482
v 109.845703 -39.990284 -532.375244
v 108.337463 7.283731 -523.346497
v 108.213669 6.840710 -527.321716
v 105.109894 4.059554 -526.387451
v 107.723747 7.657137 -530.993347
v 104.238586 5.243117 -530.603943
v 101.077759 2.515579 -529.718994
v 101.920349 1.684653 -525.571533
v 101.949585 1.819777 -523.794983
v 98.543755 -0.491579 -525.016479
v 98.463036 -0.530916 -527.345276
v 96.195847 -3.683063 -525.189453
v 98.700462 -0.471918 -523.281250
v 95.022339 -7.039298 -524.405212
v 97.308296 -4.362781 -528.258057
v 95.715820 -7.638515 -527.681274
v 97.529755 -28.325123 -522.674744
v 95.831856 -25.462276 -523.574707
v 97.421593 -28.864954 -525.617676
v 99.483917 -33.433434 -529.158569
v 96.601547 -30.001936 -513.878174
v 96.470428 -29.671894 -516.053955
v 95.125183 -25.961309 -518.336304
v 97.301216 -29.129032 -519.068237
v 114.678253 -40.719185 -540.659058
v 120.067459 -41.718445 -540.914062
v 120.311836 -41.210419 -537.072327
v 115.044785 -40.194248 -536.877869
v 126.421928 -40.638363 -537.553345
v 126.358185 -41.233643 -541.309998
v 99.096252 -32.550541 -529.734680
v 98.099304 -28.593248 -528.379456
v 99.176857 -32.605499 -532.566040
v 97.425156 -24.918854 -528.082764
v 97.087364 -25.410484 -530.976501
v 97.714569 -29.062737 -531.930969
v 96.131767 -26.283751 -533.778564
v 97.052948 -29.674791 -535.117798
v 97.063278 -21.468639 -527.697693
v 96.277390 -22.147554 -530.237671
v 96.397499 -18.147291 -527.426636
v 95.761299 -18.711777 -529.888611
v 95.119186 -19.433372 -532.528320
v 95.508392 -22.944237 -532.921143
v 102.072983 1.910111 -535.130127
v 99.915894 -1.445321 -533.884705
v 98.896301 -0.844683 -528.904602
v 102.660355 2.558758 -540.842957
v 97.039230 -3.895874 -535.137512
v 97.196167 -4.295676 -532.375427
v 99.266075 0.015574 -539.903748
v 112.252831 9.845699 -524.005859
v 112.219391 9.680315 -527.976074
v 116.230782 12.698799 -524.442627
v 116.564545 12.317938 -528.409607
v 112.128654 10.244427 -531.281494
v 112.868996 12.162706 -516.630249
v 112.101929 11.038399 -519.559814
v 116.231659 13.264153 -520.431396
v 111.998428 11.869041 -515.884705
v 111.698746 13.271145 -511.377930
v 107.564026 11.434162 -506.212341
v 111.702675 13.935623 -506.648132
v 111.518127 14.377485 -502.857025
v 111.283501 15.555763 -498.972168
v 98.757767 -32.921337 -536.534424
v 95.766663 -30.565962 -539.625610
v 98.107079 -33.371277 -540.131104
v 94.804398 -27.227541 -539.528564
v 92.728088 -27.835537 -548.490112
v 94.654274 -31.369482 -547.551270
v 96.914742 -34.103661 -547.719849
v 87.549423 -4.881578 -480.050171
v 87.367958 -9.569059 -480.340363
v 86.516457 -8.793519 -476.315613
v 86.510597 -3.958124 -475.851868
v 88.233536 -14.309719 -480.397156
v 87.847260 -13.665581 -476.515991
v 86.797409 -13.466124 -473.539734
v 85.988632 -8.403010 -473.243896
v 86.339928 -3.533633 -472.632690
v 90.439308 4.074033 -478.856049
v 88.884750 -0.418927 -479.496338
v 87.886482 0.857162 -475.178955
v 89.762344 5.474141 -474.282928
v 87.468063 1.369868 -471.728729
v 89.174629 5.943398 -470.713257
v 102.622726 -34.103050 -488.524048
v 98.748077 -31.951118 -487.798462
v 98.989456 -31.318619 -490.199402
v 102.904053 -33.223656 -490.693726
v 106.861946 -35.700340 -488.773071
v 107.195557 -34.451645 -491.079895
v 102.519165 -33.662682 -486.296265
v 106.773979 -35.539551 -486.431091
v 106.353706 -35.228367 -483.327942
v 101.966225 -33.515877 -483.006470
v 98.591026 -31.213341 -486.167694
v 98.459496 -30.462181 -482.156311
v 92.266426 -25.176128 -486.644104
v 92.209991 -25.186684 -489.027649
v 95.463707 -28.579899 -489.585938
v 95.330170 -28.938396 -487.254181
v 95.232933 -27.962973 -485.341492
v 95.361359 -26.847202 -481.196625
v 92.039536 -24.230829 -484.657227
v 92.418289 -22.965830 -480.492798
v 103.125328 -33.627014 -494.801025
v 99.038292 -32.091019 -494.500549
v 99.229721 -31.921188 -495.450317
v 107.347839 -34.922195 -495.409546
v 107.316193 -34.674915 -492.960907
v 103.096924 -33.400276 -492.522644
v 99.353020 -31.573090 -491.951843
v 96.119858 -29.076077 -495.328186
v 95.552704 -29.352951 -494.015137
v 95.847900 -28.851910 -491.512085
v 93.042221 -25.254116 -490.949371
v 105.027832 -36.742630 -476.943359
v 100.218796 -34.639450 -476.556671
v 101.137787 -33.924751 -479.369995
v 105.740601 -35.793167 -479.646545
v 96.025490 -31.748648 -475.736694
v 97.238525 -30.958773 -478.550293
v 92.816437 -27.870258 -474.449463
v 93.874664 -27.336065 -477.511261
v 90.269043 -23.484882 -473.523499
v 91.355019 -23.090549 -476.557404
v 89.797951 -18.844902 -480.310242
v 88.925278 -20.022133 -483.905243
v 88.273758 -14.710447 -481.980713
v 89.739365 -15.275481 -484.546692
v 90.519043 -20.221224 -486.261841
v 89.727844 -15.542753 -485.915222
v 88.726807 -16.075361 -488.379883
v 89.978897 -20.825916 -488.612335
v 88.364380 -18.590717 -473.368530
v 89.320251 -18.492270 -476.300995
v 117.080551 -35.598206 -493.428894
v 112.017265 -35.512276 -493.172913
v 112.132332 -35.711105 -495.913025
v 117.173203 -35.636658 -496.291016
v 111.086121 -36.926964 -483.602112
v 110.716385 -37.503464 -479.839844
v 116.340721 -38.130489 -483.681274
v 116.162979 -38.732735 -479.828094
v 116.130356 -39.276497 -476.885254
v 110.389153 -38.150261 -476.961914
v 111.514725 -37.200603 -489.094482
v 111.880295 -35.412014 -491.247314
v 116.821434 -36.319366 -491.413116
v 116.558266 -38.503559 -489.381500
v 111.297821 -37.266666 -486.608337
v 116.603836 -38.062180 -486.463867
v 122.257141 -36.672699 -491.553040
v 122.059563 -39.063484 -489.921326
v 127.844604 -38.808449 -489.995422
v 127.883301 -36.599300 -491.726685
v 122.210052 -38.563072 -483.848755
v 122.024399 -39.588879 -488.331787
v 128.113647 -39.671059 -486.380646
v 128.299850 -39.007538 -484.092468
v 122.514206 -35.403278 -496.411926
v 127.916069 -35.260105 -496.615356
v 122.492889 -35.485268 -493.562866
v 127.967918 -35.279221 -493.479858
v 122.525848 -40.033951 -477.074005
v 122.307892 -39.448830 -480.021912
v 128.772446 -39.582199 -480.235901
v 129.215637 -39.889969 -477.324585
v 113.871864 -41.482903 -549.210938
v 119.518776 -41.543465 -549.454529
v 119.824089 -41.802368 -544.726562
v 114.290810 -41.145481 -544.416260
v 126.425552 -41.215385 -549.604736
v 126.388557 -41.522835 -545.020447
v 109.582542 -40.256416 -536.237366
v 104.866486 -39.175934 -535.197632
v 104.564545 -39.458076 -539.070496
v 109.237473 -40.399963 -540.039612
v 102.396484 -37.113731 -533.638672
v 126.407112 -40.804592 -554.968628
v 119.229065 -41.188461 -554.762024
v 113.470551 -41.712627 -554.730774
v 100.181969 -36.632366 -547.809387
v 101.214661 -35.994881 -541.809570
v 103.841064 -39.239502 -548.239258
v 104.395096 -39.241837 -543.010559
v 101.749741 -35.890953 -537.985596
v 108.431976 -40.778950 -548.726318
v 108.874611 -40.627598 -543.874756
v 103.225060 -39.811172 -553.424805
v 107.970055 -41.045578 -554.209656
v 112.949791 -42.001556 -560.231079
v 119.196838 -40.940712 -560.430908
v 112.332138 -42.071999 -565.246277
v 119.009758 -40.866405 -565.178833
v 126.380997 -40.335854 -565.049072
v 126.375259 -40.602615 -560.460693
v 101.615036 -40.627251 -564.662964
v 106.613380 -41.675766 -565.225525
v 107.393219 -41.397644 -559.770081
v 102.550087 -40.391407 -558.805298
v 109.821457 -20.852585 -596.846741
v 107.326988 -22.710506 -596.107971
v 110.530540 -23.498524 -596.930176
v 108.805588 -25.337791 -595.784729
v 105.976028 -28.284986 -594.563049
v 102.974220 -24.993111 -595.530212
v 115.046227 -31.197275 -592.962952
v 108.904984 -30.185669 -593.764893
v 110.509552 -27.673161 -596.114136
v 116.633850 -29.316771 -595.457031
v 111.836983 -26.062742 -597.334839
v 117.484024 -27.714741 -596.876831
v 126.745209 -28.094004 -595.858643
v 126.736679 -29.687450 -593.902832
v 121.741081 -29.747889 -594.884094
v 122.341377 -28.015835 -596.568665
v 126.661728 -31.492208 -590.820312
v 120.884773 -31.769289 -592.178833
v 84.920113 -32.478271 -584.744019
v 85.242592 -33.950840 -580.662109
v 89.791931 -36.112125 -582.022095
v 87.914299 -34.568169 -581.325867
v 87.360832 -32.096085 -585.091919
v 88.657982 -32.606056 -585.472046
v 91.654510 -37.290218 -576.848022
v 89.311638 -36.075867 -576.275635
v 94.685669 -38.842014 -577.387085
v 96.038155 -39.138985 -571.106323
v 93.031166 -38.002102 -570.644775
v 99.182602 -40.396931 -577.211975
v 100.270782 -40.757248 -571.216858
v 97.487823 -39.123428 -564.445190
v 94.582031 -37.747391 -563.733154
v 97.509415 -27.119583 -593.968750
v 92.379761 -28.556606 -591.327087
v 101.887604 -31.387392 -593.821045
v 97.708458 -35.725006 -589.494751
v 88.680702 -29.404442 -589.027100
v 91.886253 -33.146393 -586.671387
v 86.952942 -29.257290 -588.739136
v 93.637535 -37.023388 -582.749084
v 98.472580 -38.543457 -583.536316
v 111.129997 -41.503410 -576.576538
v 111.716011 -41.972515 -570.962585
v 105.705208 -41.846672 -570.950195
v 104.875137 -41.353180 -576.891235
v 112.517776 -37.339684 -586.611328
v 113.263260 -34.367760 -590.555054
v 120.266640 -34.461128 -589.104980
v 120.042923 -36.852539 -584.737305
v 126.603310 -34.075348 -587.495728
v 126.554764 -36.210464 -583.137756
v 111.773697 -40.035526 -581.944214
v 119.530823 -38.914825 -580.442871
v 119.257996 -39.528061 -575.198608
v 126.453796 -37.725769 -579.644165
v 126.484390 -38.687191 -574.184265
v 106.660980 -34.063301 -592.449219
v 104.986237 -37.260365 -588.729492
v 104.490288 -39.713928 -583.098022
v 126.429047 -39.644543 -570.014771
v 119.011497 -40.418598 -570.472290
v 88.444809 -13.931440 -591.727356
v 88.706573 -10.514165 -589.465210
v 90.828476 -12.725102 -592.210571
v 89.385094 -13.060077 -592.050537
v 90.172012 -9.767938 -589.876099
v 92.333481 -9.721880 -590.039856
v 100.940079 -10.443466 -594.150757
v 95.043205 -11.826176 -593.734924
v 96.846878 -7.901497 -590.958008
v 102.486954 -6.845119 -590.410217
v 95.531815 -0.601785 -574.269287
v 99.188560 2.241125 -573.072083
v 99.154099 -0.908734 -579.227417
v 94.452766 -3.967629 -580.408203
v 96.434105 2.387263 -567.379333
v 100.190247 4.552796 -566.458130
v 103.931679 5.375431 -566.106079
v 104.047615 3.545684 -572.860596
v 104.651253 1.369908 -578.106995
v 93.678551 -7.364079 -586.435303
v 97.129227 -5.534177 -585.328308
v 104.283775 -2.920903 -584.426880
v 108.930435 4.487495 -572.836853
v 110.279221 2.597671 -577.766113
v 107.500122 5.856992 -566.041138
v 113.145325 5.995821 -572.545532
v 114.980812 3.682897 -577.314575
v 89.005486 -7.645595 -492.271057
v 87.984505 -12.025315 -491.066650
v 89.379692 -10.647473 -485.000000
v 89.024399 -5.968682 -484.230347
v 88.058731 -6.609399 -487.208221
v 88.974022 -7.036713 -490.077698
v 88.019958 -11.407123 -488.275574
v 96.526764 1.846535 -503.744781
v 95.889801 2.875034 -500.666138
v 93.941864 -0.442250 -498.378479
v 93.232391 -0.356604 -496.165833
v 95.226715 3.268110 -496.039551
v 96.346931 3.043501 -498.190674
v 98.193352 6.457991 -496.128418
v 99.217377 6.351751 -498.220032
v 91.978493 -4.432198 -496.290710
v 92.179092 -4.620180 -498.161682
v 92.098846 -4.981287 -503.189209
v 90.536934 -2.926702 -490.185608
v 90.387367 -3.544500 -492.593658
v 92.190887 0.902185 -489.981476
v 92.043442 0.287869 -492.805054
v 88.817780 -1.423610 -483.099060
v 90.065536 3.217995 -481.630920
v 88.607178 -2.095960 -486.154144
v 89.633957 2.361125 -485.040161
v 94.727844 4.258418 -489.522766
v 94.114304 4.011162 -492.902832
v 98.237961 7.268478 -488.797516
v 97.106911 7.309149 -492.404175
v 91.580826 10.087669 -469.606567
v 92.278305 9.647757 -473.289429
v 95.189682 13.554100 -468.575439
v 95.821136 13.071768 -472.358948
v 95.610489 12.373774 -477.467529
v 92.658913 8.383915 -478.077026
v 101.501831 9.959442 -491.951263
v 106.226532 12.808516 -491.432770
v 106.925522 11.844282 -495.769196
v 102.475357 9.082161 -495.889221
v 102.627510 10.049379 -488.072205
v 106.946503 12.164511 -487.499390
v 116.365479 15.636898 -492.071594
v 110.739952 14.966537 -493.622284
v 110.512810 15.090588 -491.725830
v 111.460251 14.913578 -488.988647
v 106.410339 15.379772 -475.650452
v 111.629326 16.421894 -474.815094
v 111.453674 16.095551 -480.506805
v 106.205582 14.768064 -481.119202
v 116.705345 17.861296 -474.406219
v 116.442566 17.313398 -480.381714
v 116.168571 17.046185 -485.513336
v 111.734558 14.468004 -486.596619
v 121.265831 16.667379 -491.407959
v 126.192558 17.667213 -491.091309
v 121.323151 18.068727 -484.737610
v 126.297592 18.310717 -486.053650
v 121.692291 19.072718 -474.431396
v 121.588539 17.879234 -480.620239
v 126.505180 20.081890 -474.328796
v 126.469147 18.075232 -481.154907
v 120.776054 22.180174 -465.898651
v 121.298134 21.072781 -469.290405
v 116.177696 19.687897 -469.403595
v 115.671387 20.610657 -466.099426
v 125.714615 22.826914 -465.961853
v 126.147820 21.799294 -469.234558
v 95.345490 10.981363 -482.515350
v 91.108299 6.389629 -483.117737
v 100.052902 15.772245 -467.541656
v 100.620567 15.201090 -471.478088
v 105.271576 17.524836 -467.018799
v 105.868408 16.773046 -470.528870
v 100.822891 14.229677 -476.646362
v 100.607880 13.307093 -481.893646
v 110.520462 19.027521 -466.307739
v 111.046967 18.161388 -469.809082
v 84.777664 -29.783552 -587.830444
v 104.139717 7.834475 -560.493042
v 107.269806 8.809622 -560.501282
v 100.448502 6.148077 -561.132690
v 96.608780 3.545918 -562.169678
v 96.266815 1.716708 -548.997070
v 97.515411 -2.328752 -543.905273
v 98.989952 2.328115 -544.953369
v 98.777672 6.065311 -549.803406
v 97.314514 -3.723265 -537.681091
v 101.649719 6.132078 -544.642395
v 102.234261 8.317015 -547.825256
v 103.168716 9.109207 -551.936035
v 99.855286 6.675385 -554.891541
v 96.245827 3.609153 -554.762207
v 104.971443 5.121860 -535.860046
v 105.591255 6.223076 -540.595703
v 108.590942 7.120235 -535.202148
v 109.439987 9.008770 -540.498901
v 109.625229 11.839531 -547.946106
v 109.521225 11.934338 -553.493286
v 106.072403 10.880630 -550.722778
v 105.739761 10.001040 -546.511780
v 105.429092 8.630325 -543.884644
v 109.463867 10.658510 -544.150024
v 117.912041 10.889570 -536.960449
v 113.516579 9.167421 -536.526855
v 118.156105 10.316837 -541.481079
v 114.013412 10.058901 -541.016113
v 113.287987 11.745823 -555.452637
v 113.561890 12.390303 -549.730591
v 117.503662 11.589306 -550.273682
v 117.260880 10.960484 -555.551758
v 113.766479 11.415665 -544.841309
v 117.845085 10.930182 -545.141602
v 125.991211 12.714516 -537.293884
v 122.052795 11.929499 -537.290649
v 122.028511 10.218958 -541.437988
v 126.012100 10.321526 -541.303345
v 116.307556 0.288826 -581.661743
v 110.924202 -1.561457 -583.306763
v 115.114418 -2.541996 -589.429688
v 109.387817 -5.248310 -589.849243
v 107.501801 -9.199950 -593.501282
v 111.910973 -7.953777 -593.611328
v 119.026375 4.736917 -576.960571
v 122.224350 7.008940 -575.114197
v 122.652252 4.177922 -578.665161
v 120.391396 1.252207 -583.370850
v 116.993835 7.271629 -571.444458
v 120.195412 8.290922 -570.194336
v 94.638489 -23.757067 -538.601196
v 94.131912 -20.319271 -537.925598
v 91.663750 -20.598873 -548.080444
v 92.305206 -23.936186 -547.913574
v 95.616867 -11.414029 -530.632019
v 95.192352 -14.688590 -527.258301
v 95.616722 -11.776077 -534.305847
v 94.968475 -15.654936 -533.066772
v 95.306458 -15.185009 -530.105591
v 95.654572 -7.444266 -531.099060
v 96.402611 -7.731046 -535.829712
v 94.161575 -11.698458 -540.069214
v 95.577896 -6.713954 -542.558472
v 94.113792 -4.665810 -548.455811
v 92.168579 -11.656240 -548.954102
v 93.697495 -16.168844 -538.288086
v 91.584869 -16.633747 -548.611145
v 99.350632 -37.617310 -552.842773
v 98.442741 -38.705292 -558.149780
v 96.198288 -35.194893 -552.790588
v 95.304924 -36.818947 -558.081482
v 92.868576 -36.411156 -563.462952
v 90.931259 -36.969730 -570.453674
v 90.700195 -35.334099 -563.501221
v 89.454132 -36.162704 -570.256653
v 88.477715 -35.842064 -576.171753
v 88.283646 -34.094975 -564.347046
v 87.176498 -35.572319 -570.620667
v 87.234566 -21.397072 -557.734619
v 88.306671 -26.258444 -557.547058
v 91.323456 -29.161243 -555.031250
v 93.657852 -32.590752 -553.411133
v 93.266815 -34.898186 -558.361938
v 91.177322 -32.747025 -558.949646
v 88.857605 -31.005228 -561.530273
v 89.428574 -7.462317 -586.174133
v 90.010300 -4.964185 -581.866211
v 92.065521 -3.491616 -581.063477
v 91.881462 -6.009556 -586.549133
v 93.922424 0.777969 -568.120605
v 92.254105 -1.928563 -575.503540
v 88.692665 -3.708971 -576.326538
v 91.105186 -1.868859 -568.947266
v 87.363007 -5.604840 -569.982910
v 89.784088 -5.184828 -562.026794
v 92.771111 0.080763 -561.010010
v 85.507095 -11.049039 -566.688904
v 92.994705 -2.741582 -553.806580
v 90.667496 -9.374384 -556.395386
v 86.856232 -15.030006 -561.647278
v 87.315811 -18.494583 -559.082642
v 127.872139 6.683123 -575.072449
v 125.778984 6.150751 -576.405579
v 124.940208 7.979307 -573.202698
v 127.639694 8.080580 -572.400024
v 166.544357 -16.795864 -491.806213
v 166.423004 -19.052874 -489.794434
v 165.327026 -20.683184 -490.061768
v 163.398987 -21.207005 -494.236755
v 165.878326 -17.042202 -493.170441
v 166.759827 -12.767025 -493.468048
v 133.235199 -33.278164 -499.223480
v 133.154724 -33.099747 -501.481201
v 138.478577 -33.186691 -499.381470
v 133.057297 -35.183315 -504.037170
v 132.909546 -36.102776 -507.344604
v 138.430069 -35.588043 -507.080322
v 138.494858 -34.603840 -502.562134
v 155.100662 8.565241 -501.242676
v 151.341797 11.449320 -501.702911
v 151.421829 12.482117 -496.906738
v 155.512634 9.900417 -496.482361
v 155.052673 8.036974 -505.943909
v 151.300171 10.976189 -506.397675
v 147.199036 13.703625 -506.778534
v 147.000900 13.984003 -502.098572
v 146.975647 14.944708 -497.262054
v 158.816315 -27.477694 -500.957611
v 160.738113 -25.700531 -498.418030
v 158.778534 -28.932451 -499.213776
v 156.753204 -30.743048 -501.398621
v 156.884644 -29.188087 -503.469299
v 155.988403 -29.062939 -506.792114
v 159.577850 -26.227568 -506.531555
v 159.231003 -25.729355 -502.984558
v 161.709229 -22.521729 -502.538513
v 161.767578 -22.516811 -500.332733
v 163.202026 -22.366051 -497.703094
v 159.361435 -25.782841 -500.732391
v 152.503784 -31.950912 -507.622314
v 153.551300 -32.203728 -504.358459
v 152.993622 -31.088629 -500.915955
v 148.717621 -33.016205 -503.763916
v 148.809387 -34.457932 -508.265686
v 164.446991 -18.284065 -499.769714
v 163.763260 -18.926834 -503.291504
v 164.523331 -14.421095 -502.191467
v 164.752899 -14.171627 -500.210022
v 161.946396 -23.225908 -507.071136
v 131.805283 16.351271 -502.164978
v 131.924744 16.586994 -506.922333
v 131.466888 17.930424 -495.688110
v 136.675186 17.372440 -496.629272
v 136.940308 16.394871 -502.257538
v 137.204407 16.333704 -507.007507
v 164.207336 -5.548575 -502.787170
v 164.274826 -5.197583 -500.288818
v 164.808716 -9.806475 -501.945007
v 164.506958 -9.424364 -498.796265
v 164.222061 -13.746516 -497.109619
v 143.818481 -35.273331 -507.666168
v 148.793503 -31.649021 -500.238281
v 143.689178 -32.805801 -499.473206
v 143.730057 -33.803734 -502.684814
v 132.645355 -36.954865 -511.893494
v 138.206635 -37.106209 -512.006104
v 127.297356 -36.767296 -508.116882
v 132.380127 -37.668732 -516.548218
v 138.505936 -37.934708 -517.061218
v 147.200058 -33.201347 -516.919556
v 148.173492 -34.214363 -511.931763
v 142.972992 -36.322300 -516.895996
v 144.031708 -36.412735 -512.113831
v 155.582397 -29.801170 -516.394531
v 155.976654 -29.709213 -511.144073
v 151.241577 -31.717823 -516.730591
v 151.981628 -31.572664 -511.248230
v 159.195648 -22.714283 -515.869873
v 161.013794 -23.266993 -511.573700
v 159.053055 -26.887928 -511.857422
v 157.638702 -26.378174 -516.229980
v 162.447815 -19.337925 -511.028931
v 162.581848 -19.317734 -507.878479
v 161.134064 -19.121967 -515.377686
v 161.862579 -15.000805 -514.722656
v 163.582596 -15.077410 -511.130005
v 162.979309 -14.811298 -506.468262
v 162.284363 -8.742005 -514.085205
v 163.433670 -5.963592 -509.665131
v 164.084076 -10.477689 -509.975647
v 162.339233 -10.700826 -514.224304
v 162.960617 -6.037758 -506.593018
v 163.593597 -10.333770 -505.926544
v 162.111053 -1.897966 -507.794739
v 161.602859 -2.057016 -511.365173
v 159.660980 1.662292 -513.917603
v 159.821213 1.477609 -509.729736
v 157.620117 4.789412 -510.077271
v 158.077881 5.072176 -505.492920
v 160.583069 1.950127 -505.220703
v 157.302261 4.739132 -514.237671
v 154.232193 7.312122 -514.660767
v 154.788498 7.830933 -510.511047
v 151.308319 10.728838 -510.902344
v 150.634598 9.561680 -515.133423
v 146.630005 11.523787 -515.593628
v 146.996765 12.857077 -511.296509
v 137.210236 15.490337 -511.609253
v 131.899887 16.130657 -511.615784
v 137.040649 14.545309 -515.984863
v 131.795761 15.645082 -516.053589
v 143.748123 11.132486 -559.890808
v 141.989075 7.380917 -567.367920
v 138.508530 8.607634 -567.046509
v 139.584595 10.862108 -560.362061
v 134.811386 9.081694 -565.767578
v 135.038010 10.049931 -559.771973
v 159.083954 -28.999840 -593.137268
v 157.208252 -27.127913 -595.057739
v 158.191910 -23.514013 -596.687744
v 160.243195 -25.549360 -595.770142
v 153.968521 -24.685429 -596.612976
v 154.786301 -21.267128 -597.942993
v 154.700134 -17.206726 -597.887512
v 157.735931 -19.029430 -597.072388
v 160.201172 -20.745872 -596.409058
v 150.067947 -15.684141 -597.938965
v 150.230057 -19.658783 -597.915527
v 146.916168 -18.136402 -598.448914
v 146.875076 -14.507117 -597.956665
v 149.495880 -23.091766 -596.855713
v 146.488831 -21.600246 -597.847534
v 149.131744 -34.343742 -528.532104
v 151.108368 -32.940178 -524.776184
v 146.135651 -33.777603 -525.552368
v 145.956146 -34.861984 -529.175171
v 147.244919 -35.760208 -532.225220
v 145.870163 -36.107254 -532.560913
v 150.718536 -33.597103 -528.260559
v 150.476242 -34.332928 -531.476807
v 153.391800 -30.729965 -530.530518
v 153.763885 -30.270323 -527.555969
v 154.390182 -30.071873 -524.253662
v 135.077591 13.300974 -531.919617
v 130.413818 14.168465 -532.468140
v 130.866638 14.037785 -527.903442
v 135.902542 13.620974 -527.769470
v 131.270218 14.732391 -524.094971
v 136.440308 13.986307 -524.037415
v 136.017746 -38.290314 -521.123413
v 139.110016 -37.255596 -521.369141
v 136.539825 -37.736763 -525.943604
v 142.600586 -34.992352 -521.530579
v 141.753448 -34.773407 -526.000427
v 146.787003 -32.927158 -521.468262
v 163.826736 -27.059759 -594.380432
v 162.575851 -31.387281 -590.449829
v 160.551483 -30.705168 -591.431091
v 161.923859 -26.435749 -595.453125
v 164.210739 -21.603123 -595.973999
v 162.184875 -21.248199 -596.456116
v 131.160767 -39.838230 -529.945862
v 131.514709 -39.296516 -525.699341
v 130.838318 -40.150780 -533.914673
v 135.661453 -37.712196 -534.043213
v 135.983963 -37.479462 -530.152954
v 133.476700 -39.194931 -525.833252
v 153.426544 -31.326902 -520.588501
v 157.930481 -22.320461 -519.895508
v 157.415909 -22.322292 -523.480774
v 159.568253 -18.907640 -522.813110
v 159.332047 -18.642006 -519.340759
v 161.314972 -15.017612 -518.684448
v 159.170029 1.203477 -517.678833
v 158.208511 0.188950 -521.424500
v 155.188400 2.579892 -521.493103
v 156.239853 3.722928 -517.837036
v 152.073395 4.912797 -521.919556
v 153.076111 6.002457 -518.281494
v 136.794098 14.121130 -520.167664
v 131.588486 15.339008 -520.273071
v 160.538437 -2.412863 -517.660156
v 160.653564 -2.688521 -521.418457
v 161.244446 -2.079432 -513.813232
v 162.187653 -6.298461 -513.913574
v 160.804474 -6.653361 -517.737671
v 160.844635 -6.713809 -519.579651
v 160.863037 -6.779977 -521.486206
v 161.166077 -11.158525 -521.226318
v 161.713898 -10.831342 -516.495361
v 161.690063 -12.385787 -518.299622
v 161.139359 -15.469162 -521.853394
v 158.003906 -23.067219 -526.396851
v 158.023956 -23.969881 -529.473206
v 159.643829 -19.449535 -525.529053
v 158.281723 -19.911812 -529.764954
v 159.215424 -15.444551 -525.656921
v 160.749756 -7.138693 -525.010498
v 160.160950 -11.343456 -524.004883
v 161.063492 -11.822787 -526.760376
v 160.249664 -16.215527 -528.289062
v 149.705200 8.241543 -518.960327
v 148.977280 7.523329 -522.619141
v 145.376923 9.845087 -523.278320
v 145.984406 10.400387 -519.540894
v 131.766785 -38.420631 -521.168579
v 140.753876 -35.488731 -529.934326
v 140.555161 -36.168209 -533.694519
v 145.241776 10.132603 -527.046997
v 148.606476 7.301023 -526.340027
v 148.447784 7.697657 -530.245178
v 144.972870 10.619019 -531.091187
v 151.699646 4.661469 -525.579224
v 151.438171 4.823951 -529.315491
v 157.220169 -0.667106 -525.227295
v 154.581543 2.008494 -525.287292
v 157.048767 -0.758539 -528.919861
v 154.576309 2.219303 -529.008423
v 160.704376 -7.642183 -528.279236
v 159.302917 -3.917583 -528.652588
v 159.498520 -3.559976 -525.124878
v 155.760529 -26.505718 -527.072693
v 156.037598 -26.148340 -523.943481
v 155.927032 -27.319572 -529.842224
v 156.317719 -25.923376 -520.371399
v 154.959442 -29.912460 -520.523193
v 130.634918 -40.302528 -537.756104
v 130.630310 -40.586426 -541.455566
v 135.781815 -39.109402 -541.375183
v 135.596786 -38.331993 -537.755310
v 153.372650 -31.555269 -533.356628
v 155.756256 -31.394466 -536.125244
v 156.668228 -29.754665 -536.075195
v 156.547165 -28.705709 -532.874756
v 157.478912 -24.698872 -533.304688
v 157.926834 -25.780560 -536.298340
v 159.240616 -21.085779 -532.986328
v 158.882599 -21.884087 -536.546936
v 160.346115 -17.185474 -532.718079
v 154.183929 2.353886 -533.271851
v 151.070068 5.112692 -533.855103
v 156.882248 -0.619056 -532.900635
v 156.243103 -0.588300 -537.693909
v 153.840363 2.581909 -538.382690
v 150.893585 5.810922 -538.799194
v 141.212616 12.160492 -523.770508
v 141.208527 12.479998 -527.370850
v 140.214279 12.490255 -531.427856
v 141.627625 12.327982 -519.932373
v 142.090912 13.172451 -515.908325
v 142.305542 14.425383 -511.561584
v 142.372620 15.470592 -507.002441
v 142.152512 15.796698 -502.282501
v 141.950897 16.665434 -497.386719
v 154.896072 -33.718975 -539.666870
v 156.846375 -30.594538 -539.735718
v 154.280045 -35.000271 -543.798706
v 157.350449 -31.006943 -544.572144
v 158.190109 -26.641174 -540.330322
v 166.506577 1.443580 -478.868805
v 166.848267 2.377971 -474.670959
v 167.411133 -2.628433 -474.921448
v 166.927902 -3.675579 -479.207214
v 166.848328 2.703072 -471.472015
v 167.652512 -2.211668 -471.609192
v 167.558533 -7.468880 -471.559601
v 167.164581 -7.985745 -474.947388
v 166.426804 -8.887112 -479.352478
v 164.963974 6.166267 -478.323975
v 164.789337 6.839556 -474.116699
v 162.341675 10.083107 -477.638123
v 161.827972 10.534739 -473.363464
v 162.105911 10.948446 -470.419922
v 165.101868 7.222841 -471.081055
v 157.865631 -26.259506 -488.473938
v 153.856186 -29.379032 -489.029694
v 156.961655 -29.234612 -491.362244
v 158.752609 -27.712196 -491.137878
v 157.706146 -25.523579 -486.101715
v 158.372452 -25.356779 -481.736237
v 154.126526 -28.673508 -482.432373
v 153.701645 -28.706701 -486.564514
v 149.705719 -31.629438 -482.882141
v 149.266357 -31.494131 -486.990479
v 149.503265 -32.808281 -490.821533
v 154.498505 -30.383383 -490.881287
v 161.553879 -22.336761 -485.537964
v 162.468109 -22.014551 -480.890808
v 162.266647 -24.345085 -490.682678
v 161.573105 -22.976032 -487.904114
v 165.016388 -19.544746 -487.173950
v 165.357910 -19.136414 -484.835571
v 165.620636 -18.232328 -480.063599
v 149.384949 -31.821157 -493.118225
v 154.418472 -30.199545 -492.034729
v 151.729843 -32.753265 -496.695007
v 154.025421 -31.410009 -498.076904
v 157.027649 -27.868259 -495.473389
v 160.299408 -24.288874 -494.705078
v 159.474777 -25.711201 -477.600372
v 155.790298 -29.797020 -478.600281
v 160.288361 -26.052887 -474.286560
v 156.670441 -30.118288 -475.421814
v 152.232544 -33.417744 -476.107361
v 151.242569 -32.993221 -479.231384
v 162.506531 -21.532742 -476.364410
v 164.970093 -17.397226 -475.429199
v 163.160065 -21.749996 -472.905457
v 165.309357 -17.268520 -471.891205
v 166.202820 -16.883076 -484.471069
v 165.730209 -16.814497 -479.914246
v 167.006775 -15.619824 -487.398987
v 167.512070 -11.196640 -486.988647
v 165.746231 -10.073092 -483.771576
v 166.364883 -14.682352 -484.153870
v 166.099976 -13.590657 -479.560913
v 166.481506 -12.871446 -475.036011
v 166.885223 -12.539225 -471.578674
v 143.912201 -34.081131 -496.867706
v 144.234863 -34.477303 -490.791779
v 144.047684 -33.421352 -493.702393
v 138.868408 -35.221733 -491.867737
v 138.632080 -34.380802 -494.074219
v 138.556152 -34.596184 -496.869080
v 146.136780 -35.410271 -479.578979
v 144.710480 -34.065346 -483.339783
v 147.113464 -35.822239 -476.452759
v 141.591827 -37.593117 -476.686340
v 140.784714 -37.299744 -479.782349
v 139.788269 -36.553112 -483.720947
v 144.124191 -33.403217 -487.337036
v 139.011871 -35.374321 -487.622070
v 138.919891 -36.014854 -490.296478
v 134.284363 -38.473644 -484.018494
v 133.496414 -37.387146 -490.048828
v 133.439224 -36.085350 -491.841919
v 133.635422 -37.494747 -487.976135
v 133.321289 -34.772850 -493.895844
v 133.254242 -35.017910 -496.649841
v 135.045502 -38.838554 -480.057739
v 135.620178 -38.960678 -477.047974
v 130.737579 -40.776039 -545.106323
v 131.178406 -40.591747 -549.499634
v 136.500107 -40.277061 -549.207764
v 136.079697 -39.822388 -544.939636
v 140.532776 -37.079823 -537.313477
v 140.808594 -38.172985 -540.791992
v 144.136429 -38.129391 -539.945618
v 145.687866 -37.152615 -535.987549
v 153.856384 -32.742477 -536.277588
v 150.273727 -35.096539 -534.619995
v 150.153229 -35.761589 -537.980957
v 145.788910 -37.654106 -539.485779
v 131.798401 -40.292397 -554.717102
v 136.920685 -40.377892 -554.451233
v 150.350845 -36.217026 -541.853271
v 146.022675 -38.066238 -543.141724
v 151.030533 -36.795910 -546.628479
v 146.666931 -38.636974 -547.879517
v 142.927048 -39.054020 -543.813477
v 141.245758 -39.276695 -544.215454
v 141.777039 -39.789299 -548.535767
v 147.426682 -39.175617 -553.824036
v 142.359329 -39.837334 -553.899292
v 137.674164 -40.166779 -564.788879
v 137.328400 -40.396053 -559.895691
v 132.375397 -40.095016 -560.204712
v 132.421509 -39.757103 -565.117065
v 149.332565 -40.352779 -563.590271
v 148.309662 -39.770393 -559.041626
v 143.045776 -40.175980 -559.294434
v 143.751633 -40.831738 -564.424805
v 147.547668 -25.961479 -595.536133
v 145.321426 -24.544462 -597.135254
v 151.456909 -28.107227 -594.469482
v 147.271606 -30.861319 -592.538452
v 144.654083 -28.559597 -594.331177
v 143.106705 -27.117678 -596.381714
v 137.006744 -31.502140 -590.095032
v 135.875473 -29.512436 -593.032532
v 140.188049 -29.303524 -593.148865
v 141.673645 -31.754930 -590.611816
v 135.116165 -27.983770 -595.184814
v 139.005447 -27.504538 -595.242065
v 131.385635 -29.562004 -593.321289
v 130.990845 -28.017372 -595.356934
v 131.923218 -31.299889 -590.239990
v 163.818726 -34.125126 -577.869873
v 165.032547 -33.507507 -573.539673
v 161.089310 -35.833984 -573.298523
v 160.766327 -35.825180 -578.379150
v 163.328690 -33.770020 -581.301147
v 160.530853 -34.800079 -581.728333
v 160.684250 -35.850708 -567.527832
v 155.960876 -38.644714 -568.786865
v 156.727478 -38.704704 -574.791626
v 156.751022 -37.500992 -562.703918
v 154.029388 -38.642540 -563.175415
v 150.750534 -41.086170 -569.887878
v 151.881256 -40.705956 -575.646545
v 153.856705 -36.409416 -586.644409
v 150.153152 -33.413055 -591.181396
v 155.667206 -30.438608 -593.047241
v 158.208832 -33.151421 -588.944702
v 160.193817 -33.220711 -585.819336
v 162.740509 -33.307419 -585.265198
v 158.089417 -36.329567 -583.629272
v 157.827042 -38.090858 -579.685913
v 153.211243 -39.367493 -580.601685
v 144.329102 -41.398056 -570.238037
v 144.785919 -41.031044 -575.670471
v 138.388397 -39.865185 -569.890991
v 138.103912 -39.245186 -575.175049
v 132.443558 -33.961021 -587.070435
v 132.456589 -36.039345 -582.935303
v 137.969482 -34.111778 -587.549072
v 138.499557 -36.530682 -583.772461
v 138.473480 -38.460682 -580.461426
v 132.579178 -37.420982 -579.424561
v 132.641434 -37.986122 -574.478577
v 143.404953 -35.057377 -588.743896
v 144.752609 -37.779007 -585.037842
v 145.080063 -39.724751 -580.691528
v 132.727661 -39.046349 -570.155457
v 162.121613 -16.253315 -594.951416
v 164.523071 -15.971712 -594.540649
v 155.590652 -10.454356 -593.416443
v 156.881836 -14.496507 -596.178467
v 152.464874 -13.734019 -596.190674
v 151.148209 -9.466469 -593.724487
v 159.668152 -16.177284 -595.197632
v 159.950378 -11.521814 -592.099487
v 157.662476 -1.169510 -579.313660
v 155.504837 2.756931 -571.719849
v 159.339874 1.763760 -571.513367
v 161.206421 -2.004270 -579.451355
v 152.979187 -0.201025 -580.710571
v 151.556473 3.779942 -573.569214
v 149.544067 6.811255 -565.774170
v 153.251999 5.676092 -564.906860
v 157.028488 4.295866 -564.886353
v 156.094894 -6.083750 -587.670044
v 159.421112 -7.089308 -587.428711
v 152.340530 -5.661214 -587.838989
v 142.638931 1.924858 -581.411987
v 141.875214 4.959103 -575.076599
v 146.180252 4.166827 -574.890015
v 147.486130 0.841077 -581.833374
v 145.703079 6.760946 -566.797729
v 163.893158 -4.951875 -497.010803
v 164.592484 -3.993893 -492.609741
v 165.844543 -8.179637 -493.037231
v 164.487656 -9.222341 -497.413483
v 166.215973 -1.501566 -486.743835
v 166.956787 -6.190910 -486.877411
v 166.024475 -5.230876 -483.414246
v 165.442322 -0.409561 -483.012756
v 160.818192 2.436687 -500.676270
v 158.130676 5.540766 -500.851990
v 159.078247 7.216898 -496.200928
v 161.618378 3.776056 -496.108948
v 163.001556 -1.123816 -500.689758
v 162.682114 -1.614676 -504.231110
v 162.908844 -0.520297 -496.123962
v 163.567444 0.494928 -492.425964
v 164.475861 2.713674 -487.157318
v 162.500641 5.440313 -491.559601
v 162.488327 6.892174 -486.916962
v 163.883423 4.147228 -482.608215
v 162.062469 8.367764 -482.298462
v 156.885895 12.524906 -491.656555
v 160.601654 9.665754 -491.488281
v 155.811279 12.391344 -486.814514
v 159.514282 9.879826 -486.809387
v 157.677872 13.978533 -469.150085
v 157.879669 13.610323 -472.216370
v 153.161835 15.998333 -471.476929
v 152.704834 16.475426 -468.164124
v 158.921860 13.253542 -476.756134
v 154.500168 15.497353 -476.329163
v 146.800049 16.159277 -492.239990
v 152.025360 14.589108 -491.935791
v 145.891373 15.897964 -486.950439
v 151.043991 14.372749 -487.056702
v 136.332642 17.745220 -492.421387
v 141.512634 17.214622 -492.426727
v 136.130554 18.226152 -487.705994
v 141.058044 17.353668 -486.927063
v 135.751892 17.840746 -480.646423
v 140.201569 16.919344 -480.920563
v 135.813110 19.851645 -474.134155
v 140.373108 19.454670 -474.132080
v 144.909546 18.447128 -474.945618
v 145.128418 15.999931 -481.175842
v 131.255356 18.090063 -492.301239
v 131.226501 18.273132 -487.056732
v 131.189896 20.319664 -474.296936
v 131.207550 18.430347 -480.753906
v 130.409836 22.430471 -466.095459
v 130.760956 21.163568 -469.255432
v 134.950317 21.858232 -465.895691
v 135.213318 20.403589 -468.912262
v 155.147568 13.537170 -481.658569
v 159.124435 11.223034 -481.961548
v 149.613754 17.064688 -475.677734
v 148.505310 17.832338 -470.413513
v 143.999023 18.991842 -469.719421
v 143.587784 19.803862 -466.302429
v 148.003250 18.313982 -467.110168
v 150.344177 15.209763 -481.416626
v 139.610855 19.788431 -469.225220
v 139.217834 20.778179 -466.073730
v 150.526886 9.595695 -558.320190
v 147.306137 10.807598 -558.799438
v 153.736816 8.079645 -558.296875
v 156.785736 6.370317 -557.588257
v 157.233231 2.852387 -545.891541
v 155.086288 6.629047 -546.199097
v 154.456635 4.192776 -542.702332
v 156.291306 0.442205 -542.315674
v 151.403717 7.560616 -542.643921
v 151.882523 9.376032 -546.050964
v 154.850494 8.181808 -550.982056
v 152.071686 10.302397 -549.989502
v 157.423248 5.483905 -550.470215
v 147.989319 7.986101 -534.557129
v 147.261292 8.494976 -538.948242
v 143.876770 10.310814 -535.093018
v 143.853394 12.717331 -547.234375
v 148.177246 11.407564 -546.205566
v 149.488159 11.997362 -549.783325
v 145.465408 13.162445 -552.263672
v 147.383423 9.940268 -542.664551
v 142.689804 11.166134 -543.031738
v 142.749527 10.540659 -539.347595
v 138.121170 11.587261 -539.987610
v 139.036346 12.162758 -535.485596
v 133.880707 11.597847 -540.732300
v 134.299377 12.906897 -536.402100
v 140.448822 12.832502 -554.120972
v 139.425949 12.502131 -548.512207
v 135.173141 11.287491 -554.149231
v 134.573486 10.784863 -548.672363
v 138.154755 11.343824 -543.595093
v 134.014816 10.701345 -544.150208
v 125.884270 9.291775 -544.821106
v 130.239365 9.427065 -544.523193
v 130.407120 9.181499 -548.595459
v 125.786957 8.910965 -549.016602
v 129.955765 10.662521 -541.073975
v 130.037384 13.138710 -537.021362
v 147.432098 -3.988678 -588.237549
v 142.880432 -1.886928 -587.304199
v 147.037781 -8.450082 -593.731140
v 143.443329 -5.762272 -593.682495
v 147.909073 -11.982235 -596.529419
v 144.617142 -11.263548 -596.397339
v 139.297012 0.125507 -584.014221
v 138.851593 3.321506 -579.518799
v 139.923233 -1.551356 -588.806641
v 136.453720 0.962664 -583.399170
v 135.555573 4.303920 -578.609863
v 135.002441 7.910324 -572.870117
v 138.504013 6.756035 -574.228760
v 131.012405 8.543005 -570.936157
v 130.989777 8.674324 -564.292786
v 131.569351 6.616192 -575.521973
v 127.313431 8.613850 -569.417114
v 127.052696 7.783707 -563.350952
v 130.644943 8.532650 -558.451660
v 126.431618 7.714741 -558.150085
v 159.756409 -27.820261 -544.404846
v 160.758850 -23.329464 -541.782959
v 160.918152 -18.706879 -541.994263
v 162.871307 -25.045134 -550.143799
v 162.985504 -19.332539 -549.848633
v 160.287659 -17.867132 -536.205261
v 161.131531 -12.007229 -528.362793
v 160.432938 -12.931924 -532.477539
v 160.881149 -13.446888 -535.661255
v 160.326202 -8.331012 -531.868835
v 159.214325 -4.098396 -532.253296
v 159.972748 -8.988257 -536.678711
v 158.322922 -4.493100 -536.637268
v 158.347626 -4.053973 -541.580322
v 159.006897 -1.917522 -545.305908
v 158.025116 -4.500038 -538.786133
v 159.955811 -9.144751 -538.521118
v 161.432129 -7.300163 -551.564941
v 159.193771 0.061465 -549.343323
v 161.186432 -8.311611 -547.126343
v 160.955841 -13.513803 -538.071533
v 161.164536 -13.788942 -541.597046
v 160.392197 -9.160959 -541.352783
v 160.613556 -18.400433 -538.605957
v 162.524017 -14.123480 -548.836487
v 164.839722 -14.074553 -556.847229
v 152.927231 -38.470261 -558.381653
v 152.168457 -38.027809 -553.424683
v 156.847198 -36.284969 -557.627197
v 155.891586 -35.253403 -552.711548
v 155.249649 -34.682728 -548.572388
v 160.556610 -35.181252 -562.191650
v 165.368042 -32.975243 -567.840820
v 164.996170 -32.514942 -562.824097
v 165.876419 -22.386084 -555.497437
v 165.179672 -25.225328 -554.377502
v 161.453613 -28.608490 -549.839844
v 158.438065 -31.710005 -549.039734
v 159.861557 -32.961258 -553.248718
v 160.180084 -33.917000 -557.357361
v 161.874969 -32.721260 -557.494873
v 162.101135 -30.008684 -554.228271
v 164.850433 -27.836229 -555.072021
v 164.726379 -31.008656 -558.593689
v 162.488602 -7.232345 -586.852478
v 163.712814 -2.922269 -579.770020
v 162.733643 0.421444 -572.346191
v 160.841827 2.048389 -564.956543
v 160.443695 1.989712 -556.156128
v 161.914459 -3.277646 -556.314209
v 165.698059 -8.940372 -560.782837
v 165.814102 -18.961945 -556.422729
v 132.329971 3.400675 -578.800903
v 130.446579 8.916719 -552.877197
v 125.995438 8.225117 -552.965332
v 123.872894 8.690031 -569.390259
v 122.938103 7.973471 -563.606079
v 122.216888 8.608997 -558.884705
v 121.713242 9.525785 -554.000854
v 121.489189 10.020885 -549.569336
v 121.629761 9.947519 -545.143799
v 110.658226 -15.364608 -595.849182
v 110.515366 -15.027082 -596.331177
v 111.696945 -12.356271 -594.812988
v 111.548401 -12.775105 -594.505005
v 110.631035 -17.794930 -596.671753
v 110.658516 -17.994308 -596.122314
v 86.799652 -8.344130 -471.268677
v 86.123871 -8.282523 -471.511047
v 86.836197 -13.364990 -471.864929
v 87.571152 -13.308058 -471.647034
v 87.065804 -3.608306 -470.475800
v 86.445938 -3.439474 -470.742493
v 88.037109 1.114415 -469.617310
v 87.445038 1.376823 -469.866669
v 89.514801 5.488514 -468.617126
v 88.968369 5.857573 -468.875702
v 104.917213 -36.581112 -475.261414
v 105.232513 -35.820328 -475.152222
v 100.334778 -34.022461 -474.715607
v 99.961807 -34.658802 -474.945679
v 95.672058 -31.898361 -473.994873
v 96.207291 -31.319033 -473.708344
v 92.392166 -28.100296 -472.649780
v 93.012039 -27.666979 -472.357117
v 90.067360 -23.570789 -471.760376
v 90.706528 -23.300598 -471.438599
v 88.280190 -18.573071 -471.621887
v 89.038521 -18.392927 -471.414337
v 110.638969 -36.922974 -475.127228
v 110.432625 -37.710907 -475.219360
v 116.289642 -38.635178 -474.973969
v 116.401405 -37.854702 -474.874756
v 129.494781 -38.670715 -475.264221
v 122.835449 -38.612305 -474.978363
v 122.783569 -39.386211 -475.119690
v 129.479721 -39.423912 -475.467651
v 111.139351 -20.016365 -596.316284
v 111.125366 -19.990231 -596.747925
v 111.818420 -22.319153 -597.099487
v 111.588676 -22.580345 -597.497314
v 113.028496 -24.465378 -597.107422
v 112.726707 -24.928753 -597.415283
v 118.161171 -26.078735 -596.753540
v 118.062088 -26.477261 -597.126160
v 122.804413 -26.115219 -596.389282
v 122.780106 -26.638763 -596.723999
v 127.087578 -26.213058 -596.486572
v 126.991737 -26.825375 -596.620483
v 91.909378 9.337505 -467.484131
v 91.423676 9.833097 -467.674896
v 95.520035 12.497253 -466.242798
v 95.135696 13.093622 -466.413879
v 115.495026 20.515240 -464.305237
v 115.636398 19.950075 -464.234497
v 120.676147 21.539188 -464.699493
v 120.578194 22.102686 -464.316284
v 125.606995 22.211885 -464.463684
v 125.504562 22.784029 -464.444305
v 99.971451 15.410419 -465.372375
v 100.246498 14.762709 -465.233185
v 105.164886 17.183365 -464.822876
v 105.372307 16.502893 -464.637146
v 110.355705 18.753063 -464.454163
v 110.517601 18.087036 -464.318604
v 113.833801 -7.934600 -593.263184
v 116.541840 -3.594753 -590.696106
v 116.587746 -4.034350 -590.358521
v 113.919792 -8.452199 -592.686035
v 120.272926 0.174376 -585.664673
v 123.013329 2.981045 -580.413330
v 123.012718 2.352748 -580.093262
v 120.154076 -0.318900 -585.336426
v 126.332535 4.451246 -577.838318
v 127.930656 5.199404 -576.719788
v 127.886375 4.030600 -576.484741
v 126.366638 3.676965 -577.671265
v 144.934998 -20.971424 -597.443970
v 145.542847 -17.859871 -597.939453
v 145.517288 -17.602139 -598.259888
v 144.943100 -20.879864 -597.996094
v 145.493866 -14.402173 -597.621399
v 145.498108 -14.078934 -597.937134
v 167.449814 -2.116549 -469.777344
v 166.608002 2.726254 -469.651855
v 165.932587 2.559307 -469.451721
v 166.769562 -2.161637 -469.564453
v 166.642014 -7.249415 -469.673462
v 167.252090 -7.313209 -469.801941
v 162.051895 10.882084 -468.541870
v 161.530121 10.423574 -468.228943
v 164.286316 6.840755 -469.105591
v 164.889755 7.155798 -469.368225
v 160.328445 -26.018448 -472.520264
v 159.812119 -25.602928 -472.378998
v 156.398392 -29.563248 -473.460510
v 156.890289 -30.086992 -473.640259
v 152.151169 -32.716438 -474.001709
v 152.499268 -33.281494 -474.276306
v 164.949860 -17.072634 -469.963959
v 164.270630 -16.844406 -469.865173
v 162.309616 -21.290623 -471.003479
v 163.007721 -21.647957 -470.949341
v 165.894745 -12.194644 -469.570740
v 166.600479 -12.345316 -469.670898
v 147.191223 -34.963814 -474.210663
v 147.476364 -35.639908 -474.534668
v 141.691162 -36.633171 -474.444702
v 141.877823 -37.348999 -474.741058
v 135.808472 -37.880814 -474.859314
v 135.885208 -38.630280 -475.128052
v 144.030319 -23.549177 -597.475769
v 142.177170 -25.879147 -597.147400
v 141.980133 -25.548033 -596.663391
v 143.768280 -23.353596 -596.946045
v 138.315613 -26.138065 -596.101257
v 134.690872 -26.674259 -596.045776
v 134.646072 -26.241304 -595.633179
v 138.257950 -25.836819 -595.517822
v 130.902847 -26.710545 -596.124207
v 130.920013 -26.148718 -595.799438
v 157.015930 13.141218 -467.041260
v 157.398834 13.701168 -467.360779
v 152.340942 16.174578 -466.106598
v 151.996582 15.495548 -465.791229
v 130.139496 22.634912 -464.369873
v 130.126617 22.014738 -464.373474
v 134.495895 21.373932 -464.219421
v 134.598099 21.993753 -464.247314
v 147.326263 17.464005 -465.048981
v 147.601791 18.127205 -465.260376
v 143.170792 19.677322 -464.430023
v 142.926697 19.008265 -464.312256
v 138.872375 20.859240 -464.266205
v 138.688873 20.261549 -464.209625
v 143.575638 -11.325447 -595.730164
v 143.596420 -11.750901 -595.427368
v 141.798370 -7.451961 -593.159546
v 141.867783 -7.113562 -593.575317
v 139.571671 -3.401374 -589.740662
v 140.160828 -2.997419 -590.065796
v 136.547272 -0.570382 -585.270142
v 136.563477 -0.235812 -585.267334
v 132.507111 1.091166 -579.808594
v 132.558670 1.435558 -579.641602
v 87.939438 -13.283115 -471.838867
v 87.179214 -8.381218 -471.399536
v 90.697479 -12.823400 -475.648865
v 89.741882 -8.223075 -475.383179
v 89.947525 -3.834455 -474.747009
v 87.422043 -3.710009 -470.601532
v 86.212250 -3.393562 -471.092041
v 85.888268 -8.272702 -471.862915
v 86.614655 -13.388351 -472.211884
v 91.099701 0.516113 -473.953491
v 88.402702 0.967508 -469.722412
v 92.583435 4.613940 -473.109680
v 89.841446 5.306075 -468.718933
v 87.249481 1.472132 -470.243103
v 88.851151 5.983961 -469.182281
v 105.385376 -35.443558 -475.321716
v 100.576317 -33.659927 -474.867035
v 106.783188 -33.609550 -478.435364
v 102.601982 -31.723269 -478.148956
v 99.034210 -28.971846 -477.378143
v 96.522400 -30.978888 -473.870605
v 99.869095 -34.839836 -475.270782
v 95.545143 -32.058472 -474.385742
v 104.845032 -36.827999 -475.643860
v 96.206970 -25.492672 -476.221252
v 93.429214 -27.373890 -472.535095
v 94.100487 -21.576481 -475.422485
v 91.183395 -23.097605 -471.649170
v 92.241104 -28.188478 -473.073700
v 89.917755 -23.627251 -472.156433
v 89.483963 -18.284067 -471.598450
v 92.424995 -17.288525 -475.319763
v 88.043198 -18.632805 -472.029938
v 116.432915 -37.489174 -475.124054
v 110.747978 -36.512398 -475.316650
v 116.618904 -36.016460 -478.404724
v 111.593231 -34.855412 -478.501099
v 110.353256 -37.997845 -475.603333
v 116.211372 -38.969009 -475.394653
v 128.953766 -37.172848 -478.949829
v 122.605804 -36.991676 -478.683777
v 122.846054 -38.248253 -475.191772
v 129.466309 -38.338829 -475.472412
v 122.704704 -39.704536 -475.560730
v 129.442383 -39.748581 -475.864899
v 94.726013 8.264568 -472.179016
v 92.178772 9.125723 -467.585388
v 95.752777 12.198191 -466.463715
v 97.972313 11.194439 -471.184662
v 91.335213 9.995142 -467.985901
v 95.022156 13.360250 -466.825897
v 116.929665 17.425236 -468.708130
v 121.746964 18.734695 -468.816406
v 120.864258 21.240532 -464.564148
v 115.787560 19.575438 -464.493103
v 126.272629 19.172224 -468.910278
v 125.695824 21.914087 -464.699768
v 120.565849 22.331450 -464.585815
v 125.526459 22.958494 -464.670776
v 115.475594 20.771959 -464.666351
v 100.397812 14.461246 -465.398682
v 102.299454 13.300203 -470.219666
v 105.494888 16.177986 -464.804321
v 107.170349 14.793200 -469.356445
v 99.879639 15.728405 -465.752838
v 105.121140 17.439215 -465.238708
v 110.651489 17.741333 -464.495331
v 112.076836 15.958082 -468.789307
v 110.329018 19.051891 -464.792847
v 163.517456 1.828385 -473.806030
v 164.250504 -2.733122 -473.966736
v 166.469452 -2.191586 -469.741119
v 165.644470 2.477157 -469.590729
v 164.206985 -7.560770 -473.956787
v 166.456909 -7.244254 -469.824463
v 167.704865 -2.115418 -470.117371
v 167.486069 -7.343139 -470.110840
v 166.863632 2.772407 -470.020050
v 161.897812 5.905447 -473.321289
v 164.020248 6.697006 -469.214722
v 161.234589 10.146570 -468.378357
v 159.264481 9.135857 -472.417633
v 165.124603 7.257483 -469.689636
v 162.239563 11.045565 -468.991028
v 159.567810 -25.402630 -472.594879
v 156.193253 -29.326174 -473.631165
v 156.979919 -24.177067 -476.511536
v 153.725845 -27.964584 -477.237213
v 149.820267 -30.900970 -477.562378
v 151.941299 -32.436630 -474.164673
v 157.017670 -30.236790 -473.974670
v 152.579346 -33.450287 -474.646149
v 160.496185 -26.143929 -472.842194
v 162.061783 -21.143883 -471.203857
v 163.947525 -16.729122 -470.124146
v 161.449936 -16.354160 -474.295227
v 159.443298 -20.283091 -475.251038
v 163.203674 -21.738789 -471.359711
v 165.225433 -17.171270 -470.306458
v 163.158630 -12.179300 -473.931274
v 165.609634 -12.146659 -469.797058
v 166.853577 -12.408919 -470.032623
v 145.234589 -33.047264 -477.842590
v 146.988693 -34.589775 -474.386658
v 140.415375 -34.694763 -478.142639
v 141.558975 -36.270390 -474.598358
v 147.510162 -35.853867 -474.975159
v 141.914917 -37.624367 -475.183929
v 134.979248 -36.107140 -478.527588
v 135.736710 -37.529167 -475.021912
v 135.885345 -38.945580 -475.569702
v 156.847092 12.879908 -467.166626
v 151.861237 15.164179 -465.952698
v 155.165588 11.566769 -470.976440
v 150.713089 13.812471 -470.067352
v 157.538956 13.846018 -467.688965
v 152.483078 16.373215 -466.529175
v 130.197220 21.701513 -464.661499
v 130.528702 18.811049 -468.997803
v 134.605713 18.349754 -468.734131
v 134.527756 21.048208 -464.430359
v 134.696899 22.154570 -464.513031
v 130.201752 22.781870 -464.630371
v 142.857132 18.624804 -464.534546
v 147.225220 17.041616 -465.258789
v 146.462555 15.475164 -469.278809
v 142.388687 16.635191 -469.085358
v 147.783249 18.404720 -465.692078
v 143.316895 19.874815 -464.812927
v 138.496857 17.546410 -468.886078
v 138.672897 19.936771 -464.469299
v 138.992279 21.033092 -464.605835
v 111.176895 -13.025721 -594.394958
v 110.405426 -15.588915 -595.653381
v 110.459747 -18.161682 -596.036743
v 110.310440 -17.859795 -596.879761
v 110.147537 -14.959199 -596.591553
v 111.404312 -12.124456 -595.108032
v 111.670509 -22.340786 -596.471436
v 110.947372 -20.172710 -596.194458
v 110.849411 -20.137901 -596.943115
v 111.336716 -22.732273 -597.296509
v 118.078331 -26.189539 -596.369141
v 112.914429 -24.559250 -596.692627
v 112.510620 -25.217091 -597.537842
v 117.918236 -26.805880 -597.229431
v 122.822136 -26.287231 -595.981079
v 127.079102 -26.275415 -596.033081
v 122.647949 -26.991238 -596.782104
v 126.916924 -27.190401 -596.570190
v 116.323555 -4.135215 -589.793762
v 113.651962 -8.711467 -592.468262
v 113.562462 -7.783048 -593.495544
v 116.283012 -3.241918 -590.840454
v 120.084167 -0.191093 -585.119263
v 122.950081 2.428762 -579.812134
v 120.278847 0.571101 -585.542236
v 122.916977 3.341724 -580.218445
v 126.151070 3.203582 -576.778809
v 127.784370 3.690903 -575.429565
v 126.139435 5.187664 -577.652954
v 127.922394 5.877592 -576.318604
v 145.755753 -14.761150 -597.349609
v 145.780869 -18.101631 -597.619507
v 145.150970 -21.136801 -597.286316
v 145.726410 -17.622112 -598.518433
v 145.813690 -14.021688 -598.170227
v 145.280441 -21.022978 -598.201233
v 143.948456 -23.493292 -596.516113
v 142.010895 -25.624315 -596.282104
v 144.324341 -23.806183 -597.617615
v 142.370346 -26.205454 -597.213379
v 138.397171 -25.986824 -595.075684
v 134.709457 -26.322914 -595.106812
v 138.466980 -26.518076 -596.091431
v 134.782974 -27.067032 -596.032959
v 130.968323 -26.243624 -595.257141
v 130.894852 -27.091076 -596.098267
v 142.305923 -7.203331 -593.260925
v 143.721741 -12.054973 -595.225830
v 143.691025 -11.121228 -595.974670
v 142.517212 -6.500623 -594.111816
v 139.571411 -3.435884 -589.487671
v 136.555511 -0.710993 -584.812805
v 136.590271 0.176237 -585.163208
v 140.266281 -2.608541 -590.104736
v 132.509659 0.936627 -579.278320
v 132.510162 2.011364 -579.573242
v 102.890907 8.993425 -498.131592
v 106.972252 12.102282 -497.758545
v 111.160942 14.940376 -496.873413
v 93.547859 -0.721302 -500.632690
v 91.982704 -4.688551 -499.768494
v 90.669395 -13.770272 -501.122925
v 90.524307 -9.019432 -500.911682
v 92.125267 -4.784676 -501.099976
v 94.153275 -1.141875 -502.720551
v 115.821075 -38.620052 -510.624451
v 110.653015 -38.868980 -512.048279
v 95.488289 -25.851112 -516.848450
v 97.782326 -28.715117 -527.035278
v 101.664124 -36.074566 -534.265747
v 99.736420 5.263630 -505.221008
v 103.633560 8.352201 -505.694824
v 161.185593 -10.916203 -518.199890
v 121.517693 -37.801003 -509.420959
v 149.177231 -31.671934 -488.955383
v 144.186966 -33.853252 -488.774719
v 127.931152 -39.211685 -488.414307
v 154.343033 -31.211021 -494.026428
v 164.618195 -18.156403 -497.711060
v 164.561447 -20.618893 -497.413788
v 165.782440 -17.517025 -494.837463
v 166.882965 -16.018862 -488.754700
v 85.052979 -26.019745 -590.449890
v 85.921173 -35.684563 -576.048828
v 162.216293 -11.640989 -591.922729
v 163.992096 -11.193327 -591.590454
v 164.614929 -7.453334 -586.312378
v 165.516678 -1.342564 -573.663391
v 165.463150 -3.621389 -579.552856
v 165.539093 -2.918392 -566.841919
v 126.908928 -8.589138 -473.664734
v 104.077591 -16.970514 -592.510986
v 104.911842 -13.920635 -589.823669
v 104.746796 -19.952095 -592.853149
v 106.182831 -22.497768 -592.423950
v 107.575211 -25.442390 -592.590881
v 109.308601 -27.802938 -592.424316
v 115.994118 -29.311289 -591.740112
v 121.578171 -29.653618 -591.080811
v 126.961372 -29.411865 -590.229370
v 107.406799 -9.893267 -587.008728
v 111.633583 -5.200638 -582.278381
v 116.458786 -0.709204 -576.470703
v 120.510826 2.888484 -573.005615
v 123.901978 4.189096 -569.682251
v 126.805695 4.827860 -568.149597
v 150.248352 -23.345690 -592.471924
v 151.009995 -19.946203 -592.560791
v 150.471619 -16.376566 -592.089966
v 146.175659 -28.567766 -591.424377
v 148.600098 -26.012812 -592.086670
v 136.729965 -29.193129 -589.870239
v 141.074188 -28.686407 -589.919800
v 132.008438 -29.270298 -589.990967
v 147.887955 -12.832940 -589.424561
v 145.732468 -7.429412 -586.388428
v 141.957626 -2.749941 -581.522461
v 137.211685 0.249174 -576.895142
v 132.386230 2.515903 -572.278076
v 167.778244 -26.979734 -558.364990
v 168.368958 -24.392166 -558.265747
v 126.904953 -15.896671 -566.133179
vn -0.9644 -0.1957 -0.1777
vn -0.9238 -0.3454 -0.1651
vn -0.9032 -0.3646 -0.2263
vn -0.9500 -0.2239 -0.2176
vn -0.8642 -0.4645 -0.1934
vn -0.8592 -0.5011 -0.1035
vn 0.0298 -0.9995 -0.0145
vn 0.0126 -0.9287 -0.3707
vn 0.0370 -0.9349 -0.3530
vn 0.0295 -0.9995 0.0086
vn 0.0880 -0.9400 -0.3297
vn 0.0811 -0.9966 -0.0165
vn -0.0690 -0.7770 0.6256
vn -0.1187 -0.7901 0.6014
vn -0.0977 -0.7604 0.6420
vn -0.0584 -0.7104 0.7014
vn -0.6808 0.6596 -0.3184
vn -0.7158 0.6935 -0.0813
vn -0.5759 0.7606 -0.2997
vn -0.6092 0.7910 -0.0560
vn -0.5198 0.8131 -0.2621
vn -0.5488 0.8306 -0.0948
vn -0.7704 -0.6346 0.0624
vn -0.6496 -0.7413 0.1690
vn -0.6120 -0.7897 -0.0426
vn -0.7488 -0.6546 -0.1038
vn -0.4753 -0.8250 0.3058
vn -0.4488 -0.8934 0.0214
vn -0.4144 -0.9050 -0.0961
vn -0.6263 -0.7788 -0.0344
vn -0.8394 -0.4870 0.2415
vn -0.8838 -0.4238 0.1980
vn -0.8219 -0.5647 0.0743
vn -0.1897 -0.9706 -0.1478
vn -0.3373 -0.9359 -0.1021
vn -0.3018 -0.9531 0.0218
vn -0.1286 -0.9913 -0.0290
vn -0.3161 -0.8618 0.3967
vn -0.1630 -0.8669 0.4711
vn -0.9635 -0.1247 -0.2371
vn -0.8826 -0.4702 0.0030
vn -0.9700 -0.1560 0.1867
vn -0.9388 -0.3301 0.0988
vn -0.9313 -0.3641 -0.0092
vn -0.9443 -0.3061 0.1210
vn -0.9814 -0.1871 -0.0420
vn -0.9853 -0.1705 -0.0115
vn -0.0216 0.9997 -0.0123
vn -0.1034 0.9944 -0.0238
vn -0.0845 0.9899 -0.1137
vn -0.0280 0.9931 -0.1140
vn -0.1599 0.9760 -0.1477
vn -0.2343 0.9701 -0.0636
vn -0.1610 0.9860 -0.0428
vn -0.1143 0.9917 -0.0589
vn -0.0530 0.9912 -0.1214
vn -0.9705 0.0224 -0.2403
vn -0.9985 0.0401 -0.0362
vn -0.9438 0.1858 -0.2734
vn -0.9774 0.2095 0.0287
vn -0.9984 0.0513 0.0243
vn -0.9787 0.2027 -0.0315
vn -0.9475 0.2094 -0.2416
vn -0.9492 0.1253 -0.2885
vn 0.0266 -0.9693 -0.2445
vn 0.0714 -0.9963 -0.0475
vn -0.0659 -0.8152 0.5754
vn -0.0702 -0.7699 0.6343
vn -0.0990 -0.6772 0.7291
vn 0.1133 -0.9917 0.0615
vn 0.0815 -0.9916 0.1002
vn 0.1019 -0.9867 0.1268
vn 0.1291 -0.9854 0.1111
vn -0.1271 -0.7073 0.6955
vn -0.2644 -0.8168 0.5128
vn -0.3734 -0.9249 -0.0710
vn -0.4015 -0.8314 0.3843
vn -0.5423 -0.7326 0.4114
vn -0.6356 -0.7175 -0.2850
vn -0.5511 -0.8256 -0.1213
vn -0.4509 -0.8916 0.0415
vn -0.8793 -0.4160 -0.2320
vn -0.7040 -0.6428 0.3018
vn -0.8711 -0.2961 -0.3917
vn -0.8419 -0.5020 -0.1980
vn -0.8709 -0.4900 -0.0382
vn -0.9008 -0.2147 -0.3776
vn -0.8827 -0.2119 -0.4195
vn -0.9268 -0.1487 -0.3448
vn -0.9114 -0.1697 -0.3750
vn -0.8773 -0.2881 -0.3840
vn -0.9052 -0.3101 -0.2906
vn -0.8953 -0.0911 -0.4360
vn -0.9527 0.1814 -0.2439
vn -0.9563 0.0241 -0.2914
vn -0.9580 0.1265 -0.2573
vn -0.9406 -0.0540 -0.3351
vn -0.8563 0.4660 -0.2226
vn -0.9340 0.2907 -0.2079
vn -0.9248 0.2970 -0.2377
vn -0.8623 0.4387 -0.2529
vn -0.9309 0.3046 -0.2014
vn -0.8662 0.4922 -0.0856
vn -0.6672 0.6613 -0.3427
vn -0.7629 0.5804 -0.2848
vn -0.7878 0.5584 -0.2600
vn -0.6915 0.6706 -0.2686
vn -0.7771 0.6273 -0.0499
vn -0.6807 0.7325 -0.0078
vn -0.5494 0.7788 -0.3028
vn -0.5877 0.7326 -0.3433
vn -0.5847 0.7494 -0.3107
vn -0.5284 0.8193 -0.2224
vn -0.5926 0.8055 0.0073
vn -0.2737 0.9511 -0.1434
vn -0.1350 0.9853 -0.1047
vn -0.1670 0.9772 -0.1309
vn -0.3226 0.9321 -0.1644
vn -0.0185 0.9963 -0.0836
vn -0.0294 0.9946 -0.0997
vn -0.2012 0.9097 -0.3634
vn -0.0109 0.9411 -0.3380
vn -0.1325 0.9642 -0.2298
vn -0.2363 0.9230 -0.3036
vn 0.1534 0.9583 -0.2411
vn -0.0077 0.9945 -0.1044
vn -0.2569 -0.2377 -0.9368
vn -0.2792 -0.0136 -0.9601
vn -0.1655 0.0382 -0.9855
vn -0.1556 -0.1265 -0.9797
vn -0.3148 -0.3466 -0.8836
vn -0.3228 -0.0622 -0.9444
vn -0.3454 0.1567 -0.9253
vn -0.2944 0.1871 -0.9372
vn -0.1441 0.2546 -0.9562
vn -0.0143 0.2257 -0.9741
vn -0.1090 0.1230 -0.9864
vn -0.0725 0.3754 -0.9240
vn -0.0189 0.4236 -0.9056
vn -0.0408 -0.0168 -0.9990
vn -0.0940 -0.0697 -0.9931
vn -0.6585 -0.7386 0.1442
vn -0.4418 -0.8917 0.0989
vn -0.4766 -0.8748 0.0872
vn -0.6852 -0.7217 0.0981
vn -0.7804 -0.6233 0.0497
vn -0.7904 -0.5948 0.1463
vn -0.6441 -0.7540 0.1289
vn -0.3765 -0.9191 0.1163
vn 0.0521 0.9984 -0.0235
vn -0.1420 0.9893 -0.0344
vn -0.0316 0.9919 -0.1233
vn -0.0078 0.9773 -0.2118
vn -0.2098 0.9771 -0.0352
vn -0.2526 0.9019 -0.3504
vn -0.4112 0.8843 -0.2211
vn -0.3644 0.9291 -0.0629
vn -0.0964 -0.9943 0.0452
vn -0.1353 -0.9897 0.0458
vn -0.4790 -0.8754 0.0645
vn 0.0942 -0.9954 0.0161
vn 0.0817 -0.9966 0.0092
vn 0.0720 -0.9959 0.0556
vn -0.1420 -0.9876 0.0673
vn -0.7018 0.0513 -0.7106
vn -0.7328 0.0493 -0.6787
vn -0.2823 -0.2163 -0.9346
vn -0.2783 -0.4119 -0.8677
vn -0.0305 -0.9861 0.1632
vn 0.0049 -0.9960 0.0891
vn -0.0572 -0.9847 0.1649
vn -0.0256 -0.9884 0.1496
vn 0.0420 -0.9956 0.0842
vn -0.0216 -0.9911 0.1316
vn -0.0459 -0.9852 0.1650
vn 0.0297 -0.9916 0.1259
vn -0.6604 -0.7506 0.0214
vn -0.6699 -0.7037 -0.2367
vn -0.7557 -0.6534 -0.0455
vn -0.8896 -0.0450 0.4544
vn -0.9305 0.0410 0.3639
vn -0.9816 -0.1489 -0.1195
vn -0.9713 -0.1269 -0.2010
vn -0.9691 -0.1891 -0.1581
vn -0.6618 0.7330 -0.1575
vn -0.7369 0.6651 -0.1206
vn -0.7209 0.6396 -0.2670
vn -0.6635 0.6844 -0.3024
vn -0.8527 0.5088 -0.1182
vn -0.8375 0.5043 -0.2105
vn -0.1690 0.9754 -0.1414
vn -0.2798 0.9526 -0.1194
vn -0.0504 0.9879 -0.1469
vn -0.9555 0.2836 -0.0818
vn -0.9431 0.2654 -0.2005
vn -0.9896 0.1325 0.0566
vn -0.9737 0.0729 -0.2158
vn -0.9817 -0.0796 -0.1733
vn -0.9549 0.0191 0.2962
vn -0.8395 -0.2989 -0.4538
vn -0.9164 -0.1303 -0.3785
vn -0.7958 -0.1208 -0.5933
vn -0.7899 -0.2567 -0.5570
vn -0.9365 -0.0647 -0.3446
vn -0.8752 -0.1010 -0.4731
vn -0.8839 -0.4514 -0.1225
vn -0.9665 -0.1503 0.2080
vn -0.8696 -0.2219 -0.4411
vn -0.9781 -0.1505 -0.1438
vn -0.9652 0.2214 0.1390
vn -0.9592 0.2393 -0.1508
vn -0.9044 -0.1618 -0.3949
vn -0.9957 0.0006 0.0927
vn -0.9635 0.1030 -0.2472
vn -0.6305 0.7279 -0.2694
vn -0.5924 0.7743 -0.2227
vn -0.6615 0.7239 -0.1958
vn -0.5873 0.7708 -0.2468
vn -0.6492 0.7463 -0.1470
vn 0.0860 -0.9959 0.0271
vn 0.0268 -0.9915 0.1272
vn -0.0750 -0.9956 0.0563
vn -0.0715 -0.9933 0.0909
vn -0.5972 0.7898 -0.1397
vn -0.5799 0.8093 0.0935
vn -0.6073 0.7861 0.1150
vn -0.5337 0.8456 0.0095
vn -0.5868 0.7986 0.1338
vn -0.7315 0.6817 0.0095
vn -0.5953 0.7935 0.1260
vn -0.6132 0.7840 -0.0963
vn -0.6620 0.7452 0.0801
vn -0.7737 0.6304 -0.0633
vn -0.9030 0.4166 -0.1051
vn -0.7232 0.6861 0.0798
vn -0.9447 0.3215 -0.0643
vn -0.8958 0.4059 -0.1809
vn -0.9246 0.3581 -0.1302
vn -0.8495 -0.5269 -0.0254
vn -0.9148 -0.3526 -0.1969
vn -0.9189 -0.3890 -0.0654
vn -0.8440 -0.5363 0.0103
vn -0.9431 -0.3309 -0.0323
vn -0.8206 -0.5351 -0.2007
vn -0.9533 -0.3002 -0.0333
vn -0.7874 -0.5806 -0.2073
vn -0.1013 -0.9897 0.1015
vn -0.0338 -0.9941 0.1028
vn -0.0360 -0.9868 0.1580
vn -0.0741 -0.9883 0.1335
vn 0.0822 -0.9892 0.1216
vn 0.1021 -0.9905 0.0917
vn -0.9239 -0.3747 -0.0774
vn -0.9807 -0.1946 -0.0183
vn -0.8547 -0.5088 0.1025
vn -0.9779 -0.1797 0.1072
vn -0.9359 -0.2428 0.2551
vn -0.9145 -0.3431 0.2144
vn -0.9294 -0.2479 0.2735
vn -0.8719 -0.4126 0.2639
vn -0.9763 -0.1805 0.1192
vn -0.9340 -0.2017 0.2948
vn -0.9700 -0.2282 0.0833
vn -0.9606 -0.1539 0.2316
vn -0.9710 -0.0998 0.2175
vn -0.9514 -0.1854 0.2461
vn -0.8090 0.5783 -0.1052
vn -0.7941 0.6077 -0.0111
vn -0.8675 0.4219 -0.2636
vn -0.6466 0.6817 0.3423
vn -0.8688 0.4923 0.0528
vn -0.7889 0.6054 0.1056
vn -0.7787 0.5846 0.2277
vn -0.5560 0.8204 -0.1333
vn -0.5361 0.8429 0.0466
vn -0.5121 0.8511 -0.1153
vn -0.5063 0.8624 -0.0021
vn -0.4765 0.8717 -0.1145
vn -0.4563 0.8623 -0.2195
vn -0.5320 0.8235 -0.1972
vn -0.4819 0.8620 -0.1572
vn -0.4857 0.8331 -0.2645
vn -0.4421 0.8740 -0.2017
vn -0.5373 0.8394 -0.0815
vn -0.4103 0.9072 -0.0934
vn -0.3539 0.9138 -0.1992
vn -0.3392 0.9283 -0.1527
vn -0.7353 -0.6461 0.2048
vn -0.8487 -0.4780 0.2263
vn -0.6837 -0.7048 0.1893
vn -0.9432 -0.2359 0.2341
vn -0.9074 -0.3152 0.2779
vn -0.8350 -0.5053 0.2178
vn -0.6693 -0.7133 0.2082
vn -0.9527 0.1270 -0.2762
vn -0.9598 -0.0603 -0.2741
vn -0.9798 -0.0788 -0.1840
vn -0.9623 0.1774 -0.2064
vn -0.9651 -0.2614 -0.0136
vn -0.9517 -0.2552 -0.1709
vn -0.9459 -0.2325 -0.2264
vn -0.9882 -0.0540 -0.1437
vn -0.9783 0.1719 -0.1156
vn -0.8873 0.4180 -0.1948
vn -0.9306 0.2975 -0.2134
vn -0.9133 0.3383 -0.2269
vn -0.8578 0.4601 -0.2292
vn -0.9315 0.3279 -0.1574
vn -0.8618 0.4703 -0.1898
vn -0.4199 -0.8960 -0.1441
vn -0.5682 -0.8222 -0.0323
vn -0.5624 -0.8122 -0.1549
vn -0.3891 -0.8971 -0.2095
vn -0.3236 -0.9111 -0.2554
vn -0.2668 -0.9215 -0.2822
vn -0.4630 -0.8828 0.0796
vn -0.3576 -0.9328 0.0450
vn -0.3600 -0.9285 -0.0914
vn -0.5074 -0.8553 -0.1045
vn -0.6164 -0.7709 0.1605
vn -0.6914 -0.7161 -0.0958
vn -0.8179 -0.5653 0.1069
vn -0.8418 -0.5340 -0.0793
vn -0.7056 -0.6966 -0.1303
vn -0.6982 -0.7140 0.0518
vn -0.7074 -0.6733 0.2150
vn -0.7804 -0.6216 -0.0675
vn -0.7502 -0.6120 0.2502
vn -0.8322 -0.5543 0.0109
vn -0.3416 -0.9377 -0.0637
vn -0.5248 -0.8405 0.1350
vn -0.4790 -0.8681 -0.1302
vn -0.2296 -0.9692 -0.0896
vn -0.2213 -0.9718 0.0813
vn -0.3350 -0.9365 0.1034
vn -0.5019 -0.8556 0.1268
vn -0.7691 -0.6320 -0.0953
vn -0.7260 -0.6876 0.0119
vn -0.6970 -0.7126 0.0804
vn -0.8281 -0.5558 -0.0738
vn -0.3286 -0.9075 -0.2616
vn -0.4966 -0.7946 -0.3491
vn -0.5088 -0.8031 -0.3100
vn -0.3428 -0.9033 -0.2578
vn -0.6795 -0.6171 -0.3968
vn -0.6865 -0.6292 -0.3644
vn -0.8019 -0.4596 -0.3817
vn -0.7892 -0.5002 -0.3564
vn -0.8663 -0.3753 -0.3298
vn -0.8568 -0.4313 -0.2825
vn -0.9061 -0.4190 0.0583
vn -0.9145 -0.4011 0.0537
vn -0.9728 -0.1315 -0.1907
vn -0.9238 -0.0324 -0.3816
vn -0.9656 -0.2593 -0.0189
vn -0.9317 -0.1659 0.3230
vn -0.9600 -0.2086 0.1869
vn -0.9318 -0.3606 0.0407
vn -0.9055 -0.3162 -0.2830
vn -0.9117 -0.3546 -0.2074
vn -0.0167 -0.9912 -0.1310
vn -0.1060 -0.9943 0.0096
vn -0.0533 -0.9867 -0.1533
vn 0.0416 -0.9624 -0.2685
vn -0.2730 -0.9588 -0.0781
vn -0.2598 -0.9421 -0.2119
vn -0.1542 -0.9815 -0.1133
vn -0.1579 -0.9698 -0.1859
vn -0.1545 -0.9860 -0.0634
vn -0.2317 -0.9614 -0.1484
vn -0.2472 -0.9101 -0.3324
vn -0.1945 -0.8859 -0.4210
vn -0.1153 -0.8029 -0.5849
vn -0.1863 -0.8798 -0.4372
vn -0.2606 -0.9647 0.0393
vn -0.1806 -0.9808 0.0736
vn -0.0321 -0.7316 -0.6810
vn -0.0396 -0.7452 -0.6656
vn 0.1015 -0.8186 -0.5654
vn 0.0444 -0.7353 -0.6763
vn -0.0906 -0.9956 -0.0234
vn -0.0887 -0.9942 0.0607
vn 0.0959 -0.9953 0.0112
vn 0.0006 -1.0000 -0.0077
vn 0.0343 -0.9413 -0.3358
vn 0.0307 -0.9413 -0.3360
vn 0.0165 -0.9730 -0.2301
vn 0.0453 -0.9638 -0.2627
vn -0.0568 -0.9973 -0.0455
vn -0.0698 -0.9816 -0.1778
vn 0.0428 -0.9887 -0.1440
vn 0.0685 -0.9965 -0.0481
vn -0.0601 -0.9978 0.0275
vn 0.0213 -0.9991 -0.0377
vn -0.0185 -0.9998 0.0115
vn -0.0940 -0.9939 0.0577
vn 0.0799 -0.9949 -0.0624
vn 0.0918 -0.9957 -0.0080
vn -0.0859 -0.9919 0.0934
vn -0.3127 -0.9445 0.1004
vn -0.4680 -0.8826 0.0441
vn -0.1256 -0.9897 0.0683
vn -0.7503 -0.6611 -0.0052
vn 0.0713 -0.9961 -0.0510
vn 0.0667 -0.9972 -0.0340
vn -0.0085 -0.9996 0.0257
vn -0.5814 -0.7922 0.1857
vn -0.6390 -0.7570 0.1364
vn -0.4335 -0.8929 0.1216
vn -0.4875 -0.8702 0.0714
vn -0.7226 -0.6886 0.0595
vn -0.1949 -0.9786 0.0656
vn -0.1796 -0.9822 0.0551
vn -0.3423 -0.9275 0.1504
vn -0.1712 -0.9819 0.0816
vn 0.0334 -0.9992 0.0226
vn 0.0996 -0.9947 -0.0250
vn 0.0683 -0.9976 -0.0084
vn 0.1317 -0.9896 -0.0577
vn 0.0833 -0.9928 -0.0866
vn 0.0705 -0.9966 -0.0426
vn -0.2683 -0.9600 0.0798
vn -0.1282 -0.9907 0.0462
vn -0.1462 -0.9866 0.0720
vn -0.2837 -0.9516 0.1181
vn -0.1430 -0.1201 -0.9824
vn -0.0912 -0.2090 -0.9737
vn -0.3438 -0.1265 -0.9305
vn -0.2129 -0.2600 -0.9419
vn -0.0609 -0.2955 -0.9534
vn -0.1011 -0.2392 -0.9657
vn 0.0408 -0.6814 -0.7307
vn 0.0177 -0.5050 -0.8629
vn -0.1738 -0.5610 -0.8094
vn -0.0389 -0.7171 -0.6959
vn -0.2098 -0.4147 -0.8854
vn -0.0241 -0.5553 -0.8313
vn 0.1035 -0.7019 -0.7047
vn 0.1127 -0.8176 -0.5647
vn 0.0716 -0.7833 -0.6174
vn 0.0713 -0.6263 -0.7763
vn 0.1303 -0.8051 -0.5787
vn 0.1097 -0.7722 -0.6259
vn -0.4321 -0.8368 -0.3363
vn -0.3736 -0.8813 -0.2895
vn -0.2496 -0.8135 -0.5253
vn -0.3820 -0.7211 -0.5780
vn -0.4285 -0.9017 -0.0583
vn -0.4768 -0.8785 -0.0288
vn -0.3529 -0.9292 -0.1095
vn -0.3627 -0.9304 0.0532
vn -0.4283 -0.9007 0.0725
vn -0.2425 -0.9603 -0.1378
vn -0.2616 -0.9648 0.0263
vn -0.3738 -0.9212 0.1081
vn -0.4745 -0.8656 0.1600
vn -0.2601 -0.3616 -0.8953
vn -0.3676 -0.4966 -0.7863
vn -0.1766 -0.4682 -0.8658
vn -0.3039 -0.7111 -0.6340
vn -0.3680 -0.6003 -0.7101
vn -0.4181 -0.6987 -0.5805
vn -0.1760 -0.6562 -0.7337
vn -0.3842 -0.8515 -0.3568
vn -0.2573 -0.9024 -0.3456
vn 0.1061 -0.9805 -0.1655
vn 0.1033 -0.9922 -0.0703
vn -0.1094 -0.9939 -0.0127
vn -0.0894 -0.9822 -0.1651
vn 0.1350 -0.8581 -0.4953
vn 0.1323 -0.7342 -0.6659
vn 0.1515 -0.8077 -0.5698
vn 0.1773 -0.8730 -0.4544
vn 0.1294 -0.8413 -0.5249
vn 0.1246 -0.8989 -0.4200
vn 0.1196 -0.9370 -0.3282
vn 0.1933 -0.9412 -0.2770
vn 0.1893 -0.9691 -0.1584
vn 0.1281 -0.9602 -0.2482
vn 0.1170 -0.9772 -0.1770
vn 0.0393 -0.6489 -0.7599
vn -0.0222 -0.8358 -0.5486
vn -0.0585 -0.9358 -0.3477
vn 0.1011 -0.9815 -0.1626
vn 0.1671 -0.9783 -0.1227
vn -0.3548 0.4771 -0.8041
vn -0.3618 0.4210 -0.8318
vn -0.2536 0.6826 -0.6854
vn -0.2570 0.7407 -0.6208
vn -0.1148 0.5926 -0.7973
vn -0.2723 0.5211 -0.8089
vn -0.2425 0.7935 -0.5582
vn -0.1451 0.8115 -0.5661
vn -0.3884 0.8543 -0.3454
vn -0.3573 0.8713 -0.3363
vn -0.3094 0.8265 -0.4703
vn -0.2017 0.8732 -0.4436
vn -0.5337 0.8235 -0.1922
vn -0.3530 0.8975 -0.2643
vn -0.2053 0.9287 -0.3087
vn -0.2010 0.9201 -0.3362
vn -0.1813 0.8483 -0.4974
vn -0.1553 0.8635 -0.4799
vn -0.2773 0.8434 -0.4602
vn -0.1651 0.8404 -0.5162
vn -0.2159 0.9168 -0.3359
vn -0.1396 0.8382 -0.5271
vn -0.2226 0.9188 -0.3261
vn -0.2307 0.9080 -0.3499
vn -0.1531 0.8279 -0.5395
vn -0.9201 0.1803 -0.3477
vn -0.9603 -0.0083 -0.2789
vn -0.9959 -0.0729 -0.0537
vn -0.9966 0.0188 -0.0796
vn -0.9973 0.0711 -0.0198
vn -0.9453 0.2444 -0.2162
vn -0.9791 -0.0536 0.1961
vn -0.7664 0.6352 -0.0952
vn -0.7922 0.5949 -0.1365
vn -0.8773 0.4692 -0.1006
vn -0.8463 0.3922 -0.3604
vn -0.7429 0.5531 -0.3769
vn -0.7832 0.6060 -0.1390
vn -0.5879 0.7372 -0.3331
vn -0.6631 0.7469 -0.0490
vn -0.8878 0.2628 -0.3779
vn -0.9417 0.3363 0.0043
vn -0.9219 0.3847 -0.0462
vn -0.8880 0.3356 -0.3144
vn -0.9045 0.3001 -0.3031
vn -0.8036 0.4757 -0.3577
vn -0.8743 0.4257 -0.2331
vn -0.9827 0.1800 -0.0435
vn -0.9506 0.3096 0.0229
vn -0.9447 0.2311 -0.2325
vn -0.8258 0.4249 -0.3709
vn -0.6673 0.6418 -0.3778
vn -0.7809 0.6021 -0.1664
vn -0.5131 0.7718 -0.3755
vn -0.6177 0.7798 -0.1017
vn -0.7386 0.6523 -0.1700
vn -0.7584 0.6220 -0.1946
vn -0.5208 0.8432 -0.1337
vn -0.5099 0.8428 -0.1723
vn -0.5138 0.8426 -0.1612
vn -0.8090 0.5734 -0.1291
vn -0.5115 0.8553 -0.0832
vn -0.5070 0.8615 -0.0288
vn -0.5363 0.8254 -0.1762
vn -0.5058 0.8281 -0.2419
vn -0.3844 0.8707 -0.3069
vn -0.3492 0.9145 -0.2044
vn -0.1884 0.9820 0.0170
vn -0.3973 0.9175 -0.0178
vn -0.2652 0.9539 0.1408
vn -0.3709 0.9238 0.0944
vn -0.1981 0.9628 -0.1836
vn -0.2200 0.9550 -0.1989
vn -0.2624 0.9518 -0.1590
vn -0.2404 0.9344 -0.2628
vn -0.2230 0.9476 -0.2286
vn -0.2020 0.9771 -0.0671
vn -0.2231 0.9641 -0.1441
vn -0.3776 0.9123 -0.1588
vn -0.1606 0.9864 -0.0348
vn -0.0980 0.9943 -0.0415
vn -0.1271 0.9881 -0.0866
vn -0.0727 0.9955 -0.0606
vn -0.1726 0.9484 -0.2659
vn -0.1299 0.9863 -0.1018
vn -0.0770 0.9578 -0.2770
vn -0.0642 0.9896 -0.1284
vn -0.2018 0.9422 -0.2675
vn -0.1946 0.9200 -0.3402
vn -0.2430 0.9111 -0.3328
vn -0.2696 0.9301 -0.2493
vn -0.0304 0.9614 -0.2735
vn -0.0460 0.9494 -0.3106
vn -0.4684 0.7685 -0.4359
vn -0.6861 0.5976 -0.4150
vn -0.3394 0.9319 -0.1277
vn -0.2876 0.9372 -0.1974
vn -0.2662 0.9505 -0.1603
vn -0.2118 0.9434 -0.2552
vn -0.2693 0.9475 -0.1722
vn -0.2914 0.8838 -0.3660
vn -0.2608 0.9442 -0.2010
vn -0.2216 0.9264 -0.3044
vn -0.3387 0.9038 -0.2616
vn -0.3039 0.8964 -0.3226
vn -0.4620 0.8683 -0.1807
vn -0.6486 0.7593 -0.0530
vn -0.8380 0.4533 0.3037
vn -0.8564 0.4075 0.3170
vn -0.7970 0.4832 0.3624
vn -0.7231 0.6643 0.1895
vn -0.9510 0.3092 0.0081
vn -0.6475 0.6097 0.4571
vn -0.6055 0.7645 0.2212
vn -0.4634 0.8811 -0.0942
vn -0.5744 0.8158 -0.0672
vn -0.7773 0.6234 0.0844
vn -0.6750 0.7378 -0.0009
vn -0.6393 0.6947 0.3296
vn -0.4450 0.8946 -0.0402
vn -0.3302 0.8881 0.3198
vn -0.1938 0.9707 0.1423
vn -0.2244 0.9555 -0.1916
vn -0.3830 0.9212 -0.0679
vn -0.4340 0.8696 0.2355
vn -0.5075 0.7330 0.4529
vn -0.2528 0.9002 0.3545
vn -0.2892 0.9213 -0.2599
vn -0.3585 0.9295 -0.0867
vn -0.0499 0.9988 0.0019
vn -0.1597 0.9642 0.2117
vn 0.0297 0.9669 -0.2536
vn 0.0556 0.9979 0.0334
vn 0.2578 0.9660 -0.0192
vn 0.2372 0.9476 -0.2139
vn 0.0062 0.9683 0.2495
vn 0.1785 0.9759 0.1252
vn -0.0847 0.8828 -0.4621
vn -0.1813 0.9052 -0.3844
vn -0.0117 0.9718 -0.2356
vn -0.0312 0.9248 -0.3793
vn -0.2671 0.8475 -0.4586
vn -0.1782 0.8528 -0.4908
vn -0.2870 0.8505 -0.4407
vn -0.1927 0.8154 -0.5458
vn -0.1118 0.6363 -0.7633
vn -0.1789 0.6222 -0.7622
vn -0.2022 0.8503 -0.4860
vn -0.1374 0.8810 -0.4528
vn -0.1088 0.8306 -0.5461
vn -0.3170 0.8591 -0.4019
vn -0.2046 0.9290 -0.3084
vn -0.1357 0.9752 -0.1746
vn -0.9614 -0.1584 0.2249
vn -0.9708 -0.1007 0.2175
vn -0.9444 -0.0713 0.3209
vn -0.9274 -0.1920 0.3212
vn -0.9909 0.0426 -0.1279
vn -0.9261 -0.2629 -0.2705
vn -0.9605 0.2292 0.1575
vn -0.9815 0.0685 0.1785
vn -0.9957 -0.0210 0.0901
vn -0.9630 0.2601 -0.0701
vn -0.9606 0.2677 0.0743
vn -0.9470 0.2356 0.2185
vn -0.9016 0.3412 0.2658
vn -0.9013 0.3177 0.2946
vn -0.9383 0.2113 0.2737
vn -0.9737 0.0686 0.2170
vn -0.9508 0.0970 0.2944
vn -0.5084 -0.8287 0.2339
vn -0.4315 -0.8825 0.1870
vn -0.6404 -0.7154 0.2794
vn -0.5755 -0.7762 0.2576
vn -0.5534 -0.7978 0.2393
vn -0.4613 -0.8817 0.0990
vn -0.5567 -0.7601 0.3353
vn -0.3690 -0.9186 0.1412
vn -0.2252 -0.9688 -0.1035
vn -0.8487 -0.4869 0.2066
vn -0.7928 -0.6029 0.0896
vn -0.9734 0.0220 0.2279
vn -0.9538 -0.1501 0.2604
vn -0.8412 -0.4037 0.3597
vn -0.7928 -0.5323 0.2968
vn -0.6974 -0.6356 0.3312
vn -0.7503 -0.5180 0.4108
vn -0.9440 -0.2200 0.2460
vn -0.8200 0.5076 -0.2644
vn -0.7835 0.5920 -0.1889
vn -0.1260 0.9163 -0.3802
vn -0.0262 0.8439 -0.5358
vn -0.6885 0.7212 -0.0764
vn -0.3978 0.8961 -0.1969
vn -0.8311 0.5551 -0.0340
vn -0.7551 0.6526 0.0632
vn -0.8972 0.4351 0.0755
vn -0.8757 0.4062 0.2612
vn -0.8276 0.5503 0.1102
vn -0.9654 0.2203 0.1396
vn -0.9004 0.3697 0.2293
vn -0.9059 0.2918 0.3069
vn -0.9719 0.1494 0.1817
vn -0.9782 0.1118 0.1750
vn -0.0023 0.8133 -0.5819
vn 0.0194 0.8371 -0.5467
vn -0.0222 0.9394 -0.3420
vn 0.0123 0.9372 -0.3487
vn 0.9598 -0.2035 -0.1933
vn 0.8982 -0.4375 -0.0432
vn 0.8022 -0.5970 -0.0086
vn 0.7880 -0.6091 -0.0901
vn 0.9238 -0.3421 -0.1722
vn 0.9563 0.0516 -0.2876
vn 0.0041 -0.9150 -0.4034
vn -0.1282 -0.9090 0.3965
vn 0.0277 -0.9991 -0.0326
vn -0.0676 -0.8840 0.4625
vn 0.0522 -0.9699 0.2377
vn 0.0730 -0.9657 0.2494
vn 0.0402 -0.9392 0.3409
vn 0.6360 0.7498 -0.1828
vn 0.5565 0.8190 -0.1400
vn 0.4731 0.8276 -0.3021
vn 0.5451 0.7404 -0.3932
vn 0.6685 0.7393 -0.0811
vn 0.5720 0.8164 -0.0794
vn 0.4311 0.8962 -0.1050
vn 0.4304 0.8954 -0.1142
vn 0.3711 0.9056 -0.2054
vn 0.8345 -0.3921 -0.3871
vn 0.7766 -0.6220 0.1002
vn 0.7319 -0.6624 0.1600
vn 0.5695 -0.8195 -0.0640
vn 0.7387 -0.6553 -0.1579
vn 0.6340 -0.7731 -0.0210
vn 0.7391 -0.6727 0.0355
vn 0.7745 -0.6325 0.0107
vn 0.8421 -0.5385 0.0309
vn 0.8048 -0.5287 -0.2697
vn 0.7998 -0.5982 -0.0491
vn 0.8228 -0.5161 -0.2379
vn 0.5747 -0.8099 -0.1175
vn 0.4320 -0.9004 0.0510
vn 0.1646 -0.9864 -0.0035
vn 0.2084 -0.9268 0.3125
vn 0.3500 -0.9303 0.1100
vn 0.9667 -0.2368 -0.0968
vn 0.9565 -0.2579 -0.1364
vn 0.9664 -0.0709 -0.2471
vn 0.9994 -0.0279 0.0189
vn 0.9012 -0.4302 -0.0518
vn 0.0141 0.9936 -0.1117
vn 0.0322 0.9988 -0.0372
vn 0.0194 0.9888 -0.1478
vn 0.0770 0.9865 -0.1446
vn 0.0727 0.9918 -0.1052
vn 0.1074 0.9902 -0.0889
vn 0.9582 0.1848 -0.2185
vn 0.9750 0.2223 -0.0032
vn 0.9860 0.0183 -0.1659
vn 0.9940 0.0481 0.0982
vn 0.9604 0.0439 -0.2750
vn 0.1433 -0.9540 0.2632
vn 0.1958 -0.9747 -0.1079
vn 0.1579 -0.9839 -0.0841
vn 0.1622 -0.9407 0.2980
vn 0.0422 -0.9838 0.1740
vn 0.0489 -0.9755 0.2143
vn 0.0984 -0.9683 0.2294
vn 0.0147 -0.9907 0.1350
vn 0.1501 -0.9877 0.0441
vn 0.4904 -0.8530 -0.1788
vn 0.4988 -0.8515 -0.1615
vn 0.4555 -0.8744 -0.1672
vn 0.2766 -0.9576 0.0805
vn 0.7072 -0.6969 -0.1190
vn 0.5659 -0.8244 -0.0023
vn 0.3995 -0.9151 -0.0548
vn 0.4996 -0.8619 -0.0865
vn 0.8658 -0.3681 -0.3389
vn 0.8923 -0.3563 -0.2772
vn 0.8078 -0.5579 -0.1904
vn 0.8672 -0.3919 -0.3073
vn 0.9510 -0.2627 -0.1631
vn 0.9774 -0.1740 -0.1203
vn 0.8951 -0.2977 -0.3319
vn 0.9361 -0.1235 -0.3295
vn 0.9824 -0.1235 -0.1399
vn 0.9879 -0.1030 -0.1159
vn 0.9367 0.1063 -0.3337
vn 0.9720 0.2210 -0.0797
vn 0.9950 0.0052 -0.0997
vn 0.9391 0.0205 -0.3431
vn 0.9792 0.1751 -0.1026
vn 0.9930 -0.0060 -0.1184
vn 0.9294 0.3558 -0.0983
vn 0.9290 0.3437 -0.1370
vn 0.8689 0.4814 -0.1150
vn 0.8359 0.5360 -0.1179
vn 0.7561 0.6443 -0.1148
vn 0.7514 0.6513 -0.1057
vn 0.8206 0.5555 -0.1341
vn 0.6957 0.6837 -0.2204
vn 0.6096 0.7361 -0.2940
vn 0.6600 0.7409 -0.1241
vn 0.5465 0.8188 -0.1757
vn 0.5124 0.7945 -0.3260
vn 0.4067 0.8614 -0.3042
vn 0.4040 0.8860 -0.2276
vn 0.1638 0.9685 -0.1873
vn 0.0784 0.9899 -0.1177
vn 0.2278 0.9585 -0.1712
vn 0.1239 0.9863 -0.1091
vn 0.1500 0.9183 -0.3664
vn 0.2238 0.9082 -0.3537
vn 0.1362 0.9493 -0.2833
vn -0.0484 0.9530 -0.2992
vn -0.0534 0.9863 -0.1561
vn -0.2503 0.9527 -0.1724
vn 0.1569 -0.6693 -0.7262
vn 0.0822 -0.5353 -0.8406
vn 0.1830 -0.2668 -0.9462
vn 0.0579 -0.4006 -0.9144
vn -0.0063 -0.4275 -0.9040
vn 0.0830 -0.1740 -0.9812
vn 0.1601 0.2031 -0.9660
vn 0.3382 0.1413 -0.9304
vn 0.1974 0.0748 -0.9775
vn 0.1297 0.2635 -0.9559
vn 0.0201 -0.1308 -0.9912
vn 0.1177 -0.0556 -0.9915
vn 0.1255 0.2934 -0.9477
vn 0.0055 -0.3730 -0.9278
vn 0.1513 -0.2972 -0.9427
vn 0.2047 -0.9459 0.2518
vn 0.3702 -0.9173 0.1468
vn 0.1502 -0.9617 0.2293
vn 0.0928 -0.9615 0.2585
vn 0.2748 -0.9316 0.2378
vn 0.0116 -0.9619 0.2731
vn 0.6499 -0.7575 0.0615
vn 0.5908 -0.7932 0.1474
vn 0.7709 -0.6286 0.1030
vn 0.7984 -0.6020 0.0102
vn 0.8249 -0.5606 -0.0727
vn 0.1518 0.9828 -0.1047
vn 0.1341 0.9851 -0.1079
vn 0.1061 0.9916 -0.0746
vn 0.1588 0.9833 -0.0892
vn 0.0953 0.9860 -0.1366
vn 0.2468 0.9649 -0.0898
vn 0.1237 -0.9904 0.0620
vn 0.4263 -0.8928 -0.1453
vn 0.4480 -0.8895 -0.0893
vn 0.4995 -0.8467 -0.1831
vn 0.3699 -0.9291 -0.0014
vn 0.3317 -0.9430 0.0249
vn 0.7244 -0.4019 -0.5601
vn 0.6205 -0.6650 -0.4156
vn 0.1548 -0.7952 -0.5863
vn 0.1291 -0.4711 -0.8726
vn 0.7227 -0.0591 -0.6887
vn 0.1574 0.0417 -0.9867
vn 0.2460 -0.9680 0.0485
vn 0.0214 -0.9868 0.1608
vn 0.2863 -0.9563 0.0590
vn 0.3657 -0.9257 0.0964
vn 0.4149 -0.9098 -0.0042
vn 0.2745 -0.9615 0.0153
vn 0.4234 -0.9043 0.0551
vn 0.9044 -0.3825 -0.1892
vn 0.8965 -0.4412 0.0395
vn 0.8886 -0.4556 0.0527
vn 0.9129 -0.3679 -0.1769
vn 0.9528 -0.2446 -0.1801
vn 0.7853 0.5589 -0.2664
vn 0.6684 0.6648 -0.3337
vn 0.6182 0.7247 -0.3043
vn 0.5958 0.7043 -0.3860
vn 0.6264 0.7377 -0.2521
vn 0.5790 0.7190 -0.3845
vn 0.2674 0.9570 -0.1120
vn 0.1238 0.9850 -0.1203
vn 0.9574 0.2400 -0.1608
vn 0.8853 0.4086 -0.2219
vn 0.9365 0.2705 -0.2231
vn 0.9474 0.1589 -0.2780
vn 0.9721 0.1079 -0.2081
vn 0.9975 0.0704 0.0078
vn 0.9986 0.0140 -0.0512
vn 0.9778 0.0644 -0.1995
vn 0.9809 0.0222 -0.1933
vn 0.9892 0.0430 -0.1398
vn 0.9636 -0.0926 -0.2508
vn 0.8668 -0.4745 0.1536
vn 0.9572 -0.2890 -0.0163
vn 0.9729 -0.1358 -0.1870
vn 0.9569 -0.2867 0.0464
vn 0.9859 -0.1670 -0.0036
vn 0.9877 0.1481 -0.0497
vn 0.9884 -0.1460 0.0429
vn 0.9688 -0.1305 0.2109
vn 0.8966 -0.3550 0.2646
vn 0.5414 0.7715 -0.3340
vn 0.6036 0.7770 -0.1785
vn 0.5220 0.8485 -0.0874
vn 0.4596 0.8511 -0.2536
vn 0.0148 -0.9872 0.1591
vn 0.2593 -0.9588 0.1162
vn 0.1405 -0.9691 0.2027
vn 0.5661 0.8235 0.0387
vn 0.6407 0.7676 -0.0159
vn 0.6632 0.7483 0.0121
vn 0.5285 0.8476 -0.0479
vn 0.6585 0.7499 -0.0634
vn 0.6662 0.7457 -0.0018
vn 0.7366 0.6514 -0.1818
vn 0.6769 0.7276 -0.1114
vn 0.7826 0.6216 -0.0349
vn 0.7030 0.7111 -0.0111
vn 0.9760 0.1989 -0.0887
vn 0.8900 0.4504 -0.0712
vn 0.8469 0.4903 -0.2057
vn 0.8734 -0.4842 0.0520
vn 0.9172 -0.3970 -0.0351
vn 0.7932 -0.5670 0.2222
vn 0.9114 -0.3681 -0.1839
vn 0.8534 -0.5036 -0.1347
vn 0.2402 -0.9654 0.1019
vn 0.2113 -0.9704 0.1170
vn 0.2090 -0.9575 0.1987
vn 0.2961 -0.9402 0.1683
vn 0.6537 -0.7068 0.2704
vn 0.7059 -0.6420 0.2994
vn 0.9122 -0.3830 0.1455
vn 0.7974 -0.5300 0.2885
vn 0.9486 -0.2976 0.1079
vn 0.9478 -0.2827 0.1478
vn 0.9157 -0.3627 0.1731
vn 0.9209 -0.3225 0.2188
vn 0.9838 -0.1785 0.0148
vn 0.7210 0.6926 -0.0214
vn 0.6835 0.7298 0.0106
vn 0.8115 0.5788 -0.0803
vn 0.8504 0.5261 -0.0048
vn 0.7611 0.6399 0.1060
vn 0.6636 0.7271 0.1761
vn 0.4202 0.9069 -0.0305
vn 0.3824 0.9240 0.0052
vn 0.2605 0.9583 -0.1178
vn 0.3723 0.9131 -0.1660
vn 0.3098 0.9182 -0.2467
vn 0.2686 0.9342 -0.2349
vn 0.2524 0.9601 -0.1205
vn 0.2332 0.9666 -0.1064
vn 0.2054 0.9673 -0.1489
vn 0.6382 -0.7482 0.1814
vn 0.8794 -0.4613 0.1177
vn 0.5897 -0.7948 0.1433
vn 0.8015 -0.5666 0.1915
vn 0.8779 -0.3852 0.2845
vn 0.9453 0.2353 -0.2260
vn 0.9626 0.2559 -0.0891
vn 0.9943 0.0340 -0.1014
vn 0.9842 0.0220 -0.1757
vn 0.9606 0.2713 -0.0600
vn 0.9970 0.0578 -0.0524
vn 0.9953 -0.0783 -0.0565
vn 0.9907 -0.0842 -0.1067
vn 0.9915 -0.0581 -0.1161
vn 0.8686 0.4499 -0.2075
vn 0.8595 0.5051 -0.0778
vn 0.7356 0.6600 -0.1527
vn 0.7013 0.7115 -0.0447
vn 0.6573 0.7467 -0.1017
vn 0.8490 0.5181 -0.1038
vn 0.5574 -0.7260 0.4026
vn 0.4942 -0.7950 0.3518
vn 0.6351 -0.7590 0.1433
vn 0.6816 -0.7282 0.0721
vn 0.6253 -0.7789 0.0481
vn 0.6741 -0.7215 -0.1582
vn 0.6059 -0.7559 -0.2481
vn 0.5707 -0.8202 0.0402
vn 0.4836 -0.8255 -0.2910
vn 0.4595 -0.8880 -0.0169
vn 0.3619 -0.9319 -0.0247
vn 0.4304 -0.8988 0.0831
vn 0.6617 -0.7491 0.0318
vn 0.7247 -0.6890 -0.0089
vn 0.7170 -0.6966 0.0251
vn 0.6166 -0.7090 0.3423
vn 0.7556 -0.6111 0.2360
vn 0.7922 -0.6094 0.0308
vn 0.8469 -0.5246 0.0872
vn 0.2552 -0.9644 0.0692
vn 0.3008 -0.9502 0.0810
vn 0.2134 -0.9769 -0.0145
vn 0.3938 -0.9169 -0.0646
vn 0.7134 -0.6982 0.0598
vn 0.7434 -0.6681 -0.0322
vn 0.7496 -0.6245 -0.2195
vn 0.6411 -0.6871 -0.3419
vn 0.8020 -0.5588 -0.2110
vn 0.6857 -0.6871 -0.2403
vn 0.5183 -0.8245 -0.2270
vn 0.4937 -0.7854 -0.3735
vn 0.8197 -0.5699 -0.0574
vn 0.9066 -0.4218 0.0101
vn 0.8701 -0.4759 -0.1283
vn 0.9261 -0.3733 -0.0549
vn 0.9662 -0.2488 0.0672
vn 0.9735 -0.2107 0.0887
vn 0.9570 -0.1947 0.2150
vn 0.9975 0.0533 0.0457
vn 0.9942 -0.0046 0.1073
vn 0.9883 -0.0329 0.1489
vn 0.9976 -0.0493 -0.0486
vn 0.9799 -0.1864 -0.0715
vn 0.9744 -0.2203 -0.0449
vn 0.1524 -0.9822 -0.1094
vn 0.2960 -0.9537 -0.0527
vn 0.2100 -0.9775 -0.0168
vn 0.1592 -0.8866 -0.4343
vn 0.1287 -0.9833 -0.1287
vn 0.0788 -0.9750 -0.2077
vn 0.3880 -0.8610 -0.3287
vn 0.4027 -0.8644 -0.3011
vn 0.3754 -0.9071 -0.1905
vn 0.2785 -0.9512 -0.1330
vn 0.3169 -0.9208 -0.2273
vn 0.3571 -0.8920 -0.2771
vn 0.3990 -0.9096 -0.1157
vn 0.3598 -0.9237 -0.1318
vn 0.2729 -0.9581 -0.0875
vn 0.2501 -0.9445 -0.2131
vn 0.2228 -0.9099 -0.3498
vn 0.1029 -0.8147 -0.5706
vn 0.3122 -0.9317 -0.1858
vn 0.0775 -0.9756 -0.2056
vn 0.0466 -0.9598 -0.2769
vn 0.1996 -0.9695 -0.1424
vn 0.1882 -0.9793 -0.0743
vn 0.1602 -0.9861 0.0448
vn 0.0972 -0.9951 -0.0208
vn 0.0768 -0.9963 0.0378
vn 0.1289 -0.9829 0.1314
vn 0.0868 -0.9641 0.2511
vn 0.0699 -0.9609 0.2680
vn 0.0473 -0.9713 0.2329
vn 0.1306 -0.9647 0.2287
vn 0.5420 -0.7850 0.3000
vn 0.5071 -0.8378 0.2025
vn 0.4306 -0.8809 0.1965
vn 0.3320 -0.9331 0.1383
vn 0.0484 -0.9983 -0.0316
vn 0.0366 -0.9993 0.0075
vn 0.3781 -0.9088 0.1763
vn 0.3087 -0.9409 0.1391
vn 0.3628 -0.9163 0.1699
vn 0.2564 -0.9574 0.1329
vn 0.1663 -0.9723 0.1645
vn 0.0769 -0.9779 0.1946
vn 0.1372 -0.9876 0.0770
vn 0.1974 -0.9727 0.1223
vn 0.1079 -0.9925 0.0577
vn -0.1008 -0.9944 -0.0302
vn -0.0177 -0.9998 0.0025
vn 0.0224 -0.9988 -0.0432
vn 0.0089 -0.9954 -0.0952
vn 0.1870 -0.9726 0.1384
vn 0.1658 -0.9775 0.1302
vn 0.0460 -0.9960 0.0769
vn -0.0271 -0.9969 0.0734
vn 0.0718 -0.4985 -0.8639
vn 0.2445 -0.4651 -0.8508
vn -0.0192 -0.5069 -0.8618
vn -0.0796 -0.5751 -0.8142
vn 0.0046 -0.6633 -0.7483
vn 0.0904 -0.6952 -0.7131
vn -0.0719 -0.7552 -0.6515
vn 0.0107 -0.8106 -0.5856
vn -0.0500 -0.7689 -0.6374
vn -0.1420 -0.6667 -0.7316
vn 0.0481 -0.7511 -0.6584
vn -0.0136 -0.7615 -0.6480
vn 0.0580 -0.8325 -0.5509
vn 0.0685 -0.7471 -0.6612
vn 0.0345 -0.8044 -0.5931
vn 0.8103 -0.5819 -0.0698
vn 0.8778 -0.4784 -0.0234
vn 0.5247 -0.8509 0.0258
vn 0.5554 -0.8262 -0.0945
vn 0.8065 -0.5592 -0.1921
vn 0.5179 -0.8070 -0.2837
vn 0.5154 -0.8534 0.0774
vn 0.4344 -0.8966 0.0859
vn 0.4540 -0.8910 -0.0002
vn 0.4619 -0.8717 0.1635
vn 0.3561 -0.9217 0.1537
vn 0.2081 -0.9765 0.0568
vn 0.1884 -0.9762 -0.1077
vn 0.1380 -0.8421 -0.5214
vn 0.0278 -0.7155 -0.6981
vn 0.1351 -0.6516 -0.7464
vn 0.2835 -0.7614 -0.5831
vn 0.3640 -0.8484 -0.3843
vn 0.6825 -0.6798 -0.2685
vn 0.4517 -0.8076 -0.3792
vn 0.4514 -0.8709 -0.1944
vn 0.1589 -0.9354 -0.3159
vn -0.0798 -0.9968 -0.0089
vn -0.0911 -0.9837 -0.1550
vn -0.1887 -0.9786 -0.0825
vn -0.2256 -0.9629 -0.1482
vn -0.0093 -0.8356 -0.5493
vn -0.0453 -0.8976 -0.4384
vn -0.1628 -0.7899 -0.5912
vn -0.1954 -0.8636 -0.4647
vn -0.2164 -0.9303 -0.2961
vn -0.0673 -0.9657 -0.2509
vn -0.0550 -0.9843 -0.1679
vn -0.1252 -0.7610 -0.6366
vn -0.0593 -0.8695 -0.4903
vn -0.0613 -0.9402 -0.3351
vn -0.0280 -0.9867 -0.1602
vn 0.1132 0.4069 -0.9064
vn 0.7050 0.2547 -0.6620
vn 0.2511 0.6796 -0.6893
vn 0.3203 0.4777 -0.8180
vn 0.1891 0.5239 -0.8305
vn 0.2080 0.7054 -0.6776
vn 0.3089 0.4251 -0.8508
vn 0.2725 0.6591 -0.7009
vn 0.2594 0.8473 -0.4635
vn 0.3093 0.8940 -0.3242
vn 0.3163 0.9068 -0.2788
vn 0.2298 0.8571 -0.4611
vn 0.2680 0.8277 -0.4929
vn 0.2511 0.9011 -0.3534
vn 0.2524 0.9044 -0.3441
vn 0.3631 0.8838 -0.2950
vn 0.4855 0.8549 -0.1829
vn 0.2359 0.7847 -0.5733
vn 0.2296 0.7766 -0.5866
vn 0.2399 0.7767 -0.5824
vn 0.1349 0.8567 -0.4979
vn 0.2235 0.9053 -0.3613
vn 0.1750 0.9148 -0.3641
vn 0.2226 0.8337 -0.5053
vn 0.1814 0.9102 -0.3722
vn 0.9665 0.2259 -0.1221
vn 0.9289 0.2423 -0.2802
vn 0.9444 0.1758 -0.2777
vn 0.9573 0.1221 -0.2622
vn 0.9594 0.2505 -0.1299
vn 0.9875 0.1510 -0.0461
vn 0.9993 0.0358 0.0090
vn 0.9632 0.2386 -0.1238
vn 0.8284 0.5309 -0.1787
vn 0.7195 0.6606 -0.2145
vn 0.6826 0.6072 -0.4066
vn 0.8529 0.4289 -0.2976
vn 0.9237 0.3731 -0.0871
vn 0.9084 0.3886 -0.1540
vn 0.9410 0.2951 -0.1656
vn 0.9229 0.2773 -0.2671
vn 0.9286 0.3417 -0.1448
vn 0.8804 0.4084 -0.2409
vn 0.8612 0.5008 -0.0863
vn 0.8983 0.3968 -0.1886
vn 0.7719 0.5983 -0.2148
vn 0.5112 0.8340 -0.2076
vn 0.7144 0.6620 -0.2268
vn 0.4567 0.8895 -0.0155
vn 0.6591 0.7510 -0.0411
vn 0.4951 0.8680 -0.0379
vn 0.5203 0.8538 -0.0201
vn 0.3866 0.9214 -0.0391
vn 0.4031 0.9149 -0.0218
vn 0.5472 0.8273 -0.1272
vn 0.3750 0.9144 -0.1527
vn 0.2964 0.9518 -0.0789
vn 0.3865 0.9102 -0.1486
vn 0.2422 0.9697 0.0309
vn 0.3087 0.9511 0.0051
vn 0.0935 0.9934 -0.0670
vn 0.1914 0.9797 -0.0601
vn 0.1081 0.9941 -0.0036
vn 0.2025 0.9786 0.0369
vn 0.1253 0.9827 -0.1361
vn 0.1755 0.9740 -0.1434
vn 0.1241 0.9685 -0.2160
vn 0.1469 0.9648 -0.2180
vn 0.1906 0.9550 -0.2275
vn 0.1966 0.9652 -0.1726
vn 0.0039 0.9990 -0.0456
vn 0.0065 0.9996 -0.0273
vn 0.0595 0.9690 -0.2397
vn 0.0281 0.9887 -0.1473
vn 0.1190 0.9453 -0.3039
vn 0.1049 0.9621 -0.2516
vn 0.1714 0.9361 -0.3072
vn 0.1412 0.9675 -0.2098
vn 0.3943 0.8935 -0.2151
vn 0.5680 0.7919 -0.2240
vn 0.2544 0.9471 -0.1957
vn 0.2954 0.9520 -0.0796
vn 0.2207 0.9690 -0.1115
vn 0.2337 0.9611 -0.1471
vn 0.3173 0.9456 -0.0721
vn 0.2544 0.9471 -0.1956
vn 0.1542 0.9760 -0.1539
vn 0.1894 0.9518 -0.2411
vn 0.3942 0.8763 -0.2768
vn 0.2967 0.8947 -0.3340
vn 0.4724 0.8544 -0.2162
vn 0.6640 0.7453 -0.0600
vn 0.8371 0.4307 0.3372
vn 0.7177 0.6139 0.3287
vn 0.7510 0.5296 0.3944
vn 0.8297 0.4566 0.3212
vn 0.5468 0.7190 0.4290
vn 0.5403 0.7733 0.3318
vn 0.6178 0.7859 0.0251
vn 0.5256 0.8507 -0.0077
vn 0.8061 0.5731 0.1472
vn 0.6187 0.7855 -0.0156
vn 0.4487 0.8774 0.1697
vn 0.3896 0.9133 -0.1184
vn 0.0513 0.9752 0.2153
vn 0.3085 0.8929 0.3281
vn 0.3718 0.9283 -0.0098
vn 0.1377 0.9846 -0.1080
vn 0.3287 0.8711 0.3648
vn 0.1253 0.9596 0.2518
vn 0.2830 0.9583 0.0391
vn 0.1358 0.9835 -0.1192
vn 0.2265 0.9631 -0.1456
vn -0.0387 0.9572 -0.2870
vn 0.1086 0.9679 -0.2268
vn -0.1371 0.9812 -0.1359
vn -0.1807 0.9787 0.0972
vn -0.3370 0.9364 -0.0978
vn -0.3293 0.9441 0.0178
vn -0.0848 0.9936 0.0749
vn -0.2378 0.9674 -0.0875
vn 0.0539 0.9884 -0.1420
vn -0.1676 0.9711 -0.1697
vn -0.2356 0.9701 -0.0579
vn 0.0938 0.9916 -0.0889
vn -0.0848 0.9136 -0.3978
vn 0.0215 0.9313 -0.3637
vn 0.2878 0.7696 -0.5700
vn 0.2463 0.8226 -0.5125
vn 0.2833 0.6918 -0.6642
vn 0.2923 0.7354 -0.6113
vn 0.1996 0.5351 -0.8208
vn 0.1709 0.5215 -0.8359
vn 0.0935 0.8601 -0.5015
vn 0.1241 0.8491 -0.5135
vn 0.2022 0.8748 -0.4402
vn -0.0359 0.8445 -0.5343
vn -0.0160 0.8217 -0.5697
vn 0.0721 0.9454 -0.3179
vn 0.2144 0.9053 -0.3667
vn -0.0190 0.9847 -0.1731
vn -0.1481 0.9886 -0.0275
vn -0.0220 0.8523 -0.5226
vn -0.0251 0.9997 -0.0071
vn -0.0452 0.9983 0.0361
vn -0.2810 0.9565 -0.0790
vn 0.0068 0.9978 -0.0655
vn 0.8145 -0.4665 0.3450
vn 0.9391 -0.1723 0.2974
vn 0.9784 -0.0266 0.2051
vn 0.9180 -0.1293 0.3749
vn 0.9515 -0.0140 0.3075
vn 0.9603 -0.2276 0.1611
vn 0.9969 0.0131 -0.0772
vn 0.9985 0.0077 -0.0533
vn 0.9979 0.0380 0.0516
vn 0.9709 0.2024 -0.1284
vn 0.9063 0.4054 -0.1190
vn 0.9596 0.2724 -0.0702
vn 0.9125 0.3904 -0.1225
vn 0.9039 0.3496 0.2465
vn 0.9128 0.3228 0.2501
vn 0.9161 0.3982 0.0472
vn 0.9555 0.2851 0.0762
vn 0.9355 0.2376 0.2615
vn 0.9228 0.3295 0.1997
vn 0.9527 0.2382 0.1888
vn 0.9952 0.0767 0.0600
vn 0.9844 0.0690 0.1619
vn 0.9562 0.2349 0.1747
vn 0.9925 -0.0694 0.1009
vn 0.9658 0.1282 0.2256
vn 0.9788 0.1255 0.1617
vn 0.3552 -0.9203 0.1642
vn 0.3628 -0.9141 0.1814
vn 0.4980 -0.8396 0.2169
vn 0.5365 -0.8091 0.2400
vn 0.6197 -0.7623 0.1867
vn 0.5259 -0.8296 0.1875
vn 0.8719 -0.4894 0.0186
vn 0.8497 -0.5209 0.0814
vn 0.9819 -0.0169 0.1886
vn 0.8948 -0.1428 0.4230
vn 0.8075 -0.4506 0.3807
vn 0.6802 -0.6580 0.3231
vn 0.6220 -0.7171 0.3146
vn 0.5735 -0.7782 0.2560
vn 0.6160 -0.7052 0.3510
vn 0.6827 -0.6185 0.3891
vn 0.8302 -0.3538 0.4307
vn 0.8527 -0.4792 0.2081
vn 0.1736 0.7932 -0.5837
vn 0.2735 0.8484 -0.4533
vn 0.5185 0.8463 -0.1223
vn 0.7292 0.6790 0.0847
vn 0.8776 0.4671 0.1082
vn 0.9019 0.3189 0.2915
vn 0.9778 0.1675 0.1255
vn 0.9802 0.0672 0.1865
vn -0.1501 0.7345 -0.6618
vn -0.2920 0.9528 -0.0835
vn 0.0710 0.9912 -0.1114
vn -0.0138 0.9997 -0.0185
vn 0.0784 0.9969 0.0035
vn 0.2203 0.9666 -0.1309
vn 0.3053 0.9422 -0.1384
vn 0.2959 0.9539 -0.0510
vn 0.1951 0.9805 -0.0252
vn 0.9690 -0.2217 0.1093
vn 0.8383 -0.0040 -0.5451
vn 0.8477 -0.2018 -0.4906
vn 0.8907 -0.4497 0.0660
vn 0.8680 0.1263 -0.4803
vn 0.9525 0.0713 0.2961
vn -0.1295 -0.1202 0.9843
vn -0.5673 -0.1145 0.8155
vn -0.5304 -0.1235 0.8387
vn -0.0593 -0.0216 0.9980
vn -0.1873 -0.1438 0.9717
vn -0.6021 -0.0508 0.7968
vn -0.2258 -0.1359 0.9646
vn -0.6242 0.0145 0.7811
vn -0.2600 -0.1271 0.9572
vn -0.6176 0.0894 0.7814
vn -0.1049 -0.4465 0.8886
vn 0.0324 0.0022 0.9995
vn 0.0795 -0.1354 0.9876
vn -0.1492 -0.5184 0.8420
vn -0.2561 -0.5550 0.7914
vn 0.0887 -0.2468 0.9650
vn -0.4055 -0.4807 0.7775
vn 0.0299 -0.2424 0.9697
vn -0.5193 -0.3084 0.7970
vn -0.0410 -0.1194 0.9920
vn -0.5260 -0.1556 0.8361
vn -0.0471 0.0010 0.9989
vn -0.0088 0.0819 0.9966
vn -0.0959 -0.4030 0.9101
vn -0.0659 -0.4224 0.9040
vn 0.0031 0.0953 0.9954
vn -0.0036 -0.0219 0.9998
vn 0.0361 0.0519 0.9980
vn 0.0041 -0.4709 0.8822
vn 0.0308 -0.5150 0.8566
vn 0.9491 0.2264 0.2188
vn 0.7891 0.2684 -0.5525
vn 0.9131 0.3769 -0.1558
vn 0.3807 0.2372 -0.8938
vn 0.5027 0.7445 -0.4393
vn 0.1931 0.3431 -0.9193
vn 0.1726 0.8880 -0.4263
vn 0.1406 0.4352 -0.8893
vn 0.0328 0.8883 -0.4581
vn 0.0538 0.3520 -0.9344
vn 0.0526 0.8003 -0.5973
vn 0.0746 0.2069 -0.9755
vn -0.2438 -0.1216 0.9622
vn -0.5533 0.2056 0.8073
vn -0.1897 -0.1117 0.9755
vn -0.4324 0.3230 0.8418
vn -0.1039 0.3192 0.9420
vn 0.0617 -0.1469 0.9872
vn 0.0754 -0.2346 0.9692
vn -0.0288 0.1561 0.9873
vn 0.0004 -0.2563 0.9666
vn -0.0087 0.1924 0.9813
vn -0.3009 0.4014 0.8651
vn -0.1295 -0.0698 0.9891
vn -0.2199 0.4428 0.8692
vn -0.0789 -0.0314 0.9964
vn -0.1807 0.4309 0.8841
vn -0.0167 -0.0711 0.9973
vn 0.8043 -0.1740 -0.5682
vn 0.8123 -0.1130 -0.5722
vn 0.8549 -0.4880 -0.1759
vn 0.8814 -0.4628 -0.0942
vn 0.8605 -0.0953 -0.5005
vn 0.7891 -0.0253 -0.6137
vn 0.7411 -0.5657 -0.3615
vn 0.8239 -0.5450 -0.1552
vn 0.5728 0.0703 -0.8166
vn -0.1382 0.2070 -0.9685
vn -0.3784 -0.5966 -0.7077
vn 0.6078 -0.5635 -0.5595
vn -0.9022 0.3343 0.2726
vn -0.9245 0.0870 0.3711
vn -0.9064 0.0580 -0.4183
vn -0.8642 0.1516 -0.4799
vn -0.9528 -0.2988 -0.0541
vn -0.8443 -0.1014 -0.5262
vn 0.5148 0.0231 0.8570
vn 0.5224 0.1070 0.8460
vn 0.1097 -0.0158 0.9938
vn 0.0537 -0.0157 0.9984
vn -0.0208 0.0073 0.9998
vn 0.4738 -0.0326 0.8800
vn 0.5111 0.3578 0.7815
vn 0.2641 0.0106 0.9644
vn 0.2041 -0.0276 0.9786
vn 0.5458 0.2038 0.8127
vn 0.2436 -0.4422 0.8632
vn -0.2129 -0.1504 0.9654
vn -0.0915 -0.1369 0.9863
vn 0.2652 -0.4849 0.8334
vn -0.0047 -0.1434 0.9897
vn 0.2503 -0.5530 0.7947
vn 0.3201 -0.2544 0.9126
vn -0.1907 -0.0714 0.9791
vn -0.2579 -0.1407 0.9559
vn 0.2412 -0.3741 0.8955
vn -0.0903 0.0039 0.9959
vn 0.4244 -0.1167 0.8979
vn 0.0132 -0.1476 0.9890
vn 0.1940 -0.5926 0.7818
vn -0.0178 -0.1395 0.9901
vn 0.1106 -0.5846 0.8037
vn -0.0468 -0.0979 0.9941
vn 0.0445 -0.5520 0.8327
vn -0.6717 0.2592 -0.6940
vn -0.4050 0.3539 -0.8430
vn -0.4417 0.8527 -0.2789
vn -0.8389 0.5414 -0.0564
vn -0.1641 0.5590 -0.8128
vn -0.0194 0.4326 -0.9014
vn -0.0385 0.9407 -0.3369
vn -0.1168 0.9752 -0.1883
vn 0.0839 0.2702 -0.9591
vn 0.0434 0.8811 -0.4709
vn 0.2617 0.0339 0.9646
vn 0.4333 0.4352 0.7892
vn 0.3729 0.4489 0.8120
vn 0.2121 0.0264 0.9769
vn 0.0067 0.3279 0.9447
vn -0.0468 -0.2589 0.9648
vn -0.0567 -0.2077 0.9766
vn 0.0608 0.3669 0.9283
vn 0.1545 -0.0365 0.9873
vn 0.3157 0.4376 0.8419
vn 0.2269 0.4164 0.8804
vn 0.0638 -0.1122 0.9916
vn 0.1256 0.4011 0.9074
vn -0.0329 -0.1662 0.9855
vn -0.8571 -0.1180 -0.5015
vn -0.8706 -0.4855 0.0799
vn -0.9353 -0.3514 -0.0412
vn -0.8090 0.0744 -0.5831
vn -0.8898 -0.0851 -0.4483
vn -0.7561 0.1902 -0.6262
vn -0.8344 -0.1184 -0.5383
vn -0.7479 0.1908 -0.6358
vn -0.7412 -0.4265 -0.5184
vn -0.6418 0.0935 -0.7612
vn 0.7548 0.1909 0.6275
vn 0.8066 -0.0213 0.5908
vn 0.1453 0.0370 0.9887
vn 0.1686 -0.0900 0.9816
vn 0.1662 -0.1817 0.9692
vn 0.7923 -0.2170 0.5703
vn -0.9886 0.1470 0.0316
vn -0.9980 -0.0347 0.0524
vn -0.9772 -0.2113 0.0211
vn 0.1487 -0.2288 0.9621
vn 0.7496 -0.3358 0.5703
vn 0.1404 -0.2833 0.9487
vn 0.6875 -0.4653 0.5575
vn -0.9571 0.2887 -0.0252
vn -0.8935 0.4467 -0.0457
vn 0.2677 0.7318 0.6268
vn 0.4471 0.5713 0.6883
vn 0.0471 0.0436 0.9979
vn 0.1203 -0.0177 0.9926
vn 0.1949 -0.0962 0.9761
vn 0.5998 0.3741 0.7073
vn -0.4903 -0.8665 -0.0939
vn -0.6996 -0.6831 -0.2095
vn -0.3069 -0.9490 0.0718
vn 0.2177 -0.1086 0.9700
vn 0.6686 0.2515 0.6998
vn 0.1822 -0.0239 0.9830
vn 0.6845 0.2311 0.6915
vn -0.8381 -0.5065 -0.2026
vn -0.9112 -0.3934 -0.1225
vn 0.6985 0.2620 0.6659
vn 0.1366 0.0756 0.9877
vn -0.9493 -0.3120 -0.0377
vn 0.1423 0.8716 0.4690
vn 0.1678 0.8192 0.5485
vn 0.0198 0.0754 0.9970
vn 0.0064 0.0600 0.9982
vn -0.1986 -0.9532 0.2279
vn -0.1347 -0.9409 0.3107
vn -0.0138 0.0711 0.9974
vn 0.0465 0.0718 0.9963
vn 0.0819 0.9082 0.4105
vn -0.0705 0.9090 0.4109
vn -0.0403 -0.9530 0.3002
vn 0.0710 -0.9721 0.2237
vn 0.1179 -0.3660 0.9231
vn 0.5742 -0.6452 0.5040
vn 0.4152 -0.8008 0.4317
vn 0.0650 -0.4475 0.8919
vn -0.7706 0.6365 0.0322
vn -0.5667 0.8150 0.1208
vn 0.1163 -0.3737 0.9202
vn 0.0959 -0.3801 0.9200
vn 0.1852 -0.7990 0.5721
vn 0.2591 -0.8033 0.5362
vn 0.0249 -0.3879 0.9214
vn 0.0340 -0.8196 0.5719
vn -0.2210 0.9752 0.0152
vn -0.0437 0.9989 -0.0140
vn -0.3007 0.9527 0.0435
vn 0.2842 -0.8744 0.3933
vn 0.0170 -0.4798 0.8772
vn 0.2196 -0.8845 0.4117
vn 0.0038 -0.4687 0.8833
vn -0.3870 0.9100 0.1487
vn -0.3085 0.9421 0.1314
vn 0.2322 -0.8492 0.4743
vn 0.0554 -0.4145 0.9083
vn -0.3005 0.9482 0.1033
vn -0.1808 -0.1203 0.9761
vn -0.2012 -0.0318 0.9790
vn -0.8602 -0.0828 0.5032
vn -0.8189 -0.2607 0.5113
vn -0.2107 0.0257 0.9772
vn -0.8613 0.0794 0.5018
vn 0.9902 0.0672 0.1224
vn 0.9854 -0.0755 0.1526
vn 0.9594 0.2593 0.1113
vn -0.1332 -0.2497 0.9591
vn -0.6993 -0.4953 0.5154
vn -0.4718 -0.7299 0.4946
vn -0.0458 -0.4027 0.9142
vn 0.8676 0.4890 0.0900
vn 0.6673 0.7381 0.0998
vn -0.7197 0.3326 0.6094
vn -0.6033 0.4907 0.6286
vn -0.2038 -0.1056 0.9733
vn -0.1421 -0.0046 0.9898
vn -0.0941 0.0525 0.9942
vn -0.4469 0.6469 0.6179
vn 0.6930 -0.7189 -0.0537
vn 0.5227 -0.8520 -0.0285
vn 0.8064 -0.5914 0.0013
vn -0.7789 0.2455 0.5772
vn -0.8006 0.2511 0.5440
vn -0.2219 -0.0558 0.9735
vn -0.2353 -0.1406 0.9617
vn 0.8653 -0.4895 0.1077
vn 0.9081 -0.3790 0.1782
vn -0.2119 0.0309 0.9768
vn -0.8289 0.2137 0.5169
vn 0.9582 -0.2222 0.1803
vn -0.0772 0.0620 0.9951
vn -0.3253 0.7501 0.5758
vn -0.0784 0.0647 0.9948
vn -0.2607 0.8105 0.5245
vn 0.3700 -0.9286 0.0273
vn 0.2576 -0.9625 0.0852
vn -0.0767 0.0603 0.9952
vn -0.2026 0.8615 0.4655
vn 0.1680 -0.9748 0.1465
vn -0.3241 -0.8256 0.4619
vn -0.2835 -0.8474 0.4488
vn 0.0075 -0.4574 0.8892
vn -0.0126 -0.4240 0.9056
vn 0.5096 0.8421 0.1763
vn 0.4384 0.8769 0.1973
vn -0.0937 -0.8237 0.5593
vn -0.0585 -0.3702 0.9271
vn -0.0804 -0.3912 0.9168
vn -0.1627 -0.8250 0.5412
vn 0.1871 0.9814 -0.0440
vn 0.0934 0.9939 -0.0594
vn -0.2216 -0.8533 0.4720
vn -0.2469 -0.8584 0.4496
vn -0.0322 -0.4277 0.9033
vn -0.0669 -0.3971 0.9153
vn 0.3704 0.9134 0.1689
vn 0.2919 0.9494 0.1161
vn -0.0578 -0.3972 0.9159
vn -0.2035 -0.8402 0.5027
vn 0.2473 0.9686 0.0263
vn 0.5335 -0.6185 0.5769
vn 0.5146 -0.3979 0.7595
vn 0.4778 0.0727 0.8754
vn 0.1282 0.0685 -0.9894
vn 0.1638 0.2719 -0.9483
vn 0.2207 0.2863 -0.9324
vn 0.5865 0.2565 0.7682
vn 0.5382 0.2081 0.8167
vn -0.0499 0.0397 -0.9980
vn -0.2557 0.0108 -0.9667
vn 0.0652 0.8092 0.5839
vn 0.2866 0.6691 0.6857
vn -0.0965 -0.1455 -0.9846
vn 0.0459 -0.1764 -0.9832
vn -0.0428 0.8529 0.5203
vn -0.0649 0.8732 0.4829
vn 0.0738 -0.2637 -0.9618
vn 0.0919 -0.4366 -0.8950
vn 0.5719 -0.7695 0.2842
vn 0.5785 -0.6925 0.4311
vn -0.0034 0.5087 -0.8610
vn -0.0769 0.7186 -0.6912
vn 0.5322 -0.8214 0.2052
vn 0.4253 -0.8880 0.1750
vn -0.0751 0.8711 -0.4853
vn -0.0307 0.8270 -0.5614
vn 0.1751 -0.9759 0.1305
vn -0.2046 -0.9689 0.1393
vn 0.0884 0.7533 -0.6517
vn 0.0112 0.6868 -0.7267
vn -0.7122 -0.5026 0.4902
vn -0.7037 0.0113 0.7104
vn -0.5858 0.3011 0.7524
vn -0.0273 0.0173 -0.9995
vn -0.0539 0.3340 -0.9410
vn -0.0007 -0.1671 -0.9859
vn -0.4695 0.5004 0.7274
vn -0.1249 0.8104 0.5723
vn 0.1140 -0.2867 -0.9512
vn -0.0106 -0.5303 -0.8478
vn -0.0068 0.8853 0.4650
vn -0.0444 0.8772 0.4781
vn -0.0546 -0.5666 -0.8222
vn 0.0404 -0.5354 -0.8436
vn -0.0478 0.8804 0.4718
vn 0.0721 -0.5229 -0.8493
vn -0.6987 -0.6073 0.3781
vn -0.7102 -0.5886 0.3862
vn -0.3679 0.2950 -0.8818
vn -0.3714 0.4058 -0.8351
vn -0.5730 -0.7843 0.2379
vn -0.4164 -0.8960 0.1546
vn -0.4510 0.6251 -0.6371
vn -0.3402 0.5954 -0.7279
vn -0.2950 -0.9466 0.1301
vn -0.4199 0.5347 -0.7333
vn -0.5977 0.7962 0.0941
vn -0.5804 0.7907 0.1948
vn -0.5152 0.8564 0.0344
vn -0.8703 0.4811 -0.1051
vn -0.9354 0.3483 0.0619
vn -0.9992 -0.0241 -0.0309
vn -0.9858 0.1680 0.0055
vn -0.9197 0.3922 -0.0192
vn -0.8446 0.5263 -0.0984
vn 0.0525 -0.9842 0.1691
vn -0.1095 -0.9794 0.1696
vn -0.9810 -0.0750 0.1788
vn -0.9431 -0.1671 -0.2875
vn -0.8138 -0.5784 -0.0559
vn -0.6645 0.7473 -0.0052
vn -0.5946 0.8019 -0.0589
vn 0.9832 0.1029 -0.1506
vn 0.1154 -0.9658 0.2323
vn 0.3940 -0.8675 0.3036
vn 0.3307 -0.8994 0.2858
vn 0.2005 -0.9513 -0.2340
vn 0.4488 -0.8753 0.1801
vn 0.9700 0.0151 -0.2428
vn 0.8621 -0.4956 -0.1057
vn 0.9402 -0.1408 -0.3102
vn 0.9914 -0.0992 -0.0853
vn -0.8203 -0.1246 -0.5582
vn -0.7740 -0.2910 -0.5624
vn -0.8717 0.3816 -0.3076
vn -0.9081 0.2401 -0.3430
vn -0.7895 -0.5762 -0.2114
vn -0.7175 -0.5826 -0.3818
vn -0.7597 -0.6444 -0.0878
vn -0.7307 -0.4550 -0.5090
vn 0.0979 0.6556 -0.7487
vn 0.6668 0.4879 -0.5633
vn 0.7725 0.5040 -0.3864
vn 0.8589 0.5071 -0.0712
vn 0.8145 0.5021 -0.2907
vn 0.9457 0.2959 0.1344
vn -0.0040 -0.1679 0.9858
vn 0.9685 0.0857 -0.2339
vn 0.9479 -0.0901 -0.3056
vn 0.9051 0.2930 -0.3081
vn 0.8438 0.3826 -0.3764
vn 0.8211 0.4594 -0.3389
vn 0.4926 0.8185 -0.2956
vn 0.1925 0.9492 -0.2490
vn 0.0534 0.9731 -0.2240
vn -0.0048 0.9706 -0.2406
vn 0.8878 -0.3701 -0.2734
vn 0.8478 -0.4107 -0.3355
vn 0.8119 -0.3974 -0.4277
vn 0.7084 -0.5351 -0.4603
vn 0.6138 -0.4907 -0.6185
vn -0.3181 -0.4629 -0.8274
vn -0.8734 0.3235 -0.3640
vn -0.9352 0.0797 -0.3450
vn -0.9241 -0.2292 -0.3058
vn -0.5170 0.7860 -0.3389
vn -0.7749 0.5159 -0.3652
vn -0.0683 0.9651 -0.2527
vn -0.1188 0.9494 -0.2908
vn -0.0145 0.9712 -0.2376
vn -0.8970 -0.2318 -0.3764
vn -0.8992 -0.2378 -0.3672
vn -0.8260 -0.3331 -0.4548
vn -0.7281 -0.4412 -0.5246
vn -0.6919 -0.4393 -0.5729
vn 0.9381 -0.0950 0.3331
vn 0.9132 -0.1885 0.3612
vn -0.0249 0.3541 -0.9349
vt 0.966400 0.351400
vt 0.945200 0.349400
vt 0.943900 0.336700
vt 0.966800 0.331700
vt 0.923500 0.349800
vt 0.922600 0.342100
vt 0.750200 0.379300
vt 0.749600 0.367500
vt 0.772700 0.367400
vt 0.773700 0.381100
vt 0.795700 0.366200
vt 0.796000 0.382600
vt 0.749100 0.401600
vt 0.750400 0.386200
vt 0.774100 0.392900
vt 0.773400 0.411200
vt 0.116300 0.386700
vt 0.115800 0.377400
vt 0.138500 0.386200
vt 0.138500 0.375500
vt 0.161600 0.385800
vt 0.162700 0.371800
vt 0.923300 0.403100
vt 0.903100 0.405800
vt 0.901800 0.382500
vt 0.922800 0.381600
vt 0.882800 0.406900
vt 0.881500 0.383100
vt 0.881200 0.364400
vt 0.902100 0.361500
vt 0.909300 0.362700
vt 0.923500 0.361900
vt 0.922700 0.371700
vt 0.840200 0.365200
vt 0.861000 0.364700
vt 0.861000 0.383400
vt 0.840000 0.383600
vt 0.861900 0.405700
vt 0.840500 0.403600
vt 0.966500 0.399000
vt 0.944000 0.400000
vt 0.965500 0.389800
vt 0.944100 0.380500
vt 0.946500 0.357500
vt 0.944400 0.371500
vt 0.966700 0.360500
vt 0.965400 0.379200
vt 0.252400 0.400400
vt 0.229500 0.400500
vt 0.229400 0.381000
vt 0.251900 0.380800
vt 0.207300 0.380700
vt 0.207100 0.400200
vt 0.206900 0.356000
vt 0.229000 0.354200
vt 0.250800 0.354000
vt 0.988200 0.355500
vt 0.988200 0.366900
vt 0.014500 0.366900
vt 0.014500 0.355500
vt 0.034500 0.360900
vt 0.035300 0.372900
vt 0.014500 0.393100
vt 0.035500 0.388700
vt 0.035000 0.401000
vt 0.014500 0.402200
vt 0.988200 0.393100
vt 0.988200 0.402200
vt 0.818400 0.365700
vt 0.818400 0.383900
vt 0.819100 0.401800
vt 0.796900 0.398000
vt 0.796300 0.418200
vt 0.772900 0.448000
vt 0.748400 0.448800
vt 0.748300 0.428100
vt 0.772900 0.426900
vt 0.820500 0.425300
vt 0.842600 0.428100
vt 0.843300 0.439600
vt 0.864800 0.428300
vt 0.885700 0.427200
vt 0.885800 0.436300
vt 0.865100 0.444400
vt 0.843600 0.445600
vt 0.906600 0.426700
vt 0.905300 0.419600
vt 0.925800 0.422100
vt 0.892900 0.429400
vt 0.924500 0.412400
vt 0.947000 0.433500
vt 0.946300 0.417900
vt 0.967100 0.417500
vt 0.967200 0.435000
vt 0.927100 0.431200
vt 0.944800 0.406100
vt 0.967100 0.412400
vt 0.034600 0.419500
vt 0.014500 0.421000
vt 0.035100 0.437300
vt 0.014500 0.437300
vt 0.988200 0.421000
vt 0.988200 0.437300
vt 0.075200 0.436700
vt 0.055100 0.437600
vt 0.055100 0.419900
vt 0.075400 0.418600
vt 0.055300 0.401300
vt 0.075600 0.399700
vt 0.116300 0.436600
vt 0.095500 0.436400
vt 0.095800 0.417900
vt 0.116900 0.417700
vt 0.095500 0.404400
vt 0.117000 0.408000
vt 0.161100 0.438100
vt 0.138300 0.437300
vt 0.138900 0.417900
vt 0.161500 0.418700
vt 0.139000 0.410400
vt 0.206600 0.419500
vt 0.229300 0.419900
vt 0.229000 0.439100
vt 0.206300 0.438900
vt 0.252500 0.419800
vt 0.252500 0.438900
vt 0.182300 0.646100
vt 0.200100 0.645100
vt 0.199800 0.671800
vt 0.181300 0.673000
vt 0.217600 0.644100
vt 0.217700 0.670500
vt 0.908300 0.865200
vt 0.917100 0.884200
vt 0.896300 0.891100
vt 0.890000 0.874500
vt 0.928100 0.855700
vt 0.939600 0.876400
vt 0.071400 0.843400
vt 0.049200 0.840200
vt 0.052700 0.819700
vt 0.075500 0.824100
vt 0.092400 0.844400
vt 0.096800 0.826500
vt 0.121400 0.843700
vt 0.109800 0.843500
vt 0.115600 0.826700
vt 0.128400 0.828200
vt 0.863800 0.888200
vt 0.874700 0.882300
vt 0.879700 0.897300
vt 0.868800 0.901900
vt 0.869400 0.502600
vt 0.847800 0.506000
vt 0.846400 0.486000
vt 0.867700 0.484000
vt 0.888300 0.481600
vt 0.890300 0.498900
vt 0.870900 0.520800
vt 0.849000 0.525700
vt 0.252100 0.495800
vt 0.228500 0.477500
vt 0.252300 0.476900
vt 0.251400 0.516200
vt 0.228500 0.497400
vt 0.229700 0.516800
vt 0.208000 0.511500
vt 0.216100 0.477800
vt 0.823900 0.487100
vt 0.822600 0.466700
vt 0.844900 0.465700
vt 0.799100 0.488100
vt 0.798400 0.467600
vt 0.797600 0.447000
vt 0.821300 0.446200
vt 0.038600 0.818800
vt 0.033600 0.839400
vt 0.954400 0.867400
vt 0.950900 0.845400
vt 0.954900 0.870300
vt 0.747300 0.490600
vt 0.773900 0.488900
vt 0.774400 0.509600
vt 0.747000 0.511200
vt 0.799500 0.508300
vt 0.800400 0.528300
vt 0.775100 0.529900
vt 0.746700 0.531100
vt 0.866200 0.464100
vt 0.886200 0.453400
vt 0.886400 0.463500
vt 0.967400 0.469100
vt 0.948200 0.458600
vt 0.966900 0.451800
vt 0.947300 0.447300
vt 0.926900 0.440100
vt 0.116300 0.474500
vt 0.095000 0.473800
vt 0.095500 0.455200
vt 0.116100 0.455300
vt 0.074700 0.473800
vt 0.075500 0.455700
vt 0.228800 0.458400
vt 0.213200 0.458700
vt 0.252300 0.458000
vt 0.054500 0.474100
vt 0.055500 0.456200
vt 0.034400 0.473000
vt 0.034600 0.454800
vt 0.988200 0.453900
vt 0.014500 0.453900
vt 0.014500 0.472000
vt 0.988200 0.472000
vt 0.967700 0.493900
vt 0.948900 0.497100
vt 0.948400 0.488100
vt 0.967700 0.485900
vt 0.930300 0.501200
vt 0.929800 0.493000
vt 0.927900 0.472900
vt 0.948300 0.471000
vt 0.947900 0.479600
vt 0.967900 0.476800
vt 0.034400 0.485900
vt 0.034600 0.492000
vt 0.014500 0.492700
vt 0.014500 0.480700
vt 0.034200 0.509900
vt 0.988200 0.480700
vt 0.137700 0.456300
vt 0.160400 0.456200
vt 0.137900 0.464500
vt 0.160500 0.466000
vt 0.138200 0.474900
vt 0.773300 0.468700
vt 0.748000 0.469600
vt 0.825100 0.507400
vt 0.825900 0.527300
vt 0.160400 0.476000
vt 0.161100 0.495200
vt 0.139100 0.494100
vt 0.163300 0.513300
vt 0.141300 0.515800
vt 0.118700 0.514900
vt 0.117200 0.493800
vt 0.116900 0.485000
vt 0.095300 0.493700
vt 0.095700 0.505300
vt 0.073800 0.496000
vt 0.095200 0.484800
vt 0.054300 0.492700
vt 0.074100 0.512300
vt 0.053500 0.511000
vt 0.910200 0.480900
vt 0.929200 0.486500
vt 0.910500 0.498100
vt 0.887200 0.516400
vt 0.906200 0.438000
vt 0.907200 0.448300
vt 0.927100 0.458600
vt 0.906600 0.462300
vt 0.802400 0.567900
vt 0.776900 0.569900
vt 0.775900 0.550100
vt 0.801400 0.548100
vt 0.746400 0.551000
vt 0.747100 0.570700
vt 0.892200 0.519500
vt 0.911700 0.512900
vt 0.892500 0.534500
vt 0.930900 0.512100
vt 0.931000 0.529400
vt 0.912300 0.533400
vt 0.930900 0.546100
vt 0.912300 0.550900
vt 0.949200 0.508700
vt 0.949400 0.525600
vt 0.967800 0.505600
vt 0.968300 0.522500
vt 0.967900 0.538700
vt 0.949100 0.542100
vt 0.123400 0.536400
vt 0.099500 0.534500
vt 0.096000 0.512900
vt 0.130100 0.557700
vt 0.080400 0.543200
vt 0.076700 0.532000
vt 0.107700 0.557700
vt 0.182600 0.477100
vt 0.183300 0.496300
vt 0.204900 0.477900
vt 0.205500 0.497200
vt 0.185500 0.512200
vt 0.188200 0.442100
vt 0.183800 0.455600
vt 0.205400 0.458500
vt 0.183300 0.439200
vt 0.184200 0.419400
vt 0.162300 0.398700
vt 0.184900 0.399500
vt 0.185000 0.384000
vt 0.185700 0.367700
vt 0.892800 0.555400
vt 0.911800 0.572700
vt 0.892600 0.573500
vt 0.929600 0.572500
vt 0.928400 0.602500
vt 0.909200 0.603900
vt 0.892000 0.605500
vt 0.034500 0.284000
vt 0.014500 0.285700
vt 0.014500 0.266700
vt 0.036100 0.265400
vt 0.988200 0.285700
vt 0.967400 0.283400
vt 0.968300 0.265900
vt 0.988200 0.266700
vt 0.968800 0.251900
vt 0.988200 0.252800
vt 0.014500 0.252800
vt 0.037700 0.251000
vt 0.074900 0.281500
vt 0.054400 0.283900
vt 0.057800 0.264900
vt 0.079100 0.263000
vt 0.060100 0.250300
vt 0.081600 0.248800
vt 0.859600 0.313200
vt 0.879000 0.311600
vt 0.880900 0.324400
vt 0.860800 0.325800
vt 0.839500 0.313300
vt 0.840200 0.327400
vt 0.860300 0.302500
vt 0.839700 0.302000
vt 0.841400 0.286600
vt 0.861900 0.285900
vt 0.880700 0.303900
vt 0.882100 0.284600
vt 0.920100 0.310800
vt 0.922300 0.321400
vt 0.901100 0.322900
vt 0.898700 0.311400
vt 0.901000 0.302500
vt 0.902600 0.283200
vt 0.922400 0.301700
vt 0.924100 0.282500
vt 0.861700 0.345400
vt 0.882100 0.344700
vt 0.882300 0.349200
vt 0.840700 0.347700
vt 0.840300 0.336400
vt 0.860800 0.334800
vt 0.880200 0.332900
vt 0.902700 0.350100
vt 0.902100 0.343000
vt 0.900700 0.331900
vt 0.921600 0.330800
vt 0.843500 0.250700
vt 0.864600 0.250700
vt 0.863200 0.266500
vt 0.842500 0.266600
vt 0.885200 0.250400
vt 0.883600 0.265600
vt 0.906200 0.249900
vt 0.904500 0.264800
vt 0.927200 0.250100
vt 0.925700 0.264500
vt 0.946100 0.282800
vt 0.945200 0.299100
vt 0.967300 0.290800
vt 0.966600 0.304000
vt 0.944600 0.311200
vt 0.966700 0.310200
vt 0.967100 0.322100
vt 0.944700 0.321600
vt 0.948100 0.251400
vt 0.947200 0.265200
vt 0.795400 0.337800
vt 0.818200 0.337100
vt 0.818100 0.349600
vt 0.795500 0.350800
vt 0.819600 0.286500
vt 0.820400 0.266300
vt 0.796100 0.285800
vt 0.796600 0.265900
vt 0.796800 0.250300
vt 0.821000 0.250400
vt 0.817800 0.313100
vt 0.818300 0.328300
vt 0.795700 0.327600
vt 0.795100 0.312400
vt 0.818400 0.300900
vt 0.795100 0.299000
vt 0.772300 0.327800
vt 0.772200 0.313900
vt 0.748900 0.314600
vt 0.748700 0.328200
vt 0.771700 0.285700
vt 0.772100 0.306300
vt 0.747900 0.296500
vt 0.747400 0.285700
vt 0.772200 0.351300
vt 0.749000 0.352200
vt 0.771900 0.338500
vt 0.748600 0.338400
vt 0.770800 0.250400
vt 0.771300 0.265800
vt 0.745800 0.265900
vt 0.744400 0.250700
vt 0.803700 0.612000
vt 0.778700 0.613000
vt 0.777800 0.589100
vt 0.803100 0.587600
vt 0.747800 0.612800
vt 0.747400 0.589700
vt 0.826800 0.547000
vt 0.850000 0.545200
vt 0.850200 0.564300
vt 0.827500 0.566500
vt 0.865500 0.538200
vt 0.748200 0.640100
vt 0.779800 0.639100
vt 0.805200 0.638900
vt 0.872300 0.606200
vt 0.871800 0.578300
vt 0.851100 0.607700
vt 0.850300 0.582900
vt 0.871700 0.559900
vt 0.828500 0.609700
vt 0.828000 0.585800
vt 0.852600 0.632400
vt 0.829900 0.636200
vt 0.807500 0.665200
vt 0.780000 0.666800
vt 0.810700 0.689000
vt 0.781200 0.690600
vt 0.749200 0.692400
vt 0.748700 0.668400
vt 0.860600 0.683000
vt 0.836400 0.687500
vt 0.832400 0.662400
vt 0.855600 0.657400
vt 0.854700 0.877400
vt 0.865000 0.869000
vt 0.843300 0.866200
vt 0.850900 0.857200
vt 0.860500 0.843900
vt 0.877400 0.858300
vt 0.804500 0.829400
vt 0.839500 0.834800
vt 0.832800 0.848400
vt 0.797600 0.843600
vt 0.828000 0.857400
vt 0.794400 0.853500
vt 0.751500 0.848600
vt 0.751000 0.838600
vt 0.773600 0.841000
vt 0.771800 0.851200
vt 0.750900 0.823900
vt 0.776400 0.826100
vt 0.927400 0.761400
vt 0.938600 0.760400
vt 0.943700 0.787700
vt 0.936300 0.788500
vt 0.916000 0.732300
vt 0.929000 0.730000
vt 0.898900 0.734700
vt 0.890700 0.707500
vt 0.908500 0.705100
vt 0.874800 0.736100
vt 0.867700 0.710300
vt 0.883200 0.680400
vt 0.901200 0.678300
vt 0.893100 0.845500
vt 0.912100 0.832200
vt 0.872800 0.828200
vt 0.887300 0.798900
vt 0.934000 0.818500
vt 0.917700 0.794000
vt 0.945700 0.816300
vt 0.906800 0.764000
vt 0.881600 0.768600
vt 0.818700 0.742900
vt 0.814800 0.716000
vt 0.841400 0.712800
vt 0.847200 0.739800
vt 0.815700 0.791700
vt 0.812600 0.812300
vt 0.778400 0.808400
vt 0.779100 0.787700
vt 0.750800 0.805800
vt 0.750700 0.783600
vt 0.817500 0.769100
vt 0.780800 0.767400
vt 0.781200 0.743000
vt 0.750800 0.766900
vt 0.750000 0.741000
vt 0.847400 0.817000
vt 0.853300 0.796000
vt 0.852600 0.769800
vt 0.749600 0.718900
vt 0.781600 0.718000
vt 0.058000 0.799100
vt 0.043600 0.799500
vt 0.049900 0.778700
vt 0.065400 0.779200
vt 0.104500 0.806400
vt 0.081500 0.804500
vt 0.090300 0.779100
vt 0.114000 0.780900
vt 0.091500 0.705200
vt 0.115200 0.702900
vt 0.107300 0.728600
vt 0.083100 0.731000
vt 0.101700 0.673800
vt 0.123300 0.671800
vt 0.143000 0.673100
vt 0.136700 0.705700
vt 0.130500 0.728600
vt 0.073700 0.757800
vt 0.099200 0.753200
vt 0.123000 0.753700
vt 0.157200 0.707200
vt 0.152000 0.730900
vt 0.162400 0.673500
vt 0.177400 0.706700
vt 0.172400 0.732600
vt 0.034700 0.342300
vt 0.014500 0.339000
vt 0.988200 0.339000
vt 0.988200 0.306700
vt 0.033200 0.303300
vt 0.014500 0.306700
vt 0.033600 0.318500
vt 0.034900 0.332100
vt 0.014500 0.322400
vt 0.988200 0.322400
vt 0.094200 0.392700
vt 0.095000 0.378200
vt 0.075900 0.369400
vt 0.073900 0.359700
vt 0.093000 0.358100
vt 0.095700 0.367400
vt 0.113100 0.357500
vt 0.116500 0.366300
vt 0.054300 0.362100
vt 0.055000 0.370400
vt 0.055500 0.393100
vt 0.054400 0.333700
vt 0.053700 0.345000
vt 0.073300 0.331700
vt 0.072500 0.344500
vt 0.052200 0.300100
vt 0.072500 0.293500
vt 0.052000 0.314500
vt 0.071300 0.308700
vt 0.092800 0.329600
vt 0.091900 0.344500
vt 0.114300 0.326500
vt 0.111700 0.341900
vt 0.102000 0.247800
vt 0.099800 0.261700
vt 0.122200 0.247400
vt 0.120400 0.260900
vt 0.117300 0.278900
vt 0.095800 0.279700
vt 0.134500 0.340000
vt 0.159600 0.338000
vt 0.160000 0.355100
vt 0.136000 0.356100
vt 0.138300 0.323600
vt 0.160400 0.321500
vt 0.206900 0.339800
vt 0.182300 0.346500
vt 0.181400 0.339400
vt 0.184800 0.328400
vt 0.163900 0.278600
vt 0.185700 0.279100
vt 0.185000 0.299100
vt 0.161900 0.298200
vt 0.206400 0.279800
vt 0.206600 0.299900
vt 0.206500 0.316500
vt 0.184200 0.319100
vt 0.228500 0.337100
vt 0.249800 0.336000
vt 0.228100 0.313800
vt 0.249000 0.317900
vt 0.226900 0.280400
vt 0.227700 0.300300
vt 0.246900 0.280700
vt 0.248200 0.300900
vt 0.225500 0.247000
vt 0.226200 0.260900
vt 0.206300 0.260600
vt 0.206000 0.246800
vt 0.244400 0.247400
vt 0.245700 0.261200
vt 0.113900 0.298100
vt 0.088200 0.300800
vt 0.143700 0.247000
vt 0.142500 0.260500
vt 0.165500 0.246900
vt 0.164800 0.260300
vt 0.140400 0.278500
vt 0.137400 0.297800
vt 0.186200 0.246700
vt 0.185900 0.260300
vt 0.145300 0.646800
vt 0.164000 0.646700
vt 0.126200 0.646000
vt 0.102700 0.648300
vt 0.099300 0.596600
vt 0.090900 0.574800
vt 0.115100 0.577500
vt 0.120900 0.599000
vt 0.083500 0.552700
vt 0.136700 0.579100
vt 0.141300 0.600300
vt 0.144400 0.621200
vt 0.124900 0.620300
vt 0.101100 0.618600
vt 0.146300 0.537200
vt 0.151800 0.558700
vt 0.167000 0.532500
vt 0.172900 0.558500
vt 0.179500 0.599800
vt 0.181500 0.620300
vt 0.163300 0.621100
vt 0.160800 0.600500
vt 0.157000 0.579600
vt 0.176700 0.579200
vt 0.210600 0.536000
vt 0.189300 0.536600
vt 0.213300 0.556000
vt 0.193300 0.557400
vt 0.199300 0.619200
vt 0.197800 0.598700
vt 0.215900 0.597300
vt 0.216700 0.618000
vt 0.196000 0.578100
vt 0.214900 0.576700
vt 0.252000 0.535100
vt 0.231600 0.535400
vt 0.233200 0.554900
vt 0.252600 0.554200
vt 0.167200 0.756200
vt 0.145300 0.757300
vt 0.158400 0.785200
vt 0.136200 0.784100
vt 0.125200 0.807000
vt 0.139400 0.810000
vt 0.191800 0.735700
vt 0.213000 0.726800
vt 0.208400 0.750800
vt 0.186200 0.766400
vt 0.197200 0.703800
vt 0.216400 0.700000
vt 0.948000 0.567200
vt 0.967200 0.563600
vt 0.969400 0.592600
vt 0.949800 0.595100
vt 0.034600 0.528000
vt 0.014500 0.508600
vt 0.036000 0.546600
vt 0.014500 0.545100
vt 0.014500 0.525500
vt 0.988200 0.545100
vt 0.988200 0.525500
vt 0.988200 0.508600
vt 0.056700 0.529000
vt 0.059200 0.550400
vt 0.038200 0.570000
vt 0.065800 0.574400
vt 0.070700 0.595900
vt 0.037100 0.594800
vt 0.014500 0.566600
vt 0.014500 0.594500
vt 0.988200 0.594500
vt 0.988200 0.566600
vt 0.873700 0.629200
vt 0.877200 0.654200
vt 0.892300 0.627400
vt 0.895500 0.652900
vt 0.912200 0.676700
vt 0.920300 0.703800
vt 0.922900 0.674900
vt 0.928000 0.702100
vt 0.933200 0.729500
vt 0.934500 0.673900
vt 0.937900 0.701300
vt 0.972200 0.620500
vt 0.947400 0.629800
vt 0.927100 0.627300
vt 0.908700 0.627800
vt 0.908400 0.652600
vt 0.922300 0.652500
vt 0.937000 0.655700
vt 0.041900 0.756500
vt 0.047900 0.733900
vt 0.068000 0.729700
vt 0.060000 0.752800
vt 0.086000 0.676000
vt 0.071300 0.705500
vt 0.051000 0.708200
vt 0.066400 0.678600
vt 0.044000 0.682400
vt 0.057600 0.651600
vt 0.079800 0.648200
vt 0.032000 0.655400
vt 0.074400 0.619700
vt 0.046100 0.620800
vt 0.022800 0.627400
vt 0.014500 0.622700
vt 0.988200 0.622700
vt 0.250000 0.733100
vt 0.231500 0.739300
vt 0.233700 0.719700
vt 0.251500 0.715000
vt 0.545100 0.336100
vt 0.558000 0.326600
vt 0.566600 0.326700
vt 0.567700 0.346700
vt 0.545200 0.342500
vt 0.523100 0.343600
vt 0.726700 0.367100
vt 0.727500 0.377800
vt 0.703800 0.368600
vt 0.726000 0.392400
vt 0.725300 0.407900
vt 0.701800 0.405600
vt 0.703000 0.384500
vt 0.386000 0.374300
vt 0.364400 0.376000
vt 0.363100 0.356100
vt 0.385200 0.354300
vt 0.386400 0.394300
vt 0.365300 0.395700
vt 0.343200 0.397200
vt 0.341900 0.377700
vt 0.340400 0.357800
vt 0.599300 0.375400
vt 0.589400 0.363700
vt 0.607200 0.366600
vt 0.617900 0.375900
vt 0.609400 0.387100
vt 0.609100 0.403000
vt 0.586500 0.401200
vt 0.588400 0.386000
vt 0.568400 0.384000
vt 0.570300 0.374600
vt 0.569100 0.361400
vt 0.590100 0.375900
vt 0.631500 0.406600
vt 0.632000 0.390400
vt 0.636200 0.374300
vt 0.655800 0.388700
vt 0.653700 0.409800
vt 0.545800 0.372300
vt 0.545300 0.387500
vt 0.523100 0.382700
vt 0.523100 0.374800
vt 0.566000 0.403000
vt 0.274100 0.380600
vt 0.275300 0.400000
vt 0.272200 0.353900
vt 0.294300 0.357200
vt 0.296300 0.380100
vt 0.298000 0.399500
vt 0.465700 0.383300
vt 0.465400 0.372000
vt 0.486300 0.380500
vt 0.486200 0.366400
vt 0.508300 0.374800
vt 0.508300 0.361800
vt 0.508300 0.382700
vt 0.677700 0.407800
vt 0.656000 0.372200
vt 0.679900 0.368900
vt 0.679500 0.384200
vt 0.724600 0.428400
vt 0.700600 0.428500
vt 0.748900 0.412800
vt 0.723400 0.449200
vt 0.696200 0.451000
vt 0.650900 0.448100
vt 0.652500 0.426400
vt 0.675000 0.448900
vt 0.674700 0.428100
vt 0.606200 0.446100
vt 0.608300 0.422200
vt 0.630300 0.447200
vt 0.630200 0.422900
vt 0.565000 0.440500
vt 0.565200 0.422000
vt 0.586300 0.424300
vt 0.585500 0.443400
vt 0.544600 0.420100
vt 0.544800 0.407100
vt 0.544000 0.438500
vt 0.523100 0.436600
vt 0.523100 0.421300
vt 0.523100 0.401600
vt 0.477000 0.434900
vt 0.465400 0.415300
vt 0.486800 0.416700
vt 0.487500 0.435100
vt 0.465400 0.401400
vt 0.486600 0.398900
vt 0.508300 0.401600
vt 0.508300 0.421300
vt 0.508300 0.436600
vt 0.445400 0.405500
vt 0.444900 0.421400
vt 0.425600 0.432600
vt 0.425900 0.413000
vt 0.406300 0.413100
vt 0.406400 0.393100
vt 0.425500 0.392700
vt 0.406400 0.432700
vt 0.386400 0.433600
vt 0.386600 0.414100
vt 0.365900 0.415400
vt 0.366200 0.434800
vt 0.345200 0.436100
vt 0.344300 0.416800
vt 0.299300 0.419000
vt 0.276000 0.419500
vt 0.299900 0.438100
vt 0.276300 0.438600
vt 0.323600 0.644800
vt 0.325600 0.675500
vt 0.306200 0.673500
vt 0.304700 0.644000
vt 0.287500 0.671400
vt 0.286400 0.643200
vt 0.583600 0.840100
vt 0.603000 0.849800
vt 0.590000 0.871300
vt 0.571900 0.865000
vt 0.621600 0.860200
vt 0.610300 0.878400
vt 0.603900 0.897800
vt 0.584900 0.894300
vt 0.567400 0.890200
vt 0.621800 0.902500
vt 0.626900 0.885200
vt 0.639100 0.890600
vt 0.632200 0.907600
vt 0.636400 0.869200
vt 0.648600 0.876200
vt 0.636000 0.508600
vt 0.626900 0.488700
vt 0.650600 0.489600
vt 0.651300 0.509600
vt 0.645200 0.528100
vt 0.652200 0.528800
vt 0.627300 0.508100
vt 0.628400 0.526700
vt 0.606600 0.522500
vt 0.605800 0.504400
vt 0.605700 0.485700
vt 0.295000 0.513300
vt 0.273400 0.514700
vt 0.274900 0.495000
vt 0.297200 0.494600
vt 0.275700 0.476300
vt 0.298900 0.475900
vt 0.704400 0.469500
vt 0.689300 0.469800
vt 0.698500 0.491200
vt 0.670600 0.469600
vt 0.671100 0.490800
vt 0.649300 0.468700
vt 0.542300 0.855600
vt 0.544400 0.823400
vt 0.560900 0.830000
vt 0.557200 0.860300
vt 0.541100 0.884000
vt 0.554300 0.887100
vt 0.724100 0.511900
vt 0.723600 0.491500
vt 0.725200 0.531800
vt 0.700300 0.530800
vt 0.699200 0.511400
vt 0.714100 0.491800
vt 0.617200 0.467000
vt 0.564300 0.458600
vt 0.564000 0.476600
vt 0.542600 0.474700
vt 0.543800 0.456000
vt 0.523100 0.454400
vt 0.424700 0.452000
vt 0.424600 0.470800
vt 0.405200 0.470900
vt 0.405300 0.451700
vt 0.385200 0.471700
vt 0.385900 0.452400
vt 0.299700 0.457100
vt 0.276100 0.457600
vt 0.444600 0.452200
vt 0.444000 0.471800
vt 0.444700 0.433000
vt 0.464800 0.434500
vt 0.465400 0.452800
vt 0.465000 0.462600
vt 0.465000 0.472500
vt 0.486600 0.468900
vt 0.487100 0.445400
vt 0.494500 0.453400
vt 0.508300 0.454400
vt 0.508300 0.470600
vt 0.563400 0.495300
vt 0.564600 0.511100
vt 0.543000 0.490300
vt 0.544000 0.509400
vt 0.523100 0.490200
vt 0.523100 0.470600
vt 0.464200 0.491500
vt 0.486400 0.483400
vt 0.486600 0.500000
vt 0.508300 0.490200
vt 0.508300 0.508100
vt 0.365900 0.453800
vt 0.364700 0.472800
vt 0.343700 0.474000
vt 0.345000 0.455100
vt 0.723800 0.470200
vt 0.675400 0.510300
vt 0.676600 0.529700
vt 0.341300 0.492900
vt 0.362500 0.491800
vt 0.358800 0.511300
vt 0.337600 0.512200
vt 0.383800 0.491100
vt 0.380500 0.510800
vt 0.424500 0.490200
vt 0.404600 0.490500
vt 0.422800 0.509800
vt 0.402200 0.510300
vt 0.463900 0.509500
vt 0.443000 0.509500
vt 0.443900 0.490500
vt 0.584700 0.499800
vt 0.584800 0.481400
vt 0.585000 0.517700
vt 0.585000 0.462300
vt 0.606000 0.466100
vt 0.726300 0.551200
vt 0.727000 0.570500
vt 0.702300 0.569300
vt 0.701300 0.550100
vt 0.607900 0.540000
vt 0.597800 0.554600
vt 0.588100 0.551400
vt 0.585900 0.535100
vt 0.565800 0.528900
vt 0.567400 0.544500
vt 0.544300 0.526300
vt 0.545900 0.541700
vt 0.523100 0.524000
vt 0.523100 0.508100
vt 0.397500 0.530500
vt 0.375600 0.531000
vt 0.419500 0.529800
vt 0.415000 0.550800
vt 0.392200 0.551400
vt 0.371000 0.551800
vt 0.321700 0.475100
vt 0.320700 0.493100
vt 0.316300 0.512800
vt 0.322900 0.456300
vt 0.323000 0.437200
vt 0.322000 0.418000
vt 0.320600 0.398600
vt 0.318900 0.379100
vt 0.317100 0.359300
vt 0.609100 0.572700
vt 0.590600 0.566900
vt 0.616600 0.590400
vt 0.592000 0.584500
vt 0.570000 0.560600
vt 0.459700 0.277700
vt 0.457900 0.260600
vt 0.482400 0.262000
vt 0.483300 0.279900
vt 0.456700 0.247900
vt 0.482100 0.248500
vt 0.508300 0.249300
vt 0.508300 0.263900
vt 0.508300 0.282500
vt 0.437400 0.276200
vt 0.434800 0.259700
vt 0.416100 0.275700
vt 0.412500 0.259600
vt 0.409600 0.247700
vt 0.432600 0.247500
vt 0.610000 0.316300
vt 0.632700 0.317000
vt 0.620100 0.329100
vt 0.609600 0.328700
vt 0.609700 0.305800
vt 0.609200 0.285100
vt 0.632000 0.285700
vt 0.632300 0.305900
vt 0.654500 0.285900
vt 0.655200 0.306000
vt 0.656200 0.323700
vt 0.632300 0.326000
vt 0.587600 0.305500
vt 0.586700 0.284600
vt 0.587900 0.327800
vt 0.587800 0.315600
vt 0.565800 0.314500
vt 0.565600 0.304600
vt 0.565300 0.284600
vt 0.655300 0.336300
vt 0.632100 0.331900
vt 0.645400 0.352300
vt 0.632000 0.360100
vt 0.611700 0.349700
vt 0.589000 0.347800
vt 0.608600 0.264800
vt 0.630700 0.264700
vt 0.608400 0.249100
vt 0.629700 0.249200
vt 0.650700 0.249300
vt 0.652400 0.265000
vt 0.586800 0.264600
vt 0.565700 0.264500
vt 0.586800 0.249000
vt 0.565400 0.249200
vt 0.554500 0.304400
vt 0.559200 0.284600
vt 0.544700 0.317100
vt 0.523100 0.315900
vt 0.523100 0.301000
vt 0.544300 0.303800
vt 0.544300 0.284000
vt 0.523100 0.282500
vt 0.523100 0.263900
vt 0.544600 0.264900
vt 0.523100 0.249300
vt 0.544200 0.249900
vt 0.680200 0.353900
vt 0.679900 0.323100
vt 0.679600 0.339200
vt 0.702900 0.328600
vt 0.703400 0.340700
vt 0.703700 0.354000
vt 0.674400 0.265100
vt 0.677000 0.286100
vt 0.672000 0.249500
vt 0.694600 0.249800
vt 0.697100 0.265400
vt 0.699900 0.285900
vt 0.678300 0.306800
vt 0.701500 0.307000
vt 0.702900 0.319500
vt 0.723400 0.285900
vt 0.725700 0.317000
vt 0.725600 0.328100
vt 0.724800 0.306800
vt 0.725900 0.340000
vt 0.726200 0.352700
vt 0.720900 0.265800
vt 0.718900 0.250600
vt 0.727600 0.589400
vt 0.727000 0.611900
vt 0.703600 0.610700
vt 0.703100 0.588400
vt 0.677600 0.548700
vt 0.678400 0.567500
vt 0.663000 0.566500
vt 0.653900 0.547400
vt 0.609600 0.557000
vt 0.630200 0.544600
vt 0.632400 0.562000
vt 0.654900 0.565600
vt 0.725600 0.638500
vt 0.703500 0.637000
vt 0.634100 0.579100
vt 0.656300 0.583500
vt 0.634800 0.599800
vt 0.656900 0.605200
vt 0.671400 0.585200
vt 0.679200 0.586200
vt 0.679800 0.608500
vt 0.656400 0.633700
vt 0.679400 0.634800
vt 0.702300 0.689100
vt 0.703000 0.664300
vt 0.724000 0.666200
vt 0.724500 0.691700
vt 0.649900 0.684200
vt 0.653700 0.660500
vt 0.677800 0.661700
vt 0.675600 0.687200
vt 0.650600 0.856700
vt 0.660000 0.865700
vt 0.638000 0.844400
vt 0.659400 0.833100
vt 0.668600 0.846900
vt 0.674600 0.856700
vt 0.706300 0.824000
vt 0.710600 0.840100
vt 0.690600 0.842100
vt 0.684200 0.826200
vt 0.713600 0.851500
vt 0.695600 0.854500
vt 0.730200 0.838900
vt 0.731900 0.849600
vt 0.728400 0.823400
vt 0.559400 0.751200
vt 0.561700 0.727700
vt 0.584600 0.731100
vt 0.578900 0.755800
vt 0.555500 0.771800
vt 0.574300 0.775700
vt 0.588600 0.704100
vt 0.616300 0.709600
vt 0.610600 0.736700
vt 0.610900 0.677700
vt 0.625800 0.680100
vt 0.644200 0.713300
vt 0.638300 0.740600
vt 0.633400 0.794000
vt 0.649600 0.819100
vt 0.621600 0.830800
vt 0.599600 0.810600
vt 0.568400 0.799400
vt 0.549900 0.792700
vt 0.599400 0.781400
vt 0.604700 0.760500
vt 0.633300 0.764900
vt 0.672800 0.715000
vt 0.670700 0.742000
vt 0.699200 0.715300
vt 0.700200 0.743000
vt 0.726200 0.804600
vt 0.725500 0.783400
vt 0.702000 0.807700
vt 0.699100 0.787100
vt 0.698900 0.769400
vt 0.724700 0.766400
vt 0.724500 0.742700
vt 0.677300 0.809700
vt 0.671000 0.789800
vt 0.669400 0.767700
vt 0.723900 0.719000
vt 0.464600 0.833900
vt 0.451700 0.836100
vt 0.447100 0.813000
vt 0.459000 0.810600
vt 0.412200 0.794200
vt 0.418200 0.817700
vt 0.398600 0.820800
vt 0.392600 0.796400
vt 0.435200 0.814900
vt 0.430400 0.791000
vt 0.438800 0.837600
vt 0.421400 0.839800
vt 0.402300 0.841500
vt 0.398900 0.739400
vt 0.392400 0.709100
vt 0.412600 0.708300
vt 0.416900 0.738400
vt 0.379700 0.742400
vt 0.372900 0.711400
vt 0.365800 0.675700
vt 0.386700 0.676300
vt 0.407700 0.678300
vt 0.405800 0.766800
vt 0.424100 0.766200
vt 0.386200 0.769900
vt 0.335400 0.740900
vt 0.329900 0.710600
vt 0.351100 0.712200
vt 0.357100 0.743600
vt 0.345700 0.676500
vt 0.465400 0.357300
vt 0.465500 0.337900
vt 0.485900 0.340400
vt 0.485900 0.360100
vt 0.463300 0.311700
vt 0.484600 0.313500
vt 0.508300 0.315900
vt 0.508300 0.343600
vt 0.508300 0.301000
vt 0.484500 0.298100
vt 0.462200 0.295600
vt 0.425700 0.372500
vt 0.406200 0.373100
vt 0.405900 0.352600
vt 0.425500 0.352200
vt 0.445000 0.373100
vt 0.445500 0.389300
vt 0.445300 0.353000
vt 0.445400 0.336300
vt 0.443100 0.313100
vt 0.424900 0.331800
vt 0.423000 0.311900
vt 0.440800 0.294100
vt 0.419600 0.293600
vt 0.384400 0.333200
vt 0.404900 0.331800
vt 0.382000 0.313100
vt 0.403300 0.311800
vt 0.384800 0.247700
vt 0.389000 0.259600
vt 0.364800 0.260300
vt 0.360000 0.247900
vt 0.394400 0.275900
vt 0.371500 0.277100
vt 0.338200 0.337700
vt 0.361700 0.335400
vt 0.335100 0.317900
vt 0.358700 0.315700
vt 0.292500 0.340600
vt 0.314900 0.339500
vt 0.290700 0.323300
vt 0.312600 0.319600
vt 0.289100 0.300200
vt 0.309700 0.299400
vt 0.286700 0.280500
vt 0.306500 0.280000
vt 0.326700 0.279500
vt 0.331400 0.298400
vt 0.271000 0.340900
vt 0.269700 0.321000
vt 0.266700 0.280700
vt 0.268500 0.300800
vt 0.263000 0.247900
vt 0.264600 0.261600
vt 0.281300 0.248100
vt 0.283500 0.261600
vt 0.377800 0.294800
vt 0.399800 0.294000
vt 0.348400 0.278600
vt 0.342000 0.261100
vt 0.321600 0.261600
vt 0.318000 0.248200
vt 0.337800 0.248100
vt 0.354500 0.296800
vt 0.302400 0.261700
vt 0.299500 0.248300
vt 0.363400 0.645700
vt 0.343300 0.645500
vt 0.383300 0.645700
vt 0.402400 0.645300
vt 0.406200 0.594500
vt 0.385400 0.595100
vt 0.388300 0.573000
vt 0.410300 0.572200
vt 0.367600 0.573100
vt 0.365200 0.595100
vt 0.383000 0.617800
vt 0.363300 0.617700
vt 0.402500 0.617500
vt 0.354300 0.531400
vt 0.350200 0.551900
vt 0.333400 0.531700
vt 0.324500 0.595000
vt 0.344700 0.595000
vt 0.343200 0.617600
vt 0.323300 0.617200
vt 0.347000 0.573100
vt 0.326600 0.573200
vt 0.329600 0.552100
vt 0.309600 0.552600
vt 0.312900 0.532100
vt 0.290200 0.553200
vt 0.292500 0.533200
vt 0.304400 0.616700
vt 0.305300 0.594800
vt 0.286300 0.616300
vt 0.287000 0.594700
vt 0.307000 0.573400
vt 0.288400 0.573600
vt 0.252200 0.574400
vt 0.270300 0.573800
vt 0.269200 0.594800
vt 0.251600 0.595300
vt 0.271500 0.553700
vt 0.272200 0.534500
vt 0.363200 0.771900
vt 0.340700 0.768500
vt 0.369900 0.799000
vt 0.347300 0.797700
vt 0.383700 0.842600
vt 0.377900 0.821400
vt 0.371900 0.842500
vt 0.362200 0.823900
vt 0.318500 0.757900
vt 0.314200 0.734200
vt 0.321900 0.777100
vt 0.299600 0.760400
vt 0.295000 0.735400
vt 0.290000 0.704900
vt 0.309600 0.707500
vt 0.270900 0.700100
vt 0.269400 0.669900
vt 0.273900 0.725400
vt 0.252600 0.697300
vt 0.252000 0.669300
vt 0.268700 0.642800
vt 0.251500 0.642900
vt 0.571700 0.578700
vt 0.546900 0.566300
vt 0.523100 0.563500
vt 0.551900 0.594300
vt 0.523100 0.589300
vt 0.523100 0.539100
vt 0.508300 0.524000
vt 0.485600 0.507500
vt 0.508300 0.539100
vt 0.486600 0.524200
vt 0.486700 0.538300
vt 0.463700 0.527200
vt 0.441400 0.528800
vt 0.464000 0.546100
vt 0.439600 0.549300
vt 0.435700 0.570300
vt 0.431100 0.592600
vt 0.438000 0.557800
vt 0.462700 0.552700
vt 0.461600 0.617800
vt 0.427400 0.615900
vt 0.462400 0.592300
vt 0.485200 0.547900
vt 0.485700 0.562600
vt 0.462300 0.564900
vt 0.508300 0.549500
vt 0.508300 0.563500
vt 0.508300 0.589300
vt 0.487500 0.591700
vt 0.491400 0.624200
vt 0.631200 0.655800
vt 0.634100 0.631500
vt 0.610100 0.651000
vt 0.613500 0.626200
vt 0.613700 0.607400
vt 0.587800 0.676200
vt 0.565000 0.701000
vt 0.566300 0.675300
vt 0.536900 0.610800
vt 0.549400 0.613100
vt 0.571900 0.599400
vt 0.592900 0.602500
vt 0.592600 0.623800
vt 0.590700 0.649500
vt 0.581000 0.648000
vt 0.575200 0.620600
vt 0.558000 0.622600
vt 0.565300 0.650200
vt 0.437300 0.764800
vt 0.432700 0.738000
vt 0.430100 0.709800
vt 0.429400 0.679300
vt 0.427700 0.647000
vt 0.448100 0.648100
vt 0.475600 0.655300
vt 0.523100 0.614100
vt 0.276600 0.746400
vt 0.268600 0.616300
vt 0.251300 0.616500
vt 0.234800 0.697300
vt 0.235000 0.669500
vt 0.234700 0.643400
vt 0.234100 0.617100
vt 0.233800 0.596200
vt 0.233600 0.575400
vt 0.131300 0.844800
vt 0.128700 0.844300
vt 0.136100 0.830300
vt 0.138500 0.831700
vt 0.857100 0.892100
vt 0.862000 0.904100
vt 0.859300 0.904600
vt 0.854700 0.893500
vt 0.988200 0.232900
vt 0.988200 0.239200
vt 0.967400 0.239200
vt 0.967200 0.232900
vt 0.014500 0.239200
vt 0.014500 0.232900
vt 0.036100 0.232900
vt 0.037400 0.239200
vt 0.059100 0.232900
vt 0.060800 0.239200
vt 0.080400 0.232900
vt 0.081900 0.239200
vt 0.844400 0.239200
vt 0.844100 0.232900
vt 0.865500 0.232900
vt 0.865900 0.239200
vt 0.886900 0.239200
vt 0.886700 0.232900
vt 0.908800 0.239200
vt 0.908800 0.232900
vt 0.929800 0.239200
vt 0.930000 0.232900
vt 0.949500 0.239200
vt 0.949600 0.232900
vt 0.821300 0.232900
vt 0.821700 0.239200
vt 0.797300 0.239200
vt 0.796800 0.232900
vt 0.743600 0.232900
vt 0.770400 0.232900
vt 0.771000 0.239200
vt 0.744100 0.239200
vt 0.847100 0.884400
vt 0.848900 0.882300
vt 0.838200 0.873300
vt 0.839200 0.871000
vt 0.824200 0.865800
vt 0.825000 0.863100
vt 0.791900 0.862700
vt 0.792300 0.859700
vt 0.770500 0.861200
vt 0.770500 0.857800
vt 0.750700 0.858200
vt 0.750900 0.854700
vt 0.102100 0.232900
vt 0.103400 0.239200
vt 0.121600 0.232900
vt 0.122600 0.239200
vt 0.205800 0.239200
vt 0.205300 0.232900
vt 0.224600 0.232900
vt 0.225000 0.239200
vt 0.243200 0.232900
vt 0.243600 0.239200
vt 0.144000 0.239200
vt 0.143300 0.232900
vt 0.165700 0.239200
vt 0.165200 0.232900
vt 0.186300 0.239200
vt 0.185700 0.232900
vt 0.146700 0.813000
vt 0.164100 0.795300
vt 0.165900 0.797700
vt 0.149000 0.815100
vt 0.186200 0.776700
vt 0.207400 0.760300
vt 0.208700 0.763100
vt 0.187700 0.779200
vt 0.230500 0.748000
vt 0.249600 0.742700
vt 0.249400 0.745500
vt 0.230900 0.750700
vt 0.656700 0.883100
vt 0.648100 0.895400
vt 0.645600 0.894200
vt 0.654700 0.881000
vt 0.641300 0.910200
vt 0.638700 0.909900
vt 0.482400 0.239200
vt 0.456000 0.239200
vt 0.455600 0.232900
vt 0.481900 0.232900
vt 0.508300 0.232900
vt 0.508300 0.239200
vt 0.406700 0.239200
vt 0.406200 0.232900
vt 0.429900 0.232900
vt 0.430300 0.239200
vt 0.608500 0.239200
vt 0.607900 0.232900
vt 0.629000 0.232900
vt 0.629600 0.239200
vt 0.649800 0.232900
vt 0.650300 0.239200
vt 0.565100 0.239200
vt 0.564400 0.232900
vt 0.586300 0.232900
vt 0.586900 0.239200
vt 0.523100 0.239200
vt 0.523100 0.232900
vt 0.542100 0.232900
vt 0.542900 0.239200
vt 0.670900 0.232900
vt 0.671400 0.239200
vt 0.693800 0.232900
vt 0.694000 0.239200
vt 0.717900 0.232900
vt 0.718300 0.239200
vt 0.664600 0.871500
vt 0.678000 0.863100
vt 0.678700 0.866100
vt 0.666000 0.874100
vt 0.698400 0.862200
vt 0.715300 0.858800
vt 0.715600 0.862300
vt 0.698700 0.865800
vt 0.732500 0.856200
vt 0.732600 0.859900
vt 0.379400 0.232900
vt 0.380000 0.239200
vt 0.356400 0.239200
vt 0.355800 0.232900
vt 0.261900 0.239200
vt 0.261500 0.232900
vt 0.279500 0.232900
vt 0.279800 0.239200
vt 0.334200 0.232900
vt 0.334800 0.239200
vt 0.315400 0.239200
vt 0.314800 0.232900
vt 0.297400 0.239200
vt 0.297000 0.232900
vt 0.353600 0.826400
vt 0.365200 0.843800
vt 0.362700 0.844700
vt 0.351500 0.827800
vt 0.338600 0.808000
vt 0.340400 0.806200
vt 0.319100 0.789100
vt 0.320700 0.787000
vt 0.297900 0.772400
vt 0.299300 0.769900
vt 0.276600 0.757900
vt 0.277300 0.755300
vt 0.313600 0.920800
vt 0.312800 0.920700
vt 0.315500 0.909100
vt 0.316400 0.909100
vt 0.303100 0.919200
vt 0.305600 0.909400
vt 0.306300 0.899800
vt 0.316400 0.897900
vt 0.317300 0.897700
vt 0.038300 0.243200
vt 0.014500 0.245700
vt 0.966800 0.245200
vt 0.988200 0.245700
vt 0.305800 0.890400
vt 0.315800 0.887200
vt 0.304300 0.881600
vt 0.313700 0.877000
vt 0.314400 0.876600
vt 0.316700 0.886800
vt 0.061200 0.243700
vt 0.082700 0.242800
vt 0.267900 0.973300
vt 0.267600 0.972400
vt 0.279000 0.968800
vt 0.279400 0.969500
vt 0.263800 0.963300
vt 0.273400 0.960500
vt 0.281800 0.955700
vt 0.289000 0.963000
vt 0.289600 0.963700
vt 0.865200 0.243300
vt 0.886100 0.243300
vt 0.843800 0.243400
vt 0.289100 0.948600
vt 0.297600 0.954700
vt 0.294900 0.939600
vt 0.304100 0.944400
vt 0.305100 0.944900
vt 0.298300 0.955400
vt 0.907700 0.243100
vt 0.928700 0.243400
vt 0.308900 0.932700
vt 0.299400 0.929400
vt 0.309900 0.933000
vt 0.948500 0.244400
vt 0.241700 0.975800
vt 0.241600 0.974700
vt 0.255100 0.974200
vt 0.255300 0.975300
vt 0.241000 0.964800
vt 0.253000 0.964500
vt 0.821100 0.243100
vt 0.796800 0.242900
vt 0.215000 0.962700
vt 0.228000 0.964100
vt 0.227100 0.974000
vt 0.212500 0.972300
vt 0.227000 0.975100
vt 0.212300 0.973200
vt 0.770500 0.242900
vt 0.743700 0.243100
vt 0.301000 0.873700
vt 0.309600 0.867700
vt 0.302600 0.859600
vt 0.295200 0.866900
vt 0.303200 0.858900
vt 0.310200 0.867200
vt 0.104200 0.242000
vt 0.123300 0.241800
vt 0.257300 0.849400
vt 0.247800 0.846300
vt 0.251100 0.836400
vt 0.261300 0.839600
vt 0.238600 0.843800
vt 0.240900 0.833700
vt 0.241100 0.832900
vt 0.251400 0.835200
vt 0.261700 0.838500
vt 0.225000 0.241400
vt 0.243700 0.241300
vt 0.205900 0.241400
vt 0.292900 0.852800
vt 0.286700 0.861200
vt 0.282100 0.847400
vt 0.276900 0.856600
vt 0.282600 0.846500
vt 0.293400 0.852000
vt 0.144500 0.241500
vt 0.166000 0.241200
vt 0.271500 0.843200
vt 0.267000 0.852800
vt 0.272000 0.842200
vt 0.186400 0.241200
vt 0.152800 0.872500
vt 0.150300 0.882100
vt 0.140200 0.879400
vt 0.143400 0.868200
vt 0.149000 0.892600
vt 0.138900 0.891600
vt 0.138400 0.891600
vt 0.139500 0.879200
vt 0.142800 0.867900
vt 0.482800 0.242300
vt 0.508300 0.242600
vt 0.456300 0.242500
vt 0.156600 0.864200
vt 0.148400 0.858400
vt 0.155600 0.850500
vt 0.162700 0.857900
vt 0.147900 0.857900
vt 0.155000 0.849800
vt 0.430500 0.242400
vt 0.406900 0.242500
vt 0.149600 0.937500
vt 0.150200 0.937000
vt 0.156800 0.946400
vt 0.156200 0.946900
vt 0.159400 0.932300
vt 0.165200 0.940300
vt 0.172400 0.947000
vt 0.164900 0.954200
vt 0.164300 0.954800
vt 0.629400 0.242300
vt 0.650100 0.242300
vt 0.608400 0.242300
vt 0.145100 0.926600
vt 0.141400 0.915500
vt 0.151500 0.913500
vt 0.154800 0.923200
vt 0.144400 0.926900
vt 0.140600 0.915700
vt 0.586800 0.242300
vt 0.565200 0.242300
vt 0.149400 0.903300
vt 0.139200 0.903800
vt 0.138400 0.903800
vt 0.543100 0.242500
vt 0.523100 0.242600
vt 0.181100 0.952300
vt 0.174500 0.960400
vt 0.191200 0.956600
vt 0.185800 0.965400
vt 0.185300 0.966400
vt 0.173900 0.961300
vt 0.671100 0.242400
vt 0.693700 0.242700
vt 0.202700 0.960100
vt 0.198600 0.969400
vt 0.198300 0.970400
vt 0.718000 0.243000
vt 0.166200 0.844200
vt 0.165800 0.843600
vt 0.178100 0.838800
vt 0.178400 0.839600
vt 0.171800 0.852900
vt 0.182600 0.849200
vt 0.380400 0.242000
vt 0.356800 0.242000
vt 0.230700 0.832200
vt 0.230900 0.831400
vt 0.229500 0.842600
vt 0.220600 0.842300
vt 0.220600 0.832000
vt 0.220700 0.831100
vt 0.280000 0.241600
vt 0.262000 0.241500
vt 0.200700 0.834700
vt 0.190000 0.836800
vt 0.189800 0.835600
vt 0.200600 0.833600
vt 0.193100 0.846700
vt 0.202800 0.844900
vt 0.335200 0.242200
vt 0.315800 0.242100
vt 0.211800 0.843400
vt 0.210700 0.833100
vt 0.210700 0.832200
vt 0.297800 0.241900
vt 0.139700 0.832800
vt 0.132600 0.845600
vt 0.857900 0.905100
vt 0.853500 0.894300
vt 0.858600 0.891100
vt 0.863700 0.903700
vt 0.126800 0.844300
vt 0.134200 0.829700
vt 0.837500 0.874600
vt 0.846000 0.885600
vt 0.850400 0.881000
vt 0.840100 0.869900
vt 0.791900 0.864600
vt 0.823800 0.867900
vt 0.825800 0.861600
vt 0.792900 0.857800
vt 0.770100 0.863300
vt 0.750600 0.860200
vt 0.770900 0.855900
vt 0.751100 0.853000
vt 0.167400 0.799100
vt 0.149700 0.816200
vt 0.145300 0.812300
vt 0.162400 0.793300
vt 0.189200 0.780200
vt 0.210200 0.764300
vt 0.185400 0.774400
vt 0.207200 0.758200
vt 0.232100 0.752200
vt 0.249400 0.746600
vt 0.230600 0.745800
vt 0.249700 0.740300
vt 0.643000 0.910600
vt 0.649700 0.896100
vt 0.657800 0.884200
vt 0.644100 0.893200
vt 0.637100 0.909500
vt 0.653400 0.879700
vt 0.667000 0.875600
vt 0.679100 0.867600
vt 0.663600 0.870000
vt 0.677300 0.861500
vt 0.698700 0.867600
vt 0.715700 0.864500
vt 0.697900 0.860200
vt 0.714900 0.856800
vt 0.732600 0.862100
vt 0.732500 0.854400
vt 0.337800 0.808600
vt 0.350400 0.829200
vt 0.361400 0.845900
vt 0.355700 0.825600
vt 0.342100 0.804800
vt 0.366900 0.843600
vt 0.317900 0.789700
vt 0.296300 0.773500
vt 0.299900 0.767800
vt 0.321800 0.785000
vt 0.275000 0.759500
vt 0.277300 0.753100
vt 0.988200 0.492700
vt 0.137400 0.365000
vt 0.160900 0.362700
vt 0.183800 0.359300
vt 0.075200 0.379600
vt 0.055400 0.377700
vt 0.988200 0.380200
vt 0.014500 0.380200
vt 0.035500 0.381800
vt 0.055800 0.383800
vt 0.075600 0.389200
vt 0.797200 0.427400
vt 0.820400 0.434300
vt 0.927300 0.450000
vt 0.911200 0.505800
vt 0.871600 0.541500
vt 0.116800 0.397000
vt 0.139400 0.397700
vt 0.523100 0.549500
vt 0.486300 0.453500
vt 0.773000 0.420400
vt 0.655700 0.314900
vt 0.678900 0.313600
vt 0.748500 0.306600
vt 0.632600 0.341100
vt 0.523100 0.361800
vt 0.544800 0.363000
vt 0.558000 0.360200
vt 0.545600 0.349400
vt 0.544400 0.323000
vt 0.961800 0.861100
vt 0.958900 0.837400
vt 0.037400 0.779100
vt 0.032400 0.801000
vt 0.951100 0.756400
vt 0.956200 0.782400
vt 0.944200 0.727400
vt 0.959300 0.808300
vt 0.442700 0.789500
vt 0.455000 0.786500
vt 0.450900 0.762900
vt 0.447900 0.713600
vt 0.448700 0.737400
vt 0.457800 0.685500
vt 0.228400 0.900100
vt 0.386900 0.944900
vt 0.377700 0.947300
vt 0.377300 0.935900
vt 0.388400 0.935800
vt 0.389700 0.951400
vt 0.381600 0.956800
vt 0.394500 0.957000
vt 0.387600 0.964900
vt 0.400400 0.963100
vt 0.395800 0.972300
vt 0.408400 0.967800
vt 0.406900 0.977600
vt 0.425000 0.972600
vt 0.424500 0.982500
vt 0.438000 0.974100
vt 0.438100 0.983800
vt 0.450100 0.974000
vt 0.451000 0.983400
vt 0.392000 0.925100
vt 0.380100 0.923200
vt 0.386400 0.909500
vt 0.398400 0.913600
vt 0.407800 0.902100
vt 0.395900 0.895600
vt 0.407600 0.884300
vt 0.417600 0.893500
vt 0.428900 0.890100
vt 0.422200 0.877200
vt 0.436600 0.875800
vt 0.436600 0.888900
vt 0.498700 0.941000
vt 0.500600 0.932400
vt 0.511300 0.934500
vt 0.508500 0.945600
vt 0.500200 0.923500
vt 0.510800 0.922300
vt 0.490500 0.955900
vt 0.495500 0.948400
vt 0.503600 0.955200
vt 0.495900 0.964000
vt 0.471500 0.967900
vt 0.481000 0.962400
vt 0.485100 0.971800
vt 0.474500 0.977200
vt 0.461200 0.971600
vt 0.463200 0.981000
vt 0.494200 0.914500
vt 0.505300 0.909800
vt 0.486200 0.904200
vt 0.496500 0.897500
vt 0.474900 0.895200
vt 0.484300 0.886400
vt 0.462400 0.889500
vt 0.470100 0.878400
vt 0.449700 0.887800
vt 0.454600 0.874300
vt 0.956800 0.211200
vt 0.943900 0.211200
vt 0.940000 0.192900
vt 0.954800 0.189100
vt 0.508300 0.614100
vt 0.443100 0.923200
s 1
usemtl Topmat.001
f 1/1/1 2/2/2 3/3/3 4/4/4
f 2/2/2 5/5/5 6/6/6 3/3/3
f 7/7/7 8/8/8 9/9/9 10/10/10
f 11/11/11 12/12/12 10/10/10 9/9/9
f 13/13/13 14/14/14 15/15/15 16/16/16
f 17/17/17 18/18/18 19/19/19
f 18/18/18 20/20/20 19/19/19
f 21/21/21 19/19/19 20/20/20 22/22/22
f 23/23/23 24/24/24 25/25/25 26/26/26
f 24/24/24 27/27/27 28/28/28 25/25/25
f 25/25/25 28/28/28 29/29/29 30/30/30
f 31/31/31 32/32/32 33/33/33
f 34/34/34 35/35/35 36/36/36 37/37/37
f 35/35/35 29/29/29 28/28/28 36/36/36
f 28/28/28 27/27/27 38/38/38 36/36/36
f 36/36/36 38/38/38 39/39/39 37/37/37
f 40/40/40 41/41/41 42/42/42
f 41/41/41 26/26/26 43/43/43
f 32/32/32 44/44/44 45/45/45
f 46/46/46 47/47/47 45/45/45 44/44/44
f 48/48/48 49/49/49 50/50/50 51/51/51
f 52/52/52 50/50/50 49/49/49 53/53/53
f 54/54/54 55/55/55 50/50/50 52/52/52
f 55/55/55 56/56/56 51/51/51 50/50/50
f 57/57/57 58/58/58 46/46/46 1/1/1
f 58/59/58 57/60/57 59/61/59 60/62/60
f 61/63/61 62/64/62 63/65/63 64/66/64
f 61/67/61 64/68/64 40/40/40
f 11/11/11 65/69/65 66/70/66 12/12/12
f 65/69/65 34/34/34 37/37/37 66/70/66
f 37/37/37 39/39/39 67/71/67 66/70/66
f 66/70/66 67/71/67 68/72/68 12/12/12
f 68/72/68 69/73/69 16/16/16 15/15/15
f 70/74/70 71/75/71 72/76/72 73/77/73
f 69/73/69 68/72/68 67/71/67 74/78/74
f 39/39/39 75/79/75 74/78/74 67/71/67
f 75/79/75 76/80/76 74/78/74
f 38/38/38 77/81/77 75/79/75 39/39/39
f 27/27/27 78/82/78 77/81/77 38/38/38
f 78/82/78 79/83/79 77/81/77
f 80/84/80 81/85/81 76/80/76
f 82/86/82 83/87/83 84/88/84
f 85/89/85 78/82/78 83/87/83 82/86/82
f 84/88/84 83/87/83 86/90/86
f 87/91/87 88/92/88 89/93/89 90/94/90
f 87/91/87 91/95/91 84/88/84 88/92/88
f 86/90/86 92/96/92 88/92/88 84/88/84
f 93/97/93 88/92/88 92/96/92 40/40/40
f 40/40/40 64/68/64 93/97/93
f 64/66/64 63/65/63 94/98/94 95/99/95
f 95/99/95 94/98/94 96/100/96 97/101/97
f 89/93/89 95/102/95 97/103/97 90/94/90
f 98/104/98 99/105/99 100/106/100 101/107/101
f 99/105/99 96/100/96 94/98/94 100/106/100
f 100/106/100 94/98/94 63/65/63 102/108/102
f 101/107/101 100/106/100 102/108/102 103/109/103
f 104/110/104 105/111/105 106/112/106 107/113/107
f 105/111/105 98/104/98 101/107/101 106/112/106
f 101/107/101 103/109/103 108/114/108 106/112/106
f 109/115/109 107/113/107 106/112/106 108/114/108
f 110/116/110 111/117/111 112/118/112 113/119/113
f 111/117/111 104/110/104 107/113/107 112/118/112
f 114/120/114 112/118/112 107/113/107 109/115/109
f 113/119/113 112/118/112 114/120/114
f 115/121/115 116/122/116 117/123/117 118/124/118
f 53/53/53 49/49/49 116/122/116 115/121/115
f 49/49/49 48/48/48 119/125/119 116/122/116
f 116/122/116 119/125/119 120/126/120 117/123/117
f 121/127/121 122/128/122 123/129/123 124/130/124
f 122/128/122 125/131/125 126/132/126 123/129/123
f 127/133/127 128/134/128 129/135/129 130/136/130
f 131/137/131 132/138/132 128/134/128 127/133/127
f 128/139/128 132/140/132 133/141/133 134/142/134
f 129/143/129 128/139/128 134/142/134 135/144/135
f 136/145/136 137/146/137 138/147/138 139/148/139
f 140/149/140 141/150/141 137/151/137 136/152/136
f 130/136/130 129/135/129 137/151/137 141/150/141
f 137/146/137 129/143/129 135/144/135 138/147/138
f 142/153/142 143/154/143 144/155/144 145/156/145
f 145/156/145 146/157/146 147/158/147 142/153/142
f 142/153/142 147/158/147 148/159/148
f 143/154/143 142/153/142 148/159/148 149/160/149
f 150/161/150 151/162/151 152/163/152
f 153/164/153 154/165/154 150/161/150
f 154/165/154 155/166/155 156/167/156
f 151/162/151 154/165/154 157/168/157
f 158/169/158 159/170/159 160/171/160 144/155/144
f 161/172/161 162/173/162 159/170/159 158/169/158
f 162/173/162 163/174/163 164/175/164 159/170/159
f 159/170/159 164/175/164 81/85/81 160/171/160
f 165/176/165 133/141/133 132/140/132 166/177/166
f 167/178/167 132/138/132 131/137/131 168/179/168
f 132/138/132 167/178/167 166/180/166
f 170/181/169 171/182/170 172/183/171 173/184/172
f 171/182/170 174/185/173 172/183/171
f 172/183/171 174/185/173 175/186/174 176/187/175
f 173/184/172 172/183/171 176/187/175 177/188/176
f 160/171/160 81/85/81 80/84/80 178/189/177
f 80/84/80 79/83/79 179/190/178
f 180/191/179 146/157/146 145/156/145 178/189/177
f 178/189/177 145/156/145 144/155/144 160/171/160
f 181/192/180 182/193/181 183/194/182
f 87/91/87 184/195/183 185/196/184 91/95/91
f 184/195/183 87/91/87 90/94/90 183/194/182
f 186/197/185 187/198/186 188/199/187 189/200/188
f 187/198/186 190/201/189 191/202/190 188/199/187
f 188/199/187 191/202/190 98/104/98 105/111/105
f 189/200/188 188/199/187 105/111/105 104/110/104
f 117/123/117 192/203/191 193/204/192
f 117/123/117 120/126/120 194/205/193 192/203/191
f 192/203/191 194/205/193 152/163/152 151/162/151
f 157/168/157 193/204/192 192/203/191 151/162/151
f 190/201/189 195/206/194 196/207/195 191/202/190
f 195/206/194 197/208/196 198/209/197 196/207/195
f 196/207/195 198/209/197 96/100/96 99/105/99
f 191/202/190 196/207/195 99/105/99 98/104/98
f 90/94/90 97/103/97 199/210/198 183/194/182
f 97/101/97 96/100/96 198/209/197 199/211/198
f 199/211/198 198/209/197 197/208/196 200/212/199
f 183/194/182 199/210/198 200/213/199 181/192/180
f 201/214/200 202/215/201 203/216/202 204/217/203
f 202/215/201 205/218/204 206/219/205 203/216/202
f 207/220/206 208/221/207 209/222/208
f 208/221/207 181/192/180 210/223/209
f 211/224/210 212/225/211 213/226/212 214/227/213
f 215/228/214 213/226/212 212/225/211
f 214/229/213 210/223/209 181/192/180 200/213/199
f 104/110/104 111/117/111 216/230/215 189/200/188
f 111/117/111 110/116/110 217/231/216 216/230/215
f 218/232/217 217/231/216 219/233/218 220/234/219
f 218/232/217 220/234/219 186/197/185
f 221/235/220 162/173/162 161/172/161 171/182/170
f 171/182/170 222/236/221 221/235/220
f 221/235/220 222/236/221 71/75/71 70/74/70
f 162/173/162 221/235/220 70/74/70 163/174/163
f 158/169/158 223/237/222 174/185/173 161/172/161
f 144/155/144 143/154/143 223/237/222 158/169/158
f 223/237/222 143/154/143 149/160/149 224/238/223
f 223/237/222 224/238/223 175/186/174 174/185/173
f 225/239/224 226/240/225 227/241/226 220/234/219
f 226/240/225 228/242/227 229/243/228 227/241/226
f 227/241/226 229/243/228 230/244/229 231/245/230
f 232/246/231 186/197/185 220/234/219
f 233/247/232 234/248/233 235/249/234
f 236/250/235 233/247/232 235/249/234
f 236/250/235 186/197/185 232/246/231 233/247/232
f 231/245/230 230/244/229 234/248/233 233/247/232
f 190/201/189 235/249/234 237/251/236 195/206/194
f 238/252/237 239/253/238 237/251/236 235/249/234
f 239/253/238 215/228/214 212/225/211 237/251/236
f 237/251/236 212/225/211 211/224/210
f 146/157/146 240/254/239 147/158/147
f 241/255/240 242/256/241 240/254/239 207/220/206
f 147/158/147 242/256/241 243/257/242
f 244/258/243 245/259/244 79/83/79
f 82/86/82 91/95/91 185/196/184
f 246/260/245 207/220/206 247/261/246
f 247/261/246 240/254/239 146/157/146 180/191/179
f 248/262/247 249/263/248 250/264/249 251/265/250
f 252/266/251 250/264/249 249/263/248 253/267/252
f 252/266/251 177/188/176 176/187/175 250/264/249
f 251/265/250 250/264/249 176/187/175 175/186/174
f 254/268/253 255/269/254 256/270/255
f 255/269/254 257/271/256 258/272/257 259/273/258
f 259/273/258 258/272/257 260/274/259 261/275/260
f 257/271/256 262/276/261 263/277/262 258/272/257
f 262/276/261 264/278/263 265/279/264 263/277/262
f 263/277/262 265/279/264 266/280/265 267/281/266
f 258/272/257 263/277/262 267/281/266 260/274/259
f 230/244/229 268/282/267 269/283/268 270/284/269
f 268/282/267 271/285/270 269/283/268
f 272/286/271 273/287/272 269/283/268 274/288/273
f 270/284/269 269/283/268 238/252/237
f 275/289/274 276/290/275 226/240/225 225/239/224
f 277/291/276 278/292/277 276/290/275 275/289/274
f 278/292/277 156/167/156 279/293/278 276/290/275
f 276/290/275 279/293/278 228/242/227 226/240/225
f 280/294/279 281/295/280 217/231/216
f 118/124/118 281/295/280 280/294/279
f 282/296/281 277/291/276 275/289/274 281/295/280
f 217/231/216 281/295/280 219/233/218
f 118/124/118 280/294/279 115/121/115
f 283/297/282 110/116/110 113/119/113 284/298/283
f 284/298/283 113/119/113 285/299/284 286/300/285
f 115/121/115 284/298/283 286/300/285 53/53/53
f 287/301/286 21/21/21 22/22/22 288/302/287
f 52/52/52 287/301/286 288/302/287 54/54/54
f 289/303/288 261/275/260 290/304/289 291/305/290
f 261/275/260 260/274/259 292/306/291 290/304/289
f 290/304/289 292/306/291 293/307/292 294/308/293
f 291/305/290 290/304/289 294/308/293 295/309/294
f 296/310/295 297/311/296 298/312/297 299/313/298
f 297/314/296 300/315/299 301/316/300 298/317/297
f 298/317/297 301/316/300 302/318/301 303/319/302
f 299/313/298 298/312/297 303/320/302 304/321/303
f 305/322/304 306/323/305 307/324/306 308/325/307
f 306/323/305 296/310/295 299/313/298 307/324/306
f 307/324/306 299/313/298 304/321/303 309/326/308
f 308/325/307 307/324/306 309/326/308 310/327/309
f 311/328/310 312/329/311 313/330/312 314/331/313
f 315/332/314 311/328/310 314/331/313 316/333/315
f 317/334/316 318/335/317 319/336/318 320/337/319
f 321/338/320 317/334/316 320/337/319 322/339/321
f 323/340/322 324/341/323 325/342/324 326/343/325
f 326/343/325 325/342/324 313/330/312 312/329/311
f 327/344/326 321/338/320 322/339/321 328/345/327
f 329/346/328 327/344/326 328/345/327 330/347/329
f 331/348/330 332/349/331 333/350/332
f 35/35/35 34/34/34 334/351/333 331/348/330
f 335/352/334 336/353/335 331/348/330 334/351/333
f 336/353/335 337/354/336 332/349/331 331/348/330
f 5/5/5 338/355/337 339/356/338 6/6/6
f 338/355/337 30/30/30 333/350/332 332/349/331
f 339/356/338 332/349/331 337/354/336 340/357/339
f 340/357/339 341/358/340 6/6/6 339/356/338
f 342/359/341 343/360/342 344/361/343 345/362/344
f 343/360/342 346/363/345 347/364/346 344/361/343
f 344/361/343 347/364/346 322/339/321 320/337/319
f 345/362/344 344/361/343 320/337/319 319/336/318
f 346/363/345 348/365/347 349/366/348 347/364/346
f 348/365/347 350/367/349 351/368/350 349/366/348
f 349/366/348 351/368/350 330/347/329 328/345/327
f 347/364/346 349/366/348 328/345/327 322/339/321
f 330/347/329 352/369/351 353/370/352 329/346/328
f 354/371/353 355/372/354 353/370/352
f 356/373/355 357/374/356 358/375/357 359/376/358
f 356/373/355 359/376/358 324/341/323 323/340/322
f 350/367/349 360/377/359 361/378/360 351/368/350
f 360/377/359 302/318/301 301/316/300 361/378/360
f 361/378/360 301/316/300 300/315/299 352/369/351
f 351/368/350 361/378/360 352/369/351 330/347/329
f 362/379/361 363/380/362 364/381/363 365/382/364
f 363/380/362 335/352/334 334/351/333 364/381/363
f 365/382/364 364/381/363 65/69/65 11/11/11
f 319/336/318 366/383/365 367/384/366 345/362/344
f 366/383/365 368/385/367 369/386/368 367/384/366
f 367/384/366 369/386/368 370/387/369 371/388/370
f 345/362/344 367/384/366 371/388/370 342/359/341
f 372/389/371 315/332/314 316/333/315 373/390/372
f 374/391/373 375/392/374 372/389/371 373/390/372
f 376/393/375 377/394/376 368/385/367 366/383/365
f 318/335/317 376/393/375 366/383/365 319/336/318
f 374/391/373 378/395/377 379/396/378 375/392/374
f 380/397/379 379/396/378 378/395/377 381/398/380
f 382/399/381 383/400/382 384/401/383 385/402/384
f 377/394/376 382/399/381 368/385/367
f 386/403/385 365/382/364 11/11/11 9/9/9
f 386/403/385 9/9/9 8/8/8 387/404/386
f 388/405/387 389/406/388 381/398/380 378/395/377
f 362/379/361 388/405/387 378/395/377 374/391/373
f 390/407/389 391/408/390 392/409/391 393/410/392
f 390/407/389 370/387/369 369/386/368 391/408/390
f 391/408/390 369/386/368 368/385/367 382/399/381
f 391/408/390 382/399/381 385/402/384 392/409/391
f 394/411/393 395/412/394 396/413/395 397/414/396
f 398/415/397 399/416/398 396/413/395 395/412/394
f 253/267/252 249/263/248 396/413/395 399/416/398
f 397/414/396 396/413/395 249/263/248 248/262/247
f 224/238/223 400/417/399 251/265/250 175/186/174
f 224/238/223 149/160/149 401/418/400 400/417/399
f 400/417/399 401/418/400 402/419/401 403/420/402
f 251/265/250 400/417/399 403/420/402 248/262/247
f 402/419/401 401/418/400 404/421/403
f 401/418/400 148/159/148 404/421/403
f 404/421/403 148/159/148 243/257/242
f 405/422/404 398/415/397 395/412/394 406/423/405
f 406/423/405 395/412/394 394/411/393 407/424/406
f 295/309/294 408/425/407 409/426/408 291/305/290
f 408/425/407 410/427/409 411/428/410 409/426/408
f 409/426/408 411/428/410 402/419/401 412/429/411
f 291/305/290 409/426/408 412/429/411 289/303/288
f 410/427/409 413/430/412 414/431/413 411/428/410
f 413/430/412 394/411/393 397/414/396 414/431/413
f 414/431/413 397/414/396 248/262/247 403/420/402
f 411/428/410 414/431/413 403/420/402 402/419/401
f 415/432/414 416/433/415 413/430/412 410/427/409
f 416/433/415 407/424/406 394/411/393 413/430/412
f 417/434/416 418/435/417 406/423/405 407/424/406
f 417/434/416 419/436/418 420/437/419 418/435/417
f 420/437/419 421/438/420 422/439/421 418/435/417
f 418/435/417 422/439/421 405/422/404 406/423/405
f 423/440/422 424/441/423 425/442/424 426/443/425
f 419/436/418 417/434/416 425/442/424 424/441/423
f 425/442/424 417/434/416 407/424/406 416/433/415
f 426/443/425 425/442/424 416/433/415 415/432/414
f 140/149/140 427/444/426 428/445/427 141/150/141
f 427/444/426 429/446/428 430/447/429 428/445/427
f 428/445/427 430/447/429 431/448/430 432/449/431
f 141/150/141 428/445/427 432/449/431 130/136/130
f 433/450/432 434/451/433 435/452/434 436/453/435
f 434/451/433 431/448/430 430/447/429 435/452/434
f 435/452/434 430/447/429 429/446/428 437/454/436
f 436/453/435 435/452/434 437/454/436 438/455/437
f 439/456/438 440/457/439 441/458/440 442/459/441
f 443/460/442 444/461/443 441/458/440 440/457/439
f 444/461/443 433/450/432 436/453/435 441/458/440
f 441/458/440 436/453/435 438/455/437 442/459/441
f 447/462/444 448/463/445 449/464/446 450/465/447
f 448/463/445 447/462/444 451/466/448 452/467/449
f 451/466/448 453/468/450 454/469/451 455/470/452
f 456/471/453 457/472/454 454/469/451 453/468/450
f 454/469/451 457/472/454 423/440/422 458/473/455
f 455/470/452 454/469/451 458/473/455 459/474/456
f 127/133/127 460/475/457 461/476/458 131/137/131
f 130/136/130 432/449/431 460/475/457 127/133/127
f 432/449/431 431/448/430 462/477/459 460/475/457
f 461/476/458 460/475/457 462/477/459 463/478/460
f 131/137/131 461/476/458 464/479/461 168/179/168
f 461/476/458 463/478/460 465/480/462 464/479/461
f 465/480/462 450/465/447 466/481/463 464/479/461
f 168/179/168 464/479/461 466/481/463
f 450/465/447 465/480/462 467/482/464 447/462/444
f 465/480/462 463/478/460 468/483/465 467/482/464
f 468/483/465 456/471/453 453/468/450 467/482/464
f 447/462/444 467/482/464 453/468/450 451/466/448
f 469/484/466 470/485/467 471/486/468 472/487/469
f 470/485/467 419/436/418 424/441/423 471/486/468
f 423/440/422 457/472/454 471/486/468 424/441/423
f 472/487/469 471/486/468 457/472/454 456/471/453
f 473/488/470 474/489/471 475/490/472 476/491/473
f 433/450/432 444/461/443 475/490/472 474/489/471
f 475/490/472 444/461/443 443/460/442 477/492/474
f 476/491/473 475/490/472 477/492/474 478/493/475
f 479/494/476 480/495/477 481/496/478 469/484/466
f 473/488/470 476/491/473 480/495/477 479/494/476
f 480/495/477 476/491/473 478/493/475 482/497/479
f 481/496/478 480/495/477 482/497/479 483/498/480
f 431/448/430 434/451/433 484/499/481 462/477/459
f 434/451/433 433/450/432 474/489/471 484/499/481
f 484/499/481 474/489/471 473/488/470 485/500/482
f 462/477/459 484/499/481 485/500/482 463/478/460
f 456/471/453 468/483/465 486/501/483 472/487/469
f 468/483/465 463/478/460 485/500/482 486/501/483
f 486/501/483 485/500/482 473/488/470 479/494/476
f 472/487/469 486/501/483 479/494/476 469/484/466
f 487/502/484 488/503/485 481/496/478 483/498/480
f 421/438/420 420/437/419 488/503/485 487/502/484
f 420/437/419 419/436/418 470/485/467 488/503/485
f 481/496/478 488/503/485 470/485/467 469/484/466
f 491/504/486 492/505/487 493/506/488 494/507/489
f 133/141/133 165/176/165 492/505/487 491/504/486
f 495/508/490 496/509/491 497/510/492 498/511/493
f 135/144/135 134/142/134 496/509/491 495/508/490
f 134/142/134 133/141/133 491/504/486 496/509/491
f 496/509/491 491/504/486 494/507/489 497/510/492
f 499/512/494 500/513/495 501/514/496 502/515/497
f 503/516/498 504/517/499 500/513/495 499/512/494
f 504/517/499 505/518/500 506/519/501 500/513/495
f 500/513/495 506/519/501 507/520/502 501/514/496
f 508/521/503 509/522/504 497/510/492 494/507/489
f 502/515/497 501/514/496 509/522/504 508/521/503
f 501/514/496 507/520/502 510/523/505 509/522/504
f 509/522/504 510/523/505 498/511/493 497/510/492
f 506/519/501 511/524/506 512/525/507 507/520/502
f 505/518/500 513/526/508 511/524/506 506/519/501
f 513/526/508 124/130/124 514/527/509 511/524/506
f 511/524/506 514/527/509 515/528/510 512/525/507
f 516/529/511 59/61/59 57/60/57 517/530/512
f 57/57/57 1/1/1 4/4/4 517/531/512
f 354/371/353 297/314/296 518/532/513 355/372/354
f 297/311/296 296/310/295 519/533/514 518/534/513
f 520/535/515 521/536/516 522/537/517
f 357/374/356 518/532/513 522/538/517 358/375/357
f 17/17/17 523/539/518 524/540/519 18/18/18
f 525/541/520 526/542/521 527/543/522 528/544/523
f 529/545/524 530/546/525 528/544/523 527/543/522
f 59/61/59 531/547/526 532/548/527
f 532/548/527 531/547/526 526/542/521 525/541/520
f 103/109/103 102/108/102 533/549/528
f 533/549/528 102/108/102 63/65/63 62/64/62
f 521/536/516 534/550/529 535/551/530 516/529/511
f 534/550/529 536/552/531 537/553/532 535/551/530
f 535/551/530 537/553/532 526/542/521 531/547/526
f 516/529/511 535/551/530 531/547/526 59/61/59
f 296/310/295 306/323/305 538/554/533 519/533/514
f 306/323/305 305/322/304 539/555/534 538/554/533
f 540/556/535 541/557/536 536/552/531 534/550/529
f 520/535/515 540/556/535 534/550/529 521/536/516
f 536/552/531 542/558/537 543/559/538 537/553/532
f 542/558/537 544/560/539 545/561/540 543/559/538
f 529/545/524 527/543/522 543/559/538 545/561/540
f 537/553/532 543/559/538 527/543/522 526/542/521
f 310/327/309 546/562/541 547/563/542 308/325/307
f 546/562/541 548/564/543 549/565/544 547/563/542
f 547/563/542 549/565/544 550/566/545 551/567/546
f 308/325/307 547/563/542 551/567/546 305/322/304
f 552/568/547 553/569/548 554/570/549 555/571/550
f 529/545/524 545/561/540 552/568/547 555/571/550
f 552/568/547 545/561/540 544/560/539 556/572/551
f 553/569/548 552/568/547 556/572/551 557/573/552
f 558/574/553 54/54/54 559/575/554 560/576/555
f 553/569/548 560/576/555 559/575/554
f 561/577/556 560/576/555 553/569/548
f 560/576/555 561/577/556 558/574/553
f 562/578/557 563/579/558 564/580/559 565/581/560
f 566/582/561 567/583/562 564/580/559 563/579/558
f 567/583/562 568/584/563 564/580/559
f 565/581/560 564/580/559 569/585/564 557/573/552
f 570/586/565 571/587/566 56/56/56 55/55/55
f 558/574/553 570/586/565 55/55/55 54/54/54
f 568/584/563 572/588/567 570/586/565 558/574/553
f 570/586/565 572/588/567 573/589/568 571/587/566
f 574/590/569 575/591/570 567/583/562 566/582/561
f 576/592/571 577/593/572 575/591/570 574/590/569
f 577/593/572 573/589/568 572/588/567 575/591/570
f 572/588/567 568/584/563 567/583/562 575/591/570
f 578/594/573 579/595/574 580/596/575 581/597/576
f 582/598/577 583/599/578 579/595/574 578/594/573
f 583/599/578 576/592/571 574/590/569 579/595/574
f 579/595/574 574/590/569 566/582/561 580/596/575
f 550/566/545 584/600/579 585/601/580
f 585/601/580 584/600/579 544/560/539 542/558/537
f 541/557/536 585/601/580 542/558/537 536/552/531
f 548/564/543 586/602/581 587/603/582 549/565/544
f 586/602/581 588/604/583 589/605/584 587/603/582
f 587/603/582 589/605/584 562/578/557 590/606/585
f 549/565/544 587/603/582 590/606/585 550/566/545
f 557/573/552 556/572/551 591/607/586 565/581/560
f 556/572/551 544/560/539 584/600/579 591/607/586
f 591/607/586 584/600/579 550/566/545 590/606/585
f 565/581/560 591/607/586 590/606/585 562/578/557
f 588/604/583 592/608/587 593/609/588 589/605/584
f 580/596/575 593/609/588 592/608/587 581/597/576
f 580/596/575 566/582/561 563/579/558 593/609/588
f 589/605/584 593/609/588 563/579/558 562/578/557
f 595/610/589 596/611/590 513/526/508 505/518/500
f 596/611/590 121/127/121 124/130/124 513/526/508
f 505/518/500 504/517/499 597/612/591 595/610/589
f 597/612/591 504/517/499 503/516/498 598/613/592
f 599/614/593 600/615/594 601/616/595 602/617/596
f 600/615/594 603/618/597 274/288/273 601/616/595
f 274/288/273 271/285/270 604/619/598
f 602/617/596 601/616/595 604/619/598 605/620/599
f 605/620/599 606/621/600 607/622/601 602/617/596
f 606/621/600 595/610/589 597/612/591 607/622/601
f 607/622/601 597/612/591 598/613/592 608/623/602
f 602/617/596 607/622/601 608/623/602 599/614/593
f 271/285/270 268/282/267 609/624/603 610/625/604
f 268/282/267 230/244/229 609/624/603
f 609/624/603 229/243/228 611/626/605
f 610/625/604 609/624/603 612/627/606
f 613/628/607 614/629/608 615/630/609 616/631/610
f 121/127/121 596/611/590 615/630/609 614/629/608
f 615/630/609 596/611/590 595/610/589 606/621/600
f 616/631/610 615/630/609 606/621/600 605/620/599
f 605/620/599 604/619/598 617/632/611 616/631/610
f 604/619/598 271/285/270 610/625/604 617/632/611
f 617/632/611 610/625/604 612/627/606 618/633/612
f 616/631/610 617/632/611 618/633/612 613/628/607
f 156/167/156 619/634/613 620/635/614 279/293/278
f 619/634/613 621/636/615 622/637/616 620/635/614
f 620/635/614 622/637/616 612/627/606 611/626/605
f 279/293/278 620/635/614 611/626/605 228/242/227
f 614/629/608 623/638/617 122/128/122 121/127/121
f 613/628/607 624/639/618 623/638/617 614/629/608
f 624/639/618 625/640/619 626/641/620 623/638/617
f 623/638/617 626/641/620 125/131/125 122/128/122
f 613/628/607 618/633/612 627/642/621 624/639/618
f 618/633/612 612/627/606 622/637/616 627/642/621
f 621/636/615 628/643/622 627/642/621 622/637/616
f 627/642/621 628/643/622 625/640/619 624/639/618
f 629/644/623 630/645/624 155/166/155
f 631/646/625 630/645/624 629/644/623 632/647/626
f 630/645/624 631/646/625 621/636/615 619/634/613
f 155/166/155 630/645/624 619/634/613 156/167/156
f 633/648/627 634/649/628 512/525/507 515/528/510
f 635/650/629 636/651/630 634/649/628 633/648/627
f 636/651/630 498/511/493 510/523/505 634/649/628
f 634/649/628 510/523/505 507/520/502 512/525/507
f 495/508/490 637/652/631 138/147/138 135/144/135
f 498/511/493 636/651/630 637/652/631 495/508/490
f 636/651/630 635/650/629 638/653/632 637/652/631
f 637/652/631 638/653/632 139/148/139 138/147/138
f 515/528/510 639/654/633 633/648/627
f 639/654/633 640/655/634 641/656/635 642/657/636
f 633/648/627 639/654/633 642/657/636 635/650/629
f 640/655/634 639/654/633 643/658/637 644/659/638
f 639/654/633 515/528/510 514/527/509 643/658/637
f 643/658/637 514/527/509 124/130/124 123/129/123
f 644/659/638 643/658/637 123/129/123 126/132/126
f 260/274/259 267/281/266 645/660/639 292/306/291
f 267/281/266 266/280/265 646/661/640 645/660/639
f 645/660/639 646/661/640 647/662/641 648/663/642
f 292/306/291 645/660/639 648/663/642 293/307/292
f 649/664/643 650/665/644 215/228/214
f 651/666/645 652/667/646 653/668/647 649/664/643
f 652/669/646 266/280/265 265/279/264 653/670/647
f 653/670/647 265/279/264 264/278/263 650/671/644
f 238/252/237 273/287/272 654/672/648 239/253/238
f 273/287/272 272/286/271 654/672/648
f 654/672/648 655/673/649 649/664/643
f 239/253/238 654/672/648 215/228/214
f 656/674/650 657/675/651 658/676/652 659/677/653
f 656/674/650 651/666/645 655/673/649 657/675/651
f 657/675/651 655/673/649 600/615/594
f 658/676/652 657/675/651 600/615/594 599/614/593
f 651/666/645 656/674/650 660/678/654 652/667/646
f 659/677/653 661/679/655 660/678/654 656/674/650
f 661/680/655 647/662/641 646/661/640 660/681/654
f 660/681/654 646/661/640 266/280/265 652/669/646
f 415/432/414 662/682/656 663/683/657 426/443/425
f 662/682/656 664/684/658 665/685/659 663/683/657
f 663/683/657 665/685/659 459/474/456 458/473/455
f 426/443/425 663/683/657 458/473/455 423/440/422
f 664/684/658 662/682/656 408/425/407 295/309/294
f 662/682/656 415/432/414 410/427/409 408/425/407
f 459/474/456 666/686/660 667/687/661 455/470/452
f 666/686/660 668/688/662 669/689/663 667/687/661
f 670/690/664 452/467/449 667/687/661 669/689/663
f 455/470/452 667/687/661 452/467/449 451/466/448
f 668/688/662 671/691/665 672/692/666 669/689/663
f 648/663/642 647/662/641 673/693/667 674/694/668
f 648/663/642 674/694/668 675/695/669 293/307/292
f 675/695/669 676/696/670 294/308/293 293/307/292
f 676/696/670 664/684/658 295/309/294 294/308/293
f 664/684/658 676/696/670 677/697/671 665/685/659
f 676/696/670 675/695/669 678/698/672 677/697/671
f 677/697/671 678/698/672 668/688/662 666/686/660
f 665/685/659 677/697/671 666/686/660 459/474/456
f 675/695/669 674/694/668 679/699/673 678/698/672
f 678/698/672 679/699/673 671/691/665 668/688/662
f 680/700/674 681/701/675 682/702/676 683/703/677
f 499/512/494 684/704/678 503/516/498
f 685/705/679 682/702/676 681/701/675 686/706/680
f 685/705/679 687/707/681 684/704/678
f 686/706/680 688/708/682 687/707/681 685/705/679
f 687/707/681 689/709/683 690/710/684 684/704/678
f 684/704/678 690/710/684 598/613/592 503/516/498
f 688/708/682 691/711/685 689/709/683 687/707/681
f 692/712/686 693/713/687 659/677/653 658/676/652
f 692/712/686 658/676/652 599/614/593 608/623/602
f 690/710/684 692/712/686 608/623/602 598/613/592
f 694/714/688 659/677/653 693/713/687
f 661/679/655 659/677/653 694/714/688 695/715/689
f 647/662/641 661/680/655 695/716/689 673/693/667
f 696/717/690 697/718/691 698/719/692 699/720/693
f 697/718/691 641/656/635 640/655/634 698/719/692
f 700/721/694 701/722/695 702/723/696 703/724/697
f 700/721/694 704/725/698 705/726/699
f 706/727/700 707/728/701 708/729/702
f 707/728/701 706/727/700 8/8/8 7/7/7
f 709/730/703 710/731/704 711/732/705 712/733/706
f 713/734/707 714/735/708 715/736/709 716/737/710
f 717/738/711 718/739/712 714/735/708 713/734/707
f 718/739/712 719/740/713 720/741/714 714/735/708
f 714/735/708 720/741/714 721/742/715 715/736/709
f 722/743/716 723/744/717 724/745/718 725/746/719
f 726/747/720 727/748/721 728/749/722 729/750/723
f 729/750/723 728/749/722 730/751/724
f 731/752/725 732/753/726 723/744/717 733/754/727
f 727/748/721 726/747/720 734/755/728
f 735/756/729 736/757/730 737/758/731
f 734/755/728 735/756/729 738/759/732
f 739/760/733 740/761/734 741/762/735 742/763/736
f 730/751/724 743/764/737 740/761/734 739/760/733
f 744/765/738 745/766/739 48/48/48 51/51/51
f 51/51/51 56/56/56 746/767/740 744/765/738
f 744/765/738 746/767/740 747/768/741 748/769/742
f 745/766/739 744/765/738 748/769/742 749/770/743
f 750/771/744 751/772/745 752/773/746
f 751/772/745 753/774/747 752/773/746
f 742/775/736 752/773/746 753/774/747 754/776/748
f 752/773/746 742/775/736 741/777/735
f 738/759/732 737/758/731 755/778/749
f 756/779/750 757/780/751 758/781/752 737/758/731
f 758/781/752 757/780/751 708/729/702 712/733/706
f 758/781/752 712/733/706 711/732/705 755/778/749
f 710/731/704 759/782/753 760/783/754 711/732/705
f 761/784/755 72/76/72 759/782/753 710/731/704
f 759/782/753 72/76/72 71/75/71 762/785/756
f 760/783/754 762/785/756 763/786/757
f 764/787/758 765/788/759 766/789/760
f 765/788/759 738/759/732 767/790/761
f 767/790/761 755/778/749 760/783/754
f 766/789/760 767/790/761 763/786/757
f 768/791/762 769/792/763 770/793/764
f 769/792/763 727/748/721 734/755/728 771/794/765
f 771/794/765 734/755/728 765/788/759
f 770/793/764 771/794/765 765/788/759 764/787/758
f 772/795/766 773/796/767 774/797/768 775/798/769
f 774/797/768 728/749/722 769/792/763
f 774/797/768 769/792/763 768/791/762
f 773/796/767 776/799/770 777/800/771 743/764/737
f 773/796/767 772/795/766 778/801/772 776/799/770
f 778/801/772 779/802/773 780/803/774
f 777/800/771 776/799/770 780/803/774 781/804/775
f 782/805/776 783/806/777 784/807/778 785/808/779
f 786/809/780 787/810/781 784/807/778 783/806/777
f 784/807/778 787/810/781 781/811/775 780/812/774
f 785/808/779 784/807/778 780/812/774 779/813/773
f 788/814/782 786/809/780 783/806/777 789/815/783
f 790/816/784 791/817/785 789/815/783
f 788/814/782 789/815/783 791/817/785
f 791/817/785 792/818/786 793/819/787 794/820/788
f 790/816/784 795/821/789 791/817/785
f 795/821/789 796/822/790 797/823/791 792/818/786
f 792/818/786 797/823/791 717/738/711 793/819/787
f 797/823/791 798/824/792 718/739/712 717/738/711
f 796/822/790 799/825/793 798/824/792 797/823/791
f 799/825/793 800/826/794 801/827/795 798/824/792
f 798/824/792 801/827/795 719/740/713 718/739/712
f 749/770/743 802/828/796 803/829/797 745/766/739
f 804/830/798 805/831/799 803/829/797 802/828/796
f 805/831/799 120/126/120 119/125/119 803/829/797
f 803/829/797 119/125/119 48/48/48 745/766/739
f 806/832/800 807/833/801 808/834/802 809/835/803
f 809/835/803 808/834/802 810/836/804 811/837/805
f 812/838/806 813/839/807 814/840/808 815/841/809
f 813/839/807 816/842/810 817/843/811 814/840/808
f 817/843/811 818/844/812 819/845/813 814/840/808
f 814/840/808 819/845/813 820/846/814 815/841/809
f 821/847/815 822/848/816 823/849/817 824/850/818
f 821/847/815 818/844/812 817/843/811 822/848/816
f 822/848/816 817/843/811 816/842/810 825/851/819
f 823/849/817 822/848/816 825/851/819 826/852/820
f 827/853/821 828/854/822 829/855/823 830/856/824
f 831/857/825 827/853/821 830/856/824 832/858/826
f 833/859/827 834/860/828 835/861/829 836/862/830
f 828/854/822 833/859/827 836/862/830 837/863/831
f 838/864/832 839/865/833 840/866/834 841/867/835
f 839/865/833 150/161/150 840/866/834
f 840/866/834 150/161/150 152/163/152 842/868/836
f 841/867/835 842/868/836 843/869/837
f 763/786/757 844/870/838 845/871/839 766/789/760
f 844/870/838 846/872/840 845/871/839
f 847/873/841 848/874/842 849/875/843
f 847/873/841 849/875/843 764/787/758 766/789/760
f 850/876/844 851/877/845 852/878/846 853/879/847
f 854/880/848 850/876/844 853/879/847 855/881/849
f 173/184/172 856/882/850 857/883/851 170/181/169
f 173/184/172 177/188/176 856/882/850
f 856/882/850 858/884/852 859/885/853 860/886/854
f 861/887/855 856/882/850 860/886/854 846/872/840
f 768/791/762 770/793/764 862/888/856
f 862/888/856 770/793/764 849/875/843
f 828/854/822 862/888/856 849/875/843 829/855/823
f 772/795/766 863/889/857 778/801/772
f 863/889/857 864/890/858 865/891/859 866/892/860
f 866/892/860 865/891/859 867/893/861
f 778/801/772 866/892/860 867/893/861 779/802/773
f 790/816/784 868/894/862 795/821/789
f 868/894/862 869/895/863 870/896/864 871/897/865
f 871/897/865 870/896/864 872/898/866 873/899/867
f 795/821/789 871/897/865 873/899/867 796/822/790
f 874/900/868 875/901/869 805/831/799 804/830/798
f 843/869/837 842/868/836 875/901/869 874/900/868
f 842/868/836 152/163/152 194/205/193 875/901/869
f 875/901/869 194/205/193 120/126/120 805/831/799
f 868/894/862 876/902/870 877/903/871
f 868/894/862 790/816/784 878/904/872 876/902/870
f 876/902/870 878/904/872 879/905/873 880/906/874
f 877/903/871 881/907/875 882/908/876
f 882/908/876 881/907/875 883/909/877
f 782/805/776 785/808/779 884/910/878
f 885/911/879 884/910/878 785/808/779 867/912/861
f 885/911/879 867/912/861 886/913/880
f 864/890/858 887/914/881 865/891/859
f 887/914/881 888/915/882 889/916/883
f 889/916/883 890/917/884 891/918/885
f 865/891/859 889/916/883 886/919/880
f 892/920/886 893/921/887 894/922/888
f 882/908/876 883/909/877 893/921/887
f 893/921/887 883/909/877 891/923/885
f 891/923/885 895/924/889 894/922/888 893/921/887
f 873/899/867 896/925/890 799/825/793 796/822/790
f 872/898/866 897/926/891 896/925/890 873/899/867
f 897/926/891 898/927/892 899/928/893 896/925/890
f 896/925/890 899/928/893 800/826/794 799/825/793
f 846/872/840 844/870/838 861/887/855
f 762/785/756 222/236/221 900/929/894
f 900/929/894 222/236/221 170/181/169 857/883/851
f 846/872/840 860/886/854 901/930/895 848/874/842
f 860/886/854 859/885/853 902/931/896 901/930/895
f 901/930/895 902/931/896 832/858/826 830/856/824
f 848/874/842 901/930/895 830/856/824 829/855/823
f 903/932/897 904/933/898 905/934/899 906/935/900
f 898/927/892 897/926/891 904/933/898 903/932/897
f 897/926/891 872/898/866 907/936/901 904/933/898
f 904/933/898 907/936/901 908/937/902 905/934/899
f 869/895/863 909/938/903 910/939/904 870/896/864
f 911/940/905 912/941/906 910/939/904 909/938/903
f 912/941/906 908/937/902 907/936/901 910/939/904
f 910/939/904 907/936/901 872/898/866 870/896/864
f 882/908/876 892/920/886 877/903/871
f 892/920/886 913/942/907 914/943/908 915/944/909
f 915/944/909 914/943/908 911/940/905 909/938/903
f 877/903/871 915/944/909 909/938/903 869/895/863
f 837/863/831 836/862/830 916/945/910 917/946/911
f 836/862/830 835/861/829 918/947/912 916/945/910
f 916/945/910 918/947/912 887/914/881
f 917/946/911 916/945/910 887/914/881 864/890/858
f 864/890/858 863/889/857 919/948/913 917/946/911
f 863/889/857 772/795/766 775/798/769 919/948/913
f 917/946/911 919/948/913 920/949/914 837/863/831
f 177/188/176 252/266/251 921/950/915 858/884/852
f 252/266/251 253/267/252 922/951/916 921/950/915
f 921/950/915 922/951/916 923/952/917 924/953/918
f 858/884/852 921/950/915 924/953/918 859/885/853
f 835/861/829 925/954/919 918/947/912
f 926/955/920 927/956/921 928/957/922
f 928/957/922 927/956/921 929/958/923
f 918/947/912 928/957/922 888/915/882
f 888/915/882 929/958/923 890/917/884
f 929/958/923 930/959/924 931/960/925
f 931/960/925 932/961/926 933/962/927
f 890/917/884 931/960/925 895/963/889
f 908/937/902 912/941/906 934/964/928 935/965/929
f 912/941/906 911/940/905 936/966/930 934/964/928
f 934/964/928 936/966/930 937/967/931 938/968/932
f 935/965/929 934/964/928 938/968/932 939/969/933
f 940/970/934 898/927/892 903/932/897 941/971/935
f 906/935/900 941/971/935 903/932/897
f 942/972/936 841/867/835 941/971/935
f 843/869/837 940/970/934 941/971/935
f 899/928/893 943/973/937 944/974/938 800/826/794
f 898/927/892 940/970/934 943/973/937 899/928/893
f 940/970/934 843/869/837 874/900/868 943/973/937
f 943/973/937 874/900/868 804/830/798 944/974/938
f 945/975/939 944/974/938 804/830/798 802/828/796
f 802/828/796 749/770/743 946/976/940 945/975/939
f 719/740/713 801/827/795 945/975/939 946/976/940
f 801/827/795 800/826/794 944/974/938 945/975/939
f 947/977/941 948/978/942 721/742/715 720/741/714
f 946/976/940 947/977/941 720/741/714 719/740/713
f 947/977/941 946/976/940 749/770/743 748/769/742
f 948/978/942 947/977/941 748/769/742 747/768/741
f 926/955/920 949/979/943 950/980/944 927/956/921
f 949/979/943 951/981/945 952/982/946 950/980/944
f 950/980/944 952/982/946 953/983/947
f 927/956/921 950/980/944 930/959/924
f 954/984/948 955/985/949 956/986/950 957/987/951
f 955/985/949 958/988/952 959/989/953 956/986/950
f 956/986/950 959/989/953 960/990/954 961/991/955
f 957/987/951 956/986/950 961/991/955 962/992/956
f 963/993/957 964/994/958 955/985/949 954/984/948
f 965/995/959 966/996/960 964/994/958 963/993/957
f 966/996/960 967/997/961 968/998/962 964/994/958
f 964/994/958 968/998/962 958/988/952 955/985/949
f 969/999/963 970/1000/964 971/1001/965 972/1002/966
f 973/1003/967 974/1004/968 975/1005/969 976/1006/970
f 976/1006/970 975/1005/969 977/1007/971 978/1008/972
f 979/1009/973 980/1010/974 970/1000/964
f 974/1004/968 973/1003/967 981/1011/975 982/1012/976
f 983/1013/977 984/1014/978 969/999/963 972/1002/966
f 702/723/696 985/1015/979 984/1014/978 983/1013/977
f 986/1016/980 987/1017/981 982/1012/976 981/1011/975
f 980/1010/974 979/1009/973 988/1018/982 989/1019/983
f 990/1020/984 756/779/750 736/757/730 991/1021/985
f 972/1002/966 992/1022/986 993/1023/987 983/1013/977
f 992/1022/986 724/745/718 723/744/717 993/1023/987
f 993/1023/987 723/744/717 732/753/726 703/724/697
f 983/1013/977 993/1023/987 703/724/697 702/723/696
f 974/1004/968 994/1024/988 995/1025/989 975/1005/969
f 994/1024/988 996/1026/990 997/1027/991 995/1025/989
f 995/1025/989 997/1027/991 998/1028/992 999/1029/993
f 975/1005/969 995/1025/989 999/1029/993 977/1007/971
f 1000/1030/994 982/1012/976 987/1017/981 1001/1031/995
f 1002/1032/996 1000/1030/994 1001/1031/995 1003/1033/997
f 1000/1030/994 1002/1032/996 996/1026/990 994/1024/988
f 994/1024/988 974/1004/968 982/1012/976 1000/1030/994
f 986/1016/980 1004/1034/998 1005/1035/999 987/1017/981
f 701/722/695 1006/1036/1000 985/1015/979 702/723/696
f 1007/1037/1001 1008/1038/1002 1009/1039/1003 1006/1036/1000
f 1010/1040/1004 1009/1039/1003 1008/1038/1002 962/1041/956
f 962/1041/956 961/1042/955 1011/1043/1005 1010/1040/1004
f 961/1042/955 960/1044/954 1012/1045/1006 1011/1043/1005
f 1003/1033/997 1001/1031/995 1011/1043/1005 1012/1045/1006
f 1005/1035/999 1011/1043/1005 1001/1031/995 987/1017/981
f 1013/1046/1007 757/780/751 756/779/750 990/1020/984
f 979/1009/973 1014/1047/1008 1015/1048/1009 988/1018/982
f 1015/1048/1009 1014/1047/1008 1016/1049/1010 1017/1050/1011
f 708/729/702 757/780/751 1013/1046/1007 1018/1051/1012
f 977/1007/971 999/1029/993 1019/1052/1013 1020/1053/1014
f 999/1029/993 998/1028/992 1021/1054/1015 1019/1052/1013
f 1019/1052/1013 1021/1054/1015 1022/1055/1016 1023/1056/1017
f 1020/1053/1014 1019/1052/1013 1023/1056/1017 1024/1057/1018
f 978/1008/972 977/1007/971 1020/1053/1014 1025/1058/1019
f 1025/1058/1019 1020/1053/1014 1024/1057/1018 1026/1059/1020
f 1014/1047/1008 1027/1060/1021 1016/1049/1010
f 385/402/384 384/401/383 1028/1061/1022
f 1029/1062/1023 380/397/379 381/398/380 1030/1063/1024
f 1027/1060/1021 1029/1062/1023 1030/1063/1024 1016/1049/1010
f 1028/1061/1022 1031/1064/1025 1026/1059/1020 1024/1057/1018
f 389/406/388 1032/1065/1026 1030/1063/1024 381/398/380
f 706/727/700 1033/1066/1027 387/404/386 8/8/8
f 706/727/700 708/729/702 1018/1051/1012 1033/1066/1027
f 1030/1063/1024 1032/1065/1026 1017/1050/1011 1016/1049/1010
f 1024/1057/1018 1023/1056/1017 1034/1067/1028 1028/1061/1022
f 1023/1056/1017 1022/1055/1016 1035/1068/1029 1034/1067/1028
f 1034/1067/1028 1035/1068/1029 393/410/392 392/409/391
f 1028/1061/1022 1034/1067/1028 392/409/391 385/402/384
f 253/267/252 399/416/398 1036/1069/1030 922/951/916
f 398/415/397 1037/1070/1031 1036/1069/1030 399/416/398
f 1036/1069/1030 1037/1070/1031 1038/1071/1032 1039/1072/1033
f 922/951/916 1036/1069/1030 1039/1072/1033 923/952/917
f 859/885/853 924/953/918 1040/1073/1034 902/931/896
f 924/953/918 923/952/917 1041/1074/1035 1040/1073/1034
f 1042/1075/1036 1043/1076/1037 1040/1073/1034 1041/1074/1035
f 902/931/896 1040/1073/1034 1043/1076/1037 832/858/826
f 1044/1077/1038 925/954/919 1045/1078/1039 1046/1079/1040
f 925/954/919 835/861/829 834/860/828 1045/1078/1039
f 831/857/825 832/858/826 1043/1076/1037
f 1046/1079/1040 1045/1078/1039 1043/1076/1037 1047/1080/1041
f 398/415/397 405/422/404 1048/1081/1042 1037/1070/1031
f 1037/1070/1031 1048/1081/1042 1049/1082/1043 1038/1071/1032
f 949/979/943 1044/1077/1038 1046/1079/1040 1050/1083/1044
f 1050/1083/1044 1046/1079/1040 1047/1080/1041 1051/1084/1045
f 1052/1085/1046 1050/1083/1044 1051/1084/1045 1053/1086/1047
f 1054/1087/1048 1055/1088/1049 1056/1089/1050
f 1054/1087/1048 1042/1075/1036 1041/1074/1035 1055/1088/1049
f 1055/1088/1049 1041/1074/1035 923/952/917 1039/1072/1033
f 1056/1089/1050 1055/1088/1049 1039/1072/1033 1038/1071/1032
f 1057/1090/1051 1053/1086/1047 1056/1089/1050 1058/1091/1052
f 1058/1091/1052 1056/1089/1050 1038/1071/1032 1049/1082/1043
f 1059/1092/1053 1060/1093/1054 1061/1094/1055 1062/1095/1056
f 1060/1093/1054 1049/1082/1043 1048/1081/1042 1061/1094/1055
f 1061/1094/1055 1048/1081/1042 405/422/404 422/439/421
f 1062/1095/1056 1061/1094/1055 422/439/421 421/438/420
f 1063/1096/1057 1064/1097/1058 1065/1098/1059 1066/1099/1060
f 1057/1090/1051 1058/1091/1052 1065/1098/1059 1064/1097/1058
f 1065/1098/1059 1058/1091/1052 1049/1082/1043 1060/1093/1054
f 1066/1099/1060 1065/1098/1059 1060/1093/1054 1059/1092/1053
f 826/852/820 825/851/819 1067/1100/1061 1068/1101/1062
f 825/851/819 816/842/810 1069/1102/1063 1067/1100/1061
f 1067/1100/1061 1069/1102/1063 1070/1103/1064 1071/1104/1065
f 1068/1101/1062 1067/1100/1061 1071/1104/1065 1072/1105/1066
f 1073/1106/1067 1074/1107/1068 1075/1108/1069 1076/1109/1070
f 1074/1107/1068 1077/1110/1071 1078/1111/1072 1075/1108/1069
f 1075/1108/1069 1078/1111/1072 1072/1105/1066 1071/1104/1065
f 1076/1109/1070 1075/1108/1069 1071/1104/1065 1070/1103/1064
f 1077/1110/1071 1074/1107/1068 1079/1112/1073 1080/1113/1074
f 1074/1107/1068 1073/1106/1067 1081/1114/1075 1079/1112/1073
f 1079/1112/1073 1081/1114/1075 443/460/442 440/457/439
f 1080/1113/1074 1079/1112/1073 440/457/439 439/456/438
f 1082/1115/1076 1083/1116/1077 1084/1117/1078 1085/1118/1079
f 1086/1119/1080 1082/1115/1076 1085/1118/1079 1087/1120/1081
f 1084/1117/1078 1088/1121/1082 1089/1122/1083 1090/1123/1084
f 1088/1121/1082 1091/1124/1085 1089/1122/1083
f 1092/1125/1086 1063/1096/1057 1093/1126/1087 1089/1122/1083
f 1089/1122/1083 1093/1126/1087 1094/1127/1088 1090/1123/1084
f 1095/1128/1089 1096/1129/1090 1097/1130/1091 1098/1131/1092
f 1096/1129/1090 1070/1103/1064 1069/1102/1063 1097/1130/1091
f 1097/1130/1091 1069/1102/1063 816/842/810 813/839/807
f 1098/1131/1092 1097/1130/1091 813/839/807 812/838/806
f 852/878/846 1099/1132/1093 1098/1131/1092 812/838/806
f 1099/1132/1093 852/878/846 851/877/845 1100/1133/1094
f 1100/1133/1094 1086/1119/1080 1087/1120/1081 1099/1132/1093
f 1098/1131/1092 1101/1134/1095 1095/1128/1089
f 1085/1118/1079 1084/1117/1078 1090/1123/1084 1102/1135/1096
f 1094/1127/1088 1103/1136/1097 1102/1135/1096 1090/1123/1084
f 1103/1136/1097 1095/1128/1089 1101/1134/1095 1102/1135/1096
f 1094/1127/1088 1093/1126/1087 1104/1137/1098 1105/1138/1099
f 1093/1126/1087 1063/1096/1057 1066/1099/1060 1104/1137/1098
f 1066/1099/1060 1059/1092/1053 1106/1139/1100 1104/1137/1098
f 1105/1138/1099 1104/1137/1098 1106/1139/1100 1107/1140/1101
f 478/493/475 477/492/474 1108/1141/1102 1109/1142/1103
f 477/492/474 443/460/442 1081/1114/1075 1108/1141/1102
f 1108/1141/1102 1081/1114/1075 1073/1106/1067 1110/1143/1104
f 1108/1141/1102 1110/1143/1104 1111/1144/1105 1109/1142/1103
f 1112/1145/1106 1113/1146/1107 1109/1142/1103 1111/1144/1105
f 1107/1140/1101 1114/1147/1108 1113/1146/1107 1112/1145/1106
f 1114/1147/1108 483/498/480 482/497/479 1113/1146/1107
f 1109/1142/1103 1113/1146/1107 482/497/479 478/493/475
f 1070/1103/1064 1096/1129/1090 1115/1148/1109 1076/1109/1070
f 1096/1129/1090 1095/1128/1089 1116/1149/1110 1115/1148/1109
f 1115/1148/1109 1116/1149/1110 1111/1144/1105 1110/1143/1104
f 1076/1109/1070 1115/1148/1109 1110/1143/1104 1073/1106/1067
f 1094/1127/1088 1105/1138/1099 1117/1150/1111 1103/1136/1097
f 1107/1140/1101 1112/1145/1106 1117/1150/1111 1105/1138/1099
f 1112/1145/1106 1111/1144/1105 1116/1149/1110 1117/1150/1111
f 1103/1136/1097 1117/1150/1111 1116/1149/1110 1095/1128/1089
f 487/502/484 1118/1151/1112 1062/1095/1056 421/438/420
f 483/498/480 1114/1147/1108 1118/1151/1112 487/502/484
f 1118/1151/1112 1114/1147/1108 1107/1140/1101 1106/1139/1100
f 1118/1151/1112 1106/1139/1100 1059/1092/1053 1062/1095/1056
f 854/1152/848 855/1153/849 1119/1154/1113 1120/1155/1114
f 1121/1156/1115 1122/1157/1116 1123/1158/1117 1124/1159/1118
f 1125/1160/1119 1122/1157/1116 1121/1156/1115 1126/1161/1120
f 1122/1157/1116 1125/1160/1119 820/1162/814 819/1163/813
f 1122/1157/1116 819/1163/813 818/1164/812 1123/1158/1117
f 1127/1165/1121 1128/1166/1122 1129/1167/1123 1130/1168/1124
f 1131/1169/1125 1132/1170/1126 1128/1166/1122 1127/1165/1121
f 1132/1170/1126 1133/1171/1127 1134/1172/1128 1128/1166/1122
f 1128/1166/1122 1134/1172/1128 1135/1173/1129 1129/1167/1123
f 1136/1174/1130 1137/1175/1131 1126/1161/1120 1121/1156/1115
f 1124/1159/1118 1138/1176/1132 1136/1174/1130 1121/1156/1115
f 1138/1176/1132 1131/1169/1125 1127/1165/1121 1136/1174/1130
f 1136/1174/1130 1127/1165/1121 1130/1168/1124 1137/1175/1131
f 1139/1177/1133 1140/1178/1134 1141/1179/1135 1142/1180/1136
f 1140/1178/1134 807/833/801 1143/1181/1137 1141/1179/1135
f 1141/1179/1135 1143/1181/1137 1133/1171/1127 1132/1170/1126
f 1142/1180/1136 1141/1179/1135 1132/1170/1126 1131/1169/1125
f 1144/1182/1138 1145/1183/1139 1146/1184/1140 1147/1185/1141
f 1145/1183/1139 1148/1186/1142 1149/1187/1143 1146/1184/1140
f 1146/1184/1140 1149/1187/1143 1007/1188/1001 705/1189/699
f 1147/1185/1141 1146/1184/1140 705/1189/699 754/776/748
f 962/992/956 1008/1190/1002 1150/1191/1144 957/987/951
f 1008/1190/1002 1007/1188/1001 1149/1187/1143 1150/1191/1144
f 1150/1191/1144 1149/1187/1143 1148/1186/1142 1151/1192/1145
f 957/987/951 1150/1191/1144 1151/1192/1145 954/984/948
f 1152/1193/1146 1153/1194/1147 1154/1195/1148 1155/1196/1149
f 794/820/788 793/819/787 1153/1194/1147 1152/1193/1146
f 793/819/787 717/738/711 713/734/707 1153/1194/1147
f 1153/1194/1147 713/734/707 716/737/710 1154/1195/1148
f 1152/1193/1146 1156/1197/1150 1157/1198/1151 794/820/788
f 1152/1193/1146 1155/1196/1149 1158/1199/1152 1156/1197/1150
f 1156/1197/1150 1158/1199/1152 1144/1182/1138 751/772/745
f 750/771/744 1157/1198/1151 1156/1197/1150 751/772/745
f 1148/1186/1142 1145/1183/1139 1159/1200/1153 1160/1201/1154
f 1145/1183/1139 1144/1182/1138 1158/1199/1152 1159/1200/1153
f 1159/1200/1153 1158/1199/1152 1155/1196/1149 1161/1202/1155
f 1160/1201/1154 1159/1200/1153 1161/1202/1155 1162/1203/1156
f 954/984/948 1151/1192/1145 1163/1204/1157 963/993/957
f 1151/1192/1145 1148/1186/1142 1160/1201/1154 1163/1204/1157
f 1163/1204/1157 1160/1201/1154 1162/1203/1156 1164/1205/1158
f 963/993/957 1163/1204/1157 1164/1205/1158 965/995/959
f 1165/1206/1159 1166/1207/1160 1154/1195/1148 716/737/710
f 1165/1206/1159 1167/1208/1161 1168/1209/1162 1166/1207/1160
f 1166/1207/1160 1168/1209/1162 1162/1203/1156 1161/1202/1155
f 1154/1195/1148 1166/1207/1160 1161/1202/1155 1155/1196/1149
f 1169/1210/1163 1170/1211/1164 1171/1212/1165 1172/1213/1166
f 967/997/961 966/996/960 1170/1211/1164 1169/1210/1163
f 966/996/960 965/995/959 1173/1214/1167 1170/1211/1164
f 1170/1211/1164 1173/1214/1167 1174/1215/1168 1171/1212/1165
f 1175/1216/1169 1176/1217/1170 715/736/709 721/742/715
f 1175/1216/1169 1177/1218/1171 1178/1219/1172 1176/1217/1170
f 1176/1217/1170 1178/1219/1172 1167/1208/1161 1165/1206/1159
f 1176/1217/1170 1165/1206/1159 716/737/710 715/736/709
f 747/768/741 1179/1220/1173 1180/1221/1174 948/978/942
f 1181/1222/1175 1182/1223/1176 1180/1221/1174 1179/1220/1173
f 1180/1221/1174 1182/1223/1176 1177/1218/1171 1175/1216/1169
f 948/978/942 1180/1221/1174 1175/1216/1169 721/742/715
f 1183/1224/1177 1184/1225/1178 1182/1223/1176 1181/1222/1175
f 1183/1224/1177 1185/1226/1179 1186/1227/1180 1184/1225/1178
f 1184/1225/1178 1186/1227/1180 1187/1228/1181 1188/1229/1182
f 1182/1223/1176 1184/1225/1178 1188/1229/1182 1177/1218/1171
f 56/56/56 571/587/566 1189/1230/1183 746/767/740
f 571/587/566 573/589/568 1190/1231/1184 1189/1230/1183
f 1189/1230/1183 1190/1231/1184 1181/1222/1175 1179/1220/1173
f 746/767/740 1189/1230/1183 1179/1220/1173 747/768/741
f 1191/1232/1185 1192/1233/1186 577/593/572 576/592/571
f 1185/1226/1179 1183/1224/1177 1192/1233/1186 1191/1232/1185
f 1183/1224/1177 1181/1222/1175 1190/1231/1184 1192/1233/1186
f 1192/1233/1186 1190/1231/1184 573/589/568 577/593/572
f 1193/1234/1187 1194/1235/1188 583/599/578 582/598/577
f 1195/1236/1189 1196/1237/1190 1194/1235/1188 1193/1234/1187
f 1196/1237/1190 1185/1226/1179 1191/1232/1185 1194/1235/1188
f 1194/1235/1188 1191/1232/1185 576/592/571 583/599/578
f 1167/1208/1161 1197/1238/1191 1198/1239/1192 1168/1209/1162
f 1197/1238/1191 1174/1215/1168 1173/1214/1167 1198/1239/1192
f 1198/1239/1192 1173/1214/1167 965/995/959 1164/1205/1158
f 1168/1209/1162 1198/1239/1192 1164/1205/1158 1162/1203/1156
f 1199/1240/1193 1200/1241/1194 1171/1212/1165 1174/1215/1168
f 1187/1228/1181 1201/1242/1195 1200/1241/1194 1199/1240/1193
f 1201/1242/1195 1202/1243/1196 1203/1244/1197 1200/1241/1194
f 1200/1241/1194 1203/1244/1197 1172/1213/1166 1171/1212/1165
f 1177/1218/1171 1188/1229/1182 1204/1245/1198 1178/1219/1172
f 1188/1229/1182 1187/1228/1181 1199/1240/1193 1204/1245/1198
f 1204/1245/1198 1199/1240/1193 1174/1215/1168 1197/1238/1191
f 1178/1219/1172 1204/1245/1198 1197/1238/1191 1167/1208/1161
f 1185/1226/1179 1196/1237/1190 1205/1246/1199 1186/1227/1180
f 1196/1237/1190 1195/1236/1189 1206/1247/1200 1205/1246/1199
f 1205/1246/1199 1206/1247/1200 1202/1243/1196 1201/1242/1195
f 1186/1227/1180 1205/1246/1199 1201/1242/1195 1187/1228/1181
f 1207/1248/1201 1133/1171/1127 1143/1181/1137 1208/1249/1202
f 1208/1249/1202 1143/1181/1137 807/833/801 806/832/800
f 1209/1250/1203 1134/1172/1128 1133/1171/1127 1207/1248/1201
f 1210/1251/1204 1135/1173/1129 1134/1172/1128 1209/1250/1203
f 1211/1252/1205 1212/1253/1206 1213/1254/1207 1214/1255/1208
f 1212/1253/1206 1215/1256/1209 1213/1254/1207
f 1213/1254/1207 939/969/933 938/968/932
f 1214/1255/1208 1213/1254/1207 938/968/932 937/967/931
f 1216/1257/1210 1212/1253/1206 1217/1258/1211 1218/1259/1212
f 1212/1253/1206 1211/1252/1205 1219/1260/1213 1217/1258/1211
f 1217/1258/1211 1219/1260/1213 1210/1251/1204 1209/1250/1203
f 1217/1258/1211 1209/1250/1203 1207/1248/1201 1218/1259/1212
f 935/965/929 1220/1261/1214 905/934/899 908/937/902
f 939/969/933 1220/1261/1214 935/965/929
f 1221/1262/1215 1222/1263/1216 1220/1261/1214
f 1220/1261/1214 906/935/900 905/934/899
f 1223/1264/1217 1224/1265/1218 1225/1266/1219 1226/1267/1220
f 1224/1265/1218 1216/1257/1210 1218/1259/1212 1225/1266/1219
f 1218/1259/1212 1207/1248/1201 1208/1249/1202 1225/1266/1219
f 1225/1266/1219 1208/1249/1202 806/832/800 1226/1267/1220
f 1215/1256/1209 1221/1262/1215 939/969/933
f 1216/1257/1210 1224/1265/1218 1227/1268/1221 1215/1256/1209
f 1224/1265/1218 1223/1264/1217 1228/1269/1222 1227/1268/1221
f 1227/1268/1221 1228/1269/1222 1229/1270/1223 1221/1262/1215
f 1229/1270/1223 1230/1271/1224 1231/1272/1225 1222/1263/1216
f 1230/1271/1224 1232/1273/1226 1233/1274/1227 1231/1272/1225
f 1231/1272/1225 1233/1274/1227 838/864/832 942/972/936
f 1222/1263/1216 942/972/936 906/935/900
f 1226/1267/1220 1234/1275/1228 1235/1276/1229 1223/1264/1217
f 1226/1267/1220 806/832/800 809/835/803 1234/1275/1228
f 1234/1275/1228 809/835/803 811/837/805 1236/1277/1230
f 1235/1276/1229 1234/1275/1228 1236/1277/1230 1237/1278/1231
f 1228/1269/1222 1238/1279/1232 1230/1271/1224 1229/1270/1223
f 1223/1264/1217 1235/1276/1229 1238/1279/1232 1228/1269/1222
f 1235/1276/1229 1237/1278/1231 1239/1280/1233 1238/1279/1232
f 1238/1279/1232 1239/1280/1233 1232/1273/1226 1230/1271/1224
f 1240/1281/1234 1241/1282/1235 1242/1283/1236 1243/1284/1237
f 632/647/626 1244/1285/1238 1241/1282/1235 1240/1281/1234
f 1244/1285/1238 1232/1273/1226 1239/1280/1233 1241/1282/1235
f 1241/1282/1235 1239/1280/1233 1237/1278/1231 1242/1283/1236
f 153/164/153 1245/1286/1239 629/644/623
f 839/865/833 838/864/832 1233/1274/1227 1245/1286/1239
f 1245/1286/1239 1233/1274/1227 1232/1273/1226 1244/1285/1238
f 629/644/623 1245/1286/1239 1244/1285/1238 632/647/626
f 1142/1180/1136 1246/1287/1240 1247/1288/1241 1139/1177/1133
f 1131/1169/1125 1138/1176/1132 1246/1287/1240 1142/1180/1136
f 1138/1176/1132 1124/1159/1118 1248/1289/1242 1246/1287/1240
f 1246/1287/1240 1248/1289/1242 1249/1290/1243 1247/1288/1241
f 821/1291/815 1250/1292/1244 1123/1158/1117 818/1164/812
f 824/1293/818 1251/1294/1245 1250/1292/1244 821/1291/815
f 1251/1294/1245 1249/1290/1243 1248/1289/1242 1250/1292/1244
f 1250/1292/1244 1248/1289/1242 1124/1159/1118 1123/1158/1117
f 1139/1177/1133 1247/1288/1241 1252/1295/1246 1253/1296/1247
f 1247/1288/1241 1249/1290/1243 1254/1297/1248 1252/1295/1246
f 1252/1295/1246 1254/1297/1248 1255/1298/1249 1256/1299/1250
f 1253/1296/1247 1252/1295/1246 1256/1299/1250
f 1256/1299/1250 1257/1300/1251 1258/1301/1252 1253/1296/1247
f 1257/1300/1251 810/836/804 808/834/802 1258/1301/1252
f 1258/1301/1252 808/834/802 807/833/801 1140/1178/1134
f 1253/1296/1247 1258/1301/1252 1140/1178/1134 1139/1177/1133
f 810/836/804 1257/1300/1251 1259/1302/1253 1260/1303/1254
f 1257/1300/1251 1256/1299/1250 1261/1304/1255 1259/1302/1253
f 1259/1302/1253 1261/1304/1255 699/720/693 1262/1305/1256
f 1260/1303/1254 1259/1302/1253 1262/1305/1256 1263/1306/1257
f 811/837/805 810/836/804 1260/1303/1254 1264/1307/1258
f 1264/1307/1258 1260/1303/1254 1263/1306/1257 1265/1308/1259
f 930/959/924 953/983/947 932/961/926
f 953/983/947 1266/1309/1260 1267/1310/1261
f 1268/1311/1262 1267/1310/1261 1269/1312/1263 1270/1313/1264
f 932/961/926 1267/1310/1261 1271/1314/1265
f 895/924/889 933/1315/927 1272/1316/1266
f 933/1315/927 1271/1317/1265 1273/1318/1267
f 1273/1318/1267 1274/1319/1268 1275/1320/1269
f 1272/1316/1266 1273/1318/1267 1275/1320/1269 913/942/907
f 911/940/905 914/943/908 1276/1321/1270 936/966/930
f 913/942/907 1275/1320/1269 1276/1321/1270 914/943/908
f 1277/1322/1271 1278/1323/1272 1276/1321/1270 1275/1320/1269
f 936/966/930 1276/1321/1270 1278/1323/1272 937/967/931
f 1214/1255/1208 1279/1324/1273 1280/1325/1274 1211/1252/1205
f 1281/1326/1275 1279/1324/1273 1214/1255/1208
f 1282/1327/1276 1279/1324/1273 1281/1326/1275 1277/1322/1271
f 1283/1328/1277 1284/1329/1278 1280/1325/1274 1285/1330/1279
f 1282/1327/1276 1286/1331/1280 1287/1332/1281 1288/1333/1282
f 1271/1317/1265 1289/1334/1283 1274/1319/1268
f 1268/1335/1262 1270/1336/1264 1290/1337/1284 1287/1332/1281
f 1290/1337/1284 1291/1338/1285 1283/1328/1277 1285/1330/1279
f 1057/1090/1051 1064/1097/1058 1292/1339/1286 1293/1340/1287
f 1064/1097/1058 1063/1096/1057 1092/1125/1086 1292/1339/1286
f 1292/1339/1286 1092/1125/1086 1091/1124/1085 1294/1341/1288
f 1293/1340/1287 1292/1339/1286 1294/1341/1288 1295/1342/1289
f 1295/1342/1289 1296/1343/1290 1293/1340/1287
f 1296/1343/1290 951/981/945 1052/1085/1046
f 1293/1340/1287 1052/1085/1046 1053/1086/1047 1057/1090/1051
f 1091/1124/1085 1088/1121/1082 1297/1344/1291
f 1083/1116/1077 1298/1345/1292 1088/1121/1082 1084/1117/1078
f 1297/1344/1291 1088/1121/1082 1298/1345/1292 1299/1346/1293
f 1300/1347/1294 1270/1313/1264 1269/1312/1263 1301/1348/1295
f 1266/1309/1260 1302/1349/1296 1269/1312/1263
f 1266/1309/1260 952/982/946 1303/1350/1297
f 1303/1350/1297 952/982/946 1296/1343/1290
f 1304/1351/1298 1303/1350/1297 1295/1342/1289
f 1295/1342/1289 1294/1341/1288 1305/1352/1299 1304/1351/1298
f 1294/1341/1288 1091/1124/1085 1297/1344/1291 1305/1352/1299
f 1305/1352/1299 1297/1344/1291 1306/1353/1300
f 1307/1354/1301 1302/1349/1296 1304/1351/1298
f 1301/1348/1295 1269/1312/1263 1302/1349/1296 1308/1355/1302
f 1302/1349/1296 1307/1354/1301 1308/1355/1302
f 1299/1346/1293 1309/1356/1303 1306/1353/1300 1297/1344/1291
f 1310/1357/1304 1137/1175/1131 1130/1168/1124 1311/1358/1305
f 1312/1359/1306 1129/1167/1123 1135/1173/1129 1313/1360/1307
f 1135/1173/1129 1210/1251/1204 1314/1361/1308 1313/1360/1307
f 1313/1360/1307 1314/1361/1308 1315/1362/1309
f 1314/1361/1308 1210/1251/1204 1219/1260/1213 1284/1329/1278
f 1284/1329/1278 1219/1260/1213 1211/1252/1205 1280/1325/1274
f 1283/1328/1277 1291/1338/1285 1316/1363/1310 1315/1362/1309
f 1317/1364/1311 1270/1313/1264 1300/1347/1294
f 1256/1299/1250 1255/1298/1249 1318/1365/1312 1261/1304/1255
f 1261/1304/1255 1318/1365/1312 696/717/690 699/720/693
f 1319/1366/1313 1242/1283/1236 1237/1278/1231 1236/1277/1230
f 1236/1277/1230 811/837/805 1264/1307/1258 1319/1366/1313
f 1319/1366/1313 1264/1307/1258 1265/1308/1259 1320/1367/1314
f 1319/1366/1313 1320/1367/1314 1243/1284/1237 1242/1283/1236
f 699/720/693 698/719/692 1321/1368/1315 1262/1305/1256
f 698/719/692 640/655/634 644/659/638 1321/1368/1315
f 1321/1368/1315 644/659/638 126/132/126 1322/1369/1316
f 1322/1369/1316 1263/1306/1257 1262/1305/1256 1321/1368/1315
f 1265/1308/1259 1263/1306/1257 1322/1369/1316 1323/1370/1317
f 1322/1369/1316 126/132/126 125/131/125 1323/1370/1317
f 1320/1367/1314 1324/1371/1318 1325/1372/1319 1243/1284/1237
f 1323/1370/1317 1324/1371/1318 1320/1367/1314 1265/1308/1259
f 1323/1370/1317 125/131/125 626/641/620 1324/1371/1318
f 1324/1371/1318 626/641/620 625/640/619 1325/1372/1319
f 628/643/622 1326/1373/1320 1325/1372/1319 625/640/619
f 621/636/615 631/646/625 1326/1373/1320 628/643/622
f 631/646/625 632/647/626 1240/1281/1234 1326/1373/1320
f 1326/1373/1320 1240/1281/1234 1243/1284/1237 1325/1372/1319
f 1327/1374/1321 1328/1375/1322 1329/1376/1323 1330/1377/1324
f 1331/1378/1325 1328/1379/1322 1327/1380/1321 1332/1381/1326
f 1333/1382/1327 1334/1383/1328 1335/1384/1329 1336/1385/1330
f 1334/1386/1328 1333/1387/1327 1337/1388/1331 1338/1389/1332
f 1338/1389/1332 1337/1388/1331 1339/1390/1333 1340/1391/1334
f 1340/1391/1334 1339/1390/1333 1341/1392/1335 1342/1393/1336
f 1343/1394/1337 1344/1395/1338 1345/1396/1339 1346/1397/1340
f 1347/1398/1341 1346/1397/1340 1345/1396/1339 1348/1399/1342
f 1349/1400/1343 1347/1398/1341 1348/1399/1342 1350/1401/1344
f 1351/1402/1345 1349/1400/1343 1350/1401/1344 1352/1403/1346
f 1353/1404/1347 1351/1402/1345 1352/1403/1346 1354/1405/1348
f 1353/1404/1347 1354/1405/1348 1336/1385/1330 1335/1384/1329
f 1355/1406/1349 1356/1407/1350 1357/1408/1351 1358/1409/1352
f 1356/1407/1350 1355/1406/1349 1344/1395/1338 1343/1394/1337
f 1359/1410/1353 1360/1411/1354 1361/1412/1355 1362/1413/1356
f 1361/1412/1355 1360/1411/1354 1358/1409/1352 1357/1408/1351
f 1331/1378/1325 1332/1381/1326 1363/1414/1357 1364/1415/1358
f 1364/1415/1358 1363/1414/1357 1365/1416/1359 1366/1417/1360
f 1366/1417/1360 1365/1416/1359 1367/1418/1361 1368/1419/1362
f 1367/1418/1361 1369/1420/1363 1370/1421/1364 1368/1419/1362
f 1370/1421/1364 1369/1420/1363 1371/1422/1365 1372/1423/1366
f 1372/1423/1366 1371/1422/1365 1373/1424/1367 1374/1425/1368
f 1342/1393/1336 1341/1392/1335 1375/1426/1369 1376/1427/1370
f 1376/1427/1370 1375/1426/1369 1377/1428/1371 1378/1429/1372
f 1379/1430/1373 1380/1431/1374 1381/1432/1375 1382/1433/1376
f 1382/1433/1376 1381/1432/1375 1383/1434/1377 1384/1435/1378
f 1385/1436/1379 1378/1429/1372 1377/1428/1371 1386/1437/1380
f 1387/1438/1381 1385/1436/1379 1386/1437/1380 1388/1439/1382
f 1389/1440/1383 1387/1438/1381 1388/1439/1382 1390/1441/1384
f 1379/1430/1373 1389/1440/1383 1390/1441/1384 1380/1431/1374
f 1391/1442/1385 1392/1443/1386 1393/1444/1387 1394/1445/1388
f 1329/1376/1323 1391/1442/1385 1394/1445/1388 1330/1377/1324
f 1395/1446/1389 1396/1447/1390 1397/1448/1391 1398/1449/1392
f 1398/1449/1392 1393/1444/1387 1392/1443/1386 1395/1446/1389
f 1399/1450/1393 1400/1451/1394 1401/1452/1395 1402/1453/1396
f 1399/1450/1393 1402/1453/1396 1397/1448/1391 1396/1447/1390
f 1403/1454/1397 1404/1455/1398 1405/1456/1399 1406/1457/1400
f 1405/1456/1399 1404/1455/1398 1407/1458/1401 1408/1459/1402
f 1409/1460/1403 1410/1461/1404 1411/1462/1405 1412/1463/1406
f 1412/1463/1406 1413/1464/1407 1414/1465/1408 1409/1460/1403
f 1415/1466/1409 1416/1467/1410 1417/1468/1411 1418/1469/1412
f 1410/1461/1404 1418/1469/1412 1417/1468/1411 1411/1462/1405
f 1419/1470/1413 1420/1471/1414 1421/1472/1415 1422/1473/1416
f 1422/1473/1416 1421/1472/1415 1423/1474/1417 1424/1475/1418
f 1425/1476/1419 1426/1477/1420 1427/1478/1421 1428/1479/1422
f 1428/1479/1422 1427/1478/1421 1420/1471/1414 1419/1470/1413
f 1414/1480/1408 1413/1481/1407 1429/1482/1423 1430/1483/1424
f 1429/1482/1423 1426/1477/1420 1425/1476/1419 1430/1483/1424
f 1423/1474/1417 1431/1484/1425 1432/1485/1426 1424/1475/1418
f 1431/1484/1425 1433/1486/1427 1434/1487/1428 1432/1485/1426
f 1434/1487/1428 1433/1486/1427 1435/1488/1429 1436/1489/1430
f 1436/1489/1430 1435/1488/1429 1359/1410/1353 1362/1413/1356
f 1437/1490/1431 1438/1491/1432 1439/1492/1433 1440/1493/1434
f 1406/1457/1400 1437/1490/1431 1440/1493/1434 1403/1454/1397
f 1441/1494/1435 1442/1495/1436 1443/1496/1437 1444/1497/1438
f 1441/1494/1435 1444/1497/1438 1439/1492/1433 1438/1491/1432
f 1445/1498/1439 1374/1425/1368 1373/1424/1367 1446/1499/1440
f 1446/1499/1440 1443/1496/1437 1442/1495/1436 1445/1498/1439
f 1447/1500/1441 1448/1501/1442 1449/1502/1443 1450/1503/1444
f 1448/1501/1442 1447/1500/1441 1416/1467/1410 1415/1466/1409
f 1451/1504/1445 1384/1435/1378 1383/1434/1377 1452/1505/1446
f 1451/1504/1445 1452/1505/1446 1453/1506/1447 1454/1507/1448
f 1455/1508/1449 1456/1509/1450 1457/1510/1451 1458/1511/1452
f 1456/1509/1450 1455/1508/1449 1450/1503/1444 1449/1502/1443
f 1459/1512/1453 1454/1507/1448 1453/1506/1447 1460/1513/1454
f 1460/1513/1454 1458/1511/1452 1457/1510/1451 1459/1512/1453
f 1461/1514/1455 1408/1515/1402 1407/1516/1401 1462/1517/1456
f 1461/1514/1455 1462/1517/1456 1463/1518/1457 1464/1519/1458
f 1465/1520/1459 1466/1521/1460 1464/1519/1458 1463/1518/1457
f 1466/1521/1460 1465/1520/1459 1467/1522/1461 1468/1523/1462
f 1468/1523/1462 1467/1522/1461 1469/1524/1463 1470/1525/1464
f 1470/1525/1464 1469/1524/1463 1401/1452/1395 1400/1451/1394
f 1336/1526/1330 1471/1527/1465 1472/1528/1466 1333/1529/1327
f 1471/1527/1465 1473/1530/1467 1474/1531/1468 1472/1528/1466
f 1472/1528/1466 1474/1531/1468 1475/1532/1469 1476/1533/1470
f 1333/1529/1327 1472/1528/1466 1476/1533/1470 1337/1534/1331
f 1477/1535/1471 1478/1536/1472 1334/1386/1328 1338/1389/1332
f 304/321/303 303/320/302 1478/1536/1472 1477/1535/1471
f 303/319/302 302/318/301 1479/1537/1473 1478/1538/1472
f 1478/1538/1472 1479/1537/1473 1335/1384/1329 1334/1383/1328
f 1480/1539/1474 1481/1540/1475 1476/1533/1470 1475/1532/1469
f 1482/1541/1476 1483/1542/1477 1481/1540/1475 1480/1539/1474
f 1483/1542/1477 1341/1543/1335 1339/1544/1333 1481/1540/1475
f 1481/1540/1475 1339/1544/1333 1337/1534/1331 1476/1533/1470
f 310/327/309 309/326/308 1484/1545/1478 1485/1546/1479
f 309/326/308 304/321/303 1477/1535/1471 1484/1545/1478
f 1484/1545/1478 1477/1535/1471 1338/1389/1332 1340/1391/1334
f 1485/1546/1479 1484/1545/1478 1340/1391/1334 1342/1393/1336
f 1344/1547/1338 1486/1548/1480 1487/1549/1481 1345/1550/1339
f 1486/1548/1480 1488/1551/1482 1489/1552/1483 1487/1549/1481
f 1487/1549/1481 1489/1552/1483 1490/1553/1484 1491/1554/1485
f 1345/1550/1339 1487/1549/1481 1491/1554/1485 1348/1555/1342
f 346/363/345 343/360/342 1492/1556/1486 1493/1557/1487
f 343/360/342 342/359/341 1494/1558/1488 1492/1556/1486
f 1492/1556/1486 1494/1558/1488 1343/1394/1337 1346/1397/1340
f 1493/1557/1487 1492/1556/1486 1346/1397/1340 1347/1398/1341
f 1495/1559/1489 1496/1560/1490 1491/1554/1485 1490/1553/1484
f 1497/1561/1491 1498/1562/1492 1496/1560/1490 1495/1559/1489
f 1496/1560/1490 1498/1562/1492 1352/1563/1346 1350/1564/1344
f 1350/1564/1344 1348/1555/1342 1491/1554/1485 1496/1560/1490
f 350/367/349 348/365/347 1499/1565/1493 1500/1566/1494
f 348/365/347 346/363/345 1493/1557/1487 1499/1565/1493
f 1499/1565/1493 1493/1557/1487 1347/1398/1341 1349/1400/1343
f 1500/1566/1494 1499/1565/1493 1349/1400/1343 1351/1402/1345
f 1501/1567/1495 1498/1562/1492 1497/1561/1491 1502/1568/1496
f 1473/1530/1467 1471/1527/1465 1501/1567/1495 1502/1568/1496
f 1471/1527/1465 1336/1526/1330 1354/1569/1348 1501/1567/1495
f 1354/1569/1348 1352/1563/1346 1498/1562/1492 1501/1567/1495
f 302/318/301 360/377/359 1503/1570/1497 1479/1537/1473
f 360/377/359 350/367/349 1500/1566/1494 1503/1570/1497
f 1503/1570/1497 1500/1566/1494 1351/1402/1345 1353/1404/1347
f 1479/1537/1473 1503/1570/1497 1353/1404/1347 1335/1384/1329
f 1358/1571/1352 1504/1572/1498 1505/1573/1499 1355/1574/1349
f 1504/1572/1498 1506/1575/1500 1507/1576/1501 1505/1573/1499
f 1505/1573/1499 1507/1576/1501 1488/1551/1482 1486/1548/1480
f 1355/1574/1349 1505/1573/1499 1486/1548/1480 1344/1547/1338
f 1508/1577/1502 1356/1407/1350 1343/1394/1337 1494/1558/1488
f 342/359/341 371/388/370 1508/1577/1502 1494/1558/1488
f 371/388/370 370/387/369 1509/1578/1503 1508/1577/1502
f 1509/1578/1503 1357/1408/1351 1356/1407/1350 1508/1577/1502
f 1510/1579/1504 1511/1580/1505 1512/1581/1506 1513/1582/1507
f 1506/1575/1500 1504/1572/1498 1512/1581/1506 1511/1580/1505
f 1358/1571/1352 1360/1583/1354 1512/1581/1506 1504/1572/1498
f 1360/1583/1354 1359/1584/1353 1513/1582/1507 1512/1581/1506
f 370/387/369 390/407/389 1514/1585/1508 1509/1578/1503
f 393/410/392 1515/1586/1509 1514/1585/1508 390/407/389
f 1362/1413/1356 1361/1412/1355 1514/1585/1508 1515/1586/1509
f 1361/1412/1355 1357/1408/1351 1509/1578/1503 1514/1585/1508
f 1516/1587/1510 1517/1588/1511 1483/1542/1477 1482/1541/1476
f 1518/1589/1512 1517/1588/1511 1516/1587/1510 1519/1590/1513
f 1518/1589/1512 1377/1591/1371 1375/1592/1369 1517/1588/1511
f 1517/1588/1511 1375/1592/1369 1341/1543/1335 1483/1542/1477
f 548/564/543 546/562/541 1520/1593/1514 1521/1594/1515
f 546/562/541 310/327/309 1485/1546/1479 1520/1593/1514
f 1342/1393/1336 1376/1427/1370 1520/1593/1514 1485/1546/1479
f 1521/1594/1515 1520/1593/1514 1376/1427/1370 1378/1429/1372
f 1522/1595/1516 1523/1596/1517 1524/1597/1518 1525/1598/1519
f 1523/1596/1517 1526/1599/1520 1527/1600/1521 1524/1597/1518
f 1524/1597/1518 1527/1600/1521 1383/1601/1377 1381/1602/1375
f 1525/1598/1519 1524/1597/1518 1381/1602/1375 1380/1603/1374
f 578/594/573 1528/1604/1522 1529/1605/1523 582/598/577
f 581/597/576 1530/1606/1524 1528/1604/1522 578/594/573
f 1530/1606/1524 1379/1430/1373 1382/1433/1376 1528/1604/1522
f 1528/1604/1522 1382/1433/1376 1384/1435/1378 1529/1605/1523
f 1531/1607/1525 1518/1589/1512 1519/1590/1513 1532/1608/1526
f 1533/1609/1527 1531/1607/1525 1532/1608/1526 1534/1610/1528
f 1388/1611/1382 1386/1612/1380 1531/1607/1525 1533/1609/1527
f 1386/1612/1380 1377/1591/1371 1518/1589/1512 1531/1607/1525
f 588/604/583 586/602/581 1535/1613/1529 1536/1614/1530
f 586/602/581 548/564/543 1521/1594/1515 1535/1613/1529
f 1535/1613/1529 1521/1594/1515 1378/1429/1372 1385/1436/1379
f 1536/1614/1530 1535/1613/1529 1385/1436/1379 1387/1438/1381
f 1537/1615/1531 1533/1609/1527 1534/1610/1528 1538/1616/1532
f 1538/1616/1532 1522/1595/1516 1525/1598/1519 1537/1615/1531
f 1537/1615/1531 1525/1598/1519 1380/1603/1374 1390/1617/1384
f 1390/1617/1384 1388/1611/1382 1533/1609/1527 1537/1615/1531
f 1539/1618/1533 1530/1606/1524 581/597/576 592/608/587
f 592/608/587 588/604/583 1536/1614/1530 1539/1618/1533
f 1539/1618/1533 1536/1614/1530 1387/1438/1381 1389/1440/1383
f 1389/1440/1383 1379/1430/1373 1530/1606/1524 1539/1618/1533
f 1540/1619/1534 1541/1620/1535 1542/1621/1536 1543/1622/1537
f 1541/1620/1535 1544/1623/1538 1545/1624/1539 1542/1621/1536
f 1542/1621/1536 1545/1624/1539 1413/1625/1407 1412/1626/1406
f 1543/1622/1537 1542/1621/1536 1412/1626/1406 1411/1627/1405
f 959/989/953 1546/1628/1540 1547/1629/1541 960/990/954
f 958/988/952 1548/1630/1542 1546/1628/1540 959/989/953
f 1410/1461/1404 1409/1460/1403 1546/1628/1540 1548/1630/1542
f 1547/1629/1541 1546/1628/1540 1409/1460/1403 1414/1465/1408
f 1549/1631/1543 1550/1632/1544 1551/1633/1545 1552/1634/1546
f 1549/1631/1543 1540/1619/1534 1543/1622/1537 1550/1632/1544
f 1550/1632/1544 1543/1622/1537 1411/1627/1405 1417/1635/1411
f 1551/1633/1545 1550/1632/1544 1417/1635/1411 1416/1636/1410
f 968/998/962 1553/1637/1547 1548/1630/1542 958/988/952
f 967/997/961 1554/1638/1548 1553/1637/1547 968/998/962
f 1554/1638/1548 1415/1466/1409 1418/1469/1412 1553/1637/1547
f 1418/1469/1412 1410/1461/1404 1548/1630/1542 1553/1637/1547
f 1420/1639/1414 1555/1640/1549 1556/1641/1550 1421/1642/1415
f 1557/1643/1551 1558/1644/1552 1556/1641/1550 1555/1640/1549
f 1558/1644/1552 1559/1645/1553 1560/1646/1554 1556/1641/1550
f 1560/1646/1554 1423/1647/1417 1421/1642/1415 1556/1641/1550
f 1561/1648/1555 1422/1473/1416 1424/1475/1418 1562/1649/1556
f 1562/1649/1556 998/1028/992 997/1027/991 1561/1648/1555
f 1561/1648/1555 997/1027/991 996/1026/990 1563/1650/1557
f 1563/1650/1557 1419/1470/1413 1422/1473/1416 1561/1648/1555
f 1564/1651/1558 1565/1652/1559 1566/1653/1560 1567/1654/1561
f 1555/1640/1549 1564/1651/1558 1567/1654/1561 1557/1643/1551
f 1555/1640/1549 1420/1639/1414 1427/1655/1421 1564/1651/1558
f 1427/1655/1421 1426/1656/1420 1565/1652/1559 1564/1651/1558
f 1002/1032/996 1568/1657/1562 1563/1650/1557 996/1026/990
f 1003/1033/997 1569/1658/1563 1568/1657/1562 1002/1032/996
f 1568/1657/1562 1569/1658/1563 1425/1476/1419 1428/1479/1422
f 1428/1479/1422 1419/1470/1413 1563/1650/1557 1568/1657/1562
f 1544/1623/1538 1570/1659/1564 1571/1660/1565 1545/1624/1539
f 1565/1652/1559 1571/1660/1565 1570/1659/1564 1566/1653/1560
f 1426/1656/1420 1429/1661/1423 1571/1660/1565 1565/1652/1559
f 1429/1661/1423 1413/1625/1407 1545/1624/1539 1571/1660/1565
f 1003/1033/997 1012/1045/1006 1572/1662/1566 1569/1658/1563
f 1547/1663/1541 1572/1662/1566 1012/1045/1006 960/1044/954
f 1414/1480/1408 1430/1483/1424 1572/1662/1566 1547/1663/1541
f 1569/1658/1563 1572/1662/1566 1430/1483/1424 1425/1476/1419
f 1559/1645/1553 1573/1664/1567 1574/1665/1568 1560/1646/1554
f 1573/1664/1567 1575/1666/1569 1576/1667/1570 1574/1665/1568
f 1574/1665/1568 1576/1667/1570 1433/1668/1427 1431/1669/1425
f 1560/1646/1554 1574/1665/1568 1431/1669/1425 1423/1647/1417
f 1021/1054/1015 1577/1670/1571 1578/1671/1572 1022/1055/1016
f 998/1028/992 1562/1649/1556 1577/1670/1571 1021/1054/1015
f 1424/1475/1418 1432/1485/1426 1577/1670/1571 1562/1649/1556
f 1577/1670/1571 1432/1485/1426 1434/1487/1428 1578/1671/1572
f 1575/1666/1569 1579/1672/1573 1580/1673/1574 1576/1667/1570
f 1579/1672/1573 1510/1579/1504 1513/1582/1507 1580/1673/1574
f 1580/1673/1574 1513/1582/1507 1359/1584/1353 1435/1674/1429
f 1576/1667/1570 1580/1673/1574 1435/1674/1429 1433/1668/1427
f 1035/1068/1029 1581/1675/1575 1515/1586/1509 393/410/392
f 1022/1055/1016 1578/1671/1572 1581/1675/1575 1035/1068/1029
f 1578/1671/1572 1434/1487/1428 1436/1489/1430 1581/1675/1575
f 1581/1675/1575 1436/1489/1430 1362/1413/1356 1515/1586/1509
f 1582/1676/1576 1447/1677/1441 1450/1678/1444 1583/1679/1577
f 1584/1680/1578 1582/1676/1576 1583/1679/1577 1585/1681/1579
f 1552/1634/1546 1551/1633/1545 1582/1676/1576 1584/1680/1578
f 1447/1677/1441 1582/1676/1576 1551/1633/1545 1416/1636/1410
f 1415/1466/1409 1554/1638/1548 1586/1682/1580 1448/1501/1442
f 1554/1638/1548 967/997/961 1169/1210/1163 1586/1682/1580
f 1586/1682/1580 1169/1210/1163 1172/1213/1166 1587/1683/1581
f 1448/1501/1442 1586/1682/1580 1587/1683/1581 1449/1502/1443
f 1527/1600/1521 1588/1684/1582 1452/1685/1446 1383/1601/1377
f 1526/1599/1520 1589/1686/1583 1588/1684/1582 1527/1600/1521
f 1589/1686/1583 1590/1687/1584 1591/1688/1585 1588/1684/1582
f 1588/1684/1582 1591/1688/1585 1453/1689/1447 1452/1685/1446
f 1454/1507/1448 1592/1690/1586 1593/1691/1587 1451/1504/1445
f 1592/1690/1586 1195/1236/1189 1193/1234/1187 1593/1691/1587
f 1593/1691/1587 1193/1234/1187 582/598/577 1529/1605/1523
f 1451/1504/1445 1593/1691/1587 1529/1605/1523 1384/1435/1378
f 1594/1692/1588 1595/1693/1589 1455/1694/1449 1458/1695/1452
f 1596/1696/1590 1595/1693/1589 1594/1692/1588 1597/1697/1591
f 1585/1681/1579 1583/1679/1577 1595/1693/1589 1596/1696/1590
f 1595/1693/1589 1583/1679/1577 1450/1678/1444 1455/1694/1449
f 1449/1502/1443 1587/1683/1581 1598/1698/1592 1456/1509/1450
f 1587/1683/1581 1172/1213/1166 1203/1244/1197 1598/1698/1592
f 1598/1698/1592 1203/1244/1197 1202/1243/1196 1599/1699/1593
f 1456/1509/1450 1598/1698/1592 1599/1699/1593 1457/1510/1451
f 1590/1687/1584 1600/1700/1594 1601/1701/1595 1591/1688/1585
f 1597/1697/1591 1594/1692/1588 1601/1701/1595 1600/1700/1594
f 1601/1701/1595 1594/1692/1588 1458/1695/1452 1460/1702/1454
f 1591/1688/1585 1601/1701/1595 1460/1702/1454 1453/1689/1447
f 1206/1247/1200 1602/1703/1596 1599/1699/1593 1202/1243/1196
f 1195/1236/1189 1592/1690/1586 1602/1703/1596 1206/1247/1200
f 1592/1690/1586 1454/1507/1448 1459/1512/1453 1602/1703/1596
f 1602/1703/1596 1459/1512/1453 1457/1510/1451 1599/1699/1593
f 1603/1704/1597 1604/1705/1598 1327/1374/1321 1330/1377/1324
f 1604/1706/1598 1605/1707/1599 1332/1381/1326 1327/1380/1321
f 1606/1708/1600 1607/1709/1601 1328/1379/1322 1331/1378/1325
f 1606/1708/1600 140/149/140 136/152/136 1607/1709/1601
f 1607/1710/1601 136/145/136 139/148/139 1608/1711/1602
f 1328/1375/1322 1607/1710/1601 1608/1711/1602 1329/1376/1323
f 1609/1712/1603 1365/1416/1359 1363/1414/1357 1610/1713/1604
f 1610/1713/1604 1363/1414/1357 1332/1381/1326 1605/1707/1599
f 427/444/426 1611/1714/1605 1612/1715/1606 429/446/428
f 427/444/426 140/149/140 1606/1708/1600 1611/1714/1605
f 1611/1714/1605 1606/1708/1600 1331/1378/1325 1364/1415/1358
f 1611/1714/1605 1364/1415/1358 1366/1417/1360 1612/1715/1606
f 1613/1716/1607 1369/1420/1363 1367/1418/1361 1614/1717/1608
f 1614/1717/1608 1367/1418/1361 1365/1416/1359 1609/1712/1603
f 438/455/437 437/454/436 1615/1718/1609 1616/1719/1610
f 437/454/436 429/446/428 1612/1715/1606 1615/1718/1609
f 1612/1715/1606 1366/1417/1360 1368/1419/1362 1615/1718/1609
f 1616/1719/1610 1615/1718/1609 1368/1419/1362 1370/1421/1364
f 1373/1424/1367 1371/1422/1365 1617/1720/1611 1618/1721/1612
f 1371/1422/1365 1369/1420/1363 1613/1716/1607 1617/1720/1611
f 1619/1722/1613 1620/1723/1614 439/456/438 442/459/441
f 442/459/441 438/455/437 1616/1719/1610 1619/1722/1613
f 1619/1722/1613 1616/1719/1610 1370/1421/1364 1372/1423/1366
f 1372/1423/1366 1374/1425/1368 1620/1723/1614 1619/1722/1613
f 1621/1724/1615 1622/1725/1616 1394/1445/1388 1393/1444/1387
f 1622/1725/1616 1603/1704/1597 1330/1377/1324 1394/1445/1388
f 1329/1376/1323 1608/1711/1602 1623/1726/1617 1391/1442/1385
f 1608/1711/1602 139/148/139 638/653/632 1623/1726/1617
f 638/653/632 635/650/629 1624/1727/1618 1623/1726/1617
f 1623/1726/1617 1624/1727/1618 1392/1443/1386 1391/1442/1385
f 1621/1724/1615 1393/1444/1387 1398/1449/1392 1625/1728/1619
f 1625/1728/1619 1398/1449/1392 1397/1448/1391 1626/1729/1620
f 635/650/629 642/657/636 1627/1730/1621 1624/1727/1618
f 642/657/636 641/656/635 1628/1731/1622 1627/1730/1621
f 1627/1730/1621 1628/1731/1622 1396/1447/1390 1395/1446/1389
f 1624/1727/1618 1627/1730/1621 1395/1446/1389 1392/1443/1386
f 1626/1729/1620 1397/1448/1391 1402/1453/1396 1629/1732/1623
f 1629/1732/1623 1402/1453/1396 1401/1452/1395 1630/1733/1624
f 641/656/635 697/718/691 1631/1734/1625 1628/1731/1622
f 697/718/691 696/717/690 1632/1735/1626 1631/1734/1625
f 1631/1734/1625 1632/1735/1626 1400/1451/1394 1399/1450/1393
f 1628/1731/1622 1631/1734/1625 1399/1450/1393 1396/1447/1390
f 1633/1736/1627 1407/1458/1401 1404/1455/1398 1634/1737/1628
f 1634/1737/1628 1404/1455/1398 1403/1454/1397 1635/1738/1629
f 823/849/817 1636/1739/1630 1637/1740/1631 824/850/818
f 826/852/820 1638/1741/1632 1636/1739/1630 823/849/817
f 1636/1739/1630 1638/1741/1632 1406/1457/1400 1405/1456/1399
f 1636/1739/1630 1405/1456/1399 1408/1459/1402 1637/1740/1631
f 1639/1742/1633 1635/1738/1629 1403/1454/1397 1440/1493/1434
f 1640/1743/1634 1639/1742/1633 1440/1493/1434 1439/1492/1433
f 1068/1101/1062 1641/1744/1635 1638/1741/1632 826/852/820
f 1642/1745/1636 1641/1744/1635 1068/1101/1062 1072/1105/1066
f 1641/1744/1635 1642/1745/1636 1438/1491/1432 1437/1490/1431
f 1638/1741/1632 1641/1744/1635 1437/1490/1431 1406/1457/1400
f 1643/1746/1637 1640/1743/1634 1439/1492/1433 1444/1497/1438
f 1644/1747/1638 1643/1746/1637 1444/1497/1438 1443/1496/1437
f 1078/1111/1072 1645/1748/1639 1642/1745/1636 1072/1105/1066
f 1077/1110/1071 1646/1749/1640 1645/1748/1639 1078/1111/1072
f 1645/1748/1639 1646/1749/1640 1442/1495/1436 1441/1494/1435
f 1645/1748/1639 1441/1494/1435 1438/1491/1432 1642/1745/1636
f 1647/1750/1641 1644/1747/1638 1443/1496/1437 1446/1499/1440
f 1618/1721/1612 1647/1750/1641 1446/1499/1440 1373/1424/1367
f 1080/1113/1074 1648/1751/1642 1646/1749/1640 1077/1110/1071
f 1620/1723/1614 1648/1751/1642 1080/1113/1074 439/456/438
f 1648/1751/1642 1620/1723/1614 1374/1425/1368 1445/1498/1439
f 1445/1498/1439 1442/1495/1436 1646/1749/1640 1648/1751/1642
f 1649/1752/1643 1463/1518/1457 1462/1517/1456 1650/1753/1644
f 1650/1753/1644 1462/1517/1456 1407/1516/1401 1633/1754/1627
f 1251/1294/1245 1651/1755/1645 1652/1756/1646 1249/1290/1243
f 1251/1294/1245 824/1293/818 1637/1757/1631 1651/1755/1645
f 1651/1755/1645 1637/1757/1631 1408/1515/1402 1461/1514/1455
f 1461/1514/1455 1464/1519/1458 1652/1756/1646 1651/1755/1645
f 1649/1752/1643 1653/1758/1647 1465/1520/1459 1463/1518/1457
f 1653/1758/1647 1654/1759/1648 1467/1522/1461 1465/1520/1459
f 1468/1523/1462 1655/1760/1649 1656/1761/1650 1466/1521/1460
f 1655/1760/1649 1255/1298/1249 1254/1297/1248 1656/1761/1650
f 1656/1761/1650 1254/1297/1248 1249/1290/1243 1652/1756/1646
f 1466/1521/1460 1656/1761/1650 1652/1756/1646 1464/1519/1458
f 1657/1762/1651 1630/1733/1624 1401/1452/1395 1469/1524/1463
f 1654/1759/1648 1657/1762/1651 1469/1524/1463 1467/1522/1461
f 1318/1365/1312 1658/1763/1652 1632/1735/1626 696/717/690
f 1255/1298/1249 1655/1760/1649 1658/1763/1652 1318/1365/1312
f 1655/1760/1649 1468/1523/1462 1470/1525/1464 1658/1763/1652
f 1658/1763/1652 1470/1525/1464 1400/1451/1394 1632/1735/1626
f 604/619/598 601/616/595 274/288/273
f 274/288/273 603/618/597 272/286/271
f 655/673/649 654/672/648 272/286/271 603/618/597
f 654/672/648 649/664/643 215/228/214
f 215/228/214 650/665/644 213/226/212
f 213/1764/212 650/671/644 201/214/200 204/217/203
f 655/673/649 651/666/645 649/664/643
f 649/664/643 653/668/647 650/665/644
f 655/673/649 603/618/597 600/615/594
f 156/167/156 278/292/277 154/165/154
f 157/168/157 154/165/154 278/292/277 277/291/276
f 193/204/192 157/168/157 277/291/276 282/296/281
f 193/204/192 118/124/118 117/123/117
f 230/244/229 270/284/269 234/248/233
f 238/252/237 235/249/234 234/248/233 270/284/269
f 236/250/235 235/249/234 190/201/189 187/198/186
f 236/250/235 187/198/186 186/197/185
f 218/232/217 186/197/185 189/200/188 216/230/215
f 218/232/217 216/230/215 217/231/216
f 271/285/270 274/288/273 269/283/268
f 269/283/268 273/287/272 238/252/237
f 211/224/210 214/227/213 200/212/199 197/208/196
f 195/206/194 237/251/236 211/224/210 197/208/196
f 204/217/203 210/223/209 214/229/213 213/1764/212
f 210/223/209 209/222/208 208/221/207
f 208/221/207 207/220/206 246/260/245
f 555/571/550 1659/1765/1653 530/546/525 529/545/524
f 554/570/549 1660/1766/1654 1659/1765/1653 555/571/550
f 1660/1766/1654 554/570/549 1661/1767/1655
f 288/302/287 1661/1767/1655 54/54/54
f 54/54/54 1661/1767/1655 559/575/554
f 559/575/554 1661/1767/1655 554/570/549 553/569/548
f 561/577/556 553/569/548 557/573/552 569/585/564
f 561/577/556 569/585/564 568/584/563
f 568/584/563 569/585/564 564/580/559
f 1660/1766/1654 1661/1767/1655 288/302/287 22/22/22
f 1659/1765/1653 1660/1766/1654 22/22/22 20/20/20
f 530/546/525 1659/1765/1653 20/20/20 18/18/18
f 528/544/523 530/546/525 18/18/18 524/540/519
f 525/541/520 528/544/523 524/540/519 1662/1768/1656
f 525/541/520 1662/1768/1656 1663/1769/1657 532/548/527
f 60/62/60 59/61/59 532/548/527 1663/1769/1657
f 83/87/83 78/82/78 27/27/27 24/24/24
f 86/90/86 83/87/83 24/24/24 23/23/23
f 92/96/92 86/90/86 23/23/23 41/41/41
f 92/96/92 41/41/41 40/40/40
f 61/67/61 40/40/40 42/42/42 1664/1770/1658
f 62/64/62 61/63/61 1664/1771/1658 1665/1772/1659
f 62/64/62 1665/1772/1659 1666/1773/1660 533/549/528
f 533/549/528 1666/1773/1660 1667/1774/1661 103/109/103
f 1668/1775/1662 69/73/69 74/78/74 1669/1776/1663
f 181/192/180 208/221/207 182/193/181
f 208/221/207 246/260/245 182/193/181
f 182/193/181 246/260/245 1670/1777/1664
f 245/259/244 244/258/243 1670/1777/1664 246/260/245
f 246/260/245 247/261/246 245/259/244
f 245/259/244 247/261/246 179/190/178 79/83/79
f 209/222/208 210/223/209 204/217/203 203/216/202
f 209/222/208 241/255/240 207/220/206
f 241/255/240 209/222/208 203/216/202 206/219/205
f 242/256/241 241/255/240 206/219/205 1671/1778/1665
f 243/257/242 242/256/241 1671/1778/1665 254/268/253
f 1672/1779/1666 404/421/403 243/257/242 254/268/253
f 412/429/411 402/419/401 404/421/403 1672/1779/1666
f 650/671/644 264/278/263 201/214/200
f 202/215/201 201/214/200 264/278/263 262/276/261
f 205/218/204 202/215/201 262/276/261 257/271/256
f 1671/1778/1665 255/269/254 254/268/253
f 1671/1778/1665 206/219/205 205/218/204 255/269/254
f 205/218/204 257/271/256 255/269/254
f 255/269/254 259/273/258 256/270/255
f 147/158/147 243/257/242 148/159/148
f 247/261/246 180/191/179 179/190/178
f 178/189/177 80/84/80 179/190/178 180/191/179
f 77/81/77 80/84/80 76/80/76 75/79/75
f 76/80/76 1669/1776/1663 74/78/74
f 207/220/206 240/254/239 247/261/246
f 84/88/84 91/95/91 82/86/82
f 85/89/85 244/258/243 79/83/79 78/82/78
f 240/254/239 242/256/241 147/158/147
f 256/270/255 259/273/258 261/275/260 289/303/288
f 256/270/255 289/303/288 412/429/411
f 412/429/411 1672/1779/1666 256/270/255
f 401/418/400 149/160/149 148/159/148
f 79/83/79 80/84/80 77/81/77
f 85/89/85 82/86/82 244/258/243
f 183/194/182 182/193/181 184/195/183
f 1670/1777/1664 185/196/184 184/195/183 182/193/181
f 185/196/184 244/258/243 82/86/82
f 185/196/184 1670/1777/1664 244/258/243
f 523/539/518 108/114/108 103/109/103 1667/1774/1661
f 1673/1780/1667 109/115/109 108/114/108 523/539/518
f 1674/1781/1668 114/120/114 109/115/109 1673/1780/1667
f 285/299/284 113/119/113 114/120/114 1674/1781/1668
f 43/43/43 47/47/47 42/42/42
f 93/97/93 64/68/64 95/102/95 89/93/89
f 93/97/93 89/93/89 88/92/88
f 42/42/42 47/47/47 1664/1770/1658
f 230/244/229 229/243/228 609/624/603
f 609/624/603 611/626/605 612/627/606
f 280/294/279 217/231/216 110/116/110 283/297/282
f 284/298/283 115/121/115 280/294/279 283/297/282
f 153/164/153 155/166/155 154/165/154
f 155/166/155 153/164/153 629/644/623
f 153/164/153 839/865/833 1245/1286/1239
f 150/161/150 154/165/154 151/162/151
f 839/865/833 153/164/153 150/161/150
f 118/124/118 282/296/281 281/295/280
f 219/233/218 281/295/280 275/289/274 225/239/224
f 219/233/218 225/239/224 220/234/219
f 232/246/231 220/234/219 227/241/226 231/245/230
f 232/246/231 231/245/230 233/247/232
f 193/204/192 282/296/281 118/124/118
f 229/243/228 228/242/227 611/626/605
f 1213/1254/1207 1215/1256/1209 939/969/933
f 939/969/933 1221/1262/1215 1220/1261/1214
f 1220/1261/1214 1222/1263/1216 906/935/900
f 906/935/900 942/972/936 941/971/935
f 941/971/935 841/867/835 843/869/837
f 1212/1253/1206 1216/1257/1210 1215/1256/1209
f 1215/1256/1209 1227/1268/1221 1221/1262/1215
f 1221/1262/1215 1229/1270/1223 1222/1263/1216
f 1222/1263/1216 1231/1272/1225 942/972/936
f 942/972/936 838/864/832 841/867/835
f 841/867/835 840/866/834 842/868/836
f 1281/1326/1275 1214/1255/1208 937/967/931 1278/1323/1272
f 1281/1326/1275 1278/1323/1272 1277/1322/1271
f 1286/1331/1280 1282/1327/1276 1277/1322/1271 1274/1319/1268
f 1287/1332/1281 1286/1331/1280 1289/1334/1283 1268/1335/1262
f 1302/1349/1296 1303/1350/1297 1304/1351/1298
f 1303/1350/1297 1302/1349/1296 1266/1309/1260
f 1266/1309/1260 1269/1312/1263 1267/1310/1261
f 1267/1310/1261 1289/1782/1283 1271/1314/1265
f 953/983/947 1267/1310/1261 932/961/926
f 932/961/926 1271/1314/1265 933/962/927
f 930/959/924 932/961/926 931/960/925
f 931/960/925 933/962/927 895/963/889
f 895/924/889 1272/1316/1266 894/922/888
f 913/942/907 892/920/886 894/922/888 1272/1316/1266
f 892/920/886 915/944/909 877/903/871
f 877/903/871 869/895/863 868/894/862
f 933/1315/927 1273/1318/1267 1272/1316/1266
f 868/894/862 871/897/865 795/821/789
f 888/915/882 890/917/884 889/916/883
f 889/916/883 891/918/885 886/919/880
f 885/911/879 886/913/880 883/909/877 1675/1783/1669
f 885/911/879 1675/1783/1669 884/910/878
f 782/805/776 1675/1783/1669 880/906/874 879/905/873
f 884/910/878 1675/1783/1669 782/805/776
f 782/805/776 879/905/873 783/806/777
f 928/957/922 929/958/923 888/915/882
f 926/955/920 928/957/922 925/954/919 1044/1077/1038
f 926/955/920 1044/1077/1038 949/979/943
f 951/981/945 949/979/943 1050/1083/1044 1052/1085/1046
f 952/982/946 1266/1309/1260 953/983/947
f 1289/1334/1283 1286/1331/1280 1274/1319/1268
f 1271/1317/1265 1274/1319/1268 1273/1318/1267
f 1282/1327/1276 1288/1333/1282 1279/1324/1273
f 1274/1319/1268 1277/1322/1271 1275/1320/1269
f 879/905/873 878/904/872 789/815/783 783/806/777
f 789/815/783 878/904/872 790/816/784
f 929/958/923 931/960/925 890/917/884
f 890/917/884 895/963/889 891/918/885
f 883/909/877 886/913/880 891/923/885
f 927/956/921 930/959/924 929/958/923
f 952/982/946 951/981/945 1296/1343/1290
f 1296/1343/1290 1052/1085/1046 1293/1340/1287
f 1303/1350/1297 1296/1343/1290 1295/1342/1289
f 877/903/871 876/902/870 881/907/875
f 1675/1783/1669 883/909/877 881/907/875 880/906/874
f 893/921/887 892/920/886 882/908/876
f 785/808/779 779/813/773 867/912/861
f 865/891/859 886/919/880 867/893/861
f 887/914/881 889/916/883 865/891/859
f 991/1021/985 736/757/730 725/746/719
f 735/756/729 737/758/731 738/759/732
f 738/759/732 755/778/749 767/790/761
f 767/790/761 760/783/754 763/786/757
f 844/870/838 763/786/757 762/785/756 900/929/894
f 861/887/855 844/870/838 900/929/894 857/883/851
f 861/887/855 857/883/851 856/882/850
f 1666/1773/1660 1662/1768/1656 1667/1774/1661
f 523/539/518 1667/1774/1661 1662/1768/1656 524/540/519
f 502/515/497 682/702/676 685/705/679 499/512/494
f 682/702/676 502/515/497 508/521/503 683/703/677
f 494/507/489 493/506/488 683/703/677 508/521/503
f 69/73/69 1668/1775/1662 1676/1784/1670 16/16/16
f 761/784/755 13/13/13 16/16/16 1676/1784/1670
f 710/731/704 709/730/703 13/13/13 761/784/755
f 164/175/164 1669/1776/1663 76/80/76 81/85/81
f 163/174/163 1668/1775/1662 1669/1776/1663 164/175/164
f 1668/1775/1662 163/174/163 70/74/70 73/77/73
f 1668/1775/1662 73/77/73 1676/1784/1670
f 1676/1784/1670 73/77/73 72/76/72 761/784/755
f 725/746/719 724/745/718 991/1021/985
f 991/1021/985 724/745/718 992/1022/986
f 988/1018/982 1015/1048/1009 1013/1046/1007 990/1020/984
f 1017/1050/1011 1018/1051/1012 1013/1046/1007 1015/1048/1009
f 1033/1066/1027 1018/1051/1012 1017/1050/1011 1032/1065/1026
f 387/404/386 1033/1066/1027 1032/1065/1026 389/406/388
f 387/404/386 389/406/388 388/405/387 386/403/385
f 365/382/364 386/403/385 388/405/387 362/379/361
f 42/42/42 41/41/41 43/43/43
f 43/43/43 26/26/26 33/33/33
f 33/33/33 26/26/26 25/25/25 30/30/30
f 33/33/33 30/30/30 31/31/31
f 30/30/30 29/29/29 333/350/332
f 331/348/330 333/350/332 29/29/29 35/35/35
f 47/47/47 43/43/43 45/45/45
f 45/45/45 43/43/43 33/33/33 32/32/32
f 338/355/337 32/32/32 31/31/31 30/30/30
f 1664/1771/1658 58/59/58 60/62/60 1665/1772/1659
f 47/47/47 46/46/46 58/58/58 1664/1770/1658
f 1666/1773/1660 1665/1772/1659 60/62/60
f 1662/1768/1656 1666/1773/1660 1663/1769/1657
f 1663/1769/1657 1666/1773/1660 60/62/60
f 1/1/1 46/46/46 44/44/44 2/2/2
f 332/349/331 339/356/338 338/355/337
f 2/2/2 44/44/44 5/5/5
f 5/5/5 32/32/32 338/355/337
f 44/44/44 32/32/32 5/5/5
f 6/6/6 341/358/340 3/3/3
f 4/4/4 3/3/3 359/376/358 358/375/357
f 517/531/512 4/4/4 358/375/357 522/538/517
f 517/530/512 522/537/517 521/536/516 516/529/511
f 364/381/363 334/351/333 34/34/34 65/69/65
f 709/730/703 707/728/701 14/14/14 13/13/13
f 712/733/706 708/729/702 707/728/701 709/730/703
f 1014/1047/1008 979/1009/973 1677/1785/1671 1678/1786/1672
f 1027/1060/1021 1014/1047/1008 1678/1786/1672 1026/1059/1020
f 1027/1060/1021 1026/1059/1020 1031/1064/1025 1029/1062/1023
f 1029/1062/1023 1031/1064/1025 1679/1787/1673 380/397/379
f 379/396/378 380/397/379 1679/1787/1673 383/400/382
f 379/396/378 383/400/382 375/392/374
f 372/389/371 375/392/374 377/394/376 376/393/375
f 315/332/314 372/389/371 376/393/375 318/335/317
f 311/328/310 315/332/314 318/335/317 317/334/316
f 312/329/311 311/328/310 317/334/316 321/338/320
f 326/343/325 312/329/311 321/338/320 327/344/326
f 323/340/322 326/343/325 327/344/326 329/346/328
f 363/380/362 362/379/361 374/391/373 373/390/372
f 335/352/334 363/380/362 373/390/372 316/333/315
f 336/353/335 335/352/334 316/333/315 314/331/313
f 337/354/336 336/353/335 314/331/313 313/330/312
f 340/357/339 337/354/336 313/330/312 325/342/324
f 341/358/340 340/357/339 325/342/324 324/341/323
f 3/3/3 341/358/340 324/341/323 359/376/358
f 990/1020/984 991/1021/985 1680/1788/1674
f 971/1001/965 1680/1788/1674 992/1022/986 972/1002/966
f 980/1010/974 989/1019/983 971/1001/965
f 988/1018/982 990/1020/984 1680/1788/1674 989/1019/983
f 989/1019/983 1680/1788/1674 971/1001/965
f 739/760/733 742/763/736 754/1789/748 1681/1790/1675
f 739/760/733 1681/1790/1675 1682/1791/1676
f 1682/1791/1676 1681/1790/1675 1683/1792/1677
f 1683/1792/1677 1681/1790/1675 754/1789/748 705/726/699
f 1684/1793/1678 700/721/694 705/726/699 1007/1037/1001
f 700/721/694 1684/1793/1678 701/722/695
f 1006/1036/1000 1009/1039/1003 1004/1034/998
f 1006/1036/1000 701/722/695 1684/1793/1678
f 1006/1036/1000 1684/1793/1678 1007/1037/1001
f 992/1022/986 1680/1788/1674 991/1021/985
f 980/1010/974 971/1001/965 970/1000/964
f 985/1015/979 1006/1036/1000 1004/1034/998 986/1016/980
f 981/1011/975 984/1014/978 985/1015/979 986/1016/980
f 973/1003/967 969/999/963 984/1014/978 981/1011/975
f 969/999/963 973/1003/967 976/1006/970 970/1000/964
f 970/1000/964 1677/1785/1671 979/1009/973
f 1677/1785/1671 970/1000/964 976/1006/970 978/1008/972
f 1677/1785/1671 978/1008/972 1025/1058/1019 1678/1786/1672
f 1678/1786/1672 1025/1058/1019 1026/1059/1020
f 765/788/759 767/790/761 766/789/760
f 734/755/728 738/759/732 765/788/759
f 726/747/720 735/756/729 734/755/728
f 845/871/839 846/872/840 848/874/842 847/873/841
f 845/871/839 847/873/841 766/789/760
f 1682/1791/1676 732/753/726 731/752/725 739/760/733
f 703/724/697 704/725/698 700/721/694
f 703/724/697 732/753/726 1682/1791/1676 1683/1792/1677
f 703/724/697 1683/1792/1677 704/725/698
f 704/725/698 1683/1792/1677 705/726/699
f 520/535/515 522/537/517 518/534/513 519/533/514
f 540/556/535 520/535/515 519/533/514 538/554/533
f 541/557/536 540/556/535 538/554/533 539/555/534
f 541/557/536 539/555/534 585/601/580
f 539/555/534 551/567/546 585/601/580
f 585/601/580 551/567/546 550/566/545
f 323/340/322 353/370/352 356/373/355
f 356/373/355 353/370/352 355/372/354
f 357/374/356 355/372/354 518/532/513
f 539/555/534 305/322/304 551/567/546
f 354/371/353 353/370/352 352/369/351 300/315/299
f 354/371/353 300/315/299 297/314/296
f 355/372/354 357/374/356 356/373/355
f 323/340/322 329/346/328 353/370/352
f 561/577/556 568/584/563 558/574/553
f 287/301/286 52/52/52 53/53/53 286/300/285
f 21/21/21 287/301/286 286/300/285 285/299/284
f 1674/1781/1668 19/19/19 21/21/21 285/299/284
f 1673/1780/1667 17/17/17 19/19/19 1674/1781/1668
f 17/17/17 1673/1780/1667 523/539/518
f 736/757/730 735/756/729 725/746/719
f 733/754/727 723/744/717 722/743/716
f 725/746/719 735/756/729 726/747/720
f 760/783/754 759/782/753 762/785/756
f 755/778/749 711/732/705 760/783/754
f 737/758/731 758/781/752 755/778/749
f 736/757/730 756/779/750 737/758/731
f 762/785/756 71/75/71 222/236/221
f 1054/1087/1048 1056/1089/1050 1053/1086/1047 1051/1084/1045
f 1042/1075/1036 1054/1087/1048 1051/1084/1045 1047/1080/1041
f 1042/1075/1036 1047/1080/1041 1043/1076/1037
f 831/857/825 1043/1076/1037 1045/1078/1039 834/860/828
f 827/853/821 831/857/825 834/860/828 833/859/827
f 827/853/821 833/859/827 828/854/822
f 862/888/856 828/854/822 837/863/831 920/949/914
f 862/888/856 920/949/914 768/791/762
f 919/948/913 775/798/769 768/791/762 920/949/914
f 768/791/762 775/798/769 774/797/768
f 774/797/768 743/764/737 728/749/722
f 728/749/722 743/764/737 730/751/724
f 780/803/774 776/799/770 778/801/772
f 876/902/870 880/906/874 881/907/875
f 795/821/789 792/818/786 791/817/785
f 791/817/785 1157/1198/1151 788/814/782
f 788/814/782 1157/1198/1151 786/809/780
f 774/797/768 773/796/767 743/764/737
f 743/764/737 777/800/771 740/761/734
f 781/804/775 741/762/735 740/761/734 777/800/771
f 787/810/781 752/773/746 741/777/735 781/811/775
f 750/771/744 752/773/746 787/810/781 786/809/780
f 750/771/744 786/809/780 1157/1198/1151
f 1144/1182/1138 1147/1185/1141 753/774/747 751/772/745
f 753/774/747 1147/1185/1141 754/776/748
f 791/817/785 794/820/788 1157/1198/1151
f 725/746/719 726/747/720 722/743/716
f 722/743/716 726/747/720 733/754/727
f 731/752/725 733/754/727 729/750/723 730/751/724
f 731/752/725 730/751/724 739/760/733
f 726/747/720 729/750/723 733/754/727
f 15/15/15 10/10/10 12/12/12 68/72/68
f 14/14/14 7/7/7 10/10/10 15/15/15
f 7/7/7 14/14/14 707/728/701
f 728/749/722 727/748/721 769/792/763
f 769/792/763 771/794/765 770/793/764
f 770/793/764 764/787/758 849/875/843
f 848/874/842 829/855/823 849/875/843
f 863/889/857 866/892/860 778/801/772
f 918/947/912 888/915/882 887/914/881
f 41/41/41 23/23/23 26/26/26
f 383/400/382 1679/1787/1673 384/401/383
f 1031/1064/1025 1028/1061/1022 384/401/383 1679/1787/1673
f 377/394/376 383/400/382 382/399/381
f 383/400/382 377/394/376 375/392/374
f 1010/1040/1004 1005/1035/999 1004/1034/998 1009/1039/1003
f 1005/1035/999 1010/1040/1004 1011/1043/1005
f 171/182/170 170/181/169 222/236/221
f 171/182/170 161/172/161 174/185/173
f 925/954/919 928/957/922 918/947/912
f 950/980/944 953/983/947 930/959/924
f 169/1794/1679 167/178/167 168/179/168 1685/1795/1680
f 169/1794/1679 166/180/166 167/178/167
f 490/1796/1681 493/506/488 492/505/487 489/1797/1682
f 680/700/674 683/703/677 493/506/488 490/1796/1681
f 466/481/463 450/465/447 449/464/446
f 448/463/445 446/1798/1683 445/1799/1684 449/464/446
f 448/463/445 452/467/449 670/690/664
f 1686/1800/1685 670/690/664 669/689/663 672/692/666
f 446/1798/1683 448/463/445 670/690/664 1686/1800/1685
f 594/1801/1686 466/481/463 449/464/446 445/1799/1684
f 1685/1795/1680 168/179/168 466/481/463 594/1801/1686
f 499/512/494 685/705/679 684/704/678
f 1687/1802/1687 1688/1803/1688 1120/1155/1114 1119/1154/1113
f 1310/1357/1304 1689/1804/1689 1688/1803/1688 1687/1802/1687
f 1312/1359/1306 1690/1805/1690 1691/1806/1691 1311/1358/1305
f 1690/1805/1690 1312/1359/1306 1313/1360/1307 1692/1807/1692
f 1692/1807/1692 1313/1360/1307 1315/1362/1309 1316/1363/1310
f 1087/1120/1081 1085/1118/1079 1102/1135/1096 1101/1134/1095
f 1099/1132/1093 1087/1120/1081 1101/1134/1095 1098/1131/1092
f 855/881/849 853/879/847 815/841/809 820/846/814
f 1125/1160/1119 1119/1154/1113 855/1153/849 820/1162/814
f 1689/1804/1689 1310/1357/1304 1311/1358/1305 1691/1806/1691
f 1126/1161/1120 1687/1802/1687 1119/1154/1113 1125/1160/1119
f 1137/1175/1131 1310/1357/1304 1687/1802/1687 1126/1161/1120
f 853/879/847 852/878/846 812/838/806 815/841/809
f 1311/1358/1305 1130/1168/1124 1129/1167/1123 1312/1359/1306
f 1474/1531/1468 1473/1530/1467 1693/1808/1693
f 1475/1532/1469 1474/1531/1468 1693/1808/1693
f 1480/1539/1474 1475/1532/1469 1693/1808/1693
f 1482/1541/1476 1480/1539/1474 1693/1808/1693
f 1490/1553/1484 1489/1552/1483 1693/1808/1693
f 1489/1552/1483 1488/1551/1482 1693/1808/1693
f 1497/1561/1491 1495/1559/1489 1693/1808/1693
f 1495/1559/1489 1490/1553/1484 1693/1808/1693
f 1473/1530/1467 1502/1568/1496 1693/1808/1693
f 1502/1568/1496 1497/1561/1491 1693/1808/1693
f 1507/1576/1501 1506/1575/1500 1693/1808/1693
f 1488/1551/1482 1507/1576/1501 1693/1808/1693
f 1506/1575/1500 1511/1580/1505 1693/1808/1693
f 1511/1580/1505 1510/1579/1504 1693/1808/1693
f 1519/1590/1513 1516/1587/1510 1693/1808/1693
f 1516/1587/1510 1482/1541/1476 1693/1808/1693
f 1526/1599/1520 1523/1596/1517 1693/1808/1693
f 1523/1596/1517 1522/1595/1516 1693/1808/1693
f 1534/1610/1528 1532/1608/1526 1693/1808/1693
f 1532/1608/1526 1519/1590/1513 1693/1808/1693
f 1522/1595/1516 1538/1616/1532 1693/1808/1693
f 1538/1616/1532 1534/1610/1528 1693/1808/1693
f 1544/1623/1538 1541/1620/1535 1693/1808/1693
f 1541/1620/1535 1540/1619/1534 1693/1808/1693
f 1549/1631/1543 1552/1634/1546 1693/1808/1693
f 1540/1619/1534 1549/1631/1543 1693/1808/1693
f 1559/1645/1553 1558/1644/1552 1693/1808/1693
f 1558/1644/1552 1557/1643/1551 1693/1808/1693
f 1557/1643/1551 1567/1654/1561 1693/1808/1693
f 1567/1654/1561 1566/1653/1560 1693/1808/1693
f 1566/1653/1560 1570/1659/1564 1693/1808/1693
f 1570/1659/1564 1544/1623/1538 1693/1808/1693
f 1575/1666/1569 1573/1664/1567 1693/1808/1693
f 1573/1664/1567 1559/1645/1553 1693/1808/1693
f 1510/1579/1504 1579/1672/1573 1693/1808/1693
f 1579/1672/1573 1575/1666/1569 1693/1808/1693
f 1552/1634/1546 1584/1680/1578 1693/1808/1693
f 1584/1680/1578 1585/1681/1579 1693/1808/1693
f 1590/1687/1584 1589/1686/1583 1693/1808/1693
f 1589/1686/1583 1526/1599/1520 1693/1808/1693
f 1596/1696/1590 1597/1697/1591 1693/1808/1693
f 1585/1681/1579 1596/1696/1590 1693/1808/1693
f 1597/1697/1591 1600/1700/1594 1693/1808/1693
f 1600/1700/1594 1590/1687/1584 1693/1808/1693
f 1694/1809/1694 1604/1810/1598 1603/1811/1597 1695/1812/1695
f 1696/1813/1696 1605/1814/1599 1604/1810/1598 1694/1809/1694
f 1697/1815/1697 1610/1816/1604 1605/1814/1599 1696/1813/1696
f 1698/1817/1698 1609/1818/1603 1610/1816/1604 1697/1815/1697
f 1699/1819/1699 1614/1820/1608 1609/1818/1603 1698/1817/1698
f 1700/1821/1700 1613/1822/1607 1614/1820/1608 1699/1819/1699
f 1701/1823/1701 1617/1824/1611 1613/1822/1607 1700/1821/1700
f 1702/1825/1702 1618/1826/1612 1617/1824/1611 1701/1823/1701
f 1703/1827/1703 1622/1828/1616 1621/1829/1615 1704/1830/1704
f 1695/1812/1695 1603/1811/1597 1622/1828/1616 1703/1827/1703
f 1705/1831/1705 1625/1832/1619 1626/1833/1620 1706/1834/1706
f 1704/1830/1704 1621/1829/1615 1625/1832/1619 1705/1831/1705
f 1707/1835/1707 1629/1836/1623 1630/1837/1624 1708/1838/1708
f 1706/1834/1706 1626/1833/1620 1629/1836/1623 1707/1835/1707
f 1709/1839/1709 1710/1840/1710 1634/1841/1628 1635/1842/1629
f 1710/1840/1710 1711/1843/1711 1633/1844/1627 1634/1841/1628
f 1712/1845/1712 1713/1846/1713 1639/1847/1633 1640/1848/1634
f 1713/1846/1713 1709/1839/1709 1635/1842/1629 1639/1847/1633
f 1714/1849/1714 1715/1850/1715 1643/1851/1637 1644/1852/1638
f 1715/1850/1715 1712/1845/1712 1640/1848/1634 1643/1851/1637
f 1702/1825/1702 1716/1853/1716 1647/1854/1641 1618/1826/1612
f 1716/1853/1716 1714/1849/1714 1644/1852/1638 1647/1854/1641
f 1711/1843/1711 1717/1855/1717 1650/1856/1644 1633/1844/1627
f 1717/1855/1717 1718/1857/1718 1649/1858/1643 1650/1856/1644
f 1718/1857/1718 1719/1859/1719 1653/1860/1647 1649/1858/1643
f 1719/1859/1719 1720/1861/1720 1654/1862/1648 1653/1860/1647
f 1720/1861/1720 1721/1863/1721 1657/1864/1651 1654/1862/1648
f 1721/1863/1721 1708/1838/1708 1630/1837/1624 1657/1864/1651
f 1301/1865/1295 1308/1866/1302 1722/1867/1722 1723/1868/1723
f 165/176/165 166/180/166 169/1794/1679
f 691/711/685 680/700/674 169/1794/1679
f 1317/1869/1311 1300/1347/1294 1723/1868/1723
f 1308/1866/1302 1309/1356/1303 1722/1867/1722
f 1299/1346/1293 1298/1345/1292 1722/1867/1722
f 1300/1347/1294 1301/1348/1295 1723/1868/1723
f 1091/1124/1085 1092/1125/1086 1089/1122/1083
f 177/188/176 858/884/852 856/882/850
f 1672/1779/1666 254/268/253 256/270/255
f 1309/1356/1303 1299/1346/1293 1722/1867/1722
f 1083/1116/1077 1082/1115/1076 1689/1804/1689
f 1316/1363/1310 1298/1345/1292 1083/1116/1077
f 1082/1115/1076 1086/1119/1080 1689/1804/1689
f 1086/1119/1080 1100/1133/1094 1688/1803/1688
f 1691/1806/1691 1316/1363/1310 1083/1116/1077
f 1316/1363/1310 1317/1869/1311 1723/1868/1723
f 1694/1809/1694 1695/1812/1695 1724/1870/1724
f 1696/1813/1696 1694/1809/1694 1724/1870/1724
f 1697/1815/1697 1696/1813/1696 1724/1870/1724
f 1698/1817/1698 1697/1815/1697 1724/1870/1724
f 1699/1819/1699 1698/1817/1698 1724/1870/1724
f 1700/1821/1700 1699/1819/1699 1724/1870/1724
f 1701/1823/1701 1700/1821/1700 1724/1870/1724
f 1702/1825/1702 1701/1823/1701 1724/1870/1724
f 1703/1827/1703 1704/1830/1704 1724/1870/1724
f 1695/1812/1695 1703/1827/1703 1724/1870/1724
f 1705/1831/1705 1706/1834/1706 1724/1870/1724
f 1704/1830/1704 1705/1831/1705 1724/1870/1724
f 1707/1835/1707 1708/1838/1708 1724/1870/1724
f 1706/1834/1706 1707/1835/1707 1724/1870/1724
f 1710/1840/1710 1709/1839/1709 1724/1870/1724
f 1711/1843/1711 1710/1840/1710 1724/1870/1724
f 1713/1846/1713 1712/1845/1712 1724/1870/1724
f 1709/1839/1709 1713/1846/1713 1724/1870/1724
f 1715/1850/1715 1714/1849/1714 1724/1870/1724
f 1712/1845/1712 1715/1850/1715 1724/1870/1724
f 1716/1853/1716 1702/1825/1702 1724/1870/1724
f 1714/1849/1714 1716/1853/1716 1724/1870/1724
f 1717/1855/1717 1711/1843/1711 1724/1870/1724
f 1718/1857/1718 1717/1855/1717 1724/1870/1724
f 1719/1859/1719 1718/1857/1718 1724/1870/1724
f 1720/1861/1720 1719/1859/1719 1724/1870/1724
f 1721/1863/1721 1720/1861/1720 1724/1870/1724
f 1708/1838/1708 1721/1863/1721 1724/1870/1724
f 446/1798/1683 1686/1800/1685 691/711/685
f 594/1801/1686 445/1799/1684 446/1798/1683
f 1685/1795/1680 594/1801/1686 691/711/685
f 169/1794/1679 1685/1795/1680 691/711/685
f 681/701/675 680/700/674 691/711/685
f 686/706/680 681/701/675 691/711/685
f 680/700/674 490/1796/1681 169/1794/1679
f 489/1797/1682 169/1794/1679 490/1796/1681
f 165/176/165 169/1794/1679 489/1797/1682
f 489/1797/1682 492/505/487 165/176/165
f 694/714/688 691/711/685 672/692/666
f 672/692/666 679/699/673 694/714/688
f 594/1801/1686 446/1798/1683 691/711/685
f 672/692/666 671/691/665 679/699/673
f 1686/1800/1685 672/692/666 691/711/685
f 695/716/689 694/714/688 679/699/673
f 673/693/667 695/716/689 679/699/673
f 679/699/673 674/694/668 673/693/667
f 691/711/685 688/708/682 686/706/680
f 850/876/844 1120/1155/1114 1100/1133/1094
f 1316/1363/1310 1291/1338/1285 1317/1869/1311
f 1692/1807/1692 1316/1363/1310 1691/1806/1691
f 1688/1803/1688 1689/1804/1689 1086/1119/1080
f 1691/1806/1691 1690/1805/1690 1692/1807/1692
f 1298/1345/1292 1316/1363/1310 1723/1868/1723
f 850/876/844 854/880/848 1120/1155/1114
f 1120/1155/1114 1688/1803/1688 1100/1133/1094
f 851/877/845 850/876/844 1100/1133/1094
f 1723/1868/1723 1722/1867/1722 1298/1345/1292
f 1689/1804/1689 1691/1806/1691 1083/1116/1077
f 1284/1329/1278 1283/1328/1277 1315/1362/1309 1314/1361/1308
f 1279/1324/1273 1288/1333/1282 1285/1330/1279 1280/1325/1274
f 1285/1330/1279 1288/1333/1282 1287/1332/1281 1290/1337/1284
f 1290/1337/1284 1317/1869/1311 1291/1338/1285
f 689/709/683 693/713/687 692/712/686 690/710/684
f 693/713/687 689/709/683 691/711/685 694/714/688
f 1268/1311/1262 1289/1782/1283 1267/1310/1261
f 1304/1351/1298 1305/1352/1299 1306/1353/1300 1307/1354/1301
f 1307/1354/1301 1306/1353/1300 1309/1356/1303 1308/1355/1302
f 1317/1869/1311 1290/1337/1284 1270/1336/1264
