# Blender 5.0.1
# www.blender.org
mtllib shoe_2.mtl
o Ch31_Shoes
v 0.076280 0.048393 0.120743
v 0.072499 0.043788 0.115189
v 0.067825 0.102906 0.037662
v 0.064263 0.040517 0.078015
v 0.060730 0.022928 0.039792
v 0.154400 0.024529 0.026878
v 0.154453 0.049577 0.105658
v 0.053236 0.059980 0.021631
v 0.065805 0.095240 0.026497
v 0.133161 0.091082 0.010938
v 0.153977 0.048693 0.119600
v 0.164445 0.041059 0.110667
v 0.066601 0.024649 0.124392
v 0.156313 0.049730 0.044115
v 0.157412 0.046251 0.195352
v 0.091270 0.053780 0.141354
v 0.117046 0.051092 0.201816
v 0.062629 0.057075 0.068670
v 0.063586 0.027641 0.049420
v 0.082033 0.057554 0.116303
v 0.075575 0.042658 0.130026
v 0.085231 0.055243 0.127274
v 0.135247 0.085911 0.002104
v 0.065390 0.023827 0.110366
v 0.063358 0.087342 0.042846
v 0.067625 0.083678 0.056090
v 0.062602 0.098463 0.030263
v 0.062266 0.091944 0.035594
v 0.060522 0.035872 0.059340
v 0.063082 0.034253 0.060025
v 0.064500 0.023062 0.067146
v 0.064103 0.022833 0.080763
v 0.063280 -0.001730 0.016101
v 0.058326 0.023633 0.022768
v 0.160074 0.044625 0.102403
v 0.055104 0.040348 0.014245
v 0.057348 0.038251 0.032007
v 0.057131 0.054384 0.045571
v 0.051216 0.054405 -0.001335
v 0.051947 0.038213 -0.004922
v 0.052303 0.074255 0.013601
v 0.050537 0.067755 -0.002955
v 0.057424 0.077089 0.035306
v 0.057174 0.084660 0.027224
v 0.060621 0.071902 0.050288
v 0.065572 0.099195 0.025708
v 0.071362 0.101968 0.033492
v 0.140120 0.056444 0.127848
v 0.144669 0.052318 0.146484
v 0.158670 0.046088 0.140716
v 0.171600 0.037085 0.134910
v 0.179803 0.025777 0.137351
v 0.180843 0.022678 0.111863
v 0.177986 0.022469 0.094562
v 0.170165 0.033378 0.095359
v 0.161581 0.043498 0.095457
v 0.071760 0.026967 0.152013
v 0.079997 0.041742 0.144765
v 0.161303 0.040091 0.063456
v 0.159674 0.037095 0.049930
v 0.156717 0.031002 0.035764
v 0.154415 0.043911 0.028176
v 0.152112 0.060837 0.039692
v 0.150804 0.055697 0.024003
v 0.159378 0.041219 0.202431
v 0.167912 0.037789 0.186082
v 0.160711 0.045384 0.184186
v 0.148705 0.049894 0.185181
v 0.148707 0.049836 0.198272
v 0.149103 0.045379 0.210599
v 0.098518 0.052066 0.158708
v 0.113254 0.056482 0.154102
v 0.107108 0.059433 0.136593
v 0.142385 0.087676 0.030679
v 0.137991 0.102283 0.024320
v 0.112768 0.051069 0.193653
v 0.104086 0.046199 0.200628
v 0.113563 0.047741 0.209675
v 0.125564 0.049207 0.213428
v 0.125634 0.052232 0.201643
v 0.123656 0.052546 0.189809
v 0.078738 0.030038 0.172109
v 0.068623 0.107125 0.034788
v 0.088026 0.033706 0.191127
v 0.064183 0.023108 0.057757
v 0.136447 0.100837 0.010912
v 0.138763 0.093654 0.000119
v 0.135731 0.085449 -0.013497
v 0.132517 0.081337 -0.022201
v 0.129498 0.076055 -0.017183
v 0.133299 0.080769 -0.007276
v 0.125871 0.072604 -0.029058
v 0.120920 0.072030 -0.040614
v 0.114854 0.073238 -0.049675
v 0.054749 0.080433 -0.005524
v 0.055141 0.090585 0.005472
v 0.057281 0.097077 0.018012
v 0.063145 0.103034 0.027076
v 0.056849 0.092268 0.021051
v 0.053004 0.084497 0.008546
v 0.050694 0.078224 -0.005932
v 0.049583 0.076459 -0.017445
v 0.048873 0.065279 -0.017990
v 0.047647 0.052466 -0.018569
v 0.048409 0.076526 -0.031509
v 0.046728 0.065163 -0.032861
v 0.044772 0.052370 -0.034743
v 0.043517 0.038083 -0.036670
v 0.046093 0.037955 -0.020270
v 0.047680 0.066241 -0.047515
v 0.045830 0.053791 -0.051079
v 0.043418 0.040174 -0.053654
v 0.041806 0.026719 -0.055321
v 0.042457 0.025185 -0.038076
v 0.049172 0.056480 -0.067501
v 0.046791 0.042203 -0.070352
v 0.045048 0.027194 -0.072816
v 0.055498 0.043614 -0.084176
v 0.054988 0.028115 -0.086357
v 0.066473 0.027799 -0.094629
v 0.095192 0.001039 -0.097119
v 0.108221 0.000799 -0.091345
v 0.118288 -0.000031 -0.079533
v 0.068430 -0.000692 0.100131
v 0.069835 -0.000983 0.084856
v 0.113507 0.039980 0.218064
v 0.100022 0.037411 0.208590
v 0.125270 0.040892 0.220749
v 0.137462 0.041030 0.219560
v 0.138150 0.048365 0.213553
v 0.150138 0.039564 0.214894
v 0.137243 0.052145 0.200555
v 0.136100 0.052189 0.187076
v 0.147666 0.049245 0.165596
v 0.133436 0.051735 0.168525
v 0.118878 0.052833 0.171641
v 0.105566 0.051009 0.176196
v 0.094137 0.044841 0.182873
v 0.086406 0.043297 0.164066
v 0.129238 0.055829 0.150763
v 0.123811 0.059776 0.133260
v 0.160963 0.045199 0.162377
v 0.171513 0.037382 0.160609
v 0.177077 0.028727 0.162719
v 0.171726 0.032510 0.187574
v 0.162608 0.035966 0.204869
v 0.149098 0.020127 0.216038
v 0.136966 0.022088 0.221500
v 0.173609 0.022088 0.079187
v 0.168881 0.021709 0.062802
v 0.165448 0.027977 0.064686
v 0.169280 0.029656 0.079874
v 0.162078 0.042241 0.078911
v 0.163402 0.021895 0.048127
v 0.160948 0.027217 0.050282
v 0.158007 0.022073 0.033440
v 0.156958 0.025810 0.039008
v 0.138047 0.025138 -0.033387
v 0.140667 0.024899 -0.019569
v 0.143887 0.024712 -0.004317
v 0.135475 0.038969 -0.033297
v 0.138679 0.039786 -0.019553
v 0.143082 0.042476 -0.005717
v 0.136877 0.053053 -0.020042
v 0.140843 0.056478 -0.007399
v 0.144463 0.062267 0.005530
v 0.147644 0.048835 0.008780
v 0.149847 0.033946 0.012983
v 0.147446 0.068543 0.020542
v 0.142209 0.073730 0.002434
v 0.143829 0.081530 0.016575
v 0.147215 0.074043 0.037166
v 0.140189 0.088997 0.002187
v 0.140229 0.095529 0.013174
v 0.138757 0.068140 -0.009375
v 0.136847 0.079796 -0.012365
v 0.134894 0.064280 -0.020509
v 0.133410 0.075723 -0.021405
v 0.130016 0.074668 -0.031725
v 0.129104 0.078461 -0.031286
v 0.124886 0.077578 -0.041044
v 0.119605 0.079116 -0.051363
v 0.113149 0.083313 -0.060464
v 0.103539 0.083391 -0.058832
v 0.098435 0.090078 -0.064650
v 0.052407 0.077734 -0.029817
v 0.051520 0.084234 -0.041225
v 0.049335 0.081901 -0.029744
v 0.054850 0.086690 -0.050845
v 0.062533 0.096319 -0.060326
v 0.060485 0.087058 -0.070067
v 0.052801 0.081860 -0.056726
v 0.071927 0.101318 -0.070543
v 0.070821 0.089867 -0.078748
v 0.069711 0.075488 -0.086459
v 0.060940 0.073635 -0.078053
v 0.081079 0.091280 -0.081202
v 0.080150 0.076476 -0.088962
v 0.080816 0.060847 -0.095038
v 0.068834 0.060271 -0.091820
v 0.091161 0.089151 -0.081474
v 0.090197 0.074630 -0.087272
v 0.092355 0.059679 -0.092128
v 0.092607 0.043858 -0.095416
v 0.080601 0.044289 -0.097738
v 0.102941 0.071587 -0.079234
v 0.104514 0.057592 -0.084063
v 0.105387 0.043256 -0.088984
v 0.107974 0.028239 -0.091243
v 0.094648 0.028024 -0.097047
v 0.114623 0.055038 -0.071755
v 0.117563 0.041604 -0.076030
v 0.120461 0.026902 -0.079286
v 0.125694 0.040081 -0.061352
v 0.128711 0.026419 -0.062414
v 0.133641 0.025613 -0.048507
v 0.125022 -0.000509 -0.064349
v 0.079979 0.027500 -0.098641
v 0.067358 0.044182 -0.094085
v 0.057382 0.058928 -0.081422
v 0.051991 0.069397 -0.064289
v 0.049487 0.079105 -0.044552
v 0.050064 0.082180 -0.017373
v 0.052628 0.085294 -0.006095
v 0.131090 0.039125 -0.047268
v 0.122658 0.052905 -0.058662
v 0.129079 0.051896 -0.045833
v 0.133153 0.051741 -0.032772
v 0.126985 0.063433 -0.043805
v 0.130979 0.063080 -0.031892
v 0.125616 0.074595 -0.041791
v 0.121102 0.064958 -0.055802
v 0.119961 0.076027 -0.052314
v 0.112910 0.067927 -0.067723
v 0.112326 0.080543 -0.063417
v 0.102209 0.085370 -0.074714
v 0.103317 0.092628 -0.065010
v 0.093917 0.099404 -0.072585
v 0.082475 0.102266 -0.074520
v 0.091500 0.094792 -0.070008
v 0.074179 0.097400 -0.067805
v 0.064866 0.023378 0.096281
v 0.071288 -0.001259 0.069832
v 0.070593 -0.001117 0.055378
v 0.059502 -0.001399 0.004535
v 0.054709 -0.000712 -0.008865
v 0.050034 -0.000401 -0.024121
v 0.046222 0.025108 -0.021503
v 0.051385 0.024857 -0.006160
v 0.056002 0.024402 0.009387
v 0.046381 -0.000609 -0.040610
v 0.068192 -0.001559 0.036328
v 0.078833 0.000994 -0.097381
v 0.065003 0.001341 -0.093760
v 0.067075 0.000078 0.114188
v 0.067696 0.001112 0.128278
v 0.073839 0.004386 0.155668
v 0.080398 0.008897 0.176514
v 0.090312 0.013573 0.195939
v 0.103975 0.018233 0.212996
v 0.114741 0.020774 0.219819
v 0.160478 0.017403 0.205671
v 0.168806 0.012565 0.188751
v 0.126824 0.022095 0.222543
v 0.175876 0.007575 0.164188
v 0.179768 0.003190 0.138837
v 0.166588 -0.001848 0.061465
v 0.160352 -0.002183 0.048974
v 0.172702 -0.001887 0.077893
v 0.178017 -0.000841 0.095435
v 0.180297 0.000354 0.112994
v 0.149658 -0.002020 0.023187
v 0.145014 -0.002210 0.010027
v 0.140982 -0.001988 -0.003333
v 0.136812 -0.001937 -0.018935
v 0.133393 -0.001519 -0.034171
v 0.130051 -0.000721 -0.048593
v 0.053361 0.001134 -0.085541
v 0.046328 0.000687 -0.073031
v 0.044250 -0.000093 -0.057645
v 0.149044 0.023865 0.007962
v 0.155727 0.022421 0.024783
v 0.154778 -0.002096 0.036173
v 0.066210 0.042857 0.092002
v 0.069312 0.042610 0.103671
v 0.059370 0.086865 0.022466
v 0.060542 0.090349 0.019522
v 0.059890 0.092354 0.017632
v 0.056589 0.085104 0.006470
v 0.053044 0.077665 -0.017671
v 0.053888 0.080309 -0.042072
v 0.059846 0.085400 -0.049706
v 0.083718 0.097909 -0.071148
v 0.065272 0.093700 -0.058747
v 0.127624 0.063136 -0.006406
v 0.120335 0.061131 -0.025194
v 0.060611 0.062143 -0.028702
v 0.108911 0.059932 -0.048490
v 0.088984 0.058604 -0.061365
v 0.064578 0.065557 0.003546
v 0.068448 0.058830 -0.057420
v 0.083415 0.061316 0.112070
v 0.086413 0.074861 0.102031
v 0.079343 0.071959 0.101209
v 0.062424 0.042121 0.078626
v 0.061935 0.028997 0.048339
v 0.064955 0.044923 0.092439
v 0.067398 0.044711 0.103931
v 0.070571 0.046167 0.115541
v 0.074413 0.050478 0.120528
v 0.079703 0.059074 0.117925
v 0.081850 0.065389 0.112678
v 0.083490 0.075799 0.102713
v 0.084189 0.079386 0.097273
v 0.087745 0.087267 0.084911
v 0.085002 0.086811 0.086687
v 0.088499 0.090623 0.080890
v 0.085390 0.090361 0.081756
v 0.087133 0.094773 0.073500
v 0.086920 0.098544 0.067921
v 0.084388 0.098339 0.069852
v 0.085647 0.101195 0.065372
v 0.083166 0.100946 0.065790
v 0.082032 0.105023 0.058963
v 0.082340 0.107603 0.051093
v 0.079755 0.108503 0.051920
v 0.079087 0.110052 0.044626
v 0.076602 0.110021 0.046252
v 0.083021 0.071809 0.106214
v 0.085931 0.071822 0.104294
v 0.078706 0.069164 0.104205
v 0.079844 0.081890 0.086402
v 0.080065 0.088070 0.076042
v 0.077541 0.095328 0.065748
v 0.077456 0.097866 0.058976
v 0.073971 0.109759 0.042100
v 0.074888 0.077665 0.080016
v 0.075573 0.082228 0.074472
v 0.079892 0.084713 0.081550
v 0.079746 0.076369 0.091917
v 0.076157 0.075562 0.084907
v 0.078704 0.083919 0.085769
v 0.085959 0.089169 0.085788
v 0.078424 0.085710 0.083405
v 0.085297 0.090797 0.083639
v 0.074922 0.076506 0.084012
v 0.074410 0.077520 0.081891
v 0.085408 0.100895 0.069535
v 0.077326 0.094965 0.070047
v 0.076040 0.096348 0.067562
v 0.079067 0.092881 0.069086
v 0.074185 0.086777 0.067387
v 0.075367 0.085713 0.068476
v 0.073152 0.088072 0.064565
v 0.073810 0.088086 0.062821
v 0.073595 0.085478 0.066349
v 0.073028 0.083577 0.066687
v 0.073091 0.086517 0.064202
v 0.072222 0.085190 0.063015
v 0.072476 0.089956 0.058261
v 0.073453 0.101046 0.048796
v 0.073820 0.097376 0.053022
v 0.072046 0.097269 0.051087
v 0.071756 0.099321 0.049453
v 0.071147 0.095535 0.051163
v 0.071727 0.093480 0.053483
v 0.069736 0.094930 0.049306
v 0.068617 0.091609 0.049917
v 0.068905 0.096141 0.047545
v 0.067500 0.094985 0.044140
v 0.069830 0.098531 0.046929
v 0.070311 0.099824 0.044331
v 0.068883 0.099688 0.051376
v 0.069001 0.101007 0.050184
v 0.067502 0.098419 0.051800
v 0.066475 0.098363 0.050607
v 0.066065 0.099481 0.049450
v 0.067362 0.100994 0.048810
v 0.067127 0.102964 0.052810
v 0.067537 0.103848 0.051090
v 0.065300 0.102331 0.053244
v 0.064436 0.102587 0.052199
v 0.064274 0.103616 0.051113
v 0.065714 0.104468 0.049893
v 0.067088 0.106936 0.053289
v 0.066856 0.107111 0.051088
v 0.065051 0.106994 0.054002
v 0.064259 0.107448 0.053108
v 0.064174 0.108343 0.052038
v 0.065183 0.108445 0.050287
v 0.068510 0.110667 0.052514
v 0.067493 0.110378 0.050593
v 0.067030 0.111349 0.053823
v 0.066150 0.112052 0.053000
v 0.065974 0.112848 0.051769
v 0.066146 0.112279 0.049771
v 0.070751 0.113376 0.050697
v 0.069495 0.112647 0.049242
v 0.069835 0.114588 0.051827
v 0.069132 0.115501 0.051106
v 0.068865 0.115954 0.049573
v 0.068650 0.114528 0.047640
v 0.073771 0.113607 0.048079
v 0.071795 0.112934 0.046875
v 0.073226 0.115524 0.048626
v 0.072715 0.116433 0.047801
v 0.072299 0.116642 0.046243
v 0.071476 0.114782 0.044775
v 0.076377 0.112665 0.045204
v 0.074155 0.112662 0.044536
v 0.076513 0.114718 0.045306
v 0.076124 0.115317 0.044409
v 0.075477 0.115142 0.042947
v 0.074251 0.113949 0.041999
v 0.066986 0.096747 0.041320
v 0.074398 0.074290 0.082347
v 0.074268 0.072940 0.083093
v 0.073877 0.075436 0.080547
v 0.072952 0.074518 0.078660
v 0.075039 0.069472 0.090370
v 0.082024 0.073782 0.106125
v 0.077183 0.071659 0.104483
v 0.082403 0.076003 0.104280
v 0.077515 0.072874 0.102868
v 0.073442 0.065400 0.101639
v 0.075835 0.063783 0.101281
v 0.073764 0.067178 0.099415
v 0.075700 0.066664 0.098017
v 0.073241 0.063241 0.100018
v 0.073685 0.061261 0.099683
v 0.072900 0.064269 0.098081
v 0.073292 0.062883 0.095490
v 0.074782 0.058320 0.106066
v 0.075761 0.110750 0.042708
v 0.079181 0.111536 0.043379
v 0.079013 0.112346 0.041749
v 0.077413 0.112089 0.039865
v 0.075912 0.110900 0.040078
v 0.075224 0.109839 0.039051
v 0.103253 0.089877 -0.070355
v 0.093470 0.094405 -0.076516
v 0.082574 0.097086 -0.077812
v 0.071328 0.095648 -0.074035
v 0.061135 0.092156 -0.064986
v 0.061126 0.094719 -0.062999
v 0.070978 0.099082 -0.073076
v 0.082464 0.100235 -0.077093
v 0.103698 0.091521 -0.067940
v 0.094367 0.097648 -0.075505
v 0.135821 0.094564 0.008514
v 0.135629 0.088777 -0.001357
v 0.133364 0.083919 -0.010149
v 0.130292 0.079278 -0.019470
v 0.126315 0.076264 -0.029709
v 0.122231 0.075617 -0.040349
v 0.116978 0.077863 -0.049536
v 0.106821 0.084692 -0.056624
v 0.100600 0.092128 -0.063684
v 0.092556 0.097791 -0.070216
v 0.083262 0.100850 -0.071767
v 0.073425 0.100207 -0.068260
v 0.064075 0.095625 -0.058918
v 0.057074 0.087189 -0.049566
v 0.052696 0.082586 -0.041485
v 0.052316 0.080627 -0.029534
v 0.053077 0.080809 -0.017643
v 0.054430 0.083475 -0.006025
v 0.056444 0.088259 0.005792
v 0.060063 0.095309 0.016745
v 0.065508 0.101536 0.025342
v 0.084337 0.102442 0.067218
v 0.093351 0.102383 0.066425
v 0.092180 0.103792 0.064314
v 0.099009 0.102419 0.063409
v 0.097657 0.103839 0.061444
v 0.104567 0.101883 0.060251
v 0.103086 0.103611 0.058494
v 0.109978 0.100839 0.056974
v 0.108549 0.103149 0.055640
v 0.115166 0.099506 0.053450
v 0.114219 0.102001 0.053463
v 0.091633 0.102233 0.063798
v 0.097315 0.101994 0.060750
v 0.101788 0.102395 0.057884
v 0.104236 0.102641 0.055875
v 0.093065 0.100870 0.066049
v 0.098762 0.100933 0.063334
v 0.103646 0.100499 0.060251
v 0.108379 0.099023 0.056864
v 0.114620 0.097872 0.053577
v 0.084570 0.104094 0.058159
v 0.073163 0.102601 0.031015
v 0.062661 0.082900 0.032093
v 0.129719 0.061480 0.014914
v 0.082066 0.104771 0.042372
v 0.082309 0.106271 0.039757
v 0.080552 0.105679 0.037315
v 0.078579 0.104886 0.037075
v 0.083946 0.101302 0.057601
v 0.081724 0.104778 0.050548
v 0.079676 0.105574 0.044552
v 0.076045 0.105510 0.037095
v 0.071340 0.105292 0.032361
v 0.076397 0.103921 0.035491
v 0.078458 0.105544 0.032002
v 0.083985 0.094602 0.054984
v 0.086074 0.098613 0.063431
v 0.086096 0.095034 0.067081
v 0.086912 0.090776 0.074885
v 0.084743 0.090980 0.060691
v 0.087946 0.091740 0.065286
v 0.088377 0.088141 0.071706
v 0.063868 0.068523 0.063421
v 0.160841 0.048008 0.101625
v 0.157019 0.051721 0.104604
v 0.162226 0.045817 0.095262
v 0.162954 0.045216 0.078525
v 0.162345 0.042491 0.063335
v 0.161245 0.039087 0.049343
v 0.158140 0.032833 0.033963
v 0.154726 0.025788 0.025009
v 0.152509 0.056971 0.103798
v 0.150209 0.054394 0.103819
v 0.147980 0.063808 0.098210
v 0.100738 0.066833 0.114362
v 0.115862 0.068694 0.112579
v 0.132642 0.065062 0.108464
v 0.120295 0.063429 0.123106
v 0.102657 0.062619 0.126166
v 0.137373 0.059672 0.117011
v 0.065787 0.025156 0.053826
v 0.065579 0.027313 0.064474
v 0.065324 0.030081 0.079575
v 0.066019 0.032471 0.094213
v 0.068139 0.034589 0.108905
v 0.070610 0.036032 0.120396
v 0.068890 0.025706 0.138275
v 0.070406 0.002588 0.142065
v 0.136216 0.106728 0.022928
v 0.095133 0.091275 0.082956
v 0.093711 0.092799 0.080697
v 0.102379 0.091782 0.079774
v 0.100246 0.093193 0.078573
v 0.109609 0.091437 0.076538
v 0.106884 0.093187 0.075837
v 0.118883 0.091874 0.071833
v 0.113652 0.093449 0.073451
v 0.093154 0.091249 0.079776
v 0.100026 0.091725 0.077107
v 0.104970 0.092354 0.074463
v 0.106195 0.093450 0.073220
v 0.094797 0.089883 0.082779
v 0.101417 0.090197 0.079333
v 0.108852 0.089703 0.076593
v 0.119084 0.089241 0.071294
v 0.088554 0.077126 0.093813
v 0.084018 0.063946 0.103346
v 0.089830 0.075128 0.106185
v 0.091052 0.076914 0.105825
v 0.090652 0.077747 0.104169
v 0.090572 0.077133 0.102778
v 0.102743 0.077648 0.100389
v 0.103041 0.078304 0.101525
v 0.103895 0.077256 0.103317
v 0.103466 0.075550 0.103377
v 0.090070 0.075953 0.102569
v 0.102114 0.075578 0.099307
v 0.089864 0.074506 0.104303
v 0.103474 0.074709 0.101980
v 0.113078 0.076991 0.101174
v 0.112370 0.078166 0.099522
v 0.111707 0.077510 0.098190
v 0.111263 0.076270 0.097194
v 0.112210 0.075686 0.101555
v 0.111982 0.074712 0.101333
v 0.113673 0.078496 0.089461
v 0.100190 0.076955 0.095342
v 0.084883 0.067494 0.100479
v 0.119979 0.073661 0.098712
v 0.121492 0.075097 0.099407
v 0.121960 0.076310 0.099302
v 0.123830 0.077624 0.096388
v 0.123174 0.076926 0.095433
v 0.123058 0.075012 0.094015
v 0.143164 0.075012 0.091196
v 0.143874 0.073008 0.093175
v 0.144092 0.071134 0.092645
v 0.148647 0.069717 0.090464
v 0.148993 0.071270 0.087640
v 0.152498 0.065022 0.086405
v 0.151856 0.066061 0.084227
v 0.146379 0.069547 0.085318
v 0.149106 0.065308 0.081395
v 0.147086 0.068655 0.090295
v 0.151261 0.061936 0.086396
v 0.152006 0.060734 0.084634
v 0.152518 0.063507 0.085140
v 0.151189 0.061780 0.081867
v 0.152180 0.064030 0.083513
v 0.119414 0.077425 0.089225
v 0.142045 0.071186 0.092292
v 0.145612 0.060481 0.098295
v 0.140374 0.073468 0.089943
v 0.133861 0.085678 0.073285
v 0.134604 0.081904 0.070108
v 0.141256 0.074642 0.089220
v 0.135113 0.087459 0.074094
v 0.132363 0.075386 0.093158
v 0.133548 0.076526 0.093308
v 0.134026 0.076951 0.094244
v 0.133450 0.075663 0.096409
v 0.133429 0.074774 0.096485
v 0.132832 0.074038 0.096166
v 0.111665 0.080454 0.090212
v 0.099123 0.078862 0.094943
v 0.107648 0.081934 0.090225
v 0.097700 0.079971 0.093432
v 0.103336 0.081522 0.090344
v 0.096428 0.078933 0.091411
v 0.086694 0.073546 0.097478
v 0.085644 0.070989 0.097517
v 0.087663 0.075757 0.095929
v 0.086832 0.078485 0.096697
v 0.118810 0.081141 0.090213
v 0.123114 0.080533 0.087552
v 0.124989 0.078683 0.085086
v 0.140989 0.065209 0.087665
v 0.139964 0.068170 0.086548
v 0.138473 0.071722 0.083278
v 0.116016 0.082042 0.085649
v 0.112004 0.084592 0.088070
v 0.107574 0.083865 0.089881
v 0.116086 0.083696 0.088194
v 0.119067 0.082688 0.088027
v 0.122394 0.079772 0.085393
v 0.118806 0.081261 0.085397
v 0.111821 0.083687 0.089993
v 0.115518 0.082802 0.090177
v 0.094642 0.081861 0.087994
v 0.095174 0.079674 0.088346
v 0.087509 0.080293 0.087511
v 0.087820 0.077981 0.088028
v 0.094546 0.083063 0.085877
v 0.094937 0.082786 0.084564
v 0.087109 0.080808 0.085440
v 0.088747 0.081181 0.083148
v 0.136182 0.075443 0.076774
v 0.138844 0.071119 0.084332
v 0.134044 0.078121 0.071925
v 0.136046 0.080683 0.079754
v 0.137556 0.082161 0.079667
v 0.135603 0.077540 0.076170
v 0.135011 0.077894 0.073545
v 0.109582 0.088198 0.078120
v 0.118924 0.087270 0.075147
v 0.108924 0.086416 0.077954
v 0.118885 0.087043 0.069533
v 0.106905 0.087991 0.075582
v 0.114234 0.087743 0.076884
v 0.113895 0.085316 0.076855
v 0.114100 0.089779 0.074384
v 0.113956 0.091286 0.074484
v 0.113972 0.094793 0.073182
v 0.105789 0.095047 0.072448
v 0.114018 0.095797 0.071108
v 0.105854 0.095814 0.070318
v 0.113696 0.094505 0.069296
v 0.107587 0.095476 0.068912
v 0.120841 0.092261 0.073535
v 0.121269 0.093522 0.073860
v 0.121542 0.094803 0.071676
v 0.121051 0.092847 0.069828
v 0.142351 0.076990 0.079525
v 0.140503 0.082089 0.073942
v 0.141576 0.084337 0.073293
v 0.135562 0.089671 0.074720
v 0.141940 0.085902 0.071431
v 0.135029 0.091406 0.072277
v 0.139838 0.085174 0.070082
v 0.132534 0.088045 0.067909
v 0.132962 0.084337 0.064813
v 0.132567 0.093846 0.064733
v 0.132053 0.091100 0.063485
v 0.131075 0.099472 0.056541
v 0.130352 0.096871 0.055431
v 0.119573 0.087966 0.066561
v 0.121226 0.089138 0.069265
v 0.120602 0.091175 0.069818
v 0.128204 0.085277 0.062063
v 0.129941 0.086690 0.062690
v 0.129962 0.088224 0.062375
v 0.111993 0.098764 0.062525
v 0.105568 0.097008 0.063338
v 0.117397 0.093481 0.059033
v 0.113474 0.093934 0.068076
v 0.110552 0.097771 0.057807
v 0.104744 0.097600 0.060213
v 0.116559 0.095253 0.056123
v 0.107428 0.099287 0.063358
v 0.108604 0.096000 0.067947
v 0.113516 0.095312 0.067251
v 0.117949 0.092880 0.065721
v 0.116785 0.097312 0.060936
v 0.116165 0.096999 0.058244
v 0.111219 0.098037 0.059369
v 0.106244 0.098324 0.061212
v 0.132662 0.090351 0.070548
v 0.133045 0.086935 0.070432
v 0.133889 0.083155 0.067403
v 0.121544 0.092024 0.071296
v 0.133274 0.088756 0.071741
v 0.129651 0.088722 0.061151
v 0.119848 0.091809 0.067851
v 0.119200 0.092252 0.065516
v 0.125354 0.083878 0.066343
v 0.119142 0.084823 0.074737
v 0.126032 0.081594 0.070568
v 0.087900 0.088400 0.080185
v 0.087126 0.081199 0.078264
v 0.095590 0.085226 0.078620
v 0.103776 0.090298 0.072704
v 0.095543 0.089987 0.071548
v 0.096257 0.093544 0.070882
v 0.095699 0.091452 0.071329
v 0.096031 0.094171 0.068355
v 0.096508 0.093857 0.066894
v 0.089140 0.091513 0.070125
v 0.088783 0.090011 0.071125
v 0.088699 0.092109 0.067463
v 0.086494 0.092766 0.070959
v 0.086801 0.091621 0.072903
v 0.084613 0.095127 0.074442
v 0.086274 0.093667 0.068706
v 0.136845 0.091216 0.062620
v 0.135202 0.097344 0.056676
v 0.134200 0.101514 0.058354
v 0.133968 0.102749 0.055804
v 0.136539 0.098358 0.054499
v 0.131025 0.102651 0.053322
v 0.140296 0.093610 0.057378
v 0.141612 0.094486 0.057562
v 0.142176 0.094814 0.055595
v 0.140276 0.094569 0.054337
v 0.141566 0.087126 0.052177
v 0.139570 0.090337 0.051998
v 0.141694 0.086768 0.054934
v 0.139710 0.088054 0.056668
v 0.138594 0.094388 0.055975
v 0.137800 0.091416 0.055598
v 0.135988 0.096886 0.055476
v 0.140370 0.083396 0.061176
v 0.143809 0.078948 0.067619
v 0.145846 0.078732 0.069566
v 0.145157 0.077985 0.071488
v 0.144022 0.076621 0.072515
v 0.145534 0.074713 0.070384
v 0.146064 0.077545 0.070444
v 0.144811 0.075077 0.066931
v 0.145909 0.077426 0.069282
v 0.145748 0.070742 0.076536
v 0.143170 0.081626 0.046946
v 0.141507 0.087079 0.041271
v 0.145348 0.074980 0.058006
v 0.156723 0.054143 0.082717
v 0.150668 0.063615 0.073024
v 0.153546 0.056481 0.093867
v 0.069751 0.062764 0.086427
v 0.070520 0.054996 0.099760
v 0.070232 0.076027 0.071033
v 0.156512 0.053500 0.061085
v 0.152075 0.062833 0.055020
v 0.148227 0.070947 0.049312
v 0.128042 0.089481 0.051980
v 0.101931 0.100101 0.056170
v 0.108463 0.104721 0.054954
v 0.104242 0.104228 0.054667
v 0.100242 0.104022 0.053973
v 0.100715 0.101850 0.054564
v 0.114850 0.104667 0.055461
v 0.103989 0.105472 0.052357
v 0.100041 0.105018 0.052098
v 0.108713 0.105904 0.052777
v 0.114909 0.105962 0.053283
v 0.104064 0.103833 0.050411
v 0.100135 0.104170 0.050183
v 0.108813 0.103671 0.050502
v 0.113752 0.102830 0.050962
v 0.096315 0.094998 0.063288
v 0.095203 0.097016 0.059102
v 0.094022 0.100370 0.053073
v 0.093678 0.102962 0.052962
v 0.093331 0.103917 0.051047
v 0.093283 0.103760 0.049081
v 0.082934 0.100550 0.048091
v 0.083920 0.097031 0.052509
v 0.083472 0.098308 0.050955
v 0.082859 0.101683 0.046321
v 0.123677 0.105429 0.054365
v 0.123712 0.103871 0.056681
v 0.123293 0.102338 0.055651
v 0.124144 0.103812 0.053117
v 0.130405 0.098502 0.051516
v 0.122468 0.095763 0.047830
v 0.123374 0.097954 0.047354
v 0.129081 0.093520 0.041493
v 0.130396 0.096278 0.041269
v 0.122291 0.099789 0.046077
v 0.129430 0.098207 0.038242
v 0.120271 0.099983 0.044715
v 0.126574 0.100108 0.038859
v 0.125925 0.091649 0.048972
v 0.128547 0.091714 0.047974
v 0.129320 0.106201 0.041795
v 0.127566 0.105292 0.040166
v 0.125846 0.106593 0.039212
v 0.125474 0.107167 0.036827
v 0.125293 0.100845 0.035639
v 0.127336 0.107547 0.035394
v 0.128086 0.097900 0.035285
v 0.126081 0.109274 0.039423
v 0.126171 0.109793 0.037286
v 0.127587 0.109948 0.036245
v 0.128870 0.114979 0.040362
v 0.129307 0.114985 0.038184
v 0.130603 0.113739 0.037617
v 0.131014 0.113204 0.039158
v 0.129487 0.109007 0.037545
v 0.130922 0.113234 0.040445
v 0.129054 0.108699 0.039207
v 0.129889 0.114169 0.041525
v 0.127310 0.108872 0.040299
v 0.134003 0.118661 0.041039
v 0.134183 0.118535 0.038998
v 0.134675 0.116488 0.038600
v 0.134831 0.115657 0.040195
v 0.134871 0.116038 0.041669
v 0.134596 0.117730 0.042361
v 0.145249 0.115142 0.040019
v 0.144750 0.114865 0.038231
v 0.143347 0.113500 0.038122
v 0.143083 0.113004 0.039550
v 0.143506 0.112874 0.041006
v 0.144973 0.114116 0.041702
v 0.147683 0.109374 0.038876
v 0.146990 0.109289 0.037330
v 0.145179 0.108947 0.037221
v 0.144731 0.108667 0.038671
v 0.145198 0.108219 0.040104
v 0.147147 0.108641 0.040644
v 0.147411 0.103142 0.037516
v 0.146693 0.103341 0.036098
v 0.145028 0.104070 0.036154
v 0.144595 0.104083 0.037531
v 0.144869 0.103364 0.038857
v 0.146890 0.102828 0.039301
v 0.144713 0.097570 0.035930
v 0.143902 0.098169 0.034477
v 0.142823 0.099862 0.034627
v 0.142476 0.100109 0.036253
v 0.142408 0.099171 0.037643
v 0.144108 0.097718 0.037907
v 0.140224 0.093207 0.034491
v 0.139464 0.094456 0.032441
v 0.139049 0.097206 0.032622
v 0.138329 0.097836 0.035837
v 0.138520 0.096004 0.038261
v 0.139596 0.093775 0.037425
v 0.130070 0.099713 0.031702
v 0.135103 0.104670 0.038886
v 0.134879 0.102784 0.044260
v 0.135932 0.105649 0.032707
v 0.090729 0.106438 0.043772
v 0.088967 0.109635 0.039000
v 0.120197 0.101908 0.040093
v 0.121614 0.103510 0.034523
v 0.115411 0.108683 0.036043
v 0.106866 0.112057 0.037835
v 0.097806 0.112251 0.038582
v 0.098568 0.107705 0.044686
v 0.105716 0.107214 0.045678
v 0.113929 0.105569 0.043346
v 0.132950 0.100505 0.023419
v 0.131765 0.096141 0.022618
v 0.085920 0.111277 0.032559
v 0.127589 0.101827 0.012691
v 0.120142 0.111937 0.016812
v 0.117562 0.110686 0.027044
v 0.110322 0.118093 0.019551
v 0.108266 0.115465 0.029054
v 0.098118 0.120024 0.021276
v 0.097362 0.115904 0.030756
v 0.086423 0.116099 0.023277
v 0.076653 0.107877 0.023918
v 0.071318 0.099180 0.025594
v 0.125735 0.102783 0.026408
v 0.129947 0.091787 0.010853
v 0.125171 0.101126 0.011474
v 0.118120 0.110168 0.014186
v 0.109535 0.116512 0.017569
v 0.098232 0.117909 0.019767
v 0.087577 0.114036 0.020725
v 0.078056 0.105567 0.021939
v 0.072670 0.096735 0.025051
v 0.069693 0.090823 0.028078
v 0.068748 0.086504 0.031489
v 0.132384 0.078800 0.016005
v 0.125067 0.096893 0.017802
v 0.120098 0.104443 0.023721
v 0.113818 0.109716 0.027058
v 0.102009 0.112261 0.031311
v 0.091144 0.110012 0.032099
v 0.080705 0.102628 0.032585
v 0.076261 0.094554 0.034487
v 0.073917 0.088178 0.035415
v 0.069551 0.078906 0.037801
v 0.111861 0.058859 0.027417
v 0.082634 0.058945 0.033091
v 0.068980 0.059780 0.036434
v 0.092042 0.058814 -0.012107
v 0.129854 0.005846 0.156714
v 0.132979 0.010319 0.178880
v 0.136390 0.015399 0.200874
v 0.137609 0.019089 0.212745
v 0.127074 0.002371 0.134328
v 0.124205 0.000884 0.118753
v 0.120243 -0.000325 0.103078
v 0.116847 -0.000840 0.087830
v 0.114371 -0.001420 0.074562
v 0.112291 -0.001525 0.060522
v 0.110461 -0.001628 0.046515
v 0.107798 -0.001653 0.032705
v 0.104585 -0.001766 0.016499
v 0.100050 -0.001829 -0.001419
v 0.096457 -0.001453 -0.014822
v 0.092396 -0.000710 -0.028736
v 0.087551 -0.000449 -0.044246
v 0.082360 -0.000314 -0.060083
v 0.076261 0.000357 -0.074507
v 0.070249 0.000862 -0.084823
v 0.070248 0.107409 0.032885
v 0.138422 0.101372 0.011559
v 0.136908 0.093940 -0.000737
v 0.133837 0.086929 -0.012952
v 0.130817 0.082556 -0.021560
v 0.053278 0.089917 0.006456
v 0.059045 0.097359 0.016560
v 0.064783 0.102952 0.025466
v 0.127384 0.079643 -0.030628
v 0.123445 0.079131 -0.040364
v 0.118492 0.080369 -0.050077
v 0.111417 0.083672 -0.058785
v 0.049880 0.083163 -0.042118
v 0.051282 0.082221 -0.029411
v 0.052583 0.086727 -0.052292
v 0.051882 0.082594 -0.017537
v 0.050982 0.084154 -0.005818
v 0.134116 0.106567 0.022444
v 0.130687 0.108663 0.033840
v 0.140166 0.118416 0.040802
v 0.140015 0.118199 0.038836
v 0.139472 0.116210 0.038669
v 0.139435 0.115469 0.040127
v 0.139691 0.115679 0.041614
v 0.140354 0.117392 0.042317
v 0.078990 0.052996 0.120035
v 0.074228 0.045602 0.118920
v 0.157845 0.046894 0.104521
v 0.161244 0.043727 0.099306
v 0.070689 0.042582 0.109729
v 0.068672 0.044820 0.110080
v 0.072290 0.047779 0.118918
v 0.076986 0.054941 0.120392
v 0.080953 0.062178 0.115613
v 0.082753 0.059520 0.114272
v 0.159220 0.049844 0.103654
v 0.162032 0.046646 0.098696
v 0.152231 0.052134 0.104921
v 0.154729 0.054262 0.104904
v 0.147788 0.057507 0.101510
v 0.150119 0.060451 0.101308
v 0.061243 0.019204 0.039381
v 0.077368 0.026982 0.173466
v 0.149920 0.019823 0.007693
v 0.155537 0.018738 0.024307
v 0.044836 0.023337 -0.073010
v 0.054539 0.024205 -0.086448
v 0.066176 0.023962 -0.094682
v 0.079794 0.023653 -0.098637
v 0.094875 0.024108 -0.097636
v 0.108708 0.024251 -0.092266
v 0.063127 0.019546 0.096847
v 0.063333 0.020206 0.111005
v 0.064620 0.021166 0.125221
v 0.070348 0.023623 0.153002
v 0.087026 0.030835 0.192716
v 0.099709 0.034679 0.210165
v 0.113117 0.037288 0.219609
v 0.125398 0.038288 0.222627
v 0.172273 0.029477 0.188146
v 0.163083 0.033195 0.205634
v 0.150942 0.036757 0.216672
v 0.137835 0.038416 0.221653
v 0.178331 0.025594 0.163215
v 0.181737 0.022488 0.137698
v 0.181712 0.019428 0.111965
v 0.179273 0.019067 0.094407
v 0.175051 0.018560 0.078527
v 0.169320 0.018233 0.062330
v 0.163584 0.018321 0.048002
v 0.144886 0.020636 -0.004607
v 0.141263 0.020840 -0.019726
v 0.138379 0.021118 -0.033742
v 0.120934 0.022948 -0.079872
v 0.129189 0.022405 -0.063109
v 0.133932 0.021684 -0.048772
v 0.063894 0.019140 0.081333
v 0.064566 0.019287 0.067527
v 0.064414 0.019393 0.057483
v 0.058449 0.019807 0.021913
v 0.041295 0.022750 -0.055710
v 0.042668 0.021389 -0.038395
v 0.045995 0.021273 -0.021672
v 0.051006 0.020998 -0.006283
v 0.055885 0.020539 0.008842
v 0.158111 0.018466 0.033635
v 0.066897 0.022278 0.139270
v 0.043569 0.026734 -0.038016
v 0.043633 0.028192 -0.054994
v 0.046350 0.028889 -0.072059
v 0.056447 0.029810 -0.084746
v 0.136206 0.026603 -0.033005
v 0.138417 0.026535 -0.019124
v 0.143097 0.026749 -0.001819
v 0.106800 0.029800 -0.089757
v 0.093791 0.029731 -0.094741
v 0.118607 0.028281 -0.077833
v 0.126740 0.027729 -0.061618
v 0.067379 0.029712 -0.092967
v 0.080226 0.029451 -0.096305
v 0.131777 0.026977 -0.047862
v 0.053183 0.026298 -0.006381
v 0.047988 0.026702 -0.021836
v 0.058206 0.026313 0.009585
v 0.060397 0.025762 0.023619
v 0.062275 0.026077 0.043361
v 0.062934 0.025681 0.044852
v 0.147943 0.026363 0.009851
vn -0.7191 0.5909 0.3657
vn -0.9149 -0.1028 0.3903
vn -0.9107 0.3679 0.1876
vn -0.8130 0.0072 0.5822
vn -0.8469 -0.4848 0.2184
vn -0.7914 -0.5477 0.2714
vn -0.9984 -0.0551 -0.0081
vn -0.9994 0.0334 0.0094
vn 0.5473 0.8365 0.0261
vn 0.6829 0.7297 -0.0352
vn 0.7212 0.4853 0.4943
vn 0.5826 0.6022 0.5459
vn -0.9885 -0.0344 0.1473
vn -0.9697 -0.1991 0.1415
vn -0.9720 -0.2026 0.1192
vn -0.9845 0.0175 0.1747
vn -0.9873 -0.0551 0.1492
vn -0.9559 -0.1187 0.2686
vn -0.9824 0.0851 0.1662
vn -0.9942 0.0004 0.1078
vn -0.9537 0.1803 0.2407
vn -0.9392 0.2144 0.2682
vn -0.9266 0.2431 0.2868
vn 0.8261 -0.0644 -0.5598
vn 0.3317 0.5943 -0.7326
vn -0.4858 0.8320 -0.2679
vn 0.5102 -0.1957 -0.8375
vn 0.6449 -0.1295 -0.7532
vn 0.9670 -0.1780 -0.1823
vn 0.9736 -0.1384 -0.1817
vn 0.9427 -0.0252 -0.3327
vn 0.3948 0.9083 0.1381
vn 0.3485 0.9311 0.1077
vn 0.4920 0.8705 -0.0086
vn 0.7145 0.6971 -0.0597
vn 0.8373 0.5468 -0.0022
vn 0.8850 0.4579 -0.0844
vn 0.8594 0.4703 -0.2007
vn 0.7864 0.6101 -0.0964
vn 0.9751 0.2173 0.0440
vn 0.9095 0.3898 0.1443
vn 0.9339 0.3220 -0.1554
vn 0.9416 0.1783 -0.2856
vn 0.9547 0.2028 -0.2178
vn 0.9408 0.3194 -0.1132
vn 0.5836 0.7835 0.2133
vn 0.6705 0.6486 0.3602
vn 0.7408 0.6506 0.1671
vn 0.5617 0.8260 0.0471
vn 0.2652 0.9639 -0.0212
vn 0.3213 0.9331 0.1616
vn 0.4750 0.7230 0.5016
vn -0.4663 0.8383 0.2824
vn -0.3633 0.9049 0.2219
vn -0.0658 0.9765 0.2050
vn -0.1048 0.9573 0.2695
vn -0.2227 0.9523 0.2086
vn -0.2522 0.9611 0.1130
vn -0.5282 0.7927 0.3043
vn -0.4049 0.7895 0.4612
vn -0.1029 0.8426 0.5286
vn -0.0493 0.9883 0.1446
vn -0.0411 0.9987 0.0301
vn -0.9474 0.1975 0.2520
vn -0.8683 -0.4495 0.2099
vn -0.9028 -0.3648 0.2276
vn 0.8600 0.3953 -0.3227
vn 0.9498 0.2051 -0.2361
vn 0.9462 -0.1302 -0.2963
vn 0.9366 -0.0091 -0.3502
vn -0.8276 -0.4743 0.3001
vn -0.9422 -0.1017 0.3191
vn -0.9645 0.1967 0.1764
vn -0.8509 -0.4833 0.2061
vn -0.9685 0.2168 0.1225
vn -0.9621 -0.1480 0.2289
vn 0.9646 0.2572 -0.0581
vn 0.9683 0.1586 -0.1931
vn 0.7514 0.5245 -0.4004
vn 0.5755 0.7450 -0.3374
vn 0.9375 0.0913 -0.3357
vn 0.7611 0.4546 -0.4626
vn -0.7788 0.6271 -0.0157
vn -0.9347 0.2223 0.2772
vn -0.8683 0.3444 0.3569
vn -0.6696 0.7425 0.0179
vn -0.8194 0.3929 0.4174
vn -0.6126 0.7611 0.2131
vn -0.8824 0.3240 0.3412
vn -0.8453 0.5307 -0.0616
vn -0.9793 0.1280 0.1568
vn -0.8980 0.4398 -0.0102
vn -0.9928 0.0464 0.1104
vn -0.7732 0.6341 -0.0076
vn -0.9940 0.0700 0.0842
vn -0.9901 0.0742 0.1195
vn -0.9794 0.0848 0.1835
vn -0.9878 0.1553 0.0134
vn -0.9888 0.1426 0.0450
vn -0.9922 0.1095 0.0601
vn -0.9961 0.0294 0.0827
vn -0.9649 -0.0615 0.2554
vn -0.9758 0.1751 -0.1307
vn -0.9766 0.1855 -0.1085
vn -0.9921 0.0904 -0.0871
vn -0.8735 0.4855 -0.0357
vn -0.9565 0.2574 0.1376
vn -0.9413 0.3083 0.1378
vn -0.9013 0.4307 -0.0460
vn -0.9175 0.2459 -0.3126
vn -0.9233 0.1490 -0.3539
vn -0.8416 0.4118 -0.3495
vn -0.7538 0.0921 -0.6506
vn -0.6338 0.4369 -0.6384
vn -0.8581 0.3680 -0.3580
vn -0.6221 0.4727 -0.6242
vn -0.7037 0.0532 -0.7085
vn -0.9158 0.0047 -0.4016
vn -0.3963 0.3876 -0.8323
vn -0.4339 0.0159 -0.9008
vn -0.0817 0.4011 -0.9124
vn -0.1075 -0.0233 -0.9939
vn 0.2091 0.5165 -0.8304
vn 0.2150 0.0696 -0.9741
vn 0.4777 0.5503 -0.6848
vn 0.5483 0.1321 -0.8258
vn -0.9239 0.3806 0.0399
vn -0.9601 0.2779 0.0320
vn -0.9966 0.0792 -0.0206
vn -0.9849 0.1682 0.0414
vn -0.6577 -0.7382 0.1498
vn -0.9746 0.1960 0.1082
vn -0.6471 -0.7616 0.0363
vn -0.6271 -0.7438 0.2312
vn -0.9629 0.2006 0.1803
vn -0.6042 -0.7377 0.3012
vn -0.6038 -0.6871 0.4041
vn -0.9150 0.2066 0.3465
vn -0.9532 0.1506 0.2622
vn -0.5485 -0.6525 0.5228
vn -0.8534 0.2170 0.4740
vn -0.4262 -0.6069 0.6708
vn -0.7122 0.1848 0.6772
vn -0.2380 -0.5645 0.7904
vn -0.4271 0.2427 0.8710
vn -0.0177 -0.5485 0.8360
vn -0.0906 0.2958 0.9509
vn -0.0797 0.6194 0.7810
vn 0.1967 0.6206 0.7590
vn 0.2047 0.8105 0.5489
vn -0.3795 0.5934 0.7099
vn 0.4793 0.5691 0.6681
vn 0.1207 0.9834 0.1357
vn 0.1017 0.9946 -0.0223
vn 0.2419 0.9697 0.0347
vn 0.1406 0.9874 0.0732
vn 0.0041 0.9936 0.1126
vn -0.2499 0.9594 0.1311
vn -0.5905 0.7767 0.2191
vn -0.7648 0.5503 0.3350
vn -0.6601 0.5430 0.5191
vn -0.6694 0.7188 0.1877
vn -0.8074 0.5373 0.2438
vn -0.7412 0.6304 0.2310
vn -0.8564 0.4842 0.1792
vn 0.1725 0.9695 0.1740
vn 0.1477 0.9618 0.2304
vn 0.4553 0.8903 -0.0061
vn 0.7312 0.6811 0.0380
vn 0.8808 0.4667 0.0797
vn 0.8753 0.4177 0.2437
vn 0.9366 0.0237 0.3496
vn 0.9773 0.1328 0.1653
vn 0.7462 0.4450 0.4952
vn 0.7977 0.0781 0.5980
vn 0.5398 0.2504 0.8037
vn 0.2242 0.3271 0.9180
vn 0.6453 -0.7146 0.2700
vn 0.6721 -0.7245 0.1528
vn 0.9763 0.2127 0.0392
vn 0.6910 -0.7225 0.0225
vn 0.9936 0.0843 -0.0751
vn 0.6859 -0.7204 -0.1028
vn 0.9692 0.1445 -0.1994
vn 0.6344 -0.7479 -0.1955
vn 0.9424 0.1569 -0.2953
vn 0.6234 -0.7358 -0.2643
vn 0.9354 0.0252 -0.3526
vn 0.8543 0.4527 -0.2556
vn 0.8907 0.3453 -0.2958
vn 0.8685 0.4107 -0.2775
vn 0.8468 0.4871 -0.2137
vn 0.9956 -0.0575 -0.0744
vn 0.9938 0.1088 -0.0210
vn 0.8999 0.2856 -0.3296
vn 0.8953 0.3075 -0.3224
vn 0.9561 -0.2874 -0.0579
vn 0.9088 0.3121 -0.2769
vn 0.9333 0.2788 -0.2264
vn 0.9414 -0.3359 -0.0311
vn 0.5761 -0.7799 -0.2446
vn 0.5739 -0.7918 -0.2091
vn 0.9459 -0.0906 -0.3116
vn 0.9301 -0.0514 -0.3638
vn 0.6091 -0.7722 -0.1809
vn 0.9515 0.0388 -0.3051
vn 0.5725 -0.7975 -0.1904
vn 0.6038 -0.7805 -0.1618
vn 0.9758 -0.0229 -0.2177
vn 0.6003 -0.7812 -0.1712
vn 0.9684 -0.0531 -0.2438
vn 0.8573 0.4772 -0.1930
vn 0.8613 0.4719 -0.1883
vn 0.8766 0.4421 -0.1900
vn 0.8365 0.5242 -0.1598
vn 0.9618 0.0432 -0.2704
vn 0.9521 0.0148 -0.3054
vn 0.9059 0.2790 -0.3187
vn 0.9412 0.1339 -0.3101
vn 0.9407 0.1129 -0.3198
vn 0.9495 0.1330 -0.2841
vn 0.9499 0.1050 -0.2945
vn 0.9631 0.2126 -0.1650
vn 0.9260 0.0060 -0.3776
vn 0.9571 0.1219 -0.2627
vn 0.9668 0.2269 -0.1178
vn 0.9483 0.3162 0.0287
vn 0.9359 0.3519 -0.0152
vn 0.9391 0.3411 0.0419
vn 0.9374 0.0899 -0.3363
vn 0.9291 0.1231 -0.3488
vn 0.9299 0.0949 -0.3553
vn 0.7447 0.4810 -0.4625
vn 0.9177 0.1678 -0.3600
vn 0.7186 0.5665 -0.4034
vn 0.8781 0.2449 -0.4111
vn 0.7817 0.5129 -0.3549
vn 0.8564 0.2368 -0.4587
vn 0.8005 0.4960 -0.3365
vn -0.7544 0.6564 -0.0049
vn -0.9180 0.2478 -0.3096
vn -0.9741 0.1757 -0.1425
vn -0.8700 0.4931 -0.0083
vn -0.4313 0.8658 0.2537
vn -0.3076 0.9487 -0.0733
vn -0.5482 0.4794 -0.6853
vn -0.7402 0.5991 -0.3054
vn -0.4595 0.5153 -0.7234
vn -0.4801 0.3784 -0.7914
vn -0.7605 0.3142 -0.5682
vn -0.7605 0.4178 -0.4971
vn 0.0434 0.9818 -0.1848
vn -0.0553 0.5344 -0.8434
vn -0.1048 0.4960 -0.8620
vn -0.0194 0.4145 -0.9098
vn 0.0037 0.2633 -0.9647
vn -0.4707 0.2405 -0.8489
vn 0.3138 0.4519 -0.8351
vn 0.3838 0.3265 -0.8638
vn 0.4217 0.2626 -0.8679
vn 0.3188 0.0891 -0.9436
vn -0.0367 0.0345 -0.9987
vn 0.6700 0.2857 -0.6852
vn 0.6745 0.2910 -0.6785
vn 0.5878 0.2021 -0.7833
vn 0.4950 0.4864 -0.7200
vn 0.2055 0.4642 -0.8616
vn 0.8011 0.3039 -0.5157
vn 0.7960 0.2391 -0.5561
vn 0.6804 0.5827 -0.4444
vn 0.6920 0.5477 -0.4702
vn 0.7871 0.5297 -0.3161
vn 0.7748 0.5570 -0.2991
vn 0.9256 0.0145 -0.3783
vn 0.8158 0.0369 -0.5772
vn 0.8317 0.4976 -0.2463
vn 0.9531 -0.0382 -0.3001
vn 0.5774 -0.7125 -0.3986
vn 0.4312 -0.6616 -0.6135
vn -0.4001 0.3633 -0.8414
vn -0.0645 0.4076 -0.9109
vn -0.4632 0.0485 -0.8849
vn -0.7689 0.2590 -0.5846
vn -0.8983 0.2758 -0.3421
vn -0.7297 0.6825 0.0405
vn 0.8274 0.5006 -0.2545
vn 0.9384 0.1249 -0.3221
vn 0.9574 0.1154 -0.2646
vn 0.8956 0.1863 -0.4039
vn 0.8572 0.2574 -0.4461
vn 0.9105 0.2053 -0.3590
vn 0.9371 0.1918 -0.2917
vn 0.9111 0.2032 -0.3586
vn 0.9351 0.1454 -0.3233
vn 0.8583 0.2263 -0.4605
vn 0.7984 0.2515 -0.5471
vn 0.8024 0.2689 -0.5327
vn 0.7331 0.6526 -0.1917
vn 0.4271 0.3425 -0.8368
vn 0.4949 0.5075 -0.7054
vn 0.7215 0.6121 -0.3237
vn 0.6911 0.4758 -0.5440
vn 0.3864 0.9206 0.0575
vn 0.6646 0.3522 -0.6590
vn 0.1806 -0.5477 0.8170
vn -0.9937 0.1118 0.0087
vn -0.9911 -0.1244 -0.0479
vn -0.9934 0.1145 -0.0007
vn -0.9856 -0.1684 -0.0183
vn -0.9381 0.3359 0.0844
vn -0.9787 -0.1836 0.0924
vn -0.9831 0.0699 0.1694
vn -0.9566 -0.2454 0.1574
vn -0.9332 0.3197 0.1638
vn -0.9723 -0.1646 0.1657
vn -0.6892 -0.6765 -0.2595
vn -0.6887 -0.7242 -0.0330
vn -0.9981 0.0070 -0.0613
vn -0.6361 -0.7644 0.1049
vn -0.9837 -0.1232 0.1312
vn -0.6240 -0.7649 0.1597
vn -0.9648 -0.0789 0.2510
vn -0.8700 0.4254 0.2491
vn -0.9501 -0.0558 0.3068
vn -0.8384 0.4700 0.2762
vn -0.8823 0.3700 0.2911
vn -0.9068 0.3147 0.2805
vn -0.9640 -0.1047 0.2445
vn -0.8847 0.4079 0.2256
vn -0.9388 0.2570 0.2291
vn -0.5324 0.8115 0.2407
vn -0.8229 0.5145 0.2411
vn -0.8289 0.4050 0.3860
vn -0.8752 0.3240 0.3591
vn 0.9763 0.2088 -0.0574
vn 0.8779 0.4142 -0.2403
vn 0.8891 0.2650 -0.3733
vn -0.9394 -0.2731 0.2074
vn -0.9927 0.0895 0.0813
vn -0.9575 0.2504 0.1433
vn -0.9475 -0.2174 0.2344
vn -0.9489 -0.1521 0.2767
vn 0.4183 0.6282 -0.6560
vn 0.6888 0.7215 -0.0710
vn -0.9595 0.2475 0.1348
vn -0.8965 0.4182 0.1466
vn -0.5381 0.8310 0.1413
vn -0.6677 0.7285 0.1532
vn -0.9520 0.2218 -0.2108
vn -0.8999 0.3406 0.2723
vn -0.7469 0.4737 0.4667
vn -0.6210 0.3076 0.7209
vn -0.5902 0.1944 0.7835
vn -0.4859 0.7560 0.4387
vn -0.5133 0.2398 0.8240
vn 0.6408 0.3237 0.6961
vn 0.8493 0.3131 0.4251
vn 0.4591 0.6758 0.5766
vn -0.2682 0.2079 0.9407
vn 0.1243 0.2354 0.9639
vn -0.1415 0.7301 0.6685
vn -0.5430 0.3374 -0.7690
vn -0.7215 0.6108 -0.3260
vn 0.8754 0.3987 -0.2733
vn 0.9207 0.2139 -0.3263
vn 0.6077 0.7937 -0.0270
vn 0.9468 0.2881 -0.1435
vn 0.9622 0.2643 0.0657
vn 0.4699 0.2861 0.8350
vn 0.6475 0.2783 0.7094
vn 0.4070 0.6724 0.6182
vn 0.0871 0.6494 0.7554
vn 0.0107 0.6424 0.7663
vn 0.3140 0.6505 0.6916
vn -0.9741 -0.0994 0.2032
vn -0.9603 -0.1941 0.2003
vn -0.9450 -0.1645 0.2828
vn -0.8991 -0.1056 0.4249
vn -0.7877 0.0219 0.6157
vn -0.5802 0.2208 0.7840
vn -0.6863 0.2883 0.6677
vn -0.2550 0.4966 0.8297
vn -0.3177 0.4469 0.8363
vn -0.5896 0.0156 0.8076
vn -0.0443 0.2434 0.9689
vn 0.8476 -0.0848 0.5238
vn -0.1717 0.6465 0.7434
vn -0.2307 0.8172 0.5281
vn 0.7107 0.5460 0.4436
vn 0.8559 0.4737 0.2074
vn -0.2481 0.7953 0.5531
vn -0.4334 0.8896 0.1442
vn 0.5961 0.6285 -0.4997
vn 0.8954 0.4452 -0.0124
vn -0.1826 0.8435 0.5052
vn -0.5213 0.8485 0.0907
vn 0.3497 0.7071 -0.6146
vn 0.8489 0.5151 -0.1182
vn -0.1955 0.8887 0.4147
vn -0.4054 0.8523 0.3306
vn 0.7573 0.5505 0.3514
vn 0.8796 -0.4068 0.2465
vn -0.8069 0.4882 0.3325
vn -0.5425 0.3206 0.7765
vn -0.7364 0.6320 -0.2414
vn -0.7606 0.5306 0.3741
vn -0.0930 0.5112 0.8544
vn -0.2929 0.1351 0.9466
vn -0.7224 0.6027 -0.3391
vn -0.8052 0.5011 0.3171
vn -0.7328 0.4725 0.4897
vn -0.6927 0.7074 0.1405
vn 0.0768 0.8025 -0.5917
vn -0.7935 0.5141 0.3256
vn -0.8429 0.5360 0.0460
vn -0.7598 0.2128 0.6143
vn -0.5613 0.3559 0.7472
vn 0.0007 0.4916 0.8708
vn -0.3504 0.9052 0.2406
vn -0.7388 0.6687 -0.0830
vn -0.8134 0.0361 0.5806
vn -0.9431 0.3176 0.0985
vn 0.0981 0.4115 0.9061
vn -0.3575 0.1345 0.9242
vn -0.3375 0.9390 0.0664
vn -0.7994 0.6007 -0.0022
vn -0.8165 0.0312 0.5764
vn -0.7640 0.3604 0.5352
vn -0.9807 0.1953 0.0075
vn -0.8836 0.4584 0.0957
vn -0.9224 0.2775 0.2687
vn -0.7890 0.4559 0.4118
vn -0.8859 0.0300 0.4630
vn -0.8143 0.4560 0.3592
vn -0.7800 0.4522 0.4325
vn -0.7378 0.5175 0.4335
vn -0.0706 0.8697 0.4885
vn -0.3657 0.3767 0.8511
vn -0.6402 0.1005 0.7616
vn -0.7627 0.4317 0.4815
vn -0.8411 -0.0740 0.5358
vn -0.8104 0.4028 0.4255
vn -0.9948 -0.0979 0.0273
vn -0.8483 0.3950 0.3527
vn -0.7174 0.6299 -0.2977
vn -0.7960 0.4827 0.3653
vn 0.7270 0.6863 -0.0223
vn 0.5055 0.2266 0.8325
vn -0.2057 -0.4599 0.8638
vn -0.7692 -0.6199 0.1550
vn -0.8157 -0.2264 -0.5323
vn -0.0492 0.4052 -0.9129
vn 0.9103 0.3720 -0.1814
vn 0.6419 -0.0340 0.7661
vn -0.3431 -0.3403 0.8755
vn -0.9183 -0.3134 0.2419
vn -0.9280 -0.0529 -0.3689
vn -0.0897 0.1460 -0.9852
vn 0.8075 -0.0064 -0.5899
vn 0.7866 -0.1028 0.6089
vn -0.3072 -0.0248 0.9513
vn -0.8938 0.0946 0.4385
vn -0.9690 0.2351 -0.0755
vn -0.4161 -0.0204 -0.9091
vn 0.5162 -0.4290 -0.7412
vn 0.8694 -0.3559 0.3427
vn 0.0873 0.1916 0.9776
vn -0.5909 0.4927 0.6388
vn -0.7607 0.6180 0.1985
vn -0.7316 0.1025 -0.6740
vn 0.2543 -0.8671 -0.4284
vn 0.6834 -0.5330 0.4989
vn 0.4138 0.3578 0.8371
vn -0.1575 0.8186 0.5524
vn -0.4562 0.8898 -0.0093
vn -0.7065 0.0847 -0.7026
vn -0.1811 -0.9618 -0.2054
vn 0.5586 -0.5350 0.6338
vn 0.6193 0.4266 0.6591
vn 0.2817 0.9077 0.3111
vn -0.1132 0.9544 -0.2761
vn -0.7055 0.0670 -0.7056
vn -0.4234 -0.9046 -0.0499
vn 0.1110 -0.4023 0.9088
vn 0.7488 0.4417 0.4942
vn 0.4925 0.8696 -0.0355
vn 0.1715 0.8437 -0.5086
vn -0.5796 0.2448 -0.7773
vn -0.8236 0.3853 0.4162
vn -0.9341 0.1912 0.3015
vn -0.8347 0.4123 0.3651
vn -0.9166 0.0355 0.3982
vn -0.8715 0.3376 0.3558
vn -0.8238 0.4912 0.2829
vn -0.2781 0.3189 0.9061
vn -0.6304 0.2734 0.7266
vn -0.3795 0.8937 0.2394
vn -0.6204 0.7650 -0.1727
vn -0.3214 0.9457 -0.0495
vn -0.6316 0.7090 -0.3136
vn -0.7695 -0.1108 0.6289
vn -0.6774 0.0116 0.7355
vn -0.7682 0.5475 -0.3319
vn -0.7077 0.6491 -0.2790
vn -0.9469 -0.1929 0.2573
vn -0.8878 0.2273 0.4001
vn -0.9914 0.1099 -0.0708
vn -0.8835 0.4253 0.1963
vn -0.8210 0.4815 0.3068
vn -0.0502 0.5718 0.8189
vn -0.8604 0.4026 0.3125
vn -0.8234 -0.1791 0.5384
vn 0.8611 0.4175 0.2903
vn 0.7250 0.6525 -0.2204
vn 0.0769 0.5757 -0.8141
vn -0.6576 0.3894 -0.6450
vn -0.0553 0.3625 -0.9303
vn -0.5278 0.3861 -0.7565
vn -0.7530 0.4598 -0.4707
vn 0.5215 0.8042 0.2850
vn -0.9384 0.2861 -0.1940
vn -0.9755 0.2139 0.0507
vn -0.9594 0.2320 0.1602
vn -0.9227 0.3266 0.2046
vn -0.9153 0.2598 0.3077
vn -0.8567 0.2906 0.4262
vn -0.5931 0.3740 0.7130
vn -0.1664 0.5488 0.8192
vn -0.2131 0.5906 0.7783
vn -0.0750 0.5702 0.8181
vn 0.1781 0.6859 0.7056
vn 0.2430 0.7025 0.6690
vn 0.2117 0.6999 0.6822
vn 0.0036 0.8124 0.5831
vn 0.8281 0.4309 0.3586
vn 0.9582 0.2860 0.0044
vn 0.9560 0.2690 -0.1171
vn 0.8905 0.3823 -0.2466
vn 0.9242 0.1948 -0.3284
vn 0.8743 0.0890 -0.4772
vn 0.1865 0.7857 -0.5898
vn 0.1923 0.7695 -0.6090
vn 0.7365 0.1732 -0.6539
vn -0.5987 0.6590 -0.4553
vn -0.4026 0.7877 -0.4663
vn -0.4223 0.8463 -0.3247
vn -0.4458 0.8721 -0.2018
vn -0.3650 0.9304 -0.0346
vn -0.1969 0.9731 0.1196
vn 0.0081 0.9731 0.2302
vn 0.3838 0.8805 0.2782
vn -0.2901 0.8963 0.3352
vn 0.1034 0.9685 0.2264
vn 0.4025 0.9140 0.0509
vn 0.3678 0.9185 -0.1454
vn 0.0386 0.9410 -0.3361
vn 0.2192 0.8321 -0.5094
vn 0.3582 0.3801 0.8528
vn -0.1851 0.9609 -0.2062
vn 0.4477 0.4502 0.7726
vn -0.1329 0.9520 -0.2758
vn 0.5164 0.3188 0.7948
vn 0.0062 0.9937 -0.1117
vn 0.5617 0.1400 0.8154
vn 0.2879 0.5827 0.7600
vn 0.5881 0.0477 0.8074
vn 0.4415 -0.3475 0.8273
vn 0.9531 -0.2788 0.1177
vn -0.3157 -0.2983 -0.9007
vn -0.4494 -0.4318 -0.7820
vn -0.7971 0.2158 -0.5640
vn -0.1972 0.9100 0.3646
vn 0.2993 -0.8852 0.3563
vn 0.2415 -0.8316 0.5001
vn -0.0460 -0.5928 0.8040
vn 0.5732 0.3394 0.7458
vn 0.5426 0.3833 0.7475
vn 0.3529 0.7267 0.5894
vn 0.1790 0.9768 0.1172
vn -0.2201 0.9635 -0.1525
vn -0.0561 0.9101 -0.4107
vn 0.9454 -0.0077 -0.3258
vn 0.9654 0.0862 -0.2462
vn 0.8372 0.5069 0.2052
vn 0.3635 0.5523 -0.7502
vn 0.7017 0.1751 -0.6906
vn 0.1131 0.8505 -0.5136
vn -0.5329 0.7463 -0.3989
vn -0.5545 0.8009 0.2262
vn 0.4500 0.7544 0.4778
vn 0.4755 0.7452 0.4675
vn 0.4639 0.7501 0.4713
vn 0.9850 0.0814 -0.1520
vn 0.9944 0.1008 0.0331
vn 0.9433 0.3248 0.0682
vn 0.9092 0.4063 0.0909
vn 0.5673 0.8229 0.0326
vn 0.5549 0.6716 0.4910
vn 0.2035 0.9441 -0.2593
vn -0.8861 0.3115 0.3432
vn 0.8939 0.2996 0.3335
vn 0.7586 0.3666 0.5386
vn 0.8439 0.4709 0.2571
vn 0.9657 0.2179 0.1415
vn 0.9837 0.1779 0.0258
vn 0.9803 0.1951 -0.0322
vn 0.9974 0.0319 -0.0653
vn 0.9866 -0.1391 -0.0857
vn 0.9674 -0.1992 -0.1566
vn 0.9763 0.0466 -0.2114
vn 0.2976 0.6399 0.7085
vn 0.2161 0.6307 0.7454
vn 0.3320 0.5782 0.7453
vn 0.4339 0.4846 0.7595
vn 0.2349 0.6682 0.7059
vn -0.1066 0.7110 0.6950
vn 0.0914 0.6918 0.7163
vn 0.2580 0.7146 0.6503
vn -0.2219 0.8780 0.4242
vn 0.1085 0.6534 0.7492
vn -0.1889 0.9165 0.3525
vn 0.4100 0.8708 0.2712
vn 0.4217 0.8794 0.2208
vn 0.0093 -0.9777 0.2099
vn 0.0094 -0.9847 0.1741
vn 0.1664 0.9285 0.3319
vn 0.1126 0.8990 0.4231
vn -0.8961 0.4358 0.0844
vn -0.8722 0.4732 0.1243
vn 0.5565 0.8279 -0.0696
vn 0.2723 0.4092 0.8709
vn -0.1913 0.9703 -0.1480
vn 0.3958 0.2623 0.8801
vn -0.0522 0.9983 -0.0264
vn 0.4082 0.3246 0.8533
vn 0.0642 0.9785 0.1962
vn 0.1400 0.3229 0.9360
vn 0.4334 0.2080 0.8769
vn -0.2534 -0.2708 -0.9287
vn -0.4036 -0.1527 -0.9021
vn -0.8892 0.4479 -0.0934
vn -0.1900 0.5653 0.8027
vn 0.3380 -0.8341 0.4359
vn 0.1081 -0.9655 0.2369
vn -0.0732 0.1125 0.9910
vn 0.4481 0.3906 0.8041
vn 0.5677 0.6799 0.4642
vn 0.8270 0.2133 -0.5201
vn 0.6407 0.3907 0.6610
vn 0.1246 -0.3794 0.9168
vn 0.0129 0.5792 0.8151
vn -0.1224 0.9904 0.0640
vn -0.1572 0.6608 -0.7339
vn -0.0167 0.9999 -0.0006
vn -0.1602 0.7163 -0.6792
vn 0.1850 0.5075 0.8416
vn 0.1878 -0.4915 0.8504
vn 0.0015 -0.3127 -0.9498
vn -0.4226 0.8805 -0.2150
vn 0.3236 -0.9334 -0.1552
vn -0.2158 -0.0958 0.9717
vn 0.2091 0.5396 0.8155
vn 0.0476 0.9960 0.0750
vn -0.1173 0.7993 -0.5894
vn -0.0753 0.9574 -0.2789
vn 0.2097 -0.0557 0.9762
vn 0.1901 0.4072 0.8934
vn 0.1661 0.4023 0.9003
vn 0.0425 0.6802 0.7318
vn 0.4625 0.1869 0.8667
vn 0.2101 -0.3031 0.9295
vn 0.2295 0.4826 0.8453
vn 0.0465 0.9979 -0.0452
vn -0.1200 0.7226 -0.6807
vn 0.4589 0.8457 -0.2724
vn 0.1528 0.9859 -0.0675
vn -0.9143 -0.3508 -0.2027
vn -0.2185 -0.3922 -0.8935
vn -0.1519 0.7383 -0.6571
vn 0.1731 0.9811 0.0870
vn 0.4101 0.9063 0.1019
vn 0.2912 0.4974 0.8172
vn 0.4883 0.2936 0.8218
vn 0.2503 -0.1956 0.9482
vn 0.3534 0.1236 0.9273
vn -0.0052 -0.9286 0.3710
vn -0.6439 -0.5774 0.5020
vn 0.6332 0.0607 0.7716
vn 0.6409 0.7414 -0.1989
vn 0.9239 0.1102 0.3664
vn 0.7775 0.4799 -0.4064
vn 0.5531 0.7478 -0.3673
vn 0.7784 0.5597 -0.2841
vn 0.6535 0.0068 0.7569
vn 0.9085 0.1553 0.3879
vn 0.9342 0.3556 -0.0293
vn 0.9961 -0.0880 0.0045
vn 0.8232 0.5492 -0.1439
vn 0.8490 0.1495 -0.5068
vn 0.1439 0.4156 0.8981
vn -0.3441 0.6189 0.7061
vn -0.4112 0.2685 0.8711
vn 0.1437 0.7689 0.6231
vn -0.8349 0.2267 0.5016
vn 0.1828 0.0113 0.9831
vn 0.0825 0.5882 0.8045
vn 0.0830 0.2921 0.9528
vn -0.2271 0.9492 0.2180
vn -0.1648 0.5748 0.8015
vn -0.2783 0.9597 0.0384
vn 0.7331 -0.1825 0.6551
vn 0.7287 0.1585 0.6662
vn 0.4671 0.4475 0.7626
vn 0.3431 0.8789 0.3314
vn 0.2416 0.3397 0.9090
vn -0.4420 0.5409 0.7156
vn 0.5163 0.8350 0.1903
vn -0.4503 0.6975 0.5574
vn 0.4105 0.9085 -0.0783
vn 0.2895 0.9539 0.0795
vn 0.4089 0.9111 0.0515
vn 0.3600 0.9239 -0.1299
vn 0.3189 0.9363 -0.1473
vn 0.0329 0.7277 0.6851
vn 0.1479 0.5834 0.7986
vn 0.2001 0.9580 -0.2054
vn 0.1086 0.9934 -0.0365
vn -0.1059 0.7692 0.6302
vn -0.1891 0.5523 0.8119
vn -0.2412 0.5868 0.7730
vn 0.1907 0.8551 0.4822
vn 0.5191 0.6732 0.5266
vn -0.2052 0.9717 0.1173
vn -0.1229 0.9902 0.0669
vn 0.7047 0.6939 0.1480
vn -0.2217 0.9742 0.0429
vn -0.3267 0.5110 0.7951
vn -0.6463 0.4736 0.5983
vn -0.7059 0.5383 0.4603
vn -0.3676 0.7835 0.5009
vn -0.9432 0.0615 0.3265
vn -0.8635 0.3363 0.3759
vn -0.4071 -0.0653 0.9110
vn -0.1666 0.3390 0.9259
vn 0.3128 0.3864 0.8677
vn 0.0177 0.4086 0.9125
vn 0.3249 0.5748 0.7510
vn 0.9123 0.3417 0.2256
vn 0.7933 -0.0394 0.6076
vn 0.6904 0.3570 0.6292
vn 0.6443 -0.0571 0.7626
vn -0.3512 0.5594 0.7508
vn 0.3351 0.8972 0.2876
vn 0.2566 -0.6645 0.7019
vn -0.0035 0.6301 0.7765
vn -0.1328 0.7330 0.6672
vn 0.0745 0.9936 -0.0846
vn -0.1016 0.9945 0.0249
vn 0.1952 0.8309 -0.5210
vn 0.0289 0.9911 0.1301
vn -0.1306 -0.7150 0.6868
vn 0.0213 0.4052 0.9140
vn 0.1940 0.9716 -0.1352
vn 0.4937 0.2744 -0.8252
vn 0.8000 0.5596 0.2163
vn 0.6017 0.3948 0.6943
vn 0.6093 0.2817 0.7412
vn 0.3018 0.3685 0.8792
vn 0.7285 0.6699 -0.1435
vn 0.4173 0.8987 -0.1348
vn 0.6211 0.6598 -0.4229
vn -0.2707 0.5401 -0.7969
vn -0.9754 -0.1038 0.1947
vn -0.9724 -0.1667 0.1634
vn -0.7471 -0.6647 -0.0113
vn -0.6639 0.2363 0.7095
vn -0.7549 0.4709 0.4565
vn -0.3251 0.7776 0.5382
vn -0.9128 0.2552 0.3188
vn -0.7415 -0.1424 0.6557
vn -0.9607 0.1948 0.1979
vn 0.7231 -0.2156 0.6562
vn 0.4709 -0.5670 0.6758
vn 0.9373 -0.0569 0.3439
vn 0.1460 -0.9819 -0.1210
vn 0.1199 0.2998 0.9464
vn -0.4427 0.3513 0.8250
vn -0.1785 0.5744 0.7989
vn 0.2277 0.9624 0.1484
vn -0.2817 0.9403 0.1908
vn 0.1643 0.8000 0.5771
vn 0.3805 0.6621 0.6456
vn 0.4992 0.8149 0.2943
vn 0.6995 0.7110 0.0724
vn 0.2953 0.9107 0.2889
vn 0.4507 0.8818 -0.1386
vn 0.0704 0.9732 -0.2189
vn -0.1767 0.9169 -0.3580
vn 0.4424 0.8032 -0.3989
vn -0.4867 0.8039 0.3417
vn 0.4019 0.9136 0.0613
vn 0.7634 0.6455 0.0211
vn 0.6213 0.7684 0.1535
vn 0.2593 0.9639 0.0608
vn -0.2037 0.8029 0.5602
vn -0.2699 0.9335 0.2360
vn -0.3433 0.9051 0.2509
vn 0.3703 0.7993 0.4733
vn 0.9742 -0.1444 -0.1732
vn 0.9850 0.1552 -0.0757
vn 0.5734 0.7766 0.2608
vn 0.4829 0.4030 0.7774
vn -0.2521 0.8618 0.4402
vn -0.3650 0.3123 0.8771
vn -0.1183 0.5026 0.8564
vn -0.2436 0.6960 0.6755
vn -0.1378 0.2013 0.9698
vn -0.2214 0.9751 -0.0103
vn -0.1934 0.9807 0.0279
vn 0.0767 0.8147 0.5748
vn 0.3561 0.3138 0.8802
vn 0.1007 0.9944 -0.0309
vn 0.9108 0.3906 0.1334
vn 0.7927 0.5555 0.2510
vn 0.1039 0.0063 0.9946
vn 0.2155 0.3694 0.9039
vn 0.7438 0.4932 -0.4512
vn -0.1935 0.8844 -0.4248
vn 0.5036 0.8564 -0.1137
vn -0.3089 -0.1248 0.9429
vn 0.6215 0.1305 0.7725
vn 0.9036 0.3741 -0.2086
vn 0.0345 0.3602 -0.9322
vn 0.9251 0.3145 -0.2126
vn 0.8169 0.4891 -0.3058
vn 0.9350 0.1900 0.2995
vn 0.7324 0.2739 0.6234
vn -0.9096 -0.4152 0.0130
vn 0.5840 0.8110 0.0339
vn 0.6803 -0.6740 0.2881
vn 0.8957 0.4410 0.0576
vn 0.7906 0.4416 -0.4241
vn 0.9422 0.2975 -0.1540
vn 0.7499 0.1511 0.6440
vn 0.8148 0.2725 0.5117
vn 0.9726 0.2166 0.0849
vn 0.8808 0.4321 0.1936
vn 0.8031 0.5858 -0.1089
vn 0.9529 -0.0619 -0.2968
vn 0.8705 0.4771 0.1211
vn 0.8899 0.4485 0.0838
vn 0.9381 0.3446 0.0359
vn 0.9335 0.3483 0.0853
vn 0.8458 0.5293 0.0676
vn 0.8336 0.5485 0.0648
vn 0.7961 0.5992 0.0844
vn -0.8704 0.3968 0.2915
vn -0.8225 0.4450 0.3542
vn 0.6160 0.4360 0.6561
vn 0.9018 0.4282 -0.0581
vn 0.9031 0.4294 0.0004
vn 0.8791 0.4735 0.0543
vn -0.6882 0.2744 0.6716
vn -0.0915 0.6825 0.7251
vn -0.1418 0.7437 0.6533
vn -0.1881 0.6025 0.7757
vn -0.3301 0.3459 0.8783
vn -0.0971 0.2298 0.9684
vn -0.0939 0.9903 -0.1027
vn -0.1451 0.9881 0.0506
vn -0.0365 0.9894 -0.1404
vn 0.0516 0.9752 -0.2154
vn 0.0548 0.9932 0.1031
vn 0.0032 0.9968 0.0800
vn 0.1161 0.9906 -0.0721
vn 0.4802 0.8169 -0.3195
vn -0.2853 0.8767 0.3872
vn -0.2350 0.8399 0.4892
vn -0.2160 0.4434 0.8699
vn -0.2852 0.5067 0.8136
vn -0.2752 0.9375 0.2128
vn -0.1615 0.9610 0.2243
vn 0.4059 0.6821 0.6083
vn 0.1585 0.9792 -0.1267
vn -0.1012 0.2520 0.9624
vn -0.1924 -0.9409 0.2788
vn 0.1013 -0.1256 -0.9869
vn -0.9902 0.1052 0.0920
vn 0.6531 0.2983 0.6960
vn 0.6373 0.3211 0.7006
vn -0.0982 0.5774 0.8105
vn -0.7047 0.3714 0.6046
vn 0.4176 0.8864 0.1995
vn -0.3896 0.3931 0.8329
vn 0.3485 0.9298 0.1180
vn 0.1825 0.5528 0.8131
vn 0.3964 0.7242 0.5643
vn -0.5945 0.7700 0.2316
vn -0.2825 0.7950 0.5368
vn -0.7686 -0.1229 0.6279
vn -0.8396 -0.0449 0.5413
vn -0.9295 0.1898 -0.3162
vn 0.3113 0.7306 -0.6077
vn -0.5395 0.1425 -0.8298
vn -0.1006 0.7662 -0.6347
vn -0.8770 0.1799 0.4455
vn -0.8361 0.4135 -0.3605
vn -0.0759 0.3856 -0.9195
vn -0.7527 0.5738 0.3227
vn -0.5196 0.5972 -0.6111
vn 0.4128 -0.1055 -0.9047
vn 0.8038 -0.5731 -0.1596
vn 0.8219 0.5645 -0.0766
vn 0.5852 -0.6386 0.4997
vn 0.7354 0.2598 0.6258
vn -0.2053 -0.0488 0.9775
vn -0.1374 -0.1008 0.9854
vn -0.3042 0.9072 0.2907
vn -0.1921 0.7823 -0.5926
vn 0.1966 -0.2965 -0.9346
vn 0.2830 -0.9535 -0.1032
vn 0.0754 -0.6824 0.7271
vn -0.1328 0.3371 0.9321
vn 0.2931 0.9342 0.2035
vn 0.2060 0.7180 -0.6649
vn -0.1787 -0.3876 -0.9043
vn -0.3185 -0.9391 -0.1287
vn -0.2035 -0.6886 0.6960
vn 0.2201 0.3691 0.9030
vn 0.4707 0.4854 -0.7367
vn 0.7564 0.6488 0.0832
vn 0.9786 0.2030 -0.0349
vn 0.5825 0.2300 -0.7796
vn -0.4620 -0.1941 -0.8654
vn -0.5288 0.0865 -0.8443
vn -0.7835 -0.6149 -0.0898
vn -0.9844 -0.1725 -0.0352
vn -0.5093 -0.5091 0.6939
vn -0.6301 -0.2486 0.7356
vn 0.4677 0.1665 0.8681
vn 0.5559 -0.0953 0.8258
vn 0.9717 -0.2042 -0.1189
vn 0.5967 0.0231 -0.8021
vn -0.4585 0.3626 -0.8114
vn -0.9731 0.2302 -0.0036
vn -0.6435 0.0045 0.7655
vn 0.5313 -0.3433 0.7745
vn 0.8239 -0.5442 -0.1582
vn 0.5525 -0.1274 -0.8237
vn -0.1888 0.5948 -0.7814
vn -0.7398 0.6718 0.0372
vn -0.4547 0.3768 0.8070
vn 0.4021 -0.4820 0.7784
vn 0.9945 -0.0913 -0.0514
vn -0.0564 0.9333 -0.3547
vn 0.3837 0.3601 -0.8504
vn 0.4718 0.8445 0.2534
vn 0.7558 0.3910 0.5252
vn 0.9046 -0.0160 0.4259
vn -0.1377 0.9318 -0.3359
vn -0.9040 0.2804 -0.3226
vn 0.7562 0.6140 0.2264
vn 0.6828 0.6955 0.2237
vn 0.7263 0.6870 0.0236
vn -0.2212 0.7970 0.5620
vn -0.2835 0.8283 0.4833
vn 0.5279 0.7692 0.3602
vn 0.2326 0.8571 0.4596
vn 0.1231 0.8391 0.5299
vn 0.4433 0.8169 0.3689
vn 0.5912 0.7513 0.2933
vn 0.4764 0.8080 0.3465
vn -0.0827 0.8547 0.5126
vn -0.1135 0.8044 0.5831
vn -0.9356 0.2071 -0.2858
vn -0.5690 0.7250 -0.3880
vn -0.2621 0.8923 -0.3675
vn -0.4447 0.8143 0.3730
vn 0.6930 0.5435 -0.4737
vn 0.7134 0.6864 0.1412
vn 0.6302 0.7432 -0.2247
vn 0.5839 0.7647 0.2726
vn 0.3321 0.9286 -0.1655
vn 0.2885 0.8925 0.3468
vn -0.1021 0.9642 -0.2447
vn -0.1055 0.9080 0.4055
vn -0.4779 0.8683 -0.1331
vn -0.7369 0.6178 -0.2745
vn -0.5657 0.4141 -0.7130
vn -0.3732 -0.2253 -0.9000
vn -0.3360 -0.0447 -0.9408
vn -0.3080 0.0236 -0.9511
vn -0.1917 0.0584 -0.9797
vn -0.1109 -0.1410 -0.9838
vn -0.0433 -0.0930 -0.9947
vn -0.0044 -0.2751 -0.9614
vn 0.1174 -0.4603 -0.8800
vn 0.1589 -0.6036 -0.7813
vn 0.2010 -0.6282 -0.7517
vn -0.9017 0.0843 -0.4241
vn -0.8683 -0.2329 -0.4380
vn -0.7591 -0.3095 -0.5726
vn -0.5504 -0.4809 -0.6824
vn -0.1748 -0.5494 -0.8171
vn 0.1817 -0.5569 -0.8105
vn 0.4115 -0.4566 -0.7888
vn 0.3293 -0.3135 -0.8907
vn 0.1288 -0.2375 -0.9628
vn 0.3811 -0.0486 -0.9233
vn -0.3163 0.6890 -0.6522
vn -0.1161 0.7238 -0.6802
vn 0.0315 0.9994 -0.0108
vn 0.5838 -0.7153 0.3840
vn 0.0128 -0.9656 0.2599
vn 0.0260 -0.9502 0.3104
vn 0.3194 -0.6656 0.6746
vn 0.5291 -0.6340 0.5641
vn -0.5679 -0.8079 0.1575
vn -0.0077 -0.9999 -0.0102
vn -0.0027 -1.0000 0.0058
vn -0.5484 -0.8280 0.1171
vn 0.0117 -0.9923 0.1230
vn 0.0051 -0.9964 0.0851
vn -0.0018 -0.9984 0.0557
vn 0.0011 -0.9993 0.0386
vn 0.5762 -0.7742 -0.2619
vn -0.0019 -0.9997 0.0257
vn -0.0083 -0.9999 0.0084
vn -0.0064 -1.0000 0.0056
vn -0.0108 -0.9999 0.0065
vn -0.5998 -0.7806 0.1756
vn -0.0196 -0.9992 -0.0350
vn -0.6204 -0.7639 0.1778
vn -0.0161 -0.9994 -0.0303
vn -0.0070 -0.9999 -0.0105
vn -0.0055 -0.9997 -0.0250
vn -0.0088 -0.9990 -0.0432
vn -0.0140 -0.9990 -0.0431
vn 0.1569 -0.6620 -0.7329
vn -0.5975 -0.8015 -0.0220
vn -0.5927 -0.8044 -0.0403
vn -0.5665 -0.8240 -0.0087
vn -0.5896 -0.8059 0.0549
vn 0.6268 -0.7538 -0.1971
vn 0.6121 -0.7494 -0.2524
vn -0.3260 -0.6545 -0.6821
vn -0.0921 -0.7305 -0.6766
vn -0.5655 -0.6416 -0.5182
vt 0.806558 0.526267
vt 0.801415 0.528052
vt 0.803872 0.520120
vt 0.807441 0.523569
vt 0.808967 0.529810
vt 0.805535 0.533175
vt 0.807251 0.528236
vt 0.827387 0.536049
vt 0.835744 0.540998
vt 0.832702 0.544161
vt 0.825441 0.541093
vt 0.802819 0.481923
vt 0.805814 0.474292
vt 0.809897 0.477910
vt 0.809733 0.480284
vt 0.718093 0.338297
vt 0.728219 0.334917
vt 0.729059 0.344070
vt 0.720654 0.350703
vt 0.721174 0.326614
vt 0.729471 0.325050
vt 0.710981 0.334028
vt 0.714406 0.325612
vt 0.709206 0.345321
vt 0.705422 0.341179
vt 0.711590 0.353184
vt 0.863464 0.524939
vt 0.861568 0.520296
vt 0.862554 0.519687
vt 0.864805 0.524997
vt 0.456949 0.610438
vt 0.454358 0.612321
vt 0.453231 0.612577
vt 0.454267 0.608094
vt 0.452160 0.613834
vt 0.452174 0.609955
vt 0.800540 0.490940
vt 0.793328 0.490165
vt 0.794357 0.481579
vt 0.794999 0.473008
vt 0.794253 0.465085
vt 0.802132 0.462202
vt 0.810677 0.460818
vt 0.812134 0.467493
vt 0.813954 0.473958
vt 0.812035 0.474771
vt 0.904236 0.391976
vt 0.912209 0.388510
vt 0.914993 0.394543
vt 0.907171 0.397736
vt 0.764456 0.487224
vt 0.760155 0.485863
vt 0.767512 0.479659
vt 0.769685 0.484559
vt 0.770419 0.490957
vt 0.763899 0.492014
vt 0.757283 0.492273
vt 0.796409 0.517654
vt 0.788980 0.515358
vt 0.791069 0.507150
vt 0.798565 0.508827
vt 0.764294 0.507717
vt 0.768621 0.509402
vt 0.765204 0.514502
vt 0.760285 0.510068
vt 0.757867 0.504281
vt 0.763947 0.503499
vt 0.770020 0.503757
vt 0.718957 0.362744
vt 0.729901 0.358103
vt 0.726508 0.367863
vt 0.922460 0.377686
vt 0.913205 0.377322
vt 0.913410 0.375413
vt 0.922361 0.375600
vt 0.840353 0.545373
vt 0.842477 0.546742
vt 0.837735 0.546353
vt 0.733770 0.352695
vt 0.735789 0.340133
vt 0.735446 0.350210
vt 0.922650 0.414915
vt 0.927914 0.411208
vt 0.929211 0.413590
vt 0.923786 0.417935
vt 0.935282 0.406254
vt 0.936096 0.409155
vt 0.699231 0.336441
vt 0.701666 0.337959
vt 0.698004 0.343134
vt 0.695656 0.341557
vt 0.695175 0.347410
vt 0.693003 0.346039
vt 0.701301 0.345828
vt 0.703088 0.330373
vt 0.705818 0.331439
vt 0.706120 0.324064
vt 0.709118 0.324024
vt 0.707158 0.318140
vt 0.710060 0.318131
vt 0.715738 0.317927
vt 0.722266 0.317679
vt 0.710067 0.310921
vt 0.715887 0.310282
vt 0.722445 0.309349
vt 0.729722 0.308378
vt 0.729643 0.316750
vt 0.715263 0.302812
vt 0.721650 0.301081
vt 0.728636 0.299817
vt 0.735715 0.298901
vt 0.736483 0.307599
vt 0.735498 0.307713
vt 0.734621 0.299025
vt 0.720098 0.292656
vt 0.727384 0.291279
vt 0.734022 0.290127
vt 0.725806 0.283208
vt 0.732607 0.281801
vt 0.735084 0.289975
vt 0.733918 0.281607
vt 0.735865 0.281577
vt 0.736975 0.289845
vt 0.733023 0.274556
vt 0.735043 0.274438
vt 0.732149 0.267480
vt 0.734266 0.267286
vt 0.992386 0.380389
vt 0.984962 0.379659
vt 0.985164 0.377637
vt 0.992776 0.378236
vt 0.977700 0.379122
vt 0.977814 0.377048
vt 0.734678 0.384335
vt 0.735378 0.377153
vt 0.737481 0.377579
vt 0.736786 0.384722
vt 0.746213 0.394097
vt 0.735994 0.391914
vt 0.747095 0.386952
vt 0.745204 0.401236
vt 0.735154 0.399079
vt 0.744033 0.408371
vt 0.742305 0.415406
vt 0.732916 0.413298
vt 0.734217 0.406207
vt 0.738967 0.428454
vt 0.730243 0.425557
vt 0.735522 0.441677
vt 0.727264 0.438722
vt 0.733897 0.448132
vt 0.725539 0.446896
vt 0.732849 0.454426
vt 0.724672 0.453188
vt 0.752399 0.505416
vt 0.752152 0.498484
vt 0.756914 0.498121
vt 0.754751 0.511777
vt 0.753792 0.491122
vt 0.763727 0.497818
vt 0.770543 0.497420
vt 0.781846 0.489712
vt 0.781339 0.497415
vt 0.780245 0.505128
vt 0.778214 0.512216
vt 0.775191 0.519096
vt 0.771716 0.526066
vt 0.760379 0.518684
vt 0.786389 0.523227
vt 0.782637 0.531380
vt 0.793891 0.525986
vt 0.789025 0.534068
vt 0.792297 0.498743
vt 0.799295 0.499973
vt 0.781794 0.482359
vt 0.781410 0.475445
vt 0.780679 0.469686
vt 0.765943 0.476652
vt 0.843821 0.380976
vt 0.827811 0.383312
vt 0.827649 0.381727
vt 0.843604 0.379217
vt 0.817751 0.384915
vt 0.817634 0.383443
vt 0.809426 0.386563
vt 0.809319 0.384873
vt 0.802446 0.387213
vt 0.802224 0.385457
vt 0.842469 0.369914
vt 0.857134 0.367468
vt 0.858048 0.377438
vt 0.866202 0.366589
vt 0.866728 0.376330
vt 0.875244 0.365937
vt 0.875714 0.376096
vt 0.884581 0.365312
vt 0.884042 0.375783
vt 0.893485 0.365215
vt 0.892768 0.375520
vt 0.818541 0.459583
vt 0.826984 0.458050
vt 0.827201 0.461836
vt 0.819468 0.463958
vt 0.829470 0.467998
vt 0.821970 0.470925
vt 0.834763 0.456999
vt 0.834705 0.460183
vt 0.836048 0.465099
vt 0.842525 0.455481
vt 0.840485 0.458230
vt 0.842570 0.460349
vt 0.907554 0.364678
vt 0.914564 0.364457
vt 0.908471 0.375333
vt 0.900639 0.377247
vt 0.892652 0.377308
vt 0.900626 0.375425
vt 0.928633 0.363910
vt 0.929163 0.375650
vt 0.921588 0.364074
vt 0.936854 0.363559
vt 0.937108 0.375396
vt 0.944905 0.363481
vt 0.944378 0.375300
vt 0.944309 0.377378
vt 0.944380 0.378604
vt 0.937266 0.378880
vt 0.937183 0.377479
vt 0.937719 0.385623
vt 0.930371 0.387214
vt 0.928215 0.379213
vt 0.938492 0.392428
vt 0.931805 0.394371
vt 0.925077 0.397553
vt 0.922748 0.390690
vt 0.917437 0.401114
vt 0.920094 0.383169
vt 0.927165 0.403371
vt 0.920176 0.407750
vt 0.913390 0.411698
vt 0.909271 0.404729
vt 0.917438 0.419100
vt 0.933318 0.400326
vt 0.939255 0.398217
vt 0.940137 0.404086
vt 0.940754 0.406972
vt 0.945647 0.403422
vt 0.945671 0.405426
vt 0.951241 0.403318
vt 0.951091 0.404929
vt 0.957336 0.404074
vt 0.957013 0.405717
vt 0.704574 0.300079
vt 0.707044 0.297822
vt 0.708662 0.304234
vt 0.706572 0.305440
vt 0.698428 0.294533
vt 0.694834 0.287721
vt 0.696357 0.286831
vt 0.699774 0.293509
vt 0.701038 0.283760
vt 0.708427 0.279995
vt 0.710402 0.285929
vt 0.703816 0.290194
vt 0.692025 0.282569
vt 0.693303 0.281444
vt 0.698128 0.279198
vt 0.705957 0.275109
vt 0.714017 0.271179
vt 0.716080 0.277114
vt 0.982422 0.414569
vt 0.978037 0.411835
vt 0.981107 0.404439
vt 0.985905 0.406608
vt 0.982570 0.396479
vt 0.988369 0.398244
vt 0.984421 0.388447
vt 0.990487 0.389731
vt 0.973643 0.402006
vt 0.975341 0.394615
vt 0.977325 0.387174
vt 0.977660 0.380313
vt 0.984857 0.381195
vt 0.967286 0.393057
vt 0.968414 0.385856
vt 0.969031 0.379095
vt 0.969111 0.377841
vt 0.959734 0.378835
vt 0.959688 0.377624
vt 0.959892 0.375564
vt 0.969227 0.375918
vt 0.952267 0.377285
vt 0.952305 0.375293
vt 0.970204 0.364220
vt 0.978441 0.365115
vt 0.731595 0.274712
vt 0.730516 0.267940
vt 0.991832 0.382048
vt 0.724223 0.275617
vt 0.718085 0.284673
vt 0.722693 0.268855
vt 0.713391 0.294045
vt 0.707309 0.311787
vt 0.952269 0.378513
vt 0.952293 0.384766
vt 0.944871 0.384919
vt 0.959931 0.385100
vt 0.959467 0.391914
vt 0.952171 0.391413
vt 0.945215 0.391548
vt 0.951771 0.397485
vt 0.945364 0.397465
vt 0.958592 0.398228
vt 0.965941 0.399870
vt 0.964175 0.406494
vt 0.962679 0.408019
vt 0.975360 0.414589
vt 0.974449 0.416075
vt 0.968572 0.412640
vt 0.969687 0.411675
vt 0.978935 0.420635
vt 0.973556 0.417527
vt 0.979788 0.419158
vt 0.971784 0.409209
vt 0.732489 0.459621
vt 0.724140 0.459469
vt 0.757949 0.483344
vt 0.736366 0.369293
vt 0.738207 0.369718
vt 0.736739 0.362372
vt 0.738646 0.362686
vt 0.736992 0.357619
vt 0.738894 0.357562
vt 0.737236 0.348325
vt 0.739179 0.348192
vt 0.737238 0.339560
vt 0.739198 0.339167
vt 0.748442 0.288968
vt 0.749256 0.297246
vt 0.737648 0.298687
vt 0.749786 0.306320
vt 0.738435 0.307421
vt 0.749805 0.315160
vt 0.738572 0.316043
vt 0.736639 0.316181
vt 0.738767 0.324255
vt 0.736781 0.324380
vt 0.735596 0.324544
vt 0.735435 0.316270
vt 0.739008 0.332358
vt 0.737044 0.332628
vt 0.735617 0.332976
vt 0.704933 0.356800
vt 0.703514 0.349623
vt 0.846437 0.456164
vt 0.836682 0.539720
vt 0.841254 0.544562
vt 0.929259 0.377845
vt 0.921815 0.379237
vt 0.847078 0.454678
vt 0.908616 0.377173
vt 0.820633 0.533340
vt 0.818356 0.538258
vt 0.811185 0.535462
vt 0.814660 0.532015
vt 0.811622 0.531210
vt 0.461521 0.613544
vt 0.457286 0.620647
vt 0.479567 0.622540
vt 0.478175 0.626218
vt 0.473247 0.628656
vt 0.474627 0.622806
vt 0.480449 0.618642
vt 0.476662 0.630133
vt 0.475076 0.633907
vt 0.473360 0.637203
vt 0.470833 0.642301
vt 0.470145 0.635294
vt 0.468878 0.645288
vt 0.453627 0.639995
vt 0.452636 0.636101
vt 0.460488 0.637424
vt 0.465855 0.647458
vt 0.462610 0.648325
vt 0.465039 0.637966
vt 0.480609 0.613911
vt 0.473587 0.617494
vt 0.451795 0.623384
vt 0.451806 0.618881
vt 0.456858 0.630237
vt 0.451933 0.627624
vt 0.452127 0.631737
vt 0.458877 0.647379
vt 0.455280 0.644422
vt 0.812543 0.520020
vt 0.813709 0.521928
vt 0.811863 0.522039
vt 0.811092 0.520477
vt 0.827563 0.534782
vt 0.843328 0.546651
vt 0.820840 0.532109
vt 0.815121 0.530651
vt 0.812187 0.529777
vt 0.809714 0.528470
vt 0.808362 0.527340
vt 0.807833 0.525988
vt 0.808676 0.524112
vt 0.711432 0.382064
vt 0.712844 0.386839
vt 0.709282 0.383812
vt 0.832049 0.519281
vt 0.831355 0.520749
vt 0.824911 0.521643
vt 0.824632 0.520195
vt 0.838965 0.518679
vt 0.839082 0.520074
vt 0.834892 0.521475
vt 0.834638 0.519868
vt 0.847962 0.517590
vt 0.848275 0.518968
vt 0.844250 0.519690
vt 0.844073 0.518445
vt 0.851988 0.517002
vt 0.852380 0.518411
vt 0.855736 0.518269
vt 0.855681 0.516787
vt 0.818055 0.523079
vt 0.819305 0.521896
vt 0.707362 0.376198
vt 0.705222 0.379409
vt 0.701111 0.374279
vt 0.704595 0.373350
vt 0.703084 0.371060
vt 0.699194 0.372009
vt 0.696854 0.368224
vt 0.701203 0.368367
vt 0.695193 0.365917
vt 0.698909 0.364688
vt 0.697943 0.362861
vt 0.693980 0.363717
vt 0.692144 0.360107
vt 0.696430 0.359513
vt 0.690716 0.356229
vt 0.697158 0.356022
vt 0.690942 0.350427
vt 0.690195 0.349099
vt 0.704795 0.367006
vt 0.707321 0.369665
vt 0.708226 0.372257
vt 0.625025 0.493539
vt 0.626173 0.493225
vt 0.625722 0.497008
vt 0.624685 0.498001
vt 0.625905 0.498762
vt 0.623265 0.498054
vt 0.623601 0.493892
vt 0.622196 0.497988
vt 0.622376 0.493747
vt 0.621876 0.499803
vt 0.625297 0.489299
vt 0.626180 0.489265
vt 0.623125 0.489184
vt 0.624070 0.489310
vt 0.773492 0.459859
vt 0.768676 0.458565
vt 0.768675 0.457184
vt 0.772745 0.458553
vt 0.773182 0.461329
vt 0.768239 0.460043
vt 0.772198 0.462222
vt 0.767811 0.461152
vt 0.764332 0.457186
vt 0.764461 0.456279
vt 0.763822 0.458803
vt 0.763349 0.459599
vt 0.763434 0.457235
vt 0.762685 0.456562
vt 0.763112 0.458456
vt 0.762122 0.458496
vt 0.702945 0.364007
vt 0.701104 0.358522
vt 0.701912 0.360978
vt 0.695343 0.353814
vt 0.696607 0.353811
vt 0.697511 0.354742
vt 0.698499 0.354676
vt 0.699423 0.355984
vt 0.698993 0.353564
vt 0.700783 0.353774
vt 0.698503 0.352544
vt 0.699185 0.350710
vt 0.697234 0.352338
vt 0.696357 0.351139
vt 0.623641 0.450906
vt 0.624571 0.449905
vt 0.626172 0.450499
vt 0.625689 0.451327
vt 0.623147 0.451879
vt 0.625456 0.452353
vt 0.623075 0.453266
vt 0.625499 0.453199
vt 0.623661 0.454455
vt 0.625990 0.453952
vt 0.624476 0.455624
vt 0.626459 0.454988
vt 0.625251 0.457115
vt 0.626615 0.456098
vt 0.628044 0.450454
vt 0.627846 0.451436
vt 0.627737 0.452414
vt 0.627829 0.453075
vt 0.628295 0.453687
vt 0.628622 0.454680
vt 0.628418 0.455808
vt 0.630053 0.450105
vt 0.630037 0.451228
vt 0.629937 0.452311
vt 0.630088 0.452929
vt 0.630550 0.453438
vt 0.630822 0.454385
vt 0.630388 0.455445
vt 0.632142 0.449818
vt 0.632271 0.450908
vt 0.632078 0.451896
vt 0.632270 0.452516
vt 0.632731 0.453031
vt 0.632949 0.454030
vt 0.632480 0.455175
vt 0.634278 0.449750
vt 0.634517 0.450761
vt 0.634240 0.451581
vt 0.634437 0.452153
vt 0.634868 0.452766
vt 0.635109 0.453926
vt 0.634594 0.455143
vt 0.636338 0.449486
vt 0.636768 0.450616
vt 0.636517 0.451529
vt 0.636691 0.452118
vt 0.637057 0.452759
vt 0.637268 0.453922
vt 0.636673 0.455205
vt 0.638188 0.449466
vt 0.639008 0.450395
vt 0.638844 0.451428
vt 0.639016 0.452042
vt 0.639319 0.452816
vt 0.639372 0.453790
vt 0.638623 0.455045
vt 0.690448 0.352863
vt 0.698346 0.349219
vt 0.703588 0.360882
vt 0.624992 0.487937
vt 0.625578 0.487447
vt 0.623852 0.488059
vt 0.623129 0.487161
vt 0.711493 0.374889
vt 0.709742 0.371166
vt 0.622833 0.461537
vt 0.620193 0.461840
vt 0.619879 0.460426
vt 0.622943 0.460431
vt 0.623291 0.462946
vt 0.620395 0.462817
vt 0.623676 0.463824
vt 0.620384 0.464104
vt 0.616410 0.461465
vt 0.616147 0.460089
vt 0.616607 0.462832
vt 0.616420 0.464008
vt 0.615149 0.461428
vt 0.614254 0.460917
vt 0.615009 0.462570
vt 0.613715 0.463283
vt 0.713002 0.378761
vt 0.709956 0.380759
vt 0.717354 0.382726
vt 0.714424 0.380418
vt 0.716439 0.389214
vt 0.714638 0.388205
vt 0.724285 0.386991
vt 0.723334 0.388854
vt 0.721710 0.389888
vt 0.719530 0.379100
vt 0.725108 0.380907
vt 0.725056 0.384080
vt 0.639527 0.448718
vt 0.641020 0.450014
vt 0.641082 0.450921
vt 0.641460 0.451919
vt 0.641622 0.453343
vt 0.641310 0.454411
vt 0.640256 0.455351
vt 0.689014 0.352626
vt 0.690069 0.350994
vt 0.689676 0.349707
vt 0.980347 0.417538
vt 0.694776 0.280578
vt 0.697899 0.285903
vt 0.701031 0.292498
vt 0.967398 0.413706
vt 0.482156 0.616073
vt 0.481224 0.619572
vt 0.480411 0.623170
vt 0.479129 0.626814
vt 0.477643 0.630542
vt 0.476055 0.634270
vt 0.474519 0.637930
vt 0.471910 0.642074
vt 0.469349 0.645461
vt 0.465944 0.647878
vt 0.462399 0.648658
vt 0.458738 0.647674
vt 0.455158 0.644475
vt 0.452973 0.639967
vt 0.452047 0.636204
vt 0.451428 0.631862
vt 0.451118 0.627590
vt 0.450999 0.623312
vt 0.451047 0.618785
vt 0.451307 0.614230
vt 0.450664 0.614261
vt 0.450869 0.610637
vt 0.451337 0.610540
vt 0.483813 0.615339
vt 0.482600 0.619239
vt 0.481351 0.623808
vt 0.480099 0.627363
vt 0.478609 0.630940
vt 0.477029 0.634641
vt 0.475147 0.638347
vt 0.473276 0.642272
vt 0.469996 0.645834
vt 0.466168 0.648595
vt 0.462185 0.649381
vt 0.458434 0.648275
vt 0.454826 0.644795
vt 0.452392 0.640066
vt 0.451592 0.636266
vt 0.450930 0.631928
vt 0.450538 0.627572
vt 0.450306 0.623276
vt 0.450338 0.618726
vt 0.777633 0.460947
vt 0.777264 0.462344
vt 0.780757 0.461657
vt 0.780307 0.462984
vt 0.783929 0.462296
vt 0.783361 0.463634
vt 0.655860 0.501120
vt 0.654349 0.500337
vt 0.655859 0.497548
vt 0.656709 0.498012
vt 0.655682 0.504345
vt 0.654611 0.503527
vt 0.773623 0.462629
vt 0.774529 0.458529
vt 0.776860 0.463167
vt 0.780110 0.463959
vt 0.782788 0.464369
vt 0.655660 0.497270
vt 0.654593 0.497950
vt 0.777712 0.460140
vt 0.780855 0.460904
vt 0.783742 0.461476
vt 0.657178 0.500717
vt 0.657235 0.497824
vt 0.656599 0.504357
vt 0.855825 0.513458
vt 0.857667 0.513785
vt 0.856126 0.517260
vt 0.856001 0.517176
vt 0.859228 0.514918
vt 0.856439 0.517591
vt 0.859710 0.516127
vt 0.856593 0.517857
vt 0.847599 0.516224
vt 0.851733 0.515491
vt 0.854846 0.514767
vt 0.859487 0.517489
vt 0.860044 0.520879
vt 0.858896 0.521289
vt 0.857045 0.517791
vt 0.862417 0.525329
vt 0.861684 0.525643
vt 0.860421 0.517646
vt 0.862195 0.516452
vt 0.853103 0.513023
vt 0.851857 0.512926
vt 0.849863 0.512612
vt 0.844092 0.516893
vt 0.842275 0.517941
vt 0.841531 0.516143
vt 0.838072 0.517307
vt 0.839171 0.516989
vt 0.843827 0.513279
vt 0.846925 0.512702
vt 0.841405 0.513408
vt 0.713076 0.360119
vt 0.811953 0.477186
vt 0.811495 0.478477
vt 0.810623 0.475979
vt 0.813011 0.476005
vt 0.814456 0.475064
vt 0.822569 0.472404
vt 0.829804 0.469289
vt 0.836607 0.466335
vt 0.843664 0.461301
vt 0.847498 0.456523
vt 0.913369 0.379165
vt 0.908635 0.382907
vt 0.900849 0.386384
vt 0.812859 0.482161
vt 0.811470 0.483197
vt 0.810496 0.481884
vt 0.811888 0.481009
vt 0.816687 0.483929
vt 0.815709 0.485754
vt 0.813332 0.484660
vt 0.814637 0.483312
vt 0.811098 0.510634
vt 0.809743 0.521100
vt 0.804460 0.510398
vt 0.811917 0.493804
vt 0.806537 0.491676
vt 0.456098 0.773230
vt 0.461252 0.759468
vt 0.485216 0.756470
vt 0.483796 0.769891
vt 0.805073 0.501146
vt 0.811370 0.502805
vt 0.835636 0.547397
vt 0.830873 0.546036
vt 0.824033 0.544628
vt 0.816329 0.542606
vt 0.809302 0.540841
vt 0.802355 0.538785
vt 0.795592 0.536426
vt 0.918402 0.421363
vt 0.624345 0.502902
vt 0.622803 0.502634
vt 0.624076 0.506887
vt 0.622863 0.506105
vt 0.624135 0.510906
vt 0.622906 0.509746
vt 0.782553 0.450446
vt 0.784079 0.453786
vt 0.782658 0.453260
vt 0.781420 0.451110
vt 0.621886 0.502376
vt 0.621821 0.506230
vt 0.621837 0.509131
vt 0.784927 0.454080
vt 0.785341 0.453321
vt 0.625056 0.502723
vt 0.624975 0.506545
vt 0.625027 0.510579
vt 0.782262 0.454029
vt 0.780694 0.451451
vt 0.816770 0.519018
vt 0.821515 0.521482
vt 0.818814 0.518653
vt 0.626772 0.461305
vt 0.627545 0.462140
vt 0.627477 0.463117
vt 0.627450 0.463921
vt 0.633888 0.463197
vt 0.633823 0.463870
vt 0.634128 0.462082
vt 0.633885 0.461217
vt 0.627135 0.464527
vt 0.625105 0.464653
vt 0.633578 0.465067
vt 0.624559 0.459603
vt 0.626913 0.460318
vt 0.634016 0.460420
vt 0.626879 0.465641
vt 0.624674 0.466516
vt 0.638895 0.462102
vt 0.638723 0.463188
vt 0.638554 0.464003
vt 0.638462 0.464838
vt 0.638430 0.461411
vt 0.638351 0.460925
vt 0.824690 0.502799
vt 0.822301 0.509898
vt 0.820074 0.509018
vt 0.820748 0.504495
vt 0.633780 0.466607
vt 0.818072 0.504112
vt 0.818447 0.508162
vt 0.818742 0.500087
vt 0.643278 0.461254
vt 0.642651 0.460329
vt 0.643500 0.461884
vt 0.644766 0.463308
vt 0.644611 0.463954
vt 0.644783 0.465136
vt 0.654704 0.463645
vt 0.654210 0.464306
vt 0.649618 0.464560
vt 0.650058 0.463839
vt 0.650066 0.463239
vt 0.654892 0.462263
vt 0.649484 0.462051
vt 0.654970 0.460770
vt 0.649519 0.461596
vt 0.655385 0.459870
vt 0.649300 0.461153
vt 0.654360 0.459581
vt 0.654916 0.466008
vt 0.649705 0.466266
vt 0.658097 0.460216
vt 0.658616 0.461715
vt 0.661700 0.460172
vt 0.661897 0.461303
vt 0.659227 0.463521
vt 0.662794 0.463069
vt 0.657874 0.459332
vt 0.662584 0.458829
vt 0.663860 0.459424
vt 0.662609 0.460140
vt 0.664329 0.461228
vt 0.662879 0.460976
vt 0.824220 0.499944
vt 0.821271 0.498444
vt 0.821515 0.483122
vt 0.822165 0.483890
vt 0.821735 0.487653
vt 0.824233 0.484155
vt 0.823223 0.487208
vt 0.824950 0.483703
vt 0.831073 0.485822
vt 0.830538 0.486739
vt 0.643242 0.467620
vt 0.631096 0.426908
vt 0.624473 0.425083
vt 0.624843 0.424071
vt 0.632231 0.425819
vt 0.629076 0.427954
vt 0.623988 0.426091
vt 0.626898 0.428184
vt 0.623259 0.427080
vt 0.617508 0.424243
vt 0.616686 0.423146
vt 0.618341 0.425386
vt 0.619081 0.426431
vt 0.821029 0.518090
vt 0.821957 0.522981
vt 0.822293 0.519073
vt 0.823757 0.519009
vt 0.825064 0.518412
vt 0.707271 0.382029
vt 0.634800 0.427136
vt 0.635313 0.425301
vt 0.647274 0.420871
vt 0.646624 0.422319
vt 0.646224 0.424246
vt 0.637405 0.427659
vt 0.646209 0.424858
vt 0.639162 0.428486
vt 0.633718 0.428485
vt 0.635201 0.428159
vt 0.637718 0.428928
vt 0.635726 0.429628
vt 0.631369 0.428391
vt 0.633137 0.427838
vt 0.634173 0.430059
vt 0.631757 0.429099
vt 0.629346 0.428805
vt 0.622848 0.430411
vt 0.622634 0.429313
vt 0.619214 0.431293
vt 0.618857 0.430126
vt 0.623135 0.431564
vt 0.623436 0.432168
vt 0.619267 0.432399
vt 0.620305 0.433419
vt 0.825348 0.513841
vt 0.823689 0.514333
vt 0.822115 0.510866
vt 0.827676 0.516909
vt 0.828675 0.517541
vt 0.829818 0.516758
vt 0.645733 0.431943
vt 0.645060 0.432811
vt 0.645019 0.434229
vt 0.644705 0.435151
vt 0.824750 0.495320
vt 0.825593 0.487562
vt 0.829113 0.489453
vt 0.825099 0.487254
vt 0.834680 0.487909
vt 0.834069 0.490436
vt 0.832022 0.490843
vt 0.835027 0.486796
vt 0.830252 0.489160
vt 0.831224 0.490193
vt 0.781304 0.454525
vt 0.779685 0.452802
vt 0.780980 0.455398
vt 0.778802 0.453731
vt 0.777321 0.448767
vt 0.778747 0.448955
vt 0.778000 0.451087
vt 0.776866 0.451472
vt 0.782835 0.455378
vt 0.827931 0.501763
vt 0.832816 0.502055
vt 0.832961 0.504668
vt 0.830037 0.512245
vt 0.834120 0.494897
vt 0.780160 0.448448
vt 0.783166 0.449895
vt 0.786118 0.452887
vt 0.784186 0.449163
vt 0.787013 0.452203
vt 0.785197 0.448560
vt 0.787112 0.451105
vt 0.780755 0.447300
vt 0.781011 0.446759
vt 0.781955 0.446004
vt 0.783110 0.445297
vt 0.888030 0.409662
vt 0.891214 0.412031
vt 0.891320 0.415898
vt 0.888187 0.413251
vt 0.629916 0.476957
vt 0.625915 0.476397
vt 0.626420 0.475387
vt 0.630537 0.475831
vt 0.629480 0.478121
vt 0.625159 0.477718
vt 0.629048 0.479331
vt 0.624180 0.478914
vt 0.618064 0.478072
vt 0.618227 0.476664
vt 0.618499 0.475345
vt 0.618597 0.474631
vt 0.837513 0.489318
vt 0.836169 0.488602
vt 0.836432 0.487542
vt 0.837388 0.487521
vt 0.836761 0.491457
vt 0.835459 0.490934
vt 0.840505 0.488267
vt 0.840260 0.489815
vt 0.845331 0.487515
vt 0.845332 0.488966
vt 0.776394 0.448005
vt 0.777923 0.447444
vt 0.779012 0.447286
vt 0.640660 0.440052
vt 0.639826 0.440019
vt 0.640452 0.441227
vt 0.641660 0.440004
vt 0.773476 0.443960
vt 0.774066 0.443045
vt 0.774600 0.442579
vt 0.789612 0.447822
vt 0.790229 0.449918
vt 0.787424 0.450486
vt 0.786556 0.448041
vt 0.785828 0.445422
vt 0.789112 0.445390
vt 0.785825 0.448211
vt 0.784361 0.445067
vt 0.791203 0.447323
vt 0.791453 0.450081
vt 0.790278 0.444835
vt 0.790445 0.451252
vt 0.785579 0.444806
vt 0.788920 0.443325
vt 0.791006 0.443673
vt 0.792036 0.447203
vt 0.792264 0.450603
vt 0.779212 0.446173
vt 0.780010 0.446743
vt 0.779962 0.447331
vt 0.625449 0.481248
vt 0.617858 0.479988
vt 0.618373 0.478913
vt 0.624519 0.479881
vt 0.774814 0.441883
vt 0.779878 0.445127
vt 0.838930 0.492069
vt 0.838840 0.493247
vt 0.839859 0.491657
vt 0.840869 0.491890
vt 0.845566 0.493100
vt 0.836674 0.495056
vt 0.837849 0.498396
vt 0.836298 0.499006
vt 0.833326 0.499237
vt 0.834181 0.518814
vt 0.837113 0.517724
vt 0.830868 0.515842
vt 0.832952 0.515789
vt 0.837434 0.515260
vt 0.620046 0.502626
vt 0.619415 0.498762
vt 0.620284 0.506323
vt 0.619482 0.510243
vt 0.833310 0.511461
vt 0.834627 0.505513
vt 0.785340 0.455432
vt 0.837736 0.511110
vt 0.836751 0.506874
vt 0.789598 0.456526
vt 0.789108 0.457480
vt 0.790713 0.455834
vt 0.791213 0.455217
vt 0.791959 0.459636
vt 0.791283 0.460426
vt 0.793289 0.458841
vt 0.794388 0.458363
vt 0.790569 0.461165
vt 0.788668 0.458066
vt 0.793881 0.460331
vt 0.792984 0.460868
vt 0.792377 0.461578
vt 0.792122 0.462565
vt 0.794840 0.460300
vt 0.841825 0.519465
vt 0.840310 0.516436
vt 0.897322 0.416319
vt 0.896141 0.418838
vt 0.892912 0.417701
vt 0.893218 0.413224
vt 0.900762 0.419127
vt 0.900500 0.421438
vt 0.630616 0.444682
vt 0.631615 0.446537
vt 0.628906 0.446450
vt 0.628614 0.442079
vt 0.632613 0.442238
vt 0.631148 0.443384
vt 0.882905 0.409525
vt 0.884609 0.405709
vt 0.882136 0.405464
vt 0.881054 0.407508
vt 0.877752 0.403640
vt 0.625667 0.445486
vt 0.625759 0.444809
vt 0.625581 0.443853
vt 0.625704 0.442757
vt 0.621475 0.443472
vt 0.623161 0.442243
vt 0.621762 0.445036
vt 0.622892 0.446243
vt 0.626355 0.446439
vt 0.624819 0.447118
vt 0.626099 0.441610
vt 0.627939 0.441329
vt 0.624743 0.440806
vt 0.628224 0.446942
vt 0.900204 0.413912
vt 0.900937 0.415775
vt 0.901322 0.418678
vt 0.902024 0.419221
vt 0.902784 0.414732
vt 0.897619 0.411886
vt 0.894090 0.409399
vt 0.633273 0.479824
vt 0.633584 0.478460
vt 0.633654 0.477394
vt 0.634070 0.476446
vt 0.635411 0.477668
vt 0.634011 0.477969
vt 0.635512 0.479648
vt 0.634163 0.478491
vt 0.891581 0.408671
vt 0.889117 0.405887
vt 0.886308 0.402935
vt 0.898781 0.406776
vt 0.904799 0.409637
vt 0.902503 0.412844
vt 0.901131 0.412814
vt 0.907995 0.412193
vt 0.890442 0.401312
vt 0.894279 0.407421
vt 0.892521 0.407330
vt 0.884883 0.396191
vt 0.885845 0.400897
vt 0.884383 0.400396
vt 0.883591 0.401221
vt 0.879425 0.398739
vt 0.715542 0.372316
vt 0.715972 0.379383
vt 0.715128 0.377253
vt 0.708636 0.364616
vt 0.709102 0.368777
vt 0.704341 0.362816
vt 0.725066 0.374943
vt 0.873695 0.398103
vt 0.873660 0.396357
vt 0.877957 0.391860
vt 0.876262 0.392431
vt 0.886351 0.390453
vt 0.895808 0.394712
vt 0.893913 0.388559
vt 0.899498 0.399576
vt 0.902921 0.403788
vt 0.841992 0.498789
vt 0.838619 0.497643
vt 0.658192 0.501566
vt 0.658612 0.505105
vt 0.658540 0.497829
vt 0.776745 0.464686
vt 0.773353 0.464537
vt 0.779765 0.465497
vt 0.782608 0.466139
vt 0.655846 0.496208
vt 0.653525 0.500262
vt 0.653632 0.498008
vt 0.653480 0.495889
vt 0.654671 0.495939
vt 0.653048 0.503537
vt 0.652305 0.497823
vt 0.652382 0.495813
vt 0.652208 0.500235
vt 0.651809 0.503390
vt 0.651007 0.497655
vt 0.651315 0.495730
vt 0.650573 0.500007
vt 0.649940 0.502491
vt 0.840915 0.508069
vt 0.839045 0.508787
vt 0.836396 0.503538
vt 0.839541 0.503457
vt 0.841246 0.503263
vt 0.843421 0.507636
vt 0.844068 0.503652
vt 0.846946 0.506916
vt 0.845434 0.503660
vt 0.654396 0.492109
vt 0.653135 0.492440
vt 0.652015 0.492337
vt 0.651032 0.492246
vt 0.652355 0.486627
vt 0.653293 0.486599
vt 0.650493 0.486725
vt 0.649467 0.486843
vt 0.848597 0.512464
vt 0.636375 0.443884
vt 0.635919 0.445250
vt 0.640745 0.444644
vt 0.640405 0.445882
vt 0.640499 0.447596
vt 0.635972 0.446226
vt 0.636222 0.442802
vt 0.641669 0.442829
vt 0.632623 0.439983
vt 0.636570 0.441292
vt 0.641229 0.441566
vt 0.847515 0.488990
vt 0.847269 0.486657
vt 0.655640 0.509475
vt 0.654390 0.509526
vt 0.654898 0.514296
vt 0.653315 0.514277
vt 0.653205 0.509092
vt 0.651398 0.514324
vt 0.652147 0.508523
vt 0.653292 0.503782
vt 0.650760 0.512703
vt 0.847269 0.494332
vt 0.843718 0.499577
vt 0.845269 0.501022
vt 0.848293 0.496871
vt 0.847958 0.493019
vt 0.851436 0.493147
vt 0.853215 0.486956
vt 0.854093 0.487232
vt 0.852242 0.491660
vt 0.854551 0.490948
vt 0.854546 0.486333
vt 0.855939 0.489188
vt 0.855286 0.485599
vt 0.857847 0.488468
vt 0.855573 0.484524
vt 0.859052 0.487328
vt 0.853788 0.485199
vt 0.854285 0.484600
vt 0.854555 0.484009
vt 0.639592 0.477755
vt 0.639719 0.478857
vt 0.636682 0.479079
vt 0.636460 0.477732
vt 0.639913 0.479770
vt 0.637287 0.479941
vt 0.640213 0.480559
vt 0.637807 0.481097
vt 0.639878 0.475987
vt 0.637238 0.475628
vt 0.637455 0.474743
vt 0.639870 0.475319
vt 0.639800 0.476888
vt 0.636781 0.476736
vt 0.642496 0.477628
vt 0.642601 0.478600
vt 0.642683 0.479608
vt 0.642812 0.480521
vt 0.642512 0.475279
vt 0.642632 0.476018
vt 0.642690 0.476853
vt 0.645235 0.477660
vt 0.645307 0.478626
vt 0.645416 0.479604
vt 0.645505 0.480422
vt 0.645269 0.475089
vt 0.645346 0.475848
vt 0.645394 0.476784
vt 0.648025 0.478586
vt 0.647925 0.477682
vt 0.650793 0.477614
vt 0.650931 0.478445
vt 0.648130 0.479512
vt 0.650933 0.479354
vt 0.648147 0.480288
vt 0.650892 0.480136
vt 0.648042 0.475725
vt 0.647923 0.474958
vt 0.650672 0.474824
vt 0.650837 0.475604
vt 0.648040 0.476715
vt 0.650843 0.476620
vt 0.653749 0.477476
vt 0.653893 0.478255
vt 0.653687 0.479164
vt 0.653527 0.479897
vt 0.653329 0.474729
vt 0.653578 0.475478
vt 0.653675 0.476535
vt 0.656793 0.477302
vt 0.656917 0.478192
vt 0.656402 0.479149
vt 0.655999 0.479940
vt 0.655759 0.474395
vt 0.656275 0.475115
vt 0.656581 0.476249
vt 0.659980 0.477227
vt 0.659979 0.478626
vt 0.658969 0.479740
vt 0.658057 0.481195
vt 0.657853 0.473256
vt 0.658844 0.474453
vt 0.659541 0.475615
vt 0.853404 0.485517
vt 0.852759 0.485600
vt 0.856073 0.482781
vt 0.854379 0.483132
vt 0.859899 0.485388
vt 0.910304 0.421545
vt 0.911123 0.425154
vt 0.910258 0.425214
vt 0.908641 0.424439
vt 0.907454 0.421078
vt 0.902697 0.422747
vt 0.913450 0.421458
vt 0.913020 0.424500
vt 0.910068 0.416815
vt 0.911392 0.417540
vt 0.912972 0.416912
vt 0.912882 0.415526
vt 0.911798 0.414914
vt 0.910362 0.415488
vt 0.855932 0.508956
vt 0.858915 0.509937
vt 0.859952 0.495624
vt 0.859946 0.500500
vt 0.855333 0.501056
vt 0.855940 0.496546
vt 0.859401 0.491182
vt 0.856503 0.492429
vt 0.853920 0.492806
vt 0.852945 0.507460
vt 0.859702 0.505190
vt 0.855889 0.504800
vt 0.851829 0.497031
vt 0.852299 0.499498
vt 0.852585 0.503952
vt 0.852383 0.501929
vt 0.862795 0.482014
vt 0.860883 0.479395
vt 0.866770 0.476592
vt 0.869886 0.477741
vt 0.870313 0.480174
vt 0.864702 0.483617
vt 0.862419 0.511546
vt 0.870320 0.486208
vt 0.863638 0.488715
vt 0.869795 0.492668
vt 0.864627 0.494354
vt 0.869623 0.498569
vt 0.864659 0.499753
vt 0.869265 0.504787
vt 0.864033 0.505341
vt 0.867741 0.510748
vt 0.866518 0.516854
vt 0.865247 0.521677
vt 0.479690 0.611845
vt 0.479042 0.607883
vt 0.479704 0.608031
vt 0.477147 0.603690
vt 0.477764 0.603158
vt 0.474104 0.600422
vt 0.474319 0.599944
vt 0.469820 0.598518
vt 0.469857 0.598053
vt 0.465175 0.598621
vt 0.464931 0.597969
vt 0.460661 0.600765
vt 0.460298 0.600214
vt 0.457666 0.604060
vt 0.457099 0.603765
vt 0.456723 0.606809
vt 0.457300 0.608183
vt 0.476626 0.614144
vt 0.477271 0.608401
vt 0.475219 0.605363
vt 0.473108 0.603158
vt 0.469453 0.601510
vt 0.465936 0.601347
vt 0.462163 0.603021
vt 0.460153 0.605101
vt 0.459391 0.606697
vt 0.459455 0.609478
vt 0.469366 0.616109
vt 0.463135 0.614608
vt 0.465105 0.626064
vt 0.468936 0.745574
vt 0.486414 0.743336
vt 0.499457 0.736237
vt 0.503893 0.741104
vt 0.487307 0.737066
vt 0.482057 0.733988
vt 0.488734 0.732583
vt 0.475159 0.737902
vt 0.499855 0.843633
vt 0.479615 0.847855
vt 0.479562 0.838501
vt 0.499897 0.833083
vt 0.453997 0.782006
vt 0.482819 0.777844
vt 0.452986 0.790939
vt 0.482331 0.785883
vt 0.453471 0.800224
vt 0.482373 0.794087
vt 0.454494 0.809038
vt 0.482191 0.801993
vt 0.456045 0.815925
vt 0.481790 0.808813
vt 0.457238 0.822880
vt 0.481112 0.815957
vt 0.458183 0.829868
vt 0.480313 0.823053
vt 0.458868 0.836882
vt 0.479949 0.830152
vt 0.459227 0.843919
vt 0.500304 0.849779
vt 0.479750 0.854875
vt 0.501027 0.856959
vt 0.480053 0.862213
vt 0.501465 0.865036
vt 0.480547 0.870428
vt 0.501250 0.873599
vt 0.481169 0.878851
vt 0.500218 0.882253
vt 0.482409 0.886697
vt 0.484105 0.892512
vt 0.470308 0.895550
vt 0.464598 0.891134
vt 0.509181 0.753477
vt 0.511492 0.766548
vt 0.459375 0.852080
vt 0.511643 0.773686
vt 0.511674 0.780820
vt 0.511322 0.787939
vt 0.509910 0.794937
vt 0.507529 0.801679
vt 0.504980 0.809013
vt 0.502439 0.816224
vt 0.501028 0.823414
vt 0.459197 0.859974
vt 0.459079 0.867469
vt 0.459629 0.875818
vt 0.461086 0.884098
vt 0.485593 0.897558
vt 0.478334 0.897660
vt 0.497316 0.889593
vt 0.492330 0.894912
vt 0.493857 0.733310
vt 0.692009 0.345253
vt 0.962129 0.409092
vt 0.703501 0.300823
vt 0.918892 0.422308
vt 0.930064 0.414172
vt 0.924629 0.418587
vt 0.936372 0.410377
vt 0.940943 0.408068
vt 0.698361 0.335663
vt 0.702130 0.329781
vt 0.694807 0.340749
vt 0.945802 0.406526
vt 0.951098 0.406058
vt 0.956650 0.406710
vt 0.706322 0.311982
vt 0.705587 0.305865
vt 0.706216 0.318031
vt 0.705116 0.323889
vt 0.810327 0.522552
vt 0.811382 0.479722
vt 0.873997 0.394847
vt 0.874886 0.393502
vt 0.875951 0.401809
vt 0.874448 0.399815
vt 0.719103 0.390103
vt 0.747609 0.281375
vt 0.746620 0.273985
vt 0.745920 0.266682
vt 0.985897 0.365882
vt 0.994273 0.366628
vt 0.748023 0.379839
vt 0.733949 0.391514
vt 0.733116 0.398679
vt 0.731094 0.412907
vt 0.732339 0.405825
vt 0.728550 0.425022
vt 0.725742 0.438198
vt 0.723977 0.446649
vt 0.723075 0.452914
vt 0.826745 0.372977
vt 0.817049 0.375309
vt 0.809084 0.376383
vt 0.802229 0.377078
vt 0.858252 0.379388
vt 0.866834 0.378032
vt 0.875785 0.377944
vt 0.883957 0.377741
vt 0.900526 0.364843
vt 0.961365 0.363761
vt 0.952643 0.363703
vt 0.722421 0.459202
vt 0.748778 0.372102
vt 0.749565 0.364510
vt 0.749852 0.357208
vt 0.750417 0.347503
vt 0.750596 0.336940
vt 0.750023 0.323432
vt 0.750417 0.330743
vt 0.845053 0.548495
s 1
usemtl Ch31_body
f 1/1/1 21/2/1 22/3/1 965/4/1
f 2/5/2 536/6/3 966/7/4
f 4/8/5 30/9/6 532/10/7 533/11/8
f 11/12/9 12/13/10 967/14/11 7/15/12
f 8/16/13 36/17/14 37/18/15 38/19/16
f 39/20/17 40/21/18 36/17/14 8/16/13
f 41/22/19 42/23/20 39/20/17 8/16/13
f 43/24/21 44/25/22 41/22/19 8/16/13
f 38/19/16 45/26/23 43/24/21 8/16/13
f 46/27/24 47/28/25 492/29/26 9/30/27
f 493/31/28 286/32/29 287/33/30 9/34/27
f 9/34/27 287/33/30 288/35/31 46/36/24
f 11/12/9 48/37/32 49/38/33 50/39/34
f 51/40/35 52/41/36 53/42/37 12/13/10
f 53/42/37 54/43/38 55/44/39 12/13/10
f 55/44/39 56/45/40 968/46/41 12/13/10
f 11/12/9 50/39/34 51/40/35 12/13/10
f 14/47/42 62/48/43 64/49/44 63/50/45
f 15/51/46 65/52/47 66/53/48 67/54/49
f 15/51/46 67/54/49 68/55/50 69/56/51
f 69/56/51 70/57/52 65/52/47 15/51/46
f 16/58/53 71/59/54 72/60/55 73/61/56
f 17/62/57 76/63/58 77/64/59 78/65/60
f 17/62/57 78/65/60 79/66/61 80/67/62
f 17/62/57 80/67/62 81/68/63 76/63/58
f 18/69/64 38/19/16 29/70/65 305/71/66
f 281/72/67 282/73/68 984/74/69 983/75/70
f 19/76/71 1046/77/72 531/78/73
f 306/79/74 37/18/15 1044/80/75 1045/81/76
f 174/82/77 173/83/78 87/84/79 941/85/80
f 173/83/78 176/86/81 88/87/82 87/84/79
f 97/88/83 99/89/84 27/90/85 98/91/86
f 27/90/85 3/92/87 83/93/88 98/91/86
f 99/89/84 44/25/22 28/94/89 27/90/85
f 99/89/84 97/88/83 945/95/90 100/96/91
f 100/96/91 41/22/19 44/25/22 99/89/84
f 100/96/91 945/95/90 956/97/92 101/98/93
f 101/98/93 42/23/20 41/22/19 100/96/91
f 101/98/93 956/97/92 223/99/94 102/100/95
f 102/100/95 103/101/96 42/23/20 101/98/93
f 103/101/96 104/102/97 39/20/17 42/23/20
f 103/101/96 102/100/95 105/103/98 106/104/99
f 106/104/99 107/105/100 104/102/97 103/101/96
f 107/105/100 108/106/101 109/107/102 104/102/97
f 107/105/100 106/104/99 110/108/103 111/109/104
f 111/109/104 112/110/105 108/106/101 107/105/100
f 113/111/106 114/112/107 1027/113/108 1028/114/109
f 111/109/104 115/115/110 116/116/111 112/110/105
f 112/110/105 116/116/111 1029/117/112 1028/114/109
f 116/116/111 118/118/113 1030/119/114 1029/117/112
f 117/120/115 119/121/116 986/122/117 985/123/118
f 119/121/116 120/124/119 987/125/120 986/122/117
f 120/124/119 218/126/121 988/127/122 987/125/120
f 218/128/121 210/129/123 989/130/124 988/131/122
f 210/129/123 209/132/125 990/133/126 989/130/124
f 24/134/127 242/135/128 991/136/129 992/137/130
f 256/138/131 993/139/132 992/137/130 255/140/133
f 256/138/131 538/141/134 1026/142/135 993/139/132
f 257/143/136 258/144/137 982/145/138 994/146/139
f 258/144/137 259/147/140 995/148/141 982/145/138
f 259/147/140 260/149/142 996/150/143 995/148/141
f 260/149/142 261/151/144 997/152/145 996/150/143
f 261/151/144 264/153/146 998/154/147 997/152/145
f 128/155/148 129/156/149 130/157/150 79/66/61
f 79/66/61 78/65/60 126/158/151 128/155/148
f 129/156/149 131/159/152 70/57/52 130/157/150
f 70/57/52 69/56/51 132/160/153 130/157/150
f 132/160/153 80/67/62 79/66/61 130/157/150
f 69/56/51 68/55/50 133/161/154 132/160/153
f 132/160/153 133/161/154 81/68/63 80/67/62
f 68/55/50 134/162/155 135/163/156 133/161/154
f 133/161/154 135/163/156 136/164/157 81/68/63
f 137/165/158 76/63/58 81/68/63 136/164/157
f 138/166/159 77/64/59 76/63/58 137/165/158
f 84/167/160 127/168/161 77/64/59 138/166/159
f 137/165/158 71/59/54 139/169/162 138/166/159
f 139/169/162 82/170/163 84/167/160 138/166/159
f 71/59/54 16/58/53 58/171/164 139/169/162
f 139/169/162 58/171/164 57/172/165 82/170/163
f 136/164/157 72/60/55 71/59/54 137/165/158
f 136/164/157 135/163/156 140/173/166 72/60/55
f 140/173/166 49/38/33 48/37/32 141/174/167
f 140/173/166 141/174/167 73/61/56 72/60/55
f 135/163/156 134/162/155 49/38/33 140/173/166
f 134/162/155 142/175/168 50/39/34 49/38/33
f 134/162/155 68/55/50 67/54/49 142/175/168
f 142/175/168 67/54/49 66/53/48 143/176/169
f 144/177/170 52/41/36 51/40/35 143/176/169
f 51/40/35 50/39/34 142/175/168 143/176/169
f 143/176/169 66/53/48 145/178/171 144/177/170
f 144/179/170 145/180/171 999/181/172 1003/182/173
f 145/180/171 146/183/174 1000/184/175 999/181/172
f 146/183/174 131/185/152 1001/186/176 1000/184/175
f 131/185/152 129/187/149 1002/188/177 1001/186/176
f 265/189/178 266/190/179 1004/191/180 1003/182/173
f 266/190/179 271/192/181 1005/193/182 1004/191/180
f 271/192/181 270/194/183 1006/195/184 1005/193/182
f 270/194/183 269/196/185 1007/197/186 1006/195/184
f 269/196/185 267/198/187 1008/199/188 1007/197/186
f 149/200/189 150/201/190 151/202/191 152/203/192
f 152/203/192 55/44/39 54/43/38 149/200/189
f 151/202/191 59/204/193 153/205/194 152/203/192
f 152/203/192 153/205/194 56/45/40 55/44/39
f 150/201/190 154/206/195 155/207/196 151/202/191
f 155/207/196 60/208/197 59/204/193 151/202/191
f 154/206/195 156/209/198 157/210/199 155/207/196
f 157/210/199 61/211/200 60/208/197 155/207/196
f 283/212/201 272/213/202 984/74/69 1025/214/203
f 154/215/195 150/216/190 1008/199/188 1009/217/204
f 274/218/205 1010/219/206 983/75/70 273/220/207
f 274/218/205 275/221/208 1011/222/209 1010/219/206
f 275/221/208 276/223/210 1012/224/211 1011/222/209
f 158/225/212 1031/226/213 1032/227/214 159/228/215
f 162/229/216 163/230/217 1033/231/218 1032/227/214
f 162/229/216 164/232/219 165/233/220 163/230/217
f 165/233/220 166/234/221 167/235/222 163/230/217
f 166/234/221 169/236/223 64/49/44 167/235/222
f 167/235/222 64/49/44 62/48/43 168/237/224
f 169/236/223 166/234/221 170/238/225 171/239/226
f 171/239/226 74/240/227 172/241/228 169/236/223
f 169/236/223 172/241/228 63/50/45 64/49/44
f 171/239/226 170/238/225 173/83/78 174/82/77
f 174/82/77 75/242/229 74/240/227 171/239/226
f 170/238/225 175/243/230 176/86/81 173/83/78
f 176/86/81 175/243/230 177/244/231 178/245/232
f 176/86/81 178/245/232 89/246/233 88/87/82
f 178/245/232 179/247/234 180/248/235 89/246/233
f 179/247/234 231/249/236 181/250/237 180/248/235
f 231/249/236 233/251/238 182/252/239 181/250/237
f 954/253/240 192/254/241 222/255/242 952/256/243
f 190/257/244 193/258/245 446/259/246 445/260/247
f 194/261/248 195/262/249 196/263/250 191/264/251
f 193/258/245 239/265/252 447/266/253 446/259/246
f 194/261/248 197/267/254 198/268/255 195/262/249
f 199/269/256 200/270/257 195/262/249 198/268/255
f 197/271/254 201/272/258 202/273/259 198/274/255
f 198/274/255 202/273/259 203/275/260 199/276/256
f 203/275/260 204/277/261 205/278/262 199/276/256
f 202/273/259 206/279/263 207/280/264 203/275/260
f 207/280/264 208/281/265 204/277/261 203/275/260
f 208/281/265 1034/282/266 1035/283/267 204/277/261
f 208/281/265 207/280/264 211/284/268 212/285/269
f 212/285/269 1036/286/270 1034/282/266 208/281/265
f 213/287/271 1036/286/270 1037/288/272 215/289/273
f 215/289/273 1014/290/274 1013/291/275 213/287/271
f 215/289/273 216/292/276 1015/293/277 1014/290/274
f 216/292/276 158/225/212 1012/224/211 1015/293/277
f 123/294/278 122/295/279 990/133/126 1013/291/275
f 218/126/121 120/124/119 1038/296/280 1039/297/281
f 218/128/121 1039/298/281 1035/283/267 210/129/123
f 120/124/119 119/121/116 1030/119/114 1038/296/280
f 219/299/282 118/118/113 220/300/283 200/270/257
f 219/299/282 200/270/257 199/269/256 205/301/262
f 118/118/113 116/116/111 115/115/110 220/300/283
f 220/300/283 115/115/110 221/302/284 196/263/250
f 196/263/250 195/262/249 200/270/257 220/300/283
f 221/302/284 115/115/110 111/109/104 110/108/103
f 110/108/103 222/255/242 192/254/241 221/302/284
f 192/254/241 191/264/251 196/263/250 221/302/284
f 222/255/242 110/108/103 106/104/99 105/103/98
f 105/103/98 188/303/285 952/256/243 222/255/242
f 105/103/98 102/100/95 223/99/94 188/303/285
f 215/289/273 1037/288/272 1040/304/286 216/292/276
f 225/305/287 161/306/288 1031/226/213 1040/304/286
f 214/307/289 226/308/290 227/309/291 225/305/287
f 227/309/291 228/310/292 161/306/288 225/305/287
f 227/309/291 229/311/293 230/312/294 228/310/292
f 228/310/292 230/312/294 177/244/231 164/232/219
f 164/232/219 162/229/216 161/306/288 228/310/292
f 229/311/293 231/249/236 179/247/234 230/312/294
f 230/312/294 179/247/234 178/245/232 177/244/231
f 229/311/293 232/313/295 233/251/238 231/249/236
f 232/313/295 234/314/296 235/315/297 233/251/238
f 233/251/238 235/315/297 183/316/298 182/252/239
f 441/317/299 449/318/300 448/319/301 440/320/302
f 239/321/252 238/322/303 449/318/300 447/323/253
f 206/279/263 202/273/259 201/272/258 236/324/304
f 236/324/304 235/315/297 234/314/296 206/279/263
f 211/284/268 207/280/264 206/279/263 234/314/296
f 234/314/296 232/313/295 226/308/290 211/284/268
f 229/311/293 227/309/291 226/308/290 232/313/295
f 226/308/290 214/307/289 212/285/269 211/284/268
f 175/243/230 165/233/220 164/232/219 177/244/231
f 175/243/230 170/238/225 166/234/221 165/233/220
f 264/153/146 148/325/305 1002/326/177 998/154/147
f 146/327/174 145/178/171 66/53/48 65/52/47
f 65/52/47 70/57/52 131/159/152 146/327/174
f 127/168/161 126/158/151 78/65/60 77/64/59
f 242/135/128 32/328/306 1016/329/307 991/136/129
f 32/328/306 31/330/308 1017/331/309 1016/329/307
f 31/330/308 85/332/310 1018/333/311 1017/331/309
f 85/332/310 5/334/312 981/335/313 1018/333/311
f 5/334/312 34/336/314 1019/337/315 981/335/313
f 279/338/316 280/339/317 1020/340/318 985/123/118
f 280/339/317 251/341/319 1021/342/320 1020/340/318
f 251/341/319 247/343/321 1022/344/322 1021/342/320
f 248/345/323 1022/344/322 1023/346/324 249/347/325
f 249/347/325 1041/348/326 1042/349/327 248/345/323
f 248/345/323 1042/349/327 1027/113/108 114/112/107
f 249/347/325 1023/346/324 1024/350/328 250/351/329
f 1043/352/330 36/17/14 40/21/18 1041/348/326
f 250/351/329 1024/350/328 1019/337/315 34/336/314
f 1044/80/75 37/18/15 36/17/14 1043/352/330
f 40/21/18 39/20/17 104/102/97 109/107/102
f 532/10/7 30/9/6 19/76/71 531/78/73
f 16/58/53 22/3/331 21/2/332 58/171/164
f 45/26/23 26/353/333 25/354/334 43/24/21
f 43/24/21 25/354/334 28/94/89 44/25/22
f 38/19/16 37/18/15 306/79/74 29/70/65
f 156/209/198 6/355/335 61/211/200 157/210/199
f 19/76/71 30/9/6 29/356/65 306/357/74
f 160/358/336 1033/231/218 1047/359/337 281/72/67
f 282/360/68 6/355/335 156/209/198
f 156/361/198 154/215/195 1009/217/204 1025/214/203
f 284/362/338 4/8/5 533/11/8 534/363/339
f 284/362/338 534/363/339 535/364/340 285/365/341
f 285/365/341 535/364/340 536/6/3 969/366/342
f 286/32/29 493/31/28 918/367/343 300/368/344
f 287/33/30 286/32/29 300/368/344
f 288/35/31 287/33/30 300/368/344
f 91/369/345 90/370/346 296/371/347 295/372/348
f 23/373/349 91/369/345 295/372/348
f 90/370/346 92/374/350 296/371/347
f 92/374/350 93/375/351 296/371/347
f 94/376/352 184/377/353 298/378/354
f 184/377/353 185/379/355 298/378/354
f 292/380/356 291/381/357 301/382/358
f 240/383/359 293/384/360 299/385/361
f 185/379/355 240/383/359 299/385/361 298/378/354
f 10/386/362 23/373/349 295/372/348 494/387/363
f 93/375/351 94/376/352 298/378/354 296/371/347
f 95/388/364 289/389/365 300/368/344 297/390/366
f 289/389/365 288/35/31 300/368/344
f 290/391/367 95/388/364 297/390/366
f 186/392/368 290/391/367 297/390/366
f 291/381/357 186/392/368 297/390/366 301/382/358
f 293/384/360 241/393/369 299/385/361
f 294/394/370 292/380/356 301/382/358
f 241/393/369 294/394/370 301/382/358 299/385/361
f 302/395/371 312/396/372 973/397/373 974/398/374
f 29/356/65 30/9/6 4/8/5 305/399/66
f 1046/77/72 19/76/71 306/357/74 1045/400/76
f 305/399/66 4/8/5 284/362/338 307/401/375
f 307/401/375 284/362/338 285/365/341 308/402/376
f 308/402/376 285/365/341 969/366/342 970/403/377
f 309/404/378 2/5/2 966/7/4 971/405/379
f 310/406/380 1/1/381 965/4/382 972/407/383
f 331/408/384 312/409/372 329/410/385
f 315/411/386 316/412/387 314/413/388 623/414/389
f 319/415/390 732/416/391 318/417/392 317/418/393
f 491/419/394 324/420/395 323/421/396 322/422/397
f 325/423/398 326/424/399 324/420/395 491/419/394
f 328/425/400 326/424/399 325/423/398 327/426/401
f 329/427/385 312/396/372 302/395/371 330/428/402
f 340/429/403 314/430/388 316/431/387 332/432/404
f 339/433/405 318/434/392 732/435/391 333/436/406
f 333/436/406 732/435/391 321/437/407 351/438/408
f 334/439/409 323/440/396 324/441/395 335/442/410
f 335/442/410 324/441/395 326/443/399 362/444/411
f 336/445/412 439/446/413 83/93/88 3/92/87
f 338/447/414 337/448/415 339/433/405 333/436/406
f 340/429/403 332/432/404 341/449/416
f 342/450/417 332/451/404 316/452/387 343/453/418
f 316/452/387 315/454/386 343/453/418
f 345/455/419 344/456/420 342/450/417 343/453/418
f 318/457/392 339/458/405 344/456/420 345/455/419
f 317/459/393 318/457/392 345/455/419
f 346/460/421 341/461/416 332/451/404 342/450/417
f 344/456/420 339/458/405 337/462/415 347/463/422
f 342/450/417 344/456/420 347/463/422 346/460/421
f 348/464/423 349/465/424 351/466/408 321/467/407
f 471/468/425 350/469/426 349/465/424 348/464/423
f 323/470/396 334/471/409 350/469/426 471/468/425
f 352/472/427 353/473/428 351/466/408 349/465/424
f 352/472/427 349/465/424 350/469/426 354/474/429
f 354/474/429 350/469/426 334/471/409 355/475/430
f 356/476/431 357/477/432 353/473/428 352/472/427
f 358/478/433 359/479/434 357/477/432 356/476/431
f 354/474/429 355/475/430 359/479/434 358/478/433
f 352/472/427 354/474/429 358/478/433 356/476/431
f 333/436/406 351/438/408 353/480/428 338/447/414
f 360/481/435 355/482/430 334/439/409 335/442/410
f 361/483/436 364/484/437 363/485/438 362/444/411
f 365/486/439 366/487/440 362/444/411 363/485/438
f 367/488/441 368/489/442 366/487/440 365/486/439
f 369/490/443 370/491/444 368/489/442 367/488/441
f 371/492/445 372/493/446 370/491/444 369/490/443
f 372/493/446 371/492/445 364/484/437 361/483/436
f 363/494/438 364/495/437 374/496/447 373/497/448
f 365/498/439 363/494/438 373/497/448 375/499/449
f 367/500/441 365/498/439 375/499/449 376/501/450
f 369/502/443 367/500/441 376/501/450 377/503/451
f 371/504/445 369/502/443 377/503/451 378/505/452
f 364/506/437 371/504/445 378/505/452 374/507/447
f 373/497/448 374/496/447 380/508/453 379/509/454
f 375/499/449 373/497/448 379/509/454 381/510/455
f 376/501/450 375/499/449 381/510/455 382/511/456
f 377/503/451 376/501/450 382/511/456 383/512/457
f 378/505/452 377/503/451 383/512/457 384/513/458
f 374/507/447 378/505/452 384/513/458 380/514/453
f 379/509/454 380/508/453 386/515/459 385/516/460
f 381/510/455 379/509/454 385/516/460 387/517/461
f 382/511/456 381/510/455 387/517/461 388/518/462
f 383/512/457 382/511/456 388/518/462 389/519/463
f 384/513/458 383/512/457 389/519/463 390/520/464
f 380/514/453 384/513/458 390/520/464 386/521/459
f 385/516/460 386/515/459 392/522/465 391/523/466
f 387/517/461 385/516/460 391/523/466 393/524/467
f 388/518/462 387/517/461 393/524/467 394/525/468
f 389/519/463 388/518/462 394/525/468 395/526/469
f 390/520/464 389/519/463 395/526/469 396/527/470
f 386/521/459 390/520/464 396/527/470 392/528/465
f 391/523/466 392/522/465 398/529/471 397/530/472
f 393/524/467 391/523/466 397/530/472 399/531/473
f 394/525/468 393/524/467 399/531/473 400/532/474
f 395/526/469 394/525/468 400/532/474 401/533/475
f 396/527/470 395/526/469 401/533/475 402/534/476
f 392/528/465 396/527/470 402/534/476 398/535/471
f 397/530/472 398/529/471 404/536/477 403/537/478
f 399/531/473 397/530/472 403/537/478 405/538/479
f 400/532/474 399/531/473 405/538/479 406/539/480
f 401/533/475 400/532/474 406/539/480 407/540/481
f 402/534/476 401/533/475 407/540/481 408/541/482
f 398/535/471 402/534/476 408/541/482 404/542/477
f 403/537/478 404/536/477 410/543/483 409/544/484
f 405/538/479 403/537/478 409/544/484 411/545/485
f 406/539/480 405/538/479 411/545/485 412/546/486
f 407/540/481 406/539/480 412/546/486 413/547/487
f 408/541/482 407/540/481 413/547/487 414/548/488
f 404/542/477 408/541/482 414/548/488 410/549/483
f 326/443/399 328/550/400 361/483/436 362/444/411
f 328/550/400 336/445/412 372/493/446 361/483/436
f 372/493/446 336/445/412 3/92/87 415/551/489
f 3/92/87 27/90/85 28/94/89 415/551/489
f 370/491/444 372/493/446 415/551/489
f 370/491/444 415/551/489 28/94/89 25/354/334
f 25/354/334 26/353/333 368/489/442 370/491/444
f 362/444/411 366/487/440 360/481/435 335/442/410
f 26/353/333 360/481/435 366/487/440 368/489/442
f 26/353/333 359/552/434 355/482/430 360/481/435
f 416/553/490 417/554/491 341/461/416 346/460/421
f 418/555/492 419/556/493 417/554/491 416/553/490
f 419/556/493 418/555/492 347/463/422 337/462/415
f 346/460/421 347/463/422 418/555/492 416/553/490
f 420/557/494 340/429/403 341/449/416 417/558/491
f 421/559/495 422/560/496 331/561/384 329/562/385
f 423/563/497 424/564/498 422/560/496 421/559/495
f 424/564/498 423/563/497 313/565/499 304/566/500
f 425/567/501 426/568/502 331/561/384 422/560/496
f 425/567/501 422/560/496 424/564/498 427/569/503
f 427/569/503 424/564/498 304/566/500 428/570/504
f 429/571/505 430/572/506 426/568/502 425/567/501
f 431/573/507 432/574/508 430/572/506 429/571/505
f 427/569/503 428/570/504 432/574/508 431/573/507
f 425/567/501 427/569/503 431/573/507 429/571/505
f 428/575/504 304/576/500 340/429/403 420/557/494
f 433/577/509 312/409/372 331/408/384 426/578/502
f 311/579/510 973/580/373 433/577/509
f 309/581/378 971/582/379 310/583/380 433/577/509
f 768/584/511 308/585/376 970/586/377 433/577/509
f 434/587/512 327/588/401 409/544/484 410/543/483
f 435/589/513 411/545/485 409/544/484 327/588/401
f 436/590/514 412/546/486 411/545/485 435/589/513
f 437/591/515 413/547/487 412/546/486 436/590/514
f 438/592/516 414/548/488 413/547/487 437/591/515
f 410/549/483 414/548/488 438/592/516 434/593/512
f 327/594/401 434/595/512 336/445/412 328/550/400
f 336/445/412 434/595/512 438/596/516 439/446/413
f 183/316/298 235/315/297 236/324/304 440/320/302
f 440/320/302 236/324/304 201/272/258 441/317/299
f 441/317/299 201/272/258 197/271/254 442/597/517
f 442/598/517 197/267/254 194/261/248 443/599/518
f 443/599/518 194/261/248 191/264/251 444/600/519
f 444/600/519 191/264/251 192/254/241 954/253/240
f 446/259/246 443/599/518 444/600/519 445/260/247
f 447/266/253 442/598/517 443/599/518 446/259/246
f 449/318/300 238/322/303 237/601/520 448/319/301
f 449/318/300 441/317/299 442/597/517 447/323/253
f 23/373/349 10/386/362 450/602/521 451/603/522
f 91/369/345 23/373/349 451/603/522 452/604/523
f 90/370/346 91/369/345 452/604/523 453/605/524
f 92/374/350 90/370/346 453/605/524 454/606/525
f 93/375/351 92/374/350 454/606/525 455/607/526
f 94/376/352 93/375/351 455/607/526 456/608/527
f 184/377/353 94/376/352 456/608/527 457/609/528
f 185/379/355 184/377/353 457/609/528 458/610/529
f 240/383/359 185/379/355 458/610/529 459/611/530
f 293/384/360 240/383/359 459/611/530 460/612/531
f 241/393/369 293/384/360 460/612/531 461/613/532
f 294/394/370 241/393/369 461/613/532 462/614/533
f 292/380/356 294/394/370 462/614/533 463/615/534
f 291/381/357 292/380/356 463/615/534 464/616/535
f 186/392/368 291/381/357 464/616/535 465/617/536
f 290/391/367 186/392/368 465/617/536 466/618/537
f 95/388/364 290/391/367 466/618/537 467/619/538
f 289/389/365 95/388/364 467/619/538 468/620/539
f 288/35/31 289/389/365 468/620/539 469/621/540
f 946/622/541 947/623/542 470/624/543 469/621/540
f 450/602/521 86/625/544 942/626/545 451/603/522
f 451/603/522 942/626/545 943/627/546 452/604/523
f 452/604/523 943/627/546 944/628/547 453/605/524
f 453/605/524 944/628/547 948/629/548 454/606/525
f 454/606/525 948/629/548 949/630/549 455/607/526
f 455/607/526 949/630/549 950/631/550 456/608/527
f 456/608/527 950/631/550 951/632/551 457/609/528
f 457/609/528 951/632/551 237/633/520 458/610/529
f 458/610/529 237/633/520 238/634/303 459/611/530
f 459/611/530 238/634/303 239/635/252 460/612/531
f 460/612/531 239/635/252 193/636/245 461/613/532
f 461/613/532 193/636/245 190/637/244 462/614/533
f 462/614/533 190/637/244 189/638/552 463/615/534
f 463/615/534 189/638/552 187/639/553 464/616/535
f 464/616/535 187/639/553 953/640/554 465/617/536
f 465/617/536 953/640/554 955/641/555 466/618/537
f 466/618/537 955/641/555 224/642/556 467/619/538
f 467/619/538 224/642/556 96/643/557 468/620/539
f 468/620/539 96/643/557 946/622/541 469/621/540
f 470/624/543 46/36/24 288/35/31 469/621/540
f 472/644/558 473/645/559 471/468/425 348/464/423
f 474/646/560 475/647/561 473/645/559 472/644/558
f 476/648/562 477/649/563 475/647/561 474/646/560
f 478/650/564 479/651/565 477/652/563 476/653/562
f 480/654/566 481/655/567 479/651/565 478/650/564
f 322/656/397 323/470/396 471/468/425
f 348/464/423 321/467/407 320/657/568
f 322/656/397 471/468/425 473/645/559 482/658/569
f 482/658/569 473/645/559 475/647/561 483/659/570
f 483/659/570 475/647/561 477/649/563 484/660/571
f 484/661/571 477/652/563 479/651/565 485/662/572
f 486/663/573 472/644/558 348/464/423 320/657/568
f 487/664/574 474/646/560 472/644/558 486/663/573
f 488/665/575 476/648/562 474/646/560 487/664/574
f 489/666/576 478/650/564 476/653/562 488/667/575
f 490/668/577 480/654/566 478/650/564 489/666/576
f 495/669/578 496/670/579 436/671/514 435/672/513
f 497/673/580 437/674/515 436/671/514 496/670/579
f 498/675/581 438/676/516 437/674/515 497/673/580
f 499/677/582 500/678/583 325/423/398 491/419/394
f 501/679/584 327/426/401 325/423/398 500/678/583
f 501/679/584 495/669/578 435/672/513 327/426/401
f 502/680/585 503/681/586 940/682/587 439/683/413
f 503/681/586 470/684/543 947/685/542 940/682/587
f 470/684/543 503/681/586 47/28/25 46/27/24
f 498/675/581 502/680/585 439/683/413 438/676/516
f 47/28/25 503/681/586 502/680/585 504/686/588
f 505/687/589 492/29/26 47/28/25 504/686/588
f 505/687/589 504/686/588 502/680/585 498/675/581
f 495/669/578 501/679/584 500/678/583 797/688/590
f 794/689/591 500/678/583 796/690/592
f 499/677/582 491/419/394 322/422/397 507/691/593
f 320/692/568 508/693/594 507/691/593 322/422/397
f 731/694/595 730/695/596 319/415/390
f 510/696/597 506/697/598 499/677/582 507/691/593
f 510/696/597 507/691/593 508/693/594 511/698/599
f 513/699/600 45/26/23 38/19/16 18/69/64
f 514/700/601 975/701/602 967/14/11 35/702/603
f 514/700/601 35/702/603 968/46/41 976/703/604
f 516/704/605 56/45/40 153/205/194 517/705/606
f 517/705/606 153/205/194 59/204/193 518/706/607
f 518/706/607 59/204/193 60/208/197 519/707/608
f 519/707/608 60/208/197 61/211/200 520/708/609
f 520/708/609 61/211/200 6/355/335 521/709/610
f 6/355/335 282/360/68 521/709/610
f 521/710/610 282/73/68 281/72/67 1047/359/337
f 520/711/609 521/710/610 168/237/224 62/48/43
f 519/712/608 520/711/609 62/48/43 14/47/42
f 522/713/611 523/714/612 977/715/613 978/716/614
f 524/717/615 602/718/616 979/719/617 980/720/618
f 525/721/619 974/398/374 20/722/620 529/723/621
f 523/714/612 979/719/617 527/724/622 530/725/623
f 266/726/179 265/727/178 921/728/624 920/729/625
f 73/61/56 141/174/167 528/730/626 529/723/621
f 527/724/622 526/731/627 528/730/626 530/725/623
f 7/15/12 977/715/613 48/37/32 11/12/9
f 528/730/626 526/731/627 525/721/619 529/723/621
f 528/730/626 141/174/167 48/37/32 530/725/623
f 22/3/331 16/58/53 73/61/56 529/723/621
f 531/78/73 85/732/310 31/733/308 532/10/7
f 532/10/7 31/733/308 32/734/306 533/11/8
f 533/11/8 32/734/306 242/735/128 534/363/339
f 534/363/339 242/735/128 24/736/127 535/364/340
f 535/364/340 24/736/127 13/737/628 536/6/3
f 536/6/3 13/737/628 537/738/629 21/2/332
f 538/141/134 257/143/136 994/146/139 1026/142/135
f 537/738/629 57/172/165 58/171/164 21/2/332
f 539/739/630 75/242/229 174/82/77 941/85/80
f 540/740/631 541/741/632 345/455/419 343/453/418
f 542/742/633 543/743/634 541/741/632 540/740/631
f 544/744/635 545/745/636 543/743/634 542/742/633
f 547/746/637 545/747/636 544/748/635 662/749/638
f 548/750/639 317/459/393 345/455/419 541/741/632
f 548/750/639 541/741/632 543/743/634 549/751/640
f 549/751/640 543/743/634 545/745/636 550/752/641
f 550/753/641 545/747/636 547/746/637 551/754/642
f 540/740/631 343/453/418 315/454/386 552/755/643
f 553/756/644 542/742/633 540/740/631 552/755/643
f 554/757/645 544/744/635 542/742/633 553/756/644
f 662/749/638 544/748/635 554/758/645 661/759/646
f 557/760/647 330/428/402 302/395/371
f 303/761/648 330/428/402 557/760/647 578/762/649
f 558/763/650 559/764/651 421/559/495 329/562/385
f 560/765/652 423/563/497 421/559/495 559/764/651
f 561/766/653 313/565/499 423/563/497 560/765/652
f 561/766/653 560/765/652 563/767/654 562/768/655
f 560/765/652 559/764/651 564/769/656 563/767/654
f 559/764/651 558/763/650 565/770/657 564/769/656
f 566/771/658 303/772/648 313/565/499 561/766/653
f 566/771/658 561/766/653 562/768/655 567/773/659
f 558/763/650 329/562/385 330/774/402 568/775/660
f 569/776/661 565/770/657 558/763/650 568/775/660
f 568/777/660 330/778/402 303/772/648 566/771/658
f 570/779/662 571/780/663 563/767/654 564/769/656
f 572/781/664 562/768/655 563/767/654 571/780/663
f 573/782/665 567/773/659 562/768/655 572/781/664
f 570/779/662 564/769/656 565/770/657 574/783/666
f 574/783/666 565/770/657 569/776/661 575/784/667
f 576/785/668 577/786/669 567/787/659 573/788/665
f 569/789/661 568/777/660 566/771/658 567/773/659
f 525/721/619 526/731/627 575/790/667 569/791/661
f 557/760/647 569/791/661 567/787/659 578/762/649
f 575/790/667 526/731/627 527/724/622 579/792/670
f 580/793/671 574/783/666 575/784/667 579/794/670
f 581/795/672 570/779/662 574/783/666 580/793/671
f 582/796/673 571/780/663 570/779/662 581/795/672
f 583/797/674 572/781/664 571/780/663 582/796/673
f 584/798/675 573/782/665 572/781/664 583/797/674
f 606/799/676 603/800/677 608/801/678 609/802/679
f 606/799/676 609/802/679 610/803/680 585/804/681
f 585/804/681 610/803/680 611/805/682 586/806/683
f 586/806/683 611/805/682 612/807/684 587/808/685
f 587/808/685 612/807/684 613/809/686 601/810/687
f 601/811/687 613/812/686 608/801/678 603/800/677
f 588/813/688 589/814/689 585/804/681 586/806/683
f 590/815/690 591/816/691 589/814/689 588/813/688
f 592/817/692 606/799/676 585/804/681 589/814/689
f 592/817/692 589/814/689 591/816/691 593/818/693
f 588/813/688 586/806/683 587/808/685 594/819/694
f 595/820/695 590/815/690 588/813/688 594/819/694
f 596/821/696 597/822/697 590/815/690 595/820/695
f 598/823/698 599/824/699 597/822/697 596/821/696
f 599/824/699 598/823/698 593/818/693 591/816/691
f 597/822/697 599/824/699 591/816/691 590/815/690
f 600/825/700 576/785/668 573/788/665 584/826/675
f 587/827/685 601/828/687 602/718/616 524/717/615
f 627/829/701 602/718/616 601/828/687
f 603/830/677 628/831/702 627/829/701 601/828/687
f 606/832/676 651/833/703 650/834/704 603/830/677
f 608/801/678 584/798/675 583/797/674 609/802/679
f 609/802/679 583/797/674 582/796/673 610/803/680
f 610/803/680 582/796/673 581/795/672 611/805/682
f 611/805/682 581/795/672 580/793/671 612/807/684
f 612/807/684 580/793/671 579/794/670 613/809/686
f 613/812/686 579/835/670 584/798/675 608/801/678
f 614/836/705 615/837/706 577/838/669 576/839/668
f 616/840/707 617/841/708 615/837/706 614/836/705
f 618/842/709 619/843/710 617/841/708 616/840/707
f 620/844/711 621/845/712 577/838/669 615/837/706
f 620/844/711 615/837/706 617/841/708 622/846/713
f 622/846/713 617/841/708 619/843/710 556/847/714
f 567/787/659 577/786/669 621/848/712 578/762/649
f 314/413/388 313/849/499 303/761/648 623/414/389
f 620/850/711 622/851/713 623/414/389 303/761/648
f 623/414/389 622/851/713 556/852/714
f 303/761/648 578/762/649 621/848/712 620/850/711
f 340/429/403 304/576/500 313/853/499 314/430/388
f 624/854/715 576/839/668 600/855/700
f 627/856/701 628/857/702 624/854/715 600/855/700
f 648/858/716 625/859/717 624/854/715 628/857/702
f 629/860/718 626/861/719 625/859/717 648/858/716
f 633/862/720 634/863/721 635/864/722 636/865/723
f 637/866/724 638/867/725 634/863/721 633/862/720
f 634/863/721 625/859/717 626/861/719 635/864/722
f 636/865/723 630/868/726 631/869/727 633/862/720
f 638/867/725 624/854/715 625/859/717 634/863/721
f 633/862/720 631/869/727 632/870/728 637/866/724
f 624/854/715 638/867/725 614/836/705 576/839/668
f 638/867/725 637/866/724 616/840/707 614/836/705
f 637/866/724 632/870/728 618/842/709 616/840/707
f 639/871/729 640/872/730 618/842/709 632/870/728
f 641/873/731 642/874/732 640/872/730 639/871/729
f 639/871/729 632/870/728 631/869/727 643/875/733
f 643/875/733 631/869/727 630/868/726 644/876/734
f 645/877/735 641/873/731 639/871/729 643/875/733
f 645/877/735 643/875/733 644/876/734 646/878/736
f 640/879/730 619/880/710 618/881/709
f 556/852/714 619/880/710 640/879/730 642/882/732
f 315/411/386 623/414/389 641/883/731 645/884/735
f 642/882/732 641/883/731 623/414/389 556/852/714
f 647/885/737 652/886/738 635/864/722 626/861/719
f 653/887/739 636/865/723 635/864/722 652/886/738
f 649/888/740 630/868/726 636/865/723 653/887/739
f 626/889/719 629/890/718 647/891/737
f 648/892/716 628/831/702 603/830/677
f 650/834/704 604/893/741 605/894/742 649/895/740
f 651/833/703 607/896/743 604/893/741 650/834/704
f 650/834/704 652/897/738 647/891/737
f 650/834/704 653/898/739 652/897/738
f 650/834/704 649/895/740 653/898/739
f 650/834/704 647/891/737 629/890/718 603/830/677
f 629/890/718 648/892/716 603/830/677
f 654/899/744 659/900/745 661/759/646 554/758/645
f 656/901/746 660/902/747 659/900/745 654/899/744
f 657/903/748 555/904/749 655/905/750 716/906/751
f 656/901/746 654/899/744 554/758/645 658/907/752
f 630/908/726 660/909/747 656/910/746 644/911/734
f 660/902/747 716/906/751 655/905/750 659/900/745
f 649/895/740 605/894/742 717/912/753
f 659/900/745 655/905/750 555/904/749 661/759/646
f 661/759/646 555/904/749 546/913/754 662/749/638
f 662/749/638 546/913/754 547/746/637
f 663/914/755 664/915/756 551/754/642 547/746/637
f 665/916/757 666/917/758 664/915/756 663/914/755
f 667/918/759 668/919/760 666/917/758 665/916/757
f 669/920/761 670/921/762 663/914/755 547/746/637
f 671/922/763 665/916/757 663/914/755 670/921/762
f 672/923/764 667/918/759 665/916/757 671/922/763
f 673/924/765 674/925/766 607/926/743 651/927/703
f 675/928/767 676/929/768 607/930/743 674/931/766
f 677/932/769 678/933/770 676/929/768 675/928/767
f 679/934/771 707/935/772 678/933/770 677/932/769
f 678/933/770 707/935/772 672/936/764 671/937/763
f 676/929/768 678/933/770 671/937/763 670/938/762
f 607/930/743 676/929/768 670/938/762 669/939/761
f 680/940/773 708/941/774 711/942/775 707/943/772
f 681/944/776 709/945/777 708/941/774 680/940/773
f 682/946/778 683/947/779 680/940/773 707/943/772
f 684/948/780 685/949/781 683/947/779 682/946/778
f 546/913/754 669/920/761 547/746/637
f 686/950/782 687/951/783 555/904/749 657/903/748
f 688/952/784 546/913/754 555/904/749 687/951/783
f 710/953/785 669/954/761 546/955/754 688/956/784
f 689/957/786 690/958/787 687/951/783 686/950/782
f 691/959/788 688/952/784 687/951/783 690/958/787
f 692/960/789 699/961/790 700/962/791 701/963/792
f 692/960/789 701/963/792 702/964/793 703/965/794
f 668/919/760 667/918/759 695/966/795
f 695/966/795 667/918/759 672/923/764 713/967/796
f 705/968/797 706/969/798 699/961/790 692/960/789
f 705/968/797 692/960/789 703/965/794 704/970/799
f 693/971/800 668/919/760 700/962/791 699/961/790
f 668/919/760 695/966/795 701/963/792 700/962/791
f 695/966/795 713/967/796 702/964/793 701/963/792
f 714/972/801 694/973/802 703/965/794 702/964/793
f 694/973/802 698/974/803 704/970/799 703/965/794
f 698/974/803 696/975/804 705/968/797 704/970/799
f 696/975/804 697/976/805 706/969/798 705/968/797
f 697/976/805 693/971/800 699/961/790 706/969/798
f 713/977/796 672/978/764 710/979/785 688/952/784
f 708/941/774 604/893/741 607/896/743 711/942/775
f 709/945/777 605/894/742 604/893/741 708/941/774
f 607/980/743 669/981/761 710/982/785 711/983/775
f 711/983/775 710/982/785 672/936/764 707/935/772
f 712/984/806 713/977/796 688/952/784 691/959/788
f 714/985/801 713/977/796 712/984/806
f 702/964/793 713/967/796 714/972/801
f 690/986/787 689/987/786 681/944/776 680/940/773
f 680/940/773 683/947/779 691/988/788 690/986/787
f 683/947/779 712/989/806 691/988/788
f 683/947/779 685/949/781 773/990/807 712/989/806
f 709/945/777 681/944/776 689/987/786 715/991/808
f 605/894/742 709/945/777 715/991/808 717/912/753
f 689/987/786 686/992/782 657/993/748 715/991/808
f 715/991/808 657/993/748 716/994/751 717/912/753
f 717/912/753 716/994/751 660/909/747 630/908/726 649/895/740
f 718/995/809 509/996/810 319/415/390 317/418/393
f 645/884/735 718/995/809 317/418/393 315/411/386
f 718/995/809 645/884/735 646/997/736 719/998/811
f 718/995/809 719/998/811 512/999/812 509/996/810
f 552/1000/643 315/1001/386 317/459/393 548/750/639
f 553/1002/644 552/1000/643 548/750/639 549/751/640
f 554/1003/645 553/1002/644 549/751/640 550/752/641
f 720/1004/813 644/911/734 656/910/746 658/1005/752
f 720/1004/813 719/998/811 646/997/736 644/911/734
f 721/1006/814 658/907/752 554/758/645 550/753/641
f 722/1007/815 720/1004/813 658/1005/752 721/1008/814
f 512/999/812 719/998/811 720/1004/813 722/1007/815
f 723/1009/816 724/1010/817 551/754/642 664/915/756
f 723/1009/816 664/915/756 666/917/758 725/1011/818
f 725/1011/818 666/917/758 668/919/760 726/1012/819
f 727/1013/820 728/1014/821 724/1010/817 723/1009/816
f 727/1013/820 723/1009/816 725/1011/818 729/1015/822
f 729/1015/822 725/1011/818 726/1012/819 511/1016/599
f 512/1017/812 722/1018/815 724/1010/817 728/1014/821
f 724/1010/817 722/1018/815 721/1006/814 551/754/642
f 550/753/641 551/754/642 721/1006/814
f 733/1019/823 730/1020/596 727/1013/820 729/1015/822
f 731/1021/595 728/1014/821 727/1013/820 730/1020/596
f 509/1022/810 512/1017/812 728/1014/821 731/1021/595
f 733/1019/823 729/1015/822 511/1016/599 508/1023/594
f 319/415/390 320/692/568 321/1024/407 732/416/391
f 733/1025/823 508/693/594 320/692/568 319/415/390
f 730/695/596 733/1025/823 319/415/390
f 319/415/390 509/996/810 731/694/595
f 734/1026/824 682/1027/778 707/1028/772 679/1029/771
f 735/1030/825 684/1031/780 682/1027/778 734/1026/824
f 736/1032/826 684/1033/780 735/1034/825
f 738/1035/827 739/1036/828 737/1037/829
f 673/924/765 651/927/703 606/1038/676 592/1039/692
f 594/1040/694 587/1041/685 524/1042/615
f 740/1043/830 741/1044/831 736/1032/826 735/1034/825
f 742/1045/832 737/1037/829 736/1032/826 741/1044/831
f 743/1046/833 738/1035/827 737/1037/829 742/1045/832
f 744/1047/834 745/1048/835 743/1046/833 742/1045/832
f 744/1047/834 742/1045/832 741/1044/831 746/1049/836
f 746/1049/836 741/1044/831 740/1043/830 747/1050/837
f 747/1050/837 740/1043/830 748/1051/838 749/1052/839
f 738/1035/827 743/1046/833 748/1053/838 750/1054/840
f 748/1053/838 743/1046/833 745/1048/835 749/1055/839
f 748/1051/838 740/1043/830 735/1034/825 750/1056/840
f 747/1057/837 749/1058/839 750/1059/840 735/1030/825
f 738/1060/827 750/1059/840 749/1058/839 745/1061/835
f 751/1062/841 747/1057/837 735/1030/825 734/1026/824
f 751/1062/841 734/1026/824 679/1029/771 752/1063/842
f 752/1064/842 679/934/771 677/932/769 753/1065/843
f 753/1065/843 677/932/769 675/928/767 754/1066/844
f 754/1066/844 675/928/767 674/931/766 755/1067/845
f 756/1068/846 757/1069/847 754/1066/844 755/1067/845
f 758/1070/848 759/1071/849 757/1069/847 756/1068/846
f 752/1064/842 753/1065/843 759/1071/849 758/1070/848
f 753/1065/843 754/1066/844 757/1069/847 759/1071/849
f 755/1072/845 674/925/766 673/924/765 760/1073/850
f 592/1039/692 593/1074/693 760/1073/850 673/924/765
f 763/1075/851 761/1076/852 744/1077/834 746/1078/836
f 746/1078/836 747/1057/837 751/1062/841 763/1075/851
f 762/1079/853 745/1061/835 744/1077/834 761/1076/852
f 765/1080/854 763/1075/851 758/1081/848 756/1082/846
f 751/1062/841 752/1063/842 758/1081/848 763/1075/851
f 760/1073/850 765/1080/854 756/1082/846 755/1072/845
f 764/1083/855 765/1080/854 598/1084/698 596/1085/696
f 593/1074/693 598/1084/698 765/1080/854 760/1073/850
f 764/1083/855 596/1085/696 595/1086/695 766/1087/856
f 766/1087/856 595/1086/695 594/1040/694 524/1042/615
f 767/1088/857 768/584/511 430/1089/506 432/1090/508
f 767/1088/857 432/1090/508 428/575/504 420/557/494
f 769/1091/858 767/1088/857 417/558/491 419/1092/493
f 767/1088/857 420/557/494 417/558/491
f 337/448/415 338/447/414 769/1091/858 419/1092/493
f 338/447/414 353/480/428 357/1093/432 769/1091/858
f 769/1091/858 357/1093/432 359/552/434 26/353/333
f 26/353/333 45/26/23 513/699/600 769/1091/858
f 307/1094/375 308/585/376 768/584/511 767/1088/857
f 18/69/64 305/71/66 307/1094/375 767/1088/857
f 767/1088/857 769/1091/858 513/699/600 18/69/64
f 426/578/502 430/1089/506 768/584/511 433/577/509
f 766/1087/856 978/1095/614 515/1096/859
f 516/1097/605 766/1087/856 976/1098/604
f 516/1097/605 517/1099/606 764/1083/855 766/1087/856
f 770/1100/860 518/1101/607 519/712/608 14/47/42
f 517/1099/606 518/1101/607 770/1100/860 764/1083/855
f 770/1100/860 14/47/42 63/50/45 771/1102/861
f 770/1100/860 771/1102/861 765/1080/854 764/1083/855
f 771/1102/861 63/50/45 172/241/228 772/1103/862
f 763/1075/851 765/1080/854 771/1102/861 772/1103/862
f 172/241/228 761/1076/852 763/1075/851 772/1103/862
f 762/1079/853 761/1076/852 172/241/228 74/240/227
f 773/990/807 694/1104/802 714/1105/801 712/989/806
f 696/1106/804 698/1107/803 490/668/577 489/666/576
f 697/1108/805 696/1106/804 489/666/576 488/667/575
f 486/1109/573 320/1110/568 322/656/397 482/658/569
f 487/1111/574 486/1109/573 482/658/569 483/659/570
f 488/1112/575 487/1111/574 483/659/570 484/660/571
f 774/1113/863 697/1108/805 488/667/575 484/661/571
f 775/1114/864 776/1115/865 485/662/572 479/651/565
f 777/1116/866 778/1117/867 485/662/572 776/1115/865
f 484/661/571 485/662/572 778/1117/867 774/1113/863
f 775/1114/864 479/651/565 481/655/567 779/1118/868
f 780/1119/869 781/1120/870 777/1116/866 776/1115/865
f 780/1119/869 776/1115/865 775/1114/864 782/1121/871
f 782/1121/871 775/1114/864 779/1118/868 783/1122/872
f 784/1123/873 785/1124/874 781/1120/870 780/1119/869
f 784/1123/873 780/1119/869 782/1121/871 786/1125/875
f 786/1125/875 782/1121/871 783/1122/872 787/1126/876
f 788/1127/877 726/1128/819 668/1129/760 693/1130/800
f 510/696/597 511/698/599 726/1128/819 788/1127/877
f 788/1127/877 693/1130/800 697/1131/805 789/1132/878
f 506/697/598 510/696/597 788/1127/877 789/1132/878
f 789/1132/878 697/1131/805 774/1133/863 790/1134/879
f 774/1133/863 778/1135/867 790/1134/879
f 790/1136/879 778/1117/867 777/1116/866 791/1137/880
f 791/1137/880 777/1116/866 781/1120/870 792/1138/881
f 792/1138/881 781/1120/870 785/1124/874 793/1139/882
f 796/1140/592 795/1141/883 790/1136/879 791/1137/880
f 796/1140/592 791/1137/880 792/1138/881 794/1142/591
f 794/1142/591 792/1138/881 793/1139/882 797/1143/590
f 500/678/583 499/677/582 506/697/598 795/1144/883
f 500/678/583 795/1144/883 796/690/592
f 500/678/583 794/689/591 797/688/590
f 506/697/598 789/1132/878 790/1134/879 795/1144/883
f 798/1145/884 799/1146/885 736/1032/826 737/1037/829
f 799/1146/885 798/1145/884 783/1147/872 779/1148/868
f 799/1146/885 779/1148/868 481/1149/567 800/1150/886
f 684/1033/780 736/1032/826 799/1146/885 800/1150/886
f 801/1151/887 787/1152/876 783/1147/872 798/1145/884
f 737/1037/829 739/1036/828 801/1151/887 798/1145/884
f 801/1151/887 739/1036/828 684/1153/780 800/1154/886
f 787/1152/876 801/1151/887 800/1154/886 481/1155/567
f 802/1156/888 685/949/781 684/948/780 739/1157/828
f 803/1158/889 804/1159/890 480/654/566 490/668/577
f 805/1160/891 806/1161/892 804/1159/890 803/1158/889
f 807/1162/893 481/655/567 480/654/566 804/1159/890
f 807/1162/893 804/1159/890 806/1161/892 808/1163/894
f 809/1164/895 787/1165/876 481/655/567 807/1162/893
f 809/1164/895 807/1162/893 808/1163/894 810/1166/896
f 811/1167/897 698/1168/803 694/1104/802 773/990/807
f 490/1169/577 698/1168/803 811/1167/897 803/1170/889
f 812/1171/898 805/1172/891 803/1170/889 811/1167/897
f 812/1171/898 811/1167/897 773/990/807
f 802/1156/888 812/1171/898 773/990/807 685/949/781
f 813/1173/899 814/1174/900 802/1156/888 739/1157/828
f 802/1156/888 806/1175/892 805/1172/891 812/1171/898
f 814/1174/900 808/1176/894 806/1175/892 802/1156/888
f 815/1177/901 810/1178/896 808/1176/894 814/1174/900
f 816/1179/902 817/1180/903 810/1178/896 815/1177/901
f 818/1181/904 819/1182/905 817/1180/903 816/1179/902
f 820/1183/906 821/1184/907 816/1179/902 815/1177/901
f 822/1185/908 818/1181/904 816/1179/902 821/1184/907
f 823/1186/909 824/1187/910 821/1188/907 820/1189/906
f 825/1190/911 822/1191/908 821/1188/907 824/1187/910
f 826/1192/912 827/1193/913 822/1191/908 825/1190/911
f 828/1194/914 829/1195/915 827/1196/913 826/1197/912
f 829/1195/915 828/1194/914 830/1198/916 831/1199/917
f 830/1198/916 823/1186/909 820/1189/906 831/1199/917
f 824/1187/910 823/1186/909 832/1200/918 833/1201/919
f 825/1190/911 824/1187/910 833/1201/919 834/1202/920
f 826/1192/912 825/1190/911 834/1202/920 835/1203/921
f 828/1194/914 826/1197/912 835/1204/921 836/1205/922
f 830/1198/916 828/1194/914 836/1205/922 837/1206/923
f 823/1186/909 830/1198/916 837/1206/923 832/1200/918
f 833/1201/919 832/1200/918 959/1207/924 960/1208/925
f 834/1202/920 833/1201/919 960/1208/925 961/1209/926
f 835/1203/921 834/1202/920 961/1209/926 962/1210/927
f 836/1205/922 835/1204/921 962/1211/927 963/1212/928
f 837/1206/923 836/1205/922 963/1212/928 964/1213/929
f 832/1200/918 837/1206/923 964/1213/929 959/1207/924
f 839/1214/930 838/1215/931 844/1216/932 845/1217/933
f 840/1218/934 839/1214/930 845/1217/933 846/1219/935
f 841/1220/936 840/1218/934 846/1219/935 847/1221/937
f 842/1222/938 841/1223/936 847/1224/937 848/1225/939
f 843/1226/940 842/1222/938 848/1225/939 849/1227/941
f 838/1215/931 843/1226/940 849/1227/941 844/1216/932
f 845/1217/933 844/1216/932 850/1228/942 851/1229/943
f 846/1219/935 845/1217/933 851/1229/943 852/1230/944
f 847/1221/937 846/1219/935 852/1230/944 853/1231/945
f 848/1225/939 847/1224/937 853/1232/945 854/1233/946
f 849/1227/941 848/1225/939 854/1233/946 855/1234/947
f 844/1216/932 849/1227/941 855/1234/947 850/1228/942
f 851/1229/943 850/1228/942 856/1235/948 857/1236/949
f 852/1230/944 851/1229/943 857/1236/949 858/1237/950
f 853/1231/945 852/1230/944 858/1237/950 859/1238/951
f 854/1233/946 853/1232/945 859/1239/951 860/1240/952
f 855/1234/947 854/1233/946 860/1240/952 861/1241/953
f 850/1228/942 855/1234/947 861/1241/953 856/1235/948
f 857/1236/949 856/1235/948 862/1242/954 863/1243/955
f 858/1237/950 857/1236/949 863/1243/955 864/1244/956
f 859/1238/951 858/1237/950 864/1244/956 865/1245/957
f 860/1240/952 859/1239/951 865/1246/957 866/1247/958
f 861/1241/953 860/1240/952 866/1247/958 867/1248/959
f 856/1235/948 861/1241/953 867/1248/959 862/1242/954
f 831/1249/917 820/1183/906 815/1177/901 814/1174/900
f 829/1250/915 831/1249/917 814/1174/900 813/1173/899
f 958/1251/960 818/1181/904 822/1185/908 827/1252/913
f 868/1253/961 819/1182/905 818/1181/904 958/1251/960
f 869/1254/962 827/1255/913 829/1256/915
f 869/1254/962 829/1256/915 813/1257/899 870/1258/963
f 870/1258/963 813/1257/899 739/1259/828 738/1060/827
f 871/1260/964 958/1261/960 827/1255/913 869/1254/962
f 75/242/229 539/739/630 958/1261/960 871/1260/964
f 869/1254/962 870/1258/963 866/1262/958 865/1263/957
f 871/1260/964 869/1254/962 865/1263/957 864/1264/956
f 871/1260/964 864/1264/956 863/1265/955 75/242/229
f 74/240/227 75/242/229 863/1265/955 862/1266/954
f 862/1266/954 867/1267/959 762/1079/853 74/240/227
f 745/1061/835 762/1079/853 867/1267/959 866/1262/958
f 738/1060/827 745/1061/835 866/1262/958 870/1258/963
f 872/1268/965 873/1269/966 496/670/579 495/669/578
f 876/1270/967 877/1271/968 880/1272/969 881/1273/970
f 810/1178/896 817/1180/903 875/1274/971 874/1275/972
f 809/1276/895 810/1178/896 874/1275/972
f 495/669/578 797/688/590 793/1277/882 872/1268/965
f 878/1278/973 873/1269/966 872/1268/965 879/1279/974
f 877/1271/968 878/1278/973 879/1279/974 880/1272/969
f 881/1273/970 874/1275/972 875/1274/971 876/1270/967
f 787/1280/876 809/1276/895 874/1275/972 881/1273/970
f 786/1281/875 787/1280/876 881/1273/970 880/1272/969
f 879/1279/974 872/1268/965 793/1277/882 785/1282/874
f 786/1281/875 880/1272/969 785/1282/874 784/1283/873
f 880/1272/969 879/1279/974 785/1282/874
f 882/1284/975 868/1253/961 958/1251/960 957/1285/976
f 86/1286/544 450/1287/521 882/1284/975 957/1285/976
f 882/1284/975 450/1287/521 10/1288/362 883/1289/977
f 819/1182/905 868/1253/961 882/1284/975 883/1289/977
f 884/1290/978 505/687/589 498/675/581 497/673/580
f 873/1269/966 884/1290/978 497/673/580 496/670/579
f 885/1291/979 895/1292/980 883/1289/977 10/1288/362
f 886/1293/981 887/1294/982 895/1292/980 885/1291/979
f 888/1295/983 889/1296/984 887/1294/982 886/1293/981
f 890/1297/985 891/1298/986 889/1296/984 888/1295/983
f 892/1299/987 884/1290/978 891/1298/986 890/1297/985
f 893/1300/988 505/687/589 884/1290/978 892/1299/987
f 894/1301/989 492/29/26 505/687/589 893/1300/988
f 873/1269/966 878/1278/973 891/1298/986 884/1290/978
f 889/1296/984 891/1298/986 878/1278/973 877/1271/968
f 887/1294/982 889/1296/984 877/1271/968 876/1270/967
f 887/1294/982 876/1270/967 875/1274/971 895/1292/980
f 875/1274/971 817/1180/903 819/1182/905 895/1292/980
f 895/1292/980 819/1182/905 883/1289/977
f 896/1302/990 897/1303/991 885/1304/979 10/386/362
f 898/1305/992 886/1306/981 885/1304/979 897/1303/991
f 899/1307/993 888/1308/983 886/1306/981 898/1305/992
f 900/1309/994 890/1310/985 888/1308/983 899/1307/993
f 901/1311/995 892/1312/987 890/1310/985 900/1309/994
f 902/1313/996 893/1314/988 892/1312/987 901/1311/995
f 903/1315/997 894/1316/989 893/1314/988 902/1313/996
f 9/30/27 492/29/26 894/1301/989
f 9/34/27 894/1316/989 903/1315/997 904/1317/998
f 905/1318/999 493/31/28 9/34/27 904/1317/998
f 906/1319/1000 907/1320/1001 897/1303/991 896/1302/990
f 908/1321/1002 898/1305/992 897/1303/991 907/1320/1001
f 909/1322/1003 899/1307/993 898/1305/992 908/1321/1002
f 910/1323/1004 900/1309/994 899/1307/993 909/1322/1003
f 911/1324/1005 901/1311/995 900/1309/994 910/1323/1004
f 912/1325/1006 902/1313/996 901/1311/995 911/1324/1005
f 913/1326/1007 903/1315/997 902/1313/996 912/1325/1006
f 914/1327/1008 904/1317/998 903/1315/997 913/1326/1007
f 915/1328/1009 905/1318/999 904/1317/998 914/1327/1008
f 918/367/343 493/31/28 905/1318/999 915/1328/1009
f 10/386/362 494/387/363 906/1319/1000 896/1302/990
f 907/1320/1001 906/1319/1000 494/387/363
f 908/1321/1002 907/1320/1001 494/387/363 916/1329/1010
f 909/1322/1003 908/1321/1002 916/1329/1010
f 910/1323/1004 909/1322/1003 916/1329/1010
f 911/1324/1005 910/1323/1004 916/1329/1010 917/1330/1011
f 912/1325/1006 911/1324/1005 917/1330/1011
f 913/1326/1007 912/1325/1006 917/1330/1011
f 914/1327/1008 913/1326/1007 917/1330/1011 918/367/343
f 915/1328/1009 914/1327/1008 918/367/343
f 300/368/344 918/367/343 919/1331/1012
f 295/372/348 296/371/347 919/1331/1012
f 298/378/354 299/385/361 919/1331/1012
f 494/387/363 295/372/348 919/1331/1012
f 296/371/347 298/378/354 919/1331/1012
f 297/390/366 300/368/344 919/1331/1012
f 301/382/358 297/390/366 919/1331/1012
f 299/385/361 301/382/358 919/1331/1012
f 916/1329/1010 494/387/363 919/1331/1012
f 917/1330/1011 916/1329/1010 919/1331/1012
f 918/367/343 917/1330/1011 919/1331/1012
f 265/727/178 263/1332/1013 922/1333/1014 921/728/624
f 261/1334/144 260/1335/142 922/1333/1014 923/1336/1015
f 147/1337/1016 148/1338/305 923/1336/1015 262/1339/1017
f 33/1340/1018 933/1341/1019 932/1342/1020 252/1343/1021
f 271/1344/181 266/726/179 920/729/625 924/1345/1022
f 270/1346/183 271/1344/181 924/1345/1022 925/1347/1023
f 269/1348/185 270/1346/183 925/1347/1023 926/1349/1024
f 267/1350/187 269/1348/185 926/1349/1024 927/1351/1025
f 268/1352/1026 267/1350/187 927/1351/1025 928/1353/1027
f 283/1354/201 268/1352/1026 928/1353/1027 929/1355/1028
f 272/1356/202 283/1354/201 929/1355/1028 930/1357/1029
f 273/1358/207 272/1356/202 930/1357/1029 931/1359/1030
f 274/1360/205 273/1358/207 931/1359/1030 932/1342/1020
f 33/1340/1018 245/1361/1031 934/1362/1032 933/1341/1019
f 245/1361/1031 246/1363/1033 935/1364/1034 934/1362/1032
f 246/1363/1033 247/1365/321 936/1366/1035 935/1364/1034
f 247/1365/321 251/1367/319 937/1368/1036 936/1366/1035
f 251/1367/319 280/1369/317 938/1370/1037 937/1368/1036
f 939/1371/1038 121/1372/1039 122/1373/279 938/1370/1037
f 921/728/624 259/1374/140 258/1375/137 920/729/625
f 922/1333/1014 260/1335/142 259/1374/140 921/728/624
f 922/1333/1014 263/1332/1013 262/1339/1017 923/1336/1015
f 933/1341/1019 275/1376/208 274/1360/205 932/1342/1020
f 920/729/625 258/1375/137 257/1377/136 924/1345/1022
f 924/1345/1022 257/1377/136 538/1378/134 925/1347/1023
f 925/1347/1023 538/1378/134 256/1379/131 926/1349/1024
f 926/1349/1024 256/1379/131 255/1380/133 927/1351/1025
f 927/1351/1025 255/1380/133 124/1381/1040 928/1353/1027
f 928/1353/1027 124/1381/1040 125/1382/1041 929/1355/1028
f 929/1355/1028 125/1382/1041 243/1383/1042 930/1357/1029
f 930/1357/1029 243/1383/1042 244/1384/1043 931/1359/1030
f 931/1359/1030 244/1384/1043 252/1343/1021 932/1342/1020
f 934/1362/1032 276/1385/210 275/1376/208 933/1341/1019
f 935/1364/1034 277/1386/1044 276/1385/210 934/1362/1032
f 936/1366/1035 217/1387/1045 277/1386/1044 935/1364/1034
f 937/1368/1036 123/1388/278 217/1387/1045 936/1366/1035
f 938/1370/1037 122/1373/279 123/1388/278 937/1368/1036
f 254/1389/1046 253/1390/1047 121/1372/1039 939/1371/1038
f 938/1370/1037 280/1369/317 279/1391/316 939/1371/1038
f 939/1371/1038 279/1391/316 278/1392/1048 254/1389/1046
f 148/1338/305 264/1393/146 261/1334/144 923/1336/1015
f 579/792/670 627/829/701 584/826/675
f 627/829/701 600/825/700 584/826/675
f 83/93/88 439/446/413 940/1394/587
f 183/316/298 448/319/301 237/601/520 951/1395/551
f 189/1396/552 190/257/244 445/260/247 954/253/240
f 539/739/630 957/1397/976 958/1261/960
f 87/84/79 942/1398/545 86/1399/544 941/85/80
f 88/87/82 943/1400/546 942/1398/545 87/84/79
f 89/246/233 944/1401/547 943/1400/546 88/87/82
f 97/88/83 946/1402/541 96/1403/557 945/95/90
f 98/91/86 947/1404/542 946/1402/541 97/88/83
f 83/93/88 940/1394/587 947/1404/542 98/91/86
f 180/248/235 948/1405/548 944/1401/547 89/246/233
f 181/250/237 949/1406/549 948/1405/548 180/248/235
f 182/252/239 950/1407/550 949/1406/549 181/250/237
f 183/316/298 951/1395/551 950/1407/550 182/252/239
f 188/303/285 953/1408/554 187/1409/553 952/256/243
f 952/256/243 187/1409/553 189/1396/552 954/253/240
f 223/99/94 955/1410/555 953/1408/554 188/303/285
f 956/97/92 224/1411/556 955/1410/555 223/99/94
f 945/95/90 96/1403/557 224/1411/556 956/97/92
f 941/85/80 86/1399/544 957/1397/976 539/739/630
f 183/316/298 440/320/302 448/319/301
f 445/260/247 444/600/519 954/253/240
f 959/1207/924 838/1215/931 839/1214/930 960/1208/925
f 960/1208/925 839/1214/930 840/1218/934 961/1209/926
f 961/1209/926 840/1218/934 841/1220/936 962/1210/927
f 962/1211/927 841/1223/936 842/1222/938 963/1212/928
f 963/1212/928 842/1222/938 843/1226/940 964/1213/929
f 964/1213/929 843/1226/940 838/1215/931 959/1207/924
f 973/397/373 311/1412/510 20/722/620 974/398/374
f 969/366/342 2/5/2 309/404/378 970/403/377
f 966/7/4 1/1/381 310/406/380 971/405/379
f 965/4/382 20/722/620 311/1412/510 972/407/383
f 975/701/602 515/1413/859 7/15/12 967/14/11
f 968/46/41 56/45/40 516/704/605 976/703/604
f 977/715/613 7/15/12 515/1413/859 978/716/614
f 979/719/617 523/714/612 522/713/611 980/720/618
f 766/1087/856 975/1414/602 514/1415/601
f 766/1087/856 980/1416/618 522/1417/611
f 310/583/380 972/1418/383 433/577/509
f 970/586/377 309/581/378 433/577/509
f 973/580/373 312/409/372 433/577/509
f 972/1418/383 311/579/510 433/577/509
f 766/1087/856 522/1417/611 978/1095/614
f 766/1087/856 514/1415/601 976/1098/604
f 766/1087/856 515/1096/859 975/1414/602
f 766/1087/856 524/1042/615 980/1416/618
f 979/719/617 602/718/616 579/792/670 527/724/622
f 536/6/3 21/2/332 1/1/381 966/7/4
f 536/6/3 2/5/2 969/366/342
f 22/3/331 529/723/621 20/722/620 965/4/382
f 525/721/619 569/791/661 302/395/371 974/398/374
f 12/13/10 35/702/603 967/14/11
f 968/46/41 35/702/603 12/13/10
f 984/74/69 272/213/202 273/220/207 983/75/70
f 986/122/117 278/1419/1048 279/338/316 985/123/118
f 987/125/120 254/1420/1046 278/1419/1048 986/122/117
f 988/127/122 253/1421/1047 254/1420/1046 987/125/120
f 989/130/124 121/1422/1039 253/1423/1047 988/131/122
f 990/133/126 122/295/279 121/1422/1039 989/130/124
f 991/136/129 124/1424/1040 255/140/133 992/137/130
f 993/139/132 13/1425/628 24/134/127 992/137/130
f 1026/142/135 537/1426/629 13/1425/628 993/139/132
f 982/145/138 82/1427/163 57/1428/165 994/146/139
f 995/148/141 84/1429/160 82/1427/163 982/145/138
f 996/150/143 127/1430/161 84/1429/160 995/148/141
f 997/152/145 126/1431/151 127/1430/161 996/150/143
f 998/154/147 128/1432/148 126/1431/151 997/152/145
f 999/181/172 263/1433/1013 265/189/178 1003/182/173
f 1000/184/175 262/1434/1017 263/1433/1013 999/181/172
f 1001/186/176 147/1435/1016 262/1434/1017 1000/184/175
f 1002/188/177 148/1436/305 147/1435/1016 1001/186/176
f 1004/191/180 52/1437/36 144/179/170 1003/182/173
f 1005/193/182 53/1438/37 52/1437/36 1004/191/180
f 1006/195/184 54/1439/38 53/1438/37 1005/193/182
f 1007/197/186 149/1440/189 54/1439/38 1006/195/184
f 1008/199/188 150/216/190 149/1440/189 1007/197/186
f 984/74/69 282/73/68 156/361/198 1025/214/203
f 1008/199/188 267/198/187 268/1441/1026 1009/217/204
f 1010/219/206 160/358/336 281/72/67 983/75/70
f 1011/222/209 159/228/215 160/358/336 1010/219/206
f 1012/224/211 158/225/212 159/228/215 1011/222/209
f 1014/290/274 217/1442/1045 123/294/278 1013/291/275
f 1015/293/277 277/1443/1044 217/1442/1045 1014/290/274
f 1012/224/211 276/223/210 277/1443/1044 1015/293/277
f 990/133/126 209/132/125 213/287/271 1013/291/275
f 1002/326/177 129/1444/149 128/1432/148 998/154/147
f 1016/329/307 125/1445/1041 124/1424/1040 991/136/129
f 1017/331/309 243/1446/1042 125/1445/1041 1016/329/307
f 1018/333/311 244/1447/1043 243/1446/1042 1017/331/309
f 981/335/313 252/1448/1021 244/1447/1043 1018/333/311
f 1019/337/315 33/1449/1018 252/1448/1021 981/335/313
f 1020/340/318 113/111/106 117/120/115 985/123/118
f 1021/342/320 114/112/107 113/111/106 1020/340/318
f 1022/344/322 248/345/323 114/112/107 1021/342/320
f 1022/344/322 247/343/321 246/1450/1033 1023/346/324
f 1023/346/324 246/1450/1033 245/1451/1031 1024/350/328
f 1024/350/328 245/1451/1031 33/1449/1018 1019/337/315
f 1009/217/204 268/1441/1026 283/212/201 1025/214/203
f 994/146/139 57/1428/165 537/1426/629 1026/142/135
f 1027/113/108 108/106/101 112/110/105 1028/114/109
f 1029/117/112 117/120/115 113/111/106 1028/114/109
f 1030/119/114 119/121/116 117/120/115 1029/117/112
f 1031/226/213 161/306/288 162/229/216 1032/227/214
f 1033/231/218 160/358/336 159/228/215 1032/227/214
f 1034/282/266 209/132/125 210/129/123 1035/283/267
f 1036/286/270 213/287/271 209/132/125 1034/282/266
f 1036/286/270 212/285/269 214/307/289 1037/288/272
f 1038/296/280 219/299/282 205/301/262 1039/297/281
f 1039/298/281 205/278/262 204/277/261 1035/283/267
f 1030/119/114 118/118/113 219/299/282 1038/296/280
f 1037/288/272 214/307/289 225/305/287 1040/304/286
f 1031/226/213 158/225/212 216/292/276 1040/304/286
f 1041/348/326 40/21/18 109/107/102 1042/349/327
f 1042/349/327 109/107/102 108/106/101 1027/113/108
f 1041/348/326 249/347/325 250/351/329 1043/352/330
f 1043/352/330 250/351/329 34/336/314 1044/80/75
f 1044/80/75 34/336/314 5/334/312 1045/81/76
f 1045/400/76 5/1452/312 1046/77/72
f 1046/77/72 5/1452/312 85/732/310 531/78/73
f 1033/231/218 163/230/217 167/235/222 168/237/224
f 1033/231/218 168/237/224 1047/359/337
f 1047/359/337 168/237/224 521/710/610
f 977/715/613 523/714/612 530/725/623 48/37/32
f 602/718/616 627/829/701 579/792/670
f 569/791/661 557/760/647 302/395/371
