# Blender 5.0.1
# www.blender.org
mtllib shoe.mtl
o Shoes.001
v -225.567261 -10.329278 -17.633593
v -225.789688 -9.997869 -25.403994
v -226.513016 -12.214116 -18.645876
v -225.060898 -8.398504 -17.068151
v -227.930084 0.742051 -15.269794
v -224.700470 -6.493632 -16.417412
v -234.526016 -10.499290 -16.893436
v -234.592712 -7.912410 -15.887518
v -234.220551 -12.550138 -18.131136
v -233.261322 -13.814004 -19.158455
v -231.962067 -14.581186 -19.904329
v -230.440552 -14.740580 -20.206118
v -227.644684 -13.601592 -19.486084
v -224.532715 -4.332671 -15.842478
v -224.292374 -2.241808 -15.256660
v -228.924576 -14.303308 -20.033140
v -234.133881 -1.432709 -14.751071
v -234.388535 -4.523629 -15.099586
v -231.997498 6.373130 -14.599404
v -232.882111 3.275526 -14.851222
v -233.544754 0.945896 -14.804692
v -231.120300 3.142703 -18.548136
v -230.423340 3.777712 -19.028967
v -229.851349 4.028895 -19.800125
v -229.420059 4.218650 -20.480474
v -228.832550 4.255451 -20.915874
v -227.959320 4.243773 -20.860510
v -227.112305 3.910445 -20.702192
v -226.698502 3.611767 -20.042448
v -226.472305 3.232877 -19.563440
v -226.057495 2.830420 -18.840389
v -226.116928 2.020537 -18.717932
v -225.341034 2.427986 -17.788107
v -224.173019 0.256707 -14.907165
v -223.942856 2.109212 -14.634320
v -224.673965 2.520006 -16.578598
v -225.157410 2.582677 -17.786293
v -224.962982 -0.139002 -21.612619
v -224.047058 -0.257243 -23.617205
v -224.844406 -1.818061 -21.578468
v -225.196716 1.133920 -21.543236
v -225.111282 1.512419 -20.043512
v -225.639160 0.971412 -20.228279
v -226.238098 0.834597 -20.308256
v -225.754715 0.664964 -21.494720
v -225.677612 0.685462 -23.152573
v -226.416962 0.593023 -22.147943
v -225.687042 1.227284 -24.589058
v -225.168228 1.406285 -23.202070
v -225.155380 1.735482 -24.970995
v -224.094971 0.921717 -24.873167
v -224.442871 2.126104 -25.843983
v -223.328873 1.238594 -24.601686
v -223.235046 0.075311 -23.250940
v -224.166168 2.388563 -25.825472
v -223.487183 2.520459 -25.463003
v -223.139374 1.731977 -23.099457
v -223.038910 0.606338 -21.694479
v -223.273270 2.678921 -23.518349
v -222.439819 3.286275 -19.399235
v -222.197403 1.687397 -18.413624
v -221.062057 5.410776 -15.807727
v -223.096848 3.408740 -21.708246
v -222.405212 6.183150 -18.813585
v -223.347412 3.480731 -22.378321
v -223.155991 3.865951 -22.064743
v -222.898087 6.201545 -19.834156
v -223.356018 4.273060 -22.741047
v -222.950562 4.090573 -22.582468
v -223.069138 4.408480 -23.280397
v -223.068771 3.765582 -22.788315
v -223.143997 4.007961 -23.689980
v -223.522583 3.682212 -23.548046
v -223.807846 3.591051 -25.597378
v -223.820557 4.525544 -24.283424
v -223.869995 4.849529 -24.389261
v -224.256073 4.556857 -24.381439
v -225.118835 5.159204 -24.675457
v -224.541046 3.344421 -25.423969
v -224.822647 3.540183 -26.006109
v -224.813843 2.694750 -26.954731
v -225.350891 3.959234 -28.250807
v -227.657425 4.239003 -29.888039
v -225.629883 3.173485 -28.938679
v -227.628830 3.626082 -30.229397
v -225.829956 2.494987 -28.752098
v -227.633789 2.802526 -29.848236
v -226.172394 2.011384 -28.139458
v -225.008514 2.491243 -27.308498
v -225.829666 1.534664 -26.792276
v -226.471848 1.348017 -25.211012
v -226.761017 1.798985 -26.461576
v -226.461044 0.822136 -24.027798
v -227.848083 2.430986 -26.963833
v -227.683975 2.268929 -28.926342
v -229.059662 2.389689 -26.657286
v -229.474792 2.272314 -28.391050
v -230.023422 2.224337 -24.985924
v -230.582077 2.173150 -26.652710
v -230.707977 1.942144 -23.862652
v -231.147858 1.839174 -25.445557
v -231.251587 1.530818 -21.315361
v -231.693863 1.320838 -23.704609
v -231.910767 1.033827 -22.307228
v -231.777786 1.420697 -20.893206
v -232.528854 1.833836 -20.569044
v -234.793640 -0.458255 -22.399279
v -232.638306 1.576909 -21.848343
v -232.459702 1.617964 -23.805399
v -231.930740 2.246774 -25.691113
v -234.193512 1.531133 -25.486521
v -234.967041 2.002110 -25.162941
v -236.528625 -0.105837 -23.306559
v -232.605728 2.525956 -26.396601
v -231.415848 2.573489 -27.235289
v -233.016205 3.116198 -26.515123
v -231.742142 3.043173 -26.912466
v -233.770432 3.543004 -24.528183
v -232.412430 4.268999 -25.870651
v -231.437210 4.209423 -25.751696
v -231.623871 5.353314 -24.515490
v -232.235748 5.104613 -24.029682
v -232.900467 4.913995 -23.423817
v -232.511230 5.519409 -24.338406
v -231.422638 5.804751 -24.698603
v -232.517395 5.878191 -23.889286
v -233.012161 5.188859 -23.945707
v -232.997604 5.550498 -23.379292
v -232.939148 5.303373 -22.799604
v -232.017319 5.585302 -23.163559
v -233.806305 5.010735 -21.840549
v -233.502899 6.815289 -19.644100
v -232.399857 6.885315 -20.710424
v -231.039658 6.918819 -22.271820
v -232.169418 7.268570 -21.882170
v -232.596268 7.220324 -21.256567
v -232.297668 7.304467 -20.360460
v -232.098679 7.652509 -21.504744
v -232.559814 7.602217 -20.954018
v -231.618271 9.235737 -19.118715
v -230.669403 7.434683 -21.407459
v -230.345551 8.637684 -20.072824
v -230.895615 7.547991 -22.145681
v -230.505493 7.299149 -21.235765
v -230.101440 8.450150 -20.014421
v -227.730164 7.880334 -21.382219
v -230.048828 7.265781 -21.740671
v -227.973053 6.978048 -22.422241
v -227.779221 7.694214 -21.589626
v -227.705200 7.951046 -21.740488
v -227.546875 8.326589 -21.311192
v -227.005173 7.973532 -21.807192
v -226.337250 7.848350 -21.512817
v -226.334793 8.049266 -21.296188
v -226.768143 8.669283 -20.860291
v -227.210144 6.975667 -22.705193
v -227.258484 7.060473 -23.613714
v -226.659790 6.949925 -22.443073
v -226.307678 7.772833 -21.437080
v -224.302383 6.818600 -21.236181
v -224.164490 6.948771 -20.941008
v -223.928726 7.007233 -21.032944
v -223.859802 7.033060 -21.659096
v -222.778305 6.833349 -20.529598
v -223.945312 6.604122 -22.030399
v -226.386154 6.731264 -23.995598
v -224.161652 6.267976 -21.794395
v -224.081757 6.297132 -21.676271
v -222.837036 6.517828 -20.905947
v -222.704605 6.401657 -20.374176
v -223.234467 6.240598 -20.460014
v -222.647919 6.744789 -20.019350
v -222.852814 6.578510 -19.494291
v -223.127838 6.748702 -19.862270
v -222.544037 8.670997 -18.134905
v -223.732849 8.295328 -19.638571
v -222.149796 8.803260 -17.778095
v -222.224396 8.975913 -18.608212
v -221.787720 9.200145 -18.303671
v -222.337006 9.400058 -18.659172
v -223.743195 8.537936 -19.796167
v -223.609970 8.979376 -19.508539
v -226.301498 7.859327 -20.965326
v -223.934814 8.193849 -19.487806
v -226.244507 8.384725 -20.606005
v -226.038269 8.701597 -19.950348
v -223.717514 9.005101 -18.792273
v -223.523087 9.096910 -18.956121
v -223.433044 10.407137 -17.464806
v -224.072403 11.121191 -18.728085
v -226.076508 11.192511 -18.611168
v -223.193512 10.489567 -17.864988
v -222.455719 10.063114 -17.273970
v -223.029694 10.794425 -18.026281
v -221.991562 10.371697 -17.713522
v -222.944626 11.235928 -17.897139
v -221.683914 10.793387 -17.229916
v -222.912689 11.278032 -17.262110
v -223.200058 11.307359 -17.055593
v -223.893723 11.548505 -18.414608
v -223.963638 11.556083 -17.821585
v -225.932648 11.938151 -18.841717
v -229.272034 12.708201 -17.845072
v -228.071030 11.708941 -18.354195
v -226.024277 12.066399 -18.482267
v -226.031891 11.409925 -18.942749
v -229.628677 11.038813 -18.593248
v -229.571823 10.878484 -18.378443
v -230.369843 10.897036 -18.893320
v -229.572220 11.546009 -18.359425
v -229.214386 10.711600 -18.064041
v -229.866547 9.068267 -19.400969
v -227.409637 8.647813 -20.156979
v -226.744492 8.695869 -20.202749
v -227.404984 8.689429 -20.793941
v -227.511154 8.337554 -20.464878
v -227.623108 8.243315 -21.084705
v -230.153885 9.355542 -19.788681
v -230.381866 8.962862 -20.224529
v -231.557724 9.459892 -19.736990
v -230.750290 9.706841 -19.893566
v -230.420700 9.460559 -19.305988
v -230.034271 9.290411 -19.489182
v -230.036224 10.766271 -18.405703
v -231.124298 10.904160 -18.645332
v -230.391449 11.291376 -18.461050
v -231.149139 10.833815 -18.110275
v -232.423355 11.367867 -17.000454
v -230.810165 12.877400 -16.932232
v -230.192764 11.215104 -17.904823
v -229.445267 11.528334 -17.929035
v -229.093185 11.456059 -17.705179
v -229.330856 11.948065 -17.646873
v -228.995575 11.874273 -17.516830
v -229.346176 12.114748 -18.002695
v -230.890869 13.053421 -17.624899
v -230.205322 13.630141 -17.603996
v -230.635864 14.670541 -16.788319
v -229.977814 14.365351 -17.118019
v -230.557770 14.617130 -16.064949
v -229.795471 15.179274 -16.581594
v -229.621628 15.143695 -16.113485
v -228.653900 15.425674 -16.504349
v -228.426315 15.345374 -16.052391
v -228.725235 15.352679 -16.193237
v -228.784958 14.656483 -16.870640
v -225.751175 15.875912 -17.001837
v -225.095444 15.330472 -17.064129
v -225.050095 16.177164 -16.885790
v -228.424179 16.975599 -16.522545
v -225.665741 15.771105 -16.120207
v -228.042297 16.768452 -15.446348
v -228.328796 15.845939 -15.840917
v -228.610794 15.818837 -15.948765
v -228.345551 16.845377 -15.591167
v -229.950012 16.099121 -15.462771
v -230.433167 17.452343 -14.825005
v -229.716675 17.245838 -15.035480
v -231.453186 16.350489 -14.951527
v -233.898041 16.989868 -12.509482
v -231.950317 13.994089 -15.924518
v -231.184341 18.133089 -14.277744
v -230.283585 18.257748 -14.598944
v -233.581177 19.456528 -12.030185
v -230.996979 21.230873 -13.523462
v -233.369064 22.025959 -11.707316
v -229.131897 20.218311 -14.127492
v -228.854752 21.604153 -13.707456
v -229.200134 22.040339 -13.457817
v -230.566162 24.325840 -12.486131
v -230.194000 26.828007 -11.682209
v -233.153397 24.718370 -11.347706
v -229.163467 22.825968 -13.006768
v -228.701248 23.197678 -13.033755
v -226.387054 26.148809 -11.857469
v -226.400406 23.207586 -12.761729
v -228.607986 22.932474 -13.818938
v -226.611191 22.686201 -13.976709
v -228.677277 22.001251 -14.261674
v -226.808289 21.974453 -14.385075
v -224.232483 21.555046 -14.470406
v -227.182068 21.482807 -13.801076
v -226.669891 21.523872 -13.690219
v -226.999420 20.781281 -14.020768
v -224.188965 21.101511 -14.035073
v -221.741409 20.726088 -13.461175
v -224.431519 19.544161 -14.743991
v -221.830551 19.830807 -13.655963
v -224.493057 19.143843 -15.262890
v -225.271317 19.035021 -15.239092
v -223.529282 18.711184 -15.217196
v -224.603104 18.505304 -15.498687
v -227.716995 17.507395 -14.979597
v -224.588150 18.086464 -14.996800
v -222.066879 16.917412 -14.638478
v -222.081833 16.549374 -14.905870
v -221.813095 16.809507 -14.991845
v -221.893280 17.992104 -14.219435
v -221.843613 18.975050 -13.923100
v -223.225784 18.651712 -14.587029
v -221.608490 17.986393 -14.591385
v -220.354706 17.790798 -13.827315
v -221.345367 20.657211 -13.772481
v -221.674164 20.960583 -14.058234
v -220.029053 20.430489 -13.218355
v -219.372299 20.392540 -12.894913
v -219.932053 20.569122 -13.446298
v -219.770065 21.216663 -13.336381
v -219.236923 21.050217 -12.736732
v -219.952347 21.396093 -12.967426
v -221.527542 21.683834 -13.736108
v -224.051132 22.243135 -14.045760
v -221.445007 21.935930 -13.134058
v -223.874557 22.660696 -12.953081
v -221.233597 25.201302 -12.150678
v -221.090332 27.569796 -11.382529
v -218.305878 25.417459 -11.246424
v -223.840546 25.608248 -12.010791
v -223.731644 27.914961 -11.377846
v -223.617004 30.157850 -10.895060
v -226.315582 28.452171 -11.324710
v -226.270767 30.766378 -10.865788
v -229.603973 29.283577 -11.119431
v -229.087006 31.544651 -10.765594
v -232.257828 30.000414 -10.084785
v -231.510513 32.428493 -9.665071
v -234.248672 30.558277 -8.081955
v -232.873489 27.361895 -10.655687
v -234.578690 28.062490 -8.668586
v -234.823196 25.389536 -9.156728
v -235.018982 27.982897 -6.125838
v -235.170197 25.199583 -5.949073
v -235.143250 30.529421 -5.971142
v -235.454819 28.163338 -5.733808
v -235.519562 25.543312 -5.421607
v -235.674805 28.069374 -2.014401
v -235.509140 30.877642 -5.552448
v -234.163406 33.171669 -5.471403
v -235.512329 30.972738 -2.674244
v -234.955231 33.289906 -3.025254
v -234.156937 31.984734 -1.710442
v -231.784988 31.644915 -2.142654
v -232.418915 32.312008 -1.573530
v -231.414459 32.073734 -2.195668
v -231.389679 30.340427 -1.909937
v -232.486435 29.485687 -1.093624
v -230.679581 30.479767 -0.994102
v -231.451218 28.124857 -2.022321
v -229.186417 31.468739 -2.048270
v -228.411423 31.036240 -1.813226
v -229.098251 30.732006 -1.012942
v -228.087906 29.908863 -1.907529
v -227.035065 31.102154 -1.914058
v -226.823822 30.804209 -1.169628
v -225.530212 30.963715 -1.990687
v -227.883575 31.588831 -2.066135
v -228.051880 32.170773 -2.176335
v -226.959473 32.344894 -1.595017
v -225.540710 32.159294 -2.474520
v -225.645081 31.750338 -1.892957
v -225.216156 32.221264 -1.684739
v -223.870438 31.974152 -2.046385
v -225.145508 31.865776 -1.465112
v -223.804810 31.236486 -2.033352
v -225.129578 31.901882 -1.479301
v -223.719910 31.886986 -1.618856
v -221.679932 30.799072 -1.469941
v -223.686127 31.515541 -1.452713
v -221.672424 30.764587 -1.450189
v -220.975616 30.250677 -1.877606
v -219.313065 29.573263 -2.588880
v -221.103912 30.808043 -1.655244
v -220.480469 30.226238 -1.427350
v -220.463516 30.258701 -1.454315
v -221.066269 29.422176 -2.042665
v -219.210327 28.906654 -2.162249
v -219.505615 29.580956 -1.404712
v -218.922592 29.328802 -1.492635
v -218.381500 28.038906 -2.280216
v -219.493713 28.598442 -2.183266
v -221.125092 27.168041 -2.428748
v -219.940353 28.651995 -1.402899
v -219.614288 28.019619 -1.466190
v -219.353241 28.209009 -1.454077
v -218.639999 27.707960 -2.294860
v -218.779266 26.393404 -2.562384
v -218.878006 27.733984 -1.495995
v -217.137222 26.069864 -2.577391
v -218.348480 26.672270 -1.625073
v -217.501144 25.942196 -1.670373
v -218.719437 23.338110 -1.750380
v -219.374481 19.586815 -1.613598
v -218.971375 23.165123 -2.952011
v -217.926682 22.698153 -1.596257
v -217.389954 22.415377 -2.625254
v -218.922943 19.236845 -1.532206
v -218.985382 17.901051 -2.682145
v -217.926804 20.481365 -2.629009
v -217.637085 19.506123 -1.291546
v -217.215363 20.647594 -1.363706
v -215.144806 17.904621 -2.115408
v -214.630280 18.689939 -6.128003
v -215.690735 15.714514 -2.360665
v -214.709763 19.829927 -2.123352
v -215.991013 17.989059 -1.120691
v -215.651291 19.010233 -1.064808
v -215.466263 20.159071 -1.076056
v -216.953354 21.677525 -1.386726
v -216.367630 16.656578 -1.205388
v -218.216873 17.966722 -1.381080
v -214.474915 22.685247 -2.462064
v -215.263184 21.419455 -1.153023
v -216.796997 22.969454 -1.452221
v -215.160492 23.079075 -1.267544
v -216.579025 24.909315 -1.529577
v -214.505356 25.250919 -2.598619
v -214.489594 21.370386 -6.034609
v -214.794830 21.104952 -6.347255
v -214.223694 24.540789 -6.129385
v -214.523712 24.299198 -6.436124
v -214.562790 26.257013 -5.900507
v -214.877380 26.087372 -6.158892
v -214.755112 26.669769 -2.903860
v -214.987640 27.834248 -5.848197
v -215.425690 30.629265 -5.574841
v -215.264313 27.664164 -6.025236
v -215.539658 29.313028 -3.283107
v -215.033554 27.784866 -3.053930
v -215.784622 28.323833 -2.046636
v -215.812317 28.771397 -2.253589
v -217.524536 28.693096 -2.904399
v -217.176270 28.780972 -2.127036
v -217.997147 28.129229 -2.590241
v -217.096146 29.231586 -2.256732
v -216.730209 30.176828 -3.083476
v -217.833206 29.755974 -2.122967
v -218.044357 29.264061 -1.964862
v -218.442795 28.932121 -1.532057
v -219.030518 29.822651 -1.890124
v -218.853546 30.085440 -2.164789
v -217.379883 30.323965 -2.357995
v -218.899841 30.710199 -2.443808
v -219.311234 31.311079 -2.984701
v -219.282883 32.592751 -2.547176
v -218.106552 31.769024 -3.117182
v -220.746674 30.802979 -2.524870
v -220.761887 31.461489 -2.365788
v -219.768600 31.721703 -2.501938
v -219.791748 30.735231 -2.387580
v -219.820129 33.977299 -3.374034
v -219.982620 32.986771 -2.693309
v -220.795837 32.546570 -2.591935
v -223.497360 34.545242 -2.635843
v -220.780563 33.103828 -2.850178
v -220.946930 34.050934 -2.693441
v -223.362976 35.380455 -2.770529
v -223.109238 35.955956 -2.683395
v -224.928131 34.718128 -2.746061
v -224.425735 35.611572 -2.549726
v -224.647629 34.283474 -2.487753
v -224.424072 36.509930 -3.089799
v -225.331131 35.456089 -2.542320
v -225.224731 33.515762 -2.847058
v -225.516724 32.981762 -2.388302
v -226.606033 32.856792 -2.603209
v -225.594727 34.036510 -2.464444
v -225.201248 32.551495 -2.690434
v -225.044861 32.597198 -2.113869
v -223.669052 32.700581 -2.744553
v -224.811386 33.168446 -2.475889
v -223.496613 33.355812 -2.489589
v -223.737717 32.652863 -2.324155
v -220.924088 31.147223 -1.967500
v -223.783051 32.278965 -1.923236
v -227.864700 33.013016 -1.935707
v -228.104248 32.394573 -2.124691
v -230.035324 34.697227 -2.194646
v -227.384247 33.940235 -2.227461
v -227.286224 34.004845 -2.710435
v -229.528091 35.993454 -2.565336
v -229.840958 36.660553 -3.373912
v -231.112579 34.276646 -2.632797
v -230.958908 36.354725 -2.863040
v -229.191620 37.199718 -2.995956
v -228.805618 38.190136 -3.930349
v -230.076828 37.723503 -3.404092
v -232.822815 36.220322 -3.734490
v -231.803635 37.349510 -3.453319
v -231.580246 37.379631 -3.470000
v -230.712524 38.316681 -4.112959
v -230.366867 38.395294 -4.745978
v -229.539734 38.546223 -4.006691
v -229.521271 38.241028 -4.546939
v -228.258362 39.322166 -4.488389
v -228.647079 39.392387 -5.326184
v -226.719055 37.835140 -4.113416
v -227.967407 39.838287 -5.074375
v -228.457382 38.918674 -5.983170
v -227.055527 39.701077 -6.379551
v -226.672974 39.682819 -5.809940
v -226.913834 40.007446 -6.446249
v -227.101898 40.090149 -5.574876
v -226.642822 39.568020 -7.126075
v -226.673615 39.793560 -7.229205
v -228.101181 38.638348 -6.399157
v -226.053574 38.837376 -8.664721
v -226.112030 37.500641 -9.682954
v -224.961273 38.749874 -8.776939
v -225.955444 39.076733 -8.866093
v -225.713226 39.631134 -7.042300
v -226.204834 39.341179 -8.253741
v -225.828583 39.410393 -8.218660
v -228.032349 38.582211 -7.570107
v -230.199753 37.552860 -7.375203
v -228.637283 36.467869 -9.641223
v -232.193237 35.549622 -7.422068
v -230.057022 37.405651 -6.171108
v -232.173553 34.997265 -5.993059
v -230.256210 37.941120 -5.797462
v -232.373993 35.379238 -5.580395
v -233.753906 32.812626 -5.846261
v -233.388443 32.993488 -7.667263
v -230.491135 34.629498 -9.459669
v -228.299255 33.496010 -10.736689
v -225.861771 32.628342 -10.857476
v -227.066742 35.148743 -10.699609
v -225.394714 34.146072 -10.927952
v -225.606461 36.123390 -10.861691
v -224.900055 35.085697 -10.972658
v -223.780197 36.248428 -10.642539
v -223.670151 34.921059 -10.886800
v -221.884415 35.522533 -10.554584
v -223.874069 37.759197 -9.541128
v -224.277039 38.684319 -8.659725
v -223.284393 38.535469 -8.599069
v -221.337860 36.691349 -9.421100
v -219.282196 35.380787 -9.467482
v -220.374329 37.917683 -7.679628
v -221.270065 38.548908 -7.968678
v -222.408401 38.445446 -8.452756
v -222.439301 38.640896 -8.652613
v -222.069565 38.821106 -7.724504
v -221.755890 39.139141 -7.039867
v -222.110001 39.064735 -7.752914
v -223.065353 39.115891 -7.534507
v -222.212341 38.978832 -8.046738
v -223.120682 39.230858 -7.844522
v -223.303482 38.727364 -8.784762
v -224.175797 39.365372 -7.913416
v -224.235138 38.850365 -8.791084
v -224.210449 39.297077 -7.672111
v -224.344757 39.500076 -7.935432
v -224.133789 39.524132 -7.629241
v -224.135971 39.822632 -6.538003
v -224.375626 40.002216 -6.887622
v -224.085236 39.925121 -5.896636
v -224.059372 40.067734 -6.721129
v -224.108109 39.856838 -7.066817
v -222.863007 39.582443 -6.615427
v -225.374939 39.918243 -5.876822
v -224.830566 40.249100 -5.740582
v -224.571747 40.089291 -4.895445
v -226.424393 39.987183 -4.799705
v -225.740891 39.851788 -5.599951
v -226.327362 39.576637 -5.191278
v -226.633133 39.135773 -4.068132
v -226.379700 40.017639 -5.536035
v -226.649734 40.019894 -5.969212
v -225.802063 40.108086 -5.955978
v -226.329391 40.032005 -6.745581
v -225.586426 40.132439 -6.207736
v -226.002853 39.666882 -7.490094
v -223.936737 39.614693 -5.150595
v -223.713623 40.219017 -5.229745
v -223.966934 38.160213 -3.956007
v -224.431793 39.820366 -4.412961
v -223.437500 39.936829 -4.663900
v -222.194763 39.280876 -5.234437
v -222.278961 39.855869 -5.348901
v -221.884445 39.659264 -4.907238
v -220.373291 38.703152 -5.587049
v -219.734177 38.632526 -5.616932
v -220.100174 38.968487 -5.267271
v -220.133789 37.543018 -4.721920
v -220.718460 39.435719 -6.020781
v -220.737289 39.290215 -5.220488
v -221.234009 39.154598 -6.391187
v -220.657776 38.855610 -6.234313
v -219.709351 37.843395 -6.058415
v -219.403732 38.064091 -6.163024
v -219.166092 38.092724 -5.340189
v -218.088654 36.557819 -5.826780
v -218.290375 36.312420 -5.802856
v -216.296036 33.905506 -5.800621
v -217.934601 36.967937 -4.625597
v -218.539673 37.523762 -4.922926
v -218.529175 37.898891 -4.716856
v -218.999588 38.293957 -4.963865
v -219.792679 37.923744 -4.205963
v -218.186661 37.428196 -4.456691
v -219.209732 37.222034 -4.053694
v -219.652237 36.071415 -4.228511
v -220.013611 36.995277 -4.432521
v -221.206955 37.522282 -4.334131
v -220.116943 37.650959 -4.018222
v -220.985535 38.052940 -3.932084
v -219.855621 37.077724 -3.886966
v -220.535583 37.214981 -3.789585
v -221.445892 37.435886 -3.686915
v -220.381805 36.099972 -4.145542
v -221.306808 36.316887 -3.963552
v -221.099823 36.607204 -3.482220
v -220.514877 35.234364 -3.695092
v -221.658310 36.492107 -4.005778
v -220.458878 36.340000 -3.504217
v -219.621246 36.186905 -3.674644
v -219.538071 34.631081 -3.044263
v -218.829727 34.585770 -3.239808
v -218.531982 33.880970 -3.741158
v -218.442963 32.647652 -2.612034
v -217.651016 33.614273 -3.064136
v -218.097260 34.641888 -3.477649
v -219.172256 35.196354 -4.077991
v -216.083679 33.804581 -3.869680
v -215.647049 31.246983 -3.304020
v -216.274170 33.431824 -3.349097
v -216.672333 34.467186 -3.696149
v -217.135147 35.725887 -4.378536
v -217.240616 35.553776 -4.004643
v -217.611328 36.221722 -4.168151
v -218.719101 36.142578 -3.826069
v -217.961807 36.877396 -4.307415
v -219.009216 36.670261 -3.924803
v -218.376663 35.521416 -3.684479
v -216.220093 32.012886 -2.846322
v -217.485580 32.248737 -2.709198
v -221.567520 36.971535 -3.533071
v -222.639740 37.967880 -4.168446
v -222.723145 38.153996 -4.235853
v -222.225403 38.812969 -3.990270
v -222.783325 38.585831 -3.786407
v -221.981003 38.310036 -3.832913
v -223.085800 37.789886 -3.497774
v -223.923096 38.479500 -3.544030
v -223.957794 38.380371 -3.563321
v -223.968170 37.724419 -3.165979
v -221.391800 36.210567 -3.277012
v -223.267014 36.786087 -3.665750
v -221.351715 35.197151 -3.524926
v -223.034393 37.056606 -3.123413
v -221.216309 35.355118 -2.935124
v -224.182190 36.908546 -2.801082
v -220.556747 35.538570 -3.086071
v -220.021423 34.524437 -2.873253
v -220.749542 36.020161 -3.306844
v -222.233368 38.954441 -4.058435
v -221.161728 38.490242 -4.129340
v -221.288254 38.808498 -4.259717
v -219.891861 38.379433 -4.462445
v -221.509064 38.021214 -4.545441
v -221.591324 39.222706 -4.452137
v -223.309036 39.403812 -4.133478
v -220.417206 38.876328 -4.650059
v -216.422012 33.544231 -5.905988
v -216.255981 33.934231 -7.392944
v -215.654663 30.314173 -5.689205
v -215.344864 30.957384 -7.132222
v -216.587982 30.492317 -9.237414
v -215.109558 28.322012 -7.264971
v -216.283691 28.235207 -9.238033
v -215.100723 26.375717 -7.628543
v -214.903244 24.058178 -8.217903
v -216.281708 26.045767 -9.593796
v -216.393890 23.564798 -10.279052
v -216.829468 20.649578 -10.879380
v -218.626068 20.916998 -12.485258
v -219.142731 17.690613 -13.087609
v -217.284027 18.038872 -11.143121
v -219.556213 15.264382 -13.788363
v -219.292908 17.011436 -13.705537
v -219.320190 16.280945 -13.909019
v -219.559372 17.060173 -14.357837
v -220.478592 16.943687 -14.074894
v -220.202408 17.086658 -14.747104
v -220.353363 16.388359 -14.956997
v -221.724319 16.714241 -15.493478
v -221.922577 16.027424 -15.796350
v -222.197876 15.870060 -14.913644
v -221.916931 15.895941 -15.257154
v -223.395615 15.492914 -16.543938
v -223.343002 15.417304 -15.582158
v -222.169922 14.762267 -16.279289
v -222.159210 14.807435 -15.691694
v -222.426819 14.739994 -15.302824
v -220.911148 13.858276 -15.916739
v -222.221130 14.292048 -16.488817
v -220.915741 13.539250 -15.964029
v -222.652039 14.098831 -15.786927
v -222.271500 13.949804 -15.967533
v -222.670425 12.188623 -16.919231
v -221.356110 13.366555 -15.350865
v -221.596008 12.458637 -15.949005
v -221.339142 12.559955 -16.316078
v -222.656036 12.265626 -17.147655
v -221.350311 12.029538 -16.520449
v -220.439484 13.050646 -16.005730
v -220.287384 13.681463 -15.528695
v -220.621704 12.814026 -15.128349
v -220.847580 12.257195 -16.354038
v -221.020279 12.008159 -15.566655
v -220.882462 10.622841 -15.685427
v -221.723373 11.747800 -16.125858
v -222.903290 11.483177 -17.084045
v -221.932968 10.782931 -16.668900
v -221.730774 10.060575 -16.653978
v -221.383804 10.322860 -17.281162
v -223.194183 11.375336 -16.940449
v -222.908844 11.642811 -17.441113
v -218.999741 11.035955 -13.086251
v -220.122467 12.943974 -14.637767
v -221.604187 8.445683 -17.122986
v -219.918854 8.486074 -14.177763
v -218.618378 9.120008 -11.248194
v -217.366699 10.161643 -8.145678
v -217.592072 11.800613 -10.505390
v -219.519409 6.576523 -11.912440
v -220.149857 3.763763 -12.187508
v -218.102158 7.618975 -8.484513
v -219.149536 4.190351 -9.102166
v -217.974594 7.521483 -8.405020
v -218.018585 6.406879 -4.495999
v -217.015152 10.203032 -8.030339
v -219.003448 4.086679 -8.960628
v -218.651093 3.081051 -4.897615
v -219.668045 1.218016 -9.297896
v -219.942200 1.314017 -9.555961
v -219.925659 -1.428237 -9.445321
v -219.178879 0.100445 -5.155972
v -219.372559 -2.063686 -5.337926
v -220.547791 -0.575898 -2.607122
v -219.921234 -2.397696 -2.577163
v -223.480072 -2.016325 -2.753717
v -221.192093 -0.374869 -1.490579
v -221.637756 0.920077 -2.773927
v -221.103363 -1.238311 -1.528950
v -221.483475 2.933047 -3.713318
v -219.955658 6.159183 -3.996968
v -222.695175 2.250312 -3.031712
v -223.797714 3.919241 -3.508478
v -225.055145 2.970909 -3.482135
v -224.175034 4.177500 -2.851329
v -224.829788 5.655678 -3.743997
v -223.763550 3.485575 -2.643686
v -223.220032 2.685155 -2.358806
v -224.843887 2.833824 -2.427998
v -224.378876 1.884197 -1.973777
v -225.893250 3.001319 -2.350370
v -225.639053 2.193529 -1.957943
v -226.416016 3.115609 -3.182007
v -226.306381 3.639024 -2.520060
v -227.281219 4.881830 -3.304366
v -225.908386 1.584578 -2.732746
v -230.228241 3.935491 -3.037969
v -231.698166 4.171349 -3.238776
v -230.269257 4.618969 -2.213642
v -229.981812 5.472067 -2.294945
v -229.535797 5.461673 -3.229433
v -230.691879 3.928595 -1.917020
v -230.965988 2.057819 -2.483538
v -231.082016 2.890496 -1.590650
v -232.706360 1.883547 -2.677012
v -231.428116 1.968583 -1.358192
v -231.337463 0.425535 -2.111768
v -231.629303 1.077047 -1.162659
v -232.958771 0.184045 -2.080313
v -232.013046 0.205405 -1.150612
v -225.657593 -0.038182 -2.413858
v -231.837952 -1.377501 -2.163741
v -225.496765 -1.792519 -2.257822
v -231.732452 -3.095196 -2.526856
v -232.281036 -1.784205 -1.357869
v -234.135147 -1.568867 -2.720340
v -232.075134 -0.892336 -1.272450
v -234.054047 -1.130765 -1.260317
v -235.596436 0.306318 -1.085885
v -233.669724 -0.118360 -1.137213
v -234.980789 1.217841 -1.144443
v -235.247360 2.188611 -2.224051
v -236.174698 0.239971 -2.461983
v -236.329041 1.104694 -5.122684
v -234.011200 3.277571 -2.675008
v -234.587921 2.130753 -1.245898
v -233.953979 2.830825 -1.484810
v -233.219299 0.818148 -1.185739
v -232.766785 1.749724 -1.255649
v -235.257629 3.694306 -4.667754
v -233.289078 5.062306 -2.671535
v -233.467194 3.700788 -1.693515
v -232.716324 4.664929 -1.886711
v -232.422607 2.581459 -1.480409
v -231.853516 3.867175 -1.875726
v -232.432144 6.722217 -2.691432
v -232.248901 5.417022 -2.043038
v -231.769073 6.322650 -2.086878
v -231.480270 4.706497 -2.030980
v -230.263000 4.646386 -2.118392
v -231.029999 5.638126 -2.209796
v -230.841766 5.882178 -3.430672
v -230.596176 6.580675 -2.172080
v -229.478668 6.338659 -2.356196
v -230.172699 8.554570 -1.930589
v -231.487595 7.129832 -2.027236
v -231.255737 8.299759 -1.875859
v -232.075073 8.904864 -2.662695
v -234.421234 8.786752 -3.747820
v -232.797089 11.053278 -2.080009
v -231.391632 9.464117 -1.612987
v -230.098038 9.548909 -2.913430
v -230.636139 9.799161 -1.615620
v -229.866135 9.680278 -1.750383
v -230.557846 12.377522 -2.280483
v -228.612640 7.751881 -3.054744
v -228.601913 8.535518 -2.220854
v -226.643585 9.493112 -3.033033
v -229.104401 7.433247 -2.322097
v -228.060776 7.587382 -2.512415
v -227.304657 6.223598 -3.193085
v -227.656158 6.421769 -2.642409
v -226.355682 6.893306 -3.323006
v -227.415771 5.692189 -2.718307
v -226.670380 6.044811 -2.816295
v -227.169388 5.200614 -2.697181
v -226.061615 5.124902 -2.853036
v -225.223114 5.757664 -3.044714
v -225.878601 4.713947 -3.707091
v -225.655518 4.434132 -2.808365
v -224.755188 5.126985 -3.030231
v -225.227570 3.465570 -2.616183
v -226.652573 4.541810 -2.669183
v -225.811035 6.772069 -2.945872
v -225.948898 7.284489 -3.624725
v -226.467300 7.333098 -2.791459
v -222.795670 9.332593 -3.622247
v -223.123383 9.924987 -3.509828
v -222.714005 9.548665 -2.703604
v -221.269867 10.676228 -3.658010
v -222.305710 8.768842 -2.795608
v -221.341125 7.294765 -4.111704
v -221.428940 7.607820 -2.972266
v -219.182312 8.551645 -3.606372
v -217.284897 9.077263 -3.963109
v -217.779999 11.208152 -2.981139
v -219.962799 8.702847 -2.614166
v -221.006271 9.932158 -2.500604
v -218.503784 10.601426 -2.072011
v -220.056061 11.310686 -2.199111
v -220.097015 12.610292 -3.332134
v -219.538528 12.227710 -1.987017
v -221.586884 10.771439 -2.424310
v -220.210266 13.176370 -1.975202
v -219.339752 14.133818 -3.050629
v -218.724503 13.936059 -1.684644
v -217.094421 12.428066 -2.753365
v -219.092026 13.115075 -1.824743
v -218.506744 15.979498 -2.668546
v -216.181198 14.600462 -2.475896
v -218.224289 15.036291 -1.526266
v -219.203690 15.546534 -1.615670
v -220.243866 17.384068 -2.800435
v -222.096786 18.883438 -2.996064
v -221.021866 17.712326 -1.660301
v -222.369049 16.198977 -3.151384
v -220.882050 16.444653 -1.741418
v -220.076630 16.267359 -1.683056
v -221.062988 13.969699 -3.256211
v -219.835464 18.617031 -2.801646
v -220.141983 19.619852 -1.702523
v -221.895035 20.195673 -3.032590
v -224.444427 22.953846 -3.245518
v -221.862778 21.225004 -1.926979
v -221.196716 20.512234 -1.832308
v -223.122330 21.118244 -1.903207
v -224.754395 21.568188 -3.087718
v -223.114075 21.219585 -1.912626
v -224.446747 22.645756 -2.000019
v -224.611954 21.862642 -1.918731
v -225.497070 22.174084 -1.840152
v -225.519058 22.088034 -1.831059
v -226.116791 21.968466 -3.000938
v -225.837280 25.068926 -3.040593
v -225.591873 23.147734 -1.924867
v -226.243103 21.061831 -2.546664
v -227.661301 21.506409 -2.654721
v -227.579727 21.174135 -1.377088
v -228.818893 20.024588 -2.232452
v -227.893951 23.023371 -2.786825
v -228.965454 21.666945 -2.385454
v -229.458817 23.081600 -2.418460
v -229.685898 21.365051 -0.954784
v -228.956345 20.229929 -2.224047
v -231.948914 21.300982 -1.565721
v -231.299759 21.232044 -0.546259
v -231.551483 24.270983 -1.980074
v -232.689438 20.206074 -0.246451
v -235.790726 19.412384 -1.211942
v -231.956757 18.355324 -1.723901
v -228.709229 16.377197 -2.196689
v -231.039230 19.177029 -0.463059
v -231.027496 17.435585 -0.494223
v -231.072830 15.630828 -1.766422
v -234.282547 16.543510 -1.061889
v -232.612396 18.835426 -0.227986
v -232.597794 17.434875 -0.802575
v -231.949875 15.896378 -0.397449
v -234.069412 16.022108 -0.206190
v -233.345398 14.553556 -0.417313
v -233.541977 13.419709 -1.800914
v -232.808380 13.258553 -0.629391
v -235.236435 14.294638 -2.019932
v -234.684509 11.643585 -2.679440
v -235.541580 14.762934 -5.201332
v -235.443634 16.665228 -1.647000
v -235.801788 17.711895 -4.907597
v -235.329102 17.561071 -5.426826
v -235.763824 20.100433 -4.832300
v -235.269531 19.881735 -5.394036
v -235.767624 22.594263 -4.828998
v -235.808807 21.154011 -1.369333
v -236.157074 23.275759 -1.351761
v -235.878967 25.500374 -1.561665
v -234.683121 23.978207 -0.175169
v -231.786438 25.261436 -2.007062
v -231.939377 27.205196 -2.190581
v -232.591629 25.344082 -0.614191
v -231.615479 26.931973 -2.193345
v -231.073929 26.037201 -0.987013
v -231.245132 27.072584 -1.019733
v -229.238235 25.804918 -1.451650
v -230.923325 24.988083 -0.946079
v -229.659286 23.892282 -1.205913
v -229.074570 25.353218 -1.469383
v -228.407959 25.767870 -2.933640
v -225.620972 28.407635 -2.368620
v -227.848145 25.871389 -1.703114
v -228.399551 27.109318 -1.448699
v -228.070160 25.408064 -1.699625
v -227.769882 23.898472 -1.627092
v -226.600403 25.110292 -1.954501
v -226.142426 27.638010 -1.539349
v -226.261826 28.986759 -1.354334
v -228.240662 29.169910 -1.183437
v -230.512283 28.666910 -1.056199
v -228.834167 29.694254 -1.085122
v -227.569443 29.695671 -1.175966
v -226.041458 30.736240 -1.227317
v -223.865463 29.462786 -2.139073
v -225.212189 29.476074 -1.360902
v -225.180008 28.253786 -1.508262
v -223.797821 28.762056 -1.438294
v -225.376083 26.495720 -1.777221
v -223.940735 27.147268 -1.631092
v -221.530914 24.806894 -2.049968
v -224.074860 26.203608 -2.776528
v -221.449326 23.578169 -3.151419
v -224.196091 25.558836 -1.918760
v -221.598877 23.082249 -2.028519
v -224.372650 23.743401 -2.032138
v -225.380295 24.946692 -2.039642
v -219.447235 25.087490 -1.944496
v -219.692108 23.005358 -1.867905
v -219.242401 26.789562 -1.639868
v -221.305801 26.704903 -1.663975
v -225.145554 30.735981 -1.264772
v -223.827927 29.987236 -1.325886
v -221.323822 28.074501 -1.462612
v -223.682297 30.324661 -1.348729
v -221.282761 29.273520 -1.353937
v -223.750870 30.636644 -1.994200
v -230.963852 27.378832 -1.125890
v -232.729187 26.851175 -0.747680
v -234.736923 25.501104 -0.320991
v -232.491394 28.359621 -1.014681
v -234.766541 26.845198 -0.483209
v -234.842651 28.289051 -0.747992
v -235.294296 22.312809 -5.387276
v -234.840790 22.441273 -8.880626
v -234.877640 19.815825 -8.955776
v -235.178925 17.301115 -9.092622
v -235.365311 14.618246 -9.417592
v -235.276245 14.736318 -5.734332
v -235.460739 11.817929 -9.745860
v -234.326340 14.485956 -13.145062
v -234.731598 11.855544 -13.839694
v -235.237823 9.241963 -14.682713
v -235.810867 8.850626 -10.441962
v -235.956055 6.255773 -15.693065
v -232.893600 8.939368 -18.164785
v -235.288422 4.314564 -20.200102
v -237.069122 3.041394 -14.897254
v -236.317047 5.868462 -10.915122
v -237.151215 3.220231 -11.034056
v -235.609283 5.896630 -7.117870
v -236.414215 3.668645 -7.701347
v -235.767426 5.698967 -6.706038
v -235.414230 8.616294 -6.820815
v -235.160568 11.984376 -6.121403
v -235.576996 8.675034 -6.309294
v -235.255997 11.909548 -5.634391
v -236.478607 3.564230 -7.351048
v -234.752991 6.088719 -4.596895
v -237.489532 0.257450 -8.071730
v -237.587006 -1.786365 -8.373684
v -237.142303 0.406748 -8.312798
v -237.955124 0.503001 -11.168440
v -237.220444 -1.666684 -8.640596
v -238.065659 -1.966674 -11.415635
v -237.032928 -4.623155 -9.293032
v -236.812790 -7.336139 -9.729161
v -237.713699 -4.636209 -11.907058
v -237.452820 -4.750373 -9.071274
v -237.299515 -7.476526 -9.536451
v -237.161880 -4.475935 -5.972960
v -237.117722 -7.253010 -6.107898
v -237.215408 -4.793534 -2.911338
v -237.070374 -1.801376 -5.561255
v -236.853577 -2.051052 -2.640415
v -236.305603 -1.936355 -1.280658
v -234.273285 -3.921556 -2.951013
v -236.520798 -2.943592 -1.371004
v -234.431396 -4.269966 -1.527282
v -236.804016 -4.450969 -1.513719
v -234.491943 -5.456919 -1.640773
v -234.423370 -6.048344 -3.144535
v -232.300873 -4.664912 -1.623540
v -232.291885 -3.589732 -1.525375
v -231.816269 -5.079340 -2.712311
v -231.898834 -6.143560 -2.785174
v -232.462097 -5.517171 -1.701777
v -226.332062 -6.450360 -3.379275
v -225.819748 -6.492286 -3.462120
v -226.057343 -5.501307 -2.649598
v -226.819275 -7.279552 -3.224758
v -225.460632 -7.133945 -3.333500
v -226.443115 -7.532782 -1.964376
v -227.681961 -8.562582 -2.735178
v -226.999405 -8.352840 -1.992955
v -226.533600 -9.087858 -2.732924
v -229.161499 -9.112796 -2.878198
v -231.742508 -7.215541 -2.946546
v -231.772079 -8.225257 -2.960516
v -232.326355 -7.501170 -1.817749
v -234.373688 -9.258360 -1.777228
v -232.369186 -8.240926 -1.829883
v -232.419678 -6.664555 -1.777107
v -234.541916 -8.161306 -1.766938
v -237.099319 -7.572436 -1.705632
v -234.435684 -7.895721 -3.238524
v -237.313583 -6.882316 -2.975479
v -234.503418 -7.360075 -1.756081
v -236.985916 -6.620977 -1.664840
v -234.542816 -6.339966 -1.690387
v -232.474365 -6.052813 -1.738914
v -236.871979 -5.504854 -1.607723
v -237.403412 -9.561693 -2.918624
v -236.939850 -10.354269 -6.335280
v -236.980347 -11.488182 -3.260157
v -237.083679 -9.315769 -1.752449
v -236.209290 -10.837900 -1.733018
v -234.286972 -10.108885 -1.744031
v -233.970566 -10.569564 -3.196532
v -236.769623 -12.483829 -3.262246
v -233.473862 -11.006557 -1.714847
v -232.271683 -13.227582 -1.793562
v -229.295715 -9.520205 -1.951855
v -235.833145 -12.449295 -1.845886
v -234.724075 -14.357969 -2.004407
v -233.330582 -14.495541 -2.839611
v -235.178986 -15.135427 -3.349641
v -235.138321 -15.379828 -6.916577
v -232.344284 -16.754148 -3.124717
v -234.457245 -15.513773 -2.244826
v -234.450470 -15.524160 -2.158225
v -232.764862 -16.415022 -2.192502
v -231.821960 -16.070581 -2.068726
v -230.428391 -15.067353 -1.883379
v -232.901947 -15.059218 -1.943738
v -231.187393 -16.214869 -2.888414
v -229.569672 -15.377687 -2.836547
v -231.123032 -16.740688 -2.164197
v -229.728699 -15.769183 -1.973818
v -228.198105 -17.064863 -2.195297
v -230.161331 -17.143932 -3.126080
v -230.366959 -18.114862 -6.837268
v -228.103958 -17.302889 -2.985644
v -227.845840 -18.252890 -6.749368
v -225.585739 -16.339176 -2.996799
v -224.023895 -15.022955 -2.872174
v -225.441086 -17.218723 -6.616575
v -225.350555 -16.016125 -2.139195
v -226.195526 -16.216213 -3.372950
v -226.528503 -16.540226 -2.138770
v -226.615005 -16.415903 -2.102056
v -228.362961 -16.216393 -2.009289
v -228.059570 -15.992033 -3.266663
v -228.518524 -15.476110 -1.968503
v -227.801727 -14.689286 -1.857380
v -226.454178 -15.855040 -2.040431
v -225.923370 -14.805362 -1.847021
v -225.355606 -14.580006 -3.216393
v -224.686569 -15.234735 -2.030234
v -225.153412 -14.374537 -1.822568
v -227.816696 -14.488212 -2.756878
v -226.868484 -14.058558 -1.810044
v -228.418365 -14.571853 -1.811237
v -228.403336 -13.413117 -3.156363
v -227.789841 -13.769311 -1.812527
v -226.274414 -12.972068 -2.671436
v -225.490097 -12.699717 -1.747176
v -223.966187 -13.002290 -3.111986
v -226.289581 -13.215088 -1.773256
v -226.867157 -12.880217 -1.798453
v -226.966339 -11.902181 -3.191167
v -226.406586 -12.153195 -1.828309
v -225.152863 -11.507718 -2.655095
v -225.050964 -11.797078 -1.728275
v -223.107651 -11.680681 -3.095962
v -225.620789 -11.294141 -1.783389
v -225.769714 -10.487562 -2.694667
v -224.886185 -10.747158 -2.956585
v -224.212799 -10.805760 -2.897929
v -223.552460 -10.436719 -2.486649
v -223.277740 -10.837790 -2.821216
v -222.311249 -10.565840 -2.449209
v -222.253326 -10.320753 -1.644132
v -221.195633 -10.570616 -2.922261
v -221.793900 -11.693810 -5.957945
v -220.811844 -9.037757 -2.838850
v -221.614197 -10.335903 -1.709729
v -221.574234 -11.921404 -3.020643
v -222.747772 -13.343881 -2.765916
v -222.786758 -13.114101 -1.826960
v -222.156586 -12.209520 -1.765662
v -223.397934 -12.019077 -1.673272
v -223.823380 -12.776544 -1.713174
v -223.120819 -14.486865 -6.285734
v -223.412949 -13.840281 -1.861542
v -223.959290 -14.601932 -1.971938
v -224.465622 -13.432741 -1.733650
v -223.451141 -14.532388 -10.396201
v -225.546417 -17.109627 -10.538077
v -223.577667 -14.084743 -10.729717
v -222.042114 -11.426261 -10.354677
v -222.356918 -11.141544 -10.508651
v -221.623322 -8.644771 -10.220338
v -221.131912 -5.925050 -10.074116
v -221.895844 -8.405552 -10.400902
v -221.176575 -9.013261 -5.845834
v -220.480270 -7.536893 -2.853927
v -220.552185 -6.472284 -5.774703
v -219.997772 -4.248127 -5.591562
v -220.340408 -6.683705 -2.883713
v -220.132690 -5.661758 -2.880176
v -220.157379 -4.452975 -2.846160
v -220.611237 -6.224718 -1.736612
v -221.754913 -5.798687 -3.142879
v -221.688080 -6.181154 -1.737829
v -222.267899 -6.650280 -2.593228
v -222.909866 -5.743149 -2.988708
v -223.015915 -5.342339 -1.778026
v -222.642395 -6.121113 -3.522119
v -223.282623 -6.547060 -3.166455
v -224.479645 -6.522893 -3.586591
v -224.504379 -6.613639 -2.653594
v -224.190033 -6.709764 -1.848033
v -224.852295 -7.517683 -2.463537
v -225.166595 -7.432878 -1.919096
v -225.736801 -8.963146 -1.936483
v -225.621582 -7.499387 -1.935006
v -226.295288 -8.624361 -1.963485
v -225.264999 -8.569936 -2.714211
v -225.812286 -9.530070 -2.516325
v -225.460281 -9.278157 -1.865945
v -224.706161 -9.897779 -2.579104
v -224.642181 -9.659242 -1.787757
v -224.374130 -9.007380 -1.835417
v -223.963028 -9.976517 -1.703645
v -223.705734 -9.285539 -1.756831
v -223.123138 -9.192570 -2.556729
v -222.531967 -8.717103 -1.733056
v -221.804764 -9.037359 -3.111292
v -222.914413 -9.414296 -1.711812
v -224.222137 -8.868551 -2.636666
v -223.493118 -8.929804 -1.773891
v -222.690796 -7.907614 -2.586095
v -222.258102 -7.368183 -1.750588
v -221.472870 -7.694693 -3.144205
v -222.370178 -7.963677 -1.746867
v -223.015305 -7.765568 -1.787471
v -223.187012 -8.014839 -1.789840
v -223.739792 -7.771003 -2.648271
v -223.618729 -7.537818 -1.830376
v -223.867203 -7.931141 -1.843690
v -224.128281 -8.644190 -1.844883
v -224.893478 -8.289293 -1.890830
v -224.355316 -7.247326 -1.860836
v -223.362335 -6.674922 -1.817261
v -222.714691 -6.772091 -1.766676
v -221.530670 -7.886941 -1.729265
v -221.716171 -8.791623 -1.720297
v -220.919617 -7.799821 -1.746869
v -221.136215 -8.843898 -1.742923
v -222.038086 -6.706149 -1.749825
v -220.874619 -7.279183 -1.746376
v -220.744690 -6.752742 -1.738061
v -222.035583 -9.285473 -1.710417
v -222.981369 -10.246069 -1.641677
v -221.428955 -9.356900 -1.716502
v -225.180786 -8.676827 -1.890723
v -220.811005 -4.191414 -1.680673
v -223.099182 -4.266684 -1.728507
v -225.428726 -5.072296 -1.805334
v -225.316589 -3.976796 -1.723790
v -225.793518 -3.649599 -2.517759
v -225.266327 -3.273858 -1.669848
v -223.177994 -3.996382 -2.858934
v -223.227997 -3.505270 -1.685763
v -223.387634 -2.404904 -1.615781
v -220.721054 -2.324941 -1.585877
v -225.209274 -2.284722 -1.593486
v -220.710892 -3.173490 -1.641243
v -220.551788 -3.658742 -9.766959
v -220.852448 -3.525306 -10.006480
v -221.468521 -3.656971 -12.856670
v -221.432663 -5.722556 -10.329750
v -220.220551 -1.318209 -9.693279
v -221.013275 -1.432764 -12.555165
v -220.667572 1.078713 -12.351501
v -221.715424 -1.752936 -15.467144
v -221.503876 0.538987 -15.282085
v -222.561249 -2.372195 -18.266682
v -221.922333 -4.014363 -15.925162
v -222.619141 -4.597827 -18.970890
v -222.219940 -6.437492 -16.816671
v -222.604828 -6.911368 -19.920982
v -222.690201 -8.830050 -17.282532
v -221.915543 -5.932023 -13.126645
v -222.311554 -8.619256 -13.493970
v -222.834885 -11.443505 -13.819909
v -223.414307 -11.331825 -17.841692
v -224.004654 -14.400290 -13.979568
v -224.553299 -13.999268 -18.451210
v -226.149506 -16.879147 -14.589931
v -226.432663 -16.164906 -18.911377
v -225.584381 -16.549900 -10.874184
v -228.419708 -18.045729 -15.022014
v -228.739075 -17.543869 -19.261662
v -230.953125 -18.548901 -15.318516
v -228.013123 -17.862148 -11.069992
v -230.580185 -18.073563 -11.281632
v -228.080582 -18.351795 -10.739003
v -230.614227 -18.557270 -10.999260
v -233.535904 -17.823689 -11.111310
v -233.469437 -17.331831 -11.324012
v -235.165726 -15.852607 -10.955601
v -233.069305 -17.311996 -6.861952
v -234.868851 -15.510969 -11.118711
v -236.344055 -13.656077 -10.692301
v -235.924149 -13.353213 -10.835923
v -237.015442 -10.850508 -10.053470
v -236.469162 -13.061526 -6.650341
v -236.539810 -10.637857 -10.239717
v -237.463425 -11.011354 -13.571675
v -237.462189 -7.721201 -12.632693
v -238.337402 -11.103519 -17.118917
v -236.895874 -13.824965 -14.465978
v -237.351151 -13.680971 -18.114967
v -235.637573 -15.964195 -15.012407
v -233.736694 -17.804848 -15.277565
v -235.871887 -15.816136 -18.901518
v -233.818787 -17.477005 -19.271147
v -235.587036 -15.634451 -23.127621
v -235.084503 -14.819475 -27.053885
v -233.616852 -16.811510 -23.849670
v -237.215927 -13.628322 -22.064396
v -236.348282 -13.215996 -25.943825
v -238.435669 -10.951335 -20.582037
v -238.829712 -8.039589 -18.993845
v -237.470642 -10.797091 -23.921671
v -237.451569 -10.392315 -25.236689
v -238.628448 -8.099228 -22.079029
v -239.222641 -4.656706 -20.629551
v -238.621246 -7.824233 -23.382137
v -237.581757 -7.560482 -23.931938
v -239.310471 -4.607415 -22.021055
v -238.241882 -4.634254 -22.641066
v -239.088043 -1.820041 -21.770184
v -238.230194 -0.752352 -22.452951
v -239.146393 -1.962885 -20.280598
v -238.094894 -2.130090 -22.339439
v -237.420639 -1.028880 -22.682386
v -236.424744 -2.433008 -21.277689
v -236.768997 -4.785177 -21.603107
v -235.616669 -1.424129 -21.837093
v -236.304001 -7.543052 -22.973919
v -235.259674 -9.601876 -24.640951
v -236.527863 -9.888765 -25.660536
v -234.258621 -11.416203 -26.465103
v -233.407394 -12.771451 -27.540764
v -235.431381 -11.865773 -27.681683
v -236.289490 -12.569287 -27.323591
v -234.343338 -13.461440 -28.710375
v -235.035248 -14.267828 -28.457603
v -232.644897 -15.000099 -28.764643
v -233.053574 -15.987255 -28.681017
v -230.404434 -15.188960 -28.349892
v -232.006943 -13.839836 -27.716063
v -230.119629 -13.976606 -27.399666
v -228.592865 -13.288791 -27.493135
v -227.419846 -12.396597 -27.593340
v -228.142227 -14.484928 -28.430101
v -226.800797 -13.335399 -28.617441
v -228.164337 -15.468352 -28.207367
v -226.372757 -14.262118 -28.328598
v -230.532303 -16.169748 -27.997103
v -228.283234 -15.326329 -27.003942
v -226.531235 -14.546931 -27.324310
v -230.582275 -16.359493 -26.867357
v -228.725296 -16.661898 -23.776361
v -231.020844 -17.196604 -23.801821
v -226.586136 -15.565463 -23.327278
v -224.990799 -13.817498 -22.639257
v -225.250610 -13.241373 -26.520729
v -223.976624 -11.534809 -21.687178
v -224.401260 -11.396676 -25.067417
v -223.312241 -9.186378 -20.809107
v -224.077698 -9.355392 -23.988445
v -223.632874 -7.308218 -22.750177
v -223.845093 -9.066818 -25.323866
v -223.400375 -7.186185 -24.157995
v -224.461212 -8.682897 -25.507286
v -224.301758 -10.938939 -26.279823
v -224.972351 -10.367315 -26.493284
v -225.168350 -12.763444 -27.522970
v -225.704025 -11.962065 -27.782604
v -226.515671 -11.346051 -26.772991
v -224.058411 -7.000773 -24.350487
v -225.242554 -8.411712 -24.346212
v -224.799622 -6.857996 -23.198025
v -224.747787 -5.101688 -22.349604
v -224.020859 -5.176917 -23.513693
v -224.727036 -3.421918 -21.423193
v -223.996063 -3.406675 -22.591507
v -224.102051 -1.872873 -22.927650
v -223.230865 -3.273902 -22.180992
v -223.253754 -1.606371 -22.526133
v -223.444717 -3.072862 -20.679613
v -223.374649 -5.200491 -23.229202
v -223.627487 -5.258102 -21.744419
v -223.371597 -1.302366 -21.036030
v -222.445282 -0.328810 -18.190723
v -231.208679 -18.064423 -19.378687
v -233.052780 -16.127699 -27.281576
v -238.561157 -2.169335 -17.485134
v -238.207550 -0.444662 -20.949863
v -237.900131 0.027500 -17.766867
v -237.242676 0.632179 -21.572449
v -235.137512 2.671816 -23.541828
v -236.974838 2.071926 -18.581966
v -237.278336 0.239434 -23.133169
v -237.860275 0.411270 -14.469698
v -238.256729 -2.110077 -14.466744
v -238.348495 -4.875292 -14.960978
v -238.411789 -7.932058 -15.870673
v -238.863312 -4.886789 -17.920111
v -221.182831 2.876050 -15.352565
v -225.995667 -10.641405 -1.811477
v -227.019028 -9.864512 -2.834842
v -226.890030 -10.233128 -1.877185
v -227.471298 -10.562782 -2.797016
v -227.353271 -10.727458 -1.872211
v -228.124924 -11.628739 -1.859875
v -229.418411 -12.255479 -2.775939
v -227.897659 -10.535363 -1.879407
v -229.300613 -11.544817 -1.845226
v -228.925461 -12.332718 -1.848434
v -229.625824 -13.050983 -1.793146
v -231.594788 -13.662924 -2.738704
v -230.556610 -13.697737 -1.795159
v -230.356491 -14.645086 -3.177870
v -231.266556 -14.073683 -1.805074
v -229.745499 -14.307832 -1.797848
v -228.807281 -13.590767 -1.778506
v -229.602295 -15.020069 -1.858394
v -228.098679 -12.908857 -1.826373
v -227.237625 -12.125014 -1.829406
v -226.737289 -11.424936 -1.820432
v -234.336380 -3.447015 -1.469538
v -232.279099 -2.698921 -1.442125
v -234.254944 -2.130062 -1.338615
v -235.985291 -0.682142 -1.176868
v -231.416122 14.615582 -0.616488
v -232.105759 11.999845 -0.934379
v -231.148132 12.706540 -0.953894
v -234.450851 17.343195 -0.102033
v -234.859894 19.234810 -0.007296
v -230.600464 15.668984 -0.634258
v -228.554901 13.271623 -2.530863
v -230.488312 14.285645 -0.817683
v -228.544983 12.678435 -1.349888
v -230.244385 12.607377 -1.106779
v -228.483673 11.585472 -1.576706
v -228.414658 10.901126 -2.846757
v -227.448471 12.711369 -1.657320
v -226.699051 13.564625 -1.748047
v -227.304443 11.772917 -2.504017
v -227.591843 10.830293 -1.901875
v -225.993027 13.574534 -2.734128
v -223.926300 11.954484 -3.233482
v -223.814453 12.024188 -2.284211
v -223.302002 12.768435 -2.218527
v -223.087997 10.528105 -2.527781
v -225.585861 13.631624 -1.887841
v -224.874268 14.581726 -1.863897
v -226.364929 17.082455 -1.440369
v -225.725006 17.448185 -1.507853
v -226.139938 20.221663 -1.559217
v -226.331360 15.359115 -2.728185
v -226.446854 18.310774 -2.610466
v -227.211533 19.103910 -1.237531
v -227.187347 17.278942 -1.265114
v -227.070709 15.472824 -1.404382
v -228.794724 15.891933 -0.981017
v -228.676575 14.086229 -1.192319
v -228.823959 17.341906 -0.895257
v -228.389236 19.914179 -1.091587
v -229.003906 19.425816 -0.872552
v -229.511124 20.057333 -0.858359
v -226.850800 14.305259 -1.576448
v -226.034195 20.206165 -1.569796
v -225.366684 17.719852 -2.829509
v -224.610504 14.883515 -3.154282
v -224.890747 17.813374 -1.653076
v -225.284241 19.930151 -1.654552
v -223.835159 17.376677 -1.712870
v -224.425323 15.772453 -1.814140
v -222.800552 14.077220 -2.093571
v -221.363297 14.536781 -1.956247
v -222.496857 15.766650 -1.878576
v -222.923645 13.156034 -3.525553
v -224.690903 19.721111 -1.718512
v -223.519241 17.838840 -2.940290
v -224.375656 20.368515 -3.005053
v -223.829865 19.630095 -1.777459
v -222.472626 17.206594 -1.758447
v -222.257828 18.732037 -1.761805
v -223.776215 19.816347 -1.793138
v -221.885529 12.892941 -2.173347
v -222.075912 11.722608 -3.569130
v -222.019089 11.295547 -2.372523
v -222.802948 9.841132 -2.645030
v -220.844681 13.752357 -1.989747
v -227.162506 9.479237 -2.252387
v -228.565521 10.207865 -1.809292
v -230.100769 11.230534 -1.384846
v -219.765152 21.724392 -1.807068
v -216.929871 14.277086 -1.396406
v -217.278931 12.969833 -1.605552
v -215.949432 14.108691 -2.664243
v -215.350006 15.714891 -6.867031
v -216.107574 12.519426 -2.976215
v -216.584259 11.275011 -3.398349
v -216.028931 13.222699 -7.430776
v -216.439667 13.132269 -7.564882
v -215.762985 15.760921 -7.034167
v -215.248291 17.553795 -6.510137
v -216.920624 14.351721 -9.889091
v -216.413864 16.768501 -9.303432
v -218.263504 13.365966 -12.262419
v -217.712646 15.661443 -11.583027
v -216.156082 18.878937 -9.084207
v -214.980804 18.795876 -6.380602
v -215.358398 21.172922 -8.797366
v -214.866409 17.382187 -6.318080
v -217.676559 12.248225 -1.736841
v -218.046570 11.580537 -1.883136
v -226.943542 8.522259 -2.467794
v -230.835907 11.343265 -1.257988
v -231.674866 10.597939 -1.281522
v -225.197357 -1.445067 -1.521472
v -225.182770 -0.498968 -1.455810
v -223.439514 -1.614227 -1.575978
v -223.488556 -0.800231 -1.511691
v -221.848312 0.315227 -1.475409
v -223.559921 -0.539862 -2.804995
v -223.644653 -0.028007 -1.559844
v -225.300842 0.326755 -1.458515
v -224.028351 0.973094 -1.635537
v -222.275986 1.110099 -1.592708
v -222.799728 1.827119 -1.991638
v -225.419220 1.212944 -1.629813
v -224.228699 1.282209 -2.993037
v -220.329544 13.469627 -14.591828
v -221.040222 14.128516 -15.071167
v -220.731781 15.458704 -14.525484
v -220.479935 16.309170 -14.277835
v -223.648468 12.107730 -17.638594
v -223.094620 12.201675 -16.683386
v -225.872879 12.158292 -18.057667
v -225.505402 13.512010 -17.434311
v -228.612396 14.477051 -16.410234
v -225.063995 15.050643 -16.641048
v -228.893005 14.638252 -16.564173
v -228.888336 12.669634 -17.158119
v -229.247452 13.037660 -17.382744
v -229.791916 13.600183 -16.841663
v -229.644394 14.308321 -16.501501
v -219.615402 16.387295 -14.446308
v -218.258392 27.725605 -10.779616
v -218.479980 29.861416 -10.527407
v -221.119308 29.873129 -10.950281
v -219.378143 32.206440 -10.323710
v -221.361862 31.912996 -10.700243
v -217.637390 33.073090 -9.424315
v -220.491287 34.192421 -10.281336
v -221.954529 33.629135 -10.737738
v -222.477463 34.755791 -10.684222
v -223.638077 33.703918 -10.810975
v -223.581619 32.144226 -10.741083
v -218.324066 36.408031 -7.329967
v -219.425415 38.625725 -5.105740
v -219.893417 38.626064 -4.717436
v -219.719635 38.920387 -5.313038
v -220.996384 39.522079 -6.377626
v -222.593262 39.824245 -5.997662
v -221.337082 39.487499 -6.782907
v -222.651764 39.981747 -6.229999
v -221.677765 39.454651 -6.979660
v -222.808395 39.865963 -6.615911
v -224.009430 40.269630 -6.233912
v -222.526581 40.042408 -5.890306
v -223.918518 40.358967 -5.826285
v -224.439667 39.044960 -3.792400
v -226.609833 38.415848 -3.554923
v -226.593384 37.443417 -3.094883
v -228.727325 38.662716 -4.031229
v -226.691437 36.184273 -3.512349
v -226.953934 36.082405 -2.947007
v -224.735611 37.865669 -3.117313
v -227.202835 34.907688 -2.556475
v -228.942841 38.089348 -3.457383
v -224.991516 36.785133 -2.743251
v -225.332718 40.174843 -6.251616
v -225.157135 39.969589 -7.205436
v -225.625778 39.931622 -7.270179
v -224.932175 39.456703 -8.058125
v -225.292297 39.476280 -8.089968
v -225.065063 39.877522 -6.733428
v -224.981537 39.288193 -7.865768
v -225.438416 39.039234 -8.886632
v -224.822998 38.997551 -8.862667
v -224.368988 38.997589 -8.766084
v -222.898178 39.689278 -6.914670
v -223.036270 39.374313 -7.582453
v -221.880692 39.394482 -7.382531
v -232.637741 35.929756 -2.927646
v -233.554840 34.069347 -2.410591
v -231.558273 34.847958 -2.349452
v -229.392639 33.095219 -2.250790
v -230.412277 33.520481 -1.937671
v -232.009720 33.314281 -1.950358
v -233.870560 32.993935 -1.967510
v -229.308426 32.800476 -1.689330
v -230.901459 32.522243 -1.552034
v -229.314041 32.080307 -1.353706
v -228.504120 32.428108 -1.537696
v -228.470917 32.522045 -1.581346
v -227.573776 32.644608 -1.733154
v -226.636948 32.838696 -2.010293
v -227.597305 32.558014 -1.656510
v -225.833252 32.561413 -1.903339
v -219.734589 30.217140 -2.014982
v -216.691238 30.016607 -2.417669
v -215.918655 29.583639 -2.431695
v -217.358490 28.281021 -1.645110
v -217.406693 28.540154 -1.849722
v -215.542633 27.851347 -1.796831
v -215.538177 27.347769 -1.698006
v -217.558838 27.980232 -1.511963
v -215.429840 26.538645 -1.539354
v -219.674271 29.983078 -1.679293
v -225.010284 16.368387 -16.175484
v -227.899719 17.387049 -15.049458
v -228.223755 17.712786 -16.220846
v -228.168488 17.599403 -15.233413
v -229.577805 18.056223 -14.747279
v -227.620560 19.782904 -14.591079
v -227.327118 19.761896 -14.386321
v -227.584167 18.399311 -14.791875
v -225.566498 18.858023 -14.929934
v -229.791092 18.053425 -15.397155
v -229.949768 17.239647 -15.683037
v -228.369263 11.656943 -17.665924
v -222.559250 9.227528 -18.251024
v -226.164246 8.601808 -20.682610
v -223.974823 5.171559 -23.275650
v -223.938660 5.144978 -23.867781
v -224.220001 5.194730 -23.118546
v -225.029251 5.481908 -23.440725
v -226.318161 6.331700 -23.389740
v -224.823700 5.774238 -24.155163
v -224.958054 5.523335 -24.665161
v -227.436981 6.628184 -24.377434
v -227.480362 6.144126 -24.338520
v -228.235306 6.850254 -23.985516
v -228.394272 6.578506 -23.191229
v -231.323639 6.165475 -24.113312
v -230.991821 7.177922 -22.601597
v -230.699738 6.607690 -22.010832
v -230.889221 5.866524 -23.114349
v -231.322952 6.033066 -23.657982
v -227.635315 5.912421 -26.798948
v -231.006027 5.380296 -24.185085
v -231.027451 5.168522 -24.312851
v -230.497849 4.258995 -27.986193
v -230.196030 3.659911 -29.185904
v -229.695389 2.727386 -29.351521
vn -0.7104 0.3759 -0.5950
vn -0.9457 0.3176 -0.0697
vn -0.8989 0.4353 -0.0495
vn -0.7139 0.4963 -0.4940
vn -0.7866 0.6144 -0.0616
vn -0.6288 0.6307 -0.4548
vn -0.2634 -0.1678 -0.9500
vn -0.7592 0.2648 -0.5946
vn -0.9361 0.1408 -0.3224
vn 0.6697 0.5204 -0.5297
vn 0.6247 0.6073 -0.4909
vn 0.7218 0.3258 -0.6106
vn 0.7093 0.1213 -0.6944
vn 0.4009 0.7587 -0.5135
vn 0.1602 0.8685 -0.4691
vn -0.1273 0.8776 -0.4621
vn -0.2858 0.8216 -0.4933
vn -0.4535 0.7596 -0.4662
vn -0.9525 0.0934 -0.2898
vn -0.9066 0.1119 -0.4069
vn 0.7288 -0.1566 -0.6666
vn 0.7683 -0.3691 -0.5229
vn -0.4427 -0.8251 0.3511
vn 0.2040 -0.9763 -0.0727
vn 0.8044 -0.4757 -0.3558
vn 0.5006 -0.8448 -0.1889
vn 0.5580 -0.8297 -0.0129
vn 0.4036 -0.9132 0.0571
vn 0.2040 -0.9722 0.1151
vn -0.2224 -0.9733 0.0571
vn -0.6324 -0.7732 0.0461
vn -0.8490 -0.5226 -0.0783
vn -0.9362 -0.3497 -0.0336
vn -0.8541 -0.4742 -0.2136
vn -0.4706 -0.8808 -0.0518
vn 0.3822 -0.9233 0.0373
vn -0.8207 -0.5612 0.1070
vn -0.8701 -0.3870 -0.3053
vn -0.7262 -0.6138 0.3097
vn -0.9772 -0.2121 0.0074
vn -0.8183 -0.5035 0.2773
vn -0.9972 -0.0744 0.0057
vn -0.6056 -0.7632 -0.2252
vn -0.3453 -0.7173 -0.6051
vn -0.6373 -0.4140 -0.6499
vn -0.5471 -0.2318 -0.8043
vn 0.4481 -0.8336 0.3229
vn 0.4140 -0.9085 0.0574
vn -0.8707 -0.4237 0.2498
vn -0.8982 -0.4226 0.1213
vn 0.4288 -0.8911 -0.1482
vn 0.1084 -0.9697 -0.2189
vn -0.8936 -0.4489 -0.0051
vn 0.4411 -0.8710 -0.2164
vn 0.1826 -0.9301 -0.3186
vn 0.1541 -0.8054 -0.5723
vn 0.6942 -0.0966 -0.7133
vn 0.9006 -0.2350 -0.3657
vn 0.9269 -0.2308 -0.2960
vn 0.9866 -0.0136 -0.1623
vn 0.9804 -0.1044 -0.1671
vn 0.9471 0.0848 -0.3095
vn 0.9768 0.1479 -0.1552
vn 0.9552 -0.0039 -0.2960
vn 0.9603 -0.1133 -0.2548
vn 0.9290 -0.0849 -0.3601
vn 0.9504 -0.1276 -0.2837
vn 0.9372 0.1548 -0.3126
vn 0.9135 0.0448 -0.4044
vn 0.9747 0.1640 -0.1516
vn 0.9645 0.1579 -0.2115
vn 0.9476 0.1267 -0.2933
vn 0.9431 0.1598 -0.2917
vn 0.9103 0.1524 -0.3849
vn 0.8356 0.4764 -0.2735
vn 0.9876 0.0488 0.1490
vn 0.8666 -0.4883 -0.1031
vn 0.8536 0.5156 -0.0749
vn 0.8393 0.0056 -0.5436
vn 0.7381 0.4774 -0.4767
vn 0.5964 0.2976 -0.7455
vn 0.6452 0.4012 -0.6502
vn 0.5662 0.5499 -0.6140
vn 0.3830 0.5048 -0.7736
vn 0.5005 0.7140 -0.4896
vn 0.2245 0.4307 -0.8741
vn 0.8976 0.3288 -0.2935
vn 0.9378 0.0567 -0.3425
vn 0.7148 0.0724 -0.6955
vn 0.6044 0.6913 -0.3960
vn 0.0343 0.8649 -0.5008
vn 0.0123 0.9342 -0.3565
vn 0.0666 0.2590 -0.9636
vn 0.0343 -0.5765 -0.8164
vn 0.4748 -0.6300 -0.6145
vn 0.7051 -0.6126 -0.3572
vn -0.0537 -0.9621 -0.2672
vn 0.0763 -0.9501 -0.3024
vn 0.2949 -0.9184 -0.2636
vn -0.8003 -0.5982 0.0403
vn -0.5211 -0.8467 0.1076
vn -0.2062 -0.9613 0.1829
vn 0.1324 -0.9730 0.1888
vn -0.1056 -0.9781 -0.1793
vn 0.4670 -0.8645 0.1859
vn -0.0434 -0.9877 -0.1500
vn 0.0657 -0.9742 -0.2161
vn 0.6472 -0.7537 0.1142
vn 0.7615 -0.6249 0.1721
vn 0.1337 -0.9767 -0.1679
vn -0.1710 -0.9848 -0.0303
vn -0.0378 -0.9035 0.4269
vn 0.7426 -0.6255 0.2392
vn 0.3526 -0.9311 0.0933
vn 0.7432 -0.6428 -0.1857
vn 0.2030 -0.9110 -0.3590
vn 0.0199 -0.9379 -0.3464
vn 0.0866 -0.7765 -0.6241
vn -0.0595 -0.7619 -0.6450
vn 0.0426 -0.7010 -0.7119
vn -0.5331 0.4056 -0.7425
vn -0.7299 0.3489 -0.5878
vn -0.7798 0.4303 -0.4546
vn -0.5604 -0.6461 -0.5183
vn -0.6720 0.3447 -0.6555
vn -0.7476 0.5990 -0.2868
vn -0.6594 0.6623 -0.3556
vn -0.3564 0.7331 -0.5793
vn -0.4296 0.7223 -0.5420
vn -0.0212 0.5669 -0.8235
vn -0.2816 0.9043 -0.3208
vn -0.6941 0.6248 -0.3574
vn -0.6615 0.5930 -0.4591
vn -0.5190 0.2718 -0.8104
vn -0.7775 -0.2451 -0.5792
vn -0.0926 0.3581 -0.9291
vn -0.3970 0.9151 -0.0711
vn -0.2215 0.9589 -0.1771
vn -0.6477 0.7266 0.2291
vn -0.5634 0.7329 -0.3812
vn -0.4793 0.8257 -0.2973
vn -0.6910 0.6217 -0.3689
vn -0.5972 0.6501 -0.4698
vn -0.4635 0.4884 -0.7393
vn -0.7141 0.5429 -0.4419
vn -0.6028 -0.2393 -0.7612
vn -0.4076 0.1653 -0.8981
vn -0.4798 0.6758 -0.5596
vn -0.9590 -0.0548 -0.2780
vn -0.7811 0.6027 0.1633
vn -0.0790 0.9960 -0.0424
vn -0.1212 0.8870 -0.4456
vn -0.0327 0.9690 -0.2450
vn -0.7130 0.4431 -0.5434
vn -0.5842 0.5260 -0.6181
vn -0.3414 0.5708 -0.7467
vn -0.1710 0.4919 -0.8537
vn 0.0097 0.8107 -0.5853
vn 0.0018 0.9865 -0.1637
vn -0.3584 0.6036 -0.7122
vn -0.2392 0.8448 -0.4787
vn 0.0481 0.9732 -0.2250
vn -0.3200 0.6616 -0.6781
vn -0.2904 0.8088 -0.5114
vn -0.2341 0.7472 -0.6220
vn 0.1274 0.6785 -0.7235
vn 0.0476 0.8470 -0.5294
vn 0.5259 0.5387 -0.6581
vn 0.1003 0.9854 -0.1376
vn 0.4995 0.6259 -0.5989
vn 0.1377 0.8907 -0.4332
vn 0.4878 0.7875 -0.3767
vn -0.2322 0.9228 -0.3075
vn 0.1014 0.9591 -0.2641
vn 0.0867 0.9956 -0.0342
vn 0.4441 0.7178 -0.5363
vn 0.2380 0.9499 -0.2024
vn 0.2061 0.7860 -0.5829
vn 0.3900 0.8354 -0.3873
vn 0.3838 0.6721 -0.6332
vn 0.4673 0.8737 -0.1350
vn 0.7020 0.4865 -0.5201
vn 0.7451 -0.2293 -0.6262
vn 0.5921 0.2870 -0.7531
vn 0.4329 0.7382 -0.5173
vn 0.8950 0.0875 -0.4374
vn 0.5131 -0.1103 -0.8512
vn 0.8342 0.2711 -0.4802
vn 0.8860 -0.4440 -0.1335
vn 0.9619 0.1895 0.1973
vn 0.7454 0.6045 -0.2809
vn 0.8222 0.1977 -0.5337
vn 0.7900 0.0264 -0.6126
vn 0.8852 -0.0039 -0.4652
vn 0.7224 0.2448 -0.6467
vn 0.4685 0.0433 -0.8824
vn 0.6501 -0.4612 -0.6039
vn 0.9342 -0.1928 -0.3003
vn 0.0824 0.7181 -0.6910
vn 0.1697 0.7755 -0.6081
vn 0.3593 0.5447 -0.7578
vn 0.2729 0.4145 -0.8682
vn 0.0390 0.7689 -0.6381
vn 0.3954 0.5198 -0.7573
vn -0.1305 0.8909 -0.4350
vn 0.2514 0.2570 -0.9331
vn 0.1565 0.0489 -0.9865
vn 0.1051 -0.5343 -0.8387
vn 0.3563 -0.2133 -0.9097
vn 0.1357 0.1327 -0.9818
vn -0.0034 -0.5350 -0.8448
vn 0.0356 0.6159 -0.7870
vn 0.1241 0.3930 -0.9111
vn 0.1160 0.7792 -0.6159
vn 0.2426 0.3937 -0.8866
vn 0.4916 0.7502 -0.4422
vn 0.6556 0.7432 -0.1334
vn 0.3702 0.7572 -0.5381
vn 0.4785 0.8057 -0.3491
vn 0.7108 0.4806 -0.5136
vn 0.2563 0.9592 -0.1194
vn 0.3873 0.7807 -0.4904
vn 0.1197 0.6937 -0.7103
vn 0.1568 0.9724 -0.1729
vn 0.0210 0.6136 -0.7893
vn -0.2087 0.4138 -0.8861
vn -0.3873 -0.2136 -0.8969
vn 0.0193 -0.1882 -0.9819
vn -0.1731 0.8040 -0.5689
vn -0.0716 0.2474 -0.9663
vn 0.4705 0.2483 -0.8468
vn 0.4015 0.2852 -0.8703
vn 0.3048 0.5044 -0.8079
vn -0.1871 0.6293 -0.7543
vn 0.1762 0.8172 -0.5487
vn 0.4769 0.5361 -0.6965
vn 0.1862 0.9750 -0.1210
vn 0.2995 0.9182 -0.2594
vn -0.3640 0.1319 -0.9220
vn 0.0687 0.5865 -0.8070
vn -0.7703 0.2065 -0.6033
vn 0.5424 0.4890 -0.6831
vn -0.6949 0.6320 -0.3429
vn -0.5148 0.5258 -0.6771
vn -0.3685 0.9254 -0.0886
vn -0.1923 0.6999 -0.6878
vn -0.6625 0.3887 -0.6403
vn -0.6225 0.3646 -0.6925
vn -0.5716 0.3445 -0.7447
vn -0.1434 0.6439 -0.7516
vn -0.3859 -0.0503 -0.9212
vn -0.0605 0.9910 -0.1192
vn -0.2642 -0.7940 -0.5475
vn -0.8106 -0.1201 -0.5731
vn -0.9084 0.3418 -0.2409
vn 0.0494 0.4744 -0.8789
vn -0.8742 0.4440 -0.1965
vn -0.4403 0.4941 -0.7496
vn 0.2032 0.3422 -0.9174
vn -0.3307 0.8879 -0.3197
vn -0.3415 0.7587 -0.5548
vn -0.1912 0.7486 -0.6349
vn -0.1745 0.7254 -0.6658
vn -0.1137 0.9882 -0.1022
vn -0.8827 -0.4490 -0.1387
vn -0.2700 0.2130 -0.9390
vn 0.0256 -0.3053 -0.9519
vn 0.0119 -0.4766 -0.8790
vn 0.2278 0.8478 -0.4789
vn 0.1320 0.8428 -0.5218
vn -0.3954 -0.3814 -0.8356
vn -0.3988 -0.7671 -0.5026
vn 0.0211 0.3828 -0.9236
vn -0.1454 0.4148 -0.8982
vn -0.3046 -0.3523 -0.8849
vn -0.2497 0.4090 -0.8777
vn -0.3845 -0.3234 -0.8646
vn -0.3962 0.3348 -0.8549
vn -0.5570 0.3483 -0.7539
vn -0.5608 0.2571 -0.7870
vn -0.8146 0.2419 -0.5272
vn -0.7789 0.1774 -0.6015
vn -0.8533 0.2460 -0.4597
vn -0.4487 0.2469 -0.8589
vn -0.2452 0.3182 -0.9158
vn -0.7148 0.1530 -0.6823
vn -0.6101 0.2034 -0.7658
vn -0.2224 0.3151 -0.9226
vn -0.1072 0.4850 -0.8679
vn -0.1433 0.3293 -0.9333
vn -0.1471 0.1516 -0.9774
vn -0.2268 0.3696 -0.9011
vn -0.1678 0.3636 -0.9163
vn -0.1493 0.2913 -0.9449
vn 0.0047 0.2773 -0.9608
vn 0.0028 0.4539 -0.8911
vn -0.5140 0.2716 -0.8137
vn 0.0626 0.5173 -0.8535
vn -0.1581 0.7568 -0.6342
vn 0.0793 0.7773 -0.6241
vn -0.0542 -0.0015 -0.9985
vn -0.2566 -0.0498 -0.9652
vn -0.0603 -0.0838 -0.9947
vn 0.0242 -0.1156 -0.9930
vn 0.0573 -0.0398 -0.9976
vn -0.1040 -0.0085 -0.9945
vn 0.1780 0.7455 -0.6423
vn -0.0206 0.4186 -0.9079
vn 0.1467 0.4994 -0.8538
vn 0.1846 -0.0895 -0.9787
vn 0.1967 -0.0424 -0.9796
vn 0.1283 0.3636 -0.9227
vn 0.1382 0.5471 -0.8256
vn -0.2154 0.3305 -0.9189
vn -0.0527 0.3719 -0.9268
vn 0.0423 -0.1479 -0.9881
vn 0.4455 0.2483 -0.8602
vn 0.0236 0.4149 -0.9096
vn -0.0813 0.4698 -0.8790
vn -0.0235 0.2241 -0.9743
vn 0.1081 0.2528 -0.9615
vn 0.2659 0.3736 -0.8886
vn 0.2285 0.1810 -0.9566
vn 0.1883 0.7696 -0.6101
vn 0.1680 0.8895 -0.4249
vn 0.0101 0.7971 -0.6038
vn 0.3474 0.2204 -0.9114
vn 0.7485 0.1130 -0.6535
vn 0.3404 0.6532 -0.6763
vn 0.4841 0.1749 -0.8573
vn 0.3420 0.0521 -0.9382
vn 0.4747 0.0924 -0.8753
vn 0.4060 -0.0439 -0.9128
vn 0.5014 0.0955 -0.8599
vn 0.6925 0.0422 -0.7202
vn 0.4679 0.4223 -0.7764
vn 0.3431 0.2505 -0.9053
vn 0.2831 0.6570 -0.6987
vn 0.2989 0.3369 -0.8928
vn 0.1256 0.4741 -0.8714
vn 0.0543 0.4828 -0.8740
vn 0.1337 0.2775 -0.9514
vn 0.0071 0.2849 -0.9585
vn 0.0167 0.2333 -0.9723
vn 0.1180 0.2259 -0.9670
vn 0.3933 0.1706 -0.9034
vn 0.4380 0.2135 -0.8733
vn 0.0070 0.2124 -0.9772
vn 0.0193 0.1457 -0.9891
vn 0.0956 0.1561 -0.9831
vn 0.0028 0.1196 -0.9928
vn -0.1937 0.1755 -0.9652
vn -0.1476 0.2310 -0.9617
vn -0.5091 0.2953 -0.8084
vn -0.4872 0.2849 -0.8255
vn -0.7685 0.4192 -0.4834
vn -0.8058 0.2877 -0.5177
vn -0.8708 0.1764 -0.4589
vn -0.9220 0.0912 -0.3762
vn -0.9777 0.0209 -0.2092
vn -0.9580 0.0656 -0.2792
vn -0.8850 0.2316 -0.4039
vn -0.9822 0.0431 -0.1831
vn -0.9875 0.0247 -0.1554
vn -0.9647 0.1790 -0.1932
vn -0.9431 0.1726 0.2844
vn -0.9778 0.1118 0.1770
vn -0.8591 0.1934 0.4739
vn -0.8201 0.4628 -0.3366
vn -0.8080 0.4605 -0.3676
vn -0.8617 0.5061 0.0363
vn -0.3113 -0.2112 0.9265
vn -0.3470 0.5651 0.7485
vn -0.1067 0.0357 0.9936
vn 0.1037 -0.2547 0.9614
vn -0.2227 0.2824 0.9331
vn -0.0175 -0.0252 0.9995
vn -0.0807 0.7142 0.6952
vn 0.4253 -0.2932 0.8562
vn -0.0064 -0.2139 0.9768
vn -0.4621 0.5481 0.6971
vn -0.4049 0.4568 0.7921
vn 0.0868 0.6128 0.7854
vn 0.1803 0.4981 0.8482
vn -0.3495 -0.3829 0.8551
vn -0.0361 -0.2099 0.9771
vn 0.1899 -0.0330 0.9813
vn 0.0685 0.4088 0.9101
vn -0.1854 0.3760 0.9079
vn -0.0106 0.0446 0.9989
vn -0.1190 0.0627 0.9909
vn -0.1721 0.4157 0.8931
vn 0.5578 0.1675 0.8129
vn 0.1087 0.1997 0.9738
vn -0.1401 0.1887 0.9720
vn 0.0287 -0.3633 0.9312
vn 0.2066 -0.5364 0.8183
vn -0.3440 0.0038 0.9389
vn 0.1324 0.0132 0.9911
vn 0.3927 -0.4879 0.7796
vn -0.1770 0.2067 0.9623
vn -0.1718 0.9021 0.3959
vn 0.0466 0.3265 0.9441
vn 0.0894 0.3096 0.9467
vn -0.0329 0.9619 0.2714
vn 0.3462 0.9294 0.1279
vn -0.1905 -0.7543 0.6282
vn -0.1457 -0.4724 0.8692
vn -0.2134 -0.6603 0.7200
vn 0.1564 0.4564 0.8759
vn -0.0696 -0.1822 0.9808
vn 0.4837 0.8684 0.1092
vn -0.2839 -0.7643 0.5790
vn 0.2176 0.5839 0.7821
vn 0.2831 0.9480 -0.1452
vn 0.5490 0.8336 -0.0612
vn 0.0635 0.1514 0.9864
vn -0.4484 -0.6616 0.6010
vn -0.2323 -0.3194 0.9187
vn -0.0072 -0.6621 0.7494
vn 0.2575 0.4843 0.8361
vn 0.1747 0.1507 0.9730
vn -0.0240 0.9959 -0.0872
vn -0.5899 -0.1446 0.7944
vn -0.2759 -0.4094 0.8696
vn 0.0776 -0.5080 0.8578
vn 0.6293 0.1679 0.7588
vn 0.0045 0.2787 0.9604
vn 0.0494 0.0596 0.9970
vn -0.3432 0.2623 0.9019
vn -0.2041 -0.6566 0.7261
vn 0.6174 -0.1338 0.7752
vn 0.2576 0.5150 0.8176
vn 0.4896 0.5474 0.6787
vn 0.7651 0.1179 0.6330
vn -0.3813 0.3359 0.8613
vn -0.2934 -0.3081 0.9050
vn 0.3451 -0.4162 0.8412
vn 0.2434 0.0877 0.9660
vn 0.5714 0.0851 0.8162
vn -0.7453 0.1013 0.6589
vn 0.5549 -0.0867 0.8274
vn -0.5027 -0.0276 0.8640
vn -0.8183 0.0836 0.5686
vn 0.3197 -0.3472 0.8816
vn -0.3175 -0.1809 0.9309
vn 0.1470 -0.1625 0.9757
vn 0.1196 -0.0924 0.9885
vn -0.4419 -0.2278 0.8677
vn 0.9156 -0.1899 0.3544
vn -0.0868 0.6107 0.7871
vn 0.4630 0.2952 0.8358
vn -0.6475 -0.2892 0.7051
vn -0.6829 -0.2753 0.6766
vn 0.1314 0.7546 0.6429
vn -0.2560 -0.5850 0.7696
vn 0.9901 -0.1400 -0.0116
vn 0.9701 -0.0707 0.2320
vn 0.8120 -0.3513 0.4660
vn 0.9760 -0.2174 0.0084
vn -0.1325 -0.6269 0.7678
vn 0.5696 0.4324 0.6990
vn 0.9786 0.0128 0.2053
vn 0.5735 0.3344 0.7478
vn -0.0009 -0.4094 0.9124
vn 0.9975 -0.0587 -0.0396
vn -0.6287 -0.1580 0.7614
vn -0.0203 0.6107 0.7916
vn 0.8407 -0.0283 0.5407
vn 0.9988 0.0284 -0.0394
vn 0.9308 -0.1260 -0.3430
vn 0.9530 0.0031 -0.3029
vn 0.9009 -0.1314 -0.4137
vn 0.9510 0.1684 -0.2594
vn 0.9727 0.2205 -0.0727
vn 0.9574 0.2439 0.1544
vn 0.9883 0.1296 -0.0808
vn 0.9712 0.2142 -0.1048
vn 0.9372 0.3174 0.1444
vn 0.9850 0.1571 -0.0716
vn 0.9606 0.1473 0.2357
vn 0.9614 0.1997 0.1893
vn 0.9816 0.1904 0.0146
vn 0.6007 0.5281 0.6002
vn 0.2520 -0.3775 0.8911
vn 0.4792 0.8682 0.1290
vn 0.0249 -0.5851 0.8106
vn 0.1409 0.9878 0.0664
vn 0.2393 0.1859 0.9530
vn -0.4942 -0.2593 0.8298
vn 0.3062 0.2750 0.9114
vn -0.3545 -0.5522 0.7546
vn 0.7856 0.6157 0.0615
vn -0.1814 0.7882 0.5881
vn 0.2624 0.3600 0.8953
vn 0.5352 0.4492 0.7154
vn 0.2097 -0.2992 0.9309
vn -0.2847 -0.1471 0.9472
vn -0.0589 0.7119 0.6998
vn 0.1328 0.2170 0.9671
vn 0.0543 -0.0715 0.9960
vn 0.4683 0.6363 0.6130
vn -0.3881 -0.0282 0.9212
vn -0.2048 0.1795 0.9622
vn -0.4090 -0.0044 0.9125
vn 0.6389 0.1129 0.7610
vn 0.4354 0.8178 0.3764
vn 0.2231 0.5828 0.7814
vn -0.0479 -0.0778 0.9958
vn 0.3323 0.0332 0.9426
vn 0.3693 0.3532 0.8596
vn 0.0912 0.2051 0.9745
vn 0.1412 0.1903 0.9715
vn 0.0117 0.0095 0.9999
vn 0.1071 0.2014 0.9736
vn 0.0346 -0.0346 0.9988
vn 0.6787 0.2170 0.7016
vn 0.0923 -0.0444 0.9947
vn 0.1187 0.1469 0.9820
vn -0.2151 0.0937 0.9721
vn 0.1787 0.0335 0.9833
vn -0.0863 0.1475 0.9853
vn 0.1244 0.1881 0.9742
vn -0.1776 0.6430 0.7450
vn -0.0989 0.0901 0.9910
vn -0.2488 0.6011 0.7594
vn 0.2580 -0.0371 0.9654
vn 0.1183 0.4167 0.9013
vn 0.2680 0.6905 0.6719
vn 0.2690 0.0746 0.9603
vn -0.1532 0.9297 0.3350
vn -0.1415 -0.0986 0.9850
vn 0.3060 0.9082 0.2854
vn 0.0949 0.2945 0.9509
vn 0.4253 -0.0451 0.9039
vn 0.1544 0.4000 0.9034
vn 0.1011 -0.0432 0.9939
vn 0.0529 0.0552 0.9971
vn 0.0211 0.2698 0.9627
vn -0.2010 0.2599 0.9445
vn 0.0973 0.6121 0.7848
vn 0.0398 0.5491 0.8348
vn -0.1395 0.2807 0.9496
vn -0.0606 0.2260 0.9722
vn 0.0625 0.5915 0.8039
vn 0.0950 0.0234 0.9952
vn -0.7530 0.6399 -0.1532
vn -0.3795 0.5931 0.7101
vn -0.0483 -0.0561 0.9973
vn -0.2010 0.2132 0.9561
vn 0.1206 0.6835 0.7199
vn -0.1221 0.3347 0.9344
vn 0.0831 0.3310 0.9400
vn 0.2077 0.7158 0.6667
vn -0.0802 0.3956 0.9149
vn -0.7220 0.5303 0.4444
vn -0.5752 0.8180 0.0080
vn -0.6299 0.6897 -0.3571
vn -0.2203 0.8903 0.3986
vn -0.5488 0.8347 -0.0450
vn -0.3552 0.3422 0.8699
vn 0.2973 0.9251 0.2361
vn -0.1756 0.8753 0.4505
vn -0.0588 0.9101 0.4102
vn -0.0327 0.2368 0.9710
vn -0.5659 0.5712 0.5946
vn -0.1880 0.9811 0.0460
vn -0.5823 0.6568 -0.4791
vn -0.4832 0.6205 -0.6177
vn -0.6211 0.5850 -0.5216
vn 0.1007 0.9942 -0.0383
vn -0.3840 0.9098 0.1577
vn -0.5883 0.8008 -0.1120
vn -0.5896 0.6954 -0.4109
vn -0.4944 0.7250 -0.4795
vn -0.5114 0.7990 -0.3164
vn -0.1342 0.6445 -0.7528
vn -0.4050 0.6395 -0.6535
vn -0.4103 0.7791 -0.4740
vn -0.2235 0.6146 -0.7565
vn 0.0283 0.6126 -0.7899
vn -0.2459 0.4564 -0.8551
vn 0.2617 0.5207 -0.8126
vn -0.4233 0.8335 -0.3551
vn -0.0123 0.9411 -0.3378
vn 0.3674 0.8202 -0.4384
vn -0.5679 0.7136 -0.4102
vn -0.6552 0.7317 -0.1876
vn -0.4051 0.5332 -0.7427
vn -0.5102 0.3748 -0.7741
vn -0.7297 0.5515 -0.4043
vn -0.8052 0.5666 -0.1749
vn -0.7162 0.5270 -0.4576
vn -0.2432 0.1600 -0.9567
vn -0.2507 0.2624 -0.9318
vn -0.0128 0.0152 -0.9998
vn -0.0320 -0.0083 -0.9995
vn -0.1225 0.4314 -0.8938
vn 0.0039 0.0540 -0.9985
vn 0.1504 0.5058 -0.8495
vn 0.0970 0.0683 -0.9929
vn 0.1473 0.6188 -0.7716
vn 0.1538 0.0825 -0.9847
vn 0.2901 0.4042 -0.8674
vn 0.3826 0.5749 -0.7232
vn 0.0674 0.5713 -0.8179
vn 0.2476 0.5354 -0.8075
vn 0.2950 0.5879 -0.7532
vn 0.5647 0.6746 -0.4754
vn 0.6808 0.6363 -0.3628
vn 0.5113 0.4821 -0.7115
vn 0.3160 0.2348 -0.9192
vn 0.4237 0.6837 -0.5941
vn 0.3278 0.6742 -0.6618
vn 0.3063 0.6183 -0.7238
vn 0.4401 0.8385 -0.3214
vn 0.1331 0.7015 -0.7001
vn 0.4416 0.7543 -0.4859
vn 0.4340 0.8548 -0.2846
vn 0.2302 0.5330 -0.8142
vn 0.1652 0.8270 -0.5374
vn 0.0917 0.7079 -0.7003
vn 0.1698 0.9449 -0.2797
vn -0.0725 0.7344 -0.6749
vn -0.1009 0.9391 -0.3286
vn 0.5738 0.7290 -0.3733
vn 0.5079 0.5868 -0.6306
vn 0.4485 0.7806 -0.4354
vn 0.4398 0.8885 -0.1312
vn 0.1196 0.9812 -0.1512
vn -0.1459 0.7215 -0.6769
vn -0.0978 0.9620 -0.2551
vn -0.2495 0.9261 0.2831
vn -0.1774 0.9674 -0.1805
vn 0.0319 0.9972 0.0674
vn 0.0460 0.9806 0.1905
vn -0.0652 0.9903 0.1226
vn -0.1185 0.6120 -0.7819
vn 0.1358 0.8233 -0.5511
vn 0.0815 0.6907 -0.7186
vn 0.2199 0.9627 -0.1575
vn 0.3298 0.3902 0.8597
vn 0.0208 0.7358 0.6769
vn -0.0536 0.8852 0.4622
vn -0.2424 0.9641 -0.1083
vn 0.2529 0.9371 -0.2405
vn -0.2163 0.8733 0.4366
vn 0.0778 0.9919 0.1006
vn -0.0213 0.9729 -0.2302
vn 0.4397 0.8505 -0.2888
vn -0.0247 0.6844 0.7287
vn -0.2018 0.9403 -0.2741
vn 0.3163 0.9216 0.2248
vn 0.2977 0.6679 0.6821
vn 0.2330 0.2200 0.9473
vn -0.1543 0.4366 0.8863
vn -0.2699 0.9443 0.1881
vn -0.2469 0.9690 0.0015
vn 0.3302 0.2493 0.9104
vn 0.2101 0.9770 -0.0359
vn 0.5211 0.8126 0.2611
vn 0.6276 0.6483 0.4311
vn 0.4838 0.8282 -0.2828
vn 0.5233 0.7287 -0.4419
vn 0.5973 0.7429 -0.3021
vn -0.7151 0.5931 0.3699
vn 0.4521 0.8821 -0.1324
vn 0.2535 0.9656 0.0577
vn -0.1741 0.2201 0.9598
vn 0.5683 0.2716 0.7767
vn 0.5537 0.6865 -0.4713
vn 0.4125 0.7771 -0.4753
vn 0.5597 0.4119 -0.7190
vn 0.6650 0.6792 -0.3106
vn 0.7005 0.6684 -0.2500
vn 0.7504 0.5731 -0.3295
vn 0.7217 0.4645 -0.5132
vn 0.7502 0.6363 -0.1797
vn 0.9181 0.3026 -0.2561
vn 0.9103 0.4140 0.0031
vn 0.8330 0.5521 -0.0350
vn 0.7897 0.6002 -0.1269
vn 0.1649 0.9807 -0.1056
vn 0.5526 0.6591 0.5102
vn 0.5990 0.4686 0.6493
vn 0.0090 0.9221 -0.3869
vn 0.1215 0.1858 0.9750
vn 0.1871 0.1151 0.9756
vn 0.3550 0.1931 0.9147
vn 0.0880 0.3904 0.9164
vn 0.0931 -0.0203 0.9955
vn 0.1680 0.2788 0.9455
vn 0.3224 0.9457 -0.0403
vn 0.5256 0.8161 -0.2403
vn 0.6504 0.0244 0.7592
vn 0.1308 -0.0743 0.9886
vn 0.0867 -0.2807 0.9559
vn -0.1386 -0.0603 0.9885
vn -0.4187 0.7390 0.5279
vn 0.4877 0.2895 0.8236
vn 0.6714 0.6764 0.3028
vn 0.6035 0.5890 0.5375
vn 0.7440 0.6666 0.0457
vn 0.8198 0.1412 0.5550
vn -0.1230 0.2569 0.9586
vn -0.1020 0.7014 0.7054
vn 0.4458 0.7056 0.5508
vn 0.6647 0.4210 0.6172
vn 0.4727 0.3199 0.8211
vn 0.5023 0.3619 0.7853
vn -0.1519 0.5176 0.8420
vn 0.4449 0.5163 0.7318
vn 0.9348 0.3305 0.1299
vn -0.1559 -0.0302 0.9873
vn -0.0530 0.0174 0.9984
vn 0.3248 0.0736 0.9429
vn -0.1855 0.5892 0.7864
vn 0.3691 -0.0520 0.9279
vn 0.2934 0.6889 0.6629
vn 0.1625 0.8617 0.4807
vn 0.4080 -0.0020 0.9130
vn 0.0714 -0.0639 0.9954
vn -0.3378 0.6807 0.6501
vn 0.6056 0.6426 0.4693
vn 0.4801 0.7272 0.4906
vn 0.1618 0.1239 0.9790
vn 0.0094 -0.0771 0.9970
vn -0.1933 0.5251 -0.8288
vn 0.1420 0.1004 0.9848
vn -0.1238 -0.0915 0.9881
vn 0.2133 0.3850 0.8979
vn 0.0616 0.1097 0.9921
vn -0.7069 0.6116 -0.3553
vn 0.2069 0.2953 0.9327
vn 0.4418 0.6998 0.5613
vn 0.4132 0.7688 0.4881
vn 0.3484 0.5537 0.7564
vn 0.4180 0.7056 0.5721
vn -0.0108 0.5810 -0.8138
vn 0.2565 0.4702 0.8445
vn 0.2489 0.3154 0.9157
vn 0.8406 0.4426 -0.3122
vn 0.9470 0.2115 -0.2416
vn 0.9593 0.1071 -0.2615
vn 0.7003 0.1697 -0.6934
vn 0.6131 0.3130 -0.7253
vn 0.7340 0.1148 -0.6694
vn 0.7032 0.1533 -0.6942
vn 0.9125 0.1359 -0.3859
vn 0.9116 0.0341 -0.4096
vn 0.7014 0.1161 -0.7032
vn 0.6329 0.0702 -0.7710
vn 0.7771 -0.0468 -0.6276
vn 0.9026 -0.0997 -0.4188
vn 0.7941 -0.0432 -0.6062
vn 0.8213 -0.0201 -0.5702
vn 0.7425 0.0241 -0.6694
vn 0.9054 -0.2334 -0.3547
vn 0.9053 0.2625 -0.3340
vn 0.5662 -0.5714 -0.5941
vn 0.4961 0.7777 -0.3861
vn 0.2086 0.8191 -0.5344
vn 0.1649 0.7771 -0.6074
vn 0.4894 -0.4460 -0.7494
vn 0.4885 -0.1963 -0.8502
vn 0.4398 0.2690 -0.8569
vn 0.2073 -0.7647 -0.6102
vn 0.9628 -0.1859 -0.1960
vn 0.4478 -0.2823 -0.8484
vn 0.3952 -0.6604 -0.6385
vn 0.2793 0.8672 -0.4122
vn 0.5257 0.6392 -0.5613
vn 0.0678 -0.4353 -0.8977
vn 0.4776 0.5745 -0.6647
vn 0.6394 0.4058 -0.6531
vn 0.5893 0.6765 -0.4416
vn -0.1029 -0.0280 -0.9943
vn 0.2122 0.0361 -0.9766
vn 0.1266 -0.0460 -0.9909
vn 0.2543 0.0404 -0.9663
vn 0.2001 -0.1117 -0.9734
vn 0.3081 0.4549 -0.8355
vn 0.0509 0.7985 -0.5999
vn 0.3411 0.5363 -0.7720
vn -0.1581 0.6244 -0.7649
vn 0.2913 0.6339 -0.7165
vn 0.9116 -0.2392 -0.3345
vn 0.5527 -0.3686 -0.7474
vn 0.4727 -0.2912 -0.8317
vn 0.7658 -0.4382 -0.4707
vn 0.6774 0.2210 -0.7017
vn 0.8784 -0.1297 -0.4599
vn 0.9190 0.3782 -0.1114
vn 0.7897 -0.0979 -0.6057
vn 0.6842 -0.1832 -0.7059
vn 0.8124 0.0216 -0.5827
vn 0.7741 0.0153 -0.6329
vn 0.6231 -0.2963 -0.7239
vn 0.8940 0.0921 -0.4385
vn 0.9936 -0.1130 0.0067
vn 0.8647 0.0098 -0.5022
vn 0.2153 -0.7642 -0.6080
vn 0.1893 0.8326 -0.5205
vn 0.8632 -0.0982 -0.4952
vn 0.8974 -0.1142 -0.4262
vn 0.8388 -0.0500 -0.5422
vn 0.9298 -0.1970 -0.3108
vn 0.9176 -0.2216 -0.3300
vn 0.9177 -0.2005 -0.3430
vn 0.9067 -0.2329 -0.3515
vn 0.9118 -0.2151 -0.3498
vn 0.9031 -0.1748 -0.3922
vn 0.9436 -0.1734 -0.2820
vn 0.9255 -0.1948 -0.3247
vn 0.9608 -0.2523 -0.1153
vn 0.9665 -0.2007 -0.1602
vn 0.9525 -0.2853 -0.1066
vn 0.9123 -0.2804 0.2985
vn 0.9502 -0.1707 0.2608
vn 0.9037 -0.3495 0.2474
vn 0.9399 -0.1484 -0.3074
vn 0.9703 -0.1379 -0.1989
vn 0.9934 -0.1129 0.0196
vn 0.9385 -0.1318 -0.3191
vn 0.9655 -0.1565 -0.2083
vn 0.9915 -0.1299 -0.0100
vn 0.7747 0.1461 0.6152
vn 0.9190 -0.0791 0.3861
vn -0.0434 0.6284 0.7767
vn 0.4464 -0.4652 0.7644
vn -0.0177 0.1266 0.9918
vn -0.1405 0.4718 0.8704
vn 0.6180 -0.4041 0.6743
vn 0.2212 -0.7327 0.6436
vn 0.4698 0.4606 0.7531
vn -0.1098 0.7305 0.6740
vn 0.2816 0.1321 0.9504
vn 0.1527 0.2070 0.9663
vn 0.2051 -0.0657 0.9765
vn 0.3797 0.5064 0.7743
vn 0.0395 0.4733 0.8800
vn -0.0768 0.7329 0.6760
vn 0.1191 0.7865 0.6060
vn 0.6249 0.0009 0.7807
vn 0.2269 -0.4325 0.8726
vn 0.1883 0.6730 0.7153
vn 0.1374 0.0574 0.9888
vn 0.0340 -0.1015 0.9943
vn 0.6008 0.0562 0.7974
vn 0.1649 -0.4279 0.8887
vn -0.4284 0.6689 0.6075
vn -0.3639 -0.2874 0.8860
vn -0.0119 0.1905 0.9816
vn -0.0219 0.2115 0.9771
vn -0.3317 -0.3627 0.8709
vn -0.3851 0.4668 0.7961
vn -0.0246 0.0082 0.9997
vn 0.1641 -0.0306 0.9860
vn 0.1729 0.2174 0.9606
vn 0.1895 0.1760 0.9660
vn 0.1792 0.5746 0.7985
vn 0.2158 0.6461 0.7321
vn 0.6159 0.5186 0.5931
vn 0.4908 -0.6917 0.5298
vn 0.4739 0.6361 0.6089
vn 0.4841 -0.3329 0.8092
vn -0.2086 -0.4865 0.8484
vn 0.1192 0.4608 0.8795
vn 0.2165 0.6588 0.7204
vn 0.4107 0.7393 0.5337
vn 0.4527 -0.3811 0.8061
vn 0.1438 0.0527 0.9882
vn -0.0438 0.0696 0.9966
vn -0.3262 -0.5781 0.7479
vn 0.0626 0.2862 0.9561
vn 0.3346 0.5007 0.7983
vn 0.2396 0.3343 0.9115
vn 0.0927 -0.1047 0.9902
vn 0.3493 -0.6035 0.7168
vn -0.0584 -0.0773 0.9953
vn 0.0804 -0.2128 0.9738
vn -0.0911 -0.1229 0.9882
vn 0.1932 0.5790 0.7921
vn 0.3920 -0.5667 0.7247
vn 0.0707 0.1674 0.9833
vn 0.2015 0.4123 0.8885
vn -0.2950 -0.7268 0.6203
vn -0.6789 -0.2981 0.6710
vn -0.9174 0.2564 0.3045
vn -0.0045 0.5812 0.8137
vn -0.7686 0.4772 0.4261
vn -0.9264 0.2693 0.2631
vn -0.7296 0.4616 0.5045
vn -0.8603 0.3021 0.4106
vn -0.6423 -0.1522 0.7512
vn 0.1895 0.7870 0.5871
vn -0.6674 0.2696 0.6942
vn -0.5785 -0.0140 0.8156
vn 0.0814 0.7404 0.6672
vn -0.5541 0.0213 0.8322
vn -0.8129 0.0813 0.5767
vn -0.3872 -0.2020 0.8996
vn 0.1608 0.6888 0.7069
vn -0.1370 -0.5375 0.8321
vn 0.3447 0.6389 0.6877
vn 0.1083 -0.1547 0.9820
vn 0.1266 -0.0760 0.9890
vn -0.0588 -0.5229 0.8504
vn -0.3351 -0.3171 0.8872
vn 0.3775 -0.4957 0.7822
vn 0.6344 0.0264 0.7726
vn 0.2694 0.4040 0.8742
vn -0.2672 0.2839 0.9209
vn -0.4569 -0.1947 0.8679
vn -0.0433 -0.2495 0.9674
vn -0.7797 -0.1263 0.6133
vn -0.3988 -0.3278 0.8564
vn -0.8229 -0.2219 0.5230
vn -0.1704 -0.6881 0.7053
vn -0.4461 0.0627 0.8928
vn 0.7519 -0.3394 0.5652
vn 0.4637 0.3841 0.7984
vn 0.1121 -0.3635 0.9248
vn -0.0237 -0.6665 0.7451
vn -0.5584 -0.4026 0.7253
vn 0.2191 -0.1954 0.9560
vn -0.2752 0.3360 0.9008
vn 0.2837 -0.1373 0.9490
vn 0.5734 -0.3256 0.7518
vn -0.3844 0.0503 0.9218
vn 0.2107 0.3016 0.9299
vn -0.0753 -0.1527 0.9854
vn -0.1625 -0.5240 0.8361
vn 0.5641 -0.1106 0.8183
vn 0.1852 0.0644 0.9806
vn -0.5872 0.1564 0.7942
vn -0.0051 0.2647 0.9643
vn -0.2680 -0.5384 0.7989
vn 0.2716 -0.5292 0.8038
vn 0.0972 0.3485 0.9322
vn 0.6884 -0.0425 0.7241
vn 0.4540 0.4665 0.7591
vn -0.0209 0.5548 0.8317
vn 0.2184 -0.0666 0.9736
vn -0.0280 -0.1307 0.9910
vn -0.0137 -0.1575 0.9874
vn 0.2134 -0.8175 0.5349
vn -0.7763 0.2163 0.5921
vn -0.4894 0.2801 0.8258
vn -0.6378 -0.1276 0.7596
vn -0.4017 0.1299 0.9065
vn -0.1422 -0.7384 0.6591
vn 0.3922 -0.4347 0.8107
vn 0.2968 -0.5210 0.8003
vn 0.3646 -0.3766 0.8516
vn 0.9062 -0.3644 0.2144
vn 0.4590 -0.0614 0.8863
vn -0.2529 0.3806 0.8895
vn -0.1840 -0.0415 0.9820
vn -0.0956 0.6278 0.7725
vn 0.1527 -0.2645 0.9522
vn -0.7157 -0.4926 0.4951
vn -0.1106 -0.8470 0.5200
vn 0.4685 -0.4756 0.7445
vn 0.4256 -0.3494 0.8347
vn -0.2052 0.5527 0.8077
vn 0.1114 0.1787 0.9776
vn -0.7038 -0.3551 0.6153
vn 0.4328 -0.3364 0.8364
vn 0.0502 -0.7501 0.6594
vn 0.5409 0.3410 0.7689
vn 0.5803 -0.0390 0.8135
vn 0.3070 0.0897 0.9475
vn 0.5233 0.2046 0.8272
vn -0.5528 0.4243 0.7172
vn 0.0425 0.1281 0.9908
vn -0.2490 -0.2885 0.9245
vn 0.1625 0.3126 0.9359
vn 0.5443 -0.3926 0.7413
vn -0.1208 -0.6781 0.7250
vn 0.2551 0.4323 0.8649
vn 0.0794 0.2590 0.9626
vn 0.5064 0.3073 0.8057
vn -0.4860 -0.0717 0.8710
vn 0.5399 -0.4443 0.7150
vn -0.7351 0.1674 0.6569
vn 0.3279 0.4849 0.8108
vn 0.4606 -0.4817 0.7456
vn -0.7669 0.2071 0.6074
vn 0.3585 0.8794 0.3133
vn 0.6820 0.6479 0.3392
vn -0.2188 -0.3600 0.9069
vn -0.0728 -0.5713 0.8175
vn -0.1176 -0.2738 0.9546
vn 0.4328 -0.3178 0.8436
vn -0.3951 -0.8342 0.3848
vn -0.3217 -0.8054 0.4979
vn -0.1605 -0.5265 0.8349
vn 0.3222 0.3461 0.8811
vn -0.2295 -0.8574 0.4607
vn -0.4036 0.8336 0.3771
vn -0.0385 0.0174 0.9991
vn 0.1163 -0.2019 0.9725
vn 0.1377 -0.0793 0.9873
vn 0.0194 0.3091 0.9508
vn -0.4379 -0.3467 0.8295
vn -0.5966 0.3052 0.7422
vn 0.2317 0.3480 0.9084
vn -0.5024 0.6193 0.6034
vn 0.0388 0.3410 0.9393
vn 0.0181 0.5537 0.8325
vn 0.2869 0.2482 0.9252
vn 0.5645 0.1648 0.8088
vn 0.3234 -0.0520 0.9448
vn 0.0368 -0.0403 0.9985
vn -0.0053 0.2739 0.9618
vn -0.3943 0.4877 0.7789
vn 0.2341 0.7279 0.6445
vn 0.1596 -0.2465 0.9559
vn -0.4034 -0.3153 0.8590
vn -0.6441 0.0411 0.7638
vn -0.8410 0.1297 0.5253
vn 0.2171 0.5654 0.7957
vn 0.5764 -0.2340 0.7829
vn -0.4624 0.3713 0.8052
vn 0.0104 0.5988 0.8009
vn 0.2527 0.3817 0.8891
vn 0.1662 0.2791 0.9458
vn 0.0830 -0.6096 0.7883
vn 0.0136 -0.2563 0.9665
vn -0.4029 -0.4304 0.8077
vn 0.2226 0.5325 0.8166
vn 0.5742 -0.1577 0.8034
vn -0.5529 0.0516 0.8317
vn -0.4459 -0.2772 0.8511
vn -0.1162 -0.5425 0.8320
vn 0.0102 -0.6035 0.7973
vn -0.4081 -0.2591 0.8754
vn -0.5604 0.1393 0.8164
vn 0.2566 0.5130 0.8191
vn -0.0412 -0.6324 0.7735
vn -0.9215 -0.1861 0.3409
vn -0.9854 -0.0961 0.1405
vn -0.9932 -0.1157 0.0083
vn -0.9589 -0.1343 0.2498
vn -0.9954 -0.0530 -0.0795
vn -0.9884 0.0479 -0.1442
vn -0.9987 0.0077 -0.0500
vn -0.9796 0.0367 -0.1975
vn -0.9890 -0.0226 -0.1460
vn -0.9755 -0.0013 -0.2201
vn -0.9854 -0.0007 -0.1705
vn -0.8662 -0.0655 0.4954
vn 0.2280 -0.2292 0.9463
vn 0.1302 -0.6900 0.7120
vn -0.3974 0.5556 0.7303
vn 0.6002 -0.4889 0.6330
vn -0.8015 0.0955 0.5904
vn 0.5337 -0.1542 0.8315
vn 0.0346 0.7959 0.6044
vn -0.4909 0.1228 0.8625
vn -0.4618 0.0325 0.8864
vn -0.3442 -0.3683 0.8636
vn 0.6037 0.5420 0.5846
vn 0.4770 0.6685 0.5707
vn 0.3655 -0.5753 0.7317
vn 0.7499 -0.1483 0.6447
vn 0.0536 -0.2317 0.9713
vn 0.1348 -0.2890 0.9478
vn 0.5003 -0.3827 0.7767
vn 0.0779 -0.6149 0.7848
vn -0.5086 0.4981 0.7023
vn 0.1368 0.4812 0.8659
vn -0.6919 -0.0779 0.7178
vn -0.2219 -0.6224 0.7506
vn 0.6655 -0.3487 0.6599
vn 0.0828 -0.0838 0.9930
vn -0.5356 0.1818 0.8247
vn 0.1738 0.3687 0.9132
vn -0.1232 -0.3904 0.9124
vn -0.1149 -0.4529 0.8841
vn -0.3736 -0.4624 0.8041
vn -0.4608 0.4675 0.7544
vn -0.4186 -0.4147 0.8080
vn -0.0855 -0.3488 0.9333
vn -0.0526 -0.3549 0.9334
vn -0.0100 0.3099 0.9507
vn -0.0470 -0.5762 0.8159
vn 0.2364 0.5184 0.8218
vn 0.0008 0.2656 0.9641
vn -0.0158 0.4526 0.8916
vn 0.2211 0.5487 0.8062
vn 0.0422 -0.4325 0.9006
vn -0.9559 0.0304 -0.2920
vn -0.9641 0.0791 -0.2536
vn -0.9762 0.1050 -0.1899
vn -0.9889 0.0800 -0.1252
vn -0.9937 0.0996 -0.0512
vn -0.9991 0.0334 0.0245
vn -0.8863 0.2585 -0.3843
vn -0.8996 0.3065 -0.3110
vn -0.9881 0.1536 -0.0056
vn -0.9013 0.3655 -0.2325
vn -0.9706 0.2393 0.0278
vn -0.8025 0.5212 -0.2905
vn -0.8906 0.4203 -0.1739
vn -0.9398 0.3273 -0.0985
vn -0.9579 0.2785 0.0700
vn -0.9777 0.1783 0.1107
vn -0.9511 0.2731 0.1441
vn -0.9931 0.0902 0.0745
vn -0.9277 0.2520 0.2753
vn -0.9360 0.1226 0.3299
vn -0.9655 -0.0130 0.2599
vn -0.9745 0.1613 0.1557
vn -0.9631 0.1886 0.1921
vn -0.9852 0.1037 0.1368
vn -0.9965 0.0493 0.0669
vn -0.9902 -0.0364 0.1348
vn -0.9789 0.1708 0.1124
vn -0.9845 -0.0315 0.1724
vn -0.9689 -0.1089 0.2223
vn -0.9884 -0.1078 0.1066
vn -0.9990 -0.0161 -0.0418
vn -0.9957 -0.0439 -0.0812
vn -0.9924 -0.0884 0.0859
vn -0.9622 -0.1017 0.2526
vn -0.9994 -0.0339 -0.0036
vn -0.9983 0.0010 0.0582
vn -0.9959 -0.0115 0.0902
vn -0.9868 0.0178 0.1610
vn -0.9683 0.1299 0.2135
vn -0.5779 -0.4361 0.6898
vn -0.1108 0.6311 0.7677
vn 0.0346 0.1898 0.9812
vn -0.1804 -0.7692 0.6130
vn -0.6345 -0.3926 0.6658
vn -0.0266 0.6270 0.7786
vn 0.1489 0.4827 0.8630
vn -0.0564 -0.7363 0.6743
vn -0.0344 0.1318 0.9907
vn 0.4270 -0.5311 0.7318
vn 0.1163 0.6808 0.7232
vn 0.1231 -0.2247 0.9666
vn 0.0209 -0.1812 0.9832
vn -0.0691 -0.3490 0.9346
vn 0.2338 -0.0398 0.9715
vn 0.0188 0.2675 0.9634
vn -0.1327 0.8411 0.5243
vn 0.4941 -0.5880 0.6404
vn 0.0672 0.6576 0.7503
vn -0.2223 0.8430 0.4899
vn 0.0016 -0.0993 0.9951
vn -0.3403 0.7230 0.6012
vn -0.1984 0.7110 0.6746
vn -0.0792 0.1034 0.9915
vn -0.6565 0.0633 0.7516
vn -0.2436 -0.3532 0.9033
vn -0.2414 -0.3780 0.8938
vn -0.1051 0.2073 0.9726
vn -0.0867 0.4740 0.8763
vn 0.2208 -0.0791 0.9721
vn 0.2371 -0.2365 0.9423
vn 0.4044 -0.0076 0.9146
vn 0.6023 -0.4617 0.6512
vn -0.3037 0.7937 0.5271
vn -0.0461 0.5694 0.8208
vn 0.0144 0.0007 0.9999
vn 0.3900 -0.6258 0.6755
vn -0.1306 0.2410 0.9617
vn -0.2922 0.5959 0.7480
vn -0.5644 -0.0986 0.8196
vn 0.0871 -0.7949 0.6005
vn -0.4988 -0.5618 0.6600
vn -0.1233 0.7038 0.6996
vn -0.9934 -0.1143 -0.0120
vn -0.9947 -0.0945 0.0413
vn -0.8911 -0.4017 0.2110
vn -0.0863 -0.6894 0.7192
vn -0.0727 0.2995 0.9513
vn -0.9494 -0.2428 0.1992
vn -0.5198 0.1673 0.8378
vn -0.2013 0.4357 0.8773
vn -0.0508 0.6048 0.7948
vn -0.2743 -0.3979 0.8754
vn 0.1196 -0.2473 0.9615
vn 0.2000 -0.2307 0.9523
vn -0.7289 -0.6646 0.1641
vn 0.0346 -0.3091 0.9504
vn 0.1809 -0.2872 0.9406
vn -0.9304 -0.3661 0.0169
vn -0.7668 -0.6356 0.0894
vn -0.4690 -0.8695 0.1548
vn -0.3886 -0.8997 0.1988
vn -0.2756 -0.7791 0.5630
vn -0.6695 -0.7102 0.2175
vn -0.2227 0.0716 0.9723
vn -0.2192 0.2250 0.9494
vn 0.1436 -0.4784 0.8663
vn 0.0608 -0.3084 0.9493
vn 0.4801 -0.1387 0.8662
vn 0.0095 0.0695 0.9975
vn 0.1357 0.5189 0.8440
vn -0.4319 -0.2627 0.8628
vn -0.0714 0.4526 0.8889
vn 0.1054 -0.7062 0.7001
vn 0.1682 0.5146 0.8408
vn -0.1502 -0.9587 0.2414
vn -0.1466 -0.9760 0.1608
vn 0.2021 -0.9710 0.1276
vn 0.1658 -0.9538 0.2505
vn 0.5951 -0.8008 0.0681
vn 0.5254 -0.8241 0.2117
vn 0.3761 -0.7546 0.5377
vn 0.7050 -0.6817 0.1957
vn 0.6472 0.2132 0.7319
vn 0.3084 -0.6988 0.6454
vn 0.8279 -0.5608 -0.0080
vn -0.0843 -0.6956 0.7135
vn -0.1005 -0.4695 0.8772
vn 0.1353 0.8228 0.5520
vn 0.0956 0.0023 0.9954
vn -0.4294 -0.3924 0.8134
vn -0.1233 0.6079 0.7844
vn 0.0480 0.2545 0.9659
vn 0.1194 0.6732 0.7298
vn 0.0522 -0.2667 0.9624
vn -0.0909 -0.6921 0.7161
vn -0.4306 -0.5493 0.7161
vn 0.2854 -0.7452 0.6027
vn -0.2105 0.6651 0.7165
vn 0.0397 0.2577 0.9654
vn 0.6405 -0.3729 0.6713
vn -0.1569 -0.7607 0.6298
vn -0.0309 0.0237 0.9992
vn 0.5535 0.4076 0.7263
vn -0.0967 -0.6537 0.7506
vn -0.4799 -0.3461 0.8062
vn 0.6637 -0.1371 0.7354
vn -0.3867 -0.6537 0.6505
vn -0.2155 0.7086 0.6719
vn 0.2325 0.6312 0.7400
vn 0.0839 -0.2044 0.9753
vn -0.0800 -0.7106 0.6990
vn 0.1180 0.6566 0.7450
vn -0.0114 0.1350 0.9908
vn 0.5501 0.3759 0.7457
vn -0.1530 -0.6360 0.7564
vn -0.6490 -0.3303 0.6853
vn 0.6531 -0.1129 0.7488
vn 0.1201 0.7239 0.6794
vn 0.1581 0.6561 0.7379
vn -0.0093 -0.2755 0.9612
vn -0.0180 -0.2118 0.9772
vn 0.3791 0.3424 0.8597
vn 0.4337 0.5633 0.7032
vn 0.0072 -0.1622 0.9867
vn -0.2032 -0.6179 0.7595
vn -0.2343 -0.6622 0.7118
vn 0.0402 -0.6948 0.7181
vn 0.6106 -0.5176 0.5994
vn -0.0004 -0.6485 0.7612
vn 0.9475 -0.3061 0.0929
vn -0.5326 -0.3805 0.7560
vn 0.9017 -0.3910 0.1847
vn 0.9377 -0.3403 -0.0703
vn 0.9733 -0.2004 -0.1120
vn 0.9727 -0.2297 0.0320
vn 0.6836 0.3610 0.6343
vn 0.8201 -0.5601 0.1174
vn 0.1230 -0.7691 0.6271
vn 0.4197 0.6662 0.6165
vn 0.6497 0.1288 0.7492
vn 0.9415 -0.3022 -0.1494
vn 0.8364 -0.5323 -0.1309
vn 0.6232 -0.7730 -0.1184
vn 0.6597 -0.7370 -0.1470
vn 0.8565 -0.4858 -0.1742
vn 0.9444 -0.2559 -0.2063
vn 0.9644 -0.1488 -0.2187
vn 0.9662 -0.1848 -0.1797
vn 0.9558 -0.2033 -0.2122
vn 0.9707 -0.2053 -0.1250
vn 0.9571 -0.1637 -0.2389
vn 0.9621 -0.2707 0.0328
vn 0.9772 -0.2121 -0.0132
vn 0.9714 -0.2197 -0.0898
vn 0.9088 -0.3322 0.2525
vn 0.9531 -0.0152 0.3024
vn 0.9485 -0.2257 -0.2221
vn 0.3763 0.6844 0.6244
vn 0.6320 -0.1347 0.7632
vn -0.1721 0.2867 0.9424
vn 0.1229 -0.8002 0.5870
vn -0.3000 0.7728 0.5593
vn -0.4164 0.7320 0.5393
vn -0.6222 0.3252 0.7121
vn -0.0755 -0.3215 0.9439
vn 0.1314 -0.6918 0.7100
vn -0.2771 -0.5760 0.7690
vn 0.4320 -0.5032 0.7484
vn -0.0178 -0.3165 0.9484
vn -0.0593 0.9634 0.2613
vn -0.3013 0.8886 0.3458
vn -0.2776 0.7925 0.5431
vn -0.0078 0.8403 0.5420
vn 0.2554 -0.2068 0.9444
vn -0.5300 -0.3408 0.7765
vn 0.1689 0.4875 0.8566
vn 0.4126 -0.0719 0.9081
vn 0.2464 -0.4829 0.8403
vn -0.3184 -0.3622 0.8760
vn -0.6724 -0.2233 0.7057
vn -0.2347 0.7854 0.5728
vn -0.3145 -0.5873 0.7457
vn 0.1937 -0.6241 0.7570
vn 0.1877 0.7250 0.6626
vn 0.5929 0.3429 0.7286
vn 0.0450 0.0887 0.9950
vn -0.0738 0.0933 0.9929
vn 0.1282 0.2576 0.9577
vn -0.4114 -0.5709 0.7105
vn -0.4166 0.7098 0.5680
vn 0.0166 -0.0383 0.9991
vn 0.0284 -0.7753 0.6309
vn -0.4374 0.6545 0.6167
vn -0.0201 0.8063 0.5912
vn 0.3099 -0.6299 0.7122
vn -0.3290 -0.5075 0.7964
vn 0.6050 0.3332 0.7232
vn -0.4568 -0.5492 0.6998
vn -0.0166 -0.3631 0.9316
vn -0.1079 0.8138 0.5710
vn 0.5863 0.4732 0.6575
vn 0.3952 -0.6234 0.6746
vn -0.1852 -0.6282 0.7557
vn -0.1799 -0.2114 0.9607
vn -0.0171 0.6356 0.7719
vn -0.5127 -0.2337 0.8261
vn 0.5800 -0.6131 0.5364
vn 0.6804 0.4601 0.5704
vn 0.3395 -0.7136 0.6128
vn 0.0057 0.6585 0.7525
vn -0.1386 0.5489 0.8243
vn -0.1711 0.5886 0.7901
vn -0.0082 0.1048 0.9945
vn -0.2449 0.4776 0.8438
vn -0.3017 -0.5700 0.7642
vn 0.1451 -0.6766 0.7219
vn 0.9396 -0.1873 -0.2865
vn 0.9654 -0.1284 -0.2272
vn 0.9729 -0.1598 -0.1671
vn 0.9812 -0.1539 -0.1168
vn 0.9577 -0.1380 -0.2524
vn 0.9689 -0.0707 -0.2372
vn 0.9589 -0.1160 -0.2589
vn 0.9832 -0.0662 -0.1700
vn 0.9561 -0.0137 -0.2927
vn 0.9577 -0.1191 -0.2619
vn 0.9595 0.0588 -0.2754
vn 0.9866 -0.1152 -0.1158
vn 0.9720 -0.0487 -0.2299
vn 0.9727 -0.2027 -0.1129
vn 0.9666 -0.1837 -0.1788
vn 0.9793 -0.1693 -0.1107
vn 0.9501 -0.2880 -0.1198
vn 0.9454 -0.2986 -0.1309
vn 0.8508 -0.5135 -0.1114
vn 0.8509 -0.5079 -0.1339
vn 0.6389 -0.7634 -0.0951
vn 0.6462 -0.7494 -0.1441
vn 0.3610 -0.9194 -0.1561
vn 0.3322 -0.9414 -0.0585
vn 0.3307 -0.9385 -0.0992
vn -0.0486 -0.9988 -0.0053
vn -0.0132 -0.9891 -0.1470
vn -0.0548 -0.9982 -0.0259
vn 0.2152 -0.9736 -0.0762
vn -0.1422 -0.9898 -0.0076
vn -0.5005 -0.8652 0.0306
vn -0.5006 -0.8650 0.0334
vn -0.8060 -0.5836 0.0990
vn -0.7990 -0.6014 0.0013
vn -0.9301 -0.3600 -0.0725
vn -0.9240 -0.3572 0.1367
vn -0.9874 -0.1293 -0.0916
vn -0.9836 -0.1464 0.1052
vn -0.9480 -0.1974 0.2495
vn -0.8885 -0.4176 0.1902
vn -0.9770 -0.0859 0.1954
vn -0.9648 -0.2317 0.1243
vn -0.8867 -0.4612 0.0338
vn -0.7693 -0.6296 0.1091
vn -0.7342 -0.6779 -0.0376
vn -0.4686 -0.8822 0.0470
vn -0.4241 -0.8997 -0.1030
vn -0.7065 -0.6895 -0.1595
vn -0.3685 -0.9086 -0.1965
vn -0.8885 -0.4352 -0.1456
vn -0.6997 -0.6745 -0.2353
vn -0.8790 -0.4215 -0.2230
vn -0.3367 -0.9139 -0.2269
vn -0.9443 -0.2597 -0.2024
vn -0.9651 -0.2453 -0.0915
vn -0.9810 -0.1743 -0.0853
vn -0.9939 -0.1049 0.0340
vn -0.8858 -0.0397 -0.4624
vn -0.8478 -0.0962 -0.5216
vn -0.8972 -0.0474 -0.4391
vn -0.9249 0.0168 -0.3799
vn -0.9968 -0.0510 0.0613
vn -0.9921 -0.0186 0.1237
vn 0.0422 0.5173 -0.8548
vn -0.0544 0.6487 -0.7591
vn 0.0997 0.2798 -0.9549
vn -0.9048 0.2439 -0.3491
vn 0.0786 -0.0803 -0.9937
vn -0.9683 0.2249 0.1083
vn -0.7980 0.4061 -0.4454
vn 0.0611 -0.5049 -0.8610
vn -0.8672 0.4978 -0.0144
vn 0.8459 -0.4739 -0.2447
vn 0.8977 -0.2052 -0.3898
vn 0.9075 0.1050 -0.4068
vn 0.8993 0.3130 -0.3055
vn 0.8909 0.4214 -0.1693
vn 0.8199 0.5610 -0.1143
vn -0.0857 0.6090 -0.7885
vn 0.6659 0.7352 -0.1263
vn 0.0334 0.3898 -0.9203
vn -0.6611 -0.4039 -0.6323
vn 0.1671 0.1833 -0.9687
vn -0.2696 -0.7424 -0.6133
vn 0.3771 0.9172 -0.1289
vn 0.0686 0.1978 -0.9778
vn 0.1606 -0.8578 -0.4883
vn -0.1258 0.9886 -0.0831
vn -0.4771 0.8754 -0.0771
vn -0.1719 0.1832 -0.9679
vn -0.6521 0.7515 -0.1002
vn -0.0213 0.2968 -0.9547
vn 0.3152 -0.7880 -0.5288
vn 0.5935 -0.5369 -0.5996
vn 0.6208 -0.7663 -0.1656
vn 0.3893 -0.8989 -0.2009
vn 0.1184 -0.9687 -0.2181
vn 0.3636 -0.9076 -0.2099
vn 0.6210 -0.7667 -0.1629
vn 0.0404 -0.9762 -0.2133
vn 0.8394 -0.5271 -0.1326
vn 0.8473 -0.5167 -0.1231
vn 0.9518 -0.2882 -0.1054
vn 0.9491 -0.2842 -0.1357
vn 0.9778 -0.1761 -0.1134
vn 0.9829 -0.0772 -0.1669
vn 0.9565 -0.0391 -0.2891
vn 0.9790 -0.0248 -0.2022
vn 0.9321 -0.0957 -0.3493
vn -0.2242 0.5721 -0.7889
vn -0.3283 0.5250 -0.7852
vn -0.0095 0.5950 -0.8037
vn 0.8444 -0.2332 -0.4823
vn 0.1625 0.5119 -0.8436
vn -0.9764 0.2027 -0.0742
vn -0.9933 0.0921 -0.0702
vn -0.4390 0.4042 -0.8024
vn -0.9995 0.0315 -0.0088
vn -0.4791 0.1634 -0.8624
vn 0.9468 -0.1458 -0.2871
vn 0.9860 -0.0522 -0.1583
vn 0.9706 0.0824 -0.2260
vn 0.9805 -0.1077 -0.1641
vn 0.9742 0.0068 -0.2255
vn 0.9797 0.0536 -0.1931
vn -0.9358 0.3525 -0.0053
vn -0.9794 0.1653 0.1157
vn -0.8176 0.5440 -0.1887
vn -0.9704 0.2408 -0.0185
vn -0.9942 0.0676 0.0834
vn -0.9830 -0.0434 0.1784
vn -0.0538 0.7380 0.6726
vn 0.1553 0.2398 0.9583
vn -0.8068 -0.1399 0.5740
vn -0.1364 0.6377 0.7581
vn 0.2175 -0.3603 0.9071
vn -0.7221 0.0308 0.6911
vn 0.7027 -0.0209 0.7112
vn -0.0143 0.6611 0.7501
vn -0.6003 0.0387 0.7989
vn -0.0716 -0.1414 0.9874
vn -0.3623 -0.3968 0.8434
vn 0.6990 -0.2662 0.6637
vn -0.5324 -0.4645 0.7077
vn -0.0357 0.4861 0.8732
vn 0.2148 0.3017 0.9289
vn 0.0485 -0.6970 0.7154
vn 0.2439 0.4111 0.8784
vn -0.0408 -0.7497 0.6606
vn 0.1772 0.1177 0.9771
vn 0.3447 -0.1926 0.9187
vn 0.5294 -0.4119 0.7417
vn 0.6679 -0.2029 0.7161
vn -0.2004 0.6784 0.7069
vn -0.1585 -0.4254 0.8910
vn 0.2630 0.1450 0.9538
vn 0.2906 0.2708 0.9177
vn -0.0860 -0.3040 0.9488
vn -0.3649 -0.4450 0.8178
vn -0.5057 -0.4141 0.7568
vn -0.0155 -0.6924 0.7214
vn 0.2592 0.3396 0.9041
vn 0.6252 0.2037 0.7534
vn 0.6368 0.0700 0.7679
vn -0.6564 -0.0791 0.7503
vn 0.8027 0.1483 0.5776
vn -0.0175 -0.2795 0.9600
vn 0.9130 0.1831 0.3646
vn -0.9230 0.0885 0.3744
vn -0.0840 -0.1665 0.9824
vn 0.6044 -0.2085 0.7689
vn 0.2652 0.5259 0.8081
vn 0.6436 -0.2877 0.7093
vn 0.2125 0.0974 0.9723
vn 0.3415 0.1103 0.9334
vn 0.3324 0.0006 0.9431
vn 0.3730 -0.0682 0.9253
vn -0.5632 -0.3449 0.7509
vn -0.6935 -0.1974 0.6929
vn -0.5414 0.1606 0.8253
vn 0.6109 0.2735 0.7430
vn 0.6354 0.3972 0.6622
vn 0.1216 0.1968 0.9729
vn -0.1873 -0.6252 0.7577
vn 0.6082 0.2601 0.7499
vn -0.5870 -0.2089 0.7822
vn 0.3404 0.4801 0.8084
vn 0.4000 0.7055 0.5850
vn -0.0343 -0.0968 0.9947
vn -0.7192 0.2628 0.6431
vn 0.9589 -0.2352 0.1590
vn 0.9448 -0.2725 0.1821
vn 0.9785 -0.1981 -0.0575
vn 0.9657 -0.2390 -0.1020
vn 0.9008 -0.1207 -0.4170
vn 0.9176 -0.1342 -0.3742
vn 0.8925 -0.0935 -0.4412
vn 0.9099 -0.1007 -0.4024
vn 0.8986 -0.1384 -0.4165
vn -0.3680 -0.5581 0.7437
vn -0.1721 0.6905 0.7025
vn -0.1557 0.5916 0.7911
vn -0.0496 0.3466 0.9367
vn 0.2209 -0.6793 0.6999
vn -0.3982 -0.5210 0.7549
vn 0.6396 -0.2108 0.7392
vn -0.0832 0.6499 0.7554
vn -0.3192 0.6924 0.6471
vn 0.0263 0.8105 0.5851
vn -0.0047 0.5359 0.8443
vn 0.5580 0.1363 -0.8186
vn 0.0087 0.7015 -0.7126
vn 0.1142 0.3949 -0.9116
vn -0.0350 0.6245 -0.7803
vn -0.0234 0.1231 -0.9921
vn 0.3633 -0.0909 -0.9272
vn 0.4894 0.5623 -0.6665
vn 0.2753 0.5351 -0.7987
vn 0.1417 0.0627 -0.9879
vn 0.3574 0.1528 -0.9214
vn 0.3134 0.1733 -0.9337
vn 0.1073 0.0968 -0.9895
vn 0.1348 0.0417 -0.9900
vn 0.0503 -0.0351 -0.9981
vn 0.0247 0.0268 -0.9993
vn 0.7785 0.2277 0.5848
vn 0.2090 0.9005 -0.3814
vn 0.1927 0.9327 -0.3047
vn 0.6308 0.7758 -0.0170
vn 0.2861 0.9433 0.1684
vn 0.1811 0.5912 -0.7860
vn 0.0354 0.0223 0.9991
vn -0.1467 0.6656 0.7317
vn -0.0041 0.5665 0.8241
vn -0.2802 0.8627 0.4209
vn 0.1372 0.1121 0.9842
vn -0.4849 0.8376 -0.2516
vn 0.0685 0.9000 -0.4304
vn 0.3615 0.8073 -0.4664
vn -0.3034 0.8173 -0.4898
vn 0.0599 0.7877 -0.6132
vn 0.1003 0.7056 -0.7014
vn -0.2881 0.6080 -0.7398
vn -0.3651 0.0967 0.9259
vn -0.1410 0.6104 0.7794
vn 0.1914 0.6355 0.7480
vn -0.4193 -0.1115 0.9010
vn 0.0550 0.5631 0.8246
vn -0.0204 -0.4223 0.9062
vn 0.4138 -0.3654 0.8338
vn 0.3766 0.7755 0.5067
vn -0.2462 0.9409 0.2327
vn 0.3574 0.9335 0.0296
vn 0.5613 0.8159 0.1387
vn -0.4665 -0.5705 0.6760
vn -0.1133 -0.6213 0.7753
vn 0.2053 0.8878 -0.4119
vn 0.0396 0.6140 -0.7883
vn -0.0960 0.3342 -0.9376
vn -0.2717 0.7994 -0.5359
vn -0.4308 0.3766 -0.8201
vn -0.6164 -0.2891 -0.7324
vn 0.3660 0.8894 -0.2739
vn 0.6397 0.7615 -0.1045
vn 0.5120 0.8522 -0.1075
vn 0.4814 0.8578 -0.1800
vn 0.0442 0.2406 -0.9696
vn -0.0017 0.7950 -0.6066
vn -0.1947 0.7523 -0.6294
vn -0.2202 0.8639 -0.4529
vn -0.8538 0.4053 -0.3267
vn -0.2111 -0.1591 -0.9644
vn -0.0478 0.9981 -0.0380
vn -0.1842 0.9829 0.0066
vn -0.4653 0.7970 -0.3851
vn -0.6065 0.3087 -0.7327
vn -0.3940 -0.5828 -0.7107
vt 0.553545 0.613095
vt 0.572025 0.586157
vt 0.583958 0.591373
vt 0.561228 0.614169
vt 0.596084 0.598040
vt 0.567918 0.617468
vt 0.509822 0.637248
vt 0.545613 0.612148
vt 0.535984 0.611975
vt 0.563907 0.652604
vt 0.571240 0.647799
vt 0.554199 0.656747
vt 0.540266 0.660464
vt 0.574947 0.642616
vt 0.576899 0.637280
vt 0.577099 0.631927
vt 0.575686 0.626782
vt 0.572696 0.621863
vt 0.526335 0.612459
vt 0.514453 0.614808
vt 0.526269 0.662071
vt 0.514872 0.661125
vt 0.490617 0.661463
vt 0.498962 0.657773
vt 0.504627 0.658560
vt 0.483874 0.658141
vt 0.477772 0.655660
vt 0.472515 0.653287
vt 0.468514 0.649572
vt 0.467127 0.643842
vt 0.467705 0.636971
vt 0.471240 0.633061
vt 0.474614 0.629870
vt 0.480122 0.624499
vt 0.484566 0.620335
vt 0.490065 0.615632
vt 0.497400 0.614726
vt 0.506607 0.617376
vt 0.487457 0.600280
vt 0.497855 0.587050
vt 0.490902 0.613684
vt 0.514318 0.582515
vt 0.369198 0.662197
vt 0.345141 0.666148
vt 0.348172 0.647458
vt 0.364092 0.647295
vt 0.353394 0.625888
vt 0.365554 0.628858
vt 0.378336 0.657575
vt 0.381497 0.663638
vt 0.374972 0.668334
vt 0.481177 0.604501
vt 0.476720 0.610577
vt 0.386294 0.669601
vt 0.377378 0.676892
vt 0.367242 0.674429
vt 0.360074 0.671853
vt 0.368927 0.685117
vt 0.359994 0.682467
vt 0.352419 0.682212
vt 0.342749 0.684022
vt 0.339188 0.684459
vt 0.337331 0.663524
vt 0.339404 0.644680
vt 0.327958 0.660265
vt 0.328424 0.640916
vt 0.333385 0.679271
vt 0.324452 0.671845
vt 0.300712 0.654257
vt 0.304743 0.629972
vt 0.268381 0.648033
vt 0.280010 0.618531
vt 0.311720 0.670281
vt 0.282540 0.681388
vt 0.315015 0.675002
vt 0.320194 0.681622
vt 0.288793 0.689404
vt 0.310774 0.676706
vt 0.293477 0.693654
vt 0.311010 0.684235
vt 0.312751 0.680210
vt 0.314693 0.678663
vt 0.314274 0.684981
vt 0.317149 0.683373
vt 0.328515 0.688550
vt 0.319462 0.692839
vt 0.318020 0.695982
vt 0.332402 0.693641
vt 0.321667 0.697202
vt 0.321868 0.708836
vt 0.319191 0.709564
vt 0.333442 0.698550
vt 0.341519 0.695855
vt 0.344564 0.709142
vt 0.338808 0.709446
vt 0.345689 0.725047
vt 0.332151 0.731001
vt 0.348876 0.723570
vt 0.353815 0.721438
vt 0.349204 0.707105
vt 0.344459 0.697087
vt 0.359193 0.719015
vt 0.354302 0.705159
vt 0.355689 0.695208
vt 0.365068 0.692301
vt 0.363774 0.702356
vt 0.444715 0.630293
vt 0.449438 0.622603
vt 0.454914 0.616424
vt 0.465653 0.611161
vt 0.367946 0.716044
vt 0.443368 0.643125
vt 0.372773 0.727070
vt 0.365827 0.731660
vt 0.445254 0.653968
vt 0.383003 0.734132
vt 0.375640 0.740494
vt 0.453466 0.664201
vt 0.384474 0.743770
vt 0.390979 0.736585
vt 0.460697 0.670393
vt 0.407956 0.732919
vt 0.397417 0.743978
vt 0.480181 0.675789
vt 0.406070 0.741046
vt 0.412908 0.735659
vt 0.485174 0.676591
vt 0.418507 0.740237
vt 0.411129 0.746025
vt 0.492326 0.676233
vt 0.512517 0.695733
vt 0.420587 0.770670
vt 0.398004 0.750874
vt 0.381420 0.750289
vt 0.391663 0.767322
vt 0.376773 0.756033
vt 0.414043 0.783083
vt 0.371868 0.760122
vt 0.389118 0.773363
vt 0.411818 0.789412
vt 0.370115 0.747398
vt 0.367279 0.751081
vt 0.382978 0.782814
vt 0.369953 0.772741
vt 0.359112 0.760656
vt 0.355065 0.754806
vt 0.345794 0.761770
vt 0.344483 0.756668
vt 0.352690 0.774622
vt 0.349990 0.767436
vt 0.346420 0.768335
vt 0.349499 0.772406
vt 0.340803 0.761567
vt 0.343858 0.769927
vt 0.337643 0.763026
vt 0.346986 0.774471
vt 0.348157 0.778527
vt 0.341091 0.772978
vt 0.354684 0.788190
vt 0.331378 0.788889
vt 0.327690 0.770711
vt 0.336441 0.802486
vt 0.326812 0.779831
vt 0.324107 0.769874
vt 0.326077 0.791049
vt 0.328288 0.785285
vt 0.326343 0.786166
vt 0.324699 0.781356
vt 0.317488 0.774486
vt 0.321029 0.771831
vt 0.315923 0.813185
vt 0.307794 0.798352
vt 0.307570 0.781898
vt 0.307605 0.779154
vt 0.316240 0.773167
vt 0.316125 0.767019
vt 0.302481 0.752338
vt 0.304337 0.751374
vt 0.311432 0.747503
vt 0.302243 0.749951
vt 0.298719 0.751456
vt 0.299095 0.753601
vt 0.300043 0.744030
vt 0.309357 0.739596
vt 0.297085 0.737972
vt 0.306383 0.734296
vt 0.295324 0.739561
vt 0.293047 0.747070
vt 0.291048 0.743065
vt 0.294936 0.752211
vt 0.314253 0.737888
vt 0.293588 0.712967
vt 0.296850 0.736940
vt 0.294948 0.708872
vt 0.291787 0.711936
vt 0.291156 0.709590
vt 0.293871 0.737326
vt 0.289015 0.697456
vt 0.284993 0.697392
vt 0.291361 0.696584
vt 0.298121 0.706807
vt 0.314261 0.727806
vt 0.313221 0.723309
vt 0.300942 0.704725
vt 0.300179 0.703846
vt 0.289776 0.693467
vt 0.287201 0.694543
vt 0.311320 0.697123
vt 0.284516 0.691895
vt 0.267314 0.703831
vt 0.263112 0.701082
vt 0.278361 0.715966
vt 0.277697 0.717956
vt 0.265281 0.707841
vt 0.262061 0.706627
vt 0.263382 0.711342
vt 0.274396 0.719562
vt 0.291797 0.738527
vt 0.279973 0.717164
vt 0.272790 0.723005
vt 0.287073 0.743672
vt 0.270650 0.720824
vt 0.261953 0.728592
vt 0.259018 0.726681
vt 0.258732 0.739739
vt 0.256935 0.727132
vt 0.268654 0.758313
vt 0.265621 0.759186
vt 0.289345 0.748765
vt 0.256656 0.715822
vt 0.263416 0.714249
vt 0.254145 0.728854
vt 0.252935 0.714837
vt 0.255810 0.739950
vt 0.249605 0.727649
vt 0.247761 0.714118
vt 0.249435 0.730399
vt 0.252425 0.740607
vt 0.264311 0.760915
vt 0.262036 0.762732
vt 0.272390 0.796163
vt 0.274434 0.781351
vt 0.275832 0.795946
vt 0.285816 0.790374
vt 0.284043 0.792630
vt 0.287324 0.786509
vt 0.287833 0.789419
vt 0.290604 0.791542
vt 0.291618 0.794617
vt 0.292501 0.755491
vt 0.297825 0.781152
vt 0.298314 0.783112
vt 0.295546 0.755058
vt 0.300956 0.783175
vt 0.304531 0.782367
vt 0.300666 0.789350
vt 0.304423 0.794513
vt 0.298142 0.786640
vt 0.294612 0.800499
vt 0.294510 0.805285
vt 0.289700 0.797466
vt 0.287753 0.801515
vt 0.296505 0.822883
vt 0.275584 0.831909
vt 0.278382 0.813171
vt 0.282548 0.795700
vt 0.279235 0.797420
vt 0.280746 0.793769
vt 0.278604 0.794628
vt 0.274461 0.810346
vt 0.277309 0.788619
vt 0.269078 0.808635
vt 0.264608 0.815696
vt 0.264828 0.820708
vt 0.263302 0.810952
vt 0.258613 0.813417
vt 0.257430 0.817217
vt 0.251539 0.809960
vt 0.252098 0.806732
vt 0.249656 0.808431
vt 0.235615 0.790281
vt 0.233764 0.786157
vt 0.255657 0.804208
vt 0.232533 0.777970
vt 0.229060 0.780567
vt 0.232708 0.812492
vt 0.235880 0.811651
vt 0.241504 0.811110
vt 0.246945 0.809926
vt 0.248356 0.811821
vt 0.241393 0.813495
vt 0.252081 0.825244
vt 0.243379 0.827384
vt 0.242289 0.834363
vt 0.255033 0.838955
vt 0.239815 0.844404
vt 0.259640 0.868312
vt 0.240493 0.873983
vt 0.280169 0.862198
vt 0.216734 0.854201
vt 0.234701 0.836204
vt 0.221426 0.879655
vt 0.202054 0.884360
vt 0.195420 0.860547
vt 0.231352 0.830324
vt 0.216309 0.835576
vt 0.206481 0.838294
vt 0.204797 0.842838
vt 0.199767 0.845448
vt 0.178359 0.864576
vt 0.166585 0.834422
vt 0.194443 0.842194
vt 0.184573 0.887936
vt 0.183101 0.825079
vt 0.195958 0.837063
vt 0.189760 0.822307
vt 0.193931 0.821687
vt 0.200358 0.835278
vt 0.201900 0.823310
vt 0.185409 0.800755
vt 0.189924 0.797814
vt 0.200045 0.819082
vt 0.181169 0.801783
vt 0.205650 0.818966
vt 0.200705 0.793078
vt 0.175778 0.778247
vt 0.180110 0.775983
vt 0.185136 0.773389
vt 0.204009 0.791703
vt 0.207286 0.796833
vt 0.211585 0.818324
vt 0.207598 0.790273
vt 0.200923 0.782511
vt 0.190010 0.769822
vt 0.223625 0.813620
vt 0.219928 0.815081
vt 0.211103 0.788332
vt 0.201648 0.762775
vt 0.196082 0.765794
vt 0.204869 0.760715
vt 0.224473 0.783285
vt 0.202628 0.757858
vt 0.194238 0.761903
vt 0.198988 0.778844
vt 0.192350 0.746744
vt 0.187172 0.749330
vt 0.176859 0.773026
vt 0.170185 0.759953
vt 0.168384 0.761410
vt 0.165779 0.753975
vt 0.180986 0.736313
vt 0.164447 0.763270
vt 0.160652 0.756139
vt 0.171205 0.780039
vt 0.162086 0.765124
vt 0.166845 0.780585
vt 0.174266 0.803325
vt 0.147687 0.791909
vt 0.157649 0.813428
vt 0.143808 0.820331
vt 0.133817 0.799443
vt 0.120001 0.777178
vt 0.132788 0.767503
vt 0.152313 0.841112
vt 0.129734 0.827067
vt 0.120250 0.807966
vt 0.137528 0.847650
vt 0.143395 0.869158
vt 0.160519 0.866828
vt 0.148032 0.890692
vt 0.166564 0.889844
vt 0.153071 0.914576
vt 0.172640 0.913887
vt 0.189088 0.910768
vt 0.205900 0.908226
vt 0.213885 0.930392
vt 0.197907 0.931802
vt 0.179516 0.933872
vt 0.213117 0.935065
vt 0.197956 0.936313
vt 0.178574 0.938516
vt 0.206726 0.962443
vt 0.221875 0.960991
vt 0.186353 0.962122
vt 0.158287 0.932329
vt 0.157285 0.937440
vt 0.163631 0.960644
vt 0.178152 0.972647
vt 0.166312 0.971165
vt 0.028437 0.428662
vt 0.025441 0.416713
vt 0.044099 0.431961
vt 0.035883 0.435570
vt 0.052264 0.414548
vt 0.027919 0.397714
vt 0.044184 0.439131
vt 0.047911 0.400102
vt 0.048768 0.393912
vt 0.061365 0.394402
vt 0.036922 0.392172
vt 0.063012 0.412847
vt 0.069812 0.418117
vt 0.070610 0.428890
vt 0.069142 0.403950
vt 0.061639 0.435399
vt 0.074870 0.413788
vt 0.076880 0.423062
vt 0.081629 0.432842
vt 0.072403 0.438805
vt 0.083470 0.416902
vt 0.086289 0.424416
vt 0.090496 0.425127
vt 0.095508 0.434471
vt 0.092141 0.446275
vt 0.065217 0.450175
vt 0.074582 0.453019
vt 0.070249 0.454911
vt 0.085575 0.457659
vt 0.079059 0.460342
vt 0.092882 0.456191
vt 0.089838 0.466571
vt 0.101374 0.461613
vt 0.099860 0.467267
vt 0.097079 0.449841
vt 0.104139 0.457050
vt 0.097277 0.449191
vt 0.106427 0.445202
vt 0.106124 0.452390
vt 0.109046 0.441701
vt 0.129065 0.459494
vt 0.121077 0.457823
vt 0.121344 0.457423
vt 0.143238 0.480582
vt 0.136369 0.462438
vt 0.142341 0.468313
vt 0.125558 0.467405
vt 0.136379 0.461717
vt 0.153056 0.455280
vt 0.145381 0.460875
vt 0.131552 0.450744
vt 0.150682 0.445801
vt 0.150896 0.477374
vt 0.157534 0.464221
vt 0.168391 0.452882
vt 0.161235 0.463662
vt 0.167155 0.440308
vt 0.139063 0.431447
vt 0.142545 0.423110
vt 0.153592 0.434242
vt 0.134658 0.437714
vt 0.141929 0.443112
vt 0.131844 0.442477
vt 0.155498 0.436074
vt 0.159180 0.434629
vt 0.177323 0.430086
vt 0.167659 0.424693
vt 0.158261 0.428873
vt 0.188256 0.442813
vt 0.184020 0.431065
vt 0.184893 0.412584
vt 0.191910 0.414184
vt 0.176024 0.406079
vt 0.192438 0.394849
vt 0.195604 0.394872
vt 0.188627 0.382723
vt 0.202117 0.420474
vt 0.205456 0.405589
vt 0.202725 0.382730
vt 0.229077 0.405018
vt 0.213018 0.397799
vt 0.225788 0.397565
vt 0.213317 0.390704
vt 0.212477 0.412840
vt 0.211024 0.416088
vt 0.224594 0.412610
vt 0.129181 0.673569
vt 0.103948 0.657426
vt 0.112528 0.647765
vt 0.124065 0.636331
vt 0.141523 0.662096
vt 0.104653 0.640314
vt 0.110699 0.632854
vt 0.096370 0.650282
vt 0.101445 0.644708
vt 0.221837 0.417846
vt 0.223548 0.425777
vt 0.228970 0.390623
vt 0.237030 0.380210
vt 0.093448 0.669647
vt 0.085715 0.661460
vt 0.092455 0.654940
vt 0.112423 0.688194
vt 0.217029 0.432586
vt 0.205939 0.430582
vt 0.212492 0.438809
vt 0.200735 0.437346
vt 0.213997 0.448054
vt 0.204103 0.455708
vt 0.098049 0.701506
vt 0.082445 0.679471
vt 0.115529 0.689462
vt 0.101185 0.702851
vt 0.132091 0.674745
vt 0.091779 0.713080
vt 0.088504 0.711589
vt 0.072669 0.689770
vt 0.082069 0.723409
vt 0.078687 0.721854
vt 0.063186 0.699282
vt 0.064447 0.740988
vt 0.043980 0.727148
vt 0.053207 0.712048
vt 0.067449 0.741453
vt 0.046281 0.705771
vt 0.051466 0.697569
vt 0.055140 0.691018
vt 0.060334 0.684319
vt 0.171657 0.482963
vt 0.181765 0.484172
vt 0.185376 0.492428
vt 0.162971 0.487987
vt 0.177768 0.497207
vt 0.167828 0.494872
vt 0.169192 0.471265
vt 0.173992 0.478040
vt 0.159491 0.477986
vt 0.165609 0.501413
vt 0.157884 0.506806
vt 0.153013 0.499316
vt 0.154443 0.491989
vt 0.145148 0.490459
vt 0.140145 0.496053
vt 0.130341 0.499623
vt 0.138281 0.509254
vt 0.129814 0.488387
vt 0.127237 0.509516
vt 0.116166 0.519797
vt 0.112498 0.514274
vt 0.131138 0.511370
vt 0.121884 0.477628
vt 0.120881 0.483493
vt 0.116848 0.489723
vt 0.121769 0.498350
vt 0.115145 0.503214
vt 0.110233 0.497076
vt 0.107532 0.502044
vt 0.091666 0.487783
vt 0.087122 0.496581
vt 0.083630 0.501419
vt 0.107203 0.511714
vt 0.103809 0.505795
vt 0.083226 0.505936
vt 0.076413 0.499177
vt 0.074863 0.492107
vt 0.080697 0.487917
vt 0.069650 0.510534
vt 0.074000 0.509278
vt 0.076300 0.479991
vt 0.068636 0.494363
vt 0.069560 0.482036
vt 0.083862 0.469535
vt 0.077693 0.470165
vt 0.068845 0.468134
vt 0.072925 0.462830
vt 0.083615 0.478937
vt 0.095457 0.475853
vt 0.093312 0.481195
vt 0.134650 0.480341
vt 0.057521 0.475631
vt 0.060477 0.463980
vt 0.063199 0.454830
vt 0.051317 0.458847
vt 0.042304 0.467952
vt 0.038772 0.479023
vt 0.055826 0.481223
vt 0.031425 0.487563
vt 0.035737 0.460897
vt 0.027030 0.476603
vt 0.028923 0.463437
vt 0.012787 0.476414
vt 0.019229 0.469403
vt 0.052520 0.487333
vt 0.035522 0.492012
vt 0.032331 0.502049
vt 0.028937 0.508660
vt 0.025539 0.493278
vt 0.023572 0.506035
vt 0.017423 0.486840
vt 0.016055 0.485894
vt 0.017107 0.499289
vt 0.123355 0.953769
vt 0.110671 0.945447
vt 0.105691 0.937559
vt 0.133930 0.952961
vt 0.021435 0.511207
vt 0.015469 0.508461
vt 0.018566 0.529451
vt 0.027812 0.513571
vt 0.024990 0.523327
vt 0.040947 0.522705
vt 0.037340 0.527309
vt 0.033920 0.534202
vt 0.021634 0.535547
vt 0.090127 0.923251
vt 0.083490 0.923122
vt 0.076514 0.915130
vt 0.078357 0.906043
vt 0.091686 0.914812
vt 0.106733 0.924629
vt 0.025427 0.550819
vt 0.021302 0.553375
vt 0.024316 0.545290
vt 0.026424 0.553540
vt 0.023759 0.555013
vt 0.020936 0.561907
vt 0.023130 0.561477
vt 0.076213 0.897802
vt 0.091456 0.908481
vt 0.024933 0.570506
vt 0.024220 0.576340
vt 0.091433 0.898304
vt 0.076639 0.881778
vt 0.087929 0.872692
vt 0.071079 0.870655
vt 0.027026 0.576583
vt 0.030552 0.579393
vt 0.033376 0.583707
vt 0.029179 0.573285
vt 0.030481 0.566547
vt 0.027648 0.566576
vt 0.109168 0.907778
vt 0.109122 0.919148
vt 0.108191 0.884788
vt 0.128807 0.890078
vt 0.130981 0.913401
vt 0.135129 0.928251
vt 0.133561 0.933533
vt 0.126441 0.869357
vt 0.109978 0.867331
vt 0.122561 0.850618
vt 0.109482 0.852282
vt 0.095753 0.861276
vt 0.100394 0.852421
vt 0.086610 0.849078
vt 0.096275 0.843503
vt 0.074261 0.856100
vt 0.092406 0.834120
vt 0.083885 0.832229
vt 0.070936 0.830727
vt 0.067881 0.864325
vt 0.063762 0.853845
vt 0.059591 0.845185
vt 0.053055 0.822526
vt 0.055727 0.799560
vt 0.073695 0.810616
vt 0.088104 0.817451
vt 0.052611 0.833447
vt 0.052113 0.841295
vt 0.057516 0.596836
vt 0.056915 0.594959
vt 0.060237 0.591681
vt 0.062759 0.591158
vt 0.048541 0.594757
vt 0.049385 0.592903
vt 0.044829 0.836813
vt 0.064990 0.586228
vt 0.067879 0.585365
vt 0.062498 0.589101
vt 0.054543 0.586662
vt 0.055438 0.584968
vt 0.053318 0.588249
vt 0.042093 0.587855
vt 0.045428 0.583113
vt 0.045158 0.581239
vt 0.040205 0.587819
vt 0.039525 0.585131
vt 0.042713 0.580085
vt 0.044739 0.572692
vt 0.047863 0.573052
vt 0.046973 0.580470
vt 0.048528 0.576417
vt 0.037195 0.563267
vt 0.037001 0.559753
vt 0.050647 0.566338
vt 0.043395 0.560251
vt 0.051604 0.569843
vt 0.050313 0.572749
vt 0.058795 0.580068
vt 0.059758 0.578232
vt 0.057737 0.581822
vt 0.046305 0.553893
vt 0.054545 0.556958
vt 0.031655 0.544081
vt 0.034382 0.555393
vt 0.029672 0.549104
vt 0.028996 0.552381
vt 0.032666 0.557576
vt 0.027194 0.560015
vt 0.033577 0.559960
vt 0.056964 0.562561
vt 0.054084 0.565990
vt 0.069999 0.565341
vt 0.067657 0.568451
vt 0.065201 0.535264
vt 0.066933 0.548436
vt 0.063077 0.554833
vt 0.054145 0.546624
vt 0.057141 0.536835
vt 0.074127 0.562157
vt 0.085372 0.572188
vt 0.079522 0.575917
vt 0.082143 0.567155
vt 0.032417 0.817791
vt 0.031365 0.810331
vt 0.038425 0.822196
vt 0.091435 0.572434
vt 0.094758 0.573383
vt 0.091976 0.576422
vt 0.092574 0.562098
vt 0.094554 0.568668
vt 0.085282 0.563992
vt 0.040017 0.828274
vt 0.035465 0.829095
vt 0.032185 0.825709
vt 0.038092 0.808074
vt 0.041503 0.809848
vt 0.039657 0.829660
vt 0.030507 0.801697
vt 0.030095 0.792236
vt 0.041421 0.790705
vt 0.044537 0.791820
vt 0.051454 0.765376
vt 0.054692 0.765325
vt 0.031738 0.768622
vt 0.029280 0.782861
vt 0.026509 0.798399
vt 0.026578 0.792253
vt 0.026441 0.785890
vt 0.109566 0.562127
vt 0.104408 0.564307
vt 0.097351 0.558472
vt 0.100841 0.554468
vt 0.108488 0.551673
vt 0.114808 0.558754
vt 0.118566 0.557574
vt 0.101112 0.547989
vt 0.109173 0.542351
vt 0.089783 0.551301
vt 0.091512 0.546872
vt 0.093360 0.543092
vt 0.099287 0.543797
vt 0.102645 0.542166
vt 0.098813 0.539931
vt 0.104420 0.535702
vt 0.092682 0.538549
vt 0.087279 0.541860
vt 0.094625 0.532850
vt 0.091419 0.533650
vt 0.088950 0.528870
vt 0.092726 0.527791
vt 0.096657 0.524203
vt 0.102144 0.522915
vt 0.103470 0.531446
vt 0.110697 0.534635
vt 0.122396 0.524021
vt 0.129208 0.526374
vt 0.118536 0.536879
vt 0.138515 0.523540
vt 0.149229 0.529351
vt 0.148185 0.535313
vt 0.142823 0.517033
vt 0.131901 0.533477
vt 0.142483 0.537301
vt 0.126946 0.537932
vt 0.036349 0.748445
vt 0.032826 0.742760
vt 0.034287 0.730470
vt 0.028456 0.764774
vt 0.030641 0.753236
vt 0.026456 0.779868
vt 0.027378 0.772766
vt 0.132927 0.548936
vt 0.134374 0.544453
vt 0.127783 0.549964
vt 0.119876 0.544120
vt 0.121295 0.554422
vt 0.115995 0.546271
vt 0.154523 0.520358
vt 0.162939 0.517404
vt 0.175396 0.509472
vt 0.079560 0.542522
vt 0.076752 0.536483
vt 0.077890 0.544692
vt 0.083250 0.547672
vt 0.082627 0.548482
vt 0.077769 0.528215
vt 0.092565 0.523453
vt 0.070017 0.531229
vt 0.071274 0.522487
vt 0.069439 0.531319
vt 0.078578 0.521318
vt 0.095314 0.518172
vt 0.080360 0.515081
vt 0.097430 0.512434
vt 0.101495 0.516315
vt 0.087328 0.552453
vt 0.083595 0.554911
vt 0.078072 0.558640
vt 0.101218 0.567411
vt 0.064897 0.776055
vt 0.077223 0.754884
vt 0.091044 0.737458
vt 0.094668 0.772333
vt 0.082602 0.790105
vt 0.106146 0.758234
vt 0.117977 0.746839
vt 0.101595 0.726437
vt 0.111307 0.715505
vt 0.130722 0.735787
vt 0.158273 0.749501
vt 0.146957 0.724200
vt 0.127702 0.704191
vt 0.163680 0.713455
vt 0.180621 0.702072
vt 0.199316 0.723776
vt 0.194003 0.733095
vt 0.188537 0.738066
vt 0.195473 0.737708
vt 0.193197 0.740556
vt 0.196556 0.744418
vt 0.206443 0.755447
vt 0.200160 0.742655
vt 0.210955 0.753625
vt 0.223104 0.761951
vt 0.214429 0.750583
vt 0.219918 0.756229
vt 0.212073 0.749420
vt 0.201626 0.738263
vt 0.218243 0.748299
vt 0.222342 0.746861
vt 0.224837 0.744841
vt 0.218780 0.745861
vt 0.215916 0.730339
vt 0.220518 0.729998
vt 0.224092 0.728900
vt 0.227810 0.731327
vt 0.229173 0.742082
vt 0.230612 0.746364
vt 0.235667 0.775414
vt 0.241759 0.738846
vt 0.240349 0.734498
vt 0.232082 0.728524
vt 0.231709 0.725434
vt 0.241846 0.733636
vt 0.225192 0.722422
vt 0.233608 0.722370
vt 0.245085 0.732585
vt 0.230461 0.720223
vt 0.215772 0.721393
vt 0.222515 0.715804
vt 0.219986 0.724054
vt 0.230890 0.713596
vt 0.236575 0.719034
vt 0.239141 0.700439
vt 0.217984 0.711708
vt 0.246505 0.728932
vt 0.249797 0.705596
vt 0.253898 0.710101
vt 0.260216 0.690953
vt 0.247989 0.730973
vt 0.248733 0.741454
vt 0.218434 0.677656
vt 0.240986 0.663967
vt 0.198734 0.690293
vt 0.237049 0.624154
vt 0.217684 0.641176
vt 0.196555 0.657270
vt 0.192479 0.622294
vt 0.210820 0.603630
vt 0.173038 0.640289
vt 0.254466 0.601267
vt 0.231159 0.582434
vt 0.210107 0.600977
vt 0.230123 0.579703
vt 0.190639 0.620436
vt 0.186525 0.583300
vt 0.205687 0.560768
vt 0.168940 0.599723
vt 0.247309 0.563735
vt 0.245530 0.560515
vt 0.222186 0.538726
vt 0.263200 0.542440
vt 0.261258 0.539303
vt 0.235868 0.519889
vt 0.205076 0.518842
vt 0.216895 0.502414
vt 0.198822 0.507093
vt 0.206705 0.497845
vt 0.255822 0.207756
vt 0.259231 0.201190
vt 0.272562 0.213088
vt 0.270807 0.222659
vt 0.263034 0.226378
vt 0.251933 0.213418
vt 0.191959 0.530057
vt 0.187809 0.517169
vt 0.195560 0.512078
vt 0.186393 0.549578
vt 0.227478 0.257506
vt 0.250747 0.257902
vt 0.249710 0.286202
vt 0.174809 0.572916
vt 0.243763 0.250255
vt 0.253122 0.236285
vt 0.218070 0.246777
vt 0.222885 0.242853
vt 0.228793 0.249153
vt 0.217318 0.254518
vt 0.212775 0.248453
vt 0.210817 0.257093
vt 0.208927 0.264720
vt 0.232851 0.291365
vt 0.233606 0.246428
vt 0.228380 0.239852
vt 0.215915 0.238343
vt 0.221009 0.235556
vt 0.206674 0.237791
vt 0.219757 0.227959
vt 0.206085 0.244259
vt 0.199497 0.246735
vt 0.189260 0.245674
vt 0.161309 0.237373
vt 0.162376 0.222392
vt 0.165219 0.203585
vt 0.149711 0.219328
vt 0.149815 0.212127
vt 0.157165 0.214856
vt 0.156085 0.226288
vt 0.155316 0.231436
vt 0.157737 0.208266
vt 0.150873 0.205065
vt 0.150945 0.199219
vt 0.153201 0.192098
vt 0.161569 0.195965
vt 0.162709 0.190882
vt 0.170518 0.187605
vt 0.230141 0.215050
vt 0.153814 0.186778
vt 0.157342 0.182167
vt 0.166040 0.180290
vt 0.155670 0.175212
vt 0.174655 0.169088
vt 0.168484 0.173505
vt 0.240069 0.199690
vt 0.184040 0.152812
vt 0.245556 0.180683
vt 0.172819 0.162005
vt 0.175492 0.156253
vt 0.157151 0.162491
vt 0.160602 0.154684
vt 0.156516 0.169733
vt 0.144084 0.170354
vt 0.140920 0.162410
vt 0.142963 0.175632
vt 0.136135 0.182458
vt 0.411505 0.961890
vt 0.409835 0.973787
vt 0.401075 0.973353
vt 0.395147 0.963071
vt 0.403857 0.938397
vt 0.382243 0.963595
vt 0.379549 0.942250
vt 0.396694 0.972101
vt 0.388620 0.972993
vt 0.141332 0.187962
vt 0.141685 0.192875
vt 0.138401 0.200018
vt 0.366899 0.965230
vt 0.379493 0.973641
vt 0.369221 0.974674
vt 0.141155 0.206388
vt 0.141425 0.212883
vt 0.137092 0.218506
vt 0.352371 0.968637
vt 0.357477 0.941727
vt 0.364501 0.975373
vt 0.356358 0.977733
vt 0.148363 0.224821
vt 0.141527 0.224909
vt 0.148081 0.229721
vt 0.141035 0.230036
vt 0.155464 0.226680
vt 0.149333 0.235670
vt 0.136952 0.234553
vt 0.146723 0.241769
vt 0.139617 0.240687
vt 0.154435 0.243792
vt 0.153256 0.250726
vt 0.141352 0.250659
vt 0.136089 0.245613
vt 0.348587 0.978494
vt 0.339118 0.979039
vt 0.335060 0.967720
vt 0.135361 0.259207
vt 0.126243 0.246990
vt 0.334393 0.945489
vt 0.317704 0.963902
vt 0.310549 0.948674
vt 0.329796 0.977849
vt 0.320432 0.976478
vt 0.123962 0.258556
vt 0.121218 0.254376
vt 0.118991 0.265728
vt 0.121264 0.276965
vt 0.154374 0.264485
vt 0.140971 0.267440
vt 0.158897 0.256719
vt 0.134055 0.273209
vt 0.169892 0.278165
vt 0.161631 0.275528
vt 0.167598 0.259506
vt 0.171990 0.269153
vt 0.180279 0.253604
vt 0.177037 0.256465
vt 0.180911 0.264606
vt 0.186407 0.263305
vt 0.186239 0.251973
vt 0.188177 0.256168
vt 0.189435 0.250673
vt 0.195863 0.255203
vt 0.201666 0.254564
vt 0.198558 0.260270
vt 0.191238 0.262118
vt 0.206567 0.251099
vt 0.191483 0.271047
vt 0.207412 0.300691
vt 0.199572 0.303328
vt 0.207272 0.310671
vt 0.206122 0.311834
vt 0.218908 0.317474
vt 0.221577 0.305075
vt 0.228660 0.314992
vt 0.232144 0.301103
vt 0.248221 0.304194
vt 0.239824 0.310228
vt 0.145644 0.604589
vt 0.160215 0.588046
vt 0.153104 0.612009
vt 0.139610 0.594957
vt 0.150013 0.582812
vt 0.231917 0.324510
vt 0.243594 0.323157
vt 0.246104 0.331611
vt 0.225186 0.334971
vt 0.232922 0.344681
vt 0.224541 0.351099
vt 0.233473 0.340858
vt 0.243651 0.340428
vt 0.211039 0.321242
vt 0.212411 0.341214
vt 0.228690 0.364290
vt 0.217463 0.369533
vt 0.230941 0.359443
vt 0.244985 0.352140
vt 0.241442 0.359911
vt 0.242942 0.344689
vt 0.209745 0.358485
vt 0.239270 0.374011
vt 0.237927 0.365786
vt 0.201556 0.359445
vt 0.189816 0.369476
vt 0.163925 0.384140
vt 0.168376 0.378241
vt 0.178846 0.368601
vt 0.172030 0.365089
vt 0.174328 0.358419
vt 0.175670 0.350161
vt 0.184742 0.356879
vt 0.192963 0.338609
vt 0.185029 0.345974
vt 0.204772 0.341952
vt 0.176615 0.394880
vt 0.179980 0.388269
vt 0.172658 0.388309
vt 0.141260 0.376591
vt 0.151135 0.379018
vt 0.138187 0.381570
vt 0.158622 0.392888
vt 0.136075 0.389417
vt 0.166799 0.405019
vt 0.151458 0.378668
vt 0.142329 0.374322
vt 0.142932 0.367781
vt 0.150878 0.367219
vt 0.137349 0.373061
vt 0.137249 0.373530
vt 0.128230 0.370942
vt 0.116744 0.392752
vt 0.104302 0.375453
vt 0.112297 0.365133
vt 0.130118 0.383872
vt 0.127153 0.390598
vt 0.130870 0.359156
vt 0.105143 0.357332
vt 0.111118 0.349931
vt 0.116712 0.355358
vt 0.098550 0.363017
vt 0.103905 0.357866
vt 0.089398 0.369824
vt 0.070535 0.368137
vt 0.078105 0.347450
vt 0.088688 0.346851
vt 0.096318 0.351873
vt 0.089438 0.324285
vt 0.095488 0.338593
vt 0.051201 0.342235
vt 0.053037 0.331921
vt 0.073572 0.333144
vt 0.075501 0.326097
vt 0.062377 0.325279
vt 0.102283 0.317008
vt 0.118068 0.318917
vt 0.114507 0.327776
vt 0.111393 0.337015
vt 0.102949 0.300064
vt 0.108919 0.310983
vt 0.085405 0.312142
vt 0.089157 0.301305
vt 0.076839 0.301524
vt 0.073672 0.309297
vt 0.067608 0.315550
vt 0.082638 0.293391
vt 0.292464 0.971546
vt 0.280851 0.971204
vt 0.277791 0.962337
vt 0.299975 0.960105
vt 0.086569 0.282607
vt 0.095933 0.278563
vt 0.101612 0.287786
vt 0.310580 0.974619
vt 0.299632 0.972484
vt 0.290318 0.950845
vt 0.307854 0.921505
vt 0.284724 0.923785
vt 0.274323 0.953402
vt 0.262976 0.927415
vt 0.256995 0.957011
vt 0.263837 0.922210
vt 0.284892 0.919216
vt 0.247537 0.925113
vt 0.246830 0.930203
vt 0.246759 0.956590
vt 0.231705 0.928785
vt 0.231043 0.933726
vt 0.234650 0.959339
vt 0.045181 0.353366
vt 0.065018 0.373132
vt 0.234234 0.973685
vt 0.224972 0.973841
vt 0.054884 0.372477
vt 0.046249 0.365808
vt 0.060739 0.384853
vt 0.058164 0.386648
vt 0.053616 0.377253
vt 0.069798 0.383713
vt 0.072402 0.380142
vt 0.075277 0.376996
vt 0.081125 0.382962
vt 0.069903 0.385266
vt 0.082693 0.376138
vt 0.082544 0.381842
vt 0.088989 0.390376
vt 0.103895 0.412579
vt 0.092640 0.414797
vt 0.084303 0.401828
vt 0.099136 0.391176
vt 0.103912 0.400647
vt 0.099125 0.389388
vt 0.103120 0.384986
vt 0.106513 0.391127
vt 0.080146 0.412822
vt 0.114788 0.411309
vt 0.121154 0.417127
vt 0.116080 0.423870
vt 0.113682 0.431775
vt 0.106360 0.424524
vt 0.104024 0.430895
vt 0.117972 0.404888
vt 0.125179 0.411202
vt 0.127613 0.402445
vt 0.150462 0.408517
vt 0.145909 0.416120
vt 0.131897 0.395090
vt 0.154328 0.400319
vt 0.165263 0.412345
vt 0.113242 0.434523
vt 0.045677 0.371745
vt 0.038288 0.376328
vt 0.039139 0.385966
vt 0.218024 0.974364
vt 0.208596 0.974369
vt 0.225991 0.904964
vt 0.244289 0.900269
vt 0.262838 0.895993
vt 0.283348 0.891148
vt 0.305659 0.886790
vt 0.307032 0.917124
vt 0.301890 0.855604
vt 0.325151 0.848637
vt 0.330081 0.882546
vt 0.352001 0.841095
vt 0.355328 0.880523
vt 0.367512 0.804836
vt 0.393586 0.820417
vt 0.384431 0.848953
vt 0.381790 0.880747
vt 0.357970 0.915579
vt 0.379197 0.911947
vt 0.334608 0.914800
vt 0.380572 0.915323
vt 0.360082 0.919918
vt 0.334344 0.919452
vt 0.409938 0.908593
vt 0.412164 0.912014
vt 0.430604 0.937369
vt 0.431039 0.911562
vt 0.429324 0.907745
vt 0.408469 0.881176
vt 0.432059 0.881415
vt 0.456583 0.880760
vt 0.456877 0.905455
vt 0.458509 0.909613
vt 0.483314 0.908529
vt 0.481798 0.904094
vt 0.483989 0.878241
vt 0.481604 0.939424
vt 0.455483 0.937449
vt 0.476489 0.967063
vt 0.456706 0.964818
vt 0.431747 0.963134
vt 0.452192 0.977010
vt 0.438219 0.975966
vt 0.166511 0.141073
vt 0.163997 0.148390
vt 0.149918 0.147292
vt 0.147938 0.138594
vt 0.429121 0.974990
vt 0.417938 0.974390
vt 0.154224 0.130412
vt 0.170043 0.133229
vt 0.159255 0.122428
vt 0.173219 0.126776
vt 0.159767 0.113123
vt 0.176478 0.119023
vt 0.185501 0.136243
vt 0.182622 0.143332
vt 0.193883 0.132725
vt 0.250401 0.150301
vt 0.249763 0.161893
vt 0.200336 0.121249
vt 0.249754 0.140020
vt 0.192340 0.123681
vt 0.193145 0.120591
vt 0.180917 0.111972
vt 0.259026 0.148517
vt 0.254343 0.152489
vt 0.256973 0.134736
vt 0.262303 0.138006
vt 0.249619 0.120837
vt 0.255740 0.126494
vt 0.262198 0.117838
vt 0.261508 0.126210
vt 0.262954 0.107107
vt 0.239846 0.107556
vt 0.208968 0.113024
vt 0.215022 0.103720
vt 0.205098 0.105531
vt 0.207285 0.100204
vt 0.202136 0.110991
vt 0.194126 0.092141
vt 0.199473 0.085250
vt 0.203004 0.079785
vt 0.188458 0.099235
vt 0.179047 0.083714
vt 0.172114 0.090915
vt 0.186389 0.075311
vt 0.184098 0.106625
vt 0.170543 0.099929
vt 0.166488 0.105774
vt 0.472873 0.979175
vt 0.462271 0.978278
vt 0.510597 0.938238
vt 0.502288 0.969299
vt 0.500369 0.980357
vt 0.483397 0.979718
vt 0.521076 0.966659
vt 0.516986 0.982908
vt 0.194999 0.069869
vt 0.197414 0.056501
vt 0.211882 0.073565
vt 0.202678 0.051385
vt 0.213280 0.052049
vt 0.223074 0.067025
vt 0.243469 0.096514
vt 0.225460 0.040138
vt 0.241042 0.052145
vt 0.253006 0.077427
vt 0.530636 0.966363
vt 0.559488 0.962119
vt 0.557402 0.977253
vt 0.537057 0.981270
vt 0.240004 0.035369
vt 0.253130 0.045293
vt 0.227454 0.025941
vt 0.534894 0.934308
vt 0.557253 0.928715
vt 0.580944 0.923868
vt 0.588475 0.958045
vt 0.584934 0.968943
vt 0.568463 0.972054
vt 0.238585 0.021775
vt 0.239090 0.021235
vt 0.568627 0.972825
vt 0.247567 0.027645
vt 0.251902 0.017125
vt 0.258606 0.020994
vt 0.261899 0.008648
vt 0.269529 0.017417
vt 0.264928 0.030662
vt 0.277852 0.034895
vt 0.256526 0.035607
vt 0.276932 0.010729
vt 0.283662 0.023066
vt 0.300565 0.018121
vt 0.295839 0.023462
vt 0.339330 0.354652
vt 0.341156 0.368232
vt 0.323435 0.372797
vt 0.599057 0.966299
vt 0.605786 0.954913
vt 0.600983 0.920892
vt 0.366465 0.391278
vt 0.354002 0.403529
vt 0.329130 0.378895
vt 0.339365 0.415886
vt 0.313657 0.393744
vt 0.312940 0.382080
vt 0.300677 0.404175
vt 0.298147 0.394341
vt 0.304760 0.389586
vt 0.317527 0.430826
vt 0.311179 0.046554
vt 0.302966 0.045296
vt 0.306218 0.036648
vt 0.311262 0.038017
vt 0.309136 0.027084
vt 0.310337 0.026950
vt 0.294458 0.034512
vt 0.288280 0.044050
vt 0.290335 0.050179
vt 0.283504 0.058071
vt 0.303118 0.051468
vt 0.312448 0.052880
vt 0.303526 0.059835
vt 0.313287 0.060801
vt 0.303629 0.068368
vt 0.291596 0.067697
vt 0.312625 0.068728
vt 0.292662 0.073892
vt 0.286028 0.081616
vt 0.275630 0.051976
vt 0.272774 0.044612
vt 0.272806 0.062762
vt 0.270227 0.054772
vt 0.277429 0.068440
vt 0.272216 0.071965
vt 0.277922 0.077102
vt 0.293609 0.088191
vt 0.294302 0.093627
vt 0.287498 0.099404
vt 0.305154 0.081945
vt 0.305025 0.089876
vt 0.305272 0.074019
vt 0.273673 0.087529
vt 0.272999 0.079377
vt 0.278808 0.091474
vt 0.273682 0.094873
vt 0.278632 0.098516
vt 0.305664 0.094694
vt 0.303486 0.104527
vt 0.299883 0.109897
vt 0.291332 0.108715
vt 0.276522 0.107875
vt 0.274230 0.101217
vt 0.285435 0.107189
vt 0.293138 0.116261
vt 0.282369 0.114205
vt 0.298012 0.114122
vt 0.308053 0.113025
vt 0.312581 0.119068
vt 0.308096 0.118479
vt 0.316897 0.112410
vt 0.302633 0.118321
vt 0.315488 0.104069
vt 0.269010 0.437207
vt 0.278121 0.428088
vt 0.298249 0.445782
vt 0.281258 0.465161
vt 0.258808 0.448355
vt 0.251996 0.438548
vt 0.257687 0.431106
vt 0.287552 0.415491
vt 0.279258 0.410000
vt 0.271971 0.416028
vt 0.314358 0.095351
vt 0.313067 0.089523
vt 0.313817 0.082526
vt 0.285402 0.404518
vt 0.291524 0.399983
vt 0.313423 0.074545
vt 0.323947 0.469395
vt 0.342497 0.452944
vt 0.361541 0.438596
vt 0.363188 0.443184
vt 0.343785 0.457208
vt 0.325349 0.473255
vt 0.308899 0.491199
vt 0.307481 0.487389
vt 0.291075 0.505691
vt 0.264780 0.484598
vt 0.292818 0.509282
vt 0.249683 0.460473
vt 0.244769 0.467451
vt 0.250141 0.502256
vt 0.230806 0.486230
vt 0.238442 0.475902
vt 0.276054 0.522531
vt 0.233288 0.464584
vt 0.236445 0.460346
vt 0.285067 0.168640
vt 0.297732 0.174258
vt 0.293579 0.182876
vt 0.275772 0.167270
vt 0.294325 0.163144
vt 0.300888 0.166625
vt 0.285577 0.158891
vt 0.293520 0.159579
vt 0.278302 0.164022
vt 0.271853 0.174759
vt 0.254727 0.169577
vt 0.284414 0.186724
vt 0.265313 0.156709
vt 0.275193 0.158903
vt 0.268595 0.150867
vt 0.273315 0.150618
vt 0.277407 0.153411
vt 0.271386 0.141702
vt 0.273997 0.147266
vt 0.265469 0.139920
vt 0.273673 0.129959
vt 0.266542 0.125099
vt 0.271164 0.117868
vt 0.276120 0.120871
vt 0.276944 0.125185
vt 0.282275 0.119811
vt 0.287127 0.119740
vt 0.282357 0.124551
vt 0.287303 0.124456
vt 0.294788 0.129800
vt 0.282914 0.129670
vt 0.291472 0.146420
vt 0.300144 0.137946
vt 0.299411 0.143140
vt 0.306324 0.131513
vt 0.306128 0.138861
vt 0.301991 0.124230
vt 0.307800 0.124776
vt 0.287455 0.133970
vt 0.282650 0.134687
vt 0.286053 0.140734
vt 0.294219 0.155224
vt 0.301057 0.150807
vt 0.305106 0.144685
vt 0.281343 0.154411
vt 0.283668 0.148925
vt 0.279362 0.148610
vt 0.281176 0.144460
vt 0.281414 0.139822
vt 0.276937 0.135502
vt 0.310391 0.139478
vt 0.309112 0.146389
vt 0.307027 0.153527
vt 0.242770 0.451703
vt 0.248983 0.443466
vt 0.312822 0.132571
vt 0.302874 0.159501
vt 0.302276 0.163132
vt 0.239534 0.456123
vt 0.312151 0.125055
vt 0.283062 0.193461
vt 0.269052 0.181913
vt 0.252625 0.177454
vt 0.265841 0.188284
vt 0.246382 0.196119
vt 0.249247 0.188874
vt 0.262484 0.194489
vt 0.283557 0.202529
vt 0.276259 0.205487
vt 0.213011 0.489943
vt 0.219409 0.481610
vt 0.277969 0.525863
vt 0.284696 0.558623
vt 0.298962 0.540510
vt 0.313082 0.522368
vt 0.269734 0.579676
vt 0.305766 0.574068
vt 0.292551 0.594870
vt 0.319788 0.555945
vt 0.325947 0.586601
vt 0.314887 0.607077
vt 0.339805 0.569532
vt 0.336487 0.540134
vt 0.354464 0.554328
vt 0.350744 0.525043
vt 0.369835 0.542305
vt 0.329540 0.505684
vt 0.346244 0.489553
vt 0.366528 0.511559
vt 0.363281 0.473694
vt 0.383809 0.498608
vt 0.383569 0.461267
vt 0.401256 0.486608
vt 0.418006 0.475949
vt 0.399374 0.451272
vt 0.380161 0.429930
vt 0.414682 0.440019
vt 0.433962 0.465227
vt 0.393551 0.418069
vt 0.377479 0.425525
vt 0.390493 0.413995
vt 0.575556 0.891425
vt 0.573497 0.887232
vt 0.596062 0.883707
vt 0.597230 0.888608
vt 0.554928 0.891587
vt 0.555992 0.895650
vt 0.537089 0.900177
vt 0.535611 0.896148
vt 0.513470 0.905601
vt 0.511800 0.901221
vt 0.511933 0.873448
vt 0.534173 0.867180
vt 0.484283 0.852314
vt 0.509893 0.845862
vt 0.530291 0.839500
vt 0.551998 0.862046
vt 0.548211 0.833385
vt 0.571077 0.857731
vt 0.566700 0.828610
vt 0.544204 0.805142
vt 0.558375 0.798218
vt 0.527784 0.812583
vt 0.536272 0.781216
vt 0.524477 0.787859
vt 0.550893 0.776438
vt 0.506330 0.798028
vt 0.507241 0.821252
vt 0.484464 0.808105
vt 0.484075 0.829673
vt 0.503311 0.789082
vt 0.520383 0.779176
vt 0.482480 0.798786
vt 0.457436 0.804156
vt 0.457310 0.813803
vt 0.458621 0.833153
vt 0.480259 0.790386
vt 0.499829 0.781420
vt 0.457343 0.794903
vt 0.434796 0.802342
vt 0.436834 0.792797
vt 0.435600 0.812703
vt 0.423494 0.795793
vt 0.424979 0.788784
vt 0.420026 0.805789
vt 0.429867 0.776162
vt 0.439443 0.780205
vt 0.456292 0.782901
vt 0.554106 0.690654
vt 0.534709 0.694472
vt 0.523480 0.696181
vt 0.475747 0.779939
vt 0.575070 0.682578
vt 0.493070 0.772369
vt 0.591837 0.671792
vt 0.509984 0.763351
vt 0.516840 0.772286
vt 0.604153 0.659041
vt 0.523146 0.757758
vt 0.528420 0.767572
vt 0.609294 0.648862
vt 0.531801 0.773475
vt 0.541399 0.761972
vt 0.545617 0.768928
vt 0.535405 0.751294
vt 0.554370 0.754239
vt 0.561266 0.762548
vt 0.546680 0.743818
vt 0.607565 0.626240
vt 0.609637 0.637479
vt 0.606692 0.616816
vt 0.468422 0.551872
vt 0.457781 0.556689
vt 0.452379 0.544393
vt 0.465672 0.538959
vt 0.604042 0.606326
vt 0.440131 0.551679
vt 0.445078 0.562758
vt 0.449003 0.536152
vt 0.437013 0.544453
vt 0.463423 0.528029
vt 0.434329 0.537351
vt 0.445733 0.527176
vt 0.459698 0.518046
vt 0.435977 0.503595
vt 0.419287 0.512151
vt 0.451104 0.494674
vt 0.420615 0.543193
vt 0.402995 0.521120
vt 0.403410 0.549168
vt 0.385773 0.531018
vt 0.388329 0.558322
vt 0.372544 0.567679
vt 0.394374 0.567091
vt 0.379669 0.576154
vt 0.408511 0.558151
vt 0.398981 0.574784
vt 0.385105 0.583228
vt 0.412617 0.566493
vt 0.424266 0.550673
vt 0.427849 0.558410
vt 0.431652 0.570335
vt 0.415927 0.578502
vt 0.402810 0.586108
vt 0.390621 0.593693
vt 0.558907 0.583568
vt 0.544721 0.581542
vt 0.372734 0.594501
vt 0.379926 0.603307
vt 0.530311 0.582592
vt 0.361070 0.607548
vt 0.371461 0.613910
vt 0.345445 0.621893
vt 0.353201 0.602112
vt 0.366604 0.588610
vt 0.336066 0.616706
vt 0.343317 0.595757
vt 0.358771 0.580749
vt 0.567405 0.771001
vt 0.576532 0.792817
vt 0.586314 0.823336
vt 0.593159 0.853573
vt 0.414996 0.827964
vt 0.435812 0.832336
vt 0.407457 0.799530
vt 0.410481 0.853416
vt 0.434184 0.855642
vt 0.458436 0.855503
vt 0.268280 0.101125
vt 0.262652 0.095638
vt 0.268090 0.097599
vt 0.266928 0.080162
vt 0.261017 0.067713
vt 0.266068 0.073013
vt 0.255823 0.091456
vt 0.264533 0.056205
vt 0.262118 0.049637
vt 0.267537 0.038573
vt 0.268717 0.047582
vt 0.145989 0.153705
vt 0.104086 0.272490
vt 0.107808 0.278011
vt 0.106941 0.263722
vt 0.272345 0.970269
vt 0.259893 0.969197
vt 0.124296 0.288199
vt 0.116438 0.294405
vt 0.128878 0.303532
vt 0.123733 0.311234
vt 0.133836 0.295893
vt 0.138025 0.290542
vt 0.143546 0.282794
vt 0.152092 0.291595
vt 0.141998 0.298057
vt 0.144781 0.304226
vt 0.142237 0.307111
vt 0.155356 0.306286
vt 0.147808 0.274678
vt 0.153560 0.280147
vt 0.178499 0.305855
vt 0.178859 0.315699
vt 0.159635 0.317303
vt 0.190323 0.312389
vt 0.179123 0.321910
vt 0.160673 0.325206
vt 0.188051 0.326723
vt 0.141893 0.333518
vt 0.144724 0.336975
vt 0.141274 0.317640
vt 0.135272 0.349656
vt 0.134628 0.349570
vt 0.129280 0.337292
vt 0.119422 0.345475
vt 0.126546 0.326744
vt 0.130213 0.319051
vt 0.106946 0.346962
vt 0.101428 0.348052
vt 0.150293 0.343454
vt 0.164175 0.333835
vt 0.164674 0.343499
vt 0.155911 0.349540
vt 0.146610 0.356323
vt 0.162935 0.351552
vt 0.150607 0.357026
vt 0.179280 0.331282
vt 0.177762 0.341205
vt 0.164080 0.359538
vt 0.161039 0.366850
vt 0.169766 0.369934
vt 0.160743 0.367496
vt 0.197608 0.320206
vt 0.206357 0.322502
vt 0.125385 0.612211
vt 0.138838 0.613234
vt 0.128793 0.628881
vt 0.118990 0.620674
vt 0.133763 0.627640
vt 0.143743 0.618802
vt 0.155956 0.650859
vt 0.170579 0.638853
vt 0.158503 0.652243
vt 0.178809 0.670374
vt 0.144246 0.663294
vt 0.162332 0.682085
vt 0.147051 0.692813
vt 0.132339 0.601715
vt 0.128681 0.606402
vt 0.115261 0.260420
vt 0.241579 0.206414
vt 0.238445 0.212312
vt 0.249454 0.218150
vt 0.257228 0.229185
vt 0.245400 0.223847
vt 0.241330 0.227675
vt 0.232539 0.222631
vt 0.246127 0.235021
vt 0.237443 0.231132
vt 0.229182 0.226345
vt 0.243429 0.238316
vt 0.233369 0.237131
vt 0.206734 0.735506
vt 0.258896 0.763274
vt 0.248213 0.769071
vt 0.268211 0.796134
vt 0.257898 0.801323
vt 0.258478 0.803811
vt 0.268983 0.799494
vt 0.266770 0.806059
vt 0.263226 0.807787
vt 0.108690 0.787680
vt 0.097029 0.802168
vt 0.108076 0.816458
vt 0.098416 0.826816
vt 0.105062 0.838979
vt 0.116326 0.833258
vt 0.098229 0.570854
vt 0.026406 0.804584
vt 0.027156 0.809006
vt 0.073766 0.580723
vt 0.062864 0.574014
vt 0.064054 0.572068
vt 0.076353 0.577906
vt 0.071136 0.581444
vt 0.061879 0.575659
vt 0.068144 0.582745
vt 0.043110 0.512540
vt 0.046354 0.507058
vt 0.049365 0.498593
vt 0.061618 0.520095
vt 0.062952 0.507861
vt 0.033651 0.567989
vt 0.037633 0.570507
vt 0.033144 0.575209
vt 0.037827 0.577811
vt 0.035758 0.576722
vt 0.037676 0.570096
vt 0.036201 0.583407
vt 0.153006 0.966862
vt 0.137503 0.961232
vt 0.020856 0.454523
vt 0.016859 0.443405
vt 0.045031 0.454380
vt 0.053696 0.452078
vt 0.048954 0.444989
vt 0.034195 0.447710
vt 0.026695 0.439037
vt 0.057705 0.443292
vt 0.059496 0.448720
vt 0.059164 0.450165
vt 0.069768 0.456604
vt 0.173326 0.501877
vt 0.191513 0.474769
vt 0.185255 0.480499
vt 0.176812 0.465165
vt 0.188703 0.467088
vt 0.177163 0.460450
vt 0.193751 0.463255
vt 0.064612 0.679481
vt 0.070610 0.673747
vt 0.225931 0.813983
vt 0.227302 0.816298
vt 0.212732 0.820820
vt 0.234661 0.826848
vt 0.209269 0.800882
vt 0.239201 0.825279
vt 0.310951 0.699706
vt 0.314656 0.697719
vt 0.312033 0.708649
vt 0.316232 0.709514
vt 0.320002 0.736401
vt 0.322333 0.735615
vt 0.342534 0.757583
vt 0.320784 0.744707
vt 0.322507 0.748768
vt 0.328001 0.767390
vt 0.333118 0.764409
vt 0.336412 0.765754
vt 0.352551 0.742894
vt 0.355628 0.738299
vt 0.360384 0.734152
s 1
usemtl Shoesmat
f 4/1/1 1347/2/2 2/3/3 1/4/4
f 1/4/4 2/3/3 1345/5/5 3/6/6
f 3/6/6 5/7/7 1/4/4
f 4/1/1 1/4/4 5/7/7 6/8/8
f 6/8/8 5/7/7 14/9/9
f 7/10/10 5/7/7 9/11/11
f 5/7/7 7/10/10 8/12/12
f 8/12/12 18/13/13 5/7/7
f 9/11/11 5/7/7 10/14/14
f 10/14/14 5/7/7 11/15/15
f 11/15/15 5/7/7 12/16/16
f 12/16/16 5/7/7 16/17/17
f 16/17/17 5/7/7 13/18/18
f 13/18/18 5/7/7 3/6/6
f 5/7/7 15/19/19 14/9/9
f 34/20/20 15/19/19 5/7/7
f 5/7/7 17/21/21 21/22/22
f 17/21/21 5/7/7 18/13/13
f 22/23/23 5/7/7 19/24/24
f 19/24/24 5/7/7 20/25/25
f 21/22/22 20/25/25 5/7/7
f 23/26/26 5/7/7 22/23/23
f 24/27/27 5/7/7 23/26/26
f 25/28/28 5/7/7 24/27/27
f 26/29/29 5/7/7 25/28/28
f 27/30/30 5/7/7 26/29/29
f 28/31/31 5/7/7 27/30/30
f 29/32/32 5/7/7 28/31/31
f 30/33/33 5/7/7 29/32/32
f 31/34/34 5/7/7 30/33/33
f 32/35/35 5/7/7 31/34/34
f 33/36/36 5/7/7 32/35/35
f 36/37/37 5/7/7 33/36/36
f 5/7/7 35/38/38 34/20/20
f 35/38/38 5/7/7 36/37/37
f 42/39/39 38/40/40 36/37/37 37/41/41
f 33/36/36 37/41/41 36/37/37
f 40/42/42 35/38/38 36/37/37 38/40/40
f 41/43/43 51/44/44 39/45/45 38/46/40
f 38/46/40 39/45/45 1353/47/46 40/48/42
f 42/49/39 41/43/43 38/46/40
f 41/43/43 42/49/39 43/50/47 45/51/48
f 43/52/47 42/39/39 37/41/41
f 37/41/41 44/53/49 43/52/47
f 43/50/47 44/54/49 45/51/48
f 45/51/48 44/54/49 47/55/50 46/56/51
f 46/56/51 49/57/52 41/43/43 45/51/48
f 46/56/51 47/55/50 93/58/53 48/59/54
f 49/57/52 46/56/51 48/59/54 50/60/55
f 50/60/55 52/61/56 51/44/44 49/57/52
f 41/43/43 49/57/52 51/44/44
f 55/62/57 53/63/58 51/44/44 52/61/56
f 39/45/45 51/44/44 53/63/58 54/64/59
f 54/64/59 53/63/58 57/65/60 58/66/61
f 56/67/62 53/63/58 55/62/57
f 53/63/58 56/67/62 59/68/63 57/65/60
f 58/66/61 57/65/60 60/69/64 61/70/65
f 57/65/60 59/68/63 60/69/64
f 62/71/66 1375/72/67 61/70/65 60/69/64
f 60/69/64 63/73/68 64/74/69 62/71/66
f 59/68/63 63/73/68 60/69/64
f 65/75/70 63/73/68 59/68/63 73/76/71
f 67/77/72 64/74/69 63/73/68 66/78/73
f 66/78/73 63/73/68 65/75/70
f 171/79/74 67/77/72 66/78/73 68/80/75
f 69/81/76 68/80/75 66/78/73
f 71/82/77 69/81/76 66/78/73 65/75/70
f 68/80/75 69/81/76 70/83/78
f 69/81/76 71/82/77 72/84/79 70/83/78
f 71/82/77 73/76/71 72/84/79
f 65/75/70 73/76/71 71/82/77
f 73/76/71 59/68/63 56/67/62 74/85/80
f 73/76/71 74/85/80 75/86/81
f 75/86/81 76/87/82 72/84/79 73/76/71
f 74/85/80 79/88/83 77/89/84 75/86/81
f 76/87/82 75/86/81 77/89/84
f 78/90/85 1611/91/86 76/87/82 77/89/84
f 80/92/87 78/90/85 77/89/84 79/88/83
f 55/62/57 79/88/83 74/85/80
f 79/88/83 55/62/57 81/93/88 80/92/87
f 81/93/88 84/94/89 82/95/90 80/92/87
f 80/92/87 82/95/90 78/90/85
f 82/95/90 83/96/91 1621/97/92 78/90/85
f 84/94/89 85/98/93 83/96/91 82/95/90
f 87/99/94 85/98/93 84/94/89 86/100/95
f 89/101/96 86/100/95 84/94/89 81/93/88
f 95/102/97 87/99/94 86/100/95 88/103/98
f 88/103/98 86/100/95 89/101/96 90/104/99
f 50/60/55 48/59/54 90/104/99 89/101/96
f 81/93/88 55/62/57 52/61/56 89/101/96
f 89/101/96 52/61/56 50/60/55
f 48/59/54 93/58/53 91/105/100 90/104/99
f 90/104/99 91/105/100 92/106/101 88/103/98
f 28/31/31 92/107/101 91/108/100 29/32/32
f 29/32/32 91/108/100 93/109/53 30/33/33
f 30/33/33 93/109/53 47/110/50 31/34/34
f 88/103/98 92/106/101 94/111/102 95/102/97
f 27/30/30 94/112/102 92/107/101 28/31/31
f 94/111/102 96/113/103 97/114/104 95/102/97
f 26/29/29 96/115/103 94/112/102 27/30/30
f 96/113/103 98/116/105 99/117/106 97/114/104
f 25/28/28 98/118/105 96/115/103 26/29/29
f 101/119/107 99/117/106 98/116/105 100/120/108
f 24/27/27 100/121/108 98/118/105 25/28/28
f 100/120/108 102/122/109 103/123/110 101/119/107
f 23/26/26 102/124/109 100/121/108 24/27/27
f 102/122/109 104/125/111 103/123/110
f 104/125/111 102/122/109 105/126/112
f 22/23/23 102/124/109 23/26/26
f 105/127/112 102/124/109 22/23/23
f 105/126/112 106/128/113 108/129/114 104/125/111
f 22/23/23 106/130/113 105/127/112
f 19/24/24 106/130/113 22/23/23
f 106/130/113 19/24/24 20/25/25 107/131/115
f 107/132/115 108/129/114 106/128/113
f 108/129/114 107/132/115 109/133/116
f 104/125/111 108/129/114 109/133/116 103/123/110
f 110/134/117 101/119/107 103/123/110 109/133/116
f 111/135/118 114/136/119 110/134/117 109/133/116
f 111/135/118 109/133/116 107/132/115 113/137/120
f 116/138/121 114/136/119 111/135/118 112/139/122
f 113/137/120 1369/140/123 112/139/122 111/135/118
f 110/134/117 114/136/119 115/141/124
f 114/136/119 116/138/121 117/142/125 115/141/124
f 112/139/122 1367/143/126 118/144/127 116/138/121
f 117/142/125 116/138/121 119/145/128 120/146/129
f 119/145/128 116/138/121 118/144/127
f 121/147/130 1623/148/131 120/146/129 119/145/128
f 119/145/128 118/144/127 123/149/132 122/150/133
f 119/145/128 122/150/133 121/147/130
f 124/151/134 122/150/133 123/149/132 127/152/135
f 121/147/130 122/150/133 124/151/134 125/153/136
f 125/153/136 124/151/134 126/154/137 1616/155/138
f 127/152/135 128/156/139 126/154/137 124/151/134
f 128/156/139 127/152/135 123/149/132 129/157/140
f 130/158/141 126/154/137 128/156/139 129/157/140
f 129/157/140 123/149/132 131/159/142
f 130/158/141 129/157/140 133/160/143 134/161/144
f 132/162/145 129/157/140 131/159/142
f 133/160/143 129/157/140 132/162/145
f 135/163/146 1617/164/147 134/161/144 133/160/143
f 137/165/148 133/160/143 132/162/145
f 135/163/146 133/160/143 136/166/149
f 136/166/149 133/160/143 137/165/148 139/167/150
f 138/168/151 137/165/148 141/169/152 143/170/153
f 137/165/148 138/168/151 139/167/150
f 997/171/154 140/172/155 137/165/148 132/162/145
f 140/172/155 142/173/156 141/169/152 137/165/148
f 142/173/156 145/174/157 144/175/158 141/169/152
f 141/169/152 144/175/158 143/170/153
f 147/176/159 143/170/153 144/175/158
f 145/174/157 146/177/160 144/175/158
f 146/177/160 149/178/161 147/176/159 144/175/158
f 143/170/153 147/176/159 148/179/162
f 147/176/159 149/178/161 148/179/162
f 149/178/161 150/180/163 148/179/162
f 150/180/163 149/178/161 146/177/160
f 151/181/164 150/180/163 146/177/160 217/182/165
f 150/180/163 151/181/164 152/183/166
f 152/183/166 156/184/167 148/179/162 150/180/163
f 152/183/166 153/185/168 158/186/169 156/184/167
f 154/187/170 153/185/168 152/183/166
f 155/188/171 1604/189/172 154/187/170 152/183/166
f 151/181/164 215/190/173 155/188/171 152/183/166
f 157/191/174 148/179/162 156/184/167
f 158/186/169 157/191/174 156/184/167
f 160/192/175 158/186/169 159/193/176
f 159/193/176 158/186/169 153/185/168
f 157/191/174 158/186/169 160/192/175 163/194/177
f 161/195/178 162/196/179 160/192/175
f 161/195/178 160/192/175 159/193/176 183/197/180
f 163/194/177 160/192/175 162/196/179
f 164/198/181 163/194/177 162/196/179 174/199/182
f 163/194/177 164/198/181 169/200/183 165/201/184
f 163/194/177 165/201/184 166/202/185 157/191/174
f 1609/203/186 166/202/185 165/201/184 167/204/187
f 168/205/188 167/204/187 165/201/184
f 168/205/188 165/201/184 169/200/183 171/79/74
f 170/206/189 171/79/74 169/200/183
f 172/207/190 170/206/189 169/200/183 164/198/181
f 171/79/74 170/206/189 67/77/72
f 171/79/74 68/80/75 1605/208/191 168/205/188
f 67/77/72 170/206/189 172/207/190 173/209/192
f 174/199/182 172/207/190 164/198/181
f 172/207/190 174/199/182 173/209/192
f 173/209/192 174/199/182 175/210/193 177/211/194
f 174/199/182 162/196/179 176/212/195 175/210/193
f 176/212/195 181/213/196 178/214/197 175/210/193
f 177/211/194 175/210/193 178/214/197 179/215/198
f 179/215/198 178/214/197 180/216/199
f 178/214/197 181/213/196 182/217/200 180/216/199
f 181/213/196 183/197/180 185/218/201 182/217/200
f 184/219/202 183/197/180 181/213/196
f 176/212/195 184/219/202 181/213/196
f 161/195/178 183/197/180 184/219/202
f 162/196/179 161/195/178 184/219/202 176/212/195
f 183/197/180 159/193/176 153/185/168 154/187/170
f 185/218/201 183/197/180 154/187/170
f 187/220/203 185/218/201 186/221/204
f 1604/189/172 186/221/204 185/218/201 154/187/170
f 185/218/201 187/220/203 182/217/200
f 188/222/205 187/220/203 189/223/206 192/224/207
f 187/220/203 188/222/205 182/217/200
f 186/221/204 189/223/206 187/220/203
f 192/224/207 189/223/206 190/225/208 194/226/209
f 190/225/208 189/223/206 191/227/210 206/228/211
f 186/221/204 214/229/212 191/227/210 189/223/206
f 188/222/205 192/224/207 193/230/213 1603/231/214
f 195/230/215 193/230/213 192/224/207 194/226/209
f 194/226/209 196/232/216 197/233/217 195/230/215
f 190/225/208 200/234/218 196/232/216 194/226/209
f 198/235/219 714/236/220 197/233/217 196/232/216
f 199/237/221 198/235/219 196/232/216
f 196/232/216 200/234/218 201/238/222 199/237/221
f 200/234/218 202/239/223 205/240/224 201/238/222
f 206/228/211 202/239/223 200/234/218 190/225/208
f 202/239/223 203/241/225 205/240/224
f 204/242/226 235/243/227 203/241/225 202/239/223
f 204/242/226 202/239/223 206/228/211
f 204/242/226 206/228/211 207/244/228 210/245/229
f 206/228/211 191/227/210 211/246/230 207/244/228
f 211/246/230 208/247/231 207/244/228
f 207/244/228 208/247/231 224/248/232 209/249/233
f 209/249/233 210/245/229 207/244/228
f 211/246/230 213/250/234 212/251/235
f 211/246/230 212/251/235 223/252/236 208/247/231
f 214/229/212 213/250/234 211/246/230 191/227/210
f 216/253/237 212/251/235 213/250/234
f 215/190/173 213/250/234 214/229/212 155/188/171
f 215/190/173 216/253/237 213/250/234
f 212/251/235 216/253/237 217/182/165 218/254/238
f 217/182/165 216/253/237 215/190/173 151/181/164
f 217/182/165 219/255/239 218/254/238
f 217/182/165 146/177/160 145/174/157 219/255/239
f 221/256/240 219/255/239 220/257/241
f 140/172/155 220/257/241 219/255/239 142/173/156
f 145/174/157 142/173/156 219/255/239
f 219/255/239 221/256/240 218/254/238
f 222/258/242 223/252/236 218/254/238 221/256/240
f 222/258/242 221/256/240 209/249/233 224/248/232
f 221/256/240 220/257/241 225/259/243 209/249/233
f 224/248/232 208/247/231 223/252/236 222/258/242
f 223/252/236 212/251/235 218/254/238
f 225/259/243 220/257/241 140/172/155 227/260/244
f 226/261/245 209/249/233 225/259/243
f 230/262/246 226/261/245 225/259/243 227/260/244
f 227/260/244 140/172/155 997/171/154 228/263/247
f 228/263/247 261/264/248 229/265/249 227/260/244
f 229/265/249 230/262/246 227/260/244
f 226/261/245 230/262/246 231/266/250 210/245/229
f 230/262/246 229/265/249 233/267/251 231/266/250
f 210/245/229 231/266/250 232/268/252
f 233/267/251 234/269/253 232/268/252 231/266/250
f 234/269/253 233/267/251 235/243/227
f 233/267/251 229/265/249 236/270/254 235/243/227
f 1602/271/255 234/269/253 235/243/227 204/242/226
f 235/243/227 236/270/254 237/272/256 203/241/225
f 238/273/257 236/270/254 229/265/249 240/274/258
f 238/273/257 239/275/259 237/272/256 236/270/254
f 239/275/259 238/273/257 241/276/260
f 238/273/257 240/274/258 242/277/261 241/276/260
f 241/276/260 242/277/261 245/278/262 243/279/263
f 243/279/263 239/275/259 241/276/260
f 243/279/263 244/280/264 251/281/265 247/282/266
f 245/278/262 244/280/264 243/279/263
f 239/275/259 243/279/263 246/283/267
f 247/282/266 248/284/268 246/283/267 243/279/263
f 248/284/268 247/282/266 249/285/269
f 1593/286/270 249/285/269 247/282/266 250/287/271
f 251/281/265 252/288/272 250/287/271 247/282/266
f 252/288/272 251/281/265 253/289/273
f 251/281/265 244/280/264 253/289/273
f 253/289/273 254/290/274 255/291/275 252/288/272
f 244/280/264 245/278/262 254/290/274 253/289/273
f 256/292/276 258/293/277 255/291/275 254/290/274
f 254/290/274 245/278/262 242/277/261 256/292/276
f 257/294/278 256/292/276 259/295/279 262/296/280
f 256/292/276 257/294/278 258/293/277
f 240/274/258 261/264/248 259/295/279 256/292/276
f 256/292/276 242/277/261 240/274/258
f 262/296/280 259/295/279 260/297/281 264/298/282
f 992/299/283 260/297/281 259/295/279 261/264/248
f 265/300/284 263/301/285 262/296/280
f 262/296/280 263/301/285 257/294/278
f 264/298/282 266/302/286 265/300/284 262/296/280
f 266/302/286 272/303/287 270/304/288 265/300/284
f 1595/305/289 263/301/285 265/300/284 267/306/290
f 267/306/290 265/300/284 268/307/291
f 265/300/284 269/308/292 268/307/291
f 273/309/293 269/308/292 265/300/284 270/304/288
f 270/304/288 271/310/294 275/311/295 274/312/296
f 328/313/297 271/310/294 270/304/288 272/303/287
f 273/309/293 270/304/288 274/312/296
f 274/312/296 275/311/295 276/314/298
f 277/315/299 274/312/296 276/314/298 278/316/300
f 274/312/296 277/315/299 273/309/293
f 280/317/301 279/318/302 277/315/299 278/316/300
f 273/309/293 277/315/299 279/318/302 269/308/292
f 279/318/302 268/307/291 269/308/292
f 282/319/303 268/307/291 279/318/302 280/317/301
f 281/320/304 285/321/305 283/322/306 280/317/301
f 281/320/304 280/317/301 278/316/300 312/323/307
f 283/322/306 282/319/303 280/317/301
f 284/324/308 282/319/303 283/322/306
f 284/324/308 283/322/306 285/321/305 287/325/309
f 285/321/305 281/320/304 304/326/310 286/327/311
f 288/328/312 287/325/309 285/321/305 286/327/311
f 284/324/308 287/325/309 289/329/313
f 287/325/309 288/328/312 289/329/313
f 284/324/308 289/329/313 290/330/314 1597/331/315
f 292/332/316 290/330/314 289/329/313
f 291/333/317 292/332/316 289/329/313
f 288/328/312 299/334/318 291/333/317 289/329/313
f 292/332/316 293/335/319 1598/336/320 290/330/314
f 294/337/321 293/335/319 292/332/316
f 295/338/322 294/337/321 292/332/316
f 291/333/317 298/339/323 295/338/322 292/332/316
f 294/337/321 295/338/322 296/340/324 1591/341/325
f 295/338/322 297/342/326 296/340/324
f 301/343/327 297/342/326 295/338/322 298/339/323
f 301/343/327 298/339/323 299/334/318
f 300/344/328 299/334/318 298/339/323
f 300/344/328 298/339/323 291/333/317
f 683/345/329 297/342/326 301/343/327 302/346/330
f 303/347/331 305/348/332 302/346/330 301/343/327
f 303/347/331 301/343/327 299/334/318 288/328/312
f 303/347/331 304/326/310 307/349/333 305/348/332
f 286/327/311 304/326/310 303/347/331
f 303/347/331 288/328/312 286/327/311
f 306/350/334 677/351/335 302/346/330 305/348/332
f 306/350/334 305/348/332 307/349/333
f 308/352/336 309/353/337 306/350/334 307/349/333
f 304/326/310 311/354/338 308/352/336 307/349/333
f 309/353/337 308/352/336 310/355/339
f 313/356/340 310/355/339 308/352/336 311/354/338
f 311/354/338 312/323/307 314/357/341 313/356/340
f 312/323/307 311/354/338 304/326/310 281/320/304
f 315/358/342 313/356/340 314/357/341 318/359/343
f 315/358/342 310/355/339 313/356/340
f 318/359/343 319/360/344 316/361/345 315/358/342
f 315/358/342 316/361/345 1518/362/346 317/363/347
f 310/355/339 315/358/342 317/363/347 309/353/337
f 275/311/295 321/364/348 319/360/344 318/359/343
f 318/359/343 314/357/341 276/314/298 275/311/295
f 319/360/344 320/365/349 1520/366/350 316/361/345
f 321/364/348 322/367/351 320/365/349 319/360/344
f 324/368/352 322/367/351 321/364/348 323/369/353
f 323/369/353 321/364/348 275/311/295 271/310/294
f 326/370/354 324/368/352 323/369/353 325/371/355
f 325/371/355 323/369/353 271/310/294 328/313/297
f 522/372/356 326/370/354 325/371/355 327/373/357
f 327/373/357 325/371/355 328/313/297 329/374/358
f 329/374/358 328/313/297 272/303/287 330/375/359
f 329/374/358 330/375/359 332/376/360 331/377/361
f 327/373/357 329/374/358 331/377/361 333/378/362
f 331/377/361 332/376/360 335/379/363 334/380/364
f 333/378/362 331/377/361 334/380/364 337/381/365
f 336/382/366 334/380/364 335/379/363 930/383/367
f 336/382/366 339/384/368 337/381/365 334/380/364
f 521/385/369 333/378/362 337/381/365 338/386/370
f 337/381/365 339/384/368 340/387/371 338/386/370
f 341/388/372 1571/389/373 340/387/371 339/384/368
f 341/390/372 339/391/368 342/392/374 343/393/375
f 345/394/376 342/392/374 339/391/368 336/395/366
f 343/393/375 342/392/374 344/396/377
f 342/392/374 345/394/376 344/396/377
f 346/397/378 982/398/379 348/399/380 345/394/376
f 336/395/366 984/400/381 346/397/378 345/394/376
f 345/394/376 347/401/382 351/402/383 350/403/384
f 348/399/380 952/404/385 347/401/382 345/394/376
f 345/394/376 349/405/386 344/396/377
f 350/403/384 349/405/386 345/394/376
f 350/403/384 351/402/383 953/406/387 352/407/388
f 350/403/384 352/407/388 353/408/389
f 350/403/384 353/408/389 356/409/390 349/405/386
f 352/407/388 954/410/391 354/411/392 353/408/389
f 353/408/389 354/411/392 955/412/393 355/413/394
f 356/409/390 353/408/389 355/413/394 360/414/395
f 349/405/386 356/409/390 357/415/396
f 357/415/396 356/409/390 358/416/397 1579/417/398
f 358/416/397 356/409/390 359/418/399 1580/419/400
f 360/414/395 359/418/399 356/409/390
f 359/418/399 360/414/395 361/420/401 468/421/402
f 361/420/401 360/414/395 362/422/403 474/423/404
f 365/424/405 366/425/406 362/422/403 360/414/395
f 360/414/395 363/426/407 365/424/405
f 364/427/408 368/428/409 363/426/407 360/414/395
f 364/427/408 360/414/395 355/413/394 978/429/410
f 363/426/407 368/428/409 366/425/406 365/424/405
f 370/430/411 362/422/403 366/425/406 367/431/412
f 368/428/409 369/432/413 367/431/412 366/425/406
f 370/430/411 369/432/413 368/428/409 364/427/408
f 370/430/411 367/431/412 369/432/413
f 371/433/414 370/430/411 374/434/415 1590/435/416
f 370/430/411 371/433/414 372/436/417
f 362/422/403 370/430/411 372/436/417 474/423/404
f 373/437/418 370/430/411 376/438/419 377/439/420
f 370/430/411 373/437/418 374/434/415
f 375/440/421 370/430/411 364/427/408 978/429/410
f 375/440/421 380/441/422 376/438/419 370/430/411
f 1590/435/416 377/439/420 376/438/419 371/433/414
f 439/442/423 371/433/414 376/438/419 378/443/424
f 376/438/419 379/444/425 438/445/426 378/443/424
f 385/446/427 379/444/425 376/438/419 380/441/422
f 380/441/422 381/447/428 972/448/429 383/449/430
f 975/450/431 381/447/428 380/441/422 382/451/432
f 382/451/432 380/441/422 375/440/421 977/452/433
f 380/441/422 383/449/430 384/453/434
f 384/453/434 387/454/435 385/446/427 380/441/422
f 389/455/436 385/446/427 386/456/437
f 387/454/435 971/457/438 386/456/437 385/446/427
f 388/458/439 379/444/425 385/446/427
f 389/455/436 390/459/440 388/458/439 385/446/427
f 390/459/440 389/455/436 391/460/441 394/461/442
f 386/456/437 393/462/443 391/460/441 389/455/436
f 394/461/442 391/460/441 392/463/444 396/464/445
f 393/462/443 876/465/446 392/463/444 391/460/441
f 390/459/440 394/461/442 395/466/447 388/458/439
f 398/467/448 395/466/447 394/461/442 396/464/445
f 396/464/445 392/463/444 876/465/446 397/468/449
f 396/464/445 397/468/449 398/467/448
f 401/469/450 398/467/448 399/470/451 405/471/452
f 397/468/449 410/472/453 399/470/451 398/467/448
f 398/467/448 400/473/454 408/474/455 395/466/447
f 401/469/450 406/475/456 400/473/454 398/467/448
f 402/476/457 404/477/458 401/478/450
f 402/476/457 401/478/450 403/479/459 1483/480/460
f 401/478/450 405/481/452 409/482/461 403/479/459
f 404/477/458 407/483/462 406/484/456 401/478/450
f 400/473/454 406/475/456 407/485/462 408/474/455
f 408/474/455 407/485/462 404/486/458 395/466/447
f 405/471/452 399/470/451 410/472/453 409/487/461
f 409/487/461 410/472/453 397/468/449 403/488/459
f 411/489/463 414/490/464 412/491/465 404/477/458
f 417/492/466 411/489/463 404/477/458 402/476/457
f 412/493/465 413/494/467 395/466/447 404/486/458
f 413/494/467 412/493/465 414/495/464 415/496/468
f 411/497/463 388/458/439 415/496/468 414/495/464
f 395/466/447 413/494/467 415/496/468 388/458/439
f 416/498/469 379/444/425 388/458/439 411/497/463
f 419/499/470 416/500/469 411/489/463 417/492/466
f 418/501/471 420/502/472 419/499/470 417/492/466
f 1481/503/473 418/501/471 417/492/466 402/476/457
f 420/502/472 422/504/474 421/505/475 419/499/470
f 421/505/475 423/506/476 416/500/469 419/499/470
f 422/504/474 426/507/477 424/508/478 421/505/475
f 424/508/478 428/509/479 423/506/476 421/505/475
f 425/510/480 625/511/481 427/512/482 424/508/478
f 426/507/477 666/513/483 425/510/480 424/508/478
f 424/508/478 427/512/482 428/509/479
f 427/512/482 1583/514/484 430/515/485 428/509/479
f 428/509/479 429/516/486 1586/517/487 423/506/476
f 432/518/488 429/519/486 428/520/479 431/521/489
f 431/521/489 428/520/479 430/522/485 434/523/490
f 433/524/491 1585/525/492 432/518/488 431/521/489
f 433/524/491 431/521/489 437/526/493 438/445/426
f 431/521/489 434/523/490 1582/527/494 435/528/495
f 431/521/489 435/528/495 441/529/496 436/530/497
f 436/530/497 440/531/498 371/433/414 431/521/489
f 431/521/489 371/433/414 439/442/423 437/526/493
f 437/526/493 378/443/424 438/445/426
f 439/442/423 378/443/424 437/526/493
f 438/445/426 379/444/425 433/524/491
f 441/529/496 442/532/499 440/531/498 436/530/497
f 435/528/495 443/533/500 442/532/499 441/529/496
f 371/433/414 440/531/498 442/532/499 443/533/500
f 435/528/495 445/534/501 443/533/500
f 443/533/500 449/535/502 371/433/414
f 443/533/500 444/536/503 617/537/504 450/538/505
f 445/534/501 620/539/506 444/536/503 443/533/500
f 473/540/507 449/535/502 443/533/500 446/541/508
f 446/541/508 443/533/500 447/542/509
f 447/542/509 443/533/500 448/543/510
f 443/533/500 451/544/511 448/543/510
f 450/538/505 451/544/511 443/533/500
f 447/542/509 448/543/510 451/544/511 452/545/512
f 454/546/513 452/545/512 451/544/511 450/538/505
f 471/547/514 447/542/509 452/545/512 453/548/515
f 453/548/515 452/545/512 454/546/513 456/549/516
f 450/538/505 654/550/517 455/551/518 454/546/513
f 454/546/513 455/551/518 457/552/519 456/549/516
f 456/549/516 457/552/519 459/553/520 458/554/521
f 458/554/521 460/555/522 453/548/515 456/549/516
f 461/556/523 458/554/521 459/553/520 652/557/524
f 460/555/522 458/554/521 463/558/525
f 458/554/521 461/556/523 462/559/526
f 466/560/527 463/558/525 458/554/521 462/559/526
f 467/561/528 463/558/525 464/562/529
f 464/562/529 463/558/525 465/563/530 1578/564/531
f 465/563/530 463/558/525 466/560/527
f 463/558/525 467/561/528 470/565/532 460/555/522
f 468/421/402 467/561/528 359/418/399
f 467/561/528 468/421/402 472/566/533 469/567/534
f 470/565/532 467/561/528 469/567/534 471/547/514
f 1580/419/400 359/418/399 467/561/528 464/562/529
f 460/555/522 470/565/532 471/547/514 453/548/515
f 469/567/534 446/541/508 447/542/509 471/547/514
f 472/566/533 473/540/507 446/541/508 469/567/534
f 474/423/404 372/436/417 473/540/507 472/566/533
f 468/421/402 361/420/401 474/423/404 472/566/533
f 372/436/417 1581/568/535 449/535/502 473/540/507
f 466/560/527 462/559/526 478/569/536 475/570/537
f 475/570/537 476/571/538 465/563/530 466/560/527
f 1568/572/539 476/571/538 475/570/537 477/573/540
f 478/569/536 480/574/541 477/573/540 475/570/537
f 479/575/542 481/576/543 480/574/541 478/569/536
f 479/575/542 478/569/536 462/559/526 461/556/523
f 482/577/544 477/573/540 480/574/541 481/576/543
f 483/578/545 1567/579/546 482/577/544 481/576/543
f 483/578/545 481/576/543 487/580/547 1565/581/548
f 481/576/543 479/575/542 1549/582/549 484/583/550
f 481/576/543 484/583/550 1550/584/551 485/585/552
f 486/586/553 481/576/543 485/585/552 492/587/554
f 481/576/543 486/586/553 489/588/555
f 487/580/547 481/576/543 488/589/556
f 488/589/556 481/576/543 489/588/555
f 488/589/556 489/588/555 490/590/557
f 489/588/555 486/586/553 490/590/557
f 488/591/556 490/592/557 491/593/558 487/594/547
f 492/587/554 493/595/559 491/596/558 490/590/557
f 490/590/557 486/586/553 492/587/554
f 485/585/552 493/595/559 492/587/554
f 495/597/560 491/596/558 493/595/559
f 493/595/559 485/585/552 1545/598/561 494/599/562
f 494/599/562 495/597/560 493/595/559
f 494/599/562 1543/600/563 496/601/564 495/597/560
f 566/602/565 497/603/566 495/597/560 496/601/564
f 495/604/560 497/605/566 502/606/567 499/607/568
f 495/604/560 498/608/569 519/609/570 491/593/558
f 498/608/569 495/604/560 499/607/568
f 500/610/571 499/611/568 502/612/567
f 499/611/568 500/610/571 568/613/572 501/614/573
f 503/615/574 499/611/568 501/614/573 504/616/575
f 499/607/568 503/617/574 505/618/576 498/608/569
f 503/615/574 504/616/575 511/619/577 506/620/578
f 513/621/579 505/618/576 503/617/574 506/622/578
f 513/621/579 506/622/578 507/623/580
f 507/623/580 506/622/578 508/624/581
f 506/620/578 509/625/582 1559/626/583 508/627/581
f 509/625/582 506/620/578 512/628/584
f 510/629/585 512/628/584 506/620/578
f 511/619/577 572/630/586 510/629/585 506/620/578
f 505/618/576 513/621/579 514/631/587 517/632/588
f 507/623/580 515/633/589 514/631/587 513/621/579
f 514/631/587 515/633/589 523/634/590 516/635/591
f 516/635/591 518/636/592 517/632/588 514/631/587
f 517/632/588 518/636/592 520/637/593 519/609/570
f 505/618/576 517/632/588 519/609/570 498/608/569
f 520/637/593 487/594/547 491/593/558 519/609/570
f 338/386/370 340/387/371 487/594/547 520/637/593
f 518/636/592 521/385/369 338/386/370 520/637/593
f 516/635/591 522/372/356 521/385/369 518/636/592
f 522/372/356 327/373/357 333/378/362 521/385/369
f 516/635/591 523/634/590 326/370/354 522/372/356
f 523/634/590 524/638/594 324/368/352 326/370/354
f 515/633/589 526/639/595 524/638/594 523/634/590
f 524/638/594 525/640/596 322/367/351 324/368/352
f 526/639/595 527/641/597 525/640/596 524/638/594
f 528/642/598 529/643/599 527/641/597 526/639/595
f 528/642/598 526/639/595 515/633/589 507/623/580
f 530/644/600 531/645/601 529/643/599 528/642/598
f 533/646/602 530/644/600 528/642/598 507/623/580
f 1526/647/603 531/645/601 530/644/600 532/648/604
f 536/649/605 532/648/604 530/644/600 533/646/602
f 508/624/581 534/650/606 533/646/602 507/623/580
f 533/646/602 534/650/606 535/651/607
f 533/646/602 535/651/607 540/652/608 536/649/605
f 538/653/609 1529/654/610 537/655/611 536/649/605
f 536/649/605 537/655/611 1524/656/612 532/648/604
f 536/649/605 539/657/613 538/653/609
f 536/649/605 540/652/608 542/658/614 539/657/613
f 540/659/608 541/660/615 546/661/616 542/662/614
f 541/660/615 540/659/608 535/663/607 548/664/617
f 543/665/618 539/657/613 542/658/614
f 1564/666/619 543/667/618 542/662/614 544/668/620
f 544/668/620 542/662/614 545/669/621 1563/670/622
f 545/669/621 542/662/614 546/661/616 547/671/623
f 547/671/623 546/661/616 541/660/615 548/664/617
f 548/664/617 550/672/624 549/673/625 547/671/623
f 549/673/625 551/674/626 545/669/621 547/671/623
f 551/674/626 549/673/625 550/672/624 534/675/606
f 551/674/626 534/675/606 1561/676/627 552/677/628
f 551/674/626 552/677/628 555/678/629 554/679/630
f 1563/670/622 545/669/621 551/674/626 553/680/631
f 558/681/632 553/680/631 551/674/626 554/679/630
f 1552/682/633 560/683/634 554/679/630 555/678/629
f 556/684/635 554/679/630 561/685/636
f 554/679/630 556/684/635 1539/686/637 557/687/638
f 559/688/639 554/679/630 557/687/638 1538/689/640
f 558/681/632 554/679/630 559/688/639 1562/690/641
f 561/685/636 554/679/630 560/683/634
f 561/685/636 562/691/642 573/692/643 556/684/635
f 562/691/642 561/685/636 563/693/644 566/602/565
f 560/683/634 564/694/645 563/693/644 561/685/636
f 564/694/645 565/695/646 563/693/644
f 565/695/646 500/610/571 502/612/567 563/693/644
f 563/693/644 502/612/567 497/603/566 566/602/565
f 566/602/565 496/601/564 573/692/643 562/691/642
f 567/696/647 568/613/572 500/610/571 565/695/646
f 564/694/645 569/697/648 567/696/647 565/695/646
f 568/613/572 567/696/647 569/697/648 570/698/649
f 570/698/649 569/697/648 571/699/650 572/630/586
f 569/697/648 564/694/645 560/683/634 571/699/650
f 510/629/585 572/630/586 571/699/650 560/683/634
f 504/616/575 570/698/649 572/630/586 511/619/577
f 501/614/573 568/613/572 570/698/649 504/616/575
f 574/700/651 1541/701/652 556/684/635 573/692/643
f 574/700/651 573/692/643 578/702/653 579/703/654
f 573/692/643 575/704/655 662/705/656 577/706/657
f 576/707/658 1542/708/659 575/704/655 573/692/643
f 576/707/658 573/692/643 496/601/564 1543/600/563
f 578/702/653 573/692/643 577/706/657 580/709/660
f 578/702/653 581/710/661 585/711/662 579/703/654
f 586/712/663 581/710/661 578/702/653 580/709/660
f 581/713/661 582/714/664 588/715/665
f 583/716/666 1532/717/667 582/718/664 581/710/661
f 581/710/661 584/719/668 1531/720/669 583/716/666
f 663/721/670 584/719/668 581/710/661 586/712/663
f 587/722/671 1533/723/672 585/724/662 581/713/661
f 588/715/665 587/722/671 581/713/661
f 588/715/665 590/725/673 589/726/674
f 588/715/665 589/726/674 538/653/609
f 539/657/613 587/727/671 588/715/665 538/653/609
f 588/715/665 582/714/664 590/725/673
f 591/728/675 596/729/676 592/730/677 590/725/673
f 582/714/664 591/728/675 590/725/673
f 590/725/673 592/730/677 593/731/678 589/726/674
f 593/731/678 592/730/677 594/732/679 664/733/680
f 628/734/681 594/732/679 592/730/677 595/735/682
f 595/735/682 592/730/677 596/729/676
f 591/728/675 598/736/683 597/737/684 596/729/676
f 600/738/685 595/735/682 596/729/676 597/737/684
f 597/739/684 598/740/683 659/741/686 599/742/687
f 597/739/684 599/742/687 601/743/688 600/744/685
f 595/745/682 600/744/685 601/743/688
f 599/742/687 603/746/689 601/743/688
f 595/745/682 601/743/688 602/747/690
f 601/743/688 603/746/689 602/747/690
f 603/746/689 599/742/687 657/748/691 604/749/692
f 603/746/689 604/749/692 606/750/693 605/751/694
f 603/746/689 605/751/694 607/752/695 602/747/690
f 608/753/696 607/752/695 605/751/694 606/750/693
f 607/752/695 608/753/696 610/754/697 602/747/690
f 609/755/698 608/753/696 606/750/693 642/756/699
f 608/753/696 609/755/698 611/757/700 610/754/697
f 614/758/701 611/757/700 609/755/698
f 611/757/700 614/758/701 637/759/702 612/760/703
f 611/757/700 612/760/703 655/761/704 613/762/705
f 615/763/706 611/757/700 613/762/705
f 615/763/706 616/764/707 602/747/690 611/757/700
f 616/764/707 615/763/706 617/537/504 618/765/708
f 613/762/705 450/538/505 617/537/504 615/763/706
f 618/765/708 617/537/504 444/536/503 620/539/506
f 619/766/709 623/767/710 616/764/707 618/765/708
f 619/766/709 618/765/708 620/539/506 445/534/501
f 621/768/711 626/769/712 624/770/713 619/766/709
f 445/534/501 636/771/714 621/768/711 619/766/709
f 622/772/715 619/766/709 624/770/713 627/773/716
f 619/766/709 622/772/715 634/774/717 623/767/710
f 425/510/480 594/732/679 624/775/713 625/511/481
f 625/511/481 624/775/713 626/776/712 635/777/718
f 628/734/681 629/778/719 627/779/716 624/775/713
f 628/734/681 624/775/713 594/732/679
f 595/735/682 632/780/720 630/781/721 628/734/681
f 628/782/681 623/767/710 634/774/717 629/783/719
f 630/784/721 631/785/722 623/767/710 628/782/681
f 631/785/722 630/784/721 632/786/720 633/787/723
f 633/787/723 632/786/720 595/745/682 602/747/690
f 623/767/710 631/785/722 633/787/723 602/747/690
f 622/772/715 627/773/716 629/783/719 634/774/717
f 636/771/714 635/788/718 626/769/712 621/768/711
f 636/771/714 445/534/501 625/789/481 635/788/718
f 427/790/482 625/789/481 435/528/495
f 625/789/481 445/534/501 435/528/495
f 623/767/710 602/747/690 616/764/707
f 638/791/724 641/792/725 637/759/702 614/758/701
f 609/755/698 642/756/699 638/791/724 614/758/701
f 575/704/655 638/791/724 639/793/726
f 639/793/726 638/791/724 640/794/727 656/795/728
f 604/749/692 657/748/691 640/794/727 638/791/724
f 604/749/692 638/791/724 642/756/699 606/750/693
f 638/791/724 575/704/655 641/792/725
f 643/796/729 647/797/730 637/759/702 641/792/725
f 641/792/725 644/798/731 646/799/732 643/796/729
f 644/798/731 641/792/725 645/800/733
f 641/792/725 575/704/655 645/800/733
f 644/798/731 645/800/733 646/799/732
f 645/800/733 575/704/655 646/799/732
f 648/801/734 643/796/729 646/799/732 461/556/523
f 461/556/523 646/799/732 575/704/655
f 649/802/735 647/797/730 643/796/729 648/801/734
f 649/802/735 648/801/734 650/803/736 651/804/737
f 461/556/523 652/557/524 650/803/736 648/801/734
f 457/552/519 455/551/518 651/804/737 650/803/736
f 650/803/736 652/557/524 459/553/520 457/552/519
f 613/762/705 649/802/735 651/804/737 653/805/738
f 455/551/518 654/550/517 653/805/738 651/804/737
f 450/538/505 613/762/705 653/805/738 654/550/517
f 613/762/705 655/761/704 647/797/730 649/802/735
f 647/797/730 655/761/704 612/760/703 637/759/702
f 657/748/691 658/806/739 656/795/728 640/794/727
f 599/742/687 659/741/686 658/806/739 657/748/691
f 660/807/740 658/806/739 659/741/686 584/719/668
f 639/793/726 656/795/728 658/806/739 660/807/740
f 663/721/670 661/808/741 660/807/740 584/719/668
f 662/705/656 639/793/726 660/807/740 661/808/741
f 580/709/660 577/706/657 662/705/656 661/808/741
f 661/808/741 663/721/670 586/712/663 580/709/660
f 662/705/656 575/704/655 639/793/726
f 584/719/668 659/741/686 598/740/683 591/809/675
f 425/510/480 666/513/483 664/733/680 594/732/679
f 593/731/678 664/733/680 665/810/742 1529/654/610
f 665/810/742 664/733/680 666/513/483 667/811/743
f 667/811/743 666/513/483 426/507/477 669/812/744
f 667/811/743 668/813/745 1523/814/746 665/810/742
f 669/812/744 670/815/747 668/813/745 667/811/743
f 673/816/748 670/815/747 669/812/744 671/817/749
f 669/812/744 426/507/477 422/504/474 671/817/749
f 671/817/749 422/504/474 420/502/472 672/818/750
f 671/817/749 672/818/750 674/819/751 673/816/748
f 317/363/347 1518/362/346 670/815/747 673/816/748
f 317/363/347 673/816/748 674/819/751 676/820/752
f 675/821/753 676/820/752 674/819/751
f 1482/822/754 675/821/753 674/819/751 672/818/750
f 309/353/337 317/363/347 676/820/752
f 677/351/335 306/350/334 676/820/752
f 675/821/753 678/823/755 677/351/335 676/820/752
f 306/350/334 309/353/337 676/820/752
f 677/351/335 678/823/755 1479/824/756 679/825/757
f 681/826/758 680/827/759 677/351/335 679/825/757
f 680/827/759 302/346/330 677/351/335
f 680/827/759 681/826/758 1517/828/760 682/829/761
f 683/345/329 680/827/759 682/829/761 684/830/762
f 302/346/330 680/827/759 683/345/329
f 684/830/762 686/831/763 297/342/326 683/345/329
f 685/832/764 687/833/765 686/831/763 684/830/762
f 1517/828/760 685/832/764 684/830/762 682/829/761
f 249/285/269 1591/341/325 296/340/324 686/831/763
f 690/834/766 249/285/269 686/831/763 687/833/765
f 296/340/324 297/342/326 686/831/763
f 687/833/765 688/835/767 691/836/768 690/834/766
f 689/837/769 688/835/767 687/833/765
f 685/832/764 1505/838/770 689/837/769 687/833/765
f 691/836/768 694/839/771 692/840/772 690/834/766
f 692/840/772 696/841/773 248/284/268 690/834/766
f 690/834/766 248/284/268 249/285/269
f 693/842/774 1503/843/775 695/844/776 692/840/772
f 694/839/771 693/842/774 692/840/772
f 695/844/776 697/845/777 696/841/773 692/840/772
f 697/845/777 701/846/778 699/847/779 696/841/773
f 698/848/780 1511/849/781 248/284/268 696/841/773
f 699/847/779 698/848/780 696/841/773
f 1507/850/782 698/848/780 699/847/779 700/851/783
f 701/846/778 702/852/784 700/851/783 699/847/779
f 702/852/784 701/846/778 697/845/777 703/853/785
f 700/851/783 702/852/784 703/853/785 704/854/786
f 706/855/787 703/853/785 697/845/777
f 705/856/788 718/857/789 704/854/786 703/853/785
f 703/853/785 706/855/787 709/858/790 705/856/788
f 1502/859/791 708/860/792 706/855/787 707/861/793
f 707/861/793 706/855/787 697/845/777 695/844/776
f 708/860/792 710/862/794 709/858/790 706/855/787
f 709/858/790 710/862/794 712/863/795 705/856/788
f 710/862/794 711/864/796 714/236/220 712/863/795
f 708/860/792 720/865/797 711/864/796 710/862/794
f 705/856/788 712/863/795 713/866/798 718/857/789
f 714/236/220 198/235/219 713/866/798 712/863/795
f 714/236/220 711/864/796 715/867/799
f 714/236/220 715/867/799 716/868/800 197/233/217
f 716/868/800 715/867/799 177/211/194 179/215/198
f 715/867/799 711/864/796 721/869/801 177/211/194
f 195/230/215 197/233/217 716/868/800
f 195/230/215 716/868/800 179/215/198 180/216/199
f 199/237/221 717/870/802 713/866/798 198/235/219
f 713/866/798 717/870/802 718/857/789
f 201/238/222 718/857/789 717/870/802
f 718/857/789 201/238/222 1506/871/803 704/854/786
f 201/238/222 717/870/802 199/237/221
f 711/864/796 719/872/804 722/873/805 721/869/801
f 720/865/797 1478/874/806 719/872/804 711/864/796
f 721/869/801 722/873/805 62/71/66 64/74/69
f 173/209/192 177/211/194 721/869/801 64/74/69
f 726/875/807 62/71/66 722/873/805 723/876/808
f 723/876/808 722/873/805 719/872/804 725/877/809
f 724/878/810 728/879/811 726/875/807 723/876/808
f 1473/880/812 724/878/810 723/876/808 725/877/809
f 726/875/807 727/881/813 1375/72/67 62/71/66
f 727/881/813 726/875/807 728/879/811 729/882/814
f 730/883/815 733/884/816 729/882/814 728/879/811
f 732/885/817 730/883/815 728/879/811 724/878/810
f 730/883/815 731/886/818 734/887/819 733/884/816
f 732/885/817 851/888/820 731/886/818 730/883/815
f 736/889/821 729/882/814 733/884/816 735/890/822
f 735/890/822 733/884/816 734/887/819 738/891/823
f 1235/892/824 736/889/821 735/890/822 737/893/825
f 737/893/825 735/890/822 738/891/823 739/894/826
f 739/894/826 738/891/823 740/895/827 741/896/828
f 734/887/819 740/895/827 738/891/823
f 741/896/828 740/895/827 745/897/829 1228/898/830
f 742/899/831 1227/900/832 745/901/829 740/902/827
f 743/903/833 1491/904/834 742/899/831 740/902/827
f 740/895/827 744/905/835 1493/906/836 743/907/833
f 740/895/827 746/908/837 744/905/835
f 740/895/827 734/887/819 746/908/837
f 749/909/838 746/910/837 747/911/839
f 734/887/819 731/886/818 747/912/839 746/908/837
f 748/913/840 744/914/835 746/910/837
f 748/913/840 746/910/837 749/909/838
f 750/915/841 755/916/842 753/917/843 749/909/838
f 751/918/844 838/919/845 750/915/841 749/909/838
f 837/920/846 751/918/844 749/909/838 752/921/847
f 848/922/848 752/921/847 749/909/838 747/911/839
f 753/917/843 754/923/849 748/913/840 749/909/838
f 756/924/850 754/923/849 753/917/843 755/916/842
f 755/916/842 757/925/851 758/926/852 756/924/850
f 759/927/853 757/925/851 755/916/842 750/915/841
f 762/928/854 758/926/852 757/925/851 759/927/853
f 759/927/853 750/915/841 838/919/845 760/929/855
f 759/927/853 760/929/855 839/930/856 761/931/857
f 767/932/858 763/933/859 759/927/853 761/931/857
f 759/927/853 763/933/859 769/934/860 762/928/854
f 763/933/859 764/935/861 801/936/862 768/937/863
f 765/938/864 764/935/861 763/933/859
f 763/933/859 766/939/865 765/938/864
f 767/932/858 766/939/865 763/933/859
f 763/933/859 768/937/863 770/940/866 769/934/860
f 770/940/866 800/941/867 771/942/868 769/934/860
f 769/934/860 771/942/868 795/943/869 772/944/870
f 772/944/870 774/945/871 773/946/872 769/934/860
f 762/928/854 769/934/860 773/946/872 777/947/873
f 774/945/871 794/948/874 775/949/875 773/946/872
f 776/950/876 773/946/872 775/949/875 786/951/877
f 778/952/878 773/946/872 776/950/876 783/953/879
f 777/947/873 773/946/872 778/952/878 779/954/880
f 779/954/880 778/952/878 780/955/881 1223/956/882
f 780/955/881 778/952/878 781/957/883 1398/958/884
f 782/959/885 1399/960/886 781/957/883 778/952/878
f 784/961/887 782/959/885 778/952/878 783/953/879
f 783/953/879 776/950/876 786/951/877 784/961/887
f 782/959/885 784/961/887 785/962/888 789/963/889
f 786/951/877 787/964/890 785/962/888 784/961/887
f 787/964/890 786/951/877 775/949/875 788/965/891
f 789/966/889 785/967/888 787/968/890 788/969/891
f 789/966/889 788/969/891 790/970/892
f 788/969/891 791/971/893 796/972/894 790/970/892
f 788/969/891 792/973/895 793/974/896 791/971/893
f 775/949/875 794/948/874 792/975/895 788/965/891
f 795/943/869 793/976/896 792/975/895 794/948/874
f 772/944/870 795/943/869 794/948/874 774/945/871
f 791/977/893 793/976/896 795/943/869 771/942/868
f 796/972/894 791/971/893 797/978/897
f 791/971/893 798/979/898 799/980/899 797/978/897
f 791/977/893 771/942/868 800/941/867 798/981/898
f 801/936/862 799/982/899 798/981/898 800/941/867
f 768/937/863 801/936/862 800/941/867 770/940/866
f 797/983/897 799/982/899 801/936/862 764/935/861
f 796/972/894 797/978/897 802/984/900 1010/985/901
f 797/978/897 803/986/902 804/987/903 802/984/900
f 797/983/897 764/935/861 805/988/904 803/989/902
f 807/990/905 804/991/903 803/989/902 805/988/904
f 805/988/904 764/935/861 806/992/906
f 805/988/904 806/992/906 766/939/865 807/990/905
f 807/990/905 766/939/865 767/932/858 808/993/907
f 802/994/900 804/991/903 807/990/905 808/993/907
f 802/994/900 808/993/907 809/995/908 812/996/909
f 810/997/910 809/995/908 808/993/907 767/932/858
f 809/995/908 810/997/910 825/998/911 811/999/912
f 811/999/912 813/1000/913 812/996/909 809/995/908
f 802/984/900 812/1001/909 813/1002/913 814/1003/914
f 813/1000/913 811/999/912 818/1004/915 814/1005/914
f 1010/985/901 802/984/900 814/1003/914 815/1006/916
f 816/1007/917 920/1008/918 815/1006/916 814/1003/914
f 816/1007/917 814/1003/914 817/1009/919 1488/1010/920
f 818/1004/915 819/1011/921 817/1012/919 814/1005/914
f 1487/1013/922 819/1011/921 818/1004/915 821/1014/923
f 823/1015/924 820/1016/925 818/1004/915 822/1017/926
f 818/1004/915 820/1016/925 1464/1018/927 821/1014/923
f 822/1017/926 818/1004/915 811/999/912 825/998/911
f 824/1019/928 1462/1020/929 823/1015/924 822/1017/926
f 822/1017/926 826/1021/930 1486/1022/931 824/1019/928
f 822/1017/926 825/998/911 810/997/910 767/932/858
f 767/932/858 827/1023/932 822/1017/926
f 828/1024/933 826/1021/930 822/1017/926 827/1023/932
f 842/1025/934 828/1024/933 827/1023/932 829/1026/935
f 830/1027/936 831/1028/937 829/1026/935 827/1023/932
f 761/931/857 832/1029/938 830/1027/936 827/1023/932
f 827/1023/932 767/932/858 761/931/857
f 831/1028/937 830/1027/936 832/1029/938 833/1030/939
f 761/931/857 835/1031/940 833/1030/939 832/1029/938
f 834/1032/941 833/1030/939 835/1031/940 752/921/847
f 833/1030/939 834/1032/941 840/1033/942 831/1028/937
f 761/931/857 839/930/856 836/1034/943 835/1031/940
f 835/1031/940 836/1034/943 837/920/846 752/921/847
f 838/919/845 751/918/844 837/920/846 836/1034/943
f 836/1034/943 839/930/856 760/929/855 838/919/845
f 841/1035/944 840/1033/942 834/1032/941 752/921/847
f 829/1026/935 831/1028/937 840/1033/942 841/1035/944
f 829/1026/935 841/1035/944 842/1025/934
f 1486/1022/931 842/1025/934 841/1035/944 824/1019/928
f 841/1035/944 843/1036/945 844/1037/946 824/1019/928
f 752/921/847 848/922/848 843/1036/945 841/1035/944
f 845/1038/947 1460/1039/948 844/1037/946 843/1036/945
f 843/1036/945 846/1040/949 845/1038/947
f 846/1040/949 843/1036/945 847/1041/950 854/1042/951
f 848/922/848 849/1043/952 847/1041/950 843/1036/945
f 849/1043/952 848/922/848 850/1044/953 853/1045/954
f 747/911/839 850/1044/953 848/922/848
f 852/1046/955 850/1047/953 851/888/820 1471/1048/956
f 851/888/820 850/1047/953 747/912/839 731/886/818
f 855/1049/957 853/1050/954 850/1047/953 852/1046/955
f 854/1042/951 847/1041/950 849/1043/952 853/1045/954
f 856/1051/958 854/1042/951 853/1045/954 855/1052/957
f 856/1051/958 855/1052/957 852/1053/955 857/1054/959
f 846/1040/949 854/1042/951 856/1051/958 857/1054/959
f 864/1055/960 861/1056/961 857/1054/959 858/1057/962
f 852/1053/955 1485/1058/963 858/1057/962 857/1054/959
f 859/1059/964 846/1040/949 857/1054/959
f 860/1060/965 859/1059/964 857/1054/959
f 860/1060/965 857/1054/959 861/1056/961
f 867/1061/966 865/1062/967 861/1056/961 862/1063/968
f 863/1064/969 1467/1065/970 862/1063/968 861/1056/961
f 861/1056/961 864/1055/960 1484/1066/971 863/1064/969
f 861/1056/961 865/1062/967 868/1067/972 860/1060/965
f 403/488/459 397/468/449 865/1062/967 866/1068/973
f 867/1061/966 1466/1069/974 866/1068/973 865/1062/967
f 874/1070/975 868/1067/972 865/1062/967 869/1071/976
f 397/468/449 876/465/446 869/1071/976 865/1062/967
f 878/1072/977 870/1073/978 869/1071/976 876/465/446
f 869/1071/976 870/1073/978 871/1074/979
f 1454/1075/980 872/1076/981 869/1071/976 871/1074/979
f 869/1071/976 872/1076/981 1448/1077/982 873/1078/983
f 875/1079/984 869/1071/976 873/1078/983 1447/1080/985
f 875/1079/984 1461/1081/986 874/1070/975 869/1071/976
f 1465/1082/987 877/1083/988 876/465/446 393/462/443
f 876/465/446 877/1083/988 881/1084/989 878/1072/977
f 885/1085/990 884/1086/991 878/1072/977 879/1087/992
f 879/1087/992 878/1072/977 880/1088/993 967/1089/994
f 970/1090/995 880/1088/993 878/1072/977 393/462/443
f 878/1072/977 881/1084/989 1465/1082/987 393/462/443
f 878/1072/977 884/1086/991 882/1091/996
f 878/1072/977 882/1091/996 886/1092/997 883/1093/998
f 878/1072/977 883/1093/998 1452/1094/999 870/1073/978
f 886/1092/997 882/1091/996 884/1086/991 885/1085/990
f 888/1095/1000 886/1092/997 885/1085/990 887/1096/1001
f 887/1096/1001 885/1085/990 879/1087/992 889/1097/1002
f 889/1097/1002 888/1095/1000 887/1096/1001
f 889/1097/1002 890/1098/1003 896/1099/1004 893/1100/1005
f 891/1101/1006 968/1102/1007 890/1098/1003 889/1097/1002
f 879/1087/992 967/1089/994 891/1101/1006 889/1097/1002
f 883/1093/998 886/1092/997 888/1095/1000 889/1097/1002
f 883/1093/998 889/1097/1002 892/1103/1008 1452/1094/999
f 893/1100/1005 892/1103/1008 889/1097/1002
f 895/1104/1009 1435/1105/1010 894/1106/1011 893/1100/1005
f 893/1100/1005 894/1106/1011 892/1103/1008
f 893/1100/1005 897/1107/1012 900/1108/1013 895/1104/1009
f 897/1107/1012 893/1100/1005 896/1099/1004 898/1109/1014
f 898/1109/1014 903/1110/1015 901/1111/1016 897/1107/1012
f 901/1111/1016 902/1112/1017 899/1113/1018 897/1107/1012
f 897/1107/1012 899/1113/1018 900/1108/1013
f 901/1111/1016 906/1114/1019 908/1115/1020 902/1112/1017
f 901/1111/1016 903/1110/1015 928/1116/1021 905/1117/1022
f 904/1118/1023 912/1119/1024 906/1114/1019 901/1111/1016
f 905/1117/1022 1405/1120/1025 904/1118/1023 901/1111/1016
f 909/1121/1026 1432/1122/1027 907/1123/1028 906/1114/1019
f 906/1114/1019 907/1123/1028 1434/1124/1029 908/1115/1020
f 910/1125/1030 1406/1126/1031 909/1121/1026 906/1114/1019
f 913/1127/1032 914/1128/1033 910/1125/1030 906/1114/1019
f 915/1129/1034 913/1127/1032 906/1114/1019 911/1130/1035
f 912/1119/1024 1404/1131/1036 911/1130/1035 906/1114/1019
f 914/1128/1033 913/1127/1032 915/1129/1034 916/1132/1037
f 916/1133/1037 915/1134/1034 911/1135/1035 917/1136/1038
f 916/1132/1037 917/1137/1038 910/1125/1030 914/1128/1033
f 917/1137/1038 918/1138/1039 1401/1139/1040 910/1125/1030
f 816/1007/917 1402/1140/1041 918/1141/1039 917/1136/1038
f 920/1008/918 816/1007/917 917/1136/1038 919/1142/1042
f 911/1135/1035 919/1142/1042 917/1136/1038
f 1008/1143/1043 920/1008/918 919/1142/1042 921/1144/1044
f 922/1145/1045 923/1146/1046 921/1144/1044 919/1142/1042
f 919/1142/1042 911/1135/1035 922/1145/1045
f 905/1147/1022 923/1146/1046 922/1145/1045
f 922/1145/1045 911/1135/1035 905/1147/1022
f 924/1148/1047 990/1149/1048 921/1144/1044 923/1146/1046
f 926/1150/1049 924/1148/1047 923/1146/1046 925/1151/1050
f 905/1147/1022 928/1152/1021 925/1151/1050 923/1146/1046
f 985/1153/1051 926/1150/1049 925/1151/1050 927/1154/1052
f 928/1152/1021 929/1155/1053 927/1154/1052 925/1151/1050
f 929/1156/1053 928/1116/1021 903/1110/1015 932/1157/1054
f 927/1154/1052 929/1155/1053 930/383/367 335/379/363
f 931/1158/1055 981/1159/1056 930/383/367 929/1155/1053
f 932/1157/1054 934/1160/1057 931/1161/1055 929/1156/1053
f 935/1162/1058 933/1163/1059 932/1157/1054
f 932/1157/1054 933/1163/1059 980/1164/1060 934/1160/1057
f 937/1165/1061 935/1162/1058 932/1157/1054 936/1166/1062
f 932/1157/1054 903/1110/1015 939/1167/1063 936/1166/1062
f 937/1165/1061 936/1166/1062 938/1168/1064 979/1169/1065
f 936/1166/1062 939/1167/1063 938/1168/1064
f 940/1170/1066 941/1171/1067 938/1168/1064 939/1167/1063
f 940/1170/1066 939/1167/1063 903/1110/1015 898/1109/1014
f 941/1171/1067 940/1170/1066 898/1109/1014 942/1172/1068
f 941/1171/1067 942/1172/1068 938/1168/1064
f 943/1173/1069 950/1174/1070 945/1175/1071 942/1172/1068
f 943/1173/1069 942/1172/1068 944/1176/1072 949/1177/1073
f 942/1172/1068 946/1178/1074 944/1176/1072
f 942/1172/1068 945/1175/1071 952/404/385 348/399/380
f 896/1099/1004 947/1179/1075 946/1178/1074 942/1172/1068
f 896/1099/1004 942/1172/1068 898/1109/1014
f 979/1169/1065 938/1168/1064 942/1172/1068 348/399/380
f 946/1178/1074 947/1179/1075 948/1180/1076 944/1176/1072
f 948/1180/1076 947/1179/1075 896/1099/1004 890/1098/1003
f 944/1176/1072 948/1180/1076 949/1177/1073
f 890/1098/1003 943/1173/1069 949/1177/1073 948/1180/1076
f 945/1175/1071 950/1174/1070 954/410/391 951/1181/1077
f 951/1181/1077 953/406/387 952/404/385 945/1175/1071
f 953/406/387 351/402/383 347/401/382 952/404/385
f 951/1181/1077 352/407/388 953/406/387
f 352/407/388 951/1181/1077 954/410/391
f 955/412/393 354/411/392 954/410/391 950/1174/1070
f 955/412/393 950/1174/1070 943/1173/1069 355/413/394
f 958/1182/1078 959/1183/1079 956/1184/1080 943/1173/1069
f 943/1173/1069 956/1184/1080 974/1185/1081 957/1186/1082
f 957/1186/1082 973/1187/1083 355/413/394 943/1173/1069
f 960/1188/1084 958/1182/1078 943/1173/1069 890/1098/1003
f 959/1183/1079 958/1182/1078 960/1188/1084 961/1189/1085
f 963/1190/1086 961/1189/1085 960/1188/1084 890/1098/1003
f 964/1191/1087 962/1192/1088 961/1189/1085 963/1190/1086
f 961/1189/1085 962/1192/1088 972/448/429 959/1183/1079
f 964/1191/1087 963/1190/1086 965/1193/1089 966/1194/1090
f 968/1102/1007 965/1193/1089 963/1190/1086 890/1098/1003
f 967/1089/994 880/1088/993 966/1194/1090 965/1193/1089
f 965/1193/1089 968/1102/1007 891/1101/1006 967/1089/994
f 386/456/437 964/1191/1087 966/1194/1090 969/1195/1091
f 880/1088/993 970/1090/995 969/1195/1091 966/1194/1090
f 969/1195/1091 970/1090/995 393/462/443 386/456/437
f 971/457/438 962/1192/1088 964/1191/1087 386/456/437
f 962/1192/1088 971/457/438 383/449/430 972/448/429
f 972/448/429 381/447/428 956/1184/1080 959/1183/1079
f 971/457/438 387/454/435 384/453/434 383/449/430
f 976/1196/1092 973/1187/1083 957/1186/1082 974/1185/1081
f 381/447/428 975/450/431 974/1185/1081 956/1184/1080
f 974/1185/1081 975/450/431 977/452/433 976/1196/1092
f 375/440/421 978/429/410 976/1196/1092 977/452/433
f 973/1187/1083 976/1196/1092 978/429/410 355/413/394
f 975/450/431 382/451/432 977/452/433
f 935/1162/1058 937/1165/1061 979/1169/1065 348/399/380
f 348/399/380 933/1163/1059 935/1162/1058
f 981/1197/1056 931/1161/1055 934/1160/1057 980/1164/1060
f 981/1197/1056 980/1164/1060 933/1163/1059 930/1198/367
f 983/1199/1093 930/1198/367 933/1163/1059 982/398/379
f 933/1163/1059 348/399/380 982/398/379
f 982/398/379 346/397/378 984/400/381 983/1199/1093
f 983/1200/1093 984/1201/381 336/382/366 930/383/367
f 332/376/360 985/1153/1051 927/1154/1052 335/379/363
f 986/1202/1094 987/1203/1095 926/1150/1049 985/1153/1051
f 330/375/359 986/1202/1094 985/1153/1051 332/376/360
f 986/1202/1094 266/302/286 264/298/282 987/1203/1095
f 330/375/359 272/303/287 266/302/286 986/1202/1094
f 264/298/282 260/297/281 988/1204/1096 987/1203/1095
f 987/1203/1095 988/1204/1096 924/1148/1047 926/1150/1049
f 989/1205/1097 988/1204/1096 260/297/281 992/299/283
f 988/1204/1096 989/1205/1097 990/1149/1048 924/1148/1047
f 991/1206/1098 1006/1207/1099 990/1149/1048 989/1205/1097
f 992/299/283 993/1208/1100 991/1206/1098 989/1205/1097
f 261/264/248 228/263/247 993/1208/1100 992/299/283
f 228/263/247 997/171/154 994/1209/1101 993/1208/1100
f 993/1208/1100 994/1209/1101 995/1210/1102 991/1206/1098
f 994/1209/1101 996/1211/1103 1000/1212/1104 995/1210/1102
f 997/171/154 132/162/145 996/1211/1103 994/1209/1101
f 132/162/145 131/159/142 998/1213/1105 996/1211/1103
f 996/1211/1103 998/1213/1105 1368/1214/1106 999/1215/1107
f 999/1215/1107 1001/1216/1108 1000/1212/1104 996/1211/1103
f 1002/1217/1109 1000/1212/1104 1001/1216/1108 1003/1218/1110
f 1005/1219/1111 995/1210/1102 1000/1212/1104 1002/1217/1109
f 1002/1217/1109 1003/1218/1110 1009/1220/1112 1004/1221/1113
f 1002/1217/1109 1004/1221/1113 1007/1222/1114 1005/1219/1111
f 995/1210/1102 1005/1219/1111 1006/1207/1099 991/1206/1098
f 1006/1207/1099 1005/1219/1111 1007/1222/1114 1008/1143/1043
f 1010/985/901 815/1006/916 1007/1222/1114 1004/1221/1113
f 1008/1143/1043 1007/1222/1114 815/1006/916 920/1008/918
f 990/1149/1048 1006/1207/1099 1008/1143/1043 921/1144/1044
f 796/972/894 1010/985/901 1004/1221/1113 1009/1220/1112
f 1009/1220/1112 1003/1218/1110 1013/1223/1115 1011/1224/1116
f 1009/1220/1112 1011/1224/1116 790/970/892 796/972/894
f 1025/1225/1117 790/970/892 1011/1224/1116 1012/1226/1118
f 1013/1223/1115 1015/1227/1119 1012/1226/1118 1011/1224/1116
f 1003/1218/1110 1001/1216/1108 1014/1228/1120 1013/1223/1115
f 1013/1223/1115 1014/1228/1120 1016/1229/1121 1015/1227/1119
f 1015/1227/1119 1016/1229/1121 1019/1230/1122 1017/1231/1123
f 1020/1232/1124 1012/1226/1118 1015/1227/1119 1017/1231/1123
f 1021/1233/1125 1020/1232/1124 1017/1231/1123 1018/1234/1126
f 1273/1235/1127 1018/1234/1126 1017/1231/1123 1019/1230/1122
f 1023/1236/1128 1022/1237/1129 1020/1232/1124 1021/1233/1125
f 1022/1237/1129 1025/1225/1117 1012/1226/1118 1020/1232/1124
f 1058/1238/1130 1024/1239/1131 1022/1237/1129 1023/1236/1128
f 1022/1237/1129 1024/1239/1131 1026/1240/1132 1025/1225/1117
f 1025/1225/1117 1026/1240/1132 789/966/889 790/970/892
f 1024/1239/1131 1031/1241/1133 1029/1242/1134 1026/1240/1132
f 1028/1243/1135 1397/1244/1136 1027/1245/1137 1026/1246/1132
f 1026/1240/1132 1027/1247/1137 1400/1248/1138 789/966/889
f 1029/1249/1134 1030/1250/1139 1028/1243/1135 1026/1246/1132
f 1030/1250/1139 1029/1249/1134 1031/1251/1133 1032/1252/1140
f 1024/1253/1131 1033/1254/1141 1032/1252/1140 1031/1251/1133
f 1030/1250/1139 1032/1252/1140 1034/1255/1142 1035/1256/1143
f 1032/1252/1140 1033/1254/1141 1036/1257/1144 1034/1255/1142
f 1035/1256/1143 1034/1255/1142 1036/1257/1144 780/955/881
f 1039/1258/1145 1041/1259/1146 780/955/881 1036/1257/1144
f 1036/1257/1144 1037/1260/1147 1042/1261/1148 1039/1258/1145
f 1038/1262/1149 1062/1263/1150 1037/1260/1147 1036/1257/1144
f 1033/1254/1141 1061/1264/1151 1038/1262/1149 1036/1257/1144
f 1039/1258/1145 1042/1261/1148 1043/1265/1152 1040/1266/1153
f 1039/1258/1145 1040/1266/1153 1041/1259/1146
f 1044/1267/1154 1178/1268/1155 1043/1265/1152 1042/1261/1148
f 1042/1261/1148 1045/1269/1156 1046/1270/1157 1044/1267/1154
f 1037/1260/1147 1045/1269/1156 1042/1261/1148
f 1046/1270/1157 1045/1269/1156 1047/1271/1158 1179/1272/1159
f 1377/1273/1160 1047/1271/1158 1045/1269/1156 1048/1274/1161
f 1048/1274/1161 1045/1269/1156 1049/1275/1162 1050/1276/1163
f 1037/1260/1147 1049/1275/1162 1045/1269/1156
f 1051/1277/1164 1053/1278/1165 1050/1276/1163 1049/1275/1162
f 1054/1279/1166 1051/1277/1164 1049/1275/1162 1037/1260/1147
f 1054/1279/1166 1055/1280/1167 1052/1281/1168 1051/1277/1164
f 1051/1277/1164 1052/1281/1168 1069/1282/1169 1053/1278/1165
f 1057/1283/1170 1055/1280/1167 1054/1279/1166 1037/1260/1147
f 1056/1284/1171 1055/1280/1167 1057/1283/1170 1058/1285/1130
f 1055/1280/1167 1056/1284/1171 1067/1286/1172 1052/1281/1168
f 1058/1285/1130 1057/1283/1170 1059/1287/1173 1060/1288/1174
f 1059/1287/1173 1057/1283/1170 1037/1260/1147 1062/1263/1150
f 1061/1264/1151 1063/1289/1175 1060/1288/1174 1059/1287/1173
f 1038/1262/1149 1061/1264/1151 1059/1287/1173 1062/1263/1150
f 1063/1289/1175 1061/1264/1151 1033/1254/1141 1024/1253/1131
f 1058/1238/1130 1060/1290/1174 1063/1291/1175 1024/1239/1131
f 1023/1236/1128 1065/1292/1176 1064/1293/1177 1058/1238/1130
f 1064/1293/1177 1067/1294/1172 1056/1295/1171 1058/1238/1130
f 1066/1296/1178 1064/1293/1177 1065/1292/1176
f 1066/1296/1178 1068/1297/1179 1067/1294/1172 1064/1293/1177
f 1052/1281/1168 1067/1286/1172 1068/1298/1179 1069/1282/1169
f 1066/1299/1178 1070/1300/1180 1069/1282/1169 1068/1298/1179
f 1053/1278/1165 1069/1282/1169 1070/1300/1180 1050/1276/1163
f 1070/1300/1180 1066/1299/1178 1071/1301/1181
f 1075/1302/1182 1072/1303/1183 1070/1300/1180 1071/1301/1181
f 1072/1303/1183 1074/1304/1184 1048/1274/1161 1070/1300/1180
f 1050/1276/1163 1070/1300/1180 1048/1274/1161
f 1072/1303/1183 1075/1302/1182 1076/1305/1185 1073/1306/1186
f 1072/1303/1183 1073/1306/1186 1384/1307/1187 1074/1304/1184
f 1071/1308/1181 1078/1309/1188 1076/1310/1185 1075/1311/1182
f 1077/1312/1189 1387/1313/1190 1073/1306/1186 1076/1305/1185
f 1077/1312/1189 1076/1305/1185 1078/1314/1188
f 1270/1315/1191 1079/1316/1192 1078/1309/1188 1071/1308/1181
f 1078/1309/1188 1079/1316/1192 1265/1317/1193 1080/1318/1194
f 1080/1318/1194 1083/1319/1195 1081/1320/1196 1078/1309/1188
f 1078/1314/1188 1081/1321/1196 1077/1312/1189
f 1077/1312/1189 1081/1321/1196 1082/1322/1197
f 1082/1323/1197 1081/1320/1196 1083/1319/1195
f 1086/1324/1198 1082/1322/1197 1083/1325/1195 1084/1326/1199
f 1080/1327/1194 1087/1328/1200 1084/1326/1199 1083/1325/1195
f 1085/1329/1201 1084/1326/1199 1087/1328/1200 1088/1330/1202
f 1084/1326/1199 1085/1329/1201 1390/1331/1203 1086/1324/1198
f 1087/1328/1200 1089/1332/1204 1090/1333/1205 1088/1330/1202
f 1087/1328/1200 1080/1327/1194 1089/1332/1204
f 1091/1334/1206 1103/1335/1207 1090/1333/1205 1089/1332/1204
f 1089/1336/1204 1092/1337/1208 1091/1338/1206
f 1089/1339/1204 1080/1318/1194 1092/1340/1208
f 1080/1318/1194 1265/1317/1193 1093/1341/1209 1092/1340/1208
f 1092/1337/1208 1093/1342/1209 1095/1343/1210 1094/1344/1211
f 1092/1337/1208 1094/1344/1211 1091/1338/1206
f 1098/1345/1212 1096/1346/1213 1094/1344/1211 1095/1343/1210
f 1101/1347/1214 1091/1338/1206 1094/1344/1211 1096/1346/1213
f 1097/1348/1215 1110/1349/1216 1099/1350/1217 1096/1346/1213
f 1145/1351/1218 1097/1348/1215 1096/1346/1213 1098/1345/1212
f 1099/1352/1217 1107/1353/1219 1100/1354/1220 1096/1355/1213
f 1100/1354/1220 1102/1356/1221 1101/1357/1214 1096/1355/1213
f 1091/1334/1206 1101/1357/1214 1102/1356/1221 1103/1335/1207
f 1100/1354/1220 1104/1358/1222 1103/1335/1207 1102/1356/1221
f 1088/1330/1202 1090/1333/1205 1103/1335/1207 1104/1358/1222
f 1104/1358/1222 1100/1354/1220 1107/1353/1219 1105/1359/1223
f 1105/1359/1223 1088/1330/1202 1104/1358/1222
f 1105/1359/1223 1106/1360/1224 1112/1361/1225 1088/1330/1202
f 1107/1353/1219 1108/1362/1226 1106/1360/1224 1105/1359/1223
f 1099/1352/1217 1110/1363/1216 1108/1362/1226 1107/1353/1219
f 1112/1361/1225 1106/1360/1224 1108/1362/1226 1109/1364/1227
f 1097/1365/1215 1109/1364/1227 1108/1362/1226 1110/1363/1216
f 1109/1364/1227 1111/1366/1228 1113/1367/1229 1112/1361/1225
f 1097/1365/1215 1147/1368/1230 1111/1366/1228 1109/1364/1227
f 1113/1367/1229 1120/1369/1231 1117/1370/1232 1112/1361/1225
f 1114/1371/1233 1393/1372/1234 1088/1330/1202 1112/1361/1225
f 1115/1373/1235 1392/1374/1236 1114/1371/1233 1112/1361/1225
f 1116/1375/1237 1394/1376/1238 1115/1373/1235 1112/1361/1225
f 1117/1370/1232 1121/1377/1239 1116/1375/1237 1112/1361/1225
f 1118/1378/1240 1125/1379/1241 1124/1380/1242 1117/1370/1232
f 1119/1381/1243 1144/1382/1244 1118/1378/1240 1117/1370/1232
f 1117/1370/1232 1120/1369/1231 1148/1383/1245 1119/1381/1243
f 1122/1384/1246 1395/1385/1247 1121/1377/1239 1117/1370/1232
f 1123/1386/1248 1396/1387/1249 1122/1384/1246 1117/1370/1232
f 1124/1380/1242 1127/1388/1250 1123/1386/1248 1117/1370/1232
f 1124/1380/1242 1125/1379/1241 1143/1389/1251 1126/1390/1252
f 1132/1391/1253 1130/1392/1254 1124/1380/1242 1126/1390/1252
f 1127/1388/1250 1124/1380/1242 1128/1393/1255 1376/1394/1256
f 1129/1395/1257 1128/1393/1255 1124/1380/1242
f 1130/1392/1254 1129/1395/1257 1124/1380/1242
f 1129/1395/1257 1130/1392/1254 1131/1396/1258 1183/1397/1259
f 1130/1392/1254 1132/1391/1253 1131/1398/1258
f 1132/1391/1253 1133/1399/1260 1131/1398/1258
f 1133/1399/1260 1132/1391/1253 1126/1390/1252
f 1138/1400/1261 1134/1401/1262 1133/1399/1260 1135/1402/1263
f 1133/1399/1260 1134/1401/1262 1216/1403/1264 1131/1398/1258
f 1133/1399/1260 1126/1390/1252 1139/1404/1265 1135/1402/1263
f 1135/1405/1263 1139/1406/1265 1136/1407/1266
f 1135/1405/1263 1136/1407/1266 1157/1408/1267 1137/1409/1268
f 1217/1410/1269 1138/1411/1261 1135/1405/1263 1137/1409/1268
f 1136/1407/1266 1139/1406/1265 1140/1412/1270 1145/1351/1218
f 1140/1412/1270 1139/1406/1265 1141/1413/1271
f 1139/1406/1265 1142/1414/1272 1141/1413/1271
f 1126/1390/1252 1143/1389/1251 1142/1415/1272 1139/1404/1265
f 1144/1382/1244 1141/1416/1271 1142/1415/1272 1143/1389/1251
f 1118/1378/1240 1144/1382/1244 1143/1389/1251 1125/1379/1241
f 1140/1417/1270 1141/1416/1271 1144/1382/1244 1119/1381/1243
f 1140/1412/1270 1146/1418/1273 1147/1419/1230 1097/1348/1215
f 1140/1412/1270 1097/1348/1215 1145/1351/1218
f 1140/1417/1270 1119/1381/1243 1148/1383/1245 1146/1420/1273
f 1111/1366/1228 1147/1368/1230 1146/1420/1273 1148/1383/1245
f 1113/1367/1229 1111/1366/1228 1148/1383/1245 1120/1369/1231
f 1152/1421/1274 1136/1407/1266 1145/1351/1218 1149/1422/1275
f 1149/1422/1275 1145/1351/1218 1098/1345/1212 1150/1423/1276
f 1149/1422/1275 1150/1423/1276 1254/1424/1277 1151/1425/1278
f 1152/1421/1274 1149/1422/1275 1151/1425/1278 1153/1426/1279
f 1153/1426/1279 1156/1427/1280 1154/1428/1281 1152/1421/1274
f 1136/1407/1266 1152/1421/1274 1154/1428/1281 1157/1408/1267
f 1155/1429/1282 1159/1430/1283 1157/1408/1267 1154/1428/1281
f 1156/1427/1280 1234/1431/1284 1155/1429/1282 1154/1428/1281
f 1137/1409/1268 1157/1408/1267 1158/1432/1285
f 1158/1432/1285 1157/1408/1267 1159/1430/1283 1161/1433/1286
f 1159/1430/1283 1160/1434/1287 1163/1435/1288 1162/1436/1289
f 1231/1437/1290 1160/1434/1287 1159/1430/1283 1155/1429/1282
f 1162/1436/1289 1161/1433/1286 1159/1430/1283
f 1164/1438/1291 1214/1439/1292 1161/1433/1286 1162/1436/1289
f 1165/1440/1293 1162/1441/1289 1163/1442/1288 1168/1443/1294
f 1165/1440/1293 1166/1444/1295 1164/1445/1291 1162/1441/1289
f 1167/1446/1296 1212/1447/1297 1166/1444/1295 1165/1440/1293
f 1170/1448/1298 1167/1446/1296 1165/1440/1293 1168/1443/1294
f 1168/1443/1294 1169/1449/1299 1221/1450/1300 1041/1259/1146
f 1219/1451/1301 1169/1449/1299 1168/1443/1294 1163/1442/1288
f 1172/1452/1302 1170/1448/1298 1168/1443/1294 1041/1259/1146
f 1171/1453/1303 1170/1448/1298 1172/1452/1302 1173/1454/1304
f 1170/1448/1298 1171/1453/1303 1167/1446/1296
f 1172/1452/1302 1040/1266/1153 1043/1265/1152 1173/1454/1304
f 1041/1259/1146 1040/1266/1153 1172/1452/1302
f 1174/1455/1305 1206/1456/1306 1171/1453/1303 1173/1454/1304
f 1175/1457/1307 1205/1458/1308 1174/1455/1305 1173/1454/1304
f 1175/1457/1307 1173/1454/1304 1176/1459/1309
f 1043/1265/1152 1178/1268/1155 1176/1459/1309 1173/1454/1304
f 1180/1460/1310 1175/1457/1307 1176/1459/1309 1177/1461/1311
f 1178/1268/1155 1179/1272/1159 1177/1461/1311 1176/1459/1309
f 1179/1272/1159 1178/1268/1155 1044/1267/1154 1046/1270/1157
f 1177/1461/1311 1179/1272/1159 1047/1271/1158 1181/1462/1312
f 1177/1461/1311 1181/1462/1312 1180/1460/1310
f 1182/1463/1313 1218/1464/1314 1180/1460/1310 1181/1462/1312
f 1183/1397/1259 1184/1465/1315 1182/1463/1313 1181/1462/1312
f 1377/1273/1160 1128/1393/1255 1181/1462/1312 1047/1271/1158
f 1128/1393/1255 1129/1395/1257 1183/1397/1259 1181/1462/1312
f 1186/1466/1316 1184/1465/1315 1183/1397/1259 1131/1396/1258
f 1182/1463/1313 1184/1465/1315 1185/1467/1317 1218/1464/1314
f 1185/1467/1317 1184/1465/1315 1186/1466/1316 1187/1468/1318
f 1188/1469/1319 1187/1468/1318 1186/1466/1316 1131/1396/1258
f 1188/1469/1319 1192/1470/1320 1185/1467/1317 1187/1468/1318
f 1194/1471/1321 1188/1469/1319 1189/1472/1322 1197/1473/1323
f 1190/1474/1324 1209/1475/1325 1189/1472/1322 1188/1469/1319
f 1188/1469/1319 1191/1476/1326 1215/1477/1327 1190/1474/1324
f 1188/1469/1319 1131/1396/1258 1216/1403/1264 1191/1476/1326
f 1193/1478/1328 1203/1479/1329 1192/1470/1320 1188/1469/1319
f 1194/1471/1321 1199/1480/1330 1193/1478/1328 1188/1469/1319
f 1195/1481/1331 1212/1447/1297 1167/1446/1296 1194/1471/1321
f 1195/1481/1331 1194/1471/1321 1196/1482/1332
f 1197/1473/1323 1208/1483/1333 1196/1482/1332 1194/1471/1321
f 1194/1471/1321 1167/1446/1296 1207/1484/1334 1198/1485/1335
f 1198/1485/1335 1201/1486/1336 1200/1487/1337 1194/1471/1321
f 1200/1487/1337 1202/1488/1338 1199/1480/1330 1194/1471/1321
f 1200/1487/1337 1201/1486/1336 1205/1458/1308 1175/1457/1307
f 1175/1457/1307 1202/1488/1338 1200/1487/1337
f 1202/1488/1338 1203/1479/1329 1193/1478/1328 1199/1480/1330
f 1204/1489/1339 1203/1479/1329 1202/1488/1338 1175/1457/1307
f 1192/1470/1320 1203/1479/1329 1204/1489/1339 1180/1460/1310
f 1180/1460/1310 1204/1489/1339 1175/1457/1307
f 1205/1458/1308 1201/1486/1336 1206/1456/1306 1174/1455/1305
f 1206/1456/1306 1201/1486/1336 1198/1485/1335 1207/1484/1334
f 1167/1446/1296 1171/1453/1303 1206/1456/1306 1207/1484/1334
f 1189/1472/1322 1209/1475/1325 1208/1483/1333 1197/1473/1323
f 1209/1475/1325 1211/1490/1340 1210/1491/1341 1208/1483/1333
f 1196/1482/1332 1208/1483/1333 1210/1491/1341 1158/1492/1285
f 1210/1493/1341 1211/1494/1340 1137/1409/1268 1158/1432/1285
f 1211/1490/1340 1209/1475/1325 1190/1474/1324 1137/1495/1268
f 1196/1482/1332 1158/1492/1285 1213/1496/1342 1195/1481/1331
f 1213/1496/1342 1214/1497/1292 1212/1447/1297 1195/1481/1331
f 1161/1433/1286 1214/1439/1292 1213/1498/1342 1158/1432/1285
f 1214/1497/1292 1164/1445/1291 1166/1444/1295 1212/1447/1297
f 1180/1460/1310 1218/1464/1314 1185/1467/1317 1192/1470/1320
f 1134/1401/1262 1215/1477/1327 1191/1476/1326 1216/1403/1264
f 1137/1495/1268 1190/1474/1324 1215/1477/1327 1217/1499/1269
f 1215/1477/1327 1134/1401/1262 1138/1400/1261 1217/1499/1269
f 1169/1449/1299 1219/1451/1301 1230/1500/1343 1220/1501/1344
f 1220/1501/1344 1222/1502/1345 1221/1450/1300 1169/1449/1299
f 1221/1450/1300 1222/1502/1345 1223/956/882 1041/1259/1146
f 1222/1502/1345 1220/1501/1344 1225/1503/1346 1223/956/882
f 1229/1504/1347 779/954/880 1223/956/882 1224/1505/1348
f 1225/1503/1346 1226/1506/1349 1224/1505/1348 1223/956/882
f 1041/1259/1146 1223/956/882 780/955/881
f 741/1507/828 1228/1508/830 1226/1506/1349 1225/1503/1346
f 741/1507/828 1225/1503/1346 1220/1501/1344 1230/1500/1343
f 1228/1508/830 745/901/829 1227/900/832 1226/1506/1349
f 1226/1506/1349 1227/900/832 1229/1504/1347 1224/1505/1348
f 779/954/880 1229/1504/1347 1227/900/832 742/899/831
f 1230/1509/1343 1219/1510/1301 1163/1435/1288 741/896/828
f 739/894/826 741/896/828 1163/1435/1288 1160/1434/1287
f 737/893/825 739/894/826 1160/1434/1287 1231/1437/1290
f 1232/1511/1350 1235/892/824 737/893/825 1231/1437/1290
f 1234/1431/1284 1232/1511/1350 1231/1437/1290 1155/1429/1282
f 1236/1512/1351 1235/892/824 1232/1511/1350 1233/1513/1352
f 1233/1513/1352 1232/1511/1350 1234/1431/1284 1246/1514/1353
f 1235/892/824 1236/1512/1351 1237/1515/1354 736/889/821
f 1236/1512/1351 1238/1516/1355 1239/1517/1356 1237/1515/1354
f 1241/1518/1357 1238/1516/1355 1236/1512/1351 1233/1513/1352
f 1239/1517/1356 1238/1516/1355 1240/1519/1358 1360/1520/1359
f 1242/1521/1360 1240/1519/1358 1238/1516/1355 1241/1518/1357
f 1243/1522/1361 1244/1523/1362 1242/1521/1360 1241/1518/1357
f 1246/1514/1353 1243/1522/1361 1241/1518/1357 1233/1513/1352
f 1245/1524/1363 1335/1525/1364 1244/1523/1362 1243/1522/1361
f 1247/1526/1365 1245/1524/1363 1243/1522/1361 1246/1514/1353
f 1246/1514/1353 1234/1431/1284 1156/1427/1280 1247/1526/1365
f 1248/1527/1366 1249/1528/1367 1245/1524/1363 1247/1526/1365
f 1156/1427/1280 1153/1426/1279 1248/1527/1366 1247/1526/1365
f 1250/1529/1368 1251/1530/1369 1249/1528/1367 1248/1527/1366
f 1248/1527/1366 1153/1426/1279 1151/1425/1278 1250/1529/1368
f 1252/1531/1370 1253/1532/1371 1251/1530/1369 1250/1529/1368
f 1250/1529/1368 1151/1425/1278 1254/1424/1277 1252/1531/1370
f 1256/1533/1372 1253/1532/1371 1252/1531/1370 1255/1534/1373
f 1252/1531/1370 1254/1424/1277 1258/1535/1374 1255/1534/1373
f 1257/1536/1375 1361/1537/1376 1256/1533/1372 1255/1534/1373
f 1255/1534/1373 1258/1535/1374 1259/1538/1377 1257/1536/1375
f 1260/1539/1378 1261/1540/1379 1259/1538/1377 1258/1535/1374
f 1150/1423/1276 1260/1539/1378 1258/1535/1374 1254/1424/1277
f 1095/1343/1210 1093/1342/1209 1261/1540/1379 1260/1539/1378
f 1150/1423/1276 1098/1345/1212 1095/1343/1210 1260/1539/1378
f 1262/1541/1380 1263/1542/1381 1259/1543/1377 1261/1544/1379
f 1093/1341/1209 1265/1317/1193 1262/1541/1380 1261/1544/1379
f 1266/1545/1382 1263/1542/1381 1262/1541/1380 1264/1546/1383
f 1264/1546/1383 1262/1541/1380 1265/1317/1193 1079/1316/1192
f 1264/1546/1383 1267/1547/1384 1268/1548/1385 1266/1545/1382
f 1079/1316/1192 1270/1315/1191 1267/1547/1384 1264/1546/1383
f 1269/1549/1386 1271/1550/1387 1268/1548/1385 1267/1547/1384
f 1270/1315/1191 1065/1292/1176 1269/1549/1386 1267/1547/1384
f 1071/1308/1181 1066/1296/1178 1065/1292/1176 1270/1315/1191
f 1269/1549/1386 1021/1233/1125 1018/1234/1126 1271/1550/1387
f 1021/1233/1125 1269/1549/1386 1065/1292/1176 1023/1236/1128
f 1272/1551/1388 1271/1550/1387 1018/1234/1126 1273/1235/1127
f 1268/1548/1385 1271/1550/1387 1272/1551/1388 1275/1552/1389
f 1373/1553/1390 1274/1554/1391 1272/1551/1388 1273/1235/1127
f 1274/1554/1391 1276/1555/1392 1275/1552/1389 1272/1551/1388
f 1277/1556/1393 1275/1552/1389 1276/1555/1392 1279/1557/1394
f 1266/1545/1382 1268/1548/1385 1275/1552/1389 1277/1556/1393
f 1277/1556/1393 1278/1558/1395 1263/1542/1381 1266/1545/1382
f 1279/1557/1394 1280/1559/1396 1278/1558/1395 1277/1556/1393
f 1281/1560/1397 1283/1561/1398 1280/1559/1396 1279/1557/1394
f 1284/1562/1399 1281/1560/1397 1279/1557/1394 1276/1555/1392
f 1282/1563/1400 1281/1560/1397 1284/1562/1399 1285/1564/1401
f 1281/1560/1397 1282/1563/1400 1362/1565/1402 1283/1561/1398
f 1288/1566/1403 1285/1564/1401 1284/1562/1399 1286/1567/1404
f 1276/1555/1392 1274/1554/1391 1286/1567/1404 1284/1562/1399
f 1290/1568/1405 1288/1566/1403 1286/1567/1404 1287/1569/1406
f 1274/1554/1391 1373/1553/1390 1287/1569/1406 1286/1567/1404
f 1289/1570/1407 1310/1571/1408 1285/1564/1401 1288/1566/1403
f 1292/1572/1409 1289/1570/1407 1288/1566/1403 1290/1568/1405
f 1294/1573/1410 1292/1572/1409 1290/1568/1405 1291/1574/1411
f 1374/1575/1412 1291/1574/1411 1290/1568/1405 1287/1569/1406
f 1293/1576/1413 1306/1577/1414 1289/1570/1407 1292/1572/1409
f 1295/1578/1415 1293/1576/1413 1292/1572/1409 1294/1573/1410
f 1296/1579/1416 1299/1580/1417 1295/1578/1415 1294/1573/1410
f 1296/1579/1416 1294/1573/1410 1291/1574/1411 1298/1581/1418
f 1297/1582/1419 1300/1583/1420 1299/1580/1417 1296/1579/1416
f 1297/1582/1419 1296/1579/1416 1298/1581/1418 1364/1584/1421
f 1300/1583/1420 1303/1585/1422 1301/1586/1423 1299/1580/1417
f 1299/1580/1417 1301/1586/1423 1302/1587/1424 1295/1578/1415
f 18/13/13 1302/1588/1424 1301/1589/1423 17/21/21
f 1303/1590/1422 21/22/22 17/21/21 1301/1589/1423
f 113/137/120 107/132/115 1303/1585/1422 1300/1583/1420
f 107/131/115 20/25/25 21/22/22 1303/1590/1422
f 1295/1578/1415 1302/1587/1424 1304/1591/1425 1293/1576/1413
f 8/12/12 1304/1592/1425 1302/1588/1424 18/13/13
f 1293/1576/1413 1304/1591/1425 1305/1593/1426 1306/1577/1414
f 7/10/10 1305/1594/1426 1304/1592/1425 8/12/12
f 1306/1577/1414 1305/1593/1426 1307/1595/1427 1309/1596/1428
f 9/11/11 1307/1597/1427 1305/1594/1426 7/10/10
f 1309/1596/1428 1307/1595/1427 1308/1598/1429 1311/1599/1430
f 10/14/14 1308/1600/1429 1307/1597/1427 9/11/11
f 1289/1570/1407 1306/1577/1414 1309/1596/1428 1310/1571/1408
f 1311/1599/1430 1312/1601/1431 1310/1571/1408 1309/1596/1428
f 1311/1599/1430 1313/1602/1432 1314/1603/1433 1312/1601/1431
f 1313/1602/1432 1311/1599/1430 1308/1598/1429 1316/1604/1434
f 1314/1603/1433 1313/1602/1432 1315/1605/1435 1324/1606/1436
f 1315/1605/1435 1313/1602/1432 1316/1604/1434 1317/1607/1437
f 12/16/16 1317/1608/1437 1316/1609/1434 11/15/15
f 11/15/15 1316/1609/1434 1308/1600/1429 10/14/14
f 16/17/17 1318/1610/1438 1317/1608/1437 12/16/16
f 1317/1611/1437 1318/1612/1438 1320/1613/1439 1315/1614/1435
f 1319/1615/1440 1318/1610/1438 16/17/17 13/18/18
f 1321/1616/1441 1320/1613/1439 1318/1612/1438 1319/1617/1440
f 1322/1618/1442 1320/1613/1439 1321/1616/1441 1323/1619/1443
f 1315/1614/1435 1320/1613/1439 1322/1618/1442 1324/1620/1436
f 1322/1618/1442 1323/1619/1443 1326/1621/1444 1325/1622/1445
f 1324/1620/1436 1322/1618/1442 1325/1622/1445 1327/1623/1446
f 1328/1624/1447 1325/1622/1445 1326/1621/1444 1330/1625/1448
f 1327/1623/1446 1325/1622/1445 1328/1624/1447 1329/1626/1449
f 1361/1537/1376 1329/1626/1449 1328/1624/1447 1256/1533/1372
f 1253/1532/1371 1256/1533/1372 1328/1624/1447 1330/1625/1448
f 1330/1625/1448 1326/1621/1444 1332/1627/1450 1331/1628/1451
f 1253/1532/1371 1330/1625/1448 1331/1628/1451 1251/1530/1369
f 1331/1628/1451 1332/1627/1450 1334/1629/1452 1333/1630/1453
f 1251/1530/1369 1331/1628/1451 1333/1630/1453 1249/1528/1367
f 1333/1630/1453 1334/1629/1452 1336/1631/1454 1335/1525/1364
f 1249/1528/1367 1333/1630/1453 1335/1525/1364 1245/1524/1363
f 1335/1525/1364 1336/1631/1454 1337/1632/1455 1244/1523/1362
f 1338/1633/1456 1339/1634/1457 1337/1632/1455 1336/1631/1454
f 1341/1635/1458 1338/1633/1456 1336/1631/1454 1334/1629/1452
f 1340/1636/1459 1346/1637/1460 1339/1634/1457 1338/1633/1456
f 1342/1638/1461 1340/1636/1459 1338/1633/1456 1341/1635/1458
f 1343/1639/1462 1344/1640/1463 1342/1638/1461 1341/1635/1458
f 1343/1639/1462 1341/1635/1458 1334/1629/1452 1332/1627/1450
f 1323/1619/1443 1321/1616/1441 1344/1640/1463 1343/1639/1462
f 1323/1619/1443 1343/1639/1462 1332/1627/1450 1326/1621/1444
f 1342/1638/1461 1344/1640/1463 1345/1641/5 2/1642/3
f 1344/1640/1463 1321/1616/1441 1319/1617/1440 1345/1641/5
f 3/6/6 1345/5/5 1319/1615/1440 13/18/18
f 1340/1636/1459 1342/1638/1461 2/1642/3 1347/1643/2
f 1346/1637/1460 1340/1636/1459 1347/1643/2 1348/1644/1464
f 6/8/8 1348/1645/1464 1347/2/2 4/1/1
f 14/9/9 1349/1646/1465 1348/1645/1464 6/8/8
f 1350/1647/1466 1346/1637/1460 1348/1644/1464 1349/1648/1465
f 1351/1649/1467 1349/1646/1465 14/9/9 15/19/19
f 1352/1650/1468 1350/1647/1466 1349/1648/1465 1351/1651/1467
f 1352/1650/1468 1351/1651/1467 40/48/42 1353/47/46
f 40/42/42 1351/1649/1467 15/19/19 34/20/20
f 1352/1650/1468 1353/47/46 1355/1652/1469 1354/1653/1470
f 1350/1647/1466 1352/1650/1468 1354/1653/1470 1357/1654/1471
f 1354/1653/1470 1355/1652/1469 1359/1655/1472 1356/1656/1473
f 1357/1654/1471 1354/1653/1470 1356/1656/1473 1358/1657/1474
f 1346/1637/1460 1350/1647/1466 1357/1654/1471 1339/1634/1457
f 1339/1634/1457 1357/1654/1471 1358/1657/1474 1337/1632/1455
f 1244/1523/1362 1337/1632/1455 1358/1657/1474 1242/1521/1360
f 1358/1657/1474 1356/1656/1473 1240/1519/1358 1242/1521/1360
f 1240/1519/1358 1356/1656/1473 1359/1655/1472 1360/1520/1359
f 1359/1655/1472 58/66/61 61/70/65 1360/1520/1359
f 1355/1652/1469 54/64/59 58/66/61 1359/1655/1472
f 1375/72/67 1239/1517/1356 1360/1520/1359 61/70/65
f 1353/47/46 39/45/45 54/64/59 1355/1652/1469
f 1283/1561/1398 1362/1565/1402 1327/1658/1446 1329/1659/1449
f 1361/1660/1376 1280/1559/1396 1283/1561/1398 1329/1659/1449
f 1278/1558/1395 1280/1559/1396 1361/1660/1376 1257/1661/1375
f 1314/1603/1433 1324/1606/1436 1327/1658/1446 1362/1565/1402
f 1312/1601/1431 1314/1603/1433 1362/1565/1402 1282/1563/1400
f 1310/1571/1408 1312/1601/1431 1282/1563/1400 1285/1564/1401
f 1369/140/123 113/137/120 1300/1583/1420 1297/1582/1419
f 1365/1662/1475 1364/1584/1421 1298/1581/1418 1363/1663/1476
f 1363/1663/1476 1298/1581/1418 1291/1574/1411 1374/1575/1412
f 1368/1214/1106 1366/1664/1477 1364/1584/1421 1365/1662/1475
f 1369/140/123 1297/1582/1419 1364/1584/1421 1366/1664/1477
f 1367/143/126 112/139/122 1369/140/123 1366/1664/1477
f 998/1213/1105 1367/143/126 1366/1664/1477 1368/1214/1106
f 1370/1665/1478 999/1215/1107 1368/1214/1106 1365/1662/1475
f 131/159/142 118/144/127 1367/143/126 998/1213/1105
f 1371/1666/1479 1370/1665/1478 1365/1662/1475 1363/1663/1476
f 1014/1228/1120 1370/1665/1478 1371/1666/1479 1016/1229/1121
f 1001/1216/1108 999/1215/1107 1370/1665/1478 1014/1228/1120
f 1016/1229/1121 1371/1666/1479 1372/1667/1480 1019/1230/1122
f 1372/1667/1480 1371/1666/1479 1363/1663/1476 1374/1575/1412
f 1019/1230/1122 1372/1667/1480 1373/1553/1390 1273/1235/1127
f 1373/1553/1390 1372/1667/1480 1374/1575/1412 1287/1569/1406
f 1257/1661/1375 1259/1543/1377 1263/1542/1381 1278/1558/1395
f 1239/1517/1356 1375/72/67 727/881/813 1237/1515/1354
f 1237/1515/1354 727/881/813 729/882/814 736/889/821
f 1378/1668/1481 1376/1394/1256 1128/1393/1255 1377/1273/1160
f 1379/1669/1482 1380/1670/1483 1378/1668/1481 1377/1273/1160
f 1048/1274/1161 1379/1669/1482 1377/1273/1160
f 1122/1384/1246 1396/1387/1249 1380/1670/1483 1379/1669/1482
f 1381/1671/1484 1395/1385/1247 1122/1384/1246 1379/1669/1482
f 1382/1672/1485 1385/1673/1486 1381/1671/1484 1379/1669/1482
f 1384/1307/1187 1382/1672/1485 1379/1669/1482 1383/1674/1487
f 1379/1669/1482 1048/1274/1161 1074/1304/1184 1383/1674/1487
f 1074/1304/1184 1384/1307/1187 1383/1674/1487
f 1382/1672/1485 1384/1307/1187 1073/1306/1186 1387/1313/1190
f 1115/1373/1235 1394/1376/1238 1385/1673/1486 1382/1672/1485
f 1382/1672/1485 1386/1675/1488 1392/1374/1236 1115/1373/1235
f 1388/1676/1489 1386/1675/1488 1382/1672/1485 1387/1313/1190
f 1389/1677/1490 1391/1678/1491 1388/1676/1489 1387/1313/1190
f 1389/1677/1490 1387/1313/1190 1390/1331/1203 1085/1329/1201
f 1387/1313/1190 1077/1312/1189 1086/1324/1198 1390/1331/1203
f 1393/1372/1234 1391/1678/1491 1389/1677/1490 1088/1330/1202
f 1085/1329/1201 1088/1330/1202 1389/1677/1490
f 1388/1676/1489 1391/1678/1491 1392/1374/1236 1386/1675/1488
f 1392/1374/1236 1391/1678/1491 1393/1372/1234 1114/1371/1233
f 1394/1376/1238 1395/1385/1247 1381/1671/1484 1385/1673/1486
f 1394/1376/1238 1116/1375/1237 1121/1377/1239 1395/1385/1247
f 1378/1668/1481 1380/1670/1483 1396/1387/1249 1376/1394/1256
f 1127/1388/1250 1376/1394/1256 1396/1387/1249 1123/1386/1248
f 1086/1324/1198 1077/1312/1189 1082/1322/1197
f 1028/1243/1135 1030/1250/1139 1035/1256/1143 780/955/881
f 780/955/881 1398/958/884 1397/1244/1136 1028/1243/1135
f 1398/958/884 781/957/883 1399/960/886 1397/1244/1136
f 1399/960/886 1400/1679/1138 1027/1245/1137 1397/1244/1136
f 1400/1679/1138 1399/960/886 782/959/885 789/963/889
f 1402/1680/1041 1403/1681/1492 1401/1139/1040 918/1138/1039
f 1403/1681/1492 1402/1680/1041 816/1682/917 821/1014/923
f 910/1125/1030 1401/1139/1040 1403/1681/1492 821/1014/923
f 912/1119/1024 904/1118/1023 1405/1120/1025 1404/1131/1036
f 911/1135/1035 1404/1683/1036 1405/1684/1025 905/1147/1022
f 821/1014/923 1410/1685/1493 1408/1686/1494 910/1125/1030
f 910/1125/1030 1407/1687/1495 1433/1688/1496 1406/1126/1031
f 1407/1687/1495 910/1125/1030 1408/1686/1494 1409/1689/1497
f 1409/1689/1497 1408/1686/1494 1410/1685/1493 1411/1690/1498
f 821/1014/923 1412/1691/1499 1411/1690/1498 1410/1685/1493
f 1411/1690/1498 1412/1691/1499 1415/1692/1500 1413/1693/1501
f 1409/1689/1497 1411/1690/1498 1413/1693/1501
f 1413/1693/1501 1414/1694/1502 1438/1695/1503 1409/1689/1497
f 1417/1696/1504 1414/1694/1502 1413/1693/1501 1415/1692/1500
f 1412/1691/1499 1463/1697/1505 1416/1698/1506 1415/1692/1500
f 1415/1692/1500 1416/1698/1506 1462/1020/929 824/1019/928
f 824/1019/928 844/1037/946 1418/1699/1507 1415/1692/1500
f 1415/1692/1500 1418/1699/1507 1417/1696/1504
f 1419/1700/1508 1422/1701/1509 1417/1696/1504 1418/1699/1507
f 1421/1702/1510 1419/1700/1508 1418/1699/1507 844/1037/946
f 1422/1701/1509 1419/1700/1508 1420/1703/1511 1423/1704/1512
f 1421/1702/1510 1457/1705/1513 1420/1703/1511 1419/1700/1508
f 1424/1706/1514 1422/1701/1509 1423/1704/1512 1425/1707/1515
f 1422/1701/1509 1424/1706/1514 1427/1708/1516 1417/1696/1504
f 1425/1707/1515 1439/1709/1517 1426/1710/1518 1424/1706/1514
f 1426/1710/1518 892/1103/1008 1428/1711/1519 1424/1706/1514
f 1428/1711/1519 1427/1708/1516 1424/1706/1514
f 892/1103/1008 1429/1712/1520 1428/1711/1519
f 1428/1711/1519 1429/1712/1520 1434/1124/1029 907/1123/1028
f 1428/1711/1519 907/1123/1028 1432/1122/1027 1430/1713/1521
f 1430/1713/1521 1431/1714/1522 1427/1708/1516 1428/1711/1519
f 1433/1688/1496 1431/1714/1522 1430/1713/1521 1432/1122/1027
f 1432/1122/1027 909/1121/1026 1406/1126/1031 1433/1688/1496
f 1427/1708/1516 1431/1714/1522 1433/1688/1496 1407/1687/1495
f 1434/1124/1029 1429/1712/1520 1435/1105/1010 1436/1715/1523
f 1429/1712/1520 892/1103/1008 894/1106/1011 1435/1105/1010
f 895/1104/1009 1436/1715/1523 1435/1105/1010
f 1436/1715/1523 1437/1716/1524 908/1115/1020 1434/1124/1029
f 895/1104/1009 900/1108/1013 1436/1715/1523
f 1436/1715/1523 900/1108/1013 1437/1716/1524
f 1437/1716/1524 900/1108/1013 899/1113/1018
f 1437/1716/1524 899/1113/1018 902/1112/1017 908/1115/1020
f 1427/1708/1516 1438/1695/1503 1414/1694/1502 1417/1696/1504
f 1438/1695/1503 1427/1708/1516 1407/1687/1495 1409/1689/1497
f 1426/1710/1518 1439/1709/1517 892/1103/1008
f 1439/1709/1517 1425/1707/1515 1440/1717/1525 892/1103/1008
f 1425/1707/1515 1423/1704/1512 1441/1718/1526 1440/1717/1525
f 1440/1717/1525 1441/1718/1526 1445/1719/1527 1442/1720/1528
f 1443/1721/1529 892/1103/1008 1440/1717/1525 1442/1720/1528
f 1443/1721/1529 1442/1720/1528 1444/1722/1530 1450/1723/1531
f 1442/1720/1528 1445/1719/1527 1444/1722/1530
f 1441/1718/1526 1449/1724/1532 1446/1725/1533 1445/1719/1527
f 1445/1719/1527 1446/1725/1533 1448/1077/982 1444/1722/1530
f 1446/1725/1533 1449/1724/1532 875/1079/984 1447/1080/985
f 1446/1725/1533 1447/1080/985 873/1078/983 1448/1077/982
f 1441/1718/1526 1423/1704/1512 1420/1703/1511 1449/1724/1532
f 1449/1724/1532 1420/1703/1511 1457/1705/1513 875/1079/984
f 1451/1726/1534 1444/1722/1530 1448/1077/982 872/1076/981
f 1450/1723/1531 1444/1722/1530 1451/1726/1534 1452/1094/999
f 1453/1727/1535 1452/1094/999 1451/1726/1534
f 1451/1726/1534 872/1076/981 1454/1075/980
f 1453/1727/1535 1451/1726/1534 1454/1075/980
f 1453/1727/1535 1454/1075/980 1455/1728/1536 1456/1729/1537
f 871/1074/979 1455/1728/1536 1454/1075/980
f 1456/1729/1537 1455/1728/1536 870/1073/978
f 870/1073/978 1455/1728/1536 871/1074/979
f 1452/1094/999 1453/1727/1535 1456/1729/1537
f 1452/1094/999 1456/1729/1537 870/1073/978
f 1443/1721/1529 1450/1723/1531 1452/1094/999 892/1103/1008
f 1458/1730/1538 875/1079/984 1457/1705/1513 1421/1702/1510
f 1421/1702/1510 844/1037/946 1458/1730/1538
f 1458/1730/1538 844/1037/946 1460/1039/948 1459/1731/1539
f 1458/1730/1538 1459/1731/1539 1461/1081/986 875/1079/984
f 1459/1731/1539 859/1059/964 860/1060/965 1461/1081/986
f 845/1038/947 859/1059/964 1459/1731/1539 1460/1039/948
f 868/1067/972 874/1070/975 1461/1081/986 860/1060/965
f 823/1015/924 1462/1020/929 1416/1698/1506 1463/1697/1505
f 1463/1697/1505 1464/1018/927 820/1016/925 823/1015/924
f 1464/1018/927 1463/1697/1505 1412/1691/1499 821/1014/923
f 877/1083/988 1465/1082/987 881/1084/989
f 1466/1069/974 867/1061/966 862/1063/968 1467/1065/970
f 1467/1732/970 863/1733/969 866/1734/973 1466/1735/974
f 1468/1736/1540 403/479/459 866/1734/973
f 863/1733/969 1470/1737/1541 1468/1736/1540 866/1734/973
f 403/479/459 1468/1736/1540 1469/1738/1542 1483/480/460
f 1469/1738/1542 1468/1736/1540 1470/1737/1541 1472/1739/1543
f 1472/1739/1543 1470/1737/1541 1471/1048/956
f 863/1733/969 852/1046/955 1471/1048/956 1470/1737/1541
f 732/885/817 1472/1739/1543 1471/1048/956 851/888/820
f 1472/1739/1543 1473/880/812 1474/1740/1544 1469/1738/1542
f 732/885/817 724/878/810 1473/880/812 1472/1739/1543
f 1476/1741/1545 1474/1740/1544 1473/880/812 725/877/809
f 1469/1738/1542 1474/1740/1544 1475/1742/1546 1483/480/460
f 1477/1743/1547 1475/1742/1546 1474/1740/1544 1476/1741/1545
f 1476/1741/1545 1478/874/806 1479/824/756 1477/1743/1547
f 725/877/809 719/872/804 1478/874/806 1476/1741/1545
f 679/825/757 1479/824/756 1478/874/806 720/865/797
f 1477/1743/1547 1479/824/756 678/823/755 1480/1744/1548
f 1481/503/473 1475/1742/1546 1477/1743/1547 1480/1744/1548
f 1482/822/754 418/501/471 1481/503/473 1480/1744/1548
f 1480/1744/1548 678/823/755 675/821/753 1482/822/754
f 672/818/750 420/502/472 418/501/471 1482/822/754
f 1475/1742/1546 1481/503/473 402/476/457 1483/480/460
f 1485/1058/963 1484/1066/971 864/1055/960 858/1057/962
f 1485/1745/963 852/1046/955 863/1733/969 1484/1746/971
f 845/1038/947 846/1040/949 859/1059/964
f 842/1025/934 1486/1022/931 826/1021/930 828/1024/933
f 816/1682/917 1488/1747/920 1487/1013/922 821/1014/923
f 1488/1747/920 817/1012/919 819/1011/921 1487/1013/922
f 806/992/906 765/938/864 766/939/865
f 806/992/906 764/935/861 765/938/864
f 779/954/880 1489/1748/1549 1490/1749/1550 777/947/873
f 779/954/880 742/899/831 1491/904/834 1489/1748/1549
f 1492/1750/1551 1490/1749/1550 1489/1748/1549 1491/904/834
f 1491/904/834 743/903/833 1493/1751/836 1492/1750/1551
f 1493/1751/836 744/914/835 1494/1752/1552 1492/1750/1551
f 777/947/873 1490/1749/1550 1492/1750/1551 1494/1752/1552
f 777/947/873 1494/1752/1552 1495/1753/1553 1496/1754/1554
f 1498/1755/1555 1495/1753/1553 1494/1752/1552 744/914/835
f 1497/1756/1556 1500/1757/1557 1496/1754/1554 1495/1753/1553
f 1499/1758/1558 1497/1756/1556 1495/1753/1553 1498/1755/1555
f 1499/1758/1558 1498/1755/1555 744/914/835 748/913/840
f 1501/1759/1559 1497/1756/1556 1499/1758/1558 748/913/840
f 762/928/854 1500/1757/1557 1497/1756/1556 1501/1759/1559
f 762/928/854 1501/1759/1559 756/924/850 758/926/852
f 754/923/849 756/924/850 1501/1759/1559 748/913/840
f 777/947/873 1496/1754/1554 1500/1757/1557 762/928/854
f 1502/859/791 679/825/757 720/865/797 708/860/792
f 1503/843/775 1502/859/791 707/861/793 695/844/776
f 1504/1760/1560 679/825/757 1502/859/791 1503/843/775
f 1504/1760/1560 1503/843/775 693/842/774 689/837/769
f 1504/1760/1560 689/837/769 1505/838/770
f 681/826/758 1504/1760/1560 1505/838/770
f 1504/1760/1560 681/826/758 679/825/757
f 681/826/758 1505/838/770 685/832/764 1517/828/760
f 1506/871/803 1507/850/782 700/851/783 704/854/786
f 1508/1761/1561 1507/850/782 1506/871/803 205/240/224
f 201/238/222 205/240/224 1506/871/803
f 1507/850/782 1508/1761/1561 1509/1762/1562
f 1509/1762/1562 1511/849/781 698/848/780 1507/850/782
f 1509/1762/1562 1508/1761/1561 1513/1763/1563 1510/1764/1564
f 1511/849/781 1509/1762/1562 1510/1764/1564
f 1511/849/781 1510/1764/1564 246/283/267 248/284/268
f 1510/1764/1564 1512/1765/1565 246/283/267
f 1512/1765/1565 1510/1764/1564 1513/1763/1563 1514/1766/1566
f 1514/1766/1566 1513/1763/1563 203/241/225
f 203/241/225 1513/1763/1563 1508/1761/1561 205/240/224
f 1515/1767/1567 1516/1768/1568 1512/1765/1565 1514/1766/1566
f 237/272/256 1515/1767/1567 1514/1766/1566 203/241/225
f 239/275/259 1516/1768/1568 1515/1767/1567 237/272/256
f 1512/1765/1565 1516/1768/1568 239/275/259 246/283/267
f 694/839/771 691/836/768 688/835/767
f 693/842/774 694/839/771 688/835/767 689/837/769
f 670/815/747 1518/362/346 1519/1769/1569 668/813/745
f 1518/362/346 316/361/345 1520/366/350 1519/1769/1569
f 668/813/745 1519/1769/1569 1521/1770/1570 1523/814/746
f 1519/1769/1569 1520/366/350 1522/1771/1571 1521/1770/1570
f 1522/1771/1571 1525/1772/1572 1524/656/612 1521/1770/1570
f 1521/1770/1570 1524/656/612 537/655/611 1523/814/746
f 532/648/604 1524/656/612 1525/1772/1572 1526/647/603
f 1527/1773/1573 531/645/601 1526/647/603 1525/1772/1572
f 1528/1774/1574 1527/1773/1573 1525/1772/1572 1522/1771/1571
f 529/643/599 531/645/601 1527/1773/1573 527/641/597
f 525/640/596 527/641/597 1527/1773/1573 1528/1774/1574
f 322/367/351 525/640/596 1528/1774/1574 320/365/349
f 320/365/349 1528/1774/1574 1522/1771/1571 1520/366/350
f 1523/814/746 537/655/611 1529/654/610 665/810/742
f 589/726/674 593/731/678 1529/654/610 538/653/609
f 584/719/668 591/809/675 1530/1775/1575 1531/720/669
f 1530/1776/1575 591/728/675 582/714/664 1532/1777/667
f 583/716/666 1531/720/669 1530/1775/1575 1532/717/667
f 587/1778/671 1534/1779/1576 1540/1780/1577 1533/1781/672
f 1534/1779/1576 587/1778/671 1535/1782/1578 1536/1783/1579
f 543/667/618 1537/1784/1580 1535/1782/1578 587/1778/671
f 539/657/613 543/665/618 587/727/671
f 1536/1783/1579 1535/1782/1578 1537/1784/1580 1538/689/640
f 543/667/618 559/688/639 1538/689/640 1537/1784/1580
f 1538/689/640 557/687/638 1539/686/637 1536/1783/1579
f 1539/686/637 556/684/635 1534/1779/1576 1536/1783/1579
f 1534/1779/1576 556/684/635 1541/701/652 1540/1780/1577
f 1540/1780/1577 1541/701/652 574/700/651 579/703/654
f 579/703/654 585/711/662 1533/1781/672 1540/1780/1577
f 1542/708/659 576/707/658 1543/600/563 1544/1785/1581
f 1543/600/563 494/599/562 1545/598/561 1544/1785/1581
f 1544/1785/1581 1546/1786/1582 575/704/655 1542/708/659
f 1544/1785/1581 1545/598/561 485/585/552 1546/1786/1582
f 1546/1786/1582 1547/1787/1583 1548/1788/1584 575/704/655
f 1550/584/551 1547/1787/1583 1546/1786/1582 485/585/552
f 1549/582/549 1551/1789/1585 1548/1788/1584 1547/1787/1583
f 1547/1787/1583 1550/584/551 484/583/550 1549/582/549
f 1551/1789/1585 1549/582/549 479/575/542 461/556/523
f 1548/1788/1584 1551/1789/1585 461/556/523 575/704/655
f 1552/682/633 1554/1790/1586 510/629/585 560/683/634
f 1552/682/633 1553/1791/1587 1554/1790/1586
f 1553/1791/1587 1552/682/633 555/678/629
f 1554/1790/1586 1553/1791/1587 1556/1792/1588 512/628/584
f 1554/1790/1586 512/628/584 510/629/585
f 555/678/629 552/677/628 1555/1793/1589 1553/1791/1587
f 1558/1794/1590 1557/1795/1591 1553/1791/1587 1555/1793/1589
f 1558/1794/1590 1556/1792/1588 1553/1791/1587 1557/1795/1591
f 1558/1794/1590 1555/1793/1589 1560/1796/1592 508/627/581
f 1558/1794/1590 508/627/581 1559/626/583 1556/1792/1588
f 509/625/582 512/628/584 1556/1792/1588 1559/626/583
f 1560/1796/1592 1555/1793/1589 552/677/628 1561/676/627
f 508/627/581 1560/1796/1592 1561/676/627 534/675/606
f 559/688/639 543/667/618 1564/666/619 1562/690/641
f 558/681/632 1562/690/641 1563/670/622 553/680/631
f 1562/690/641 1564/666/619 544/668/620 1563/670/622
f 548/664/617 535/663/607 534/675/606 550/672/624
f 1566/1797/1593 1565/1798/548 487/594/547 340/387/371
f 1565/581/548 1566/1799/1593 1567/579/546 483/578/545
f 1566/1799/1593 340/1800/371 482/577/544 1567/579/546
f 477/573/540 482/577/544 1568/572/539
f 1568/572/539 482/577/544 1569/1801/1594 1572/1802/1595
f 344/396/377 1573/1803/1596 1569/1801/1594 482/577/544
f 1570/1804/1597 482/577/544 340/1800/371 1571/1805/373
f 344/396/377 482/577/544 1570/1804/1597 343/393/375
f 1571/1805/373 341/390/372 343/393/375 1570/1804/1597
f 1572/1802/1595 1569/1801/1594 1573/1803/1596 1574/1806/1598
f 344/396/377 349/405/386 1574/1806/1598 1573/1803/1596
f 1574/1806/1598 1575/1807/1599 1576/1808/1600 1572/1802/1595
f 1574/1806/1598 349/405/386 357/415/396 1575/1807/1599
f 1576/1808/1600 1575/1807/1599 357/415/396 476/571/538
f 476/571/538 1568/572/539 1572/1802/1595 1576/1808/1600
f 476/571/538 357/415/396 1579/417/398 1577/1809/1601
f 476/571/538 1577/1809/1601 1578/564/531 465/563/530
f 1579/417/398 358/416/397 1578/564/531 1577/1809/1601
f 358/416/397 1580/419/400 1578/564/531
f 464/562/529 1578/564/531 1580/419/400
f 371/433/414 449/535/502 1581/568/535
f 372/436/417 371/433/414 1581/568/535
f 427/790/482 435/528/495 1582/527/494 1583/1810/484
f 434/523/490 430/522/485 1583/1810/484 1582/527/494
f 423/1811/476 1586/1812/487 1585/525/492 433/524/491
f 423/1811/476 433/524/491 1584/1813/1602 1587/1814/1603
f 379/444/425 1588/1815/1604 1584/1813/1602 433/524/491
f 1585/525/492 1586/1812/487 429/519/486 432/518/488
f 1588/1815/1604 1589/1816/1605 1587/1814/1603 1584/1813/1602
f 1589/1816/1605 1588/1815/1604 379/444/425 416/498/469
f 423/506/476 1587/1817/1603 1589/1818/1605 416/500/469
f 373/437/418 377/439/420 1590/435/416 374/434/415
f 276/314/298 314/357/341 312/323/307 278/316/300
f 299/334/318 300/344/328 291/333/317
f 293/335/319 294/337/321 1591/341/325 1592/1819/1606
f 1593/286/270 1592/1819/1606 1591/341/325 249/285/269
f 1594/1820/1607 293/335/319 1592/1819/1606
f 1594/1820/1607 1592/1819/1606 1593/286/270
f 1595/305/289 267/306/290 1596/1821/1608 1594/1820/1607
f 1600/1822/1609 1595/305/289 1594/1820/1607 1593/286/270
f 1594/1820/1607 1596/1821/1608 1598/336/320 293/335/319
f 1598/336/320 1596/1821/1608 1597/331/315
f 284/324/308 1597/331/315 1596/1821/1608 282/319/303
f 1596/1821/1608 267/306/290 268/307/291 282/319/303
f 1599/1823/1610 1598/336/320 1597/331/315
f 1598/336/320 1599/1823/1610 290/330/314
f 1599/1823/1610 1597/331/315 290/330/314
f 263/301/285 1595/305/289 1600/1822/1609
f 257/294/278 263/301/285 1600/1822/1609 1601/1824/1611
f 1601/1824/1611 1600/1822/1609 1593/286/270 250/287/271
f 255/291/275 258/293/277 1601/1824/1611 250/287/271
f 258/293/277 257/294/278 1601/1824/1611
f 229/265/249 261/264/248 240/274/258
f 252/288/272 255/291/275 250/287/271
f 234/269/253 1602/271/255 232/268/252
f 210/245/229 232/268/252 1602/271/255 204/242/226
f 210/245/229 209/249/233 226/261/245
f 214/229/212 186/221/204 1604/189/172 155/188/171
f 195/230/215 180/216/199 1603/231/214 193/230/213
f 188/222/205 1603/231/214 180/216/199 182/217/200
f 173/209/192 64/74/69 67/77/72
f 168/205/188 1605/208/191 1607/1825/1612 167/204/187
f 1606/1826/1613 1605/208/191 68/80/75 70/83/78
f 1605/208/191 1606/1826/1613 1607/1825/1612
f 1608/1827/1614 167/204/187 1607/1825/1612
f 1610/1828/1615 1608/1827/1614 1607/1825/1612 1606/1826/1613
f 1608/1827/1614 1609/203/186 167/204/187
f 1609/203/186 1608/1827/1614 1610/1828/1615 166/202/185
f 1611/91/86 1612/1829/1616 166/202/185 1610/1828/1615
f 1606/1826/1613 76/87/82 1611/91/86 1610/1828/1615
f 1611/91/86 78/90/85 1613/1830/1617 1612/1829/1616
f 1622/1831/1618 125/153/136 1612/1829/1616 1613/1830/1617
f 1614/1832/1619 1612/1829/1616 125/153/136 1616/155/138
f 157/191/174 166/202/185 1612/1829/1616
f 1614/1832/1619 157/191/174 1612/1829/1616
f 1615/1833/1620 1618/1834/1621 1617/164/147 1614/1832/1619
f 1615/1833/1620 1614/1832/1619 1616/155/138 1619/1835/1622
f 143/170/153 157/191/174 1614/1832/1619 1617/164/147
f 1618/1834/1621 134/161/144 1617/164/147
f 135/163/146 138/168/151 143/170/153 1617/164/147
f 1618/1834/1621 1615/1833/1620 1619/1835/1622
f 134/161/144 1618/1834/1621 1619/1835/1622 1620/1836/1623
f 1616/155/138 1620/1836/1623 1619/1835/1622
f 1616/155/138 126/154/137 130/158/141 1620/1836/1623
f 130/158/141 134/161/144 1620/1836/1623
f 1613/1830/1617 78/90/85 1621/97/92
f 1623/148/131 1622/1831/1618 1613/1830/1617 1621/97/92
f 121/147/130 125/153/136 1622/1831/1618 1623/148/131
f 120/146/129 1623/148/131 1624/1837/1624
f 1624/1837/1624 1623/148/131 1621/97/92 83/96/91
f 117/142/125 120/146/129 1624/1837/1624 1625/1838/1625
f 1625/1838/1625 1624/1837/1624 83/96/91 85/98/93
f 1625/1838/1625 85/98/93 87/99/94 1626/1839/1626
f 115/141/124 117/142/125 1625/1838/1625 1626/1839/1626
f 115/141/124 1626/1839/1626 97/114/104 99/117/106
f 1626/1839/1626 87/99/94 95/102/97 97/114/104
f 76/87/82 1606/1826/1613 70/83/78 72/84/79
f 143/170/153 148/179/162 157/191/174
f 138/168/151 135/163/146 136/166/149 139/167/150
f 123/149/132 118/144/127 131/159/142
f 101/119/107 110/134/117 115/141/124 99/117/106
f 56/67/62 55/62/57 74/85/80
f 31/34/34 47/110/50 44/53/49
f 31/34/34 44/53/49 32/35/35
f 33/36/36 32/35/35 44/53/49 37/41/41
f 35/38/38 40/42/42 34/20/20
