# Blender 5.0.1
# www.blender.org
mtllib sweater.mtl
o Ch31_Sweater
v 0.151767 1.206870 0.001974
v 0.018531 0.999233 0.129730
v 0.128138 1.181388 0.060936
v 0.147821 1.121068 0.016436
v -0.139072 1.079087 0.014908
v -0.083858 0.998676 0.099327
v 0.137484 1.009962 0.073674
v 0.149920 1.015311 0.048929
v -0.136179 1.025713 0.083778
v 0.145592 1.129577 0.024282
v -0.080009 1.012738 0.118047
v 0.015002 1.018898 0.133808
v 0.138794 1.075829 0.045263
v 0.130459 1.048173 0.089856
v -0.134031 1.220878 0.045181
v -0.084246 1.042644 0.120689
v 0.057797 1.440882 0.054536
v -0.091287 1.056460 0.118601
v -0.111591 1.345002 0.093011
v 0.141667 1.072812 -0.008400
v 0.147788 1.114596 -0.000898
v -0.152712 1.154348 0.009243
v 0.142891 1.095942 -0.003442
v 0.145014 1.038363 -0.041657
v 0.088824 1.507788 -0.071293
v -0.147638 1.139817 -0.007498
v 0.133218 1.103939 -0.021916
v -0.081704 1.508020 -0.079343
v 0.098372 1.034609 -0.100147
v 0.135845 1.033743 -0.056370
v 0.128602 1.072136 -0.027335
v 0.098761 1.036851 -0.097163
v 0.143120 1.123797 -0.014026
v 0.151519 1.163777 -0.028994
v -0.136692 1.086987 -0.043681
v 0.135132 1.112684 -0.027817
v 0.165750 1.381341 -0.111603
v 0.086173 1.051755 -0.107782
v 0.116515 1.039675 -0.068983
v 0.120215 1.045649 -0.058862
v 0.127332 1.051817 -0.047913
v 0.118261 1.072337 -0.041915
v 0.143877 1.167006 -0.041944
v 0.145946 1.144305 -0.038110
v 0.123301 1.170923 -0.063528
v -0.114077 1.123097 -0.050991
v -0.039989 1.076175 -0.094929
v -0.072532 1.079097 -0.086410
v 0.150928 1.204620 -0.018646
v 0.148796 1.227418 0.000720
v 0.144965 1.235387 0.021360
v 0.145961 1.221705 0.025521
v 0.142973 1.211438 0.032503
v 0.148757 1.200051 0.012330
v 0.031245 1.003272 0.130364
v 0.008018 1.005959 0.129922
v 0.002556 0.996822 0.123303
v 0.017891 0.991990 0.126118
v 0.127171 1.186439 0.055045
v 0.125379 1.192499 0.065241
v 0.127502 1.183401 0.069352
v -0.167017 1.321721 -0.032022
v 0.150809 1.112290 0.013988
v 0.145670 1.129044 0.004961
v 0.150714 1.113884 0.027962
v 0.141441 1.138948 0.011040
v -0.136516 1.088009 0.018384
v -0.141518 1.094493 0.005179
v -0.142128 1.082151 0.003585
v -0.143072 1.068885 0.006943
v -0.143338 1.072292 0.021117
v -0.142511 1.079180 0.032041
v -0.083156 0.986506 0.096270
v -0.066409 0.983488 0.104713
v -0.066881 0.993435 0.113501
v -0.087104 1.006844 0.103389
v -0.101246 1.005691 0.097934
v -0.102569 0.994077 0.091882
v -0.100412 0.987812 0.086843
v 0.134838 0.999198 0.066939
v 0.138809 0.999985 0.057894
v 0.145491 1.007271 0.062824
v 0.127788 1.012171 0.083501
v 0.125587 1.000475 0.076566
v 0.145052 1.009445 0.051527
v 0.147852 1.013458 0.038109
v 0.153399 1.017553 0.039233
v 0.159154 1.021614 0.041095
v 0.153213 1.018755 0.060074
v -0.151688 1.019067 0.057359
v -0.148282 1.010453 0.058513
v -0.136311 1.004043 0.074477
v -0.122020 1.001628 0.088327
v -0.119200 1.016338 0.096866
v -0.110653 1.037509 0.108804
v -0.124052 1.041207 0.098887
v -0.139699 1.033973 0.073098
v -0.145445 1.028952 0.050106
v -0.126461 1.049642 0.087931
v 0.140622 1.140895 0.032443
v 0.142411 1.137905 0.047580
v 0.145847 1.123772 0.044927
v 0.147947 1.111437 0.042491
v -0.050724 0.993232 0.118127
v -0.051200 1.007136 0.123285
v -0.050535 1.022158 0.129593
v -0.073009 1.026518 0.123831
v 0.143565 1.020933 0.076051
v 0.132630 1.022727 0.086766
v -0.099861 1.020961 0.107271
v 0.048749 1.006018 0.125494
v 0.045331 1.016719 0.130826
v 0.040938 1.030359 0.129576
v 0.018307 1.033066 0.131546
v 0.164772 1.439449 0.028125
v 0.176086 1.425739 0.032671
v 0.174272 1.478545 -0.011332
v 0.162776 1.464882 0.007792
v 0.145792 1.449661 0.024621
v -0.149376 1.414619 0.047652
v -0.136360 1.430652 0.041068
v -0.120326 1.442727 0.034852
v -0.135428 1.457538 0.018439
v -0.144542 1.472206 0.001155
v 0.144684 1.074436 0.038884
v 0.146406 1.088088 0.039811
v 0.138512 1.087621 0.047364
v 0.134487 1.070354 0.048115
v 0.141128 1.068314 0.042212
v 0.129436 1.078748 0.054465
v 0.137849 1.043951 0.081638
v 0.141659 1.058169 0.077499
v 0.133346 1.065554 0.088244
v 0.112926 1.047374 0.104021
v 0.117576 1.033075 0.099468
v 0.134411 1.033143 0.084811
v -0.129005 1.218443 0.052556
v -0.127514 1.235945 0.057581
v -0.135439 1.235809 0.044014
v -0.142482 1.225583 0.026300
v -0.137126 1.206617 0.031198
v -0.066862 1.041909 0.123624
v -0.064103 1.056593 0.121433
v -0.093876 1.035721 0.117489
v 0.040452 1.440773 0.056566
v 0.046896 1.423689 0.067833
v 0.050665 1.457405 0.042559
v 0.036120 1.455941 0.045642
v 0.073852 1.411832 0.072331
v 0.077060 1.428897 0.060158
v -0.061081 1.072180 0.119484
v -0.083541 1.073545 0.119962
v -0.100956 1.077881 0.114379
v -0.110237 1.061264 0.109246
v -0.132296 1.334153 0.080995
v -0.122956 1.312961 0.084215
v -0.106827 1.316173 0.095925
v -0.089630 1.340485 0.101162
v -0.092319 1.365033 0.093410
v -0.087294 1.314680 0.103304
v 0.136214 1.081463 -0.012679
v 0.139312 1.088433 -0.007281
v 0.144493 1.083785 0.000378
v 0.139235 1.073603 0.008812
v 0.138167 1.062145 0.008781
v 0.139855 1.059696 -0.006620
v 0.142040 1.085433 0.009118
v 0.145449 1.108909 -0.003904
v 0.139196 1.115634 -0.018939
v 0.142962 1.134435 -0.010578
v -0.152456 1.133731 0.004872
v -0.144821 1.123702 0.024545
v -0.146999 1.135439 0.028167
v -0.149327 1.175573 -0.005628
v -0.143189 1.150429 -0.008943
v 0.146020 1.096162 0.000926
v 0.139558 1.102118 -0.009569
v 0.136108 1.095224 -0.011929
v 0.150130 1.025395 -0.038941
v 0.144533 1.021858 -0.053530
v 0.140472 1.028508 -0.055348
v 0.152277 1.038512 -0.023788
v 0.154668 1.028524 -0.024937
v 0.143219 1.050098 -0.034469
v 0.144918 1.047483 -0.021985
v 0.136096 1.040925 -0.050453
v 0.068431 1.510547 -0.085687
v 0.065602 1.519636 -0.075178
v 0.079382 1.516488 -0.062069
v 0.111171 1.501753 -0.067093
v 0.111592 1.494908 -0.090932
v 0.087950 1.497007 -0.095762
v 0.071534 1.497607 -0.101796
v -0.148789 1.131130 -0.011687
v -0.135978 1.139723 -0.017059
v 0.130340 1.098963 -0.025351
v 0.132701 1.102745 -0.031800
v 0.135223 1.110002 -0.022627
v 0.135235 1.100904 -0.015914
v 0.130952 1.094929 -0.020174
v 0.138947 1.109044 -0.014561
v -0.074543 1.517570 -0.067820
v -0.061302 1.520768 -0.077211
v -0.082617 1.495274 -0.100476
v -0.099546 1.493254 -0.098137
v -0.102266 1.501606 -0.078856
v -0.091399 1.508963 -0.058270
v -0.082491 1.515092 -0.054036
v -0.105812 1.503416 -0.058982
v 0.107634 1.026061 -0.096451
v 0.105918 1.018795 -0.099010
v 0.094109 1.024207 -0.107991
v 0.082997 1.029113 -0.113827
v 0.084526 1.037912 -0.112325
v 0.093811 1.050268 -0.101581
v 0.098621 1.044312 -0.090139
v -0.146364 1.196482 -0.015470
v -0.147828 1.215813 -0.026589
v -0.141067 1.200237 -0.036377
v -0.137972 1.204004 -0.053486
v -0.131030 1.181276 -0.050958
v -0.135984 1.180632 -0.029426
v -0.139402 1.165616 -0.015480
v 0.127683 1.033291 -0.064970
v 0.132409 1.026183 -0.067561
v 0.131326 1.077442 -0.019209
v 0.138517 1.069659 -0.020307
v 0.133147 1.069267 -0.029238
v 0.126271 1.066443 -0.035683
v 0.124223 1.073082 -0.029612
v 0.127408 1.082969 -0.022679
v 0.107493 1.032865 -0.089569
v 0.103979 1.040465 -0.084163
v 0.140147 1.117703 -0.034907
v 0.143961 1.128812 -0.030639
v 0.144529 1.139144 -0.021322
v 0.144715 1.120451 -0.039760
v 0.149290 1.184881 -0.023036
v 0.152519 1.179824 -0.011684
v 0.153048 1.164919 -0.018333
v 0.141766 1.186664 -0.033913
v 0.152062 1.151949 -0.023854
v 0.150727 1.154872 -0.033930
v 0.144661 1.152389 -0.039324
v -0.139504 1.072683 -0.020847
v -0.140612 1.093170 -0.034337
v -0.138193 1.079030 -0.038801
v -0.153043 1.382332 -0.127295
v -0.151449 1.359827 -0.120457
v -0.169010 1.362344 -0.086369
v 0.139210 1.106037 -0.042047
v 0.140412 1.108157 -0.046901
v 0.170801 1.404509 -0.121215
v 0.149644 1.373529 -0.127901
v 0.153299 1.396547 -0.130163
v 0.064107 1.038100 -0.119088
v 0.061606 1.044451 -0.115906
v 0.079823 1.056408 -0.104722
v 0.100685 1.066611 -0.092190
v 0.103579 1.062109 -0.090144
v 0.057934 1.046853 -0.110197
v 0.103435 1.059124 -0.084953
v 0.118184 1.033734 -0.074339
v 0.109907 1.036804 -0.080352
v 0.108283 1.044396 -0.073199
v 0.115619 1.049711 -0.059240
v 0.134296 1.052543 -0.042776
v 0.121061 1.059173 -0.045263
v 0.130456 1.061295 -0.038726
v 0.118597 1.061462 -0.045037
v 0.110833 1.055588 -0.059889
v 0.109805 1.061045 -0.062167
v 0.125411 1.086282 -0.027535
v 0.136842 1.145242 -0.041224
v 0.133463 1.155844 -0.046144
v 0.130111 1.162742 -0.053752
v 0.135498 1.174266 -0.050378
v 0.150749 1.142966 -0.035124
v 0.147513 1.133294 -0.038934
v 0.141933 1.137199 -0.039758
v 0.126440 1.168229 -0.060003
v 0.119718 1.163119 -0.060989
v 0.118326 1.167702 -0.064258
v 0.118534 1.174772 -0.068014
v 0.124077 1.177643 -0.064734
v 0.128640 1.177653 -0.057734
v -0.117051 1.117604 -0.045258
v -0.120487 1.127622 -0.040246
v -0.115330 1.131664 -0.050021
v -0.110421 1.130775 -0.060416
v -0.110400 1.119668 -0.057924
v -0.112187 1.108296 -0.054584
v -0.032973 1.075197 -0.092306
v -0.033704 1.065872 -0.095380
v -0.044382 1.069700 -0.097120
v -0.053894 1.079647 -0.096398
v -0.042091 1.085712 -0.095705
v -0.034045 1.087124 -0.094719
v -0.074054 1.066452 -0.078366
v -0.084624 1.071251 -0.069169
v -0.084070 1.080955 -0.075741
v -0.086620 1.099462 -0.082270
v -0.060738 1.068730 -0.090471
v -0.062316 1.061339 -0.085952
v -0.047990 1.062535 -0.094303
v -0.049076 1.057079 -0.090483
v -0.049960 1.047699 -0.084689
v -0.063656 1.051023 -0.079556
v -0.076581 1.054991 -0.073180
v -0.068877 1.045759 -0.086607
v -0.082590 1.051171 -0.080908
v -0.096655 1.058517 -0.075193
v -0.089279 1.059868 -0.066255
v -0.108431 1.067876 -0.068672
v -0.102505 1.066629 -0.059629
v -0.096015 1.076439 -0.060540
v -0.094747 1.084235 -0.066544
v -0.115481 1.076515 -0.054726
v -0.108784 1.082276 -0.053129
v -0.106469 1.090098 -0.058060
v -0.106462 1.102951 -0.063582
v -0.097783 1.099211 -0.072782
v -0.122090 1.087718 -0.044116
v -0.115341 1.097323 -0.048444
v -0.129910 1.098001 -0.035495
v -0.121529 1.107485 -0.038858
v -0.134098 1.110617 -0.025334
v -0.125627 1.119117 -0.031575
v -0.135794 1.125591 -0.020818
v -0.128098 1.132370 -0.026987
v -0.123516 1.140580 -0.036972
v -0.127611 1.157232 -0.033750
v -0.122964 1.160518 -0.050184
v -0.117715 1.144209 -0.049956
v -0.130815 1.147577 -0.023334
v -0.116327 1.158193 -0.067538
v -0.111326 1.142378 -0.065545
v -0.106550 1.128058 -0.068787
v -0.094913 1.123133 -0.082025
v -0.100723 1.112546 -0.074556
v -0.106090 1.115952 -0.066429
v -0.070451 1.125330 -0.093581
v -0.040329 1.099562 -0.098345
v -0.065930 1.096377 -0.093776
v -0.016356 1.102098 -0.095134
v -0.021001 1.088322 -0.092336
v -0.011103 1.089084 -0.090319
v -0.010717 1.075730 -0.086522
v -0.022295 1.074804 -0.089106
v -0.010220 1.062872 -0.090051
v -0.022391 1.063753 -0.091909
v -0.009101 1.057117 -0.095626
v -0.022152 1.057697 -0.096522
v -0.035237 1.059188 -0.096916
v -0.022054 1.051902 -0.096806
v -0.035831 1.053658 -0.094450
v -0.021396 1.044000 -0.093396
v -0.035862 1.045159 -0.089311
v -0.022883 1.037990 -0.099813
v -0.038819 1.038602 -0.095967
v -0.054247 1.041287 -0.091547
v -0.040857 1.038010 -0.102282
v -0.056714 1.041846 -0.098221
v -0.071929 1.047004 -0.093678
v -0.059404 1.042458 -0.105710
v -0.075864 1.048100 -0.101988
v -0.091669 1.053703 -0.096150
v -0.086266 1.053372 -0.088176
v -0.109265 1.058521 -0.087007
v -0.100843 1.061616 -0.081372
v -0.123500 1.059686 -0.077014
v -0.113699 1.069650 -0.074481
v -0.135237 1.060823 -0.063468
v -0.131424 1.070747 -0.063656
v -0.119172 1.075225 -0.060136
v -0.146503 1.058136 -0.039978
v -0.141261 1.067517 -0.037854
v -0.150610 1.054774 -0.014878
v -0.143756 1.064680 -0.020165
v -0.151174 1.047416 0.004664
v -0.147540 1.062211 -0.004014
v -0.140943 1.071207 -0.007054
v -0.141880 1.082754 -0.008223
v -0.151159 1.059832 0.014101
v -0.147313 1.046695 0.021477
v -0.143523 1.051799 0.036190
v -0.148879 1.063431 0.029103
v -0.138650 1.058327 0.050043
v -0.146175 1.070013 0.041149
v -0.142516 1.078824 0.051364
v -0.141701 1.086823 0.041485
v -0.134052 1.069088 0.059883
v -0.129654 1.083560 0.064781
v -0.138872 1.090484 0.058487
v -0.130160 1.047041 0.056026
v -0.124378 1.059771 0.067493
v -0.117566 1.075372 0.072774
v -0.112741 1.091924 0.075202
v -0.125597 1.099031 0.068033
v -0.119930 1.052582 0.076207
v -0.111865 1.070101 0.083389
v -0.105441 1.086642 0.086788
v -0.100325 1.102351 0.088224
v -0.109303 1.107970 0.077114
v -0.115735 1.067841 0.097350
v -0.107571 1.084225 0.102287
v -0.100718 1.099669 0.104571
v -0.094339 1.114740 0.105720
v -0.095462 1.117391 0.089802
v -0.093435 1.094496 0.116993
v -0.087799 1.111516 0.117627
v -0.082415 1.128427 0.118371
v -0.088198 1.130539 0.105954
v -0.069603 1.088913 0.118786
v -0.062983 1.105935 0.117756
v -0.073128 1.152257 0.118899
v -0.055420 1.124903 0.116353
v -0.048536 1.146986 0.115150
v -0.017771 1.144510 0.111925
v -0.014467 1.165581 0.110347
v -0.011763 1.185418 0.109136
v 0.013892 1.163957 0.110892
v 0.014622 1.183552 0.110111
v 0.015039 1.202214 0.109585
v 0.015128 1.220471 0.109269
v 0.039246 1.200860 0.112879
v 0.037429 1.218524 0.111430
v 0.035980 1.236399 0.109989
v 0.035507 1.254346 0.108428
v 0.058608 1.216945 0.115387
v 0.055344 1.234452 0.112628
v 0.053608 1.252115 0.109710
v 0.053651 1.269441 0.106428
v 0.065605 1.234610 0.112125
v 0.064105 1.251285 0.109141
v 0.065880 1.267386 0.105076
v 0.069338 1.283212 0.102004
v 0.055148 1.286764 0.104331
v 0.071041 1.249701 0.106071
v 0.073597 1.265071 0.102105
v 0.080974 1.279426 0.098529
v 0.087201 1.293303 0.098229
v 0.074259 1.298764 0.103329
v 0.087938 1.261903 0.095601
v 0.092961 1.275315 0.093800
v 0.098344 1.287790 0.091533
v 0.107700 1.297415 0.089441
v 0.095018 1.306909 0.099585
v 0.113343 1.268859 0.077740
v 0.115865 1.281541 0.076161
v 0.120650 1.294276 0.077135
v 0.127945 1.307468 0.077385
v 0.116499 1.314042 0.089987
v 0.125472 1.277315 0.064513
v 0.130196 1.289546 0.063346
v 0.136442 1.301626 0.062538
v 0.143202 1.313431 0.061301
v 0.134865 1.320510 0.075791
v 0.138872 1.284639 0.048582
v 0.143473 1.296864 0.047134
v 0.148949 1.308498 0.045782
v 0.154446 1.319404 0.043673
v 0.150007 1.324968 0.058988
v 0.149908 1.293046 0.031416
v 0.153684 1.306124 0.030248
v 0.157176 1.315040 0.028543
v 0.162637 1.326712 0.025305
v 0.160558 1.330357 0.040510
v 0.158586 1.308246 0.014973
v 0.166769 1.326721 0.009992
v 0.168017 1.334398 0.022371
v 0.168568 1.321758 -0.014519
v 0.172477 1.347577 0.001116
v 0.171866 1.344615 -0.021859
v 0.172514 1.371649 -0.027670
v 0.173722 1.374073 -0.010520
v 0.177505 1.378855 0.002646
v 0.174982 1.358227 0.010833
v 0.171617 1.347387 0.016394
v 0.177986 1.364810 0.022665
v 0.171865 1.352750 0.029727
v 0.166742 1.340592 0.036475
v 0.170273 1.360488 0.042477
v 0.163937 1.348263 0.050426
v 0.156782 1.336788 0.055408
v 0.157151 1.358661 0.062079
v 0.149049 1.345890 0.068483
v 0.141799 1.333264 0.072865
v 0.137488 1.356867 0.077753
v 0.130074 1.343402 0.083210
v 0.123189 1.329383 0.087460
v 0.116147 1.354605 0.089370
v 0.109116 1.339377 0.095095
v 0.102533 1.323160 0.098894
v 0.092911 1.349521 0.098552
v 0.086320 1.332325 0.103363
v 0.079971 1.314921 0.105114
v 0.068434 1.340827 0.104199
v 0.062860 1.322137 0.106926
v 0.058323 1.304139 0.105932
v 0.044306 1.328836 0.106405
v 0.040335 1.309564 0.106568
v 0.037574 1.290883 0.105418
v 0.036178 1.272391 0.106824
v 0.018598 1.295092 0.105748
v 0.017042 1.275670 0.106614
v 0.015688 1.257035 0.107903
v 0.015181 1.238698 0.108892
v -0.005170 1.259623 0.107694
v -0.006211 1.241033 0.108753
v -0.007479 1.222709 0.109173
v -0.009372 1.204305 0.108963
v -0.029650 1.225219 0.109974
v -0.033460 1.207219 0.111132
v -0.038014 1.188832 0.112839
v -0.042682 1.169183 0.114166
v -0.060580 1.194325 0.117017
v -0.065325 1.176029 0.117836
v -0.073967 1.179189 0.110580
v -0.080191 1.154861 0.108062
v -0.083802 1.157285 0.095213
v -0.090400 1.132941 0.091988
v -0.094543 1.160691 0.088944
v -0.101065 1.137071 0.084041
v -0.105498 1.122741 0.080614
v -0.116014 1.141203 0.081416
v -0.120993 1.127756 0.076815
v -0.123500 1.114119 0.072268
v -0.129028 1.132622 0.070554
v -0.132477 1.119355 0.066752
v -0.134995 1.104251 0.063652
v -0.132632 1.123695 0.055915
v -0.135733 1.108410 0.055411
v -0.139044 1.096324 0.049702
v -0.131811 1.113417 0.042946
v -0.134788 1.102976 0.037057
v -0.135424 1.094967 0.027904
v -0.142738 1.114588 0.018699
v -0.140806 1.105815 0.010210
v -0.150826 1.122421 0.001976
v -0.149437 1.110161 -0.003201
v -0.146509 1.094992 -0.007600
v -0.149612 1.118671 -0.017863
v -0.147366 1.105384 -0.026369
v -0.131353 1.128231 0.041829
v -0.132395 1.142164 0.045129
v -0.147576 1.149074 0.033585
v -0.128689 1.136886 0.058365
v -0.124715 1.148978 0.064669
v -0.132140 1.155150 0.052433
v -0.123760 1.145312 0.076134
v -0.120058 1.169729 0.073351
v -0.107375 1.163588 0.088234
v -0.116493 1.166360 0.084097
v -0.087503 1.185248 0.092182
v -0.100131 1.188981 0.091042
v -0.077967 1.181231 0.099325
v -0.073997 1.197864 0.100851
v -0.083830 1.201530 0.094734
v -0.069493 1.196457 0.110234
v -0.065194 1.213609 0.111155
v -0.070213 1.215187 0.103434
v -0.055878 1.211278 0.115755
v -0.049681 1.228534 0.113295
v -0.061132 1.231070 0.112139
v -0.046064 1.245573 0.110843
v -0.027482 1.243208 0.109004
v -0.026879 1.261636 0.107634
v -0.003434 1.279017 0.106408
v -0.001636 1.299315 0.105994
v 0.021141 1.314823 0.106824
v 0.024744 1.335095 0.105510
v 0.049372 1.348505 0.102319
v 0.055562 1.368516 0.095461
v 0.075000 1.359357 0.098223
v 0.082887 1.377646 0.089815
v 0.100299 1.365852 0.091454
v 0.108856 1.381165 0.082769
v 0.092473 1.394798 0.079537
v 0.124017 1.369019 0.082333
v 0.133737 1.382883 0.073087
v 0.119500 1.395599 0.072236
v 0.146202 1.370395 0.070216
v 0.157076 1.383786 0.058987
v 0.145569 1.396957 0.061267
v 0.165666 1.371323 0.052172
v 0.175987 1.383534 0.042627
v 0.169048 1.396040 0.046008
v 0.179260 1.372577 0.033978
v 0.185351 1.389893 0.025262
v 0.185971 1.400005 0.032369
v 0.181849 1.383372 0.014647
v 0.182951 1.412398 0.034785
v 0.158576 1.409140 0.046243
v 0.145220 1.422270 0.044229
v 0.131325 1.409333 0.059569
v 0.129364 1.433658 0.040454
v 0.116411 1.421044 0.055796
v 0.104284 1.408206 0.068675
v 0.101356 1.431895 0.051295
v 0.089141 1.420419 0.063763
v 0.063265 1.389418 0.085959
v 0.040667 1.398131 0.081888
v 0.034670 1.376105 0.092235
v 0.029303 1.355429 0.100167
v 0.008464 1.361694 0.097922
v 0.004244 1.341000 0.104163
v 0.000866 1.319975 0.106871
v -0.020304 1.325120 0.106653
v -0.022673 1.303424 0.106073
v -0.024668 1.282171 0.106099
v -0.045795 1.284791 0.105242
v -0.048789 1.261488 0.108274
v -0.056128 1.247538 0.110690
v -0.066484 1.249128 0.105003
v -0.068256 1.232632 0.104820
v -0.073897 1.250893 0.100692
v -0.077131 1.234724 0.099398
v -0.079981 1.217865 0.097287
v -0.088370 1.237369 0.095612
v -0.092153 1.220561 0.093872
v -0.096673 1.204819 0.092336
v -0.103771 1.223828 0.090776
v -0.108640 1.207729 0.089562
v -0.112032 1.190877 0.088957
v -0.117697 1.211778 0.083545
v -0.120260 1.193306 0.081344
v -0.128064 1.200379 0.072931
v -0.131298 1.175688 0.064171
v -0.138864 1.185552 0.053723
v -0.144740 1.163325 0.042298
v -0.135100 1.193546 0.039923
v -0.145501 1.175070 0.026664
v -0.148464 1.162163 0.016701
v -0.142822 1.188442 0.012573
v -0.147521 1.181000 0.003345
v -0.145863 1.209894 0.007425
v -0.149561 1.202979 -0.004118
v -0.147435 1.227000 0.007233
v -0.150201 1.220287 -0.008465
v -0.151448 1.241073 0.006447
v -0.152541 1.235606 -0.009661
v -0.151695 1.231834 -0.022537
v -0.154966 1.250346 -0.013944
v -0.154742 1.243890 -0.030971
v -0.148492 1.231537 -0.050250
v -0.159318 1.263518 -0.037186
v -0.157365 1.265665 -0.058262
v -0.162084 1.278783 -0.041516
v -0.161197 1.298099 -0.071254
v -0.145056 1.296004 -0.097345
v -0.167702 1.333217 -0.078546
v -0.152999 1.334394 -0.108258
v -0.132332 1.355208 -0.131647
v -0.123918 1.330012 -0.128329
v -0.119253 1.294370 -0.116434
v -0.113866 1.262998 -0.105099
v -0.139326 1.262842 -0.086814
v -0.131568 1.232697 -0.077729
v -0.122914 1.206481 -0.072221
v -0.120658 1.181058 -0.071012
v -0.100259 1.180746 -0.083679
v -0.102048 1.151181 -0.081541
v -0.074024 1.153932 -0.092402
v -0.047943 1.156174 -0.098119
v -0.044595 1.127935 -0.098897
v -0.019053 1.130258 -0.099331
v 0.008651 1.104599 -0.090491
v 0.014519 1.091249 -0.085230
v 0.003603 1.090403 -0.087319
v 0.015674 1.078330 -0.081563
v 0.002538 1.077279 -0.083930
v 0.016468 1.065967 -0.082687
v 0.002880 1.064825 -0.086087
v 0.017955 1.061892 -0.090843
v 0.003533 1.058665 -0.093775
v 0.019902 1.057768 -0.096597
v 0.005320 1.050896 -0.096192
v -0.008046 1.051391 -0.095539
v 0.007107 1.046203 -0.100720
v -0.006625 1.044187 -0.096284
v 0.008961 1.043829 -0.105852
v -0.006909 1.039747 -0.103273
v 0.008921 1.040968 -0.112092
v -0.007648 1.038021 -0.109199
v -0.024319 1.037052 -0.105961
v -0.008518 1.036552 -0.116390
v -0.025863 1.036395 -0.112827
v -0.042941 1.037828 -0.109341
v -0.027132 1.035583 -0.119960
v -0.044657 1.037235 -0.116341
v -0.062352 1.040619 -0.113321
v -0.046503 1.033432 -0.120849
v -0.064051 1.036701 -0.115477
v -0.083066 1.035441 -0.108111
v -0.080084 1.043230 -0.107151
v -0.100883 1.036418 -0.097113
v -0.096352 1.045697 -0.098131
v -0.116237 1.037355 -0.085419
v -0.112404 1.048210 -0.086949
v -0.129695 1.036903 -0.072859
v -0.126601 1.049409 -0.075064
v -0.141130 1.037106 -0.060175
v -0.138778 1.049047 -0.061437
v -0.154059 1.038375 -0.034892
v -0.152350 1.046520 -0.035498
v -0.149644 1.033786 -0.009063
v -0.149651 1.041544 -0.009778
v -0.146240 1.030303 0.007584
v -0.147584 1.038054 0.006559
v -0.142124 1.030170 0.025354
v -0.142492 1.037689 0.023287
v -0.136341 1.032599 0.043476
v -0.137157 1.041244 0.039404
v -0.129729 1.038731 0.063337
v -0.150526 1.026739 0.029415
v -0.153240 1.026586 0.010604
v -0.162249 1.020748 0.011281
v -0.159103 1.020593 0.033280
v -0.160639 1.011853 0.010828
v -0.157230 1.012467 0.033916
v -0.153012 1.007926 0.010611
v -0.149312 1.009406 0.032109
v -0.142709 1.007038 0.053171
v -0.145864 1.001393 0.030904
v -0.138935 0.998596 0.048355
v -0.129303 0.994148 0.062563
v -0.131490 1.001260 0.067310
v -0.115884 0.989853 0.075564
v -0.118562 0.995863 0.080630
v -0.118852 0.974006 0.074063
v -0.102577 0.971537 0.084900
v -0.086048 0.969562 0.093708
v -0.068386 0.967087 0.101863
v -0.049817 0.965626 0.109603
v -0.049272 0.982991 0.112019
v -0.031184 0.983575 0.116896
v -0.033043 0.995083 0.122152
v -0.034025 1.007444 0.128197
v -0.013653 0.984293 0.120308
v -0.013778 0.996599 0.125209
v -0.012950 1.009938 0.130037
v -0.009735 1.023113 0.134442
v -0.031248 1.021237 0.132649
v -0.029249 1.037100 0.130691
v -0.048130 1.037788 0.127470
v -0.008234 1.038349 0.133303
v 0.006641 1.049427 0.130244
v 0.007754 1.067483 0.126235
v 0.048436 1.046778 0.126083
v 0.044496 1.064759 0.122598
v 0.042931 1.082545 0.119889
v 0.043173 1.100653 0.118006
v 0.078308 1.063008 0.121764
v 0.075912 1.080387 0.121079
v 0.075804 1.097887 0.120160
v 0.077247 1.114593 0.119703
v 0.096107 1.079060 0.115812
v 0.094608 1.098796 0.116748
v 0.090155 1.117794 0.118103
v 0.073405 1.141651 0.119383
v 0.106292 1.106836 0.109374
v 0.098467 1.123911 0.112332
v 0.089012 1.147018 0.113721
v 0.084270 1.145427 0.118300
v 0.091558 1.147843 0.103728
v 0.085531 1.169883 0.101895
v 0.081960 1.170771 0.112250
v 0.101060 1.153923 0.083262
v 0.101591 1.174993 0.085063
v 0.103100 1.192405 0.086800
v 0.081915 1.187113 0.100463
v 0.112085 1.158845 0.079848
v 0.112755 1.181821 0.083094
v 0.114699 1.196579 0.084517
v 0.117105 1.209824 0.083969
v 0.105114 1.207306 0.087888
v 0.122297 1.184397 0.078968
v 0.123167 1.196215 0.076799
v 0.122263 1.207000 0.072115
v 0.125549 1.217608 0.068812
v 0.119260 1.220464 0.081652
v 0.125679 1.201644 0.059454
v 0.130738 1.211037 0.054555
v 0.136760 1.221144 0.050173
v 0.129180 1.227835 0.065356
v 0.129237 1.193847 0.047213
v 0.134796 1.202563 0.039461
v 0.132468 1.182772 0.035693
v 0.137877 1.191264 0.024092
v 0.135985 1.166328 0.026237
v 0.140370 1.173341 0.012807
v 0.148616 1.176586 -0.001377
v 0.145924 1.157926 0.006498
v 0.149035 1.161926 -0.006435
v 0.145458 1.145678 -0.001795
v 0.146672 1.149764 -0.013498
v 0.150872 1.141586 -0.030270
v 0.148480 1.130994 -0.035406
v 0.143783 1.122588 -0.043054
v 0.140034 1.125643 -0.044547
v 0.134932 1.128584 -0.043646
v 0.136274 1.113434 -0.050815
v 0.132155 1.115276 -0.050004
v 0.126508 1.118185 -0.047678
v 0.118728 1.129115 -0.048841
v 0.128316 1.136515 -0.044128
v 0.122997 1.103756 -0.054965
v 0.116869 1.107056 -0.052190
v 0.107368 1.119620 -0.055507
v 0.114581 1.146382 -0.054384
v 0.103383 1.098122 -0.058250
v 0.095176 1.109508 -0.063063
v 0.099952 1.134916 -0.062021
v 0.085509 1.103235 -0.069179
v 0.084112 1.120417 -0.070891
v 0.077674 1.146257 -0.079599
v 0.056663 1.139335 -0.089617
v 0.052720 1.166303 -0.095343
v 0.031654 1.135622 -0.093588
v 0.028501 1.163790 -0.097947
v 0.026044 1.191200 -0.101090
v 0.003499 1.160984 -0.099823
v 0.001096 1.188889 -0.101778
v -0.000631 1.216444 -0.105356
v -0.026516 1.214324 -0.104744
v -0.028243 1.241627 -0.111560
v -0.055029 1.239123 -0.109887
v -0.057526 1.267423 -0.116970
v -0.085710 1.264836 -0.114218
v -0.089491 1.293852 -0.125763
v -0.092203 1.324589 -0.135764
v -0.092367 1.353563 -0.141882
v -0.116703 1.353786 -0.137380
v -0.116879 1.377800 -0.140580
v -0.135008 1.377415 -0.135373
v -0.136053 1.397195 -0.136252
v -0.117129 1.394218 -0.140806
v -0.154600 1.401609 -0.129905
v -0.156671 1.419109 -0.130465
v -0.137172 1.416530 -0.135536
v -0.158963 1.435343 -0.128758
v -0.164084 1.476085 -0.104626
v -0.162919 1.464139 -0.116147
v -0.161111 1.450464 -0.124007
v -0.141053 1.464640 -0.120460
v -0.139661 1.449884 -0.128006
v -0.138436 1.433319 -0.133145
v -0.118313 1.448766 -0.130590
v -0.117974 1.429641 -0.136685
v -0.117692 1.415212 -0.139199
v -0.098977 1.420632 -0.140594
v -0.097914 1.386468 -0.143669
v -0.064459 1.386120 -0.144424
v -0.062884 1.355036 -0.142629
v -0.033450 1.355922 -0.142471
v -0.032509 1.325982 -0.136607
v -0.061808 1.325062 -0.136460
v -0.031256 1.297302 -0.127524
v -0.059939 1.295790 -0.127043
v -0.029694 1.269500 -0.118086
v -0.001860 1.270908 -0.118643
v -0.001565 1.243738 -0.111990
v 0.024317 1.244296 -0.112137
v 0.024661 1.217929 -0.105745
v 0.048774 1.218233 -0.105495
v 0.049890 1.192641 -0.099099
v 0.071877 1.195046 -0.093799
v 0.074249 1.170655 -0.087541
v 0.092802 1.176146 -0.078259
v 0.094797 1.155064 -0.069737
v 0.111765 1.162620 -0.063906
v 0.122352 1.155030 -0.054818
v 0.124400 1.148428 -0.049430
v 0.111980 1.179812 -0.072988
v 0.091873 1.198024 -0.087051
v 0.071375 1.219337 -0.101122
v 0.048686 1.244074 -0.111733
v 0.024411 1.270946 -0.118579
v -0.003262 1.298220 -0.127851
v -0.004185 1.326617 -0.136765
v -0.004809 1.356446 -0.142491
v -0.034458 1.386649 -0.143930
v -0.065227 1.417876 -0.141540
v -0.098494 1.452948 -0.130963
v -0.118814 1.461923 -0.124282
v -0.118599 1.479080 -0.111918
v -0.092469 1.480848 -0.114643
v -0.141984 1.478630 -0.108829
v -0.143122 1.489238 -0.093444
v -0.120893 1.490987 -0.095894
v -0.164454 1.485007 -0.089789
v -0.163687 1.490259 -0.072687
v -0.142974 1.495219 -0.075379
v -0.161216 1.491706 -0.054396
v -0.166697 1.343060 -0.034173
v -0.162511 1.339877 -0.046181
v -0.162730 1.317842 -0.044729
v -0.162001 1.315187 -0.058179
v -0.162466 1.313015 -0.071729
v -0.163647 1.334230 -0.086077
v -0.159781 1.335142 -0.072687
v -0.159827 1.337191 -0.059129
v -0.151159 1.482612 -0.017272
v -0.157107 1.489443 -0.035669
v -0.131922 1.486561 -0.019020
v -0.137654 1.493792 -0.037289
v -0.141169 1.496489 -0.056319
v -0.120457 1.495967 -0.039454
v -0.122565 1.499548 -0.058072
v -0.122320 1.498029 -0.077391
v -0.105764 1.499263 -0.040780
v -0.090895 1.496433 -0.024846
v -0.093620 1.504278 -0.040493
v -0.116006 1.488295 -0.022425
v -0.102344 1.491456 -0.024563
v -0.125241 1.475603 -0.002412
v -0.110225 1.478910 -0.006539
v -0.102875 1.469784 0.008894
v -0.091182 1.475989 0.005286
v -0.097377 1.483376 -0.009226
v -0.116842 1.463578 0.013454
v -0.105908 1.452617 0.028889
v -0.093693 1.461248 0.023313
v -0.083438 1.469128 0.018397
v -0.093281 1.443269 0.043237
v -0.082876 1.453874 0.036233
v -0.074024 1.463126 0.029801
v -0.066599 1.471343 0.024410
v -0.074625 1.476360 0.014609
v -0.069849 1.447137 0.046925
v -0.062520 1.457998 0.039074
v -0.056751 1.467563 0.031972
v -0.053275 1.475470 0.026854
v -0.060573 1.478750 0.020752
v -0.044042 1.465866 0.036696
v -0.045319 1.473371 0.031127
v -0.044445 1.480883 0.028126
v -0.050718 1.482948 0.024329
v -0.039629 1.472019 0.033466
v -0.037923 1.479120 0.030990
v -0.031364 1.470555 0.035963
v -0.031130 1.477852 0.033092
v -0.025267 1.469745 0.037322
v -0.023961 1.477023 0.034481
v -0.016239 1.468787 0.038805
v -0.016312 1.476512 0.035375
v -0.009610 1.468354 0.039505
v -0.008348 1.476169 0.036062
v -0.000099 1.467808 0.040137
v -0.000345 1.476044 0.036465
v 0.006678 1.467719 0.040144
v 0.007608 1.476460 0.036238
v 0.016337 1.467497 0.039803
v 0.015622 1.477096 0.035577
v 0.023246 1.467566 0.039204
v 0.023380 1.477765 0.034775
v 0.033511 1.467587 0.038015
v 0.029777 1.478502 0.033948
v 0.045113 1.469450 0.034780
v 0.040904 1.480657 0.031468
v 0.055801 1.473378 0.028818
v 0.049993 1.483250 0.027683
v 0.065229 1.478550 0.019982
v 0.058987 1.486921 0.021310
v 0.073053 1.484849 0.007830
v 0.067697 1.493178 0.008913
v 0.078737 1.491880 -0.005634
v 0.071772 1.498415 -0.001667
v 0.083343 1.500563 -0.021761
v 0.076770 1.506853 -0.017014
v 0.085736 1.510200 -0.041161
v 0.079896 1.516136 -0.038592
v 0.072261 1.523538 -0.059167
v 0.061855 1.527756 -0.069002
v 0.051427 1.522191 -0.082222
v 0.051906 1.530861 -0.075226
v 0.041452 1.523633 -0.085919
v 0.041041 1.533231 -0.080035
v 0.026868 1.524772 -0.088765
v 0.028777 1.535036 -0.083302
v 0.016068 1.525137 -0.089572
v 0.015700 1.536002 -0.084972
v 0.000734 1.525995 -0.091224
v 0.002559 1.536926 -0.085204
v -0.010364 1.525169 -0.089863
v -0.011116 1.536181 -0.085208
v -0.025869 1.524761 -0.089153
v -0.024449 1.535098 -0.084322
v -0.036929 1.524292 -0.087359
v -0.037476 1.533887 -0.080954
v -0.051415 1.522297 -0.082122
v -0.049918 1.531765 -0.075504
v -0.060351 1.528670 -0.068918
v -0.070484 1.524319 -0.059294
v -0.076096 1.520605 -0.050425
v -0.084567 1.509998 -0.039164
v -0.078354 1.516732 -0.039290
v -0.081883 1.502303 -0.023541
v -0.075500 1.509497 -0.020288
v -0.077376 1.494768 -0.009109
v -0.070340 1.501209 -0.003710
v -0.072642 1.488683 0.002660
v -0.066059 1.495910 0.005374
v -0.067048 1.483344 0.012535
v -0.061254 1.490903 0.013329
v -0.055738 1.485935 0.020008
v -0.081218 1.482176 0.003038
v -0.086512 1.488766 -0.010207
v -0.031679 1.514508 -0.094381
v -0.057452 1.513035 -0.088614
v -0.032517 1.494834 -0.108923
v -0.059020 1.496251 -0.106490
v -0.033695 1.472706 -0.122909
v -0.062108 1.475966 -0.122134
v -0.064544 1.448465 -0.134041
v -0.034679 1.446281 -0.133644
v -0.034953 1.417131 -0.140828
v -0.005605 1.416846 -0.140634
v -0.005301 1.386783 -0.143790
v 0.023650 1.386642 -0.143842
v 0.023615 1.356054 -0.142477
v 0.023608 1.326263 -0.136695
v 0.023977 1.298001 -0.127772
v 0.050298 1.297056 -0.127438
v 0.049279 1.270489 -0.118137
v 0.073527 1.269327 -0.117074
v 0.071954 1.244109 -0.108446
v 0.094066 1.243860 -0.103513
v 0.092214 1.220693 -0.094928
v 0.111106 1.221964 -0.086894
v 0.110114 1.200877 -0.080022
v 0.124137 1.204271 -0.071084
v 0.123763 1.187821 -0.067444
v 0.134495 1.205958 -0.059143
v 0.130239 1.190292 -0.057253
v 0.141834 1.205917 -0.044919
v 0.135880 1.189418 -0.045882
v 0.146737 1.204630 -0.029992
v 0.147797 1.224093 -0.043535
v 0.140050 1.223927 -0.062159
v 0.154672 1.245773 -0.044058
v 0.127172 1.223203 -0.076274
v 0.132142 1.243743 -0.083344
v 0.146580 1.244089 -0.066570
v 0.114500 1.243627 -0.095438
v 0.137439 1.266135 -0.090637
v 0.118855 1.266876 -0.104469
v 0.097106 1.267814 -0.113525
v 0.100712 1.293586 -0.123562
v 0.075705 1.295419 -0.126896
v 0.077919 1.323363 -0.136109
v 0.050941 1.325183 -0.136462
v 0.051792 1.355071 -0.142515
v 0.052715 1.386240 -0.144164
v 0.052993 1.417755 -0.141105
v 0.023540 1.417056 -0.140707
v 0.023108 1.446213 -0.133483
v -0.005714 1.445542 -0.133514
v -0.005667 1.471646 -0.122785
v -0.005175 1.514667 -0.095596
v -0.005532 1.494039 -0.109176
v 0.021026 1.514645 -0.094971
v 0.021323 1.494706 -0.108838
v 0.022337 1.472634 -0.122564
v 0.052389 1.448337 -0.133626
v 0.083577 1.418510 -0.141522
v 0.118586 1.422161 -0.138134
v 0.115009 1.385672 -0.141307
v 0.082562 1.385154 -0.144503
v 0.106992 1.350248 -0.139443
v 0.079854 1.353206 -0.142539
v 0.104515 1.321696 -0.132678
v 0.130205 1.322655 -0.122870
v 0.123674 1.293074 -0.113448
v 0.142337 1.291036 -0.097905
v 0.156366 1.290471 -0.078224
v 0.152314 1.266317 -0.072057
v 0.160146 1.268933 -0.047898
v 0.155459 1.248659 -0.016622
v 0.151194 1.221604 -0.021597
v 0.154174 1.245210 0.001492
v 0.154228 1.257090 0.000436
v 0.150315 1.262357 0.018113
v 0.149869 1.249096 0.020573
v 0.143914 1.267297 0.035109
v 0.142581 1.254601 0.038043
v 0.138594 1.242583 0.039996
v 0.132914 1.260111 0.053265
v 0.129902 1.248415 0.055671
v 0.127803 1.237308 0.059249
v 0.136156 1.230987 0.043520
v 0.120888 1.252877 0.068862
v 0.121066 1.241611 0.073441
v 0.121246 1.230936 0.078332
v 0.111680 1.244526 0.085275
v 0.109616 1.232452 0.087467
v 0.107193 1.220442 0.088213
v 0.082433 1.233410 0.097220
v 0.080469 1.218760 0.097898
v 0.080436 1.203651 0.098950
v 0.072459 1.218858 0.109179
v 0.074432 1.203353 0.110366
v 0.077377 1.187414 0.111162
v 0.070476 1.202216 0.115220
v 0.073661 1.186151 0.116120
v 0.078235 1.169779 0.117150
v 0.065794 1.184192 0.118840
v 0.069260 1.167760 0.119751
v 0.042101 1.164012 0.114838
v 0.043181 1.142054 0.115657
v 0.043820 1.119807 0.116768
v 0.012715 1.143067 0.112190
v 0.011139 1.122268 0.115028
v 0.009233 1.103143 0.118753
v 0.007866 1.085162 0.122588
v -0.025451 1.104283 0.117018
v -0.028870 1.086736 0.119813
v -0.029599 1.069838 0.123279
v -0.035342 1.053411 0.125921
v -0.021560 1.123573 0.114370
v 0.040731 1.182957 0.114010
v 0.062620 1.200626 0.117672
v 0.068271 1.218074 0.113730
v 0.071377 1.234045 0.107727
v 0.084412 1.247824 0.096695
v 0.112541 1.256572 0.081404
v 0.122787 1.264852 0.066011
v 0.135260 1.272259 0.050524
v 0.146641 1.280118 0.033060
v 0.152661 1.276454 0.016342
v 0.155197 1.290478 0.014849
v 0.156897 1.273156 -0.001573
v 0.158894 1.285221 -0.003623
v 0.162138 1.303253 -0.008386
v 0.160216 1.274205 -0.019797
v 0.164336 1.297246 -0.030123
v 0.163705 1.292635 -0.054681
v 0.148903 1.316501 -0.104394
v 0.157408 1.343403 -0.108501
v 0.141381 1.347233 -0.124249
v 0.127716 1.350192 -0.132549
v 0.132003 1.374770 -0.136343
v 0.134358 1.393017 -0.136749
v 0.137202 1.416435 -0.135614
v 0.156562 1.417197 -0.130761
v 0.176258 1.421940 -0.125140
v 0.138740 1.431860 -0.133471
v 0.159501 1.434831 -0.129099
v 0.181536 1.437273 -0.125278
v 0.162056 1.451866 -0.123792
v 0.186407 1.451560 -0.120386
v 0.189849 1.464283 -0.110234
v 0.187885 1.487206 -0.055860
v 0.182520 1.486053 -0.033245
v 0.157682 1.492576 -0.059125
v 0.152402 1.490546 -0.036558
v 0.144761 1.482524 -0.015063
v 0.130166 1.495121 -0.039940
v 0.124148 1.486196 -0.019012
v 0.116982 1.474694 -0.000961
v 0.135769 1.470238 0.004256
v 0.107952 1.463319 0.016008
v 0.124809 1.456110 0.020324
v 0.098075 1.452486 0.031874
v 0.113237 1.443569 0.036154
v 0.087511 1.441710 0.046804
v 0.084836 1.461509 0.027286
v 0.073548 1.452330 0.041393
v 0.073942 1.470219 0.022815
v 0.063537 1.463347 0.034221
v 0.082155 1.477552 0.009081
v 0.093684 1.470304 0.012037
v 0.101111 1.479524 -0.004597
v 0.088326 1.485438 -0.006376
v 0.106947 1.489476 -0.022586
v 0.092984 1.494565 -0.023549
v 0.110755 1.498692 -0.042825
v 0.095548 1.504410 -0.043926
v 0.133375 1.497944 -0.063118
v 0.161576 1.489600 -0.081184
v 0.136130 1.493324 -0.086135
v 0.163867 1.480166 -0.100574
v 0.138380 1.481565 -0.106163
v 0.112403 1.480214 -0.111689
v 0.140114 1.464996 -0.120386
v 0.118750 1.455262 -0.127769
v 0.082842 1.451381 -0.132311
v 0.080800 1.482202 -0.115037
v 0.050748 1.476270 -0.122005
v 0.047609 1.496791 -0.107332
v 0.046202 1.514093 -0.091946
v 0.139928 1.451627 -0.127312
v 0.163684 1.466568 -0.114865
v 0.191485 1.475184 -0.095602
v 0.190889 1.483300 -0.077142
v 0.019880 1.458258 0.045158
v 0.020901 1.441597 0.056601
v 0.021416 1.423865 0.068234
v 0.017920 1.402910 0.079470
v 0.013216 1.382228 0.089555
v -0.008120 1.387994 0.086879
v -0.012872 1.367762 0.095630
v -0.017088 1.346818 0.102638
v -0.039420 1.352837 0.100913
v -0.042300 1.330287 0.106087
v -0.044132 1.307378 0.106323
v -0.065784 1.311261 0.106416
v -0.065735 1.288254 0.102808
v -0.067678 1.264490 0.102912
v -0.084084 1.292265 0.098949
v -0.083328 1.271614 0.097550
v -0.085367 1.254423 0.096746
v -0.097015 1.275220 0.091551
v -0.097018 1.257624 0.093195
v -0.099432 1.240617 0.092309
v -0.106172 1.260566 0.086595
v -0.108997 1.244587 0.087936
v -0.113282 1.228332 0.086148
v -0.113968 1.249942 0.078538
v -0.118318 1.235779 0.077530
v -0.123672 1.219453 0.075263
v -0.120410 1.242312 0.067812
v -0.122873 1.226805 0.065044
v -0.128362 1.208880 0.062116
v -0.144507 1.236052 0.025119
v -0.146812 1.247357 0.023608
v -0.148755 1.259838 0.020802
v -0.153046 1.255302 0.003333
v -0.156070 1.271000 -0.000093
v -0.158618 1.267067 -0.018443
v -0.159029 1.288109 -0.003500
v -0.161658 1.284632 -0.022604
v -0.162393 1.307295 -0.006578
v -0.165172 1.305104 -0.027050
v -0.165933 1.301993 -0.048116
v -0.169669 1.328521 -0.030740
v -0.170194 1.328678 -0.052883
v -0.171191 1.359945 -0.033796
v -0.171278 1.357913 -0.054198
v -0.170240 1.359846 -0.072805
v -0.165366 1.355873 -0.086861
v -0.162393 1.356521 -0.073392
v -0.169310 1.385425 0.048075
v -0.160446 1.399157 0.050169
v -0.157853 1.370881 0.061004
v -0.146615 1.385301 0.065738
v -0.132876 1.401275 0.064101
v -0.130418 1.367528 0.079592
v -0.114634 1.385141 0.079090
v -0.100928 1.403980 0.072183
v -0.118955 1.417143 0.057910
v -0.105327 1.431036 0.050675
v -0.089001 1.420423 0.063708
v -0.078674 1.434659 0.055280
v -0.080397 1.390888 0.083524
v -0.070448 1.410309 0.073709
v -0.061925 1.426636 0.064317
v -0.054665 1.440858 0.054958
v -0.048746 1.453580 0.045799
v -0.037740 1.435263 0.060654
v -0.033143 1.449400 0.050565
v -0.029534 1.463243 0.040811
v -0.016160 1.445859 0.053545
v -0.013749 1.461006 0.043464
v 0.001898 1.443223 0.055455
v 0.002899 1.459441 0.044814
v 0.000055 1.426378 0.066705
v -0.003548 1.407562 0.077092
v -0.019472 1.430297 0.064257
v -0.023939 1.412966 0.074278
v -0.029231 1.394247 0.083830
v -0.034688 1.374264 0.092995
v -0.050116 1.401651 0.080005
v -0.057226 1.381860 0.089720
v -0.063640 1.359256 0.098714
v -0.065426 1.335620 0.105134
v -0.043475 1.419489 0.070582
v -0.145148 1.353662 0.072192
v -0.154869 1.343294 0.060648
v -0.144245 1.326310 0.067329
v -0.165239 1.359218 0.051404
v -0.168662 1.351012 0.039500
v -0.160427 1.336022 0.047245
v -0.174945 1.373989 0.041405
v -0.176965 1.365841 0.031111
v -0.175929 1.360955 0.019402
v -0.169705 1.345344 0.026860
v -0.173786 1.358039 0.007283
v -0.171105 1.356431 -0.005100
v -0.172503 1.371825 -0.023083
v -0.170684 1.352947 -0.017956
v -0.168265 1.328574 -0.009300
v -0.166286 1.323848 0.006843
v -0.169691 1.336334 0.001796
v -0.164791 1.326902 0.020178
v -0.169820 1.340966 0.014093
v -0.162984 1.331029 0.033556
v -0.157413 1.314132 0.025261
v -0.154938 1.317563 0.038769
v -0.151142 1.320869 0.053081
v -0.148251 1.304357 0.042701
v -0.142087 1.306521 0.056838
v -0.134171 1.309358 0.070882
v -0.133806 1.292286 0.059402
v -0.124726 1.293523 0.071875
v -0.113829 1.294508 0.083073
v -0.117201 1.278209 0.073341
v -0.107440 1.277190 0.082722
v -0.100251 1.294526 0.092342
v -0.113118 1.263491 0.076478
v -0.127039 1.278368 0.062334
v -0.122323 1.265603 0.066032
v -0.119502 1.254614 0.069006
v -0.132466 1.265581 0.052971
v -0.129835 1.255667 0.056426
v -0.127501 1.247834 0.059006
v -0.139560 1.252667 0.040675
v -0.138092 1.244038 0.043340
v -0.141758 1.263466 0.037594
v -0.136659 1.277660 0.049090
v -0.145175 1.275999 0.034258
v -0.151707 1.274058 0.017688
v -0.149117 1.289732 0.031136
v -0.154838 1.289643 0.014901
v -0.158541 1.307733 0.013768
v -0.153425 1.303895 0.028383
v -0.141884 1.290907 0.045838
v -0.081634 1.237011 -0.103943
v -0.107591 1.234676 -0.094440
v -0.101836 1.208079 -0.085886
v -0.075833 1.182175 -0.092472
v -0.050169 1.184364 -0.098183
v -0.024475 1.186552 -0.101125
v -0.022020 1.158605 -0.100691
v 0.006304 1.132766 -0.096593
v 0.034868 1.107009 -0.086271
v 0.041908 1.093476 -0.080541
v 0.030287 1.092359 -0.082569
v 0.044279 1.079824 -0.076953
v 0.030166 1.078744 -0.079303
v 0.046232 1.066503 -0.077203
v 0.030984 1.065547 -0.080108
v 0.048622 1.058324 -0.083050
v 0.032904 1.059018 -0.086757
v 0.051662 1.053329 -0.091518
v 0.035240 1.055750 -0.093890
v 0.054652 1.049026 -0.101898
v 0.036877 1.050382 -0.101368
v 0.022025 1.053148 -0.102172
v 0.038393 1.045103 -0.109330
v 0.023485 1.049181 -0.109179
v 0.040329 1.041912 -0.116360
v 0.023258 1.044085 -0.116568
v 0.042234 1.038507 -0.122452
v 0.024259 1.039644 -0.122528
v 0.008503 1.038219 -0.119616
v 0.025221 1.033822 -0.126468
v 0.008321 1.034428 -0.125972
v -0.009306 1.034846 -0.123386
v 0.008013 1.028317 -0.128240
v -0.010078 1.029508 -0.127037
v -0.028251 1.031530 -0.124310
v -0.010268 1.022343 -0.126413
v -0.028842 1.024033 -0.124474
v -0.047658 1.026282 -0.121197
v -0.028760 1.014841 -0.121333
v -0.047583 1.016379 -0.118021
v -0.066971 1.019781 -0.111042
v -0.066210 1.027701 -0.116360
v -0.087971 1.017698 -0.105963
v -0.086265 1.027159 -0.107791
v -0.105567 1.016112 -0.096563
v -0.104049 1.026262 -0.096681
v -0.120266 1.017976 -0.085315
v -0.118829 1.027002 -0.085051
v -0.132418 1.015518 -0.071982
v -0.131748 1.025841 -0.072368
v -0.142497 1.017177 -0.058455
v -0.142150 1.026695 -0.059870
v -0.156487 1.023275 -0.035297
v -0.156896 1.031536 -0.035326
v -0.162200 1.021383 -0.008632
v -0.155888 1.028037 -0.007760
v -0.151049 1.017014 -0.033172
v -0.161120 1.012496 -0.008922
v -0.153738 1.006269 -0.009003
v -0.149840 0.999289 -0.007558
v -0.149554 1.000931 0.011228
v -0.153191 0.982430 0.012119
v -0.150254 0.981735 0.030244
v -0.143423 0.979965 0.046863
v -0.132939 0.977242 0.061380
v -0.149864 0.957630 0.047019
v -0.138405 0.955743 0.062030
v -0.123386 0.953675 0.074948
v -0.105805 0.951427 0.084724
v -0.089030 0.949731 0.091956
v -0.069599 0.948380 0.099441
v -0.050317 0.947184 0.107170
v -0.031617 0.946460 0.112911
v -0.031459 0.965277 0.114780
v -0.013662 0.946352 0.115899
v -0.013792 0.965378 0.117431
v 0.003059 0.965182 0.118013
v 0.001992 0.984057 0.119887
v 0.018250 0.982458 0.119203
v 0.035063 0.983516 0.116368
v 0.034980 0.992926 0.123238
v 0.050215 0.985029 0.112090
v 0.051752 0.995679 0.118390
v 0.064760 0.985042 0.106046
v 0.066423 0.994965 0.112397
v 0.067755 1.005708 0.121177
v 0.065181 1.018220 0.126306
v 0.082134 0.991866 0.104896
v 0.082746 1.002972 0.112322
v 0.083446 1.016426 0.119123
v 0.080777 1.030865 0.121447
v 0.061206 1.032451 0.126801
v 0.099234 1.003447 0.105766
v 0.099516 1.016253 0.109964
v 0.099489 1.029593 0.111459
v 0.098499 1.044293 0.113142
v 0.078540 1.046225 0.122374
v 0.118389 1.019937 0.098198
v 0.116657 1.009046 0.095616
v 0.098045 0.993965 0.095736
v 0.111684 1.002427 0.085471
v 0.095977 0.987518 0.089442
v 0.110279 0.992639 0.080486
v 0.120979 0.994181 0.071899
v 0.128990 0.994922 0.063141
v 0.135465 0.995031 0.054577
v 0.141373 0.995749 0.044640
v 0.141819 1.002759 0.047255
v 0.145708 0.997807 0.033338
v 0.145436 1.006558 0.035473
v 0.148665 0.999054 0.021428
v 0.147457 1.008469 0.022242
v 0.148575 1.016293 0.023071
v 0.154532 1.020536 0.023738
v 0.149260 1.006258 0.009261
v 0.149082 1.012871 0.009148
v 0.153466 1.016594 0.008955
v 0.159692 1.018225 0.008462
v 0.161765 1.022189 0.024568
v 0.147575 1.008243 -0.005766
v 0.150470 1.011897 -0.006150
v 0.155104 1.014005 -0.006719
v 0.159728 1.017698 -0.008003
v 0.163911 1.022566 0.007175
v 0.147497 1.009361 -0.020607
v 0.151573 1.011700 -0.021534
v 0.155750 1.014824 -0.023266
v 0.156669 1.020965 -0.024559
v 0.160581 1.024215 -0.009052
v 0.146780 1.008144 -0.035460
v 0.150442 1.012017 -0.037440
v 0.151921 1.018344 -0.038390
v 0.143900 1.011312 -0.050717
v 0.145549 1.016724 -0.051999
v 0.134056 1.012549 -0.063472
v 0.135917 1.016255 -0.065858
v 0.135988 1.020824 -0.067823
v 0.126147 1.016577 -0.079087
v 0.126112 1.021160 -0.079358
v 0.123163 1.026333 -0.077843
v 0.116453 1.022578 -0.088773
v 0.114056 1.029274 -0.085143
v 0.116595 1.016953 -0.090012
v 0.123681 1.013643 -0.076890
v 0.115128 1.011887 -0.089246
v 0.103578 1.012958 -0.099376
v 0.112728 1.008391 -0.086632
v 0.101038 1.009507 -0.095864
v 0.088234 1.009995 -0.104759
v 0.091046 1.016111 -0.107718
v 0.075332 1.014934 -0.110799
v 0.079752 1.020949 -0.114547
v 0.060353 1.016821 -0.117244
v 0.063190 1.023482 -0.120726
v 0.064075 1.030851 -0.120374
v 0.043330 1.024597 -0.124944
v 0.043294 1.032050 -0.125185
v 0.025505 1.027116 -0.127459
v 0.042253 1.018121 -0.122069
v 0.024758 1.021237 -0.124217
v 0.008018 1.022066 -0.125963
v 0.024420 1.016374 -0.117939
v 0.007522 1.016747 -0.120332
v -0.010035 1.014706 -0.122740
v 0.007290 1.010249 -0.114203
v -0.010165 1.008209 -0.116052
v -0.028393 1.008451 -0.114577
v -0.010461 1.002548 -0.110181
v -0.028571 1.003146 -0.109242
v -0.047851 1.004293 -0.106568
v -0.047210 1.009611 -0.111147
v -0.067692 1.005987 -0.103243
v -0.068010 1.011891 -0.106183
v -0.084890 1.004689 -0.098452
v -0.086967 1.009004 -0.102789
v -0.101237 1.003106 -0.089676
v -0.103785 1.007524 -0.093462
v -0.114036 1.004470 -0.077916
v -0.117150 1.010877 -0.081464
v -0.125163 1.002565 -0.065894
v -0.128843 1.007748 -0.069238
v -0.135233 1.004139 -0.051307
v -0.139383 1.009624 -0.054748
v -0.146230 1.009804 -0.031010
v -0.134988 0.997600 -0.050609
v -0.145150 0.999827 -0.030775
v -0.146978 0.983558 -0.031007
v -0.152455 0.983025 -0.006240
v -0.156625 0.961660 -0.007479
v -0.158766 0.959698 0.011050
v -0.156630 0.958900 0.029867
v -0.149507 0.962244 -0.032228
v -0.137721 0.984052 -0.053249
v -0.139394 0.963142 -0.055808
v -0.127933 0.984516 -0.068348
v -0.130113 0.964224 -0.071122
v -0.118615 0.965195 -0.084995
v -0.104727 0.965978 -0.096894
v -0.088675 0.966424 -0.106361
v -0.071254 0.966335 -0.111914
v -0.052852 0.965643 -0.113614
v -0.032863 0.964878 -0.113594
v -0.011841 0.964528 -0.113462
v 0.008221 0.964508 -0.113507
v 0.026350 0.964737 -0.113628
v 0.043479 0.965259 -0.113763
v 0.059681 0.966011 -0.113348
v 0.074727 0.966614 -0.111121
v 0.088875 0.966774 -0.106213
v 0.101966 0.966578 -0.098748
v 0.113929 0.965770 -0.089251
v 0.124513 0.964956 -0.077977
v 0.133695 0.964337 -0.065246
v 0.141591 0.963776 -0.051180
v 0.147941 0.963532 -0.036358
v 0.152871 0.963433 -0.021788
v 0.156178 0.963228 -0.008136
v 0.153204 0.982467 0.007273
v 0.158153 0.961672 0.004861
v 0.152398 0.981895 0.020043
v 0.158261 0.960425 0.018436
v 0.149810 0.981051 0.032138
v 0.156183 0.959440 0.031384
v 0.145208 0.980059 0.043641
v 0.151506 0.958241 0.043918
v 0.138580 0.979262 0.054113
v 0.142397 0.956498 0.057744
v 0.130852 0.978363 0.063115
v 0.135882 0.955412 0.064905
v 0.121806 0.977063 0.071307
v 0.126745 0.954032 0.072905
v 0.111251 0.974765 0.079364
v 0.115430 0.952459 0.080416
v 0.097843 0.971222 0.087929
v 0.101012 0.950706 0.087435
v 0.081775 0.968523 0.096100
v 0.083753 0.949256 0.094343
v 0.065782 0.967406 0.103510
v 0.066819 0.948233 0.101471
v 0.050847 0.966836 0.109566
v 0.051373 0.947472 0.107313
v 0.035665 0.965651 0.113864
v 0.036084 0.946793 0.111898
v 0.019391 0.964989 0.116807
v 0.020172 0.946383 0.115119
v 0.006901 0.946300 0.116424
v 0.079883 0.984999 0.098680
v 0.150252 0.998340 0.008614
v 0.152218 0.982634 -0.006248
v 0.149638 0.996233 -0.005481
v 0.148167 1.002765 -0.005450
v 0.147737 0.994076 -0.019942
v 0.146298 1.000488 -0.019771
v 0.145562 1.005471 -0.019880
v 0.142565 0.999052 -0.033670
v 0.141871 1.003187 -0.033525
v 0.143424 1.006459 -0.034220
v 0.135887 1.002199 -0.046640
v 0.137372 1.005498 -0.047351
v 0.140618 1.007450 -0.048967
v 0.129015 1.006510 -0.059959
v 0.131582 1.009276 -0.061526
v 0.119136 1.008556 -0.072191
v 0.121124 1.011357 -0.074436
v 0.110162 1.006472 -0.083669
v 0.118448 1.004660 -0.070957
v 0.108364 1.004023 -0.081412
v 0.097130 1.005236 -0.089759
v 0.098749 1.008111 -0.092200
v 0.084679 1.005829 -0.096889
v 0.086341 1.007373 -0.100743
v 0.071719 1.007872 -0.102515
v 0.073016 1.010736 -0.106357
v 0.056499 1.008425 -0.106866
v 0.057932 1.011751 -0.111605
v 0.040858 1.007710 -0.111415
v 0.041417 1.011735 -0.116725
v 0.024207 1.010145 -0.112032
v 0.040246 1.003510 -0.106991
v 0.023988 1.003646 -0.108848
v 0.006758 1.003191 -0.109995
v 0.024035 0.997043 -0.108064
v 0.007234 0.995624 -0.108717
v -0.010790 0.994660 -0.108836
v 0.007825 0.980536 -0.110559
v -0.011451 0.980040 -0.110644
v -0.031751 0.981153 -0.110532
v -0.029522 0.995690 -0.108200
v -0.051323 0.983502 -0.110134
v -0.048851 0.997992 -0.106338
v -0.069403 0.985482 -0.107925
v -0.067329 0.999499 -0.103266
v -0.086750 0.985893 -0.102277
v -0.084748 0.998800 -0.098422
v -0.103096 0.985776 -0.093454
v -0.101074 0.997598 -0.089935
v -0.116625 0.985293 -0.081774
v -0.114057 0.997575 -0.078265
v -0.125030 0.996495 -0.065807
v 0.025334 0.981842 -0.110384
v 0.040461 0.997512 -0.106725
v 0.042187 0.983367 -0.110163
v 0.056699 0.998391 -0.104957
v 0.058275 0.985164 -0.109370
v 0.071515 0.998121 -0.102998
v 0.073055 0.986065 -0.107005
v 0.085810 0.996631 -0.099370
v 0.087062 0.985756 -0.102230
v 0.098690 0.997046 -0.092543
v 0.100109 0.985147 -0.095089
v 0.110326 0.996495 -0.083581
v 0.111900 0.984302 -0.085867
v 0.120824 0.995427 -0.073073
v 0.122425 0.983543 -0.075148
v 0.129759 0.993753 -0.061524
v 0.131646 0.982840 -0.063248
v 0.137519 0.993742 -0.048027
v 0.139903 0.982071 -0.049761
v 0.143807 0.993733 -0.034143
v 0.146389 0.981813 -0.035293
v 0.150255 0.982277 -0.020578
v 0.136426 0.998321 -0.047179
v 0.128380 0.998872 -0.060257
v 0.127597 1.003187 -0.059395
v 0.119323 1.000607 -0.071623
v 0.109190 1.000453 -0.082234
v 0.097653 1.001212 -0.090777
v 0.084927 1.001533 -0.097386
v 0.070877 1.003535 -0.100926
v 0.056276 1.004097 -0.104187
v 0.158429 1.032437 -0.008889
v 0.160711 1.037989 0.007118
v 0.163451 1.029408 0.006804
v 0.160359 1.043809 0.022756
v 0.162926 1.035308 0.024169
v 0.164025 1.028276 0.025097
v 0.160283 1.037701 0.040764
v 0.160689 1.029187 0.041869
v 0.154575 1.038046 0.057565
v 0.153802 1.028559 0.059673
v 0.146230 1.040666 0.071085
v 0.144250 1.030431 0.074178
v 0.148778 1.052027 0.067498
v 0.155233 1.047577 0.054994
v 0.152325 1.052661 0.052742
v 0.147302 1.058150 0.064266
v 0.158495 1.046657 0.038984
v 0.155606 1.050633 0.038508
v 0.141172 1.057444 0.036065
v 0.137409 1.059656 0.044214
v 0.152148 1.048868 0.020970
v 0.139925 1.054204 0.019176
v 0.137238 1.063231 0.018859
v 0.143360 1.066215 0.034152
v 0.152284 1.045837 0.008155
v 0.140612 1.052426 0.008500
v 0.153168 1.042251 -0.006350
v 0.143681 1.048935 -0.006591
v 0.138894 1.058018 -0.021103
v 0.137729 1.061453 -0.031464
v 0.143778 1.074201 0.031035
v 0.137985 1.074807 0.017903
v 0.140334 1.086965 0.017889
v 0.145065 1.086773 0.030762
v 0.146650 1.100017 0.030523
v 0.147795 1.099061 0.040381
v 0.145206 1.099590 0.017259
v 0.146866 1.097487 0.009346
v 0.138480 1.107424 0.051975
v 0.137812 1.097302 0.049847
v 0.123512 1.100376 0.061922
v 0.125278 1.090199 0.058928
v 0.117426 1.093667 0.068825
v 0.122600 1.082075 0.065113
v 0.127983 1.072363 0.059346
v 0.132892 1.074017 0.080927
v 0.140862 1.065193 0.073461
v 0.133219 1.064458 0.052283
v 0.122133 1.085143 0.086483
v 0.123080 1.079101 0.098055
v 0.115111 1.092261 0.104391
v 0.109872 1.087516 0.108579
v 0.106683 1.064913 0.109472
v 0.114582 1.098595 0.090983
v 0.105258 1.115147 0.082171
v 0.114637 1.106745 0.071674
v 0.112695 1.120268 0.074112
v 0.111986 1.137080 0.076587
v 0.101524 1.132617 0.082237
v 0.124238 1.112607 0.065018
v 0.124112 1.125393 0.068122
v 0.123742 1.139320 0.071156
v 0.137537 1.131454 0.059143
v 0.134751 1.144364 0.063737
v 0.130872 1.166094 0.068376
v 0.122970 1.161726 0.075629
v 0.137775 1.150183 0.052015
v 0.131901 1.169360 0.057272
v 0.132837 1.157559 0.038840
v 0.129245 1.175378 0.046543
v 0.138244 1.150826 0.018142
v 0.138868 1.118556 0.054806
v 0.097030 1.060691 0.114840
v 0.067438 1.058422 -0.089433
v 0.073332 1.057323 -0.098009
v 0.086043 1.068129 -0.082399
v 0.095704 1.068634 -0.090736
v 0.108714 1.079852 -0.078599
v 0.111751 1.077642 -0.079568
v 0.114479 1.074521 -0.078478
v 0.125229 1.087176 -0.067897
v 0.126223 1.084577 -0.065569
v 0.123408 1.079015 -0.056301
v 0.115951 1.069762 -0.072232
v 0.119890 1.075673 -0.049742
v 0.112902 1.065675 -0.065672
v 0.102179 1.055124 -0.080365
v 0.103514 1.049828 -0.076073
v 0.129799 1.090593 -0.040480
v 0.126797 1.088767 -0.033471
v 0.134109 1.094929 -0.054741
v 0.133149 1.097894 -0.057599
v 0.130844 1.100010 -0.058363
v 0.139293 1.110996 -0.049760
v 0.121117 1.089429 -0.067228
v 0.116444 1.089767 -0.063497
v 0.127237 1.102077 -0.057475
v 0.099270 1.079129 -0.070471
v 0.094688 1.082149 -0.064680
v 0.110967 1.091145 -0.059468
v 0.080379 1.068341 -0.075824
v 0.077727 1.074621 -0.069766
v 0.074575 1.084754 -0.071489
v 0.089812 1.090976 -0.065866
v 0.064128 1.061486 -0.080668
v 0.061780 1.069164 -0.074150
v 0.059511 1.081163 -0.073664
v 0.058263 1.095560 -0.077935
v 0.070596 1.097127 -0.076401
v 0.061559 1.111248 -0.082195
v -0.052638 1.211702 -0.103228
v -0.077937 1.209766 -0.096188
v 0.131821 1.088785 -0.016639
v -0.150765 1.164960 0.001872
v -0.146591 1.171257 0.009797
v -0.143743 1.181653 0.019543
v -0.135070 1.199968 0.035234
v -0.137852 1.189823 0.046889
v -0.146226 1.169438 0.034622
v -0.151003 1.155859 0.025680
v -0.153323 1.144762 0.019502
v -0.142164 1.086578 -0.027693
v -0.150341 1.101004 -0.021240
v -0.151909 1.114293 -0.010571
v -0.152435 1.126859 -0.005227
v -0.152603 1.136910 -0.001937
v 0.159819 1.045502 0.030866
v 0.155765 1.050641 0.030214
v 0.140999 1.055999 0.028423
v 0.139762 1.064191 0.027286
v 0.140684 1.075007 0.025483
v 0.142268 1.087130 0.025185
v 0.145223 1.100192 0.024147
v 0.150691 1.112129 0.021032
v 0.159749 1.035311 -0.000934
v 0.152894 1.044222 0.000860
v 0.142527 1.050417 0.000383
v 0.140697 1.061003 0.000430
v 0.142284 1.072228 -0.000004
v -0.127615 1.087613 -0.044290
v -0.137105 1.095276 -0.035399
v -0.143826 1.107330 -0.026737
v -0.143162 1.122599 -0.020559
v -0.142811 1.135712 -0.015048
v 0.142526 1.075464 0.042414
v 0.143823 1.087920 0.043576
v 0.144116 1.098270 0.045345
v 0.144031 1.110052 0.047830
v 0.143283 1.121279 0.050279
v 0.141224 1.134549 0.054157
v 0.137863 1.147529 0.058434
v 0.146917 1.128170 0.033962
v 0.149475 1.112830 0.037437
v 0.148302 1.099512 0.036483
v 0.147014 1.088117 0.036096
v 0.145196 1.074251 0.035259
v 0.148964 1.043308 -0.022972
v 0.148335 1.045477 -0.006452
v 0.147246 1.046591 0.000724
v 0.146167 1.047770 0.008092
v 0.146513 1.050356 0.019767
v 0.148457 1.053315 0.029177
v 0.147070 1.052205 0.038031
v 0.143316 1.054690 0.048585
v 0.139031 1.060520 0.058236
v 0.133133 1.068171 0.066348
v 0.125586 1.077284 0.072721
v 0.117735 1.088345 0.077704
v 0.111063 1.101365 0.080753
v -0.006765 1.041855 -0.098652
v -0.021698 1.039752 -0.094653
v -0.036951 1.040638 -0.090805
v -0.051729 1.042864 -0.086055
v -0.065952 1.046367 -0.080843
v -0.079378 1.051174 -0.075153
v -0.093163 1.057357 -0.069644
v -0.106253 1.065894 -0.064418
v -0.007463 1.048112 -0.095102
v -0.021826 1.047807 -0.095081
v -0.035852 1.049335 -0.091499
v -0.049475 1.052364 -0.087059
v -0.063063 1.055765 -0.082403
v -0.074857 1.060077 -0.074356
v -0.086791 1.064931 -0.066903
v -0.098640 1.070740 -0.058476
v -0.111352 1.078668 -0.052666
v -0.120238 1.066026 -0.077196
v -0.123993 1.075663 -0.061898
v -0.137897 1.082559 -0.041128
v 0.088301 1.506969 -0.071058
v 0.068062 1.509798 -0.085138
v 0.065092 1.518947 -0.074664
v 0.078760 1.515720 -0.061915
v -0.081254 1.507215 -0.078956
v -0.073989 1.516800 -0.067504
v -0.060812 1.520124 -0.076623
v -0.057131 1.512353 -0.087957
v -0.090846 1.508138 -0.058201
v -0.081878 1.514301 -0.054030
v -0.052929 1.474950 0.026073
v -0.060136 1.478211 0.020032
v -0.066243 1.470713 0.023720
v -0.056490 1.466960 0.031218
v -0.043859 1.465316 0.035881
v -0.045037 1.472902 0.030291
v -0.044102 1.480500 0.027268
v -0.050309 1.482533 0.023515
v -0.039422 1.471553 0.032606
v -0.037672 1.478748 0.030097
v -0.031201 1.470109 0.035083
v -0.030951 1.477487 0.032178
v -0.025152 1.469292 0.036437
v -0.023853 1.476645 0.033562
v -0.016156 1.468337 0.037916
v -0.016241 1.476108 0.034463
v -0.009562 1.467902 0.038614
v -0.008298 1.475759 0.035151
v -0.000083 1.467362 0.039242
v -0.000328 1.475638 0.035552
v 0.006653 1.467275 0.039249
v 0.007582 1.476055 0.035324
v 0.016281 1.467034 0.038918
v 0.015571 1.476691 0.034664
v 0.023158 1.467110 0.038318
v 0.023313 1.477368 0.033859
v 0.033379 1.467103 0.037150
v 0.029676 1.478125 0.033028
v 0.044893 1.468960 0.033936
v 0.040699 1.480310 0.030553
v 0.055445 1.472882 0.028026
v 0.049627 1.482934 0.026807
v 0.064722 1.478042 0.019286
v 0.058416 1.486616 0.020548
v 0.072462 1.484306 0.007234
v 0.066978 1.492791 0.008336
v 0.078120 1.491294 -0.006159
v 0.071047 1.497947 -0.002171
v 0.082685 1.499954 -0.022205
v 0.076004 1.506375 -0.017442
v 0.085078 1.509481 -0.041384
v 0.079158 1.515483 -0.038762
v 0.071613 1.522802 -0.058971
v 0.061261 1.527113 -0.068517
v 0.051019 1.521622 -0.081508
v 0.051398 1.530337 -0.074542
v 0.041180 1.523074 -0.085136
v 0.040675 1.532734 -0.079249
v 0.026719 1.524326 -0.087882
v 0.028552 1.534611 -0.082425
v 0.015964 1.524694 -0.088682
v 0.015608 1.535611 -0.084056
v 0.000732 1.525576 -0.090316
v 0.002544 1.536445 -0.084327
v -0.010272 1.524756 -0.088957
v -0.011059 1.535795 -0.084287
v -0.025767 1.524297 -0.088273
v -0.024277 1.534662 -0.083439
v -0.036659 1.523803 -0.086529
v -0.037130 1.533379 -0.080165
v -0.051037 1.521669 -0.081441
v -0.049432 1.531214 -0.074826
v -0.059732 1.528068 -0.068415
v -0.069812 1.523617 -0.059059
v -0.075439 1.519851 -0.050439
v -0.083935 1.509287 -0.039475
v -0.077635 1.516065 -0.039487
v -0.081228 1.501704 -0.024001
v -0.074732 1.508997 -0.020689
v -0.076732 1.494206 -0.009628
v -0.069582 1.500819 -0.004233
v -0.072047 1.488126 0.002081
v -0.065374 1.495515 0.004763
v -0.066518 1.482802 0.011883
v -0.060649 1.490512 0.012635
v -0.055250 1.485527 0.019237
v -0.080736 1.481508 0.002472
v -0.074197 1.475709 0.013983
v -0.086002 1.488082 -0.010728
v -0.090370 1.495737 -0.025320
v -0.093094 1.503524 -0.040799
v -0.031541 1.514015 -0.093522
v -0.005128 1.514255 -0.094686
v 0.073545 1.469581 0.022155
v 0.063257 1.462733 0.033483
v 0.050498 1.456817 0.041768
v 0.081695 1.476880 0.008501
v 0.087824 1.484750 -0.006899
v 0.092456 1.493857 -0.024003
v 0.095027 1.503628 -0.044123
v 0.045960 1.513478 -0.091195
v 0.020956 1.514172 -0.094092
v 0.036031 1.455381 0.044818
v 0.019839 1.457741 0.044303
v -0.029425 1.462725 0.039963
v -0.013698 1.460514 0.042595
v 0.002901 1.458956 0.043939
v -0.002930 1.460464 -0.026768
v -0.132220 0.977087 0.060702
v -0.118254 0.973902 0.073268
v -0.102066 0.971516 0.084041
v -0.085599 0.969597 0.092815
v -0.067976 0.967187 0.100956
v -0.049485 0.965743 0.108666
v -0.031249 0.965379 0.113807
v -0.151476 0.982858 -0.006121
v -0.152216 0.982218 0.012050
v -0.149320 0.981510 0.029965
v -0.142579 0.979761 0.046367
v -0.149032 0.957388 0.046521
v -0.137711 0.955546 0.061338
v -0.122837 0.953517 0.074126
v -0.105375 0.951369 0.083821
v -0.088652 0.949758 0.091029
v -0.069230 0.948475 0.098517
v -0.049981 0.947298 0.106235
v -0.031387 0.946554 0.111942
v -0.013567 0.946433 0.114907
v -0.013700 0.965493 0.116441
v 0.003043 0.965272 0.117017
v 0.019264 0.965094 0.115821
v 0.035434 0.965762 0.112898
v 0.110689 0.974705 0.078539
v 0.121179 0.976971 0.070533
v 0.130152 0.978221 0.062416
v 0.137794 0.979081 0.053521
v 0.144345 0.979842 0.043184
v -0.136849 0.983866 -0.052795
v -0.146029 0.983444 -0.030711
v -0.148571 0.962132 -0.031900
v -0.155664 0.961471 -0.007307
v -0.157799 0.959467 0.011024
v -0.155698 0.958648 0.029615
v -0.138509 0.963032 -0.055361
v -0.127146 0.984285 -0.067775
v -0.129302 0.964069 -0.070561
v -0.115930 0.985041 -0.081101
v -0.117907 0.965018 -0.084316
v -0.102544 0.985522 -0.092660
v -0.104149 0.965792 -0.096100
v -0.086372 0.985621 -0.101392
v -0.088274 0.966198 -0.105474
v -0.069212 0.985205 -0.106983
v -0.071062 0.966117 -0.110957
v -0.051279 0.983275 -0.109161
v -0.052813 0.965449 -0.112634
v -0.031753 0.980981 -0.109547
v -0.032872 0.964694 -0.112611
v -0.011453 0.979889 -0.109655
v -0.011844 0.964349 -0.112478
v 0.007825 0.980384 -0.109571
v 0.008226 0.964328 -0.112523
v 0.025337 0.981674 -0.109399
v 0.026362 0.964551 -0.112646
v 0.042179 0.983150 -0.109187
v 0.043478 0.965064 -0.112782
v 0.058197 0.984897 -0.108409
v 0.059605 0.965803 -0.112373
v 0.072828 0.985788 -0.106072
v 0.074499 0.966394 -0.110172
v 0.086665 0.985506 -0.101347
v 0.088472 0.966550 -0.105326
v 0.099564 0.984921 -0.094281
v 0.101412 0.966365 -0.097943
v 0.111240 0.984091 -0.085146
v 0.113259 0.965564 -0.088543
v 0.121679 0.983350 -0.074510
v 0.123750 0.964779 -0.077363
v 0.130832 0.982657 -0.062697
v 0.132857 0.964197 -0.064722
v 0.139029 0.981900 -0.049306
v 0.140698 0.963677 -0.050746
v 0.145457 0.981658 -0.034963
v 0.147012 0.963452 -0.036002
v 0.149290 0.982102 -0.020382
v 0.151921 0.963299 -0.021515
v 0.151242 0.982439 -0.006145
v 0.155220 0.963024 -0.007966
v 0.152224 0.982265 0.007271
v 0.157188 0.961441 0.004907
v 0.151433 0.981674 0.019897
v 0.157305 0.960173 0.018336
v 0.148884 0.980820 0.031839
v 0.155259 0.959181 0.031114
v 0.150660 0.957991 0.043453
v 0.141651 0.956275 0.057118
v 0.135219 0.955211 0.064185
v 0.126166 0.953853 0.072109
v 0.114955 0.952330 0.079545
v 0.097349 0.971205 0.087060
v 0.100617 0.950673 0.086515
v 0.081333 0.968585 0.095206
v 0.083372 0.949301 0.093420
v 0.065382 0.967497 0.102599
v 0.066445 0.948311 0.100547
v 0.050518 0.966945 0.108627
v 0.051050 0.947572 0.106373
v 0.035839 0.946888 0.110933
v 0.020021 0.946466 0.114134
v 0.006857 0.946375 0.115428
v 0.013973 0.993459 0.002107
v -0.094197 1.050297 -0.097832
v -0.060948 1.042148 -0.110145
v -0.088876 1.054496 -0.092674
v -0.102644 1.062301 -0.083189
v -0.129980 1.082754 -0.052239
v -0.133014 1.088408 -0.044364
v 0.024922 1.060125 -0.089691
v 0.027901 1.057487 -0.095205
v 0.030129 1.052802 -0.102436
v 0.030997 1.047168 -0.109614
v 0.031966 1.042897 -0.116561
v -0.029351 1.039843 -0.092822
v -0.028844 1.044296 -0.092063
v -0.029056 1.048044 -0.094105
v -0.029098 1.052383 -0.096496
v -0.028770 1.058154 -0.096648
v -0.028106 1.064536 -0.093643
v -0.078141 1.046522 -0.105529
v -0.106032 1.061594 -0.085821
v -0.117355 1.068495 -0.076356
v -0.128714 1.073424 -0.063594
v -0.142144 1.089669 -0.031997
v -0.149650 1.103503 -0.024522
v -0.151590 1.116366 -0.014108
v -0.151481 1.129057 -0.008638
v -0.150871 1.138284 -0.004647
v -0.132984 1.080555 -0.053001
v -0.135213 1.076923 -0.052370
v -0.136224 1.074090 -0.051950
v -0.137916 1.069452 -0.051645
v -0.140864 1.059906 -0.053575
v -0.126628 1.082796 -0.051249
v -0.122211 1.082527 -0.049863
v -0.116526 1.083218 -0.049211
v -0.114620 1.084650 -0.049404
v -0.111214 1.093664 -0.053512
v -0.141846 1.088374 0.003686
v -0.143705 1.089228 -0.008166
v -0.146915 1.094008 -0.024778
v -0.146247 1.096287 -0.028084
v -0.144239 1.098828 -0.029973
v -0.141167 1.100970 -0.030474
v -0.132728 1.104034 -0.030290
v 0.116583 1.019153 -0.089577
v 0.106842 1.021943 -0.098153
v 0.097052 1.029170 -0.105823
v 0.092606 1.036826 -0.108266
v 0.090243 1.051837 -0.106120
v 0.102843 1.064276 -0.091673
v 0.115791 1.072025 -0.076006
v 0.060173 1.046100 -0.113358
v 0.101961 1.103500 0.113397
v 0.094255 1.120506 0.116503
v 0.093245 1.149755 0.091464
v 0.098887 1.129807 0.092674
v 0.108151 1.109372 0.104453
v 0.116428 1.095528 0.100180
v 0.124550 1.082196 0.093946
v 0.134399 1.069966 0.084911
v 0.141862 1.062105 0.075716
v 0.148692 1.055538 0.066071
v 0.154368 1.050604 0.053967
v 0.157304 1.048959 0.038786
v 0.158336 1.048295 0.030208
v 0.157126 1.047232 0.021543
v 0.157140 1.042540 0.007717
v 0.156887 1.039948 -0.000755
v 0.156377 1.037756 -0.007583
v 0.153751 1.033654 -0.024532
v 0.148097 1.031922 -0.040282
v 0.090929 1.170282 0.089795
v 0.091193 1.188583 0.089901
v 0.092362 1.204674 0.090703
v 0.093948 1.219274 0.091511
v 0.095899 1.232998 0.092030
v 0.098401 1.246303 0.091916
v 0.101160 1.259399 0.090438
v 0.103504 1.272161 0.087358
v 0.106036 1.284838 0.085727
v 0.099600 1.126330 0.104671
v 0.106639 1.112976 0.092832
v 0.125606 1.081807 -0.061900
v 0.133439 1.093125 -0.050586
v 0.125337 1.055195 0.095398
v 0.116571 1.070833 0.103465
v -0.151984 1.148250 -0.000299
v -0.150851 1.160808 -0.001862
v -0.144829 1.145706 -0.008003
v -0.150037 1.144175 -0.003996
v -0.147643 1.155401 -0.006237
v -0.145521 1.171210 -0.010209
v -0.141778 1.190070 -0.021053
v -0.148642 1.149559 -0.004958
v -0.151462 1.153722 -0.000970
v -0.151381 1.160035 0.005239
vn 0.9849 -0.0642 0.1607
vn 0.9555 -0.0867 0.2820
vn 0.9466 0.0674 0.3153
vn 0.9937 0.0438 0.1035
vn 0.8894 -0.2157 0.4032
vn 0.9194 -0.1768 0.3514
vn -0.0610 -0.3093 0.9490
vn 0.1997 -0.2562 0.9458
vn 0.0329 -0.0565 0.9979
vn -0.1340 -0.3608 0.9230
vn -0.0578 -0.4231 0.9042
vn -0.0770 -0.5191 0.8512
vn 0.9883 0.0726 0.1341
vn 0.9817 0.1538 0.1125
vn 0.9321 0.2464 0.2653
vn 0.9645 0.2620 0.0334
vn 0.9569 0.2866 0.0478
vn 0.9855 0.1253 0.1147
vn 0.8699 0.1006 0.4828
vn 0.9916 -0.0639 -0.1122
vn 0.9623 -0.0107 -0.2717
vn 0.9573 0.2879 -0.0268
vn 0.9570 0.2901 0.0016
vn 0.9343 0.3526 -0.0535
vn 0.9960 0.0605 0.0661
vn 0.9957 -0.0923 0.0100
vn 0.9606 0.2323 0.1526
vn -0.9886 0.1072 0.1056
vn -0.9697 0.0167 0.2437
vn -0.9905 0.0674 0.1199
vn -0.8746 0.4624 0.1461
vn -0.9126 0.4029 -0.0702
vn -0.8940 0.4212 -0.1531
vn -0.9404 0.3071 -0.1458
vn -0.4789 -0.4048 0.7790
vn -0.4743 -0.1517 0.8672
vn -0.4246 -0.3696 0.8265
vn -0.4063 -0.5374 0.7390
vn -0.3562 -0.7165 0.5998
vn -0.2952 -0.4485 0.8436
vn -0.3820 -0.5291 0.7577
vn -0.5245 -0.3604 0.7714
vn 0.6190 -0.6796 0.3936
vn 0.7264 -0.6712 0.1480
vn 0.7337 -0.6093 0.3007
vn 0.5896 -0.5032 0.6318
vn 0.6478 -0.4771 0.5939
vn 0.4583 -0.6115 0.6450
vn -0.4713 -0.3755 0.7981
vn 0.7315 -0.6788 0.0649
vn 0.8397 -0.5371 -0.0799
vn 0.7966 -0.6029 -0.0439
vn 0.5921 -0.8045 -0.0463
vn 0.8275 -0.5424 0.1447
vn 0.8889 -0.3379 0.3093
vn -0.9142 0.1546 0.3747
vn -0.7491 -0.5946 0.2919
vn -0.6468 -0.6593 0.3834
vn -0.8066 -0.0418 0.5897
vn -0.4495 -0.6091 0.6534
vn -0.5297 -0.3024 0.7924
vn -0.5383 -0.0745 0.8395
vn -0.7640 0.0619 0.6422
vn -0.8939 0.4224 0.1504
vn -0.6318 0.7746 0.0291
vn -0.8522 0.5078 0.1260
vn 0.9143 0.4038 0.0303
vn 0.9458 0.3181 0.0656
vn 0.9713 0.0661 0.2285
vn -0.2049 -0.4385 0.8750
vn -0.2423 -0.3549 0.9030
vn -0.2143 -0.1187 0.9695
vn -0.2847 -0.0705 0.9560
vn 0.7487 -0.2150 0.6270
vn 0.6474 -0.2069 0.7336
vn -0.4420 -0.4093 0.7982
vn 0.2484 -0.4316 0.8672
vn 0.1524 -0.1495 0.9769
vn 0.1093 0.1409 0.9840
vn 0.0993 0.1424 0.9848
vn 0.6172 -0.0998 0.7805
vn 0.7218 -0.1477 0.6761
vn 0.7149 -0.1378 0.6855
vn 0.6324 -0.1374 0.7623
vn 0.7456 0.0882 0.6605
vn 0.7959 -0.2256 0.5619
vn 0.7992 0.0404 0.5997
vn 0.6994 -0.0949 0.7084
vn 0.7575 -0.0320 0.6520
vn 0.8233 0.0747 0.5627
vn 0.7745 0.0714 0.6285
vn 0.6935 0.0038 0.7205
vn 0.6083 -0.0532 0.7919
vn 0.6503 -0.0754 0.7559
vn 0.5686 -0.0654 0.8200
vn -0.9471 0.0199 0.3202
vn -0.8702 -0.0609 0.4889
vn -0.8667 -0.1556 0.4740
vn -0.8905 -0.1299 0.4360
vn -0.9194 -0.1479 0.3644
vn -0.9229 -0.1201 0.3659
vn -0.2075 -0.0626 0.9762
vn -0.1662 0.1315 0.9773
vn -0.1190 0.1567 0.9805
vn -0.3101 0.0291 0.9503
vn -0.4304 -0.1038 0.8966
vn 0.1287 0.6014 0.7885
vn 0.0572 0.5788 0.8135
vn 0.0584 0.5254 0.8489
vn 0.1586 0.6077 0.7782
vn 0.0850 0.5809 0.8096
vn 0.1163 0.5225 0.8447
vn 0.1593 0.5957 0.7872
vn -0.0594 0.0681 0.9959
vn -0.1333 0.0858 0.9874
vn -0.5758 0.0974 0.8118
vn -0.6547 0.0911 0.7504
vn -0.5937 -0.0858 0.8001
vn -0.6205 -0.2515 0.7428
vn -0.4620 -0.1215 0.8785
vn -0.4006 0.1321 0.9067
vn -0.2194 0.1681 0.9610
vn -0.2000 0.3350 0.9207
vn -0.2554 -0.0771 0.9638
vn 0.7583 0.1401 -0.6367
vn 0.8233 -0.0069 -0.5676
vn 0.9925 -0.0848 -0.0883
vn 0.9623 0.0299 -0.2704
vn 0.9785 -0.1608 0.1290
vn 0.9547 -0.1600 0.2507
vn 0.9809 0.0720 0.1806
vn 0.9958 0.0147 0.0903
vn 0.9163 -0.2957 0.2702
vn 0.8608 -0.1767 -0.4773
vn 0.8956 -0.2394 -0.3751
vn 0.9780 -0.0964 -0.1851
vn 0.9967 -0.0757 -0.0302
vn -0.9685 -0.1041 0.2260
vn -0.9835 -0.1636 0.0770
vn -0.8910 -0.3250 0.3170
vn -0.8115 -0.2805 0.5126
vn -0.7709 -0.1244 -0.6247
vn -0.7902 -0.2009 -0.5789
vn -0.6622 -0.0337 -0.7485
vn -0.7128 -0.0555 -0.6992
vn 0.8141 -0.1113 -0.5699
vn 0.9465 -0.0887 -0.3104
vn 0.8111 -0.2317 -0.5371
vn 0.7939 -0.1550 -0.5880
vn 0.9074 0.2045 -0.3672
vn 0.8667 0.2007 -0.4567
vn 0.7416 0.3955 -0.5419
vn 0.8722 0.2575 -0.4158
vn 0.8674 0.4379 -0.2365
vn 0.9266 0.2513 -0.2798
vn 0.7963 0.3900 -0.4623
vn 0.7419 0.6439 -0.1870
vn 0.6393 0.4642 -0.6130
vn 0.6047 0.5015 -0.6188
vn 0.3998 0.8816 -0.2509
vn 0.3731 0.7535 -0.5414
vn 0.5097 0.6894 -0.5148
vn 0.6173 0.7714 -0.1547
vn 0.2282 0.9711 -0.0692
vn 0.1554 0.8924 -0.4236
vn 0.1976 0.8307 -0.5204
vn 0.1848 0.7445 -0.6416
vn -0.7386 0.3048 -0.6013
vn -0.6894 0.1737 -0.7032
vn -0.5488 0.3671 -0.7510
vn -0.7382 0.3534 -0.5746
vn 0.8788 -0.3017 -0.3698
vn 0.9322 -0.3419 -0.1185
vn 0.8952 -0.3816 0.2303
vn 0.8301 -0.4743 -0.2933
vn 0.8236 -0.2763 -0.4953
vn 0.8629 -0.2500 -0.4392
vn 0.6316 -0.4375 -0.6400
vn -0.3587 0.8463 -0.3938
vn -0.5522 0.7712 -0.3169
vn -0.4897 0.6438 -0.5879
vn -0.3051 0.6966 -0.6494
vn -0.1138 0.6780 -0.7262
vn -0.1743 0.7983 -0.5765
vn -0.1599 0.8338 -0.5284
vn -0.2388 0.9308 -0.2769
vn -0.4531 0.8900 -0.0515
vn -0.6057 0.7957 -0.0066
vn -0.2963 0.9544 0.0363
vn 0.7803 0.3776 -0.4985
vn 0.6506 0.3482 -0.6749
vn 0.6629 0.0845 -0.7439
vn 0.6782 0.1694 -0.7151
vn 0.6312 0.1395 -0.7630
vn 0.5054 0.4028 -0.7631
vn 0.8464 0.1512 -0.5107
vn 0.8799 0.2368 -0.4120
vn 0.7532 0.4686 -0.4617
vn -0.9285 -0.2883 -0.2340
vn -0.9104 -0.2655 -0.3173
vn -0.8846 -0.2424 -0.3984
vn -0.8421 -0.2887 -0.4556
vn -0.8859 -0.3305 -0.3254
vn 0.5695 0.6014 -0.5604
vn 0.5391 0.5826 -0.6083
vn 0.6431 0.5328 -0.5500
vn 0.3512 0.7253 -0.5921
vn 0.6824 0.3838 -0.6221
vn 0.8461 0.3486 -0.4032
vn 0.4887 0.6944 -0.5281
vn 0.3423 0.6879 -0.6400
vn 0.7098 0.3547 -0.6085
vn 0.8448 0.0099 -0.5350
vn 0.6586 0.5796 -0.4800
vn 0.7300 0.5271 -0.4351
vn 0.8807 -0.4726 0.0326
vn 0.8426 -0.4240 0.3320
vn 0.8834 -0.3721 0.2847
vn 0.9149 -0.3182 0.2484
vn 0.9087 0.1042 -0.4043
vn 0.9987 0.0087 0.0496
vn 0.9968 -0.0425 0.0675
vn 0.9480 0.1195 -0.2949
vn 0.7654 0.0465 -0.6419
vn 0.8661 0.0819 -0.4930
vn 0.9744 -0.1713 0.1455
vn 0.8309 0.1658 -0.5312
vn 0.5153 -0.0905 -0.8522
vn -0.7223 0.3994 -0.5646
vn -0.9508 -0.0263 -0.3086
vn -0.8992 -0.1902 -0.3940
vn -0.7158 0.2400 -0.6558
vn 0.8947 -0.3785 0.2373
vn 0.9048 -0.2165 -0.3666
vn 0.5795 -0.2767 -0.7666
vn 0.5670 -0.1978 -0.7996
vn 0.8955 -0.2070 -0.3940
vn 0.4421 -0.1426 -0.8855
vn 0.8304 -0.1688 -0.5310
vn 0.3860 0.1707 -0.9066
vn 0.2304 0.3387 -0.9123
vn -0.0045 0.6437 -0.7653
vn 0.2289 0.4797 -0.8470
vn 0.6976 0.1112 -0.7078
vn 0.8294 -0.3349 -0.4472
vn -0.1066 0.8844 -0.4545
vn -0.1877 0.9234 -0.3347
vn -0.1018 0.7669 -0.6336
vn 0.8383 -0.4921 -0.2348
vn 0.5798 0.6314 -0.5149
vn 0.6322 0.6171 -0.4686
vn 0.7165 0.5051 -0.4811
vn 0.5664 0.6178 -0.5455
vn 0.6179 0.5437 -0.5679
vn 0.4620 0.5871 -0.6648
vn 0.5741 0.5242 -0.6289
vn 0.4441 0.5783 -0.6844
vn 0.4619 0.6156 -0.6385
vn 0.6868 0.4325 -0.5842
vn 0.8277 0.2563 -0.4993
vn 0.9209 -0.2935 -0.2565
vn 0.9487 -0.1698 -0.2669
vn 0.9222 -0.3058 -0.2369
vn 0.3863 -0.1217 -0.9143
vn 0.5837 -0.3136 -0.7490
vn 0.6867 -0.3328 -0.6463
vn 0.7344 0.0393 -0.6775
vn 0.4949 -0.0621 -0.8667
vn 0.8892 -0.0279 -0.4567
vn 0.6916 0.0444 -0.7209
vn 0.3053 0.1488 -0.9406
vn 0.4599 -0.2976 -0.8366
vn 0.6716 -0.2599 -0.6938
vn 0.3871 -0.4676 -0.7947
vn 0.3556 -0.4547 -0.8166
vn 0.4795 -0.3231 -0.8159
vn 0.7191 -0.1775 -0.6718
vn 0.7785 -0.0553 -0.6251
vn -0.8807 -0.0531 -0.4706
vn -0.8574 0.0039 -0.5147
vn -0.8546 -0.0553 -0.5164
vn -0.8791 -0.1265 -0.4595
vn -0.9049 -0.1694 -0.3905
vn -0.8955 -0.0458 -0.4427
vn -0.8687 -0.0177 -0.4951
vn 0.3200 0.0623 -0.9454
vn 0.2851 0.2137 -0.9344
vn -0.0057 -0.0846 -0.9964
vn 0.3782 0.0316 -0.9252
vn -0.2221 -0.0607 -0.9731
vn 0.1379 -0.1378 -0.9808
vn 0.1751 -0.1862 -0.9668
vn -0.6575 -0.3433 -0.6707
vn -0.6738 -0.2199 -0.7055
vn -0.6662 -0.3624 -0.6519
vn -0.6070 -0.2178 -0.7643
vn -0.5534 -0.2607 -0.7911
vn -0.3593 -0.0842 -0.9294
vn -0.4711 -0.2971 -0.8305
vn -0.5168 -0.3864 -0.7640
vn -0.3511 -0.3531 -0.8672
vn -0.3927 -0.4965 -0.7741
vn -0.3774 -0.4568 -0.8056
vn -0.5050 -0.4058 -0.7618
vn -0.5873 -0.1888 -0.7871
vn -0.3626 0.2852 -0.8872
vn -0.4005 -0.0136 -0.9162
vn -0.0156 0.7771 -0.6292
vn 0.0985 0.8214 -0.5618
vn 0.3901 0.9181 -0.0698
vn 0.5254 0.8499 -0.0406
vn 0.3044 0.8610 -0.4074
vn -0.2186 0.4988 -0.8387
vn -0.5464 0.0263 -0.8371
vn 0.5610 0.8239 -0.0804
vn 0.5083 0.8401 -0.1895
vn 0.1135 0.6871 -0.7176
vn -0.3994 0.2177 -0.8906
vn -0.6639 -0.3914 -0.6372
vn -0.6099 -0.2240 -0.7601
vn 0.2549 0.7301 -0.6341
vn -0.1670 0.4364 -0.8841
vn -0.5354 -0.0552 -0.8428
vn -0.7004 -0.2515 -0.6680
vn -0.8007 -0.1560 -0.5784
vn -0.6782 -0.3271 -0.6581
vn -0.5113 0.1385 -0.8482
vn -0.7756 -0.1149 -0.6207
vn -0.7736 0.0689 -0.6299
vn -0.3122 0.4809 -0.8193
vn -0.4137 0.4276 -0.8037
vn -0.7404 0.1634 -0.6521
vn -0.4141 0.4866 -0.7693
vn -0.3766 0.3648 -0.8515
vn -0.7759 0.0893 -0.6245
vn -0.4303 0.2178 -0.8760
vn -0.7964 0.0297 -0.6041
vn -0.8814 -0.1115 -0.4591
vn -0.9023 -0.2086 -0.3773
vn -0.8931 -0.3282 -0.3077
vn -0.8874 -0.2347 -0.3967
vn -0.8462 -0.0868 -0.5257
vn -0.6744 0.1619 -0.7204
vn -0.8394 -0.2736 -0.4696
vn -0.8585 -0.2456 -0.4501
vn -0.8390 -0.1393 -0.5260
vn -0.5925 -0.1135 -0.7975
vn -0.5837 -0.1296 -0.8016
vn -0.7610 -0.1514 -0.6309
vn -0.8778 -0.1008 -0.4683
vn -0.3154 -0.0217 -0.9487
vn -0.1094 -0.0106 -0.9939
vn 0.0036 -0.1054 -0.9944
vn 0.1782 -0.1940 -0.9647
vn 0.2035 -0.2530 -0.9458
vn 0.2139 -0.2618 -0.9411
vn 0.2037 0.0063 -0.9790
vn 0.2535 0.0053 -0.9673
vn 0.1697 0.5185 -0.8380
vn 0.2405 0.4240 -0.8732
vn 0.3319 0.3000 -0.8944
vn 0.0834 0.3596 -0.9294
vn 0.0600 0.3399 -0.9385
vn 0.0520 0.1947 -0.9795
vn 0.0127 -0.1744 -0.9846
vn -0.1930 -0.2555 -0.9473
vn -0.1002 -0.0901 -0.9909
vn -0.3484 -0.4431 -0.8260
vn -0.0655 -0.4003 -0.9140
vn -0.2670 -0.4699 -0.8414
vn -0.3792 -0.4745 -0.7944
vn -0.1837 -0.0591 -0.9812
vn -0.2155 0.7052 -0.6754
vn -0.1198 0.7028 -0.7012
vn -0.2804 -0.1444 -0.9490
vn -0.3422 -0.0323 -0.9391
vn -0.1137 0.7094 -0.6956
vn -0.0872 0.7337 -0.6738
vn -0.3347 -0.0165 -0.9422
vn 0.0384 0.9697 -0.2413
vn 0.1238 0.9876 -0.0966
vn 0.2731 0.9618 -0.0199
vn 0.1798 0.9699 -0.1640
vn 0.3576 0.9337 -0.0185
vn 0.2938 0.9506 -0.0998
vn 0.2778 0.9561 -0.0928
vn 0.2312 0.9335 -0.2742
vn 0.3381 0.9173 -0.2105
vn 0.4495 0.8933 0.0022
vn 0.3262 0.8946 -0.3054
vn 0.4986 0.8662 -0.0319
vn 0.2223 0.9061 -0.3598
vn 0.0227 0.8581 -0.5130
vn 0.3233 0.8404 -0.4349
vn -0.9189 0.3773 -0.1152
vn -0.8989 0.3244 -0.2944
vn -0.8883 0.2331 -0.3957
vn -0.8762 0.4324 -0.2128
vn -0.9582 0.2862 0.0023
vn -0.8598 0.5046 -0.0781
vn -0.9846 0.1739 -0.0177
vn -0.9848 0.0303 -0.1710
vn -0.9961 -0.0482 0.0735
vn -0.9229 0.3541 -0.1511
vn -0.9625 0.2559 -0.0902
vn -0.9894 0.1264 -0.0714
vn -0.9806 -0.1910 -0.0445
vn -0.9192 -0.2920 0.2643
vn -0.8750 -0.2913 0.3867
vn -0.9859 0.0983 0.1355
vn -0.8195 -0.2513 0.5150
vn -0.9700 0.0485 0.2384
vn -0.9238 0.0039 0.3829
vn -0.9627 0.2618 -0.0686
vn -0.7289 -0.1336 0.6715
vn -0.5840 -0.0562 0.8098
vn -0.8619 0.0104 0.5070
vn -0.9060 -0.0058 0.4233
vn -0.7905 -0.0105 0.6124
vn -0.7177 0.0931 0.6901
vn -0.6698 0.0703 0.7392
vn -0.5008 -0.1104 0.8585
vn -0.8917 0.4385 0.1118
vn -0.9246 0.3389 0.1739
vn -0.9213 0.2894 0.2598
vn -0.8927 0.2532 0.3729
vn -0.5699 -0.0101 0.8217
vn -0.8932 0.3965 0.2119
vn -0.8910 0.3567 0.2810
vn -0.8807 0.3458 0.3238
vn -0.8783 0.3416 0.3346
vn -0.8521 0.2183 0.4757
vn -0.4709 0.0971 0.8768
vn -0.4773 0.1199 0.8705
vn -0.4791 0.1404 0.8664
vn -0.8954 0.3059 0.3236
vn -0.0266 0.0715 0.9971
vn 0.0156 0.0606 0.9980
vn 0.0694 0.0396 0.9968
vn 0.1285 0.0121 0.9916
vn -0.3596 0.1378 0.9229
vn 0.0236 0.1215 0.9923
vn 0.0526 0.0866 0.9949
vn 0.0620 0.0588 0.9963
vn 0.1502 0.0170 0.9885
vn -0.0568 0.1023 0.9931
vn -0.0778 0.0546 0.9955
vn -0.0909 0.0367 0.9952
vn 0.0537 0.0284 0.9982
vn -0.0789 0.0238 0.9966
vn 0.0311 -0.0046 0.9995
vn -0.1689 0.0393 0.9849
vn -0.1661 0.0559 0.9845
vn -0.1342 0.0681 0.9886
vn -0.0486 0.0192 0.9986
vn -0.0847 0.0788 0.9933
vn -0.0253 0.0376 0.9990
vn -0.0175 0.1422 0.9897
vn -0.0394 0.1530 0.9874
vn 0.0075 0.1743 0.9847
vn -0.0366 0.0878 0.9955
vn 0.0895 0.1490 0.9848
vn 0.0194 0.0811 0.9965
vn 0.3343 0.1688 0.9272
vn 0.2437 0.2011 0.9488
vn 0.2646 0.1678 0.9496
vn 0.2211 -0.0081 0.9752
vn 0.1107 -0.0001 0.9939
vn 0.4997 0.1187 0.8580
vn 0.4042 0.0975 0.9095
vn 0.3199 -0.0277 0.9470
vn 0.3501 -0.2142 0.9119
vn 0.2026 -0.1627 0.9656
vn 0.3853 -0.0228 0.9225
vn 0.4363 -0.0338 0.8992
vn 0.4971 -0.1637 0.8521
vn 0.5349 -0.2990 0.7902
vn 0.3738 -0.2137 0.9026
vn 0.6206 0.0259 0.7837
vn 0.6128 -0.1657 0.7726
vn 0.6820 -0.3352 0.6500
vn 0.5508 -0.2140 0.8067
vn 0.6583 -0.3385 0.6723
vn 0.6906 -0.1813 0.7001
vn 0.7568 -0.1584 0.6341
vn 0.7572 -0.2938 0.5834
vn 0.7661 -0.3722 0.5239
vn 0.7763 -0.3705 0.5100
vn 0.6883 -0.2506 0.6808
vn 0.8315 -0.2062 0.5159
vn 0.8434 -0.3004 0.4454
vn 0.8549 -0.3589 0.3745
vn 0.8626 -0.3833 0.3303
vn 0.7961 -0.3359 0.5033
vn 0.9059 -0.2072 0.3693
vn 0.9173 -0.2705 0.2920
vn 0.9078 -0.3294 0.2597
vn 0.8756 -0.4250 0.2296
vn 0.8652 -0.4009 0.3013
vn 0.9336 -0.2675 0.2385
vn 0.9377 -0.3197 0.1364
vn 0.9208 -0.3499 0.1725
vn 0.9761 -0.1763 0.1274
vn 0.9821 -0.1668 0.0872
vn 0.9947 -0.1007 0.0212
vn 0.9863 -0.1647 0.0019
vn 0.9909 -0.1227 -0.0551
vn 0.9989 -0.0297 0.0355
vn 0.7698 0.4693 0.4326
vn 0.7852 -0.0938 -0.6121
vn 0.7853 0.4982 -0.3675
vn 0.7413 0.0624 -0.6683
vn 0.7478 0.2347 -0.6210
vn 0.7633 0.3891 -0.5157
vn 0.9901 -0.1247 0.0640
vn 0.9822 -0.1349 -0.1309
vn 0.7864 0.5877 -0.1904
vn 0.9771 -0.1741 -0.1222
vn 0.4103 0.5933 0.6925
vn 0.9774 -0.1961 -0.0790
vn 0.8382 0.1043 0.5353
vn 0.9763 -0.1808 0.1191
vn 0.9721 -0.2281 -0.0548
vn 0.9675 -0.2413 0.0750
vn 0.9444 -0.3285 0.0170
vn 0.9275 -0.3149 0.2012
vn 0.9008 -0.3259 0.2870
vn 0.8672 -0.2439 0.4341
vn 0.8485 -0.2284 0.4774
vn 0.8101 -0.3029 0.5020
vn 0.7238 -0.0351 0.6891
vn 0.6943 -0.1187 0.7099
vn 0.6872 -0.1811 0.7035
vn 0.5359 0.0825 0.8403
vn 0.5458 0.0115 0.8379
vn 0.5617 -0.0695 0.8244
vn 0.3912 0.1901 0.9005
vn 0.3998 0.1022 0.9109
vn 0.3850 -0.0393 0.9221
vn 0.2271 0.2395 0.9440
vn 0.2072 0.1065 0.9725
vn 0.1910 -0.0713 0.9790
vn 0.0634 0.2063 0.9764
vn 0.0497 0.0317 0.9983
vn 0.0686 -0.0882 0.9937
vn -0.0010 0.1070 0.9943
vn 0.0157 -0.0293 0.9994
vn 0.0398 0.0030 0.9992
vn 0.0133 -0.0063 0.9999
vn -0.0010 0.0568 0.9984
vn -0.0100 0.0620 0.9980
vn 0.0003 0.0616 0.9981
vn 0.0068 0.0395 0.9992
vn 0.0162 0.0043 0.9999
vn 0.1036 0.0416 0.9937
vn 0.1512 0.0431 0.9876
vn 0.1675 0.0379 0.9851
vn -0.2075 0.1133 0.9717
vn -0.2240 0.1096 0.9684
vn -0.7813 0.1768 0.5986
vn -0.8717 0.2132 0.4411
vn -0.7726 0.1036 0.6264
vn -0.8249 0.1725 0.5384
vn -0.3047 -0.0751 0.9495
vn -0.4179 -0.0796 0.9050
vn -0.4868 -0.0692 0.8708
vn -0.4123 -0.1359 0.9008
vn -0.4901 -0.1560 0.8576
vn -0.4928 -0.1817 0.8510
vn -0.8844 0.1348 0.4468
vn -0.8652 0.0592 0.4978
vn -0.7985 0.0095 0.6020
vn -0.9705 0.2368 0.0455
vn -0.9732 0.2292 0.0202
vn -0.9661 0.2577 0.0145
vn -0.9890 0.0997 0.1090
vn -0.9878 0.1366 0.0747
vn -0.9924 0.1234 -0.0029
vn -0.9057 -0.3677 0.2110
vn -0.9068 -0.2823 0.3131
vn -0.9361 -0.0677 0.3451
vn -0.9517 -0.2002 0.2327
vn -0.9118 -0.2560 0.3211
vn -0.9092 -0.3605 0.2082
vn -0.8638 0.0526 -0.5010
vn -0.5351 0.2971 -0.7908
vn -0.5749 0.2000 -0.7934
vn -0.8176 -0.1423 -0.5579
vn -0.9305 -0.3524 0.1003
vn -0.9714 0.0736 -0.2256
vn -0.7716 0.2848 -0.5688
vn -0.9083 0.1941 -0.3704
vn -0.1796 0.4098 -0.8943
vn -0.2916 0.4408 -0.8489
vn -0.3637 0.3656 -0.8568
vn -0.8015 0.2320 -0.5511
vn -0.9186 -0.0350 0.3936
vn -0.8367 -0.2173 0.5027
vn -0.8389 -0.1987 0.5067
vn -0.9514 0.2222 0.2131
vn -0.9372 0.1033 0.3332
vn -0.8034 -0.2743 0.5285
vn -0.8385 0.0983 0.5359
vn -0.7259 -0.0086 0.6877
vn -0.8504 -0.1014 0.5162
vn -0.2564 -0.1122 0.9600
vn -0.3720 -0.0390 0.9274
vn -0.1440 -0.0582 0.9879
vn -0.7899 0.1104 0.6032
vn -0.7304 0.0864 0.6776
vn -0.3752 -0.0582 0.9251
vn -0.7463 0.1797 0.6409
vn -0.6427 0.1136 0.7577
vn -0.7030 0.0350 0.7103
vn -0.1003 0.1373 0.9854
vn 0.0621 0.1235 0.9904
vn -0.4112 0.1233 0.9032
vn 0.0606 0.0592 0.9964
vn 0.0714 0.1498 0.9861
vn 0.0167 0.0731 0.9972
vn -0.0055 0.0437 0.9990
vn -0.0221 0.0398 0.9990
vn 0.0055 -0.0116 0.9999
vn 0.0088 0.0037 1.0000
vn 0.0063 0.0418 0.9991
vn -0.0060 0.1616 0.9868
vn -0.0003 0.2649 0.9643
vn -0.0029 0.3076 0.9515
vn 0.0909 0.3299 0.9396
vn 0.0142 0.3660 0.9305
vn 0.1290 0.4111 0.9024
vn 0.0527 0.4512 0.8909
vn 0.2423 0.3310 0.9120
vn 0.2516 0.4024 0.8802
vn 0.1644 0.4792 0.8621
vn 0.3800 0.2693 0.8849
vn 0.3885 0.3419 0.8557
vn 0.2752 0.4687 0.8394
vn 0.5490 0.1659 0.8192
vn 0.6009 0.1955 0.7751
vn 0.4294 0.4140 0.8026
vn 0.7512 -0.0535 0.6579
vn 0.7534 -0.0547 0.6553
vn 0.5423 0.2148 0.8123
vn 0.9040 -0.2885 0.3156
vn 0.9185 -0.0536 0.3918
vn 0.7788 0.6267 -0.0291
vn 0.7603 0.6356 0.1336
vn 0.7322 0.5956 0.3303
vn 0.9497 -0.1937 -0.2459
vn 0.8660 -0.2526 -0.4315
vn 0.7809 -0.2882 -0.5543
vn 0.8213 0.2076 0.5313
vn 0.3996 0.4076 0.8211
vn 0.8092 0.2378 0.5372
vn 0.2842 0.5320 0.7977
vn 0.2963 0.5383 0.7890
vn 0.2068 0.6247 0.7530
vn 0.2427 0.6017 0.7609
vn 0.2121 0.5403 0.8143
vn 0.2255 0.6390 0.7354
vn 0.1859 0.5754 0.7965
vn 0.0077 0.4539 0.8910
vn -0.0009 0.3929 0.9196
vn -0.0006 0.4083 0.9128
vn -0.0036 0.3342 0.9425
vn -0.0081 0.2103 0.9776
vn -0.0041 0.2505 0.9681
vn 0.0005 0.0777 0.9970
vn 0.0052 -0.0133 0.9999
vn 0.0045 -0.0191 0.9998
vn -0.0729 0.0492 0.9961
vn -0.0913 0.1786 0.9797
vn -0.2259 0.2172 0.9496
vn -0.3094 0.0421 0.9500
vn -0.4814 0.0619 0.8743
vn -0.6208 0.0324 0.7833
vn -0.4055 0.0207 0.9138
vn -0.4256 -0.0145 0.9048
vn -0.4168 -0.0434 0.9080
vn -0.3077 -0.0193 0.9513
vn -0.2703 -0.0274 0.9624
vn -0.2131 -0.0336 0.9764
vn -0.3405 0.0178 0.9401
vn -0.3854 0.0454 0.9217
vn -0.4419 -0.0211 0.8968
vn -0.6803 0.0314 0.7322
vn -0.7345 -0.1154 0.6688
vn -0.8969 0.0624 0.4377
vn -0.7820 -0.2065 0.5880
vn -0.9192 0.1750 0.3529
vn -0.8675 -0.0769 0.4914
vn -0.9366 0.3486 -0.0365
vn -0.9498 0.2259 0.2164
vn -0.9713 0.1633 0.1731
vn -0.9560 0.2806 0.0857
vn -0.9498 0.1325 0.2835
vn -0.9581 0.0514 0.2818
vn -0.9573 0.2022 0.2064
vn -0.9676 0.0418 -0.2491
vn -0.9768 0.1926 0.0939
vn -0.9522 -0.0760 0.2959
vn -0.9980 -0.0511 0.0382
vn -0.9271 -0.1562 -0.3408
vn -0.9562 -0.1675 0.2401
vn -0.9959 -0.0831 0.0367
vn -0.9639 -0.2223 -0.1463
vn -0.9626 -0.1597 0.2189
vn -0.9874 -0.1485 0.0540
vn -0.9708 -0.2397 0.0109
vn -0.9006 -0.2960 -0.3184
vn -0.9812 -0.1625 0.1045
vn -0.9676 -0.2498 -0.0374
vn -0.9767 -0.2130 -0.0246
vn -0.9156 -0.2684 -0.2994
vn -0.6976 -0.3438 -0.6286
vn -0.6696 -0.3617 -0.6487
vn -0.9838 -0.1777 -0.0248
vn -0.9824 -0.1774 -0.0584
vn -0.9077 -0.2492 -0.3375
vn -0.7130 -0.3237 -0.6220
vn -0.9730 -0.1221 -0.1958
vn -0.8501 -0.1976 -0.4881
vn -0.5812 -0.2850 -0.7622
vn -0.4462 -0.2181 -0.8680
vn -0.4223 -0.2956 -0.8569
vn -0.4405 -0.3469 -0.8280
vn -0.4086 -0.3828 -0.8286
vn -0.4033 -0.3783 -0.8332
vn -0.6367 -0.2273 -0.7368
vn -0.7248 -0.1647 -0.6690
vn -0.4300 -0.0679 -0.9002
vn -0.2895 -0.0089 -0.9571
vn -0.1572 -0.0031 -0.9876
vn 0.0539 -0.0922 -0.9943
vn 0.1270 -0.1505 -0.9804
vn 0.1893 -0.2397 -0.9522
vn 0.1885 -0.2700 -0.9442
vn 0.2091 -0.2722 -0.9393
vn 0.1690 -0.0815 -0.9822
vn 0.1892 -0.0473 -0.9808
vn 0.1819 0.5369 -0.8238
vn 0.1768 0.5028 -0.8462
vn 0.0977 0.8662 -0.4901
vn 0.0475 0.5648 -0.8239
vn -0.1095 0.7687 -0.6301
vn -0.1821 0.4570 -0.8706
vn 0.0180 -0.0708 -0.9973
vn -0.0510 0.0810 -0.9954
vn -0.2557 0.4850 -0.8363
vn -0.3516 0.7039 -0.6171
vn -0.2894 0.7998 -0.5259
vn -0.3496 0.8253 -0.4435
vn -0.2646 0.8942 -0.3611
vn -0.1535 0.9636 -0.2189
vn -0.2299 0.9188 -0.3209
vn -0.0245 0.9928 -0.1172
vn -0.0873 0.9731 -0.2133
vn -0.0929 0.9738 -0.2075
vn 0.0158 0.9941 -0.1074
vn 0.1586 0.9825 -0.0975
vn -0.0219 0.9085 -0.4172
vn 0.0700 0.9095 -0.4098
vn 0.1746 0.9302 -0.3227
vn -0.0286 0.7130 -0.7005
vn -0.1513 0.4532 -0.8785
vn -0.2584 0.3494 -0.9006
vn -0.3238 0.4006 -0.8571
vn -0.0717 0.7326 -0.6769
vn -0.4334 0.1990 -0.8790
vn -0.5545 0.1602 -0.8166
vn -0.4911 0.2147 -0.8443
vn -0.6406 0.1270 -0.7573
vn -0.5903 0.1360 -0.7957
vn -0.7125 0.0780 -0.6974
vn -0.6948 0.0603 -0.7166
vn -0.6504 0.1806 -0.7378
vn -0.4195 0.3810 -0.8239
vn -0.8217 0.0833 -0.5637
vn -0.8194 0.1217 -0.5601
vn -0.7972 0.2193 -0.5624
vn -0.9492 0.2928 -0.1151
vn -0.9421 0.3149 -0.1153
vn -0.8785 0.4103 0.2447
vn -0.9934 -0.0095 0.1139
vn -0.8302 0.5005 0.2456
vn -0.9565 -0.2292 0.1803
vn -0.7797 0.5989 0.1830
vn -0.9334 -0.1701 0.3161
vn -0.7956 0.5902 0.1368
vn -0.9108 -0.1500 0.3847
vn -0.7885 0.6142 0.0318
vn -0.4737 0.8797 0.0409
vn -0.4875 0.8677 0.0975
vn -0.9206 0.3837 0.0725
vn -0.8999 0.3794 0.2151
vn -0.8023 -0.5934 0.0652
vn -0.7598 -0.6242 0.1816
vn -0.7020 -0.7009 0.1261
vn -0.6492 -0.7474 0.1414
vn -0.6468 -0.7455 0.1610
vn -0.9542 -0.1317 0.2687
vn -0.8851 -0.2086 0.4160
vn -0.7827 -0.2173 0.5833
vn -0.6246 -0.7416 0.2447
vn -0.6490 -0.3274 0.6867
vn -0.5451 -0.7253 0.4206
vn -0.7193 0.1553 0.6771
vn -0.5987 0.1035 0.7943
vn -0.5114 0.0203 0.8591
vn -0.4489 -0.0351 0.8929
vn -0.4095 -0.0994 0.9069
vn -0.3315 -0.1171 0.9362
vn -0.3078 -0.3275 0.8933
vn -0.2100 -0.1020 0.9724
vn -0.2065 -0.2754 0.9389
vn -0.1323 -0.4368 0.8898
vn -0.1535 -0.3592 0.9206
vn -0.0763 -0.2651 0.9612
vn -0.0061 -0.3542 0.9352
vn -0.0499 -0.3200 0.9461
vn -0.0338 -0.1014 0.9943
vn -0.1141 -0.0855 0.9898
vn -0.1436 0.1826 0.9726
vn -0.1578 0.1869 0.9696
vn -0.0536 0.2319 0.9713
vn 0.0388 0.2064 0.9777
vn -0.1143 0.2114 0.9707
vn 0.1168 0.1854 0.9757
vn 0.0735 0.1814 0.9807
vn 0.0254 0.2086 0.9777
vn 0.0305 0.1286 0.9912
vn 0.0110 0.2048 0.9787
vn 0.1989 0.0534 0.9786
vn 0.1064 0.0525 0.9929
vn 0.0543 0.0384 0.9978
vn -0.0148 0.0842 0.9963
vn 0.0240 0.0207 0.9995
vn -0.0640 0.0569 0.9963
vn 0.3680 -0.0272 0.9294
vn 0.3041 -0.0124 0.9526
vn 0.2348 0.0119 0.9720
vn 0.3763 0.1233 0.9183
vn -0.0137 -0.0017 0.9999
vn 0.5287 0.0464 0.8476
vn 0.4876 0.0991 0.8674
vn 0.7994 0.2824 0.5303
vn 0.7913 0.2819 0.5426
vn 0.9027 0.3987 0.1615
vn 0.9239 0.3137 0.2191
vn 0.9036 0.2480 0.3493
vn 0.8440 0.2705 0.4630
vn 0.6972 0.0672 0.7138
vn 0.8644 0.2012 0.4608
vn 0.5327 -0.0449 0.8451
vn 0.8327 0.1712 0.5266
vn 0.3413 -0.1057 0.9340
vn 0.5458 -0.0566 0.8360
vn 0.3696 -0.1399 0.9186
vn 0.3353 -0.1358 0.9323
vn 0.4442 -0.0843 0.8920
vn 0.2577 -0.1117 0.9597
vn 0.6441 -0.0126 0.7649
vn 0.2790 -0.0873 0.9563
vn 0.6493 0.0141 0.7604
vn 0.8641 0.1563 0.4784
vn 0.9437 0.0054 0.3309
vn 0.8878 -0.1553 0.4332
vn 0.7145 0.0497 0.6979
vn 0.9450 -0.0952 0.3130
vn 0.8603 -0.2891 0.4198
vn 0.9180 -0.0100 0.3965
vn 0.8835 0.1321 0.4493
vn 0.9327 -0.1026 0.3456
vn 0.8529 -0.3241 0.4093
vn 0.9400 -0.0331 0.3397
vn 0.8689 -0.2403 0.4327
vn 0.9578 0.0154 0.2870
vn 0.9078 -0.0021 0.4195
vn 0.9087 -0.1641 0.3839
vn 0.9250 -0.0369 0.3782
vn 0.9583 -0.1758 0.2251
vn 0.9737 -0.1995 0.1104
vn 0.9323 -0.3076 0.1905
vn 0.9432 -0.2665 0.1984
vn 0.9459 -0.3135 0.0830
vn 0.9318 -0.3574 0.0633
vn 0.7736 0.0220 -0.6333
vn 0.3153 0.3350 -0.8879
vn 0.2838 0.3755 -0.8823
vn -0.0452 0.4580 -0.8878
vn 0.0911 0.3005 -0.9494
vn 0.1591 0.2668 -0.9505
vn 0.4673 0.0146 -0.8840
vn 0.3959 -0.0102 -0.9182
vn -0.2033 0.5080 -0.8370
vn 0.1410 0.3343 -0.9319
vn 0.5084 0.0138 -0.8610
vn 0.5555 -0.1299 -0.8213
vn 0.5246 -0.2799 -0.8040
vn 0.3519 0.1922 -0.9161
vn 0.5367 -0.0108 -0.8437
vn 0.5201 -0.0967 -0.8486
vn 0.4996 -0.0510 -0.8647
vn 0.3157 -0.1963 -0.9283
vn 0.3244 -0.1702 -0.9305
vn 0.5129 -0.1777 -0.8398
vn 0.1581 -0.1814 -0.9706
vn 0.1032 -0.1224 -0.9871
vn 0.2405 -0.1402 -0.9605
vn 0.0629 -0.0858 -0.9943
vn 0.0099 -0.0987 -0.9951
vn 0.0652 -0.1384 -0.9882
vn -0.0630 -0.0775 -0.9950
vn -0.0230 -0.1880 -0.9819
vn -0.0063 -0.1835 -0.9830
vn -0.0178 -0.2360 -0.9716
vn 0.0014 -0.2370 -0.9715
vn -0.1416 -0.2189 -0.9654
vn -0.1153 -0.2474 -0.9620
vn -0.0415 -0.2926 -0.9553
vn -0.0116 -0.2760 -0.9611
vn -0.2398 -0.3322 -0.9122
vn -0.1624 -0.3724 -0.9137
vn -0.1549 -0.3489 -0.9243
vn -0.0096 -0.3210 -0.9470
vn -0.1448 -0.2616 -0.9542
vn -0.0071 -0.2544 -0.9671
vn -0.0966 -0.1378 -0.9857
vn -0.0047 -0.1296 -0.9916
vn -0.2544 -0.2108 -0.9438
vn -0.1980 -0.0853 -0.9765
vn -0.0783 0.0079 -0.9969
vn -0.3592 -0.1359 -0.9233
vn -0.2869 -0.0216 -0.9577
vn -0.1817 0.0293 -0.9829
vn -0.8468 -0.0092 -0.5318
vn -0.7942 0.0543 -0.6052
vn -0.7620 0.1204 -0.6363
vn -0.2142 0.0712 -0.9742
vn -0.7251 0.3220 -0.6088
vn -0.7262 0.4466 -0.5227
vn -0.1255 0.5421 -0.8309
vn -0.1273 0.3635 -0.9229
vn -0.1592 0.2046 -0.9658
vn -0.7268 0.4757 -0.4954
vn -0.0940 0.3606 -0.9280
vn -0.1038 0.2382 -0.9656
vn -0.1440 0.1117 -0.9833
vn -0.0527 0.1833 -0.9816
vn -0.0029 0.0155 -0.9999
vn 0.0053 -0.1198 -0.9928
vn 0.0015 -0.2472 -0.9690
vn -0.0004 -0.3119 -0.9501
vn -0.0011 -0.2796 -0.9601
vn 0.0068 -0.2357 -0.9718
vn 0.0048 -0.2041 -0.9789
vn 0.1037 -0.2350 -0.9665
vn 0.1700 -0.1767 -0.9695
vn 0.2967 -0.2401 -0.9243
vn 0.4273 -0.2056 -0.8805
vn 0.4059 -0.3176 -0.8570
vn 0.4976 -0.2413 -0.8332
vn 0.3926 -0.4283 -0.8139
vn 0.4911 -0.4374 -0.7533
vn 0.5070 -0.3109 -0.8039
vn 0.3934 -0.3142 -0.8640
vn 0.3643 -0.3222 -0.8738
vn 0.4720 -0.2674 -0.8401
vn 0.2425 -0.2778 -0.9295
vn 0.0748 -0.2352 -0.9691
vn 0.1686 -0.3061 -0.9369
vn 0.0073 -0.2789 -0.9603
vn 0.0201 -0.2844 -0.9585
vn -0.0004 -0.3094 -0.9509
vn 0.0007 -0.3114 -0.9503
vn -0.0003 -0.2437 -0.9698
vn 0.0002 -0.1151 -0.9933
vn 0.0103 0.0258 -0.9996
vn 0.0014 0.0307 -0.9995
vn 0.0064 0.1628 -0.9866
vn 0.0179 0.1705 -0.9852
vn -0.0548 0.4030 -0.9136
vn -0.0041 0.3182 -0.9480
vn -0.0647 0.5169 -0.8536
vn -0.1150 0.6940 -0.7108
vn -0.1173 0.6467 -0.7537
vn -0.1552 0.7238 -0.6723
vn -0.1835 0.8777 -0.4428
vn -0.1328 0.8635 -0.4865
vn -0.7315 0.5486 -0.4048
vn -0.7369 0.6306 -0.2435
vn -0.4141 0.8942 -0.1698
vn -0.2011 0.9627 -0.1809
vn 0.9360 -0.1056 0.3358
vn 0.9738 -0.0923 0.2078
vn 0.9635 0.0481 0.2634
vn 0.9345 0.1080 0.3393
vn 0.9915 -0.0076 -0.1296
vn 0.9938 0.0124 0.1107
vn 0.9880 -0.0901 0.1257
vn 0.9793 -0.1200 -0.1627
vn 0.1608 0.1442 -0.9764
vn -0.9381 -0.3410 -0.0606
vn -0.9923 0.0735 -0.0999
vn -0.9939 -0.0889 -0.0650
vn -0.9988 0.0069 -0.0475
vn -0.4982 0.4057 0.7663
vn -0.3591 0.8256 0.4352
vn -0.0637 0.8765 0.4771
vn -0.1377 0.9499 0.2805
vn -0.1926 0.9796 0.0575
vn -0.5402 0.5308 0.6530
vn -0.1271 0.9397 0.3174
vn -0.1904 0.9799 0.0590
vn -0.1701 0.9595 -0.2244
vn -0.2692 0.9014 0.3392
vn -0.2295 0.8432 0.4862
vn -0.4300 0.7581 0.4903
vn -0.4557 0.8299 0.3218
vn -0.0571 0.8781 0.4751
vn -0.0232 0.8100 0.5859
vn -0.1068 0.8368 0.5371
vn -0.6858 0.5911 0.4245
vn -0.2024 0.7912 0.5770
vn -0.2980 0.7782 0.5527
vn -0.2626 0.8136 0.5187
vn -0.1126 0.7651 0.6340
vn -0.2109 0.7186 0.6626
vn -0.2564 0.7415 0.6201
vn -0.6907 0.5736 0.4404
vn -0.4776 0.6338 0.6085
vn -0.3057 0.7370 0.6028
vn -0.2306 0.6757 0.7002
vn -0.2484 0.6983 0.6713
vn -0.2759 0.7015 0.6571
vn -0.3238 0.6661 0.6719
vn -0.3808 0.6919 0.6134
vn -0.1922 0.6463 0.7385
vn -0.2071 0.6610 0.7212
vn -0.2435 0.6379 0.7306
vn -0.3460 0.5196 0.7813
vn -0.4376 0.5390 0.7197
vn -0.1230 0.6189 0.7758
vn -0.1676 0.5884 0.7910
vn -0.2822 0.4692 0.8368
vn 0.0182 0.8883 0.4589
vn 0.0402 0.8750 0.4825
vn -0.2063 0.4662 0.8603
vn 0.0324 0.8915 0.4519
vn -0.1631 0.4464 0.8798
vn 0.0209 0.8973 0.4408
vn -0.1149 0.4528 0.8842
vn 0.0194 0.9112 0.4116
vn -0.0826 0.4500 0.8892
vn 0.0129 0.9284 0.3713
vn -0.0474 0.4516 0.8910
vn 0.0028 0.9308 0.3656
vn -0.0160 0.4464 0.8947
vn -0.0213 0.9252 0.3789
vn 0.0250 0.4442 0.8956
vn -0.0386 0.9266 0.3741
vn 0.0559 0.4627 0.8848
vn -0.0425 0.9288 0.3682
vn 0.0883 0.4562 0.8855
vn -0.0481 0.9230 0.3819
vn 0.1325 0.4841 0.8649
vn -0.0661 0.9031 0.4242
vn 0.2196 0.4903 0.8434
vn -0.0553 0.8726 0.4853
vn 0.3563 0.4961 0.7918
vn 0.0040 0.8410 0.5410
vn 0.5072 0.5077 0.6964
vn 0.1222 0.8088 0.5753
vn 0.5919 0.5426 0.5960
vn 0.1673 0.8437 0.5100
vn 0.6155 0.5864 0.5266
vn 0.0887 0.8691 0.4865
vn 0.6512 0.6127 0.4478
vn 0.1426 0.8708 0.4704
vn 0.6482 0.7273 0.2256
vn 0.1506 0.9265 0.3448
vn 0.1704 0.9597 0.2234
vn 0.2697 0.9594 0.0832
vn 0.4080 0.5691 -0.7139
vn 0.3110 0.9444 -0.1069
vn 0.2719 0.5590 -0.7833
vn 0.2461 0.9457 -0.2122
vn 0.1496 0.4457 -0.8826
vn 0.1721 0.9281 -0.3303
vn 0.1033 0.4432 -0.8904
vn 0.0926 0.9169 -0.3883
vn 0.0017 0.4182 -0.9084
vn 0.0124 0.9609 -0.2765
vn -0.0918 0.4135 -0.9059
vn -0.0753 0.9189 -0.3873
vn -0.1010 0.4637 -0.8802
vn -0.1311 0.9291 -0.3457
vn -0.2706 0.4892 -0.8291
vn -0.2054 0.9538 -0.2194
vn -0.3773 0.6275 -0.6811
vn -0.2721 0.9572 -0.0983
vn -0.3069 0.9502 0.0551
vn -0.2054 0.9461 0.2503
vn -0.0677 0.9430 0.3258
vn -0.6215 0.7177 0.3141
vn -0.0900 0.9427 0.3214
vn -0.6497 0.6024 0.4637
vn -0.1394 0.8926 0.4287
vn -0.6426 0.5628 0.5199
vn -0.1614 0.8348 0.5264
vn -0.5959 0.5568 0.5787
vn -0.0808 0.8311 0.5503
vn -0.5302 0.5418 0.6522
vn -0.0133 0.8216 0.5699
vn 0.0555 0.8369 0.5445
vn -0.4122 0.7182 0.5607
vn -0.4242 0.7366 0.5268
vn -0.1319 0.5451 -0.8279
vn -0.0182 0.5646 -0.8252
vn 0.0243 0.4540 -0.8906
vn -0.0482 0.5113 -0.8580
vn 0.0236 0.3071 -0.9514
vn 0.0022 0.1726 -0.9850
vn -0.0060 0.0284 -0.9996
vn -0.0033 -0.1183 -0.9930
vn -0.0010 -0.2458 -0.9693
vn 0.0002 -0.3178 -0.9481
vn 0.0714 -0.3420 -0.9370
vn 0.2673 -0.3774 -0.8866
vn 0.3380 -0.3323 -0.8805
vn 0.4297 -0.3915 -0.8137
vn 0.4634 -0.3410 -0.8179
vn 0.6619 -0.2380 -0.7108
vn 0.7032 -0.1651 -0.6916
vn 0.7977 -0.3090 -0.5179
vn 0.8611 -0.1978 -0.4683
vn 0.8804 -0.2783 -0.3840
vn 0.8868 -0.0967 -0.4519
vn 0.9337 -0.1327 -0.3324
vn 0.9838 -0.0462 -0.1734
vn 0.9179 -0.2913 -0.2695
vn 0.9926 -0.1068 -0.0574
vn 0.7947 -0.3488 -0.4967
vn 0.8213 -0.3436 -0.4554
vn 0.9497 -0.2768 -0.1465
vn 0.6231 -0.3440 -0.7025
vn 0.6209 -0.3790 -0.6862
vn 0.4484 -0.3777 -0.8101
vn 0.6510 -0.3476 -0.6748
vn 0.2285 -0.3894 -0.8923
vn 0.2347 -0.3543 -0.9052
vn 0.4743 -0.3579 -0.8043
vn 0.0495 -0.3357 -0.9407
vn -0.0030 -0.2518 -0.9678
vn 0.0510 -0.2649 -0.9629
vn -0.0074 -0.1252 -0.9921
vn 0.0436 -0.1381 -0.9895
vn -0.0104 0.0224 -0.9997
vn 0.0442 0.0099 -0.9990
vn -0.0100 0.1707 -0.9853
vn -0.0174 0.1674 -0.9857
vn 0.0030 0.3104 -0.9506
vn -0.0158 0.3103 -0.9505
vn 0.0061 0.4497 -0.8932
vn 0.0026 0.5344 -0.8452
vn -0.0288 0.4831 -0.8751
vn 0.0682 0.5231 -0.8495
vn 0.0006 0.5493 -0.8357
vn -0.0247 0.4536 -0.8909
vn 0.0330 0.4826 -0.8752
vn -0.0083 0.3104 -0.9506
vn 0.0392 0.3836 -0.9227
vn 0.0308 0.1758 -0.9839
vn 0.1086 0.1791 -0.9778
vn 0.1622 -0.0113 -0.9867
vn 0.1956 -0.1656 -0.9666
vn 0.2387 -0.2812 -0.9295
vn 0.4834 -0.3280 -0.8116
vn 0.8519 -0.2904 -0.4359
vn 0.9695 -0.2154 -0.1172
vn 0.9833 -0.1521 0.0997
vn 0.9877 -0.1500 0.0445
vn 0.9761 -0.1581 0.1488
vn 0.9817 -0.0722 0.1762
vn 0.9542 -0.0500 0.2949
vn 0.9321 -0.1416 0.3335
vn 0.8994 -0.0557 0.4335
vn 0.8704 -0.0930 0.4835
vn 0.8853 -0.1380 0.4440
vn 0.8043 -0.0533 0.5918
vn 0.8426 -0.0479 0.5364
vn 0.9036 0.1564 0.3989
vn 0.8966 0.1244 0.4250
vn 0.8398 0.1081 0.5321
vn 0.8545 0.2175 0.4717
vn 0.7533 0.1788 0.6329
vn 0.6387 0.1137 0.7610
vn 0.4724 0.0205 0.8811
vn 0.3603 -0.0457 0.9317
vn 0.3352 -0.0691 0.9396
vn 0.5326 -0.0372 0.8455
vn 0.6474 -0.0000 0.7622
vn 0.3409 -0.0866 0.9361
vn 0.7454 0.0854 0.6611
vn 0.4092 -0.0848 0.9085
vn 0.7650 0.1297 0.6309
vn 0.8132 0.1617 0.5590
vn 0.8357 0.2186 0.5038
vn 0.5248 0.1519 0.8376
vn 0.5428 0.1791 0.8205
vn 0.5283 0.1845 0.8287
vn 0.0540 0.0733 0.9958
vn 0.0481 0.0283 0.9984
vn -0.1603 0.0302 0.9866
vn -0.1168 0.0388 0.9924
vn -0.0267 0.1651 0.9859
vn -0.0034 0.2001 0.9798
vn -0.0092 0.1484 0.9889
vn -0.0394 0.1835 0.9822
vn -0.0823 0.1948 0.9774
vn 0.0368 0.1103 0.9932
vn 0.4573 0.1520 0.8762
vn 0.6491 0.1061 0.7533
vn 0.4536 -0.0375 0.8904
vn 0.3827 -0.0199 0.9236
vn 0.5044 0.0529 0.8618
vn 0.7500 0.1483 0.6446
vn 0.7748 -0.0326 0.6314
vn 0.7468 0.0400 0.6639
vn 0.8281 -0.0947 0.5525
vn 0.8954 -0.1445 0.4212
vn 0.9434 -0.1272 0.3064
vn 0.9465 -0.1601 0.2802
vn 0.9684 -0.1364 0.2086
vn 0.9723 -0.1264 0.1966
vn 0.3684 -0.2473 -0.8962
vn 0.3111 -0.1396 -0.9401
vn 0.2824 -0.0174 -0.9591
vn 0.2024 0.0591 -0.9775
vn 0.2859 -0.0305 -0.9578
vn 0.1473 0.2091 -0.9667
vn 0.1742 0.1636 -0.9710
vn 0.1361 0.3943 -0.9089
vn 0.1883 0.9821 0.0100
vn 0.1346 0.9609 0.2420
vn 0.0665 0.8883 0.4545
vn 0.1432 0.9496 0.2790
vn 0.0624 0.8732 0.4833
vn 0.0747 0.8180 0.5703
vn 0.0590 0.7878 0.6131
vn 0.1871 0.7623 0.6196
vn 0.1168 0.7136 0.6907
vn 0.2425 0.7110 0.6601
vn 0.2063 0.6819 0.7017
vn 0.2247 0.6576 0.7191
vn 0.2845 0.7162 0.6373
vn 0.2193 0.6613 0.7174
vn 0.3520 0.6780 0.6453
vn 0.2552 0.6443 0.7209
vn 0.3910 0.7204 0.5728
vn 0.2740 0.7704 0.5756
vn 0.2135 0.8193 0.5321
vn 0.3987 0.7498 0.5280
vn 0.1677 0.8630 0.4765
vn 0.3983 0.7843 0.4756
vn 0.2261 0.9323 0.2823
vn 0.4404 0.8725 0.2117
vn 0.1976 0.9801 -0.0188
vn 0.2097 0.9444 -0.2532
vn 0.1627 0.9284 -0.3340
vn 0.2046 0.8142 -0.5433
vn 0.1341 0.7710 -0.6225
vn 0.1162 0.6919 -0.7126
vn 0.0829 0.5705 -0.8171
vn 0.0674 0.4291 -0.9008
vn 0.1137 0.6229 -0.7740
vn 0.0738 0.6269 -0.7756
vn 0.2228 0.6374 -0.7377
vn 0.1105 0.3692 -0.9228
vn 0.1626 0.6220 -0.7660
vn 0.0398 0.5422 0.8393
vn 0.0114 0.5575 0.8301
vn 0.0082 0.5091 0.8606
vn 0.0006 0.4555 0.8902
vn 0.0017 0.4649 0.8853
vn -0.0026 0.4226 0.9063
vn -0.0025 0.3576 0.9339
vn -0.0017 0.3817 0.9243
vn -0.0043 0.2857 0.9583
vn -0.0059 0.1177 0.9930
vn -0.0670 0.1604 0.9848
vn -0.0778 -0.0499 0.9957
vn -0.1751 -0.0668 0.9823
vn -0.3136 -0.1528 0.9372
vn -0.3746 -0.0402 0.9263
vn -0.3109 -0.0081 0.9504
vn -0.5308 -0.0250 0.8471
vn -0.4228 0.0513 0.9048
vn -0.3480 0.0027 0.9375
vn -0.6688 0.1530 0.7275
vn -0.6220 0.1301 0.7721
vn -0.6388 0.0663 0.7665
vn -0.8220 0.1695 0.5438
vn -0.8428 0.2173 0.4924
vn -0.8991 0.1952 0.3918
vn -0.8946 0.0386 0.4452
vn -0.9242 0.1539 0.3495
vn -0.9203 0.2710 0.2822
vn -0.9394 0.0774 0.3341
vn -0.9387 -0.1482 0.3112
vn -0.9283 -0.1023 0.3574
vn -0.9389 -0.0977 0.3300
vn -0.9736 -0.1050 0.2028
vn -0.9399 -0.1276 0.3168
vn -0.9684 -0.1364 0.2088
vn -0.9798 -0.1636 0.1151
vn -0.9714 -0.1341 0.1961
vn -0.9830 -0.1446 0.1135
vn -0.9675 -0.1960 0.1598
vn -0.9821 -0.1611 0.0972
vn -0.9916 -0.1243 0.0345
vn -0.9934 -0.0998 -0.0572
vn -0.9982 -0.0089 0.0588
vn 0.0308 0.7879 -0.6151
vn 0.9755 0.1763 -0.1319
vn 0.9914 -0.0068 -0.1306
vn 0.1565 0.3056 -0.9392
vn -0.9992 0.0078 0.0391
vn -0.8959 0.1271 0.4258
vn -0.6664 0.0582 0.7434
vn -0.4835 0.3067 0.8198
vn -0.8357 0.2730 0.4766
vn -0.3266 0.4810 0.8136
vn -0.7825 0.3944 0.4818
vn -0.4304 0.2192 0.8756
vn -0.2741 0.4008 0.8742
vn -0.2030 0.5140 0.8334
vn -0.2474 0.5784 0.7773
vn -0.7614 0.4601 0.4566
vn -0.2242 0.6373 0.7373
vn -0.1838 0.5747 0.7974
vn -0.1875 0.6158 0.7653
vn -0.1280 0.4489 0.8844
vn -0.1087 0.5140 0.8509
vn -0.1140 0.5622 0.8191
vn -0.1163 0.6008 0.7909
vn -0.0418 0.5105 0.8589
vn -0.0474 0.5671 0.8223
vn -0.0529 0.5880 0.8071
vn -0.0975 0.5549 0.8262
vn -0.0162 0.5627 0.8265
vn -0.0444 0.5261 0.8492
vn -0.0052 0.5524 0.8336
vn 0.0002 0.5175 0.8557
vn -0.0015 0.5191 0.8547
vn -0.0096 0.5351 0.8447
vn -0.0008 0.4775 0.8786
vn -0.0053 0.4366 0.8996
vn -0.0365 0.4638 0.8852
vn -0.0375 0.4138 0.9096
vn -0.0577 0.3240 0.9443
vn -0.6196 -0.0028 0.7849
vn -0.7703 -0.1974 0.6064
vn -0.7415 -0.2662 0.6159
vn -0.8107 -0.1820 0.5565
vn -0.8897 -0.3161 0.3294
vn -0.8588 -0.3229 0.3978
vn -0.9437 -0.0273 0.3296
vn -0.9785 -0.1303 0.1599
vn -0.9920 -0.1241 0.0214
vn -0.9328 -0.3223 0.1614
vn -0.9832 -0.1791 0.0343
vn -0.9866 -0.1622 0.0170
vn -0.9997 -0.0129 -0.0190
vn -0.9420 -0.3221 0.0940
vn -0.9180 -0.3449 0.1959
vn -0.9665 -0.2456 0.0739
vn -0.9989 -0.0457 0.0082
vn -0.8944 -0.3647 0.2591
vn -0.9006 -0.3441 0.2654
vn -0.8747 -0.3852 0.2941
vn -0.8248 -0.3754 0.4227
vn -0.8675 -0.3250 0.3766
vn -0.8002 -0.3796 0.4643
vn -0.7270 -0.3510 0.5901
vn -0.7791 -0.3092 0.5454
vn -0.7045 -0.3335 0.6265
vn -0.6061 -0.2928 0.7395
vn -0.7145 -0.1703 0.6786
vn -0.6748 -0.0742 0.7343
vn -0.4737 -0.2031 0.8569
vn -0.7904 0.0184 0.6123
vn -0.7648 -0.1727 0.6207
vn -0.7715 -0.0658 0.6328
vn -0.8356 -0.0394 0.5480
vn -0.8199 -0.0618 0.5692
vn -0.8104 -0.0286 0.5852
vn -0.8037 -0.0525 0.5927
vn -0.8844 -0.0277 0.4660
vn -0.8679 -0.1113 0.4841
vn -0.8830 -0.0819 0.4621
vn -0.8239 -0.1517 0.5460
vn -0.8863 -0.1359 0.4426
vn -0.9034 -0.1872 0.3858
vn -0.9467 -0.1562 0.2816
vn -0.9382 -0.2584 0.2302
vn -0.9216 -0.2434 0.3024
vn -0.8427 -0.2484 0.4777
vn -0.3092 -0.2256 -0.9239
vn -0.4448 -0.2321 -0.8651
vn -0.2725 -0.0842 -0.9585
vn -0.1564 -0.1045 -0.9821
vn -0.0295 -0.0345 -0.9990
vn 0.1823 -0.2610 -0.9479
vn 0.1870 -0.2586 -0.9477
vn 0.1839 -0.2626 -0.9472
vn 0.1944 -0.0858 -0.9772
vn 0.1627 -0.0796 -0.9835
vn 0.1398 0.3443 -0.9284
vn 0.1565 0.4359 -0.8863
vn 0.0701 0.7520 -0.6554
vn 0.2273 0.8311 -0.5076
vn 0.2686 0.8990 -0.3460
vn -0.0126 0.8949 -0.4462
vn 0.2361 0.8666 -0.4396
vn 0.1987 0.8899 -0.4106
vn -0.1144 0.9320 -0.3439
vn 0.2059 0.8244 -0.5272
vn 0.1997 0.8186 -0.5385
vn 0.0862 0.8817 -0.4639
vn 0.2177 0.8147 -0.5374
vn -0.1848 0.7797 -0.5983
vn -0.0850 0.8443 -0.5292
vn 0.0054 0.8908 -0.4544
vn 0.1174 0.8697 -0.4794
vn -0.1285 0.8005 -0.5854
vn 0.0896 0.6632 -0.7431
vn -0.0733 0.6817 -0.7280
vn -0.1624 0.8937 -0.4183
vn 0.0454 0.3677 -0.9288
vn -0.0481 0.6356 -0.7705
vn -0.0691 0.8226 -0.5643
vn -0.0114 0.0031 -0.9999
vn -0.0827 0.2510 -0.9644
vn -0.1085 0.4169 -0.9025
vn -0.0531 -0.2663 -0.9624
vn -0.1519 -0.1473 -0.9774
vn -0.2221 -0.1079 -0.9690
vn -0.1274 -0.5394 -0.8324
vn -0.2778 -0.5082 -0.8152
vn -0.2630 -0.5014 -0.8243
vn -0.3248 -0.1715 -0.9301
vn -0.3354 -0.2350 -0.9123
vn -0.4658 0.0306 -0.8843
vn -0.5365 -0.1713 -0.8263
vn -0.5729 0.1095 -0.8123
vn -0.6620 -0.2076 -0.7202
vn -0.6577 0.1329 -0.7414
vn -0.7419 -0.2634 -0.6167
vn -0.7348 0.0629 -0.6753
vn -0.8176 -0.2972 -0.4931
vn -0.8141 0.0011 -0.5808
vn -0.8794 -0.3489 -0.3240
vn -0.9322 0.2216 -0.2862
vn -0.9620 0.2699 -0.0426
vn -0.6937 0.7072 0.1369
vn -0.7096 -0.6425 -0.2893
vn -0.8671 -0.4559 -0.2007
vn -0.8497 -0.3942 -0.3501
vn -0.7520 -0.6423 -0.1485
vn -0.9435 -0.0040 -0.3313
vn -0.9810 -0.1756 -0.0831
vn -0.9851 -0.1329 0.1091
vn -0.9777 0.1732 -0.1185
vn -0.9740 0.2157 0.0692
vn -0.9329 0.2274 0.2792
vn -0.8437 0.2050 0.4961
vn -0.7842 -0.4807 0.3923
vn -0.6551 -0.5278 0.5406
vn -0.5236 -0.5604 0.6417
vn -0.3942 -0.6503 0.6494
vn -0.3137 -0.7215 0.6172
vn -0.2754 -0.7726 0.5721
vn -0.2450 -0.7752 0.5823
vn -0.1655 -0.7589 0.6298
vn -0.0663 -0.7468 0.6617
vn -0.0917 -0.1152 0.9891
vn 0.0160 -0.0896 0.9958
vn 0.0235 -0.1810 0.9832
vn 0.1272 -0.1052 0.9863
vn 0.0917 -0.3597 0.9286
vn 0.2306 -0.1115 0.9666
vn 0.2338 -0.3614 0.9026
vn 0.2484 -0.5283 0.8119
vn 0.3245 -0.3333 0.8852
vn 0.3115 -0.4941 0.8117
vn 0.3863 -0.3375 0.8584
vn 0.2631 -0.5935 0.7606
vn 0.3058 -0.4557 0.8359
vn 0.2957 -0.1237 0.9473
vn 0.3508 -0.6170 0.7044
vn 0.3548 -0.4895 0.7966
vn 0.4066 -0.2567 0.8768
vn 0.3641 -0.0436 0.9303
vn 0.2125 0.1424 0.9667
vn 0.4364 -0.5111 0.7405
vn 0.5143 -0.1919 0.8359
vn 0.5145 -0.0799 0.8538
vn 0.4789 -0.0587 0.8759
vn 0.2681 0.0093 0.9634
vn 0.5929 -0.1581 0.7896
vn 0.6078 -0.5640 0.5589
vn 0.5697 -0.6458 0.5083
vn 0.5019 -0.6884 0.5237
vn 0.5458 -0.3636 0.7549
vn 0.6044 -0.2441 0.7584
vn 0.6514 -0.4008 0.6442
vn 0.5621 0.0595 0.8249
vn 0.6263 0.0928 0.7740
vn 0.6999 0.1419 0.7000
vn 0.6910 -0.4642 0.5541
vn 0.7853 0.1818 0.5919
vn 0.7992 -0.2942 0.5241
vn 0.8621 0.2187 0.4571
vn 0.9015 -0.0036 0.4327
vn 0.9293 -0.3226 0.1797
vn 0.9483 0.0796 0.3073
vn 0.9629 -0.2095 0.1700
vn 0.9715 0.1504 0.1834
vn 0.9887 -0.0341 0.1460
vn 0.8262 -0.5606 0.0548
vn 0.3883 -0.9207 0.0385
vn 0.9971 0.0739 0.0204
vn 0.9060 -0.4134 0.0907
vn 0.4580 -0.8682 0.1909
vn 0.5222 -0.8460 0.1081
vn 0.6969 -0.7132 0.0752
vn 0.9614 -0.2703 -0.0512
vn 0.6251 -0.7780 0.0625
vn 0.5234 -0.8509 0.0444
vn 0.8516 -0.5155 -0.0953
vn 0.9435 -0.3297 -0.0336
vn 0.7164 -0.6962 -0.0444
vn 0.5524 -0.8335 0.0095
vn 0.8299 -0.5346 -0.1597
vn 0.9575 0.0157 -0.2881
vn 0.9743 0.0410 -0.2215
vn 0.5636 -0.8204 -0.0963
vn 0.8068 -0.5178 -0.2846
vn 0.9291 -0.0376 -0.3679
vn 0.9274 0.2103 -0.3095
vn 0.7139 -0.5360 -0.4505
vn 0.8631 -0.1706 -0.4754
vn 0.5652 -0.6594 -0.4957
vn 0.7290 -0.4457 -0.5195
vn 0.8019 0.1154 -0.5863
vn 0.7013 -0.4206 -0.5756
vn 0.7168 0.2491 -0.6513
vn 0.6130 0.5766 -0.5402
vn 0.6835 0.3554 -0.6376
vn 0.6309 0.5811 -0.5140
vn 0.6932 -0.0846 -0.7157
vn 0.9986 0.0302 -0.0438
vn 0.5060 -0.7910 -0.3438
vn 0.6395 -0.5231 -0.5635
vn 0.4552 -0.5163 -0.7255
vn 0.6073 -0.0860 -0.7898
vn 0.4590 -0.8096 -0.3659
vn 0.2462 -0.8782 -0.4102
vn 0.2192 -0.7177 -0.6610
vn 0.3984 -0.3795 -0.8350
vn 0.5026 -0.0786 -0.8609
vn 0.1546 -0.6832 -0.7137
vn 0.3227 -0.3436 -0.8819
vn 0.4000 0.0131 -0.9164
vn 0.1892 -0.6490 -0.7369
vn 0.2467 -0.2526 -0.9356
vn 0.2829 0.0900 -0.9549
vn 0.1477 -0.2338 -0.9610
vn 0.1612 0.1884 -0.9688
vn 0.0754 -0.1688 -0.9828
vn 0.0930 -0.5381 -0.8378
vn 0.0145 -0.6465 -0.7628
vn 0.0368 -0.5452 -0.8375
vn -0.0369 -0.7418 -0.6696
vn 0.1306 -0.7056 -0.6965
vn 0.0568 -0.5821 -0.8111
vn 0.1250 -0.6055 -0.7860
vn 0.0460 -0.7186 -0.6939
vn -0.1163 -0.7137 -0.6907
vn -0.0174 -0.4637 -0.8858
vn -0.1045 -0.4394 -0.8922
vn -0.1667 -0.3401 -0.9255
vn -0.2065 -0.6643 -0.7183
vn -0.2130 -0.2455 -0.9457
vn -0.1634 -0.4772 -0.8635
vn -0.3044 -0.4236 -0.8532
vn -0.2253 -0.5545 -0.8011
vn -0.5391 -0.3734 -0.7550
vn -0.5029 -0.5661 -0.6532
vn -0.6654 -0.3149 -0.6768
vn -0.5662 -0.5806 -0.5851
vn -0.7230 -0.3700 -0.5834
vn -0.5938 -0.6054 -0.5300
vn -0.8144 -0.3996 -0.4207
vn -0.7345 -0.5989 -0.3191
vn -0.8579 0.0934 -0.5053
vn -0.8700 0.1923 -0.4540
vn -0.9476 0.1201 -0.2960
vn -0.7452 -0.6036 -0.2835
vn -0.8275 -0.5254 -0.1978
vn -0.8607 -0.5079 -0.0365
vn -0.8608 -0.4738 0.1860
vn -0.6932 -0.6069 -0.3888
vn -0.7855 0.2349 -0.5725
vn -0.6525 -0.5677 -0.5020
vn -0.6933 0.2549 -0.6740
vn -0.5775 -0.5501 -0.6032
vn -0.5519 0.2553 -0.7939
vn -0.4746 -0.5418 -0.6937
vn -0.3774 0.2720 -0.8852
vn -0.3494 -0.5028 -0.7907
vn -0.1911 0.2774 -0.9416
vn -0.1834 -0.5098 -0.8405
vn -0.0443 0.2273 -0.9728
vn -0.0596 -0.5461 -0.8356
vn 0.0022 0.1718 -0.9851
vn -0.0127 -0.5671 -0.8236
vn 0.0016 0.1514 -0.9885
vn -0.0033 -0.5727 -0.8198
vn -0.0005 0.1516 -0.9884
vn -0.0004 -0.5702 -0.8215
vn -0.0025 0.1685 -0.9857
vn 0.0063 -0.5662 -0.8243
vn 0.0089 0.2162 -0.9763
vn 0.0289 -0.5540 -0.8320
vn 0.0779 0.2668 -0.9606
vn 0.0961 -0.5306 -0.8422
vn 0.2268 0.2777 -0.9335
vn 0.2176 -0.5111 -0.8315
vn 0.3970 0.2502 -0.8831
vn 0.3554 -0.5086 -0.7842
vn 0.5447 0.2259 -0.8077
vn 0.4659 -0.5168 -0.7182
vn 0.6589 0.2123 -0.7217
vn 0.5538 -0.5319 -0.6406
vn 0.7442 0.1958 -0.6386
vn 0.6247 -0.5579 -0.5464
vn 0.8126 0.1884 -0.5515
vn 0.6726 -0.5849 -0.4533
vn 0.8726 0.1782 -0.4548
vn 0.6983 -0.6184 -0.3605
vn 0.9302 0.1630 -0.3290
vn 0.7202 -0.6332 -0.2835
vn 0.9636 0.1811 -0.1965
vn 0.7748 -0.5884 -0.2312
vn 0.9744 0.1998 -0.1033
vn 0.8329 -0.5167 -0.1983
vn 0.9783 0.2070 0.0016
vn 0.8528 -0.5080 -0.1210
vn 0.9634 0.2251 0.1456
vn 0.8721 -0.4886 0.0247
vn 0.9250 0.2339 0.2994
vn 0.8610 -0.4734 0.1857
vn 0.8027 -0.4801 0.3538
vn 0.7097 -0.5094 0.4866
vn 0.6337 -0.5333 0.5604
vn 0.5559 -0.5504 0.6229
vn 0.4572 -0.5916 0.6641
vn 0.4936 0.0164 0.8696
vn 0.3567 -0.6722 0.6488
vn 0.4422 -0.0620 0.8948
vn 0.2997 -0.7414 0.6004
vn 0.4007 -0.0914 0.9116
vn 0.2784 -0.7561 0.5923
vn 0.3286 -0.1095 0.9381
vn 0.2381 -0.7666 0.5963
vn 0.1825 -0.7624 0.6209
vn 0.1100 -0.7540 0.6476
vn 0.0312 -0.7453 0.6660
vn 0.4521 -0.3983 0.7981
vn 0.9882 0.1510 0.0239
vn 0.9721 0.2049 -0.1147
vn 0.9781 0.1608 -0.1319
vn 0.9529 0.2170 -0.2119
vn 0.9597 0.1808 -0.2153
vn 0.9713 -0.1673 -0.1688
vn 0.9161 0.2058 -0.3441
vn 0.9360 -0.1473 -0.3196
vn 0.6802 -0.7169 -0.1530
vn 0.8699 -0.1260 -0.4769
vn 0.6265 -0.6964 -0.3500
vn 0.5122 -0.7938 -0.3280
vn 0.6232 -0.5782 -0.5266
vn 0.5043 -0.7091 -0.4928
vn 0.6527 -0.5528 -0.5181
vn 0.5137 -0.7843 -0.3479
vn 0.3900 -0.8372 -0.3835
vn 0.7514 -0.0465 -0.6583
vn 0.6347 -0.2580 -0.7285
vn 0.5127 -0.2684 -0.8155
vn 0.2732 -0.8599 -0.4311
vn 0.3423 -0.5130 -0.7872
vn 0.1325 -0.9017 -0.4116
vn 0.2062 -0.6331 -0.7461
vn 0.1131 -0.7829 -0.6118
vn 0.2034 -0.6936 -0.6910
vn 0.1640 -0.7996 -0.5777
vn 0.0656 -0.7652 -0.6404
vn 0.0300 -0.7262 -0.6868
vn 0.0234 -0.5735 -0.8189
vn 0.1353 -0.4115 -0.9013
vn 0.0887 -0.2852 -0.9544
vn 0.0465 -0.3467 -0.9368
vn 0.0587 0.0167 -0.9981
vn 0.0242 -0.0202 -0.9995
vn -0.0139 -0.0174 -0.9998
vn -0.0630 0.0218 -0.9978
vn -0.1168 0.1263 -0.9851
vn -0.2079 0.1604 -0.9649
vn -0.3680 0.1546 -0.9169
vn -0.5645 0.1799 -0.8056
vn -0.7031 0.1837 -0.6869
vn -0.7870 0.1494 -0.5986
vn 0.0898 0.1044 -0.9905
vn 0.1121 0.2328 -0.9660
vn 0.1969 0.3515 -0.9152
vn 0.3499 0.3370 -0.8741
vn 0.5099 0.3412 -0.7896
vn 0.6397 0.3146 -0.7013
vn 0.7357 0.2928 -0.6107
vn 0.8064 0.2800 -0.5209
vn 0.8585 0.2633 -0.4400
vn 0.9128 0.2363 -0.3333
vn 0.8568 0.2374 -0.4578
vn 0.7942 0.2985 -0.5293
vn 0.8056 -0.0765 -0.5875
vn 0.7264 0.3161 -0.6103
vn 0.6233 0.3606 -0.6939
vn 0.5056 0.3587 -0.7846
vn 0.3622 0.2769 -0.8900
vn 0.2292 -0.0106 -0.9733
vn 0.1903 -0.2109 -0.9588
vn 0.9764 0.1761 -0.1246
vn 0.8781 0.3955 -0.2692
vn 0.8615 0.4655 -0.2028
vn 0.9033 0.3260 -0.2787
vn 0.8693 0.4844 -0.0988
vn 0.9724 0.2304 0.0373
vn 0.9907 -0.0784 0.1108
vn 0.9612 0.1570 0.2270
vn 0.9570 -0.0640 0.2831
vn 0.9059 0.0351 0.4221
vn 0.8869 -0.0029 0.4620
vn 0.8193 0.0063 0.5733
vn 0.7890 0.0492 0.6124
vn 0.8691 0.0821 0.4877
vn 0.9416 0.1695 0.2910
vn 0.5360 0.8406 -0.0777
vn 0.6878 0.7238 -0.0558
vn 0.8752 0.3703 0.3114
vn 0.8419 0.5207 0.1418
vn 0.9276 0.3488 0.1336
vn 0.8011 0.5943 0.0707
vn 0.4814 0.8765 -0.0004
vn 0.4021 0.9146 0.0436
vn 0.4927 0.8564 -0.1542
vn 0.7961 0.6005 -0.0745
vn 0.5286 0.8330 -0.1636
vn 0.3504 0.9317 -0.0961
vn 0.7694 0.6149 -0.1730
vn 0.9284 -0.0211 -0.3710
vn 0.9683 -0.2387 -0.0734
vn 0.9271 0.3565 0.1161
vn 0.4824 0.8659 -0.1324
vn 0.4073 0.8705 -0.2762
vn 0.3115 0.9148 -0.2570
vn 0.4221 0.8876 -0.1847
vn 0.7924 0.5974 -0.1236
vn 0.8542 0.5193 0.0246
vn 0.9885 0.1032 -0.1105
vn 0.5144 0.8556 -0.0582
vn 0.5536 0.8165 -0.1641
vn 0.8580 0.5110 0.0525
vn 0.5752 0.8156 -0.0623
vn 0.6788 0.7129 -0.1759
vn 0.7966 0.6045 0.0028
vn 0.7922 0.6102 0.0107
vn 0.9504 0.3069 -0.0505
vn 0.9891 0.1003 -0.1079
vn 0.8638 0.4004 -0.3058
vn 0.8038 0.5119 -0.3032
vn 0.6490 0.7214 -0.2416
vn 0.7489 0.6199 -0.2343
vn 0.8321 0.5025 -0.2347
vn 0.5401 0.8119 -0.2217
vn 0.8941 -0.1598 -0.4185
vn 0.9824 -0.1687 -0.0799
vn 0.8908 0.3563 0.2819
vn 0.9014 -0.1359 -0.4112
vn 0.9182 -0.1823 -0.3516
vn 0.9164 -0.1087 -0.3851
vn 0.9876 -0.1318 -0.0848
vn 0.9611 -0.2762 -0.0095
vn 0.9432 -0.2194 -0.2496
vn 0.9921 -0.0952 -0.0818
vn 0.9899 -0.1167 -0.0805
vn 0.9370 -0.3346 -0.1002
vn 0.9744 -0.1924 0.1166
vn 0.9220 -0.3584 0.1462
vn 0.7084 -0.1396 0.6919
vn 0.7317 -0.1162 0.6717
vn 0.6272 -0.2062 0.7511
vn 0.6170 -0.1798 0.7661
vn 0.7160 -0.1552 0.6806
vn 0.7792 -0.0172 0.6266
vn 0.8931 0.1719 0.4156
vn 0.9104 0.3350 0.2429
vn 0.8904 0.4357 0.1318
vn 0.6532 0.7212 -0.2306
vn 0.7474 0.6486 -0.1436
vn 0.7347 0.6777 0.0314
vn 0.7482 0.6630 0.0233
vn 0.5712 0.7778 -0.2623
vn 0.8605 0.4952 0.1196
vn 0.8425 0.3653 0.3959
vn 0.8561 0.3291 0.3985
vn 0.7817 0.6179 -0.0849
vn 0.8565 0.4447 0.2618
vn 0.8587 0.5125 0.0052
vn 0.5506 -0.0085 0.8347
vn 0.5191 -0.0416 0.8537
vn 0.5962 -0.0437 0.8017
vn 0.8628 0.4993 -0.0793
vn 0.8669 0.4225 0.2646
vn 0.9068 0.3928 0.1529
vn 0.9013 0.2602 0.3463
vn 0.8931 0.4499 0.0002
vn 0.6339 -0.0691 0.7703
vn 0.4740 -0.1215 0.8721
vn 0.7807 0.0729 0.6207
vn 0.7822 0.0137 0.6228
vn 0.6258 -0.2013 0.7536
vn 0.5603 -0.1760 0.8094
vn 0.5212 -0.1596 0.8384
vn 0.5549 -0.1249 0.8225
vn 0.7237 -0.1212 0.6794
vn 0.7340 -0.0475 0.6774
vn 0.9092 0.2024 0.3639
vn 0.9441 0.3292 -0.0144
vn 0.9565 0.2713 0.1075
vn 0.9574 0.2681 0.1072
vn 0.9671 0.0574 0.2480
vn 0.9068 0.0563 0.4177
vn 0.6907 -0.1843 0.6993
vn 0.8336 -0.0489 0.5502
vn 0.9228 0.3422 0.1768
vn 0.8564 0.4292 0.2871
vn 0.4192 -0.0438 0.9068
vn 0.9487 0.3133 0.0422
vn -0.2774 0.8921 -0.3567
vn -0.3143 0.8722 -0.3749
vn -0.3566 0.8679 -0.3457
vn -0.1429 0.7899 -0.5963
vn 0.3258 0.5292 -0.7834
vn -0.1284 0.7055 -0.6970
vn 0.3855 0.4036 -0.8297
vn 0.7110 0.0211 -0.7029
vn 0.6020 0.1992 -0.7733
vn 0.8503 -0.3474 -0.3952
vn 0.8228 -0.5582 -0.1068
vn 0.7890 -0.6117 0.0565
vn 0.8151 -0.5491 -0.1844
vn 0.8326 -0.3220 -0.4507
vn 0.8297 -0.5570 0.0361
vn 0.7862 -0.6150 -0.0612
vn 0.9411 -0.2596 -0.2166
vn 0.9117 0.1950 -0.3616
vn 0.8362 -0.5107 0.1998
vn 0.8673 -0.4840 0.1161
vn 0.8521 -0.5210 0.0510
vn 0.7557 0.0519 -0.6529
vn 0.9023 -0.3452 -0.2582
vn -0.0632 0.7377 -0.6721
vn 0.3261 0.3855 -0.8631
vn -0.3371 0.7362 -0.5868
vn -0.0894 0.5283 -0.8443
vn -0.3196 0.8159 -0.4819
vn 0.0361 0.4786 -0.8773
vn -0.1137 0.5425 -0.8323
vn -0.2294 0.8080 -0.5427
vn 0.1283 0.3487 -0.9284
vn 0.2923 -0.1683 -0.9414
vn 0.4147 0.0029 -0.9100
vn -0.1168 0.8049 -0.5818
vn 0.1103 0.3994 -0.9101
vn 0.1910 -0.0882 -0.9776
vn 0.1710 -0.2793 -0.9448
vn 0.3312 -0.2113 -0.9196
vn 0.7365 0.0812 -0.6716
vn 0.9405 -0.2677 -0.2093
vn 0.0650 0.7774 -0.6256
vn -0.3482 0.5428 -0.7643
vn -0.1862 0.5344 -0.8245
vn 0.7996 -0.0422 -0.5991
vn -0.7738 0.1361 -0.6186
vn -0.7165 0.0160 -0.6974
vn -0.9451 0.3231 0.0481
vn -0.9791 0.1981 0.0467
vn -0.9499 0.3001 0.0869
vn -0.9402 0.3322 0.0749
vn -0.9812 0.1892 0.0385
vn 0.1820 0.8286 -0.5295
vn 0.1185 0.7493 -0.6515
vn -0.9249 -0.3440 -0.1619
vn -0.9662 -0.2344 -0.1073
vn -0.8881 -0.4163 -0.1948
vn -0.9907 -0.1174 0.0689
vn -0.9994 -0.0167 -0.0294
vn -0.9690 0.0611 -0.2393
vn -0.1245 0.7705 -0.6252
vn 0.9144 -0.2497 0.3186
vn 0.9199 -0.1381 0.3669
vn 0.9313 -0.1036 0.3493
vn 0.8979 -0.0122 0.4400
vn 0.9391 0.1323 0.3173
vn -0.4910 0.4871 -0.7223
vn -0.7027 0.4262 -0.5697
vn -0.1884 0.7715 -0.6076
vn -0.3916 0.6831 -0.6165
vn -0.8187 0.0607 0.5710
vn -0.6161 -0.7722 0.1554
vn -0.5087 -0.6898 0.5151
vn -0.4272 0.0763 0.9009
vn 0.6849 0.1118 0.7200
vn 0.2989 0.0486 0.9530
vn 0.4883 -0.6449 0.5879
vn 0.5523 -0.7710 0.3170
vn 0.9605 -0.0243 0.2773
vn 0.6049 -0.7963 0.0068
vn 0.3457 -0.5199 -0.7812
vn 0.5222 0.4210 -0.7417
vn 0.7362 0.3490 -0.5797
vn 0.4374 -0.5391 -0.7198
vn 0.2820 -0.4693 -0.8368
vn 0.3377 0.4353 -0.8346
vn 0.5187 0.3617 -0.7746
vn 0.6466 0.2822 -0.7087
vn 0.2063 -0.4663 -0.8603
vn 0.3995 0.3722 -0.8378
vn 0.2832 0.3889 -0.8767
vn 0.1631 -0.4464 -0.8798
vn 0.1776 0.3808 -0.9074
vn 0.1149 -0.4528 -0.8842
vn 0.1158 0.3568 -0.9270
vn 0.0826 -0.4500 -0.8892
vn 0.0738 0.3523 -0.9330
vn 0.0474 -0.4516 -0.8909
vn 0.0034 0.3505 -0.9366
vn 0.0160 -0.4464 -0.8947
vn -0.0769 0.3567 -0.9310
vn -0.0250 -0.4442 -0.8956
vn -0.1164 0.3569 -0.9269
vn -0.0559 -0.4628 -0.8847
vn -0.1456 0.3605 -0.9213
vn -0.0882 -0.4562 -0.8855
vn -0.2172 0.3712 -0.9028
vn -0.1323 -0.4842 -0.8649
vn -0.3645 0.3978 -0.8419
vn -0.2193 -0.4904 -0.8435
vn -0.5452 0.4198 -0.7256
vn -0.3560 -0.4960 -0.7920
vn -0.7390 0.4217 -0.5255
vn -0.5072 -0.5074 -0.6966
vn -0.8925 0.3203 -0.3174
vn -0.5919 -0.5427 -0.5959
vn -0.9510 0.2015 -0.2344
vn -0.6153 -0.5865 -0.5267
vn -0.9662 0.2238 -0.1275
vn -0.6509 -0.6125 -0.4486
vn -0.9919 0.0285 0.1234
vn -0.6469 -0.7282 -0.2262
vn -0.8271 -0.0864 0.5554
vn -0.5827 0.0584 0.8106
vn -0.4040 0.2284 0.8858
vn -0.4071 -0.5699 0.7137
vn -0.2699 0.2688 0.9246
vn -0.2725 -0.5590 0.7831
vn -0.1413 0.3586 0.9227
vn -0.1490 -0.4460 0.8825
vn -0.0390 0.3833 0.9228
vn -0.1036 -0.4434 0.8903
vn -0.0084 0.3047 0.9524
vn -0.0014 -0.4185 0.9082
vn 0.0051 0.3904 0.9206
vn 0.0922 -0.4133 0.9059
vn 0.1104 0.3402 0.9339
vn 0.1010 -0.4636 0.8802
vn 0.2827 0.2661 0.9216
vn 0.2697 -0.4902 0.8289
vn 0.4134 0.2084 0.8864
vn 0.3779 -0.6276 0.6807
vn 0.5798 0.1171 0.8063
vn 0.7768 -0.0475 0.6279
vn 0.9326 -0.1483 0.3289
vn 0.9990 0.0109 0.0437
vn 0.6208 -0.7183 -0.3142
vn 0.9670 0.2160 -0.1351
vn 0.6494 -0.6023 -0.4642
vn 0.9297 0.3047 -0.2071
vn 0.6427 -0.5626 -0.5200
vn 0.9069 0.2821 -0.3130
vn 0.5959 -0.5567 -0.5787
vn 0.8664 0.2860 -0.4094
vn 0.5302 -0.5417 -0.6522
vn 0.7799 0.2575 -0.5705
vn 0.8525 0.2893 -0.4355
vn 0.9171 0.2456 -0.3140
vn 0.9529 0.2154 -0.2135
vn 0.9763 0.1702 -0.1335
vn 0.9987 0.0496 -0.0133
vn 0.1277 0.1791 0.9755
vn 0.0330 0.2311 0.9724
vn -0.8381 0.3127 -0.4470
vn -0.7081 0.3768 -0.5971
vn -0.4520 0.4890 -0.7460
vn -0.9129 0.2602 -0.3145
vn -0.9549 0.2246 -0.1941
vn -0.9808 0.1675 -0.1001
vn -0.9980 0.0110 0.0630
vn -0.2069 0.0910 0.9741
vn -0.0677 0.1967 0.9781
vn -0.0961 0.5192 -0.8492
vn 0.0743 0.4711 -0.8790
vn 0.2665 0.4734 -0.8396
vn 0.1654 0.4992 -0.8505
vn 0.0821 0.5070 -0.8580
vn 0.0294 0.9420 0.3344
vn -0.0046 -0.9973 -0.0736
vn 0.3727 -0.6699 -0.6421
vn 0.4557 -0.6959 -0.5551
vn 0.3298 -0.6405 -0.6936
vn 0.2906 -0.6109 -0.7364
vn 0.2770 -0.5685 -0.7747
vn 0.2481 -0.5542 -0.7946
vn 0.1693 -0.5664 -0.8066
vn 0.6622 -0.7462 -0.0682
vn 0.6716 -0.7380 0.0653
vn 0.6208 -0.7500 -0.2285
vn 0.5477 -0.7313 -0.4066
vn 0.3188 -0.8511 -0.4172
vn 0.3712 -0.8811 -0.2930
vn 0.2463 -0.8279 -0.5040
vn 0.2192 -0.7587 -0.6135
vn 0.2235 -0.6940 -0.6844
vn 0.2476 -0.6338 -0.7328
vn 0.2297 -0.6328 -0.7395
vn 0.1587 -0.6563 -0.7376
vn 0.0741 -0.5784 -0.8124
vn 0.0677 -0.6642 -0.7444
vn -0.0177 -0.5732 -0.8192
vn -0.0951 -0.5648 -0.8197
vn -0.1543 -0.5644 -0.8110
vn -0.3796 -0.7039 -0.6003
vn -0.3157 -0.6688 -0.6731
vn -0.4543 -0.7174 -0.5282
vn -0.5225 -0.7282 -0.4435
vn -0.5758 -0.7363 -0.3553
vn 0.6714 -0.7145 0.1968
vn 0.6284 -0.7122 0.3128
vn 0.5392 -0.8407 0.0488
vn 0.5700 -0.8023 0.1771
vn 0.4760 -0.8768 -0.0683
vn 0.4334 -0.8870 -0.1592
vn 0.5479 -0.8017 0.2390
vn 0.4863 -0.8252 0.2872
vn 0.5613 -0.7315 0.3870
vn 0.4169 -0.8383 0.3515
vn 0.4978 -0.7382 0.4552
vn 0.3350 -0.8434 0.4201
vn 0.3956 -0.7356 0.5499
vn 0.2090 -0.8700 0.4466
vn 0.2570 -0.7496 0.6099
vn 0.0839 -0.8643 0.4959
vn 0.1063 -0.7398 0.6644
vn -0.0059 -0.8401 0.5424
vn -0.0284 -0.7146 0.6989
vn -0.0245 -0.8271 0.5615
vn -0.0563 -0.7112 0.7007
vn -0.0084 -0.8223 0.5690
vn -0.0130 -0.7178 0.6961
vn 0.0072 -0.8238 0.5669
vn 0.0304 -0.7252 0.6878
vn 0.0217 -0.8271 0.5617
vn 0.0514 -0.7295 0.6821
vn 0.0267 -0.8355 0.5488
vn 0.0512 -0.7278 0.6839
vn -0.0094 -0.8502 0.5264
vn -0.0111 -0.7378 0.6749
vn -0.0997 -0.8626 0.4959
vn -0.1480 -0.7501 0.6445
vn -0.2080 -0.8653 0.4561
vn -0.2875 -0.7494 0.5964
vn -0.3133 -0.8554 0.4125
vn -0.3954 -0.7457 0.5362
vn -0.3878 -0.8512 0.3536
vn -0.4746 -0.7412 0.4746
vn -0.4472 -0.8357 0.3186
vn -0.5343 -0.7328 0.4213
vn -0.5043 -0.8147 0.2862
vn -0.5871 -0.7221 0.3658
vn -0.5563 -0.7917 0.2524
vn -0.6389 -0.7025 0.3135
vn -0.5912 -0.7767 0.2171
vn -0.6811 -0.6902 0.2444
vn -0.5670 -0.8095 0.1526
vn -0.6786 -0.7184 0.1528
vn -0.5409 -0.8398 0.0462
vn -0.6588 -0.7488 0.0719
vn -0.4994 -0.8647 -0.0542
vn -0.6617 -0.7494 -0.0215
vn -0.4652 -0.8782 -0.1106
vn -0.6458 -0.7515 -0.1346
vn -0.4278 -0.8839 -0.1889
vn -0.6165 -0.7474 -0.2475
vn -0.3781 -0.8798 -0.2883
vn -0.3373 -0.8588 -0.3856
vn -0.3036 -0.8424 -0.4451
vn -0.2574 -0.8316 -0.4921
vn -0.2162 -0.8038 -0.5541
vn -0.2101 -0.7420 -0.6366
vn -0.2890 -0.6135 -0.7349
vn -0.2404 -0.6730 -0.6995
vn -0.2955 -0.5878 -0.7531
vn -0.2507 -0.6541 -0.7137
vn -0.2972 -0.5824 -0.7566
vn -0.2200 -0.6398 -0.7364
vn -0.2352 -0.5749 -0.7837
vn -0.1633 -0.6487 -0.7433
vn -0.1014 -0.6598 -0.7446
vn -0.0310 -0.6675 -0.7439
vn -0.3537 0.4230 -0.8343
vn -0.0166 0.7828 -0.6220
vn -0.0578 0.7626 -0.6443
vn -0.1077 0.7795 -0.6171
vn -0.5739 0.5514 -0.6054
vn -0.8953 0.2870 -0.3405
vn -0.8447 0.3361 -0.4164
vn 0.7307 0.2226 0.6454
vn 0.7295 0.1681 0.6630
vn 0.7505 0.1220 0.6495
vn -0.9501 0.0638 -0.3054
vn -0.9488 0.0239 -0.3150
vn -0.9403 0.0436 -0.3375
vn -0.9993 -0.0019 0.0373
vt 0.240519 0.627261
vt 0.238458 0.639051
vt 0.231849 0.636407
vt 0.232167 0.620901
vt 0.225711 0.636513
vt 0.226753 0.623795
vt 0.084169 0.655642
vt 0.089133 0.651528
vt 0.091868 0.662582
vt 0.084321 0.661765
vt 0.078049 0.661295
vt 0.080545 0.653805
vt 0.207329 0.639863
vt 0.206838 0.646214
vt 0.201774 0.644700
vt 0.203460 0.640545
vt 0.199431 0.634814
vt 0.205310 0.632689
vt 0.194938 0.638337
vt 0.756909 0.098843
vt 0.764561 0.101835
vt 0.760545 0.109431
vt 0.755054 0.103496
vt 0.750294 0.107065
vt 0.749137 0.097429
vt 0.753179 0.097810
vt 0.757066 0.115108
vt 0.992292 0.092436
vt 0.983978 0.093837
vt 0.983728 0.090271
vt 0.989791 0.087966
vt 0.985150 0.082866
vt 0.992636 0.083246
vt 0.998813 0.085144
vt 0.051878 0.698673
vt 0.046991 0.694903
vt 0.051909 0.686614
vt 0.058036 0.689250
vt 0.055307 0.702091
vt 0.050698 0.707904
vt 0.044254 0.705581
vt 0.040872 0.702968
vt 0.110102 0.594102
vt 0.110968 0.589092
vt 0.116454 0.591423
vt 0.115724 0.598136
vt 0.114491 0.604902
vt 0.108458 0.600698
vt 0.063501 0.700068
vt 0.121228 0.584729
vt 0.116982 0.585748
vt 0.119743 0.578949
vt 0.123709 0.580283
vt 0.127516 0.581448
vt 0.123714 0.590451
vt 0.034715 0.736963
vt 0.032166 0.732603
vt 0.037148 0.723753
vt 0.048329 0.729301
vt 0.042686 0.715999
vt 0.051264 0.718317
vt 0.064405 0.719905
vt 0.060793 0.727299
vt 0.048015 0.735981
vt 0.037946 0.743327
vt 0.061251 0.734144
vt 0.191886 0.607813
vt 0.194982 0.614948
vt 0.188225 0.610751
vt 0.180199 0.607136
vt 0.183154 0.603898
vt 0.062472 0.682454
vt 0.068867 0.686416
vt 0.076220 0.690116
vt 0.071685 0.700722
vt 0.122393 0.599417
vt 0.120775 0.606611
vt 0.059550 0.711089
vt 0.094240 0.644282
vt 0.098228 0.649005
vt 0.103240 0.654244
vt 0.098967 0.664661
vt 0.160056 0.599959
vt 0.161082 0.597782
vt 0.166850 0.601999
vt 0.164978 0.604495
vt 0.156225 0.600412
vt 0.157111 0.595268
vt 0.158118 0.606877
vt 0.132615 0.613553
vt 0.132522 0.607411
vt 0.140337 0.607649
vt 0.141458 0.615865
vt 0.126437 0.607454
vt 0.122368 0.617872
vt 0.134562 0.618668
vt 0.127879 0.623919
vt 0.132357 0.796562
vt 0.142163 0.798111
vt 0.138325 0.805287
vt 0.131577 0.801165
vt 0.128842 0.811536
vt 0.121368 0.804250
vt 0.075117 0.709973
vt 0.079908 0.702677
vt 0.086905 0.705926
vt 0.078792 0.716910
vt 0.069274 0.712095
vt 0.300276 0.758680
vt 0.295202 0.767168
vt 0.287091 0.758835
vt 0.308473 0.767048
vt 0.303130 0.773822
vt 0.287908 0.742615
vt 0.298576 0.745924
vt 0.094378 0.709112
vt 0.088251 0.718669
vt 0.084629 0.727308
vt 0.074402 0.726710
vt 0.193946 0.816683
vt 0.186147 0.807053
vt 0.192272 0.798515
vt 0.204413 0.807926
vt 0.207841 0.796007
vt 0.218507 0.804272
vt 0.196521 0.788445
vt 0.774607 0.084885
vt 0.771035 0.088182
vt 0.766434 0.084781
vt 0.771676 0.079275
vt 0.767291 0.078225
vt 0.762396 0.077807
vt 0.763078 0.071714
vt 0.767534 0.071887
vt 0.761621 0.084365
vt 0.766786 0.099060
vt 0.774613 0.104568
vt 0.771076 0.108771
vt 0.768263 0.114221
vt 0.086433 0.797778
vt 0.076615 0.799863
vt 0.078332 0.788261
vt 0.084885 0.790486
vt 0.976527 0.141702
vt 0.971953 0.139501
vt 0.974823 0.130741
vt 0.977863 0.132921
vt 0.767987 0.091931
vt 0.765218 0.091619
vt 0.771226 0.095915
vt 0.773553 0.092470
vt 0.788398 0.053144
vt 0.796122 0.052928
vt 0.797288 0.057012
vt 0.788799 0.056911
vt 0.779996 0.058391
vt 0.780567 0.055654
vt 0.789416 0.060795
vt 0.779569 0.061622
vt 0.798229 0.060608
vt 0.794900 0.064035
vt 0.819635 0.345187
vt 0.831445 0.340463
vt 0.832594 0.347731
vt 0.823973 0.352282
vt 0.809545 0.344056
vt 0.811656 0.331217
vt 0.822046 0.331236
vt 0.830540 0.329604
vt 0.976581 0.124346
vt 0.975609 0.127912
vt 0.971525 0.122941
vt 0.974789 0.119614
vt 0.778129 0.098452
vt 0.780733 0.096318
vt 0.783402 0.099805
vt 0.777522 0.101802
vt 0.775124 0.096099
vt 0.778485 0.093405
vt 0.773025 0.100366
vt 0.908211 0.344064
vt 0.904725 0.351988
vt 0.897092 0.348977
vt 0.895239 0.341862
vt 0.896402 0.329218
vt 0.908444 0.331205
vt 0.916074 0.331158
vt 0.917847 0.341957
vt 0.914775 0.353886
vt 0.910550 0.357716
vt 0.921032 0.351838
vt 0.825134 0.067747
vt 0.822133 0.061792
vt 0.823170 0.059843
vt 0.827871 0.065039
vt 0.829660 0.069126
vt 0.829595 0.076897
vt 0.826964 0.076125
vt 0.820796 0.073011
vt 0.824082 0.068931
vt 0.965764 0.160408
vt 0.965910 0.149212
vt 0.972180 0.152704
vt 0.957212 0.165425
vt 0.954382 0.153273
vt 0.803914 0.062251
vt 0.802095 0.070237
vt 0.804411 0.057571
vt 0.783663 0.081334
vt 0.779016 0.083598
vt 0.778070 0.077863
vt 0.783350 0.078280
vt 0.788421 0.078928
vt 0.785789 0.082814
vt 0.781222 0.087229
vt 0.818940 0.065536
vt 0.817272 0.070464
vt 0.779877 0.104078
vt 0.782828 0.108883
vt 0.779281 0.114185
vt 0.773465 0.118332
vt 0.771251 0.143944
vt 0.765277 0.139507
vt 0.770132 0.132650
vt 0.776126 0.133652
vt 0.783614 0.137874
vt 0.777808 0.147397
vt 0.774273 0.126671
vt 0.779410 0.129642
vt 0.784029 0.129802
vt 0.956862 0.096210
vt 0.959101 0.093255
vt 0.963816 0.097538
vt 0.961563 0.100159
vt 0.788373 0.104640
vt 0.777949 0.238816
vt 0.790166 0.243281
vt 0.785807 0.255552
vt 0.770079 0.253481
vt 0.785239 0.267289
vt 0.772019 0.267995
vt 0.833561 0.070261
vt 0.843878 0.071882
vt 0.844555 0.075345
vt 0.831275 0.076968
vt 0.820265 0.084092
vt 0.819492 0.083037
vt 0.845065 0.076759
vt 0.846012 0.078308
vt 0.833722 0.080237
vt 0.817232 0.081047
vt 0.810190 0.064506
vt 0.814535 0.067633
vt 0.811437 0.071997
vt 0.807879 0.067968
vt 0.803082 0.073278
vt 0.794871 0.071487
vt 0.790735 0.070000
vt 0.794701 0.076748
vt 0.788970 0.075123
vt 0.795103 0.078468
vt 0.804077 0.077102
vt 0.804967 0.080099
vt 0.792798 0.083792
vt 0.783682 0.089695
vt 0.789120 0.127384
vt 0.790852 0.133941
vt 0.793765 0.139280
vt 0.788747 0.144002
vt 0.783984 0.125273
vt 0.781096 0.123700
vt 0.784253 0.119177
vt 0.787042 0.122280
vt 0.798738 0.145616
vt 0.796632 0.143460
vt 0.800585 0.141307
vt 0.801629 0.144296
vt 0.801823 0.148508
vt 0.798054 0.149147
vt 0.793565 0.147658
vt 0.945447 0.122651
vt 0.948443 0.118892
vt 0.952346 0.123489
vt 0.946853 0.127003
vt 0.940726 0.128043
vt 0.941033 0.121880
vt 0.942164 0.115335
vt 0.890051 0.105241
vt 0.891025 0.100363
vt 0.896557 0.102455
vt 0.894017 0.105758
vt 0.901469 0.107424
vt 0.895200 0.110598
vt 0.890778 0.111346
vt 0.915038 0.098973
vt 0.922759 0.099859
vt 0.921064 0.105512
vt 0.912693 0.106224
vt 0.921085 0.115516
vt 0.908267 0.115413
vt 0.905820 0.101526
vt 0.907428 0.097463
vt 0.898753 0.098825
vt 0.900032 0.095763
vt 0.900909 0.093075
vt 0.908463 0.094394
vt 0.916165 0.095455
vt 0.916924 0.092978
vt 0.909253 0.091830
vt 0.909960 0.089322
vt 0.917619 0.090685
vt 0.918585 0.087638
vt 0.927066 0.088704
vt 0.925757 0.091617
vt 0.924748 0.094096
vt 0.923867 0.096617
vt 0.935332 0.090212
vt 0.934202 0.092446
vt 0.933073 0.095186
vt 0.931996 0.097737
vt 0.928890 0.105479
vt 0.930755 0.100765
vt 0.941854 0.096532
vt 0.940309 0.099161
vt 0.939158 0.101646
vt 0.937165 0.106602
vt 0.936131 0.113983
vt 0.928979 0.113887
vt 0.943137 0.101906
vt 0.941096 0.107493
vt 0.944952 0.108534
vt 0.948413 0.102188
vt 0.955663 0.105901
vt 0.951879 0.112410
vt 0.959034 0.108693
vt 0.961596 0.112062
vt 0.956950 0.117806
vt 0.965338 0.119258
vt 0.960757 0.124121
vt 0.955671 0.129796
vt 0.959668 0.137878
vt 0.951022 0.142113
vt 0.948475 0.133515
vt 0.964525 0.131342
vt 0.968300 0.126245
vt 0.940928 0.143597
vt 0.939340 0.134915
vt 0.935559 0.127890
vt 0.929865 0.141545
vt 0.925785 0.127261
vt 0.930264 0.120772
vt 0.935672 0.121241
vt 0.911063 0.129886
vt 0.896660 0.131987
vt 0.894306 0.117687
vt 0.881275 0.118998
vt 0.883678 0.111912
vt 0.878244 0.112118
vt 0.877923 0.105096
vt 0.884172 0.104945
vt 0.878378 0.098328
vt 0.884787 0.099271
vt 0.887922 0.099696
vt 0.878647 0.094273
vt 0.885379 0.095576
vt 0.888778 0.096275
vt 0.885762 0.092765
vt 0.889275 0.093499
vt 0.892047 0.097104
vt 0.892817 0.094246
vt 0.886021 0.090630
vt 0.889737 0.091137
vt 0.893451 0.091780
vt 0.886218 0.088672
vt 0.886546 0.086564
vt 0.890421 0.086837
vt 0.890085 0.089071
vt 0.893913 0.089568
vt 0.894300 0.087236
vt 0.902189 0.088142
vt 0.901578 0.090641
vt 0.894781 0.084390
vt 0.895290 0.081141
vt 0.903582 0.081693
vt 0.902844 0.085153
vt 0.911834 0.082456
vt 0.910792 0.086219
vt 0.904329 0.077778
vt 0.913148 0.078000
vt 0.920936 0.081342
vt 0.920024 0.083725
vt 0.929705 0.084373
vt 0.929027 0.085272
vt 0.937327 0.086808
vt 0.945117 0.090860
vt 0.942852 0.092902
vt 0.962090 0.083678
vt 0.954784 0.085010
vt 0.954406 0.079450
vt 0.961659 0.077571
vt 0.974372 0.074570
vt 0.971242 0.081392
vt 0.970493 0.086670
vt 0.960956 0.090588
vt 0.984059 0.070204
vt 0.979593 0.078689
vt 0.977816 0.084987
vt 0.988905 0.076140
vt 0.977327 0.091574
vt 0.992283 0.068565
vt 0.999971 0.069118
vt 0.997087 0.076735
vt 0.045549 0.760178
vt 0.054002 0.756194
vt 0.056135 0.764476
vt 0.049391 0.767241
vt 0.058016 0.771364
vt 0.050784 0.773524
vt 0.063553 0.762693
vt 0.064530 0.769123
vt 0.062566 0.754878
vt 0.071354 0.756140
vt 0.071379 0.762763
vt 0.051948 0.748601
vt 0.061909 0.747069
vt 0.071803 0.747723
vt 0.081113 0.749870
vt 0.080182 0.758085
vt 0.061635 0.740990
vt 0.072661 0.741190
vt 0.082317 0.742598
vt 0.091052 0.744632
vt 0.089785 0.752267
vt 0.073570 0.733922
vt 0.083657 0.734787
vt 0.092622 0.736402
vt 0.101177 0.738272
vt 0.099470 0.746359
vt 0.094103 0.728841
vt 0.103142 0.731389
vt 0.112125 0.733827
vt 0.109926 0.740617
vt 0.098945 0.717356
vt 0.108204 0.719230
vt 0.118680 0.721222
vt 0.130379 0.724373
vt 0.125245 0.736665
vt 0.127973 0.706121
vt 0.138273 0.710130
vt 0.148544 0.714388
vt 0.141894 0.727996
vt 0.146015 0.696087
vt 0.155622 0.701156
vt 0.164601 0.706083
vt 0.158157 0.718573
vt 0.173129 0.710908
vt 0.167283 0.722654
vt 0.171272 0.693765
vt 0.179013 0.699233
vt 0.186603 0.704795
vt 0.181422 0.715765
vt 0.194412 0.710223
vt 0.189713 0.720627
vt 0.191425 0.694219
vt 0.198690 0.700427
vt 0.206451 0.705976
vt 0.202516 0.715245
vt 0.214524 0.710719
vt 0.210932 0.719853
vt 0.201586 0.695452
vt 0.209048 0.700546
vt 0.217181 0.704134
vt 0.225469 0.707081
vt 0.222838 0.714937
vt 0.210739 0.696376
vt 0.218776 0.699340
vt 0.227523 0.700176
vt 0.235442 0.701724
vt 0.233741 0.709770
vt 0.222185 0.691168
vt 0.229685 0.692907
vt 0.236912 0.694079
vt 0.244089 0.693039
vt 0.243622 0.703058
vt 0.232044 0.686183
vt 0.238543 0.688672
vt 0.255731 0.686064
vt 0.253776 0.695280
vt 0.247943 0.684127
vt 0.241194 0.681407
vt 0.243745 0.673304
vt 0.250477 0.675225
vt 0.257569 0.676867
vt 0.264767 0.678196
vt 0.263499 0.687426
vt 0.252880 0.666141
vt 0.259616 0.667968
vt 0.266362 0.669484
vt 0.272825 0.670342
vt 0.272003 0.679014
vt 0.261956 0.659270
vt 0.268640 0.661327
vt 0.273641 0.662169
vt 0.280522 0.662607
vt 0.279647 0.670636
vt 0.272875 0.654322
vt 0.283401 0.655129
vt 0.285653 0.662358
vt 0.274504 0.641922
vt 0.284163 0.642174
vt 0.293735 0.641172
vt 0.294008 0.653452
vt 0.302899 0.648948
vt 0.301989 0.639814
vt 0.342178 0.716709
vt 0.773843 0.279614
vt 0.780118 0.321234
vt 0.775654 0.290133
vt 0.777297 0.300430
vt 0.778834 0.310668
vt 0.751612 0.198493
vt 0.763937 0.203049
vt 0.780787 0.332184
vt 0.306009 0.656263
vt 0.329159 0.718802
vt 0.309333 0.663138
vt 0.319806 0.685539
vt 0.312695 0.670010
vt 0.298304 0.659594
vt 0.292736 0.661278
vt 0.301168 0.666578
vt 0.293857 0.668882
vt 0.286338 0.670288
vt 0.295219 0.676963
vt 0.286996 0.678649
vt 0.279391 0.679222
vt 0.287793 0.687533
vt 0.279277 0.688413
vt 0.271294 0.688265
vt 0.279399 0.698015
vt 0.270882 0.697844
vt 0.262473 0.697000
vt 0.271001 0.707644
vt 0.261886 0.706711
vt 0.252760 0.704976
vt 0.261473 0.716768
vt 0.251793 0.714843
vt 0.242396 0.712445
vt 0.250607 0.725088
vt 0.240685 0.722129
vt 0.231466 0.718737
vt 0.238636 0.732346
vt 0.228866 0.728536
vt 0.219699 0.724380
vt 0.216283 0.734414
vt 0.207030 0.729783
vt 0.198186 0.725333
vt 0.193432 0.735817
vt 0.184717 0.731244
vt 0.176092 0.726827
vt 0.170825 0.737681
vt 0.161632 0.734393
vt 0.152031 0.731362
vt 0.147623 0.743071
vt 0.138029 0.740023
vt 0.136483 0.745996
vt 0.123343 0.743260
vt 0.121588 0.750096
vt 0.108253 0.747781
vt 0.119898 0.756563
vt 0.106595 0.754705
vt 0.098224 0.753684
vt 0.104722 0.762550
vt 0.096470 0.762006
vt 0.088590 0.760366
vt 0.095707 0.767584
vt 0.087988 0.766220
vt 0.079703 0.763914
vt 0.087321 0.772030
vt 0.079411 0.768553
vt 0.071688 0.768090
vt 0.078941 0.775628
vt 0.071996 0.775840
vt 0.065449 0.777842
vt 0.071979 0.788026
vt 0.065224 0.788524
vt 0.988563 0.102988
vt 0.985191 0.097159
vt 0.997911 0.094762
vt 0.059319 0.780115
vt 0.992361 0.107899
vt 0.983219 0.113699
vt 0.980487 0.107115
vt 0.977950 0.098943
vt 0.968918 0.104811
vt 0.967269 0.106191
vt 0.964580 0.103007
vt 0.966503 0.101111
vt 0.977528 0.095376
vt 0.974320 0.111450
vt 0.971903 0.113001
vt 0.977057 0.118062
vt 0.965588 0.107998
vt 0.962782 0.104980
vt 0.968595 0.116111
vt 0.978872 0.123025
vt 0.995813 0.112501
vt 0.984610 0.119940
vt 0.086069 0.779329
vt 0.093586 0.781376
vt 0.092880 0.791788
vt 0.094839 0.774042
vt 0.102753 0.773711
vt 0.101806 0.781576
vt 0.103875 0.767672
vt 0.116648 0.768255
vt 0.115158 0.774013
vt 0.118084 0.763136
vt 0.133563 0.758555
vt 0.132124 0.765226
vt 0.134789 0.752137
vt 0.143842 0.754169
vt 0.142518 0.760433
vt 0.145625 0.748848
vt 0.154837 0.751260
vt 0.153268 0.756138
vt 0.156608 0.745755
vt 0.166228 0.747794
vt 0.164042 0.753825
vt 0.179553 0.741707
vt 0.175052 0.750923
vt 0.188081 0.746511
vt 0.202745 0.740281
vt 0.198106 0.751041
vt 0.212534 0.744951
vt 0.225961 0.738814
vt 0.222729 0.749500
vt 0.236219 0.742944
vt 0.249128 0.735783
vt 0.247116 0.746813
vt 0.261112 0.727417
vt 0.260460 0.738765
vt 0.272291 0.728922
vt 0.273050 0.741206
vt 0.271374 0.717850
vt 0.281474 0.717906
vt 0.283822 0.729125
vt 0.280233 0.707739
vt 0.290159 0.706525
vt 0.292135 0.716536
vt 0.288510 0.697066
vt 0.298783 0.694322
vt 0.300945 0.703917
vt 0.297050 0.685192
vt 0.306367 0.682032
vt 0.309266 0.690434
vt 0.303832 0.673925
vt 0.316158 0.677311
vt 0.378702 0.722011
vt 0.367240 0.719789
vt 0.355101 0.717825
vt 0.776075 0.207752
vt 0.784007 0.226157
vt 0.788219 0.212227
vt 0.323706 0.695060
vt 0.312157 0.699978
vt 0.327621 0.706202
vt 0.314949 0.710534
vt 0.303144 0.714153
vt 0.317092 0.721617
vt 0.305479 0.724575
vt 0.294505 0.727099
vt 0.307660 0.734910
vt 0.297077 0.737658
vt 0.271736 0.754234
vt 0.258804 0.750488
vt 0.256186 0.762082
vt 0.244584 0.758051
vt 0.233430 0.753886
vt 0.230364 0.765151
vt 0.219249 0.760516
vt 0.208509 0.755751
vt 0.204369 0.766641
vt 0.193250 0.761638
vt 0.181522 0.756755
vt 0.172895 0.756198
vt 0.177440 0.767081
vt 0.170594 0.762299
vt 0.162236 0.759168
vt 0.169130 0.767011
vt 0.160497 0.764745
vt 0.151526 0.762278
vt 0.158609 0.771100
vt 0.149524 0.768878
vt 0.140736 0.767259
vt 0.147869 0.775283
vt 0.138897 0.773575
vt 0.129930 0.771122
vt 0.137949 0.779465
vt 0.128229 0.776634
vt 0.128562 0.783431
vt 0.114578 0.781920
vt 0.115778 0.789897
vt 0.102088 0.790814
vt 0.116434 0.793722
vt 0.102993 0.795613
vt 0.093803 0.797244
vt 0.106159 0.804627
vt 0.108141 0.808920
vt 0.102321 0.812248
vt 0.098990 0.807519
vt 0.988112 0.139917
vt 0.985270 0.145435
vt 0.980107 0.143329
vt 0.983279 0.137041
vt 0.116743 0.816247
vt 0.110595 0.820203
vt 0.983397 0.157213
vt 0.976547 0.155205
vt 0.124360 0.820379
vt 0.117174 0.825926
vt 0.983337 0.165998
vt 0.973511 0.166674
vt 0.130395 0.824434
vt 0.123540 0.830118
vt 0.985435 0.173128
vt 0.978381 0.173696
vt 0.964534 0.178869
vt 0.986183 0.180508
vt 0.976702 0.181176
vt 0.977955 0.191728
vt 0.968422 0.197432
vt 0.951043 0.201103
vt 0.947973 0.184020
vt 0.979306 0.199590
vt 0.981992 0.211640
vt 0.969970 0.215551
vt 0.953901 0.219509
vt 0.975525 0.232940
vt 0.958199 0.239799
vt 0.955357 0.252450
vt 0.942037 0.252269
vt 0.937789 0.240702
vt 0.936391 0.221206
vt 0.934396 0.203464
vt 0.932333 0.187010
vt 0.944385 0.169317
vt 0.942347 0.155901
vt 0.929236 0.157253
vt 0.913453 0.144466
vt 0.898664 0.146369
vt 0.882670 0.133388
vt 0.868621 0.134331
vt 0.867513 0.119715
vt 0.864290 0.112503
vt 0.870251 0.112406
vt 0.863775 0.105730
vt 0.870812 0.105536
vt 0.863844 0.099478
vt 0.871179 0.099097
vt 0.864077 0.094793
vt 0.871889 0.094089
vt 0.863617 0.091177
vt 0.871810 0.089912
vt 0.878593 0.091391
vt 0.878626 0.089763
vt 0.878536 0.087801
vt 0.871226 0.086575
vt 0.878649 0.086213
vt 0.870293 0.083780
vt 0.870266 0.080352
vt 0.878607 0.080591
vt 0.878534 0.083692
vt 0.886944 0.080767
vt 0.886655 0.083836
vt 0.878649 0.076882
vt 0.887195 0.077318
vt 0.895706 0.077513
vt 0.887249 0.073704
vt 0.895722 0.073931
vt 0.904518 0.075521
vt 0.904557 0.073780
vt 0.896077 0.070910
vt 0.904634 0.071643
vt 0.913467 0.074009
vt 0.913388 0.075915
vt 0.914319 0.069959
vt 0.924461 0.069734
vt 0.922555 0.074647
vt 0.933768 0.069530
vt 0.932210 0.075227
vt 0.942536 0.068286
vt 0.941259 0.074927
vt 0.939916 0.080294
vt 0.931336 0.080598
vt 0.950621 0.067433
vt 0.950081 0.073950
vt 0.948850 0.080396
vt 0.964766 0.066149
vt 0.964433 0.070631
vt 0.977745 0.062641
vt 0.977238 0.067182
vt 0.986030 0.060137
vt 0.985355 0.064595
vt 0.995055 0.058467
vt 0.994145 0.062888
vt 0.032632 0.754479
vt 0.040799 0.748989
vt 0.042991 0.753703
vt 0.034783 0.757872
vt 0.036140 0.762726
vt 0.050522 0.743099
vt 0.029379 0.750244
vt 0.986422 0.055451
vt 0.995570 0.052826
vt 0.985095 0.049895
vt 0.995456 0.046527
vt 0.025360 0.745505
vt 0.983631 0.045321
vt 0.994636 0.042032
vt 0.022536 0.741729
vt 0.982434 0.040916
vt 0.992986 0.037697
vt 0.019478 0.737929
vt 0.027986 0.730266
vt 0.016306 0.734155
vt 0.023314 0.726853
vt 0.028817 0.719146
vt 0.032766 0.721775
vt 0.034620 0.710837
vt 0.038188 0.713444
vt 0.021788 0.713190
vt 0.027843 0.705660
vt 0.033899 0.697942
vt 0.039343 0.690413
vt 0.044497 0.682295
vt 0.049944 0.674118
vt 0.057444 0.679061
vt 0.055187 0.666544
vt 0.063132 0.671671
vt 0.068213 0.675688
vt 0.073986 0.679573
vt 0.068430 0.664621
vt 0.074227 0.668221
vt 0.080643 0.671605
vt 0.087508 0.673896
vt 0.080996 0.682084
vt 0.088289 0.685745
vt 0.083439 0.693768
vt 0.094426 0.677336
vt 0.103194 0.673947
vt 0.093701 0.693016
vt 0.112524 0.655003
vt 0.119624 0.661191
vt 0.111328 0.678148
vt 0.127087 0.666416
vt 0.119080 0.682735
vt 0.126643 0.645402
vt 0.133857 0.650768
vt 0.141694 0.655233
vt 0.135109 0.670986
vt 0.149556 0.658884
vt 0.143726 0.675677
vt 0.138044 0.640916
vt 0.146624 0.646664
vt 0.154106 0.653661
vt 0.165121 0.663406
vt 0.160841 0.667623
vt 0.150488 0.644107
vt 0.156220 0.652302
vt 0.167420 0.660831
vt 0.159046 0.650540
vt 0.162336 0.648313
vt 0.171023 0.656957
vt 0.180082 0.665150
vt 0.176926 0.669963
vt 0.184225 0.659757
vt 0.175787 0.652769
vt 0.191928 0.665600
vt 0.187258 0.671271
vt 0.189423 0.656162
vt 0.180564 0.649193
vt 0.185879 0.645801
vt 0.195532 0.653467
vt 0.202314 0.657582
vt 0.197130 0.661437
vt 0.208581 0.660752
vt 0.203955 0.665573
vt 0.199417 0.649744
vt 0.205076 0.652420
vt 0.210914 0.654174
vt 0.216761 0.655715
vt 0.213937 0.662856
vt 0.212336 0.646741
vt 0.218246 0.647073
vt 0.224527 0.647650
vt 0.222467 0.657032
vt 0.212695 0.638793
vt 0.218969 0.637619
vt 0.211609 0.630228
vt 0.218555 0.627314
vt 0.207833 0.621147
vt 0.214616 0.616379
vt 0.219469 0.611312
vt 0.759036 0.135363
vt 0.752133 0.130669
vt 0.757114 0.125294
vt 0.763887 0.129031
vt 0.223620 0.607098
vt 0.762865 0.119759
vt 0.768605 0.123319
vt 0.778538 0.122102
vt 0.782169 0.117252
vt 0.785648 0.112316
vt 0.787749 0.114129
vt 0.790009 0.116454
vt 0.794187 0.110440
vt 0.796135 0.112363
vt 0.798568 0.115373
vt 0.792358 0.119162
vt 0.801359 0.122111
vt 0.794888 0.124343
vt 0.802945 0.108064
vt 0.805478 0.111369
vt 0.809362 0.119069
vt 0.812997 0.128122
vt 0.802974 0.131884
vt 0.814074 0.108802
vt 0.817939 0.115701
vt 0.824114 0.122817
vt 0.824569 0.113820
vt 0.838373 0.120680
vt 0.840466 0.135716
vt 0.827250 0.137220
vt 0.854510 0.135038
vt 0.855758 0.149648
vt 0.842067 0.149994
vt 0.869847 0.148813
vt 0.870854 0.163122
vt 0.856661 0.163821
vt 0.885382 0.162150
vt 0.886224 0.176577
vt 0.871509 0.177373
vt 0.886748 0.191124
vt 0.871702 0.191817
vt 0.901084 0.175374
vt 0.901867 0.190143
vt 0.902568 0.205418
vt 0.887040 0.205945
vt 0.917095 0.188881
vt 0.918267 0.204683
vt 0.919310 0.221149
vt 0.903063 0.221123
vt 0.919756 0.237889
vt 0.903222 0.237024
vt 0.918954 0.252985
vt 0.902976 0.252711
vt 0.932474 0.252618
vt 0.931420 0.264424
vt 0.920584 0.268914
vt 0.942049 0.263619
vt 0.940963 0.273574
vt 0.930518 0.272496
vt 0.953860 0.264282
vt 0.952006 0.274843
vt 0.950115 0.284677
vt 0.939393 0.283440
vt 0.946433 0.303339
vt 0.944853 0.312583
vt 0.935155 0.311160
vt 0.936341 0.302026
vt 0.937885 0.292512
vt 0.948241 0.294040
vt 0.926569 0.301329
vt 0.928101 0.290781
vt 0.929209 0.283212
vt 0.919257 0.286206
vt 0.902929 0.268606
vt 0.887094 0.252341
vt 0.887288 0.236657
vt 0.887273 0.221138
vt 0.871521 0.206218
vt 0.857113 0.191735
vt 0.857143 0.177767
vt 0.843463 0.177475
vt 0.843040 0.163798
vt 0.830131 0.163839
vt 0.829079 0.150659
vt 0.817142 0.151554
vt 0.815667 0.139588
vt 0.805316 0.141810
vt 0.798509 0.135998
vt 0.796812 0.131462
vt 0.805880 0.152098
vt 0.818080 0.163954
vt 0.806932 0.163911
vt 0.830421 0.177111
vt 0.843360 0.191255
vt 0.830143 0.190622
vt 0.856846 0.205854
vt 0.842933 0.205325
vt 0.871836 0.221079
vt 0.856817 0.220577
vt 0.871858 0.236409
vt 0.871690 0.252037
vt 0.886924 0.268111
vt 0.871444 0.267623
vt 0.902302 0.284837
vt 0.886432 0.283805
vt 0.917005 0.303557
vt 0.900845 0.300862
vt 0.925677 0.309069
vt 0.924380 0.320367
vt 0.912910 0.320467
vt 0.934187 0.321183
vt 0.934252 0.331301
vt 0.925203 0.330963
vt 0.943581 0.322105
vt 0.943029 0.331833
vt 0.943589 0.341828
vt 0.934878 0.341285
vt 0.475323 0.074881
vt 0.468238 0.075933
vt 0.468034 0.064052
vt 0.474677 0.063453
vt 0.454184 0.065075
vt 0.461179 0.064549
vt 0.461231 0.076748
vt 0.454184 0.077403
vt 0.447179 0.053328
vt 0.978140 0.245111
vt 0.984003 0.239944
vt 0.164820 0.872176
vt 0.991916 0.233706
vt 0.273127 0.885686
vt 0.266572 0.877555
vt 0.273776 0.872706
vt 0.279693 0.880960
vt 0.285868 0.888732
vt 0.279850 0.893308
vt 0.285993 0.876985
vt 0.291700 0.884882
vt 0.927816 0.351002
vt 0.926382 0.341194
vt 0.935126 0.351115
vt 0.943184 0.352074
vt 0.291905 0.873780
vt 0.297358 0.881714
vt 0.286778 0.865860
vt 0.292394 0.863148
vt 0.297389 0.870972
vt 0.302894 0.878877
vt 0.280577 0.868929
vt 0.268135 0.863876
vt 0.275598 0.860439
vt 0.259844 0.868554
vt 0.271472 0.851436
vt 0.278614 0.849316
vt 0.282244 0.857675
vt 0.263247 0.854207
vt 0.259859 0.843674
vt 0.268550 0.842033
vt 0.253469 0.858143
vt 0.249811 0.845933
vt 0.276113 0.840827
vt 0.257904 0.832835
vt 0.266953 0.832391
vt 0.274855 0.832297
vt 0.281623 0.832425
vt 0.282640 0.839852
vt 0.266651 0.822621
vt 0.274948 0.823711
vt 0.282042 0.825151
vt 0.287276 0.826818
vt 0.287209 0.832570
vt 0.276407 0.814940
vt 0.284672 0.817749
vt 0.288283 0.821562
vt 0.292151 0.823692
vt 0.291588 0.828138
vt 0.289201 0.817865
vt 0.293060 0.819387
vt 0.290805 0.812996
vt 0.294404 0.815223
vt 0.292216 0.809391
vt 0.296124 0.811085
vt 0.294377 0.804431
vt 0.298208 0.806876
vt 0.296196 0.800743
vt 0.300474 0.802550
vt 0.298767 0.795749
vt 0.302907 0.798296
vt 0.300851 0.792141
vt 0.305609 0.794221
vt 0.303686 0.787235
vt 0.308463 0.790243
vt 0.305948 0.783652
vt 0.311265 0.786417
vt 0.309215 0.778503
vt 0.313710 0.783335
vt 0.314107 0.773214
vt 0.318500 0.778282
vt 0.320319 0.768928
vt 0.323152 0.774457
vt 0.327615 0.765561
vt 0.328898 0.771051
vt 0.336196 0.763208
vt 0.337642 0.768303
vt 0.345159 0.762109
vt 0.344464 0.767475
vt 0.355577 0.761993
vt 0.354408 0.767222
vt 0.367476 0.762823
vt 0.367494 0.767541
vt 0.379429 0.764950
vt 0.379891 0.770233
vt 0.828168 0.355635
vt 0.834842 0.352896
vt 0.840417 0.346078
vt 0.840383 0.351803
vt 0.845632 0.345496
vt 0.846027 0.351348
vt 0.853018 0.345237
vt 0.852125 0.351273
vt 0.858272 0.345257
vt 0.858444 0.351410
vt 0.865890 0.345427
vt 0.864800 0.351863
vt 0.871292 0.345508
vt 0.871408 0.351741
vt 0.878946 0.345791
vt 0.877839 0.351656
vt 0.884325 0.346348
vt 0.884174 0.352335
vt 0.891883 0.347554
vt 0.890552 0.353478
vt 0.896285 0.354852
vt 0.902573 0.357660
vt 0.907096 0.360956
vt 0.307011 0.875487
vt 0.302290 0.868554
vt 0.307102 0.867566
vt 0.310772 0.873036
vt 0.297381 0.860517
vt 0.301907 0.857759
vt 0.293170 0.852474
vt 0.297349 0.848657
vt 0.290222 0.845454
vt 0.295025 0.843126
vt 0.288264 0.838863
vt 0.293241 0.837725
vt 0.291890 0.832314
vt 0.284793 0.847428
vt 0.288067 0.855194
vt 0.882176 0.339987
vt 0.883143 0.327382
vt 0.884317 0.313885
vt 0.898600 0.316116
vt 0.885521 0.299207
vt 0.871081 0.283148
vt 0.856103 0.267142
vt 0.856445 0.251437
vt 0.856729 0.235837
vt 0.842317 0.219874
vt 0.829409 0.204542
vt 0.817486 0.189671
vt 0.818132 0.176612
vt 0.805389 0.188208
vt 0.806586 0.175724
vt 0.797330 0.163777
vt 0.797955 0.154783
vt 0.788458 0.162266
vt 0.791071 0.153940
vt 0.779892 0.159371
vt 0.784421 0.151160
vt 0.772026 0.155706
vt 0.766132 0.153238
vt 0.774847 0.168004
vt 0.763497 0.162298
vt 0.785445 0.171844
vt 0.782304 0.182885
vt 0.770170 0.178883
vt 0.795862 0.174324
vt 0.793851 0.185991
vt 0.803488 0.201579
vt 0.791296 0.198709
vt 0.816239 0.203391
vt 0.814495 0.217908
vt 0.800894 0.216141
vt 0.828319 0.219033
vt 0.841858 0.235090
vt 0.827191 0.234196
vt 0.841275 0.250736
vt 0.826116 0.249806
vt 0.840642 0.266691
vt 0.824683 0.266079
vt 0.855847 0.282837
vt 0.840411 0.282877
vt 0.870615 0.298370
vt 0.855767 0.298306
vt 0.870093 0.312946
vt 0.869571 0.326487
vt 0.868968 0.339231
vt 0.855901 0.339107
vt 0.856024 0.326554
vt 0.855839 0.313092
vt 0.841410 0.314623
vt 0.840677 0.299033
vt 0.825053 0.300525
vt 0.824341 0.283085
vt 0.807144 0.283139
vt 0.807496 0.264655
vt 0.811319 0.248337
vt 0.812573 0.233241
vt 0.797415 0.232909
vt 0.779171 0.195058
vt 0.766472 0.190827
vt 0.752173 0.186251
vt 0.756442 0.174288
vt 0.254179 0.625569
vt 0.248246 0.632642
vt 0.244362 0.615727
vt 0.750983 0.157435
vt 0.756606 0.149579
vt 0.253317 0.635548
vt 0.251242 0.645177
vt 0.245026 0.642412
vt 0.248824 0.654762
vt 0.242515 0.652401
vt 0.236380 0.650143
vt 0.240004 0.662067
vt 0.233955 0.659997
vt 0.228136 0.658231
vt 0.230410 0.648367
vt 0.231263 0.668527
vt 0.225237 0.666452
vt 0.219440 0.664590
vt 0.222077 0.674051
vt 0.216025 0.671616
vt 0.210122 0.668955
vt 0.212103 0.678245
vt 0.207977 0.684834
vt 0.201062 0.681065
vt 0.205643 0.674625
vt 0.194387 0.676555
vt 0.198991 0.670468
vt 0.196903 0.687175
vt 0.190262 0.682012
vt 0.183696 0.676291
vt 0.187889 0.684528
vt 0.181327 0.678733
vt 0.174812 0.672425
vt 0.178257 0.682173
vt 0.171637 0.676281
vt 0.163057 0.688107
vt 0.153475 0.681806
vt 0.136369 0.691194
vt 0.127378 0.686909
vt 0.118438 0.702607
vt 0.109852 0.699355
vt 0.102337 0.695042
vt 0.184941 0.687997
vt 0.194629 0.689825
vt 0.203634 0.691852
vt 0.214884 0.688453
vt 0.218641 0.681303
vt 0.225317 0.683898
vt 0.228331 0.676419
vt 0.237419 0.670798
vt 0.234726 0.678842
vt 0.246302 0.664144
vt 0.255299 0.657065
vt 0.257815 0.647910
vt 0.264552 0.650535
vt 0.260463 0.638573
vt 0.265876 0.640409
vt 0.264852 0.630333
vt 0.275514 0.630279
vt 0.799196 0.245768
vt 0.797384 0.258357
vt 0.796798 0.267336
vt 0.796972 0.279101
vt 0.785987 0.278606
vt 0.797647 0.287415
vt 0.787109 0.288783
vt 0.788460 0.299249
vt 0.377517 0.731851
vt 0.365960 0.730637
vt 0.354233 0.729486
vt 0.365986 0.740358
vt 0.354318 0.739706
vt 0.342945 0.739619
vt 0.342205 0.729190
vt 0.331641 0.740627
vt 0.330405 0.730330
vt 0.320670 0.742342
vt 0.318905 0.732380
vt 0.309699 0.744479
vt 0.322862 0.751399
vt 0.312325 0.754325
vt 0.325389 0.759136
vt 0.316542 0.762398
vt 0.334842 0.756976
vt 0.333238 0.749454
vt 0.343888 0.748515
vt 0.344850 0.755938
vt 0.355054 0.748519
vt 0.355673 0.755955
vt 0.366745 0.749199
vt 0.367859 0.756813
vt 0.379356 0.749188
vt 0.382867 0.758132
vt 0.377818 0.740990
vt 0.800414 0.343725
vt 0.790711 0.343505
vt 0.791450 0.331863
vt 0.801748 0.331503
vt 0.790881 0.320275
vt 0.801493 0.319084
vt 0.812335 0.317664
vt 0.799983 0.307099
vt 0.808866 0.301474
vt 0.826211 0.318794
vt 0.842759 0.327684
vt 0.843205 0.339658
vt 0.798935 0.298790
vt 0.789689 0.309236
vt 0.780672 0.343547
vt 0.299639 0.782637
vt 0.290248 0.776924
vt 0.280323 0.771049
vt 0.268217 0.766248
vt 0.264735 0.777604
vt 0.253287 0.773526
vt 0.241752 0.769452
vt 0.238898 0.781183
vt 0.227091 0.776875
vt 0.215601 0.771833
vt 0.211839 0.783644
vt 0.200393 0.777572
vt 0.189250 0.772051
vt 0.186111 0.782094
vt 0.176296 0.777010
vt 0.167545 0.773817
vt 0.173941 0.785291
vt 0.165698 0.780574
vt 0.157015 0.777423
vt 0.163963 0.786809
vt 0.155922 0.783375
vt 0.147094 0.781296
vt 0.155777 0.789701
vt 0.147956 0.787739
vt 0.138800 0.785908
vt 0.148705 0.793821
vt 0.140220 0.792087
vt 0.130153 0.790096
vt 0.119255 0.800948
vt 0.133314 0.814668
vt 0.138013 0.818235
vt 0.142838 0.822674
vt 0.135746 0.829246
vt 0.128524 0.835327
vt 0.148017 0.827980
vt 0.141152 0.834812
vt 0.133817 0.841435
vt 0.987503 0.188871
vt 0.146904 0.840943
vt 0.139112 0.847651
vt 0.989298 0.197211
vt 0.153336 0.847842
vt 0.145135 0.854977
vt 0.992020 0.206736
vt 0.996979 0.216781
vt 0.986978 0.223875
vt 0.142425 0.868369
vt 0.151553 0.862662
vt 0.157573 0.871795
vt 0.148187 0.876526
vt 0.454346 0.052930
vt 0.446983 0.065552
vt 0.163208 0.865662
vt 0.205558 0.852211
vt 0.203155 0.840653
vt 0.213095 0.837816
vt 0.215160 0.850559
vt 0.224427 0.835839
vt 0.226151 0.849470
vt 0.209733 0.823910
vt 0.221939 0.821275
vt 0.234829 0.821043
vt 0.236339 0.834751
vt 0.238289 0.848605
vt 0.247652 0.833622
vt 0.246625 0.821322
vt 0.257181 0.821812
vt 0.234128 0.806921
vt 0.246705 0.808908
vt 0.257684 0.810745
vt 0.267544 0.812698
vt 0.259293 0.799680
vt 0.269470 0.802620
vt 0.278755 0.805760
vt 0.287504 0.809272
vt 0.281938 0.796335
vt 0.291033 0.800466
vt 0.285798 0.786715
vt 0.295200 0.791546
vt 0.275775 0.781960
vt 0.272239 0.792399
vt 0.261710 0.788660
vt 0.250528 0.785011
vt 0.248205 0.796756
vt 0.236214 0.793553
vt 0.223456 0.789523
vt 0.199387 0.828653
vt 0.190923 0.833245
vt 0.186047 0.823152
vt 0.194556 0.843825
vt 0.187113 0.846874
vt 0.183612 0.837532
vt 0.197205 0.854184
vt 0.189749 0.856382
vt 0.182918 0.858540
vt 0.180287 0.849809
vt 0.160193 0.855943
vt 0.167153 0.855023
vt 0.169698 0.862960
vt 0.164832 0.848998
vt 0.170787 0.845152
vt 0.173710 0.852650
vt 0.176279 0.860730
vt 0.177035 0.841442
vt 0.167255 0.837771
vt 0.173217 0.833506
vt 0.179358 0.828573
vt 0.169096 0.826517
vt 0.174505 0.820502
vt 0.180169 0.814131
vt 0.169347 0.813142
vt 0.174041 0.806332
vt 0.178517 0.799133
vt 0.168073 0.799352
vt 0.171166 0.792517
vt 0.182654 0.791148
vt 0.162183 0.793441
vt 0.164277 0.806383
vt 0.159545 0.800485
vt 0.155136 0.795962
vt 0.155219 0.808068
vt 0.151464 0.803684
vt 0.148362 0.800288
vt 0.145335 0.811323
vt 0.141962 0.808000
vt 0.149472 0.815611
vt 0.159573 0.813694
vt 0.154116 0.820862
vt 0.159157 0.826670
vt 0.153755 0.833816
vt 0.160745 0.840114
vt 0.164098 0.832675
vt 0.164364 0.819856
vt 0.915904 0.173805
vt 0.930473 0.171843
vt 0.914825 0.159149
vt 0.900036 0.160900
vt 0.884146 0.147834
vt 0.853116 0.119983
vt 0.849389 0.112464
vt 0.855754 0.112470
vt 0.848439 0.105291
vt 0.856035 0.105439
vt 0.848097 0.098558
vt 0.856168 0.098832
vt 0.847805 0.093505
vt 0.856018 0.094202
vt 0.860377 0.094170
vt 0.847308 0.088489
vt 0.855697 0.090216
vt 0.859510 0.090920
vt 0.846958 0.082746
vt 0.855567 0.085616
vt 0.859015 0.086517
vt 0.855603 0.080868
vt 0.859062 0.081919
vt 0.862926 0.087352
vt 0.862484 0.083192
vt 0.855302 0.076977
vt 0.859127 0.077764
vt 0.863052 0.078691
vt 0.854397 0.073529
vt 0.862792 0.075077
vt 0.870311 0.076327
vt 0.862528 0.071769
vt 0.870325 0.072682
vt 0.878662 0.073256
vt 0.870478 0.069474
vt 0.878851 0.070005
vt 0.887401 0.070707
vt 0.878903 0.066408
vt 0.887528 0.066922
vt 0.896403 0.067317
vt 0.887513 0.062007
vt 0.896364 0.062108
vt 0.906195 0.062553
vt 0.905312 0.067175
vt 0.916399 0.060942
vt 0.915565 0.065716
vt 0.925629 0.059142
vt 0.925479 0.064395
vt 0.934287 0.059495
vt 0.934373 0.064136
vt 0.942398 0.056979
vt 0.942753 0.062395
vt 0.950244 0.056719
vt 0.950299 0.061856
vt 0.963737 0.058003
vt 0.964496 0.062334
vt 0.976171 0.053158
vt 0.977520 0.057899
vt 0.962816 0.053504
vt 0.974854 0.048639
vt 0.961924 0.048587
vt 0.972875 0.043862
vt 0.960606 0.043276
vt 0.972132 0.039397
vt 0.981501 0.036770
vt 0.970171 0.030710
vt 0.978613 0.027156
vt 0.987290 0.023708
vt 0.991166 0.033470
vt 0.015682 0.720032
vt 0.008839 0.726393
vt 0.007445 0.711046
vt 0.013367 0.704887
vt 0.019767 0.698223
vt 0.025698 0.691163
vt 0.030785 0.684466
vt 0.036505 0.676659
vt 0.041987 0.668709
vt 0.047021 0.661142
vt 0.051692 0.654146
vt 0.059999 0.659455
vt 0.064115 0.652499
vt 0.072252 0.657952
vt 0.067930 0.645580
vt 0.075600 0.650545
vt 0.071969 0.638635
vt 0.080076 0.643193
vt 0.084948 0.646490
vt 0.084244 0.636488
vt 0.089942 0.639347
vt 0.087446 0.629331
vt 0.092796 0.632128
vt 0.098729 0.635953
vt 0.103667 0.640822
vt 0.094964 0.623660
vt 0.100512 0.627643
vt 0.106945 0.631943
vt 0.112793 0.636741
vt 0.109043 0.645988
vt 0.104582 0.620152
vt 0.110418 0.623778
vt 0.116505 0.626967
vt 0.122970 0.631000
vt 0.119158 0.641365
vt 0.116426 0.614466
vt 0.111035 0.612224
vt 0.099306 0.615528
vt 0.105662 0.608440
vt 0.095335 0.613083
vt 0.100774 0.605737
vt 0.103817 0.599204
vt 0.092083 0.602448
vt 0.095226 0.596412
vt 0.097457 0.590580
vt 0.105853 0.593209
vt 0.099174 0.584717
vt 0.107374 0.587598
vt 0.100591 0.578441
vt 0.108872 0.581538
vt 0.112766 0.583389
vt 0.110919 0.575350
vt 0.115584 0.577234
vt 0.760780 0.021363
vt 0.765871 0.024746
vt 0.763117 0.029051
vt 0.757985 0.024652
vt 0.760636 0.032609
vt 0.754967 0.026913
vt 0.758490 0.036295
vt 0.752155 0.029282
vt 0.769502 0.031189
vt 0.767869 0.034544
vt 0.766718 0.037566
vt 0.766080 0.041089
vt 0.757560 0.040804
vt 0.776027 0.035728
vt 0.775146 0.038157
vt 0.774442 0.040874
vt 0.773988 0.044168
vt 0.765899 0.044506
vt 0.782780 0.039592
vt 0.782112 0.042120
vt 0.781783 0.045104
vt 0.781508 0.048571
vt 0.773611 0.047801
vt 0.789660 0.042714
vt 0.789200 0.045711
vt 0.788571 0.049190
vt 0.781110 0.052829
vt 0.796164 0.047109
vt 0.795708 0.050087
vt 0.803743 0.049063
vt 0.803702 0.051537
vt 0.804040 0.054144
vt 0.811106 0.054252
vt 0.810890 0.056497
vt 0.810816 0.059614
vt 0.817024 0.058697
vt 0.815823 0.062689
vt 0.817741 0.055835
vt 0.817382 0.056891
vt 0.811442 0.052126
vt 0.818520 0.053350
vt 0.825321 0.055715
vt 0.823844 0.058397
vt 0.818974 0.050947
vt 0.825794 0.053043
vt 0.832813 0.055220
vt 0.831712 0.058809
vt 0.829831 0.062823
vt 0.838851 0.058816
vt 0.836950 0.062473
vt 0.834943 0.066205
vt 0.846115 0.061268
vt 0.844859 0.064990
vt 0.844197 0.068461
vt 0.854307 0.066375
vt 0.854209 0.070043
vt 0.862458 0.068507
vt 0.854761 0.062909
vt 0.862772 0.065202
vt 0.870474 0.066171
vt 0.862886 0.061200
vt 0.870692 0.062260
vt 0.878883 0.062181
vt 0.870840 0.057664
vt 0.879065 0.057452
vt 0.887646 0.057317
vt 0.879357 0.053312
vt 0.887966 0.053561
vt 0.897322 0.053897
vt 0.896743 0.057311
vt 0.907071 0.054588
vt 0.907073 0.057935
vt 0.915635 0.053051
vt 0.916177 0.056256
vt 0.924689 0.051218
vt 0.925145 0.054411
vt 0.933293 0.051030
vt 0.933840 0.055088
vt 0.941080 0.048736
vt 0.941599 0.052383
vt 0.949956 0.048022
vt 0.950246 0.052016
vt 0.949374 0.044651
vt 0.947059 0.037703
vt 0.958351 0.034896
vt 0.954616 0.024599
vt 0.965743 0.020337
vt 0.973881 0.015980
vt 0.982843 0.012208
vt 0.001350 0.717005
vt 0.943575 0.027487
vt 0.938885 0.039375
vt 0.935981 0.029150
vt 0.930970 0.040936
vt 0.928458 0.030705
vt 0.922886 0.042047
vt 0.920799 0.031630
vt 0.914482 0.042936
vt 0.913047 0.032526
vt 0.906290 0.043374
vt 0.905415 0.033056
vt 0.898100 0.042942
vt 0.897663 0.033336
vt 0.889239 0.042159
vt 0.889264 0.033447
vt 0.880080 0.041631
vt 0.880448 0.033357
vt 0.871445 0.041608
vt 0.872029 0.033041
vt 0.863634 0.041738
vt 0.864418 0.032590
vt 0.856064 0.041709
vt 0.857216 0.032032
vt 0.848803 0.041642
vt 0.850407 0.031439
vt 0.842166 0.041119
vt 0.844050 0.030886
vt 0.835672 0.039921
vt 0.837899 0.030002
vt 0.829108 0.038509
vt 0.831731 0.028953
vt 0.822513 0.036838
vt 0.825552 0.027409
vt 0.815884 0.035044
vt 0.819188 0.025830
vt 0.809237 0.033018
vt 0.812662 0.024078
vt 0.802260 0.030564
vt 0.806032 0.021901
vt 0.795224 0.028037
vt 0.799329 0.019607
vt 0.788379 0.025599
vt 0.792998 0.016990
vt 0.781932 0.022908
vt 0.787220 0.014173
vt 0.776046 0.019874
vt 0.782029 0.010596
vt 0.770530 0.016737
vt 0.776376 0.006884
vt 0.765058 0.013705
vt 0.770553 0.003480
vt 0.101933 0.572047
vt 0.089067 0.575390
vt 0.090443 0.568739
vt 0.087002 0.583044
vt 0.085591 0.587299
vt 0.083545 0.592555
vt 0.081014 0.598322
vt 0.087718 0.609388
vt 0.077823 0.605031
vt 0.083233 0.617272
vt 0.074217 0.612899
vt 0.079362 0.625037
vt 0.070429 0.620590
vt 0.075880 0.632044
vt 0.066890 0.627442
vt 0.063278 0.633972
vt 0.059587 0.640586
vt 0.056523 0.645961
vt 0.090695 0.621496
vt 0.771736 0.027354
vt 0.778563 0.029482
vt 0.777099 0.032864
vt 0.785718 0.031410
vt 0.784386 0.034696
vt 0.783460 0.037284
vt 0.791533 0.036643
vt 0.790772 0.038768
vt 0.790183 0.040666
vt 0.798038 0.040559
vt 0.797438 0.042380
vt 0.796825 0.044409
vt 0.804760 0.044831
vt 0.804158 0.046787
vt 0.812061 0.048005
vt 0.811746 0.050044
vt 0.819330 0.048848
vt 0.812398 0.045956
vt 0.819686 0.047036
vt 0.826519 0.048921
vt 0.826111 0.050850
vt 0.833532 0.050428
vt 0.833190 0.052639
vt 0.839988 0.053084
vt 0.839626 0.055600
vt 0.847479 0.054421
vt 0.846994 0.057377
vt 0.855167 0.055445
vt 0.855007 0.058778
vt 0.862959 0.056835
vt 0.855463 0.052386
vt 0.863155 0.053185
vt 0.871272 0.053470
vt 0.863416 0.049780
vt 0.871224 0.049516
vt 0.879612 0.049229
vt 0.888390 0.049770
vt 0.897618 0.050761
vt 0.906579 0.051205
vt 0.915205 0.050026
vt 0.924057 0.048449
vt 0.932526 0.047541
vt 0.940425 0.045709
vt 0.855745 0.049329
vt 0.848051 0.048945
vt 0.841142 0.047744
vt 0.834473 0.045629
vt 0.827600 0.044666
vt 0.820733 0.043096
vt 0.813846 0.041083
vt 0.807221 0.038449
vt 0.799826 0.036366
vt 0.792646 0.033932
vt 0.798823 0.038656
vt 0.806215 0.041026
vt 0.805422 0.043134
vt 0.812960 0.043865
vt 0.820127 0.045209
vt 0.827019 0.046924
vt 0.833932 0.048292
vt 0.840590 0.050758
vt 0.847687 0.051885
vt 0.765370 0.048237
vt 0.768816 0.052678
vt 0.764709 0.052913
vt 0.772808 0.052375
vt 0.756483 0.054140
vt 0.756237 0.048804
vt 0.756522 0.044527
vt 0.131941 0.574026
vt 0.135551 0.574209
vt 0.136573 0.582953
vt 0.131713 0.582519
vt 0.128603 0.573259
vt 0.134425 0.591975
vt 0.129067 0.591636
vt 0.133201 0.600255
vt 0.127490 0.600207
vt 0.139493 0.600289
vt 0.139758 0.592309
vt 0.143162 0.593286
vt 0.142934 0.600825
vt 0.141327 0.600549
vt 0.141573 0.592798
vt 0.141849 0.583596
vt 0.145809 0.585609
vt 0.146563 0.585992
vt 0.148814 0.587012
vt 0.148075 0.593965
vt 0.748698 0.059115
vt 0.748668 0.058417
vt 0.752688 0.056274
vt 0.752792 0.057807
vt 0.753547 0.061518
vt 0.748987 0.061320
vt 0.753683 0.065279
vt 0.753823 0.069811
vt 0.750865 0.068162
vt 0.749409 0.063516
vt 0.764234 0.062661
vt 0.758358 0.062359
vt 0.757533 0.059377
vt 0.764058 0.059181
vt 0.758440 0.066222
vt 0.763782 0.066474
vt 0.757997 0.071032
vt 0.767772 0.062364
vt 0.767573 0.058883
vt 0.767861 0.065887
vt 0.771199 0.061918
vt 0.771072 0.058547
vt 0.771266 0.065364
vt 0.779100 0.064857
vt 0.778637 0.071531
vt 0.771163 0.071750
vt 0.785309 0.066704
vt 0.783935 0.073423
vt 0.764261 0.056002
vt 0.768496 0.055693
vt 0.771821 0.055467
vt 0.757032 0.056690
vt 0.750207 0.075464
vt 0.747899 0.075053
vt 0.152139 0.594399
vt 0.151003 0.588090
vt 0.155651 0.589946
vt 0.753419 0.076277
vt 0.753068 0.083255
vt 0.749899 0.083061
vt 0.757581 0.077196
vt 0.756906 0.083834
vt 0.176019 0.599823
vt 0.174361 0.602393
vt 0.169017 0.598737
vt 0.169840 0.595981
vt 0.162719 0.594504
vt 0.163344 0.592188
vt 0.752825 0.090552
vt 0.749402 0.089784
vt 0.760805 0.091446
vt 0.756481 0.091190
vt 0.171345 0.606025
vt 0.176211 0.610781
vt 0.173365 0.612670
vt 0.168875 0.608778
vt 0.165469 0.618164
vt 0.161730 0.613295
vt 0.160410 0.620212
vt 0.156657 0.613831
vt 0.154192 0.607170
vt 0.149525 0.607630
vt 0.152204 0.614637
vt 0.146673 0.615363
vt 0.144159 0.608039
vt 0.148159 0.600703
vt 0.152671 0.600539
vt 0.143993 0.615444
vt 0.142372 0.607855
vt 0.150951 0.623273
vt 0.147172 0.624720
vt 0.155744 0.621793
vt 0.145302 0.635804
vt 0.134314 0.631782
vt 0.139431 0.627840
vt 0.155315 0.630905
vt 0.151025 0.632970
vt 0.160277 0.628609
vt 0.165264 0.635049
vt 0.160826 0.637994
vt 0.170209 0.631854
vt 0.176982 0.638113
vt 0.171945 0.641835
vt 0.165096 0.626150
vt 0.170667 0.622898
vt 0.175876 0.627969
vt 0.181497 0.633352
vt 0.190347 0.641725
vt 0.182849 0.622921
vt 0.187179 0.629192
vt 0.189903 0.627579
vt 0.192745 0.626009
vt 0.200316 0.623693
vt 0.188760 0.619667
vt 0.204445 0.613668
vt 0.200760 0.605601
vt 0.751178 0.120341
vt 0.210078 0.609656
vt 0.185620 0.621286
vt 0.178097 0.617085
vt 0.180783 0.615359
vt 0.167738 0.645184
vt 0.155462 0.640810
vt 0.130050 0.635797
vt 0.141211 0.578015
vt 0.124670 0.572701
vt 0.838834 0.088717
vt 0.836433 0.084027
vt 0.827920 0.091819
vt 0.823407 0.086972
vt 0.821315 0.085200
vt 0.814718 0.093084
vt 0.813428 0.091509
vt 0.811793 0.089864
vt 0.804578 0.096805
vt 0.803149 0.095291
vt 0.801459 0.093294
vt 0.799012 0.090569
vt 0.808434 0.087014
vt 0.810232 0.088534
vt 0.796274 0.087028
vt 0.805904 0.083429
vt 0.815433 0.078440
vt 0.813450 0.075473
vt 0.789547 0.095123
vt 0.786271 0.092273
vt 0.794321 0.098767
vt 0.798068 0.102387
vt 0.796373 0.100498
vt 0.806494 0.098721
vt 0.799427 0.103842
vt 0.808778 0.101145
vt 0.801025 0.105733
vt 0.819346 0.097931
vt 0.821040 0.101885
vt 0.811308 0.104029
vt 0.830589 0.095487
vt 0.830849 0.100131
vt 0.831931 0.105575
vt 0.822849 0.106958
vt 0.839701 0.093572
vt 0.839769 0.098759
vt 0.840172 0.104896
vt 0.840496 0.112538
vt 0.833802 0.112534
vt 0.792447 0.108662
vt 0.790725 0.106756
vt 0.951450 0.100076
vt 0.959110 0.102416
vt 0.944192 0.100436
vt 0.777106 0.089591
vt 0.978999 0.126328
vt 0.978384 0.129502
vt 0.990919 0.134660
vt 0.984747 0.134128
vt 0.104108 0.800242
vt 0.095292 0.802850
vt 0.117197 0.797669
vt 0.089140 0.804584
vt 0.949226 0.096165
vt 0.947003 0.098161
vt 0.966794 0.094971
vt 0.970821 0.103231
vt 0.968732 0.099437
vt 0.976409 0.110008
vt 0.979173 0.116562
vt 0.980686 0.121928
vt 0.992019 0.125495
vt 0.986585 0.130868
vt 0.139654 0.573336
vt 0.954592 0.098198
vt 0.161572 0.595693
vt 0.168076 0.600246
vt 0.173263 0.603817
vt 0.178393 0.608641
vt 0.183303 0.613775
vt 0.938966 0.083624
vt 0.947746 0.086052
vt 0.938298 0.085188
vt 0.946761 0.088127
vt 0.148915 0.950199
vt 0.151042 0.948992
vt 0.152634 0.954726
vt 0.149828 0.955708
vt 0.129108 0.990332
vt 0.134567 0.987088
vt 0.134099 0.990704
vt 0.129490 0.993031
vt 0.124250 0.991494
vt 0.124433 0.993778
vt 0.102883 0.972395
vt 0.104884 0.971541
vt 0.105758 0.975027
vt 0.103692 0.975932
vt 0.102773 0.969063
vt 0.104767 0.967399
vt 0.100813 0.969820
vt 0.101063 0.973219
vt 0.102909 0.966596
vt 0.100931 0.966642
vt 0.101279 0.963574
vt 0.103318 0.963455
vt 0.101823 0.960541
vt 0.103813 0.961013
vt 0.102595 0.957468
vt 0.104740 0.957854
vt 0.103626 0.954391
vt 0.105620 0.955403
vt 0.104882 0.951377
vt 0.107036 0.952326
vt 0.106298 0.948411
vt 0.108253 0.950007
vt 0.107972 0.945469
vt 0.110109 0.947151
vt 0.109982 0.942675
vt 0.111638 0.945023
vt 0.112216 0.940300
vt 0.114096 0.942442
vt 0.116124 0.937511
vt 0.117412 0.939949
vt 0.120243 0.935813
vt 0.121286 0.938199
vt 0.124922 0.935039
vt 0.125689 0.937429
vt 0.130831 0.935111
vt 0.130634 0.937517
vt 0.135564 0.935946
vt 0.135576 0.938462
vt 0.141464 0.938213
vt 0.140937 0.940473
vt 0.147872 0.942751
vt 0.146530 0.943785
vt 0.152899 0.948833
vt 0.154878 0.954223
vt 0.155245 0.958943
vt 0.152521 0.959661
vt 0.154862 0.963420
vt 0.152011 0.963124
vt 0.153873 0.967879
vt 0.150800 0.967632
vt 0.152414 0.972231
vt 0.149581 0.970993
vt 0.150620 0.976414
vt 0.147545 0.975358
vt 0.148198 0.980423
vt 0.145709 0.978519
vt 0.145418 0.984147
vt 0.142933 0.982520
vt 0.142292 0.987687
vt 0.140570 0.985291
vt 0.138646 0.990947
vt 0.137026 0.988587
vt 0.134596 0.993423
vt 0.129404 0.995346
vt 0.124612 0.995560
vt 0.119836 0.994478
vt 0.119695 0.992412
vt 0.113588 0.991444
vt 0.115021 0.989596
vt 0.108402 0.987519
vt 0.110813 0.986342
vt 0.105451 0.984201
vt 0.107633 0.983041
vt 0.103230 0.980522
vt 0.105284 0.979550
vt 0.101769 0.976596
vt 0.107385 0.978362
vt 0.109730 0.981594
vt 0.112792 0.984700
vt 0.116401 0.987687
vt 0.120172 0.990255
vt 0.139756 0.981961
vt 0.143997 0.975497
vt 0.126124 0.940271
vt 0.122259 0.941038
vt 0.118903 0.942641
vt 0.130463 0.940347
vt 0.135086 0.941222
vt 0.139942 0.942826
vt 0.144910 0.945254
vt 0.149472 0.961653
vt 0.147348 0.968542
vt 0.116032 0.944785
vt 0.112812 0.948027
vt 0.105480 0.962423
vt 0.107146 0.957320
vt 0.109652 0.952409
vt 0.145575 0.984313
vt 0.142397 0.987867
vt 0.138679 0.991117
vt 0.134545 0.993585
vt 0.129328 0.995385
vt 0.124655 0.995612
vt 0.119905 0.994599
vt 0.113558 0.991580
vt 0.108292 0.987603
vt 0.105319 0.984257
vt 0.103099 0.980563
vt 0.101619 0.976649
vt 0.100897 0.973303
vt 0.100615 0.969893
vt 0.100705 0.966664
vt 0.101045 0.963564
vt 0.101594 0.960502
vt 0.102376 0.957406
vt 0.103412 0.954303
vt 0.104671 0.951262
vt 0.106114 0.948274
vt 0.107835 0.945310
vt 0.109901 0.942502
vt 0.112190 0.940165
vt 0.116099 0.937429
vt 0.120179 0.935740
vt 0.124853 0.934914
vt 0.130809 0.934959
vt 0.135582 0.935816
vt 0.141531 0.938147
vt 0.147966 0.942753
vt 0.152910 0.948851
vt 0.154914 0.954114
vt 0.155399 0.958836
vt 0.155061 0.963383
vt 0.154091 0.967891
vt 0.152634 0.972294
vt 0.150804 0.976504
vt 0.148371 0.980562
vt 0.124090 0.964195
vt 0.346600 0.826254
vt 0.388156 0.821212
vt 0.390249 0.825919
vt 0.385196 0.816666
vt 0.381884 0.812554
vt 0.378196 0.808409
vt 0.374111 0.804467
vt 0.369855 0.801303
vt 0.390645 0.839558
vt 0.388891 0.843905
vt 0.391462 0.835002
vt 0.391332 0.830463
vt 0.395949 0.824069
vt 0.397479 0.829710
vt 0.393282 0.818621
vt 0.389897 0.813572
vt 0.386365 0.809296
vt 0.382005 0.804818
vt 0.377406 0.800593
vt 0.372680 0.797012
vt 0.365554 0.798876
vt 0.367851 0.794235
vt 0.361289 0.796974
vt 0.356956 0.795557
vt 0.352404 0.794711
vt 0.325260 0.798051
vt 0.328771 0.796810
vt 0.322200 0.799332
vt 0.319446 0.800876
vt 0.316841 0.802853
vt 0.385312 0.849548
vt 0.381031 0.854292
vt 0.394118 0.846430
vt 0.389903 0.852903
vt 0.396625 0.841199
vt 0.397718 0.835441
vt 0.384660 0.858515
vt 0.380263 0.861856
vt 0.377285 0.857223
vt 0.375405 0.864544
vt 0.373246 0.859526
vt 0.370080 0.866434
vt 0.368847 0.861192
vt 0.364390 0.867335
vt 0.363992 0.861991
vt 0.358731 0.867184
vt 0.359084 0.861957
vt 0.353150 0.866091
vt 0.354058 0.861206
vt 0.347392 0.864305
vt 0.348544 0.859828
vt 0.341498 0.862264
vt 0.342817 0.858054
vt 0.335862 0.860362
vt 0.337432 0.856099
vt 0.330714 0.858612
vt 0.332600 0.854157
vt 0.325841 0.856779
vt 0.328064 0.852194
vt 0.321292 0.854678
vt 0.323968 0.850104
vt 0.317245 0.852141
vt 0.320496 0.847908
vt 0.313697 0.849030
vt 0.317444 0.845363
vt 0.310694 0.845371
vt 0.314846 0.842336
vt 0.308209 0.841307
vt 0.312726 0.838879
vt 0.306324 0.836905
vt 0.311081 0.835108
vt 0.305007 0.832249
vt 0.309890 0.831132
vt 0.304238 0.827355
vt 0.309102 0.826832
vt 0.304026 0.822406
vt 0.308900 0.822472
vt 0.304346 0.817661
vt 0.309390 0.818337
vt 0.305099 0.813325
vt 0.310318 0.814510
vt 0.306010 0.809232
vt 0.311445 0.811044
vt 0.307597 0.805232
vt 0.312881 0.807976
vt 0.309783 0.801679
vt 0.314649 0.805253
vt 0.312573 0.798476
vt 0.316552 0.795223
vt 0.319342 0.793571
vt 0.322962 0.792008
vt 0.327102 0.790795
vt 0.331963 0.789931
vt 0.333185 0.795539
vt 0.337564 0.789373
vt 0.338340 0.794727
vt 0.343127 0.789064
vt 0.343402 0.794381
vt 0.348214 0.789095
vt 0.347975 0.794389
vt 0.353144 0.789574
vt 0.358077 0.790552
vt 0.362126 0.791776
vt 0.335762 0.860621
vt 0.330600 0.858857
vt 0.325711 0.857005
vt 0.321153 0.854878
vt 0.317100 0.852319
vt 0.313536 0.849192
vt 0.310509 0.845518
vt 0.308004 0.841428
vt 0.306098 0.836996
vt 0.304767 0.832307
vt 0.303991 0.827379
vt 0.303778 0.822399
vt 0.304099 0.817626
vt 0.304843 0.813265
vt 0.305789 0.809156
vt 0.307396 0.805126
vt 0.309600 0.801542
vt 0.312416 0.798311
vt 0.316422 0.795030
vt 0.319231 0.793359
vt 0.322870 0.791784
vt 0.327027 0.790559
vt 0.331909 0.789679
vt 0.337542 0.789108
vt 0.343136 0.788802
vt 0.348238 0.788842
vt 0.353184 0.789327
vt 0.358140 0.790310
vt 0.362209 0.791544
vt 0.367957 0.794015
vt 0.372804 0.796803
vt 0.377555 0.800388
vt 0.382184 0.804625
vt 0.386563 0.809132
vt 0.390109 0.813437
vt 0.393503 0.818527
vt 0.396163 0.824018
vt 0.397682 0.829691
vt 0.397919 0.835451
vt 0.396813 0.841248
vt 0.394329 0.846535
vt 0.390086 0.853033
vt 0.384817 0.858679
vt 0.380387 0.862054
vt 0.375486 0.864757
vt 0.370126 0.866649
vt 0.364407 0.867554
vt 0.358729 0.867411
vt 0.353132 0.866342
vt 0.347345 0.864573
vt 0.341420 0.862532
vt 0.921973 0.077084
vt 0.921556 0.079269
vt 0.930605 0.082602
vt 0.950912 0.094511
vt 0.952175 0.092299
vt 0.954132 0.087931
vt 0.953446 0.089849
vt 0.153174 0.642277
vt 0.148735 0.633883
vt 0.748511 0.054747
vt 0.752617 0.054663
vt 0.144927 0.625804
vt 0.981385 0.128154
vt 0.981087 0.135212
vt 0.981183 0.131260
s 1
usemtl Ch31_body
f 50/1/1 51/2/2 52/3/3 1/4/4
f 52/3/3 53/5/5 54/6/6 1/4/4
f 2/7/7 55/8/8 12/9/9 56/10/10
f 2/7/7 56/10/10 57/11/11 58/12/12
f 59/13/13 60/14/14 61/15/15 3/16/16
f 3/16/16 1726/17/17 1728/18/18 59/13/13
f 3/16/16 61/15/15 1723/19/19 1726/17/17
f 63/20/20 21/21/21 64/22/22 4/23/23
f 4/23/23 10/24/24 65/25/25 1792/26/26
f 64/22/22 66/27/27 10/24/24 4/23/23
f 67/28/28 2095/29/29 69/30/30 5/31/31
f 5/31/31 69/30/30 70/32/32 71/33/33
f 71/33/33 72/34/34 67/28/28 5/31/31
f 6/35/35 73/36/36 74/37/37 75/38/38
f 6/35/35 76/39/39 77/40/40 78/41/41
f 78/41/41 79/42/42 73/36/36 6/35/35
f 80/43/43 81/44/44 82/45/45 7/46/46
f 7/46/46 83/47/47 84/48/48 80/43/43
f 6/35/35 75/38/38 11/49/49 76/39/39
f 8/50/50 85/51/51 86/52/52 87/53/53
f 8/50/50 87/53/53 88/54/54 89/55/55
f 90/56/56 91/57/57 92/58/58 9/59/59
f 9/59/59 92/58/58 93/60/60 94/61/61
f 94/61/61 95/62/62 96/63/63 9/59/59
f 97/64/64 98/65/65 90/56/56 9/59/59
f 9/59/59 96/63/63 99/66/66 97/64/64
f 10/67/24 100/68/67 1810/69/68
f 1810/69/68 1811/70/69 65/71/25 10/67/24
f 75/38/38 104/72/70 105/73/71 11/49/49
f 105/73/71 106/74/72 107/75/73 11/49/49
f 7/46/46 108/76/74 109/77/75 83/47/47
f 76/39/39 11/49/49 110/78/76 77/40/40
f 55/8/8 111/79/77 112/80/78 12/9/9
f 12/9/9 112/80/78 113/81/79 114/82/80
f 13/83/81 1803/84/82 1804/85/83 127/86/84
f 128/87/85 129/88/86 1803/84/82 13/83/81
f 13/83/81 127/86/84 130/89/87 128/87/85
f 14/90/88 131/91/89 132/92/90 133/93/91
f 136/94/92 131/91/89 14/90/88 135/95/93
f 14/90/88 2142/96/94 134/97/95 135/95/93
f 137/98/96 138/99/97 139/100/98 15/101/99
f 15/101/99 139/100/98 140/102/100 141/103/101
f 16/104/102 142/105/103 143/106/104 18/107/105
f 18/107/105 95/62/62 144/108/106 16/104/102
f 16/104/102 144/108/106 107/75/73 142/105/103
f 17/109/107 145/110/108 146/111/109
f 147/112/110 148/113/111 145/110/108 17/109/107
f 146/111/109 149/114/112 150/115/113 17/109/107
f 143/106/104 151/116/114 152/117/115 18/107/105
f 18/107/105 152/117/115 153/118/116 154/119/117
f 155/120/118 156/121/119 157/122/120 19/123/121
f 19/123/121 158/124/122 159/125/123
f 157/122/120 160/126/124 158/124/122 19/123/121
f 161/127/125 162/128/126 163/129/127 20/130/128
f 1797/131/129 164/132/130 165/133/131 1796/134/132
f 1797/131/129 163/129/127 167/135/133 164/132/130
f 168/136/134 169/137/135 33/138/136 21/21/21
f 33/138/136 170/139/137 64/22/22 21/21/21
f 1779/140/138 171/141/139 172/142/140 173/143/141
f 2149/144/142 223/145/143 175/146/144 2148/147/145
f 23/148/146 176/149/147 163/129/127 162/128/126
f 23/148/146 177/150/148 168/136/134 176/149/147
f 23/148/146 162/128/126 178/151/149 177/150/148
f 179/152/150 180/153/151 181/154/152 2128/155/153
f 182/156/154 2127/157/155 2128/155/153 24/158/156
f 24/158/156 1815/159/157 182/156/154
f 181/154/152 30/160/158 186/161/159 24/158/156
f 25/162/160 187/163/161 188/164/162 189/165/163
f 25/162/160 190/166/164 191/167/165 192/168/166
f 192/168/166 193/169/167 187/163/161 25/162/160
f 26/170/168 2146/171/169 1802/172/170 194/173/171
f 27/174/172 196/175/173 197/176/174 198/177/175
f 27/174/172 199/178/176 200/179/177 196/175/173
f 27/174/172 198/177/175 201/180/178 199/178/176
f 28/181/179 202/182/180 203/183/181 1011/184/182
f 1011/184/182 1013/185/183 204/186/184 28/181/179
f 204/186/184 205/187/185 206/188/186 28/181/179
f 207/189/187 208/190/188 202/182/180 28/181/179
f 206/188/186 209/191/189 207/189/187 28/181/179
f 29/192/190 210/193/191 2103/194/192 2104/195/193
f 2105/196/194 29/192/190 2104/195/193
f 2106/197/195 215/198/196 29/192/190 2105/196/194
f 215/198/196 216/199/197 32/200/198 29/192/190
f 219/201/199 222/202/200 2150/203/201
f 222/202/200 223/145/143 2149/144/142 2150/203/201
f 219/201/199 220/204/202 221/205/203 222/202/200
f 224/206/204 40/207/205 186/161/159 30/160/158
f 30/160/158 181/154/152 225/208/206 224/206/204
f 31/209/207 226/210/208 227/211/209 228/212/210
f 228/212/210 229/213/211 31/209/207
f 31/209/207 230/214/212 231/215/213 226/210/208
f 32/200/198 232/216/214 210/193/191 29/192/190
f 216/199/197 233/217/215 232/216/214 32/200/198
f 169/137/135 36/218/216 234/219/217 33/138/136
f 33/138/136 235/220/218 236/221/219 170/139/137
f 234/219/217 235/220/218 33/138/136
f 238/222/220 239/223/221 240/224/222 34/225/223
f 34/225/223 43/226/224 241/227/225 238/222/220
f 34/225/223 240/224/222 242/228/226 243/229/227
f 243/229/227 244/230/228 43/226/224 34/225/223
f 35/231/229 1847/232/230 2080/233/231 246/234/232
f 169/137/135 201/180/178 198/177/175 36/218/216
f 36/218/216 197/176/174 251/235/233 234/219/217
f 1140/236/234 1141/237/235 254/238/236 37/239/237
f 254/238/236 255/240/238 253/241/239 37/239/237
f 214/242/240 256/243/241 257/244/242 38/245/243
f 2107/246/244 260/247/245 2106/197/195 38/245/243
f 2109/248/246 261/249/247 258/250/248 38/245/243
f 260/247/245 262/251/249 215/198/196 2106/197/195
f 263/252/250 264/253/251 265/254/252 39/255/253
f 39/255/253 265/254/252 266/256/254 40/207/205
f 224/206/204 263/252/250 39/255/253 40/207/205
f 186/161/159 41/257/255 267/258/256
f 266/256/254 268/259/257 41/257/255 40/207/205
f 268/259/257 269/260/258 267/258/256 41/257/255
f 270/261/259 271/262/260 272/263/261 42/264/262
f 42/264/262 230/214/212 270/261/259
f 273/265/263 231/215/213 230/214/212 42/264/262
f 244/230/228 274/266/264 275/267/265 43/226/224
f 43/226/224 275/267/265 276/268/266 277/269/267
f 44/270/268 278/271/269 279/272/270 280/273/271
f 244/230/228 243/229/227 278/271/269 44/270/268
f 44/270/268 280/273/271 274/266/264 244/230/228
f 45/274/272 281/275/273 282/276/274 283/277/275
f 45/274/272 283/277/275 284/278/276 285/279/277
f 45/274/272 285/279/277 286/280/278 281/275/273
f 46/281/279 287/282/280 288/283/281 289/284/282
f 46/281/279 289/284/282 290/285/283 291/286/284
f 291/286/284 292/287/285 287/282/280 46/281/279
f 293/288/286 294/289/287 295/290/288 47/291/289
f 47/291/289 295/290/288 296/292/290 297/293/291
f 47/291/289 297/293/291 298/294/292 293/288/286
f 299/295/293 300/296/294 301/297/295 48/298/296
f 48/298/296 301/297/295 302/299/297 344/300/298
f 303/301/299 304/302/300 299/295/293 48/298/296
f 304/302/300 303/301/299 305/303/301 306/304/302
f 306/304/302 1839/305/303 1840/306/304 304/302/300
f 304/302/300 1840/306/304 1841/307/305 299/295/293
f 309/308/306 308/309/307 1832/310/308 1833/311/309
f 311/312/310 312/313/311 1834/314/312 1833/311/309
f 309/308/306 313/315/313 1842/316/314 1841/307/305
f 312/313/311 314/317/315 1835/318/316 1834/314/312
f 313/315/313 315/319/317 1843/320/318 1842/316/314
f 317/321/319 301/297/295 300/296/294 316/322/320
f 315/319/317 318/323/321 1844/324/322 1843/320/318
f 316/322/320 319/325/323 320/326/324 317/321/319
f 320/326/324 321/327/325 322/328/326 317/321/319
f 319/325/323 2093/329/327 2094/330/328 320/326/324
f 321/327/325 320/326/324 2094/330/328
f 324/331/329 323/332/330 325/333/331 326/334/332
f 326/334/332 287/282/280 292/287/285 324/331/329
f 326/334/332 2101/335/333 327/336/334 328/337/335
f 328/337/335 288/283/281 287/282/280 326/334/332
f 328/337/335 327/336/334 329/338/336 330/339/337
f 330/339/337 331/340/338 288/283/281 328/337/335
f 332/341/339 333/342/340 334/343/341 331/340/338
f 331/340/338 334/343/341 289/284/282 288/283/281
f 331/340/338 330/339/337 335/344/342 332/341/339
f 223/145/143 222/202/200 332/341/339 335/344/342
f 330/339/337 329/338/336 195/345/343 335/344/342
f 335/344/342 195/345/343 175/146/144 223/145/143
f 334/343/341 333/342/340 336/346/344 337/347/345
f 334/343/341 337/347/345 290/285/283 289/284/282
f 337/347/345 338/348/346 290/285/283
f 338/348/346 337/347/345 663/349/347 339/350/348
f 338/348/346 339/350/348 340/351/349 341/352/350
f 338/348/346 341/352/350 291/286/284 290/285/283
f 340/351/349 322/328/326 321/327/325 341/352/350
f 341/352/350 321/327/325 292/287/285 291/286/284
f 340/351/349 339/350/348 302/299/297 322/328/326
f 342/353/351 344/300/298 302/299/297 339/350/348
f 344/300/298 342/353/351 666/354/352 343/355/353
f 343/355/353 297/293/291 296/292/290 344/300/298
f 296/292/290 303/301/299 48/298/296 344/300/298
f 343/355/353 298/294/292 297/293/291
f 345/356/354 346/357/355 298/294/292 343/355/353
f 346/357/355 345/356/354 347/358/356
f 346/357/355 347/358/356 348/359/357 349/360/358
f 346/357/355 349/360/358 293/288/286 298/294/292
f 349/360/358 348/359/357 350/361/359 351/362/360
f 351/362/360 2075/363/361 349/360/358
f 351/362/360 350/361/359 352/364/362 353/365/363
f 351/362/360 353/365/363 2074/366/364 2075/363/361
f 353/365/363 355/367/365 2073/368/366 2074/366/364
f 354/369/367 356/370/368 306/304/302 305/303/301
f 305/303/301 295/290/288 294/289/287 354/369/367
f 355/367/365 1837/371/369 2072/372/370 2073/368/366
f 356/370/368 1838/373/371 1839/305/303 306/304/302
f 357/374/372 1829/375/373 2070/376/374 2071/377/375
f 358/378/376 1830/379/377 1831/380/378 307/381/379
f 360/382/380 362/383/381 363/384/382 361/385/383
f 363/384/382 364/386/384 310/387/385 361/385/383
f 310/387/385 1832/310/308 1831/380/378 361/385/383
f 364/386/384 363/384/382 365/388/386 366/389/387
f 366/389/387 2061/390/388 368/391/389 364/386/384
f 364/386/384 368/391/389 311/312/310 310/387/385
f 2062/392/390 370/393/391 368/391/389 2061/390/388
f 368/391/389 370/393/391 312/313/311 311/312/310
f 370/393/391 2062/392/390 372/394/392
f 370/393/391 372/394/392 314/317/315 312/313/311
f 1846/395/393 375/396/394 314/317/315 372/394/392
f 318/323/321 315/319/317 1835/318/316 375/396/394
f 377/397/395 2088/398/396 2089/399/397 376/400/398
f 376/400/398 378/401/399 379/402/400 377/397/395
f 377/397/395 379/402/400 245/403/401 247/404/402
f 378/401/399 380/405/403 381/406/404 379/402/400
f 379/402/400 381/406/404 382/407/405 245/403/401
f 381/406/404 384/408/406 70/32/32 382/407/405
f 382/407/405 70/32/32 69/30/30 383/409/407
f 384/408/406 381/406/404 380/405/403 385/410/408
f 385/410/408 386/411/409 387/412/410 384/408/406
f 384/408/406 387/412/410 71/33/33 70/32/32
f 386/413/409 388/414/411 389/415/412 387/416/410
f 387/416/410 389/415/412 72/417/34 71/418/33
f 389/415/412 390/419/413 391/420/414 72/417/34
f 388/414/411 392/421/415 390/419/413 389/415/412
f 393/422/416 394/423/417 390/419/413 392/421/415
f 388/414/411 395/424/418 396/425/419 392/421/415
f 392/421/415 396/425/419 397/426/420 393/422/416
f 398/427/421 399/428/422 393/422/416 397/426/420
f 396/425/419 400/429/423 401/430/424 397/426/420
f 397/426/420 401/430/424 402/431/425 398/427/421
f 403/432/426 404/433/427 398/427/421 402/431/425
f 401/430/424 405/434/428 406/435/429 402/431/425
f 402/431/425 406/435/429 407/436/430 403/432/426
f 408/437/431 409/438/432 403/432/426 407/436/430
f 406/435/429 153/118/116 410/439/433 407/436/430
f 407/436/430 410/439/433 411/440/434 408/437/431
f 412/441/435 413/442/436 408/437/431 411/440/434
f 411/440/434 410/439/433 414/443/437 415/444/438
f 411/440/434 415/444/438 417/445/439 412/441/435
f 418/446/440 416/447/441 412/441/435 417/445/439
f 418/446/440 417/445/439 1121/448/442 419/449/443
f 420/450/444 516/451/445 418/446/440 419/449/443
f 419/449/443 1113/452/446 422/453/447 420/450/444
f 420/450/444 422/453/447 423/454/448 421/455/449
f 424/456/450 512/457/451 421/455/449 423/454/448
f 423/454/448 1122/458/452 426/459/453 424/456/450
f 424/456/450 426/459/453 427/460/454 425/461/455
f 428/462/456 508/463/457 425/461/455 427/460/454
f 427/460/454 430/464/458 431/465/459 428/462/456
f 428/462/456 431/465/459 432/466/460 429/467/461
f 433/468/462 504/469/463 429/467/461 432/466/460
f 431/465/459 434/470/464 435/471/465 432/466/460
f 432/466/460 435/471/465 436/472/466 433/468/462
f 437/473/467 438/474/468 433/468/462 436/472/466
f 435/471/465 439/475/469 440/476/470 436/472/466
f 436/472/466 440/476/470 441/477/471 437/473/467
f 442/478/472 443/479/473 437/473/467 441/477/471
f 440/476/470 444/480/474 445/481/475 441/477/471
f 441/477/471 445/481/475 446/482/476 442/478/472
f 447/483/477 448/484/478 442/478/472 446/482/476
f 445/481/475 2136/485/479 2137/486/480 446/482/476
f 446/482/476 2137/486/480 447/483/477
f 452/487/481 453/488/482 447/483/477 451/489/483
f 450/490/484 454/491/485 455/492/486 451/489/483
f 451/489/483 455/492/486 456/493/487 452/487/481
f 457/494/488 458/495/489 452/487/481 456/493/487
f 455/492/486 459/496/490 460/497/491 456/493/487
f 460/497/491 461/498/492 457/494/488 456/493/487
f 461/498/492 462/499/493 463/500/494 457/494/488
f 461/498/492 460/497/491 464/501/495 465/502/496
f 465/502/496 466/503/497 462/499/493 461/498/492
f 466/503/497 467/504/498 468/505/499 462/499/493
f 466/503/497 465/502/496 469/506/500
f 469/506/500 470/507/501 467/504/498 466/503/497
f 470/507/501 471/508/502 467/504/498
f 470/507/501 469/506/500 1135/509/503 472/510/504
f 472/510/504 474/511/505 473/512/506 470/507/501
f 476/513/507 475/514/508 118/515/509
f 253/241/239 1147/516/510 1195/517/511
f 1150/518/512 1152/519/513 1153/520/514
f 1137/521/515 1138/522/516 474/511/505
f 253/241/239 1195/517/511 475/514/508
f 1195/517/511 1196/523/517 475/514/508
f 1153/520/514 1195/517/511 1147/516/510
f 477/524/518 118/515/509 119/525/519
f 477/524/518 476/513/507 118/515/509
f 592/526/520 593/527/521 590/528/522
f 476/513/507 473/512/506 474/511/505 475/514/508
f 476/513/507 477/524/518 478/529/523 473/512/506
f 473/512/506 478/529/523 479/530/524
f 479/530/524 478/529/523 480/531/525 481/532/526
f 481/532/526 482/533/527 471/508/502 479/530/524
f 479/530/524 471/508/502 470/507/501 473/512/506
f 482/533/527 481/532/526 483/534/528 484/535/529
f 484/535/529 485/536/530 468/505/499 482/533/527
f 482/533/527 468/505/499 467/504/498 471/508/502
f 485/536/530 484/535/529 486/537/531 487/538/532
f 487/538/532 488/539/533 463/500/494 485/536/530
f 485/536/530 463/500/494 462/499/493 468/505/499
f 487/538/532 489/540/534 490/541/535 488/539/533
f 488/539/533 490/541/535 491/542/536 458/495/489
f 458/495/489 457/494/488 463/500/494 488/539/533
f 490/541/535 492/543/537 493/544/538 491/542/536
f 491/542/536 493/544/538 494/545/539 453/488/482
f 453/488/482 452/487/481 458/495/489 491/542/536
f 493/544/538 495/546/540 496/547/541 494/545/539
f 494/545/539 496/547/541 497/548/542 448/484/478
f 448/484/478 447/483/477 453/488/482 494/545/539
f 496/547/541 498/549/543 499/550/544 497/548/542
f 497/548/542 499/550/544 500/551/545 443/479/473
f 443/479/473 442/478/472 448/484/478 497/548/542
f 499/550/544 501/552/546 502/553/547 500/551/545
f 500/551/545 502/553/547 503/554/548 438/474/468
f 438/474/468 437/473/467 443/479/473 500/551/545
f 504/469/463 433/468/462 438/474/468 503/554/548
f 503/554/548 505/555/549 506/556/550 504/469/463
f 504/469/463 506/556/550 507/557/551 429/467/461
f 508/463/457 428/462/456 429/467/461 507/557/551
f 507/557/551 509/558/552 510/559/553 508/463/457
f 508/463/457 510/559/553 511/560/554 425/461/455
f 512/457/451 424/456/450 425/461/455 511/560/554
f 512/457/451 511/560/554 513/561/555 514/562/556
f 512/457/451 514/562/556 515/563/557 421/455/449
f 516/451/445 420/450/444 421/455/449 515/563/557
f 516/451/445 515/563/557 517/564/558 518/565/559
f 516/451/445 518/565/559 416/447/441 418/446/440
f 518/565/559 519/566/560 520/567/561 416/447/441
f 521/568/562 522/569/563 413/442/436 520/567/561
f 413/442/436 412/441/435 416/447/441 520/567/561
f 522/569/563 521/568/562 523/570/564 524/571/565
f 524/571/565 525/572/566 409/438/432 522/569/563
f 409/438/432 408/437/431 413/442/436 522/569/563
f 525/572/566 524/571/565 526/573/567 527/574/568
f 525/572/566 527/574/568 528/575/569 404/433/427
f 404/433/427 403/432/426 409/438/432 525/572/566
f 527/574/568 529/576/570 530/577/571 528/575/569
f 528/575/569 530/577/571 531/578/572 399/428/422
f 399/428/422 398/427/421 404/433/427 528/575/569
f 530/577/571 532/579/573 533/580/574 531/578/572
f 531/578/572 533/580/574 534/581/575 394/423/417
f 394/423/417 393/422/416 399/428/422 531/578/572
f 533/580/574 535/582/576 536/583/577 534/581/575
f 536/583/577 537/584/578 391/420/414 534/581/575
f 391/420/414 390/419/413 394/423/417 534/581/575
f 537/584/578 536/583/577 538/585/579 539/586/580
f 539/587/580 68/588/581 67/28/28 537/589/578
f 537/584/578 67/590/28 72/417/34 391/420/414
f 539/587/580 538/591/579 540/592/582 541/593/583
f 541/593/583 542/594/584 68/588/581 539/587/580
f 2081/595/585 544/596/586 2099/597/587 2098/598/588
f 383/409/407 69/30/30 2095/29/29 2096/599/589
f 2082/600/590 543/601/591 544/596/586 2081/595/585
f 543/601/591 2082/600/590 2083/602/592 194/173/171
f 1800/603/593 327/336/334 2101/335/333 2100/604/594
f 1801/605/595 329/338/336 327/336/334 1800/603/593
f 1802/172/170 195/345/343 329/338/336 1801/605/595
f 2084/606/596 26/170/168 194/173/171 2083/602/592
f 540/592/582 538/591/579 172/607/140 171/608/139
f 536/583/577 535/582/576 172/142/140 538/585/579
f 545/609/597 173/143/141 172/142/140 535/582/576
f 535/582/576 533/580/574 532/579/573 545/609/597
f 546/610/598 547/611/599 173/143/141 545/609/597
f 545/609/597 532/579/573 548/612/600 546/610/598
f 548/612/600 549/613/601 550/614/602 546/610/598
f 532/579/573 530/577/571 529/576/570 548/612/600
f 529/576/570 551/615/603 549/613/601 548/612/600
f 551/615/603 554/616/604 552/617/605 549/613/601
f 551/615/603 529/576/570 527/574/568 526/573/567
f 526/573/567 553/618/606 554/616/604 551/615/603
f 553/618/606 526/573/567 524/571/565 523/570/564
f 523/570/564 555/619/607 556/620/608 553/618/606
f 521/568/562 557/621/609 555/619/607 523/570/564
f 558/622/610 559/623/611 555/619/607 557/621/609
f 557/621/609 521/568/562 520/567/561 519/566/560
f 557/621/609 519/566/560 560/624/612 558/622/610
f 560/624/612 561/625/613 562/626/614 558/622/610
f 560/624/612 519/566/560 518/565/559 517/564/558
f 517/564/558 563/627/615 561/625/613 560/624/612
f 563/627/615 564/628/616 565/629/617 561/625/613
f 517/564/558 515/563/557 514/562/556 563/627/615
f 514/562/556 513/561/555 564/628/616 563/627/615
f 513/561/555 567/630/618 566/631/619 564/628/616
f 567/630/618 513/561/555 511/560/554 510/559/553
f 567/630/618 510/559/553 509/558/552 568/632/620
f 569/633/621 611/634/622 568/632/620 509/558/552
f 509/558/552 507/557/551 506/556/550 569/633/621
f 569/633/621 506/556/550 505/555/549 570/635/623
f 571/636/624 608/637/625 570/635/623 505/555/549
f 505/555/549 503/554/548 502/553/547 571/636/624
f 571/636/624 502/553/547 501/552/546 572/638/626
f 573/639/627 605/640/628 572/638/626 501/552/546
f 501/552/546 499/550/544 498/549/543 573/639/627
f 573/639/627 498/549/543 575/641/629 574/642/630
f 576/643/631 602/644/632 574/642/630 575/641/629
f 498/549/543 496/547/541 495/546/540 575/641/629
f 575/641/629 495/546/540 577/645/633 576/643/631
f 578/646/634 579/647/635 576/643/631 577/645/633
f 495/546/540 493/544/538 492/543/537 577/645/633
f 577/645/633 492/543/537 580/648/636 578/646/634
f 581/649/637 582/650/638 578/646/634 580/648/636
f 492/543/537 490/541/535 489/540/534 580/648/636
f 580/648/636 489/540/534 583/651/639 581/649/637
f 584/652/640 585/653/641 581/649/637 583/651/639
f 583/651/639 489/540/534 487/538/532 486/537/531
f 486/537/531 586/654/642 584/652/640 583/651/639
f 586/654/642 587/655/643 588/656/644 584/652/640
f 586/654/642 486/537/531 484/535/529 483/534/528
f 483/534/528 589/657/645 587/655/643 586/654/642
f 589/657/645 590/528/522 591/658/646 587/655/643
f 589/657/645 483/534/528 481/532/526 480/531/525
f 480/531/525 592/526/520 590/528/522 589/657/645
f 480/531/525 478/529/523 477/524/518 592/526/520
f 1154/659/647 1155/660/648 475/514/508
f 1196/523/517 1154/659/647 475/514/508
f 117/661/649 118/515/509 475/514/508
f 1155/660/648 117/661/649 475/514/508
f 1077/662/650 1139/663/651 1138/522/516
f 1140/236/234 474/511/505 1138/522/516
f 1076/664/652 1139/663/651 1077/662/650
f 37/239/237 253/241/239 475/514/508
f 474/511/505 1140/236/234 475/514/508
f 1140/236/234 37/239/237 475/514/508
f 593/527/521 591/658/646 590/528/522
f 1139/663/651 1140/236/234 1138/522/516
f 1147/516/510 1150/518/512 1153/520/514
f 116/665/653 593/527/521 592/526/520
f 474/511/505 472/510/504 1137/521/515
f 116/665/653 594/666/654 588/656/644 593/527/521
f 588/656/644 587/655/643 591/658/646 593/527/521
f 116/665/653 115/667/655 595/668/656 594/666/654
f 595/668/656 596/669/657 585/653/641 594/666/654
f 594/666/654 585/653/641 584/652/640 588/656/644
f 595/668/656 597/670/658 598/671/659 596/669/657
f 596/669/657 598/671/659 599/672/660 582/650/638
f 582/650/638 581/649/637 585/653/641 596/669/657
f 598/671/659 600/673/661 601/674/662 599/672/660
f 601/674/662 149/114/112 579/647/635 599/672/660
f 579/647/635 578/646/634 582/650/638 599/672/660
f 149/114/112 601/674/662 150/115/113
f 602/644/632 576/643/631 579/647/635 149/114/112
f 149/114/112 146/111/109 603/675/663 602/644/632
f 602/644/632 603/675/663 604/676/664 574/642/630
f 605/640/628 573/639/627 574/642/630 604/676/664
f 604/676/664 1201/677/665 606/678/666 605/640/628
f 605/640/628 606/678/666 607/679/667 572/638/626
f 608/637/625 571/636/624 572/638/626 607/679/667
f 607/679/667 1204/680/668 609/681/669 608/637/625
f 608/637/625 609/681/669 610/682/670 570/635/623
f 611/634/622 569/633/621 570/635/623 610/682/670
f 610/682/670 1207/683/671 612/684/672 611/634/622
f 612/684/672 613/685/673 568/632/620 611/634/622
f 613/685/673 614/686/674 566/631/619
f 566/631/619 567/630/618 568/632/620 613/685/673
f 613/685/673 1210/687/675 615/688/676 614/686/674
f 615/688/676 616/689/677 565/629/617 614/686/674
f 614/686/674 565/629/617 564/628/616 566/631/619
f 615/688/676 617/690/678 618/691/679 616/689/677
f 616/689/677 618/691/679 619/692/680 562/626/614
f 562/626/614 561/625/613 565/629/617 616/689/677
f 618/691/679 620/693/681 621/694/682 619/692/680
f 621/694/682 622/695/683 559/623/611 619/692/680
f 559/623/611 558/622/610 562/626/614 619/692/680
f 622/695/683 621/694/682 623/696/684 624/697/685
f 624/697/685 625/698/686 556/620/608 622/695/683
f 556/620/608 555/619/607 559/623/611 622/695/683
f 624/697/685 626/699/687 627/700/688 625/698/686
f 627/700/688 552/617/605 554/616/604 625/698/686
f 625/698/686 554/616/604 553/618/606 556/620/608
f 627/700/688 628/701/689 629/702/690 552/617/605
f 629/702/690 630/703/691 631/704/692 550/614/602
f 629/702/690 550/614/602 549/613/601 552/617/605
f 630/703/691 1776/705/693 1777/706/694 631/704/692
f 631/704/692 1777/706/694 1778/707/695 547/611/599
f 631/704/692 547/611/599 546/610/598 550/614/602
f 1774/708/696 635/709/697 636/710/698 1773/711/699
f 1773/712/699 636/713/698 174/714/700 1772/715/701
f 1779/140/138 173/143/141 547/611/599 1778/707/695
f 635/709/697 637/716/702 638/717/703 636/710/698
f 636/713/698 638/718/703 217/719/704 174/714/700
f 637/716/702 639/720/705 640/721/706 638/717/703
f 640/722/706 218/723/707 217/719/704 638/718/703
f 639/720/705 641/724/708 642/725/709 640/721/706
f 640/722/706 642/726/709 643/727/710 218/723/707
f 218/723/707 646/728/711 220/204/202 219/201/199
f 643/727/710 642/726/709 644/729/712 645/730/713
f 645/730/713 647/731/714 648/732/715 646/728/711
f 648/732/715 658/733/716 659/734/717 646/728/711
f 648/732/715 647/731/714 649/735/718
f 649/735/718 1236/736/719 650/737/720 648/732/715
f 650/737/720 651/738/721 658/733/716 648/732/715
f 651/738/721 650/737/720 652/739/722 653/740/723
f 249/741/724 654/742/725 655/743/726 653/740/723
f 656/744/727 651/738/721 653/740/723 655/743/726
f 657/745/728 658/733/716 651/738/721 656/744/727
f 658/733/716 657/745/728 1330/746/729 659/734/717
f 659/734/717 660/747/730 220/204/202 646/728/711
f 661/748/731 221/205/203 220/204/202 660/747/730
f 661/748/731 336/346/344 333/342/340 221/205/203
f 662/749/732 663/349/347 336/346/344 661/748/731
f 663/349/347 337/347/345 336/346/344
f 664/750/733 342/353/351 339/350/348 663/349/347
f 665/751/734 666/354/352 342/353/351 664/750/733
f 667/752/735 345/356/354 343/355/353 666/354/352
f 345/356/354 667/752/735 1336/753/736 668/754/737
f 668/754/737 669/755/738 670/756/739
f 670/756/739 347/358/356 345/356/354 668/754/737
f 670/756/739 669/755/738 671/757/740 672/758/741
f 672/758/741 348/359/357 347/358/356 670/756/739
f 672/758/741 671/757/740 673/759/742 674/760/743
f 674/760/743 350/361/359 348/359/357 672/758/741
f 674/760/743 673/759/742 675/761/744 676/762/745
f 676/762/745 352/364/362 350/361/359 674/760/743
f 675/761/744 677/763/746 678/764/747 676/762/745
f 676/762/745 678/764/747 679/765/748 352/364/362
f 678/764/747 1836/766/749 679/765/748
f 681/767/750 357/374/372 1837/371/369 1836/766/749
f 355/367/365 353/365/363 352/364/362 679/765/748
f 680/768/751 1828/769/752 681/767/750
f 681/767/750 1828/769/752 1829/375/373 357/374/372
f 682/770/753 684/771/754 685/772/755 683/773/756
f 683/773/756 685/772/755 686/774/757 359/775/758
f 685/772/755 687/776/759 688/777/760 686/774/757
f 686/774/757 688/777/760 689/778/761 362/383/381
f 362/383/381 360/382/380 359/775/758 686/774/757
f 688/777/760 690/779/762 691/780/763 689/778/761
f 691/780/763 2060/781/764 365/388/386 689/778/761
f 689/778/761 365/388/386 363/384/382 362/383/381
f 692/782/765 691/780/763 693/783/766 694/784/767
f 694/784/767 696/785/768 2076/786/769 692/782/765
f 366/389/387 365/388/386 2060/781/764
f 695/787/770 697/788/771 698/789/772 696/785/768
f 697/788/771 699/790/773 700/791/774 698/789/772
f 699/790/773 701/792/775 702/793/776 700/791/774
f 700/791/774 702/793/776 371/794/777 369/795/778
f 701/792/775 703/796/779 704/797/780 702/793/776
f 702/793/776 704/797/780 373/798/781 371/794/777
f 703/796/779 705/799/782 706/800/783 704/797/780
f 704/797/780 706/800/783 376/400/398 2089/399/397
f 705/799/782 707/801/784 708/802/785 706/800/783
f 706/800/783 708/802/785 378/401/399 376/400/398
f 707/801/784 709/803/786 710/804/787 708/802/785
f 708/802/785 710/804/787 380/405/403 378/401/399
f 709/803/786 711/805/788 712/806/789 710/804/787
f 710/804/787 712/806/789 385/410/408 380/405/403
f 711/807/788 713/808/790 714/809/791 712/810/789
f 712/810/789 714/809/791 386/413/409 385/811/408
f 713/808/790 715/812/792 395/424/418 714/809/791
f 714/809/791 395/424/418 388/414/411 386/413/409
f 715/812/792 400/429/423 396/425/419 395/424/418
f 715/812/792 713/808/790 98/65/65 97/64/64
f 715/812/792 97/64/64 99/66/66 400/429/423
f 713/808/790 711/807/788 716/813/793 98/65/65
f 711/805/788 709/803/786 717/814/794 716/815/793
f 716/815/793 717/814/794 718/816/795 719/817/796
f 719/818/796 90/56/56 98/65/65 716/813/793
f 719/817/796 718/816/795 720/819/797 721/820/798
f 721/821/798 91/57/57 90/56/56 719/818/796
f 720/819/797 722/822/799 723/823/800 721/820/798
f 721/821/798 723/824/800 724/825/801 91/57/57
f 723/824/800 725/826/802 726/827/803 724/825/801
f 726/827/803 727/828/804 728/829/805 724/825/801
f 728/829/805 92/58/58 91/57/57 724/825/801
f 727/828/804 729/830/806 730/831/807 728/829/805
f 730/831/807 93/60/60 92/58/58 728/829/805
f 730/831/807 729/830/806 79/42/42 78/41/41
f 78/41/41 77/40/40 93/60/60 730/831/807
f 727/828/804 1393/832/808 731/833/809 729/830/806
f 729/830/806 731/833/809 732/834/810 79/42/42
f 733/835/811 73/36/36 79/42/42 732/834/810
f 734/836/812 74/37/37 73/36/36 733/835/811
f 735/837/813 736/838/814 74/37/37 734/836/812
f 736/838/814 104/72/70 75/38/38 74/37/37
f 736/838/814 735/837/813 1402/839/815 737/840/816
f 737/840/816 738/841/817 104/72/70 736/838/814
f 738/841/817 739/842/818 105/73/71 104/72/70
f 738/841/817 737/840/816 740/843/819 741/844/820
f 741/844/820 742/845/821 739/842/818 738/841/817
f 742/845/821 743/846/822 744/847/823 739/842/818
f 742/845/821 741/844/820 57/11/11 56/10/10
f 56/10/10 12/9/9 743/846/822 742/845/821
f 744/847/823 745/848/824 746/849/825 106/74/72
f 106/74/72 105/73/71 739/842/818 744/847/823
f 743/846/822 747/850/826 745/848/824 744/847/823
f 747/850/826 748/851/827 1120/852/828 745/848/824
f 743/846/822 12/9/9 114/82/80 747/850/826
f 747/850/826 114/82/80 748/851/827
f 114/82/80 113/81/79 750/853/829 748/851/827
f 750/853/829 751/854/830 749/855/831 748/851/827
f 751/854/830 752/856/832 1116/857/833 749/855/831
f 752/856/832 751/854/830 754/858/834 755/859/835
f 755/859/835 756/860/836 753/861/837 752/856/832
f 757/862/838 1112/863/839 753/861/837 756/860/836
f 755/859/835 758/864/840 759/865/841 756/860/836
f 756/860/836 759/865/841 760/866/842 757/862/838
f 760/866/842 765/867/843 761/868/844 757/862/838
f 760/866/842 759/865/841 2110/869/845 2111/870/846
f 765/867/843 760/866/842 2111/870/846
f 764/871/847 763/872/848 2138/873/849 766/874/850
f 766/874/850 767/875/851 768/876/852 764/871/847
f 2129/877/853 767/875/851 766/874/850 2112/878/854
f 2130/879/855 772/880/856 767/875/851 2129/877/853
f 770/881/857 769/882/858 773/883/859 774/884/860
f 774/884/860 775/885/861 771/886/862 770/881/857
f 775/885/861 776/887/863 777/888/864 771/886/862
f 775/885/861 774/884/860 778/889/865 779/890/866
f 779/890/866 780/891/867 776/887/863 775/885/861
f 780/891/867 781/892/868 782/893/869 776/887/863
f 780/891/867 779/890/866 60/14/14 783/894/870
f 783/894/870 784/895/871 781/892/868 780/891/867
f 784/895/871 785/896/872 786/897/873 781/892/868
f 784/895/871 783/894/870 787/898/874 788/899/875
f 788/899/875 53/5/5 785/896/872 784/895/871
f 788/899/875 787/898/874 789/900/876 790/901/877
f 790/901/877 54/6/6 53/5/5 788/899/875
f 789/900/876 791/902/878 792/903/879 790/901/877
f 792/903/879 793/904/880 54/6/6 790/901/877
f 793/905/880 792/906/879 794/907/881 795/908/882
f 795/908/882 240/224/222 239/223/221 793/905/880
f 793/904/880 239/909/221 1/4/4 54/6/6
f 795/908/882 794/907/881 796/910/883 797/911/884
f 797/911/884 242/228/226 240/224/222 795/908/882
f 797/911/884 796/910/883 170/139/137 236/221/219
f 236/221/219 798/912/885 242/228/226 797/911/884
f 798/912/885 236/221/219 235/220/218 799/913/886
f 799/913/886 279/272/270 278/271/269 798/912/885
f 278/271/269 243/229/227 242/228/226 798/912/885
f 799/913/886 237/914/887 800/915/888 279/272/270
f 801/916/889 803/917/890 804/918/891
f 804/918/891 805/919/892 802/920/893 801/916/889
f 806/921/894 807/922/895 802/920/893 805/919/892
f 805/919/892 804/918/891 808/923/896 809/924/897
f 805/919/892 809/924/897 810/925/898 806/921/894
f 814/926/899 811/927/900 806/921/894 810/925/898
f 810/925/898 809/924/897 812/928/901 813/929/902
f 813/929/902 816/930/903 814/926/899 810/925/898
f 816/930/903 813/929/902 815/931/904
f 816/930/903 1768/932/905 818/933/906 817/934/907
f 820/935/908 821/936/909 819/937/910 818/933/906
f 821/936/909 823/938/911 824/939/912 822/940/913
f 824/939/912 1334/941/914 826/942/915 825/943/916
f 827/944/917 863/945/918 825/943/916 826/942/915
f 826/942/915 1769/946/919 828/947/920 827/944/917
f 829/948/921 861/949/922 827/944/917 828/947/920
f 828/947/920 1329/950/923 830/951/924 829/948/921
f 831/952/925 860/953/926 829/948/921 830/951/924
f 830/951/924 657/745/728 656/744/727 831/952/925
f 831/952/925 832/954/927 858/955/928 860/953/926
f 832/954/927 831/952/925 656/744/727 655/743/726
f 833/956/929 855/957/930 858/955/928 832/954/927
f 832/954/927 655/743/726 834/958/931 833/956/929
f 835/959/932 853/960/933 833/956/929 834/958/931
f 834/958/931 654/742/725 836/961/934 835/959/932
f 837/962/935 838/963/936 835/959/932 836/961/934
f 654/742/725 249/741/724 248/964/937 836/961/934
f 836/961/934 248/964/937 839/965/938 837/962/935
f 840/966/939 841/967/940 837/962/935 839/965/938
f 845/968/941 844/969/942 846/970/943 847/971/944
f 847/971/944 848/972/945 842/973/946 845/968/941
f 848/972/945 847/971/944 849/974/947 850/975/948
f 848/972/945 850/975/948 851/976/949 841/967/940
f 841/967/940 840/966/939 842/973/946 848/972/945
f 851/976/949 850/975/948 852/977/950
f 851/976/949 852/977/950 853/960/933 838/963/936
f 838/963/936 837/962/935 841/967/940 851/976/949
f 853/960/933 835/959/932 838/963/936
f 854/978/951 855/957/930 833/956/929 853/960/933
f 856/979/952 857/980/953 858/955/928 855/957/930
f 857/980/953 859/981/954 860/953/926 858/955/928
f 859/981/954 861/949/922 829/948/921 860/953/926
f 861/949/922 862/982/955 863/945/918 827/944/917
f 863/945/918 864/983/956 865/984/957 825/943/916
f 822/940/913 824/939/912 825/943/916 865/984/957
f 822/940/913 865/984/957 866/985/958 867/986/959
f 867/986/959 819/937/910 821/936/909 822/940/913
f 819/937/910 867/986/959 868/987/960 869/988/961
f 817/934/907 818/933/906 819/937/910 869/988/961
f 869/988/961 870/989/962 871/990/963 817/934/907
f 871/990/963 872/991/964 811/927/900 814/926/899
f 814/926/899 816/930/903 817/934/907 871/990/963
f 872/991/964 282/276/274 873/992/965 811/927/900
f 811/927/900 873/992/965 874/993/966
f 873/992/965 276/268/266 275/267/265 874/993/966
f 874/993/966 275/267/265 274/266/264 807/922/895
f 807/922/895 806/921/894 811/927/900 874/993/966
f 282/276/274 281/275/273 276/268/266 873/992/965
f 872/991/964 283/277/275 282/276/274
f 872/991/964 875/994/967 284/278/276 283/277/275
f 872/991/964 871/990/963 870/989/962 875/994/967
f 870/989/962 876/995/968 1032/996/969 875/994/967
f 870/989/962 869/988/961 868/987/960 876/995/968
f 867/986/959 866/985/958 877/997/970 868/987/960
f 866/985/958 878/998/971 1028/999/972 877/997/970
f 878/998/971 866/985/958 865/984/957 864/983/956
f 879/1000/973 1026/1001/974 878/998/971 864/983/956
f 864/983/956 863/945/918 862/982/955 879/1000/973
f 862/982/955 880/1002/975 1024/1003/976 879/1000/973
f 880/1002/975 862/982/955 861/949/922 859/981/954
f 859/981/954 857/980/953 881/1004/977 880/1002/975
f 856/979/952 882/1005/978 881/1004/977 857/980/953
f 856/979/952 883/1006/979 1020/1007/980 882/1005/978
f 883/1006/979 856/979/952 855/957/930 854/978/951
f 854/978/951 884/1008/981 1018/1009/982 883/1006/979
f 854/978/951 853/960/933 852/977/950 884/1008/981
f 852/977/950 885/1010/983 1016/1011/984 884/1008/981
f 885/1010/983 852/977/950 850/975/948 849/974/947
f 885/1010/983 849/974/947 886/1012/985
f 886/1012/985 887/1013/986 888/1014/987 885/1010/983
f 886/1012/985 849/974/947 847/971/944 846/970/943
f 846/970/943 889/1015/988 887/1013/986 886/1012/985
f 889/1015/988 890/1016/989 891/1017/990 887/1013/986
f 889/1015/988 846/970/943 844/969/942 843/1018/991
f 843/1018/991 892/1019/992 890/1016/989 889/1015/988
f 892/1019/992 893/1020/993 894/1021/994 890/1016/989
f 62/1022/995 898/1023/996 897/1024/997 896/1025/998
f 902/1026/999 903/1027/1000 899/1028/1001 900/1029/1002
f 842/973/946 1242/1030/1003 250/1031/1004
f 903/1027/1000 897/1024/997 898/1023/996 899/1028/1001
f 1241/1032/1005 1291/1033/1006 893/1020/993
f 1241/1032/1005 1240/1034/1007 1291/1033/1006
f 905/1035/1008 904/1036/1009 906/1037/1010 907/1038/1011
f 907/1038/1011 908/1039/1012 895/1040/1013 905/1035/1008
f 908/1039/1012 907/1038/1011 909/1041/1014 910/1042/1015
f 910/1043/1015 911/1044/1016 894/1021/994 908/1045/1012
f 908/1045/1012 894/1021/994 893/1020/993 895/1046/1013
f 911/1044/1016 910/1043/1015 209/191/189 206/188/186
f 206/188/186 205/187/185 891/1017/990 911/1044/1016
f 911/1044/1016 891/1017/990 890/1016/989 894/1021/994
f 910/1042/1015 909/1041/1014 912/1047/1017 209/1048/189
f 912/1047/1017 916/1049/1018 913/1050/1019 914/1051/1020
f 914/1051/1020 207/1052/187 209/1048/189 912/1047/1017
f 909/1041/1014 915/1053/1021 916/1049/1018 912/1047/1017
f 915/1053/1021 909/1041/1014 907/1038/1011 906/1037/1010
f 906/1037/1010 917/1054/1022 918/1055/1023 915/1053/1021
f 904/1036/1009 124/1056/1024 917/1054/1022 906/1037/1010
f 918/1055/1023 919/1057/1025 920/1058/1026 921/1059/1027
f 921/1059/1027 916/1049/1018 915/1053/1021 918/1055/1023
f 917/1054/1022 922/1060/1028 919/1057/1025 918/1055/1023
f 922/1060/1028 923/1061/1029 924/1062/1030 919/1057/1025
f 922/1060/1028 917/1054/1022 124/1056/1024 123/1063/1031
f 123/1063/1031 122/1064/1032 923/1061/1029 922/1060/1028
f 925/1065/1033 920/1058/1026 919/1057/1025 924/1062/1030
f 923/1061/1029 926/1066/1034 927/1067/1035 924/1062/1030
f 924/1062/1030 927/1067/1035 928/1068/1036 925/1065/1033
f 929/1069/1037 930/1070/1038 925/1065/1033 928/1068/1036
f 927/1067/1035 931/1071/1039 932/1072/1040 928/1068/1036
f 928/1068/1036 932/1072/1040 933/1073/1041 929/1069/1037
f 934/1074/1042 935/1075/1043 929/1069/1037 933/1073/1041
f 932/1072/1040 1260/1076/1044 936/1077/1045 933/1073/1041
f 933/1073/1041 936/1077/1045 937/1078/1046 934/1074/1042
f 938/1079/1047 939/1080/1048 934/1074/1042 937/1078/1046
f 937/1078/1046 936/1077/1045 940/1081/1049
f 937/1078/1046 940/1081/1049 941/1082/1050 938/1079/1047
f 940/1081/1049 942/1083/1051 943/1084/1052 941/1082/1050
f 942/1083/1051 944/1085/1053 945/1086/1054 943/1084/1052
f 944/1085/1053 946/1087/1055 947/1088/1056 945/1086/1054
f 946/1087/1055 948/1089/1057 949/1090/1058 947/1088/1056
f 948/1089/1057 950/1091/1059 951/1092/1060 949/1090/1058
f 951/1092/1060 950/1091/1059 952/1093/1061 953/1094/1062
f 953/1094/1062 952/1093/1061 954/1095/1063 955/1096/1064
f 955/1096/1064 954/1095/1063 956/1097/1065 957/1098/1066
f 956/1097/1065 958/1099/1067 959/1100/1068 957/1098/1066
f 958/1099/1067 960/1101/1069 961/1102/1070 959/1100/1068
f 960/1101/1069 962/1103/1071 963/1104/1072 961/1102/1070
f 962/1103/1071 964/1105/1073 965/1106/1074 963/1104/1072
f 964/1105/1073 966/1107/1075 967/1108/1076 965/1106/1074
f 966/1107/1075 968/1109/1077 969/1110/1078 967/1108/1076
f 968/1109/1077 970/1111/1079 971/1112/1080 969/1110/1078
f 970/1111/1079 972/1113/1081 973/1114/1082 971/1112/1080
f 973/1114/1082 972/1113/1081 189/1115/163 974/1116/1083
f 974/1117/1083 189/165/163 188/164/162 975/1118/1084
f 188/164/162 976/1119/1085 977/1120/1086 975/1118/1084
f 976/1119/1085 978/1121/1087 979/1122/1088 977/1120/1086
f 978/1121/1087 980/1123/1089 981/1124/1090 979/1122/1088
f 980/1123/1089 982/1125/1091 983/1126/1092 981/1124/1090
f 982/1125/1091 984/1127/1093 985/1128/1094 983/1126/1092
f 984/1127/1093 986/1129/1095 987/1130/1096 985/1128/1094
f 986/1129/1095 988/1131/1097 989/1132/1098 987/1130/1096
f 989/1132/1098 988/1131/1097 990/1133/1099 991/1134/1100
f 991/1134/1100 990/1133/1099 992/1135/1101 993/1136/1102
f 993/1136/1102 992/1135/1101 203/183/181 994/1137/1103
f 994/1137/1103 203/183/181 202/182/180 995/1138/1104
f 995/1138/1104 202/182/180 208/190/188 996/1139/1105
f 208/1140/188 997/1141/1106 998/1142/1107 996/1143/1105
f 997/1141/1106 999/1144/1108 1000/1145/1109 998/1142/1107
f 1000/1145/1109 999/1144/1108 1001/1146/1110 1002/1147/1111
f 1002/1147/1111 1001/1146/1110 1003/1148/1112 1004/1149/1113
f 1004/1149/1113 1003/1148/1112 1005/1150/1114 1006/1151/1115
f 1005/1150/1114 935/1075/1043 1007/1152/1116 1006/1151/1115
f 935/1075/1043 934/1074/1042 939/1080/1048 1007/1152/1116
f 1005/1150/1114 1003/1148/1112 1008/1153/1117 930/1070/1038
f 930/1070/1038 929/1069/1037 935/1075/1043 1005/1150/1114
f 1008/1153/1117 1003/1148/1112 1001/1146/1110 1009/1154/1118
f 1008/1153/1117 1009/1154/1118 921/1059/1027 920/1058/1026
f 920/1058/1026 925/1065/1033 930/1070/1038 1008/1153/1117
f 1009/1154/1118 1001/1146/1110 999/1144/1108 913/1050/1019
f 1009/1154/1118 913/1050/1019 916/1049/1018 921/1059/1027
f 999/1144/1108 997/1141/1106 914/1051/1020 913/1050/1019
f 997/1141/1106 208/1140/188 207/1052/187 914/1051/1020
f 990/1133/1099 1010/1155/1119 1011/184/182 992/1135/1101
f 992/1135/1101 1011/184/182 203/183/181
f 1010/1155/1119 1012/1156/1120 1013/185/183 1011/184/182
f 1012/1156/1120 1014/1157/1121 1015/1158/1122 1013/185/183
f 1015/1158/1122 1016/1011/984 885/1010/983 888/1014/987
f 1015/1158/1122 888/1014/987 204/186/184 1013/185/183
f 888/1014/987 205/187/185 204/186/184
f 1017/1159/1123 1018/1009/982 884/1008/981 1016/1011/984
f 1019/1160/1124 1020/1007/980 883/1006/979 1018/1009/982
f 1021/1161/1125 1022/1162/1126 882/1005/978 1020/1007/980
f 1022/1162/1126 1023/1163/1127 881/1004/977 882/1005/978
f 1023/1163/1127 1024/1003/976 880/1002/975 881/1004/977
f 1025/1164/1128 1026/1001/974 879/1000/973 1024/1003/976
f 1027/1165/1129 1028/999/972 878/998/971 1026/1001/974
f 1029/1166/1130 1030/1167/1131 877/997/970 1028/999/972
f 1030/1167/1131 1029/1166/1130 1046/1168/1132 1031/1169/1133
f 1031/1169/1133 1032/996/969 876/995/968 1030/1167/1131
f 876/995/968 868/987/960 877/997/970 1030/1167/1131
f 1032/996/969 1033/1170/1134 1034/1171/1135 875/994/967
f 1033/1170/1134 1035/1172/1136 1036/1173/1137 1034/1171/1135
f 1034/1171/1135 1036/1173/1137 286/280/278 285/279/277
f 1034/1171/1135 285/279/277 284/278/276 875/994/967
f 1035/1172/1136 1037/1174/1138 1038/1175/1139 1036/1173/1137
f 1038/1175/1139 277/269/267 286/280/278 1036/1173/1137
f 1037/1174/1138 1039/1176/1140 241/227/225 1038/1175/1139
f 241/227/225 43/226/224 277/269/267 1038/1175/1139
f 1039/1176/1140 49/1177/1141 238/222/220 241/227/225
f 1040/1178/1142 1081/1179/1143 1039/1176/1140 1037/1174/1138
f 1037/1174/1138 1035/1172/1136 1041/1180/1144 1040/1178/1142
f 1045/1181/1145 1042/1182/1146 1040/1178/1142 1041/1180/1144
f 1035/1172/1136 1033/1170/1134 1043/1183/1147 1041/1180/1144
f 1043/1183/1147 1044/1184/1148 1045/1181/1145 1041/1180/1144
f 1044/1184/1148 1043/1183/1147 1031/1169/1133 1046/1168/1132
f 1046/1168/1132 1048/1185/1149 1047/1186/1150 1044/1184/1148
f 1048/1185/1149 1046/1168/1132 1029/1166/1130 1049/1187/1151
f 1049/1187/1151 1050/1188/1152 1075/1189/1153 1048/1185/1149
f 1027/1165/1129 1051/1190/1154 1050/1188/1152 1049/1187/1151
f 1025/1164/1128 1053/1191/1155 1052/1192/1156 1051/1190/1154
f 1023/1163/1127 1022/1162/1126 1054/1193/1157 1053/1191/1155
f 1072/1194/1158 1052/1192/1156 1053/1191/1155 1054/1193/1157
f 1022/1162/1126 1021/1161/1125 1055/1195/1159 1054/1193/1157
f 1055/1195/1159 1070/1196/1160 1072/1194/1158 1054/1193/1157
f 1055/1195/1159 1021/1161/1125 1057/1197/1161 1056/1198/1162
f 1057/1197/1161 1019/1160/1124 1059/1199/1163 1058/1200/1164
f 1017/1159/1123 1014/1157/1121 1060/1201/1165 1059/1199/1163
f 1012/1156/1120 1062/1202/1166 1060/1201/1165 1014/1157/1121
f 1012/1156/1120 1010/1155/1119 1061/1203/1167 1062/1202/1166
f 988/1131/1097 986/1129/1095 1061/1203/1167 1010/1155/1119
f 1010/1155/1119 990/1133/1099 988/1131/1097
f 1061/1203/1167 1063/1204/1168 1064/1205/1169 1062/1202/1166
f 1062/1202/1166 1064/1205/1169 1065/1206/1170 1060/1201/1165
f 1058/1200/1164 1059/1199/1163 1060/1201/1165 1065/1206/1170
f 1065/1206/1170 1190/1207/1171 1066/1208/1172 1058/1200/1164
f 1056/1198/1162 1057/1197/1161 1058/1200/1164 1066/1208/1172
f 1066/1208/1172 1188/1209/1173 1067/1210/1174 1056/1198/1162
f 1070/1196/1160 1055/1195/1159 1056/1198/1162 1067/1210/1174
f 1070/1196/1160 1067/1210/1174 1068/1211/1175 1069/1212/1176
f 1070/1196/1160 1069/1212/1176 1071/1213/1177 1072/1194/1158
f 1071/1213/1177 1073/1214/1178 1052/1192/1156 1072/1194/1158
f 1073/1214/1178 1074/1215/1179 1075/1189/1153 1050/1188/1152
f 1073/1214/1178 1050/1188/1152 1051/1190/1154 1052/1192/1156
f 1076/664/652 1047/1186/1150 1048/1185/1149 1075/1189/1153
f 1047/1186/1150 1076/664/652 1077/662/650 1078/1216/1180
f 1079/1217/1181 1042/1182/1146 1045/1181/1145 1078/1216/1180
f 1078/1216/1180 1045/1181/1145 1044/1184/1148 1047/1186/1150
f 1079/1217/1181 1136/1218/1182 1080/1219/1183 1042/1182/1146
f 1081/1179/1143 1040/1178/1142 1042/1182/1146 1080/1219/1183
f 1080/1220/1183 1082/1221/1184 50/1/1 1081/1222/1143
f 1081/1179/1143 50/1223/1 1/1224/4 49/1177/1141
f 1081/1179/1143 49/1177/1141 1039/1176/1140
f 1083/1225/1185 1084/1226/1186 1085/1227/1187 1082/1221/1184
f 1082/1221/1184 1085/1227/1187 51/2/2 50/1/1
f 1082/1221/1184 1080/1220/1183 1083/1225/1185
f 1084/1226/1186 1086/1228/1188 1087/1229/1189 1085/1227/1187
f 1085/1227/1187 1087/1229/1189 1088/1230/1190 51/2/2
f 1088/1230/1190 1087/1229/1189 1089/1231/1191 1090/1232/1192
f 1090/1232/1192 1091/1233/1193 1092/1234/1194 1088/1230/1190
f 1092/1234/1194 52/3/3 51/2/2 1088/1230/1190
f 1091/1233/1193 786/897/873 785/896/872 1092/1234/1194
f 1092/1234/1194 785/896/872 53/5/5 52/3/3
f 1091/1233/1193 1090/1232/1192 1093/1235/1195 1094/1236/1196
f 1094/1236/1196 1095/1237/1197 786/897/873 1091/1233/1193
f 1095/1237/1197 1094/1236/1196 1096/1238/1198 1097/1239/1199
f 1097/1239/1199 1098/1240/1200 782/893/869 1095/1237/1197
f 1095/1237/1197 782/893/869 781/892/868 786/897/873
f 2133/1241/1201 1099/1242/1202 1100/1243/1203 2132/1244/1204
f 1100/1243/1203 1101/1245/1205 2131/1246/1206 2132/1244/1204
f 1098/1240/1200 777/888/864 776/887/863 782/893/869
f 1101/1245/1205 1100/1243/1203 1102/1247/1207 1103/1248/1208
f 1103/1248/1208 1104/1249/1209 772/880/856 1101/1245/1205
f 1101/1245/1205 772/880/856 2130/879/855 2131/1246/1206
f 1104/1249/1209 1103/1248/1208 1105/1250/1210 1106/1251/1211
f 1106/1251/1211 1107/1252/1212 768/876/852 1104/1249/1209
f 1104/1249/1209 768/876/852 767/875/851 772/880/856
f 1107/1252/1212 1106/1251/1211 1108/1253/1213 1109/1254/1214
f 1109/1254/1214 761/868/844 765/867/843 1107/1252/1212
f 1107/1252/1212 765/867/843 764/871/847 768/876/852
f 761/868/844 1109/1254/1214 1110/1255/1215 1111/1256/1216
f 1112/863/839 757/862/838 761/868/844 1111/1256/1216
f 1111/1256/1216 1113/452/446 1114/1257/1217 1112/863/839
f 1114/1257/1217 1115/1258/1218 753/861/837 1112/863/839
f 1115/1258/1218 1116/857/833 752/856/832 753/861/837
f 1116/857/833 1115/1258/1218 1117/1259/1219 1118/1260/1220
f 1118/1260/1220 1119/1261/1221 749/855/831 1116/857/833
f 1119/1261/1221 1120/852/828 748/851/827 749/855/831
f 1120/852/828 1119/1261/1221 151/116/114 143/106/104
f 143/106/104 142/105/103 746/849/825 1120/852/828
f 1120/852/828 746/849/825 745/848/824
f 1118/1260/1220 414/443/437 151/116/114 1119/1261/1221
f 414/443/437 152/117/115 151/116/114
f 1118/1260/1220 1117/1259/1219 415/444/438 414/443/437
f 1117/1259/1219 1121/448/442 417/445/439 415/444/438
f 1121/448/442 1117/1259/1219 1115/1258/1218 1114/1257/1217
f 1114/1257/1217 1113/452/446 419/449/443 1121/448/442
f 1113/452/446 1111/1256/1216 1110/1255/1215 422/453/447
f 1122/458/452 423/454/448 422/453/447 1110/1255/1215
f 1122/458/452 1110/1255/1215 1109/1254/1214 1108/1253/1213
f 1122/458/452 1108/1253/1213 1123/1262/1222 426/459/453
f 430/464/458 427/460/454 426/459/453 1123/1262/1222
f 1123/1262/1222 1108/1253/1213 1106/1251/1211 1105/1250/1210
f 1123/1262/1222 1105/1250/1210 1124/1263/1223 430/464/458
f 434/470/464 431/465/459 430/464/458 1124/1263/1223
f 1124/1263/1223 1105/1250/1210 1103/1248/1208 1102/1247/1207
f 1102/1247/1207 1125/1264/1224 434/470/464 1124/1263/1223
f 439/475/469 435/471/465 434/470/464 1125/1264/1224
f 1125/1264/1224 1102/1247/1207 1100/1243/1203 1099/1242/1202
f 1099/1242/1202 1126/1265/1225 439/475/469 1125/1264/1224
f 444/480/474 440/476/470 439/475/469 1126/1265/1225
f 1126/1265/1225 1099/1242/1202 2133/1241/1201 2134/1266/1226
f 2135/1267/1227 444/480/474 1126/1265/1225 2134/1266/1226
f 2136/485/479 445/481/475 444/480/474 2135/1267/1227
f 1127/1268/1228 1096/1238/1198 1094/1236/1196 1093/1235/1195
f 1093/1235/1195 1128/1269/1229 449/1270/1230 1127/1268/1228
f 454/491/485 450/490/484 449/1270/1230 1128/1269/1229
f 1128/1269/1229 1093/1235/1195 1090/1232/1192 1089/1231/1191
f 1089/1231/1191 1129/1271/1231 454/491/485 1128/1269/1229
f 459/496/490 455/492/486 454/491/485 1129/1271/1231
f 1089/1231/1191 1087/1229/1189 1086/1228/1188 1129/1271/1231
f 1129/1271/1231 1086/1228/1188 1130/1272/1232 459/496/490
f 464/501/495 460/497/491 459/496/490 1130/1272/1232
f 1086/1228/1188 1084/1226/1186 1131/1273/1233 1130/1272/1232
f 1130/1272/1232 1131/1273/1233 1132/1274/1234 464/501/495
f 1132/1274/1234 469/506/500 465/502/496 464/501/495
f 1131/1273/1233 1133/1275/1235 1134/1276/1236 1132/1274/1234
f 1132/1274/1234 1134/1276/1236 1135/509/503 469/506/500
f 1134/1276/1236 1136/1277/1182 1137/1278/515 1135/509/503
f 477/524/518 116/665/653 592/526/520
f 1139/663/651 1074/1215/1179 1141/237/235 1140/236/234
f 1141/237/235 1074/1215/1179 1142/1279/1237
f 1142/1279/1237 1143/1280/1238 254/238/236 1141/237/235
f 1071/1213/1177 1069/1212/1176 1143/1280/1238 1142/1279/1237
f 1143/1280/1238 1144/1281/1239 255/240/238 254/238/236
f 1143/1280/1238 1069/1212/1176 1144/1281/1239
f 1144/1281/1239 1145/1282/1240 1146/1283/1241 255/240/238
f 1069/1212/1176 1068/1211/1175 1145/1282/1240 1144/1281/1239
f 1147/516/510 253/241/239 255/240/238 1146/1283/1241
f 1145/1282/1240 1148/1284/1242 1149/1285/1243 1146/1283/1241
f 1149/1285/1243 1150/518/512 1147/516/510 1146/1283/1241
f 1150/518/512 1149/1285/1243 1151/1286/1244 1152/519/513
f 472/510/504 1135/509/503 1137/521/515
f 115/667/655 116/665/653 477/524/518
f 119/525/519 115/667/655 477/524/518
f 1154/659/647 1156/1287/1245 1157/1288/1246 1155/660/648
f 1155/660/648 1157/1288/1246 1158/1289/1247 117/661/649
f 1157/1288/1246 1159/1290/1248 1160/1291/1249 1158/1289/1247
f 1158/1289/1247 1160/1291/1249 1161/1292/1250 1162/1293/1251
f 1162/1293/1251 118/515/509 117/661/649 1158/1289/1247
f 1162/1293/1251 1161/1292/1250 1163/1294/1252 1164/1295/1253
f 1162/1293/1251 1164/1295/1253 119/525/519 118/515/509
f 1164/1295/1253 1163/1294/1252 1165/1296/1254 1166/1297/1255
f 1164/1295/1253 1166/1297/1255 597/670/658 119/525/519
f 1166/1297/1255 1165/1296/1254 1167/1298/1256 600/673/661
f 600/673/661 598/671/659 597/670/658 1166/1297/1255
f 1165/1296/1254 1168/1299/1257 1169/1300/1258 1167/1298/1256
f 1169/1300/1258 17/109/107 150/115/113 1167/1298/1256
f 150/115/113 601/674/662 600/673/661 1167/1298/1256
f 1168/1299/1257 1170/1301/1259 1171/1302/1260 1169/1300/1258
f 1169/1300/1258 1171/1302/1260 147/112/110 17/109/107
f 1170/1301/1259 964/1105/1073 962/1103/1071 1171/1302/1260
f 1171/1302/1260 962/1103/1071 960/1101/1069 147/112/110
f 1172/1303/1261 966/1107/1075 964/1105/1073 1170/1301/1259
f 1170/1301/1259 1168/1299/1257 1173/1304/1262 1172/1303/1261
f 1174/1305/1263 1175/1306/1264 1172/1303/1261 1173/1304/1262
f 1168/1299/1257 1165/1296/1254 1163/1294/1252 1173/1304/1262
f 1173/1304/1262 1163/1294/1252 1161/1292/1250 1174/1305/1263
f 1175/1306/1264 1174/1305/1263 1176/1307/1265 1177/1308/1266
f 1175/1306/1264 1177/1308/1266 970/1111/1079 968/1109/1077
f 968/1109/1077 966/1107/1075 1172/1303/1261 1175/1306/1264
f 1177/1308/1266 1176/1307/1265 1178/1309/1267 1179/1310/1268
f 1177/1308/1266 1179/1310/1268 972/1113/1081 970/1111/1079
f 1179/1310/1268 1178/1309/1267 190/1311/164 25/1312/160
f 1179/1310/1268 25/1312/160 189/1115/163 972/1113/1081
f 1178/1309/1267 1159/1290/1248 1180/1313/1269 190/1311/164
f 1176/1307/1265 1160/1291/1249 1159/1290/1248 1178/1309/1267
f 1180/1314/1269 1156/1315/1245 1181/1316/1270 1182/1317/1271
f 1182/1317/1271 191/167/165 190/166/164 1180/1314/1269
f 1159/1290/1248 1157/1288/1246 1156/1287/1245 1180/1313/1269
f 1182/1317/1271 1181/1316/1270 1183/1318/1272 1184/1319/1273
f 1184/1319/1273 1185/1320/1274 191/167/165 1182/1317/1271
f 1185/1320/1274 1184/1319/1273 1186/1321/1275 1187/1322/1276
f 1185/1320/1274 1187/1322/1276 1188/1209/1173 1189/1323/1277
f 1185/1320/1274 1189/1323/1277 192/168/166 191/167/165
f 1189/1323/1277 193/169/167 192/168/166
f 1188/1209/1173 1066/1208/1172 1190/1207/1171 1189/1323/1277
f 1190/1207/1171 1191/1324/1278 193/169/167 1189/1323/1277
f 1192/1325/1279 187/163/161 193/169/167 1191/1324/1278
f 1192/1325/1279 978/1121/1087 976/1119/1085
f 1191/1324/1278 1064/1205/1169 1063/1204/1168 1192/1325/1279
f 1192/1325/1279 1063/1204/1168 980/1123/1089 978/1121/1087
f 1063/1204/1168 982/1125/1091 980/1123/1089
f 1190/1207/1171 1065/1206/1170 1064/1205/1169 1191/1324/1278
f 976/1119/1085 188/164/162 187/163/161 1192/1325/1279
f 1187/1322/1276 1068/1211/1175 1067/1210/1174 1188/1209/1173
f 1187/1322/1276 1193/1326/1280 1148/1284/1242 1068/1211/1175
f 1068/1211/1175 1148/1284/1242 1145/1282/1240
f 1193/1326/1280 1151/1286/1244 1149/1285/1243 1148/1284/1242
f 1193/1326/1280 1187/1322/1276 1186/1321/1275
f 1186/1321/1275 1194/1327/1281 1151/1286/1244 1193/1326/1280
f 1194/1327/1281 1153/520/514 1152/519/513 1151/1286/1244
f 1194/1327/1281 1186/1321/1275 1184/1319/1273 1183/1318/1272
f 1183/1318/1272 1195/517/511 1153/520/514 1194/1327/1281
f 1195/517/511 1183/1318/1272 1181/1316/1270 1196/523/517
f 1196/523/517 1181/1316/1270 1156/1315/1245 1154/1328/647
f 1174/1305/1263 1161/1292/1250 1160/1291/1249 1176/1307/1265
f 1142/1279/1237 1074/1215/1179 1073/1214/1178 1071/1213/1177
f 1139/663/651 1076/664/652 1075/1189/1153 1074/1215/1179
f 1137/521/515 1136/1218/1182 1079/1217/1181 1138/522/516
f 1138/522/516 1079/1217/1181 1078/1216/1180 1077/662/650
f 1136/1277/1182 1134/1276/1236 1133/1275/1235
f 1136/1277/1182 1133/1275/1235 1083/1225/1185 1080/1220/1183
f 1133/1275/1235 1131/1273/1233 1084/1226/1186 1083/1225/1185
f 1063/1204/1168 1061/1203/1167 984/1127/1093 982/1125/1091
f 1061/1203/1167 986/1129/1095 984/1127/1093
f 1059/1199/1163 1019/1160/1124 1018/1009/982 1017/1159/1123
f 1057/1197/1161 1021/1161/1125 1020/1007/980 1019/1160/1124
f 1053/1191/1155 1025/1164/1128 1024/1003/976 1023/1163/1127
f 1051/1190/1154 1027/1165/1129 1026/1001/974 1025/1164/1128
f 1049/1187/1151 1029/1166/1130 1028/999/972 1027/1165/1129
f 1033/1170/1134 1032/996/969 1031/1169/1133 1043/1183/1147
f 1016/1011/984 1015/1158/1122 1014/1157/1121 1017/1159/1123
f 960/1101/1069 958/1099/1067 148/113/111 147/112/110
f 958/1099/1067 956/1097/1065 1197/1329/1282 148/113/111
f 1197/1329/1282 956/1097/1065 954/1095/1063
f 1198/1330/1283 145/110/108 148/113/111 1197/1329/1282
f 1199/1331/1284 146/111/109 145/110/108 1198/1330/1283
f 1199/1331/1284 1200/1332/1285 603/675/663 146/111/109
f 1201/677/665 604/676/664 603/675/663 1200/1332/1285
f 1200/1332/1285 1269/1333/1286 1202/1334/1287 1201/677/665
f 1201/677/665 1202/1334/1287 1203/1335/1288 606/678/666
f 1204/680/668 607/679/667 606/678/666 1203/1335/1288
f 1203/1335/1288 1273/1336/1289 1205/1337/1290 1204/680/668
f 1204/680/668 1205/1337/1290 1206/1338/1291 609/681/669
f 1207/683/671 610/682/670 609/681/669 1206/1338/1291
f 1206/1338/1291 1277/1339/1292 1208/1340/1293 1207/683/671
f 1207/683/671 1208/1340/1293 1209/1341/1294 612/684/672
f 1210/687/675 613/685/673 612/684/672 1209/1341/1294
f 1209/1341/1294 1211/1342/1295 1212/1343/1296 1210/687/675
f 1210/687/675 1212/1343/1296 1213/1344/1297 617/690/678
f 1210/687/675 617/690/678 615/688/676
f 1212/1343/1296 1214/1345/1298 1215/1346/1299 1213/1344/1297
f 1213/1344/1297 1215/1346/1299 1216/1347/1300 620/693/681
f 620/693/681 618/691/679 617/690/678 1213/1344/1297
f 1215/1346/1299 1217/1348/1301 1218/1349/1302 1216/1347/1300
f 1216/1347/1300 1218/1349/1302 1219/1350/1303 623/696/684
f 623/696/684 621/694/682 620/693/681 1216/1347/1300
f 1218/1349/1302 1220/1351/1304 1221/1352/1305 1219/1350/1303
f 1219/1350/1303 1221/1352/1305 1222/1353/1306 626/699/687
f 626/699/687 624/697/685 623/696/684 1219/1350/1303
f 1221/1352/1305 1223/1354/1307 1224/1355/1308 1222/1353/1306
f 1222/1353/1306 1224/1355/1308 1225/1356/1309 628/701/689
f 628/701/689 627/700/688 626/699/687 1222/1353/1306
f 1224/1355/1308 138/99/97 137/98/96 1225/1356/1309
f 1225/1356/1309 137/98/96 1776/705/693 630/703/691
f 630/703/691 629/702/690 628/701/689 1225/1356/1309
f 1775/1357/1310 137/98/96 15/101/99 141/103/101
f 141/103/101 140/102/100 637/716/702 635/709/697
f 635/709/697 1774/708/696 1775/1357/1310 141/103/101
f 140/102/100 1226/1358/1311 639/720/705 637/716/702
f 1226/1358/1311 1227/1359/1312 641/724/708 639/720/705
f 1227/1359/1312 1228/1360/1313 1229/1361/1314 641/724/708
f 644/1362/712 642/725/709 641/724/708 1229/1361/1314
f 1229/1361/1314 1228/1360/1313 1323/1363/1315 1230/1364/1316
f 1230/1364/1316 1231/1365/1317 644/1362/712 1229/1361/1314
f 1231/1366/1317 647/731/714 645/730/713 644/729/712
f 1231/1365/1317 1230/1364/1316 1232/1367/1318 1233/1368/1319
f 1233/1369/1319 649/735/718 647/731/714 1231/1366/1317
f 1233/1368/1319 1232/1367/1318 1234/1370/1320 1235/1371/1321
f 1235/1372/1321 1236/736/719 649/735/718 1233/1369/1319
f 1236/736/719 1235/1372/1321 1237/1373/1322 1238/1374/1323
f 1238/1374/1323 652/739/722 650/737/720 1236/736/719
f 1238/1375/1323 1237/1376/1322 1239/1377/1324 1240/1378/1007
f 1238/1374/1323 1240/1034/1007 1241/1032/1005 652/739/722
f 1241/1032/1005 250/1031/1004 652/739/722
f 1242/1030/1325 1243/1379/1326 902/1026/1327 901/1380/1328
f 1240/1034/1007 1239/1377/1324 1291/1033/1006
f 904/1036/1009 905/1035/1008 1291/1033/1006
f 1292/1381/1329 904/1036/1009 1291/1033/1006
f 1244/1382/1330 1246/1383/1331 1247/1384/1332 1245/1385/1333
f 1245/1385/1333 1247/1384/1332 1248/1386/1334 120/1387/1335
f 1247/1384/1332 1249/1388/1336 1250/1389/1337 1248/1386/1334
f 1248/1386/1334 1250/1389/1337 1251/1390/1338 1252/1391/1339
f 1252/1391/1339 121/1392/1340 120/1387/1335 1248/1386/1334
f 1253/1393/1341 122/1064/1032 121/1392/1340 1252/1391/1339
f 1252/1391/1339 1251/1390/1338 1254/1394/1342 1253/1393/1341
f 1255/1395/1343 926/1066/1034 1253/1393/1341 1254/1394/1342
f 1251/1390/1338 1256/1396/1344 1257/1397/1345 1254/1394/1342
f 1254/1394/1342 1257/1397/1345 1258/1398/1346 1255/1395/1343
f 1259/1399/1347 931/1071/1039 1255/1395/1343 1258/1398/1346
f 1258/1398/1346 1278/1400/1348 1261/1401/1349 1259/1399/1347
f 1259/1399/1347 1261/1401/1349 1262/1402/1350 1260/1076/1044
f 1263/1403/1351 936/1077/1045 1260/1076/1044 1262/1402/1350
f 1263/1403/1351 944/1085/1053 942/1083/1051
f 1262/1402/1350 1264/1404/1352 1265/1405/1353 1263/1403/1351
f 1263/1403/1351 1265/1405/1353 946/1087/1055 944/1085/1053
f 1265/1405/1353 948/1089/1057 946/1087/1055
f 1264/1404/1352 1266/1406/1354 1267/1407/1355 1265/1405/1353
f 1265/1405/1353 1267/1407/1355 950/1091/1059 948/1089/1057
f 1267/1407/1355 952/1093/1061 950/1091/1059
f 1266/1406/1354 1198/1330/1283 1197/1329/1282 1267/1407/1355
f 1267/1407/1355 1197/1329/1282 954/1095/1063 952/1093/1061
f 1268/1408/1356 1199/1331/1284 1198/1330/1283 1266/1406/1354
f 1269/1333/1286 1200/1332/1285 1199/1331/1284 1268/1408/1356
f 1268/1408/1356 1270/1409/1357 1271/1410/1358 1269/1333/1286
f 1269/1333/1286 1271/1410/1358 1272/1411/1359 1202/1334/1287
f 1273/1336/1289 1203/1335/1288 1202/1334/1287 1272/1411/1359
f 1272/1411/1359 1274/1412/1360 1275/1413/1361 1273/1336/1289
f 1273/1336/1289 1275/1413/1361 1276/1414/1362 1205/1337/1290
f 1277/1339/1292 1206/1338/1291 1205/1337/1290 1276/1414/1362
f 1276/1414/1362 159/125/123 158/124/122 1277/1339/1292
f 1277/1339/1292 158/124/122 160/126/124 1208/1340/1293
f 1276/1414/1362 1275/1413/1361 1256/1396/1344 159/125/123
f 1256/1396/1344 1275/1413/1361 1274/1412/1360 1257/1397/1345
f 1278/1400/1348 1258/1398/1346 1257/1397/1345 1274/1412/1360
f 1274/1412/1360 1272/1411/1359 1271/1410/1358 1278/1400/1348
f 1278/1400/1348 1271/1410/1358 1270/1409/1357 1261/1401/1349
f 1264/1404/1352 1262/1402/1350 1261/1401/1349 1270/1409/1357
f 1270/1409/1357 1268/1408/1356 1266/1406/1354 1264/1404/1352
f 942/1083/1051 940/1081/1049 936/1077/1045 1263/1403/1351
f 1260/1076/1044 932/1072/1040 931/1071/1039 1259/1399/1347
f 1256/1396/1344 1251/1390/1338 1250/1389/1337 159/125/123
f 931/1071/1039 927/1067/1035 926/1066/1034 1255/1395/1343
f 926/1066/1034 923/1061/1029 122/1064/1032 1253/1393/1341
f 1249/1388/1336 19/123/121 159/125/123 1250/1389/1337
f 1249/1388/1336 1279/1415/1363 155/120/118 19/123/121
f 1247/1384/1332 1246/1383/1331 1279/1415/1363 1249/1388/1336
f 1279/1415/1363 1280/1416/1364 1281/1417/1365 155/120/118
f 1246/1383/1331 1282/1418/1366 1280/1416/1364 1279/1415/1363
f 1282/1418/1366 1283/1419/1367 1284/1420/1368 1280/1416/1364
f 1282/1418/1366 1246/1383/1331 1244/1382/1330 1285/1421/1369
f 1285/1421/1369 1286/1422/1370 1283/1419/1367 1282/1418/1366
f 1286/1422/1370 1287/1423/1371 1288/1424/1372 1283/1419/1367
f 1239/1377/1324 1292/1381/1329 1291/1033/1006
f 1292/1381/1329 1239/1377/1324 1237/1376/1322 1293/1425/1373
f 1292/1381/1329 1293/1425/1373 1295/1426/1374 1290/1427/1375
f 1295/1426/1374 1293/1425/1373 1294/1428/1376
f 1294/1428/1376 1296/1429/1377 1297/1430/1378 1295/1426/1374
f 1295/1426/1374 1297/1430/1378 1289/1431/1379 1290/1427/1375
f 1296/1429/1377 1298/1432/1380 1288/1424/1372 1297/1430/1378
f 1297/1430/1378 1288/1424/1372 1287/1423/1371 1289/1431/1379
f 1298/1432/1380 1296/1429/1377 1299/1433/1381 1300/1434/1382
f 1300/1434/1382 1301/1435/1383 1284/1420/1368 1298/1432/1380
f 1298/1432/1380 1284/1420/1368 1283/1419/1367 1288/1424/1372
f 1301/1435/1383 1300/1434/1382 1302/1436/1384 1303/1437/1385
f 1303/1437/1385 1304/1438/1386 1281/1417/1365 1301/1435/1383
f 1301/1435/1383 1281/1417/1365 1280/1416/1364 1284/1420/1368
f 1304/1438/1386 1303/1437/1385 1305/1439/1387 1306/1440/1388
f 1306/1440/1388 1307/1441/1389 156/121/119 1304/1438/1386
f 1304/1438/1386 156/121/119 155/120/118 1281/1417/1365
f 1307/1441/1389 1306/1440/1388 1308/1442/1390 1309/1443/1391
f 1309/1443/1391 1214/1345/1298 1310/1444/1392 1307/1441/1389
f 1307/1441/1389 1310/1444/1392 157/122/120 156/121/119
f 1214/1345/1298 1212/1343/1296 1211/1342/1295 1310/1444/1392
f 1310/1444/1392 1211/1342/1295 160/126/124 157/122/120
f 1309/1443/1391 1308/1442/1390 1311/1445/1393 1217/1348/1301
f 1217/1348/1301 1215/1346/1299 1214/1345/1298 1309/1443/1391
f 1308/1442/1390 1312/1446/1394 1313/1447/1395 1311/1445/1393
f 1311/1445/1393 1313/1447/1395 1314/1448/1396 1220/1351/1304
f 1220/1351/1304 1218/1349/1302 1217/1348/1301 1311/1445/1393
f 1313/1447/1395 1315/1449/1397 1316/1450/1398 1314/1448/1396
f 1314/1448/1396 1316/1450/1398 1317/1451/1399 1223/1354/1307
f 1223/1354/1307 1221/1352/1305 1220/1351/1304 1314/1448/1396
f 1316/1450/1398 1318/1452/1400 1319/1453/1401 1317/1451/1399
f 1319/1453/1401 139/100/98 138/99/97 1317/1451/1399
f 138/99/97 1224/1355/1308 1223/1354/1307 1317/1451/1399
f 1226/1358/1311 140/102/100 139/100/98 1319/1453/1401
f 1319/1453/1401 1318/1452/1400 1227/1359/1312 1226/1358/1311
f 1318/1452/1400 1316/1450/1398 1315/1449/1397 1320/1454/1402
f 1320/1454/1402 1228/1360/1313 1227/1359/1312 1318/1452/1400
f 1320/1454/1402 1315/1449/1397 1321/1455/1403 1322/1456/1404
f 1322/1456/1404 1323/1363/1315 1228/1360/1313 1320/1454/1402
f 1323/1363/1315 1322/1456/1404 1324/1457/1405 1325/1458/1406
f 1325/1458/1406 1232/1367/1318 1230/1364/1316 1323/1363/1315
f 1326/1459/1407 1234/1370/1320 1232/1367/1318 1325/1458/1406
f 1294/1428/1376 1293/1425/1373 1234/1370/1320 1326/1459/1407
f 1326/1459/1407 1327/1460/1408 1299/1433/1381
f 1326/1459/1407 1299/1433/1381 1296/1429/1377 1294/1428/1376
f 1327/1460/1408 1326/1459/1407 1325/1458/1406 1324/1457/1405
f 1324/1457/1405 1328/1461/1409 1302/1436/1384 1327/1460/1408
f 1327/1460/1408 1302/1436/1384 1300/1434/1382 1299/1433/1381
f 1328/1461/1409 1324/1457/1405 1322/1456/1404 1321/1455/1403
f 1321/1455/1403 1312/1446/1394 1305/1439/1387 1328/1461/1409
f 1328/1461/1409 1305/1439/1387 1303/1437/1385 1302/1436/1384
f 1315/1449/1397 1313/1447/1395 1312/1446/1394 1321/1455/1403
f 1312/1446/1394 1308/1442/1390 1306/1440/1388 1305/1439/1387
f 1293/1425/1373 1237/1376/1322 1235/1371/1321 1234/1370/1320
f 1211/1342/1295 1209/1341/1294 1208/1340/1293 160/126/124
f 205/187/185 888/1014/987 887/1013/986 891/1017/990
f 834/958/931 655/743/726 654/742/725
f 657/745/728 830/951/924 1329/950/923 1330/746/729
f 1330/746/729 1329/950/923 1770/1462/1410 1331/1463/1411
f 662/749/732 661/748/731 660/747/730 1331/1463/1411
f 660/747/730 659/734/717 1330/746/729 1331/1463/1411
f 1331/1463/1411 1770/1462/1410 1332/1464/1412 662/749/732
f 664/750/733 663/349/347 662/749/732 1332/1464/1412
f 1332/1464/1412 1333/1465/1413 665/751/734 664/750/733
f 1333/1465/1413 1334/941/914 1335/1466/1414 665/751/734
f 1335/1466/1414 667/752/735 666/354/352 665/751/734
f 823/938/911 1336/753/736 667/752/735 1335/1466/1414
f 820/935/908 1337/1467/1415 668/754/737 1336/753/736
f 1337/1467/1415 1338/1468/1416 1339/1469/1417
f 1337/1467/1415 1339/1469/1417 669/755/738 668/754/737
f 1338/1468/1416 1340/1470/1418 1341/1471/1419 1339/1469/1417
f 1339/1469/1417 1341/1471/1419 671/757/740 669/755/738
f 1340/1470/1418 1342/1472/1420 1343/1473/1421 1341/1471/1419
f 1341/1471/1419 1343/1473/1421 673/759/742 671/757/740
f 1342/1472/1420 1344/1474/1422 1345/1475/1423 1343/1473/1421
f 1343/1473/1421 1345/1475/1423 2065/1476/1424 673/759/742
f 1344/1474/1422 1346/1477/1425 1347/1478/1426 1345/1475/1423
f 1345/1475/1423 1347/1478/1426 2066/1479/1427 2065/1476/1424
f 1346/1477/1425 1348/1480/1428 1349/1481/1429 1347/1478/1426
f 1347/1478/1426 1349/1481/1429 2067/1482/1430 2066/1479/1427
f 1349/1481/1429 1351/1483/1431 2068/1484/1432 2067/1482/1430
f 1350/1485/1433 1352/1486/1434 682/770/753 680/768/751
f 680/768/751 678/764/747 677/763/746 1350/1485/1433
f 1351/1483/1431 1353/1487/1435 2069/1488/1436 2068/1484/1432
f 1352/1486/1434 1354/1489/1437 684/771/754 682/770/753
f 1353/1487/1435 1355/1490/1438 2069/1488/1436
f 1354/1489/1437 1356/1491/1439 1357/1492/1440 684/771/754
f 1356/1491/1439 1358/1493/1441 1359/1494/1442 1357/1492/1440
f 1357/1492/1440 1359/1494/1442 1360/1495/1443 687/776/759
f 687/776/759 685/772/755 684/771/754 1357/1492/1440
f 1359/1494/1442 1361/1496/1444 1362/1497/1445 1360/1495/1443
f 1360/1495/1443 1362/1497/1445 1363/1498/1446 690/779/762
f 690/779/762 688/777/760 687/776/759 1360/1495/1443
f 1362/1497/1445 1364/1499/1447 1365/1500/1448 1363/1498/1446
f 1365/1500/1448 1366/1501/1449 693/783/766 1363/1498/1446
f 1363/1498/1446 693/783/766 691/780/763 690/779/762
f 1365/1500/1448 1367/1502/1450 1368/1503/1451 1366/1501/1449
f 1368/1503/1451 1369/1504/1452 1370/1505/1453 1366/1501/1449
f 1366/1501/1449 1370/1505/1453 694/784/767 693/783/766
f 1369/1504/1452 1371/1506/1454 1372/1507/1455 1370/1505/1453
f 1370/1505/1453 1372/1507/1455 695/787/770 694/784/767
f 1371/1506/1454 1373/1508/1456 1374/1509/1457 1372/1507/1455
f 1372/1507/1455 1374/1509/1457 697/788/771 695/787/770
f 1373/1508/1456 1375/1510/1458 1376/1511/1459 1374/1509/1457
f 1374/1509/1457 1376/1511/1459 699/790/773 697/788/771
f 1375/1510/1458 1377/1512/1460 1378/1513/1461 1376/1511/1459
f 1376/1511/1459 1378/1513/1461 701/792/775 699/790/773
f 1377/1512/1460 1379/1514/1462 1380/1515/1463 1378/1513/1461
f 1378/1513/1461 1380/1515/1463 703/796/779 701/792/775
f 1380/1515/1463 1379/1514/1462 1381/1516/1464 1382/1517/1465
f 1382/1517/1465 705/799/782 703/796/779 1380/1515/1463
f 1381/1516/1464 1383/1518/1466 1382/1517/1465
f 1382/1517/1465 1384/1519/1467 707/801/784 705/799/782
f 1384/1519/1467 1383/1518/1466 718/816/795 717/814/794
f 1384/1519/1467 717/814/794 709/803/786 707/801/784
f 1383/1518/1466 1381/1516/1464 1385/1520/1468 1386/1521/1469
f 1383/1518/1466 1386/1521/1469 720/819/797 718/816/795
f 1385/1520/1468 1512/1522/1470 1387/1523/1471 1386/1521/1469
f 1387/1523/1471 722/822/799 720/819/797 1386/1521/1469
f 1387/1523/1471 1512/1522/1470 1514/1524/1472 1388/1525/1473
f 1388/1525/1473 1389/1526/1474 722/822/799 1387/1523/1471
f 1389/1526/1474 1388/1525/1473 1516/1527/1475 1390/1528/1476
f 1389/1526/1474 1390/1528/1476 1391/1529/1477 725/1530/802
f 725/1530/802 723/823/800 722/822/799 1389/1526/1474
f 1392/1531/1478 726/827/803 725/826/802 1391/1532/1477
f 1392/1531/1478 1393/832/808 727/828/804 726/827/803
f 1392/1531/1478 1394/1533/1479 1395/1534/1480 1393/832/808
f 1393/832/808 1395/1534/1480 1396/1535/1481 731/833/809
f 1397/1536/1482 732/834/810 731/833/809 1396/1535/1481
f 1398/1537/1483 733/835/811 732/834/810 1397/1536/1482
f 1399/1538/1484 734/836/812 733/835/811 1398/1537/1483
f 1400/1539/1485 735/837/813 734/836/812 1399/1538/1484
f 1401/1540/1486 1402/839/815 735/837/813 1400/1539/1485
f 1402/839/815 1401/1540/1486 1403/1541/1487 1404/1542/1488
f 1404/1542/1488 740/843/819 737/840/816 1402/839/815
f 1404/1542/1488 1405/1543/1489 1406/1544/1490 740/843/819
f 57/11/11 741/844/820 740/843/819 1406/1544/1490
f 1405/1543/1489 1572/1545/1491 1407/1546/1492 1406/1544/1490
f 1406/1544/1490 1407/1546/1492 58/12/12 57/11/11
f 1572/1545/1491 1570/1547/1493 1408/1548/1494 1407/1546/1492
f 1407/1546/1492 1408/1548/1494 1409/1549/1495 58/12/12
f 55/8/8 2/7/7 58/12/12 1409/1549/1495
f 1409/1549/1495 1408/1548/1494 1410/1550/1496 1411/1551/1497
f 1409/1549/1495 1411/1551/1497 111/79/77 55/8/8
f 1410/1550/1496 1412/1552/1498 1413/1553/1499 1411/1551/1497
f 1411/1551/1497 1413/1553/1499 1414/1554/1500 111/79/77
f 1415/1555/1501 112/80/78 111/79/77 1414/1554/1500
f 1413/1553/1499 1416/1556/1502 1417/1557/1503 1414/1554/1500
f 1414/1554/1500 1417/1557/1503 1418/1558/1504 1415/1555/1501
f 1419/1559/1505 1420/1560/1506 1415/1555/1501 1418/1558/1504
f 1417/1557/1503 1421/1561/1507 1422/1562/1508 1418/1558/1504
f 1418/1558/1504 1422/1562/1508 1423/1563/1509 1419/1559/1505
f 1424/1564/1510 1425/1565/1511 1419/1559/1505 1423/1563/1509
f 1423/1563/1509 1422/1562/1508 1426/1566/1512 135/95/93
f 135/95/93 134/97/95 1424/1564/1510 1423/1563/1509
f 1422/1562/1508 1421/1561/1507 1427/1567/1513 1426/1566/1512
f 1426/1566/1512 1427/1567/1513 83/47/47 109/77/75
f 109/77/75 136/94/92 135/95/93 1426/1566/1512
f 1421/1561/1507 1428/1568/1514 1429/1569/1515 1427/1567/1513
f 1429/1569/1515 84/48/48 83/47/47 1427/1567/1513
f 1428/1568/1514 1430/1570/1516 1431/1571/1517 1429/1569/1515
f 1431/1571/1517 1432/1572/1518 84/48/48 1429/1569/1515
f 1431/1571/1517 1560/1573/1519 1558/1574/1520 1432/1572/1518
f 1432/1572/1518 1558/1574/1520 1556/1575/1521 1433/1576/1522
f 1433/1576/1522 80/43/43 84/48/48 1432/1572/1518
f 1556/1575/1521 1554/1577/1523 1434/1578/1524 1433/1576/1522
f 1433/1576/1522 1434/1578/1524 81/44/44 80/43/43
f 1554/1577/1523 1552/1579/1525 1435/1580/1526 1434/1578/1524
f 1434/1578/1524 1435/1580/1526 1436/1581/1527 81/44/44
f 85/51/51 82/45/45 81/44/44 1436/1581/1527
f 1435/1580/1526 1437/1582/1528 1438/1583/1529 1436/1581/1527
f 1436/1581/1527 1438/1583/1529 86/52/52 85/51/51
f 1437/1584/1528 1439/1585/1530 1440/1586/1531 1438/1587/1529
f 1438/1587/1529 1440/1586/1531 1441/1588/1532 86/1589/52
f 1441/1588/1532 1442/1590/1533 87/1591/53 86/1589/52
f 1440/1586/1531 1443/1592/1534 1444/1593/1535 1441/1588/1532
f 1441/1588/1532 1444/1593/1535 1445/1594/1536 1442/1590/1533
f 1446/1595/1537 1447/1596/1538 1442/1590/1533 1445/1594/1536
f 1444/1593/1535 1448/1597/1539 1449/1598/1540 1445/1594/1536
f 1445/1594/1536 1449/1598/1540 1450/1599/1541 1446/1595/1537
f 1451/1600/1542 1452/1601/1543 1446/1595/1537 1450/1599/1541
f 1449/1598/1540 1453/1602/1544 1454/1603/1545 1450/1599/1541
f 1450/1599/1541 1454/1603/1545 1455/1604/1546 1451/1600/1542
f 1456/1605/1547 1457/1606/1548 1451/1600/1542 1455/1604/1546
f 1454/1603/1545 1458/1607/1549 1459/1608/1550 1455/1604/1546
f 1455/1604/1546 1459/1608/1550 1460/1609/1551 1456/1605/1547
f 179/152/150 183/1610/1552 1456/1605/1547 1460/1609/1551
f 1459/1608/1550 1461/1611/1553 1462/1612/1554 1460/1609/1551
f 1462/1612/1554 180/153/151 179/152/150 1460/1609/1551
f 1462/1612/1554 1461/1611/1553 1463/1613/1555 1464/1614/1556
f 1464/1614/1556 1465/1615/1557 180/153/151 1462/1612/1554
f 1465/1615/1557 225/208/206 181/154/152 180/153/151
f 1465/1615/1557 1464/1614/1556 1466/1616/1558 1467/1617/1559
f 1467/1617/1559 1468/1618/1560 225/208/206 1465/1615/1557
f 1468/1618/1560 263/252/250 224/206/204 225/208/206
f 1468/1618/1560 1467/1617/1559 1469/1619/1561 1470/1620/1562
f 1470/1620/1562 264/253/251 263/252/250 1468/1618/1560
f 1470/1620/1562 1469/1619/1561 210/193/191 232/216/214
f 232/216/214 233/217/215 264/253/251 1470/1620/1562
f 1467/1617/1559 1466/1616/1558 1471/1621/1563 2102/1622/1564 1469/1619/1561
f 2103/194/192 210/193/191 1469/1619/1561 2102/1622/1564
f 1471/1621/1563 1466/1616/1558 1472/1623/1565 1473/1624/1566
f 1473/1624/1566 1474/1625/1567 211/1626/1568 1471/1621/1563
f 1473/1624/1566 1475/1627/1569 1476/1628/1570 1474/1625/1567
f 1474/1625/1567 1476/1628/1570 1477/1629/1571 1478/1630/1572
f 1474/1625/1567 1478/1630/1572 212/1631/1573 211/1626/1568
f 1478/1630/1572 1477/1629/1571 1479/1632/1574 1480/1633/1575
f 1480/1633/1575 213/1634/1576 212/1631/1573 1478/1630/1572
f 1479/1632/1574 1481/1635/1577 1482/1636/1578 1480/1633/1575
f 1480/1633/1575 1482/1636/1578 1483/1637/1579 213/1634/1576
f 256/243/241 214/242/240 213/1634/1576 1483/1637/1579
f 1482/1636/1578 1484/1638/1580 1485/1639/1581 1483/1637/1579
f 1485/1639/1581 1355/1490/1438 256/243/241 1483/1637/1579
f 1485/1639/1581 1484/1638/1580 1486/1640/1582 1358/1493/1441
f 1358/1493/1441 1356/1491/1439 1355/1490/1438 1485/1639/1581
f 1484/1638/1580 1487/1641/1583 1488/1642/1584 1486/1640/1582
f 1486/1640/1582 1488/1642/1584 1489/1643/1585 1361/1496/1444
f 1361/1496/1444 1359/1494/1442 1358/1493/1441 1486/1640/1582
f 1488/1642/1584 1490/1644/1586 1491/1645/1587 1489/1643/1585
f 1491/1645/1587 1492/1646/1588 1364/1499/1447 1489/1643/1585
f 1364/1499/1447 1362/1497/1445 1361/1496/1444 1489/1643/1585
f 1492/1646/1588 1491/1645/1587 1493/1647/1589 1494/1648/1590
f 1494/1648/1590 1495/1649/1591 1367/1502/1450 1492/1646/1588
f 1367/1502/1450 1365/1500/1448 1364/1499/1447 1492/1646/1588
f 1495/1649/1591 1494/1648/1590 1496/1650/1592 1497/1651/1593
f 1497/1651/1593 1498/1652/1594 1499/1653/1595 1495/1649/1591
f 1495/1649/1591 1499/1653/1595 1368/1503/1451 1367/1502/1450
f 1498/1652/1594 1500/1654/1596 1501/1655/1597 1499/1653/1595
f 1499/1653/1595 1501/1655/1597 1369/1504/1452 1368/1503/1451
f 1500/1654/1596 1502/1656/1598 1503/1657/1599 1501/1655/1597
f 1501/1655/1597 1503/1657/1599 1371/1506/1454 1369/1504/1452
f 1502/1656/1598 1504/1658/1600 1505/1659/1601 1503/1657/1599
f 1503/1657/1599 1505/1659/1601 1373/1508/1456 1371/1506/1454
f 1505/1659/1601 1504/1658/1600 1506/1660/1602 1507/1661/1603
f 1507/1661/1603 1375/1510/1458 1373/1508/1456 1505/1659/1601
f 1506/1660/1602 1508/1662/1604 1509/1663/1605 1507/1661/1603
f 1507/1661/1603 1509/1663/1605 1377/1512/1460 1375/1510/1458
f 1508/1662/1604 1510/1664/1606 1511/1665/1607 1509/1663/1605
f 1511/1665/1607 1379/1514/1462 1377/1512/1460 1509/1663/1605
f 1511/1665/1607 1510/1664/1606 1512/1522/1470 1385/1520/1468
f 1385/1520/1468 1381/1516/1464 1379/1514/1462 1511/1665/1607
f 1510/1664/1606 1513/1666/1608 1514/1524/1472 1512/1522/1470
f 1513/1666/1608 1521/1667/1609 1515/1668/1610 1514/1524/1472
f 1515/1668/1610 1516/1527/1475 1388/1525/1473 1514/1524/1472
f 1516/1527/1475 1515/1668/1610 1520/1669/1611 1517/1670/1612
f 1517/1670/1612 1518/1671/1613 1390/1528/1476 1516/1527/1475
f 1519/1672/1614 1391/1529/1477 1390/1528/1476 1518/1671/1613
f 1394/1533/1479 1392/1531/1478 1391/1532/1477 1519/1673/1614
f 1520/1669/1611 1515/1668/1610 1521/1667/1609 1522/1674/1615
f 1522/1674/1615 1521/1667/1609 1523/1675/1616 1524/1676/1617
f 1523/1675/1616 1625/1677/1618 1525/1678/1619 1524/1676/1617
f 1525/1678/1619 1625/1677/1618 1623/1679/1620 1526/1680/1621
f 1623/1679/1620 1621/1681/1622 1527/1682/1623 1526/1680/1621
f 1621/1681/1622 1619/1683/1624 1528/1684/1625 1527/1682/1623
f 1619/1683/1624 1617/1685/1626 1529/1686/1627 1528/1684/1625
f 1617/1685/1626 1615/1687/1628 1530/1688/1629 1529/1686/1627
f 1615/1687/1628 1614/1689/1630 1531/1690/1631 1530/1688/1629
f 1614/1689/1630 1613/1691/1632 1532/1692/1633 1531/1690/1631
f 1613/1691/1632 1628/1693/1634 1533/1694/1635 1532/1692/1633
f 1628/1693/1634 1630/1695/1636 1534/1696/1637 1533/1694/1635
f 1630/1695/1636 1632/1697/1638 1535/1698/1639 1534/1696/1637
f 1632/1697/1638 1634/1699/1640 1536/1700/1641 1535/1698/1639
f 1536/1700/1641 1634/1699/1640 1636/1701/1642 1537/1702/1643
f 1537/1702/1643 1636/1701/1642 1638/1703/1644 1538/1704/1645
f 1538/1704/1645 1638/1703/1644 1640/1705/1646 1539/1706/1647
f 1640/1705/1646 1642/1707/1648 1540/1708/1649 1539/1706/1647
f 1642/1707/1648 1644/1709/1650 1541/1710/1651 1540/1708/1649
f 1541/1710/1651 1644/1709/1650 1646/1711/1652 1542/1712/1653
f 1646/1711/1652 1648/1713/1654 1543/1714/1655 1542/1712/1653
f 1648/1713/1654 1649/1715/1656 1544/1716/1657 1543/1714/1655
f 1649/1715/1656 1577/1717/1658 1545/1718/1659 1544/1716/1657
f 1577/1717/1658 1546/1719/1660 1547/1720/1661 1545/1718/1659
f 1546/1719/1660 1548/1721/1662 1549/1722/1663 1547/1720/1661
f 1548/1721/1662 1550/1723/1664 1551/1724/1665 1549/1722/1663
f 1550/1725/1664 1552/1579/1525 1553/1726/1666 1551/1727/1665
f 1553/1726/1666 1552/1579/1525 1554/1577/1523 1555/1728/1667
f 1555/1728/1667 1554/1577/1523 1556/1575/1521 1557/1729/1668
f 1557/1729/1668 1556/1575/1521 1558/1574/1520 1559/1730/1669
f 1559/1730/1669 1558/1574/1520 1560/1573/1519 1561/1731/1670
f 1561/1731/1670 1560/1573/1519 1562/1732/1671 1563/1733/1672
f 1562/1732/1671 1564/1734/1673 1565/1735/1674 1563/1733/1672
f 1564/1734/1673 1566/1736/1675 1567/1737/1676 1565/1735/1674
f 1566/1736/1675 1568/1738/1677 1569/1739/1678 1567/1737/1676
f 1568/1738/1677 1570/1547/1493 1571/1740/1679 1569/1739/1678
f 1570/1547/1493 1572/1545/1491 1573/1741/1680 1571/1740/1679
f 1572/1545/1491 1405/1543/1489 1574/1742/1681 1573/1741/1680
f 1405/1543/1489 1404/1542/1488 1403/1541/1487 1574/1742/1681
f 1568/1738/1677 1410/1550/1496 1408/1548/1494 1570/1547/1493
f 1568/1738/1677 1566/1736/1675 1412/1552/1498 1410/1550/1496
f 1566/1736/1675 1564/1734/1673 1575/1743/1682 1412/1552/1498
f 1416/1556/1502 1413/1553/1499 1412/1552/1498 1575/1743/1682
f 1564/1734/1673 1562/1732/1671 1430/1570/1516 1575/1743/1682
f 1575/1743/1682 1430/1570/1516 1428/1568/1514 1416/1556/1502
f 1560/1573/1519 1431/1571/1517 1430/1570/1516 1562/1732/1671
f 1437/1582/1528 1435/1580/1526 1552/1579/1525 1550/1725/1664
f 1550/1723/1664 1548/1721/1662 1439/1585/1530 1437/1584/1528
f 1548/1721/1662 1546/1719/1660 1576/1744/1683 1439/1585/1530
f 1443/1592/1534 1440/1586/1531 1439/1585/1530 1576/1744/1683
f 1546/1719/1660 1577/1717/1658 1578/1745/1684 1576/1744/1683
f 1576/1744/1683 1578/1745/1684 1579/1746/1685 1443/1592/1534
f 1448/1597/1539 1444/1593/1535 1443/1592/1534 1579/1746/1685
f 1578/1745/1684 1580/1747/1686 1581/1748/1687 1579/1746/1685
f 1579/1746/1685 1581/1748/1687 1582/1749/1688 1448/1597/1539
f 1453/1602/1544 1449/1598/1540 1448/1597/1539 1582/1749/1688
f 1581/1748/1687 1583/1750/1689 1584/1751/1690 1582/1749/1688
f 1582/1749/1688 1584/1751/1690 1585/1752/1691 1453/1602/1544
f 1458/1607/1549 1454/1603/1545 1453/1602/1544 1585/1752/1691
f 1584/1751/1690 1586/1753/1692 1587/1754/1693 1585/1752/1691
f 1585/1752/1691 1587/1754/1693 1588/1755/1694 1458/1607/1549
f 1461/1611/1553 1459/1608/1550 1458/1607/1549 1588/1755/1694
f 1587/1754/1693 1589/1756/1695 1590/1757/1696 1588/1755/1694
f 1590/1757/1696 1463/1613/1555 1461/1611/1553 1588/1755/1694
f 1590/1757/1696 1589/1756/1695 1591/1758/1697 1592/1759/1698
f 1592/1759/1698 1472/1623/1565 1463/1613/1555 1590/1757/1696
f 1592/1759/1698 1591/1758/1697 1593/1760/1699 1475/1627/1569
f 1475/1627/1569 1473/1624/1566 1472/1623/1565 1592/1759/1698
f 1591/1758/1697 1594/1761/1700 1595/1762/1701 1593/1760/1699
f 1593/1760/1699 1595/1762/1701 1596/1763/1702 1597/1764/1703
f 1597/1764/1703 1476/1628/1570 1475/1627/1569 1593/1760/1699
f 1597/1764/1703 1596/1763/1702 1598/1765/1704 1599/1766/1705
f 1599/1766/1705 1477/1629/1571 1476/1628/1570 1597/1764/1703
f 1599/1766/1705 1598/1765/1704 1600/1767/1706 1601/1768/1707
f 1601/1768/1707 1479/1632/1574 1477/1629/1571 1599/1766/1705
f 1601/1768/1707 1600/1767/1706 1602/1769/1708 1603/1770/1709
f 1603/1770/1709 1481/1635/1577 1479/1632/1574 1601/1768/1707
f 1603/1770/1709 1602/1769/1708 1604/1771/1710 1605/1772/1711
f 1605/1772/1711 1487/1641/1583 1481/1635/1577 1603/1770/1709
f 1605/1772/1711 1604/1771/1710 1606/1773/1712 1490/1644/1586
f 1490/1644/1586 1488/1642/1584 1487/1641/1583 1605/1772/1711
f 1604/1771/1710 1607/1774/1713 1608/1775/1714 1606/1773/1712
f 1608/1775/1714 1609/1776/1715 1493/1647/1589 1606/1773/1712
f 1493/1647/1589 1491/1645/1587 1490/1644/1586 1606/1773/1712
f 1609/1776/1715 1608/1775/1714 1610/1777/1716 1611/1778/1717
f 1611/1778/1717 1612/1779/1718 1496/1650/1592 1609/1776/1715
f 1609/1776/1715 1496/1650/1592 1494/1648/1590 1493/1647/1589
f 1612/1779/1718 1611/1778/1717 1613/1691/1632 1614/1689/1630
f 1614/1689/1630 1615/1687/1628 1616/1780/1719 1612/1779/1718
f 1612/1779/1718 1616/1780/1719 1497/1651/1593 1496/1650/1592
f 1615/1687/1628 1617/1685/1626 1618/1781/1720 1616/1780/1719
f 1616/1780/1719 1618/1781/1720 1498/1652/1594 1497/1651/1593
f 1617/1685/1626 1619/1683/1624 1620/1782/1721 1618/1781/1720
f 1620/1782/1721 1500/1654/1596 1498/1652/1594 1618/1781/1720
f 1619/1683/1624 1621/1681/1622 1622/1783/1722 1620/1782/1721
f 1620/1782/1721 1622/1783/1722 1502/1656/1598 1500/1654/1596
f 1621/1681/1622 1623/1679/1620 1624/1784/1723 1622/1783/1722
f 1622/1783/1722 1624/1784/1723 1504/1658/1600 1502/1656/1598
f 1624/1784/1723 1623/1679/1620 1625/1677/1618 1626/1785/1724
f 1626/1785/1724 1506/1660/1602 1504/1658/1600 1624/1784/1723
f 1625/1677/1618 1523/1675/1616 1627/1786/1725 1626/1785/1724
f 1626/1785/1724 1627/1786/1725 1508/1662/1604 1506/1660/1602
f 1627/1786/1725 1523/1675/1616 1521/1667/1609 1513/1666/1608
f 1513/1666/1608 1510/1664/1606 1508/1662/1604 1627/1786/1725
f 1611/1778/1717 1610/1777/1716 1628/1693/1634 1613/1691/1632
f 1628/1693/1634 1610/1777/1716 1629/1787/1726 1630/1695/1636
f 1630/1695/1636 1629/1787/1726 1631/1788/1727 1632/1697/1638
f 1632/1697/1638 1631/1788/1727 1633/1789/1728 1634/1699/1640
f 1634/1699/1640 1633/1789/1728 1635/1790/1729 1636/1701/1642
f 1635/1790/1729 1637/1791/1730 1638/1703/1644 1636/1701/1642
f 1638/1703/1644 1637/1791/1730 1639/1792/1731 1640/1705/1646
f 1640/1705/1646 1639/1792/1731 1641/1793/1732 1642/1707/1648
f 1642/1707/1648 1641/1793/1732 1643/1794/1733 1644/1709/1650
f 1643/1794/1733 1645/1795/1734 1646/1711/1652 1644/1709/1650
f 1645/1795/1734 1647/1796/1735 1648/1713/1654 1646/1711/1652
f 1647/1796/1735 1580/1747/1686 1649/1715/1656 1648/1713/1654
f 1580/1747/1686 1578/1745/1684 1577/1717/1658 1649/1715/1656
f 1583/1750/1689 1581/1748/1687 1580/1747/1686 1647/1796/1735
f 1647/1796/1735 1645/1795/1734 1650/1797/1736 1583/1750/1689
f 1586/1753/1692 1584/1751/1690 1583/1750/1689 1650/1797/1736
f 1645/1795/1734 1643/1794/1733 1651/1798/1737 1650/1797/1736
f 1651/1798/1737 1652/1799/1738 1586/1753/1692 1650/1797/1736
f 1589/1756/1695 1587/1754/1693 1586/1753/1692 1652/1799/1738
f 1652/1799/1738 1651/1798/1737 1653/1800/1739 1594/1761/1700
f 1594/1761/1700 1591/1758/1697 1589/1756/1695 1652/1799/1738
f 1651/1798/1737 1643/1794/1733 1641/1793/1732 1653/1800/1739
f 1653/1800/1739 1641/1793/1732 1639/1792/1731 1654/1801/1740
f 1653/1800/1739 1654/1801/1740 1595/1762/1701 1594/1761/1700
f 1654/1801/1740 1639/1792/1731 1637/1791/1730 1655/1802/1741
f 1655/1802/1741 1596/1763/1702 1595/1762/1701 1654/1801/1740
f 1637/1791/1730 1635/1790/1729 1656/1803/1742 1655/1802/1741
f 1656/1803/1742 1598/1765/1704 1596/1763/1702 1655/1802/1741
f 1656/1803/1742 1635/1790/1729 1633/1789/1728 1657/1804/1743
f 1657/1804/1743 1600/1767/1706 1598/1765/1704 1656/1803/1742
f 1657/1804/1743 1633/1789/1728 1631/1788/1727 1658/1805/1744
f 1658/1805/1744 1602/1769/1708 1600/1767/1706 1657/1804/1743
f 1631/1788/1727 1629/1787/1726 1607/1774/1713 1658/1805/1744
f 1607/1774/1713 1604/1771/1710 1602/1769/1708 1658/1805/1744
f 1610/1777/1716 1608/1775/1714 1607/1774/1713 1629/1787/1726
f 1484/1638/1580 1482/1636/1578 1481/1635/1577 1487/1641/1583
f 1472/1623/1565 1466/1616/1558 1464/1614/1556 1463/1613/1555
f 1661/1806/1745 1793/1807/1746 1660/1808/1747
f 1457/1606/1548 1661/1806/1745 1452/1601/1543 1451/1600/1542
f 1457/1606/1548 1456/1605/1547 183/1610/1552 1659/1809/1748
f 1660/1808/1747 1662/1810/1749 1663/1811/1750 1661/1806/1745
f 1661/1806/1745 1663/1811/1750 1664/1812/1751 1452/1601/1543
f 1664/1813/1751 1663/1814/1750 1665/1815/1752 1666/1816/1753
f 1664/1813/1751 1666/1816/1753 88/54/54 1447/1817/1538
f 1447/1596/1538 1446/1595/1537 1452/1601/1543 1664/1812/1751
f 1666/1816/1753 1665/1815/1752 1667/1818/1754 1668/1819/1755
f 1668/1819/1755 89/55/55 88/54/54 1666/1816/1753
f 1668/1819/1755 1667/1818/1754 1669/1820/1756 1670/1821/1757
f 1670/1821/1757 108/76/74 89/55/55 1668/1819/1755
f 1670/1821/1757 1669/1820/1756 131/91/89 136/94/92
f 136/94/92 109/77/75 108/76/74 1670/1821/1757
f 1669/1820/1756 1671/1822/1758 132/92/90 131/91/89
f 1667/1818/1754 1672/1823/1759 1671/1822/1758 1669/1820/1756
f 1673/1824/1760 1674/1825/1761 2119/1826/1762 2120/1827/1763
f 1672/1823/1759 1667/1818/1754 1665/1815/1752 1675/1828/1764
f 1675/1828/1764 2121/1829/1765 2120/1827/1763 1672/1823/1759
f 1676/1830/1766 1821/1831/1767 1822/1832/1768 1673/1824/1760
f 1676/1833/1766 2121/1834/1765 2122/1835/1769 1786/1836/1770
f 1786/1836/1770 1820/1837/1771 1821/1838/1767 1676/1833/1766
f 1787/1839/1772 1788/1840/1773 1682/1841/1774 1677/1842/1775
f 1818/1843/1776 1819/1844/1777 1679/1845/1778 1683/1846/1779
f 1680/1847/1780 1684/1848/1781 165/133/131 1681/1849/1782
f 1817/1850/1783 1818/1843/1776 1683/1846/1779 1794/1851/1784
f 1684/1848/1781 1795/1852/1785 1796/134/132 165/133/131
f 1815/159/157 1816/1853/1786 1685/1854/1787 182/156/154
f 1686/1855/1788 185/1856/1789 1687/1857/1790 166/1858/1791
f 227/211/209 20/130/128 166/1858/1791 1687/1857/1790
f 1687/1857/1790 185/1856/1789 184/1859/1792 1688/1860/1793
f 1688/1860/1793 228/212/210 227/211/209 1687/1857/1790
f 1688/1860/1793 184/1859/1792 267/258/256 269/260/258
f 269/260/258 229/213/211 228/212/210 1688/1860/1793
f 1794/1851/1784 1683/1846/1779 2124/1861/1794 2125/1862/1795
f 1659/1809/1748 183/1610/1552 2127/157/155 2126/1863/1796
f 1683/1846/1779 1679/1845/1778 2123/1864/1797 2124/1861/1794
f 1682/1841/1774 1689/1865/1798 1814/1866/1799
f 129/88/86 1678/1867/1800 1677/1868/1775 1682/1869/1774
f 1788/1840/1773 1789/1870/1801 1689/1865/1798 1682/1841/1774
f 1790/1871/1802 1692/1872/1803 1689/1865/1798 1789/1870/1801
f 1690/1873/1804 1681/1849/1782 165/133/131 164/132/130
f 1690/1873/1804 164/132/130 167/135/133 1691/1874/1805
f 1693/1875/1806 1812/1876/1807 1813/1877/1808 1692/1878/1803
f 1692/1878/1803 1813/1877/1808 1814/1879/1799 1689/1880/1798
f 1692/1872/1803 1790/1871/1802 1791/1881/1809 1693/1882/1806
f 1791/1881/1809 1792/26/26 65/25/25 1693/1882/1806
f 1691/1874/1805 167/135/133 1696/1883/1810 1695/1884/1811
f 1696/1883/1810 21/21/21 63/20/20 1695/1884/1811
f 167/135/133 163/129/127 176/149/147 1696/1883/1810
f 1696/1883/1810 176/149/147 168/136/134 21/21/21
f 1805/1885/1812 1806/1886/1813 1697/1887/1814 1698/1888/1815
f 1805/1885/1812 1698/1888/1815 127/86/84 1804/85/83
f 1811/70/69 1812/1876/1807 1693/1875/1806 65/71/25
f 1698/1888/1815 1697/1887/1814 1699/1889/1816 1700/1890/1817
f 1700/1890/1817 130/89/87 127/86/84 1698/1888/1815
f 1700/1890/1817 1699/1889/1816 1701/1891/1818 1702/1892/1819
f 1702/1892/1819 1703/1893/1820 130/89/87 1700/1890/1817
f 1824/1894/1821 1825/1895/1822 1704/1896/1823 1705/1897/1824
f 1823/1898/1825 1824/1894/1821 1705/1897/1824 1674/1825/1761
f 1703/1893/1820 1706/1899/1826 128/87/85 130/89/87
f 1823/1898/1825 1674/1825/1761 1673/1824/1760 1822/1832/1768
f 1706/1899/1826 1678/1867/1800 129/88/86 128/87/85
f 1705/1897/1824 1704/1896/1823 2117/1900/1827 2118/1901/1828
f 132/92/90 1671/1822/1758 2119/1826/1762 2118/1901/1828
f 1704/1896/1823 1707/1902/1829 2116/1903/1830 2117/1900/1827
f 1825/1895/1822 1826/1904/1831 1707/1902/1829 1704/1896/1823
f 1710/1905/1832 758/864/840 1711/1906/1833 2143/1907/1834
f 1711/1906/1833 134/97/95 2142/96/94 2143/1907/1834
f 1707/1902/1829 1712/1908/1835 2115/1909/1836 2116/1903/1830
f 1712/1908/1835 1827/1910/1837 1713/1911/1838 2139/1912/1839
f 1712/1908/1835 1707/1902/1829 1826/1904/1831 1827/1910/1837
f 1715/1913/1840 1716/1914/1841 1717/1915/1842 1713/1911/1838
f 1715/1913/1840 1714/1916/1843 1718/1917/1844 1719/1918/1845
f 1719/1918/1845 1720/1919/1846 1716/1914/1841 1715/1913/1840
f 1720/1919/1846 1724/1920/1847 773/883/859 1716/1914/1841
f 1720/1919/1846 1719/1918/1845 1721/1921/1848 1722/1922/1849
f 1722/1922/1849 1723/19/19 1724/1920/1847 1720/1919/1846
f 1723/19/19 1722/1922/1849 1809/1923/1850 1726/17/17
f 1726/17/17 1725/1924/1851 1727/1925/1852 1728/18/18
f 1728/18/18 1727/1925/1852 791/902/878 789/900/876
f 1725/1924/1851 101/1926/1853 100/68/67 1727/1925/1852
f 1727/1925/1852 100/68/67 1729/1927/1854 791/902/878
f 100/68/67 10/67/24 66/1928/27 1729/1927/1854
f 66/27/27 796/910/883 794/907/881 1729/1929/1854
f 1729/1927/1854 794/1930/881 792/903/879 791/902/878
f 1808/1931/1855 1809/1923/1850 1722/1922/1849 1721/1921/1848
f 1724/1920/1847 778/889/865 774/884/860 773/883/859
f 1723/19/19 61/15/15 778/889/865 1724/1920/1847
f 1719/1918/1845 1718/1917/1844 1730/1932/1856 1721/1921/1848
f 1721/1921/1848 1730/1932/1856 1807/1933/1857 1808/1931/1855
f 1718/1917/1844 1699/1889/1816 1697/1887/1814 1730/1932/1856
f 1730/1932/1856 1697/1887/1814 1806/1886/1813 1807/1933/1857
f 769/882/858 1717/1915/1842 1716/1914/1841 773/883/859
f 1714/1916/1843 1701/1891/1818 1699/1889/1816 1718/1917/1844
f 1717/1915/1842 769/882/858 2112/878/854 2113/1934/1858
f 2114/1935/1859 2139/1912/1839 2113/1934/1858 2138/873/849
f 1711/1906/1833 758/864/840 1731/1936/1860
f 1711/1906/1833 1731/1936/1860 1424/1564/1510 134/97/95
f 758/864/840 755/859/835 754/858/834 1731/1936/1860
f 1731/1936/1860 754/858/834 1425/1565/1511 1424/1564/1510
f 1710/1905/1832 2110/869/845 759/865/841 758/864/840
f 1675/1828/1764 1665/1815/1752 1785/1937/1861
f 1447/1817/1538 88/54/54 87/53/53 1442/1938/1533
f 1421/1561/1507 1417/1557/1503 1416/1556/1502 1428/1568/1514
f 754/858/834 751/854/830 750/853/829 1425/1565/1511
f 1425/1565/1511 750/853/829 1420/1560/1506 1419/1559/1505
f 1420/1560/1506 750/853/829 113/81/79
f 1420/1560/1506 113/81/79 112/80/78 1415/1555/1501
f 1355/1490/1438 1353/1487/1435 257/244/242 256/243/241
f 1353/1487/1435 1351/1483/1431 261/249/247 2109/248/246
f 1351/1483/1431 1349/1481/1429 1348/1480/1428 261/249/247
f 1348/1480/1428 1346/1477/1425 1732/1939/1862 1733/1940/1863
f 1733/1940/1863 258/250/248 261/249/247 1348/1480/1428
f 1733/1940/1863 1732/1939/1862 1734/1941/1864 1735/1942/1865
f 1735/1942/1865 259/1943/1866 258/250/248 1733/1940/1863
f 1735/1942/1865 1734/1941/1864 1736/1944/1867 1737/1945/1868
f 1737/1945/1868 1738/1946/1869 259/1943/1866 1735/1942/1865
f 1738/1946/1869 1737/1945/1868 1739/1947/1870 1740/1948/1871
f 2140/1949/1872 1741/1950/1873 1742/1951/1874 2108/1952/1875
f 2108/1952/1875 1742/1951/1874 260/247/245 2107/246/244
f 1741/1950/1873 1743/1953/1876 1744/1954/1877 1742/1951/1874
f 1742/1951/1874 1744/1954/1877 262/251/249 260/247/245
f 1744/1954/1877 272/263/261 1745/1955/1878 262/251/249
f 272/263/261 271/262/260 1746/1956/1879 1745/1955/1878
f 1745/1955/1878 1746/1956/1879 233/217/215 216/199/197
f 216/199/197 215/198/196 262/251/249 1745/1955/1878
f 271/262/260 266/256/254 265/254/252 1746/1956/1879
f 265/254/252 264/253/251 233/217/215 1746/1956/1879
f 1743/1953/1876 1741/1950/1873 1747/1957/1880 1748/1958/1881
f 1748/1958/1881 273/265/263 42/264/262 1743/1953/1876
f 1748/1958/1881 1747/1957/1880 197/176/174 196/175/173
f 196/175/173 200/179/177 273/265/263 1748/1958/1881
f 1747/1957/1880 2141/1959/1882 251/235/233 197/176/174
f 1741/1950/1873 2140/1949/1872 2141/1959/1882 1747/1957/1880
f 1740/1948/1871 1739/1947/1870 1750/1960/1883 1749/1961/1884
f 1739/1947/1870 1753/1962/1885 1751/1963/1886 1750/1960/1883
f 1753/1962/1885 1754/1964/1887 1755/1965/1888 1751/1963/1886
f 1753/1962/1885 1739/1947/1870 1737/1945/1868 1736/1944/1867
f 1736/1944/1867 1756/1966/1889 1754/1964/1887 1753/1962/1885
f 1756/1966/1889 1757/1967/1890 1758/1968/1891 1754/1964/1887
f 1756/1966/1889 1736/1944/1867 1734/1941/1864 1759/1969/1892
f 1756/1966/1889 1759/1969/1892 1760/1970/1893 1757/1967/1890
f 1760/1970/1893 1761/1971/1894 1762/1972/1895 1757/1967/1890
f 1759/1969/1892 1763/1973/1896 1764/1974/1897 1760/1970/1893
f 1760/1970/1893 1764/1974/1897 1765/1975/1898 1761/1971/1894
f 1765/1975/1898 1766/1976/1899 1767/1977/1900 1761/1971/1894
f 1765/1975/1898 1764/1974/1897 1342/1472/1420 1340/1470/1418
f 1340/1470/1418 1338/1468/1416 1766/1976/1899 1765/1975/1898
f 1767/1977/1900 1768/932/905 816/930/903 815/931/904
f 815/931/904 1762/1972/1895 1761/1971/1894 1767/1977/1900
f 1767/1977/1900 1766/1976/1899 1768/932/905
f 1768/932/905 1766/1976/1899 1338/1468/1416 1337/1467/1415
f 1763/1973/1896 1344/1474/1422 1342/1472/1420 1764/1974/1897
f 1759/1969/1892 1734/1941/1864 1732/1939/1862 1763/1973/1896
f 1763/1973/1896 1732/1939/1862 1346/1477/1425 1344/1474/1422
f 1762/1972/1895 815/931/904 813/929/902 812/928/901
f 812/928/901 1758/1968/1891 1757/1967/1890 1762/1972/1895
f 1758/1968/1891 812/928/901 809/924/897 808/923/896
f 808/923/896 1755/1965/1888 1754/1964/1887 1758/1968/1891
f 1755/1965/1888 808/923/896 804/918/891 803/917/890
f 803/917/890 1751/1963/1886 1755/1965/1888
f 1752/1978/1901 800/915/888 237/914/887 252/1979/1902
f 1337/1467/1415 820/935/908 818/933/906 1768/932/905
f 1336/753/736 823/938/911 821/936/909 820/935/908
f 1334/941/914 824/939/912 823/938/911 1335/1466/1414
f 1769/946/919 826/942/915 1334/941/914 1333/1465/1413
f 1333/1465/1413 1332/1464/1412 1770/1462/1410 1769/946/919
f 1769/946/919 1770/1462/1410 1329/950/923 828/947/920
f 807/922/895 274/266/264 280/273/271 802/920/893
f 796/910/883 66/27/27 64/22/22 170/139/137
f 789/900/876 787/898/874 59/13/13 1728/18/18
f 783/894/870 60/14/14 59/13/13 787/898/874
f 779/890/866 778/889/865 61/15/15 60/14/14
f 142/105/103 107/75/73 106/74/72 746/849/825
f 595/668/656 115/667/655 119/525/519 597/670/658
f 410/439/433 153/118/116 152/117/115 414/443/437
f 406/435/429 405/434/428 154/119/117 153/118/116
f 401/430/424 400/429/423 99/66/66 405/434/428
f 405/434/428 99/66/66 96/63/63 154/119/117
f 332/341/339 222/202/200 221/205/203 333/342/340
f 325/333/331 323/332/330 1798/1980/1903 1799/1981/1904
f 2093/329/327 319/325/323 1844/324/322 2092/1982/1905
f 322/328/326 302/299/297 301/297/295 317/321/319
f 303/301/299 296/292/290 295/290/288 305/303/301
f 277/269/267 276/268/266 281/275/273 286/280/278
f 200/179/177 1771/1983/1906 231/215/213 273/265/263
f 200/179/177 199/178/176 178/151/149 1771/1983/1906
f 1771/1983/1906 178/151/149 162/128/126 161/127/125
f 1771/1983/1906 161/127/125 226/210/208 231/215/213
f 271/262/260 270/261/259 268/259/257 266/256/254
f 229/213/211 269/260/258 268/259/257 270/261/259
f 267/258/256 184/1859/1792 24/158/156 186/161/159
f 239/223/221 238/222/220 49/1177/1141 1/1224/4
f 227/211/209 226/210/208 161/127/125 20/130/128
f 201/180/178 169/137/135 168/136/134 177/150/148
f 177/150/148 178/151/149 199/178/176 201/180/178
f 154/119/117 96/63/63 95/62/62 18/107/105
f 95/62/62 94/61/61 110/78/76 144/108/106
f 144/108/106 110/78/76 11/49/49 107/75/73
f 94/61/61 93/60/60 77/40/40 110/78/76
f 85/51/51 8/50/50 89/55/55 82/45/45
f 82/45/45 89/55/55 108/76/74 7/46/46
f 646/728/711 218/723/707 643/727/710 645/730/713
f 2146/171/169 26/170/168 2147/1984/1907 2151/1985/1908
f 634/1986/1909 1773/712/699 1772/715/701 2153/1987/1910
f 633/1988/1911 1774/708/696 1773/711/699 634/1989/1909
f 1774/708/696 633/1988/1911 632/1990/1912 1775/1357/1310
f 632/1990/1912 137/98/96 1775/1357/1310
f 1776/705/693 137/98/96 632/1990/1912
f 1776/705/693 632/1990/1912 633/1988/1911 1777/706/694
f 1777/706/694 633/1988/1911 634/1989/1909 1778/707/695
f 22/1991/1913 1779/140/138 1778/707/695 634/1989/1909
f 2147/1984/1907 26/170/168 2084/606/596
f 375/396/394 2090/1992/1914 2091/1993/1915 318/323/321
f 1780/1994/1916 247/404/402 245/403/401
f 245/403/401 383/409/407 1780/1994/1916
f 542/594/584 1781/1995/1917 2097/1996/1918 2096/599/589
f 541/593/583 1782/1997/1919 1781/1995/1917 542/594/584
f 1782/1997/1919 541/593/583 540/592/582 1783/1998/1920
f 171/608/139 1784/1999/1921 1783/1998/1920 540/592/582
f 171/608/139 1779/2000/138 22/2001/1913 1784/1999/1921
f 382/407/405 383/409/407 245/403/401
f 1785/1937/1861 1665/1815/1752 1663/1814/1750 1662/2002/1749
f 1786/1836/1770 2122/1835/1769 2123/1864/1797 1679/1845/1778
f 1820/1837/1771 1786/1836/1770 1679/1845/1778 1819/1844/1777
f 1680/1847/1780 1681/1849/1782 1788/1840/1773 1787/1839/1772
f 1789/1870/1801 1788/1840/1773 1681/1849/1782 1690/1873/1804
f 1691/1874/1805 1790/1871/1802 1789/1870/1801 1690/1873/1804
f 1790/1871/1802 1691/1874/1805 1695/1884/1811 1791/1881/1809
f 1695/1884/1811 63/20/20 1792/26/26 1791/1881/1809
f 4/23/23 1792/26/26 63/20/20
f 1457/1606/1548 1659/1809/1748 1793/1807/1746 1661/1806/1745
f 1685/1854/1787 1794/1851/1784 2125/1862/1795 2126/1863/1796
f 1816/1853/1786 1817/1850/1783 1794/1851/1784 1685/1854/1787
f 1795/1852/1785 1686/1855/1788 166/1858/1791 1796/134/132
f 1797/131/129 1796/134/132 166/1858/1791 20/130/128
f 20/130/128 163/129/127 1797/131/129
f 1799/1981/1904 1798/1980/1903 2064/2003/1922
f 1800/603/593 2100/604/594 2099/597/587 544/596/586
f 543/601/591 1801/605/595 1800/603/593 544/596/586
f 194/173/171 1802/172/170 1801/605/595 543/601/591
f 1803/84/82 129/88/86 125/2004/1923
f 1804/85/83 1803/84/82 125/2004/1923 126/2005/1924
f 1805/1885/1812 1804/85/83 126/2005/1924 1694/2006/1925
f 1694/2006/1925 103/2007/1926 1806/1886/1813 1805/1885/1812
f 1807/1933/1857 1806/1886/1813 103/2007/1926 102/2008/1927
f 1808/1931/1855 1807/1933/1857 102/2008/1927 101/1926/1853
f 1809/1923/1850 1808/1931/1855 101/1926/1853 1725/1924/1851
f 1726/17/17 1809/1923/1850 1725/1924/1851
f 1810/69/68 100/68/67 101/1926/1853 102/2008/1927
f 1811/70/69 1810/69/68 102/2008/1927 103/2007/1926
f 1812/1876/1807 1811/70/69 103/2007/1926 1694/2006/1925
f 1812/1876/1807 1694/2006/1925 126/2005/1924 1813/1877/1808
f 1813/1877/1808 126/2005/1924 125/2004/1923 1814/1879/1799
f 1814/1879/1799 125/2004/1923 129/88/86 1682/1869/1774
f 184/1859/1792 185/1856/1789 1815/159/157 24/158/156
f 1816/1853/1786 1815/159/157 185/1856/1789 1686/1855/1788
f 1817/1850/1783 1816/1853/1786 1686/1855/1788 1795/1852/1785
f 1818/1843/1776 1817/1850/1783 1795/1852/1785 1684/1848/1781
f 1819/1844/1777 1818/1843/1776 1684/1848/1781 1680/1847/1780
f 1787/1839/1772 1820/1837/1771 1819/1844/1777 1680/1847/1780
f 1820/1837/1771 1787/1839/1772 1677/1842/1775 1821/1838/1767
f 1821/1831/1767 1677/1868/1775 1678/1867/1800 1822/1832/1768
f 1823/1898/1825 1822/1832/1768 1678/1867/1800 1706/1899/1826
f 1824/1894/1821 1823/1898/1825 1706/1899/1826 1703/1893/1820
f 1703/1893/1820 1702/1892/1819 1825/1895/1822 1824/1894/1821
f 1826/1904/1831 1825/1895/1822 1702/1892/1819 1701/1891/1818
f 1827/1910/1837 1826/1904/1831 1701/1891/1818 1714/1916/1843
f 1713/1911/1838 1827/1910/1837 1714/1916/1843 1715/1913/1840
f 1383/1518/1466 1384/1519/1467 1382/1517/1465
f 1832/310/308 310/387/385 311/312/310 1833/311/309
f 1834/314/312 313/315/313 309/308/306 1833/311/309
f 1835/318/316 315/319/317 313/315/313 1834/314/312
f 1829/375/373 359/775/758 2070/376/374
f 1830/379/377 360/382/380 361/385/383 1831/380/378
f 1832/310/308 308/309/307 307/381/379 1831/380/378
f 1835/318/316 314/317/315 375/396/394
f 680/768/751 682/770/753 683/773/756 1828/769/752
f 1828/769/752 683/773/756 359/775/758 1829/375/373
f 1839/305/303 307/381/379 308/309/307 1840/306/304
f 1840/306/304 308/309/307 309/308/306 1841/307/305
f 1842/316/314 300/296/294 299/295/293 1841/307/305
f 1843/320/318 316/322/320 300/296/294 1842/316/314
f 1844/324/322 319/325/323 316/322/320 1843/320/318
f 1837/371/369 357/374/372 2071/377/375 2072/372/370
f 1838/373/371 358/378/376 307/381/379 1839/305/303
f 678/764/747 680/768/751 681/767/750 1836/766/749
f 1837/371/369 355/367/365 679/765/748 1836/766/749
f 1844/324/322 318/323/321 2091/1993/1915 2092/1982/1905
f 369/795/778 371/794/777 1845/2009/1928
f 1845/2009/1928 371/794/777 373/798/781 374/2010/1929
f 372/394/392 2078/2011/1930 2079/2012/1931 1846/395/393
f 1848/2013/1932 1851/2014/1933 1850/2015/1934 1849/2016/1935
f 1852/2017/1936 1855/2018/1937 1854/2019/1938 1853/2020/1939
f 1856/2021/1940 1852/2017/1936 1853/2020/1939 1857/2022/1941
f 1858/2023/1942 1861/2024/1943 1860/2025/1944 1859/2026/1945
f 1861/2024/1943 1858/2023/1942 1863/2027/1946 1862/2028/1947
f 1864/2029/1948 1863/2027/1946 1858/2023/1942 1865/2030/1949
f 1863/2027/1946 1866/2031/1950 1862/2028/1947
f 1863/2027/1946 1864/2029/1948 1867/2032/1951 1866/2031/1950
f 1866/2031/1950 1867/2032/1951 1869/2033/1952 1868/2034/1953
f 1868/2034/1953 1869/2033/1952 1871/2035/1954 1870/2036/1955
f 1870/2036/1955 1871/2035/1954 1873/2037/1956 1872/2038/1957
f 1872/2038/1957 1873/2037/1956 1875/2039/1958 1874/2040/1959
f 1874/2040/1959 1875/2039/1958 1877/2041/1960 1876/2042/1961
f 1877/2041/1960 1879/2043/1962 1878/2044/1963 1876/2042/1961
f 1879/2043/1962 1881/2045/1964 1880/2046/1965 1878/2044/1963
f 1881/2045/1964 1883/2047/1966 1882/2048/1967 1880/2046/1965
f 1882/2048/1967 1883/2047/1966 1885/2049/1968 1884/2050/1969
f 1884/2050/1969 1885/2049/1968 1887/2051/1970 1886/2052/1971
f 1886/2052/1971 1887/2051/1970 1889/2053/1972 1888/2054/1973
f 1888/2054/1973 1889/2053/1972 1891/2055/1974 1890/2056/1975
f 1890/2056/1975 1891/2055/1974 1893/2057/1976 1892/2058/1977
f 1892/2058/1977 1893/2057/1976 1895/2059/1978 1894/2060/1979
f 1894/2060/1979 1895/2059/1978 1897/2061/1980 1896/2062/1981
f 1896/2062/1981 1897/2061/1980 1899/2063/1982 1898/2064/1983
f 1899/2063/1982 1900/2065/1984 1851/2014/1933 1898/2064/1983
f 1900/2065/1984 1901/2066/1985 1850/2015/1934 1851/2014/1933
f 1850/2015/1934 1901/2066/1985 1903/2067/1986 1902/2068/1987
f 1902/2068/1987 1903/2067/1986 1905/2069/1988 1904/2070/1989
f 1904/2070/1989 1905/2069/1988 1907/2071/1990 1906/2072/1991
f 1906/2072/1991 1907/2071/1990 1909/2073/1992 1908/2074/1993
f 1908/2074/1993 1909/2073/1992 1911/2075/1994 1910/2076/1995
f 1910/2076/1995 1911/2075/1994 1913/2077/1996 1912/2078/1997
f 1912/2078/1997 1913/2077/1996 1915/2079/1998 1914/2080/1999
f 1915/2079/1998 1917/2081/2000 1916/2082/2001 1914/2080/1999
f 1917/2081/2000 1919/2083/2002 1918/2084/2003 1916/2082/2001
f 1919/2083/2002 1920/2085/2004 1854/2019/1938 1918/2084/2003
f 1920/2085/2004 1921/2086/2005 1853/2020/1939 1854/2019/1938
f 1921/2086/2005 1922/2087/2006 1857/2022/1941 1853/2020/1939
f 1857/2022/1941 1922/2087/2006 1924/2088/2007 1923/2089/2008
f 1923/2089/2008 1924/2088/2007 1926/2090/2009 1925/2091/2010
f 1926/2090/2009 1928/2092/2011 1927/2093/2012 1925/2091/2010
f 1928/2092/2011 1930/2094/2013 1929/2095/2014 1927/2093/2012
f 1930/2094/2013 1932/2096/2015 1931/2097/2016 1929/2095/2014
f 1931/2097/2016 1932/2096/2015 1933/2098/2017 1859/2026/1945
f 1859/2026/1945 1933/2098/2017 1865/2030/1949 1858/2023/1942
f 1931/2097/2016 1935/2099/2018 1934/2100/2019 1929/2095/2014
f 1935/2099/2018 1931/2097/2016 1859/2026/1945 1860/2025/1944
f 1934/2100/2019 1936/2101/2020 1927/2093/2012 1929/2095/2014
f 1936/2101/2020 1937/2102/2021 1925/2091/2010 1927/2093/2012
f 1925/2091/2010 1937/2102/2021 1938/2103/2022 1923/2089/2008
f 1923/2089/2008 1938/2103/2022 1856/2021/1940 1857/2022/1941
f 1916/2082/2001 1918/2084/2003 1855/2018/1937 1939/2104/2023
f 1918/2084/2003 1854/2019/1938 1855/2018/1937
f 1914/2080/1999 1939/2104/2023 1940/2105/2024 1912/2078/1997
f 1939/2104/2023 1914/2080/1999 1916/2082/2001
f 1941/2106/2025 1942/2107/2026 1888/2054/1973 1890/2056/1975
f 1942/2107/2026 1943/2108/2027 1886/2052/1971 1888/2054/1973
f 1944/2109/2028 1941/2106/2025 1890/2056/1975 1892/2058/1977
f 1945/2110/2029 1894/2060/1979 1896/2062/1981 1946/2111/2030
f 1894/2060/1979 1945/2110/2029 1944/2109/2028 1892/2058/1977
f 1946/2111/2030 1896/2062/1981 1898/2064/1983 1947/2112/2031
f 1947/2112/2031 1898/2064/1983 1851/2014/1933 1848/2013/1932
f 1948/2113/2032 1902/2068/1987 1904/2070/1989
f 1948/2113/2032 1904/2070/1989 1906/2072/1991 1949/2114/2033
f 1949/2114/2033 1906/2072/1991 1908/2074/1993
f 1902/2068/1987 1948/2113/2032 1849/2016/1935 1850/2015/1934
f 1949/2114/2033 1908/2074/1993 1910/2076/1995 1940/2105/2024
f 1940/2105/2024 1910/2076/1995 1912/2078/1997
f 1886/2052/1971 1943/2108/2027 1950/2115/2034 1884/2050/1969
f 1884/2050/1969 1950/2115/2034 1951/2116/2035 1882/2048/1967
f 1951/2116/2035 1880/2046/1965 1882/2048/1967
f 1952/2117/2036 1868/2034/1953 1870/2036/1955
f 1952/2117/2036 1870/2036/1955 1872/2038/1957 1953/2118/2037
f 1953/2118/2037 1872/2038/1957 1874/2040/1959
f 1953/2118/2037 1874/2040/1959 1876/2042/1961 1954/2119/2038
f 1954/2119/2038 1876/2042/1961 1878/2044/1963
f 1954/2119/2038 1878/2044/1963 1880/2046/1965 1951/2116/2035
f 1868/2034/1953 1952/2117/2036 1862/2028/1947 1866/2031/1950
f 1917/2081/2000 1915/2079/1998 989/2120/1098 991/2121/1100
f 1919/2083/2002 1917/2081/2000 991/2121/1100 993/2122/1102
f 1920/2085/2004 1919/2083/2002 993/2122/1102 994/2123/1103
f 1921/2086/2005 1920/2085/2004 994/2123/1103 995/2124/1104
f 1922/2087/2006 1921/2086/2005 995/2124/1104 996/2125/1105
f 1924/2088/2007 1922/2087/2006 996/2125/1105 998/2126/1107
f 1926/2090/2009 1924/2088/2007 998/2126/1107 1000/2127/1109
f 1928/2092/2011 1926/2090/2009 1000/2127/1109 1002/2128/1111
f 1930/2094/2013 1928/2092/2011 1002/2128/1111 1004/2129/1113
f 1932/2096/2015 1930/2094/2013 1004/2129/1113 1006/2130/1115
f 1933/2098/2017 1932/2096/2015 1006/2130/1115 1007/2131/1116
f 1865/2030/1949 1933/2098/2017 1007/2131/1116 939/2132/1048
f 1864/2029/1948 1865/2030/1949 939/2132/1048 938/2133/1047
f 1867/2032/1951 1864/2029/1948 938/2133/1047 941/2134/1050
f 1869/2033/1952 1867/2032/1951 941/2134/1050 943/2135/1052
f 1871/2035/1954 1869/2033/1952 943/2135/1052 945/2136/1054
f 1873/2037/1956 1871/2035/1954 945/2136/1054 947/2137/1056
f 1875/2039/1958 1873/2037/1956 947/2137/1056 949/2138/1058
f 1877/2041/1960 1875/2039/1958 949/2138/1058 951/2139/1060
f 1879/2043/1962 1877/2041/1960 951/2139/1060 953/2140/1062
f 1881/2045/1964 1879/2043/1962 953/2140/1062 955/2141/1064
f 1883/2047/1966 1881/2045/1964 955/2141/1064 957/2142/1066
f 1885/2049/1968 1883/2047/1966 957/2142/1066 959/2143/1068
f 1887/2051/1970 1885/2049/1968 959/2143/1068 961/2144/1070
f 1889/2053/1972 1887/2051/1970 961/2144/1070 963/2145/1072
f 1891/2055/1974 1889/2053/1972 963/2145/1072 965/2146/1074
f 1893/2057/1976 1891/2055/1974 965/2146/1074 967/2147/1076
f 1895/2059/1978 1893/2057/1976 967/2147/1076 969/2148/1078
f 1897/2061/1980 1895/2059/1978 969/2148/1078 971/2149/1080
f 1899/2063/1982 1897/2061/1980 971/2149/1080 973/2150/1082
f 1900/2065/1984 1899/2063/1982 973/2150/1082 974/2151/1083
f 1901/2066/1985 1900/2065/1984 974/2151/1083 975/2152/1084
f 1903/2067/1986 1901/2066/1985 975/2152/1084 977/2153/1086
f 1905/2069/1988 1903/2067/1986 977/2153/1086 979/2154/1088
f 1907/2071/1990 1905/2069/1988 979/2154/1088 981/2155/1090
f 1909/2073/1992 1907/2071/1990 981/2155/1090 983/2156/1092
f 1911/2075/1994 1909/2073/1992 983/2156/1092 985/2157/1094
f 1913/2077/1996 1911/2075/1994 985/2157/1094 987/2158/1096
f 1915/2079/1998 1913/2077/1996 987/2158/1096 989/2120/1098
f 1848/2013/1932 1849/2016/1935 1955/2159/2039
f 1855/2018/1937 1852/2017/1936 1955/2159/2039
f 1852/2017/1936 1856/2021/1940 1955/2159/2039
f 1860/2025/1944 1861/2024/1943 1955/2159/2039
f 1861/2024/1943 1862/2028/1947 1955/2159/2039
f 1934/2100/2019 1935/2099/2018 1955/2159/2039
f 1935/2099/2018 1860/2025/1944 1955/2159/2039
f 1936/2101/2020 1934/2100/2019 1955/2159/2039
f 1937/2102/2021 1936/2101/2020 1955/2159/2039
f 1938/2103/2022 1937/2102/2021 1955/2159/2039
f 1856/2021/1940 1938/2103/2022 1955/2159/2039
f 1939/2104/2023 1855/2018/1937 1955/2159/2039
f 1940/2105/2024 1939/2104/2023 1955/2159/2039
f 1942/2107/2026 1941/2106/2025 1955/2159/2039
f 1943/2108/2027 1942/2107/2026 1955/2159/2039
f 1941/2106/2025 1944/2109/2028 1955/2159/2039
f 1945/2110/2029 1946/2111/2030 1955/2159/2039
f 1944/2109/2028 1945/2110/2029 1955/2159/2039
f 1946/2111/2030 1947/2112/2031 1955/2159/2039
f 1947/2112/2031 1848/2013/1932 1955/2159/2039
f 1948/2113/2032 1949/2114/2033 1955/2159/2039
f 1849/2016/1935 1948/2113/2032 1955/2159/2039
f 1949/2114/2033 1940/2105/2024 1955/2159/2039
f 1950/2115/2034 1943/2108/2027 1955/2159/2039
f 1951/2116/2035 1950/2115/2034 1955/2159/2039
f 1952/2117/2036 1953/2118/2037 1955/2159/2039
f 1953/2118/2037 1954/2119/2038 1955/2159/2039
f 1954/2119/2038 1951/2116/2035 1955/2159/2039
f 1862/2028/1947 1952/2117/2036 1955/2159/2039
f 2058/2160/2040 1957/2161/2041 1956/2162/2042
f 2058/2160/2040 1958/2163/2043 1957/2161/2041
f 1959/2164/2044 1958/2163/2043 2058/2160/2040
f 1960/2165/2045 1959/2164/2044 2058/2160/2040
f 1961/2166/2046 1960/2165/2045 2058/2160/2040
f 2058/2160/2040 1962/2167/2047 1961/2166/2046
f 1964/2168/2048 1963/2169/2049 2058/2160/2040
f 2058/2160/2040 1965/2170/2050 1964/2168/2048
f 1966/2171/2051 1965/2170/2050 2058/2160/2040
f 1966/2171/2051 2058/2160/2040 1956/2162/2042
f 1966/2171/2051 1956/2162/2042 1968/2172/2052 1967/2173/2053
f 1956/2162/2042 1957/2161/2041 1969/2174/2054 1968/2172/2052
f 1970/2175/2055 1969/2174/2054 1957/2161/2041 1958/2163/2043
f 1971/2176/2056 1970/2175/2055 1958/2163/2043 1959/2164/2044
f 1972/2177/2057 1971/2176/2056 1959/2164/2044 1960/2165/2045
f 1973/2178/2058 1972/2177/2057 1960/2165/2045 1961/2166/2046
f 1974/2179/2059 1973/2178/2058 1961/2166/2046 1962/2167/2047
f 1962/2167/2047 1976/2180/2060 1975/2181/2061 1974/2179/2059
f 1976/2180/2060 1962/2167/2047 2058/2160/2040
f 1976/2180/2060 2058/2160/2040 1977/2182/2062
f 1977/2182/2062 2058/2160/2040 1978/2183/2063
f 1978/2183/2063 2058/2160/2040 1979/2184/2064
f 2058/2160/2040 1981/2185/2065 1980/2186/2066
f 2058/2160/2040 1982/2187/2067 1981/2185/2065
f 1982/2187/2067 2058/2160/2040 1983/2188/2068
f 1983/2188/2068 2058/2160/2040 1984/2189/2069
f 2058/2160/2040 1986/2190/2070 1985/2191/2071
f 1986/2190/2070 2058/2160/2040 1963/2169/2049
f 1963/2169/2049 1988/2192/2072 1987/2193/2073 1986/2190/2070
f 1988/2192/2072 1963/2169/2049 1964/2168/2048 1989/2194/2074
f 1990/2195/2075 1989/2194/2074 1964/2168/2048 1965/2170/2050
f 1967/2173/2053 1990/2195/2075 1965/2170/2050 1966/2171/2051
f 1987/2193/2073 1991/2196/2076 1985/2191/2071 1986/2190/2070
f 1991/2196/2076 1993/2197/2077 1992/2198/2078 1985/2191/2071
f 1992/2198/2078 1993/2197/2077 1995/2199/2079 1994/2200/2080
f 1995/2199/2079 1997/2201/2081 1996/2202/2082 1994/2200/2080
f 1996/2202/2082 1997/2201/2081 1999/2203/2083 1998/2204/2084
f 1998/2204/2084 1999/2203/2083 2001/2205/2085 2000/2206/2086
f 2000/2206/2086 2001/2205/2085 2003/2207/2087 2002/2208/2088
f 2002/2208/2088 2003/2207/2087 2005/2209/2089 2004/2210/2090
f 2004/2210/2090 2005/2209/2089 2007/2211/2091 2006/2212/2092
f 2006/2212/2092 2007/2211/2091 2009/2213/2093 2008/2214/2094
f 2008/2214/2094 2009/2213/2093 2011/2215/2095 2010/2216/2096
f 2010/2216/2096 2011/2215/2095 2013/2217/2097 2012/2218/2098
f 2012/2218/2098 2013/2217/2097 2015/2219/2099 2014/2220/2100
f 2014/2220/2100 2015/2219/2099 2017/2221/2101 2016/2222/2102
f 2017/2221/2101 2019/2223/2103 2018/2224/2104 2016/2222/2102
f 2019/2223/2103 2021/2225/2105 2020/2226/2106 2018/2224/2104
f 2021/2225/2105 2023/2227/2107 2022/2228/2108 2020/2226/2106
f 2022/2228/2108 2023/2227/2107 2025/2229/2109 2024/2230/2110
f 2024/2230/2110 2025/2229/2109 2027/2231/2111 2026/2232/2112
f 2027/2231/2111 2029/2233/2113 2028/2234/2114 2026/2232/2112
f 2028/2234/2114 2029/2233/2113 2031/2235/2115 2030/2236/2116
f 2030/2236/2116 2031/2235/2115 2033/2237/2117 2032/2238/2118
f 2032/2238/2118 2033/2237/2117 2035/2239/2119 2034/2240/2120
f 2034/2240/2120 2035/2239/2119 2037/2241/2121 2036/2242/2122
f 2036/2242/2122 2037/2241/2121 2039/2243/2123 2038/2244/2124
f 2038/2244/2124 2039/2243/2123 2041/2245/2125 2040/2246/2126
f 2040/2246/2126 2041/2245/2125 2042/2247/2127 1984/2189/2069
f 2042/2247/2127 2043/2248/2128 1983/2188/2068 1984/2189/2069
f 2043/2248/2128 2044/2249/2129 1982/2187/2067 1983/2188/2068
f 2044/2249/2129 2045/2250/2130 1981/2185/2065 1982/2187/2067
f 2045/2250/2130 2046/2251/2131 1980/2186/2066 1981/2185/2065
f 2046/2251/2131 2048/2252/2132 2047/2253/2133 1980/2186/2066
f 2047/2253/2133 2048/2252/2132 2050/2254/2134 2049/2255/2135
f 2049/2255/2135 2050/2254/2134 2052/2256/2136 2051/2257/2137
f 2051/2257/2137 2052/2256/2136 2054/2258/2138 2053/2259/2139
f 2053/2259/2139 2054/2258/2138 2055/2260/2140 1979/2184/2064
f 1979/2184/2064 2055/2260/2140 2056/2261/2141 1978/2183/2063
f 1978/2183/2063 2056/2261/2141 2057/2262/2142 1977/2182/2062
f 1977/2182/2062 2057/2262/2142 1975/2181/2061 1976/2180/2060
f 2053/2259/2139 1979/2184/2064 2058/2160/2040
f 2053/2259/2139 2058/2160/2040 2051/2257/2137
f 2051/2257/2137 2058/2160/2040 2049/2255/2135
f 2049/2255/2135 2058/2160/2040 2047/2253/2133
f 1980/2186/2066 2047/2253/2133 2058/2160/2040
f 2040/2246/2126 1984/2189/2069 2058/2160/2040
f 2040/2246/2126 2058/2160/2040 2038/2244/2124
f 2038/2244/2124 2058/2160/2040 2036/2242/2122
f 2036/2242/2122 2058/2160/2040 2034/2240/2120
f 2006/2212/2092 2008/2214/2094 2058/2160/2040
f 2006/2212/2092 2058/2160/2040 2004/2210/2090
f 2004/2210/2090 2058/2160/2040 2002/2208/2088
f 2002/2208/2088 2058/2160/2040 2000/2206/2086
f 2000/2206/2086 2058/2160/2040 1998/2204/2084
f 1998/2204/2084 2058/2160/2040 1996/2202/2082
f 2058/2160/2040 1994/2200/2080 1996/2202/2082
f 1994/2200/2080 2058/2160/2040 1992/2198/2078
f 2058/2160/2040 1985/2191/2071 1992/2198/2078
f 2008/2214/2094 2010/2216/2096 2058/2160/2040
f 2010/2216/2096 2012/2218/2098 2058/2160/2040
f 2012/2218/2098 2014/2220/2100 2058/2160/2040
f 2014/2220/2100 2016/2222/2102 2058/2160/2040
f 2016/2222/2102 2018/2224/2104 2058/2160/2040
f 2018/2224/2104 2020/2226/2106 2058/2160/2040
f 2020/2226/2106 2022/2228/2108 2058/2160/2040
f 2022/2228/2108 2024/2230/2110 2058/2160/2040
f 2024/2230/2110 2026/2232/2112 2058/2160/2040
f 2026/2232/2112 2028/2234/2114 2058/2160/2040
f 2028/2234/2114 2030/2236/2116 2058/2160/2040
f 2030/2236/2116 2032/2238/2118 2058/2160/2040
f 2058/2160/2040 2032/2238/2118 2034/2240/2120
f 2011/2215/2095 2009/2213/2093 1532/2263/1633 1533/2264/1635
f 2013/2217/2097 2011/2215/2095 1533/2264/1635 1534/2265/1637
f 2015/2219/2099 2013/2217/2097 1534/2265/1637 1535/2266/1639
f 2017/2221/2101 2015/2219/2099 1535/2266/1639 1536/2267/1641
f 2019/2223/2103 2017/2221/2101 1536/2267/1641 1537/2268/1643
f 2021/2225/2105 2019/2223/2103 1537/2268/1643 1538/2269/1645
f 2023/2227/2107 2021/2225/2105 1538/2269/1645 1539/2270/1647
f 2025/2229/2109 2023/2227/2107 1539/2270/1647 1540/2271/1649
f 2027/2231/2111 2025/2229/2109 1540/2271/1649 1541/2272/1651
f 2029/2233/2113 2027/2231/2111 1541/2272/1651 1542/2273/1653
f 2031/2235/2115 2029/2233/2113 1542/2273/1653 1543/2274/1655
f 2033/2237/2117 2031/2235/2115 1543/2274/1655 1544/2275/1657
f 2035/2239/2119 2033/2237/2117 1544/2275/1657 1545/2276/1659
f 2037/2241/2121 2035/2239/2119 1545/2276/1659 1547/2277/1661
f 2039/2243/2123 2037/2241/2121 1547/2277/1661 1549/2278/1663
f 2041/2245/2125 2039/2243/2123 1549/2278/1663 1551/2279/1665
f 2042/2247/2127 2041/2245/2125 1551/2279/1665 1553/2280/1666
f 2043/2248/2128 2042/2247/2127 1553/2280/1666 1555/2281/1667
f 2044/2249/2129 2043/2248/2128 1555/2281/1667 1557/2282/1668
f 2045/2250/2130 2044/2249/2129 1557/2282/1668 1559/2283/1669
f 2046/2251/2131 2045/2250/2130 1559/2283/1669 1561/2284/1670
f 2048/2252/2132 2046/2251/2131 1561/2284/1670 1563/2285/1672
f 2050/2254/2134 2048/2252/2132 1563/2285/1672 1565/2286/1674
f 2052/2256/2136 2050/2254/2134 1565/2286/1674 1567/2287/1676
f 2054/2258/2138 2052/2256/2136 1567/2287/1676 1569/2288/1678
f 2055/2260/2140 2054/2258/2138 1569/2288/1678 1571/2289/1679
f 2056/2261/2141 2055/2260/2140 1571/2289/1679 1573/2290/1680
f 2057/2262/2142 2056/2261/2141 1573/2290/1680 1574/2291/1681
f 1975/2181/2061 2057/2262/2142 1574/2291/1681 1403/2292/1487
f 1974/2179/2059 1975/2181/2061 1403/2292/1487 1401/2293/1486
f 1973/2178/2058 1974/2179/2059 1401/2293/1486 1400/2294/1485
f 1972/2177/2057 1973/2178/2058 1400/2294/1485 1399/2295/1484
f 1971/2176/2056 1972/2177/2057 1399/2295/1484 1398/2296/1483
f 1970/2175/2055 1971/2176/2056 1398/2296/1483 1397/2297/1482
f 1969/2174/2054 1970/2175/2055 1397/2297/1482 1396/2298/1481
f 1968/2172/2052 1969/2174/2054 1396/2298/1481 1395/2299/1480
f 1967/2173/2053 1968/2172/2052 1395/2299/1480 1394/2300/1479
f 1990/2195/2075 1967/2173/2053 1394/2300/1479 1519/2301/1614
f 1989/2194/2074 1990/2195/2075 1519/2301/1614 1518/2302/1613
f 1988/2192/2072 1989/2194/2074 1518/2302/1613 1517/2303/1612
f 1987/2193/2073 1988/2192/2072 1517/2303/1612 1520/2304/1611
f 1991/2196/2076 1987/2193/2073 1520/2304/1611 1522/2305/1615
f 1993/2197/2077 1991/2196/2076 1522/2305/1615 1524/2306/1617
f 1995/2199/2079 1993/2197/2077 1524/2306/1617 1525/2307/1619
f 1997/2201/2081 1995/2199/2079 1525/2307/1619 1526/2308/1621
f 1999/2203/2083 1997/2201/2081 1526/2308/1621 1527/2309/1623
f 2001/2205/2085 1999/2203/2083 1527/2309/1623 1528/2310/1625
f 2003/2207/2087 2001/2205/2085 1528/2310/1625 1529/2311/1627
f 2005/2209/2089 2003/2207/2087 1529/2311/1627 1530/2312/1629
f 2007/2211/2091 2005/2209/2089 1530/2312/1629 1531/2313/1631
f 2009/2213/2093 2007/2211/2091 1531/2313/1631 1532/2263/1633
f 694/784/767 695/787/770 696/785/768
f 696/785/768 698/789/772 2059/2314/2143
f 2059/2314/2143 698/789/772 700/791/774 369/795/778
f 691/780/763 692/782/765 2060/781/764
f 2060/781/764 692/782/765 2076/786/769 366/389/387
f 366/389/387 2076/786/769 367/2315/2144 2061/390/388
f 2061/390/388 367/2315/2144 2077/2316/2145 2062/392/390
f 2062/392/390 2077/2316/2145 2078/2011/1930 372/394/392
f 2063/2317/2146 2085/2318/2147 35/231/229 2064/2003/1922
f 2064/2003/1922 35/231/229 246/234/232 1799/1981/1904
f 2066/1479/1427 677/763/746 675/761/744 2065/1476/1424
f 2067/1482/1430 1350/1485/1433 677/763/746 2066/1479/1427
f 2068/1484/1432 1352/1486/1434 1350/1485/1433 2067/1482/1430
f 2069/1488/1436 1354/1489/1437 1352/1486/1434 2068/1484/1432
f 1355/1490/1438 1356/1491/1439 1354/1489/1437 2069/1488/1436
f 2065/1476/1424 675/761/744 673/759/742
f 2074/366/364 354/369/367 294/289/287 2075/363/361
f 2073/368/366 356/370/368 354/369/367 2074/366/364
f 2072/372/370 1838/373/371 356/370/368 2073/368/366
f 2070/376/374 1830/379/377 358/378/376 2071/377/375
f 2071/377/375 358/378/376 1838/373/371 2072/372/370
f 2075/363/361 294/289/287 293/288/286 349/360/358
f 359/775/758 360/382/380 1830/379/377 2070/376/374
f 2076/786/769 696/785/768 2059/2314/2143 367/2315/2144
f 367/2315/2144 2059/2314/2143 369/795/778 2077/2316/2145
f 2077/2316/2145 369/795/778 1845/2009/1928 2078/2011/1930
f 2078/2011/1930 1845/2009/1928 374/2010/1929 2079/2012/1931
f 2088/398/396 377/397/395 247/404/402 2087/2319/2148
f 2087/2319/2148 247/404/402 1847/232/230 2086/2320/2149
f 2086/2320/2149 1847/232/230 35/231/229 2085/2318/2147
f 1847/232/230 247/404/402 1780/1994/1916 2080/233/231
f 2080/233/231 1780/1994/1916 2097/1996/1918 2098/598/588
f 2081/595/585 1781/1995/1917 1782/1997/1919 2082/600/590
f 2082/600/590 1782/1997/1919 1783/1998/1920 2083/602/592
f 2083/602/592 1783/1998/1920 1784/1999/1921 2084/606/596
f 2063/2317/2146 1846/395/393 2079/2012/1931 2085/2318/2147
f 2085/2318/2147 2079/2012/1931 374/2010/1929 2086/2320/2149
f 2086/2320/2149 374/2010/1929 2087/2319/2148
f 2087/2319/2148 374/2010/1929 2088/398/396
f 2088/398/396 374/2010/1929 373/798/781 2089/399/397
f 2089/399/397 373/798/781 704/797/780
f 375/396/394 1846/395/393 2063/2317/2146 2090/1992/1914
f 2063/2317/2146 2064/2003/1922 2090/1992/1914
f 2090/1992/1914 2064/2003/1922 1798/1980/1903 2091/1993/1915
f 2091/1993/1915 1798/1980/1903 323/332/330 2092/1982/1905
f 2092/1982/1905 323/332/330 2093/329/327
f 2093/329/327 323/332/330 324/331/329 2094/330/328
f 2094/330/328 324/331/329 292/287/285 321/327/325
f 2099/597/587 246/234/232 2080/233/231 2098/598/588
f 2095/29/29 68/588/581 542/594/584 2096/599/589
f 2101/335/333 325/333/331 1799/1981/1904 2100/604/594
f 2097/1996/1918 1780/1994/1916 383/409/407 2096/599/589
f 2100/604/594 1799/1981/1904 246/234/232 2099/597/587
f 2097/1996/1918 1781/1995/1917 2081/595/585 2098/598/588
f 326/334/332 325/333/331 2101/335/333
f 67/28/28 68/588/581 2095/29/29
f 2102/1622/1564 1471/1621/1563 211/1626/1568 2103/194/192
f 2103/194/192 211/1626/1568 212/1631/1573 2104/195/193
f 2104/195/193 212/1631/1573 213/1634/1576 214/242/240 2105/196/194
f 2105/196/194 214/242/240 38/245/243 2106/197/195
f 38/245/243 258/250/248 259/1943/1866 2107/246/244
f 2107/246/244 259/1943/1866 1738/1946/1869 2108/1952/1875
f 38/245/243 257/244/242 2109/248/246
f 2109/248/246 257/244/242 1353/1487/1435
f 762/2321/2150 2110/869/845 1710/1905/1832 1709/2322/2151
f 2110/869/845 762/2321/2150 763/872/848 2111/870/846
f 2111/870/846 763/872/848 764/871/847 765/867/843
f 2127/157/155 183/1610/1552 179/152/150 2128/155/153
f 2119/1826/1762 1671/1822/1758 1672/1823/1759 2120/1827/1763
f 2121/1829/1765 1676/1830/1766 1673/1824/1760 2120/1827/1763
f 2121/1834/1765 1675/2323/1764 1785/2324/1861 2122/1835/1769
f 2124/1861/1794 1660/1808/1747 1793/1807/1746 2125/1862/1795
f 2127/157/155 182/156/154 1685/1854/1787 2126/1863/1796
f 2123/1864/1797 1662/1810/1749 1660/1808/1747 2124/1861/1794
f 2117/1900/1827 133/93/91 132/92/90 2118/1901/1828
f 2119/1826/1762 1674/1825/1761 1705/1897/1824 2118/1901/1828
f 2116/1903/1830 1708/2325/2152 133/93/91 2117/1900/1827
f 2115/1909/1836 1709/2322/2151 1708/2325/2152 2116/1903/1830
f 2114/1935/1859 762/2321/2150 1709/2322/2151 2115/1909/1836
f 2112/878/854 766/874/850 2138/873/849 2113/1934/1858
f 2139/1912/1839 1713/1911/1838 1717/1915/1842 2113/1934/1858
f 42/264/262 272/263/261 1744/1954/1877 1743/1953/1876
f 2122/1835/1769 1785/2324/1861 1662/1810/1749 2123/1864/1797
f 2125/1862/1795 1793/1807/1746 1659/1809/1748 2126/1863/1796
f 2112/878/854 769/882/858 770/881/857 2129/877/853
f 2129/877/853 770/881/857 771/886/862 2130/879/855
f 2130/879/855 771/886/862 777/888/864 2131/1246/1206
f 2131/1246/1206 777/888/864 1098/1240/1200 2132/1244/1204
f 2132/1244/1204 1098/1240/1200 1097/1239/1199 2133/1241/1201
f 2133/1241/1201 1097/1239/1199 1096/1238/1198 2134/1266/1226
f 2134/1266/1226 1096/1238/1198 1127/1268/1228 2135/1267/1227
f 2135/1267/1227 1127/1268/1228 449/1270/1230 2136/485/479
f 2136/485/479 449/1270/1230 450/490/484 2137/486/480
f 2137/486/480 450/490/484 451/489/483 447/483/477
f 2138/873/849 763/872/848 762/2321/2150 2114/1935/1859
f 2139/1912/1839 2114/1935/1859 2115/1909/1836 1712/1908/1835
f 1750/1960/1883 1751/1963/1886 803/917/890 1752/1978/1901
f 800/915/888 801/916/889 280/273/271 279/272/270
f 801/916/889 802/920/893 280/273/271
f 801/916/889 800/915/888 1752/1978/1901 803/917/890
f 1749/1961/1884 1750/1960/1883 1752/1978/1901 252/1979/1902
f 2108/1952/1875 1738/1946/1869 1740/1948/1871 2140/1949/1872
f 2140/1949/1872 1740/1948/1871 1749/1961/1884 2141/1959/1882
f 2141/1959/1882 1749/1961/1884 252/1979/1902 251/235/233
f 234/219/217 237/914/887 799/913/886 235/220/218
f 251/235/233 252/1979/1902 237/914/887 234/219/217
f 36/218/216 198/177/175 197/176/174
f 186/161/159 40/207/205 41/257/255
f 181/154/152 24/158/156 2128/155/153
f 14/90/88 133/93/91 2142/96/94
f 2142/96/94 133/93/91 1708/2325/2152 2143/1907/1834
f 2143/1907/1834 1708/2325/2152 1709/2322/2151 1710/1905/1832
f 1784/1999/1921 22/2001/1913 2144/2326/2153
f 2153/1987/1910 1772/715/701 2145/2327/2154 2152/2328/2155
f 2145/2327/2154 1772/715/701 174/714/700
f 2148/147/145 175/146/144 2146/171/169 2151/1985/1908
f 2146/171/169 175/146/144 195/345/343 1802/172/170
f 2084/606/596 1784/1999/1921 2144/2326/2153 2147/1984/1907
f 2147/1984/1907 2144/2326/2153 2152/2328/2155 2151/1985/1908
f 2152/2328/2155 2145/2327/2154 2148/147/145 2151/1985/1908
f 2148/147/145 2145/2327/2154 174/714/700 2149/144/142
f 2149/144/142 174/714/700 217/719/704 2150/203/201
f 2150/203/201 217/719/704 218/723/707 219/201/199
f 2152/2328/2155 2144/2326/2153 22/2001/1913 2153/1987/1910
f 2153/1987/1910 22/2001/1913 634/1986/1909
f 229/213/211 230/214/212 31/209/207
f 230/214/212 229/213/211 270/261/259
f 1241/1032/1005 842/973/946 250/1031/1004
f 1245/1385/1333 120/1387/1335 1287/1423/1371
f 120/1387/1335 121/1392/1340 1289/1431/1379
f 1245/1385/1333 1287/1423/1371 1286/1422/1370
f 121/1392/1340 122/1064/1032 123/1063/1031
f 123/1063/1031 124/1056/1024 1292/1381/1329
f 124/1056/1024 904/1036/1009 1292/1381/1329
f 123/1063/1031 1292/1381/1329 1290/1427/1375
f 893/1020/993 892/1019/992 842/973/946
f 892/1019/992 843/1018/991 845/968/941
f 843/1018/991 844/969/942 845/968/941
f 845/968/941 842/973/946 892/1019/992
f 842/973/946 840/966/939 1242/1030/1003
f 840/966/939 839/965/938 1242/1030/1003
f 839/965/938 248/964/937 1242/1030/1003
f 248/964/937 249/741/724 1242/1030/1003
f 249/741/724 653/740/723 250/1031/1004
f 653/740/723 652/739/722 250/1031/1004
f 121/1392/1340 123/1063/1031 1290/1427/1375
f 1244/1382/1330 1245/1385/1333 1286/1422/1370
f 1286/1422/1370 1285/1421/1369 1244/1382/1330
f 1289/1431/1379 1287/1423/1371 120/1387/1335
f 1290/1427/1375 1289/1431/1379 121/1392/1340
f 905/1035/1008 895/1040/1013 1291/1033/1006
f 249/741/724 250/1031/1004 1242/1030/1003
f 893/1020/993 842/973/946 1241/1032/1005
f 895/1040/1013 893/1020/993 1291/1033/1006
f 1242/1030/1325 901/1380/1328 1292/1381/2156
o Ch31_Collar
v 0.029634 1.528740 -0.080892
v 0.056639 1.526524 -0.068266
v 0.067574 1.523775 -0.056784
v 0.071772 1.521320 -0.049726
v 0.084225 1.510574 -0.054998
v 0.080307 1.512588 -0.061095
v 0.076450 1.513582 -0.066530
v 0.072845 1.513948 -0.070884
v 0.070099 1.514153 -0.073577
v 0.066097 1.515473 -0.075367
v 0.060426 1.516793 -0.078139
v 0.054283 1.517758 -0.080979
v 0.047818 1.518276 -0.083705
v 0.041074 1.518652 -0.085844
v 0.034515 1.518222 -0.087803
v 0.027551 1.517976 -0.088984
v 0.020533 1.517430 -0.089788
v 0.013488 1.516860 -0.090142
v 0.006440 1.516435 -0.090241
v -0.000545 1.516722 -0.091183
v -0.007568 1.516359 -0.090317
v -0.014631 1.516364 -0.090462
v -0.021669 1.516513 -0.090327
v -0.028653 1.516793 -0.089675
v -0.035511 1.517039 -0.088454
v -0.042172 1.517098 -0.086765
v -0.048512 1.517129 -0.084402
v -0.054629 1.516832 -0.081667
v -0.060299 1.516559 -0.078379
v -0.065867 1.516130 -0.074421
v -0.071005 1.515689 -0.069632
v -0.076027 1.514622 -0.064181
v -0.080794 1.512666 -0.058190
v -0.085370 1.509506 -0.051429
v -0.080385 1.513155 -0.049832
v -0.060557 1.526222 -0.063863
v -0.052657 1.527298 -0.070669
v -0.044423 1.528261 -0.075383
v -0.017960 1.529114 -0.082233
v -0.001428 1.528517 -0.082994
v 0.006678 1.528406 -0.083105
v -0.072566 1.519391 -0.054407
v -0.068031 1.521608 -0.061077
v -0.062506 1.522951 -0.066897
v -0.056684 1.523792 -0.071646
v -0.050115 1.524724 -0.075586
v -0.043416 1.525216 -0.078799
v -0.036614 1.525639 -0.081166
v -0.029752 1.525802 -0.082857
v -0.022794 1.525856 -0.083849
v -0.015455 1.526274 -0.084300
v -0.008069 1.526720 -0.084486
v -0.000623 1.527002 -0.084518
v 0.006782 1.527333 -0.084152
v 0.014099 1.527320 -0.083907
v 0.021314 1.527364 -0.083284
v 0.028523 1.527309 -0.082137
v 0.035486 1.527003 -0.080601
v 0.041987 1.526839 -0.078164
v 0.048459 1.525998 -0.075271
v 0.054661 1.525129 -0.071844
v 0.060375 1.523980 -0.067898
v 0.065385 1.522543 -0.063969
v 0.069174 1.521194 -0.060222
v 0.072493 1.519747 -0.055441
v 0.075164 1.517944 -0.049840
v -0.036057 1.521660 -0.084672
v 0.079485 1.514244 -0.052192
v 0.076058 1.516400 -0.058018
v 0.072841 1.517549 -0.062714
v 0.070641 1.518084 -0.065438
v 0.067640 1.518846 -0.068175
v 0.063345 1.520088 -0.070978
v 0.058225 1.521158 -0.074136
v 0.053888 1.521786 -0.076603
v 0.047895 1.522493 -0.079455
v 0.041106 1.523129 -0.081936
v 0.035242 1.522759 -0.084095
v 0.027863 1.522867 -0.085483
v 0.020391 1.522616 -0.086405
v -0.076552 1.516204 -0.056015
v -0.071862 1.518371 -0.062044
v -0.066803 1.519608 -0.067573
v -0.042656 1.521533 -0.082643
v -0.029173 1.521565 -0.086169
v -0.022093 1.521456 -0.087036
v -0.014930 1.521476 -0.087244
v -0.007691 1.521610 -0.087214
v -0.000411 1.522024 -0.087914
v 0.006930 1.521833 -0.087003
v 0.014385 1.522073 -0.086949
v -0.062244 1.519852 -0.072249
v -0.059093 1.519088 -0.076011
v -0.054732 1.520555 -0.077329
v -0.048961 1.521181 -0.079894
v 0.000713 1.468423 0.036553
v -0.007340 1.468573 0.036078
v -0.015561 1.468967 0.035296
v -0.023810 1.469682 0.034113
v -0.031869 1.470623 0.032439
v -0.039640 1.471989 0.030130
v -0.046953 1.473766 0.026910
v -0.053602 1.475892 0.022797
v -0.059467 1.478259 0.017921
v -0.064342 1.480798 0.012167
v -0.068534 1.483585 0.006064
v -0.072137 1.486580 -0.000313
v -0.075195 1.489746 -0.006967
v -0.077836 1.493090 -0.013807
v -0.080176 1.496645 -0.020755
v -0.082370 1.500470 -0.027735
v -0.084385 1.504139 -0.034968
v -0.086003 1.506949 -0.042845
v -0.085370 1.509506 -0.051429
v -0.085926 1.510221 -0.050304
v -0.070777 1.522199 -0.048124
v -0.073355 1.515371 -0.032675
v -0.067653 1.502375 -0.010501
v -0.064626 1.498507 -0.003060
v -0.043720 1.486921 0.022802
v -0.017849 1.482653 0.030053
v 0.003324 1.483394 0.031541
v 0.012697 1.482272 0.030789
v 0.020869 1.481353 0.029838
v 0.042913 1.484580 0.023657
v 0.049125 1.486942 0.019697
v 0.059044 1.492061 0.008839
v 0.062416 1.494435 0.002979
v 0.065489 1.496958 -0.003222
v 0.068256 1.499987 -0.009610
v 0.070802 1.503342 -0.015894
v 0.074697 1.510682 -0.028483
v 0.075518 1.514129 -0.035234
v 0.076984 1.515574 -0.043797
v 0.082336 1.511073 -0.045901
v 0.087997 1.507347 -0.048753
v 0.086744 1.505409 -0.040389
v 0.085052 1.502215 -0.032830
v 0.083149 1.498567 -0.025728
v 0.081083 1.495012 -0.018732
v 0.078772 1.491552 -0.011833
v 0.076115 1.488153 -0.005091
v 0.073046 1.484879 0.001512
v 0.069517 1.481846 0.008064
v 0.065404 1.479065 0.014429
v 0.060489 1.476410 0.020301
v 0.054616 1.473919 0.025231
v 0.047945 1.471892 0.029157
v 0.040584 1.470165 0.031855
v 0.032839 1.468987 0.033751
v 0.024883 1.468342 0.035051
v 0.016836 1.468188 0.035925
v 0.008781 1.468509 0.036354
v -0.076041 1.515102 -0.039771
v -0.075386 1.512151 -0.032460
v -0.073896 1.508657 -0.025489
v -0.072107 1.504814 -0.018756
v -0.069979 1.501072 -0.012077
v -0.067439 1.497401 -0.005449
v -0.064467 1.493819 0.001148
v -0.061008 1.490423 0.007620
v -0.056914 1.487258 0.013775
v -0.051860 1.484215 0.019100
v -0.045737 1.481339 0.023596
v -0.038589 1.479086 0.027040
v -0.030943 1.477323 0.029374
v -0.023008 1.476443 0.031238
v -0.014479 1.475777 0.032272
v -0.006205 1.475692 0.033010
v 0.001725 1.475874 0.033511
v 0.009821 1.475558 0.033188
v 0.017681 1.474907 0.032602
v 0.025440 1.474966 0.031668
v 0.032980 1.475706 0.030403
v 0.039370 1.477002 0.028870
v 0.045473 1.478840 0.026749
v 0.051122 1.481172 0.023776
v 0.056211 1.483557 0.019874
v 0.060631 1.486383 0.015247
v 0.064064 1.489233 0.009520
v 0.066490 1.491977 0.003403
v 0.068064 1.494887 -0.003018
v 0.069993 1.498026 -0.008833
v 0.072017 1.501395 -0.014392
v 0.073737 1.504702 -0.020049
v 0.075031 1.507926 -0.025775
v 0.076010 1.511027 -0.031568
v 0.076636 1.513708 -0.037555
v 0.072797 1.493131 -0.006991
v 0.070233 1.489930 -0.000900
v 0.059329 1.482335 0.018163
v -0.080877 1.510713 -0.041182
v -0.079680 1.507765 -0.033539
v -0.077805 1.504234 -0.026476
v -0.075802 1.500571 -0.019713
v -0.073571 1.497027 -0.012963
v -0.071000 1.493628 -0.006290
v -0.067986 1.490362 0.000232
v -0.064463 1.487237 0.006558
v -0.060498 1.484394 0.012630
v -0.055999 1.481780 0.017813
v -0.051821 1.479805 0.021373
v 0.081494 1.509184 -0.038768
v 0.064070 1.484565 0.011937
v 0.067470 1.487072 0.005509
v 0.075100 1.496429 -0.013118
v 0.077073 1.499710 -0.019380
v 0.078747 1.503003 -0.025722
v 0.080238 1.506304 -0.032118
v -0.023087 1.511096 0.036751
v -0.016299 1.509538 0.037797
v -0.010578 1.506040 0.037079
v -0.006616 1.500855 0.035262
v -0.003821 1.494849 0.033356
v -0.001068 1.489055 0.032101
v -0.007794 1.482591 0.030921
v -0.027190 1.483469 0.028882
v -0.035877 1.484824 0.026613
v -0.050665 1.489699 0.017774
v -0.056553 1.492534 0.011301
v -0.060943 1.495367 0.004354
v -0.070356 1.506684 -0.017825
v -0.072289 1.511296 -0.025139
v -0.072717 1.519387 -0.040384
v -0.066632 1.524512 -0.056447
v -0.035756 1.528689 -0.079013
v -0.026727 1.528921 -0.081239
v -0.009663 1.529009 -0.082657
v 0.014635 1.528520 -0.082864
v 0.022202 1.528618 -0.082244
v 0.036983 1.528578 -0.078821
v 0.043842 1.528071 -0.076123
v 0.050350 1.527525 -0.072495
v 0.062476 1.525337 -0.063075
v 0.074312 1.518194 -0.042294
v 0.072982 1.507133 -0.022041
v 0.054486 1.489513 0.014845
v 0.036119 1.482805 0.026732
v 0.028722 1.481745 0.028662
v 0.011186 1.488348 0.030830
v 0.014276 1.493981 0.031560
v 0.016746 1.500164 0.032532
v 0.020416 1.505488 0.032812
v 0.025259 1.509388 0.031573
v 0.030484 1.511557 0.029169
v 0.048508 1.551986 -0.055856
v 0.043956 1.553382 -0.060723
v 0.031119 1.555023 -0.067220
v -0.053180 1.547700 -0.045982
v -0.060736 1.530547 -0.004147
v -0.054540 1.524215 0.008576
v -0.045745 1.518530 0.019638
v -0.035603 1.513475 0.029467
v 0.063859 1.504844 -0.005324
v 0.057553 1.496475 0.008322
v 0.033225 1.487864 0.027044
v -0.020992 1.493957 0.030363
v 0.022228 1.497162 0.030525
v 0.032052 1.504165 0.027681
v -0.025517 1.503049 0.030473
v -0.016340 1.502050 0.033445
v -0.036413 1.500692 0.025397
v 0.018080 1.541902 -0.074542
v 0.059737 1.510774 -0.000009
v 0.050530 1.504900 0.014401
v 0.025963 1.489267 0.028838
v 0.016086 1.486083 0.030109
v -0.059068 1.518026 -0.000556
v -0.065636 1.523920 -0.022758
v -0.059454 1.532130 -0.053936
v -0.055174 1.539687 -0.050134
v -0.037881 1.536473 -0.071309
v -0.015083 1.536685 -0.077610
v -0.004424 1.548943 -0.073206
v 0.018838 1.545391 -0.072835
v 0.046846 1.541550 -0.060188
v 0.040861 1.547950 -0.061921
v 0.056975 1.539196 -0.047380
v 0.062874 1.534241 -0.025936
v 0.039696 1.500630 0.023622
v -0.020958 1.539194 -0.075308
v -0.033448 1.546503 -0.067156
v 0.029374 1.550241 -0.067949
v 0.059598 1.539975 -0.037716
v 0.064102 1.531101 -0.030628
v 0.065768 1.528398 -0.035364
v 0.072342 1.516442 -0.031450
v 0.040553 1.495157 0.023347
v 0.041158 1.489575 0.023540
v 0.047650 1.491814 0.019226
v 0.051980 1.499440 0.013760
v 0.045305 1.502444 0.019603
v -0.041817 1.507216 0.021847
v -0.029754 1.499365 0.028397
v -0.048001 1.504769 0.016836
v -0.052716 1.507368 0.011300
v -0.061232 1.508343 -0.002296
v -0.055709 1.515012 0.005943
v -0.059309 1.537334 -0.043417
v -0.064130 1.529605 -0.046590
v -0.034134 1.541267 -0.069727
v -0.009546 1.548051 -0.073209
v -0.014402 1.540239 -0.075808
v 0.024114 1.538051 -0.075504
v 0.010853 1.541545 -0.075516
v 0.038580 1.537734 -0.070075
v 0.045549 1.536714 -0.065992
v 0.039256 1.542755 -0.065842
v 0.056730 1.533162 -0.057559
v 0.060663 1.533944 -0.047314
v 0.056865 1.536308 -0.052282
v 0.053446 1.541269 -0.051696
v 0.062523 1.534196 -0.036644
v 0.063675 1.531418 -0.041530
v 0.061687 1.537376 -0.031966
v 0.060353 1.505460 0.000676
v 0.059749 1.500861 0.003408
v 0.062406 1.515621 -0.007019
v 0.065682 1.507563 -0.010126
v 0.069115 1.522620 -0.033343
v 0.066769 1.524929 -0.028949
v 0.067022 1.521082 -0.023086
v -0.043269 1.492294 0.021948
v -0.035964 1.505314 0.025560
v -0.057848 1.505403 0.004530
v -0.053760 1.502534 0.010915
v -0.066820 1.526936 -0.038833
v -0.062346 1.534220 -0.036178
v -0.046037 1.535386 -0.066670
v -0.051000 1.537908 -0.058842
v -0.049751 1.541710 -0.056210
v -0.016212 1.543301 -0.074207
v 0.031826 1.544098 -0.069336
v 0.012359 1.545721 -0.073640
v 0.003238 1.541556 -0.075817
v 0.005149 1.545729 -0.074178
v 0.060071 1.536846 -0.042436
v 0.064974 1.513130 -0.011691
v 0.063436 1.500000 -0.001977
v 0.051506 1.534997 -0.062008
v 0.029930 1.499916 0.028351
v 0.027494 1.504943 0.029923
v -0.065425 1.527522 -0.029947
v -0.028871 1.494241 0.028438
v -0.063333 1.524728 -0.014237
v -0.042818 1.540243 -0.064837
v -0.006609 1.537130 -0.077812
v -0.005265 1.541805 -0.075700
v -0.056979 1.535917 -0.052194
v 0.064960 1.528909 -0.046628
v -0.024405 1.545510 -0.071395
v 0.060847 1.497927 0.003152
v 0.025019 1.501776 0.030430
v -0.067550 1.519811 -0.023709
v -0.066198 1.515715 -0.016354
v -0.063965 1.511838 -0.009272
v -0.061663 1.521258 -0.007215
v -0.010111 1.488273 0.031114
v -0.019201 1.488245 0.029966
v -0.027946 1.488966 0.028521
v -0.036053 1.490304 0.025909
v -0.049626 1.494747 0.016960
v -0.054895 1.497540 0.010947
v -0.059200 1.500323 0.004245
v -0.062796 1.503237 -0.002869
v -0.065612 1.507041 -0.009990
v -0.068091 1.511156 -0.017170
v -0.069724 1.515635 -0.024454
v -0.070425 1.519533 -0.031978
v -0.069664 1.523117 -0.039646
v -0.067447 1.525696 -0.047781
v -0.062837 1.528262 -0.055315
v -0.056876 1.529874 -0.062445
v -0.049438 1.531187 -0.068516
v -0.041267 1.532203 -0.073232
v -0.032996 1.532591 -0.076705
v -0.024769 1.532707 -0.078828
v -0.016424 1.532940 -0.079793
v -0.008043 1.532980 -0.080161
v 0.000094 1.532783 -0.080314
v 0.008014 1.532738 -0.080320
v 0.015843 1.533024 -0.079828
v 0.023099 1.533233 -0.078854
v 0.030541 1.533454 -0.076977
v 0.037715 1.533166 -0.074429
v 0.044612 1.532382 -0.071151
v 0.050867 1.531378 -0.067264
v 0.056669 1.529923 -0.062963
v 0.061850 1.528283 -0.057882
v 0.066207 1.526402 -0.051729
v 0.069682 1.523671 -0.044992
v 0.071631 1.520382 -0.037964
v 0.071863 1.512641 -0.025429
v 0.070323 1.508833 -0.019195
v 0.068174 1.505402 -0.013198
v 0.065939 1.502437 -0.007569
v 0.053199 1.494195 0.014052
v 0.028391 1.484661 0.028432
v 0.022832 1.484929 0.029214
v 0.019366 1.491182 0.030144
v 0.037818 1.506118 0.024551
v 0.043465 1.508069 0.020663
v 0.048608 1.510319 0.015826
v 0.053256 1.512849 0.010123
v 0.057255 1.515791 0.003685
v 0.060312 1.519502 -0.002658
v 0.062483 1.523448 -0.008366
v 0.063674 1.527419 -0.014040
v 0.063457 1.530948 -0.019985
v 0.057003 1.542375 -0.042793
v 0.053744 1.544470 -0.047840
v 0.050128 1.546085 -0.052416
v 0.045872 1.546812 -0.057277
v 0.035030 1.549220 -0.065420
v 0.022038 1.549352 -0.070620
v 0.014197 1.550334 -0.071867
v 0.004929 1.550216 -0.072786
v -0.001844 1.551703 -0.072530
v -0.008745 1.551593 -0.072197
v -0.016571 1.550796 -0.071360
v -0.025174 1.549519 -0.069519
v -0.031643 1.549854 -0.066549
v -0.037737 1.548861 -0.063236
v -0.043532 1.547419 -0.059174
v -0.049095 1.545668 -0.053983
v -0.053958 1.543625 -0.047969
v -0.057888 1.541225 -0.041379
v -0.060758 1.538440 -0.034417
v -0.062385 1.535786 -0.027153
v -0.062868 1.532584 -0.019918
v -0.062568 1.529246 -0.012721
v -0.061079 1.525907 -0.005749
v -0.058576 1.522677 0.000899
v -0.055108 1.519597 0.007182
v -0.050907 1.516696 0.012882
v -0.046069 1.514065 0.017928
v -0.040727 1.511755 0.022414
v -0.035054 1.509721 0.026368
v -0.029395 1.507769 0.029888
v -0.023456 1.506082 0.032608
v -0.012726 1.494477 0.032010
v 0.028001 1.495018 0.028614
v -0.036287 1.495641 0.025561
v -0.042947 1.497439 0.021636
v -0.048747 1.499766 0.016724
v -0.067687 1.523752 -0.031069
v -0.053587 1.533793 -0.060749
v -0.029767 1.536673 -0.074725
v -0.022689 1.536308 -0.076784
v 0.001616 1.537122 -0.077879
v 0.009407 1.537169 -0.077724
v 0.016867 1.537534 -0.076998
v 0.031037 1.538301 -0.073285
v 0.061208 1.531155 -0.052565
v 0.067747 1.526030 -0.040246
v 0.069581 1.518710 -0.027433
v 0.069096 1.514702 -0.021688
v 0.067631 1.510917 -0.015804
v -0.023027 1.499391 0.030691
v -0.030078 1.503779 0.028468
v -0.047058 1.509403 0.017287
v -0.051736 1.512054 0.011929
v -0.064021 1.528184 -0.021380
v -0.063661 1.531514 -0.028595
v -0.043778 1.543675 -0.061365
v -0.038366 1.545551 -0.064542
v -0.016497 1.547044 -0.072675
v 0.028787 1.546927 -0.069254
v 0.050254 1.543000 -0.054804
v 0.064834 1.527726 -0.024501
v 0.064921 1.523978 -0.018668
v 0.064147 1.519969 -0.012959
v 0.055446 1.507501 0.007851
v 0.033966 1.499502 0.026612
v 0.061850 1.502725 -0.000791
v 0.046454 1.497140 0.019160
v 0.033918 1.494031 0.026608
v -0.042465 1.502417 0.021670
v -0.056672 1.510408 0.005096
v -0.059997 1.513203 -0.001537
v -0.062644 1.516545 -0.008351
v -0.064627 1.520186 -0.015371
v -0.063965 1.531054 -0.037535
v -0.061479 1.533360 -0.045002
v 0.024443 1.543092 -0.072578
v 0.052339 1.538555 -0.056634
v 0.066434 1.517115 -0.017488
v 0.063169 1.509382 -0.006302
v 0.062484 1.506518 -0.003689
v 0.022807 1.544934 -0.072141
v 0.024628 1.546129 -0.071089
v -0.038461 1.543195 -0.065923
v -0.034242 1.543796 -0.068150
v -0.030572 1.544465 -0.069592
v -0.029865 1.546798 -0.068800
v 0.057071 1.501928 0.006944
v -0.008168 1.545140 -0.074297
v -0.025090 1.541304 -0.073251
v -0.001986 1.547482 -0.073702
v -0.000736 1.544973 -0.074549
v -0.075635 1.517284 -0.047233
v -0.056969 1.545396 -0.039535
v -0.037006 1.552753 -0.061901
v -0.022781 1.554757 -0.068499
v 0.008763 1.555961 -0.071568
v 0.037993 1.554440 -0.064436
v 0.061289 1.527261 -0.003856
v 0.046657 1.516081 0.017667
v 0.061389 1.540925 -0.027504
v 0.057090 1.545964 -0.038871
v -0.062254 1.533848 -0.011112
v -0.050378 1.521284 0.014302
v -0.075635 1.517284 -0.047233
v 0.035811 1.512502 0.026175
v 0.035827 1.506606 0.028021
v 0.035540 1.500513 0.029159
v 0.035051 1.494343 0.029792
v 0.034447 1.488165 0.030176
v 0.033671 1.482025 0.030414
v 0.032484 1.475967 0.030624
v 0.039224 1.477645 0.028846
v 0.045544 1.479570 0.026621
v 0.051335 1.481870 0.023546
v 0.056517 1.484265 0.019545
v 0.061040 1.487014 0.014827
v 0.064377 1.489823 0.009049
v 0.066626 1.492587 0.002829
v 0.068089 1.495478 -0.003559
v 0.070070 1.498591 -0.009455
v 0.072215 1.501954 -0.015044
v 0.074015 1.505281 -0.020715
v 0.075252 1.508493 -0.026528
v 0.076151 1.511603 -0.032394
v 0.076618 1.514347 -0.038426
v 0.076632 1.516208 -0.044555
v 0.074678 1.518585 -0.050451
v 0.071930 1.520329 -0.055915
v 0.068487 1.521755 -0.060673
v 0.064420 1.523005 -0.064663
v 0.059439 1.524402 -0.068579
v 0.053769 1.525444 -0.072397
v 0.047613 1.526316 -0.075775
v 0.041130 1.526984 -0.078563
v 0.034538 1.527233 -0.080817
v 0.027585 1.527431 -0.082323
v 0.020428 1.527472 -0.083390
v 0.013243 1.527425 -0.083989
v 0.006077 1.527359 -0.084262
v -0.001400 1.527129 -0.084546
v -0.008790 1.526923 -0.084472
v -0.016085 1.526641 -0.084161
v -0.023311 1.526456 -0.083673
v -0.030320 1.526331 -0.082532
v -0.037206 1.526119 -0.080782
v -0.044016 1.525787 -0.078367
v -0.050536 1.525168 -0.074943
v -0.056989 1.524366 -0.071013
v -0.062724 1.523412 -0.066137
v -0.068002 1.522099 -0.060374
v -0.072405 1.520124 -0.053904
v -0.075923 1.515227 -0.039119
v -0.075374 1.511985 -0.031797
v -0.073852 1.508350 -0.024870
v -0.071969 1.504656 -0.018109
v -0.069740 1.501033 -0.011435
v -0.067131 1.497508 -0.004845
v -0.064107 1.494111 0.001642
v -0.060637 1.490878 0.007938
v -0.056634 1.487828 0.013901
v -0.051660 1.484821 0.019128
v -0.045795 1.481958 0.023478
v -0.039054 1.479496 0.026858
v -0.031642 1.477687 0.029428
v -0.023906 1.476784 0.031087
v -0.027560 1.482344 0.031063
v -0.029806 1.487843 0.031334
v -0.031226 1.493302 0.031880
v -0.031849 1.498895 0.032444
v -0.031567 1.504768 0.032978
v -0.040790 1.515968 0.024693
v -0.058125 1.527302 0.002448
v -0.062579 1.537109 -0.018300
v -0.059845 1.542874 -0.032723
v -0.048555 1.549669 -0.051955
v -0.043140 1.551342 -0.057298
v -0.030165 1.553989 -0.065657
v -0.015069 1.555228 -0.070265
v -0.007139 1.555662 -0.071348
v 0.000847 1.555906 -0.071780
v 0.016491 1.555758 -0.070748
v 0.023962 1.555433 -0.069205
v 0.054544 1.548242 -0.044547
v 0.059587 1.543580 -0.033241
v 0.062484 1.537931 -0.021528
v 0.062788 1.534643 -0.015441
v 0.062840 1.531209 -0.009334
v 0.058548 1.523674 0.001485
v 0.055258 1.520828 0.007357
v 0.051315 1.518336 0.012700
v 0.041403 1.514078 0.022098
v 0.065866 1.532333 -0.045155
v -0.003053 1.540752 -0.078375
v -0.035905 1.540246 -0.070376
v -0.062626 1.530890 -0.050625
v 0.073236 1.521805 -0.044822
v 0.060942 1.527521 -0.064127
v 0.053110 1.500119 0.020291
v 0.045832 1.495268 0.025029
v 0.066520 1.512874 0.003095
v -0.066560 1.526485 -0.050224
v -0.066344 1.524825 -0.057230
v -0.066403 1.517445 -0.011945
v -0.041116 1.495799 0.026128
v 0.070558 1.522029 -0.032908
v 0.062036 1.537628 -0.045253
v 0.056192 1.540843 -0.057218
v -0.023164 1.533567 -0.079222
v -0.003167 1.536390 -0.080350
v -0.002445 1.530719 -0.083009
v -0.036010 1.544183 -0.067882
v -0.055792 1.528607 -0.066233
v -0.057336 1.531172 -0.060190
v -0.062090 1.526718 -0.062016
v 0.047068 1.500083 0.023548
v 0.057346 1.509230 0.014250
v 0.045524 1.490369 0.025711
v 0.050414 1.492016 0.023054
v 0.065501 1.517091 0.004098
v 0.066268 1.506697 -0.002246
v 0.065579 1.502527 0.004445
v 0.067007 1.521917 -0.007941
v -0.065667 1.531443 -0.031858
v -0.065980 1.525238 -0.016628
v -0.073083 1.516056 -0.030205
v -0.064579 1.521693 -0.009474
v -0.050739 1.489741 0.019232
v -0.039990 1.484811 0.026487
v -0.045441 1.492212 0.023130
v 0.060126 1.540507 -0.039264
v 0.041020 1.549130 -0.065142
v -0.005209 1.550617 -0.073910
v 0.003242 1.550745 -0.074140
v -0.013375 1.550301 -0.072942
v -0.006967 1.537660 -0.079503
v -0.048180 1.538098 -0.062857
v -0.053643 1.543454 -0.050049
v -0.058167 1.540849 -0.043830
v 0.069666 1.527079 -0.044922
v 0.047455 1.504465 0.022221
v 0.060712 1.492279 0.015096
v 0.055922 1.489585 0.019572
v 0.063795 1.503279 0.010558
v 0.066599 1.508587 -0.008718
v 0.063497 1.535301 -0.027395
v 0.066403 1.523833 -0.014164
v 0.072915 1.513809 -0.026431
v -0.060341 1.522548 -0.000082
v -0.053183 1.514809 0.012535
v -0.033827 1.483103 0.029036
v -0.045922 1.501878 0.022100
v -0.021403 1.549728 -0.071363
v -0.029259 1.549280 -0.068585
v -0.028641 1.544682 -0.071245
v -0.042584 1.543173 -0.063834
v -0.042290 1.535892 -0.069615
v -0.048117 1.531939 -0.069048
v -0.058385 1.533532 -0.054673
v -0.048500 1.541597 -0.059320
v 0.067876 1.528834 -0.050356
v 0.065020 1.530161 -0.055365
v 0.070435 1.524801 -0.039063
v 0.073614 1.516959 -0.032548
v -0.066164 1.509592 -0.007458
v -0.041511 1.501687 0.025753
v -0.053903 1.497679 0.014777
v -0.056448 1.503288 0.010590
v -0.049760 1.494725 0.019381
v 0.071570 1.523569 -0.050260
v 0.061621 1.530997 -0.059684
v 0.066874 1.529875 -0.039330
v 0.067314 1.527040 -0.033239
v 0.063413 1.535107 -0.039413
v 0.064500 1.509210 0.008834
v -0.063564 1.506005 -0.001167
v 0.058312 1.535184 -0.059656
v 0.057570 1.531757 -0.063580
v 0.067250 1.523937 -0.026945
v 0.064492 1.532400 -0.033404
v 0.065110 1.529521 -0.027207
v 0.062016 1.513365 0.009460
v 0.066297 1.512568 -0.008948
v 0.066388 1.509528 0.001286
v 0.066748 1.516629 -0.007046
v 0.061135 1.535172 -0.055827
v 0.064004 1.534102 -0.050680
v 0.066245 1.517037 -0.013000
v 0.065497 1.526548 -0.020803
v 0.012817 1.538303 -0.079320
v 0.021895 1.535232 -0.079684
v 0.024795 1.531303 -0.081117
v 0.009101 1.534573 -0.081261
v 0.006932 1.537882 -0.079821
v 0.004378 1.530850 -0.082968
v 0.000844 1.537316 -0.080062
v 0.018589 1.539438 -0.078103
v 0.019993 1.542434 -0.076239
v 0.006187 1.545332 -0.076481
v -0.070374 1.522884 -0.036084
v 0.034693 1.534930 -0.076279
v 0.037980 1.530955 -0.077499
v 0.047145 1.533616 -0.070474
v 0.052696 1.532591 -0.067141
v 0.047303 1.540156 -0.065719
v 0.028475 1.535039 -0.078304
v 0.031506 1.531172 -0.079636
v 0.037072 1.539396 -0.072142
v 0.040882 1.534602 -0.073566
v -0.029758 1.533351 -0.077503
v -0.023008 1.536901 -0.077324
v -0.029053 1.540554 -0.073312
v 0.055135 1.494830 0.019725
v 0.065472 1.506158 0.006382
v 0.060536 1.497697 0.015287
v -0.059531 1.535764 -0.048817
v -0.067847 1.520945 -0.019044
v -0.068394 1.524212 -0.026498
v 0.052001 1.539488 -0.062749
v -0.063530 1.533823 -0.039948
v -0.067883 1.527037 -0.034240
v -0.064269 1.513761 -0.005222
v -0.062348 1.518001 -0.002700
v 0.013655 1.546396 -0.075342
v 0.044168 1.544070 -0.065685
v 0.037577 1.543714 -0.069188
v -0.056238 1.509772 0.009590
v -0.058852 1.506408 0.006529
v -0.059527 1.514127 0.003666
v -0.003469 1.545569 -0.076281
v -0.036311 1.533078 -0.075241
v 0.043223 1.507288 0.023726
v 0.039738 1.483446 0.028501
v 0.040170 1.489191 0.028053
v 0.040750 1.494864 0.027400
v 0.041741 1.500694 0.026187
v -0.045709 1.487093 0.023224
v -0.055265 1.492636 0.014321
v -0.059086 1.495386 0.008874
v -0.062430 1.498449 0.003070
v -0.065410 1.501796 -0.003065
v -0.068027 1.505324 -0.009479
v -0.070271 1.508956 -0.016124
v -0.072031 1.512589 -0.023008
v -0.036348 1.506943 0.029422
v -0.036795 1.500463 0.029253
v -0.036386 1.494455 0.029140
v -0.035380 1.488718 0.029021
v 0.049099 1.510664 0.018610
v 0.054098 1.513584 0.013389
v 0.058554 1.516976 0.008275
v 0.062377 1.520751 0.003337
v 0.065326 1.524495 -0.001955
v 0.065931 1.527082 -0.008383
v 0.065580 1.529676 -0.014813
v 0.064637 1.532456 -0.021166
v 0.062022 1.537966 -0.033406
v 0.058270 1.542965 -0.045014
v 0.055822 1.545035 -0.050775
v 0.052295 1.546665 -0.056489
v 0.047199 1.548191 -0.061396
v 0.034159 1.549500 -0.068140
v 0.026657 1.550223 -0.070515
v 0.019059 1.550600 -0.072443
v 0.011199 1.550956 -0.073516
v -0.036441 1.548419 -0.065009
v -0.042867 1.547171 -0.060643
v -0.048591 1.545516 -0.055657
v -0.061569 1.538414 -0.036429
v -0.063679 1.535821 -0.028826
v -0.064503 1.532814 -0.021318
v -0.064201 1.529526 -0.013940
v -0.062767 1.526068 -0.006836
v -0.057130 1.518883 0.006298
v -0.048162 1.509493 0.019129
v -0.041825 1.508527 0.024949
v 0.045500 1.485085 0.026179
v 0.050896 1.487121 0.023251
v 0.064002 1.494843 0.009554
v 0.065876 1.497664 0.003494
v 0.066748 1.500797 -0.002904
v 0.068166 1.503636 -0.009006
v 0.069663 1.506849 -0.014799
v 0.071584 1.510401 -0.020492
v 0.073716 1.519665 -0.038729
v 0.068625 1.525208 -0.055468
v 0.065089 1.526461 -0.060061
v 0.055983 1.528531 -0.067962
v 0.050416 1.529527 -0.071562
v 0.044317 1.530375 -0.074764
v 0.018008 1.531213 -0.082125
v 0.011194 1.531036 -0.082700
v -0.009387 1.530664 -0.082739
v -0.016366 1.530314 -0.082229
v -0.023245 1.530034 -0.081364
v -0.030108 1.530003 -0.080171
v -0.036833 1.529799 -0.078153
v -0.043399 1.529383 -0.075322
v -0.049726 1.528979 -0.071774
v -0.069464 1.523136 -0.051703
v -0.072099 1.521277 -0.045153
v -0.073193 1.519026 -0.037720
v -0.040682 1.490281 0.026266
v -0.057611 1.499722 0.009768
v 0.051902 1.506098 0.019046
v 0.066911 1.519848 -0.001825
v -0.060707 1.502614 0.004580
v -0.068339 1.513180 -0.014124
v -0.069914 1.516727 -0.021128
v -0.070654 1.520028 -0.028490
v 0.063831 1.499596 0.010118
v 0.067332 1.511777 -0.014401
v 0.068803 1.515344 -0.020539
v 0.070012 1.518824 -0.026683
v 0.015473 1.534848 -0.080727
v 0.002762 1.534191 -0.081523
v -0.003206 1.533998 -0.081483
v -0.009852 1.534608 -0.080745
v -0.016691 1.533828 -0.080337
v -0.042546 1.532530 -0.072348
v -0.052229 1.531314 -0.066058
v -0.066394 1.528475 -0.024096
v -0.053995 1.539276 -0.054409
v -0.011871 1.545534 -0.075408
v 0.021883 1.545384 -0.074332
v 0.029367 1.545399 -0.071894
v 0.050198 1.543216 -0.062010
v 0.059869 1.539562 -0.051079
v -0.069016 1.525021 -0.043535
v -0.064990 1.526739 -0.054828
v -0.061802 1.528763 -0.056896
v 0.049832 1.495790 0.022897
v -0.045327 1.497300 0.022928
v -0.048509 1.499449 0.019903
v -0.052816 1.503939 0.014885
v 0.060500 1.503974 0.014519
v 0.066864 1.515421 -0.001960
v 0.066516 1.520575 -0.020422
v -0.052776 1.533393 -0.062835
v -0.047955 1.534864 -0.066221
v -0.036032 1.536549 -0.072750
v -0.029510 1.536869 -0.075382
v -0.017373 1.536741 -0.078646
v 0.025626 1.538616 -0.077038
v 0.031184 1.538755 -0.075226
v 0.044309 1.537485 -0.069313
v 0.049765 1.536442 -0.066339
v 0.054508 1.535720 -0.063157
v 0.043083 1.540400 -0.068105
v 0.055631 1.538518 -0.059930
v 0.031187 1.542234 -0.073001
v 0.015403 1.543754 -0.076383
v 0.005079 1.541162 -0.078370
v -0.010633 1.541753 -0.077215
v -0.022189 1.540335 -0.075633
v -0.042361 1.539384 -0.066839
v -0.053488 1.536103 -0.058837
v -0.066088 1.529257 -0.042233
v -0.061650 1.510058 0.000993
v 0.024239 1.540995 -0.076052
v 0.027135 1.541824 -0.074727
v 0.066615 1.512348 -0.001914
v 0.066449 1.512079 -0.005010
v -0.016790 1.539459 -0.077290
v -0.011860 1.538903 -0.078361
v -0.013046 1.536746 -0.079299
v -0.015814 1.541884 -0.076302
v -0.020019 1.544476 -0.074165
v 0.010138 1.540614 -0.078419
v 0.012563 1.542279 -0.077448
v -0.030128 1.511074 0.033911
v 0.051811 1.550263 -0.050290
v -0.061728 1.540195 -0.025544
v -0.030589 1.510440 0.034212
v -0.035998 1.512839 0.029853
v -0.041228 1.515264 0.025095
v -0.046342 1.517676 0.019945
v -0.051040 1.520691 0.014452
v -0.055209 1.523737 0.008639
v -0.058788 1.526886 0.002434
v -0.061404 1.530184 -0.004237
v -0.062926 1.533537 -0.011280
v -0.063248 1.536839 -0.018552
v -0.062388 1.539955 -0.025885
v -0.060467 1.542645 -0.033172
v -0.057519 1.545166 -0.040108
v -0.053631 1.547497 -0.046597
v -0.048927 1.549474 -0.052591
v -0.043438 1.551143 -0.057952
v -0.037223 1.552531 -0.062580
v -0.030287 1.553716 -0.066363
v -0.022788 1.554448 -0.069229
v -0.014988 1.554935 -0.070989
v -0.006992 1.555356 -0.072067
v 0.001084 1.555583 -0.072483
v 0.009047 1.555645 -0.072232
v 0.016835 1.555421 -0.071382
v 0.024360 1.555076 -0.069796
v 0.031596 1.554622 -0.067762
v 0.038535 1.554082 -0.064917
v 0.044601 1.553086 -0.061110
v 0.049265 1.551726 -0.056117
v 0.052610 1.550033 -0.050445
v 0.055332 1.547993 -0.044668
v 0.057834 1.545651 -0.038996
v 0.060294 1.543204 -0.033337
v 0.062078 1.540524 -0.027524
v 0.063173 1.537555 -0.021452
v 0.063496 1.534385 -0.015257
v 0.063493 1.531089 -0.009013
v 0.061822 1.527361 -0.003355
v 0.059084 1.523753 0.001978
v 0.055854 1.520729 0.007769
v 0.051891 1.518069 0.013120
v 0.047183 1.515715 0.018143
v 0.041848 1.513547 0.022667
v 0.036072 1.512027 0.026777
v 0.029534 1.528455 -0.080492
v 0.056362 1.526197 -0.068001
v 0.067203 1.523459 -0.056637
v 0.071419 1.520962 -0.049692
v 0.083926 1.510171 -0.055001
v 0.080017 1.512187 -0.061014
v 0.076173 1.513191 -0.066383
v 0.072591 1.513566 -0.070685
v 0.069864 1.513773 -0.073354
v 0.065870 1.515099 -0.075127
v 0.060213 1.516433 -0.077865
v 0.054098 1.517413 -0.080668
v 0.047663 1.517946 -0.083363
v 0.040957 1.518338 -0.085473
v 0.034434 1.517923 -0.087410
v 0.027506 1.517692 -0.088575
v 0.020517 1.517160 -0.089368
v 0.013492 1.516600 -0.089715
v 0.006410 1.516177 -0.089812
v -0.000544 1.516457 -0.090754
v -0.007542 1.516103 -0.089887
v -0.014631 1.516100 -0.090037
v -0.021652 1.516240 -0.089909
v -0.028605 1.516506 -0.089268
v -0.035430 1.516738 -0.088064
v -0.042054 1.516781 -0.086397
v -0.048358 1.516791 -0.084067
v -0.054450 1.516484 -0.081356
v -0.060089 1.516201 -0.078100
v -0.065633 1.515759 -0.074180
v -0.070745 1.515306 -0.069442
v -0.075743 1.514229 -0.064056
v -0.080494 1.512267 -0.058146
v -0.085066 1.509108 -0.051460
v -0.080064 1.512772 -0.049868
v -0.060277 1.525857 -0.063661
v -0.052422 1.526949 -0.070397
v -0.044234 1.527930 -0.075058
v -0.017922 1.528836 -0.081820
v -0.001423 1.528205 -0.082599
v 0.006674 1.528093 -0.082712
v -0.072244 1.519014 -0.054344
v -0.067731 1.521231 -0.060934
v -0.062243 1.522583 -0.066683
v -0.056451 1.523433 -0.071386
v -0.049915 1.524382 -0.075280
v -0.043252 1.524890 -0.078457
v -0.036493 1.525328 -0.080793
v -0.029669 1.525502 -0.082463
v -0.022744 1.525572 -0.083441
v -0.015429 1.526000 -0.083882
v -0.008058 1.526438 -0.084063
v -0.000620 1.526691 -0.084122
v 0.006773 1.527039 -0.083746
v 0.014082 1.527032 -0.083497
v 0.021270 1.527076 -0.082877
v 0.028444 1.527015 -0.081738
v 0.035372 1.526687 -0.080227
v 0.041833 1.526504 -0.077824
v 0.048262 1.525653 -0.074960
v 0.054443 1.524763 -0.071581
v 0.060126 1.523597 -0.067678
v 0.065118 1.522135 -0.063803
v 0.068908 1.520778 -0.060124
v 0.072183 1.519357 -0.055371
v 0.074822 1.517577 -0.049840
v -0.035958 1.521349 -0.084293
v 0.079166 1.513856 -0.052193
v 0.075753 1.516010 -0.057942
v 0.072551 1.517162 -0.062587
v 0.070369 1.517699 -0.065270
v 0.067386 1.518466 -0.067970
v 0.063103 1.519718 -0.070744
v 0.058000 1.520797 -0.073871
v 0.053688 1.521434 -0.076309
v 0.047721 1.522154 -0.079130
v 0.040969 1.522808 -0.081576
v 0.035144 1.522454 -0.083711
v 0.027803 1.522578 -0.085079
v 0.020362 1.522345 -0.085985
v -0.076246 1.515809 -0.055965
v -0.071572 1.517980 -0.061919
v -0.066540 1.519229 -0.067378
v -0.042516 1.521206 -0.082290
v -0.029111 1.521270 -0.085771
v -0.022062 1.521175 -0.086623
v -0.014920 1.521214 -0.086818
v -0.007670 1.521359 -0.086781
v -0.000414 1.521752 -0.087490
v 0.006908 1.521580 -0.086569
v 0.014382 1.521815 -0.086521
v -0.062007 1.519484 -0.072006
v -0.058876 1.518728 -0.075739
v -0.054537 1.520203 -0.077034
v -0.048790 1.520841 -0.079569
v 0.000724 1.468230 0.036091
v -0.007310 1.468370 0.035622
v -0.015520 1.468760 0.034843
v -0.023754 1.469480 0.033659
v -0.031785 1.470412 0.031994
v -0.039528 1.471778 0.029690
v -0.046791 1.473552 0.026487
v -0.053404 1.475660 0.022399
v -0.059222 1.478013 0.017559
v -0.064063 1.480539 0.011843
v -0.068249 1.483310 0.005759
v -0.071840 1.486298 -0.000599
v -0.074886 1.489461 -0.007237
v -0.077520 1.492803 -0.014066
v -0.079858 1.496355 -0.021009
v -0.082057 1.500170 -0.027984
v -0.084071 1.503811 -0.035180
v -0.085689 1.506582 -0.042981
v -0.085062 1.509116 -0.051493
v -0.085625 1.509824 -0.050346
v -0.070417 1.521849 -0.048099
v -0.072955 1.515107 -0.032827
v -0.067277 1.502165 -0.010763
v -0.064250 1.498306 -0.003331
v -0.043496 1.486811 0.022366
v -0.017796 1.482590 0.029555
v 0.003319 1.483317 0.031025
v 0.012637 1.482185 0.030297
v 0.020801 1.481241 0.029352
v 0.042741 1.484398 0.023219
v 0.048921 1.486718 0.019292
v 0.058755 1.491766 0.008522
v 0.062090 1.494136 0.002692
v 0.065148 1.496690 -0.003497
v 0.067919 1.499722 -0.009888
v 0.070472 1.503066 -0.016171
v 0.074288 1.510472 -0.028683
v 0.075115 1.513864 -0.035383
v 0.076631 1.515224 -0.043876
v 0.082015 1.510697 -0.045990
v 0.087696 1.506953 -0.048837
v 0.086435 1.505052 -0.040557
v 0.084743 1.501890 -0.033053
v 0.082838 1.498260 -0.025971
v 0.080772 1.494712 -0.018982
v 0.078470 1.491253 -0.012097
v 0.075823 1.487855 -0.005367
v 0.072744 1.484592 0.001235
v 0.069195 1.481594 0.007775
v 0.065085 1.478854 0.014106
v 0.060220 1.476219 0.019924
v 0.054406 1.473725 0.024820
v 0.047802 1.471686 0.028723
v 0.040494 1.469952 0.031412
v 0.032776 1.468767 0.033307
v 0.024832 1.468121 0.034605
v 0.016793 1.467976 0.035474
v 0.008757 1.468311 0.035895
v -0.075674 1.514780 -0.039890
v -0.075011 1.511872 -0.032642
v -0.073520 1.508415 -0.025715
v -0.071744 1.504572 -0.018999
v -0.069638 1.500818 -0.012341
v -0.067107 1.497146 -0.005724
v -0.064133 1.493581 0.000862
v -0.060679 1.490205 0.007313
v -0.056625 1.487050 0.013424
v -0.051614 1.484029 0.018707
v -0.045544 1.481162 0.023168
v -0.038450 1.478923 0.026585
v -0.030844 1.477162 0.028908
v -0.022947 1.476277 0.030766
v -0.014437 1.475606 0.031802
v -0.006170 1.475522 0.032539
v 0.001733 1.475712 0.033036
v 0.009782 1.475385 0.032719
v 0.017627 1.474716 0.032142
v 0.025384 1.474766 0.031212
v 0.032912 1.475501 0.029951
v 0.039282 1.476787 0.028427
v 0.045356 1.478607 0.026319
v 0.050960 1.480927 0.023363
v 0.055989 1.483324 0.019474
v 0.060341 1.486113 0.014893
v 0.063741 1.488939 0.009219
v 0.066165 1.491662 0.003145
v 0.067766 1.494574 -0.003277
v 0.069707 1.497719 -0.009107
v 0.071736 1.501078 -0.014667
v 0.073454 1.504366 -0.020310
v 0.074706 1.507620 -0.026006
v 0.075663 1.510722 -0.031760
v 0.076267 1.513380 -0.037697
v 0.072489 1.492843 -0.007261
v 0.069901 1.489659 -0.001160
v 0.059036 1.482157 0.017795
v -0.080545 1.510360 -0.041318
v -0.079345 1.507453 -0.033744
v -0.077468 1.503953 -0.026718
v -0.075465 1.500299 -0.019964
v -0.073239 1.496756 -0.013222
v -0.070679 1.493358 -0.006563
v -0.067678 1.490096 -0.000058
v -0.064162 1.486979 0.006252
v -0.060213 1.484149 0.012298
v -0.055754 1.481548 0.017442
v -0.051613 1.479585 0.020974
v 0.081165 1.508844 -0.038934
v 0.063716 1.484375 0.011634
v 0.067110 1.486845 0.005241
v 0.074786 1.496143 -0.013381
v 0.076745 1.499424 -0.019628
v 0.078414 1.502712 -0.025957
v 0.079905 1.505996 -0.032332
v -0.022950 1.511396 0.036376
v -0.016164 1.509798 0.037388
v -0.010474 1.506279 0.036652
v -0.006525 1.501039 0.034802
v -0.003764 1.494989 0.032878
v -0.001032 1.489137 0.031609
v -0.007753 1.482541 0.030417
v -0.027097 1.483406 0.028393
v -0.035719 1.484745 0.026142
v -0.050374 1.489563 0.017389
v -0.056210 1.492373 0.010970
v -0.060571 1.495189 0.004065
v -0.069966 1.506482 -0.018062
v -0.071884 1.511083 -0.025346
v -0.072330 1.519072 -0.040459
v -0.066306 1.524148 -0.056332
v -0.035623 1.528378 -0.078643
v -0.026650 1.528631 -0.080839
v -0.009649 1.528723 -0.082246
v 0.014614 1.528220 -0.082463
v 0.022147 1.528329 -0.081839
v 0.036834 1.528279 -0.078447
v 0.043642 1.527768 -0.075775
v 0.050110 1.527211 -0.072183
v 0.062151 1.525013 -0.062861
v 0.073937 1.517866 -0.042359
v 0.072592 1.506927 -0.022288
v 0.054236 1.489248 0.014482
v 0.035985 1.482661 0.026267
v 0.028639 1.481626 0.028179
v 0.011138 1.488376 0.030332
v 0.014190 1.494068 0.031072
v 0.016622 1.500272 0.032061
v 0.020257 1.505589 0.032348
v 0.025055 1.509452 0.031120
v 0.030250 1.511598 0.028729
v 0.048303 1.552618 -0.055505
v 0.043806 1.554093 -0.060370
v 0.030989 1.555937 -0.066739
v -0.052551 1.548638 -0.045223
v -0.060162 1.531492 -0.003853
v -0.053925 1.525280 0.008742
v -0.045267 1.519678 0.019758
v -0.035389 1.514298 0.029610
v 0.063438 1.504718 -0.005563
v 0.057179 1.496341 0.008016
v 0.033069 1.487834 0.026566
v -0.020884 1.494031 0.029880
v 0.022108 1.497236 0.030043
v 0.031826 1.504193 0.027235
v -0.025306 1.503156 0.030031
v -0.016212 1.502231 0.032988
v -0.036177 1.500685 0.024954
v 0.018008 1.541684 -0.074097
v 0.059297 1.510713 -0.000246
v 0.050165 1.504854 0.014063
v 0.025860 1.489288 0.028349
v 0.016019 1.486095 0.029612
v -0.058616 1.518012 -0.000770
v -0.065175 1.523754 -0.022867
v -0.059109 1.531801 -0.053776
v -0.054790 1.539433 -0.049938
v -0.037682 1.536178 -0.070954
v -0.015041 1.536436 -0.077177
v -0.004404 1.548799 -0.072728
v 0.018750 1.545204 -0.072379
v 0.046527 1.541290 -0.059886
v 0.040543 1.547879 -0.061501
v 0.056573 1.538942 -0.047213
v 0.062386 1.534116 -0.025931
v 0.039437 1.500614 0.023194
v -0.020881 1.538953 -0.074877
v -0.033223 1.546301 -0.066758
v 0.029195 1.550150 -0.067480
v 0.059145 1.539788 -0.037605
v 0.063639 1.530905 -0.030646
v 0.065336 1.528141 -0.035392
v 0.071938 1.516185 -0.031604
v 0.040304 1.495126 0.022914
v 0.040934 1.489512 0.023096
v 0.047368 1.491718 0.018823
v 0.051622 1.499360 0.013418
v 0.044991 1.502413 0.019215
v -0.041518 1.507196 0.021444
v -0.029567 1.499392 0.027934
v -0.047655 1.504729 0.016475
v -0.052327 1.507318 0.010987
v -0.060800 1.508253 -0.002532
v -0.055282 1.514996 0.005681
v -0.058889 1.537087 -0.043293
v -0.063752 1.529283 -0.046516
v -0.033938 1.541017 -0.069340
v -0.009502 1.547894 -0.072736
v -0.014353 1.540025 -0.075358
v 0.024018 1.537794 -0.075084
v 0.010818 1.541339 -0.075061
v 0.038370 1.537449 -0.069719
v 0.045291 1.536412 -0.065686
v 0.038999 1.542520 -0.065475
v 0.056406 1.532836 -0.057358
v 0.060274 1.533651 -0.047196
v 0.056502 1.536015 -0.052101
v 0.053070 1.541019 -0.051475
v 0.062078 1.533971 -0.036599
v 0.063262 1.531136 -0.041483
v 0.061212 1.537217 -0.031909
v 0.059930 1.505369 0.000425
v 0.059342 1.500741 0.003143
v 0.061949 1.515566 -0.007216
v 0.065258 1.507433 -0.010356
v 0.068696 1.522358 -0.033436
v 0.066325 1.524709 -0.029037
v 0.066571 1.520906 -0.023221
v -0.043011 1.492227 0.021522
v -0.035717 1.505323 0.025125
v -0.057434 1.505322 0.004260
v -0.053378 1.502461 0.010598
v -0.066410 1.526644 -0.038849
v -0.061893 1.534001 -0.036130
v -0.045782 1.535074 -0.066369
v -0.050679 1.537616 -0.058589
v -0.049402 1.541462 -0.055946
v -0.016138 1.543106 -0.073752
v 0.031636 1.543880 -0.068918
v 0.012309 1.545545 -0.073174
v 0.003230 1.541361 -0.075357
v 0.005129 1.545563 -0.073706
v 0.059648 1.536600 -0.042329
v 0.064530 1.513024 -0.011898
v 0.063031 1.499853 -0.002231
v 0.051213 1.534682 -0.061752
v 0.029743 1.499950 0.027888
v 0.027293 1.505000 0.029468
v -0.064975 1.527305 -0.030002
v -0.028717 1.494264 0.027961
v -0.062850 1.524652 -0.014356
v -0.042549 1.539976 -0.064503
v -0.006594 1.536898 -0.077368
v -0.005251 1.541613 -0.075237
v -0.056615 1.535621 -0.052013
v 0.064580 1.528586 -0.046562
v -0.024272 1.545316 -0.070954
v 0.060452 1.497785 0.002880
v 0.024857 1.501850 0.029960
v -0.067109 1.519623 -0.023856
v -0.065754 1.515580 -0.016541
v -0.063524 1.511735 -0.009484
v -0.061192 1.521223 -0.007382
v -0.010056 1.488339 0.030621
v -0.019127 1.488280 0.029472
v -0.027827 1.488966 0.028033
v -0.035861 1.490266 0.025446
v -0.049309 1.494649 0.016582
v -0.054528 1.497427 0.010622
v -0.058800 1.500204 0.003968
v -0.062380 1.503111 -0.003116
v -0.065190 1.506905 -0.010223
v -0.067669 1.510996 -0.017387
v -0.069303 1.515432 -0.024635
v -0.070011 1.519277 -0.032102
v -0.069265 1.522814 -0.039690
v -0.067080 1.525355 -0.047731
v -0.062507 1.527907 -0.055178
v -0.056589 1.529522 -0.062229
v -0.049195 1.530849 -0.068236
v -0.041074 1.531883 -0.072898
v -0.032861 1.532288 -0.076329
v -0.024689 1.532421 -0.078424
v -0.016386 1.532669 -0.079374
v -0.008031 1.532721 -0.079734
v 0.000096 1.532526 -0.079885
v 0.008006 1.532478 -0.079894
v 0.015811 1.532757 -0.079407
v 0.023030 1.532953 -0.078444
v 0.030422 1.533161 -0.076589
v 0.037545 1.532856 -0.074074
v 0.044396 1.532058 -0.070836
v 0.050614 1.531040 -0.066994
v 0.056385 1.529574 -0.062744
v 0.061534 1.527928 -0.057723
v 0.065858 1.526051 -0.051641
v 0.069303 1.523340 -0.044988
v 0.071234 1.520085 -0.038047
v 0.071459 1.512422 -0.025632
v 0.069920 1.508649 -0.019430
v 0.067767 1.505240 -0.013441
v 0.065531 1.502283 -0.007815
v 0.052864 1.494072 0.013699
v 0.028296 1.484628 0.027942
v 0.022759 1.484916 0.028718
v 0.019281 1.491241 0.029655
v 0.037554 1.506122 0.024125
v 0.043156 1.508052 0.020268
v 0.048248 1.510299 0.015478
v 0.052854 1.512831 0.009825
v 0.056818 1.515776 0.003439
v 0.059854 1.519497 -0.002860
v 0.062003 1.523440 -0.008512
v 0.063178 1.527365 -0.014112
v 0.062966 1.530851 -0.020015
v 0.056567 1.542187 -0.042633
v 0.053322 1.544318 -0.047615
v 0.049723 1.545993 -0.052121
v 0.045488 1.546735 -0.056921
v 0.034791 1.549139 -0.064966
v 0.021916 1.549222 -0.070146
v 0.014132 1.550216 -0.071382
v 0.004908 1.550095 -0.072298
v -0.001832 1.551586 -0.072043
v -0.008697 1.551458 -0.071717
v -0.016479 1.550641 -0.070893
v -0.025016 1.549345 -0.069074
v -0.031423 1.549670 -0.066137
v -0.037463 1.548670 -0.062862
v -0.043213 1.547217 -0.058844
v -0.048730 1.545464 -0.053708
v -0.053552 1.543418 -0.047761
v -0.057450 1.541029 -0.041231
v -0.060292 1.538273 -0.034331
v -0.061897 1.535669 -0.027128
v -0.062371 1.532512 -0.019946
v -0.062073 1.529212 -0.012806
v -0.060599 1.525905 -0.005895
v -0.058119 1.522694 0.000693
v -0.054680 1.519619 0.006923
v -0.050512 1.516724 0.012575
v -0.045705 1.514112 0.017583
v -0.040397 1.511840 0.022031
v -0.034737 1.509882 0.025975
v -0.029108 1.508020 0.029518
v -0.023270 1.506316 0.032199
v -0.012646 1.494596 0.031526
v 0.027853 1.495050 0.028138
v -0.036069 1.495628 0.025109
v -0.042667 1.497404 0.021222
v -0.048409 1.499707 0.016357
v -0.067258 1.523509 -0.031161
v -0.053286 1.533467 -0.060513
v -0.029631 1.536395 -0.074329
v -0.022611 1.536042 -0.076366
v 0.001615 1.536894 -0.077434
v 0.009389 1.536934 -0.077283
v 0.016817 1.537288 -0.076565
v 0.030887 1.538032 -0.072889
v 0.060856 1.530827 -0.052426
v 0.067344 1.525730 -0.040261
v 0.069155 1.518490 -0.027583
v 0.068669 1.514523 -0.021881
v 0.067205 1.510770 -0.016023
v -0.022872 1.499483 0.030225
v -0.029852 1.503834 0.028021
v -0.046712 1.509373 0.016926
v -0.051346 1.512030 0.011616
v -0.063538 1.528054 -0.021450
v -0.063188 1.531345 -0.028612
v -0.043474 1.543440 -0.061042
v -0.038104 1.545333 -0.064174
v -0.016412 1.546872 -0.072212
v 0.028632 1.546761 -0.068808
v 0.049902 1.542762 -0.054541
v 0.064364 1.527564 -0.024566
v 0.064442 1.523861 -0.018770
v 0.063676 1.519898 -0.013114
v 0.055040 1.507446 0.007565
v 0.033750 1.499506 0.026160
v 0.061433 1.502609 -0.001039
v 0.046148 1.497084 0.018767
v 0.033726 1.494026 0.026146
v -0.042173 1.502392 0.021262
v -0.056251 1.510353 0.004831
v -0.059555 1.513143 -0.001763
v -0.062188 1.516473 -0.008544
v -0.064163 1.520074 -0.015526
v -0.063534 1.530792 -0.037519
v -0.061078 1.533072 -0.044905
v 0.024320 1.542868 -0.072146
v 0.052004 1.538269 -0.056396
v 0.065983 1.516980 -0.017664
v 0.062732 1.509283 -0.006525
v 0.062054 1.506415 -0.003922
v 0.022695 1.544742 -0.071692
v 0.024484 1.545941 -0.070649
v -0.038222 1.542971 -0.065546
v -0.034022 1.543573 -0.067760
v -0.030393 1.544258 -0.069172
v -0.029682 1.546603 -0.068378
v 0.056675 1.501835 0.006653
v -0.008138 1.544970 -0.073827
v -0.024967 1.541067 -0.072824
v -0.001984 1.547332 -0.073226
v -0.000741 1.544805 -0.074079
v -0.075282 1.516922 -0.047260
v -0.056298 1.546336 -0.038847
v -0.036670 1.553670 -0.061057
v -0.022640 1.555787 -0.067651
v 0.008710 1.556856 -0.070922
v 0.037865 1.555256 -0.064040
v 0.060743 1.527593 -0.003840
v 0.046066 1.516965 0.017467
v 0.060754 1.541787 -0.026966
v 0.056484 1.546676 -0.038284
v -0.061689 1.534732 -0.010764
v -0.049799 1.522404 0.014418
v -0.076015 1.517612 -0.047216
v 0.035485 1.513413 0.025856
v 0.036059 1.506695 0.028455
v 0.035746 1.500571 0.029612
v 0.035236 1.494370 0.030256
v 0.034612 1.488177 0.030647
v 0.033813 1.482026 0.030893
v 0.032613 1.475958 0.031107
v 0.039372 1.477653 0.029324
v 0.045735 1.479601 0.027084
v 0.051587 1.481914 0.023977
v 0.056831 1.484302 0.019934
v 0.061424 1.487030 0.015151
v 0.064824 1.489836 0.009274
v 0.067101 1.492630 0.002984
v 0.068557 1.495566 -0.003403
v 0.070507 1.498721 -0.009245
v 0.072621 1.502136 -0.014811
v 0.074421 1.505469 -0.020491
v 0.075677 1.508680 -0.026343
v 0.076583 1.511806 -0.032245
v 0.077050 1.514579 -0.038324
v 0.077064 1.516464 -0.044527
v 0.075099 1.518848 -0.050522
v 0.072323 1.520601 -0.056066
v 0.068844 1.522033 -0.060889
v 0.064742 1.523280 -0.064930
v 0.059726 1.524679 -0.068882
v 0.054023 1.525716 -0.072730
v 0.047829 1.526579 -0.076140
v 0.041308 1.527231 -0.078959
v 0.034671 1.527461 -0.081242
v 0.027676 1.527636 -0.082770
v 0.020484 1.527663 -0.083849
v 0.013272 1.527606 -0.084454
v 0.006091 1.527538 -0.084729
v -0.001402 1.527321 -0.085007
v -0.008811 1.527128 -0.084927
v -0.016122 1.526867 -0.084606
v -0.023375 1.526719 -0.084095
v -0.030412 1.526600 -0.082944
v -0.037341 1.526405 -0.081171
v -0.044199 1.526101 -0.078714
v -0.050753 1.525482 -0.075267
v -0.057244 1.524712 -0.071276
v -0.063009 1.523753 -0.066368
v -0.068332 1.522450 -0.060526
v -0.072751 1.520485 -0.053966
v -0.076339 1.515497 -0.039041
v -0.075812 1.512172 -0.031643
v -0.074303 1.508482 -0.024700
v -0.072423 1.504753 -0.017922
v -0.070187 1.501116 -0.011227
v -0.067568 1.497586 -0.004614
v -0.064528 1.494189 0.001902
v -0.061037 1.490958 0.008228
v -0.057000 1.487901 0.014237
v -0.051976 1.484868 0.019515
v -0.046052 1.481976 0.023908
v -0.039254 1.479483 0.027318
v -0.031791 1.477643 0.029905
v -0.024018 1.476713 0.031569
v -0.027702 1.482279 0.031540
v -0.029993 1.487761 0.031790
v -0.031457 1.493229 0.032318
v -0.032116 1.498856 0.032864
v -0.031863 1.504749 0.033382
v -0.040494 1.516931 0.024760
v -0.057531 1.528319 0.002685
v -0.062026 1.537941 -0.017924
v -0.059183 1.543746 -0.032175
v -0.048005 1.550581 -0.051154
v -0.042690 1.552256 -0.056451
v -0.029936 1.554960 -0.064818
v -0.015009 1.556110 -0.069514
v -0.007132 1.556548 -0.070644
v 0.000826 1.556829 -0.071091
v 0.016422 1.556648 -0.070130
v 0.023827 1.556349 -0.068607
v 0.054069 1.548851 -0.044057
v 0.058947 1.544436 -0.032628
v 0.061890 1.538681 -0.021088
v 0.062197 1.535205 -0.015126
v 0.062301 1.531666 -0.009136
v 0.058015 1.524032 0.001419
v 0.054691 1.521385 0.007278
v 0.050716 1.519089 0.012576
v 0.040915 1.515001 0.021857
v 0.066275 1.532626 -0.045154
v -0.003078 1.540956 -0.078831
v -0.036112 1.540493 -0.070761
v -0.062996 1.531204 -0.050758
v 0.073659 1.522076 -0.044813
v 0.061250 1.527798 -0.064408
v 0.053369 1.500213 0.020709
v 0.046051 1.495329 0.025475
v 0.067055 1.512912 0.003241
v -0.066926 1.526815 -0.050311
v -0.066672 1.525185 -0.057346
v -0.066860 1.517552 -0.011772
v -0.041402 1.495796 0.026538
v 0.070965 1.522289 -0.032774
v 0.062446 1.537916 -0.045272
v 0.056549 1.541111 -0.057451
v -0.023258 1.533823 -0.079642
v -0.003190 1.536601 -0.080803
v -0.002455 1.530921 -0.083466
v -0.036237 1.544417 -0.068263
v -0.056054 1.528959 -0.066474
v -0.057643 1.531517 -0.060400
v -0.062387 1.527079 -0.062205
v 0.047296 1.500177 0.023982
v 0.057593 1.509427 0.014637
v 0.045736 1.490411 0.026162
v 0.050665 1.492062 0.023484
v 0.065922 1.517362 0.004341
v 0.066767 1.506707 -0.002198
v 0.066071 1.502515 0.004547
v 0.067522 1.521967 -0.007935
v -0.066119 1.531662 -0.031864
v -0.066449 1.525368 -0.016511
v -0.073524 1.516264 -0.030072
v -0.065041 1.521787 -0.009304
v -0.051064 1.489791 0.019611
v -0.040215 1.484800 0.026935
v -0.045737 1.492233 0.023533
v 0.060568 1.540740 -0.039309
v 0.041255 1.549297 -0.065551
v -0.005248 1.550802 -0.074373
v 0.003248 1.550927 -0.074606
v -0.013457 1.550487 -0.073398
v -0.007005 1.537874 -0.079953
v -0.048476 1.538377 -0.063153
v -0.054029 1.543683 -0.050272
v -0.058583 1.541078 -0.043987
v 0.070077 1.527368 -0.044914
v 0.047692 1.504601 0.022640
v 0.061099 1.492287 0.015419
v 0.056234 1.489616 0.019963
v 0.064241 1.503272 0.010818
v 0.067085 1.508682 -0.008629
v 0.063976 1.535444 -0.027419
v 0.066904 1.523877 -0.014185
v 0.073328 1.514022 -0.026244
v -0.060788 1.522601 0.000138
v -0.053572 1.514858 0.012848
v -0.034007 1.483059 0.029501
v -0.046253 1.501912 0.022473
v -0.021534 1.549913 -0.071808
v -0.029451 1.549471 -0.069004
v -0.028810 1.544901 -0.071662
v -0.042864 1.543421 -0.064168
v -0.042520 1.536175 -0.069961
v -0.048353 1.532275 -0.069338
v -0.058733 1.533837 -0.054863
v -0.048821 1.541856 -0.059603
v 0.068279 1.529121 -0.050449
v 0.065394 1.530439 -0.055550
v 0.070843 1.525079 -0.038979
v 0.074033 1.517194 -0.032406
v -0.066608 1.509683 -0.007245
v -0.041818 1.501706 0.026148
v -0.054272 1.497741 0.015110
v -0.056843 1.503348 0.010892
v -0.050095 1.494775 0.019750
v 0.071981 1.523844 -0.050346
v 0.061959 1.531269 -0.059937
v 0.067288 1.530153 -0.039265
v 0.067743 1.527290 -0.033140
v 0.063842 1.535372 -0.039392
v 0.064933 1.509311 0.009131
v -0.063995 1.506083 -0.000926
v 0.058643 1.535438 -0.059933
v 0.057869 1.532027 -0.063878
v 0.067706 1.524143 -0.026822
v 0.064949 1.532619 -0.033371
v 0.065591 1.529681 -0.027172
v 0.062304 1.513580 0.009820
v 0.066805 1.512584 -0.008931
v 0.066887 1.509490 0.001317
v 0.067247 1.516598 -0.007072
v 0.061505 1.535446 -0.056031
v 0.064403 1.534393 -0.050780
v 0.066753 1.517069 -0.012967
v 0.065992 1.526640 -0.020795
v 0.012855 1.538515 -0.079771
v 0.021974 1.535455 -0.080124
v 0.024878 1.531514 -0.081562
v 0.009120 1.534777 -0.081717
v 0.006944 1.538089 -0.080276
v 0.004386 1.531040 -0.083431
v 0.000835 1.537525 -0.080517
v 0.018661 1.539662 -0.078545
v 0.020080 1.542662 -0.076675
v 0.006204 1.545539 -0.076936
v -0.070801 1.523145 -0.036040
v 0.034854 1.535186 -0.076679
v 0.038148 1.531205 -0.077899
v 0.047379 1.533892 -0.070820
v 0.052959 1.532863 -0.067468
v 0.047552 1.540373 -0.066094
v 0.028592 1.535278 -0.078728
v 0.031628 1.531403 -0.080063
v 0.037264 1.539651 -0.072527
v 0.041083 1.534871 -0.073938
v -0.029885 1.533637 -0.077894
v -0.023117 1.537143 -0.077748
v -0.029210 1.540791 -0.073724
v 0.055426 1.494874 0.020129
v 0.065957 1.506134 0.006517
v 0.060905 1.497721 0.015631
v -0.059918 1.536041 -0.048976
v -0.068309 1.521089 -0.018913
v -0.068851 1.524402 -0.026420
v 0.052295 1.539716 -0.063088
v -0.063954 1.534079 -0.040029
v -0.068326 1.527278 -0.034225
v -0.064715 1.513844 -0.005010
v -0.062795 1.518074 -0.002485
v 0.013714 1.546610 -0.075791
v 0.044406 1.544268 -0.066080
v 0.037775 1.543928 -0.069597
v -0.056639 1.509833 0.009884
v -0.059267 1.506470 0.006803
v -0.059953 1.514191 0.003921
v -0.003496 1.545769 -0.076738
v -0.036477 1.533385 -0.075601
v 0.043472 1.507410 0.024142
v 0.039902 1.483465 0.028973
v 0.040353 1.489218 0.028517
v 0.040950 1.494908 0.027856
v 0.041963 1.500776 0.026628
v -0.045985 1.487115 0.023643
v -0.055633 1.492707 0.014654
v -0.059485 1.495462 0.009167
v -0.062847 1.498524 0.003335
v -0.065843 1.501876 -0.002829
v -0.068471 1.505413 -0.009267
v -0.070723 1.509063 -0.015936
v -0.072484 1.512733 -0.022848
v -0.036656 1.506943 0.029816
v -0.037081 1.500455 0.029662
v -0.036645 1.494416 0.029566
v -0.035600 1.488665 0.029467
v 0.049364 1.510832 0.019003
v 0.054357 1.513795 0.013764
v 0.058789 1.517238 0.008635
v 0.062628 1.521045 0.003660
v 0.065707 1.524861 -0.001765
v 0.066384 1.527289 -0.008271
v 0.066064 1.529824 -0.014790
v 0.065127 1.532579 -0.021169
v 0.062485 1.538152 -0.033449
v 0.058690 1.543232 -0.045073
v 0.056222 1.545313 -0.050900
v 0.052666 1.546922 -0.056715
v 0.047508 1.548401 -0.061734
v 0.034340 1.549658 -0.068579
v 0.026797 1.550393 -0.070966
v 0.019155 1.550779 -0.072901
v 0.011249 1.551136 -0.073982
v -0.036695 1.548623 -0.065390
v -0.043174 1.547385 -0.060976
v -0.048941 1.545738 -0.055937
v -0.062012 1.538630 -0.036517
v -0.064144 1.536009 -0.028844
v -0.064981 1.532961 -0.021272
v -0.064680 1.529632 -0.013833
v -0.063234 1.526141 -0.006670
v -0.057550 1.518932 0.006567
v -0.048518 1.509539 0.019478
v -0.042151 1.508553 0.025328
v 0.045704 1.485122 0.026635
v 0.051153 1.487163 0.023679
v 0.064457 1.494850 0.009767
v 0.066359 1.497700 0.003625
v 0.067228 1.500866 -0.002777
v 0.068615 1.503770 -0.008835
v 0.070076 1.507030 -0.014582
v 0.071988 1.510598 -0.020271
v 0.074137 1.519921 -0.038640
v 0.069006 1.525487 -0.055637
v 0.065434 1.526741 -0.060295
v 0.056257 1.528809 -0.068276
v 0.050658 1.529803 -0.071903
v 0.044523 1.530640 -0.075134
v 0.018057 1.531411 -0.082582
v 0.011218 1.531226 -0.083162
v -0.009417 1.530879 -0.083189
v -0.016416 1.530547 -0.082668
v -0.023317 1.530295 -0.081785
v -0.030211 1.530292 -0.080568
v -0.036979 1.530110 -0.078518
v -0.043585 1.529713 -0.075649
v -0.049950 1.529321 -0.072066
v -0.069811 1.523491 -0.051767
v -0.072483 1.521603 -0.045152
v -0.073606 1.519303 -0.037655
v -0.040939 1.490268 0.026696
v -0.058008 1.499789 0.010064
v 0.052144 1.506260 0.019453
v 0.067479 1.519963 -0.001674
v -0.061123 1.502683 0.004849
v -0.068790 1.513297 -0.013940
v -0.070367 1.516883 -0.020980
v -0.071098 1.520237 -0.028389
v 0.064284 1.499591 0.010337
v 0.067792 1.511907 -0.014238
v 0.069229 1.515539 -0.020354
v 0.070420 1.519056 -0.026506
v 0.015517 1.535058 -0.081178
v 0.002761 1.534395 -0.081979
v -0.003225 1.534209 -0.081936
v -0.009894 1.534829 -0.081192
v -0.016757 1.534063 -0.080773
v -0.042748 1.532852 -0.072675
v -0.052487 1.531653 -0.066322
v -0.066861 1.528648 -0.024034
v -0.054351 1.539545 -0.054636
v -0.011941 1.545737 -0.075860
v 0.021991 1.545607 -0.074768
v 0.029525 1.545619 -0.072316
v 0.050500 1.543441 -0.062345
v 0.060263 1.539855 -0.051191
v -0.069413 1.525326 -0.043564
v -0.065327 1.527090 -0.054944
v -0.062124 1.529117 -0.057048
v 0.050074 1.495856 0.023330
v -0.045643 1.497324 0.023316
v -0.048853 1.499491 0.020264
v -0.053188 1.503994 0.015215
v 0.060832 1.504072 0.014893
v 0.067379 1.515410 -0.001933
v 0.067017 1.520714 -0.020326
v -0.053067 1.533711 -0.063092
v -0.048223 1.535164 -0.066522
v -0.036222 1.536819 -0.073129
v -0.029656 1.537123 -0.075790
v -0.017453 1.536976 -0.079079
v 0.025736 1.538854 -0.077464
v 0.031336 1.539007 -0.075631
v 0.044534 1.537744 -0.069677
v 0.050022 1.536691 -0.066690
v 0.054801 1.535968 -0.063480
v 0.043302 1.540628 -0.068494
v 0.055948 1.538768 -0.060227
v 0.031354 1.542481 -0.073403
v 0.015471 1.543976 -0.076826
v 0.005083 1.541367 -0.078826
v -0.010691 1.541957 -0.077668
v -0.022305 1.540564 -0.076062
v -0.042616 1.539648 -0.067182
v -0.053814 1.536396 -0.059083
v -0.066495 1.529542 -0.042294
v -0.062082 1.510127 0.001236
v 0.024348 1.541229 -0.076480
v 0.027270 1.542066 -0.075143
v 0.067113 1.512313 -0.001920
v 0.066951 1.512058 -0.005022
v -0.016875 1.539683 -0.077728
v -0.011922 1.539120 -0.078807
v -0.013106 1.536973 -0.079741
v -0.015901 1.542094 -0.076748
v -0.020134 1.544685 -0.074606
v 0.010165 1.540824 -0.078872
v 0.012607 1.542495 -0.077897
v -0.030151 1.511918 0.033904
v 0.051490 1.550846 -0.049890
v -0.061107 1.541041 -0.025093
v -0.030860 1.510590 0.034648
v -0.036271 1.513014 0.030269
v -0.041517 1.515451 0.025492
v -0.046661 1.517848 0.020324
v -0.051374 1.520885 0.014816
v -0.055571 1.523949 0.008976
v -0.059185 1.527110 0.002733
v -0.061828 1.530432 -0.003990
v -0.063360 1.533820 -0.011092
v -0.063680 1.537157 -0.018427
v -0.062805 1.540305 -0.025823
v -0.060870 1.543011 -0.033175
v -0.057907 1.545539 -0.040173
v -0.053998 1.547881 -0.046723
v -0.049268 1.549865 -0.052777
v -0.043744 1.551535 -0.058195
v -0.037486 1.552919 -0.062876
v -0.030493 1.554090 -0.066710
v -0.022931 1.554813 -0.069612
v -0.015079 1.555305 -0.071382
v -0.007044 1.555725 -0.072468
v 0.001075 1.555947 -0.072890
v 0.009083 1.556009 -0.072642
v 0.016915 1.555775 -0.071794
v 0.024482 1.555421 -0.070205
v 0.031762 1.554951 -0.068168
v 0.038764 1.554436 -0.065282
v 0.044901 1.553481 -0.061383
v 0.049598 1.552149 -0.056258
v 0.052940 1.550468 -0.050484
v 0.055673 1.548415 -0.044660
v 0.058210 1.546037 -0.038988
v 0.060713 1.543555 -0.033327
v 0.062517 1.540855 -0.027469
v 0.063603 1.537897 -0.021333
v 0.063855 1.534786 -0.015071
v 0.063746 1.531545 -0.008732
v 0.061837 1.527861 -0.003067
v 0.059080 1.524230 0.002259
v 0.055983 1.521156 0.008091
v 0.052091 1.518433 0.013475
v 0.047392 1.516045 0.018520
v 0.042056 1.513837 0.023061
v 0.036267 1.512315 0.027192
vn 0.4243 0.7071 -0.5656
vn 0.8088 0.5796 0.0996
vn 0.8836 0.4001 0.2434
vn 0.5724 0.7965 0.1946
vn 0.6069 0.7944 0.0232
vn -0.7201 0.6917 -0.0547
vn -0.6686 0.6886 -0.2808
vn -0.6338 0.7674 -0.0971
vn -0.6869 0.7235 0.0695
vn 0.6345 0.7729 0.0090
vn 0.6358 0.7477 0.1917
vn 0.8683 0.2529 -0.4268
vn 0.9818 0.1273 -0.1412
vn 0.8368 0.1900 -0.5135
vn 0.6088 0.7795 -0.1473
vn 0.7937 0.1377 -0.5925
vn 0.5815 0.7709 -0.2598
vn 0.5452 0.7693 -0.3333
vn 0.4139 0.9086 -0.0563
vn 0.7330 0.0979 -0.6732
vn 0.5186 0.7541 -0.4030
vn 0.5716 0.0418 -0.8194
vn 0.4493 0.1125 -0.8863
vn 0.4836 0.7385 -0.4698
vn 0.4389 0.0513 -0.8971
vn 0.4479 0.7156 -0.5360
vn 0.3957 0.7076 -0.5854
vn 0.4022 0.0077 -0.9155
vn 0.3423 0.6809 -0.6474
vn 0.3392 -0.0450 -0.9396
vn 0.2685 0.6449 -0.7156
vn 0.2896 -0.0721 -0.9544
vn 0.2003 0.6075 -0.7686
vn 0.2265 -0.1367 -0.9644
vn 0.1190 0.5796 -0.8061
vn 0.1450 -0.1626 -0.9760
vn 0.0541 0.5441 -0.8373
vn 0.0953 -0.2031 -0.9745
vn -0.6376 0.7656 0.0850
vn -0.6065 0.7907 -0.0834
vn -0.8310 0.2169 -0.5122
vn -0.6297 -0.2902 -0.7206
vn -0.5695 0.7922 -0.2194
vn -0.5777 0.6747 -0.4594
vn -0.5774 0.7755 -0.2555
vn 0.7338 0.6747 -0.0795
vn 0.6167 0.7758 -0.1339
vn 0.4592 0.8598 -0.2233
vn 0.8158 0.3818 -0.4345
vn 0.4262 0.8420 -0.3308
vn 0.7371 0.3353 -0.5867
vn 0.3769 0.8246 -0.4218
vn 0.6275 0.3748 -0.6825
vn 0.3604 0.7703 -0.5261
vn 0.5228 0.4091 -0.7479
vn 0.2650 0.7969 -0.5429
vn 0.4467 0.3399 -0.8276
vn 0.2068 0.7425 -0.6372
vn 0.3300 0.3565 -0.8741
vn 0.1390 0.7041 -0.6963
vn 0.2293 0.3506 -0.9080
vn 0.0827 0.6589 -0.7476
vn 0.1340 0.3890 -0.9115
vn 0.0391 0.6163 -0.7865
vn 0.0483 0.5368 -0.8423
vn 0.0147 0.6048 -0.7962
vn 0.0084 0.6126 -0.7903
vn -0.0173 0.6790 -0.7339
vn -0.0021 0.5889 -0.8082
vn -0.0485 0.6243 -0.7796
vn -0.0158 0.5339 -0.8454
vn -0.0738 0.5749 -0.8149
vn -0.0649 0.5320 -0.8442
vn -0.1076 0.5712 -0.8137
vn -0.1515 0.5734 -0.8052
vn -0.1742 0.5890 -0.7892
vn -0.2737 0.6161 -0.7386
vn -0.2538 0.6118 -0.7492
vn -0.3256 0.6533 -0.6835
vn -0.3973 0.6406 -0.6572
vn -0.3956 0.6891 -0.6072
vn -0.4830 0.6777 -0.5545
vn -0.3172 0.9041 -0.2864
vn -0.4953 0.7898 -0.3618
vn -0.5245 0.7604 -0.3829
vn -0.4722 0.7413 -0.4769
vn -0.2843 0.6501 -0.7047
vn -0.3403 0.6811 -0.6483
vn -0.2004 0.6190 -0.7594
vn -0.1267 0.5891 -0.7980
vn -0.0582 0.5646 -0.8233
vn -0.0161 0.5269 -0.8498
vn -0.0590 0.4868 -0.8715
vn 0.0053 0.5441 -0.8390
vn 0.0534 0.4857 -0.8725
vn 0.0120 0.5117 -0.8591
vn -0.7755 0.1604 -0.6107
vn -0.7183 0.1058 -0.6877
vn -0.6382 0.0491 -0.7683
vn -0.4252 0.7362 -0.5266
vn -0.5415 0.0214 -0.8404
vn -0.3706 0.7273 -0.5777
vn -0.4507 -0.0051 -0.8927
vn -0.3728 -0.0143 -0.9278
vn -0.2924 -0.0832 -0.9527
vn -0.2078 -0.1215 -0.9706
vn -0.1356 -0.1630 -0.9773
vn -0.0598 -0.2025 -0.9775
vn -0.0016 -0.2272 -0.9738
vn -0.0432 -0.2676 -0.9626
vn 0.0049 -0.2003 -0.9797
vn 0.0780 -0.2745 -0.9584
vn 0.0467 -0.2340 -0.9711
vn 0.9992 0.0395 0.0085
vn -0.4236 0.8483 0.3177
vn -0.7792 0.6132 0.1298
vn -0.7196 0.6491 0.2468
vn 0.9432 0.1631 0.2894
vn 0.2911 0.9000 0.3243
vn -0.9920 0.0908 0.0875
vn -0.6572 0.7043 0.2684
vn -0.9710 0.0212 0.2380
vn -0.6664 0.6192 0.4153
vn -0.9639 -0.0411 0.2630
vn -0.6717 0.5625 0.4821
vn -0.9595 -0.0803 0.2700
vn -0.6743 0.5426 0.5009
vn -0.9503 -0.0905 0.2979
vn -0.6639 0.5402 0.5171
vn -0.9332 -0.1008 0.3449
vn -0.6416 0.5402 0.5446
vn -0.9060 -0.1149 0.4073
vn -0.6165 0.5338 0.5788
vn -0.8689 -0.1433 0.4737
vn -0.5996 0.5173 0.6106
vn -0.8217 -0.1969 0.5349
vn -0.5683 0.4877 0.6627
vn -0.7398 -0.2186 0.6363
vn -0.4850 0.4776 0.7326
vn -0.6218 -0.2625 0.7379
vn -0.4124 0.4869 0.7700
vn -0.5041 -0.3170 0.8033
vn -0.3346 0.4177 0.8448
vn -0.2333 0.3823 0.8941
vn -0.3814 -0.3322 0.8627
vn -0.1895 0.3272 0.9258
vn -0.2747 -0.3361 0.9009
vn -0.1261 0.3264 0.9368
vn -0.1960 -0.3597 0.9122
vn -0.0822 0.3437 0.9355
vn -0.1343 -0.3520 0.9263
vn -0.0840 -0.3635 0.9278
vn -0.0728 0.3405 0.9374
vn -0.0191 -0.3817 0.9241
vn -0.0100 0.3176 0.9482
vn 0.0298 -0.3534 0.9350
vn 0.0731 0.3543 0.9323
vn 0.4724 0.7742 0.4213
vn 0.9143 0.1469 0.3775
vn 0.5011 0.7184 0.4826
vn 0.8107 0.3156 0.4932
vn 0.6525 0.6787 0.3370
vn 0.9755 0.0884 0.2015
vn 0.0716 -0.3430 0.9366
vn 0.1032 0.3912 0.9145
vn 0.1425 -0.3274 0.9341
vn 0.1088 0.4028 0.9088
vn 0.2231 -0.3258 0.9187
vn 0.1169 0.4284 0.8960
vn 0.3306 -0.3335 0.8829
vn 0.1335 0.4733 0.8707
vn 0.4719 -0.3287 0.8181
vn 0.1766 0.5125 0.8403
vn 0.6202 -0.3497 0.7021
vn 0.0979 0.7585 0.6442
vn 0.7327 -0.3363 0.5916
vn 0.5722 0.3724 0.7307
vn 0.8220 -0.2830 0.4943
vn 0.7073 0.3775 0.5977
vn 0.8781 -0.1937 0.4374
vn 0.7135 0.4540 0.5336
vn 0.9073 -0.1018 0.4081
vn 0.6312 0.5569 0.5399
vn 0.9272 -0.0639 0.3691
vn 0.6018 0.5803 0.5487
vn 0.9462 -0.0575 0.3185
vn 0.6342 0.5702 0.5222
vn 0.9593 -0.0508 0.2777
vn 0.6625 0.5679 0.4884
vn 0.9660 -0.0310 0.2566
vn 0.6672 0.5806 0.4667
vn 0.9693 0.0159 0.2454
vn 0.6601 0.6149 0.4314
vn -0.4098 0.4523 0.7922
vn -0.2337 0.7571 0.6101
vn -0.6569 0.4376 0.6141
vn -0.6725 0.4659 0.5750
vn -0.6644 0.5058 0.5503
vn -0.6754 0.5195 0.5234
vn -0.7279 0.4842 0.4855
vn -0.7583 0.4808 0.4403
vn -0.7428 0.5580 0.3701
vn -0.8034 0.5196 0.2910
vn -0.8072 0.4246 0.4102
vn -0.7776 0.3942 0.4899
vn -0.7443 0.4187 0.5202
vn -0.7414 0.4102 0.5312
vn -0.7428 0.3418 0.5757
vn -0.6890 0.2884 0.6650
vn -0.6365 0.1670 0.7529
vn -0.4910 0.1422 0.8595
vn -0.3438 0.1015 0.9336
vn -0.1801 0.1289 0.9752
vn -0.0978 0.1327 0.9863
vn -0.0725 0.1118 0.9911
vn 0.1186 0.5815 0.8049
vn 0.1157 0.1870 0.9755
vn 0.1325 0.2252 0.9653
vn 0.1824 0.2189 0.9585
vn 0.3019 0.2394 0.9228
vn 0.3922 0.2982 0.8702
vn 0.4028 0.4335 0.8061
vn 0.7247 -0.5088 0.4646
vn 0.5205 0.6807 0.5154
vn 0.2051 0.8117 0.5469
vn 0.5654 0.6151 0.5496
vn 0.6207 0.6120 0.4902
vn 0.6732 0.5784 0.4607
vn 0.6441 0.5369 0.5449
vn 0.5952 0.4699 0.6519
vn 0.4793 0.5193 0.7076
vn 0.5546 0.5657 0.6102
vn 0.6102 0.5636 0.5568
vn 0.6634 0.5212 0.5369
vn 0.6640 0.5160 0.5412
vn -0.3508 0.4031 -0.8453
vn -0.3903 0.4919 -0.7783
vn -0.4366 0.4426 -0.7833
vn 0.3773 -0.0733 0.9232
vn 0.4341 -0.0144 0.9008
vn 0.4511 -0.0568 0.8907
vn 0.5322 0.2040 0.8217
vn -0.1098 -0.1316 0.9852
vn -0.1459 -0.0656 0.9871
vn -0.2348 0.0037 0.9720
vn -0.3812 0.0755 0.9214
vn -0.5164 0.1316 0.8462
vn -0.6262 0.1987 0.7539
vn -0.7271 0.2278 0.6476
vn -0.7980 0.2372 0.5540
vn -0.8321 0.2524 0.4938
vn -0.8446 0.2699 0.4623
vn -0.8444 0.3196 0.4300
vn -0.8397 0.4056 0.3610
vn -0.8239 0.5103 0.2466
vn -0.7938 0.6019 0.0869
vn -0.7293 0.6765 -0.1023
vn -0.6543 0.7055 -0.2722
vn -0.5705 0.7016 -0.4270
vn -0.4849 0.6743 -0.5569
vn -0.3849 0.6387 -0.6663
vn -0.2712 0.6067 -0.7472
vn -0.1618 0.5732 -0.8033
vn -0.0752 0.5400 -0.8383
vn -0.0216 0.5183 -0.8549
vn -0.0008 0.5112 -0.8595
vn 0.0185 0.5194 -0.8544
vn 0.0661 0.5326 -0.8438
vn 0.1416 0.5568 -0.8185
vn 0.2395 0.5824 -0.7768
vn 0.3401 0.6180 -0.7088
vn 0.4308 0.6495 -0.6266
vn 0.5028 0.6770 -0.5374
vn 0.5698 0.6963 -0.4365
vn 0.6330 0.7070 -0.3152
vn 0.6942 0.6985 -0.1739
vn 0.7527 0.6583 -0.0069
vn 0.7873 0.5944 0.1641
vn 0.7997 0.5163 0.3065
vn 0.8014 0.4412 0.4039
vn 0.8016 0.3758 0.4649
vn 0.8120 0.3248 0.4849
vn 0.8156 0.3059 0.4912
vn 0.8093 0.2938 0.5086
vn 0.7862 0.2876 0.5470
vn 0.7428 0.2695 0.6129
vn 0.6646 0.2481 0.7048
vn 0.5613 0.1922 0.8050
vn 0.4437 0.1280 0.8870
vn 0.2997 0.0681 0.9516
vn 0.1672 0.1387 0.9761
vn 0.1390 0.0434 0.9893
vn 0.1320 -0.0121 0.9912
vn -0.4083 0.3724 0.8334
vn 0.1746 -0.1317 0.9758
vn -0.5089 0.1162 0.8530
vn 0.2578 -0.1618 0.9526
vn -0.4606 0.1540 0.8742
vn 0.3420 -0.1579 0.9264
vn -0.2673 0.3399 0.9017
vn 0.4043 -0.1485 0.9025
vn -0.0176 0.5389 0.8422
vn 0.1897 0.6420 0.7429
vn -0.1173 -0.4363 0.8921
vn 0.5251 -0.0079 0.8510
vn 0.4568 -0.8605 0.2256
vn 0.6183 0.0399 0.7849
vn 0.5284 -0.8274 0.1900
vn 0.7200 0.0483 0.6923
vn 0.5926 -0.7938 0.1366
vn 0.8039 0.0420 0.5933
vn 0.6837 -0.7217 0.1086
vn 0.8691 0.0263 0.4940
vn 0.8129 -0.5729 0.1049
vn 0.9147 0.0121 0.4039
vn 0.8472 -0.5306 -0.0283
vn 0.9565 0.0118 0.2913
vn 0.9848 0.0965 0.1447
vn 0.7306 -0.6255 -0.2738
vn 0.9750 0.2145 0.0578
vn 0.6769 -0.6394 -0.3647
vn 0.9696 0.2446 -0.0105
vn 0.5590 -0.7199 -0.4114
vn 0.9439 0.3107 -0.1120
vn 0.5288 -0.7231 -0.4445
vn 0.9027 0.3691 -0.2212
vn 0.5160 -0.7127 -0.4751
vn 0.8627 0.3893 -0.3228
vn 0.5479 -0.6611 -0.5127
vn 0.8223 0.3394 -0.4567
vn 0.5122 -0.7034 -0.4928
vn 0.7772 0.2164 -0.5909
vn 0.4035 -0.7887 -0.4637
vn 0.7198 0.1601 -0.6755
vn 0.2703 -0.8592 -0.4345
vn 0.6131 0.1048 -0.7830
vn 0.1840 -0.8868 -0.4239
vn 0.4800 0.1137 -0.8699
vn 0.1411 -0.8929 -0.4275
vn 0.3750 0.1343 -0.9172
vn 0.1200 -0.8749 -0.4692
vn 0.2370 0.2564 -0.9371
vn 0.1056 -0.8234 -0.5576
vn 0.1368 0.2240 -0.9650
vn 0.0778 -0.8260 -0.5583
vn 0.0537 -0.8125 -0.5805
vn 0.0435 0.2430 -0.9691
vn 0.0296 -0.8061 -0.5910
vn -0.0194 0.2172 -0.9759
vn -0.0088 -0.7815 -0.6238
vn -0.0922 0.2655 -0.9597
vn -0.0595 -0.7585 -0.6489
vn -0.1939 0.3100 -0.9307
vn -0.0945 -0.7698 -0.6312
vn -0.3150 0.3478 -0.8831
vn -0.4318 0.3555 -0.8289
vn -0.1630 -0.7468 -0.6447
vn -0.5423 0.3788 -0.7500
vn -0.2613 -0.7100 -0.6540
vn -0.6432 0.4001 -0.6528
vn -0.3499 -0.6937 -0.6296
vn -0.7338 0.4028 -0.5471
vn -0.4134 -0.6883 -0.5961
vn -0.8076 0.4170 -0.4170
vn -0.4607 -0.6891 -0.5594
vn -0.8735 0.3926 -0.2878
vn -0.4979 -0.6985 -0.5140
vn -0.9275 0.3355 -0.1646
vn -0.5355 -0.7118 -0.4546
vn -0.9713 0.2330 -0.0484
vn -0.5367 -0.7398 -0.4058
vn -0.9885 0.1424 0.0516
vn -0.5104 -0.7770 -0.3684
vn -0.9858 0.0640 0.1550
vn -0.5111 -0.8002 -0.3139
vn -0.9593 0.0026 0.2824
vn -0.5022 -0.8261 -0.2558
vn -0.9143 -0.0376 0.4034
vn -0.4941 -0.8481 -0.1915
vn -0.8508 -0.0418 0.5239
vn -0.4933 -0.8612 -0.1221
vn -0.7762 -0.0469 0.6288
vn -0.4581 -0.8838 -0.0945
vn -0.7021 -0.0800 0.7075
vn -0.3859 -0.9158 -0.1113
vn -0.6403 -0.1651 0.7502
vn -0.3539 -0.9289 -0.1090
vn -0.5973 -0.3163 0.7371
vn -0.2828 -0.9441 -0.1697
vn -0.5269 -0.4872 0.6964
vn -0.0175 -0.6253 0.7802
vn -0.4153 -0.4659 0.7813
vn -0.2422 0.1749 0.9543
vn 0.0671 0.2346 0.9698
vn -0.2628 -0.3749 0.8891
vn 0.3739 0.1504 0.9152
vn 0.4929 0.0216 0.8698
vn -0.1559 -0.2304 0.9605
vn 0.5616 0.0512 0.8259
vn -0.2125 -0.1358 0.9677
vn -0.3048 -0.0416 0.9515
vn 0.2080 -0.0512 0.9768
vn 0.3005 -0.0684 0.9513
vn -0.4313 0.0293 0.9017
vn -0.5641 0.0674 0.8229
vn -0.6705 0.1184 0.7324
vn -0.7605 0.1457 0.6328
vn -0.8269 0.1619 0.5385
vn -0.8653 0.1805 0.4676
vn -0.8845 0.2041 0.4195
vn -0.8900 0.2680 0.3690
vn -0.8801 0.3746 0.2917
vn -0.8543 0.4852 0.1862
vn -0.8152 0.5784 0.0289
vn -0.7533 0.6404 -0.1498
vn -0.6854 0.6531 -0.3220
vn -0.5997 0.6493 -0.4677
vn -0.5068 0.6176 -0.6014
vn -0.3950 0.5865 -0.7071
vn -0.2729 0.5620 -0.7808
vn -0.1625 0.5418 -0.8246
vn -0.0809 0.4936 -0.8659
vn -0.0258 0.4584 -0.8884
vn 0.0039 0.4549 -0.8905
vn 0.0387 0.4689 -0.8824
vn 0.1013 0.4899 -0.8659
vn 0.1955 0.5074 -0.8393
vn 0.3033 0.5328 -0.7901
vn 0.4200 0.5673 -0.7084
vn 0.5110 0.6057 -0.6100
vn 0.5852 0.6324 -0.5076
vn 0.6475 0.6489 -0.3996
vn 0.7020 0.6577 -0.2732
vn 0.7525 0.6454 -0.1308
vn 0.8013 0.5974 0.0324
vn 0.8321 0.5232 0.1841
vn 0.8485 0.4370 0.2986
vn 0.8511 0.3586 0.3834
vn 0.8482 0.3005 0.4361
vn -0.3175 -0.1689 0.9331
vn -0.4377 -0.2718 0.8570
vn -0.4447 -0.1361 0.8853
vn -0.4963 -0.0186 0.8680
vn -0.5888 0.0450 0.8071
vn -0.6909 0.0592 0.7205
vn -0.7830 0.0470 0.6202
vn -0.8559 0.0287 0.5163
vn -0.9062 0.0277 0.4219
vn -0.9428 0.0672 0.3265
vn -0.9609 0.1508 0.2322
vn -0.9553 0.2584 0.1438
vn -0.9415 0.3357 0.0311
vn -0.8951 0.4367 -0.0906
vn -0.8359 0.4923 -0.2429
vn -0.7610 0.5153 -0.3942
vn -0.6900 0.4981 -0.5251
vn -0.6226 0.4445 -0.6440
vn -0.5282 0.4207 -0.7375
vn -0.4529 0.4067 -0.7934
vn -0.3870 0.4331 -0.8141
vn -0.2657 0.3967 -0.8787
vn -0.1688 0.3426 -0.9242
vn -0.0908 0.3014 -0.9491
vn -0.0436 0.2678 -0.9625
vn -0.0100 0.3129 -0.9497
vn 0.1012 0.3494 -0.9315
vn 0.0484 0.3207 -0.9459
vn 0.1628 0.3935 -0.9048
vn 0.2917 0.3860 -0.8752
vn 0.3069 0.3240 -0.8949
vn 0.3823 0.4304 -0.8176
vn 0.5110 0.4659 -0.7224
vn 0.6212 0.5053 -0.5990
vn 0.7234 0.4125 -0.5536
vn 0.7588 0.4768 -0.4438
vn 0.7992 0.5009 -0.3323
vn 0.8469 0.4876 -0.2121
vn 0.8928 0.4414 -0.0895
vn 0.9174 0.3961 0.0371
vn 0.9374 0.3233 0.1294
vn 0.9547 0.2173 0.2035
vn 0.9402 0.1466 0.3075
vn 0.9124 0.1158 0.3927
vn 0.8746 0.1331 0.4662
vn 0.8143 0.1206 0.5677
vn 0.7317 0.0991 0.6743
vn 0.6314 0.0668 0.7726
vn 0.5199 0.0363 0.8535
vn 0.8464 0.2679 0.4603
vn 0.8412 0.2539 0.4773
vn 0.8357 0.2302 0.4987
vn 0.8074 0.2648 0.5272
vn 0.7949 0.1815 0.5790
vn 0.7139 0.1573 0.6823
vn 0.6138 0.1081 0.7820
vn 0.5007 0.0605 0.8635
vn 0.3848 0.0101 0.9230
vn -0.3730 -0.0504 0.9264
vn -0.4681 0.0152 0.8835
vn -0.5818 0.0496 0.8118
vn -0.6915 0.0788 0.7180
vn -0.7771 0.0990 0.6215
vn -0.8430 0.1089 0.5268
vn -0.8864 0.1184 0.4476
vn -0.9150 0.1416 0.3777
vn -0.9254 0.2227 0.3066
vn -0.9197 0.3298 0.2131
vn -0.8957 0.4313 0.1081
vn -0.8532 0.5209 -0.0269
vn -0.7963 0.5756 -0.1860
vn -0.7242 0.5895 -0.3578
vn -0.6276 0.5928 -0.5047
vn -0.5259 0.5353 -0.6610
vn -0.2444 0.4619 -0.8526
vn -0.1487 0.5224 -0.8397
vn -0.0943 0.4425 -0.8918
vn -0.0261 0.3867 -0.9218
vn 0.0173 0.3884 -0.9213
vn 0.0692 0.4103 -0.9093
vn 0.1470 0.4324 -0.8896
vn 0.2558 0.4383 -0.8617
vn 0.6732 0.5693 -0.4719
vn 0.7288 0.5812 -0.3620
vn 0.7845 0.5740 -0.2347
vn 0.8253 0.5568 -0.0936
vn 0.8567 0.5129 0.0544
vn 0.8817 0.4385 0.1739
vn 0.8974 0.3508 0.2676
vn 0.8974 0.2698 0.3492
vn 0.8849 0.2193 0.4110
vn 0.8700 0.2095 0.4463
vn 0.8504 0.2311 0.4726
vn 0.8449 0.1751 0.5055
vn 0.2107 0.4218 -0.8819
vn -0.4766 0.4370 -0.7629
vn -0.1455 0.3766 -0.9149
vn -0.0636 0.3306 -0.9416
vn 0.0168 0.3225 -0.9464
vn 0.6557 -0.0798 -0.7508
vn 0.6295 -0.0531 -0.7752
vn 0.6874 -0.0951 -0.7200
vn 0.6929 -0.6123 0.3808
vn 0.7634 -0.5623 0.3178
vn 0.7408 -0.6146 0.2710
vn -0.3974 -0.5433 -0.7395
vn -0.9635 -0.2121 -0.1633
vn -0.8709 0.1251 -0.4753
vn -0.3287 -0.0377 -0.9437
vn -0.0126 -0.7120 -0.7021
vn -0.7024 -0.5889 -0.3998
vn -0.9003 0.0814 -0.4277
vn -0.3637 -0.0575 -0.9297
vn -0.9209 0.0516 -0.3864
vn -0.3959 -0.0940 -0.9135
vn -0.9422 0.0140 -0.3349
vn -0.4361 -0.1724 -0.8832
vn -0.9594 -0.0125 -0.2816
vn -0.4892 -0.2506 -0.8354
vn 0.0691 -0.6770 -0.7327
vn 0.3619 0.0888 -0.9280
vn 0.7852 0.4301 -0.4455
vn 0.8264 -0.3608 -0.4323
vn 0.0789 -0.6929 -0.7167
vn 0.4461 0.0187 -0.8948
vn 0.1069 -0.7151 -0.6908
vn 0.5457 -0.0469 -0.8367
vn 0.1693 -0.7362 -0.6553
vn 0.6440 -0.1042 -0.7579
vn 0.2313 -0.7619 -0.6050
vn 0.7310 -0.1435 -0.6671
vn 0.3021 -0.7600 -0.5754
vn 0.7963 -0.1513 -0.5857
vn 0.3429 -0.7512 -0.5640
vn 0.8369 -0.1531 -0.5255
vn 0.8664 -0.1588 -0.4734
vn 0.3730 -0.7443 -0.5540
vn 0.8882 -0.1732 -0.4256
vn 0.3910 -0.7433 -0.5427
vn 0.9022 -0.2072 -0.3782
vn 0.3964 -0.7500 -0.5295
vn 0.9041 -0.2809 -0.3220
vn 0.3660 -0.7795 -0.5084
vn 0.8765 -0.4121 -0.2489
vn 0.2678 -0.8517 -0.4504
vn 0.9254 -0.3779 -0.0302
vn 0.5257 -0.3270 -0.7853
vn 0.5736 0.0182 -0.8189
vn 0.6153 0.0005 -0.7883
vn 0.9806 -0.0799 -0.1788
vn 0.9774 0.0562 -0.2037
vn 0.5182 0.0808 -0.8515
vn 0.9414 0.2067 -0.2665
vn 0.4419 0.1090 -0.8904
vn 0.8772 0.3210 -0.3571
vn -0.3878 -0.6074 -0.6934
vn -0.3872 -0.6621 -0.6416
vn -0.2725 -0.7757 -0.5692
vn 0.0075 -0.8602 -0.5098
vn 0.0519 -0.8441 -0.5337
vn -0.4066 -0.7714 -0.4895
vn -0.6104 -0.7105 -0.3501
vn -0.7660 -0.6084 -0.2078
vn -0.8010 -0.5932 -0.0810
vn -0.7747 -0.6323 0.0096
vn -0.7060 -0.7081 0.0098
vn -0.6314 -0.7754 -0.0086
vn -0.6012 -0.7966 0.0631
vn -0.5971 -0.7643 0.2436
vn -0.5290 -0.7004 0.4792
vn -0.4063 -0.6301 0.6617
vn -0.2942 -0.5907 0.7514
vn -0.2158 -0.6219 0.7528
vn -0.1399 -0.6402 0.7553
vn -0.0572 -0.6552 0.7533
vn 0.0224 -0.6611 0.7500
vn 0.0981 -0.6708 0.7352
vn 0.1715 -0.6715 0.7209
vn 0.2694 -0.6586 0.7026
vn 0.3847 -0.6716 0.6332
vn 0.4839 -0.6919 0.5358
vn 0.5632 -0.7004 0.4385
vn 0.6315 -0.6985 0.3366
vn 0.6866 -0.6897 0.2300
vn 0.7239 -0.6796 0.1186
vn 0.7425 -0.6698 0.0052
vn 0.7595 -0.6407 -0.1124
vn 0.7848 -0.5764 -0.2275
vn 0.7887 -0.5106 -0.3424
vn 0.7717 -0.4465 -0.4528
vn 0.7308 -0.3982 -0.5544
vn 0.6721 -0.3840 -0.6331
vn 0.6262 -0.3667 -0.6880
vn 0.7811 -0.0968 -0.6169
vn 0.6048 -0.3305 -0.7246
vn 0.7092 -0.0896 -0.6992
vn 0.5562 -0.3528 -0.7525
vn 0.6491 -0.0498 -0.7591
vn -0.4036 -0.0776 -0.9116
vn -0.0252 -0.7397 -0.6725
vn -0.5061 -0.0875 -0.8580
vn -0.0967 -0.7423 -0.6630
vn -0.6159 -0.0670 -0.7849
vn -0.1957 -0.7253 -0.6600
vn -0.7758 -0.0099 -0.6309
vn -0.3326 -0.6938 -0.6388
vn -0.9128 -0.0059 -0.4083
vn -0.4753 -0.6856 -0.5513
vn -0.9680 -0.0621 -0.2431
vn -0.5009 -0.7218 -0.4775
vn -0.9626 -0.1297 -0.2380
vn -0.4519 -0.7478 -0.4864
vn -0.8889 -0.2817 -0.3613
vn -0.3025 -0.7815 -0.5456
vn -0.8074 -0.3713 -0.4585
vn -0.1633 -0.8205 -0.5479
vn -0.7912 -0.4016 -0.4612
vn -0.1867 -0.8285 -0.5280
vn -0.8263 -0.4247 -0.3699
vn -0.2442 -0.8313 -0.4993
vn -0.8412 -0.4651 -0.2758
vn -0.2433 -0.8556 -0.4569
vn -0.8430 -0.5091 -0.1739
vn -0.2323 -0.9033 -0.3607
vn -0.8420 -0.5392 -0.0185
vn -0.1834 -0.9308 -0.3162
vn -0.8192 -0.5447 0.1792
vn -0.2745 -0.9310 -0.2408
vn -0.7599 -0.5541 0.3399
vn -0.2613 -0.9530 -0.1532
vn -0.6878 -0.5611 0.4606
vn -0.2543 -0.9624 -0.0959
vn -0.6154 -0.5516 0.5630
vn -0.2696 -0.9625 -0.0313
vn -0.5468 -0.5591 0.6233
vn -0.2508 -0.9679 0.0153
vn -0.4833 -0.5509 0.6803
vn -0.2163 -0.9736 0.0735
vn -0.4134 -0.5321 0.7389
vn -0.1941 -0.9728 0.1266
vn -0.3345 -0.5002 0.7987
vn -0.1597 -0.9656 0.2053
vn -0.2452 -0.4642 0.8511
vn -0.1171 -0.9589 0.2583
vn -0.1656 -0.4218 0.8914
vn -0.0855 -0.9388 0.3336
vn -0.0985 -0.3959 0.9130
vn -0.0496 -0.9285 0.3679
vn -0.0471 -0.3798 0.9239
vn -0.0210 -0.9194 0.3927
vn -0.0120 -0.3772 0.9261
vn 0.0020 -0.9127 0.4087
vn 0.0209 -0.4029 0.9150
vn 0.0201 -0.9303 0.3663
vn 0.0631 -0.4279 0.9016
vn 0.0393 -0.9374 0.3460
vn 0.1083 -0.4599 0.8813
vn 0.0469 -0.9533 0.2985
vn 0.1375 -0.5275 0.8384
vn 0.0437 -0.9794 0.1969
vn 0.1968 -0.5810 0.7897
vn 0.0619 -0.9804 0.1872
vn 0.2945 -0.6181 0.7289
vn 0.0793 -0.9876 0.1355
vn 0.3658 -0.6631 0.6531
vn 0.0841 -0.9958 0.0363
vn 0.4663 -0.6700 0.5777
vn 0.1244 -0.9917 0.0312
vn 0.5191 -0.7107 0.4748
vn 0.0698 -0.9932 -0.0935
vn 0.5795 -0.7290 0.3644
vn 0.0978 -0.9906 -0.0958
vn 0.6667 -0.7095 0.2281
vn 0.0753 -0.9779 -0.1952
vn 0.6939 -0.7096 0.1225
vn 0.0502 -0.9452 -0.3227
vn 0.7571 -0.6532 0.0122
vn 0.0174 -0.9495 -0.3133
vn 0.8269 -0.5462 -0.1338
vn 0.1749 -0.9298 -0.3239
vn -0.4172 -0.0890 -0.9044
vn -0.4305 -0.1311 -0.8930
vn -0.4600 -0.1843 -0.8686
vn 0.5136 0.0251 -0.8577
vn 0.5887 -0.0457 -0.8070
vn 0.6645 -0.1012 -0.7404
vn 0.7341 -0.1268 -0.6671
vn 0.7927 -0.1349 -0.5945
vn -0.4869 -0.2396 -0.8400
vn -0.5386 -0.3370 -0.7722
vn -0.4970 -0.3174 -0.8076
vn -0.4620 -0.4011 -0.7910
vn -0.5284 -0.4180 -0.7390
vn -0.5100 -0.4332 -0.7431
vn -0.4319 -0.5269 -0.7320
vn -0.7605 -0.3685 -0.5347
vn -0.3923 -0.5991 -0.6980
vn -0.9698 -0.1584 -0.1853
vn -0.6757 -0.5510 -0.4897
vn -0.9971 -0.0744 0.0174
vn -0.9118 -0.3755 -0.1665
vn -0.9938 -0.0404 0.1033
vn -0.9619 -0.2730 -0.0153
vn -0.9876 -0.1544 0.0296
vn -0.9761 -0.2056 0.0700
vn -0.9462 -0.3156 -0.0709
vn -0.9610 -0.2621 0.0879
vn -0.8969 -0.4360 -0.0739
vn -0.9273 -0.3588 0.1065
vn 0.8328 -0.1419 -0.5351
vn 0.8624 -0.1559 -0.4817
vn 0.8866 -0.1798 -0.4262
vn 0.9012 -0.2300 -0.3673
vn 0.9031 -0.3127 -0.2943
vn 0.8857 -0.4194 -0.1992
vn -0.8428 -0.5348 -0.0605
vn -0.8809 -0.4658 0.0842
vn -0.4934 -0.0964 -0.8644
vn -0.5711 -0.0952 -0.8153
vn 0.5727 0.0056 -0.8197
vn 0.6124 -0.0385 -0.7896
vn -0.7310 -0.0481 -0.6807
vn -0.9110 0.0275 -0.4114
vn -0.9831 0.0185 -0.1824
vn -0.9982 -0.0041 -0.0593
vn -0.9674 -0.1901 -0.1675
vn -0.9147 -0.2540 -0.3143
vn -0.8173 -0.4045 -0.4104
vn -0.8039 -0.4684 -0.3666
vn -0.8060 -0.5225 -0.2781
vn -0.8143 -0.5550 -0.1702
vn -0.8189 -0.5737 -0.0158
vn -0.7469 -0.5498 0.3740
vn -0.6713 -0.5455 0.5017
vn -0.8007 -0.5682 0.1896
vn -0.5957 -0.5378 0.5965
vn -0.5276 -0.5476 0.6494
vn -0.4690 -0.5537 0.6881
vn -0.4018 -0.5379 0.7411
vn -0.3217 -0.5130 0.7958
vn -0.2357 -0.4810 0.8444
vn -0.1580 -0.4468 0.8806
vn -0.0891 -0.4224 0.9020
vn -0.0363 -0.4069 0.9127
vn 0.0029 -0.4089 0.9126
vn 0.0426 -0.4202 0.9064
vn 0.0859 -0.4427 0.8926
vn 0.1363 -0.4665 0.8740
vn 0.2004 -0.5017 0.8415
vn 0.2578 -0.5672 0.7822
vn 0.3287 -0.6134 0.7181
vn 0.4040 -0.6413 0.6524
vn 0.4594 -0.6775 0.5745
vn 0.4936 -0.6883 0.5316
vn 0.9370 -0.2584 -0.2353
vn 0.9297 -0.3475 -0.1221
vn 0.9511 -0.2951 -0.0907
vn 0.9538 -0.2121 -0.2130
vn 0.9219 -0.1885 -0.3384
vn 0.9325 -0.1427 -0.3317
vn 0.8914 -0.1479 -0.4284
vn 0.8925 -0.1025 -0.4393
vn 0.8507 -0.1285 -0.5096
vn 0.8384 -0.0986 -0.5361
vn 0.8007 -0.1183 -0.5873
vn 0.8979 -0.4399 0.0153
vn 0.9240 -0.3804 0.0386
vn 0.8359 -0.5220 0.1696
vn 0.8811 -0.4386 0.1769
vn 0.8298 -0.4621 0.3128
vn 0.7150 -0.5291 0.4570
vn 0.7715 -0.4535 0.4462
vn 0.6440 -0.5139 0.5667
vn 0.7027 -0.4385 0.5603
vn 0.5593 -0.4937 0.6660
vn 0.6142 -0.4237 0.6658
vn 0.4535 -0.4685 0.7581
vn 0.5067 -0.4073 0.7598
vn 0.3340 -0.4438 0.8316
vn 0.3876 -0.3814 0.8392
vn 0.2270 -0.4208 0.8783
vn 0.2676 -0.3653 0.8916
vn 0.1419 -0.4044 0.9035
vn 0.1639 -0.3735 0.9131
vn 0.0496 -0.4033 0.9137
vn 0.0769 -0.3696 0.9260
vn -0.0378 -0.4152 0.9090
vn -0.0149 -0.3671 0.9300
vn -0.1205 -0.4271 0.8961
vn -0.2233 -0.4461 0.8667
vn -0.1941 -0.3616 0.9119
vn -0.1025 -0.3611 0.9269
vn -0.3203 -0.4458 0.8358
vn -0.2803 -0.3376 0.8986
vn -0.3986 -0.4335 0.8082
vn -0.3546 -0.3062 0.8835
vn -0.4697 -0.3784 0.7976
vn -0.4607 -0.3201 0.8278
vn -0.5941 -0.4344 0.6770
vn -0.6105 -0.4072 0.6793
vn -0.7139 -0.5260 0.4622
vn -0.7355 -0.5113 0.4445
vn -0.7825 -0.5812 0.2234
vn -0.7942 -0.5620 0.2311
vn -0.8135 -0.5809 0.0266
vn -0.8343 -0.5424 0.0988
vn 0.7863 -0.6152 0.0572
vn 0.8462 -0.5267 -0.0806
vn 0.7277 -0.6668 0.1610
vn 0.6336 -0.7490 0.1936
vn 0.6262 -0.7227 0.2925
vn 0.6181 -0.6636 0.4214
vn -0.4748 -0.1436 -0.8683
vn -0.5086 -0.1933 -0.8390
vn 0.7433 -0.1158 -0.6589
vn -0.6329 -0.2100 -0.7452
vn -0.8255 -0.1431 -0.5459
vn -0.9746 -0.0253 -0.2223
vn -0.9990 0.0437 -0.0068
vn -0.9948 0.0778 0.0661
vn -0.9983 -0.0513 -0.0273
vn -0.9371 -0.2809 -0.2072
vn -0.8718 -0.4137 -0.2622
vn -0.8384 -0.5013 -0.2139
vn -0.8149 -0.5604 -0.1479
vn -0.8102 -0.5860 -0.0101
vn -0.7917 -0.5777 0.1984
vn 0.5804 -0.6288 0.5174
vn 0.5314 -0.5984 0.5996
vn 0.4565 -0.5651 0.6872
vn 0.3812 -0.5342 0.7546
vn 0.2986 -0.5017 0.8118
vn 0.2221 -0.4817 0.8477
vn 0.1647 -0.4668 0.8689
vn 0.1269 -0.4329 0.8925
vn 0.0451 -0.4418 0.8960
vn 0.0786 -0.4341 0.8974
vn 0.0157 -0.4218 0.9065
vn -0.0223 -0.4129 0.9105
vn -0.0750 -0.4317 0.8989
vn -0.1390 -0.4503 0.8820
vn -0.2199 -0.4769 0.8510
vn -0.3035 -0.5175 0.8001
vn -0.3820 -0.5063 0.7731
vn -0.4529 -0.5200 0.7242
vn -0.5108 -0.4956 0.7025
vn -0.5818 -0.4881 0.6506
vn -0.6591 -0.5062 0.5562
vn -0.7359 -0.5406 0.4077
vn -0.9993 -0.0375 -0.0070
vn -0.9964 0.0710 0.0468
vn -0.9654 0.0139 -0.2606
vn -0.9935 0.0946 -0.0630
vn -0.8388 -0.1148 -0.5322
vn 0.8158 -0.5634 0.1307
vn 0.8800 -0.4744 -0.0220
vn -0.4962 -0.4301 0.7542
vn -0.5725 -0.4335 0.6959
vn -0.4470 -0.4985 0.7427
vn -0.6300 -0.4913 0.6014
vn -0.3297 -0.4498 0.8301
vn -0.2722 -0.4942 0.8256
vn -0.1399 -0.4217 0.8959
vn -0.1755 -0.4564 0.8723
vn -0.0886 -0.4331 0.8970
vn 0.0503 -0.4035 0.9136
vn -0.0016 -0.4083 0.9129
vn 0.1106 -0.4054 0.9074
vn 0.3174 -0.4719 0.8225
vn 0.2368 -0.4538 0.8590
vn 0.4151 -0.4903 0.7664
vn 0.5104 -0.5223 0.6831
vn 0.5874 -0.5558 0.5883
vn 0.6538 -0.5722 0.4951
vn 0.9119 -0.3805 -0.1536
vn 0.9214 -0.2889 -0.2599
vn 0.9131 -0.2139 -0.3471
vn 0.8912 -0.1658 -0.4223
vn 0.8628 -0.1402 -0.4857
vn 0.8273 -0.1352 -0.5453
vn 0.7775 -0.1527 -0.6100
vn -0.2167 -0.5022 0.8372
vn -0.9948 0.0984 0.0280
vn 0.1691 -0.4501 0.8768
vn 0.1219 -0.4324 0.8934
vn 0.1544 -0.4517 0.8787
vn -0.0440 -0.4275 0.9029
vn -0.4478 -0.7156 0.5360
vn -0.3795 -0.8218 0.4250
vn -0.3957 -0.7076 0.5854
vn -0.5771 -0.7934 -0.1936
vn -0.8802 -0.4058 -0.2462
vn -0.8081 -0.5804 -0.1005
vn -0.6080 -0.7936 -0.0225
vn 0.6341 -0.7672 0.0971
vn 0.6680 -0.6894 0.2803
vn 0.7201 -0.6917 0.0545
vn 0.6870 -0.7233 -0.0692
vn -0.6346 -0.7728 -0.0091
vn -0.6357 -0.7477 -0.1918
vn 0.0402 -0.9064 -0.4205
vn 0.2462 -0.8968 -0.3675
vn -0.6088 -0.7796 0.1471
vn 0.0355 -0.9598 -0.2786
vn -0.5815 -0.7709 0.2599
vn 0.0467 -0.9842 -0.1707
vn -0.4239 -0.9032 0.0668
vn -0.5450 -0.7693 0.3333
vn 0.0507 -0.9912 -0.1222
vn -0.5182 -0.7548 0.4022
vn -0.0509 -0.9711 -0.2332
vn -0.4834 -0.7390 0.4693
vn -0.1885 -0.9637 -0.1890
vn -0.1422 -0.9830 -0.1160
vn -0.0988 -0.9942 -0.0431
vn -0.3422 -0.6812 0.6472
vn -0.0692 -0.9976 0.0071
vn -0.2685 -0.6450 0.7155
vn -0.0220 -0.9952 0.0952
vn -0.2003 -0.6077 0.7685
vn 0.0261 -0.9930 0.1156
vn -0.1189 -0.5798 0.8060
vn 0.0328 -0.9849 0.1700
vn -0.0541 -0.5441 0.8373
vn 0.0610 -0.9780 0.1993
vn -0.0034 -0.9221 -0.3869
vn 0.6067 -0.7906 0.0835
vn 0.6375 -0.7657 -0.0853
vn -0.1842 -0.9816 -0.0506
vn 0.5700 -0.7917 0.2197
vn 0.5772 -0.6755 0.4588
vn 0.5773 -0.7755 0.2555
vn -0.7332 -0.6754 0.0794
vn -0.6169 -0.7756 0.1340
vn -0.4616 -0.8580 0.2254
vn -0.8085 -0.4052 0.4268
vn -0.4300 -0.8389 0.3338
vn -0.7352 -0.3475 0.5820
vn -0.6265 -0.3803 0.6803
vn -0.3615 -0.7685 0.5280
vn -0.5205 -0.4192 0.7438
vn -0.2675 -0.7930 0.5473
vn -0.4451 -0.3491 0.8247
vn -0.2080 -0.7396 0.6401
vn -0.3296 -0.3590 0.8732
vn -0.1394 -0.7029 0.6975
vn -0.2282 -0.3563 0.9061
vn -0.0828 -0.6583 0.7482
vn -0.1342 -0.3887 0.9115
vn -0.0389 -0.6164 0.7864
vn -0.0483 -0.5364 0.8426
vn -0.0143 -0.6062 0.7952
vn -0.0081 -0.6133 0.7898
vn 0.0172 -0.6780 0.7348
vn 0.0022 -0.5886 0.8085
vn 0.0481 -0.6244 0.7796
vn 0.0157 -0.5338 0.8454
vn 0.0734 -0.5752 0.8147
vn 0.0649 -0.5322 0.8442
vn 0.1076 -0.5713 0.8137
vn 0.1515 -0.5734 0.8051
vn 0.1741 -0.5890 0.7892
vn 0.2736 -0.6162 0.7385
vn 0.2536 -0.6120 0.7491
vn 0.3969 -0.6409 0.6570
vn 0.3255 -0.6533 0.6836
vn 0.4827 -0.6781 0.5542
vn 0.3957 -0.6890 0.6073
vn 0.4958 -0.7894 0.3619
vn 0.3195 -0.9029 0.2877
vn 0.5245 -0.7604 0.3830
vn 0.4722 -0.7413 0.4770
vn 0.3403 -0.6810 0.6484
vn 0.2844 -0.6500 0.7047
vn 0.2004 -0.6191 0.7593
vn 0.1267 -0.5892 0.7980
vn 0.0583 -0.5645 0.8234
vn 0.0160 -0.5269 0.8498
vn 0.0590 -0.4872 0.8713
vn -0.0054 -0.5438 0.8392
vn -0.0534 -0.4853 0.8727
vn -0.0119 -0.5116 0.8591
vn 0.0085 -0.9649 -0.2624
vn 0.0011 -0.9875 -0.1575
vn 0.0041 -0.9942 -0.1074
vn 0.0249 -0.9978 -0.0610
vn 0.4253 -0.7361 0.5267
vn 0.3708 -0.7271 0.5778
vn 0.0269 -0.9990 -0.0345
vn 0.0196 -0.9998 0.0044
vn 0.0101 -0.9980 0.0621
vn 0.0010 -0.9932 0.1167
vn -0.0180 -0.9881 0.1529
vn -0.0196 -0.9822 0.1866
vn -0.0101 -0.9765 0.2154
vn 0.0393 -0.9610 0.2737
vn 0.0057 -0.9841 0.1777
vn -0.0146 -0.9641 0.2650
vn 0.0616 -0.9723 0.2256
vn -0.1114 -0.3966 -0.9112
vn 0.1881 -0.2210 0.9570
vn 0.7789 -0.6135 -0.1302
vn 0.7198 -0.6490 -0.2463
vn -0.3208 -0.8906 -0.3223
vn -0.9364 -0.1844 -0.2986
vn -0.1677 -0.9418 -0.2912
vn 0.6572 -0.7043 -0.2684
vn -0.0985 -0.9249 -0.3673
vn 0.6664 -0.6192 -0.4153
vn -0.0830 -0.8923 -0.4438
vn 0.6717 -0.5625 -0.4821
vn 0.6743 -0.5426 -0.5009
vn -0.0636 -0.8905 -0.4505
vn 0.6639 -0.5402 -0.5171
vn -0.0627 -0.9014 -0.4283
vn 0.6415 -0.5403 -0.5445
vn -0.0703 -0.9097 -0.4092
vn 0.6165 -0.5338 -0.5788
vn -0.0815 -0.9169 -0.3908
vn 0.5996 -0.5174 -0.6106
vn -0.0785 -0.9234 -0.3757
vn 0.5684 -0.4875 -0.6628
vn -0.0513 -0.9267 -0.3723
vn 0.4852 -0.4771 -0.7328
vn -0.0713 -0.9339 -0.3504
vn 0.4129 -0.4864 -0.7700
vn -0.0805 -0.9305 -0.3573
vn 0.3352 -0.4162 -0.8452
vn -0.0711 -0.9261 -0.3705
vn 0.2336 -0.3811 -0.8945
vn -0.0695 -0.9329 -0.3533
vn 0.1895 -0.3270 -0.9258
vn -0.0532 -0.9398 -0.3375
vn 0.1264 -0.3261 -0.9368
vn -0.0329 -0.9334 -0.3575
vn 0.0823 -0.3437 -0.9355
vn -0.0224 -0.9395 -0.3417
vn 0.0728 -0.3405 -0.9374
vn -0.0028 -0.9357 -0.3527
vn 0.0045 -0.9312 -0.3644
vn 0.0099 -0.3187 -0.9478
vn -0.0731 -0.3542 -0.9323
vn -0.0272 -0.9313 -0.3633
vn -0.4833 -0.7685 -0.4193
vn -0.9014 -0.1840 -0.3920
vn -0.5050 -0.7154 -0.4829
vn -0.8054 -0.3247 -0.4959
vn -0.6518 -0.6793 -0.3372
vn 0.1254 -0.9530 -0.2758
vn -0.1032 -0.3912 -0.9145
vn -0.0363 -0.9473 -0.3184
vn -0.1088 -0.4028 -0.9088
vn 0.0061 -0.9514 -0.3079
vn -0.1170 -0.4281 -0.8961
vn 0.0485 -0.9477 -0.3155
vn -0.1339 -0.4725 -0.8711
vn 0.0792 -0.9358 -0.3436
vn -0.1775 -0.5116 -0.8407
vn 0.0770 -0.9250 -0.3721
vn 0.0309 -0.9049 -0.4246
vn -0.1048 -0.7511 -0.6518
vn -0.5709 -0.3753 -0.7302
vn -0.0061 -0.8919 -0.4522
vn -0.7065 -0.3788 -0.5979
vn -0.0262 -0.9020 -0.4310
vn -0.7133 -0.4542 -0.5338
vn 0.0215 -0.9161 -0.4003
vn -0.6315 -0.5567 -0.5397
vn 0.0943 -0.9157 -0.3905
vn -0.6018 -0.5803 -0.5487
vn 0.1160 -0.9064 -0.4063
vn -0.6341 -0.5703 -0.5222
vn 0.0989 -0.9016 -0.4211
vn -0.6625 -0.5680 -0.4883
vn 0.0857 -0.8995 -0.4284
vn -0.6672 -0.5806 -0.4666
vn 0.0926 -0.8971 -0.4319
vn -0.6602 -0.6148 -0.4314
vn 0.1087 -0.9110 -0.3978
vn 0.4108 -0.4509 -0.7925
vn 0.2372 -0.7547 -0.6117
vn 0.6569 -0.4375 -0.6141
vn 0.6724 -0.4660 -0.5751
vn 0.6643 -0.5058 -0.5504
vn 0.6755 -0.5193 -0.5235
vn 0.7281 -0.4841 -0.4854
vn 0.7581 -0.4811 -0.4402
vn 0.7428 -0.5581 -0.3699
vn 0.8031 -0.5199 -0.2912
vn 0.8070 -0.4249 -0.4102
vn 0.7775 -0.3942 -0.4900
vn 0.7442 -0.4187 -0.5205
vn 0.7413 -0.4105 -0.5310
vn 0.7426 -0.3427 -0.5754
vn 0.6887 -0.2896 -0.6647
vn 0.6353 -0.1701 -0.7533
vn 0.4900 -0.1444 -0.8597
vn 0.3430 -0.1033 -0.9336
vn 0.1798 -0.1291 -0.9752
vn 0.0975 -0.1328 -0.9863
vn 0.0719 -0.1116 -0.9911
vn 0.0298 0.2931 -0.9556
vn -0.1149 -0.1873 -0.9756
vn -0.1326 -0.2253 -0.9652
vn -0.1823 -0.2192 -0.9585
vn -0.3011 -0.2404 -0.9228
vn -0.3914 -0.2996 -0.8701
vn -0.4031 -0.4342 -0.8056
vn -0.7285 0.4983 -0.4701
vn -0.5296 -0.6737 -0.5155
vn -0.2075 -0.8114 -0.5464
vn -0.5654 -0.6150 -0.5495
vn -0.6204 -0.6114 -0.4912
vn -0.6718 -0.5784 -0.4626
vn -0.6435 -0.5369 -0.5456
vn -0.5960 -0.4698 -0.6512
vn -0.4804 -0.5196 -0.7066
vn -0.5551 -0.5663 -0.6092
vn -0.6101 -0.5634 -0.5571
vn -0.6632 -0.5205 -0.5378
vn -0.6640 -0.5161 -0.5411
vn 0.4363 -0.4428 0.7833
vn 0.3904 -0.4920 0.7782
vn 0.3510 -0.4039 0.8448
vn -0.4513 0.0568 -0.8906
vn -0.4340 0.0142 -0.9008
vn -0.3772 0.0731 -0.9232
vn 0.6315 0.4702 -0.6165
vn 0.1099 0.1314 -0.9852
vn 0.1460 0.0658 -0.9871
vn 0.2348 -0.0037 -0.9720
vn 0.3812 -0.0755 -0.9214
vn 0.5164 -0.1317 -0.8462
vn 0.6262 -0.1987 -0.7540
vn 0.7271 -0.2278 -0.6477
vn 0.7980 -0.2370 -0.5540
vn 0.8322 -0.2523 -0.4938
vn 0.8446 -0.2699 -0.4624
vn 0.8443 -0.3197 -0.4301
vn 0.8398 -0.4056 -0.3609
vn 0.8239 -0.5103 -0.2465
vn 0.7938 -0.6019 -0.0868
vn 0.7292 -0.6766 0.1023
vn 0.6543 -0.7055 0.2721
vn 0.5705 -0.7016 0.4270
vn 0.4850 -0.6744 0.5568
vn 0.3848 -0.6387 0.6663
vn 0.2712 -0.6067 0.7473
vn 0.1618 -0.5732 0.8033
vn 0.0754 -0.5401 0.8382
vn 0.0216 -0.5182 0.8550
vn 0.0008 -0.5111 0.8595
vn -0.0185 -0.5194 0.8543
vn -0.0661 -0.5327 0.8437
vn -0.1416 -0.5568 0.8185
vn -0.2395 -0.5824 0.7768
vn -0.3401 -0.6179 0.7089
vn -0.4309 -0.6493 0.6266
vn -0.5029 -0.6768 0.5376
vn -0.5700 -0.6960 0.4367
vn -0.6334 -0.7066 0.3154
vn -0.6947 -0.6979 0.1740
vn -0.7528 -0.6582 0.0069
vn -0.7873 -0.5943 -0.1641
vn -0.7999 -0.5160 -0.3064
vn -0.8014 -0.4411 -0.4040
vn -0.8021 -0.3753 -0.4646
vn -0.8119 -0.3251 -0.4849
vn -0.8154 -0.3062 -0.4912
vn -0.8093 -0.2939 -0.5087
vn -0.7865 -0.2869 -0.5470
vn -0.7427 -0.2696 -0.6130
vn -0.6643 -0.2486 -0.7049
vn -0.5610 -0.1931 -0.8050
vn -0.4435 -0.1287 -0.8870
vn -0.3000 -0.0683 -0.9515
vn -0.1673 -0.1382 -0.9762
vn -0.1389 -0.0434 -0.9894
vn -0.1321 0.0123 -0.9912
vn -0.5223 0.4913 -0.6970
vn -0.7303 0.4174 -0.5407
vn -0.1743 0.1314 -0.9759
vn -0.7866 0.4604 -0.4114
vn -0.2578 0.1614 -0.9526
vn -0.7099 0.6231 -0.3284
vn -0.3418 0.1577 -0.9265
vn -0.5721 0.7332 -0.3676
vn -0.4040 0.1484 -0.9026
vn -0.5070 0.7355 -0.4494
vn -0.5475 0.8346 -0.0604
vn -0.5249 0.0090 -0.8511
vn -0.4603 0.8596 -0.2219
vn -0.6186 -0.0376 -0.7848
vn -0.5165 0.8364 -0.1834
vn -0.7191 -0.0510 -0.6931
vn -0.5708 0.8090 -0.1401
vn -0.8029 -0.0450 -0.5944
vn -0.6641 0.7380 -0.1196
vn -0.8684 -0.0282 -0.4951
vn -0.8086 0.5766 -0.1170
vn -0.9144 -0.0131 -0.4047
vn -0.8439 0.5352 0.0361
vn -0.9561 -0.0136 -0.2926
vn -0.7246 0.6198 0.3015
vn -0.9850 -0.0940 -0.1444
vn -0.6774 0.6256 0.3870
vn -0.9753 -0.2135 -0.0574
vn -0.5474 0.7109 0.4415
vn -0.9701 -0.2426 0.0109
vn -0.5144 0.7199 0.4659
vn -0.9453 -0.3062 0.1125
vn -0.5072 0.7180 0.4767
vn -0.9038 -0.3660 0.2216
vn -0.5585 0.6648 0.4961
vn -0.8639 -0.3865 0.3231
vn -0.5214 0.7088 0.4752
vn -0.8229 -0.3371 0.4574
vn -0.4065 0.7911 0.4571
vn -0.7757 -0.2154 0.5932
vn -0.2577 0.8610 0.4385
vn -0.7192 -0.1586 0.6764
vn -0.1583 0.8897 0.4283
vn -0.6144 -0.1022 0.7824
vn -0.1130 0.8959 0.4296
vn -0.4820 -0.1110 0.8691
vn -0.0989 0.8804 0.4638
vn -0.3770 -0.1330 0.9166
vn -0.0961 0.8265 0.5547
vn -0.2382 -0.2550 0.9372
vn -0.0714 0.8294 0.5540
vn -0.1376 -0.2222 0.9652
vn -0.0437 0.8169 0.5752
vn -0.0443 -0.2408 0.9696
vn -0.0223 0.8108 0.5849
vn 0.0182 -0.2163 0.9762
vn 0.0134 0.7861 0.6179
vn 0.0910 -0.2622 0.9607
vn 0.0771 0.7611 0.6440
vn 0.1925 -0.3055 0.9325
vn 0.1063 0.7830 0.6129
vn 0.3138 -0.3454 0.8844
vn 0.1602 0.7583 0.6319
vn 0.4306 -0.3527 0.8308
vn 0.2580 0.7225 0.6415
vn 0.5417 -0.3779 0.7508
vn 0.3437 0.7079 0.6170
vn 0.6431 -0.4003 0.6528
vn 0.4065 0.7017 0.5851
vn 0.7339 -0.4029 0.5469
vn 0.4502 0.7033 0.5501
vn 0.8076 -0.4171 0.4169
vn 0.4820 0.7084 0.5156
vn 0.8736 -0.3924 0.2880
vn 0.5210 0.7172 0.4628
vn 0.9277 -0.3350 0.1651
vn 0.5223 0.7463 0.4125
vn 0.9714 -0.2325 0.0487
vn 0.4963 0.7850 0.3708
vn 0.9886 -0.1418 -0.0512
vn 0.4934 0.8117 0.3127
vn 0.9860 -0.0636 -0.1542
vn 0.4838 0.8369 0.2561
vn 0.9595 -0.0022 -0.2818
vn 0.4751 0.8581 0.1949
vn 0.9145 0.0379 -0.4028
vn 0.4817 0.8675 0.1242
vn 0.8510 0.0421 -0.5234
vn 0.4521 0.8865 0.0981
vn 0.7763 0.0474 -0.6286
vn 0.3945 0.9102 0.1257
vn 0.7017 0.0806 -0.7079
vn 0.3662 0.9208 0.1343
vn 0.6388 0.1653 -0.7514
vn 0.2809 0.9401 0.1934
vn 0.5962 0.3153 -0.7383
vn 0.2051 0.8768 0.4349
vn 0.5275 0.4814 -0.7000
vn 0.1645 0.9850 -0.0528
vn 0.4178 0.4650 -0.7805
vn 0.3875 0.9132 -0.1259
vn 0.2625 0.3742 -0.8894
vn 0.6135 0.7498 -0.2481
vn 0.7465 0.5550 -0.3670
vn 0.7146 0.4628 -0.5246
vn 0.1558 0.2301 -0.9606
vn 0.2123 0.1359 -0.9677
vn 0.3049 0.0418 -0.9515
vn -0.2080 0.0510 -0.9768
vn -0.3003 0.0683 -0.9514
vn 0.4313 -0.0292 -0.9017
vn 0.5641 -0.0675 -0.8229
vn 0.6705 -0.1183 -0.7324
vn 0.7605 -0.1456 -0.6329
vn 0.8269 -0.1618 -0.5385
vn 0.8653 -0.1805 -0.4677
vn 0.8845 -0.2041 -0.4195
vn 0.8900 -0.2680 -0.3690
vn 0.8801 -0.3746 -0.2916
vn 0.8544 -0.4852 -0.1862
vn 0.8152 -0.5785 -0.0289
vn 0.7533 -0.6403 0.1498
vn 0.6854 -0.6531 0.3219
vn 0.5998 -0.6493 0.4676
vn 0.5067 -0.6177 0.6014
vn 0.3950 -0.5862 0.7074
vn 0.2729 -0.5619 0.7809
vn 0.1627 -0.5416 0.8248
vn 0.0809 -0.4936 0.8659
vn 0.0258 -0.4584 0.8884
vn -0.0039 -0.4550 0.8905
vn -0.0387 -0.4690 0.8824
vn -0.1014 -0.4899 0.8658
vn -0.1955 -0.5075 0.8392
vn -0.3032 -0.5332 0.7898
vn -0.4200 -0.5675 0.7082
vn -0.5109 -0.6060 0.6097
vn -0.5852 -0.6323 0.5077
vn -0.6475 -0.6489 0.3996
vn -0.7021 -0.6576 0.2732
vn -0.7526 -0.6453 0.1308
vn -0.8013 -0.5974 -0.0324
vn -0.8321 -0.5232 -0.1840
vn -0.8485 -0.4370 -0.2986
vn -0.8511 -0.3587 -0.3834
vn -0.8483 -0.3005 -0.4360
vn 0.3174 0.1688 -0.9331
vn 0.4385 0.2711 -0.8569
vn 0.4443 0.1351 -0.8856
vn 0.4960 0.0179 -0.8681
vn 0.5887 -0.0448 -0.8071
vn 0.6909 -0.0588 -0.7205
vn 0.7831 -0.0469 -0.6202
vn 0.8560 -0.0287 -0.5162
vn 0.9062 -0.0278 -0.4219
vn 0.9428 -0.0674 -0.3265
vn 0.9609 -0.1510 -0.2322
vn 0.9553 -0.2584 -0.1439
vn 0.9415 -0.3357 -0.0312
vn 0.8951 -0.4365 0.0906
vn 0.8360 -0.4921 0.2426
vn 0.7611 -0.5151 0.3943
vn 0.6900 -0.4980 0.5253
vn 0.6225 -0.4446 0.6440
vn 0.5281 -0.4211 0.7374
vn 0.4529 -0.4067 0.7934
vn 0.3869 -0.4324 0.8145
vn 0.2659 -0.3965 0.8787
vn 0.1687 -0.3428 0.9241
vn 0.0908 -0.3017 0.9491
vn 0.0435 -0.2681 0.9624
vn 0.0099 -0.3129 0.9497
vn -0.0484 -0.3210 0.9458
vn -0.1012 -0.3495 0.9315
vn -0.1629 -0.3934 0.9048
vn -0.2914 -0.3860 0.8753
vn -0.3071 -0.3241 0.8948
vn -0.3828 -0.4301 0.8176
vn -0.5111 -0.4664 0.7220
vn -0.6207 -0.5058 0.5990
vn -0.7238 -0.4108 0.5544
vn -0.7590 -0.4764 0.4438
vn -0.7991 -0.5010 0.3324
vn -0.8467 -0.4879 0.2121
vn -0.8929 -0.4414 0.0892
vn -0.9175 -0.3960 -0.0371
vn -0.9374 -0.3232 -0.1293
vn -0.9546 -0.2175 -0.2036
vn -0.9402 -0.1466 -0.3074
vn -0.9124 -0.1156 -0.3927
vn -0.8746 -0.1330 -0.4662
vn -0.8144 -0.1207 -0.5676
vn -0.7317 -0.0990 -0.6744
vn -0.6313 -0.0669 -0.7726
vn -0.5197 -0.0363 -0.8536
vn -0.8464 -0.2679 -0.4602
vn -0.8412 -0.2540 -0.4773
vn -0.8356 -0.2303 -0.4987
vn -0.8077 -0.2643 -0.5271
vn -0.7949 -0.1815 -0.5790
vn -0.7139 -0.1572 -0.6824
vn -0.6138 -0.1081 -0.7820
vn -0.5006 -0.0606 -0.8635
vn -0.3847 -0.0100 -0.9230
vn 0.3733 0.0503 -0.9264
vn 0.4681 -0.0151 -0.8835
vn 0.5817 -0.0497 -0.8119
vn 0.6915 -0.0788 -0.7181
vn 0.7771 -0.0990 -0.6215
vn 0.8430 -0.1088 -0.5268
vn 0.8864 -0.1183 -0.4476
vn 0.9150 -0.1418 -0.3778
vn 0.9254 -0.2228 -0.3066
vn 0.9195 -0.3302 -0.2133
vn 0.8956 -0.4314 -0.1081
vn 0.8531 -0.5211 0.0267
vn 0.7963 -0.5756 0.1859
vn 0.7244 -0.5893 0.3578
vn 0.6278 -0.5926 0.5047
vn 0.5262 -0.5350 0.6610
vn 0.2445 -0.4619 0.8526
vn 0.1491 -0.5222 0.8397
vn 0.0944 -0.4422 0.8919
vn 0.0262 -0.3866 0.9219
vn -0.0173 -0.3885 0.9213
vn -0.0692 -0.4104 0.9093
vn -0.1471 -0.4324 0.8896
vn -0.2561 -0.4383 0.8616
vn -0.6728 -0.5698 0.4720
vn -0.7288 -0.5813 0.3618
vn -0.7846 -0.5739 0.2347
vn -0.8255 -0.5566 0.0936
vn -0.8568 -0.5127 -0.0544
vn -0.8818 -0.4384 -0.1737
vn -0.8974 -0.3509 -0.2676
vn -0.8975 -0.2697 -0.3490
vn -0.8849 -0.2193 -0.4108
vn -0.8699 -0.2097 -0.4464
vn -0.8505 -0.2310 -0.4726
vn -0.8449 -0.1755 -0.5054
vn -0.2109 -0.4211 0.8822
vn 0.4766 -0.4374 0.7626
vn 0.1455 -0.3767 0.9148
vn 0.0635 -0.3307 0.9416
vn -0.0169 -0.3226 0.9464
vn -0.6874 0.0953 0.7200
vn -0.6294 0.0532 0.7753
vn -0.6556 0.0799 0.7508
vn -0.7409 0.6144 -0.2711
vn -0.7631 0.5626 -0.3180
vn -0.6928 0.6126 -0.3805
vn 0.3966 0.5441 0.7393
vn -0.2261 0.3978 0.8892
vn 0.3764 -0.6640 0.6461
vn 0.3287 0.0378 0.9437
vn -0.4466 0.1040 0.8887
vn -0.4134 -0.6081 0.6777
vn 0.3637 0.0575 0.9297
vn -0.4149 0.0923 0.9052
vn 0.3959 0.0940 0.9135
vn -0.3788 0.1094 0.9190
vn 0.4361 0.1725 0.8832
vn -0.3308 0.1550 0.9309
vn 0.4891 0.2504 0.8355
vn -0.2811 0.2044 0.9377
vn 0.3513 0.1611 0.9223
vn -0.3619 -0.0886 0.9280
vn -0.2880 -0.7375 0.6108
vn 0.5812 -0.5175 0.6280
vn -0.4461 -0.0186 0.8948
vn -0.4384 -0.6879 0.5785
vn -0.5457 0.0471 0.8367
vn -0.5735 -0.6260 0.5283
vn -0.6440 0.1043 0.7578
vn -0.6899 -0.5719 0.4438
vn -0.7311 0.1436 0.6670
vn -0.7765 -0.5260 0.3469
vn -0.7963 0.1513 0.5857
vn -0.8203 -0.5205 0.2370
vn -0.8368 0.1530 0.5256
vn -0.8405 -0.5175 0.1604
vn -0.8664 0.1588 0.4735
vn -0.8535 -0.5120 0.0971
vn -0.8882 0.1731 0.4256
vn -0.8653 -0.4992 0.0463
vn -0.9022 0.2072 0.3782
vn -0.8785 -0.4778 0.0069
vn -0.9041 0.2808 0.3221
vn -0.9056 -0.4240 -0.0055
vn -0.8765 0.4121 0.2488
vn -0.9547 -0.2976 -0.0089
vn -0.5337 0.3130 0.7856
vn 0.1171 0.0668 0.9909
vn 0.1080 -0.1597 0.9812
vn -0.6153 0.0002 0.7883
vn -0.5736 -0.0182 0.8189
vn 0.1671 -0.0911 0.9817
vn -0.5182 -0.0809 0.8514
vn 0.2418 -0.0541 0.9688
vn -0.4420 -0.1091 0.8903
vn 0.3179 0.0381 0.9474
vn 0.3988 0.5933 0.6992
vn 0.4012 0.6493 0.6461
vn 0.2851 0.7689 0.5723
vn -0.0106 0.8581 0.5134
vn -0.0418 0.8420 0.5378
vn 0.4184 0.7657 0.4885
vn 0.6141 0.7093 0.3461
vn 0.7727 0.6022 0.2007
vn 0.8076 0.5854 0.0716
vn 0.7803 0.6251 -0.0195
vn 0.7063 0.7079 -0.0111
vn 0.6325 0.7745 0.0068
vn 0.6028 0.7952 -0.0657
vn 0.6015 0.7587 -0.2502
vn 0.5329 0.6889 -0.4913
vn 0.4059 0.6176 -0.6737
vn 0.2936 0.5800 -0.7599
vn 0.2158 0.6146 -0.7587
vn 0.1390 0.6336 -0.7610
vn 0.0557 0.6471 -0.7603
vn -0.0238 0.6525 -0.7574
vn -0.0993 0.6664 -0.7389
vn -0.1725 0.6695 -0.7225
vn -0.2734 0.6443 -0.7142
vn -0.3894 0.6594 -0.6431
vn -0.4894 0.6796 -0.5464
vn -0.5713 0.6864 -0.4500
vn -0.6408 0.6852 -0.3463
vn -0.6975 0.6754 -0.2393
vn -0.7341 0.6671 -0.1266
vn -0.7516 0.6595 -0.0114
vn -0.7696 0.6295 0.1070
vn -0.7937 0.5658 0.2233
vn -0.7993 0.4966 0.3383
vn -0.7815 0.4320 0.4501
vn -0.7400 0.3829 0.5530
vn -0.6783 0.3730 0.6331
vn -0.6304 0.3586 0.6884
vn -0.6060 0.3279 0.7247
vn -0.7812 0.0966 0.6168
vn -0.7094 0.0891 0.6992
vn -0.5612 0.3442 0.7527
vn -0.6491 0.0500 0.7590
vn 0.4776 -0.6156 0.6269
vn 0.4036 0.0778 0.9116
vn 0.5915 -0.5859 0.5540
vn 0.5062 0.0875 0.8579
vn 0.6794 -0.5975 0.4258
vn 0.6161 0.0671 0.7848
vn 0.7455 -0.6117 0.2646
vn 0.7758 0.0098 0.6309
vn 0.7799 -0.6193 0.0907
vn 0.9128 0.0057 0.4085
vn 0.8181 -0.5750 -0.0123
vn 0.9680 0.0620 0.2431
vn 0.8562 -0.5160 -0.0248
vn 0.9626 0.1301 0.2376
vn 0.9051 -0.4182 0.0775
vn 0.8884 0.2824 0.3619
vn 0.9427 -0.2957 0.1543
vn 0.8069 0.3716 0.4591
vn 0.9532 -0.2862 0.0971
vn 0.7911 0.4016 0.4614
vn 0.9546 -0.2972 0.0201
vn 0.8263 0.4247 0.3699
vn 0.9649 -0.2623 -0.0100
vn 0.8412 0.4651 0.2758
vn 0.9769 -0.2116 -0.0308
vn 0.8430 0.5091 0.1739
vn 0.9600 -0.1966 -0.1994
vn 0.8420 0.5392 0.0184
vn 0.8977 -0.1625 -0.4094
vn 0.8194 0.5445 -0.1793
vn 0.8298 -0.1611 -0.5343
vn 0.7600 0.5540 -0.3398
vn 0.7373 -0.1550 -0.6576
vn 0.6878 0.5610 -0.4606
vn 0.6316 -0.1731 -0.7557
vn 0.6155 0.5515 -0.5631
vn 0.5703 -0.1565 -0.8064
vn 0.5467 0.5591 -0.6233
vn 0.5011 -0.1842 -0.8456
vn 0.4834 0.5508 -0.6804
vn 0.4218 -0.2078 -0.8825
vn 0.4134 0.5320 -0.7390
vn 0.3476 -0.2461 -0.9048
vn 0.3344 0.5001 -0.7988
vn 0.2626 -0.2952 -0.9186
vn 0.2452 0.4640 -0.8513
vn 0.1734 -0.3461 -0.9220
vn 0.1655 0.4218 -0.8915
vn 0.1158 -0.3754 -0.9196
vn 0.0985 0.3959 -0.9130
vn 0.0639 -0.3975 -0.9154
vn 0.0469 0.3797 -0.9239
vn 0.0429 -0.4027 -0.9143
vn 0.0120 0.3772 -0.9261
vn 0.0247 -0.3721 -0.9279
vn -0.0209 0.4029 -0.9150
vn -0.0139 -0.3481 -0.9374
vn -0.0631 0.4279 -0.9016
vn -0.0455 -0.3077 -0.9504
vn -0.1084 0.4599 -0.8813
vn -0.1089 -0.2171 -0.9701
vn -0.1374 0.5278 -0.8382
vn -0.1951 -0.2082 -0.9584
vn -0.1967 0.5811 -0.7897
vn -0.2823 -0.1655 -0.9450
vn -0.2945 0.6181 -0.7288
vn -0.3936 -0.0857 -0.9153
vn -0.3656 0.6633 -0.6529
vn -0.4836 -0.0966 -0.8699
vn -0.4663 0.6699 -0.5777
vn -0.5839 0.0063 -0.8118
vn -0.5189 0.7108 -0.4748
vn -0.6860 -0.0166 -0.7274
vn -0.5794 0.7291 -0.3643
vn -0.7868 0.0466 -0.6154
vn -0.6665 0.7099 -0.2278
vn -0.8795 0.1015 -0.4649
vn -0.6937 0.7098 -0.1224
vn -0.7571 0.6532 -0.0119
vn -0.9665 -0.0464 -0.2524
vn -0.9885 -0.1467 -0.0376
vn -0.8269 0.5462 0.1338
vn 0.4172 0.0891 0.9044
vn 0.4305 0.1311 0.8930
vn 0.4601 0.1843 0.8686
vn -0.5135 -0.0250 0.8577
vn -0.5887 0.0458 0.8071
vn -0.6645 0.1013 0.7404
vn -0.7341 0.1268 0.6671
vn -0.7927 0.1349 0.5945
vn 0.4870 0.2396 0.8399
vn 0.4971 0.3174 0.8076
vn 0.5388 0.3365 0.7723
vn 0.4618 0.4008 0.7912
vn 0.5286 0.4176 0.7391
vn 0.5080 0.4332 0.7445
vn 0.4321 0.5265 0.7322
vn 0.7543 0.3745 0.5392
vn 0.3915 0.5989 0.6987
vn 0.9696 0.1584 0.1863
vn 0.6719 0.5576 0.4875
vn 0.9969 0.0747 -0.0239
vn 0.9121 0.3755 0.1648
vn 0.9936 0.0403 -0.1051
vn 0.9620 0.2727 0.0153
vn 0.9874 0.1555 -0.0291
vn 0.9761 0.2056 -0.0705
vn 0.9459 0.3165 0.0718
vn 0.9610 0.2618 -0.0887
vn 0.8967 0.4365 0.0740
vn 0.9274 0.3585 -0.1069
vn -0.8328 0.1419 0.5351
vn -0.8624 0.1559 0.4817
vn -0.8866 0.1798 0.4262
vn -0.9012 0.2300 0.3673
vn -0.9030 0.3128 0.2944
vn -0.8855 0.4197 0.1993
vn 0.8426 0.5352 0.0603
vn 0.8807 0.4661 -0.0840
vn 0.4934 0.0966 0.8644
vn 0.5713 0.0953 0.8152
vn -0.5727 -0.0056 0.8197
vn -0.6123 0.0385 0.7897
vn 0.7312 0.0479 0.6804
vn 0.9110 -0.0291 0.4113
vn 0.9830 -0.0186 0.1825
vn 0.9983 0.0032 0.0585
vn 0.9677 0.1885 0.1676
vn 0.9148 0.2540 0.3139
vn 0.8176 0.4037 0.4105
vn 0.8043 0.4678 0.3664
vn 0.8061 0.5223 0.2780
vn 0.8143 0.5549 0.1702
vn 0.8189 0.5737 0.0159
vn 0.6713 0.5457 -0.5016
vn 0.7470 0.5497 -0.3739
vn 0.8008 0.5681 -0.1895
vn 0.5957 0.5379 -0.5965
vn 0.5276 0.5477 -0.6494
vn 0.4690 0.5539 -0.6880
vn 0.4018 0.5380 -0.7411
vn 0.3217 0.5130 -0.7958
vn 0.2357 0.4810 -0.8444
vn 0.1579 0.4467 -0.8806
vn 0.0891 0.4224 -0.9020
vn 0.0363 0.4071 -0.9127
vn -0.0029 0.4089 -0.9126
vn -0.0426 0.4202 -0.9064
vn -0.0859 0.4426 -0.8926
vn -0.1363 0.4665 -0.8740
vn -0.2005 0.5016 -0.8416
vn -0.2577 0.5670 -0.7824
vn -0.3287 0.6133 -0.7182
vn -0.4040 0.6411 -0.6525
vn -0.4592 0.6775 -0.5746
vn -0.4938 0.6883 -0.5315
vn -0.9513 0.2946 0.0907
vn -0.9297 0.3475 0.1221
vn -0.9370 0.2583 0.2352
vn -0.9539 0.2115 0.2129
vn -0.9220 0.1884 0.3383
vn -0.9326 0.1423 0.3317
vn -0.8914 0.1479 0.4284
vn -0.8925 0.1022 0.4394
vn -0.8508 0.1284 0.5096
vn -0.8384 0.0985 0.5362
vn -0.8007 0.1183 0.5872
vn -0.9242 0.3800 -0.0386
vn -0.8978 0.4401 -0.0152
vn -0.8813 0.4382 -0.1770
vn -0.8359 0.5221 -0.1697
vn -0.8301 0.4616 -0.3129
vn -0.7718 0.4529 -0.4462
vn -0.7150 0.5292 -0.4569
vn -0.7030 0.4378 -0.5604
vn -0.6440 0.5141 -0.5665
vn -0.6145 0.4231 -0.6659
vn -0.5592 0.4939 -0.6659
vn -0.5070 0.4067 -0.7600
vn -0.4535 0.4688 -0.7580
vn -0.3879 0.3809 -0.8393
vn -0.3339 0.4440 -0.8315
vn -0.2679 0.3647 -0.8917
vn -0.2269 0.4208 -0.8783
vn -0.1640 0.3731 -0.9132
vn -0.1419 0.4044 -0.9035
vn -0.0771 0.3691 -0.9262
vn -0.0496 0.4034 -0.9137
vn 0.0145 0.3666 -0.9303
vn 0.0378 0.4152 -0.9089
vn 0.1938 0.3609 -0.9122
vn 0.2234 0.4461 -0.8667
vn 0.1205 0.4270 -0.8962
vn 0.1022 0.3607 -0.9271
vn 0.2801 0.3371 -0.8988
vn 0.3202 0.4460 -0.8358
vn 0.3546 0.3055 -0.8837
vn 0.3986 0.4337 -0.8081
vn 0.4606 0.3189 -0.8284
vn 0.4698 0.3782 -0.7977
vn 0.6104 0.4054 -0.6805
vn 0.5945 0.4344 -0.6767
vn 0.7357 0.5100 -0.4457
vn 0.7140 0.5258 -0.4624
vn 0.7944 0.5614 -0.2321
vn 0.7824 0.5812 -0.2235
vn 0.8345 0.5420 -0.0993
vn 0.8133 0.5812 -0.0268
vn -0.8464 0.5265 0.0806
vn -0.7861 0.6155 -0.0570
vn -0.7276 0.6668 -0.1609
vn -0.6333 0.7494 -0.1930
vn -0.6265 0.7226 -0.2923
vn -0.6182 0.6636 -0.4213
vn 0.4747 0.1436 0.8683
vn 0.5085 0.1933 0.8391
vn -0.7433 0.1158 0.6589
vn 0.6321 0.2097 0.7460
vn 0.8243 0.1427 0.5479
vn 0.9747 0.0239 0.2224
vn 0.9986 -0.0520 -0.0002
vn 0.9946 -0.0791 -0.0677
vn 0.9983 0.0508 0.0272
vn 0.9368 0.2810 0.2084
vn 0.8721 0.4138 0.2612
vn 0.8387 0.5013 0.2130
vn 0.8150 0.5604 0.1475
vn 0.8102 0.5861 0.0099
vn 0.7918 0.5777 -0.1983
vn -0.5802 0.6288 -0.5176
vn -0.5314 0.5983 -0.5997
vn -0.4565 0.5650 -0.6873
vn -0.3812 0.5341 -0.7546
vn -0.2986 0.5016 -0.8119
vn -0.2220 0.4817 -0.8478
vn -0.1647 0.4668 -0.8689
vn -0.1270 0.4328 -0.8925
vn -0.0786 0.4341 -0.8974
vn -0.0451 0.4418 -0.8960
vn -0.0157 0.4218 -0.9066
vn 0.0223 0.4129 -0.9105
vn 0.0750 0.4317 -0.8989
vn 0.1390 0.4504 -0.8820
vn 0.2199 0.4770 -0.8509
vn 0.3035 0.5177 -0.8000
vn 0.3820 0.5062 -0.7732
vn 0.4528 0.5200 -0.7243
vn 0.5107 0.4956 -0.7025
vn 0.5819 0.4879 -0.6507
vn 0.6591 0.5063 -0.5561
vn 0.7360 0.5406 -0.4076
vn 0.9993 0.0358 0.0070
vn 0.9964 -0.0713 -0.0462
vn 0.9933 -0.0990 0.0599
vn 0.9657 -0.0141 0.2593
vn 0.8387 0.1153 0.5323
vn -0.8158 0.5633 -0.1308
vn -0.8800 0.4744 0.0218
vn 0.5727 0.4331 -0.6960
vn 0.4963 0.4300 -0.7542
vn 0.4470 0.4989 -0.7425
vn 0.6298 0.4917 -0.6013
vn 0.3299 0.4495 -0.8301
vn 0.2722 0.4943 -0.8256
vn 0.1751 0.4564 -0.8724
vn 0.1400 0.4215 -0.8960
vn 0.0886 0.4331 -0.8970
vn 0.0015 0.4082 -0.9129
vn -0.0503 0.4035 -0.9136
vn -0.1105 0.4053 -0.9075
vn -0.2369 0.4538 -0.8590
vn -0.3173 0.4720 -0.8225
vn -0.4150 0.4904 -0.7663
vn -0.5103 0.5224 -0.6831
vn -0.5873 0.5560 -0.5882
vn -0.6540 0.5720 -0.4950
vn -0.9120 0.3804 0.1536
vn -0.9214 0.2890 0.2599
vn -0.9131 0.2139 0.3470
vn -0.8912 0.1657 0.4222
vn -0.8628 0.1402 0.4856
vn -0.8273 0.1353 0.5452
vn -0.7775 0.1529 0.6100
vn 0.2166 0.5023 -0.8371
vn 0.9945 -0.1008 -0.0290
vn -0.1692 0.4501 -0.8768
vn -0.1219 0.4324 -0.8934
vn -0.1543 0.4518 -0.8787
vn 0.0440 0.4275 -0.9029
vt 0.086402 0.492158
vt 0.084203 0.492015
vt 0.085477 0.490209
vt 0.073084 0.485741
vt 0.069964 0.485203
vt 0.069964 0.482329
vt 0.072971 0.482814
vt 0.069964 0.540871
vt 0.073122 0.540254
vt 0.072959 0.543206
vt 0.069964 0.543755
vt 0.072917 0.480654
vt 0.069964 0.479989
vt 0.072961 0.478308
vt 0.069964 0.477650
vt 0.075916 0.479128
vt 0.075768 0.481498
vt 0.078753 0.480288
vt 0.078322 0.482615
vt 0.080132 0.483747
vt 0.078635 0.484932
vt 0.081377 0.481868
vt 0.082198 0.485588
vt 0.083691 0.483878
vt 0.085659 0.486227
vt 0.084029 0.487835
vt 0.087275 0.488832
vt 0.088578 0.491607
vt 0.087352 0.494800
vt 0.089611 0.494495
vt 0.088129 0.497682
vt 0.090416 0.497455
vt 0.088708 0.500658
vt 0.091028 0.500461
vt 0.089102 0.503677
vt 0.091468 0.503496
vt 0.089335 0.506719
vt 0.091760 0.506550
vt 0.069964 0.545731
vt 0.072925 0.545029
vt 0.072960 0.547049
vt 0.069964 0.547706
vt 0.075889 0.542387
vt 0.076144 0.539172
vt 0.075811 0.544142
vt 0.076080 0.486737
vt 0.075912 0.483588
vt 0.080948 0.486902
vt 0.078627 0.488592
vt 0.082787 0.489323
vt 0.080546 0.491101
vt 0.081930 0.493945
vt 0.085265 0.494867
vt 0.082909 0.496954
vt 0.086038 0.497811
vt 0.083577 0.500048
vt 0.086572 0.500809
vt 0.083988 0.503187
vt 0.086893 0.503836
vt 0.084177 0.506347
vt 0.087033 0.506878
vt 0.084200 0.509513
vt 0.087036 0.509923
vt 0.084134 0.512679
vt 0.086984 0.512967
vt 0.084196 0.515896
vt 0.087040 0.516012
vt 0.084172 0.519114
vt 0.087018 0.519057
vt 0.083987 0.522328
vt 0.086857 0.522096
vt 0.083587 0.525521
vt 0.086524 0.525123
vt 0.082934 0.528671
vt 0.085985 0.528119
vt 0.081970 0.531740
vt 0.085210 0.531063
vt 0.084148 0.533915
vt 0.080602 0.534650
vt 0.082737 0.536610
vt 0.078691 0.537230
vt 0.080900 0.539033
vt 0.078598 0.541015
vt 0.078507 0.542935
vt 0.080870 0.541516
vt 0.086241 0.533752
vt 0.084951 0.536421
vt 0.087287 0.530917
vt 0.088092 0.527983
vt 0.088682 0.524993
vt 0.089084 0.521970
vt 0.089327 0.518928
vt 0.089445 0.515877
vt 0.089479 0.512823
vt 0.089446 0.509769
vt 0.075915 0.546228
vt 0.078752 0.545068
vt 0.081377 0.543489
vt 0.082702 0.540599
vt 0.083690 0.541479
vt 0.083552 0.538796
vt 0.085658 0.539130
vt 0.087274 0.536525
vt 0.088577 0.533750
vt 0.089611 0.530862
vt 0.090416 0.527903
vt 0.091027 0.524897
vt 0.091468 0.521861
vt 0.091760 0.518808
vt 0.091933 0.515744
vt 0.092041 0.512679
vt 0.091933 0.509613
vt 0.078243 0.577354
vt 0.077673 0.577235
vt 0.077104 0.577117
vt 0.078243 0.574595
vt 0.075200 0.568470
vt 0.078243 0.568958
vt 0.078243 0.571835
vt 0.075259 0.571360
vt 0.078243 0.515548
vt 0.075209 0.516014
vt 0.075687 0.513061
vt 0.078243 0.512674
vt 0.074100 0.576472
vt 0.074838 0.573924
vt 0.071108 0.575771
vt 0.071748 0.573271
vt 0.068140 0.574976
vt 0.068760 0.572547
vt 0.065209 0.574055
vt 0.065829 0.571707
vt 0.062326 0.572994
vt 0.062950 0.570723
vt 0.059508 0.571769
vt 0.060140 0.569569
vt 0.056779 0.570361
vt 0.057421 0.568224
vt 0.054164 0.568749
vt 0.054832 0.566671
vt 0.051703 0.566911
vt 0.052433 0.564913
vt 0.049438 0.564837
vt 0.050335 0.563035
vt 0.047419 0.562524
vt 0.048828 0.561404
vt 0.045692 0.559984
vt 0.048729 0.558654
vt 0.047195 0.556055
vt 0.044303 0.557245
vt 0.046054 0.553261
vt 0.043226 0.554369
vt 0.045220 0.550358
vt 0.042398 0.551411
vt 0.044640 0.547619
vt 0.041753 0.548408
vt 0.041224 0.545381
vt 0.044174 0.544858
vt 0.040742 0.542346
vt 0.043761 0.542088
vt 0.041234 0.539248
vt 0.044199 0.539187
vt 0.073136 0.513475
vt 0.072184 0.516533
vt 0.070594 0.513946
vt 0.069179 0.517155
vt 0.075434 0.510541
vt 0.078243 0.510006
vt 0.075173 0.507985
vt 0.078243 0.507338
vt 0.041777 0.536158
vt 0.044698 0.536297
vt 0.042445 0.533093
vt 0.045331 0.533433
vt 0.043305 0.530077
vt 0.046182 0.530627
vt 0.044432 0.527151
vt 0.047180 0.528244
vt 0.045894 0.524378
vt 0.048469 0.526006
vt 0.047698 0.521813
vt 0.050047 0.523962
vt 0.049803 0.519490
vt 0.051980 0.520615
vt 0.052154 0.517414
vt 0.054188 0.518499
vt 0.054703 0.515587
vt 0.056575 0.516867
vt 0.057401 0.513988
vt 0.059086 0.515505
vt 0.060212 0.512597
vt 0.061691 0.514342
vt 0.063108 0.511393
vt 0.064364 0.513343
vt 0.066068 0.510353
vt 0.067087 0.512486
vt 0.069074 0.509454
vt 0.069847 0.511749
vt 0.072112 0.508676
vt 0.072632 0.511111
vt 0.050642 0.560988
vt 0.052860 0.563035
vt 0.055312 0.564797
vt 0.057933 0.566296
vt 0.060676 0.567560
vt 0.063505 0.568621
vt 0.066393 0.569503
vt 0.069324 0.570236
vt 0.072283 0.570842
vt 0.072167 0.567927
vt 0.069154 0.567281
vt 0.066178 0.566485
vt 0.063253 0.565517
vt 0.060406 0.564339
vt 0.057675 0.562915
vt 0.055119 0.561198
vt 0.052817 0.559154
vt 0.050879 0.556764
vt 0.049405 0.554063
vt 0.048373 0.551162
vt 0.047643 0.548169
vt 0.047096 0.545137
vt 0.046634 0.542090
vt 0.047098 0.539056
vt 0.047648 0.536037
vt 0.048381 0.533058
vt 0.049418 0.530172
vt 0.050899 0.527490
vt 0.052845 0.525121
vt 0.051866 0.522128
vt 0.068070 0.514498
vt 0.065569 0.515153
vt 0.063102 0.515921
vt 0.060681 0.516823
vt 0.058321 0.517876
vt 0.056044 0.519098
vt 0.053880 0.520510
vt 0.055153 0.523103
vt 0.057713 0.521414
vt 0.060444 0.520017
vt 0.063288 0.518867
vt 0.066209 0.517926
vt 0.252247 0.946241
vt 0.253219 0.944871
vt 0.253659 0.946197
vt 0.174473 0.945916
vt 0.176041 0.945655
vt 0.175285 0.947652
vt 0.308363 0.938049
vt 0.311274 0.938049
vt 0.311274 0.940443
vt 0.308163 0.940533
vt 0.305452 0.938049
vt 0.305166 0.940471
vt 0.302540 0.938049
vt 0.302255 0.940399
vt 0.299629 0.938049
vt 0.299374 0.940358
vt 0.296718 0.938049
vt 0.296509 0.940345
vt 0.293806 0.938049
vt 0.293678 0.940321
vt 0.290895 0.938049
vt 0.290824 0.940305
vt 0.287983 0.938049
vt 0.287936 0.940300
vt 0.285072 0.938049
vt 0.285026 0.940296
vt 0.282161 0.938049
vt 0.282108 0.940286
vt 0.279249 0.938049
vt 0.279180 0.940280
vt 0.276338 0.938049
vt 0.276244 0.940275
vt 0.273427 0.938049
vt 0.273294 0.940271
vt 0.270515 0.938049
vt 0.270325 0.940268
vt 0.267604 0.938049
vt 0.267294 0.940273
vt 0.264385 0.938049
vt 0.264123 0.940284
vt 0.261167 0.938049
vt 0.260879 0.940297
vt 0.257948 0.938049
vt 0.257598 0.940298
vt 0.254729 0.938049
vt 0.254331 0.940251
vt 0.251511 0.938049
vt 0.251139 0.940154
vt 0.248292 0.938049
vt 0.248077 0.940034
vt 0.245074 0.938049
vt 0.245009 0.940022
vt 0.241855 0.938049
vt 0.241847 0.940077
vt 0.238636 0.938049
vt 0.238644 0.940120
vt 0.235461 0.940168
vt 0.235417 0.938049
vt 0.232339 0.940242
vt 0.232199 0.938049
vt 0.229269 0.940356
vt 0.229033 0.938049
vt 0.226119 0.940468
vt 0.225866 0.938049
vt 0.222863 0.940520
vt 0.222700 0.938049
vt 0.219561 0.940518
vt 0.219533 0.938049
vt 0.216295 0.940432
vt 0.216367 0.938049
vt 0.213201 0.938049
vt 0.213088 0.940350
vt 0.210035 0.938049
vt 0.209923 0.940297
vt 0.206869 0.938049
vt 0.206795 0.940259
vt 0.203702 0.938049
vt 0.203703 0.940231
vt 0.200720 0.940202
vt 0.200536 0.938049
vt 0.197927 0.940180
vt 0.197369 0.938049
vt 0.195630 0.940146
vt 0.195477 0.938049
vt 0.193515 0.940089
vt 0.193584 0.938049
vt 0.191691 0.938049
vt 0.191534 0.940002
vt 0.189799 0.938049
vt 0.189707 0.939921
vt 0.187906 0.938049
vt 0.187940 0.939962
vt 0.186295 0.939998
vt 0.186013 0.938049
vt 0.184635 0.940406
vt 0.184121 0.938049
vt 0.182592 0.940550
vt 0.182228 0.938049
vt 0.180474 0.940622
vt 0.180335 0.938049
vt 0.178284 0.940637
vt 0.178442 0.938049
vt 0.176550 0.938049
vt 0.175817 0.940646
vt 0.174484 0.939514
vt 0.174657 0.938049
vt 0.172961 0.939830
vt 0.172764 0.938049
vt 0.171047 0.940117
vt 0.170872 0.938049
vt 0.168979 0.940344
vt 0.168979 0.938049
vt 0.171336 0.942219
vt 0.168979 0.942641
vt 0.171774 0.944477
vt 0.169239 0.945307
vt 0.172436 0.946535
vt 0.170215 0.947793
vt 0.173283 0.947951
vt 0.172096 0.949675
vt 0.174582 0.950650
vt 0.177249 0.950910
vt 0.177836 0.948148
vt 0.180179 0.950910
vt 0.180481 0.948305
vt 0.183108 0.950910
vt 0.183215 0.948356
vt 0.186037 0.950910
vt 0.186056 0.948350
vt 0.188966 0.950910
vt 0.189037 0.948324
vt 0.191895 0.950910
vt 0.192007 0.948508
vt 0.194824 0.950910
vt 0.194884 0.948639
vt 0.197734 0.948706
vt 0.197753 0.950910
vt 0.200609 0.948742
vt 0.200682 0.950910
vt 0.203496 0.948758
vt 0.203612 0.950910
vt 0.206479 0.948782
vt 0.206541 0.950910
vt 0.209413 0.948791
vt 0.209470 0.950910
vt 0.212349 0.948839
vt 0.212399 0.950910
vt 0.215199 0.948896
vt 0.215328 0.950910
vt 0.217880 0.948878
vt 0.218257 0.950910
vt 0.220544 0.948523
vt 0.221186 0.950910
vt 0.223742 0.948391
vt 0.224116 0.950910
vt 0.226914 0.948444
vt 0.227045 0.950910
vt 0.229621 0.948619
vt 0.229974 0.950910
vt 0.232419 0.948138
vt 0.232903 0.950910
vt 0.235814 0.948378
vt 0.235832 0.950910
vt 0.238761 0.950910
vt 0.239354 0.948231
vt 0.241690 0.950910
vt 0.242111 0.948946
vt 0.244620 0.950910
vt 0.244702 0.949010
vt 0.247549 0.950910
vt 0.247520 0.948841
vt 0.250478 0.950910
vt 0.250711 0.948520
vt 0.253479 0.948982
vt 0.253407 0.950910
vt 0.256081 0.949060
vt 0.256336 0.950910
vt 0.258785 0.948975
vt 0.259265 0.950910
vt 0.261713 0.948898
vt 0.262194 0.950910
vt 0.264702 0.948846
vt 0.265123 0.950910
vt 0.267697 0.948819
vt 0.268053 0.950910
vt 0.270672 0.948805
vt 0.270982 0.950910
vt 0.273624 0.948802
vt 0.273911 0.950910
vt 0.276567 0.948805
vt 0.276841 0.950910
vt 0.279517 0.948811
vt 0.279770 0.950910
vt 0.282464 0.948816
vt 0.282698 0.950910
vt 0.285402 0.948824
vt 0.285627 0.950910
vt 0.288324 0.948833
vt 0.288557 0.950910
vt 0.291212 0.948842
vt 0.291486 0.950910
vt 0.294066 0.948845
vt 0.294415 0.950910
vt 0.296893 0.948830
vt 0.297344 0.950910
vt 0.299664 0.948781
vt 0.300274 0.950910
vt 0.302304 0.948623
vt 0.303203 0.950910
vt 0.304719 0.948064
vt 0.305806 0.950656
vt 0.308232 0.949705
vt 0.307221 0.946311
vt 0.310069 0.947868
vt 0.311020 0.945442
vt 0.307867 0.943143
vt 0.311274 0.942839
vt 0.304810 0.942890
vt 0.301971 0.942699
vt 0.173546 0.941642
vt 0.173975 0.943846
vt 0.299184 0.942604
vt 0.296404 0.942562
vt 0.293627 0.942527
vt 0.290790 0.942523
vt 0.287920 0.942523
vt 0.285004 0.942523
vt 0.282081 0.942494
vt 0.279133 0.942488
vt 0.276180 0.942480
vt 0.273234 0.942453
vt 0.270215 0.942463
vt 0.267141 0.942480
vt 0.263953 0.942511
vt 0.260676 0.942549
vt 0.257226 0.942601
vt 0.253841 0.942488
vt 0.250611 0.942245
vt 0.247838 0.941888
vt 0.245041 0.941932
vt 0.241896 0.942125
vt 0.238688 0.942188
vt 0.235572 0.942279
vt 0.232584 0.942439
vt 0.229611 0.942704
vt 0.226510 0.943022
vt 0.223065 0.943060
vt 0.219541 0.943066
vt 0.216158 0.942797
vt 0.212925 0.942604
vt 0.209785 0.942495
vt 0.206691 0.942442
vt 0.203661 0.942387
vt 0.200713 0.942349
vt 0.198037 0.942292
vt 0.195576 0.942213
vt 0.193304 0.942065
vt 0.304329 0.945179
vt 0.303547 0.946664
vt 0.301702 0.946726
vt 0.299219 0.946764
vt 0.296531 0.946784
vt 0.293805 0.946776
vt 0.290994 0.946763
vt 0.288118 0.946757
vt 0.285187 0.946745
vt 0.282253 0.946731
vt 0.279289 0.946719
vt 0.276356 0.946710
vt 0.273408 0.946705
vt 0.270405 0.946707
vt 0.267375 0.946726
vt 0.264286 0.946771
vt 0.261182 0.946872
vt 0.258156 0.947086
vt 0.255838 0.947450
vt 0.253749 0.947471
vt 0.252236 0.947411
vt 0.249910 0.946522
vt 0.247095 0.946994
vt 0.244537 0.947372
vt 0.242708 0.947677
vt 0.241598 0.946904
vt 0.235735 0.946264
vt 0.238604 0.946114
vt 0.233035 0.946235
vt 0.230848 0.946558
vt 0.229220 0.947008
vt 0.227247 0.945856
vt 0.223352 0.945794
vt 0.219369 0.945912
vt 0.217494 0.947259
vt 0.215235 0.946988
vt 0.212405 0.946796
vt 0.209471 0.946722
vt 0.206466 0.946668
vt 0.203471 0.946634
vt 0.200622 0.946596
vt 0.197830 0.946533
vt 0.195074 0.946405
vt 0.192255 0.946148
vt 0.189142 0.945498
vt 0.186008 0.945637
vt 0.183244 0.945786
vt 0.180685 0.945757
vt 0.178296 0.945701
vt 0.191251 0.941888
vt 0.189552 0.941672
vt 0.188021 0.941624
vt 0.186589 0.941578
vt 0.185653 0.942807
vt 0.183028 0.943125
vt 0.180636 0.943181
vt 0.178357 0.943224
vt 0.176047 0.943342
vt 0.301736 0.944852
vt 0.299066 0.944755
vt 0.296409 0.944701
vt 0.293635 0.944700
vt 0.290841 0.944679
vt 0.287978 0.944658
vt 0.285066 0.944644
vt 0.282135 0.944625
vt 0.279189 0.944612
vt 0.276199 0.944616
vt 0.273246 0.944600
vt 0.270255 0.944600
vt 0.267195 0.944620
vt 0.264010 0.944675
vt 0.260647 0.944788
vt 0.256911 0.945098
vt 0.249555 0.944444
vt 0.247621 0.943340
vt 0.245299 0.943694
vt 0.242046 0.944341
vt 0.238714 0.944235
vt 0.235650 0.944335
vt 0.232814 0.944529
vt 0.230356 0.945120
vt 0.215865 0.945119
vt 0.212698 0.944780
vt 0.209599 0.944636
vt 0.206571 0.944575
vt 0.203540 0.944525
vt 0.200655 0.944471
vt 0.197934 0.944403
vt 0.195365 0.944273
vt 0.192875 0.944070
vt 0.190651 0.943610
vt 0.189402 0.942856
vt 0.188002 0.943286
vt 0.231395 0.945968
vt 0.255451 0.946236
vt 0.246411 0.945242
vt 0.243633 0.945952
vt 0.240749 0.945787
vt 0.029810 0.621803
vt 0.028088 0.623045
vt 0.028222 0.621022
vt 0.028667 0.586808
vt 0.030609 0.588337
vt 0.027938 0.589219
vt 0.036542 0.489691
vt 0.036542 0.492890
vt 0.036207 0.492844
vt 0.036284 0.489580
vt 0.023965 0.484319
vt 0.023809 0.487280
vt 0.021450 0.486393
vt 0.021450 0.483245
vt 0.026480 0.485394
vt 0.026133 0.488205
vt 0.028996 0.486468
vt 0.028407 0.489241
vt 0.031511 0.487542
vt 0.030699 0.490571
vt 0.034026 0.488616
vt 0.033277 0.492439
vt 0.021450 0.630865
vt 0.023870 0.629924
vt 0.023965 0.632638
vt 0.021450 0.633712
vt 0.021450 0.628018
vt 0.023787 0.627237
vt 0.021450 0.625171
vt 0.023742 0.624551
vt 0.021450 0.622323
vt 0.023754 0.621892
vt 0.021450 0.619476
vt 0.023787 0.619122
vt 0.021450 0.616628
vt 0.023739 0.616410
vt 0.021450 0.613781
vt 0.023763 0.613665
vt 0.023823 0.610852
vt 0.021450 0.610934
vt 0.023882 0.607986
vt 0.021450 0.608086
vt 0.023919 0.605096
vt 0.021450 0.605239
vt 0.023926 0.602203
vt 0.021450 0.602392
vt 0.023911 0.599312
vt 0.021450 0.599544
vt 0.036542 0.627268
vt 0.036284 0.627378
vt 0.036256 0.624200
vt 0.036542 0.624068
vt 0.031152 0.626671
vt 0.033755 0.625346
vt 0.034026 0.628342
vt 0.031511 0.629416
vt 0.028697 0.627872
vt 0.028996 0.630490
vt 0.026284 0.628942
vt 0.026480 0.631564
vt 0.036542 0.496089
vt 0.036255 0.496094
vt 0.036542 0.499289
vt 0.036274 0.499313
vt 0.036542 0.502488
vt 0.036291 0.502517
vt 0.036542 0.505688
vt 0.036303 0.505711
vt 0.036542 0.508887
vt 0.036307 0.508895
vt 0.036542 0.512087
vt 0.036302 0.512075
vt 0.036542 0.515286
vt 0.036292 0.515263
vt 0.036542 0.518485
vt 0.036287 0.518461
vt 0.036542 0.521685
vt 0.036285 0.521663
vt 0.036542 0.524884
vt 0.036284 0.524864
vt 0.036542 0.528084
vt 0.036283 0.528065
vt 0.036542 0.531283
vt 0.036281 0.531262
vt 0.036542 0.534483
vt 0.036276 0.534462
vt 0.036542 0.537682
vt 0.036271 0.537668
vt 0.036542 0.540882
vt 0.036287 0.540867
vt 0.036542 0.544081
vt 0.036289 0.544062
vt 0.036542 0.547280
vt 0.036277 0.547262
vt 0.036542 0.550480
vt 0.036287 0.550465
vt 0.036542 0.553679
vt 0.036283 0.553664
vt 0.036542 0.556879
vt 0.036288 0.556859
vt 0.036542 0.560079
vt 0.036275 0.560056
vt 0.036542 0.563278
vt 0.036277 0.563265
vt 0.036542 0.566478
vt 0.036279 0.566465
vt 0.036542 0.569677
vt 0.036275 0.569665
vt 0.036542 0.572877
vt 0.036289 0.572869
vt 0.036542 0.576076
vt 0.036300 0.576065
vt 0.036542 0.579276
vt 0.036303 0.579257
vt 0.036542 0.582475
vt 0.036297 0.582448
vt 0.036542 0.585675
vt 0.036283 0.585643
vt 0.036542 0.588874
vt 0.036259 0.588851
vt 0.036542 0.592073
vt 0.036265 0.592069
vt 0.036542 0.595273
vt 0.036274 0.595276
vt 0.036542 0.598472
vt 0.036279 0.598477
vt 0.036542 0.601672
vt 0.036280 0.601675
vt 0.036542 0.604871
vt 0.036275 0.604873
vt 0.036542 0.608071
vt 0.036266 0.608071
vt 0.036542 0.611270
vt 0.036244 0.611276
vt 0.036542 0.614469
vt 0.036201 0.614502
vt 0.033220 0.614791
vt 0.036114 0.617793
vt 0.032370 0.618881
vt 0.036213 0.621014
vt 0.033331 0.622283
vt 0.023679 0.490213
vt 0.021450 0.489540
vt 0.023626 0.493132
vt 0.021450 0.492688
vt 0.023680 0.496117
vt 0.021450 0.495835
vt 0.023674 0.499232
vt 0.021450 0.498983
vt 0.023616 0.502272
vt 0.021450 0.502130
vt 0.023682 0.505316
vt 0.021450 0.505278
vt 0.023827 0.508467
vt 0.021450 0.508425
vt 0.023789 0.511578
vt 0.021450 0.511572
vt 0.023857 0.514646
vt 0.021450 0.514720
vt 0.023910 0.517812
vt 0.021450 0.517868
vt 0.023939 0.520996
vt 0.021450 0.521015
vt 0.023950 0.524163
vt 0.021450 0.524162
vt 0.023950 0.527265
vt 0.021450 0.527310
vt 0.023946 0.530248
vt 0.021450 0.530457
vt 0.023911 0.532920
vt 0.021450 0.532875
vt 0.023853 0.535458
vt 0.021450 0.535294
vt 0.023778 0.537901
vt 0.021450 0.537711
vt 0.023757 0.540298
vt 0.021450 0.540130
vt 0.023728 0.542725
vt 0.021450 0.542548
vt 0.023741 0.545171
vt 0.021450 0.544966
vt 0.023751 0.547648
vt 0.021450 0.547385
vt 0.023704 0.550105
vt 0.021450 0.549803
vt 0.023641 0.552530
vt 0.021450 0.552221
vt 0.023613 0.554931
vt 0.021450 0.554639
vt 0.023529 0.557319
vt 0.021450 0.557057
vt 0.023450 0.559689
vt 0.021450 0.559475
vt 0.023413 0.562030
vt 0.021450 0.561893
vt 0.023424 0.564355
vt 0.021450 0.564352
vt 0.023520 0.566717
vt 0.021450 0.566810
vt 0.023475 0.569137
vt 0.021450 0.569268
vt 0.023477 0.571554
vt 0.021450 0.571726
vt 0.023518 0.573998
vt 0.021450 0.574184
vt 0.023580 0.576462
vt 0.021450 0.576643
vt 0.023673 0.578929
vt 0.021450 0.579101
vt 0.023843 0.581416
vt 0.021450 0.581559
vt 0.024396 0.584128
vt 0.021450 0.584017
vt 0.023832 0.586827
vt 0.021450 0.586475
vt 0.023532 0.589030
vt 0.021450 0.588933
vt 0.023618 0.591206
vt 0.021450 0.591392
vt 0.023761 0.593694
vt 0.021450 0.593849
vt 0.023854 0.596456
vt 0.021450 0.596697
vt 0.025831 0.490907
vt 0.027800 0.491728
vt 0.029601 0.493063
vt 0.026103 0.626363
vt 0.025977 0.623903
vt 0.026029 0.621394
vt 0.026181 0.618678
vt 0.025908 0.616160
vt 0.031374 0.493995
vt 0.033746 0.496134
vt 0.031248 0.496493
vt 0.031339 0.499870
vt 0.033928 0.499520
vt 0.031707 0.503122
vt 0.034095 0.502770
vt 0.031961 0.506169
vt 0.034211 0.505912
vt 0.032055 0.508967
vt 0.034251 0.508965
vt 0.031900 0.511773
vt 0.034200 0.511976
vt 0.031598 0.514715
vt 0.034099 0.515059
vt 0.031527 0.517984
vt 0.034051 0.518251
vt 0.031512 0.521256
vt 0.034037 0.521475
vt 0.031504 0.524491
vt 0.034026 0.524688
vt 0.025998 0.613593
vt 0.026180 0.610828
vt 0.026325 0.607923
vt 0.026391 0.604983
vt 0.026409 0.602026
vt 0.026376 0.599068
vt 0.031485 0.527688
vt 0.034018 0.527900
vt 0.025694 0.493509
vt 0.025964 0.496290
vt 0.028364 0.625369
vt 0.030657 0.624036
vt 0.025951 0.499560
vt 0.025674 0.502382
vt 0.025852 0.505235
vt 0.026396 0.508550
vt 0.026030 0.511647
vt 0.026282 0.514513
vt 0.026394 0.517759
vt 0.026441 0.521012
vt 0.026460 0.524221
vt 0.026456 0.527336
vt 0.026436 0.530321
vt 0.026241 0.535734
vt 0.026054 0.538135
vt 0.026370 0.533113
vt 0.025953 0.540496
vt 0.025938 0.542894
vt 0.026015 0.545348
vt 0.026110 0.547932
vt 0.025937 0.550460
vt 0.025798 0.552864
vt 0.025795 0.555272
vt 0.025541 0.557645
vt 0.025410 0.559928
vt 0.025268 0.562188
vt 0.025233 0.564281
vt 0.025679 0.566549
vt 0.025404 0.569019
vt 0.025447 0.571354
vt 0.025547 0.573789
vt 0.025655 0.576274
vt 0.025735 0.578738
vt 0.025853 0.581048
vt 0.025921 0.582869
vt 0.031457 0.601754
vt 0.031417 0.598627
vt 0.033982 0.598522
vt 0.033984 0.601707
vt 0.031391 0.604887
vt 0.033942 0.604885
vt 0.031236 0.608022
vt 0.033851 0.608076
vt 0.030933 0.611168
vt 0.033636 0.611326
vt 0.030325 0.614393
vt 0.031337 0.595424
vt 0.033931 0.595309
vt 0.031085 0.592087
vt 0.033841 0.592026
vt 0.033778 0.588647
vt 0.031464 0.584943
vt 0.034015 0.585367
vt 0.031840 0.581894
vt 0.034152 0.582207
vt 0.031951 0.578921
vt 0.034211 0.579094
vt 0.031879 0.575918
vt 0.034180 0.575972
vt 0.031654 0.572834
vt 0.034075 0.572799
vt 0.031180 0.569469
vt 0.033936 0.569562
vt 0.031502 0.566261
vt 0.033974 0.566354
vt 0.031359 0.563097
vt 0.033955 0.563152
vt 0.031150 0.559492
vt 0.033942 0.559860
vt 0.031764 0.556454
vt 0.031373 0.553363
vt 0.034021 0.553528
vt 0.034067 0.556680
vt 0.031657 0.550185
vt 0.034056 0.550338
vt 0.031161 0.546880
vt 0.033962 0.547104
vt 0.031695 0.543648
vt 0.034075 0.543891
vt 0.031652 0.540681
vt 0.034051 0.540743
vt 0.031052 0.537482
vt 0.033903 0.537545
vt 0.031311 0.534030
vt 0.033950 0.534282
vt 0.031443 0.530852
vt 0.033993 0.531080
vt 0.026071 0.593274
vt 0.026293 0.596122
vt 0.025710 0.590711
vt 0.025066 0.589139
vt 0.025873 0.587673
vt 0.026656 0.585510
vt 0.027342 0.493737
vt 0.028532 0.495973
vt 0.028957 0.617782
vt 0.028509 0.500306
vt 0.029443 0.503667
vt 0.029909 0.506527
vt 0.030129 0.508879
vt 0.029750 0.511230
vt 0.028848 0.514018
vt 0.028935 0.517709
vt 0.028971 0.521072
vt 0.028979 0.524321
vt 0.028966 0.527490
vt 0.028932 0.530564
vt 0.028800 0.533504
vt 0.027430 0.583431
vt 0.027689 0.581170
vt 0.027761 0.578698
vt 0.027663 0.576124
vt 0.027491 0.573565
vt 0.027263 0.571119
vt 0.027010 0.569062
vt 0.026913 0.567500
vt 0.026535 0.564021
vt 0.027286 0.565241
vt 0.026978 0.562490
vt 0.027224 0.560242
vt 0.027431 0.558062
vt 0.028088 0.555752
vt 0.027758 0.553222
vt 0.028015 0.550979
vt 0.028716 0.548278
vt 0.028124 0.545447
vt 0.027978 0.543044
vt 0.027959 0.540723
vt 0.028094 0.538501
vt 0.028556 0.536306
vt 0.027674 0.511944
vt 0.028161 0.510112
vt 0.027692 0.504624
vt 0.028195 0.507135
vt 0.027280 0.502461
vt 0.028464 0.592578
vt 0.028761 0.595731
vt 0.029836 0.543150
vt 0.029810 0.540849
vt 0.029707 0.545159
vt 0.029652 0.538944
vt 0.030007 0.550140
vt 0.029612 0.551941
vt 0.030377 0.556219
vt 0.029751 0.554667
vt 0.029573 0.557539
vt 0.028848 0.563500
vt 0.028987 0.560478
vt 0.029525 0.566175
vt 0.029492 0.573228
vt 0.029092 0.570600
vt 0.029722 0.575991
vt 0.029787 0.578778
vt 0.029712 0.581504
vt 0.029318 0.584171
vt 0.028892 0.598810
vt 0.028924 0.601864
vt 0.028891 0.604900
vt 0.028751 0.607941
vt 0.028502 0.610913
vt 0.028142 0.613717
vt 0.027688 0.615937
vt 0.029052 0.553282
vt 0.028824 0.508724
vt 0.028463 0.568650
vt 0.028050 0.566890
vt 0.029718 0.568087
vt 0.028678 0.558693
vt 0.036542 0.617669
vt 0.036542 0.620869
vt 0.302972 0.963905
vt 0.301166 0.965179
vt 0.301023 0.962980
vt 0.310852 0.979418
vt 0.307979 0.979418
vt 0.307440 0.976298
vt 0.310367 0.976411
vt 0.249975 0.976424
vt 0.252927 0.976261
vt 0.252310 0.979418
vt 0.249426 0.979418
vt 0.312527 0.976465
vt 0.313192 0.979418
vt 0.314873 0.976422
vt 0.315531 0.979418
vt 0.311683 0.973615
vt 0.314053 0.973466
vt 0.310566 0.971060
vt 0.312893 0.970629
vt 0.308249 0.970747
vt 0.309434 0.969250
vt 0.311313 0.968005
vt 0.307593 0.967184
vt 0.309304 0.965691
vt 0.305346 0.965353
vt 0.306955 0.963723
vt 0.304349 0.962107
vt 0.301574 0.960804
vt 0.298381 0.962030
vt 0.298686 0.959771
vt 0.295500 0.961253
vt 0.295726 0.958966
vt 0.292524 0.960674
vt 0.292720 0.958354
vt 0.289504 0.960280
vt 0.289685 0.957914
vt 0.286462 0.960047
vt 0.286631 0.957622
vt 0.246133 0.976422
vt 0.248152 0.976457
vt 0.247451 0.979418
vt 0.245475 0.979418
vt 0.250794 0.973493
vt 0.254009 0.973238
vt 0.249040 0.973571
vt 0.306444 0.973302
vt 0.309594 0.973470
vt 0.306280 0.968434
vt 0.304589 0.970755
vt 0.303858 0.966595
vt 0.302080 0.968837
vt 0.299236 0.967452
vt 0.298314 0.964117
vt 0.296227 0.966473
vt 0.295370 0.963344
vt 0.293133 0.965805
vt 0.292373 0.962810
vt 0.289994 0.965395
vt 0.289345 0.962489
vt 0.286835 0.965206
vt 0.286303 0.962349
vt 0.283668 0.965182
vt 0.283258 0.962346
vt 0.280503 0.965248
vt 0.280214 0.962398
vt 0.277285 0.965186
vt 0.277170 0.962342
vt 0.274067 0.965210
vt 0.274125 0.962365
vt 0.270854 0.965395
vt 0.271085 0.962526
vt 0.267661 0.965795
vt 0.268058 0.962859
vt 0.264510 0.966448
vt 0.265062 0.963397
vt 0.261441 0.967412
vt 0.262118 0.964172
vt 0.258532 0.968780
vt 0.259266 0.965234
vt 0.255951 0.970691
vt 0.256571 0.966645
vt 0.252167 0.970784
vt 0.254149 0.968483
vt 0.250246 0.970875
vt 0.251665 0.968513
vt 0.256760 0.964431
vt 0.259430 0.963142
vt 0.262264 0.962095
vt 0.265198 0.961290
vt 0.268189 0.960700
vt 0.271211 0.960298
vt 0.274253 0.960055
vt 0.277304 0.959937
vt 0.280358 0.959903
vt 0.283412 0.959936
vt 0.246953 0.973467
vt 0.248113 0.970630
vt 0.249693 0.968006
vt 0.251702 0.965692
vt 0.252582 0.966680
vt 0.254385 0.965830
vt 0.254051 0.963724
vt 0.256657 0.962109
vt 0.259432 0.960805
vt 0.262319 0.959771
vt 0.265279 0.958966
vt 0.268284 0.958355
vt 0.271320 0.957914
vt 0.274374 0.957622
vt 0.277437 0.957449
vt 0.280503 0.957341
vt 0.283569 0.957449
vt 0.163229 0.957209
vt 0.163110 0.956640
vt 0.162991 0.956071
vt 0.165750 0.956071
vt 0.168510 0.956071
vt 0.171387 0.956071
vt 0.171875 0.959114
vt 0.168986 0.959054
vt 0.227284 0.958626
vt 0.224332 0.959105
vt 0.224798 0.956071
vt 0.227671 0.956071
vt 0.163873 0.960214
vt 0.166421 0.959475
vt 0.164575 0.963205
vt 0.167074 0.962565
vt 0.165369 0.966173
vt 0.167798 0.965553
vt 0.168638 0.968485
vt 0.166291 0.969104
vt 0.169622 0.971363
vt 0.167351 0.971988
vt 0.170776 0.974174
vt 0.168576 0.974805
vt 0.172121 0.976892
vt 0.169985 0.977535
vt 0.173674 0.979481
vt 0.171597 0.980150
vt 0.175432 0.981881
vt 0.173434 0.982611
vt 0.177310 0.983979
vt 0.175508 0.984875
vt 0.178941 0.985486
vt 0.177821 0.986895
vt 0.181691 0.985584
vt 0.180361 0.988621
vt 0.184290 0.987119
vt 0.183100 0.990010
vt 0.187085 0.988259
vt 0.185976 0.991087
vt 0.189987 0.989094
vt 0.188934 0.991915
vt 0.192726 0.989674
vt 0.191938 0.992560
vt 0.195488 0.990139
vt 0.194964 0.993089
vt 0.197999 0.993572
vt 0.198257 0.990552
vt 0.201158 0.990114
vt 0.201097 0.993079
vt 0.226870 0.961178
vt 0.223812 0.962129
vt 0.226400 0.963719
vt 0.223190 0.965135
vt 0.230339 0.956071
vt 0.229804 0.958880
vt 0.232360 0.959140
vt 0.233007 0.956071
vt 0.204049 0.989615
vt 0.204187 0.992536
vt 0.206912 0.988983
vt 0.207253 0.991868
vt 0.209719 0.988132
vt 0.210269 0.991008
vt 0.212101 0.987134
vt 0.213194 0.989881
vt 0.214339 0.985844
vt 0.215968 0.988419
vt 0.218532 0.986616
vt 0.216383 0.984266
vt 0.219730 0.982334
vt 0.220855 0.984510
vt 0.221847 0.980125
vt 0.222931 0.982160
vt 0.223478 0.977739
vt 0.224758 0.979611
vt 0.224840 0.975227
vt 0.226357 0.976912
vt 0.226003 0.972623
vt 0.227748 0.974101
vt 0.227002 0.969950
vt 0.228953 0.971205
vt 0.227860 0.967227
vt 0.229993 0.968245
vt 0.228596 0.964467
vt 0.230891 0.965239
vt 0.229235 0.961681
vt 0.231669 0.962201
vt 0.179357 0.983672
vt 0.177310 0.981453
vt 0.175548 0.979001
vt 0.174050 0.976380
vt 0.172785 0.973637
vt 0.171724 0.970809
vt 0.170842 0.967920
vt 0.170109 0.964990
vt 0.169503 0.962030
vt 0.172418 0.962146
vt 0.173064 0.965159
vt 0.173861 0.968136
vt 0.174828 0.971060
vt 0.176006 0.973907
vt 0.177430 0.976638
vt 0.179148 0.979194
vt 0.181192 0.981496
vt 0.183582 0.983434
vt 0.186282 0.984908
vt 0.189183 0.985940
vt 0.192176 0.986670
vt 0.195208 0.987217
vt 0.198255 0.987679
vt 0.201289 0.987215
vt 0.204308 0.986666
vt 0.207287 0.985933
vt 0.210173 0.984896
vt 0.212856 0.983414
vt 0.215224 0.981469
vt 0.218218 0.982448
vt 0.225847 0.966244
vt 0.225193 0.968744
vt 0.224424 0.971211
vt 0.223522 0.973633
vt 0.222470 0.975993
vt 0.221247 0.978269
vt 0.219835 0.980433
vt 0.217242 0.979160
vt 0.218931 0.976601
vt 0.220328 0.973869
vt 0.221478 0.971025
vt 0.222419 0.968105
vt 0.253659 0.927521
vt 0.253219 0.928847
vt 0.252247 0.927476
vt 0.175285 0.926065
vt 0.176041 0.928063
vt 0.174473 0.927801
vt 0.311274 0.933274
vt 0.311274 0.935669
vt 0.308363 0.935669
vt 0.308163 0.933185
vt 0.305452 0.935669
vt 0.305166 0.933246
vt 0.302540 0.935669
vt 0.302255 0.933318
vt 0.299629 0.935669
vt 0.299374 0.933360
vt 0.296718 0.935669
vt 0.296509 0.933372
vt 0.293806 0.935669
vt 0.293678 0.933397
vt 0.290895 0.935669
vt 0.290824 0.933413
vt 0.287983 0.935669
vt 0.287936 0.933418
vt 0.285072 0.935669
vt 0.285026 0.933421
vt 0.282161 0.935669
vt 0.282108 0.933432
vt 0.279249 0.935669
vt 0.279180 0.933438
vt 0.276338 0.935669
vt 0.276244 0.933443
vt 0.273427 0.935669
vt 0.273294 0.933446
vt 0.270515 0.935669
vt 0.270325 0.933449
vt 0.267604 0.935669
vt 0.267294 0.933444
vt 0.264385 0.935669
vt 0.264123 0.933433
vt 0.261167 0.935669
vt 0.260879 0.933421
vt 0.257948 0.935669
vt 0.257598 0.933419
vt 0.254729 0.935669
vt 0.254331 0.933466
vt 0.251511 0.935669
vt 0.251139 0.933563
vt 0.248292 0.935669
vt 0.248077 0.933684
vt 0.245074 0.935669
vt 0.245009 0.933696
vt 0.241855 0.935669
vt 0.241847 0.933640
vt 0.238636 0.935669
vt 0.238644 0.933598
vt 0.235417 0.935669
vt 0.235461 0.933549
vt 0.232199 0.935669
vt 0.232339 0.933476
vt 0.229033 0.935669
vt 0.229269 0.933362
vt 0.225866 0.935669
vt 0.226119 0.933249
vt 0.222700 0.935669
vt 0.222863 0.933197
vt 0.219533 0.935669
vt 0.219561 0.933200
vt 0.216367 0.935669
vt 0.216295 0.933286
vt 0.213201 0.935669
vt 0.213088 0.933367
vt 0.210035 0.935669
vt 0.209923 0.933421
vt 0.206869 0.935669
vt 0.206795 0.933459
vt 0.203702 0.935669
vt 0.203703 0.933487
vt 0.200536 0.935669
vt 0.200720 0.933515
vt 0.197369 0.935669
vt 0.197927 0.933537
vt 0.195477 0.935669
vt 0.195630 0.933571
vt 0.193584 0.935669
vt 0.193515 0.933629
vt 0.191691 0.935669
vt 0.191534 0.933716
vt 0.189799 0.935669
vt 0.189707 0.933796
vt 0.187906 0.935669
vt 0.187940 0.933755
vt 0.186013 0.935669
vt 0.186295 0.933719
vt 0.184121 0.935669
vt 0.184635 0.933312
vt 0.182228 0.935669
vt 0.182592 0.933167
vt 0.180335 0.935669
vt 0.180474 0.933096
vt 0.178442 0.935669
vt 0.178284 0.933080
vt 0.176550 0.935669
vt 0.175817 0.933072
vt 0.174657 0.935669
vt 0.174484 0.934204
vt 0.172764 0.935669
vt 0.172961 0.933887
vt 0.170872 0.935669
vt 0.171047 0.933601
vt 0.168979 0.935669
vt 0.168979 0.933373
vt 0.168979 0.931077
vt 0.171336 0.931499
vt 0.169239 0.928411
vt 0.171774 0.929240
vt 0.170215 0.925924
vt 0.172436 0.927183
vt 0.172096 0.924043
vt 0.173283 0.925767
vt 0.174582 0.923068
vt 0.177249 0.922808
vt 0.177836 0.925570
vt 0.180179 0.922808
vt 0.180481 0.925413
vt 0.183108 0.922808
vt 0.183215 0.925361
vt 0.186037 0.922808
vt 0.186056 0.925368
vt 0.188966 0.922808
vt 0.189037 0.925393
vt 0.191895 0.922808
vt 0.192007 0.925209
vt 0.194824 0.922808
vt 0.194884 0.925079
vt 0.197753 0.922808
vt 0.197734 0.925012
vt 0.200682 0.922808
vt 0.200609 0.924975
vt 0.203612 0.922808
vt 0.203496 0.924960
vt 0.206541 0.922808
vt 0.206479 0.924936
vt 0.209470 0.922808
vt 0.209413 0.924926
vt 0.212399 0.922808
vt 0.212349 0.924879
vt 0.215328 0.922808
vt 0.215199 0.924822
vt 0.218257 0.922808
vt 0.217880 0.924839
vt 0.221186 0.922808
vt 0.220544 0.925194
vt 0.224116 0.922808
vt 0.223742 0.925327
vt 0.227045 0.922808
vt 0.226914 0.925274
vt 0.229974 0.922808
vt 0.229621 0.925099
vt 0.232903 0.922808
vt 0.232419 0.925580
vt 0.235832 0.922808
vt 0.235814 0.925340
vt 0.238761 0.922808
vt 0.239354 0.925487
vt 0.241690 0.922808
vt 0.242111 0.924772
vt 0.244620 0.922808
vt 0.244702 0.924708
vt 0.247549 0.922808
vt 0.247520 0.924876
vt 0.250478 0.922808
vt 0.250711 0.925198
vt 0.253407 0.922808
vt 0.253479 0.924736
vt 0.256336 0.922808
vt 0.256081 0.924658
vt 0.259265 0.922808
vt 0.258785 0.924743
vt 0.262194 0.922808
vt 0.261713 0.924820
vt 0.265123 0.922808
vt 0.264702 0.924872
vt 0.268053 0.922808
vt 0.267697 0.924899
vt 0.270982 0.922808
vt 0.270672 0.924912
vt 0.273911 0.922808
vt 0.273624 0.924915
vt 0.276841 0.922808
vt 0.276567 0.924913
vt 0.279770 0.922808
vt 0.279517 0.924907
vt 0.282698 0.922808
vt 0.282464 0.924901
vt 0.285627 0.922808
vt 0.285402 0.924893
vt 0.288557 0.922808
vt 0.288324 0.924885
vt 0.291486 0.922808
vt 0.291212 0.924876
vt 0.294415 0.922808
vt 0.294066 0.924872
vt 0.297344 0.922808
vt 0.296893 0.924887
vt 0.300274 0.922808
vt 0.299664 0.924936
vt 0.303203 0.922808
vt 0.302304 0.925095
vt 0.305806 0.923061
vt 0.304719 0.925654
vt 0.308232 0.924013
vt 0.307221 0.927406
vt 0.310069 0.925850
vt 0.311020 0.928276
vt 0.311274 0.930879
vt 0.307867 0.930575
vt 0.304810 0.930828
vt 0.301971 0.931018
vt 0.173546 0.932076
vt 0.173975 0.929872
vt 0.299184 0.931114
vt 0.296404 0.931156
vt 0.293627 0.931191
vt 0.290790 0.931194
vt 0.287920 0.931195
vt 0.285004 0.931195
vt 0.282081 0.931224
vt 0.279133 0.931230
vt 0.276180 0.931238
vt 0.273234 0.931264
vt 0.270215 0.931255
vt 0.267141 0.931238
vt 0.263953 0.931207
vt 0.260676 0.931168
vt 0.257226 0.931116
vt 0.253841 0.931230
vt 0.250611 0.931473
vt 0.247838 0.931830
vt 0.245041 0.931785
vt 0.241896 0.931593
vt 0.238688 0.931529
vt 0.235572 0.931438
vt 0.232584 0.931279
vt 0.229611 0.931013
vt 0.226510 0.930696
vt 0.223065 0.930658
vt 0.219541 0.930651
vt 0.216158 0.930921
vt 0.212925 0.931114
vt 0.209785 0.931222
vt 0.206691 0.931276
vt 0.203661 0.931331
vt 0.200713 0.931368
vt 0.198037 0.931426
vt 0.195576 0.931505
vt 0.193304 0.931653
vt 0.304329 0.928538
vt 0.303547 0.927054
vt 0.301702 0.926992
vt 0.299219 0.926953
vt 0.296531 0.926933
vt 0.293805 0.926942
vt 0.290994 0.926954
vt 0.288118 0.926961
vt 0.285187 0.926973
vt 0.282253 0.926987
vt 0.279289 0.926999
vt 0.276356 0.927008
vt 0.273408 0.927013
vt 0.270405 0.927011
vt 0.267375 0.926992
vt 0.264286 0.926947
vt 0.261182 0.926846
vt 0.258156 0.926632
vt 0.255838 0.926267
vt 0.253749 0.926247
vt 0.252236 0.926307
vt 0.249910 0.927196
vt 0.247095 0.926723
vt 0.244537 0.926346
vt 0.242708 0.926041
vt 0.241598 0.926813
vt 0.238604 0.927603
vt 0.235735 0.927453
vt 0.233035 0.927483
vt 0.230848 0.927159
vt 0.229220 0.926710
vt 0.227247 0.927861
vt 0.223352 0.927923
vt 0.219369 0.927805
vt 0.217494 0.926458
vt 0.215235 0.926730
vt 0.212405 0.926922
vt 0.209471 0.926995
vt 0.206466 0.927049
vt 0.203471 0.927084
vt 0.200622 0.927122
vt 0.197830 0.927184
vt 0.195074 0.927313
vt 0.192255 0.927569
vt 0.189142 0.928219
vt 0.186008 0.928080
vt 0.183244 0.927932
vt 0.180685 0.927961
vt 0.178296 0.928016
vt 0.191251 0.931830
vt 0.189552 0.932046
vt 0.188021 0.932093
vt 0.186589 0.932139
vt 0.185653 0.930911
vt 0.183028 0.930592
vt 0.180636 0.930536
vt 0.178357 0.930494
vt 0.176047 0.930375
vt 0.301736 0.928866
vt 0.299066 0.928962
vt 0.296409 0.929017
vt 0.293635 0.929018
vt 0.290841 0.929038
vt 0.287978 0.929060
vt 0.285066 0.929074
vt 0.282135 0.929092
vt 0.279189 0.929106
vt 0.276199 0.929102
vt 0.273246 0.929117
vt 0.270255 0.929118
vt 0.267195 0.929098
vt 0.264010 0.929043
vt 0.260647 0.928930
vt 0.256911 0.928619
vt 0.249555 0.929274
vt 0.247621 0.930378
vt 0.245299 0.930023
vt 0.242046 0.929377
vt 0.238714 0.929483
vt 0.235650 0.929383
vt 0.232814 0.929188
vt 0.230356 0.928598
vt 0.215865 0.928598
vt 0.212698 0.928937
vt 0.209599 0.929081
vt 0.206571 0.929143
vt 0.203540 0.929193
vt 0.200655 0.929247
vt 0.197934 0.929315
vt 0.195365 0.929444
vt 0.192875 0.929647
vt 0.190651 0.930107
vt 0.189402 0.930861
vt 0.188002 0.930431
vt 0.231395 0.927750
vt 0.255451 0.927482
vt 0.246411 0.928475
vt 0.243633 0.927766
vt 0.240749 0.927931
vt 0.012297 0.621022
vt 0.012431 0.623045
vt 0.010709 0.621803
vt 0.012581 0.589219
vt 0.009910 0.588337
vt 0.011852 0.586808
vt 0.004312 0.492844
vt 0.003977 0.492890
vt 0.003977 0.489691
vt 0.004235 0.489580
vt 0.019069 0.486393
vt 0.016710 0.487280
vt 0.016554 0.484319
vt 0.019069 0.483245
vt 0.014387 0.488205
vt 0.014039 0.485394
vt 0.012112 0.489241
vt 0.011524 0.486468
vt 0.009820 0.490571
vt 0.009008 0.487542
vt 0.007242 0.492439
vt 0.006493 0.488616
vt 0.016554 0.632638
vt 0.016650 0.629924
vt 0.019069 0.630865
vt 0.019069 0.633712
vt 0.016732 0.627237
vt 0.019069 0.628018
vt 0.016777 0.624551
vt 0.019069 0.625171
vt 0.016765 0.621892
vt 0.019069 0.622323
vt 0.016732 0.619122
vt 0.019069 0.619476
vt 0.016781 0.616410
vt 0.019069 0.616628
vt 0.016756 0.613665
vt 0.019069 0.613781
vt 0.016696 0.610852
vt 0.019069 0.610934
vt 0.016637 0.607986
vt 0.019069 0.608086
vt 0.016600 0.605096
vt 0.019069 0.605239
vt 0.016593 0.602203
vt 0.019069 0.602392
vt 0.016608 0.599312
vt 0.019069 0.599544
vt 0.004263 0.624200
vt 0.004235 0.627378
vt 0.003977 0.627268
vt 0.003977 0.624068
vt 0.006493 0.628342
vt 0.006764 0.625346
vt 0.009367 0.626671
vt 0.009008 0.629416
vt 0.011822 0.627872
vt 0.011524 0.630490
vt 0.014235 0.628942
vt 0.014039 0.631564
vt 0.004264 0.496094
vt 0.003977 0.496089
vt 0.004245 0.499313
vt 0.003977 0.499289
vt 0.004228 0.502517
vt 0.003977 0.502488
vt 0.004216 0.505711
vt 0.003977 0.505688
vt 0.004212 0.508895
vt 0.003977 0.508887
vt 0.004217 0.512075
vt 0.003977 0.512087
vt 0.004228 0.515263
vt 0.003977 0.515286
vt 0.004233 0.518461
vt 0.003977 0.518485
vt 0.004234 0.521663
vt 0.003977 0.521685
vt 0.004235 0.524864
vt 0.003977 0.524884
vt 0.004236 0.528065
vt 0.003977 0.528084
vt 0.004239 0.531262
vt 0.003977 0.531283
vt 0.004243 0.534462
vt 0.003977 0.534483
vt 0.004248 0.537668
vt 0.003977 0.537682
vt 0.004233 0.540867
vt 0.003977 0.540882
vt 0.004230 0.544062
vt 0.003977 0.544081
vt 0.004242 0.547262
vt 0.003977 0.547280
vt 0.004232 0.550465
vt 0.003977 0.550480
vt 0.004236 0.553664
vt 0.003977 0.553679
vt 0.004231 0.556859
vt 0.003977 0.556879
vt 0.004244 0.560056
vt 0.003977 0.560079
vt 0.004242 0.563265
vt 0.003977 0.563278
vt 0.004241 0.566465
vt 0.003977 0.566478
vt 0.004244 0.569665
vt 0.003977 0.569677
vt 0.004230 0.572869
vt 0.003977 0.572877
vt 0.004219 0.576065
vt 0.003977 0.576076
vt 0.004216 0.579257
vt 0.003977 0.579276
vt 0.004222 0.582448
vt 0.003977 0.582475
vt 0.004236 0.585643
vt 0.003977 0.585675
vt 0.004261 0.588851
vt 0.003977 0.588874
vt 0.004254 0.592069
vt 0.003977 0.592073
vt 0.004245 0.595276
vt 0.003977 0.595273
vt 0.004240 0.598477
vt 0.003977 0.598472
vt 0.004239 0.601675
vt 0.003977 0.601672
vt 0.004244 0.604873
vt 0.003977 0.604871
vt 0.004253 0.608071
vt 0.003977 0.608071
vt 0.004275 0.611276
vt 0.003977 0.611270
vt 0.004318 0.614502
vt 0.003977 0.614469
vt 0.004405 0.617793
vt 0.007300 0.614791
vt 0.008149 0.618881
vt 0.004306 0.621014
vt 0.007188 0.622283
vt 0.019069 0.489540
vt 0.016840 0.490213
vt 0.019069 0.492688
vt 0.016893 0.493132
vt 0.019069 0.495835
vt 0.016839 0.496117
vt 0.019069 0.498983
vt 0.016845 0.499232
vt 0.019069 0.502130
vt 0.016903 0.502272
vt 0.019069 0.505278
vt 0.016837 0.505316
vt 0.019069 0.508425
vt 0.016693 0.508467
vt 0.019069 0.511572
vt 0.016730 0.511578
vt 0.019069 0.514720
vt 0.016663 0.514646
vt 0.019069 0.517868
vt 0.016609 0.517812
vt 0.019069 0.521015
vt 0.016580 0.520996
vt 0.019069 0.524162
vt 0.016569 0.524163
vt 0.019069 0.527310
vt 0.016569 0.527265
vt 0.019069 0.530457
vt 0.016573 0.530248
vt 0.019069 0.532875
vt 0.016608 0.532920
vt 0.019069 0.535294
vt 0.016666 0.535458
vt 0.019069 0.537711
vt 0.016741 0.537901
vt 0.019069 0.540130
vt 0.016762 0.540298
vt 0.019069 0.542548
vt 0.016792 0.542725
vt 0.019069 0.544966
vt 0.016779 0.545171
vt 0.019069 0.547385
vt 0.016768 0.547648
vt 0.019069 0.549803
vt 0.016815 0.550105
vt 0.019069 0.552221
vt 0.016878 0.552530
vt 0.019069 0.554639
vt 0.016906 0.554931
vt 0.019069 0.557057
vt 0.016990 0.557319
vt 0.019069 0.559475
vt 0.017069 0.559689
vt 0.019069 0.561893
vt 0.017106 0.562030
vt 0.019069 0.564352
vt 0.017095 0.564355
vt 0.019069 0.566810
vt 0.017000 0.566717
vt 0.019069 0.569268
vt 0.017045 0.569137
vt 0.019069 0.571726
vt 0.017042 0.571554
vt 0.019069 0.574184
vt 0.017001 0.573998
vt 0.019069 0.576643
vt 0.016939 0.576462
vt 0.019069 0.579101
vt 0.016846 0.578929
vt 0.019069 0.581559
vt 0.016676 0.581416
vt 0.019069 0.584017
vt 0.016124 0.584128
vt 0.019069 0.586475
vt 0.016687 0.586827
vt 0.019069 0.588933
vt 0.016987 0.589030
vt 0.019069 0.591392
vt 0.016901 0.591206
vt 0.016758 0.593694
vt 0.019069 0.593849
vt 0.019069 0.596697
vt 0.016665 0.596456
vt 0.014688 0.490907
vt 0.012719 0.491728
vt 0.010918 0.493063
vt 0.014416 0.626363
vt 0.014542 0.623903
vt 0.014490 0.621394
vt 0.014338 0.618678
vt 0.014611 0.616160
vt 0.009145 0.493995
vt 0.009271 0.496493
vt 0.006773 0.496134
vt 0.009180 0.499870
vt 0.006591 0.499520
vt 0.008812 0.503122
vt 0.006424 0.502770
vt 0.008558 0.506169
vt 0.006308 0.505912
vt 0.008464 0.508967
vt 0.006268 0.508965
vt 0.008619 0.511773
vt 0.006319 0.511976
vt 0.008921 0.514715
vt 0.006420 0.515059
vt 0.008992 0.517984
vt 0.006468 0.518251
vt 0.009007 0.521256
vt 0.006482 0.521475
vt 0.009015 0.524491
vt 0.006493 0.524688
vt 0.014521 0.613593
vt 0.014339 0.610828
vt 0.014194 0.607923
vt 0.014128 0.604983
vt 0.014110 0.602026
vt 0.014143 0.599068
vt 0.009035 0.527688
vt 0.006501 0.527900
vt 0.014825 0.493509
vt 0.014555 0.496290
vt 0.012155 0.625369
vt 0.009862 0.624036
vt 0.014569 0.499560
vt 0.014845 0.502382
vt 0.014667 0.505235
vt 0.014123 0.508550
vt 0.014490 0.511647
vt 0.014237 0.514513
vt 0.014125 0.517759
vt 0.014078 0.521012
vt 0.014059 0.524221
vt 0.014063 0.527336
vt 0.014084 0.530321
vt 0.014466 0.538135
vt 0.014278 0.535734
vt 0.014149 0.533113
vt 0.014566 0.540496
vt 0.014581 0.542894
vt 0.014505 0.545348
vt 0.014409 0.547932
vt 0.014582 0.550460
vt 0.014721 0.552864
vt 0.014724 0.555272
vt 0.014978 0.557645
vt 0.015109 0.559928
vt 0.015251 0.562188
vt 0.015286 0.564281
vt 0.014840 0.566549
vt 0.015115 0.569019
vt 0.015072 0.571354
vt 0.014973 0.573789
vt 0.014864 0.576274
vt 0.014784 0.578738
vt 0.014666 0.581048
vt 0.014599 0.582869
vt 0.006537 0.598522
vt 0.009102 0.598627
vt 0.009062 0.601754
vt 0.006535 0.601707
vt 0.009128 0.604887
vt 0.006577 0.604885
vt 0.009283 0.608022
vt 0.006669 0.608076
vt 0.009586 0.611168
vt 0.006883 0.611326
vt 0.010194 0.614393
vt 0.006588 0.595309
vt 0.009182 0.595424
vt 0.006678 0.592026
vt 0.009434 0.592087
vt 0.006741 0.588647
vt 0.006504 0.585367
vt 0.009055 0.584943
vt 0.006367 0.582207
vt 0.008679 0.581894
vt 0.006308 0.579094
vt 0.008568 0.578921
vt 0.006339 0.575972
vt 0.008640 0.575918
vt 0.006444 0.572799
vt 0.008865 0.572834
vt 0.006583 0.569562
vt 0.009339 0.569469
vt 0.006545 0.566354
vt 0.009017 0.566261
vt 0.006564 0.563152
vt 0.009160 0.563097
vt 0.006577 0.559860
vt 0.009370 0.559492
vt 0.006498 0.553528
vt 0.009146 0.553363
vt 0.008755 0.556454
vt 0.006452 0.556680
vt 0.006463 0.550338
vt 0.008862 0.550185
vt 0.006557 0.547104
vt 0.009358 0.546880
vt 0.006444 0.543891
vt 0.008824 0.543648
vt 0.006468 0.540743
vt 0.008867 0.540681
vt 0.006616 0.537545
vt 0.009467 0.537482
vt 0.006569 0.534282
vt 0.009208 0.534030
vt 0.006526 0.531080
vt 0.009076 0.530852
vt 0.014226 0.596122
vt 0.014448 0.593274
vt 0.014809 0.590711
vt 0.015454 0.589139
vt 0.014646 0.587673
vt 0.013863 0.585510
vt 0.013177 0.493737
vt 0.011987 0.495973
vt 0.011562 0.617782
vt 0.012010 0.500306
vt 0.011076 0.503667
vt 0.010610 0.506527
vt 0.010390 0.508879
vt 0.010769 0.511230
vt 0.011671 0.514018
vt 0.011584 0.517709
vt 0.011548 0.521072
vt 0.011540 0.524321
vt 0.011554 0.527490
vt 0.011587 0.530564
vt 0.011720 0.533504
vt 0.013089 0.583431
vt 0.012830 0.581170
vt 0.012758 0.578698
vt 0.012856 0.576124
vt 0.013028 0.573565
vt 0.013256 0.571119
vt 0.013509 0.569062
vt 0.013607 0.567500
vt 0.013233 0.565241
vt 0.013985 0.564021
vt 0.013541 0.562490
vt 0.013296 0.560242
vt 0.013088 0.558062
vt 0.012431 0.555752
vt 0.012761 0.553222
vt 0.012504 0.550979
vt 0.011803 0.548278
vt 0.012395 0.545447
vt 0.012541 0.543044
vt 0.012560 0.540723
vt 0.012426 0.538501
vt 0.011963 0.536306
vt 0.012845 0.511944
vt 0.012358 0.510112
vt 0.012324 0.507135
vt 0.012827 0.504624
vt 0.013240 0.502461
vt 0.012055 0.592578
vt 0.011758 0.595731
vt 0.010709 0.540849
vt 0.010683 0.543150
vt 0.010812 0.545159
vt 0.010867 0.538944
vt 0.010512 0.550140
vt 0.010908 0.551941
vt 0.010768 0.554667
vt 0.010142 0.556219
vt 0.010946 0.557539
vt 0.011532 0.560478
vt 0.011671 0.563500
vt 0.010994 0.566175
vt 0.011427 0.570600
vt 0.011027 0.573228
vt 0.010797 0.575991
vt 0.010732 0.578778
vt 0.010807 0.581504
vt 0.011201 0.584171
vt 0.011627 0.598810
vt 0.011595 0.601864
vt 0.011628 0.604900
vt 0.011769 0.607941
vt 0.012018 0.610913
vt 0.012377 0.613717
vt 0.012831 0.615937
vt 0.011467 0.553282
vt 0.011696 0.508724
vt 0.012056 0.568650
vt 0.012469 0.566890
vt 0.010801 0.568087
vt 0.011841 0.558693
vt 0.003977 0.617669
vt 0.003977 0.620869
s 1
usemtl Ch31_body
f 2228/2329/2157 2214/2330/2157 2227/2331/2157
f 2388/2332/2158 2286/2333/2159 2287/2334/2160 2219/2335/2161
f 2269/2336/2162 2378/2337/2163 2195/2338/2164 2654/2339/2165
f 2221/2340/2166 2219/2335/2161 2287/2334/2160 2288/2341/2167
f 2158/2342/2168 2221/2340/2166 2288/2341/2167 2289/2343/2169
f 2159/2344/2170 2222/2345/2171 2221/2340/2166 2158/2342/2168
f 2160/2346/2172 2223/2347/2173 2222/2345/2171 2159/2344/2170
f 2223/2347/2173 2224/2348/2174 2217/2349/2175
f 2224/2348/2174 2223/2347/2173 2160/2346/2172 2161/2350/2176
f 2225/2351/2177 2224/2348/2174 2161/2350/2176 2162/2352/2178
f 2163/2353/2179 2226/2354/2180 2225/2351/2177 2162/2352/2178
f 2164/2355/2181 2227/2331/2182 2226/2354/2180 2163/2353/2179
f 2228/2329/2183 2227/2331/2182 2164/2355/2181 2165/2356/2184
f 2229/2357/2185 2228/2329/2183 2165/2356/2184 2166/2358/2186
f 2230/2359/2187 2229/2357/2185 2166/2358/2186 2167/2360/2188
f 2231/2361/2189 2230/2359/2187 2167/2360/2188 2168/2362/2190
f 2232/2363/2191 2231/2361/2189 2168/2362/2190 2169/2364/2192
f 2233/2365/2193 2232/2363/2191 2169/2364/2192 2170/2366/2194
f 2188/2367/2195 2234/2368/2196 2186/2369/2197 2187/2370/2198
f 2654/2339/2165 2195/2338/2164 2234/2368/2196 2188/2367/2195
f 2196/2371/2199 2195/2338/2164 2378/2337/2163 2189/2372/2200
f 2235/2373/2201 2234/2368/2196 2195/2338/2164 2196/2371/2199
f 2157/2374/2202 2388/2332/2158 2219/2335/2161 2218/2375/2203
f 2217/2349/2175 2216/2376/2204 2157/2374/2202 2218/2375/2203
f 2156/2377/2205 2157/2374/2202 2216/2376/2204 2215/2378/2206
f 2387/2379/2207 2156/2377/2205 2215/2378/2206 2214/2330/2208
f 2155/2380/2209 2387/2379/2207 2214/2330/2208 2213/2381/2210
f 2386/2382/2211 2155/2380/2209 2213/2381/2210 2212/2383/2212
f 2385/2384/2213 2386/2382/2211 2212/2383/2212 2211/2385/2214
f 2384/2386/2215 2385/2384/2213 2211/2385/2214 2210/2387/2216
f 2154/2388/2217 2384/2386/2215 2210/2387/2216 2209/2389/2218
f 2383/2390/2219 2154/2388/2217 2209/2389/2218 2208/2391/2220
f 2382/2392/2221 2383/2390/2219 2208/2391/2220 2207/2393/2222
f 2194/2394/2223 2382/2392/2221 2207/2393/2222 2206/2395/2224
f 2193/2396/2225 2194/2394/2223 2206/2395/2224 2205/2397/2226
f 2381/2398/2227 2193/2396/2225 2205/2397/2226 2204/2399/2228
f 2192/2400/2229 2381/2398/2227 2204/2399/2228 2203/2401/2230
f 2380/2402/2231 2192/2400/2229 2203/2401/2230 2202/2403/2232
f 2379/2404/2233 2380/2402/2231 2202/2403/2232 2201/2405/2234
f 2200/2406/2235 2191/2407/2236 2379/2404/2233 2201/2405/2234
f 2199/2408/2237 2190/2409/2238 2191/2407/2236 2200/2406/2235
f 2198/2410/2239 2197/2411/2240 2190/2409/2238 2199/2408/2237
f 2189/2372/2200 2190/2409/2238 2197/2411/2240 2196/2371/2199
f 2236/2412/2241 2235/2373/2201 2196/2371/2199 2197/2411/2240
f 2245/2413/2242 2236/2412/2241 2197/2411/2240 2198/2410/2239
f 2200/2406/2235 2237/2414/2243 2248/2415/2244 2199/2408/2237
f 2201/2405/2234 2220/2416/2245 2237/2414/2243 2200/2406/2235
f 2202/2403/2232 2238/2417/2246 2220/2416/2245 2201/2405/2234
f 2203/2401/2230 2239/2418/2247 2238/2417/2246 2202/2403/2232
f 2204/2399/2228 2240/2419/2248 2239/2418/2247 2203/2401/2230
f 2205/2397/2226 2241/2420/2249 2240/2419/2248 2204/2399/2228
f 2206/2395/2224 2242/2421/2250 2241/2420/2249 2205/2397/2226
f 2243/2422/2251 2242/2421/2250 2206/2395/2224 2207/2393/2222
f 2208/2391/2220 2244/2423/2252 2243/2422/2251 2207/2393/2222
f 2233/2365/2193 2244/2423/2252 2208/2391/2220 2209/2389/2218
f 2232/2363/2191 2233/2365/2193 2209/2389/2218 2210/2387/2216
f 2231/2361/2189 2232/2363/2191 2210/2387/2216 2211/2385/2214
f 2230/2359/2187 2231/2361/2189 2211/2385/2214 2212/2383/2212
f 2229/2357/2185 2230/2359/2187 2212/2383/2212 2213/2381/2210
f 2228/2329/2183 2229/2357/2185 2213/2381/2210 2214/2330/2208
f 2234/2368/2196 2235/2373/2201 2185/2424/2253 2186/2369/2197
f 2235/2373/2201 2236/2412/2241 2184/2425/2254 2185/2424/2253
f 2236/2412/2241 2245/2413/2242 2183/2426/2255 2184/2425/2254
f 2245/2413/2242 2246/2427/2256 2182/2428/2257 2183/2426/2255
f 2182/2428/2257 2246/2427/2256 2247/2429/2258 2181/2430/2259
f 2181/2430/2259 2247/2429/2258 2248/2415/2244 2180/2431/2260
f 2180/2431/2260 2248/2415/2244 2237/2414/2243 2179/2432/2261
f 2179/2432/2261 2237/2414/2243 2220/2416/2245 2178/2433/2262
f 2178/2433/2262 2220/2416/2245 2238/2417/2246 2177/2434/2263
f 2177/2434/2263 2238/2417/2246 2239/2418/2247 2176/2435/2264
f 2176/2435/2264 2239/2418/2247 2240/2419/2248 2175/2436/2265
f 2175/2436/2265 2240/2419/2248 2241/2420/2249 2174/2437/2266
f 2174/2437/2266 2241/2420/2249 2242/2421/2250 2173/2438/2267
f 2242/2421/2250 2243/2422/2251 2172/2439/2268 2173/2438/2267
f 2243/2422/2251 2244/2423/2252 2171/2440/2269 2172/2439/2268
f 2219/2335/2161 2221/2340/2166 2222/2345/2171 2218/2375/2203
f 2218/2375/2203 2222/2345/2171 2223/2347/2173 2217/2349/2175
f 2216/2376/2204 2225/2351/2177 2226/2354/2180 2215/2378/2206
f 2224/2348/2174 2225/2351/2177 2216/2376/2204 2217/2349/2175
f 2244/2423/2252 2233/2365/2193 2170/2366/2194 2171/2440/2269
f 2227/2331/2182 2214/2330/2208 2215/2378/2206 2226/2354/2180
f 2198/2410/2239 2247/2429/2258 2246/2427/2256 2245/2413/2242
f 2199/2408/2237 2248/2415/2244 2247/2429/2258 2198/2410/2239
f 2187/2441/2198 2268/2442/2270 2267/2443/2271 2188/2444/2195
f 2377/2445/2272 2269/2446/2162 2654/2447/2165 2307/2448/2273
f 2286/2449/2159 2285/2450/2274 2341/2451/2275 2287/2452/2160
f 2188/2444/2195 2267/2443/2271 2266/2453/2276 2345/2454/2277
f 2345/2454/2277 2307/2448/2273 2654/2447/2165 2188/2444/2195
f 2345/2454/2277 2266/2453/2276 2265/2455/2278 2346/2456/2279
f 2346/2456/2279 2265/2455/2278 2264/2457/2280 2347/2458/2281
f 2263/2459/2282 2348/2460/2283 2347/2458/2281 2264/2457/2280
f 2262/2461/2284 2349/2462/2285 2348/2460/2283 2263/2459/2282
f 2261/2463/2286 2350/2464/2287 2349/2462/2285 2262/2461/2284
f 2260/2465/2288 2351/2466/2289 2350/2464/2287 2261/2463/2286
f 2259/2467/2290 2352/2468/2291 2351/2466/2289 2260/2465/2288
f 2258/2469/2292 2353/2470/2293 2352/2468/2291 2259/2467/2290
f 2257/2471/2294 2354/2472/2295 2353/2470/2293 2258/2469/2292
f 2256/2473/2296 2355/2474/2297 2354/2472/2295 2257/2471/2294
f 2255/2475/2298 2317/2476/2299 2355/2474/2297 2256/2473/2296
f 2318/2477/2300 2317/2476/2299 2255/2475/2298 2254/2478/2301
f 2319/2479/2302 2318/2477/2300 2254/2478/2301 2253/2480/2303
f 2320/2481/2304 2319/2479/2302 2253/2480/2303 2252/2482/2305
f 2321/2483/2306 2320/2481/2304 2252/2482/2305 2251/2484/2307
f 2250/2485/2308 2322/2486/2309 2321/2483/2306 2251/2484/2307
f 2322/2486/2309 2250/2485/2308 2249/2487/2310 2323/2488/2311
f 2306/2489/2312 2324/2490/2313 2323/2488/2311 2249/2487/2310
f 2340/2491/2314 2341/2451/2275 2285/2450/2274 2389/2492/2315
f 2339/2493/2316 2340/2491/2314 2389/2492/2315 2284/2494/2317
f 2356/2495/2318 2288/2496/2167 2287/2452/2160 2341/2451/2275
f 2288/2496/2167 2356/2495/2318 2290/2497/2319 2289/2498/2169
f 2305/2499/2320 2325/2500/2321 2324/2490/2313 2306/2489/2312
f 2304/2501/2322 2326/2502/2323 2325/2500/2321 2305/2499/2320
f 2303/2503/2324 2327/2504/2325 2326/2502/2323 2304/2501/2322
f 2302/2505/2326 2328/2506/2327 2327/2504/2325 2303/2503/2324
f 2301/2507/2328 2329/2508/2329 2328/2506/2327 2302/2505/2326
f 2329/2508/2329 2301/2507/2328 2300/2509/2330 2330/2510/2331
f 2299/2511/2332 2344/2512/2333 2330/2510/2331 2300/2509/2330
f 2298/2513/2334 2357/2514/2335 2344/2512/2333 2299/2511/2332
f 2297/2515/2336 2358/2516/2337 2357/2514/2335 2298/2513/2334
f 2296/2517/2338 2343/2518/2339 2358/2516/2337 2297/2515/2336
f 2295/2519/2340 2342/2520/2341 2343/2518/2339 2296/2517/2338
f 2294/2521/2342 2359/2522/2343 2342/2520/2341 2295/2519/2340
f 2293/2523/2344 2360/2524/2345 2359/2522/2343 2294/2521/2342
f 2292/2525/2346 2361/2526/2347 2360/2524/2345 2293/2523/2344
f 2291/2527/2348 2362/2528/2349 2361/2526/2347 2292/2525/2346
f 2356/2495/2318 2362/2528/2349 2291/2527/2348 2290/2497/2319
f 2316/2529/2350 2354/2472/2295 2355/2474/2297 2317/2476/2299
f 2315/2530/2351 2353/2470/2293 2354/2472/2295 2316/2529/2350
f 2314/2531/2352 2352/2468/2291 2353/2470/2293 2315/2530/2351
f 2313/2532/2353 2351/2466/2289 2352/2468/2291 2314/2531/2352
f 2312/2533/2354 2350/2464/2287 2351/2466/2289 2313/2532/2353
f 2311/2534/2355 2349/2462/2285 2350/2464/2287 2312/2533/2354
f 2348/2460/2283 2349/2462/2285 2311/2534/2355 2310/2535/2356
f 2347/2458/2281 2348/2460/2283 2310/2535/2356 2309/2536/2357
f 2346/2456/2279 2347/2458/2281 2309/2536/2357 2308/2537/2358
f 2307/2448/2273 2345/2454/2277 2346/2456/2279 2308/2537/2358
f 2270/2538/2359 2377/2445/2272 2307/2448/2273 2308/2537/2358
f 2376/2539/2360 2270/2538/2359 2308/2537/2358 2309/2536/2357
f 2375/2540/2361 2376/2539/2360 2309/2536/2357 2310/2535/2356
f 2311/2534/2355 2271/2541/2362 2375/2540/2361 2310/2535/2356
f 2312/2533/2354 2272/2542/2363 2271/2541/2362 2311/2534/2355
f 2313/2532/2353 2374/2543/2364 2272/2542/2363 2312/2533/2354
f 2314/2531/2352 2373/2544/2365 2374/2543/2364 2313/2532/2353
f 2373/2544/2365 2314/2531/2352 2315/2530/2351 2316/2529/2350
f 2372/2545/2366 2373/2544/2365 2316/2529/2350 2317/2476/2299
f 2273/2546/2367 2372/2545/2366 2317/2476/2299 2318/2477/2300
f 2371/2547/2368 2273/2546/2367 2318/2477/2300 2319/2479/2302
f 2370/2548/2369 2371/2547/2368 2319/2479/2302 2320/2481/2304
f 2274/2549/2370 2370/2548/2369 2320/2481/2304 2321/2483/2306
f 2369/2550/2371 2274/2549/2370 2321/2483/2306 2322/2486/2309
f 2369/2550/2371 2322/2486/2309 2323/2488/2311 2275/2551/2372
f 2324/2490/2313 2276/2552/2373 2275/2551/2372 2323/2488/2311
f 2325/2500/2321 2277/2553/2374 2276/2552/2373 2324/2490/2313
f 2326/2502/2323 2392/2554/2375 2277/2553/2374 2325/2500/2321
f 2327/2504/2325 2391/2555/2376 2392/2554/2375 2326/2502/2323
f 2328/2506/2327 2278/2556/2377 2391/2555/2376 2327/2504/2325
f 2329/2508/2329 2279/2557/2378 2278/2556/2377 2328/2506/2327
f 2330/2510/2331 2331/2558/2379 2279/2557/2378 2329/2508/2329
f 2356/2495/2318 2341/2451/2275 2340/2491/2314 2362/2528/2349
f 2339/2493/2316 2361/2526/2347 2362/2528/2349 2340/2491/2314
f 2338/2559/2380 2360/2524/2345 2361/2526/2347 2339/2493/2316
f 2337/2560/2381 2359/2522/2343 2360/2524/2345 2338/2559/2380
f 2336/2561/2382 2342/2520/2341 2359/2522/2343 2337/2560/2381
f 2335/2562/2383 2343/2518/2339 2342/2520/2341 2336/2561/2382
f 2334/2563/2384 2358/2516/2337 2343/2518/2339 2335/2562/2383
f 2333/2564/2385 2357/2514/2335 2358/2516/2337 2334/2563/2384
f 2332/2565/2386 2344/2512/2333 2357/2514/2335 2333/2564/2385
f 2344/2512/2333 2332/2565/2386 2331/2558/2379 2330/2510/2331
f 2390/2566/2387 2279/2557/2378 2331/2558/2379 2332/2565/2386
f 2280/2567/2388 2390/2566/2387 2332/2565/2386 2333/2564/2385
f 2281/2568/2389 2280/2567/2388 2333/2564/2385 2334/2563/2384
f 2335/2562/2383 2282/2569/2390 2281/2568/2389 2334/2563/2384
f 2336/2561/2382 2283/2570/2391 2282/2569/2390 2335/2562/2383
f 2337/2560/2381 2338/2559/2380 2283/2570/2391 2336/2561/2382
f 2284/2494/2317 2283/2570/2391 2338/2559/2380 2339/2493/2316
f 2647/2571/2392 2454/2572/2393 2646/2573/2394
f 2494/2574/2395 2627/2575/2396 2412/2576/2397
f 2369/2577/2371 2275/2578/2372 2368/2579/2398 2511/2580/2399
f 2274/2581/2370 2369/2577/2371 2511/2580/2399 2512/2582/2400
f 2370/2583/2369 2274/2581/2370 2512/2582/2400 2513/2584/2401
f 2371/2585/2368 2370/2583/2369 2513/2584/2401 2514/2586/2402
f 2273/2587/2367 2371/2585/2368 2514/2586/2402 2476/2588/2403
f 2372/2589/2366 2273/2587/2367 2476/2588/2403 2515/2590/2404
f 2373/2591/2365 2372/2589/2366 2515/2590/2404 2516/2592/2405
f 2374/2593/2364 2373/2591/2365 2516/2592/2405 2517/2594/2406
f 2272/2595/2363 2374/2593/2364 2517/2594/2406 2518/2596/2407
f 2271/2597/2362 2272/2595/2363 2518/2596/2407 2519/2598/2408
f 2375/2599/2361 2271/2597/2362 2519/2598/2408 2520/2600/2409
f 2376/2601/2360 2375/2599/2361 2520/2600/2409 2521/2602/2410
f 2270/2603/2359 2376/2601/2360 2521/2602/2410 2522/2604/2411
f 2377/2605/2272 2270/2603/2359 2522/2604/2411 2523/2606/2412
f 2269/2607/2162 2377/2605/2272 2523/2606/2412 2524/2608/2413
f 2378/2609/2163 2269/2607/2162 2524/2608/2413 2525/2610/2414
f 2189/2611/2200 2378/2609/2163 2525/2610/2414 2526/2612/2415
f 2190/2613/2238 2189/2611/2200 2526/2612/2415 2527/2614/2416
f 2191/2615/2236 2190/2613/2238 2527/2614/2416 2528/2616/2417
f 2379/2617/2233 2191/2615/2236 2528/2616/2417 2529/2618/2418
f 2380/2619/2231 2379/2617/2233 2529/2618/2418 2530/2620/2419
f 2192/2621/2229 2380/2619/2231 2530/2620/2419 2531/2622/2420
f 2381/2623/2227 2192/2621/2229 2531/2622/2420 2532/2624/2421
f 2193/2625/2225 2381/2623/2227 2532/2624/2421 2533/2626/2422
f 2533/2626/2422 2534/2627/2423 2194/2628/2223 2193/2625/2225
f 2534/2627/2423 2535/2629/2424 2382/2630/2221 2194/2628/2223
f 2535/2629/2424 2536/2631/2425 2383/2632/2219 2382/2630/2221
f 2536/2631/2425 2537/2633/2426 2154/2634/2217 2383/2632/2219
f 2537/2633/2426 2538/2635/2427 2384/2636/2215 2154/2634/2217
f 2538/2635/2427 2539/2637/2428 2385/2638/2213 2384/2636/2215
f 2539/2637/2428 2540/2639/2429 2386/2640/2211 2385/2638/2213
f 2155/2641/2209 2386/2640/2211 2540/2639/2429 2541/2642/2430
f 2387/2643/2207 2155/2641/2209 2541/2642/2430 2542/2644/2431
f 2156/2645/2205 2387/2643/2207 2542/2644/2431 2543/2646/2432
f 2157/2647/2202 2156/2645/2205 2543/2646/2432 2544/2648/2433
f 2544/2648/2433 2545/2649/2434 2388/2650/2158 2157/2647/2202
f 2545/2649/2434 2440/2651/2435 2286/2652/2159 2388/2650/2158
f 2440/2651/2435 2546/2653/2436 2285/2654/2274 2286/2652/2159
f 2546/2653/2436 2547/2655/2437 2389/2656/2315 2285/2654/2274
f 2284/2657/2317 2389/2656/2315 2547/2655/2437 2548/2658/2438
f 2283/2659/2391 2284/2657/2317 2548/2658/2438 2549/2660/2439
f 2282/2661/2390 2283/2659/2391 2549/2660/2439 2492/2662/2440
f 2492/2662/2440 2505/2663/2441 2281/2664/2389 2282/2661/2390
f 2408/2665/2442 2280/2666/2388 2281/2664/2389 2505/2663/2441
f 2550/2667/2443 2390/2668/2387 2280/2666/2388 2408/2665/2442
f 2443/2669/2444 2279/2670/2378 2390/2668/2387 2550/2667/2443
f 2442/2671/2445 2278/2672/2377 2279/2670/2378 2443/2669/2444
f 2391/2673/2376 2278/2672/2377 2442/2671/2445 2409/2674/2446
f 2409/2674/2446 2551/2675/2447 2392/2676/2375 2391/2673/2376
f 2552/2677/2448 2277/2678/2374 2392/2676/2375 2551/2675/2447
f 2420/2679/2449 2276/2680/2373 2277/2678/2374 2552/2677/2448
f 2393/2681/2450 2275/2682/2372 2276/2680/2373 2420/2679/2449
f 2420/2679/2449 2553/2683/2451 2394/2684/2452 2393/2681/2450
f 2411/2685/2453 2395/2686/2454 2394/2684/2452 2553/2683/2451
f 2506/2687/2455 2396/2688/2456 2395/2686/2454 2411/2685/2453
f 2506/2687/2455 2495/2689/2457 2397/2690/2458 2396/2688/2456
f 2398/2691/2459 2397/2690/2458 2495/2689/2457 2412/2576/2397
f 2667/2692/2460 2398/2691/2459 2412/2576/2397 2554/2693/2461
f 2753/2694/2462 2667/2692/2460 2554/2693/2461 2555/2695/2463
f 2661/2696/2464 2753/2694/2462 2555/2695/2463 2556/2697/2465
f 2752/2698/2466 2661/2696/2464 2556/2697/2465 2557/2699/2467
f 2751/2700/2468 2752/2698/2466 2557/2699/2467 2558/2701/2469
f 2750/2702/2470 2751/2700/2468 2558/2701/2469 2559/2703/2471
f 2660/2704/2472 2750/2702/2470 2559/2703/2471 2560/2705/2473
f 2560/2705/2473 2561/2706/2474 2749/2707/2475 2660/2704/2472
f 2561/2706/2474 2562/2708/2476 2748/2709/2477 2749/2707/2475
f 2562/2708/2476 2432/2710/2478 2747/2711/2479 2748/2709/2477
f 2432/2710/2478 2468/2712/2480 2662/2713/2481 2747/2711/2479
f 2468/2712/2480 2437/2714/2482 2746/2715/2483 2662/2713/2481
f 2437/2714/2482 2563/2716/2484 2663/2717/2485 2746/2715/2483
f 2563/2716/2484 2564/2718/2486 2745/2719/2487 2663/2717/2485
f 2564/2718/2486 2565/2720/2488 3033/2721/2489 2745/2719/2487
f 2565/2720/2488 2566/2722/2490 2399/2723/2491 3033/2721/2489
f 2566/2722/2490 2430/2724/2492 2400/2725/2493 2399/2723/2491
f 2430/2724/2492 2567/2726/2494 2659/2727/2495 2400/2725/2493
f 2567/2726/2494 2436/2728/2496 2401/2729/2497 2659/2727/2495
f 2436/2728/2496 2568/2730/2498 2744/2731/2499 2401/2729/2497
f 2568/2730/2498 2569/2732/2500 2743/2733/2501 2744/2731/2499
f 2658/2734/2502 2743/2733/2501 2569/2732/2500 2570/2735/2503
f 2742/2736/2504 2658/2734/2502 2570/2735/2503 2571/2737/2505
f 2741/2738/2506 2742/2736/2504 2571/2737/2505 2572/2739/2507
f 2740/2740/2508 2741/2738/2506 2572/2739/2507 2573/2741/2509
f 2657/2742/2510 2740/2740/2508 2573/2741/2509 2574/2743/2511
f 2574/2743/2511 2575/2744/2512 2739/2745/2513 2657/2742/2510
f 2575/2744/2512 2576/2746/2514 2656/2747/2515 2739/2745/2513
f 2576/2746/2514 2577/2748/2516 2738/2749/2517 2656/2747/2515
f 2578/2750/2518 2737/2751/2519 2738/2749/2517 2577/2748/2516
f 2579/2752/2520 2402/2753/2521 2737/2751/2519 2578/2750/2518
f 2579/2752/2520 2580/2754/2522 2655/2755/2523 2402/2753/2521
f 2580/2754/2522 2581/2756/2524 2736/2757/2525 2655/2755/2523
f 2581/2756/2524 2582/2758/2526 3034/2759/2527 2736/2757/2525
f 2582/2758/2526 2583/2760/2528 2735/2761/2529 3034/2759/2527
f 2583/2760/2528 2584/2762/2530 2664/2763/2531 2735/2761/2529
f 2584/2762/2530 2585/2764/2532 2403/2765/2533 2664/2763/2531
f 2585/2764/2532 2586/2766/2534 2734/2767/2535 2403/2765/2533
f 2586/2766/2534 2587/2768/2536 2404/2769/2537 2734/2767/2535
f 2587/2768/2536 2588/2770/2538 2665/2771/2539 2404/2769/2537
f 2588/2770/2538 2589/2772/2540 2405/2773/2541 2665/2771/2539
f 2589/2772/2540 2590/2774/2542 2733/2775/2543 2405/2773/2541
f 2591/2776/2544 2406/2777/2545 2733/2775/2543 2590/2774/2542
f 2592/2778/2546 3032/2779/2547 2406/2777/2545 2591/2776/2544
f 2593/2780/2548 2363/2781/2549 3032/2779/2547 2592/2778/2546
f 2364/2782/2550 2363/2781/2549 2593/2780/2548 2414/2783/2551
f 2365/2784/2552 2364/2782/2550 2414/2783/2551 2366/2785/2553
f 2594/2786/2554 2367/2787/2555 2366/2785/2553 2414/2783/2551
f 2511/2580/2399 2368/2579/2398 2367/2787/2555 2594/2786/2554
f 2512/2582/2400 2511/2580/2399 2594/2786/2554 2410/2788/2556
f 2513/2584/2401 2512/2582/2400 2410/2788/2556 2497/2789/2557
f 2553/2683/2451 2420/2679/2449 2552/2677/2448 2419/2790/2558
f 2419/2790/2558 2595/2791/2559 2411/2685/2453 2553/2683/2451
f 2595/2791/2559 2494/2574/2395 2506/2687/2455 2411/2685/2453
f 2495/2689/2457 2506/2687/2455 2494/2574/2395 2412/2576/2397
f 2514/2586/2402 2513/2584/2401 2497/2789/2557 2596/2792/2560
f 2476/2588/2403 2514/2586/2402 2596/2792/2560 2597/2793/2561
f 2515/2590/2404 2476/2588/2403 2597/2793/2561 2598/2794/2562
f 2516/2592/2405 2515/2590/2404 2598/2794/2562 2479/2795/2563
f 2517/2594/2406 2516/2592/2405 2479/2795/2563 2478/2796/2564
f 2518/2596/2407 2517/2594/2406 2478/2796/2564 2450/2797/2565
f 2519/2598/2408 2518/2596/2407 2450/2797/2565 2509/2798/2566
f 2520/2600/2409 2519/2598/2408 2509/2798/2566 2508/2799/2567
f 2521/2602/2410 2520/2600/2409 2508/2799/2567 2507/2800/2568
f 2522/2604/2411 2521/2602/2410 2507/2800/2568 2599/2801/2569
f 2523/2606/2412 2522/2604/2411 2599/2801/2569 2480/2802/2570
f 2524/2608/2413 2523/2606/2412 2480/2802/2570 2453/2803/2571
f 2525/2610/2414 2524/2608/2413 2453/2803/2571 2423/2804/2572
f 2526/2612/2415 2525/2610/2414 2423/2804/2572 2600/2805/2573
f 2527/2614/2416 2526/2612/2415 2600/2805/2573 2482/2806/2574
f 2528/2616/2417 2527/2614/2416 2482/2806/2574 2425/2807/2575
f 2529/2618/2418 2528/2616/2417 2425/2807/2575 2601/2808/2576
f 2530/2620/2419 2529/2618/2418 2601/2808/2576 2602/2809/2577
f 2531/2622/2420 2530/2620/2419 2602/2809/2577 2426/2810/2578
f 2532/2624/2421 2531/2622/2420 2426/2810/2578 2500/2811/2579
f 2500/2811/2579 2603/2812/2580 2533/2626/2422 2532/2624/2421
f 2603/2812/2580 2604/2813/2581 2534/2627/2423 2533/2626/2422
f 2604/2813/2581 2605/2814/2582 2535/2629/2424 2534/2627/2423
f 2605/2814/2582 2457/2815/2583 2536/2631/2425 2535/2629/2424
f 2457/2815/2583 2606/2816/2584 2537/2633/2426 2536/2631/2425
f 2606/2816/2584 2459/2817/2585 2538/2635/2427 2537/2633/2426
f 2459/2817/2585 2460/2818/2586 2539/2637/2428 2538/2635/2427
f 2460/2818/2586 2493/2819/2587 2540/2639/2429 2539/2637/2428
f 2541/2642/2430 2540/2639/2429 2493/2819/2587 2462/2820/2588
f 2542/2644/2431 2541/2642/2430 2462/2820/2588 2607/2821/2589
f 2543/2646/2432 2542/2644/2431 2607/2821/2589 2503/2822/2590
f 2544/2648/2433 2543/2646/2432 2503/2822/2590 2608/2823/2591
f 2545/2649/2434 2544/2648/2433 2608/2823/2591 2473/2824/2592
f 2473/2824/2592 2609/2825/2593 2440/2651/2435 2545/2649/2434
f 2609/2825/2593 2610/2826/2594 2546/2653/2436 2440/2651/2435
f 2547/2655/2437 2546/2653/2436 2610/2826/2594 2611/2827/2595
f 2410/2788/2556 2594/2786/2554 2414/2783/2551 2612/2828/2596
f 2419/2790/2558 2552/2677/2448 2551/2675/2447 2409/2674/2446
f 2612/2828/2596 2414/2783/2551 2593/2780/2548 2413/2829/2597
f 2413/2829/2597 2593/2780/2548 2592/2778/2546 2613/2830/2598
f 2613/2830/2598 2592/2778/2546 2591/2776/2544 2477/2831/2599
f 2446/2832/2600 2477/2831/2599 2591/2776/2544 2590/2774/2542
f 2614/2833/2601 2446/2832/2600 2590/2774/2542 2589/2772/2540
f 2615/2834/2602 2614/2833/2601 2589/2772/2540 2588/2770/2538
f 2451/2835/2603 2615/2834/2602 2588/2770/2538 2587/2768/2536
f 2421/2836/2604 2451/2835/2603 2587/2768/2536 2586/2766/2534
f 2510/2837/2605 2421/2836/2604 2586/2766/2534 2585/2764/2532
f 2498/2838/2606 2510/2837/2605 2585/2764/2532 2584/2762/2530
f 2616/2839/2607 2498/2838/2606 2584/2762/2530 2583/2760/2528
f 2617/2840/2608 2616/2839/2607 2583/2760/2528 2582/2758/2526
f 2481/2841/2609 2617/2840/2608 2582/2758/2526 2581/2756/2524
f 2452/2842/2610 2481/2841/2609 2581/2756/2524 2580/2754/2522
f 2424/2843/2611 2452/2842/2610 2580/2754/2522 2579/2752/2520
f 2424/2843/2611 2579/2752/2520 2578/2750/2518 2484/2844/2612
f 2484/2844/2612 2578/2750/2518 2577/2748/2516 2618/2845/2613
f 2619/2846/2614 2618/2845/2613 2577/2748/2516 2576/2746/2514
f 2576/2746/2514 2575/2744/2512 2435/2847/2615 2619/2846/2614
f 2575/2744/2512 2574/2743/2511 2648/2848/2616 2435/2847/2615
f 2504/2849/2617 2574/2743/2511 2573/2741/2509 2620/2850/2618
f 2455/2851/2619 2620/2850/2618 2573/2741/2509 2572/2739/2507
f 2572/2739/2507 2571/2737/2505 2427/2852/2620 2455/2851/2619
f 2571/2737/2505 2570/2735/2503 2652/2853/2621 2427/2852/2620
f 2487/2854/2622 2489/2855/2623 2570/2735/2503 2569/2732/2500
f 2569/2732/2500 2568/2730/2498 2428/2856/2624 2487/2854/2622
f 2644/2857/2625 2568/2730/2498 2436/2728/2496 2621/2858/2626
f 2486/2859/2627 2621/2858/2626 2436/2728/2496 2567/2726/2494
f 2461/2860/2628 2486/2859/2627 2567/2726/2494 2430/2724/2492
f 2429/2861/2629 2461/2860/2628 2430/2724/2492 2566/2722/2490
f 2566/2722/2490 2565/2720/2488 2622/2862/2630 2429/2861/2629
f 2465/2863/2631 2622/2862/2630 2565/2720/2488 2564/2718/2486
f 2431/2864/2632 2465/2863/2631 2564/2718/2486 2563/2716/2484
f 2563/2716/2484 2437/2714/2482 2490/2865/2633 2431/2864/2632
f 2437/2714/2482 2468/2712/2480 2466/2866/2634 2490/2865/2633
f 2438/2867/2635 2466/2866/2634 2468/2712/2480 2432/2710/2478
f 2623/2868/2636 2438/2867/2635 2432/2710/2478 2562/2708/2476
f 2562/2708/2476 2561/2706/2474 2624/2869/2637 2623/2868/2636
f 2561/2706/2474 2560/2705/2473 2625/2870/2638 2624/2869/2637
f 2560/2705/2473 2559/2703/2471 2471/2871/2639 2625/2870/2638
f 2417/2872/2640 2471/2871/2639 2559/2703/2471 2558/2701/2469
f 2558/2701/2469 2557/2699/2467 2626/2873/2641 2417/2872/2640
f 2557/2699/2467 2556/2697/2465 2418/2874/2642 2626/2873/2641
f 2556/2697/2465 2555/2695/2463 2445/2875/2643 2418/2874/2642
f 2555/2695/2463 2554/2693/2461 2433/2876/2644 2445/2875/2643
f 2554/2693/2461 2412/2576/2397 2627/2575/2396 2433/2876/2644
f 2549/2660/2439 2548/2658/2438 2472/2877/2645 2407/2878/2646
f 2548/2658/2438 2547/2655/2437 2611/2827/2595 2472/2877/2645
f 2492/2662/2440 2549/2660/2439 2407/2878/2646 2628/2879/2647
f 2628/2879/2647 2470/2880/2648 2505/2663/2441 2492/2662/2440
f 2649/2881/2649 2408/2665/2442 2505/2663/2441 2470/2880/2648
f 2444/2882/2650 2550/2667/2443 2408/2665/2442 2649/2881/2649
f 2629/2883/2651 2443/2669/2444 2550/2667/2443 2444/2882/2650
f 2441/2884/2652 2442/2671/2445 2443/2669/2444 2629/2883/2651
f 2630/2885/2653 2409/2674/2446 2442/2671/2445 2441/2884/2652
f 2595/2791/2559 2419/2790/2558 2409/2674/2446 2630/2885/2653
f 2497/2789/2557 2410/2788/2556 2612/2828/2596 2447/2886/2654
f 2596/2792/2560 2497/2789/2557 2447/2886/2654 2415/2887/2655
f 2597/2793/2561 2596/2792/2560 2415/2887/2655 2631/2888/2656
f 2631/2888/2656 2448/2889/2657 2598/2794/2562 2597/2793/2561
f 2448/2889/2657 2449/2890/2658 2479/2795/2563 2598/2794/2562
f 2449/2890/2658 2632/2891/2659 2478/2796/2564 2479/2795/2563
f 2632/2891/2659 2633/2892/2660 2450/2797/2565 2478/2796/2564
f 2633/2892/2660 2634/2893/2661 2509/2798/2566 2450/2797/2565
f 2634/2893/2661 2635/2894/2662 2508/2799/2567 2509/2798/2566
f 2635/2894/2662 2422/2895/2663 2507/2800/2568 2508/2799/2567
f 2422/2895/2663 2496/2896/2664 2599/2801/2569 2507/2800/2568
f 2496/2896/2664 2636/2897/2665 2480/2802/2570 2599/2801/2569
f 2636/2897/2665 2637/2898/2666 2453/2803/2571 2480/2802/2570
f 2637/2898/2666 2502/2899/2667 2423/2804/2572 2453/2803/2571
f 2630/2885/2653 2627/2575/2396 2494/2574/2395 2595/2791/2559
f 2600/2805/2573 2423/2804/2572 2502/2899/2667 2483/2900/2668
f 2482/2806/2574 2600/2805/2573 2483/2900/2668 2499/2901/2669
f 2425/2807/2575 2482/2806/2574 2499/2901/2669 2454/2572/2393
f 2601/2808/2576 2425/2807/2575 2454/2572/2393 2651/2902/2670
f 2651/2902/2670 2434/2903/2671 2602/2809/2577 2601/2808/2576
f 2426/2810/2578 2602/2809/2577 2434/2903/2671 2456/2904/2672
f 2500/2811/2579 2426/2810/2578 2456/2904/2672 2501/2905/2673
f 2501/2905/2673 2488/2906/2674 2603/2812/2580 2500/2811/2579
f 2604/2813/2581 2603/2812/2580 2488/2906/2674 2458/2907/2675
f 2458/2907/2675 2416/2908/2676 2605/2814/2582 2604/2813/2581
f 2416/2908/2676 2638/2909/2677 2457/2815/2583 2605/2814/2582
f 2638/2909/2677 2486/2859/2627 2606/2816/2584 2457/2815/2583
f 2486/2859/2627 2461/2860/2628 2459/2817/2585 2606/2816/2584
f 2461/2860/2628 2429/2861/2629 2460/2818/2586 2459/2817/2585
f 2429/2861/2629 2639/2910/2678 2493/2819/2587 2460/2818/2586
f 2462/2820/2588 2493/2819/2587 2639/2910/2678 2464/2911/2679
f 2607/2821/2589 2462/2820/2588 2464/2911/2679 2463/2912/2680
f 2503/2822/2590 2607/2821/2589 2463/2912/2680 2467/2913/2681
f 2608/2823/2591 2503/2822/2590 2467/2913/2681 2439/2914/2682
f 2473/2824/2592 2608/2823/2591 2439/2914/2682 2474/2915/2683
f 2609/2825/2593 2473/2824/2592 2474/2915/2683 2475/2916/2684
f 2610/2826/2594 2609/2825/2593 2475/2916/2684 2640/2917/2685
f 2611/2827/2595 2610/2826/2594 2640/2917/2685 2491/2918/2686
f 2472/2877/2645 2611/2827/2595 2491/2918/2686 2641/2919/2687
f 2641/2919/2687 2642/2920/2688 2407/2878/2646 2472/2877/2645
f 2628/2879/2647 2407/2878/2646 2642/2920/2688 2469/2921/2689
f 2621/2858/2626 2486/2859/2627 2638/2909/2677 2644/2857/2625
f 2568/2730/2498 2644/2857/2625 2643/2922/2690 2428/2856/2624
f 2470/2880/2648 2628/2879/2647 2469/2921/2689 2649/2881/2649
f 2447/2886/2654 2612/2828/2596 2413/2829/2597 2613/2830/2598
f 2415/2887/2655 2447/2886/2654 2613/2830/2598 2477/2831/2599
f 2631/2888/2656 2415/2887/2655 2477/2831/2599 2446/2832/2600
f 2448/2889/2657 2631/2888/2656 2446/2832/2600 2614/2833/2601
f 2449/2890/2658 2448/2889/2657 2614/2833/2601 2615/2834/2602
f 2632/2891/2659 2449/2890/2658 2615/2834/2602 2451/2835/2603
f 2633/2892/2660 2632/2891/2659 2451/2835/2603 2421/2836/2604
f 2634/2893/2661 2633/2892/2660 2421/2836/2604 2510/2837/2605
f 2635/2894/2662 2634/2893/2661 2510/2837/2605 2498/2838/2606
f 2422/2895/2663 2635/2894/2662 2498/2838/2606 2616/2839/2607
f 2496/2896/2664 2422/2895/2663 2616/2839/2607 2617/2840/2608
f 2636/2897/2665 2496/2896/2664 2617/2840/2608 2481/2841/2609
f 2637/2898/2666 2636/2897/2665 2481/2841/2609 2452/2842/2610
f 2502/2899/2667 2637/2898/2666 2452/2842/2610 2424/2843/2611
f 2483/2900/2668 2502/2899/2667 2424/2843/2611 2484/2844/2612
f 2483/2900/2668 2484/2844/2612 2618/2845/2613 2499/2901/2669
f 2499/2901/2669 2618/2845/2613 2619/2846/2614 2645/2923/2691
f 2646/2573/2394 2645/2923/2691 2619/2846/2614 2435/2847/2615
f 2647/2571/2392 2646/2573/2394 2435/2847/2615 2648/2848/2616
f 2504/2849/2617 2647/2571/2392 2648/2848/2616 2574/2743/2511
f 2639/2910/2678 2429/2861/2629 2622/2862/2630 2465/2863/2631
f 2465/2863/2631 2431/2864/2632 2464/2911/2679 2639/2910/2678
f 2431/2864/2632 2490/2865/2633 2463/2912/2680 2464/2911/2679
f 2490/2865/2633 2466/2866/2634 2467/2913/2681 2463/2912/2680
f 2466/2866/2634 2438/2867/2635 2439/2914/2682 2467/2913/2681
f 2438/2867/2635 2623/2868/2636 2474/2915/2683 2439/2914/2682
f 2623/2868/2636 2624/2869/2637 2475/2916/2684 2474/2915/2683
f 2624/2869/2637 2625/2870/2638 2640/2917/2685 2475/2916/2684
f 2625/2870/2638 2471/2871/2639 2491/2918/2686 2640/2917/2685
f 2627/2575/2396 2630/2885/2653 2441/2884/2652 2433/2876/2644
f 2433/2876/2644 2441/2884/2652 2629/2883/2651 2445/2875/2643
f 2444/2882/2650 2418/2874/2642 2445/2875/2643 2629/2883/2651
f 2649/2881/2649 2626/2873/2641 2418/2874/2642 2444/2882/2650
f 2469/2921/2689 2417/2872/2640 2626/2873/2641 2649/2881/2649
f 2471/2871/2639 2417/2872/2640 2641/2919/2687 2491/2918/2686
f 2485/2924/2692 2620/2850/2618 2455/2851/2619 2650/2925/2693
f 2485/2924/2692 2651/2902/2670 2504/2849/2617 2620/2850/2618
f 2650/2925/2693 2455/2851/2619 2427/2852/2620 2652/2853/2621
f 2652/2853/2621 2570/2735/2503 2489/2855/2623 2653/2926/2694
f 2638/2909/2677 2643/2922/2690 2644/2857/2625
f 2416/2908/2676 2458/2907/2675 2487/2854/2622 2428/2856/2624
f 2489/2855/2623 2487/2854/2622 2458/2907/2675 2488/2906/2674
f 2417/2872/2640 2469/2921/2689 2642/2920/2688 2641/2919/2687
f 2653/2926/2694 2489/2855/2623 2488/2906/2674 2501/2905/2673
f 2638/2909/2677 2416/2908/2676 2428/2856/2624 2643/2922/2690
f 2454/2572/2393 2499/2901/2669 2645/2923/2691 2646/2573/2394
f 2652/2853/2621 2653/2926/2694 2501/2905/2673 2650/2925/2693
f 2650/2925/2693 2501/2905/2673 2456/2904/2672 2485/2924/2692
f 2485/2924/2692 2456/2904/2672 2434/2903/2671 2651/2902/2670
f 2647/2571/2392 2504/2849/2617 2651/2902/2670 2454/2572/2393
f 2813/2927/2695 2994/2928/2696 2995/2929/2697
f 2820/2930/2698 2877/2931/2699 2757/2932/2700
f 2667/2933/2460 2753/2934/2462 3077/2935/2701 3078/2936/2702
f 2672/2937/2703 2894/2938/2704 2674/2939/2705 2673/2940/2706
f 2671/2941/2707 2895/2942/2708 2894/2938/2704 2672/2937/2703
f 2670/2943/2709 2896/2944/2710 2895/2942/2708 2671/2941/2707
f 2669/2945/2711 2897/2946/2712 2896/2944/2710 2670/2943/2709
f 2668/2947/2713 2893/2948/2714 2897/2946/2712 2669/2945/2711
f 2726/2949/2715 2812/2950/2716 2728/2951/2717 2727/2952/2718
f 2725/2953/2719 2790/2954/2720 2812/2950/2716 2726/2949/2715
f 2724/2955/2721 2898/2956/2722 2790/2954/2720 2725/2953/2719
f 2723/2957/2723 2789/2958/2724 2898/2956/2722 2724/2955/2721
f 2722/2959/2725 2899/2960/2726 2789/2958/2724 2723/2957/2723
f 2721/2961/2727 2900/2962/2728 2899/2960/2726 2722/2959/2725
f 2720/2963/2729 2901/2964/2730 2900/2962/2728 2721/2961/2727
f 2902/2965/2731 2901/2964/2730 2720/2963/2729 2719/2966/2732
f 2903/2967/2733 2902/2965/2731 2719/2966/2732 2718/2968/2734
f 2904/2969/2735 2903/2967/2733 2718/2968/2734 2717/2970/2736
f 2905/2971/2737 2904/2969/2735 2717/2970/2736 2716/2972/2738
f 2787/2973/2739 2905/2971/2737 2716/2972/2738 2715/2974/2740
f 3032/2975/2547 3035/2976/2741 3036/2977/2742 2406/2978/2545
f 2907/2979/2743 2906/2980/2744 2732/2981/2745 2731/2982/2746
f 2908/2983/2747 2907/2979/2743 2731/2982/2746 2730/2984/2748
f 2909/2985/2749 2908/2983/2747 2730/2984/2748 2729/2986/2750
f 2812/2950/2716 2909/2985/2749 2729/2986/2750 2728/2951/2717
f 2753/2934/2462 2661/2987/2464 3076/2988/2751 3077/2935/2701
f 2661/2987/2464 2752/2989/2466 3075/2990/2752 3076/2988/2751
f 2752/2989/2466 2751/2991/2468 3074/2992/2753 3075/2990/2752
f 2751/2991/2468 2750/2993/2470 3073/2994/2754 3074/2992/2753
f 2750/2993/2470 2660/2995/2472 3072/2996/2755 3073/2994/2754
f 2660/2995/2472 2749/2997/2475 3071/2998/2756 3072/2996/2755
f 2749/2997/2475 2748/2999/2477 3070/3000/2757 3071/2998/2756
f 2748/2999/2477 2747/3001/2479 3069/3002/2758 3070/3000/2757
f 2747/3001/2479 2662/3003/2481 3068/3004/2759 3069/3002/2758
f 2662/3003/2481 2746/3005/2483 3067/3006/2760 3068/3004/2759
f 2746/3005/2483 2663/3007/2485 3066/3008/2761 3067/3006/2760
f 2663/3007/2485 2745/3009/2487 3065/3010/2762 3066/3008/2761
f 2745/3009/2487 3033/3011/2489 3064/3012/2763 3065/3010/2762
f 3033/3011/2489 2399/3013/2491 3063/3014/2764 3064/3012/2763
f 2399/3013/2491 2400/3015/2493 3062/3016/2765 3063/3014/2764
f 2400/3015/2493 2659/3017/2495 3061/3018/2766 3062/3016/2765
f 2659/3017/2495 2401/3019/2497 3060/3020/2767 3061/3018/2766
f 2401/3019/2497 2744/3021/2499 3059/3022/2768 3060/3020/2767
f 2744/3021/2499 2743/3023/2501 3058/3024/2769 3059/3022/2768
f 2743/3023/2501 2658/3025/2502 3057/3026/2770 3058/3024/2769
f 2658/3025/2502 2742/3027/2504 3056/3028/2771 3057/3026/2770
f 2742/3027/2504 2741/3029/2506 3055/3030/2772 3056/3028/2771
f 2741/3029/2506 2740/3031/2508 3054/3032/2773 3055/3030/2772
f 2740/3031/2508 2657/3033/2510 3053/3034/2774 3054/3032/2773
f 2657/3033/2510 2739/3035/2513 3052/3036/2775 3053/3034/2774
f 2739/3035/2513 2656/3037/2515 3051/3038/2776 3052/3036/2775
f 2656/3037/2515 2738/3039/2517 3050/3040/2777 3051/3038/2776
f 2738/3039/2517 2737/3041/2519 3049/3042/2778 3050/3040/2777
f 2737/3041/2519 2402/3043/2521 3048/3044/2779 3049/3042/2778
f 2402/3043/2521 2655/3045/2523 3047/3046/2780 3048/3044/2779
f 2655/3045/2523 2736/3047/2525 3046/3048/2781 3047/3046/2780
f 2736/3047/2525 3034/3049/2527 3045/3050/2782 3046/3048/2781
f 3034/3049/2527 2735/3051/2529 3044/3052/2783 3045/3050/2782
f 2735/3051/2529 2664/3053/2531 3043/3054/2784 3044/3052/2783
f 2664/3053/2531 2403/3055/2533 3042/3056/2785 3043/3054/2784
f 2403/3055/2533 2734/3057/2535 3041/3058/2786 3042/3056/2785
f 2734/3057/2535 2404/3059/2537 3040/3060/2787 3041/3058/2786
f 2404/3059/2537 2665/3061/2539 3039/3062/2788 3040/3060/2787
f 2811/3063/2789 3039/3062/2788 3038/3064/2790 2936/3065/2791
f 2936/3065/2791 3038/3064/2790 3037/3066/2792 2937/3067/2793
f 2937/3067/2793 3037/3066/2792 3036/2977/2742 2906/2980/2744
f 2894/2938/2704 2938/3068/2794 2675/3069/2795 2674/2939/2705
f 2938/3068/2794 2939/3070/2796 2676/3071/2797 2675/3069/2795
f 2939/3070/2796 2804/3072/2798 2677/3073/2799 2676/3071/2797
f 2804/3072/2798 2803/3074/2800 2678/3075/2801 2677/3073/2799
f 2803/3074/2800 2940/3076/2802 2679/3077/2803 2678/3075/2801
f 2940/3076/2802 2941/3078/2804 2680/3079/2805 2679/3077/2803
f 2941/3078/2804 2942/3080/2806 2681/3081/2807 2680/3079/2805
f 2942/3080/2806 2943/3082/2808 2682/3083/2809 2681/3081/2807
f 2943/3082/2808 2944/3084/2810 2683/3085/2811 2682/3083/2809
f 2944/3084/2810 2945/3086/2812 2684/3087/2813 2683/3085/2811
f 2945/3086/2812 2809/3088/2814 2685/3089/2815 2684/3087/2813
f 2809/3088/2814 2825/3090/2816 2686/3091/2817 2685/3089/2815
f 2825/3090/2816 2946/3092/2818 2687/3093/2819 2686/3091/2817
f 2946/3092/2818 2758/3094/2820 2688/3095/2821 2687/3093/2819
f 2758/3094/2820 2831/3096/2822 2689/3097/2823 2688/3095/2821
f 2831/3096/2822 2947/3098/2824 2690/3099/2825 2689/3097/2823
f 2947/3098/2824 2948/3100/2826 2691/3101/2827 2690/3099/2825
f 2948/3100/2826 2759/3102/2828 2692/3103/2829 2691/3101/2827
f 2759/3102/2828 2949/3104/2830 2693/3105/2831 2692/3103/2829
f 2949/3104/2830 2950/3106/2832 2694/3107/2833 2693/3105/2831
f 2950/3106/2832 2951/3108/2834 2695/3109/2835 2694/3107/2833
f 2951/3108/2834 2863/3110/2836 2696/3111/2837 2695/3109/2835
f 2863/3110/2836 2868/3112/2838 2697/3113/2839 2696/3111/2837
f 2868/3112/2838 2853/3114/2840 2698/3115/2841 2697/3113/2839
f 2853/3114/2840 2952/3116/2842 2699/3117/2843 2698/3115/2841
f 2952/3116/2842 2953/3118/2844 2700/3119/2845 2699/3117/2843
f 2953/3118/2844 2856/3120/2846 2701/3121/2847 2700/3119/2845
f 2856/3120/2846 2772/3122/2848 2702/3123/2849 2701/3121/2847
f 2772/3122/2848 2954/3124/2850 2703/3125/2851 2702/3123/2849
f 2954/3124/2850 2955/3126/2852 2704/3127/2853 2703/3125/2851
f 2955/3126/2852 2956/3128/2854 2705/3129/2855 2704/3127/2853
f 2956/3128/2854 2957/3130/2856 2706/3131/2857 2705/3129/2855
f 2957/3130/2856 2958/3132/2858 2707/3133/2859 2706/3131/2857
f 2958/3132/2858 2959/3134/2860 2708/3135/2861 2707/3133/2859
f 2959/3134/2860 2960/3136/2862 2709/3137/2863 2708/3135/2861
f 2960/3136/2862 2774/3138/2864 2710/3139/2865 2709/3137/2863
f 2774/3138/2864 2776/3140/2866 2711/3141/2867 2710/3139/2865
f 2776/3140/2866 2764/3142/2868 2712/3143/2869 2711/3141/2867
f 2764/3142/2868 2961/3144/2870 2713/3145/2871 2712/3143/2869
f 2713/3145/2871 2961/3144/2870 2962/3146/2872 2666/3147/2873
f 2962/3146/2872 2963/3148/2874 2714/3149/2875 2666/3147/2873
f 2714/3149/2875 2963/3148/2874 2787/2973/2739 2715/2974/2740
f 2895/2942/2708 2779/3150/2876 2938/3068/2794 2894/2938/2704
f 2896/2944/2710 2761/3151/2877 2779/3150/2876 2895/2942/2708
f 2897/2946/2712 2777/3152/2878 2761/3151/2877 2896/2944/2710
f 2790/2954/2720 2964/3153/2879 2909/2985/2749 2812/2950/2716
f 2898/2956/2722 2791/3154/2880 2964/3153/2879 2790/2954/2720
f 2789/2958/2724 2830/3155/2881 2791/3154/2880 2898/2956/2722
f 2899/2960/2726 2828/3156/2882 2830/3155/2881 2789/2958/2724
f 2900/2962/2728 2965/3157/2883 2828/3156/2882 2899/2960/2726
f 2802/3158/2884 2777/3152/2878 2897/2946/2712 2893/2948/2714
f 2910/3159/2885 2966/3160/2886 2802/3158/2884 2893/2948/2714
f 2778/3161/2887 2966/3160/2886 2910/3159/2885 2911/3162/2888
f 2843/3163/2889 2778/3161/2887 2911/3162/2888 2912/3164/2890
f 2781/3165/2891 2843/3163/2889 2912/3164/2890 2913/3166/2892
f 2967/3167/2893 2781/3165/2891 2913/3166/2892 2914/3168/2894
f 2784/3169/2895 2967/3167/2893 2914/3168/2894 2915/3170/2896
f 2808/3171/2897 2784/3169/2895 2915/3170/2896 2916/3172/2898
f 2850/3173/2899 2808/3171/2897 2916/3172/2898 2917/3174/2900
f 2842/3175/2901 2850/3173/2899 2917/3174/2900 2807/3176/2902
f 2841/3177/2903 2842/3175/2901 2807/3176/2902 2918/3178/2904
f 2901/2964/2730 2968/3179/2905 2965/3157/2883 2900/2962/2728
f 2837/3180/2906 2968/3179/2905 2901/2964/2730 2902/2965/2731
f 2826/3181/2907 2837/3180/2906 2902/2965/2731 2903/2967/2733
f 2969/3182/2908 2826/3181/2907 2903/2967/2733 2904/2969/2735
f 2970/3183/2909 2969/3182/2908 2904/2969/2735 2905/2971/2737
f 2971/3184/2910 2970/3183/2909 2905/2971/2737 2787/2973/2739
f 2835/3185/2911 2841/3177/2903 2918/3178/2904 2792/3186/2912
f 2779/3150/2876 2780/3187/2913 2939/3070/2796 2938/3068/2794
f 2780/3187/2913 2874/3188/2914 2804/3072/2798 2939/3070/2796
f 2964/3153/2879 2766/3189/2915 2908/2983/2747 2909/2985/2749
f 2766/3189/2915 2827/3190/2916 2907/2979/2743 2908/2983/2747
f 2827/3190/2916 2937/3067/2793 2906/2980/2744 2907/2979/2743
f 2874/3188/2914 2876/3191/2917 2803/3074/2800 2804/3072/2798
f 2876/3191/2917 2972/3192/2918 2940/3076/2802 2803/3074/2800
f 2972/3192/2918 2783/3193/2919 2941/3078/2804 2940/3076/2802
f 2783/3193/2919 2782/3194/2920 2942/3080/2806 2941/3078/2804
f 2782/3194/2920 2806/3195/2921 2943/3082/2808 2942/3080/2806
f 2806/3195/2921 2973/3196/2922 2944/3084/2810 2943/3082/2808
f 2973/3196/2922 2974/3197/2923 2945/3086/2812 2944/3084/2810
f 2974/3197/2923 2975/3198/2924 2809/3088/2814 2945/3086/2812
f 2975/3198/2924 2767/3199/2925 2825/3090/2816 2809/3088/2814
f 2767/3199/2925 2824/3200/2926 2946/3092/2818 2825/3090/2816
f 2824/3200/2926 2801/3201/2927 2758/3094/2820 2946/3092/2818
f 2823/3202/2928 2832/3203/2929 2948/3100/2826 2947/3098/2824
f 2822/3204/2930 2823/3202/2928 2947/3098/2824 2831/3096/2822
f 2801/3201/2927 2822/3204/2930 2831/3096/2822 2758/3094/2820
f 2832/3203/2929 2839/3205/2931 2759/3102/2828 2948/3100/2826
f 2839/3205/2931 2865/3206/2932 2949/3104/2830 2759/3102/2828
f 2865/3206/2932 2864/3207/2933 2950/3106/2832 2949/3104/2830
f 2864/3207/2933 2870/3208/2934 2951/3108/2834 2950/3106/2832
f 2870/3208/2934 2862/3209/2935 2863/3110/2836 2951/3108/2834
f 2862/3209/2935 2867/3210/2936 2868/3112/2838 2863/3110/2836
f 2867/3210/2936 2852/3211/2937 2853/3114/2840 2868/3112/2838
f 2852/3211/2937 2976/3212/2938 2952/3116/2842 2853/3114/2840
f 2976/3212/2938 2854/3213/2939 2953/3118/2844 2952/3116/2842
f 2854/3213/2939 2977/3214/2940 2856/3120/2846 2953/3118/2844
f 2977/3214/2940 2978/3215/2941 2772/3122/2848 2856/3120/2846
f 2978/3215/2941 2979/3216/2942 2954/3124/2850 2772/3122/2848
f 2979/3216/2942 2980/3217/2943 2955/3126/2852 2954/3124/2850
f 2980/3217/2943 2770/3218/2944 2956/3128/2854 2955/3126/2852
f 2770/3218/2944 2871/3219/2945 2957/3130/2856 2956/3128/2854
f 2871/3219/2945 2892/3220/2946 2958/3132/2858 2957/3130/2856
f 2892/3220/2946 2981/3221/2947 2959/3134/2860 2958/3132/2858
f 2981/3221/2947 2819/3222/2948 2960/3136/2862 2959/3134/2860
f 2960/3136/2862 2819/3222/2948 2982/3223/2949 2774/3138/2864
f 2786/3224/2950 2983/3225/2951 2932/3226/2952 2933/3227/2953
f 2788/3228/2954 2786/3224/2950 2933/3227/2953 2934/3229/2955
f 2884/3230/2956 2788/3228/2954 2934/3229/2955 2810/3231/2957
f 2890/3232/2958 2884/3230/2956 2810/3231/2957 2935/3233/2959
f 2888/3234/2960 2890/3232/2958 2935/3233/2959 2811/3063/2789
f 2983/3225/2951 2785/3235/2961 2931/3236/2962 2932/3226/2952
f 2785/3235/2961 2881/3237/2963 2930/3238/2964 2931/3236/2962
f 2881/3237/2963 2877/2931/2699 2800/3239/2965 2930/3238/2964
f 2877/2931/2699 2984/3240/2966 2799/3241/2967 2800/3239/2965
f 2984/3240/2966 2821/3242/2968 2929/3243/2969 2799/3241/2967
f 2821/3242/2968 2817/3244/2970 2928/3245/2971 2929/3243/2969
f 2817/3244/2970 2773/3246/2972 2927/3247/2973 2928/3245/2971
f 2773/3246/2972 2816/3248/2974 2815/3249/2975 2927/3247/2973
f 2816/3248/2974 3029/3250/2976 2814/3251/2977 2815/3249/2975
f 3029/3250/2976 2985/3252/2978 2796/3253/2979 2814/3251/2977
f 2985/3252/2978 2891/3254/2980 2794/3255/2981 2796/3253/2979
f 2891/3254/2980 2860/3256/2982 2795/3257/2983 2794/3255/2981
f 2885/3258/2984 2986/3259/2985 2925/3260/2986 2926/3261/2987
f 2860/3256/2982 2885/3258/2984 2926/3261/2987 2795/3257/2983
f 2986/3259/2985 2987/3262/2988 2924/3263/2989 2925/3260/2986
f 2987/3262/2988 2887/3264/2990 2923/3265/2991 2924/3263/2989
f 2887/3264/2990 2886/3266/2992 2793/3267/2993 2923/3265/2991
f 2886/3266/2992 2988/3268/2994 2922/3269/2995 2793/3267/2993
f 2988/3268/2994 2769/3270/2996 2921/3271/2997 2922/3269/2995
f 2769/3270/2996 2989/3272/2998 2920/3273/2999 2921/3271/2997
f 2989/3272/2998 2768/3274/3000 2919/3275/3001 2920/3273/2999
f 2768/3274/3000 2835/3185/2911 2792/3186/2912 2919/3275/3001
f 2990/3276/3002 2861/3277/3003 2963/3148/2874 2962/3146/2872
f 2961/3144/2870 2763/3278/3004 2990/3276/3002 2962/3146/2872
f 2991/3279/3005 2763/3278/3004 2961/3144/2870 2764/3142/2868
f 2992/3280/3006 2991/3279/3005 2764/3142/2868 2776/3140/2866
f 2775/3281/3007 2992/3280/3006 2776/3140/2866 2774/3138/2864
f 2861/3277/3003 2971/3184/2910 2787/2973/2739 2963/3148/2874
f 2761/3151/2877 2993/3282/3008 2780/3187/2913 2779/3150/2876
f 2791/3154/2880 2994/2928/2696 2766/3189/2915 2964/3153/2879
f 2777/3152/2878 2760/3283/3009 2993/3282/3008 2761/3151/2877
f 2802/3158/2884 2966/3160/2886 2760/3283/3009 2777/3152/2878
f 2830/3155/2881 2995/2929/2697 2994/2928/2696 2791/3154/2880
f 2996/3284/3010 2888/3234/2960 2811/3063/2789 2936/3065/2791
f 2813/2927/2695 2936/3065/2791 2937/3067/2793 2827/3190/2916
f 2994/2928/2696 2813/2927/2695 2827/3190/2916 2766/3189/2915
f 2828/3156/2882 2996/3284/3010 2995/2929/2697 2830/3155/2881
f 2997/3285/3011 2760/3283/3009 2966/3160/2886 2778/3161/2887
f 2836/3286/3012 2997/3285/3011 2778/3161/2887 2843/3163/2889
f 2762/3287/3013 2836/3286/3012 2843/3163/2889 2781/3165/2891
f 2998/3288/3014 2762/3287/3013 2781/3165/2891 2967/3167/2893
f 2846/3289/3015 2998/3288/3014 2967/3167/2893 2784/3169/2895
f 2849/3290/3016 2846/3289/3015 2784/3169/2895 2808/3171/2897
f 2999/3291/3017 2849/3290/3016 2808/3171/2897 2850/3173/2899
f 2840/3292/3018 2999/3291/3017 2850/3173/2899 2842/3175/2901
f 2834/3293/3019 2840/3292/3018 2842/3175/2901 2841/3177/2903
f 2833/3294/3020 2834/3293/3019 2841/3177/2903 2835/3185/2911
f 2754/3295/3021 2833/3294/3020 2835/3185/2911 2768/3274/3000
f 2848/3296/3022 2754/3295/3021 2768/3274/3000 2989/3272/2998
f 3000/3297/3023 2775/3281/3007 2774/3138/2864 2982/3223/2949
f 3001/3298/3024 3000/3297/3023 2982/3223/2949 2819/3222/2948
f 2818/3299/3025 3001/3298/3024 2819/3222/2948 2981/3221/2947
f 3002/3300/3026 2818/3299/3025 2981/3221/2947 2892/3220/2946
f 3003/3301/3027 3002/3300/3026 2892/3220/2946 2871/3219/2945
f 2872/3302/3028 3003/3301/3027 2871/3219/2945 2770/3218/2944
f 3004/3303/3029 2872/3302/3028 2770/3218/2944 2980/3217/2943
f 3027/3304/3030 3004/3303/3029 2980/3217/2943 2979/3216/2942
f 2978/3215/2941 2771/3305/3031 2797/3306/3032 2979/3216/2942
f 2857/3307/3033 2771/3305/3031 2978/3215/2941 2977/3214/2940
f 2855/3308/3034 2857/3307/3033 2977/3214/2940 2854/3213/2939
f 2851/3309/3035 2855/3308/3034 2854/3213/2939 2976/3212/2938
f 2858/3310/3036 2851/3309/3035 2976/3212/2938 2852/3211/2937
f 3005/3311/3037 2858/3310/3036 2852/3211/2937 2867/3210/2936
f 3006/3312/3038 3005/3311/3037 2867/3210/2936 2862/3209/2935
f 2869/3313/3039 3006/3312/3038 2862/3209/2935 2870/3208/2934
f 3007/3314/3040 2869/3313/3039 2870/3208/2934 2864/3207/2933
f 3008/3315/3041 3007/3314/3040 2864/3207/2933 2865/3206/2932
f 3009/3316/3042 3008/3315/3041 2865/3206/2932 2839/3205/2931
f 2838/3317/3043 3009/3316/3042 2839/3205/2931 2832/3203/2929
f 2847/3318/3044 2838/3317/3043 2832/3203/2929 2823/3202/2928
f 2848/3296/3022 2847/3318/3044 2823/3202/2928 2822/3204/2930
f 2754/3295/3021 2848/3296/3022 2822/3204/2930 2801/3201/2927
f 2833/3294/3020 2754/3295/3021 2801/3201/2927 2824/3200/2926
f 2834/3293/3019 2833/3294/3020 2824/3200/2926 2767/3199/2925
f 2840/3292/3018 2834/3293/3019 2767/3199/2925 2975/3198/2924
f 2999/3291/3017 2840/3292/3018 2975/3198/2924 2974/3197/2923
f 2849/3290/3016 2999/3291/3017 2974/3197/2923 2973/3196/2922
f 2844/3319/3045 2849/3290/3016 2973/3196/2922 2806/3195/2921
f 3024/3320/3046 2844/3319/3045 2806/3195/2921 2782/3194/2920
f 2783/3193/2919 2875/3321/3047 2845/3322/3048 2782/3194/2920
f 2805/3323/3049 2875/3321/3047 2783/3193/2919 2972/3192/2918
f 2997/3285/3011 2805/3323/3049 2972/3192/2918 2876/3191/2917
f 2760/3283/3009 2997/3285/3011 2876/3191/2917 2874/3188/2914
f 2993/3282/3008 2760/3283/3009 2874/3188/2914 2780/3187/2913
f 2847/3318/3044 2848/3296/3022 2989/3272/2998 2769/3270/2996
f 2820/2930/2698 2757/2932/2700 2992/3280/3006 2775/3281/3007
f 2757/2932/2700 2763/3278/3004 2991/3279/3005 2992/3280/3006
f 3019/3324/3050 2990/3276/3002 2763/3278/3004 2757/2932/2700
f 2990/3276/3002 3019/3324/3050 2882/3325/3051 2861/3277/3003
f 2866/3326/3052 2880/3327/3053 2988/3268/2994 2886/3266/2992
f 3010/3328/3054 2866/3326/3052 2886/3266/2992 2887/3264/2990
f 2880/3327/3053 3011/3329/3055 2769/3270/2996 2988/3268/2994
f 3012/3330/3056 2869/3313/3039 2887/3264/2990 2987/3262/2988
f 3022/3331/3057 3012/3330/3056 2987/3262/2988 2986/3259/2985
f 3013/3332/3058 2859/3333/3059 2986/3259/2985 2885/3258/2984
f 3031/3334/3060 3013/3332/3058 2885/3258/2984 2860/3256/2982
f 2891/3254/2980 2755/3335/3061 3014/3336/3062 2860/3256/2982
f 3015/3337/3063 2755/3335/3061 2891/3254/2980 2985/3252/2978
f 2816/3248/2974 2873/3338/3064 3016/3339/3065 3029/3250/2976
f 2756/3340/3066 2873/3338/3064 2816/3248/2974 2773/3246/2972
f 3017/3341/3067 2756/3340/3066 2773/3246/2972 2817/3244/2970
f 2798/3342/3068 3017/3341/3067 2817/3244/2970 2821/3242/2968
f 3018/3343/3069 2798/3342/3068 2821/3242/2968 2984/3240/2966
f 2820/2930/2698 3018/3343/3069 2984/3240/2966 2877/2931/2699
f 2882/3325/3051 3019/3324/3050 2881/3237/2963 2785/3235/2961
f 2879/3344/3070 2882/3325/3051 2785/3235/2961 2983/3225/2951
f 2878/3345/3071 2879/3344/3070 2983/3225/2951 2786/3224/2950
f 2765/3346/3072 2878/3345/3071 2786/3224/2950 2788/3228/2954
f 2883/3347/3073 2765/3346/3072 2788/3228/2954 2884/3230/2956
f 3020/3348/3074 2883/3347/3073 2884/3230/2956 2890/3232/2958
f 2889/3349/3075 3020/3348/3074 2890/3232/2958 2888/3234/2960
f 2881/3237/2963 3019/3324/3050 2757/2932/2700 2877/2931/2699
f 2879/3344/3070 2878/3345/3071 2970/3183/2909 2971/3184/2910
f 2878/3345/3071 2765/3346/3072 2969/3182/2908 2970/3183/2909
f 2765/3346/3072 2883/3347/3073 2826/3181/2907 2969/3182/2908
f 2883/3347/3073 3020/3348/3074 2837/3180/2906 2826/3181/2907
f 3020/3348/3074 2889/3349/3075 2968/3179/2905 2837/3180/2906
f 2968/3179/2905 2889/3349/3075 2829/3350/3076 2965/3157/2883
f 2829/3350/3076 2996/3284/3010 2828/3156/2882 2965/3157/2883
f 2882/3325/3051 2879/3344/3070 2971/3184/2910 2861/3277/3003
f 2838/3317/3043 2847/3318/3044 2769/3270/2996 3011/3329/3055
f 2775/3281/3007 3000/3297/3023 3018/3343/3069 2820/2930/2698
f 2829/3350/3076 2889/3349/3075 2888/3234/2960 2996/3284/3010
f 2869/3313/3039 3007/3314/3040 3010/3328/3054 2887/3264/2990
f 3012/3330/3056 3022/3331/3057 3006/3312/3038 2869/3313/3039
f 2798/3342/3068 3018/3343/3069 3000/3297/3023 3001/3298/3024
f 3017/3341/3067 2798/3342/3068 3001/3298/3024 2818/3299/3025
f 2995/2929/2697 2996/3284/3010 2936/3065/2791 2813/2927/2695
f 2986/3259/2985 2859/3333/3059 3021/3351/3077 3022/3331/3057
f 2844/3319/3045 3024/3320/3046 2846/3289/3015 2849/3290/3016
f 2782/3194/2920 2845/3322/3048 3023/3352/3078 3024/3320/3046
f 2836/3286/3012 2875/3321/3047 2805/3323/3049 2997/3285/3011
f 2762/3287/3013 2845/3322/3048 2875/3321/3047 2836/3286/3012
f 3023/3352/3078 2845/3322/3048 2762/3287/3013 2998/3288/3014
f 3024/3320/3046 3023/3352/3078 2998/3288/3014 2846/3289/3015
f 2756/3340/3066 3017/3341/3067 2818/3299/3025 3002/3300/3026
f 2873/3338/3064 2756/3340/3066 3002/3300/3026 3003/3301/3027
f 3016/3339/3065 2873/3338/3064 3003/3301/3027 2872/3302/3028
f 3025/3353/3079 3016/3339/3065 2872/3302/3028 3004/3303/3029
f 3027/3304/3030 3026/3354/3080 3025/3353/3079 3004/3303/3029
f 2979/3216/2942 2797/3306/3032 3026/3354/3080 3027/3304/3030
f 3009/3316/3042 2838/3317/3043 3011/3329/3055 2880/3327/3053
f 3008/3315/3041 3009/3316/3042 2880/3327/3053 2866/3326/3052
f 3007/3314/3040 3008/3315/3041 2866/3326/3052 3010/3328/3054
f 3028/3355/3081 3029/3250/2976 3016/3339/3065 3025/3353/3079
f 2985/3252/2978 3029/3250/2976 3028/3355/3081 3015/3337/3063
f 3022/3331/3057 3021/3351/3077 3005/3311/3037 3006/3312/3038
f 3021/3351/3077 2859/3333/3059 2858/3310/3036 3005/3311/3037
f 3013/3332/3058 3031/3334/3060 2858/3310/3036 2859/3333/3059
f 2860/3256/2982 3014/3336/3062 3030/3356/3082 3031/3334/3060
f 3031/3334/3060 3030/3356/3082 2851/3309/3035 2858/3310/3036
f 3030/3356/3082 3014/3336/3062 2855/3308/3034 2851/3309/3035
f 2857/3307/3033 2855/3308/3034 3014/3336/3062 2755/3335/3061
f 2755/3335/3061 2797/3306/3032 2771/3305/3031 2857/3307/3033
f 3015/3337/3063 3026/3354/3080 2797/3306/3032 2755/3335/3061
f 3026/3354/3080 3015/3337/3063 3028/3355/3081 3025/3353/3079
f 2893/2948/2714 2668/2947/2713 3078/2936/2702 3077/2935/2701
f 3035/2976/2741 2732/2981/2745 2906/2980/2744 3036/2977/2742
f 2910/3159/2885 2893/2948/2714 3077/2935/2701 3076/2988/2751
f 2911/3162/2888 2910/3159/2885 3076/2988/2751 3075/2990/2752
f 2912/3164/2890 2911/3162/2888 3075/2990/2752 3074/2992/2753
f 2913/3166/2892 2912/3164/2890 3074/2992/2753 3073/2994/2754
f 2914/3168/2894 2913/3166/2892 3073/2994/2754 3072/2996/2755
f 2915/3170/2896 2914/3168/2894 3072/2996/2755 3071/2998/2756
f 2916/3172/2898 2915/3170/2896 3071/2998/2756 3070/3000/2757
f 2917/3174/2900 2916/3172/2898 3070/3000/2757 3069/3002/2758
f 2807/3176/2902 2917/3174/2900 3069/3002/2758 3068/3004/2759
f 2918/3178/2904 2807/3176/2902 3068/3004/2759 3067/3006/2760
f 2792/3186/2912 2918/3178/2904 3067/3006/2760 3066/3008/2761
f 2919/3275/3001 2792/3186/2912 3066/3008/2761 3065/3010/2762
f 2920/3273/2999 2919/3275/3001 3065/3010/2762 3064/3012/2763
f 2921/3271/2997 2920/3273/2999 3064/3012/2763 3063/3014/2764
f 2922/3269/2995 2921/3271/2997 3063/3014/2764 3062/3016/2765
f 2793/3267/2993 2922/3269/2995 3062/3016/2765 3061/3018/2766
f 2923/3265/2991 2793/3267/2993 3061/3018/2766 3060/3020/2767
f 2924/3263/2989 2923/3265/2991 3060/3020/2767 3059/3022/2768
f 2925/3260/2986 2924/3263/2989 3059/3022/2768 3058/3024/2769
f 2926/3261/2987 2925/3260/2986 3058/3024/2769 3057/3026/2770
f 2795/3257/2983 2926/3261/2987 3057/3026/2770 3056/3028/2771
f 2794/3255/2981 2795/3257/2983 3056/3028/2771 3055/3030/2772
f 2796/3253/2979 2794/3255/2981 3055/3030/2772 3054/3032/2773
f 2814/3251/2977 2796/3253/2979 3054/3032/2773 3053/3034/2774
f 2815/3249/2975 2814/3251/2977 3053/3034/2774 3052/3036/2775
f 2927/3247/2973 2815/3249/2975 3052/3036/2775 3051/3038/2776
f 2928/3245/2971 2927/3247/2973 3051/3038/2776 3050/3040/2777
f 2929/3243/2969 2928/3245/2971 3050/3040/2777 3049/3042/2778
f 2799/3241/2967 2929/3243/2969 3049/3042/2778 3048/3044/2779
f 2800/3239/2965 2799/3241/2967 3048/3044/2779 3047/3046/2780
f 2930/3238/2964 2800/3239/2965 3047/3046/2780 3046/3048/2781
f 2931/3236/2962 2930/3238/2964 3046/3048/2781 3045/3050/2782
f 2932/3226/2952 2931/3236/2962 3045/3050/2782 3044/3052/2783
f 2933/3227/2953 2932/3226/2952 3044/3052/2783 3043/3054/2784
f 2934/3229/2955 2933/3227/2953 3043/3054/2784 3042/3056/2785
f 2810/3231/2957 2934/3229/2955 3042/3056/2785 3041/3058/2786
f 2935/3233/2959 2810/3231/2957 3041/3058/2786 3040/3060/2787
f 2811/3063/2789 2935/3233/2959 3040/3060/2787 3039/3062/2788
f 3039/3062/2788 2665/3061/2539 2405/3357/2541 3038/3064/2790
f 3038/3064/2790 2405/3357/2541 2733/3358/2543 3037/3066/2792
f 3037/3066/2792 2733/3358/2543 2406/2978/2545 3036/2977/2742
f 3152/3359/3083 3139/3360/3084 3153/3361/3085
f 3212/3362/3086 3211/3363/3087 3313/3364/3088 3144/3365/3089
f 3120/3366/3090 3303/3367/3091 3194/3368/3092 3579/3369/3093
f 3212/3362/3086 3144/3365/3089 3146/3370/3094 3213/3371/3095
f 3213/3371/3095 3146/3370/3094 3083/3372/3096 3214/3373/3097
f 3146/3370/3094 3147/3374/3098 3084/3375/3099 3083/3372/3096
f 3147/3374/3098 3148/3376/3100 3085/3377/3101 3084/3375/3099
f 3142/3378/3102 3149/3379/3103 3148/3376/3100
f 3085/3377/3101 3148/3376/3100 3149/3379/3103 3086/3380/3104
f 3086/3380/3104 3149/3379/3103 3150/3381/3105 3087/3382/3106
f 3150/3381/3105 3151/3383/3107 3088/3384/3108 3087/3382/3106
f 3151/3383/3107 3152/3359/3083 3089/3385/3109 3088/3384/3108
f 3089/3385/3109 3152/3359/3083 3153/3361/3085 3090/3386/3110
f 3090/3386/3110 3153/3361/3085 3154/3387/3111 3091/3388/3112
f 3091/3388/3112 3154/3387/3111 3155/3389/3113 3092/3390/3114
f 3092/3390/3114 3155/3389/3113 3156/3391/3115 3093/3392/3116
f 3093/3392/3116 3156/3391/3115 3157/3393/3117 3094/3394/3118
f 3094/3394/3118 3157/3393/3117 3158/3395/3119 3095/3396/3120
f 3111/3397/3121 3159/3398/3122 3113/3399/3123 3112/3400/3124
f 3159/3398/3122 3120/3366/3090 3579/3369/3093 3113/3399/3123
f 3303/3367/3091 3120/3366/3090 3121/3401/3125 3114/3402/3126
f 3120/3366/3090 3159/3398/3122 3160/3403/3127 3121/3401/3125
f 3144/3365/3089 3313/3364/3088 3082/3404/3128 3143/3405/3129
f 3082/3404/3128 3141/3406/3130 3142/3378/3102 3143/3405/3129
f 3141/3406/3130 3082/3404/3128 3081/3407/3131 3140/3408/3132
f 3140/3408/3132 3081/3407/3131 3312/3409/3133 3139/3360/3084
f 3139/3360/3084 3312/3409/3133 3080/3410/3134 3138/3411/3135
f 3138/3411/3135 3080/3410/3134 3311/3412/3136 3137/3413/3137
f 3137/3413/3137 3311/3412/3136 3310/3414/3138 3136/3415/3139
f 3136/3415/3139 3310/3414/3138 3309/3416/3140 3135/3417/3141
f 3135/3417/3141 3309/3416/3140 3079/3418/3142 3134/3419/3143
f 3134/3419/3143 3079/3418/3142 3308/3420/3144 3133/3421/3145
f 3133/3421/3145 3308/3420/3144 3307/3422/3146 3132/3423/3147
f 3132/3423/3147 3307/3422/3146 3119/3424/3148 3131/3425/3149
f 3131/3425/3149 3119/3424/3148 3118/3426/3150 3130/3427/3151
f 3130/3427/3151 3118/3426/3150 3306/3428/3152 3129/3429/3153
f 3129/3429/3153 3306/3428/3152 3117/3430/3154 3128/3431/3155
f 3128/3431/3155 3117/3430/3154 3305/3432/3156 3127/3433/3157
f 3127/3433/3157 3305/3432/3156 3304/3434/3158 3126/3435/3159
f 3304/3434/3158 3116/3436/3160 3125/3437/3161 3126/3435/3159
f 3116/3436/3160 3115/3438/3162 3124/3439/3163 3125/3437/3161
f 3115/3438/3162 3122/3440/3164 3123/3441/3165 3124/3439/3163
f 3122/3440/3164 3115/3438/3162 3114/3402/3126 3121/3401/3125
f 3121/3401/3125 3160/3403/3127 3161/3442/3166 3122/3440/3164
f 3122/3440/3164 3161/3442/3166 3170/3443/3167 3123/3441/3165
f 3173/3444/3168 3162/3445/3169 3125/3437/3161 3124/3439/3163
f 3162/3445/3169 3145/3446/3170 3126/3435/3159 3125/3437/3161
f 3145/3446/3170 3163/3447/3171 3127/3433/3157 3126/3435/3159
f 3163/3447/3171 3164/3448/3172 3128/3431/3155 3127/3433/3157
f 3164/3448/3172 3165/3449/3173 3129/3429/3153 3128/3431/3155
f 3165/3449/3173 3166/3450/3174 3130/3427/3151 3129/3429/3153
f 3166/3450/3174 3167/3451/3175 3131/3425/3149 3130/3427/3151
f 3131/3425/3149 3167/3451/3175 3168/3452/3176 3132/3423/3147
f 3168/3452/3176 3169/3453/3177 3133/3421/3145 3132/3423/3147
f 3133/3421/3145 3169/3453/3177 3158/3395/3119 3134/3419/3143
f 3134/3419/3143 3158/3395/3119 3157/3393/3117 3135/3417/3141
f 3135/3417/3141 3157/3393/3117 3156/3391/3115 3136/3415/3139
f 3136/3415/3139 3156/3391/3115 3155/3389/3113 3137/3413/3137
f 3137/3413/3137 3155/3389/3113 3154/3387/3111 3138/3411/3135
f 3138/3411/3135 3154/3387/3111 3153/3361/3085 3139/3360/3084
f 3110/3454/3178 3160/3403/3127 3159/3398/3122 3111/3397/3121
f 3109/3455/3179 3161/3442/3166 3160/3403/3127 3110/3454/3178
f 3108/3456/3180 3170/3443/3167 3161/3442/3166 3109/3455/3179
f 3107/3457/3181 3171/3458/3182 3170/3443/3167 3108/3456/3180
f 3172/3459/3183 3171/3458/3182 3107/3457/3181 3106/3460/3184
f 3173/3444/3168 3172/3459/3183 3106/3460/3184 3105/3461/3185
f 3162/3445/3169 3173/3444/3168 3105/3461/3185 3104/3462/3186
f 3145/3446/3170 3162/3445/3169 3104/3462/3186 3103/3463/3187
f 3163/3447/3171 3145/3446/3170 3103/3463/3187 3102/3464/3188
f 3164/3448/3172 3163/3447/3171 3102/3464/3188 3101/3465/3189
f 3165/3449/3173 3164/3448/3172 3101/3465/3189 3100/3466/3190
f 3166/3450/3174 3165/3449/3173 3100/3466/3190 3099/3467/3191
f 3167/3451/3175 3166/3450/3174 3099/3467/3191 3098/3468/3192
f 3097/3469/3193 3168/3452/3176 3167/3451/3175 3098/3468/3192
f 3096/3470/3194 3169/3453/3177 3168/3452/3176 3097/3469/3193
f 3147/3374/3098 3146/3370/3094 3144/3365/3089 3143/3405/3129
f 3148/3376/3100 3147/3374/3098 3143/3405/3129 3142/3378/3102
f 3151/3383/3107 3150/3381/3105 3141/3406/3130 3140/3408/3132
f 3141/3406/3130 3150/3381/3105 3149/3379/3103 3142/3378/3102
f 3095/3396/3120 3158/3395/3119 3169/3453/3177 3096/3470/3194
f 3140/3408/3132 3139/3360/3084 3152/3359/3083 3151/3383/3107
f 3171/3458/3182 3172/3459/3183 3123/3441/3165 3170/3443/3167
f 3172/3459/3183 3173/3444/3168 3124/3439/3163 3123/3441/3165
f 3192/3471/3195 3193/3472/3196 3112/3473/3124 3113/3474/3123
f 3579/3475/3093 3194/3476/3092 3302/3477/3197 3232/3478/3198
f 3266/3479/3199 3210/3480/3200 3211/3481/3087 3212/3482/3086
f 3191/3483/3201 3192/3471/3195 3113/3474/3123 3270/3484/3202
f 3579/3475/3093 3232/3478/3198 3270/3484/3202 3113/3474/3123
f 3190/3485/3203 3191/3483/3201 3270/3484/3202 3271/3486/3204
f 3189/3487/3205 3190/3485/3203 3271/3486/3204 3272/3488/3206
f 3272/3488/3206 3273/3489/3207 3188/3490/3208 3189/3487/3205
f 3273/3489/3207 3274/3491/3209 3187/3492/3210 3188/3490/3208
f 3274/3491/3209 3275/3493/3211 3186/3494/3212 3187/3492/3210
f 3275/3493/3211 3276/3495/3213 3185/3496/3214 3186/3494/3212
f 3276/3495/3213 3277/3497/3215 3184/3498/3216 3185/3496/3214
f 3277/3497/3215 3278/3499/3217 3183/3500/3218 3184/3498/3216
f 3278/3499/3217 3279/3501/3219 3182/3502/3220 3183/3500/3218
f 3279/3501/3219 3280/3503/3221 3181/3504/3222 3182/3502/3220
f 3280/3503/3221 3242/3505/3223 3180/3506/3224 3181/3504/3222
f 3180/3506/3224 3242/3505/3223 3243/3507/3225 3179/3508/3226
f 3179/3508/3226 3243/3507/3225 3244/3509/3227 3178/3510/3228
f 3178/3510/3228 3244/3509/3227 3245/3511/3229 3177/3512/3230
f 3177/3512/3230 3245/3511/3229 3246/3513/3231 3176/3514/3232
f 3246/3513/3231 3247/3515/3233 3175/3516/3234 3176/3514/3232
f 3174/3517/3235 3175/3516/3234 3247/3515/3233 3248/3518/3236
f 3248/3518/3236 3249/3519/3237 3231/3520/3238 3174/3517/3235
f 3210/3480/3200 3266/3479/3199 3265/3521/3239 3314/3522/3240
f 3314/3522/3240 3265/3521/3239 3264/3523/3241 3209/3524/3242
f 3212/3482/3086 3213/3525/3095 3281/3526/3243 3266/3479/3199
f 3215/3527/3244 3281/3526/3243 3213/3525/3095 3214/3528/3097
f 3249/3519/3237 3250/3529/3245 3230/3530/3246 3231/3520/3238
f 3250/3529/3245 3251/3531/3247 3229/3532/3248 3230/3530/3246
f 3251/3531/3247 3252/3533/3249 3228/3534/3250 3229/3532/3248
f 3252/3533/3249 3253/3535/3251 3227/3536/3252 3228/3534/3250
f 3253/3535/3251 3254/3537/3253 3226/3538/3254 3227/3536/3252
f 3225/3539/3255 3226/3538/3254 3254/3537/3253 3255/3540/3256
f 3255/3540/3256 3269/3541/3257 3224/3542/3258 3225/3539/3255
f 3269/3541/3257 3282/3543/3259 3223/3544/3260 3224/3542/3258
f 3282/3543/3259 3283/3545/3261 3222/3546/3262 3223/3544/3260
f 3283/3545/3261 3268/3547/3263 3221/3548/3264 3222/3546/3262
f 3268/3547/3263 3267/3549/3265 3220/3550/3266 3221/3548/3264
f 3267/3549/3265 3284/3551/3267 3219/3552/3268 3220/3550/3266
f 3284/3551/3267 3285/3553/3269 3218/3554/3270 3219/3552/3268
f 3285/3553/3269 3286/3555/3271 3217/3556/3272 3218/3554/3270
f 3286/3555/3271 3287/3557/3273 3216/3558/3274 3217/3556/3272
f 3216/3558/3274 3287/3557/3273 3281/3526/3243 3215/3527/3244
f 3280/3503/3221 3279/3501/3219 3241/3559/3275 3242/3505/3223
f 3279/3501/3219 3278/3499/3217 3240/3560/3276 3241/3559/3275
f 3278/3499/3217 3277/3497/3215 3239/3561/3277 3240/3560/3276
f 3277/3497/3215 3276/3495/3213 3238/3562/3278 3239/3561/3277
f 3276/3495/3213 3275/3493/3211 3237/3563/3279 3238/3562/3278
f 3275/3493/3211 3274/3491/3209 3236/3564/3280 3237/3563/3279
f 3236/3564/3280 3274/3491/3209 3273/3489/3207 3235/3565/3281
f 3235/3565/3281 3273/3489/3207 3272/3488/3206 3234/3566/3282
f 3234/3566/3282 3272/3488/3206 3271/3486/3204 3233/3567/3283
f 3271/3486/3204 3270/3484/3202 3232/3478/3198 3233/3567/3283
f 3232/3478/3198 3302/3477/3197 3195/3568/3284 3233/3567/3283
f 3233/3567/3283 3195/3568/3284 3301/3569/3285 3234/3566/3282
f 3234/3566/3282 3301/3569/3285 3300/3570/3286 3235/3565/3281
f 3300/3570/3286 3196/3571/3287 3236/3564/3280 3235/3565/3281
f 3196/3571/3287 3197/3572/3288 3237/3563/3279 3236/3564/3280
f 3197/3572/3288 3299/3573/3289 3238/3562/3278 3237/3563/3279
f 3299/3573/3289 3298/3574/3290 3239/3561/3277 3238/3562/3278
f 3240/3560/3276 3239/3561/3277 3298/3574/3290 3241/3559/3275
f 3241/3559/3275 3298/3574/3290 3297/3575/3291 3242/3505/3223
f 3242/3505/3223 3297/3575/3291 3198/3576/3292 3243/3507/3225
f 3243/3507/3225 3198/3576/3292 3296/3577/3293 3244/3509/3227
f 3244/3509/3227 3296/3577/3293 3295/3578/3294 3245/3511/3229
f 3245/3511/3229 3295/3578/3294 3199/3579/3295 3246/3513/3231
f 3246/3513/3231 3199/3579/3295 3294/3580/3296 3247/3515/3233
f 3248/3518/3236 3247/3515/3233 3294/3580/3296 3200/3581/3297
f 3200/3581/3297 3201/3582/3298 3249/3519/3237 3248/3518/3236
f 3201/3582/3298 3202/3583/3299 3250/3529/3245 3249/3519/3237
f 3202/3583/3299 3317/3584/3300 3251/3531/3247 3250/3529/3245
f 3317/3584/3300 3316/3585/3301 3252/3533/3249 3251/3531/3247
f 3316/3585/3301 3203/3586/3302 3253/3535/3251 3252/3533/3249
f 3203/3586/3302 3204/3587/3303 3254/3537/3253 3253/3535/3251
f 3204/3587/3303 3256/3588/3304 3255/3540/3256 3254/3537/3253
f 3265/3521/3239 3266/3479/3199 3281/3526/3243 3287/3557/3273
f 3287/3557/3273 3286/3555/3271 3264/3523/3241 3265/3521/3239
f 3286/3555/3271 3285/3553/3269 3263/3589/3305 3264/3523/3241
f 3285/3553/3269 3284/3551/3267 3262/3590/3306 3263/3589/3305
f 3284/3551/3267 3267/3549/3265 3261/3591/3307 3262/3590/3306
f 3267/3549/3265 3268/3547/3263 3260/3592/3308 3261/3591/3307
f 3268/3547/3263 3283/3545/3261 3259/3593/3309 3260/3592/3308
f 3283/3545/3261 3282/3543/3259 3258/3594/3310 3259/3593/3309
f 3282/3543/3259 3269/3541/3257 3257/3595/3311 3258/3594/3310
f 3256/3588/3304 3257/3595/3311 3269/3541/3257 3255/3540/3256
f 3256/3588/3304 3204/3587/3303 3315/3596/3312 3257/3595/3311
f 3257/3595/3311 3315/3596/3312 3205/3597/3313 3258/3594/3310
f 3258/3594/3310 3205/3597/3313 3206/3598/3314 3259/3593/3309
f 3206/3598/3314 3207/3599/3315 3260/3592/3308 3259/3593/3309
f 3207/3599/3315 3208/3600/3316 3261/3591/3307 3260/3592/3308
f 3208/3600/3316 3263/3589/3305 3262/3590/3306 3261/3591/3307
f 3263/3589/3305 3208/3600/3316 3209/3524/3242 3264/3523/3241
f 3571/3601/3317 3379/3602/3318 3572/3603/3319
f 3337/3604/3320 3552/3605/3321 3419/3606/3322
f 3293/3607/3323 3200/3608/3297 3294/3609/3296 3436/3610/3324
f 3436/3610/3324 3294/3609/3296 3199/3611/3295 3437/3612/3325
f 3437/3612/3325 3199/3611/3295 3295/3613/3294 3438/3614/3326
f 3438/3614/3326 3295/3613/3294 3296/3615/3293 3439/3616/3327
f 3439/3616/3327 3296/3615/3293 3198/3617/3292 3401/3618/3328
f 3401/3618/3328 3198/3617/3292 3297/3619/3291 3440/3620/3329
f 3440/3620/3329 3297/3619/3291 3298/3621/3290 3441/3622/3330
f 3441/3622/3330 3298/3621/3290 3299/3623/3289 3442/3624/3331
f 3442/3624/3331 3299/3623/3289 3197/3625/3288 3443/3626/3332
f 3443/3626/3332 3197/3625/3288 3196/3627/3287 3444/3628/3333
f 3444/3628/3333 3196/3627/3287 3300/3629/3286 3445/3630/3334
f 3445/3630/3334 3300/3629/3286 3301/3631/3285 3446/3632/3335
f 3446/3632/3335 3301/3631/3285 3195/3633/3284 3447/3634/3336
f 3447/3634/3336 3195/3633/3284 3302/3635/3197 3448/3636/3337
f 3448/3636/3337 3302/3635/3197 3194/3637/3092 3449/3638/3338
f 3449/3638/3338 3194/3637/3092 3303/3639/3091 3450/3640/3339
f 3450/3640/3339 3303/3639/3091 3114/3641/3126 3451/3642/3340
f 3451/3642/3340 3114/3641/3126 3115/3643/3162 3452/3644/3341
f 3452/3644/3341 3115/3643/3162 3116/3645/3160 3453/3646/3342
f 3453/3646/3342 3116/3645/3160 3304/3647/3158 3454/3648/3343
f 3454/3648/3343 3304/3647/3158 3305/3649/3156 3455/3650/3344
f 3455/3650/3344 3305/3649/3156 3117/3651/3154 3456/3652/3345
f 3456/3652/3345 3117/3651/3154 3306/3653/3152 3457/3654/3346
f 3457/3654/3346 3306/3653/3152 3118/3655/3150 3458/3656/3347
f 3119/3657/3148 3459/3658/3348 3458/3656/3347 3118/3655/3150
f 3307/3659/3146 3460/3660/3349 3459/3658/3348 3119/3657/3148
f 3308/3661/3144 3461/3662/3350 3460/3660/3349 3307/3659/3146
f 3079/3663/3142 3462/3664/3351 3461/3662/3350 3308/3661/3144
f 3309/3665/3140 3463/3666/3352 3462/3664/3351 3079/3663/3142
f 3310/3667/3138 3464/3668/3353 3463/3666/3352 3309/3665/3140
f 3311/3669/3136 3465/3670/3354 3464/3668/3353 3310/3667/3138
f 3465/3670/3354 3311/3669/3136 3080/3671/3134 3466/3672/3355
f 3466/3672/3355 3080/3671/3134 3312/3673/3133 3467/3674/3356
f 3467/3674/3356 3312/3673/3133 3081/3675/3131 3468/3676/3357
f 3468/3676/3357 3081/3675/3131 3082/3677/3128 3469/3678/3358
f 3313/3679/3088 3470/3680/3359 3469/3678/3358 3082/3677/3128
f 3211/3681/3087 3365/3682/3360 3470/3680/3359 3313/3679/3088
f 3210/3683/3200 3471/3684/3361 3365/3682/3360 3211/3681/3087
f 3314/3685/3240 3472/3686/3362 3471/3684/3361 3210/3683/3200
f 3472/3686/3362 3314/3685/3240 3209/3687/3242 3473/3688/3363
f 3473/3688/3363 3209/3687/3242 3208/3689/3316 3474/3690/3364
f 3474/3690/3364 3208/3689/3316 3207/3691/3315 3417/3692/3365
f 3206/3693/3314 3430/3694/3366 3417/3692/3365 3207/3691/3315
f 3206/3693/3314 3205/3695/3313 3333/3696/3367 3430/3694/3366
f 3205/3695/3313 3315/3697/3312 3475/3698/3368 3333/3696/3367
f 3315/3697/3312 3204/3699/3303 3368/3700/3369 3475/3698/3368
f 3204/3699/3303 3203/3701/3302 3367/3702/3370 3368/3700/3369
f 3367/3702/3370 3203/3701/3302 3316/3703/3301 3334/3704/3371
f 3317/3705/3300 3476/3706/3372 3334/3704/3371 3316/3703/3301
f 3317/3705/3300 3202/3707/3299 3477/3708/3373 3476/3706/3372
f 3202/3707/3299 3201/3709/3298 3345/3710/3374 3477/3708/3373
f 3201/3709/3298 3200/3711/3297 3318/3712/3375 3345/3710/3374
f 3319/3713/3376 3478/3714/3377 3345/3710/3374 3318/3712/3375
f 3319/3713/3376 3320/3715/3378 3336/3716/3379 3478/3714/3377
f 3320/3715/3378 3321/3717/3380 3431/3718/3381 3336/3716/3379
f 3322/3719/3382 3420/3720/3383 3431/3718/3381 3321/3717/3380
f 3420/3720/3383 3322/3719/3382 3323/3721/3384 3337/3604/3320
f 3337/3604/3320 3323/3721/3384 3592/3722/3385 3479/3723/3386
f 3479/3723/3386 3592/3722/3385 3678/3724/3387 3480/3725/3388
f 3480/3725/3388 3678/3724/3387 3586/3726/3389 3481/3727/3390
f 3481/3727/3390 3586/3726/3389 3677/3728/3391 3482/3729/3392
f 3482/3729/3392 3677/3728/3391 3676/3730/3393 3483/3731/3394
f 3483/3731/3394 3676/3730/3393 3675/3732/3395 3484/3733/3396
f 3484/3733/3396 3675/3732/3395 3585/3734/3397 3485/3735/3398
f 3674/3736/3399 3486/3737/3400 3485/3735/3398 3585/3734/3397
f 3673/3738/3401 3487/3739/3402 3486/3737/3400 3674/3736/3399
f 3672/3740/3403 3357/3741/3404 3487/3739/3402 3673/3738/3401
f 3587/3742/3405 3393/3743/3406 3357/3741/3404 3672/3740/3403
f 3671/3744/3407 3362/3745/3408 3393/3743/3406 3587/3742/3405
f 3588/3746/3409 3488/3747/3410 3362/3745/3408 3671/3744/3407
f 3670/3748/3411 3489/3749/3412 3488/3747/3410 3588/3746/3409
f 3958/3750/3413 3490/3751/3414 3489/3749/3412 3670/3748/3411
f 3324/3752/3415 3491/3753/3416 3490/3751/3414 3958/3750/3413
f 3325/3754/3417 3355/3755/3418 3491/3753/3416 3324/3752/3415
f 3584/3756/3419 3492/3757/3420 3355/3755/3418 3325/3754/3417
f 3326/3758/3421 3361/3759/3422 3492/3757/3420 3584/3756/3419
f 3669/3760/3423 3493/3761/3424 3361/3759/3422 3326/3758/3421
f 3668/3762/3425 3494/3763/3426 3493/3761/3424 3669/3760/3423
f 3494/3763/3426 3668/3762/3425 3583/3764/3427 3495/3765/3428
f 3495/3765/3428 3583/3764/3427 3667/3766/3429 3496/3767/3430
f 3496/3767/3430 3667/3766/3429 3666/3768/3431 3497/3769/3432
f 3497/3769/3432 3666/3768/3431 3665/3770/3433 3498/3771/3434
f 3498/3771/3434 3665/3770/3433 3582/3772/3435 3499/3773/3436
f 3664/3774/3437 3500/3775/3438 3499/3773/3436 3582/3772/3435
f 3581/3776/3439 3501/3777/3440 3500/3775/3438 3664/3774/3437
f 3663/3778/3441 3502/3779/3442 3501/3777/3440 3581/3776/3439
f 3663/3778/3441 3662/3780/3443 3503/3781/3444 3502/3779/3442
f 3662/3780/3443 3327/3782/3445 3504/3783/3446 3503/3781/3444
f 3580/3784/3447 3505/3785/3448 3504/3783/3446 3327/3782/3445
f 3661/3786/3449 3506/3787/3450 3505/3785/3448 3580/3784/3447
f 3959/3788/3451 3507/3789/3452 3506/3787/3450 3661/3786/3449
f 3660/3790/3453 3508/3791/3454 3507/3789/3452 3959/3788/3451
f 3589/3792/3455 3509/3793/3456 3508/3791/3454 3660/3790/3453
f 3328/3794/3457 3510/3795/3458 3509/3793/3456 3589/3792/3455
f 3659/3796/3459 3511/3797/3460 3510/3795/3458 3328/3794/3457
f 3329/3798/3461 3512/3799/3462 3511/3797/3460 3659/3796/3459
f 3590/3800/3463 3513/3801/3464 3512/3799/3462 3329/3798/3461
f 3330/3802/3465 3514/3803/3466 3513/3801/3464 3590/3800/3463
f 3658/3804/3467 3515/3805/3468 3514/3803/3466 3330/3802/3465
f 3658/3804/3467 3331/3806/3469 3516/3807/3470 3515/3805/3468
f 3331/3806/3469 3957/3808/3471 3517/3809/3472 3516/3807/3470
f 3957/3808/3471 3288/3810/3473 3518/3811/3474 3517/3809/3472
f 3518/3811/3474 3288/3810/3473 3289/3812/3475 3339/3813/3476
f 3339/3813/3476 3289/3812/3475 3290/3814/3477 3291/3815/3478
f 3291/3815/3478 3292/3816/3479 3519/3817/3480 3339/3813/3476
f 3292/3816/3479 3293/3607/3323 3436/3610/3324 3519/3817/3480
f 3519/3817/3480 3436/3610/3324 3437/3612/3325 3335/3818/3481
f 3335/3818/3481 3437/3612/3325 3438/3614/3326 3422/3819/3482
f 3477/3708/3373 3345/3710/3374 3478/3714/3377 3344/3820/3483
f 3336/3716/3379 3520/3821/3484 3344/3820/3483 3478/3714/3377
f 3431/3718/3381 3419/3606/3322 3520/3821/3484 3336/3716/3379
f 3419/3606/3322 3431/3718/3381 3420/3720/3383 3337/3604/3320
f 3422/3819/3482 3438/3614/3326 3439/3616/3327 3521/3822/3485
f 3521/3822/3485 3439/3616/3327 3401/3618/3328 3522/3823/3486
f 3522/3823/3486 3401/3618/3328 3440/3620/3329 3523/3824/3487
f 3523/3824/3487 3440/3620/3329 3441/3622/3330 3404/3825/3488
f 3404/3825/3488 3441/3622/3330 3442/3624/3331 3403/3826/3489
f 3403/3826/3489 3442/3624/3331 3443/3626/3332 3375/3827/3490
f 3375/3827/3490 3443/3626/3332 3444/3628/3333 3434/3828/3491
f 3434/3828/3491 3444/3628/3333 3445/3630/3334 3433/3829/3492
f 3433/3829/3492 3445/3630/3334 3446/3632/3335 3432/3830/3493
f 3432/3830/3493 3446/3632/3335 3447/3634/3336 3524/3831/3494
f 3524/3831/3494 3447/3634/3336 3448/3636/3337 3405/3832/3495
f 3405/3832/3495 3448/3636/3337 3449/3638/3338 3378/3833/3496
f 3378/3833/3496 3449/3638/3338 3450/3640/3339 3348/3834/3497
f 3348/3834/3497 3450/3640/3339 3451/3642/3340 3525/3835/3498
f 3525/3835/3498 3451/3642/3340 3452/3644/3341 3407/3836/3499
f 3407/3836/3499 3452/3644/3341 3453/3646/3342 3350/3837/3500
f 3350/3837/3500 3453/3646/3342 3454/3648/3343 3526/3838/3501
f 3526/3838/3501 3454/3648/3343 3455/3650/3344 3527/3839/3502
f 3527/3839/3502 3455/3650/3344 3456/3652/3345 3351/3840/3503
f 3351/3840/3503 3456/3652/3345 3457/3654/3346 3425/3841/3504
f 3458/3656/3347 3528/3842/3505 3425/3841/3504 3457/3654/3346
f 3459/3658/3348 3529/3843/3506 3528/3842/3505 3458/3656/3347
f 3460/3660/3349 3530/3844/3507 3529/3843/3506 3459/3658/3348
f 3461/3662/3350 3382/3845/3508 3530/3844/3507 3460/3660/3349
f 3462/3664/3351 3531/3846/3509 3382/3845/3508 3461/3662/3350
f 3463/3666/3352 3384/3847/3510 3531/3846/3509 3462/3664/3351
f 3464/3668/3353 3385/3848/3511 3384/3847/3510 3463/3666/3352
f 3465/3670/3354 3418/3849/3512 3385/3848/3511 3464/3668/3353
f 3418/3849/3512 3465/3670/3354 3466/3672/3355 3387/3850/3513
f 3387/3850/3513 3466/3672/3355 3467/3674/3356 3532/3851/3514
f 3532/3851/3514 3467/3674/3356 3468/3676/3357 3428/3852/3515
f 3428/3852/3515 3468/3676/3357 3469/3678/3358 3533/3853/3516
f 3533/3853/3516 3469/3678/3358 3470/3680/3359 3398/3854/3517
f 3365/3682/3360 3534/3855/3518 3398/3854/3517 3470/3680/3359
f 3471/3684/3361 3535/3856/3519 3534/3855/3518 3365/3682/3360
f 3535/3856/3519 3471/3684/3361 3472/3686/3362 3536/3857/3520
f 3339/3813/3476 3519/3817/3480 3335/3818/3481 3537/3858/3521
f 3476/3706/3372 3477/3708/3373 3344/3820/3483 3334/3704/3371
f 3518/3811/3474 3339/3813/3476 3537/3858/3521 3338/3859/3522
f 3517/3809/3472 3518/3811/3474 3338/3859/3522 3538/3860/3523
f 3516/3807/3470 3517/3809/3472 3538/3860/3523 3402/3861/3524
f 3516/3807/3470 3402/3861/3524 3371/3862/3525 3515/3805/3468
f 3515/3805/3468 3371/3862/3525 3539/3863/3526 3514/3803/3466
f 3514/3803/3466 3539/3863/3526 3540/3864/3527 3513/3801/3464
f 3513/3801/3464 3540/3864/3527 3376/3865/3528 3512/3799/3462
f 3512/3799/3462 3376/3865/3528 3346/3866/3529 3511/3797/3460
f 3511/3797/3460 3346/3866/3529 3435/3867/3530 3510/3795/3458
f 3510/3795/3458 3435/3867/3530 3423/3868/3531 3509/3793/3456
f 3509/3793/3456 3423/3868/3531 3541/3869/3532 3508/3791/3454
f 3508/3791/3454 3541/3869/3532 3542/3870/3533 3507/3789/3452
f 3507/3789/3452 3542/3870/3533 3406/3871/3534 3506/3787/3450
f 3506/3787/3450 3406/3871/3534 3377/3872/3535 3505/3785/3448
f 3505/3785/3448 3377/3872/3535 3349/3873/3536 3504/3783/3446
f 3503/3781/3444 3504/3783/3446 3349/3873/3536 3409/3874/3537
f 3502/3779/3442 3503/3781/3444 3409/3874/3537 3543/3875/3538
f 3502/3779/3442 3543/3875/3538 3544/3876/3539 3501/3777/3440
f 3360/3877/3540 3500/3775/3438 3501/3777/3440 3544/3876/3539
f 3573/3878/3541 3499/3773/3436 3500/3775/3438 3360/3877/3540
f 3498/3771/3434 3499/3773/3436 3429/3879/3542 3545/3880/3543
f 3498/3771/3434 3545/3880/3543 3380/3881/3544 3497/3769/3432
f 3352/3882/3545 3496/3767/3430 3497/3769/3432 3380/3881/3544
f 3577/3883/3546 3495/3765/3428 3496/3767/3430 3352/3882/3545
f 3495/3765/3428 3414/3884/3547 3412/3885/3548 3494/3763/3426
f 3353/3886/3549 3493/3761/3424 3494/3763/3426 3412/3885/3548
f 3361/3759/3422 3493/3761/3424 3569/3887/3550 3546/3888/3551
f 3361/3759/3422 3546/3888/3551 3411/3889/3552 3492/3757/3420
f 3492/3757/3420 3411/3889/3552 3386/3890/3553 3355/3755/3418
f 3355/3755/3418 3386/3890/3553 3354/3891/3554 3491/3753/3416
f 3547/3892/3555 3490/3751/3414 3491/3753/3416 3354/3891/3554
f 3490/3751/3414 3547/3892/3555 3390/3893/3556 3489/3749/3412
f 3489/3749/3412 3390/3893/3556 3356/3894/3557 3488/3747/3410
f 3415/3895/3558 3362/3745/3408 3488/3747/3410 3356/3894/3557
f 3391/3896/3559 3393/3743/3406 3362/3745/3408 3415/3895/3558
f 3393/3743/3406 3391/3896/3559 3363/3897/3560 3357/3741/3404
f 3357/3741/3404 3363/3897/3560 3548/3898/3561 3487/3739/3402
f 3549/3899/3562 3486/3737/3400 3487/3739/3402 3548/3898/3561
f 3550/3900/3563 3485/3735/3398 3486/3737/3400 3549/3899/3562
f 3396/3901/3564 3484/3733/3396 3485/3735/3398 3550/3900/3563
f 3484/3733/3396 3396/3901/3564 3342/3902/3565 3483/3731/3394
f 3551/3903/3566 3482/3729/3392 3483/3731/3394 3342/3902/3565
f 3343/3904/3567 3481/3727/3390 3482/3729/3392 3551/3903/3566
f 3370/3905/3568 3480/3725/3388 3481/3727/3390 3343/3904/3567
f 3358/3906/3569 3479/3723/3386 3480/3725/3388 3370/3905/3568
f 3552/3605/3321 3337/3604/3320 3479/3723/3386 3358/3906/3569
f 3397/3907/3570 3473/3688/3363 3474/3690/3364 3332/3908/3571
f 3536/3857/3520 3472/3686/3362 3473/3688/3363 3397/3907/3570
f 3332/3908/3571 3474/3690/3364 3417/3692/3365 3553/3909/3572
f 3430/3694/3366 3395/3910/3573 3553/3909/3572 3417/3692/3365
f 3430/3694/3366 3333/3696/3367 3574/3911/3574 3395/3910/3573
f 3333/3696/3367 3475/3698/3368 3369/3912/3575 3574/3911/3574
f 3475/3698/3368 3368/3700/3369 3554/3913/3576 3369/3912/3575
f 3368/3700/3369 3367/3702/3370 3366/3914/3577 3554/3913/3576
f 3367/3702/3370 3334/3704/3371 3555/3915/3578 3366/3914/3577
f 3334/3704/3371 3344/3820/3483 3520/3821/3484 3555/3915/3578
f 3537/3858/3521 3335/3818/3481 3422/3819/3482 3372/3916/3579
f 3372/3916/3579 3422/3819/3482 3521/3822/3485 3340/3917/3580
f 3340/3917/3580 3521/3822/3485 3522/3823/3486 3556/3918/3581
f 3523/3824/3487 3373/3919/3582 3556/3918/3581 3522/3823/3486
f 3404/3825/3488 3374/3920/3583 3373/3919/3582 3523/3824/3487
f 3403/3826/3489 3557/3921/3584 3374/3920/3583 3404/3825/3488
f 3375/3827/3490 3558/3922/3585 3557/3921/3584 3403/3826/3489
f 3434/3828/3491 3559/3923/3586 3558/3922/3585 3375/3827/3490
f 3433/3829/3492 3560/3924/3587 3559/3923/3586 3434/3828/3491
f 3432/3830/3493 3347/3925/3588 3560/3924/3587 3433/3829/3492
f 3524/3831/3494 3421/3926/3589 3347/3925/3588 3432/3830/3493
f 3405/3832/3495 3561/3927/3590 3421/3926/3589 3524/3831/3494
f 3378/3833/3496 3562/3928/3591 3561/3927/3590 3405/3832/3495
f 3348/3834/3497 3427/3929/3592 3562/3928/3591 3378/3833/3496
f 3419/3606/3322 3552/3605/3321 3555/3915/3578 3520/3821/3484
f 3427/3929/3592 3348/3834/3497 3525/3835/3498 3408/3930/3593
f 3408/3930/3593 3525/3835/3498 3407/3836/3499 3424/3931/3594
f 3424/3931/3594 3407/3836/3499 3350/3837/3500 3379/3602/3318
f 3379/3602/3318 3350/3837/3500 3526/3838/3501 3576/3932/3595
f 3527/3839/3502 3359/3933/3596 3576/3932/3595 3526/3838/3501
f 3359/3933/3596 3527/3839/3502 3351/3840/3503 3381/3934/3597
f 3381/3934/3597 3351/3840/3503 3425/3841/3504 3426/3935/3598
f 3528/3842/3505 3413/3936/3599 3426/3935/3598 3425/3841/3504
f 3413/3936/3599 3528/3842/3505 3529/3843/3506 3383/3937/3600
f 3530/3844/3507 3341/3938/3601 3383/3937/3600 3529/3843/3506
f 3382/3845/3508 3563/3939/3602 3341/3938/3601 3530/3844/3507
f 3531/3846/3509 3411/3889/3552 3563/3939/3602 3382/3845/3508
f 3384/3847/3510 3386/3890/3553 3411/3889/3552 3531/3846/3509
f 3385/3848/3511 3354/3891/3554 3386/3890/3553 3384/3847/3510
f 3418/3849/3512 3564/3940/3603 3354/3891/3554 3385/3848/3511
f 3564/3940/3603 3418/3849/3512 3387/3850/3513 3389/3941/3604
f 3389/3941/3604 3387/3850/3513 3532/3851/3514 3388/3942/3605
f 3388/3942/3605 3532/3851/3514 3428/3852/3515 3392/3943/3606
f 3392/3943/3606 3428/3852/3515 3533/3853/3516 3364/3944/3607
f 3364/3944/3607 3533/3853/3516 3398/3854/3517 3399/3945/3608
f 3399/3945/3608 3398/3854/3517 3534/3855/3518 3400/3946/3609
f 3400/3946/3609 3534/3855/3518 3535/3856/3519 3565/3947/3610
f 3565/3947/3610 3535/3856/3519 3536/3857/3520 3416/3948/3611
f 3416/3948/3611 3536/3857/3520 3397/3907/3570 3566/3949/3612
f 3332/3908/3571 3567/3950/3613 3566/3949/3612 3397/3907/3570
f 3567/3950/3613 3332/3908/3571 3553/3909/3572 3394/3951/3614
f 3563/3939/3602 3411/3889/3552 3546/3888/3551 3569/3887/3550
f 3568/3952/3615 3569/3887/3550 3493/3761/3424 3353/3886/3549
f 3394/3951/3614 3553/3909/3572 3395/3910/3573 3574/3911/3574
f 3338/3859/3522 3537/3858/3521 3372/3916/3579 3538/3860/3523
f 3538/3860/3523 3372/3916/3579 3340/3917/3580 3402/3861/3524
f 3402/3861/3524 3340/3917/3580 3556/3918/3581 3371/3862/3525
f 3371/3862/3525 3556/3918/3581 3373/3919/3582 3539/3863/3526
f 3539/3863/3526 3373/3919/3582 3374/3920/3583 3540/3864/3527
f 3540/3864/3527 3374/3920/3583 3557/3921/3584 3376/3865/3528
f 3376/3865/3528 3557/3921/3584 3558/3922/3585 3346/3866/3529
f 3346/3866/3529 3558/3922/3585 3559/3923/3586 3435/3867/3530
f 3435/3867/3530 3559/3923/3586 3560/3924/3587 3423/3868/3531
f 3423/3868/3531 3560/3924/3587 3347/3925/3588 3541/3869/3532
f 3541/3869/3532 3347/3925/3588 3421/3926/3589 3542/3870/3533
f 3542/3870/3533 3421/3926/3589 3561/3927/3590 3406/3871/3534
f 3406/3871/3534 3561/3927/3590 3562/3928/3591 3377/3872/3535
f 3377/3872/3535 3562/3928/3591 3427/3929/3592 3349/3873/3536
f 3349/3873/3536 3427/3929/3592 3408/3930/3593 3409/3874/3537
f 3543/3875/3538 3409/3874/3537 3408/3930/3593 3424/3931/3594
f 3544/3876/3539 3543/3875/3538 3424/3931/3594 3570/3953/3616
f 3544/3876/3539 3570/3953/3616 3571/3601/3317 3360/3877/3540
f 3360/3877/3540 3571/3601/3317 3572/3603/3319 3573/3878/3541
f 3573/3878/3541 3572/3603/3319 3429/3879/3542 3499/3773/3436
f 3547/3892/3555 3354/3891/3554 3564/3940/3603 3390/3893/3556
f 3389/3941/3604 3356/3894/3557 3390/3893/3556 3564/3940/3603
f 3388/3942/3605 3415/3895/3558 3356/3894/3557 3389/3941/3604
f 3392/3943/3606 3391/3896/3559 3415/3895/3558 3388/3942/3605
f 3364/3944/3607 3363/3897/3560 3391/3896/3559 3392/3943/3606
f 3399/3945/3608 3548/3898/3561 3363/3897/3560 3364/3944/3607
f 3400/3946/3609 3549/3899/3562 3548/3898/3561 3399/3945/3608
f 3565/3947/3610 3550/3900/3563 3549/3899/3562 3400/3946/3609
f 3416/3948/3611 3396/3901/3564 3550/3900/3563 3565/3947/3610
f 3366/3914/3577 3555/3915/3578 3552/3605/3321 3358/3906/3569
f 3554/3913/3576 3366/3914/3577 3358/3906/3569 3370/3905/3568
f 3370/3905/3568 3343/3904/3567 3369/3912/3575 3554/3913/3576
f 3343/3904/3567 3551/3903/3566 3574/3911/3574 3369/3912/3575
f 3551/3903/3566 3342/3902/3565 3394/3951/3614 3574/3911/3574
f 3566/3949/3612 3342/3902/3565 3396/3901/3564 3416/3948/3611
f 3380/3881/3544 3545/3880/3543 3410/3954/3617 3575/3955/3618
f 3429/3879/3542 3576/3932/3595 3410/3954/3617 3545/3880/3543
f 3352/3882/3545 3380/3881/3544 3575/3955/3618 3577/3883/3546
f 3414/3884/3547 3495/3765/3428 3577/3883/3546 3578/3956/3619
f 3569/3887/3550 3568/3952/3615 3563/3939/3602
f 3412/3885/3548 3383/3937/3600 3341/3938/3601 3353/3886/3549
f 3383/3937/3600 3412/3885/3548 3414/3884/3547 3413/3936/3599
f 3567/3950/3613 3394/3951/3614 3342/3902/3565 3566/3949/3612
f 3413/3936/3599 3414/3884/3547 3578/3956/3619 3426/3935/3598
f 3353/3886/3549 3341/3938/3601 3563/3939/3602 3568/3952/3615
f 3570/3953/3616 3424/3931/3594 3379/3602/3318 3571/3601/3317
f 3426/3935/3598 3578/3956/3619 3577/3883/3546 3575/3955/3618
f 3381/3934/3597 3426/3935/3598 3575/3955/3618 3410/3954/3617
f 3359/3933/3596 3381/3934/3597 3410/3954/3617 3576/3932/3595
f 3576/3932/3595 3429/3879/3542 3572/3603/3319 3379/3602/3318
f 3920/3957/3620 3919/3958/3621 3738/3959/3622
f 3682/3960/3623 3802/3961/3624 3745/3962/3625
f 4002/3963/3626 3678/3964/3387 3592/3965/3385 4003/3966/3627
f 3599/3967/3628 3819/3968/3629 3597/3969/3630 3598/3970/3631
f 3819/3968/3629 3820/3971/3632 3596/3972/3633 3597/3969/3630
f 3820/3971/3632 3821/3973/3634 3595/3974/3635 3596/3972/3633
f 3821/3973/3634 3822/3975/3636 3594/3976/3637 3595/3974/3635
f 3822/3975/3636 3818/3977/3638 3593/3978/3639 3594/3976/3637
f 3653/3979/3640 3737/3980/3641 3651/3981/3642 3652/3982/3643
f 3737/3980/3641 3715/3983/3644 3650/3984/3645 3651/3981/3642
f 3715/3983/3644 3823/3985/3646 3649/3986/3647 3650/3984/3645
f 3823/3985/3646 3714/3987/3648 3648/3988/3649 3649/3986/3647
f 3714/3987/3648 3824/3989/3650 3647/3990/3651 3648/3988/3649
f 3824/3989/3650 3825/3991/3652 3646/3992/3653 3647/3990/3651
f 3825/3991/3652 3826/3993/3654 3645/3994/3655 3646/3992/3653
f 3645/3994/3655 3826/3993/3654 3827/3995/3656 3644/3996/3657
f 3644/3996/3657 3827/3995/3656 3828/3997/3658 3643/3998/3659
f 3643/3998/3659 3828/3997/3658 3829/3999/3660 3642/4000/3661
f 3642/4000/3661 3829/3999/3660 3830/4001/3662 3641/4002/3663
f 3641/4002/3663 3830/4001/3662 3712/4003/3664 3640/4004/3665
f 3961/4005/3666 3960/4006/3667 3957/4007/3471 3331/4008/3469
f 3657/4009/3668 3831/4010/3669 3832/4011/3670 3656/4012/3671
f 3656/4012/3671 3832/4011/3670 3833/4013/3672 3655/4014/3673
f 3655/4014/3673 3833/4013/3672 3834/4015/3674 3654/4016/3675
f 3654/4016/3675 3834/4015/3674 3737/3980/3641 3653/3979/3640
f 4001/4017/3676 3586/4018/3389 3678/3964/3387 4002/3963/3626
f 4000/4019/3677 3677/4020/3391 3586/4018/3389 4001/4017/3676
f 3999/4021/3678 3676/4022/3393 3677/4020/3391 4000/4019/3677
f 3998/4023/3679 3675/4024/3395 3676/4022/3393 3999/4021/3678
f 3997/4025/3680 3585/4026/3397 3675/4024/3395 3998/4023/3679
f 3996/4027/3681 3674/4028/3399 3585/4026/3397 3997/4025/3680
f 3995/4029/3682 3673/4030/3401 3674/4028/3399 3996/4027/3681
f 3994/4031/3683 3672/4032/3403 3673/4030/3401 3995/4029/3682
f 3993/4033/3684 3587/4034/3405 3672/4032/3403 3994/4031/3683
f 3992/4035/3685 3671/4036/3407 3587/4034/3405 3993/4033/3684
f 3991/4037/3686 3588/4038/3409 3671/4036/3407 3992/4035/3685
f 3990/4039/3687 3670/4040/3411 3588/4038/3409 3991/4037/3686
f 3989/4041/3688 3958/4042/3413 3670/4040/3411 3990/4039/3687
f 3988/4043/3689 3324/4044/3415 3958/4042/3413 3989/4041/3688
f 3987/4045/3690 3325/4046/3417 3324/4044/3415 3988/4043/3689
f 3986/4047/3691 3584/4048/3419 3325/4046/3417 3987/4045/3690
f 3985/4049/3692 3326/4050/3421 3584/4048/3419 3986/4047/3691
f 3984/4051/3693 3669/4052/3423 3326/4050/3421 3985/4049/3692
f 3983/4053/3694 3668/4054/3425 3669/4052/3423 3984/4051/3693
f 3982/4055/3695 3583/4056/3427 3668/4054/3425 3983/4053/3694
f 3981/4057/3696 3667/4058/3429 3583/4056/3427 3982/4055/3695
f 3980/4059/3697 3666/4060/3431 3667/4058/3429 3981/4057/3696
f 3979/4061/3698 3665/4062/3433 3666/4060/3431 3980/4059/3697
f 3978/4063/3699 3582/4064/3435 3665/4062/3433 3979/4061/3698
f 3977/4065/3700 3664/4066/3437 3582/4064/3435 3978/4063/3699
f 3976/4067/3701 3581/4068/3439 3664/4066/3437 3977/4065/3700
f 3975/4069/3702 3663/4070/3441 3581/4068/3439 3976/4067/3701
f 3974/4071/3703 3662/4072/3443 3663/4070/3441 3975/4069/3702
f 3973/4073/3704 3327/4074/3445 3662/4072/3443 3974/4071/3703
f 3972/4075/3705 3580/4076/3447 3327/4074/3445 3973/4073/3704
f 3971/4077/3706 3661/4078/3449 3580/4076/3447 3972/4075/3705
f 3970/4079/3707 3959/4080/3451 3661/4078/3449 3971/4077/3706
f 3969/4081/3708 3660/4082/3453 3959/4080/3451 3970/4079/3707
f 3968/4083/3709 3589/4084/3455 3660/4082/3453 3969/4081/3708
f 3967/4085/3710 3328/4086/3457 3589/4084/3455 3968/4083/3709
f 3966/4087/3711 3659/4088/3459 3328/4086/3457 3967/4085/3710
f 3965/4089/3712 3329/4090/3461 3659/4088/3459 3966/4087/3711
f 3964/4091/3713 3590/4092/3463 3329/4090/3461 3965/4089/3712
f 3963/4093/3714 3964/4091/3713 3736/4094/3715 3861/4095/3716
f 3962/4096/3717 3963/4093/3714 3861/4095/3716 3862/4097/3718
f 3961/4005/3666 3962/4096/3717 3862/4097/3718 3831/4010/3669
f 3600/4098/3719 3863/4099/3720 3819/3968/3629 3599/3967/3628
f 3601/4100/3721 3864/4101/3722 3863/4099/3720 3600/4098/3719
f 3602/4102/3723 3729/4103/3724 3864/4101/3722 3601/4100/3721
f 3603/4104/3725 3728/4105/3726 3729/4103/3724 3602/4102/3723
f 3604/4106/3727 3865/4107/3728 3728/4105/3726 3603/4104/3725
f 3605/4108/3729 3866/4109/3730 3865/4107/3728 3604/4106/3727
f 3606/4110/3731 3867/4111/3732 3866/4109/3730 3605/4108/3729
f 3607/4112/3733 3868/4113/3734 3867/4111/3732 3606/4110/3731
f 3608/4114/3735 3869/4115/3736 3868/4113/3734 3607/4112/3733
f 3609/4116/3737 3870/4117/3738 3869/4115/3736 3608/4114/3735
f 3610/4118/3739 3734/4119/3740 3870/4117/3738 3609/4116/3737
f 3611/4120/3741 3750/4121/3742 3734/4119/3740 3610/4118/3739
f 3612/4122/3743 3871/4123/3744 3750/4121/3742 3611/4120/3741
f 3613/4124/3745 3683/4125/3746 3871/4123/3744 3612/4122/3743
f 3614/4126/3747 3756/4127/3748 3683/4125/3746 3613/4124/3745
f 3615/4128/3749 3872/4129/3750 3756/4127/3748 3614/4126/3747
f 3616/4130/3751 3873/4131/3752 3872/4129/3750 3615/4128/3749
f 3617/4132/3753 3684/4133/3754 3873/4131/3752 3616/4130/3751
f 3618/4134/3755 3874/4135/3756 3684/4133/3754 3617/4132/3753
f 3619/4136/3757 3875/4137/3758 3874/4135/3756 3618/4134/3755
f 3620/4138/3759 3876/4139/3760 3875/4137/3758 3619/4136/3757
f 3621/4140/3761 3788/4141/3762 3876/4139/3760 3620/4138/3759
f 3622/4142/3763 3793/4143/3764 3788/4141/3762 3621/4140/3761
f 3623/4144/3765 3778/4145/3766 3793/4143/3764 3622/4142/3763
f 3624/4146/3767 3877/4147/3768 3778/4145/3766 3623/4144/3765
f 3625/4148/3769 3878/4149/3770 3877/4147/3768 3624/4146/3767
f 3626/4150/3771 3781/4151/3772 3878/4149/3770 3625/4148/3769
f 3627/4152/3773 3697/4153/3774 3781/4151/3772 3626/4150/3771
f 3628/4154/3775 3879/4155/3776 3697/4153/3774 3627/4152/3773
f 3629/4156/3777 3880/4157/3778 3879/4155/3776 3628/4154/3775
f 3630/4158/3779 3881/4159/3780 3880/4157/3778 3629/4156/3777
f 3631/4160/3781 3882/4161/3782 3881/4159/3780 3630/4158/3779
f 3632/4162/3783 3883/4163/3784 3882/4161/3782 3631/4160/3781
f 3633/4164/3785 3884/4165/3786 3883/4163/3784 3632/4162/3783
f 3634/4166/3787 3885/4167/3788 3884/4165/3786 3633/4164/3785
f 3635/4168/3789 3699/4169/3790 3885/4167/3788 3634/4166/3787
f 3636/4170/3791 3701/4171/3792 3699/4169/3790 3635/4168/3789
f 3637/4172/3793 3689/4173/3794 3701/4171/3792 3636/4170/3791
f 3638/4174/3795 3886/4175/3796 3689/4173/3794 3637/4172/3793
f 3887/4176/3797 3886/4175/3796 3638/4174/3795 3591/4177/3798
f 3639/4178/3799 3888/4179/3800 3887/4176/3797 3591/4177/3798
f 3712/4003/3664 3888/4179/3800 3639/4178/3799 3640/4004/3665
f 3863/4099/3720 3704/4180/3801 3820/3971/3632 3819/3968/3629
f 3704/4180/3801 3686/4181/3802 3821/3973/3634 3820/3971/3632
f 3686/4181/3802 3702/4182/3803 3822/3975/3636 3821/3973/3634
f 3834/4015/3674 3889/4183/3804 3715/3983/3644 3737/3980/3641
f 3889/4183/3804 3716/4184/3805 3823/3985/3646 3715/3983/3644
f 3716/4184/3805 3755/4185/3806 3714/3987/3648 3823/3985/3646
f 3755/4185/3806 3753/4186/3807 3824/3989/3650 3714/3987/3648
f 3753/4186/3807 3890/4187/3808 3825/3991/3652 3824/3989/3650
f 3822/3975/3636 3702/4182/3803 3727/4188/3809 3818/3977/3638
f 3727/4188/3809 3891/4189/3810 3835/4190/3811 3818/3977/3638
f 3835/4190/3811 3891/4189/3810 3703/4191/3812 3836/4192/3813
f 3836/4192/3813 3703/4191/3812 3768/4193/3814 3837/4194/3815
f 3837/4194/3815 3768/4193/3814 3706/4195/3816 3838/4196/3817
f 3838/4196/3817 3706/4195/3816 3892/4197/3818 3839/4198/3819
f 3839/4198/3819 3892/4197/3818 3709/4199/3820 3840/4200/3821
f 3840/4200/3821 3709/4199/3820 3733/4201/3822 3841/4202/3823
f 3841/4202/3823 3733/4201/3822 3775/4203/3824 3842/4204/3825
f 3842/4204/3825 3775/4203/3824 3767/4205/3826 3732/4206/3827
f 3732/4206/3827 3767/4205/3826 3766/4207/3828 3843/4208/3829
f 3890/4187/3808 3893/4209/3830 3826/3993/3654 3825/3991/3652
f 3826/3993/3654 3893/4209/3830 3762/4210/3831 3827/3995/3656
f 3827/3995/3656 3762/4210/3831 3751/4211/3832 3828/3997/3658
f 3828/3997/3658 3751/4211/3832 3894/4212/3833 3829/3999/3660
f 3829/3999/3660 3894/4212/3833 3895/4213/3834 3830/4001/3662
f 3830/4001/3662 3895/4213/3834 3896/4214/3835 3712/4003/3664
f 3843/4208/3829 3766/4207/3828 3760/4215/3836 3717/4216/3837
f 3864/4101/3722 3705/4217/3838 3704/4180/3801 3863/4099/3720
f 3729/4103/3724 3799/4218/3839 3705/4217/3838 3864/4101/3722
f 3833/4013/3672 3691/4219/3840 3889/4183/3804 3834/4015/3674
f 3832/4011/3670 3752/4220/3841 3691/4219/3840 3833/4013/3672
f 3831/4010/3669 3862/4097/3718 3752/4220/3841 3832/4011/3670
f 3728/4105/3726 3801/4221/3842 3799/4218/3839 3729/4103/3724
f 3865/4107/3728 3897/4222/3843 3801/4221/3842 3728/4105/3726
f 3866/4109/3730 3708/4223/3844 3897/4222/3843 3865/4107/3728
f 3867/4111/3732 3707/4224/3845 3708/4223/3844 3866/4109/3730
f 3868/4113/3734 3731/4225/3846 3707/4224/3845 3867/4111/3732
f 3869/4115/3736 3898/4226/3847 3731/4225/3846 3868/4113/3734
f 3870/4117/3738 3899/4227/3848 3898/4226/3847 3869/4115/3736
f 3734/4119/3740 3900/4228/3849 3899/4227/3848 3870/4117/3738
f 3750/4121/3742 3692/4229/3850 3900/4228/3849 3734/4119/3740
f 3871/4123/3744 3749/4230/3851 3692/4229/3850 3750/4121/3742
f 3683/4125/3746 3726/4231/3852 3749/4230/3851 3871/4123/3744
f 3873/4131/3752 3757/4232/3853 3748/4233/3854 3872/4129/3750
f 3872/4129/3750 3748/4233/3854 3747/4234/3855 3756/4127/3748
f 3756/4127/3748 3747/4234/3855 3726/4231/3852 3683/4125/3746
f 3684/4133/3754 3764/4235/3856 3757/4232/3853 3873/4131/3752
f 3874/4135/3756 3790/4236/3857 3764/4235/3856 3684/4133/3754
f 3875/4137/3758 3789/4237/3858 3790/4236/3857 3874/4135/3756
f 3876/4139/3760 3795/4238/3859 3789/4237/3858 3875/4137/3758
f 3788/4141/3762 3787/4239/3860 3795/4238/3859 3876/4139/3760
f 3793/4143/3764 3792/4240/3861 3787/4239/3860 3788/4141/3762
f 3778/4145/3766 3777/4241/3862 3792/4240/3861 3793/4143/3764
f 3877/4147/3768 3901/4242/3863 3777/4241/3862 3778/4145/3766
f 3878/4149/3770 3779/4243/3864 3901/4242/3863 3877/4147/3768
f 3781/4151/3772 3902/4244/3865 3779/4243/3864 3878/4149/3770
f 3697/4153/3774 3903/4245/3866 3902/4244/3865 3781/4151/3772
f 3879/4155/3776 3904/4246/3867 3903/4245/3866 3697/4153/3774
f 3880/4157/3778 3905/4247/3868 3904/4246/3867 3879/4155/3776
f 3881/4159/3780 3695/4248/3869 3905/4247/3868 3880/4157/3778
f 3882/4161/3782 3796/4249/3870 3695/4248/3869 3881/4159/3780
f 3883/4163/3784 3817/4250/3871 3796/4249/3870 3882/4161/3782
f 3884/4165/3786 3906/4251/3872 3817/4250/3871 3883/4163/3784
f 3885/4167/3788 3744/4252/3873 3906/4251/3872 3884/4165/3786
f 3907/4253/3874 3744/4252/3873 3885/4167/3788 3699/4169/3790
f 3857/4254/3875 3908/4255/3876 3711/4256/3877 3858/4257/3878
f 3858/4257/3878 3711/4256/3877 3713/4258/3879 3859/4259/3880
f 3859/4259/3880 3713/4258/3879 3809/4260/3881 3735/4261/3882
f 3735/4261/3882 3809/4260/3881 3815/4262/3883 3860/4263/3884
f 3860/4263/3884 3815/4262/3883 3813/4264/3885 3736/4094/3715
f 3856/4265/3886 3710/4266/3887 3908/4255/3876 3857/4254/3875
f 3855/4267/3888 3806/4268/3889 3710/4266/3887 3856/4265/3886
f 3725/4269/3890 3802/3961/3624 3806/4268/3889 3855/4267/3888
f 3724/4270/3891 3909/4271/3892 3802/3961/3624 3725/4269/3890
f 3854/4272/3893 3746/4273/3894 3909/4271/3892 3724/4270/3891
f 3853/4274/3895 3742/4275/3896 3746/4273/3894 3854/4272/3893
f 3852/4276/3897 3698/4277/3898 3742/4275/3896 3853/4274/3895
f 3740/4278/3899 3741/4279/3900 3698/4277/3898 3852/4276/3897
f 3739/4280/3901 3954/4281/3902 3741/4279/3900 3740/4278/3899
f 3721/4282/3903 3910/4283/3904 3954/4281/3902 3739/4280/3901
f 3719/4284/3905 3816/4285/3906 3910/4283/3904 3721/4282/3903
f 3720/4286/3907 3785/4287/3908 3816/4285/3906 3719/4284/3905
f 3850/4288/3909 3911/4289/3910 3810/4290/3911 3851/4291/3912
f 3851/4291/3912 3810/4290/3911 3785/4287/3908 3720/4286/3907
f 3849/4292/3913 3912/4293/3914 3911/4289/3910 3850/4288/3909
f 3848/4294/3915 3812/4295/3916 3912/4293/3914 3849/4292/3913
f 3718/4296/3917 3811/4297/3918 3812/4295/3916 3848/4294/3915
f 3847/4298/3919 3913/4299/3920 3811/4297/3918 3718/4296/3917
f 3846/4300/3921 3694/4301/3922 3913/4299/3920 3847/4298/3919
f 3845/4302/3923 3914/4303/3924 3694/4301/3922 3846/4300/3921
f 3844/4304/3925 3693/4305/3926 3914/4303/3924 3845/4302/3923
f 3717/4216/3837 3760/4215/3836 3693/4305/3926 3844/4304/3925
f 3888/4179/3800 3786/4306/3927 3915/4307/3928 3887/4176/3797
f 3915/4307/3928 3688/4308/3929 3886/4175/3796 3887/4176/3797
f 3886/4175/3796 3688/4308/3929 3916/4309/3930 3689/4173/3794
f 3689/4173/3794 3916/4309/3930 3917/4310/3931 3701/4171/3792
f 3701/4171/3792 3917/4310/3931 3700/4311/3932 3699/4169/3790
f 3712/4003/3664 3896/4214/3835 3786/4306/3927 3888/4179/3800
f 3705/4217/3838 3918/4312/3933 3686/4181/3802 3704/4180/3801
f 3691/4219/3840 3919/3958/3621 3716/4184/3805 3889/4183/3804
f 3918/4312/3933 3685/4313/3934 3702/4182/3803 3686/4181/3802
f 3685/4313/3934 3891/4189/3810 3727/4188/3809 3702/4182/3803
f 3919/3958/3621 3920/3957/3620 3755/4185/3806 3716/4184/3805
f 3736/4094/3715 3813/4264/3885 3921/4314/3935 3861/4095/3716
f 3862/4097/3718 3861/4095/3716 3738/3959/3622 3752/4220/3841
f 3752/4220/3841 3738/3959/3622 3919/3958/3621 3691/4219/3840
f 3920/3957/3620 3921/4314/3935 3753/4186/3807 3755/4185/3806
f 3891/4189/3810 3685/4313/3934 3922/4315/3936 3703/4191/3812
f 3703/4191/3812 3922/4315/3936 3761/4316/3937 3768/4193/3814
f 3768/4193/3814 3761/4316/3937 3687/4317/3938 3706/4195/3816
f 3706/4195/3816 3687/4317/3938 3923/4318/3939 3892/4197/3818
f 3892/4197/3818 3923/4318/3939 3771/4319/3940 3709/4199/3820
f 3709/4199/3820 3771/4319/3940 3774/4320/3941 3733/4201/3822
f 3733/4201/3822 3774/4320/3941 3924/4321/3942 3775/4203/3824
f 3775/4203/3824 3924/4321/3942 3765/4322/3943 3767/4205/3826
f 3767/4205/3826 3765/4322/3943 3759/4323/3944 3766/4207/3828
f 3766/4207/3828 3759/4323/3944 3758/4324/3945 3760/4215/3836
f 3760/4215/3836 3758/4324/3945 3679/4325/3946 3693/4305/3926
f 3693/4305/3926 3679/4325/3946 3773/4326/3947 3914/4303/3924
f 3699/4169/3790 3700/4311/3932 3925/4327/3948 3907/4253/3874
f 3907/4253/3874 3925/4327/3948 3926/4328/3949 3744/4252/3873
f 3744/4252/3873 3926/4328/3949 3743/4329/3950 3906/4251/3872
f 3906/4251/3872 3743/4329/3950 3927/4330/3951 3817/4250/3871
f 3817/4250/3871 3927/4330/3951 3928/4331/3952 3796/4249/3870
f 3796/4249/3870 3928/4331/3952 3797/4332/3953 3695/4248/3869
f 3695/4248/3869 3797/4332/3953 3929/4333/3954 3905/4247/3868
f 3905/4247/3868 3929/4333/3954 3952/4334/3955 3904/4246/3867
f 3722/4335/3956 3696/4336/3957 3903/4245/3866 3904/4246/3867
f 3903/4245/3866 3696/4336/3957 3782/4337/3958 3902/4244/3865
f 3902/4244/3865 3782/4337/3958 3780/4338/3959 3779/4243/3864
f 3779/4243/3864 3780/4338/3959 3776/4339/3960 3901/4242/3863
f 3901/4242/3863 3776/4339/3960 3783/4340/3961 3777/4241/3862
f 3777/4241/3862 3783/4340/3961 3930/4341/3962 3792/4240/3861
f 3792/4240/3861 3930/4341/3962 3931/4342/3963 3787/4239/3860
f 3787/4239/3860 3931/4342/3963 3794/4343/3964 3795/4238/3859
f 3795/4238/3859 3794/4343/3964 3932/4344/3965 3789/4237/3858
f 3789/4237/3858 3932/4344/3965 3933/4345/3966 3790/4236/3857
f 3790/4236/3857 3933/4345/3966 3934/4346/3967 3764/4235/3856
f 3764/4235/3856 3934/4346/3967 3763/4347/3968 3757/4232/3853
f 3757/4232/3853 3763/4347/3968 3772/4348/3969 3748/4233/3854
f 3748/4233/3854 3772/4348/3969 3773/4326/3947 3747/4234/3855
f 3747/4234/3855 3773/4326/3947 3679/4325/3946 3726/4231/3852
f 3726/4231/3852 3679/4325/3946 3758/4324/3945 3749/4230/3851
f 3749/4230/3851 3758/4324/3945 3759/4323/3944 3692/4229/3850
f 3692/4229/3850 3759/4323/3944 3765/4322/3943 3900/4228/3849
f 3900/4228/3849 3765/4322/3943 3924/4321/3942 3899/4227/3848
f 3899/4227/3848 3924/4321/3942 3774/4320/3941 3898/4226/3847
f 3898/4226/3847 3774/4320/3941 3769/4349/3970 3731/4225/3846
f 3731/4225/3846 3769/4349/3970 3949/4350/3971 3707/4224/3845
f 3770/4351/3972 3800/4352/3973 3708/4223/3844 3707/4224/3845
f 3708/4223/3844 3800/4352/3973 3730/4353/3974 3897/4222/3843
f 3897/4222/3843 3730/4353/3974 3922/4315/3936 3801/4221/3842
f 3801/4221/3842 3922/4315/3936 3685/4313/3934 3799/4218/3839
f 3799/4218/3839 3685/4313/3934 3918/4312/3933 3705/4217/3838
f 3914/4303/3924 3773/4326/3947 3772/4348/3969 3694/4301/3922
f 3917/4310/3931 3682/3960/3623 3745/3962/3625 3700/4311/3932
f 3916/4309/3930 3688/4308/3929 3682/3960/3623 3917/4310/3931
f 3688/4308/3929 3915/4307/3928 3944/4354/3975 3682/3960/3623
f 3807/4355/3976 3944/4354/3975 3915/4307/3928 3786/4306/3927
f 3913/4299/3920 3805/4356/3977 3791/4357/3978 3811/4297/3918
f 3811/4297/3918 3791/4357/3978 3935/4358/3979 3812/4295/3916
f 3694/4301/3922 3936/4359/3980 3805/4356/3977 3913/4299/3920
f 3812/4295/3916 3794/4343/3964 3937/4360/3981 3912/4293/3914
f 3912/4293/3914 3937/4360/3981 3947/4361/3982 3911/4289/3910
f 3911/4289/3910 3784/4362/3983 3938/4363/3984 3810/4290/3911
f 3810/4290/3911 3938/4363/3984 3956/4364/3985 3785/4287/3908
f 3939/4365/3986 3680/4366/3987 3816/4285/3906 3785/4287/3908
f 3816/4285/3906 3680/4366/3987 3940/4367/3988 3910/4283/3904
f 3941/4368/3989 3798/4369/3990 3741/4279/3900 3954/4281/3902
f 3741/4279/3900 3798/4369/3990 3681/4370/3991 3698/4277/3898
f 3698/4277/3898 3681/4370/3991 3942/4371/3992 3742/4275/3896
f 3742/4275/3896 3942/4371/3992 3723/4372/3993 3746/4273/3894
f 3746/4273/3894 3723/4372/3993 3943/4373/3994 3909/4271/3892
f 3909/4271/3892 3943/4373/3994 3745/3962/3625 3802/3961/3624
f 3806/4268/3889 3944/4354/3975 3807/4355/3976 3710/4266/3887
f 3710/4266/3887 3807/4355/3976 3804/4374/3995 3908/4255/3876
f 3908/4255/3876 3804/4374/3995 3803/4375/3996 3711/4256/3877
f 3711/4256/3877 3803/4375/3996 3690/4376/3997 3713/4258/3879
f 3713/4258/3879 3690/4376/3997 3808/4377/3998 3809/4260/3881
f 3809/4260/3881 3808/4377/3998 3945/4378/3999 3815/4262/3883
f 3815/4262/3883 3945/4378/3999 3814/4379/4000 3813/4264/3885
f 3682/3960/3623 3944/4354/3975 3806/4268/3889 3802/3961/3624
f 3895/4213/3834 3803/4375/3996 3804/4374/3995 3896/4214/3835
f 3894/4212/3833 3690/4376/3997 3803/4375/3996 3895/4213/3834
f 3751/4211/3832 3808/4377/3998 3690/4376/3997 3894/4212/3833
f 3762/4210/3831 3945/4378/3999 3808/4377/3998 3751/4211/3832
f 3893/4209/3830 3814/4379/4000 3945/4378/3999 3762/4210/3831
f 3754/4380/4001 3814/4379/4000 3893/4209/3830 3890/4187/3808
f 3753/4186/3807 3921/4314/3935 3754/4380/4001 3890/4187/3808
f 3896/4214/3835 3804/4374/3995 3807/4355/3976 3786/4306/3927
f 3694/4301/3922 3772/4348/3969 3763/4347/3968 3936/4359/3980
f 3943/4373/3994 3925/4327/3948 3700/4311/3932 3745/3962/3625
f 3813/4264/3885 3814/4379/4000 3754/4380/4001 3921/4314/3935
f 3935/4358/3979 3932/4344/3965 3794/4343/3964 3812/4295/3916
f 3931/4342/3963 3947/4361/3982 3937/4360/3981 3794/4343/3964
f 3925/4327/3948 3943/4373/3994 3723/4372/3993 3926/4328/3949
f 3926/4328/3949 3723/4372/3993 3942/4371/3992 3743/4329/3950
f 3861/4095/3716 3921/4314/3935 3920/3957/3620 3738/3959/3622
f 3946/4381/4002 3784/4362/3983 3911/4289/3910 3947/4361/3982
f 3771/4319/3940 3949/4350/3971 3769/4349/3970 3774/4320/3941
f 3948/4382/4003 3770/4351/3972 3707/4224/3845 3949/4350/3971
f 3730/4353/3974 3800/4352/3973 3761/4316/3937 3922/4315/3936
f 3800/4352/3973 3770/4351/3972 3687/4317/3938 3761/4316/3937
f 3687/4317/3938 3770/4351/3972 3948/4382/4003 3923/4318/3939
f 3923/4318/3939 3948/4382/4003 3949/4350/3971 3771/4319/3940
f 3743/4329/3950 3942/4371/3992 3681/4370/3991 3927/4330/3951
f 3927/4330/3951 3681/4370/3991 3798/4369/3990 3928/4331/3952
f 3928/4331/3952 3798/4369/3990 3941/4368/3989 3797/4332/3953
f 3797/4332/3953 3941/4368/3989 3950/4383/4004 3929/4333/3954
f 3950/4383/4004 3951/4384/4005 3952/4334/3955 3929/4333/3954
f 3951/4384/4005 3722/4335/3956 3904/4246/3867 3952/4334/3955
f 3936/4359/3980 3763/4347/3968 3934/4346/3967 3805/4356/3977
f 3805/4356/3977 3934/4346/3967 3933/4345/3966 3791/4357/3978
f 3791/4357/3978 3933/4345/3966 3932/4344/3965 3935/4358/3979
f 3941/4368/3989 3954/4281/3902 3953/4385/4006 3950/4383/4004
f 3953/4385/4006 3954/4281/3902 3910/4283/3904 3940/4367/3988
f 3930/4341/3962 3946/4381/4002 3947/4361/3982 3931/4342/3963
f 3783/4340/3961 3784/4362/3983 3946/4381/4002 3930/4341/3962
f 3783/4340/3961 3956/4364/3985 3938/4363/3984 3784/4362/3983
f 3955/4386/4007 3939/4365/3986 3785/4287/3908 3956/4364/3985
f 3776/4339/3960 3955/4386/4007 3956/4364/3985 3783/4340/3961
f 3780/4338/3959 3939/4365/3986 3955/4386/4007 3776/4339/3960
f 3939/4365/3986 3780/4338/3959 3782/4337/3958 3680/4366/3987
f 3696/4336/3957 3722/4335/3956 3680/4366/3987 3782/4337/3958
f 3722/4335/3956 3951/4384/4005 3940/4367/3988 3680/4366/3987
f 3953/4385/4006 3940/4367/3988 3951/4384/4005 3950/4383/4004
f 4003/3966/3627 3593/3978/3639 3818/3977/3638 4002/3963/3626
f 3831/4010/3669 3657/4009/3668 3960/4006/3667 3961/4005/3666
f 4002/3963/3626 3818/3977/3638 3835/4190/3811 4001/4017/3676
f 4001/4017/3676 3835/4190/3811 3836/4192/3813 4000/4019/3677
f 4000/4019/3677 3836/4192/3813 3837/4194/3815 3999/4021/3678
f 3999/4021/3678 3837/4194/3815 3838/4196/3817 3998/4023/3679
f 3998/4023/3679 3838/4196/3817 3839/4198/3819 3997/4025/3680
f 3997/4025/3680 3839/4198/3819 3840/4200/3821 3996/4027/3681
f 3996/4027/3681 3840/4200/3821 3841/4202/3823 3995/4029/3682
f 3995/4029/3682 3841/4202/3823 3842/4204/3825 3994/4031/3683
f 3994/4031/3683 3842/4204/3825 3732/4206/3827 3993/4033/3684
f 3993/4033/3684 3732/4206/3827 3843/4208/3829 3992/4035/3685
f 3992/4035/3685 3843/4208/3829 3717/4216/3837 3991/4037/3686
f 3991/4037/3686 3717/4216/3837 3844/4304/3925 3990/4039/3687
f 3990/4039/3687 3844/4304/3925 3845/4302/3923 3989/4041/3688
f 3989/4041/3688 3845/4302/3923 3846/4300/3921 3988/4043/3689
f 3988/4043/3689 3846/4300/3921 3847/4298/3919 3987/4045/3690
f 3987/4045/3690 3847/4298/3919 3718/4296/3917 3986/4047/3691
f 3986/4047/3691 3718/4296/3917 3848/4294/3915 3985/4049/3692
f 3985/4049/3692 3848/4294/3915 3849/4292/3913 3984/4051/3693
f 3984/4051/3693 3849/4292/3913 3850/4288/3909 3983/4053/3694
f 3983/4053/3694 3850/4288/3909 3851/4291/3912 3982/4055/3695
f 3982/4055/3695 3851/4291/3912 3720/4286/3907 3981/4057/3696
f 3981/4057/3696 3720/4286/3907 3719/4284/3905 3980/4059/3697
f 3980/4059/3697 3719/4284/3905 3721/4282/3903 3979/4061/3698
f 3979/4061/3698 3721/4282/3903 3739/4280/3901 3978/4063/3699
f 3978/4063/3699 3739/4280/3901 3740/4278/3899 3977/4065/3700
f 3977/4065/3700 3740/4278/3899 3852/4276/3897 3976/4067/3701
f 3976/4067/3701 3852/4276/3897 3853/4274/3895 3975/4069/3702
f 3975/4069/3702 3853/4274/3895 3854/4272/3893 3974/4071/3703
f 3974/4071/3703 3854/4272/3893 3724/4270/3891 3973/4073/3704
f 3973/4073/3704 3724/4270/3891 3725/4269/3890 3972/4075/3705
f 3972/4075/3705 3725/4269/3890 3855/4267/3888 3971/4077/3706
f 3971/4077/3706 3855/4267/3888 3856/4265/3886 3970/4079/3707
f 3970/4079/3707 3856/4265/3886 3857/4254/3875 3969/4081/3708
f 3969/4081/3708 3857/4254/3875 3858/4257/3878 3968/4083/3709
f 3968/4083/3709 3858/4257/3878 3859/4259/3880 3967/4085/3710
f 3967/4085/3710 3859/4259/3880 3735/4261/3882 3966/4087/3711
f 3966/4087/3711 3735/4261/3882 3860/4263/3884 3965/4089/3712
f 3965/4089/3712 3860/4263/3884 3736/4094/3715 3964/4091/3713
f 3330/4387/3465 3590/4092/3463 3964/4091/3713 3963/4093/3714
f 3658/4388/3467 3330/4387/3465 3963/4093/3714 3962/4096/3717
f 3331/4008/3469 3658/4388/3467 3962/4096/3717 3961/4005/3666
f 2158/3372/2168 2289/3373/2169 3214/3373/3097 3083/3372/3096
f 2159/3375/2170 2158/3372/2168 3083/3372/3096 3084/3375/3099
f 2160/3377/2172 2159/3375/2170 3084/3375/3099 3085/3377/3101
f 2161/3380/2176 2160/3377/2172 3085/3377/3101 3086/3380/3104
f 2162/3382/2178 2161/3380/2176 3086/3380/3104 3087/3382/3106
f 2163/3384/2179 2162/3382/2178 3087/3382/3106 3088/3384/3108
f 2164/3385/2181 2163/3384/2179 3088/3384/3108 3089/3385/3109
f 2165/3386/2184 2164/3385/2181 3089/3385/3109 3090/3386/3110
f 2166/3388/2186 2165/3386/2184 3090/3386/3110 3091/3388/3112
f 2167/3390/2188 2166/3388/2186 3091/3388/3112 3092/3390/3114
f 2168/3392/2190 2167/3390/2188 3092/3390/3114 3093/3392/3116
f 2169/3394/2192 2168/3392/2190 3093/3392/3116 3094/3394/3118
f 2170/3396/2194 2169/3394/2192 3094/3394/3118 3095/3396/3120
f 2187/3400/2198 2186/3397/2197 3111/3397/3121 3112/3400/3124
f 2186/3397/2197 2185/3454/2253 3110/3454/3178 3111/3397/3121
f 2185/3454/2253 2184/3455/2254 3109/3455/3179 3110/3454/3178
f 2184/3455/2254 2183/3456/2255 3108/3456/3180 3109/3455/3179
f 2183/3456/2255 2182/3457/2257 3107/3457/3181 3108/3456/3180
f 2182/3457/2257 2181/3460/2259 3106/3460/3184 3107/3457/3181
f 2181/3460/2259 2180/3461/2260 3105/3461/3185 3106/3460/3184
f 2180/3461/2260 2179/3462/2261 3104/3462/3186 3105/3461/3185
f 2179/3462/2261 2178/3463/2262 3103/3463/3187 3104/3462/3186
f 2178/3463/2262 2177/3464/2263 3102/3464/3188 3103/3463/3187
f 2177/3464/2263 2176/3465/2264 3101/3465/3189 3102/3464/3188
f 2176/3465/2264 2175/3466/2265 3100/3466/3190 3101/3465/3189
f 2175/3466/2265 2174/3467/2266 3099/3467/3191 3100/3466/3190
f 2174/3467/2266 2173/3468/2267 3098/3468/3192 3099/3467/3191
f 2173/3468/2267 2172/3469/2268 3097/3469/3193 3098/3468/3192
f 2172/3469/2268 2171/3470/2269 3096/3470/3194 3097/3469/3193
f 2171/3470/2269 2170/3396/2194 3095/3396/3120 3096/3470/3194
f 2268/3472/2270 2187/3473/2198 3112/3473/3124 3193/3472/3196
f 2267/3471/2271 2268/3472/2270 3193/3472/3196 3192/3471/3195
f 2266/3483/2276 2267/3471/2271 3192/3471/3195 3191/3483/3201
f 2265/3485/2278 2266/3483/2276 3191/3483/3201 3190/3485/3203
f 2264/3487/2280 2265/3485/2278 3190/3485/3203 3189/3487/3205
f 2263/3490/2282 2264/3487/2280 3189/3487/3205 3188/3490/3208
f 2262/3492/2284 2263/3490/2282 3188/3490/3208 3187/3492/3210
f 2261/3494/2286 2262/3492/2284 3187/3492/3210 3186/3494/3212
f 2260/3496/2288 2261/3494/2286 3186/3494/3212 3185/3496/3214
f 2259/3498/2290 2260/3496/2288 3185/3496/3214 3184/3498/3216
f 2258/3500/2292 2259/3498/2290 3184/3498/3216 3183/3500/3218
f 2257/3502/2294 2258/3500/2292 3183/3500/3218 3182/3502/3220
f 2256/3504/2296 2257/3502/2294 3182/3502/3220 3181/3504/3222
f 2255/3506/2298 2256/3504/2296 3181/3504/3222 3180/3506/3224
f 2254/3508/2301 2255/3506/2298 3180/3506/3224 3179/3508/3226
f 2253/3510/2303 2254/3508/2301 3179/3508/3226 3178/3510/3228
f 2252/3512/2305 2253/3510/2303 3178/3510/3228 3177/3512/3230
f 2251/3514/2307 2252/3512/2305 3177/3512/3230 3176/3514/3232
f 2250/3516/2308 2251/3514/2307 3176/3514/3232 3175/3516/3234
f 2249/3517/2310 2250/3516/2308 3175/3516/3234 3174/3517/3235
f 2306/3520/2312 2249/3517/2310 3174/3517/3235 3231/3520/3238
f 2289/3528/2169 2290/3527/2319 3215/3527/3244 3214/3528/3097
f 2305/3530/2320 2306/3520/2312 3231/3520/3238 3230/3530/3246
f 2304/3532/2322 2305/3530/2320 3230/3530/3246 3229/3532/3248
f 2303/3534/2324 2304/3532/2322 3229/3532/3248 3228/3534/3250
f 2302/3536/2326 2303/3534/2324 3228/3534/3250 3227/3536/3252
f 2301/3538/2328 2302/3536/2326 3227/3536/3252 3226/3538/3254
f 2300/3539/2330 2301/3538/2328 3226/3538/3254 3225/3539/3255
f 2299/3542/2332 2300/3539/2330 3225/3539/3255 3224/3542/3258
f 2298/3544/2334 2299/3542/2332 3224/3542/3258 3223/3544/3260
f 2297/3546/2336 2298/3544/2334 3223/3544/3260 3222/3546/3262
f 2296/3548/2338 2297/3546/2336 3222/3546/3262 3221/3548/3264
f 2295/3550/2340 2296/3548/2338 3221/3548/3264 3220/3550/3266
f 2294/3552/2342 2295/3550/2340 3220/3550/3266 3219/3552/3268
f 2293/3554/2344 2294/3552/2342 3219/3552/3268 3218/3554/3270
f 2292/3556/2346 2293/3554/2344 3218/3554/3270 3217/3556/3272
f 2291/3558/2348 2292/3556/2346 3217/3556/3272 3216/3558/3274
f 2290/3527/2319 2291/3558/2348 3216/3558/3274 3215/3527/3244
f 2368/3607/2398 2275/3608/2372 3200/3608/3297 3293/3607/3323
f 2275/3711/2372 2393/3712/2450 3318/3712/3375 3200/3711/3297
f 2393/3712/2450 2394/3713/2452 3319/3713/3376 3318/3712/3375
f 2394/3713/2452 2395/3715/2454 3320/3715/3378 3319/3713/3376
f 2395/3715/2454 2396/3717/2456 3321/3717/3380 3320/3715/3378
f 2396/3717/2456 2397/3719/2458 3322/3719/3382 3321/3717/3380
f 2397/3719/2458 2398/3721/2459 3323/3721/3384 3322/3719/3382
f 2398/3721/2459 2667/3722/2460 3592/3722/3385 3323/3721/3384
f 3032/3808/2547 2363/3810/2549 3288/3810/3473 3957/3808/3471
f 2363/3810/2549 2364/3812/2550 3289/3812/3475 3288/3810/3473
f 2364/3812/2550 2365/3814/2552 3290/3814/3477 3289/3812/3475
f 2365/3814/2552 2366/3815/2553 3291/3815/3478 3290/3814/3477
f 2366/3815/2553 2367/3816/2555 3292/3816/3479 3291/3815/3478
f 2367/3816/2555 2368/3607/2398 3293/3607/3323 3292/3816/3479
f 2667/3965/2460 3078/3966/2702 4003/3966/3627 3592/3965/3385
f 2673/3970/2706 2674/3967/2705 3599/3967/3628 3598/3970/3631
f 2672/3969/2703 2673/3970/2706 3598/3970/3631 3597/3969/3630
f 2671/3972/2707 2672/3969/2703 3597/3969/3630 3596/3972/3633
f 2670/3974/2709 2671/3972/2707 3596/3972/3633 3595/3974/3635
f 2669/3976/2711 2670/3974/2709 3595/3974/3635 3594/3976/3637
f 2668/3978/2713 2669/3976/2711 3594/3976/3637 3593/3978/3639
f 2727/3982/2718 2728/3979/2717 3653/3979/3640 3652/3982/3643
f 2726/3981/2715 2727/3982/2718 3652/3982/3643 3651/3981/3642
f 2725/3984/2719 2726/3981/2715 3651/3981/3642 3650/3984/3645
f 2724/3986/2721 2725/3984/2719 3650/3984/3645 3649/3986/3647
f 2723/3988/2723 2724/3986/2721 3649/3986/3647 3648/3988/3649
f 2722/3990/2725 2723/3988/2723 3648/3988/3649 3647/3990/3651
f 2721/3992/2727 2722/3990/2725 3647/3990/3651 3646/3992/3653
f 2720/3994/2729 2721/3992/2727 3646/3992/3653 3645/3994/3655
f 2719/3996/2732 2720/3994/2729 3645/3994/3655 3644/3996/3657
f 2718/3998/2734 2719/3996/2732 3644/3996/3657 3643/3998/3659
f 2717/4000/2736 2718/3998/2734 3643/3998/3659 3642/4000/3661
f 2716/4002/2738 2717/4000/2736 3642/4000/3661 3641/4002/3663
f 2715/4004/2740 2716/4002/2738 3641/4002/3663 3640/4004/3665
f 3035/4006/2741 3032/4007/2547 3957/4007/3471 3960/4006/3667
f 2731/4012/2746 2732/4009/2745 3657/4009/3668 3656/4012/3671
f 2730/4014/2748 2731/4012/2746 3656/4012/3671 3655/4014/3673
f 2729/4016/2750 2730/4014/2748 3655/4014/3673 3654/4016/3675
f 2728/3979/2717 2729/4016/2750 3654/4016/3675 3653/3979/3640
f 2674/3967/2705 2675/4098/2795 3600/4098/3719 3599/3967/3628
f 2675/4098/2795 2676/4100/2797 3601/4100/3721 3600/4098/3719
f 2676/4100/2797 2677/4102/2799 3602/4102/3723 3601/4100/3721
f 2677/4102/2799 2678/4104/2801 3603/4104/3725 3602/4102/3723
f 2678/4104/2801 2679/4106/2803 3604/4106/3727 3603/4104/3725
f 2679/4106/2803 2680/4108/2805 3605/4108/3729 3604/4106/3727
f 2680/4108/2805 2681/4110/2807 3606/4110/3731 3605/4108/3729
f 2681/4110/2807 2682/4112/2809 3607/4112/3733 3606/4110/3731
f 2682/4112/2809 2683/4114/2811 3608/4114/3735 3607/4112/3733
f 2683/4114/2811 2684/4116/2813 3609/4116/3737 3608/4114/3735
f 2684/4116/2813 2685/4118/2815 3610/4118/3739 3609/4116/3737
f 2685/4118/2815 2686/4120/2817 3611/4120/3741 3610/4118/3739
f 2686/4120/2817 2687/4122/2819 3612/4122/3743 3611/4120/3741
f 2687/4122/2819 2688/4124/2821 3613/4124/3745 3612/4122/3743
f 2688/4124/2821 2689/4126/2823 3614/4126/3747 3613/4124/3745
f 2689/4126/2823 2690/4128/2825 3615/4128/3749 3614/4126/3747
f 2690/4128/2825 2691/4130/2827 3616/4130/3751 3615/4128/3749
f 2691/4130/2827 2692/4132/2829 3617/4132/3753 3616/4130/3751
f 2692/4132/2829 2693/4134/2831 3618/4134/3755 3617/4132/3753
f 2693/4134/2831 2694/4136/2833 3619/4136/3757 3618/4134/3755
f 2694/4136/2833 2695/4138/2835 3620/4138/3759 3619/4136/3757
f 2695/4138/2835 2696/4140/2837 3621/4140/3761 3620/4138/3759
f 2696/4140/2837 2697/4142/2839 3622/4142/3763 3621/4140/3761
f 2697/4142/2839 2698/4144/2841 3623/4144/3765 3622/4142/3763
f 2698/4144/2841 2699/4146/2843 3624/4146/3767 3623/4144/3765
f 2699/4146/2843 2700/4148/2845 3625/4148/3769 3624/4146/3767
f 2700/4148/2845 2701/4150/2847 3626/4150/3771 3625/4148/3769
f 2701/4150/2847 2702/4152/2849 3627/4152/3773 3626/4150/3771
f 2702/4152/2849 2703/4154/2851 3628/4154/3775 3627/4152/3773
f 2703/4154/2851 2704/4156/2853 3629/4156/3777 3628/4154/3775
f 2704/4156/2853 2705/4158/2855 3630/4158/3779 3629/4156/3777
f 2705/4158/2855 2706/4160/2857 3631/4160/3781 3630/4158/3779
f 2706/4160/2857 2707/4162/2859 3632/4162/3783 3631/4160/3781
f 2707/4162/2859 2708/4164/2861 3633/4164/3785 3632/4162/3783
f 2708/4164/2861 2709/4166/2863 3634/4166/3787 3633/4164/3785
f 2709/4166/2863 2710/4168/2865 3635/4168/3789 3634/4166/3787
f 2710/4168/2865 2711/4170/2867 3636/4170/3791 3635/4168/3789
f 2711/4170/2867 2712/4172/2869 3637/4172/3793 3636/4170/3791
f 2712/4172/2869 2713/4174/2871 3638/4174/3795 3637/4172/3793
f 2713/4174/2871 2666/4177/2873 3591/4177/3798 3638/4174/3795
f 2666/4177/2873 2714/4178/2875 3639/4178/3799 3591/4177/3798
f 2714/4178/2875 2715/4004/2740 3640/4004/3665 3639/4178/3799
f 3078/3966/2702 2668/3978/2713 3593/3978/3639 4003/3966/3627
f 2732/4009/2745 3035/4006/2741 3960/4006/3667 3657/4009/3668
